30064771072	68719476737	68719476737	111669149696
30064771072	68719476738	68719476738	94489280535
30064771072	68719476739	68719476739	111669149697
30064771072	25769803780	68719476741	94489280534
30064771073	25769803781	68719476741	94489280534
30064771075	68719476741	68719476741	94489280534
30064771081	68719476749	68719476749	94489280528
30064771082	68719476748	68719476748	94489280528
30064771083	68719476750	68719476750	94489280513
30064771083	30064771084	68719476751	94489280543
30064771083	30064771084	68719476752	94489280543
30064771084	68719476752	68719476752	94489280543
30064771085	68719476751	68719476751	94489280543
30064771086	68719476753	68719476753	94489280514
30064771086	30064771087	68719476754	94489280543
30064771086	30064771087	68719476755	94489280543
30064771087	68719476755	68719476755	94489280543
30064771088	68719476754	68719476754	94489280543
30064771089	30064771090	68719476756	94489280531
30064771089	30064771090	68719476757	94489280531
30064771089	30064771090	68719476758	94489280531
30064771089	30064771090	68719476759	94489280531
30064771090	68719476757	68719476757	94489280531
30064771090	30064771092	68719476758	94489280531
30064771090	30064771092	68719476759	94489280531
30064771091	68719476756	68719476756	94489280531
30064771092	68719476759	68719476759	94489280531
30064771093	68719476758	68719476758	94489280531
30064771094	68719476761	68719476761	94489280530
30064771095	68719476760	68719476760	94489280530
30064771096	68719476762	68719476762	94489280515
30064771096	30064771097	68719476763	94489280542
30064771096	30064771097	68719476764	111669149699
30064771096	30064771097	68719476765	94489280541
30064771096	30064771097	68719476766	94489280514
30064771096	30064771097	68719476767	94489280513
30064771097	30064771098	68719476763	94489280542
30064771097	30064771098	68719476764	111669149699
30064771097	30064771098	68719476765	94489280541
30064771097	30064771098	68719476766	94489280514
30064771097	30064771098	68719476767	94489280513
30064771098	68719476764	68719476764	111669149699
30064771098	68719476765	68719476765	94489280541
30064771098	68719476766	68719476766	94489280514
30064771098	68719476767	68719476767	94489280513
30064771099	68719476769	68719476769	94489280530
30064771099	30064771101	68719476770	94489280513
30064771099	30064771101	68719476771	94489280514
30064771100	68719476768	68719476768	94489280530
30064771101	68719476770	68719476770	94489280513
30064771101	68719476771	68719476771	94489280514
30064771102	30064771103	68719476772	94489280540
30064771102	30064771103	68719476775	94489280538
30064771102	30064771103	68719476776	94489280539
30064771102	30064771103	68719476784	94489280538
30064771103	25769803778	68719476772	94489280540
30064771103	25769803778	68719476775	94489280538
30064771103	25769803778	68719476776	94489280539
30064771103	25769803778	68719476784	94489280538
30064771104	68719476772	68719476772	94489280540
30064771106	30064771108	68719476775	94489280538
30064771106	30064771108	68719476776	94489280539
30064771106	30064771108	68719476784	94489280538
30064771108	30064771109	68719476775	94489280538
30064771108	30064771109	68719476776	94489280539
30064771108	30064771109	68719476784	94489280538
30064771109	68719476784	68719476784	94489280538
30064771110	30064771111	68719476775	94489280538
30064771110	30064771111	68719476776	94489280539
30064771111	68719476775	68719476775	94489280538
30064771111	25769803779	68719476776	94489280539
30064771112	68719476776	68719476776	94489280539
30064771120	30064771121	68719476787	94489280533
30064771121	68719476787	68719476787	94489280533
30064771122	68719476789	68719476789	94489280530
30064771122	68719476790	68719476790	94489280532
30064771123	68719476788	68719476788	94489280530
30064771124	68719476793	68719476793	94489280530
30064771125	68719476792	68719476792	94489280530
30064771126	30064771127	68719476794	94489280515
30064771126	30064771127	68719476795	94489280515
30064771127	68719476795	68719476795	94489280515
30064771128	68719476794	68719476794	94489280515
30064771129	68719476797	68719476797	94489280530
30064771130	68719476796	68719476796	94489280530
30064771131	68719476799	68719476799	94489280530
30064771132	68719476798	68719476798	94489280530
30064771133	30064771134	68719476800	94489280531
30064771133	30064771134	68719476801	94489280531
30064771134	68719476801	68719476801	94489280531
30064771135	68719476800	68719476800	94489280531
30064771136	68719476803	68719476803	94489280530
30064771137	68719476802	68719476802	94489280530
30064771138	68719476807	68719476807	94489280527
30064771139	30064771140	68719476804	94489280527
30064771139	30064771140	68719476805	94489280529
30064771139	30064771140	68719476806	111669149699
30064771140	68719476804	68719476804	94489280527
30064771140	30064771141	68719476805	94489280529
30064771140	30064771141	68719476806	111669149699
30064771141	68719476806	68719476806	111669149699
30064771142	68719476813	68719476813	111669149700
30064771143	68719476816	68719476816	111669149700
30064771144	68719476819	68719476819	111669149700
30064771145	68719476822	68719476822	111669149700
30064771146	68719476825	68719476825	111669149700
30064771147	68719476828	68719476828	111669149700
30064771148	68719476808	68719476808	94489280512
30064771149	68719476810	68719476810	111669149700
30064771150	68719476811	68719476811	94489280520
30064771150	30064771142	68719476812	94489280526
30064771150	30064771142	68719476813	111669149700
30064771151	68719476814	68719476814	94489280521
30064771151	30064771143	68719476815	94489280526
30064771151	30064771143	68719476816	111669149700
30064771152	68719476817	68719476817	94489280522
30064771152	30064771144	68719476818	94489280526
30064771152	30064771144	68719476819	111669149700
30064771153	68719476820	68719476820	94489280523
30064771153	30064771145	68719476821	94489280526
30064771153	30064771145	68719476822	111669149700
30064771154	68719476823	68719476823	94489280524
30064771154	30064771146	68719476824	94489280526
30064771154	30064771146	68719476825	111669149700
30064771155	68719476826	68719476826	94489280525
30064771155	30064771147	68719476827	94489280526
30064771155	30064771147	68719476828	111669149700
30064771156	68719476830	68719476830	111669149700
30064771157	68719477790	68719477790	111669149752
30064771158	68719477793	68719477793	111669149752
30064771159	68719477796	68719477796	111669149752
30064771160	68719477799	68719477799	111669149752
30064771161	68719477802	68719477802	111669149752
30064771162	68719477805	68719477805	111669149752
30064771163	68719477811	68719477811	111669149752
30064771164	30064772288	68719477813	94489280864
30064771164	30064772288	68719477814	111669149752
30064771165	68719477817	68719477817	111669149752
30064771166	68719477823	68719477823	111669149752
30064771167	68719476831	68719476831	111669149702
30064771168	68719476832	68719476832	111669149704
30064771169	68719476834	68719476834	111669149707
30064771169	68719476835	68719476835	111669149706
30064771170	68719476833	68719476833	111669149707
30064771171	68719476836	68719476836	94489280563
30064771171	30064771172	68719476837	94489280861
30064771171	30064771172	68719476838	94489280862
30064771171	30064771172	68719476839	94489280852
30064771171	30064771172	68719476840	111669149705
30064771171	30064771172	68719476841	94489280862
30064771171	30064771172	68719476842	94489280861
30064771171	30064771172	68719476844	111669149706
30064771172	30064771173	68719476837	94489280861
30064771172	30064771173	68719476838	94489280862
30064771172	30064771173	68719476839	94489280852
30064771172	30064771173	68719476840	111669149705
30064771172	30064771173	68719476841	94489280862
30064771172	30064771173	68719476842	94489280861
30064771172	30064771173	68719476844	111669149706
30064771173	68719476842	68719476842	94489280861
30064771173	25769803794	68719476844	111669149706
30064771174	30064771175	68719476837	94489280861
30064771174	30064771175	68719476838	94489280862
30064771174	30064771175	68719476839	94489280852
30064771174	30064771175	68719476840	111669149705
30064771174	30064771175	68719476841	94489280862
30064771175	68719476837	68719476837	94489280861
30064771175	30064771176	68719476838	94489280862
30064771175	30064771176	68719476839	94489280852
30064771175	30064771176	68719476840	111669149705
30064771175	30064771176	68719476841	94489280862
30064771176	68719476841	68719476841	94489280862
30064771177	30064771178	68719476838	94489280862
30064771177	30064771178	68719476839	94489280852
30064771177	30064771178	68719476840	111669149705
30064771178	68719476838	68719476838	94489280862
30064771178	30064771179	68719476839	94489280852
30064771178	30064771179	68719476840	111669149705
30064771179	68719476840	68719476840	111669149705
30064771180	68719476844	68719476844	111669149706
30064771182	68719476847	68719476847	111669149707
30064771182	68719476848	68719476848	94489280563
30064771183	68719476846	68719476846	111669149707
30064771184	68719476849	68719476849	94489280565
30064771184	30064771185	68719476850	94489280859
30064771184	30064771185	68719476851	94489280860
30064771184	30064771185	68719476852	94489280852
30064771184	30064771185	68719476853	111669149705
30064771184	30064771185	68719476854	94489280860
30064771184	30064771185	68719476855	94489280859
30064771184	30064771185	68719476857	94489280563
30064771185	30064771186	68719476850	94489280859
30064771185	30064771186	68719476851	94489280860
30064771185	30064771186	68719476852	94489280852
30064771185	30064771186	68719476853	111669149705
30064771185	30064771186	68719476854	94489280860
30064771185	30064771186	68719476855	94489280859
30064771185	30064771186	68719476857	94489280563
30064771186	68719476855	68719476855	94489280859
30064771186	25769803795	68719476857	94489280563
30064771187	30064771188	68719476850	94489280859
30064771187	30064771188	68719476851	94489280860
30064771187	30064771188	68719476852	94489280852
30064771187	30064771188	68719476853	111669149705
30064771187	30064771188	68719476854	94489280860
30064771188	68719476850	68719476850	94489280859
30064771188	30064771189	68719476851	94489280860
30064771188	30064771189	68719476852	94489280852
30064771188	30064771189	68719476853	111669149705
30064771188	30064771189	68719476854	94489280860
30064771189	68719476854	68719476854	94489280860
30064771190	30064771191	68719476851	94489280860
30064771190	30064771191	68719476852	94489280852
30064771190	30064771191	68719476853	111669149705
30064771191	68719476851	68719476851	94489280860
30064771191	30064771192	68719476852	94489280852
30064771191	30064771192	68719476853	111669149705
30064771192	68719476853	68719476853	111669149705
30064771193	30064771195	68719476857	94489280563
30064771195	68719476857	68719476857	94489280563
30064771196	68719476859	68719476859	94489280567
30064771198	68719476860	68719476860	94489280565
30064771198	30064771199	68719476861	94489280565
30064771199	30064771200	68719476861	94489280565
30064771200	68719476861	68719476861	94489280565
30064771201	68719476862	68719476862	94489280567
30064771201	30064771202	68719476863	94489280857
30064771201	30064771202	68719476864	94489280858
30064771201	30064771202	68719476865	94489280852
30064771201	30064771202	68719476866	111669149705
30064771201	30064771202	68719476867	94489280858
30064771201	30064771202	68719476868	94489280857
30064771201	30064771202	68719476869	94489280565
30064771201	30064771202	68719476870	94489280565
30064771202	30064771203	68719476863	94489280857
30064771202	30064771203	68719476864	94489280858
30064771202	30064771203	68719476865	94489280852
30064771202	30064771203	68719476866	111669149705
30064771202	30064771203	68719476867	94489280858
30064771202	30064771203	68719476868	94489280857
30064771202	30064771203	68719476869	94489280565
30064771202	30064771203	68719476870	94489280565
30064771203	68719476868	68719476868	94489280857
30064771203	30064771210	68719476869	94489280565
30064771203	30064771210	68719476870	94489280565
30064771204	30064771205	68719476863	94489280857
30064771204	30064771205	68719476864	94489280858
30064771204	30064771205	68719476865	94489280852
30064771204	30064771205	68719476866	111669149705
30064771204	30064771205	68719476867	94489280858
30064771205	68719476863	68719476863	94489280857
30064771205	30064771206	68719476864	94489280858
30064771205	30064771206	68719476865	94489280852
30064771205	30064771206	68719476866	111669149705
30064771205	30064771206	68719476867	94489280858
30064771206	68719476867	68719476867	94489280858
30064771207	30064771208	68719476864	94489280858
30064771207	30064771208	68719476865	94489280852
30064771207	30064771208	68719476866	111669149705
30064771208	68719476864	68719476864	94489280858
30064771208	30064771209	68719476865	94489280852
30064771208	30064771209	68719476866	111669149705
30064771209	68719476866	68719476866	111669149705
30064771210	68719476870	68719476870	94489280565
30064771211	68719476869	68719476869	94489280565
30064771212	68719476871	68719476871	94489280567
30064771212	30064771213	68719476872	94489280567
30064771212	30064771213	68719476873	94489280567
30064771213	68719476873	68719476873	94489280567
30064771214	68719476872	68719476872	94489280567
30064771215	30064771216	68719476874	94489280563
30064771215	68719476875	68719476875	94489280567
30064771216	68719476874	68719476874	94489280563
30064771217	30064771218	68719476876	94489280563
30064771218	68719476876	68719476876	94489280563
30064771219	68719476877	68719476877	94489280568
30064771219	30064771220	68719476878	94489280855
30064771219	30064771220	68719476879	94489280856
30064771219	30064771220	68719476880	94489280852
30064771219	30064771220	68719476881	111669149705
30064771219	30064771220	68719476882	94489280856
30064771219	30064771220	68719476883	94489280855
30064771219	30064771220	68719476885	94489280563
30064771220	30064771221	68719476878	94489280855
30064771220	30064771221	68719476879	94489280856
30064771220	30064771221	68719476880	94489280852
30064771220	30064771221	68719476881	111669149705
30064771220	30064771221	68719476882	94489280856
30064771220	30064771221	68719476883	94489280855
30064771220	30064771221	68719476885	94489280563
30064771221	68719476883	68719476883	94489280855
30064771221	25769803798	68719476885	94489280563
30064771222	30064771223	68719476878	94489280855
30064771222	30064771223	68719476879	94489280856
30064771222	30064771223	68719476880	94489280852
30064771222	30064771223	68719476881	111669149705
30064771222	30064771223	68719476882	94489280856
30064771223	68719476878	68719476878	94489280855
30064771223	30064771224	68719476879	94489280856
30064771223	30064771224	68719476880	94489280852
30064771223	30064771224	68719476881	111669149705
30064771223	30064771224	68719476882	94489280856
30064771224	68719476882	68719476882	94489280856
30064771225	30064771226	68719476879	94489280856
30064771225	30064771226	68719476880	94489280852
30064771225	30064771226	68719476881	111669149705
30064771226	68719476879	68719476879	94489280856
30064771226	30064771227	68719476880	94489280852
30064771226	30064771227	68719476881	111669149705
30064771227	68719476881	68719476881	111669149705
30064771228	30064771230	68719476885	94489280563
30064771230	68719476885	68719476885	94489280563
30064771231	30064771232	68719476887	94489280563
30064771231	68719476888	68719476888	94489280568
30064771232	68719476887	68719476887	94489280563
30064771233	30064771234	68719476889	94489280563
30064771234	30064771235	68719476889	94489280563
30064771235	68719476889	68719476889	94489280563
30064771236	68719476890	68719476890	94489280571
30064771236	30064771237	68719476891	111669149707
30064771237	68719476891	68719476891	111669149707
30064771238	68719476892	68719476892	94489280572
30064771240	68719476895	68719476895	94489280572
30064771240	30064771241	68719476896	94489280572
30064771240	30064771241	68719476897	94489280563
30064771241	30064771242	68719476896	94489280572
30064771241	30064771243	68719476897	94489280563
30064771242	68719476896	68719476896	94489280572
30064771243	30064771244	68719476897	94489280563
30064771244	68719476897	68719476897	94489280563
30064771245	68719476898	68719476898	94489280573
30064771245	30064771246	68719476899	94489280853
30064771245	30064771246	68719476900	94489280854
30064771245	30064771246	68719476901	94489280852
30064771245	30064771246	68719476902	111669149705
30064771245	30064771246	68719476903	94489280854
30064771245	30064771246	68719476905	94489280563
30064771245	30064771246	68719476907	94489280572
30064771245	30064771246	68719476909	94489280853
30064771246	30064771247	68719476899	94489280853
30064771246	30064771247	68719476900	94489280854
30064771246	30064771247	68719476901	94489280852
30064771246	30064771247	68719476902	111669149705
30064771246	30064771247	68719476903	94489280854
30064771246	30064771247	68719476905	94489280563
30064771246	30064771247	68719476907	94489280572
30064771246	30064771247	68719476909	94489280853
30064771247	68719476909	68719476909	94489280853
30064771248	30064771249	68719476899	94489280853
30064771248	30064771249	68719476900	94489280854
30064771248	30064771249	68719476901	94489280852
30064771248	30064771249	68719476902	111669149705
30064771248	30064771249	68719476903	94489280854
30064771248	30064771249	68719476905	94489280563
30064771248	30064771249	68719476907	94489280572
30064771249	68719476899	68719476899	94489280853
30064771249	30064771250	68719476900	94489280854
30064771249	30064771250	68719476901	94489280852
30064771249	30064771250	68719476902	111669149705
30064771249	30064771250	68719476903	94489280854
30064771249	30064771250	68719476905	94489280563
30064771249	30064771250	68719476907	94489280572
30064771250	68719476903	68719476903	94489280854
30064771250	25769803801	68719476905	94489280563
30064771250	25769803801	68719476907	94489280572
30064771251	30064771252	68719476900	94489280854
30064771251	30064771252	68719476901	94489280852
30064771251	30064771252	68719476902	111669149705
30064771252	68719476900	68719476900	94489280854
30064771252	30064771253	68719476901	94489280852
30064771252	30064771253	68719476902	111669149705
30064771253	68719476902	68719476902	111669149705
30064771254	30064771256	68719476905	94489280563
30064771256	30064771257	68719476905	94489280563
30064771257	68719476905	68719476905	94489280563
30064771258	30064771260	68719476907	94489280572
30064771260	68719476907	68719476907	94489280572
30064771261	30064771262	68719476910	94489280573
30064771262	68719476910	68719476910	94489280573
30064771263	30064771264	68719476911	94489280563
30064771264	30064771265	68719476911	94489280563
30064771265	68719476911	68719476911	94489280563
30064771266	68719476912	68719476912	94489280575
30064771268	68719476914	68719476914	94489280575
30064771268	30064771269	68719476915	94489280850
30064771268	30064771269	68719476916	94489280851
30064771268	30064771269	68719476917	94489280852
30064771268	30064771269	68719476918	111669149705
30064771268	30064771269	68719476919	94489280851
30064771268	30064771269	68719476921	94489280572
30064771268	30064771269	68719476923	94489280563
30064771268	30064771269	68719476925	94489280850
30064771269	30064771270	68719476915	94489280850
30064771269	30064771270	68719476916	94489280851
30064771269	30064771270	68719476917	94489280852
30064771269	30064771270	68719476918	111669149705
30064771269	30064771270	68719476919	94489280851
30064771269	30064771270	68719476921	94489280572
30064771269	30064771270	68719476923	94489280563
30064771269	30064771270	68719476925	94489280850
30064771270	68719476925	68719476925	94489280850
30064771271	30064771272	68719476915	94489280850
30064771271	30064771272	68719476916	94489280851
30064771271	30064771272	68719476917	94489280852
30064771271	30064771272	68719476918	111669149705
30064771271	30064771272	68719476919	94489280851
30064771271	30064771272	68719476921	94489280572
30064771271	30064771272	68719476923	94489280563
30064771272	68719476915	68719476915	94489280850
30064771272	30064771273	68719476916	94489280851
30064771272	30064771273	68719476917	94489280852
30064771272	30064771273	68719476918	111669149705
30064771272	30064771273	68719476919	94489280851
30064771272	30064771273	68719476921	94489280572
30064771272	30064771273	68719476923	94489280563
30064771273	68719476919	68719476919	94489280851
30064771273	25769803802	68719476921	94489280572
30064771273	25769803802	68719476923	94489280563
30064771274	30064771275	68719476916	94489280851
30064771274	30064771275	68719476917	94489280852
30064771274	30064771275	68719476918	111669149705
30064771275	68719476916	68719476916	94489280851
30064771275	30064771276	68719476917	94489280852
30064771275	30064771276	68719476918	111669149705
30064771276	68719476918	68719476918	111669149705
30064771277	30064771279	68719476921	94489280572
30064771279	68719476921	68719476921	94489280572
30064771280	30064771282	68719476923	94489280563
30064771282	68719476923	68719476923	94489280563
30064771283	30064771284	68719476926	94489280575
30064771284	68719476926	68719476926	94489280575
30064771285	30064771286	68719476927	94489280563
30064771286	68719476927	68719476927	94489280563
30064771287	30064771288	68719476928	111669149707
30064771287	68719476929	68719476929	94489280563
30064771288	30064771289	68719476928	111669149707
30064771289	68719476928	68719476928	111669149707
30064771290	30064771291	68719476930	111669149707
30064771290	68719476931	68719476931	94489280575
30064771291	30064771292	68719476930	111669149707
30064771292	68719476930	68719476930	111669149707
30064771293	30064771294	68719476932	111669149707
30064771293	68719476933	68719476933	94489280568
30064771294	30064771295	68719476932	111669149707
30064771295	68719476932	68719476932	111669149707
30064771296	30064771297	68719476934	111669149707
30064771296	68719476935	68719476935	94489280567
30064771297	30064771298	68719476934	111669149707
30064771298	68719476934	68719476934	111669149707
30064771299	30064771300	68719476936	111669149707
30064771299	68719476937	68719476937	94489280565
30064771300	30064771301	68719476936	111669149707
30064771301	68719476936	68719476936	111669149707
30064771302	30064771303	68719476938	111669149708
30064771302	30064771303	68719476939	111669149705
30064771303	68719476939	68719476939	111669149705
30064771304	30064771305	68719476940	111669149707
30064771305	30064771306	68719476940	111669149707
30064771306	30064771307	68719476940	111669149707
30064771307	68719476940	68719476940	111669149707
30064771308	68719476944	68719476944	94489280825
30064771308	25769803815	68719476945	94489280824
30064771308	25769803815	68719476948	94489280823
30064771308	25769803815	68719476949	94489280823
30064771309	30064771310	68719476941	94489280825
30064771309	30064771310	68719476942	111669149709
30064771309	30064771310	68719476943	111669149709
30064771310	68719476941	68719476941	94489280825
30064771310	30064771311	68719476942	111669149709
30064771310	30064771311	68719476943	111669149709
30064771311	68719476943	68719476943	111669149709
30064771312	68719476942	68719476942	111669149709
30064771313	68719476945	68719476945	94489280824
30064771315	30064771317	68719476948	94489280823
30064771315	30064771317	68719476949	94489280823
30064771317	68719476948	68719476948	94489280823
30064771317	30064771318	68719476949	94489280823
30064771318	68719476949	68719476949	94489280823
30064771319	68719476954	68719476954	94489280821
30064771319	25769803817	68719476955	94489280820
30064771319	25769803817	68719476958	94489280819
30064771319	25769803817	68719476959	94489280819
30064771320	30064771321	68719476951	94489280821
30064771320	30064771321	68719476952	111669149710
30064771320	30064771321	68719476953	111669149710
30064771321	68719476951	68719476951	94489280821
30064771321	30064771322	68719476952	111669149710
30064771321	30064771322	68719476953	111669149710
30064771322	68719476953	68719476953	111669149710
30064771323	68719476952	68719476952	111669149710
30064771324	68719476955	68719476955	94489280820
30064771326	30064771328	68719476958	94489280819
30064771326	30064771328	68719476959	94489280819
30064771328	68719476958	68719476958	94489280819
30064771328	30064771329	68719476959	94489280819
30064771329	68719476959	68719476959	94489280819
30064771330	68719476961	68719476961	111669149712
30064771331	30064771332	68719476962	111669149714
30064771331	30064771333	68719476963	111669149714
30064771332	68719476962	68719476962	111669149714
30064771333	30064771334	68719476963	111669149714
30064771334	68719476963	68719476963	111669149714
30064771335	30064771336	68719476964	111669149714
30064771335	30064771337	68719476965	94489280813
30064771335	30064771337	68719476966	111669149714
30064771335	30064771337	68719476967	94489280813
30064771336	68719476964	68719476964	111669149714
30064771337	68719476967	68719476967	94489280813
30064771338	30064771339	68719476965	94489280813
30064771338	30064771339	68719476966	111669149714
30064771339	68719476965	68719476965	94489280813
30064771339	30064771340	68719476966	111669149714
30064771340	68719476966	68719476966	111669149714
30064771341	30064771342	68719476968	111669149714
30064771341	30064771344	68719476969	111669149714
30064771342	30064771343	68719476968	111669149714
30064771343	68719476968	68719476968	111669149714
30064771344	30064771345	68719476969	111669149714
30064771345	30064771346	68719476969	111669149714
30064771346	68719476969	68719476969	111669149714
30064771347	30064771348	68719476970	111669149714
30064771348	30064771349	68719476970	111669149714
30064771349	68719476970	68719476970	111669149714
30064771350	68719476972	68719476972	94489280578
30064771350	30064771351	68719476973	111669149716
30064771351	68719476973	68719476973	111669149716
30064771352	68719476974	68719476974	94489280579
30064771354	68719476977	68719476977	94489280581
30064771354	30064771355	68719476978	111669149716
30064771355	68719476978	68719476978	111669149716
30064771356	68719476979	68719476979	94489280582
30064771358	68719476981	68719476981	94489280583
30064771360	68719476983	68719476983	94489280584
30064771362	68719476985	68719476985	94489280585
30064771364	68719476987	68719476987	94489280586
30064771366	68719476990	68719476990	94489280587
30064771366	30064771367	68719476991	94489280841
30064771366	30064771367	68719476992	94489280842
30064771366	30064771367	68719476993	94489280843
30064771366	30064771367	68719476994	94489280849
30064771366	30064771367	68719476995	94489280831
30064771366	30064771367	68719476996	111669149715
30064771366	30064771367	68719476997	94489280849
30064771366	30064771367	68719476998	94489280845
30064771366	30064771367	68719476999	111669149715
30064771366	30064771367	68719477000	94489280848
30064771366	30064771367	68719477001	94489280845
30064771366	30064771367	68719477002	111669149715
30064771366	30064771367	68719477003	94489280847
30064771366	30064771367	68719477004	94489280845
30064771366	30064771367	68719477005	111669149715
30064771366	30064771367	68719477006	94489280846
30064771366	30064771367	68719477010	94489280845
30064771366	30064771367	68719477011	111669149715
30064771366	30064771367	68719477012	94489280844
30064771366	30064771367	68719477018	94489280843
30064771366	30064771367	68719477019	94489280583
30064771366	30064771367	68719477020	94489280842
30064771366	30064771367	68719477021	94489280582
30064771366	30064771367	68719477022	94489280841
30064771367	68719477022	68719477022	94489280841
30064771368	30064771369	68719476991	94489280841
30064771368	30064771369	68719476992	94489280842
30064771368	30064771369	68719476993	94489280843
30064771368	30064771369	68719476994	94489280849
30064771368	30064771369	68719476995	94489280831
30064771368	30064771369	68719476996	111669149715
30064771368	30064771369	68719476997	94489280849
30064771368	30064771369	68719476998	94489280845
30064771368	30064771369	68719476999	111669149715
30064771368	30064771369	68719477000	94489280848
30064771368	30064771369	68719477001	94489280845
30064771368	30064771369	68719477002	111669149715
30064771368	30064771369	68719477003	94489280847
30064771368	30064771369	68719477004	94489280845
30064771368	30064771369	68719477005	111669149715
30064771368	30064771369	68719477006	94489280846
30064771368	30064771369	68719477010	94489280845
30064771368	30064771369	68719477011	111669149715
30064771368	30064771369	68719477012	94489280844
30064771368	30064771369	68719477018	94489280843
30064771368	30064771369	68719477019	94489280583
30064771368	30064771369	68719477020	94489280842
30064771368	30064771369	68719477021	94489280582
30064771369	68719476991	68719476991	94489280841
30064771369	30064771370	68719476992	94489280842
30064771369	30064771370	68719476993	94489280843
30064771369	30064771370	68719476994	94489280849
30064771369	30064771370	68719476995	94489280831
30064771369	30064771370	68719476996	111669149715
30064771369	30064771370	68719476997	94489280849
30064771369	30064771370	68719476998	94489280845
30064771369	30064771370	68719476999	111669149715
30064771369	30064771370	68719477000	94489280848
30064771369	30064771370	68719477001	94489280845
30064771369	30064771370	68719477002	111669149715
30064771369	30064771370	68719477003	94489280847
30064771369	30064771370	68719477004	94489280845
30064771369	30064771370	68719477005	111669149715
30064771369	30064771370	68719477006	94489280846
30064771369	30064771370	68719477010	94489280845
30064771369	30064771370	68719477011	111669149715
30064771369	30064771370	68719477012	94489280844
30064771369	30064771370	68719477018	94489280843
30064771369	30064771370	68719477019	94489280583
30064771369	30064771370	68719477020	94489280842
30064771369	30064771370	68719477021	94489280582
30064771370	68719477020	68719477020	94489280842
30064771370	68719477021	68719477021	94489280582
30064771371	30064771372	68719476992	94489280842
30064771371	30064771372	68719476993	94489280843
30064771371	30064771372	68719476994	94489280849
30064771371	30064771372	68719476995	94489280831
30064771371	30064771372	68719476996	111669149715
30064771371	30064771372	68719476997	94489280849
30064771371	30064771372	68719476998	94489280845
30064771371	30064771372	68719476999	111669149715
30064771371	30064771372	68719477000	94489280848
30064771371	30064771372	68719477001	94489280845
30064771371	30064771372	68719477002	111669149715
30064771371	30064771372	68719477003	94489280847
30064771371	30064771372	68719477004	94489280845
30064771371	30064771372	68719477005	111669149715
30064771371	30064771372	68719477006	94489280846
30064771371	30064771372	68719477010	94489280845
30064771371	30064771372	68719477011	111669149715
30064771371	30064771372	68719477012	94489280844
30064771371	30064771372	68719477018	94489280843
30064771371	30064771372	68719477019	94489280583
30064771372	68719476992	68719476992	94489280842
30064771372	30064771373	68719476993	94489280843
30064771372	30064771373	68719476994	94489280849
30064771372	30064771373	68719476995	94489280831
30064771372	30064771373	68719476996	111669149715
30064771372	30064771373	68719476997	94489280849
30064771372	30064771373	68719476998	94489280845
30064771372	30064771373	68719476999	111669149715
30064771372	30064771373	68719477000	94489280848
30064771372	30064771373	68719477001	94489280845
30064771372	30064771373	68719477002	111669149715
30064771372	30064771373	68719477003	94489280847
30064771372	30064771373	68719477004	94489280845
30064771372	30064771373	68719477005	111669149715
30064771372	30064771373	68719477006	94489280846
30064771372	30064771373	68719477010	94489280845
30064771372	30064771373	68719477011	111669149715
30064771372	30064771373	68719477012	94489280844
30064771372	30064771373	68719477018	94489280843
30064771372	30064771373	68719477019	94489280583
30064771373	68719477018	68719477018	94489280843
30064771373	68719477019	68719477019	94489280583
30064771374	30064771375	68719476993	94489280843
30064771374	30064771375	68719476994	94489280849
30064771374	30064771375	68719476995	94489280831
30064771374	30064771375	68719476996	111669149715
30064771374	30064771375	68719476997	94489280849
30064771374	30064771375	68719476998	94489280845
30064771374	30064771375	68719476999	111669149715
30064771374	30064771375	68719477000	94489280848
30064771374	30064771375	68719477001	94489280845
30064771374	30064771375	68719477002	111669149715
30064771374	30064771375	68719477003	94489280847
30064771374	30064771375	68719477004	94489280845
30064771374	30064771375	68719477005	111669149715
30064771374	30064771375	68719477006	94489280846
30064771374	30064771375	68719477010	94489280845
30064771374	30064771375	68719477011	111669149715
30064771374	30064771375	68719477012	94489280844
30064771375	68719476993	68719476993	94489280843
30064771375	30064771376	68719476994	94489280849
30064771375	30064771376	68719476995	94489280831
30064771375	30064771376	68719476996	111669149715
30064771375	30064771376	68719476997	94489280849
30064771375	30064771376	68719476998	94489280845
30064771375	30064771376	68719476999	111669149715
30064771375	30064771376	68719477000	94489280848
30064771375	30064771376	68719477001	94489280845
30064771375	30064771376	68719477002	111669149715
30064771375	30064771376	68719477003	94489280847
30064771375	30064771376	68719477004	94489280845
30064771375	30064771376	68719477005	111669149715
30064771375	30064771376	68719477006	94489280846
30064771375	30064771376	68719477010	94489280845
30064771375	30064771376	68719477011	111669149715
30064771375	30064771376	68719477012	94489280844
30064771376	68719476997	68719476997	94489280849
30064771376	30064771380	68719476998	94489280845
30064771376	30064771380	68719476999	111669149715
30064771376	30064771380	68719477000	94489280848
30064771376	30064771382	68719477001	94489280845
30064771376	30064771382	68719477002	111669149715
30064771376	30064771382	68719477003	94489280847
30064771376	30064771384	68719477004	94489280845
30064771376	30064771384	68719477005	111669149715
30064771376	30064771384	68719477006	94489280846
30064771376	30064771390	68719477010	94489280845
30064771376	30064771390	68719477011	111669149715
30064771376	30064771390	68719477012	94489280844
30064771377	30064771378	68719476994	94489280849
30064771377	30064771378	68719476995	94489280831
30064771377	30064771378	68719476996	111669149715
30064771378	68719476994	68719476994	94489280849
30064771378	30064771379	68719476995	94489280831
30064771378	30064771379	68719476996	111669149715
30064771379	68719476996	68719476996	111669149715
30064771380	30064771381	68719476998	94489280845
30064771380	30064771381	68719476999	111669149715
30064771380	30064771381	68719477000	94489280848
30064771381	68719476999	68719476999	111669149715
30064771381	68719477000	68719477000	94489280848
30064771382	30064771383	68719477001	94489280845
30064771382	30064771383	68719477002	111669149715
30064771382	30064771383	68719477003	94489280847
30064771383	68719477002	68719477002	111669149715
30064771383	68719477003	68719477003	94489280847
30064771384	30064771385	68719477004	94489280845
30064771384	30064771385	68719477005	111669149715
30064771384	30064771385	68719477006	94489280846
30064771385	68719477005	68719477005	111669149715
30064771385	25769803810	68719477006	94489280846
30064771386	68719477006	68719477006	94489280846
30064771390	30064771391	68719477010	94489280845
30064771390	30064771391	68719477011	111669149715
30064771390	30064771391	68719477012	94489280844
30064771391	68719477011	68719477011	111669149715
30064771391	25769803811	68719477012	94489280844
30064771392	68719477012	68719477012	94489280844
30064771398	68719477023	68719477023	94489280590
30064771398	30064771399	68719477024	94489280840
30064771398	30064771399	68719477025	94489280831
30064771398	30064771399	68719477026	111669149715
30064771398	30064771399	68719477027	94489280840
30064771399	68719477027	68719477027	94489280840
30064771400	30064771401	68719477024	94489280840
30064771400	30064771401	68719477025	94489280831
30064771400	30064771401	68719477026	111669149715
30064771401	68719477024	68719477024	94489280840
30064771401	30064771402	68719477025	94489280831
30064771401	30064771402	68719477026	111669149715
30064771402	68719477026	68719477026	111669149715
30064771403	68719477028	68719477028	94489280585
30064771403	30064771404	68719477029	94489280585
30064771404	30064771405	68719477029	94489280585
30064771405	68719477029	68719477029	94489280585
30064771406	68719477030	68719477030	94489280593
30064771406	30064771407	68719477031	94489280838
30064771406	30064771407	68719477032	94489280839
30064771406	30064771407	68719477033	94489280831
30064771406	30064771407	68719477034	111669149715
30064771406	30064771407	68719477035	94489280839
30064771406	30064771407	68719477036	94489280838
30064771406	30064771407	68719477037	94489280585
30064771407	68719477036	68719477036	94489280838
30064771407	68719477037	68719477037	94489280585
30064771408	30064771409	68719477031	94489280838
30064771408	30064771409	68719477032	94489280839
30064771408	30064771409	68719477033	94489280831
30064771408	30064771409	68719477034	111669149715
30064771408	30064771409	68719477035	94489280839
30064771409	68719477031	68719477031	94489280838
30064771409	30064771410	68719477032	94489280839
30064771409	30064771410	68719477033	94489280831
30064771409	30064771410	68719477034	111669149715
30064771409	30064771410	68719477035	94489280839
30064771410	68719477035	68719477035	94489280839
30064771411	30064771412	68719477032	94489280839
30064771411	30064771412	68719477033	94489280831
30064771411	30064771412	68719477034	111669149715
30064771412	68719477032	68719477032	94489280839
30064771412	30064771413	68719477033	94489280831
30064771412	30064771413	68719477034	111669149715
30064771413	68719477034	68719477034	111669149715
30064771414	68719477038	68719477038	94489280587
30064771414	30064771415	68719477039	94489280587
30064771414	30064771415	68719477040	94489280587
30064771414	30064771415	68719477041	94489280593
30064771415	68719477040	68719477040	94489280587
30064771415	68719477041	68719477041	94489280593
30064771416	68719477039	68719477039	94489280587
30064771417	68719477042	68719477042	94489280590
30064771417	30064771418	68719477043	94489280590
30064771417	30064771418	68719477044	94489280590
30064771417	30064771418	68719477045	94489280593
30064771418	68719477044	68719477044	94489280590
30064771418	68719477045	68719477045	94489280593
30064771419	68719477043	68719477043	94489280590
30064771420	68719477046	68719477046	94489280586
30064771420	30064771421	68719477047	94489280586
30064771421	30064771422	68719477047	94489280586
30064771422	68719477047	68719477047	94489280586
30064771423	68719477048	68719477048	94489280593
30064771423	30064771424	68719477049	94489280836
30064771423	30064771424	68719477050	94489280837
30064771423	30064771424	68719477051	94489280831
30064771423	30064771424	68719477052	111669149715
30064771423	30064771424	68719477053	94489280837
30064771423	30064771424	68719477054	94489280836
30064771423	30064771424	68719477055	94489280834
30064771423	30064771424	68719477056	94489280835
30064771423	30064771424	68719477057	94489280831
30064771423	30064771424	68719477058	111669149715
30064771423	30064771424	68719477059	94489280835
30064771423	30064771424	68719477060	94489280834
30064771423	30064771424	68719477061	94489280586
30064771424	68719477054	68719477054	94489280836
30064771424	30064771431	68719477055	94489280834
30064771424	30064771431	68719477056	94489280835
30064771424	30064771431	68719477057	94489280831
30064771424	30064771431	68719477058	111669149715
30064771424	30064771431	68719477059	94489280835
30064771424	30064771431	68719477060	94489280834
30064771424	30064771431	68719477061	94489280586
30064771425	30064771426	68719477049	94489280836
30064771425	30064771426	68719477050	94489280837
30064771425	30064771426	68719477051	94489280831
30064771425	30064771426	68719477052	111669149715
30064771425	30064771426	68719477053	94489280837
30064771426	68719477049	68719477049	94489280836
30064771426	30064771427	68719477050	94489280837
30064771426	30064771427	68719477051	94489280831
30064771426	30064771427	68719477052	111669149715
30064771426	30064771427	68719477053	94489280837
30064771427	68719477053	68719477053	94489280837
30064771428	30064771429	68719477050	94489280837
30064771428	30064771429	68719477051	94489280831
30064771428	30064771429	68719477052	111669149715
30064771429	68719477050	68719477050	94489280837
30064771429	30064771430	68719477051	94489280831
30064771429	30064771430	68719477052	111669149715
30064771430	68719477052	68719477052	111669149715
30064771431	68719477060	68719477060	94489280834
30064771431	68719477061	68719477061	94489280586
30064771432	30064771433	68719477055	94489280834
30064771432	30064771433	68719477056	94489280835
30064771432	30064771433	68719477057	94489280831
30064771432	30064771433	68719477058	111669149715
30064771432	30064771433	68719477059	94489280835
30064771433	68719477055	68719477055	94489280834
30064771433	30064771434	68719477056	94489280835
30064771433	30064771434	68719477057	94489280831
30064771433	30064771434	68719477058	111669149715
30064771433	30064771434	68719477059	94489280835
30064771434	68719477059	68719477059	94489280835
30064771435	30064771436	68719477056	94489280835
30064771435	30064771436	68719477057	94489280831
30064771435	30064771436	68719477058	111669149715
30064771436	68719477056	68719477056	94489280835
30064771436	30064771437	68719477057	94489280831
30064771436	30064771437	68719477058	111669149715
30064771437	68719477058	68719477058	111669149715
30064771438	68719477062	68719477062	94489280587
30064771438	30064771439	68719477063	94489280587
30064771438	30064771439	68719477064	94489280587
30064771438	30064771439	68719477065	94489280593
30064771439	68719477064	68719477064	94489280587
30064771439	68719477065	68719477065	94489280593
30064771440	68719477063	68719477063	94489280587
30064771441	68719477066	68719477066	94489280590
30064771441	30064771442	68719477067	94489280590
30064771441	30064771442	68719477068	94489280590
30064771441	30064771442	68719477069	94489280593
30064771442	68719477068	68719477068	94489280590
30064771442	68719477069	68719477069	94489280593
30064771443	68719477067	68719477067	94489280590
30064771444	68719477070	68719477070	94489280584
30064771444	30064771445	68719477071	94489280584
30064771445	30064771446	68719477071	94489280584
30064771446	68719477071	68719477071	94489280584
30064771447	68719477072	68719477072	94489280593
30064771447	30064771448	68719477073	94489280832
30064771447	30064771448	68719477074	94489280833
30064771447	30064771448	68719477075	94489280831
30064771447	30064771448	68719477076	111669149715
30064771447	30064771448	68719477077	94489280833
30064771447	30064771448	68719477078	94489280832
30064771447	30064771448	68719477079	94489280829
30064771447	30064771448	68719477080	94489280830
30064771447	30064771448	68719477081	94489280831
30064771447	30064771448	68719477082	111669149715
30064771447	30064771448	68719477083	94489280830
30064771447	30064771448	68719477084	94489280829
30064771447	30064771448	68719477085	94489280584
30064771448	68719477078	68719477078	94489280832
30064771448	30064771455	68719477079	94489280829
30064771448	30064771455	68719477080	94489280830
30064771448	30064771455	68719477081	94489280831
30064771448	30064771455	68719477082	111669149715
30064771448	30064771455	68719477083	94489280830
30064771448	30064771455	68719477084	94489280829
30064771448	30064771455	68719477085	94489280584
30064771449	30064771450	68719477073	94489280832
30064771449	30064771450	68719477074	94489280833
30064771449	30064771450	68719477075	94489280831
30064771449	30064771450	68719477076	111669149715
30064771449	30064771450	68719477077	94489280833
30064771450	68719477073	68719477073	94489280832
30064771450	30064771451	68719477074	94489280833
30064771450	30064771451	68719477075	94489280831
30064771450	30064771451	68719477076	111669149715
30064771450	30064771451	68719477077	94489280833
30064771451	68719477077	68719477077	94489280833
30064771452	30064771453	68719477074	94489280833
30064771452	30064771453	68719477075	94489280831
30064771452	30064771453	68719477076	111669149715
30064771453	68719477074	68719477074	94489280833
30064771453	30064771454	68719477075	94489280831
30064771453	30064771454	68719477076	111669149715
30064771454	68719477076	68719477076	111669149715
30064771455	68719477084	68719477084	94489280829
30064771455	68719477085	68719477085	94489280584
30064771456	30064771457	68719477079	94489280829
30064771456	30064771457	68719477080	94489280830
30064771456	30064771457	68719477081	94489280831
30064771456	30064771457	68719477082	111669149715
30064771456	30064771457	68719477083	94489280830
30064771457	68719477079	68719477079	94489280829
30064771457	30064771458	68719477080	94489280830
30064771457	30064771458	68719477081	94489280831
30064771457	30064771458	68719477082	111669149715
30064771457	30064771458	68719477083	94489280830
30064771458	68719477083	68719477083	94489280830
30064771459	30064771460	68719477080	94489280830
30064771459	30064771460	68719477081	94489280831
30064771459	30064771460	68719477082	111669149715
30064771460	68719477080	68719477080	94489280830
30064771460	30064771461	68719477081	94489280831
30064771460	30064771461	68719477082	111669149715
30064771461	68719477082	68719477082	111669149715
30064771462	68719477086	68719477086	94489280587
30064771462	30064771463	68719477087	94489280587
30064771462	30064771463	68719477088	94489280587
30064771462	30064771463	68719477089	94489280593
30064771463	68719477088	68719477088	94489280587
30064771463	68719477089	68719477089	94489280593
30064771464	68719477087	68719477087	94489280587
30064771465	68719477090	68719477090	94489280590
30064771465	30064771466	68719477091	94489280590
30064771465	30064771466	68719477092	94489280590
30064771465	30064771466	68719477093	94489280593
30064771466	68719477092	68719477092	94489280590
30064771466	68719477093	68719477093	94489280593
30064771467	68719477091	68719477091	94489280590
30064771468	68719477094	68719477094	94489280587
30064771468	30064771469	68719477095	94489280822
30064771468	30064771469	68719477096	94489280826
30064771468	30064771469	68719477097	94489280827
30064771468	30064771469	68719477098	94489280828
30064771468	30064771469	68719477099	94489280587
30064771468	30064771469	68719477100	94489280587
30064771468	30064771469	68719477101	94489280828
30064771468	30064771469	68719477102	94489280827
30064771468	30064771469	68719477103	94489280826
30064771468	30064771469	68719477104	94489280822
30064771469	68719477104	68719477104	94489280822
30064771470	30064771471	68719477095	94489280822
30064771470	30064771471	68719477096	94489280826
30064771470	30064771471	68719477097	94489280827
30064771470	30064771471	68719477098	94489280828
30064771470	30064771471	68719477099	94489280587
30064771470	30064771471	68719477100	94489280587
30064771470	30064771471	68719477101	94489280828
30064771470	30064771471	68719477102	94489280827
30064771470	30064771471	68719477103	94489280826
30064771471	68719477095	68719477095	94489280822
30064771471	30064771472	68719477096	94489280826
30064771471	30064771472	68719477097	94489280827
30064771471	30064771472	68719477098	94489280828
30064771471	30064771472	68719477099	94489280587
30064771471	30064771472	68719477100	94489280587
30064771471	30064771472	68719477101	94489280828
30064771471	30064771472	68719477102	94489280827
30064771471	30064771472	68719477103	94489280826
30064771472	68719477103	68719477103	94489280826
30064771473	30064771474	68719477096	94489280826
30064771473	30064771474	68719477097	94489280827
30064771473	30064771474	68719477098	94489280828
30064771473	30064771474	68719477099	94489280587
30064771473	30064771474	68719477100	94489280587
30064771473	30064771474	68719477101	94489280828
30064771473	30064771474	68719477102	94489280827
30064771474	68719477096	68719477096	94489280826
30064771474	30064771475	68719477097	94489280827
30064771474	30064771475	68719477098	94489280828
30064771474	30064771475	68719477099	94489280587
30064771474	30064771475	68719477100	94489280587
30064771474	30064771475	68719477101	94489280828
30064771474	30064771475	68719477102	94489280827
30064771475	68719477102	68719477102	94489280827
30064771476	30064771477	68719477097	94489280827
30064771476	30064771477	68719477098	94489280828
30064771476	30064771477	68719477099	94489280587
30064771476	30064771477	68719477100	94489280587
30064771476	30064771477	68719477101	94489280828
30064771477	68719477097	68719477097	94489280827
30064771477	30064771478	68719477098	94489280828
30064771477	30064771478	68719477099	94489280587
30064771477	30064771478	68719477100	94489280587
30064771477	30064771478	68719477101	94489280828
30064771478	68719477101	68719477101	94489280828
30064771479	30064771480	68719477098	94489280828
30064771479	30064771480	68719477099	94489280587
30064771479	30064771480	68719477100	94489280587
30064771480	68719477098	68719477098	94489280828
30064771480	30064771481	68719477099	94489280587
30064771480	30064771481	68719477100	94489280587
30064771481	68719477100	68719477100	94489280587
30064771482	68719477099	68719477099	94489280587
30064771483	68719477105	68719477105	94489280598
30064771483	30064771484	68719477106	94489280818
30064771483	30064771484	68719477109	94489280587
30064771483	30064771484	68719477112	94489280590
30064771484	30064771485	68719477106	94489280818
30064771484	30064771485	68719477109	94489280587
30064771484	30064771485	68719477112	94489280590
30064771485	25769803819	68719477106	94489280818
30064771485	25769803819	68719477109	94489280587
30064771485	25769803819	68719477112	94489280590
30064771486	68719477106	68719477106	94489280818
30064771488	68719477109	68719477109	94489280587
30064771490	68719477112	68719477112	94489280590
30064771492	68719477114	68719477114	94489280599
30064771494	68719477116	68719477116	94489280817
30064771496	68719477119	68719477119	94489280812
30064771498	68719477122	68719477122	94489280599
30064771498	30064771499	68719477123	94489280814
30064771498	30064771499	68719477124	94489280816
30064771498	30064771499	68719477125	94489280816
30064771498	30064771499	68719477126	94489280599
30064771498	30064771499	68719477127	94489280815
30064771498	30064771499	68719477128	94489280814
30064771499	68719477128	68719477128	94489280814
30064771500	30064771501	68719477123	94489280814
30064771500	30064771501	68719477124	94489280816
30064771500	30064771501	68719477125	94489280816
30064771500	30064771501	68719477126	94489280599
30064771500	30064771501	68719477127	94489280815
30064771501	68719477123	68719477123	94489280814
30064771501	30064771502	68719477124	94489280816
30064771501	30064771502	68719477125	94489280816
30064771501	30064771502	68719477126	94489280599
30064771501	30064771502	68719477127	94489280815
30064771502	68719477125	68719477125	94489280816
30064771502	68719477126	68719477126	94489280599
30064771502	68719477127	68719477127	94489280815
30064771503	68719477124	68719477124	94489280816
30064771504	68719477129	68719477129	94489280601
30064771504	30064771505	68719477130	94489280812
30064771504	30064771505	68719477131	94489280812
30064771505	30064771506	68719477130	94489280812
30064771505	30064771507	68719477131	94489280812
30064771506	68719477130	68719477130	94489280812
30064771507	68719477131	68719477131	94489280812
30064771508	68719477132	68719477132	94489280601
30064771508	30064771509	68719477133	94489280601
30064771509	68719477133	68719477133	94489280601
30064771510	30064771511	68719477134	111669149716
30064771510	25769803824	68719477136	94489280599
30064771510	25769803824	68719477138	94489280601
30064771511	68719477134	68719477134	111669149716
30064771512	68719477136	68719477136	94489280599
30064771514	68719477138	68719477138	94489280601
30064771516	30064771517	68719477140	111669149718
30064771516	25769803825	68719477142	111669149718
30064771517	68719477140	68719477140	111669149718
30064771518	30064771520	68719477142	111669149718
30064771520	30064771521	68719477142	111669149718
30064771521	68719477142	68719477142	111669149718
30064771522	30064771524	68719477145	94489280808
30064771522	30064771524	68719477146	111669149719
30064771524	68719477146	68719477146	111669149719
30064771525	68719477148	68719477148	111669149720
30064771527	68719477152	68719477152	94489280805
30064771527	68719477153	68719477153	111669149722
30064771527	68719477154	68719477154	94489280804
30064771528	30064771529	68719477150	94489280805
30064771528	30064771529	68719477151	94489280806
30064771529	68719477150	68719477150	94489280805
30064771529	30064771530	68719477151	94489280806
30064771530	30064771531	68719477151	94489280806
30064771531	30064771532	68719477151	94489280806
30064771532	68719477151	68719477151	94489280806
30064771533	68719477155	68719477155	111669149724
30064771534	30064771536	68719477157	94489280792
30064771534	30064771536	68719477158	111669149725
30064771536	68719477158	68719477158	111669149725
30064771537	30064771539	68719477160	111669149726
30064771539	68719477160	68719477160	111669149726
30064771540	30064771542	68719477162	94489280791
30064771542	68719477162	68719477162	94489280791
30064771543	68719477164	68719477164	94489280605
30064771543	30064771544	68719477165	111669149728
30064771544	68719477165	68719477165	111669149728
30064771545	68719477166	68719477166	94489280606
30064771547	68719477169	68719477169	94489280608
30064771547	68719477170	68719477170	94489280606
30064771548	68719477171	68719477171	94489280609
30064771550	68719477174	68719477174	94489280611
30064771553	30064771554	68719477177	94489280609
30064771553	30064771555	68719477178	94489280793
30064771553	30064771555	68719477179	111669149727
30064771554	68719477177	68719477177	94489280609
30064771555	68719477179	68719477179	111669149727
30064771556	30064771557	68719477180	94489280609
30064771556	30064771558	68719477181	111669149728
30064771557	68719477180	68719477180	94489280609
30064771558	30064771559	68719477181	111669149728
30064771559	30064771560	68719477181	111669149728
30064771560	68719477181	68719477181	111669149728
30064771561	68719477182	68719477182	94489280609
30064771561	30064771562	68719477183	94489280811
30064771561	30064771562	68719477184	111669149728
30064771561	30064771562	68719477185	94489280811
30064771561	30064771562	68719477186	94489280609
30064771561	30064771562	68719477187	94489280611
30064771562	30064771563	68719477183	94489280811
30064771562	30064771563	68719477184	111669149728
30064771562	30064771563	68719477185	94489280811
30064771562	30064771563	68719477186	94489280609
30064771562	30064771563	68719477187	94489280611
30064771563	68719477185	68719477185	94489280811
30064771563	68719477186	68719477186	94489280609
30064771563	68719477187	68719477187	94489280611
30064771564	30064771565	68719477183	94489280811
30064771564	30064771565	68719477184	111669149728
30064771565	68719477183	68719477183	94489280811
30064771565	30064771566	68719477184	111669149728
30064771566	30064771567	68719477184	111669149728
30064771567	30064771568	68719477184	111669149728
30064771568	68719477184	68719477184	111669149728
30064771569	30064771570	68719477188	94489280609
30064771569	30064771571	68719477189	94489280810
30064771569	30064771571	68719477190	111669149727
30064771569	30064771571	68719477191	94489280788
30064771569	30064771571	68719477192	94489280788
30064771569	30064771571	68719477193	94489280609
30064771570	68719477188	68719477188	94489280609
30064771571	68719477190	68719477190	111669149727
30064771571	30064771572	68719477191	94489280788
30064771571	30064771572	68719477192	94489280788
30064771571	30064771572	68719477193	94489280609
30064771572	68719477192	68719477192	94489280788
30064771572	68719477193	68719477193	94489280609
30064771573	68719477191	68719477191	94489280788
30064771576	30064771577	68719477196	94489280609
30064771576	30064771578	68719477197	94489280609
30064771577	68719477196	68719477196	94489280609
30064771578	30064771579	68719477197	94489280609
30064771579	30064771580	68719477197	94489280609
30064771580	68719477197	68719477197	94489280609
30064771581	68719477198	68719477198	94489280610
30064771581	30064771582	68719477199	94489280807
30064771581	30064771582	68719477200	94489280809
30064771581	30064771582	68719477201	94489280609
30064771581	30064771582	68719477202	94489280809
30064771581	30064771582	68719477203	94489280807
30064771582	30064771583	68719477199	94489280807
30064771582	30064771583	68719477200	94489280809
30064771582	30064771583	68719477201	94489280609
30064771582	30064771583	68719477202	94489280809
30064771582	30064771583	68719477203	94489280807
30064771583	30064771584	68719477199	94489280807
30064771583	30064771584	68719477200	94489280809
30064771583	30064771584	68719477201	94489280609
30064771583	30064771584	68719477202	94489280809
30064771583	30064771584	68719477203	94489280807
30064771584	68719477203	68719477203	94489280807
30064771585	30064771586	68719477199	94489280807
30064771585	30064771586	68719477200	94489280809
30064771585	30064771586	68719477201	94489280609
30064771585	30064771586	68719477202	94489280809
30064771586	68719477199	68719477199	94489280807
30064771586	30064771587	68719477200	94489280809
30064771586	30064771587	68719477201	94489280609
30064771586	30064771587	68719477202	94489280809
30064771587	68719477202	68719477202	94489280809
30064771588	30064771589	68719477200	94489280809
30064771588	30064771589	68719477201	94489280609
30064771589	68719477200	68719477200	94489280809
30064771589	30064771590	68719477201	94489280609
30064771590	68719477201	68719477201	94489280609
30064771591	30064771592	68719477204	94489280803
30064771591	30064771592	68719477205	94489280790
30064771591	30064771592	68719477206	111669149727
30064771591	30064771592	68719477207	94489280803
30064771591	30064771592	68719477208	94489280797
30064771591	30064771592	68719477209	94489280797
30064771591	30064771592	68719477210	94489280788
30064771591	30064771592	68719477211	94489280788
30064771591	30064771592	68719477212	94489280609
30064771591	30064771592	68719477213	94489280802
30064771592	68719477207	68719477207	94489280803
30064771592	30064771596	68719477208	94489280797
30064771592	30064771596	68719477209	94489280797
30064771592	30064771596	68719477210	94489280788
30064771592	30064771596	68719477211	94489280788
30064771592	30064771596	68719477212	94489280609
30064771592	30064771596	68719477213	94489280802
30064771593	30064771594	68719477204	94489280803
30064771593	30064771594	68719477205	94489280790
30064771593	30064771594	68719477206	111669149727
30064771594	68719477204	68719477204	94489280803
30064771594	30064771595	68719477205	94489280790
30064771594	30064771595	68719477206	111669149727
30064771595	68719477206	68719477206	111669149727
30064771596	68719477209	68719477209	94489280797
30064771596	30064771598	68719477210	94489280788
30064771596	30064771598	68719477211	94489280788
30064771596	30064771598	68719477212	94489280609
30064771596	30064771598	68719477213	94489280802
30064771597	68719477208	68719477208	94489280797
30064771598	68719477211	68719477211	94489280788
30064771598	68719477212	68719477212	94489280609
30064771598	25769803835	68719477213	94489280802
30064771599	68719477210	68719477210	94489280788
30064771600	68719477213	68719477213	94489280802
30064771604	68719477219	68719477219	111669149728
30064771604	30064771606	68719477220	94489280796
30064771604	30064771606	68719477221	94489280796
30064771604	68719477222	68719477222	94489280796
30064771605	68719477218	68719477218	111669149728
30064771606	30064771607	68719477220	94489280796
30064771606	30064771610	68719477221	94489280796
30064771607	30064771608	68719477220	94489280796
30064771608	30064771609	68719477220	94489280796
30064771609	68719477220	68719477220	94489280796
30064771610	30064771611	68719477221	94489280796
30064771611	30064771612	68719477221	94489280796
30064771612	68719477221	68719477221	94489280796
30064771613	30064771614	68719477223	94489280609
30064771613	30064771615	68719477224	94489280609
30064771613	30064771615	68719477225	94489280801
30064771613	30064771615	68719477226	94489280793
30064771613	30064771615	68719477227	111669149727
30064771613	30064771615	68719477228	94489280801
30064771614	68719477223	68719477223	94489280609
30064771615	30064771616	68719477224	94489280609
30064771615	30064771618	68719477225	94489280801
30064771615	30064771618	68719477226	94489280793
30064771615	30064771618	68719477227	111669149727
30064771615	30064771618	68719477228	94489280801
30064771616	30064771617	68719477224	94489280609
30064771617	68719477224	68719477224	94489280609
30064771618	68719477228	68719477228	94489280801
30064771619	30064771620	68719477225	94489280801
30064771619	30064771620	68719477226	94489280793
30064771619	30064771620	68719477227	111669149727
30064771620	68719477225	68719477225	94489280801
30064771620	30064771621	68719477226	94489280793
30064771620	30064771621	68719477227	111669149727
30064771621	68719477227	68719477227	111669149727
30064771623	30064771624	68719477229	94489280800
30064771623	30064771624	68719477230	94489280790
30064771623	30064771624	68719477231	111669149727
30064771623	30064771624	68719477232	94489280800
30064771623	30064771624	68719477233	94489280797
30064771623	30064771624	68719477234	94489280797
30064771623	30064771624	68719477235	94489280788
30064771623	30064771624	68719477236	94489280788
30064771623	30064771624	68719477237	94489280609
30064771623	30064771624	68719477238	94489280799
30064771624	68719477232	68719477232	94489280800
30064771624	30064771628	68719477233	94489280797
30064771624	30064771628	68719477234	94489280797
30064771624	30064771628	68719477235	94489280788
30064771624	30064771628	68719477236	94489280788
30064771624	30064771628	68719477237	94489280609
30064771624	30064771628	68719477238	94489280799
30064771625	30064771626	68719477229	94489280800
30064771625	30064771626	68719477230	94489280790
30064771625	30064771626	68719477231	111669149727
30064771626	68719477229	68719477229	94489280800
30064771626	30064771627	68719477230	94489280790
30064771626	30064771627	68719477231	111669149727
30064771627	68719477231	68719477231	111669149727
30064771628	68719477234	68719477234	94489280797
30064771628	30064771630	68719477235	94489280788
30064771628	30064771630	68719477236	94489280788
30064771628	30064771630	68719477237	94489280609
30064771628	30064771630	68719477238	94489280799
30064771629	68719477233	68719477233	94489280797
30064771630	68719477236	68719477236	94489280788
30064771630	68719477237	68719477237	94489280609
30064771630	25769803836	68719477238	94489280799
30064771631	68719477235	68719477235	94489280788
30064771632	68719477238	68719477238	94489280799
30064771636	68719477242	68719477242	94489280610
30064771636	30064771637	68719477243	94489280610
30064771637	68719477243	68719477243	94489280610
30064771638	68719477244	68719477244	94489280617
30064771639	68719477245	68719477245	94489280617
30064771639	30064771640	68719477246	94489280610
30064771640	68719477246	68719477246	94489280610
30064771641	68719477247	68719477247	94489280617
30064771642	30064771643	68719477248	94489280798
30064771642	30064771643	68719477249	94489280790
30064771642	30064771643	68719477250	111669149727
30064771642	30064771643	68719477251	94489280798
30064771642	30064771643	68719477252	94489280797
30064771642	30064771643	68719477253	94489280797
30064771642	30064771643	68719477254	94489280610
30064771642	30064771643	68719477255	94489280617
30064771643	68719477251	68719477251	94489280798
30064771643	30064771647	68719477252	94489280797
30064771643	30064771647	68719477253	94489280797
30064771643	30064771647	68719477254	94489280610
30064771643	30064771647	68719477255	94489280617
30064771644	30064771645	68719477248	94489280798
30064771644	30064771645	68719477249	94489280790
30064771644	30064771645	68719477250	111669149727
30064771645	68719477248	68719477248	94489280798
30064771645	30064771646	68719477249	94489280790
30064771645	30064771646	68719477250	111669149727
30064771646	68719477250	68719477250	111669149727
30064771647	68719477253	68719477253	94489280797
30064771647	30064771649	68719477254	94489280610
30064771647	30064771649	68719477255	94489280617
30064771648	68719477252	68719477252	94489280797
30064771649	68719477254	68719477254	94489280610
30064771649	68719477255	68719477255	94489280617
30064771650	68719477258	68719477258	111669149728
30064771650	30064771652	68719477259	94489280796
30064771650	30064771652	68719477260	94489280796
30064771650	68719477261	68719477261	94489280796
30064771651	68719477257	68719477257	111669149728
30064771652	30064771653	68719477259	94489280796
30064771652	30064771656	68719477260	94489280796
30064771653	30064771654	68719477259	94489280796
30064771654	30064771655	68719477259	94489280796
30064771655	68719477259	68719477259	94489280796
30064771656	30064771657	68719477260	94489280796
30064771657	30064771658	68719477260	94489280796
30064771658	68719477260	68719477260	94489280796
30064771659	68719477262	68719477262	94489280610
30064771659	30064771660	68719477263	94489280794
30064771659	30064771660	68719477264	94489280795
30064771659	30064771660	68719477265	94489280790
30064771659	30064771660	68719477266	111669149727
30064771659	30064771660	68719477267	94489280795
30064771659	30064771660	68719477268	94489280794
30064771659	30064771660	68719477269	94489280610
30064771659	30064771660	68719477270	94489280610
30064771660	30064771661	68719477263	94489280794
30064771660	30064771661	68719477264	94489280795
30064771660	30064771661	68719477265	94489280790
30064771660	30064771661	68719477266	111669149727
30064771660	30064771661	68719477267	94489280795
30064771660	30064771661	68719477268	94489280794
30064771660	30064771661	68719477269	94489280610
30064771660	30064771661	68719477270	94489280610
30064771661	68719477268	68719477268	94489280794
30064771661	30064771668	68719477269	94489280610
30064771661	30064771668	68719477270	94489280610
30064771662	30064771663	68719477263	94489280794
30064771662	30064771663	68719477264	94489280795
30064771662	30064771663	68719477265	94489280790
30064771662	30064771663	68719477266	111669149727
30064771662	30064771663	68719477267	94489280795
30064771663	68719477263	68719477263	94489280794
30064771663	30064771664	68719477264	94489280795
30064771663	30064771664	68719477265	94489280790
30064771663	30064771664	68719477266	111669149727
30064771663	30064771664	68719477267	94489280795
30064771664	68719477267	68719477267	94489280795
30064771665	30064771666	68719477264	94489280795
30064771665	30064771666	68719477265	94489280790
30064771665	30064771666	68719477266	111669149727
30064771666	68719477264	68719477264	94489280795
30064771666	30064771667	68719477265	94489280790
30064771666	30064771667	68719477266	111669149727
30064771667	68719477266	68719477266	111669149727
30064771668	68719477270	68719477270	94489280610
30064771669	68719477269	68719477269	94489280610
30064771670	68719477271	68719477271	94489280618
30064771670	30064771671	68719477272	94489280610
30064771670	30064771671	68719477273	94489280610
30064771671	68719477273	68719477273	94489280610
30064771672	68719477272	68719477272	94489280610
30064771673	30064771674	68719477274	94489280789
30064771673	30064771674	68719477275	94489280790
30064771673	30064771674	68719477276	111669149727
30064771673	30064771674	68719477277	94489280789
30064771673	30064771674	68719477278	94489280618
30064771674	68719477277	68719477277	94489280789
30064771674	68719477278	68719477278	94489280618
30064771675	30064771676	68719477274	94489280789
30064771675	30064771676	68719477275	94489280790
30064771675	30064771676	68719477276	111669149727
30064771676	68719477274	68719477274	94489280789
30064771676	30064771677	68719477275	94489280790
30064771676	30064771677	68719477276	111669149727
30064771677	68719477276	68719477276	111669149727
30064771678	30064771679	68719477279	94489280609
30064771679	68719477279	68719477279	94489280609
30064771680	30064771681	68719477280	94489280609
30064771680	30064771682	68719477281	94489280788
30064771680	30064771682	68719477282	94489280788
30064771680	30064771682	68719477283	111669149728
30064771680	30064771682	68719477284	94489280787
30064771681	68719477280	68719477280	94489280609
30064771682	68719477282	68719477282	94489280788
30064771682	30064771684	68719477283	111669149728
30064771682	25769803841	68719477284	94489280787
30064771683	68719477281	68719477281	94489280788
30064771684	30064771685	68719477283	111669149728
30064771685	68719477283	68719477283	111669149728
30064771686	68719477284	68719477284	94489280787
30064771694	30064771695	68719477292	94489280609
30064771695	30064771696	68719477292	94489280609
30064771696	68719477292	68719477292	94489280609
30064771697	30064771698	68719477293	111669149728
30064771697	25769803842	68719477295	94489280609
30064771698	68719477293	68719477293	111669149728
30064771699	68719477295	68719477295	94489280609
30064771701	30064771703	68719477298	94489280764
30064771701	30064771703	68719477299	111669149729
30064771703	68719477299	68719477299	111669149729
30064771704	68719477301	68719477301	111669149730
30064771706	68719477305	68719477305	94489280761
30064771706	68719477306	68719477306	111669149732
30064771706	68719477307	68719477307	94489280760
30064771707	30064771708	68719477303	94489280761
30064771707	30064771708	68719477304	94489280762
30064771708	68719477303	68719477303	94489280761
30064771708	30064771709	68719477304	94489280762
30064771709	30064771710	68719477304	94489280762
30064771710	30064771711	68719477304	94489280762
30064771711	68719477304	68719477304	94489280762
30064771712	68719477308	68719477308	111669149734
30064771713	30064771715	68719477310	94489280753
30064771713	30064771715	68719477311	111669149735
30064771715	68719477311	68719477311	111669149735
30064771716	30064771718	68719477313	111669149736
30064771718	68719477313	68719477313	111669149736
30064771719	30064771721	68719477315	94489280752
30064771721	68719477315	68719477315	94489280752
30064771722	68719477317	68719477317	94489280623
30064771722	30064771723	68719477318	111669149738
30064771723	68719477318	68719477318	111669149738
30064771724	68719477319	68719477319	94489280624
30064771726	68719477323	68719477323	111669149738
30064771726	30064771728	68719477324	94489280624
30064771726	30064771728	68719477325	111669149738
30064771726	25769803851	68719477326	94489280786
30064771726	25769803851	68719477327	94489280785
30064771726	25769803851	68719477329	94489280784
30064771727	68719477322	68719477322	111669149738
30064771728	30064771729	68719477324	94489280624
30064771728	30064771731	68719477325	111669149738
30064771729	30064771730	68719477324	94489280624
30064771730	68719477324	68719477324	94489280624
30064771731	30064771732	68719477325	111669149738
30064771732	30064771733	68719477325	111669149738
30064771733	68719477325	68719477325	111669149738
30064771734	68719477326	68719477326	94489280786
30064771736	25769803852	68719477329	94489280784
30064771737	68719477329	68719477329	94489280784
30064771741	68719477334	68719477334	94489280628
30064771741	30064771742	68719477335	111669149738
30064771742	68719477335	68719477335	111669149738
30064771743	68719477336	68719477336	94489280629
30064771745	68719477339	68719477339	94489280631
30064771745	68719477340	68719477340	94489280629
30064771746	68719477341	68719477341	94489280768
30064771752	68719477346	68719477346	94489280633
30064771755	68719477349	68719477349	94489280635
30064771755	30064771756	68719477351	94489280624
30064771755	30064771756	68719477352	94489280768
30064771756	68719477351	68719477351	94489280624
30064771756	68719477352	68719477352	94489280768
30064771757	30064771758	68719477353	94489280635
30064771757	30064771759	68719477354	94489280635
30064771758	68719477353	68719477353	94489280635
30064771759	30064771760	68719477354	94489280635
30064771760	68719477354	68719477354	94489280635
30064771761	68719477355	68719477355	94489280635
30064771761	30064771762	68719477356	94489280783
30064771761	30064771762	68719477357	111669149738
30064771761	30064771762	68719477358	94489280783
30064771761	30064771762	68719477359	94489280758
30064771761	30064771762	68719477360	94489280758
30064771761	30064771762	68719477361	94489280635
30064771761	30064771762	68719477362	94489280633
30064771762	30064771763	68719477356	94489280783
30064771762	30064771763	68719477357	111669149738
30064771762	30064771763	68719477358	94489280783
30064771762	30064771763	68719477359	94489280758
30064771762	30064771763	68719477360	94489280758
30064771762	30064771763	68719477361	94489280635
30064771762	30064771763	68719477362	94489280633
30064771763	68719477358	68719477358	94489280783
30064771763	30064771769	68719477359	94489280758
30064771763	30064771769	68719477360	94489280758
30064771763	30064771769	68719477361	94489280635
30064771763	68719477362	68719477362	94489280633
30064771764	30064771765	68719477356	94489280783
30064771764	30064771765	68719477357	111669149738
30064771765	68719477356	68719477356	94489280783
30064771765	30064771766	68719477357	111669149738
30064771766	30064771767	68719477357	111669149738
30064771767	30064771768	68719477357	111669149738
30064771768	68719477357	68719477357	111669149738
30064771769	68719477360	68719477360	94489280758
30064771769	68719477361	68719477361	94489280635
30064771770	68719477359	68719477359	94489280758
30064771771	68719477363	68719477363	94489280768
30064771772	30064771773	68719477364	94489280635
30064771772	30064771774	68719477365	94489280782
30064771772	30064771774	68719477366	111669149737
30064771772	30064771774	68719477367	94489280769
30064771772	30064771774	68719477368	94489280769
30064771772	30064771774	68719477369	94489280635
30064771773	68719477364	68719477364	94489280635
30064771774	68719477366	68719477366	111669149737
30064771774	30064771775	68719477367	94489280769
30064771774	30064771775	68719477368	94489280769
30064771774	30064771775	68719477369	94489280635
30064771775	68719477368	68719477368	94489280769
30064771775	68719477369	68719477369	94489280635
30064771776	68719477367	68719477367	94489280769
30064771779	30064771780	68719477372	94489280635
30064771779	30064771781	68719477373	94489280779
30064771779	30064771781	68719477374	94489280781
30064771779	30064771781	68719477375	94489280780
30064771779	30064771781	68719477378	94489280779
30064771780	68719477372	68719477372	94489280635
30064771781	68719477378	68719477378	94489280779
30064771782	30064771783	68719477373	94489280779
30064771782	30064771783	68719477374	94489280781
30064771782	30064771783	68719477375	94489280780
30064771783	68719477373	68719477373	94489280779
30064771783	25769803859	68719477374	94489280781
30064771783	25769803859	68719477375	94489280780
30064771784	68719477374	68719477374	94489280781
30064771787	30064771788	68719477379	94489280776
30064771787	30064771788	68719477380	94489280778
30064771787	30064771788	68719477381	94489280751
30064771787	30064771788	68719477382	111669149737
30064771787	30064771788	68719477383	94489280778
30064771787	30064771788	68719477384	94489280758
30064771787	30064771788	68719477385	94489280758
30064771787	30064771788	68719477386	94489280769
30064771787	30064771788	68719477387	94489280769
30064771787	30064771788	68719477388	94489280635
30064771787	30064771788	68719477389	94489280777
30064771787	30064771788	68719477401	94489280776
30064771787	30064771788	68719477403	94489280624
30064771788	68719477401	68719477401	94489280776
30064771788	25769803861	68719477403	94489280624
30064771789	30064771790	68719477379	94489280776
30064771789	30064771790	68719477380	94489280778
30064771789	30064771790	68719477381	94489280751
30064771789	30064771790	68719477382	111669149737
30064771789	30064771790	68719477383	94489280778
30064771789	30064771790	68719477384	94489280758
30064771789	30064771790	68719477385	94489280758
30064771789	30064771790	68719477386	94489280769
30064771789	30064771790	68719477387	94489280769
30064771789	30064771790	68719477388	94489280635
30064771789	30064771790	68719477389	94489280777
30064771790	68719477379	68719477379	94489280776
30064771790	30064771791	68719477380	94489280778
30064771790	30064771791	68719477381	94489280751
30064771790	30064771791	68719477382	111669149737
30064771790	30064771791	68719477383	94489280778
30064771790	30064771791	68719477384	94489280758
30064771790	30064771791	68719477385	94489280758
30064771790	30064771791	68719477386	94489280769
30064771790	30064771791	68719477387	94489280769
30064771790	30064771791	68719477388	94489280635
30064771790	30064771791	68719477389	94489280777
30064771791	68719477383	68719477383	94489280778
30064771791	30064771795	68719477384	94489280758
30064771791	30064771795	68719477385	94489280758
30064771791	30064771795	68719477386	94489280769
30064771791	30064771795	68719477387	94489280769
30064771791	30064771795	68719477388	94489280635
30064771791	30064771795	68719477389	94489280777
30064771792	30064771793	68719477380	94489280778
30064771792	30064771793	68719477381	94489280751
30064771792	30064771793	68719477382	111669149737
30064771793	68719477380	68719477380	94489280778
30064771793	30064771794	68719477381	94489280751
30064771793	30064771794	68719477382	111669149737
30064771794	68719477382	68719477382	111669149737
30064771795	68719477385	68719477385	94489280758
30064771795	30064771797	68719477386	94489280769
30064771795	30064771797	68719477387	94489280769
30064771795	30064771797	68719477388	94489280635
30064771795	30064771797	68719477389	94489280777
30064771796	68719477384	68719477384	94489280758
30064771797	68719477387	68719477387	94489280769
30064771797	68719477388	68719477388	94489280635
30064771797	25769803860	68719477389	94489280777
30064771798	68719477386	68719477386	94489280769
30064771799	68719477389	68719477389	94489280777
30064771811	30064771813	68719477403	94489280624
30064771813	68719477403	68719477403	94489280624
30064771814	68719477407	68719477407	111669149738
30064771814	30064771816	68719477408	94489280757
30064771814	30064771816	68719477409	94489280757
30064771814	68719477410	68719477410	94489280757
30064771815	68719477406	68719477406	111669149738
30064771816	30064771817	68719477408	94489280757
30064771816	30064771820	68719477409	94489280757
30064771817	30064771818	68719477408	94489280757
30064771818	30064771819	68719477408	94489280757
30064771819	68719477408	68719477408	94489280757
30064771820	30064771821	68719477409	94489280757
30064771821	30064771822	68719477409	94489280757
30064771822	68719477409	68719477409	94489280757
30064771823	30064771824	68719477411	94489280635
30064771823	30064771825	68719477412	94489280635
30064771823	30064771825	68719477413	94489280775
30064771823	30064771825	68719477414	94489280754
30064771823	30064771825	68719477415	111669149737
30064771823	30064771825	68719477416	94489280775
30064771824	68719477411	68719477411	94489280635
30064771825	30064771826	68719477412	94489280635
30064771825	30064771828	68719477413	94489280775
30064771825	30064771828	68719477414	94489280754
30064771825	30064771828	68719477415	111669149737
30064771825	30064771828	68719477416	94489280775
30064771826	30064771827	68719477412	94489280635
30064771827	68719477412	68719477412	94489280635
30064771828	68719477416	68719477416	94489280775
30064771829	30064771830	68719477413	94489280775
30064771829	30064771830	68719477414	94489280754
30064771829	30064771830	68719477415	111669149737
30064771830	68719477413	68719477413	94489280775
30064771830	30064771831	68719477414	94489280754
30064771830	30064771831	68719477415	111669149737
30064771831	68719477415	68719477415	111669149737
30064771833	30064771834	68719477417	94489280772
30064771833	30064771834	68719477418	94489280774
30064771833	30064771834	68719477419	94489280751
30064771833	30064771834	68719477420	111669149737
30064771833	30064771834	68719477421	94489280774
30064771833	30064771834	68719477422	94489280758
30064771833	30064771834	68719477423	94489280758
30064771833	30064771834	68719477424	94489280769
30064771833	30064771834	68719477425	94489280769
30064771833	30064771834	68719477426	94489280635
30064771833	30064771834	68719477427	94489280773
30064771833	30064771834	68719477439	94489280772
30064771833	30064771834	68719477441	94489280624
30064771834	68719477439	68719477439	94489280772
30064771834	25769803863	68719477441	94489280624
30064771835	30064771836	68719477417	94489280772
30064771835	30064771836	68719477418	94489280774
30064771835	30064771836	68719477419	94489280751
30064771835	30064771836	68719477420	111669149737
30064771835	30064771836	68719477421	94489280774
30064771835	30064771836	68719477422	94489280758
30064771835	30064771836	68719477423	94489280758
30064771835	30064771836	68719477424	94489280769
30064771835	30064771836	68719477425	94489280769
30064771835	30064771836	68719477426	94489280635
30064771835	30064771836	68719477427	94489280773
30064771836	68719477417	68719477417	94489280772
30064771836	30064771837	68719477418	94489280774
30064771836	30064771837	68719477419	94489280751
30064771836	30064771837	68719477420	111669149737
30064771836	30064771837	68719477421	94489280774
30064771836	30064771837	68719477422	94489280758
30064771836	30064771837	68719477423	94489280758
30064771836	30064771837	68719477424	94489280769
30064771836	30064771837	68719477425	94489280769
30064771836	30064771837	68719477426	94489280635
30064771836	30064771837	68719477427	94489280773
30064771837	68719477421	68719477421	94489280774
30064771837	30064771841	68719477422	94489280758
30064771837	30064771841	68719477423	94489280758
30064771837	30064771841	68719477424	94489280769
30064771837	30064771841	68719477425	94489280769
30064771837	30064771841	68719477426	94489280635
30064771837	30064771841	68719477427	94489280773
30064771838	30064771839	68719477418	94489280774
30064771838	30064771839	68719477419	94489280751
30064771838	30064771839	68719477420	111669149737
30064771839	68719477418	68719477418	94489280774
30064771839	30064771840	68719477419	94489280751
30064771839	30064771840	68719477420	111669149737
30064771840	68719477420	68719477420	111669149737
30064771841	68719477423	68719477423	94489280758
30064771841	30064771843	68719477424	94489280769
30064771841	30064771843	68719477425	94489280769
30064771841	30064771843	68719477426	94489280635
30064771841	30064771843	68719477427	94489280773
30064771842	68719477422	68719477422	94489280758
30064771843	68719477425	68719477425	94489280769
30064771843	68719477426	68719477426	94489280635
30064771843	25769803862	68719477427	94489280773
30064771844	68719477424	68719477424	94489280769
30064771845	68719477427	68719477427	94489280773
30064771857	30064771859	68719477441	94489280624
30064771859	68719477441	68719477441	94489280624
30064771860	30064771861	68719477443	94489280768
30064771860	30064771862	68719477444	94489280768
30064771861	68719477443	68719477443	94489280768
30064771862	30064771863	68719477444	94489280768
30064771863	30064771864	68719477444	94489280768
30064771864	68719477444	68719477444	94489280768
30064771865	30064771866	68719477445	94489280770
30064771865	30064771866	68719477446	94489280771
30064771865	30064771866	68719477447	94489280751
30064771865	30064771866	68719477448	111669149737
30064771865	30064771866	68719477449	94489280771
30064771865	30064771866	68719477450	94489280770
30064771865	30064771866	68719477452	94489280624
30064771866	68719477450	68719477450	94489280770
30064771866	25769803864	68719477452	94489280624
30064771867	30064771868	68719477445	94489280770
30064771867	30064771868	68719477446	94489280771
30064771867	30064771868	68719477447	94489280751
30064771867	30064771868	68719477448	111669149737
30064771867	30064771868	68719477449	94489280771
30064771868	68719477445	68719477445	94489280770
30064771868	30064771869	68719477446	94489280771
30064771868	30064771869	68719477447	94489280751
30064771868	30064771869	68719477448	111669149737
30064771868	30064771869	68719477449	94489280771
30064771869	68719477449	68719477449	94489280771
30064771870	30064771871	68719477446	94489280771
30064771870	30064771871	68719477447	94489280751
30064771870	30064771871	68719477448	111669149737
30064771871	68719477446	68719477446	94489280771
30064771871	30064771872	68719477447	94489280751
30064771871	30064771872	68719477448	111669149737
30064771872	68719477448	68719477448	111669149737
30064771873	30064771875	68719477452	94489280624
30064771875	68719477452	68719477452	94489280624
30064771876	30064771877	68719477454	94489280768
30064771876	30064771878	68719477455	94489280768
30064771877	68719477454	68719477454	94489280768
30064771878	30064771879	68719477455	94489280768
30064771879	30064771880	68719477455	94489280768
30064771880	68719477455	68719477455	94489280768
30064771881	30064771882	68719477456	94489280769
30064771881	30064771882	68719477457	94489280769
30064771881	30064771882	68719477458	94489280624
30064771881	30064771886	68719477459	94489280769
30064771881	30064771886	68719477460	94489280769
30064771881	30064771886	68719477461	94489280768
30064771882	30064771883	68719477456	94489280769
30064771882	30064771883	68719477457	94489280769
30064771882	30064771883	68719477458	94489280624
30064771883	68719477457	68719477457	94489280769
30064771883	30064771885	68719477458	94489280624
30064771884	68719477456	68719477456	94489280769
30064771885	68719477458	68719477458	94489280624
30064771886	30064771887	68719477459	94489280769
30064771886	30064771887	68719477460	94489280769
30064771886	30064771887	68719477461	94489280768
30064771887	68719477460	68719477460	94489280769
30064771887	30064771889	68719477461	94489280768
30064771888	68719477459	68719477459	94489280769
30064771889	68719477461	68719477461	94489280768
30064771890	30064771891	68719477462	94489280766
30064771890	30064771891	68719477463	94489280767
30064771890	30064771891	68719477464	94489280751
30064771890	30064771891	68719477465	111669149737
30064771890	30064771891	68719477466	94489280767
30064771890	30064771891	68719477467	94489280766
30064771890	30064771891	68719477469	94489280624
30064771891	68719477467	68719477467	94489280766
30064771891	25769803865	68719477469	94489280624
30064771892	30064771893	68719477462	94489280766
30064771892	30064771893	68719477463	94489280767
30064771892	30064771893	68719477464	94489280751
30064771892	30064771893	68719477465	111669149737
30064771892	30064771893	68719477466	94489280767
30064771893	68719477462	68719477462	94489280766
30064771893	30064771894	68719477463	94489280767
30064771893	30064771894	68719477464	94489280751
30064771893	30064771894	68719477465	111669149737
30064771893	30064771894	68719477466	94489280767
30064771894	68719477466	68719477466	94489280767
30064771895	30064771896	68719477463	94489280767
30064771895	30064771896	68719477464	94489280751
30064771895	30064771896	68719477465	111669149737
30064771896	68719477463	68719477463	94489280767
30064771896	30064771897	68719477464	94489280751
30064771896	30064771897	68719477465	111669149737
30064771897	68719477465	68719477465	111669149737
30064771898	30064771900	68719477469	94489280624
30064771900	68719477469	68719477469	94489280624
30064771901	68719477471	68719477471	94489280645
30064771901	30064771902	68719477472	94489280763
30064771901	30064771902	68719477473	94489280765
30064771901	30064771902	68719477474	94489280635
30064771901	30064771902	68719477475	94489280765
30064771901	30064771902	68719477476	94489280763
30064771902	30064771903	68719477472	94489280763
30064771902	30064771903	68719477473	94489280765
30064771902	30064771903	68719477474	94489280635
30064771902	30064771903	68719477475	94489280765
30064771902	30064771903	68719477476	94489280763
30064771903	30064771904	68719477472	94489280763
30064771903	30064771904	68719477473	94489280765
30064771903	30064771904	68719477474	94489280635
30064771903	30064771904	68719477475	94489280765
30064771903	30064771904	68719477476	94489280763
30064771904	68719477476	68719477476	94489280763
30064771905	30064771906	68719477472	94489280763
30064771905	30064771906	68719477473	94489280765
30064771905	30064771906	68719477474	94489280635
30064771905	30064771906	68719477475	94489280765
30064771906	68719477472	68719477472	94489280763
30064771906	30064771907	68719477473	94489280765
30064771906	30064771907	68719477474	94489280635
30064771906	30064771907	68719477475	94489280765
30064771907	68719477475	68719477475	94489280765
30064771908	30064771909	68719477473	94489280765
30064771908	30064771909	68719477474	94489280635
30064771909	68719477473	68719477473	94489280765
30064771909	30064771910	68719477474	94489280635
30064771910	68719477474	68719477474	94489280635
30064771911	68719477477	68719477477	94489280647
30064771912	68719477478	68719477478	94489280647
30064771912	30064771913	68719477479	94489280645
30064771913	68719477479	68719477479	94489280645
30064771914	68719477480	68719477480	94489280647
30064771915	30064771916	68719477481	94489280759
30064771915	30064771916	68719477482	94489280751
30064771915	30064771916	68719477483	111669149737
30064771915	30064771916	68719477484	94489280759
30064771915	30064771916	68719477485	94489280758
30064771915	30064771916	68719477486	94489280758
30064771915	30064771916	68719477487	94489280645
30064771915	30064771916	68719477488	94489280647
30064771916	68719477484	68719477484	94489280759
30064771916	30064771920	68719477485	94489280758
30064771916	30064771920	68719477486	94489280758
30064771916	30064771920	68719477487	94489280645
30064771916	30064771920	68719477488	94489280647
30064771917	30064771918	68719477481	94489280759
30064771917	30064771918	68719477482	94489280751
30064771917	30064771918	68719477483	111669149737
30064771918	68719477481	68719477481	94489280759
30064771918	30064771919	68719477482	94489280751
30064771918	30064771919	68719477483	111669149737
30064771919	68719477483	68719477483	111669149737
30064771920	68719477486	68719477486	94489280758
30064771920	30064771922	68719477487	94489280645
30064771920	30064771922	68719477488	94489280647
30064771921	68719477485	68719477485	94489280758
30064771922	68719477487	68719477487	94489280645
30064771922	68719477488	68719477488	94489280647
30064771923	68719477491	68719477491	111669149738
30064771923	30064771925	68719477492	94489280757
30064771923	30064771925	68719477493	94489280757
30064771923	68719477494	68719477494	94489280757
30064771924	68719477490	68719477490	111669149738
30064771925	30064771926	68719477492	94489280757
30064771925	30064771929	68719477493	94489280757
30064771926	30064771927	68719477492	94489280757
30064771927	30064771928	68719477492	94489280757
30064771928	68719477492	68719477492	94489280757
30064771929	30064771930	68719477493	94489280757
30064771930	30064771931	68719477493	94489280757
30064771931	68719477493	68719477493	94489280757
30064771932	68719477495	68719477495	94489280645
30064771932	30064771933	68719477496	94489280755
30064771932	30064771933	68719477497	94489280756
30064771932	30064771933	68719477498	94489280751
30064771932	30064771933	68719477499	111669149737
30064771932	30064771933	68719477500	94489280756
30064771932	30064771933	68719477501	94489280755
30064771932	30064771933	68719477502	94489280645
30064771932	30064771933	68719477503	94489280645
30064771933	30064771934	68719477496	94489280755
30064771933	30064771934	68719477497	94489280756
30064771933	30064771934	68719477498	94489280751
30064771933	30064771934	68719477499	111669149737
30064771933	30064771934	68719477500	94489280756
30064771933	30064771934	68719477501	94489280755
30064771933	30064771934	68719477502	94489280645
30064771933	30064771934	68719477503	94489280645
30064771934	68719477501	68719477501	94489280755
30064771934	30064771941	68719477502	94489280645
30064771934	30064771941	68719477503	94489280645
30064771935	30064771936	68719477496	94489280755
30064771935	30064771936	68719477497	94489280756
30064771935	30064771936	68719477498	94489280751
30064771935	30064771936	68719477499	111669149737
30064771935	30064771936	68719477500	94489280756
30064771936	68719477496	68719477496	94489280755
30064771936	30064771937	68719477497	94489280756
30064771936	30064771937	68719477498	94489280751
30064771936	30064771937	68719477499	111669149737
30064771936	30064771937	68719477500	94489280756
30064771937	68719477500	68719477500	94489280756
30064771938	30064771939	68719477497	94489280756
30064771938	30064771939	68719477498	94489280751
30064771938	30064771939	68719477499	111669149737
30064771939	68719477497	68719477497	94489280756
30064771939	30064771940	68719477498	94489280751
30064771939	30064771940	68719477499	111669149737
30064771940	68719477499	68719477499	111669149737
30064771941	68719477503	68719477503	94489280645
30064771942	68719477502	68719477502	94489280645
30064771943	68719477504	68719477504	94489280648
30064771943	30064771944	68719477505	94489280645
30064771943	30064771944	68719477506	94489280645
30064771944	68719477506	68719477506	94489280645
30064771945	68719477505	68719477505	94489280645
30064771946	30064771947	68719477507	94489280750
30064771946	30064771947	68719477508	94489280751
30064771946	30064771947	68719477509	111669149737
30064771946	30064771947	68719477510	94489280750
30064771946	30064771947	68719477511	94489280648
30064771947	68719477510	68719477510	94489280750
30064771947	68719477511	68719477511	94489280648
30064771948	30064771949	68719477507	94489280750
30064771948	30064771949	68719477508	94489280751
30064771948	30064771949	68719477509	111669149737
30064771949	68719477507	68719477507	94489280750
30064771949	30064771950	68719477508	94489280751
30064771949	30064771950	68719477509	111669149737
30064771950	68719477509	68719477509	111669149737
30064771951	30064771952	68719477512	94489280635
30064771951	30064771953	68719477513	111669149738
30064771952	68719477512	68719477512	94489280635
30064771953	30064771954	68719477513	111669149738
30064771954	68719477513	68719477513	111669149738
30064771955	30064771956	68719477514	94489280635
30064771955	30064771957	68719477515	94489280624
30064771956	68719477514	68719477514	94489280635
30064771957	68719477515	68719477515	94489280624
30064771958	30064771959	68719477516	111669149738
30064771958	25769803873	68719477518	94489280635
30064771959	68719477516	68719477516	111669149738
30064771960	68719477518	68719477518	94489280635
30064771962	68719477520	68719477520	94489280652
30064771962	30064771963	68719477521	111669149740
30064771963	68719477521	68719477521	111669149740
30064771964	68719477522	68719477522	94489280653
30064771966	68719477526	68719477526	111669149740
30064771966	30064771968	68719477527	94489280653
30064771966	30064771968	68719477528	111669149740
30064771966	25769803884	68719477529	94489280749
30064771966	25769803884	68719477530	94489280748
30064771966	25769803884	68719477532	94489280747
30064771967	68719477525	68719477525	111669149740
30064771968	30064771969	68719477527	94489280653
30064771968	30064771971	68719477528	111669149740
30064771969	30064771970	68719477527	94489280653
30064771970	68719477527	68719477527	94489280653
30064771971	30064771972	68719477528	111669149740
30064771972	30064771973	68719477528	111669149740
30064771973	68719477528	68719477528	111669149740
30064771974	68719477529	68719477529	94489280749
30064771976	25769803885	68719477532	94489280747
30064771977	68719477532	68719477532	94489280747
30064771981	30064771982	68719477537	94489280746
30064771981	30064771982	68719477540	94489280744
30064771981	30064771982	68719477541	94489280745
30064771981	30064771982	68719477542	94489280741
30064771981	30064771982	68719477543	111669149739
30064771981	30064771982	68719477544	94489280745
30064771981	30064771982	68719477545	94489280744
30064771981	30064771982	68719477547	111669149740
30064771981	30064771982	68719477549	94489280653
30064771981	30064771982	68719477553	94489280742
30064771981	30064771982	68719477554	94489280743
30064771981	30064771982	68719477555	94489280741
30064771981	30064771982	68719477556	111669149739
30064771981	30064771982	68719477557	94489280743
30064771981	30064771982	68719477558	94489280742
30064771981	30064771982	68719477560	94489280653
30064771981	30064771982	68719477564	94489280739
30064771981	30064771982	68719477565	94489280740
30064771981	30064771982	68719477566	94489280741
30064771981	30064771982	68719477567	111669149739
30064771981	30064771982	68719477568	94489280740
30064771981	30064771982	68719477569	94489280739
30064771981	30064771982	68719477571	94489280653
30064771982	25769803886	68719477537	94489280746
30064771982	25769803886	68719477540	94489280744
30064771982	25769803886	68719477541	94489280745
30064771982	25769803886	68719477542	94489280741
30064771982	25769803886	68719477543	111669149739
30064771982	25769803886	68719477544	94489280745
30064771982	25769803886	68719477545	94489280744
30064771982	25769803886	68719477547	111669149740
30064771982	25769803886	68719477549	94489280653
30064771982	25769803886	68719477553	94489280742
30064771982	25769803886	68719477554	94489280743
30064771982	25769803886	68719477555	94489280741
30064771982	25769803886	68719477556	111669149739
30064771982	25769803886	68719477557	94489280743
30064771982	25769803886	68719477558	94489280742
30064771982	25769803886	68719477560	94489280653
30064771982	25769803886	68719477564	94489280739
30064771982	25769803886	68719477565	94489280740
30064771982	25769803886	68719477566	94489280741
30064771982	25769803886	68719477567	111669149739
30064771982	25769803886	68719477568	94489280740
30064771982	25769803886	68719477569	94489280739
30064771982	25769803886	68719477571	94489280653
30064771983	68719477537	68719477537	94489280746
30064771985	30064771987	68719477540	94489280744
30064771985	30064771987	68719477541	94489280745
30064771985	30064771987	68719477542	94489280741
30064771985	30064771987	68719477543	111669149739
30064771985	30064771987	68719477544	94489280745
30064771985	30064771987	68719477545	94489280744
30064771985	30064771987	68719477547	111669149740
30064771985	30064771987	68719477549	94489280653
30064771987	68719477545	68719477545	94489280744
30064771987	25769803887	68719477547	111669149740
30064771987	25769803887	68719477549	94489280653
30064771988	30064771989	68719477540	94489280744
30064771988	30064771989	68719477541	94489280745
30064771988	30064771989	68719477542	94489280741
30064771988	30064771989	68719477543	111669149739
30064771988	30064771989	68719477544	94489280745
30064771989	68719477540	68719477540	94489280744
30064771989	30064771990	68719477541	94489280745
30064771989	30064771990	68719477542	94489280741
30064771989	30064771990	68719477543	111669149739
30064771989	30064771990	68719477544	94489280745
30064771990	68719477544	68719477544	94489280745
30064771991	30064771992	68719477541	94489280745
30064771991	30064771992	68719477542	94489280741
30064771991	30064771992	68719477543	111669149739
30064771992	68719477541	68719477541	94489280745
30064771992	30064771993	68719477542	94489280741
30064771992	30064771993	68719477543	111669149739
30064771993	68719477543	68719477543	111669149739
30064771994	30064771996	68719477547	111669149740
30064771996	30064771997	68719477547	111669149740
30064771997	30064771998	68719477547	111669149740
30064771998	68719477547	68719477547	111669149740
30064771999	30064772001	68719477549	94489280653
30064772001	68719477549	68719477549	94489280653
30064772002	30064772004	68719477553	94489280742
30064772002	30064772004	68719477554	94489280743
30064772002	30064772004	68719477555	94489280741
30064772002	30064772004	68719477556	111669149739
30064772002	30064772004	68719477557	94489280743
30064772002	30064772004	68719477558	94489280742
30064772002	30064772004	68719477560	94489280653
30064772004	68719477558	68719477558	94489280742
30064772004	25769803888	68719477560	94489280653
30064772005	30064772006	68719477553	94489280742
30064772005	30064772006	68719477554	94489280743
30064772005	30064772006	68719477555	94489280741
30064772005	30064772006	68719477556	111669149739
30064772005	30064772006	68719477557	94489280743
30064772006	68719477553	68719477553	94489280742
30064772006	30064772007	68719477554	94489280743
30064772006	30064772007	68719477555	94489280741
30064772006	30064772007	68719477556	111669149739
30064772006	30064772007	68719477557	94489280743
30064772007	68719477557	68719477557	94489280743
30064772008	30064772009	68719477554	94489280743
30064772008	30064772009	68719477555	94489280741
30064772008	30064772009	68719477556	111669149739
30064772009	68719477554	68719477554	94489280743
30064772009	30064772010	68719477555	94489280741
30064772009	30064772010	68719477556	111669149739
30064772010	68719477556	68719477556	111669149739
30064772011	30064772013	68719477560	94489280653
30064772013	68719477560	68719477560	94489280653
30064772014	30064772016	68719477564	94489280739
30064772014	30064772016	68719477565	94489280740
30064772014	30064772016	68719477566	94489280741
30064772014	30064772016	68719477567	111669149739
30064772014	30064772016	68719477568	94489280740
30064772014	30064772016	68719477569	94489280739
30064772014	30064772016	68719477571	94489280653
30064772016	68719477569	68719477569	94489280739
30064772016	25769803889	68719477571	94489280653
30064772017	30064772018	68719477564	94489280739
30064772017	30064772018	68719477565	94489280740
30064772017	30064772018	68719477566	94489280741
30064772017	30064772018	68719477567	111669149739
30064772017	30064772018	68719477568	94489280740
30064772018	68719477564	68719477564	94489280739
30064772018	30064772019	68719477565	94489280740
30064772018	30064772019	68719477566	94489280741
30064772018	30064772019	68719477567	111669149739
30064772018	30064772019	68719477568	94489280740
30064772019	68719477568	68719477568	94489280740
30064772020	30064772021	68719477565	94489280740
30064772020	30064772021	68719477566	94489280741
30064772020	30064772021	68719477567	111669149739
30064772021	68719477565	68719477565	94489280740
30064772021	30064772022	68719477566	94489280741
30064772021	30064772022	68719477567	111669149739
30064772022	68719477567	68719477567	111669149739
30064772023	30064772025	68719477571	94489280653
30064772025	68719477571	68719477571	94489280653
30064772026	30064772027	68719477574	111669149740
30064772027	68719477574	68719477574	111669149740
30064772028	68719477579	68719477579	94489280721
30064772028	25769803899	68719477580	94489280720
30064772028	25769803899	68719477583	94489280719
30064772028	25769803899	68719477584	94489280719
30064772029	30064772030	68719477576	94489280721
30064772029	30064772030	68719477577	111669149741
30064772029	30064772030	68719477578	111669149741
30064772030	68719477576	68719477576	94489280721
30064772030	30064772031	68719477577	111669149741
30064772030	30064772031	68719477578	111669149741
30064772031	68719477578	68719477578	111669149741
30064772032	68719477577	68719477577	111669149741
30064772033	68719477580	68719477580	94489280720
30064772035	30064772037	68719477583	94489280719
30064772035	30064772037	68719477584	94489280719
30064772037	68719477583	68719477583	94489280719
30064772037	30064772038	68719477584	94489280719
30064772038	68719477584	68719477584	94489280719
30064772039	68719477586	68719477586	111669149743
30064772040	30064772041	68719477587	111669149745
30064772040	30064772042	68719477588	111669149745
30064772041	68719477587	68719477587	111669149745
30064772042	30064772043	68719477588	111669149745
30064772043	68719477588	68719477588	111669149745
30064772044	30064772045	68719477589	111669149745
30064772044	30064772046	68719477590	94489280711
30064772044	30064772046	68719477591	111669149745
30064772044	30064772046	68719477592	94489280711
30064772045	68719477589	68719477589	111669149745
30064772046	68719477592	68719477592	94489280711
30064772047	30064772048	68719477590	94489280711
30064772047	30064772048	68719477591	111669149745
30064772048	68719477590	68719477590	94489280711
30064772048	30064772049	68719477591	111669149745
30064772049	68719477591	68719477591	111669149745
30064772050	30064772051	68719477593	111669149745
30064772051	30064772052	68719477593	111669149745
30064772052	68719477593	68719477593	111669149745
30064772053	30064772054	68719477594	111669149745
30064772054	30064772055	68719477594	111669149745
30064772055	68719477594	68719477594	111669149745
30064772056	68719477596	68719477596	94489280663
30064772056	30064772057	68719477597	111669149747
30064772057	68719477597	68719477597	111669149747
30064772058	68719477598	68719477598	94489280664
30064772060	68719477601	68719477601	94489280666
30064772060	30064772061	68719477602	111669149747
30064772061	68719477602	68719477602	111669149747
30064772062	68719477603	68719477603	94489280667
30064772064	68719477605	68719477605	94489280668
30064772066	68719477608	68719477608	94489280669
30064772066	30064772067	68719477609	94489280737
30064772066	30064772067	68719477610	94489280738
30064772066	30064772067	68719477611	94489280718
30064772066	30064772067	68719477612	111669149746
30064772066	30064772067	68719477613	94489280738
30064772066	30064772067	68719477614	94489280737
30064772066	30064772067	68719477616	94489280664
30064772067	68719477614	68719477614	94489280737
30064772067	25769803895	68719477616	94489280664
30064772068	30064772069	68719477609	94489280737
30064772068	30064772069	68719477610	94489280738
30064772068	30064772069	68719477611	94489280718
30064772068	30064772069	68719477612	111669149746
30064772068	30064772069	68719477613	94489280738
30064772069	68719477609	68719477609	94489280737
30064772069	30064772070	68719477610	94489280738
30064772069	30064772070	68719477611	94489280718
30064772069	30064772070	68719477612	111669149746
30064772069	30064772070	68719477613	94489280738
30064772070	68719477613	68719477613	94489280738
30064772071	30064772072	68719477610	94489280738
30064772071	30064772072	68719477611	94489280718
30064772071	30064772072	68719477612	111669149746
30064772072	68719477610	68719477610	94489280738
30064772072	30064772073	68719477611	94489280718
30064772072	30064772073	68719477612	111669149746
30064772073	68719477612	68719477612	111669149746
30064772074	30064772076	68719477616	94489280664
30064772076	68719477616	68719477616	94489280664
30064772077	68719477618	68719477618	94489280676
30064772077	30064772078	68719477619	94489280736
30064772077	30064772078	68719477622	94489280722
30064772077	30064772078	68719477623	94489280723
30064772077	30064772078	68719477624	94489280724
30064772077	30064772078	68719477625	94489280725
30064772077	30064772078	68719477626	94489280726
30064772077	30064772078	68719477627	94489280727
30064772077	30064772078	68719477628	94489280728
30064772077	30064772078	68719477629	94489280729
30064772077	30064772078	68719477630	94489280735
30064772077	30064772078	68719477631	94489280718
30064772077	30064772078	68719477632	111669149746
30064772077	30064772078	68719477633	94489280735
30064772077	30064772078	68719477634	94489280731
30064772077	30064772078	68719477635	111669149746
30064772077	30064772078	68719477636	94489280734
30064772077	30064772078	68719477637	94489280731
30064772077	30064772078	68719477638	111669149746
30064772077	30064772078	68719477639	94489280733
30064772077	30064772078	68719477640	94489280731
30064772077	30064772078	68719477641	111669149746
30064772077	30064772078	68719477642	94489280732
30064772077	30064772078	68719477646	94489280731
30064772077	30064772078	68719477647	111669149746
30064772077	30064772078	68719477648	94489280730
30064772077	30064772078	68719477654	94489280729
30064772077	30064772078	68719477655	94489280669
30064772077	30064772078	68719477656	94489280728
30064772077	30064772078	68719477657	94489280668
30064772077	30064772078	68719477658	94489280727
30064772077	30064772078	68719477659	94489280667
30064772077	30064772078	68719477660	94489280726
30064772077	30064772078	68719477661	94489280725
30064772077	30064772078	68719477662	94489280724
30064772077	30064772078	68719477663	94489280723
30064772077	30064772078	68719477664	94489280722
30064772077	30064772078	68719477667	94489280716
30064772077	30064772078	68719477668	94489280717
30064772077	30064772078	68719477669	94489280718
30064772077	30064772078	68719477670	111669149746
30064772077	30064772078	68719477671	94489280717
30064772077	30064772078	68719477672	94489280716
30064772077	30064772078	68719477673	94489280669
30064772078	30064772079	68719477619	94489280736
30064772078	30064772079	68719477622	94489280722
30064772078	30064772079	68719477623	94489280723
30064772078	30064772079	68719477624	94489280724
30064772078	30064772079	68719477625	94489280725
30064772078	30064772079	68719477626	94489280726
30064772078	30064772079	68719477627	94489280727
30064772078	30064772079	68719477628	94489280728
30064772078	30064772079	68719477629	94489280729
30064772078	30064772079	68719477630	94489280735
30064772078	30064772079	68719477631	94489280718
30064772078	30064772079	68719477632	111669149746
30064772078	30064772079	68719477633	94489280735
30064772078	30064772079	68719477634	94489280731
30064772078	30064772079	68719477635	111669149746
30064772078	30064772079	68719477636	94489280734
30064772078	30064772079	68719477637	94489280731
30064772078	30064772079	68719477638	111669149746
30064772078	30064772079	68719477639	94489280733
30064772078	30064772079	68719477640	94489280731
30064772078	30064772079	68719477641	111669149746
30064772078	30064772079	68719477642	94489280732
30064772078	30064772079	68719477646	94489280731
30064772078	30064772079	68719477647	111669149746
30064772078	30064772079	68719477648	94489280730
30064772078	30064772079	68719477654	94489280729
30064772078	30064772079	68719477655	94489280669
30064772078	30064772079	68719477656	94489280728
30064772078	30064772079	68719477657	94489280668
30064772078	30064772079	68719477658	94489280727
30064772078	30064772079	68719477659	94489280667
30064772078	30064772079	68719477660	94489280726
30064772078	30064772079	68719477661	94489280725
30064772078	30064772079	68719477662	94489280724
30064772078	30064772079	68719477663	94489280723
30064772078	30064772079	68719477664	94489280722
30064772078	30064772079	68719477667	94489280716
30064772078	30064772079	68719477668	94489280717
30064772078	30064772079	68719477669	94489280718
30064772078	30064772079	68719477670	111669149746
30064772078	30064772079	68719477671	94489280717
30064772078	30064772079	68719477672	94489280716
30064772078	30064772079	68719477673	94489280669
30064772079	25769803896	68719477619	94489280736
30064772079	25769803896	68719477622	94489280722
30064772079	25769803896	68719477623	94489280723
30064772079	25769803896	68719477624	94489280724
30064772079	25769803896	68719477625	94489280725
30064772079	25769803896	68719477626	94489280726
30064772079	25769803896	68719477627	94489280727
30064772079	25769803896	68719477628	94489280728
30064772079	25769803896	68719477629	94489280729
30064772079	25769803896	68719477630	94489280735
30064772079	25769803896	68719477631	94489280718
30064772079	25769803896	68719477632	111669149746
30064772079	25769803896	68719477633	94489280735
30064772079	25769803896	68719477634	94489280731
30064772079	25769803896	68719477635	111669149746
30064772079	25769803896	68719477636	94489280734
30064772079	25769803896	68719477637	94489280731
30064772079	25769803896	68719477638	111669149746
30064772079	25769803896	68719477639	94489280733
30064772079	25769803896	68719477640	94489280731
30064772079	25769803896	68719477641	111669149746
30064772079	25769803896	68719477642	94489280732
30064772079	25769803896	68719477646	94489280731
30064772079	25769803896	68719477647	111669149746
30064772079	25769803896	68719477648	94489280730
30064772079	25769803896	68719477654	94489280729
30064772079	25769803896	68719477655	94489280669
30064772079	25769803896	68719477656	94489280728
30064772079	25769803896	68719477657	94489280668
30064772079	25769803896	68719477658	94489280727
30064772079	25769803896	68719477659	94489280667
30064772079	25769803896	68719477660	94489280726
30064772079	25769803896	68719477661	94489280725
30064772079	25769803896	68719477662	94489280724
30064772079	25769803896	68719477663	94489280723
30064772079	25769803896	68719477664	94489280722
30064772079	25769803896	68719477667	94489280716
30064772079	25769803896	68719477668	94489280717
30064772079	25769803896	68719477669	94489280718
30064772079	25769803896	68719477670	111669149746
30064772079	25769803896	68719477671	94489280717
30064772079	25769803896	68719477672	94489280716
30064772079	25769803896	68719477673	94489280669
30064772080	68719477619	68719477619	94489280736
30064772082	30064772084	68719477622	94489280722
30064772082	30064772084	68719477623	94489280723
30064772082	30064772084	68719477624	94489280724
30064772082	30064772084	68719477625	94489280725
30064772082	30064772084	68719477626	94489280726
30064772082	30064772084	68719477627	94489280727
30064772082	30064772084	68719477628	94489280728
30064772082	30064772084	68719477629	94489280729
30064772082	30064772084	68719477630	94489280735
30064772082	30064772084	68719477631	94489280718
30064772082	30064772084	68719477632	111669149746
30064772082	30064772084	68719477633	94489280735
30064772082	30064772084	68719477634	94489280731
30064772082	30064772084	68719477635	111669149746
30064772082	30064772084	68719477636	94489280734
30064772082	30064772084	68719477637	94489280731
30064772082	30064772084	68719477638	111669149746
30064772082	30064772084	68719477639	94489280733
30064772082	30064772084	68719477640	94489280731
30064772082	30064772084	68719477641	111669149746
30064772082	30064772084	68719477642	94489280732
30064772082	30064772084	68719477646	94489280731
30064772082	30064772084	68719477647	111669149746
30064772082	30064772084	68719477648	94489280730
30064772082	30064772084	68719477654	94489280729
30064772082	30064772084	68719477655	94489280669
30064772082	30064772084	68719477656	94489280728
30064772082	30064772084	68719477657	94489280668
30064772082	30064772084	68719477658	94489280727
30064772082	30064772084	68719477659	94489280667
30064772082	30064772084	68719477660	94489280726
30064772082	30064772084	68719477661	94489280725
30064772082	30064772084	68719477662	94489280724
30064772082	30064772084	68719477663	94489280723
30064772082	30064772084	68719477664	94489280722
30064772084	68719477664	68719477664	94489280722
30064772085	30064772086	68719477622	94489280722
30064772085	30064772086	68719477623	94489280723
30064772085	30064772086	68719477624	94489280724
30064772085	30064772086	68719477625	94489280725
30064772085	30064772086	68719477626	94489280726
30064772085	30064772086	68719477627	94489280727
30064772085	30064772086	68719477628	94489280728
30064772085	30064772086	68719477629	94489280729
30064772085	30064772086	68719477630	94489280735
30064772085	30064772086	68719477631	94489280718
30064772085	30064772086	68719477632	111669149746
30064772085	30064772086	68719477633	94489280735
30064772085	30064772086	68719477634	94489280731
30064772085	30064772086	68719477635	111669149746
30064772085	30064772086	68719477636	94489280734
30064772085	30064772086	68719477637	94489280731
30064772085	30064772086	68719477638	111669149746
30064772085	30064772086	68719477639	94489280733
30064772085	30064772086	68719477640	94489280731
30064772085	30064772086	68719477641	111669149746
30064772085	30064772086	68719477642	94489280732
30064772085	30064772086	68719477646	94489280731
30064772085	30064772086	68719477647	111669149746
30064772085	30064772086	68719477648	94489280730
30064772085	30064772086	68719477654	94489280729
30064772085	30064772086	68719477655	94489280669
30064772085	30064772086	68719477656	94489280728
30064772085	30064772086	68719477657	94489280668
30064772085	30064772086	68719477658	94489280727
30064772085	30064772086	68719477659	94489280667
30064772085	30064772086	68719477660	94489280726
30064772085	30064772086	68719477661	94489280725
30064772085	30064772086	68719477662	94489280724
30064772085	30064772086	68719477663	94489280723
30064772086	68719477622	68719477622	94489280722
30064772086	30064772087	68719477623	94489280723
30064772086	30064772087	68719477624	94489280724
30064772086	30064772087	68719477625	94489280725
30064772086	30064772087	68719477626	94489280726
30064772086	30064772087	68719477627	94489280727
30064772086	30064772087	68719477628	94489280728
30064772086	30064772087	68719477629	94489280729
30064772086	30064772087	68719477630	94489280735
30064772086	30064772087	68719477631	94489280718
30064772086	30064772087	68719477632	111669149746
30064772086	30064772087	68719477633	94489280735
30064772086	30064772087	68719477634	94489280731
30064772086	30064772087	68719477635	111669149746
30064772086	30064772087	68719477636	94489280734
30064772086	30064772087	68719477637	94489280731
30064772086	30064772087	68719477638	111669149746
30064772086	30064772087	68719477639	94489280733
30064772086	30064772087	68719477640	94489280731
30064772086	30064772087	68719477641	111669149746
30064772086	30064772087	68719477642	94489280732
30064772086	30064772087	68719477646	94489280731
30064772086	30064772087	68719477647	111669149746
30064772086	30064772087	68719477648	94489280730
30064772086	30064772087	68719477654	94489280729
30064772086	30064772087	68719477655	94489280669
30064772086	30064772087	68719477656	94489280728
30064772086	30064772087	68719477657	94489280668
30064772086	30064772087	68719477658	94489280727
30064772086	30064772087	68719477659	94489280667
30064772086	30064772087	68719477660	94489280726
30064772086	30064772087	68719477661	94489280725
30064772086	30064772087	68719477662	94489280724
30064772086	30064772087	68719477663	94489280723
30064772087	68719477663	68719477663	94489280723
30064772088	30064772089	68719477623	94489280723
30064772088	30064772089	68719477624	94489280724
30064772088	30064772089	68719477625	94489280725
30064772088	30064772089	68719477626	94489280726
30064772088	30064772089	68719477627	94489280727
30064772088	30064772089	68719477628	94489280728
30064772088	30064772089	68719477629	94489280729
30064772088	30064772089	68719477630	94489280735
30064772088	30064772089	68719477631	94489280718
30064772088	30064772089	68719477632	111669149746
30064772088	30064772089	68719477633	94489280735
30064772088	30064772089	68719477634	94489280731
30064772088	30064772089	68719477635	111669149746
30064772088	30064772089	68719477636	94489280734
30064772088	30064772089	68719477637	94489280731
30064772088	30064772089	68719477638	111669149746
30064772088	30064772089	68719477639	94489280733
30064772088	30064772089	68719477640	94489280731
30064772088	30064772089	68719477641	111669149746
30064772088	30064772089	68719477642	94489280732
30064772088	30064772089	68719477646	94489280731
30064772088	30064772089	68719477647	111669149746
30064772088	30064772089	68719477648	94489280730
30064772088	30064772089	68719477654	94489280729
30064772088	30064772089	68719477655	94489280669
30064772088	30064772089	68719477656	94489280728
30064772088	30064772089	68719477657	94489280668
30064772088	30064772089	68719477658	94489280727
30064772088	30064772089	68719477659	94489280667
30064772088	30064772089	68719477660	94489280726
30064772088	30064772089	68719477661	94489280725
30064772088	30064772089	68719477662	94489280724
30064772089	68719477623	68719477623	94489280723
30064772089	30064772090	68719477624	94489280724
30064772089	30064772090	68719477625	94489280725
30064772089	30064772090	68719477626	94489280726
30064772089	30064772090	68719477627	94489280727
30064772089	30064772090	68719477628	94489280728
30064772089	30064772090	68719477629	94489280729
30064772089	30064772090	68719477630	94489280735
30064772089	30064772090	68719477631	94489280718
30064772089	30064772090	68719477632	111669149746
30064772089	30064772090	68719477633	94489280735
30064772089	30064772090	68719477634	94489280731
30064772089	30064772090	68719477635	111669149746
30064772089	30064772090	68719477636	94489280734
30064772089	30064772090	68719477637	94489280731
30064772089	30064772090	68719477638	111669149746
30064772089	30064772090	68719477639	94489280733
30064772089	30064772090	68719477640	94489280731
30064772089	30064772090	68719477641	111669149746
30064772089	30064772090	68719477642	94489280732
30064772089	30064772090	68719477646	94489280731
30064772089	30064772090	68719477647	111669149746
30064772089	30064772090	68719477648	94489280730
30064772089	30064772090	68719477654	94489280729
30064772089	30064772090	68719477655	94489280669
30064772089	30064772090	68719477656	94489280728
30064772089	30064772090	68719477657	94489280668
30064772089	30064772090	68719477658	94489280727
30064772089	30064772090	68719477659	94489280667
30064772089	30064772090	68719477660	94489280726
30064772089	30064772090	68719477661	94489280725
30064772089	30064772090	68719477662	94489280724
30064772090	68719477662	68719477662	94489280724
30064772091	30064772092	68719477624	94489280724
30064772091	30064772092	68719477625	94489280725
30064772091	30064772092	68719477626	94489280726
30064772091	30064772092	68719477627	94489280727
30064772091	30064772092	68719477628	94489280728
30064772091	30064772092	68719477629	94489280729
30064772091	30064772092	68719477630	94489280735
30064772091	30064772092	68719477631	94489280718
30064772091	30064772092	68719477632	111669149746
30064772091	30064772092	68719477633	94489280735
30064772091	30064772092	68719477634	94489280731
30064772091	30064772092	68719477635	111669149746
30064772091	30064772092	68719477636	94489280734
30064772091	30064772092	68719477637	94489280731
30064772091	30064772092	68719477638	111669149746
30064772091	30064772092	68719477639	94489280733
30064772091	30064772092	68719477640	94489280731
30064772091	30064772092	68719477641	111669149746
30064772091	30064772092	68719477642	94489280732
30064772091	30064772092	68719477646	94489280731
30064772091	30064772092	68719477647	111669149746
30064772091	30064772092	68719477648	94489280730
30064772091	30064772092	68719477654	94489280729
30064772091	30064772092	68719477655	94489280669
30064772091	30064772092	68719477656	94489280728
30064772091	30064772092	68719477657	94489280668
30064772091	30064772092	68719477658	94489280727
30064772091	30064772092	68719477659	94489280667
30064772091	30064772092	68719477660	94489280726
30064772091	30064772092	68719477661	94489280725
30064772092	68719477624	68719477624	94489280724
30064772092	30064772093	68719477625	94489280725
30064772092	30064772093	68719477626	94489280726
30064772092	30064772093	68719477627	94489280727
30064772092	30064772093	68719477628	94489280728
30064772092	30064772093	68719477629	94489280729
30064772092	30064772093	68719477630	94489280735
30064772092	30064772093	68719477631	94489280718
30064772092	30064772093	68719477632	111669149746
30064772092	30064772093	68719477633	94489280735
30064772092	30064772093	68719477634	94489280731
30064772092	30064772093	68719477635	111669149746
30064772092	30064772093	68719477636	94489280734
30064772092	30064772093	68719477637	94489280731
30064772092	30064772093	68719477638	111669149746
30064772092	30064772093	68719477639	94489280733
30064772092	30064772093	68719477640	94489280731
30064772092	30064772093	68719477641	111669149746
30064772092	30064772093	68719477642	94489280732
30064772092	30064772093	68719477646	94489280731
30064772092	30064772093	68719477647	111669149746
30064772092	30064772093	68719477648	94489280730
30064772092	30064772093	68719477654	94489280729
30064772092	30064772093	68719477655	94489280669
30064772092	30064772093	68719477656	94489280728
30064772092	30064772093	68719477657	94489280668
30064772092	30064772093	68719477658	94489280727
30064772092	30064772093	68719477659	94489280667
30064772092	30064772093	68719477660	94489280726
30064772092	30064772093	68719477661	94489280725
30064772093	68719477661	68719477661	94489280725
30064772094	30064772095	68719477625	94489280725
30064772094	30064772095	68719477626	94489280726
30064772094	30064772095	68719477627	94489280727
30064772094	30064772095	68719477628	94489280728
30064772094	30064772095	68719477629	94489280729
30064772094	30064772095	68719477630	94489280735
30064772094	30064772095	68719477631	94489280718
30064772094	30064772095	68719477632	111669149746
30064772094	30064772095	68719477633	94489280735
30064772094	30064772095	68719477634	94489280731
30064772094	30064772095	68719477635	111669149746
30064772094	30064772095	68719477636	94489280734
30064772094	30064772095	68719477637	94489280731
30064772094	30064772095	68719477638	111669149746
30064772094	30064772095	68719477639	94489280733
30064772094	30064772095	68719477640	94489280731
30064772094	30064772095	68719477641	111669149746
30064772094	30064772095	68719477642	94489280732
30064772094	30064772095	68719477646	94489280731
30064772094	30064772095	68719477647	111669149746
30064772094	30064772095	68719477648	94489280730
30064772094	30064772095	68719477654	94489280729
30064772094	30064772095	68719477655	94489280669
30064772094	30064772095	68719477656	94489280728
30064772094	30064772095	68719477657	94489280668
30064772094	30064772095	68719477658	94489280727
30064772094	30064772095	68719477659	94489280667
30064772094	30064772095	68719477660	94489280726
30064772095	68719477625	68719477625	94489280725
30064772095	30064772096	68719477626	94489280726
30064772095	30064772096	68719477627	94489280727
30064772095	30064772096	68719477628	94489280728
30064772095	30064772096	68719477629	94489280729
30064772095	30064772096	68719477630	94489280735
30064772095	30064772096	68719477631	94489280718
30064772095	30064772096	68719477632	111669149746
30064772095	30064772096	68719477633	94489280735
30064772095	30064772096	68719477634	94489280731
30064772095	30064772096	68719477635	111669149746
30064772095	30064772096	68719477636	94489280734
30064772095	30064772096	68719477637	94489280731
30064772095	30064772096	68719477638	111669149746
30064772095	30064772096	68719477639	94489280733
30064772095	30064772096	68719477640	94489280731
30064772095	30064772096	68719477641	111669149746
30064772095	30064772096	68719477642	94489280732
30064772095	30064772096	68719477646	94489280731
30064772095	30064772096	68719477647	111669149746
30064772095	30064772096	68719477648	94489280730
30064772095	30064772096	68719477654	94489280729
30064772095	30064772096	68719477655	94489280669
30064772095	30064772096	68719477656	94489280728
30064772095	30064772096	68719477657	94489280668
30064772095	30064772096	68719477658	94489280727
30064772095	30064772096	68719477659	94489280667
30064772095	30064772096	68719477660	94489280726
30064772096	68719477660	68719477660	94489280726
30064772097	30064772098	68719477626	94489280726
30064772097	30064772098	68719477627	94489280727
30064772097	30064772098	68719477628	94489280728
30064772097	30064772098	68719477629	94489280729
30064772097	30064772098	68719477630	94489280735
30064772097	30064772098	68719477631	94489280718
30064772097	30064772098	68719477632	111669149746
30064772097	30064772098	68719477633	94489280735
30064772097	30064772098	68719477634	94489280731
30064772097	30064772098	68719477635	111669149746
30064772097	30064772098	68719477636	94489280734
30064772097	30064772098	68719477637	94489280731
30064772097	30064772098	68719477638	111669149746
30064772097	30064772098	68719477639	94489280733
30064772097	30064772098	68719477640	94489280731
30064772097	30064772098	68719477641	111669149746
30064772097	30064772098	68719477642	94489280732
30064772097	30064772098	68719477646	94489280731
30064772097	30064772098	68719477647	111669149746
30064772097	30064772098	68719477648	94489280730
30064772097	30064772098	68719477654	94489280729
30064772097	30064772098	68719477655	94489280669
30064772097	30064772098	68719477656	94489280728
30064772097	30064772098	68719477657	94489280668
30064772097	30064772098	68719477658	94489280727
30064772097	30064772098	68719477659	94489280667
30064772098	68719477626	68719477626	94489280726
30064772098	30064772099	68719477627	94489280727
30064772098	30064772099	68719477628	94489280728
30064772098	30064772099	68719477629	94489280729
30064772098	30064772099	68719477630	94489280735
30064772098	30064772099	68719477631	94489280718
30064772098	30064772099	68719477632	111669149746
30064772098	30064772099	68719477633	94489280735
30064772098	30064772099	68719477634	94489280731
30064772098	30064772099	68719477635	111669149746
30064772098	30064772099	68719477636	94489280734
30064772098	30064772099	68719477637	94489280731
30064772098	30064772099	68719477638	111669149746
30064772098	30064772099	68719477639	94489280733
30064772098	30064772099	68719477640	94489280731
30064772098	30064772099	68719477641	111669149746
30064772098	30064772099	68719477642	94489280732
30064772098	30064772099	68719477646	94489280731
30064772098	30064772099	68719477647	111669149746
30064772098	30064772099	68719477648	94489280730
30064772098	30064772099	68719477654	94489280729
30064772098	30064772099	68719477655	94489280669
30064772098	30064772099	68719477656	94489280728
30064772098	30064772099	68719477657	94489280668
30064772098	30064772099	68719477658	94489280727
30064772098	30064772099	68719477659	94489280667
30064772099	68719477658	68719477658	94489280727
30064772099	68719477659	68719477659	94489280667
30064772100	30064772101	68719477627	94489280727
30064772100	30064772101	68719477628	94489280728
30064772100	30064772101	68719477629	94489280729
30064772100	30064772101	68719477630	94489280735
30064772100	30064772101	68719477631	94489280718
30064772100	30064772101	68719477632	111669149746
30064772100	30064772101	68719477633	94489280735
30064772100	30064772101	68719477634	94489280731
30064772100	30064772101	68719477635	111669149746
30064772100	30064772101	68719477636	94489280734
30064772100	30064772101	68719477637	94489280731
30064772100	30064772101	68719477638	111669149746
30064772100	30064772101	68719477639	94489280733
30064772100	30064772101	68719477640	94489280731
30064772100	30064772101	68719477641	111669149746
30064772100	30064772101	68719477642	94489280732
30064772100	30064772101	68719477646	94489280731
30064772100	30064772101	68719477647	111669149746
30064772100	30064772101	68719477648	94489280730
30064772100	30064772101	68719477654	94489280729
30064772100	30064772101	68719477655	94489280669
30064772100	30064772101	68719477656	94489280728
30064772100	30064772101	68719477657	94489280668
30064772101	68719477627	68719477627	94489280727
30064772101	30064772102	68719477628	94489280728
30064772101	30064772102	68719477629	94489280729
30064772101	30064772102	68719477630	94489280735
30064772101	30064772102	68719477631	94489280718
30064772101	30064772102	68719477632	111669149746
30064772101	30064772102	68719477633	94489280735
30064772101	30064772102	68719477634	94489280731
30064772101	30064772102	68719477635	111669149746
30064772101	30064772102	68719477636	94489280734
30064772101	30064772102	68719477637	94489280731
30064772101	30064772102	68719477638	111669149746
30064772101	30064772102	68719477639	94489280733
30064772101	30064772102	68719477640	94489280731
30064772101	30064772102	68719477641	111669149746
30064772101	30064772102	68719477642	94489280732
30064772101	30064772102	68719477646	94489280731
30064772101	30064772102	68719477647	111669149746
30064772101	30064772102	68719477648	94489280730
30064772101	30064772102	68719477654	94489280729
30064772101	30064772102	68719477655	94489280669
30064772101	30064772102	68719477656	94489280728
30064772101	30064772102	68719477657	94489280668
30064772102	68719477656	68719477656	94489280728
30064772102	68719477657	68719477657	94489280668
30064772103	30064772104	68719477628	94489280728
30064772103	30064772104	68719477629	94489280729
30064772103	30064772104	68719477630	94489280735
30064772103	30064772104	68719477631	94489280718
30064772103	30064772104	68719477632	111669149746
30064772103	30064772104	68719477633	94489280735
30064772103	30064772104	68719477634	94489280731
30064772103	30064772104	68719477635	111669149746
30064772103	30064772104	68719477636	94489280734
30064772103	30064772104	68719477637	94489280731
30064772103	30064772104	68719477638	111669149746
30064772103	30064772104	68719477639	94489280733
30064772103	30064772104	68719477640	94489280731
30064772103	30064772104	68719477641	111669149746
30064772103	30064772104	68719477642	94489280732
30064772103	30064772104	68719477646	94489280731
30064772103	30064772104	68719477647	111669149746
30064772103	30064772104	68719477648	94489280730
30064772103	30064772104	68719477654	94489280729
30064772103	30064772104	68719477655	94489280669
30064772104	68719477628	68719477628	94489280728
30064772104	30064772105	68719477629	94489280729
30064772104	30064772105	68719477630	94489280735
30064772104	30064772105	68719477631	94489280718
30064772104	30064772105	68719477632	111669149746
30064772104	30064772105	68719477633	94489280735
30064772104	30064772105	68719477634	94489280731
30064772104	30064772105	68719477635	111669149746
30064772104	30064772105	68719477636	94489280734
30064772104	30064772105	68719477637	94489280731
30064772104	30064772105	68719477638	111669149746
30064772104	30064772105	68719477639	94489280733
30064772104	30064772105	68719477640	94489280731
30064772104	30064772105	68719477641	111669149746
30064772104	30064772105	68719477642	94489280732
30064772104	30064772105	68719477646	94489280731
30064772104	30064772105	68719477647	111669149746
30064772104	30064772105	68719477648	94489280730
30064772104	30064772105	68719477654	94489280729
30064772104	30064772105	68719477655	94489280669
30064772105	68719477654	68719477654	94489280729
30064772105	68719477655	68719477655	94489280669
30064772106	30064772107	68719477629	94489280729
30064772106	30064772107	68719477630	94489280735
30064772106	30064772107	68719477631	94489280718
30064772106	30064772107	68719477632	111669149746
30064772106	30064772107	68719477633	94489280735
30064772106	30064772107	68719477634	94489280731
30064772106	30064772107	68719477635	111669149746
30064772106	30064772107	68719477636	94489280734
30064772106	30064772107	68719477637	94489280731
30064772106	30064772107	68719477638	111669149746
30064772106	30064772107	68719477639	94489280733
30064772106	30064772107	68719477640	94489280731
30064772106	30064772107	68719477641	111669149746
30064772106	30064772107	68719477642	94489280732
30064772106	30064772107	68719477646	94489280731
30064772106	30064772107	68719477647	111669149746
30064772106	30064772107	68719477648	94489280730
30064772107	68719477629	68719477629	94489280729
30064772107	30064772108	68719477630	94489280735
30064772107	30064772108	68719477631	94489280718
30064772107	30064772108	68719477632	111669149746
30064772107	30064772108	68719477633	94489280735
30064772107	30064772108	68719477634	94489280731
30064772107	30064772108	68719477635	111669149746
30064772107	30064772108	68719477636	94489280734
30064772107	30064772108	68719477637	94489280731
30064772107	30064772108	68719477638	111669149746
30064772107	30064772108	68719477639	94489280733
30064772107	30064772108	68719477640	94489280731
30064772107	30064772108	68719477641	111669149746
30064772107	30064772108	68719477642	94489280732
30064772107	30064772108	68719477646	94489280731
30064772107	30064772108	68719477647	111669149746
30064772107	30064772108	68719477648	94489280730
30064772108	68719477633	68719477633	94489280735
30064772108	30064772112	68719477634	94489280731
30064772108	30064772112	68719477635	111669149746
30064772108	30064772112	68719477636	94489280734
30064772108	30064772114	68719477637	94489280731
30064772108	30064772114	68719477638	111669149746
30064772108	30064772114	68719477639	94489280733
30064772108	30064772116	68719477640	94489280731
30064772108	30064772116	68719477641	111669149746
30064772108	30064772116	68719477642	94489280732
30064772108	30064772122	68719477646	94489280731
30064772108	30064772122	68719477647	111669149746
30064772108	30064772122	68719477648	94489280730
30064772109	30064772110	68719477630	94489280735
30064772109	30064772110	68719477631	94489280718
30064772109	30064772110	68719477632	111669149746
30064772110	68719477630	68719477630	94489280735
30064772110	30064772111	68719477631	94489280718
30064772110	30064772111	68719477632	111669149746
30064772111	68719477632	68719477632	111669149746
30064772112	30064772113	68719477634	94489280731
30064772112	30064772113	68719477635	111669149746
30064772112	30064772113	68719477636	94489280734
30064772113	68719477635	68719477635	111669149746
30064772113	68719477636	68719477636	94489280734
30064772114	30064772115	68719477637	94489280731
30064772114	30064772115	68719477638	111669149746
30064772114	30064772115	68719477639	94489280733
30064772115	68719477638	68719477638	111669149746
30064772115	68719477639	68719477639	94489280733
30064772116	30064772117	68719477640	94489280731
30064772116	30064772117	68719477641	111669149746
30064772116	30064772117	68719477642	94489280732
30064772117	68719477641	68719477641	111669149746
30064772117	25769803897	68719477642	94489280732
30064772118	68719477642	68719477642	94489280732
30064772122	30064772123	68719477646	94489280731
30064772122	30064772123	68719477647	111669149746
30064772122	30064772123	68719477648	94489280730
30064772123	68719477647	68719477647	111669149746
30064772123	25769803898	68719477648	94489280730
30064772124	68719477648	68719477648	94489280730
30064772130	30064772132	68719477667	94489280716
30064772130	30064772132	68719477668	94489280717
30064772130	30064772132	68719477669	94489280718
30064772130	30064772132	68719477670	111669149746
30064772130	30064772132	68719477671	94489280717
30064772130	30064772132	68719477672	94489280716
30064772130	30064772132	68719477673	94489280669
30064772132	68719477672	68719477672	94489280716
30064772132	68719477673	68719477673	94489280669
30064772133	30064772134	68719477667	94489280716
30064772133	30064772134	68719477668	94489280717
30064772133	30064772134	68719477669	94489280718
30064772133	30064772134	68719477670	111669149746
30064772133	30064772134	68719477671	94489280717
30064772134	68719477667	68719477667	94489280716
30064772134	30064772135	68719477668	94489280717
30064772134	30064772135	68719477669	94489280718
30064772134	30064772135	68719477670	111669149746
30064772134	30064772135	68719477671	94489280717
30064772135	68719477671	68719477671	94489280717
30064772136	30064772137	68719477668	94489280717
30064772136	30064772137	68719477669	94489280718
30064772136	30064772137	68719477670	111669149746
30064772137	68719477668	68719477668	94489280717
30064772137	30064772138	68719477669	94489280718
30064772137	30064772138	68719477670	111669149746
30064772138	68719477670	68719477670	111669149746
30064772139	68719477675	68719477675	94489280677
30064772141	68719477677	68719477677	94489280715
30064772143	68719477680	68719477680	94489280710
30064772145	68719477683	68719477683	94489280677
30064772145	30064772146	68719477684	94489280712
30064772145	30064772146	68719477685	94489280714
30064772145	30064772146	68719477686	94489280714
30064772145	30064772146	68719477687	94489280677
30064772145	30064772146	68719477688	94489280713
30064772145	30064772146	68719477689	94489280712
30064772146	68719477689	68719477689	94489280712
30064772147	30064772148	68719477684	94489280712
30064772147	30064772148	68719477685	94489280714
30064772147	30064772148	68719477686	94489280714
30064772147	30064772148	68719477687	94489280677
30064772147	30064772148	68719477688	94489280713
30064772148	68719477684	68719477684	94489280712
30064772148	30064772149	68719477685	94489280714
30064772148	30064772149	68719477686	94489280714
30064772148	30064772149	68719477687	94489280677
30064772148	30064772149	68719477688	94489280713
30064772149	68719477686	68719477686	94489280714
30064772149	68719477687	68719477687	94489280677
30064772149	68719477688	68719477688	94489280713
30064772150	68719477685	68719477685	94489280714
30064772151	68719477690	68719477690	94489280679
30064772151	30064772152	68719477691	94489280710
30064772151	30064772152	68719477692	94489280710
30064772152	30064772153	68719477691	94489280710
30064772152	30064772154	68719477692	94489280710
30064772153	68719477691	68719477691	94489280710
30064772154	68719477692	68719477692	94489280710
30064772155	68719477693	68719477693	94489280679
30064772155	30064772156	68719477694	94489280679
30064772156	68719477694	68719477694	94489280679
30064772157	30064772158	68719477695	111669149747
30064772157	25769803905	68719477697	94489280677
30064772157	25769803905	68719477699	94489280679
30064772158	68719477695	68719477695	111669149747
30064772159	68719477697	68719477697	94489280677
30064772161	68719477699	68719477699	94489280679
30064772163	68719477701	68719477701	94489280683
30064772163	30064772164	68719477702	111669149749
30064772164	68719477702	68719477702	111669149749
30064772165	68719477703	68719477703	94489280684
30064772167	68719477706	68719477706	94489280684
30064772168	30064772169	68719477707	111669149749
30064772168	25769803909	68719477709	111669149749
30064772169	68719477707	68719477707	111669149749
30064772170	30064772172	68719477709	111669149749
30064772172	30064772173	68719477709	111669149749
30064772173	68719477709	68719477709	111669149749
30064772174	30064772175	68719477711	94489280709
30064772174	30064772175	68719477714	94489280708
30064772174	30064772175	68719477715	94489280706
30064772174	30064772175	68719477716	111669149748
30064772174	30064772175	68719477717	94489280708
30064772174	30064772175	68719477719	94489280707
30064772174	30064772175	68719477720	111669149748
30064772174	30064772175	68719477722	111669149749
30064772174	30064772175	68719477724	94489280684
30064772174	30064772175	68719477728	94489280704
30064772174	30064772175	68719477729	94489280705
30064772174	30064772175	68719477730	94489280706
30064772174	30064772175	68719477731	111669149748
30064772174	30064772175	68719477732	94489280705
30064772174	30064772175	68719477733	94489280704
30064772174	30064772175	68719477735	94489280684
30064772175	25769803910	68719477711	94489280709
30064772175	25769803910	68719477714	94489280708
30064772175	25769803910	68719477715	94489280706
30064772175	25769803910	68719477716	111669149748
30064772175	25769803910	68719477717	94489280708
30064772175	25769803910	68719477719	94489280707
30064772175	25769803910	68719477720	111669149748
30064772175	25769803910	68719477722	111669149749
30064772175	25769803910	68719477724	94489280684
30064772175	25769803910	68719477728	94489280704
30064772175	25769803910	68719477729	94489280705
30064772175	25769803910	68719477730	94489280706
30064772175	25769803910	68719477731	111669149748
30064772175	25769803910	68719477732	94489280705
30064772175	25769803910	68719477733	94489280704
30064772175	25769803910	68719477735	94489280684
30064772176	68719477711	68719477711	94489280709
30064772178	30064772180	68719477714	94489280708
30064772178	30064772180	68719477715	94489280706
30064772178	30064772180	68719477716	111669149748
30064772178	30064772180	68719477717	94489280708
30064772178	30064772180	68719477719	94489280707
30064772178	30064772180	68719477720	111669149748
30064772178	30064772180	68719477722	111669149749
30064772178	30064772180	68719477724	94489280684
30064772180	68719477717	68719477717	94489280708
30064772180	25769803911	68719477719	94489280707
30064772180	25769803911	68719477720	111669149748
30064772180	25769803911	68719477722	111669149749
30064772180	25769803911	68719477724	94489280684
30064772181	30064772182	68719477714	94489280708
30064772181	30064772182	68719477715	94489280706
30064772181	30064772182	68719477716	111669149748
30064772182	68719477714	68719477714	94489280708
30064772182	30064772183	68719477715	94489280706
30064772182	30064772183	68719477716	111669149748
30064772183	68719477716	68719477716	111669149748
30064772184	30064772186	68719477719	94489280707
30064772184	30064772186	68719477720	111669149748
30064772186	68719477720	68719477720	111669149748
30064772187	30064772189	68719477722	111669149749
30064772189	30064772190	68719477722	111669149749
30064772190	30064772191	68719477722	111669149749
30064772191	68719477722	68719477722	111669149749
30064772192	30064772194	68719477724	94489280684
30064772194	68719477724	68719477724	94489280684
30064772195	30064772197	68719477728	94489280704
30064772195	30064772197	68719477729	94489280705
30064772195	30064772197	68719477730	94489280706
30064772195	30064772197	68719477731	111669149748
30064772195	30064772197	68719477732	94489280705
30064772195	30064772197	68719477733	94489280704
30064772195	30064772197	68719477735	94489280684
30064772197	68719477733	68719477733	94489280704
30064772197	25769803912	68719477735	94489280684
30064772198	30064772199	68719477728	94489280704
30064772198	30064772199	68719477729	94489280705
30064772198	30064772199	68719477730	94489280706
30064772198	30064772199	68719477731	111669149748
30064772198	30064772199	68719477732	94489280705
30064772199	68719477728	68719477728	94489280704
30064772199	30064772200	68719477729	94489280705
30064772199	30064772200	68719477730	94489280706
30064772199	30064772200	68719477731	111669149748
30064772199	30064772200	68719477732	94489280705
30064772200	68719477732	68719477732	94489280705
30064772201	30064772202	68719477729	94489280705
30064772201	30064772202	68719477730	94489280706
30064772201	30064772202	68719477731	111669149748
30064772202	68719477729	68719477729	94489280705
30064772202	30064772203	68719477730	94489280706
30064772202	30064772203	68719477731	111669149748
30064772203	68719477731	68719477731	111669149748
30064772204	30064772206	68719477735	94489280684
30064772206	68719477735	68719477735	94489280684
30064772207	30064772208	68719477738	94489280684
30064772208	68719477738	68719477738	94489280684
30064772209	30064772210	68719477739	94489280684
30064772209	30064772211	68719477740	94489280684
30064772210	68719477739	68719477739	94489280684
30064772211	30064772212	68719477740	94489280684
30064772212	30064772213	68719477740	94489280684
30064772213	68719477740	68719477740	94489280684
30064772214	30064772215	68719477741	111669149749
30064772214	25769803913	68719477743	111669149749
30064772215	68719477741	68719477741	111669149749
30064772216	30064772218	68719477743	111669149749
30064772218	30064772219	68719477743	111669149749
30064772219	68719477743	68719477743	111669149749
30064772220	68719477745	68719477745	94489280691
30064772220	30064772221	68719477746	111669149751
30064772221	68719477746	68719477746	111669149751
30064772222	68719477747	68719477747	94489280692
30064772224	30064772225	68719477750	94489280692
30064772225	68719477750	68719477750	94489280692
30064772226	30064772227	68719477751	111669149751
30064772226	25769803917	68719477753	111669149751
30064772227	68719477751	68719477751	111669149751
30064772228	30064772230	68719477753	111669149751
30064772230	30064772231	68719477753	111669149751
30064772231	68719477753	68719477753	111669149751
30064772232	30064772233	68719477755	94489280703
30064772232	30064772233	68719477758	94489280701
30064772232	30064772233	68719477759	94489280702
30064772232	30064772233	68719477760	94489280700
30064772232	30064772233	68719477761	111669149750
30064772232	30064772233	68719477762	94489280702
30064772232	30064772233	68719477763	94489280701
30064772232	30064772233	68719477765	111669149751
30064772232	30064772233	68719477767	94489280692
30064772232	30064772233	68719477771	94489280698
30064772232	30064772233	68719477772	94489280699
30064772232	30064772233	68719477773	94489280700
30064772232	30064772233	68719477774	111669149750
30064772232	30064772233	68719477775	94489280699
30064772232	30064772233	68719477776	94489280698
30064772232	30064772233	68719477778	94489280692
30064772233	25769803918	68719477755	94489280703
30064772233	25769803918	68719477758	94489280701
30064772233	25769803918	68719477759	94489280702
30064772233	25769803918	68719477760	94489280700
30064772233	25769803918	68719477761	111669149750
30064772233	25769803918	68719477762	94489280702
30064772233	25769803918	68719477763	94489280701
30064772233	25769803918	68719477765	111669149751
30064772233	25769803918	68719477767	94489280692
30064772233	25769803918	68719477771	94489280698
30064772233	25769803918	68719477772	94489280699
30064772233	25769803918	68719477773	94489280700
30064772233	25769803918	68719477774	111669149750
30064772233	25769803918	68719477775	94489280699
30064772233	25769803918	68719477776	94489280698
30064772233	25769803918	68719477778	94489280692
30064772234	68719477755	68719477755	94489280703
30064772236	30064772238	68719477758	94489280701
30064772236	30064772238	68719477759	94489280702
30064772236	30064772238	68719477760	94489280700
30064772236	30064772238	68719477761	111669149750
30064772236	30064772238	68719477762	94489280702
30064772236	30064772238	68719477763	94489280701
30064772236	30064772238	68719477765	111669149751
30064772236	30064772238	68719477767	94489280692
30064772238	68719477763	68719477763	94489280701
30064772238	25769803919	68719477765	111669149751
30064772238	25769803919	68719477767	94489280692
30064772239	30064772240	68719477758	94489280701
30064772239	30064772240	68719477759	94489280702
30064772239	30064772240	68719477760	94489280700
30064772239	30064772240	68719477761	111669149750
30064772239	30064772240	68719477762	94489280702
30064772240	68719477758	68719477758	94489280701
30064772240	30064772241	68719477759	94489280702
30064772240	30064772241	68719477760	94489280700
30064772240	30064772241	68719477761	111669149750
30064772240	30064772241	68719477762	94489280702
30064772241	68719477762	68719477762	94489280702
30064772242	30064772243	68719477759	94489280702
30064772242	30064772243	68719477760	94489280700
30064772242	30064772243	68719477761	111669149750
30064772243	68719477759	68719477759	94489280702
30064772243	30064772244	68719477760	94489280700
30064772243	30064772244	68719477761	111669149750
30064772244	68719477761	68719477761	111669149750
30064772245	30064772247	68719477765	111669149751
30064772247	30064772248	68719477765	111669149751
30064772248	30064772249	68719477765	111669149751
30064772249	68719477765	68719477765	111669149751
30064772250	30064772252	68719477767	94489280692
30064772252	68719477767	68719477767	94489280692
30064772253	30064772255	68719477771	94489280698
30064772253	30064772255	68719477772	94489280699
30064772253	30064772255	68719477773	94489280700
30064772253	30064772255	68719477774	111669149750
30064772253	30064772255	68719477775	94489280699
30064772253	30064772255	68719477776	94489280698
30064772253	30064772255	68719477778	94489280692
30064772255	68719477776	68719477776	94489280698
30064772255	25769803920	68719477778	94489280692
30064772256	30064772257	68719477771	94489280698
30064772256	30064772257	68719477772	94489280699
30064772256	30064772257	68719477773	94489280700
30064772256	30064772257	68719477774	111669149750
30064772256	30064772257	68719477775	94489280699
30064772257	68719477771	68719477771	94489280698
30064772257	30064772258	68719477772	94489280699
30064772257	30064772258	68719477773	94489280700
30064772257	30064772258	68719477774	111669149750
30064772257	30064772258	68719477775	94489280699
30064772258	68719477775	68719477775	94489280699
30064772259	30064772260	68719477772	94489280699
30064772259	30064772260	68719477773	94489280700
30064772259	30064772260	68719477774	111669149750
30064772260	68719477772	68719477772	94489280699
30064772260	30064772261	68719477773	94489280700
30064772260	30064772261	68719477774	111669149750
30064772261	68719477774	68719477774	111669149750
30064772262	30064772264	68719477778	94489280692
30064772264	68719477778	68719477778	94489280692
30064772265	30064772266	68719477781	94489280692
30064772266	68719477781	68719477781	94489280692
30064772267	30064772268	68719477782	94489280692
30064772267	30064772269	68719477783	94489280692
30064772268	68719477782	68719477782	94489280692
30064772269	30064772270	68719477783	94489280692
30064772270	30064772271	68719477783	94489280692
30064772271	68719477783	68719477783	94489280692
30064772272	30064772273	68719477784	111669149751
30064772272	25769803921	68719477786	111669149751
30064772273	68719477784	68719477784	111669149751
30064772274	30064772276	68719477786	111669149751
30064772276	30064772277	68719477786	111669149751
30064772277	68719477786	68719477786	111669149751
30064772278	68719477788	68719477788	94489280544
30064772278	30064771157	68719477789	94489280864
30064772278	30064771157	68719477790	111669149752
30064772279	68719477791	68719477791	94489280545
30064772279	30064771158	68719477792	94489280864
30064772279	30064771158	68719477793	111669149752
30064772280	68719477794	68719477794	94489280546
30064772280	30064771159	68719477795	94489280864
30064772280	30064771159	68719477796	111669149752
30064772281	68719477797	68719477797	94489280547
30064772281	30064771160	68719477798	94489280864
30064772281	30064771160	68719477799	111669149752
30064772282	68719477800	68719477800	94489280548
30064772282	30064771161	68719477801	94489280864
30064772282	30064771161	68719477802	111669149752
30064772283	68719477803	68719477803	94489280550
30064772283	30064771162	68719477804	94489280864
30064772283	30064771162	68719477805	111669149752
30064772284	68719477806	68719477806	94489280551
30064772286	68719477809	68719477809	94489280552
30064772286	30064771163	68719477810	94489280864
30064772286	30064771163	68719477811	111669149752
30064772287	68719477812	68719477812	94489280553
30064772287	30064771164	68719477813	94489280864
30064772287	30064771164	68719477814	111669149752
30064772288	68719477814	68719477814	111669149752
30064772289	68719477815	68719477815	94489280555
30064772289	30064771165	68719477816	94489280864
30064772289	30064771165	68719477817	111669149752
30064772290	68719477818	68719477818	94489280556
30064772292	68719477821	68719477821	94489280558
30064772292	30064771166	68719477822	94489280864
30064772292	30064771166	68719477823	111669149752
30064772293	68719477824	68719477824	94489280559
30064772295	68719477826	68719477826	94489280560
30064772297	68719477828	68719477828	94489280561
30064772299	30064772300	68719477831	94489280863
30064772299	25769803792	68719477846	94489280548
30064772300	68719477831	68719477831	94489280863
30064772323	68719477846	68719477846	94489280548
30064772325	68719478004	68719478004	111669149766
30064772326	68719478007	68719478007	111669149766
30064772327	68719478010	68719478010	111669149766
30064772328	68719478013	68719478013	111669149766
30064772329	30064772499	68719478018	94489280940
30064772329	30064772499	68719478019	111669149766
30064772330	68719478022	68719478022	111669149766
30064772331	68719478025	68719478025	111669149766
30064772332	68719477849	68719477849	111669149755
30064772332	68719477850	68719477850	111669149754
30064772333	68719477848	68719477848	111669149755
30064772334	68719477851	68719477851	111669149754
30064772334	30064772335	68719477852	94489280936
30064772334	30064772335	68719477853	94489280937
30064772334	30064772335	68719477854	94489280938
30064772334	30064772335	68719477855	111669149753
30064772334	30064772335	68719477856	94489280937
30064772334	30064772335	68719477857	94489280936
30064772334	30064772335	68719477859	111669149754
30064772335	30064772336	68719477852	94489280936
30064772335	30064772336	68719477853	94489280937
30064772335	30064772336	68719477854	94489280938
30064772335	30064772336	68719477855	111669149753
30064772335	30064772336	68719477856	94489280937
30064772335	30064772336	68719477857	94489280936
30064772335	30064772336	68719477859	111669149754
30064772336	68719477857	68719477857	94489280936
30064772336	25769803927	68719477859	111669149754
30064772337	30064772338	68719477852	94489280936
30064772337	30064772338	68719477853	94489280937
30064772337	30064772338	68719477854	94489280938
30064772337	30064772338	68719477855	111669149753
30064772337	30064772338	68719477856	94489280937
30064772338	68719477852	68719477852	94489280936
30064772338	30064772339	68719477853	94489280937
30064772338	30064772339	68719477854	94489280938
30064772338	30064772339	68719477855	111669149753
30064772338	30064772339	68719477856	94489280937
30064772339	68719477856	68719477856	94489280937
30064772340	30064772341	68719477853	94489280937
30064772340	30064772341	68719477854	94489280938
30064772340	30064772341	68719477855	111669149753
30064772341	68719477853	68719477853	94489280937
30064772341	30064772342	68719477854	94489280938
30064772341	30064772342	68719477855	111669149753
30064772342	68719477855	68719477855	111669149753
30064772343	68719477859	68719477859	111669149754
30064772345	68719477862	68719477862	111669149755
30064772345	68719477863	68719477863	111669149754
30064772346	68719477861	68719477861	111669149755
30064772347	30064772348	68719477864	111669149755
30064772347	68719477865	68719477865	111669149754
30064772348	30064772349	68719477864	111669149755
30064772349	68719477864	68719477864	111669149755
30064772350	68719477867	68719477867	111669149753
30064772351	68719477871	68719477871	94489280927
30064772351	25769803933	68719477872	94489280926
30064772351	25769803933	68719477875	94489280925
30064772351	25769803933	68719477876	94489280925
30064772352	30064772353	68719477868	94489280927
30064772352	30064772353	68719477869	111669149757
30064772352	30064772353	68719477870	111669149757
30064772353	68719477868	68719477868	94489280927
30064772353	30064772354	68719477869	111669149757
30064772353	30064772354	68719477870	111669149757
30064772354	68719477870	68719477870	111669149757
30064772355	68719477869	68719477869	111669149757
30064772356	68719477872	68719477872	94489280926
30064772358	30064772360	68719477875	94489280925
30064772358	30064772360	68719477876	94489280925
30064772360	68719477875	68719477875	94489280925
30064772360	30064772361	68719477876	94489280925
30064772361	68719477876	68719477876	94489280925
30064772362	30064772363	68719477878	111669149759
30064772363	30064772364	68719477878	111669149759
30064772364	68719477878	68719477878	111669149759
30064772365	30064772366	68719477879	111669149759
30064772365	30064772368	68719477880	111669149759
30064772366	30064772367	68719477879	111669149759
30064772367	68719477879	68719477879	111669149759
30064772368	30064772369	68719477880	111669149759
30064772369	30064772370	68719477880	111669149759
30064772370	68719477880	68719477880	111669149759
30064772371	68719477882	68719477882	94489280881
30064772371	30064772372	68719477883	111669149761
30064772372	68719477883	68719477883	111669149761
30064772373	68719477884	68719477884	94489280882
30064772375	68719477887	68719477887	94489280884
30064772375	30064772376	68719477888	111669149761
30064772376	68719477888	68719477888	111669149761
30064772377	68719477889	68719477889	94489280885
30064772379	68719477892	68719477892	94489280886
30064772379	30064772380	68719477893	94489280928
30064772379	30064772380	68719477894	94489280929
30064772379	30064772380	68719477895	94489280930
30064772379	30064772380	68719477896	94489280934
30064772379	30064772380	68719477897	94489280935
30064772379	30064772380	68719477898	111669149760
30064772379	30064772380	68719477899	94489280934
30064772379	30064772380	68719477900	94489280932
30064772379	30064772380	68719477901	111669149760
30064772379	30064772380	68719477902	94489280933
30064772379	30064772380	68719477903	94489280932
30064772379	30064772380	68719477904	111669149760
30064772379	30064772380	68719477905	94489280931
30064772379	30064772380	68719477906	94489280930
30064772379	30064772380	68719477908	94489280885
30064772379	30064772380	68719477910	94489280929
30064772379	30064772380	68719477911	94489280928
30064772380	30064772381	68719477893	94489280928
30064772380	30064772381	68719477894	94489280929
30064772380	30064772381	68719477895	94489280930
30064772380	30064772381	68719477896	94489280934
30064772380	30064772381	68719477897	94489280935
30064772380	30064772381	68719477898	111669149760
30064772380	30064772381	68719477899	94489280934
30064772380	30064772381	68719477900	94489280932
30064772380	30064772381	68719477901	111669149760
30064772380	30064772381	68719477902	94489280933
30064772380	30064772381	68719477903	94489280932
30064772380	30064772381	68719477904	111669149760
30064772380	30064772381	68719477905	94489280931
30064772380	30064772381	68719477906	94489280930
30064772380	30064772381	68719477908	94489280885
30064772380	30064772381	68719477910	94489280929
30064772380	30064772381	68719477911	94489280928
30064772381	68719477911	68719477911	94489280928
30064772382	30064772383	68719477893	94489280928
30064772382	30064772383	68719477894	94489280929
30064772382	30064772383	68719477895	94489280930
30064772382	30064772383	68719477896	94489280934
30064772382	30064772383	68719477897	94489280935
30064772382	30064772383	68719477898	111669149760
30064772382	30064772383	68719477899	94489280934
30064772382	30064772383	68719477900	94489280932
30064772382	30064772383	68719477901	111669149760
30064772382	30064772383	68719477902	94489280933
30064772382	30064772383	68719477903	94489280932
30064772382	30064772383	68719477904	111669149760
30064772382	30064772383	68719477905	94489280931
30064772382	30064772383	68719477906	94489280930
30064772382	30064772383	68719477908	94489280885
30064772382	30064772383	68719477910	94489280929
30064772383	68719477893	68719477893	94489280928
30064772383	30064772384	68719477894	94489280929
30064772383	30064772384	68719477895	94489280930
30064772383	30064772384	68719477896	94489280934
30064772383	30064772384	68719477897	94489280935
30064772383	30064772384	68719477898	111669149760
30064772383	30064772384	68719477899	94489280934
30064772383	30064772384	68719477900	94489280932
30064772383	30064772384	68719477901	111669149760
30064772383	30064772384	68719477902	94489280933
30064772383	30064772384	68719477903	94489280932
30064772383	30064772384	68719477904	111669149760
30064772383	30064772384	68719477905	94489280931
30064772383	30064772384	68719477906	94489280930
30064772383	30064772384	68719477908	94489280885
30064772383	30064772384	68719477910	94489280929
30064772384	68719477910	68719477910	94489280929
30064772385	30064772386	68719477894	94489280929
30064772385	30064772386	68719477895	94489280930
30064772385	30064772386	68719477896	94489280934
30064772385	30064772386	68719477897	94489280935
30064772385	30064772386	68719477898	111669149760
30064772385	30064772386	68719477899	94489280934
30064772385	30064772386	68719477900	94489280932
30064772385	30064772386	68719477901	111669149760
30064772385	30064772386	68719477902	94489280933
30064772385	30064772386	68719477903	94489280932
30064772385	30064772386	68719477904	111669149760
30064772385	30064772386	68719477905	94489280931
30064772385	30064772386	68719477906	94489280930
30064772385	30064772386	68719477908	94489280885
30064772386	68719477894	68719477894	94489280929
30064772386	30064772387	68719477895	94489280930
30064772386	30064772387	68719477896	94489280934
30064772386	30064772387	68719477897	94489280935
30064772386	30064772387	68719477898	111669149760
30064772386	30064772387	68719477899	94489280934
30064772386	30064772387	68719477900	94489280932
30064772386	30064772387	68719477901	111669149760
30064772386	30064772387	68719477902	94489280933
30064772386	30064772387	68719477903	94489280932
30064772386	30064772387	68719477904	111669149760
30064772386	30064772387	68719477905	94489280931
30064772386	30064772387	68719477906	94489280930
30064772386	30064772387	68719477908	94489280885
30064772387	68719477906	68719477906	94489280930
30064772387	25769803932	68719477908	94489280885
30064772388	30064772389	68719477895	94489280930
30064772388	30064772389	68719477896	94489280934
30064772388	30064772389	68719477897	94489280935
30064772388	30064772389	68719477898	111669149760
30064772388	30064772389	68719477899	94489280934
30064772388	30064772389	68719477900	94489280932
30064772388	30064772389	68719477901	111669149760
30064772388	30064772389	68719477902	94489280933
30064772388	30064772389	68719477903	94489280932
30064772388	30064772389	68719477904	111669149760
30064772388	30064772389	68719477905	94489280931
30064772389	68719477895	68719477895	94489280930
30064772389	30064772390	68719477896	94489280934
30064772389	30064772390	68719477897	94489280935
30064772389	30064772390	68719477898	111669149760
30064772389	30064772390	68719477899	94489280934
30064772389	30064772390	68719477900	94489280932
30064772389	30064772390	68719477901	111669149760
30064772389	30064772390	68719477902	94489280933
30064772389	30064772390	68719477903	94489280932
30064772389	30064772390	68719477904	111669149760
30064772389	30064772390	68719477905	94489280931
30064772390	68719477899	68719477899	94489280934
30064772390	30064772394	68719477900	94489280932
30064772390	30064772394	68719477901	111669149760
30064772390	30064772394	68719477902	94489280933
30064772390	30064772396	68719477903	94489280932
30064772390	30064772396	68719477904	111669149760
30064772390	30064772396	68719477905	94489280931
30064772391	30064772392	68719477896	94489280934
30064772391	30064772392	68719477897	94489280935
30064772391	30064772392	68719477898	111669149760
30064772392	68719477896	68719477896	94489280934
30064772392	30064772393	68719477897	94489280935
30064772392	30064772393	68719477898	111669149760
30064772393	68719477898	68719477898	111669149760
30064772394	30064772395	68719477900	94489280932
30064772394	30064772395	68719477901	111669149760
30064772394	30064772395	68719477902	94489280933
30064772395	68719477901	68719477901	111669149760
30064772395	68719477902	68719477902	94489280933
30064772396	30064772397	68719477903	94489280932
30064772396	30064772397	68719477904	111669149760
30064772396	30064772397	68719477905	94489280931
30064772397	68719477904	68719477904	111669149760
30064772397	68719477905	68719477905	94489280931
30064772398	30064772400	68719477908	94489280885
30064772400	68719477908	68719477908	94489280885
30064772401	68719477912	68719477912	94489280886
30064772401	30064772402	68719477913	94489280922
30064772401	30064772402	68719477914	94489280924
30064772401	30064772402	68719477915	94489280924
30064772401	30064772402	68719477916	94489280886
30064772401	30064772402	68719477917	94489280923
30064772401	30064772402	68719477918	94489280922
30064772402	68719477918	68719477918	94489280922
30064772403	30064772404	68719477913	94489280922
30064772403	30064772404	68719477914	94489280924
30064772403	30064772404	68719477915	94489280924
30064772403	30064772404	68719477916	94489280886
30064772403	30064772404	68719477917	94489280923
30064772404	68719477913	68719477913	94489280922
30064772404	30064772405	68719477914	94489280924
30064772404	30064772405	68719477915	94489280924
30064772404	30064772405	68719477916	94489280886
30064772404	30064772405	68719477917	94489280923
30064772405	68719477915	68719477915	94489280924
30064772405	68719477916	68719477916	94489280886
30064772405	68719477917	68719477917	94489280923
30064772406	68719477914	68719477914	94489280924
30064772407	30064772408	68719477919	111669149761
30064772407	25769803936	68719477921	94489280886
30064772408	68719477919	68719477919	111669149761
30064772409	68719477921	68719477921	94489280886
30064772411	68719477923	68719477923	94489280891
30064772411	30064772412	68719477924	111669149763
30064772412	68719477924	68719477924	111669149763
30064772413	68719477925	68719477925	94489280892
30064772415	68719477928	68719477928	94489280894
30064772415	30064772416	68719477929	111669149763
30064772416	68719477929	68719477929	111669149763
30064772417	68719477930	68719477930	94489280895
30064772419	68719477933	68719477933	94489280897
30064772419	30064772420	68719477934	111669149763
30064772420	68719477934	68719477934	111669149763
30064772421	68719477935	68719477935	94489280898
30064772423	68719477938	68719477938	94489280900
30064772423	68719477939	68719477939	94489280892
30064772424	68719477940	68719477940	94489280914
30064772430	68719477945	68719477945	94489280902
30064772433	30064772434	68719477948	94489280914
30064772433	30064772435	68719477949	94489280921
30064772433	30064772435	68719477950	111669149762
30064772434	68719477948	68719477948	94489280914
30064772435	68719477950	68719477950	111669149762
30064772436	30064772437	68719477951	94489280914
30064772436	30064772438	68719477952	94489280895
30064772437	68719477951	68719477951	94489280914
30064772438	68719477952	68719477952	94489280895
30064772439	30064772440	68719477953	94489280914
30064772439	30064772441	68719477954	94489280898
30064772440	68719477953	68719477953	94489280914
30064772441	68719477954	68719477954	94489280898
30064772442	68719477955	68719477955	94489280914
30064772442	30064772443	68719477956	94489280920
30064772442	30064772443	68719477957	111669149763
30064772442	30064772443	68719477958	94489280920
30064772442	30064772443	68719477959	94489280914
30064772442	30064772443	68719477960	94489280902
30064772443	30064772444	68719477956	94489280920
30064772443	30064772444	68719477957	111669149763
30064772443	30064772444	68719477958	94489280920
30064772443	30064772444	68719477959	94489280914
30064772443	30064772444	68719477960	94489280902
30064772444	68719477958	68719477958	94489280920
30064772444	68719477959	68719477959	94489280914
30064772444	68719477960	68719477960	94489280902
30064772445	30064772446	68719477956	94489280920
30064772445	30064772446	68719477957	111669149763
30064772446	68719477956	68719477956	94489280920
30064772446	30064772447	68719477957	111669149763
30064772447	30064772448	68719477957	111669149763
30064772448	30064772449	68719477957	111669149763
30064772449	68719477957	68719477957	111669149763
30064772450	30064772451	68719477961	94489280918
30064772450	30064772451	68719477962	94489280919
30064772450	30064772451	68719477963	111669149762
30064772450	30064772451	68719477964	94489280918
30064772450	30064772451	68719477965	94489280917
30064772450	30064772451	68719477966	94489280917
30064772450	30064772451	68719477967	94489280914
30064772451	68719477964	68719477964	94489280918
30064772451	30064772455	68719477965	94489280917
30064772451	30064772455	68719477966	94489280917
30064772451	30064772455	68719477967	94489280914
30064772452	30064772453	68719477961	94489280918
30064772452	30064772453	68719477962	94489280919
30064772452	30064772453	68719477963	111669149762
30064772453	68719477961	68719477961	94489280918
30064772453	30064772454	68719477962	94489280919
30064772453	30064772454	68719477963	111669149762
30064772454	68719477963	68719477963	111669149762
30064772455	68719477966	68719477966	94489280917
30064772455	68719477967	68719477967	94489280914
30064772456	68719477965	68719477965	94489280917
30064772457	30064772458	68719477968	94489280914
30064772457	30064772459	68719477969	94489280916
30064772457	30064772459	68719477970	94489280916
30064772457	30064772459	68719477971	94489280895
30064772457	30064772459	68719477972	94489280915
30064772458	68719477968	68719477968	94489280914
30064772459	68719477970	68719477970	94489280916
30064772459	68719477971	68719477971	94489280895
30064772459	25769803944	68719477972	94489280915
30064772460	68719477969	68719477969	94489280916
30064772461	68719477972	68719477972	94489280915
30064772471	30064772472	68719477982	111669149763
30064772471	25769803945	68719477984	94489280914
30064772472	68719477982	68719477982	111669149763
30064772473	68719477984	68719477984	94489280914
30064772475	68719477986	68719477986	94489280907
30064772475	30064772476	68719477987	111669149765
30064772476	68719477987	68719477987	111669149765
30064772477	68719477988	68719477988	94489280908
30064772479	30064772480	68719477991	94489280911
30064772479	30064772480	68719477992	94489280912
30064772479	30064772480	68719477993	94489280913
30064772479	30064772480	68719477994	111669149764
30064772479	30064772480	68719477995	94489280912
30064772479	30064772480	68719477996	94489280911
30064772479	30064772480	68719477998	94489280908
30064772480	68719477996	68719477996	94489280911
30064772480	25769803948	68719477998	94489280908
30064772481	30064772482	68719477991	94489280911
30064772481	30064772482	68719477992	94489280912
30064772481	30064772482	68719477993	94489280913
30064772481	30064772482	68719477994	111669149764
30064772481	30064772482	68719477995	94489280912
30064772482	68719477991	68719477991	94489280911
30064772482	30064772483	68719477992	94489280912
30064772482	30064772483	68719477993	94489280913
30064772482	30064772483	68719477994	111669149764
30064772482	30064772483	68719477995	94489280912
30064772483	68719477995	68719477995	94489280912
30064772484	30064772485	68719477992	94489280912
30064772484	30064772485	68719477993	94489280913
30064772484	30064772485	68719477994	111669149764
30064772485	68719477992	68719477992	94489280912
30064772485	30064772486	68719477993	94489280913
30064772485	30064772486	68719477994	111669149764
30064772486	68719477994	68719477994	111669149764
30064772487	30064772489	68719477998	94489280908
30064772489	68719477998	68719477998	94489280908
30064772490	30064772491	68719478000	111669149765
30064772491	68719478000	68719478000	111669149765
30064772492	68719478002	68719478002	94489280865
30064772492	30064772325	68719478003	94489280940
30064772492	30064772325	68719478004	111669149766
30064772493	68719478005	68719478005	94489280866
30064772493	30064772326	68719478006	94489280940
30064772493	30064772326	68719478007	111669149766
30064772494	68719478008	68719478008	94489280867
30064772494	30064772327	68719478009	94489280940
30064772494	30064772327	68719478010	111669149766
30064772495	68719478011	68719478011	94489280869
30064772495	30064772328	68719478012	94489280940
30064772495	30064772328	68719478013	111669149766
30064772496	68719478014	68719478014	94489280870
30064772498	68719478017	68719478017	94489280871
30064772498	30064772329	68719478018	94489280940
30064772498	30064772329	68719478019	111669149766
30064772499	68719478019	68719478019	111669149766
30064772500	68719478020	68719478020	94489280872
30064772500	30064772330	68719478021	94489280940
30064772500	30064772330	68719478022	111669149766
30064772501	68719478023	68719478023	94489280874
30064772501	30064772331	68719478024	94489280940
30064772501	30064772331	68719478025	111669149766
30064772502	68719478026	68719478026	94489280875
30064772504	68719478028	68719478028	94489280876
30064772506	68719478030	68719478030	94489280877
30064772508	30064772509	68719478033	94489280939
30064772509	68719478033	68719478033	94489280939
30064772518	68719478041	68719478041	111669149767
30064772519	68719478044	68719478044	111669149767
30064772520	68719478047	68719478047	111669149767
30064772521	68719478050	68719478050	111669149767
30064772522	68719478039	68719478039	94489280941
30064772522	30064772518	68719478040	94489280947
30064772522	30064772518	68719478041	111669149767
30064772523	68719478042	68719478042	94489280942
30064772523	30064772519	68719478043	94489280947
30064772523	30064772519	68719478044	111669149767
30064772524	68719478045	68719478045	94489280943
30064772524	30064772520	68719478046	94489280947
30064772524	30064772520	68719478047	111669149767
30064772525	68719478048	68719478048	94489280944
30064772525	30064772521	68719478049	94489280947
30064772525	30064772521	68719478050	111669149767
30064772526	30064772527	68719478051	94489280946
30064772526	25769803951	68719478053	94489280941
30064772526	25769803951	68719478055	94489280942
30064772526	25769803951	68719478057	94489280943
30064772526	25769803951	68719478059	94489280944
30064772527	68719478051	68719478051	94489280946
30064772528	68719478053	68719478053	94489280941
30064772530	68719478055	68719478055	94489280942
30064772532	68719478057	68719478057	94489280943
30064772534	68719478059	68719478059	94489280944
30064772536	68719478196	68719478196	111669149779
30064772537	68719478199	68719478199	111669149779
30064772538	68719478202	68719478202	111669149779
30064772539	68719478208	68719478208	111669149779
30064772540	30064772710	68719478215	94489281009
30064772540	30064772710	68719478216	111669149779
30064772541	68719478219	68719478219	111669149779
30064772542	68719478064	68719478064	94489281001
30064772542	25769803959	68719478065	94489281000
30064772542	25769803959	68719478068	94489280999
30064772542	25769803959	68719478069	94489280999
30064772543	30064772544	68719478061	94489281001
30064772543	30064772544	68719478062	111669149768
30064772543	30064772544	68719478063	111669149768
30064772544	68719478061	68719478061	94489281001
30064772544	30064772545	68719478062	111669149768
30064772544	30064772545	68719478063	111669149768
30064772545	68719478063	68719478063	111669149768
30064772546	68719478062	68719478062	111669149768
30064772547	68719478065	68719478065	94489281000
30064772549	30064772551	68719478068	94489280999
30064772549	30064772551	68719478069	94489280999
30064772551	68719478068	68719478068	94489280999
30064772551	30064772552	68719478069	94489280999
30064772552	68719478069	68719478069	94489280999
30064772553	68719478072	68719478072	111669149771
30064772553	68719478073	68719478073	111669149770
30064772554	68719478071	68719478071	111669149771
30064772555	68719478074	68719478074	94489280961
30064772555	30064772556	68719478075	111669149771
30064772556	68719478075	68719478075	111669149771
30064772557	68719478076	68719478076	94489280962
30064772559	30064772560	68719478079	111669149771
30064772559	30064772562	68719478080	94489281002
30064772559	30064772562	68719478081	94489281003
30064772559	30064772562	68719478082	94489281006
30064772559	30064772562	68719478083	94489281007
30064772559	30064772562	68719478084	111669149769
30064772559	30064772562	68719478085	94489281006
30064772559	30064772562	68719478086	94489281005
30064772559	30064772562	68719478087	111669149769
30064772559	30064772562	68719478088	94489281004
30064772559	30064772562	68719478089	94489281003
30064772559	30064772562	68719478091	111669149770
30064772559	30064772562	68719478093	94489281002
30064772560	30064772561	68719478079	111669149771
30064772561	68719478079	68719478079	111669149771
30064772562	30064772563	68719478080	94489281002
30064772562	30064772563	68719478081	94489281003
30064772562	30064772563	68719478082	94489281006
30064772562	30064772563	68719478083	94489281007
30064772562	30064772563	68719478084	111669149769
30064772562	30064772563	68719478085	94489281006
30064772562	30064772563	68719478086	94489281005
30064772562	30064772563	68719478087	111669149769
30064772562	30064772563	68719478088	94489281004
30064772562	30064772563	68719478089	94489281003
30064772562	30064772563	68719478091	111669149770
30064772562	30064772563	68719478093	94489281002
30064772563	68719478093	68719478093	94489281002
30064772564	30064772565	68719478080	94489281002
30064772564	30064772565	68719478081	94489281003
30064772564	30064772565	68719478082	94489281006
30064772564	30064772565	68719478083	94489281007
30064772564	30064772565	68719478084	111669149769
30064772564	30064772565	68719478085	94489281006
30064772564	30064772565	68719478086	94489281005
30064772564	30064772565	68719478087	111669149769
30064772564	30064772565	68719478088	94489281004
30064772564	30064772565	68719478089	94489281003
30064772564	30064772565	68719478091	111669149770
30064772565	68719478080	68719478080	94489281002
30064772565	30064772566	68719478081	94489281003
30064772565	30064772566	68719478082	94489281006
30064772565	30064772566	68719478083	94489281007
30064772565	30064772566	68719478084	111669149769
30064772565	30064772566	68719478085	94489281006
30064772565	30064772566	68719478086	94489281005
30064772565	30064772566	68719478087	111669149769
30064772565	30064772566	68719478088	94489281004
30064772565	30064772566	68719478089	94489281003
30064772565	30064772566	68719478091	111669149770
30064772566	68719478089	68719478089	94489281003
30064772566	25769803958	68719478091	111669149770
30064772567	30064772568	68719478081	94489281003
30064772567	30064772568	68719478082	94489281006
30064772567	30064772568	68719478083	94489281007
30064772567	30064772568	68719478084	111669149769
30064772567	30064772568	68719478085	94489281006
30064772567	30064772568	68719478086	94489281005
30064772567	30064772568	68719478087	111669149769
30064772567	30064772568	68719478088	94489281004
30064772568	68719478081	68719478081	94489281003
30064772568	30064772569	68719478082	94489281006
30064772568	30064772569	68719478083	94489281007
30064772568	30064772569	68719478084	111669149769
30064772568	30064772569	68719478085	94489281006
30064772568	30064772569	68719478086	94489281005
30064772568	30064772569	68719478087	111669149769
30064772568	30064772569	68719478088	94489281004
30064772569	68719478085	68719478085	94489281006
30064772569	30064772573	68719478086	94489281005
30064772569	30064772573	68719478087	111669149769
30064772569	30064772573	68719478088	94489281004
30064772570	30064772571	68719478082	94489281006
30064772570	30064772571	68719478083	94489281007
30064772570	30064772571	68719478084	111669149769
30064772571	68719478082	68719478082	94489281006
30064772571	30064772572	68719478083	94489281007
30064772571	30064772572	68719478084	111669149769
30064772572	68719478084	68719478084	111669149769
30064772573	30064772574	68719478086	94489281005
30064772573	30064772574	68719478087	111669149769
30064772573	30064772574	68719478088	94489281004
30064772574	68719478087	68719478087	111669149769
30064772574	68719478088	68719478088	94489281004
30064772575	68719478091	68719478091	111669149770
30064772577	68719478095	68719478095	111669149771
30064772577	30064772579	68719478096	111669149771
30064772577	30064772579	68719478097	111669149771
30064772578	68719478094	68719478094	111669149771
30064772579	30064772580	68719478096	111669149771
30064772579	30064772582	68719478097	111669149771
30064772580	30064772581	68719478096	111669149771
30064772581	68719478096	68719478096	111669149771
30064772582	30064772583	68719478097	111669149771
30064772583	30064772584	68719478097	111669149771
30064772584	68719478097	68719478097	111669149771
30064772585	30064772586	68719478098	111669149771
30064772585	30064772588	68719478099	94489280998
30064772585	30064772588	68719478100	94489280998
30064772585	30064772588	68719478101	111669149771
30064772585	30064772588	68719478102	94489280997
30064772586	30064772587	68719478098	111669149771
30064772587	68719478098	68719478098	111669149771
30064772588	68719478100	68719478100	94489280998
30064772588	30064772590	68719478101	111669149771
30064772588	68719478102	68719478102	94489280997
30064772589	68719478099	68719478099	94489280998
30064772590	30064772591	68719478101	111669149771
30064772591	68719478101	68719478101	111669149771
30064772592	30064772593	68719478103	111669149772
30064772592	30064772593	68719478104	111669149769
30064772593	68719478104	68719478104	111669149769
30064772594	30064772595	68719478105	111669149771
30064772595	68719478105	68719478105	111669149771
30064772596	30064772597	68719478106	111669149771
30064772596	30064772599	68719478107	94489280996
30064772596	30064772599	68719478108	94489280996
30064772596	30064772599	68719478109	111669149771
30064772597	30064772598	68719478106	111669149771
30064772598	68719478106	68719478106	111669149771
30064772599	68719478108	68719478108	94489280996
30064772599	30064772601	68719478109	111669149771
30064772600	68719478107	68719478107	94489280996
30064772601	30064772602	68719478109	111669149771
30064772602	68719478109	68719478109	111669149771
30064772603	30064772604	68719478110	111669149771
30064772603	30064772607	68719478111	111669149771
30064772604	30064772605	68719478110	111669149771
30064772605	30064772606	68719478110	111669149771
30064772606	68719478110	68719478110	111669149771
30064772607	30064772608	68719478111	111669149771
30064772608	30064772609	68719478111	111669149771
30064772609	30064772610	68719478111	111669149771
30064772610	68719478111	68719478111	111669149771
30064772611	68719478112	68719478112	94489280966
30064772611	30064772612	68719478113	111669149774
30064772612	68719478113	68719478113	111669149774
30064772613	68719478114	68719478114	94489280967
30064772615	30064772616	68719478117	111669149774
30064772615	25769803964	68719478119	94489280967
30064772616	68719478117	68719478117	111669149774
30064772617	68719478119	68719478119	94489280967
30064772619	68719478121	68719478121	94489280971
30064772619	30064772620	68719478122	111669149776
30064772620	68719478122	68719478122	111669149776
30064772621	68719478123	68719478123	94489280972
30064772623	68719478126	68719478126	94489280974
30064772623	30064772624	68719478127	111669149776
30064772624	68719478127	68719478127	111669149776
30064772625	68719478128	68719478128	94489280975
30064772627	68719478131	68719478131	94489280972
30064772628	30064772629	68719478132	111669149776
30064772628	25769803969	68719478134	94489280972
30064772629	68719478132	68719478132	111669149776
30064772630	68719478134	68719478134	94489280972
30064772632	30064772633	68719478136	94489280975
30064772632	30064772634	68719478137	94489280972
30064772633	68719478136	68719478136	94489280975
30064772634	68719478137	68719478137	94489280972
30064772635	68719478138	68719478138	94489280977
30064772635	25769803971	68719478140	94489280995
30064772635	25769803971	68719478141	111669149775
30064772635	25769803971	68719478143	94489280972
30064772635	25769803971	68719478145	94489280975
30064772636	30064772638	68719478140	94489280995
30064772636	30064772638	68719478141	111669149775
30064772638	68719478141	68719478141	111669149775
30064772639	30064772641	68719478143	94489280972
30064772641	68719478143	68719478143	94489280972
30064772642	30064772644	68719478145	94489280975
30064772644	68719478145	68719478145	94489280975
30064772645	30064772646	68719478147	94489280993
30064772645	30064772646	68719478148	94489280994
30064772645	30064772646	68719478149	111669149775
30064772645	30064772646	68719478150	94489280993
30064772645	30064772646	68719478151	94489280977
30064772646	68719478150	68719478150	94489280993
30064772646	68719478151	68719478151	94489280977
30064772647	30064772648	68719478147	94489280993
30064772647	30064772648	68719478148	94489280994
30064772647	30064772648	68719478149	111669149775
30064772648	68719478147	68719478147	94489280993
30064772648	30064772649	68719478148	94489280994
30064772648	30064772649	68719478149	111669149775
30064772649	68719478149	68719478149	111669149775
30064772650	68719478154	68719478154	111669149776
30064772650	30064772652	68719478155	94489280992
30064772650	30064772652	68719478156	94489280992
30064772650	68719478157	68719478157	94489280992
30064772651	68719478153	68719478153	111669149776
30064772652	30064772653	68719478155	94489280992
30064772652	30064772656	68719478156	94489280992
30064772653	30064772654	68719478155	94489280992
30064772654	30064772655	68719478155	94489280992
30064772655	68719478155	68719478155	94489280992
30064772656	30064772657	68719478156	94489280992
30064772657	30064772658	68719478156	94489280992
30064772658	68719478156	68719478156	94489280992
30064772659	30064772660	68719478158	94489280972
30064772660	68719478158	68719478158	94489280972
30064772661	30064772662	68719478159	111669149776
30064772661	25769803972	68719478161	94489280972
30064772662	68719478159	68719478159	111669149776
30064772663	68719478161	68719478161	94489280972
30064772665	68719478163	68719478163	94489280981
30064772665	30064772666	68719478164	111669149778
30064772666	68719478164	68719478164	111669149778
30064772667	68719478165	68719478165	94489280982
30064772669	68719478168	68719478168	94489280984
30064772669	30064772670	68719478169	111669149778
30064772670	68719478169	68719478169	111669149778
30064772671	68719478170	68719478170	94489280985
30064772673	30064772674	68719478173	94489280982
30064772674	68719478173	68719478173	94489280982
30064772675	30064772676	68719478174	111669149778
30064772675	25769803979	68719478176	94489280982
30064772676	68719478174	68719478174	111669149778
30064772677	68719478176	68719478176	94489280982
30064772679	30064772680	68719478178	94489280989
30064772679	30064772680	68719478179	94489280990
30064772679	30064772680	68719478180	94489280991
30064772679	30064772680	68719478181	111669149777
30064772679	30064772680	68719478182	94489280990
30064772679	30064772680	68719478184	94489280982
30064772679	30064772680	68719478186	94489280985
30064772679	30064772680	68719478188	94489280989
30064772680	68719478188	68719478188	94489280989
30064772681	30064772682	68719478178	94489280989
30064772681	30064772682	68719478179	94489280990
30064772681	30064772682	68719478180	94489280991
30064772681	30064772682	68719478181	111669149777
30064772681	30064772682	68719478182	94489280990
30064772681	30064772682	68719478184	94489280982
30064772681	30064772682	68719478186	94489280985
30064772682	68719478178	68719478178	94489280989
30064772682	30064772683	68719478179	94489280990
30064772682	30064772683	68719478180	94489280991
30064772682	30064772683	68719478181	111669149777
30064772682	30064772683	68719478182	94489280990
30064772682	30064772683	68719478184	94489280982
30064772682	30064772683	68719478186	94489280985
30064772683	68719478182	68719478182	94489280990
30064772683	25769803980	68719478184	94489280982
30064772683	25769803980	68719478186	94489280985
30064772684	30064772685	68719478179	94489280990
30064772684	30064772685	68719478180	94489280991
30064772684	30064772685	68719478181	111669149777
30064772685	68719478179	68719478179	94489280990
30064772685	30064772686	68719478180	94489280991
30064772685	30064772686	68719478181	111669149777
30064772686	68719478181	68719478181	111669149777
30064772687	30064772689	68719478184	94489280982
30064772689	68719478184	68719478184	94489280982
30064772690	30064772692	68719478186	94489280985
30064772692	68719478186	68719478186	94489280985
30064772693	30064772694	68719478189	94489280982
30064772694	68719478189	68719478189	94489280982
30064772695	30064772696	68719478190	111669149778
30064772695	25769803981	68719478192	94489280982
30064772696	68719478190	68719478190	111669149778
30064772697	68719478192	68719478192	94489280982
30064772699	68719478194	68719478194	94489280948
30064772699	30064772536	68719478195	94489281009
30064772699	30064772536	68719478196	111669149779
30064772700	68719478197	68719478197	94489280949
30064772700	30064772537	68719478198	94489281009
30064772700	30064772537	68719478199	111669149779
30064772701	68719478200	68719478200	94489280951
30064772701	30064772538	68719478201	94489281009
30064772701	30064772538	68719478202	111669149779
30064772702	68719478203	68719478203	94489280952
30064772704	68719478206	68719478206	94489280954
30064772704	30064772539	68719478207	94489281009
30064772704	30064772539	68719478208	111669149779
30064772705	68719478209	68719478209	94489280955
30064772707	68719478211	68719478211	94489280956
30064772709	68719478214	68719478214	94489280957
30064772709	30064772540	68719478215	94489281009
30064772709	30064772540	68719478216	111669149779
30064772710	68719478216	68719478216	111669149779
30064772711	68719478217	68719478217	94489280958
30064772711	30064772541	68719478218	94489281009
30064772711	30064772541	68719478219	111669149779
30064772712	30064772713	68719478220	94489281008
30064772713	68719478220	68719478220	94489281008
30064772724	68719478239	68719478239	111669149782
30064772725	68719478228	68719478228	94489281012
30064772725	30064772726	68719478229	94489281014
30064772725	30064772726	68719478230	94489281015
30064772725	30064772726	68719478231	111669149780
30064772725	30064772726	68719478232	94489281014
30064772726	30064772727	68719478229	94489281014
30064772726	30064772727	68719478230	94489281015
30064772726	30064772727	68719478231	111669149780
30064772726	30064772727	68719478232	94489281014
30064772727	68719478232	68719478232	94489281014
30064772728	30064772729	68719478229	94489281014
30064772728	30064772729	68719478230	94489281015
30064772728	30064772729	68719478231	111669149780
30064772729	68719478229	68719478229	94489281014
30064772729	30064772730	68719478230	94489281015
30064772729	30064772730	68719478231	111669149780
30064772730	68719478231	68719478231	111669149780
30064772731	30064772732	68719478233	111669149781
30064772731	25769803986	68719478235	94489281012
30064772732	68719478233	68719478233	111669149781
30064772733	68719478235	68719478235	94489281012
30064772735	68719478237	68719478237	94489281010
30064772735	30064772724	68719478238	94489281017
30064772735	30064772724	68719478239	111669149782
30064772736	30064772737	68719478240	94489281016
30064772737	68719478240	68719478240	94489281016
30064772740	68719478444	68719478444	111669149791
30064772741	68719478447	68719478447	111669149791
30064772742	68719478450	68719478450	111669149791
30064772743	68719478453	68719478453	111669149791
30064772744	68719478456	68719478456	111669149791
30064772745	68719478462	68719478462	111669149791
30064772746	68719478468	68719478468	111669149791
30064772747	68719478243	68719478243	94489281030
30064772747	30064772748	68719478244	94489281109
30064772747	30064772748	68719478245	111669149783
30064772747	30064772748	68719478246	111669149784
30064772748	68719478245	68719478245	111669149783
30064772748	30064772749	68719478246	111669149784
30064772749	30064772750	68719478246	111669149784
30064772750	68719478246	68719478246	111669149784
30064772751	30064772752	68719478247	111669149784
30064772751	25769803992	68719478249	94489281030
30064772752	68719478247	68719478247	111669149784
30064772753	68719478249	68719478249	94489281030
30064772755	68719478251	68719478251	94489281033
30064772755	30064772756	68719478252	111669149786
30064772756	68719478252	68719478252	111669149786
30064772757	68719478253	68719478253	94489281034
30064772759	68719478256	68719478256	94489281036
30064772759	68719478257	68719478257	94489281034
30064772760	68719478258	68719478258	94489281100
30064772766	68719478263	68719478263	94489281038
30064772773	30064772774	68719478269	94489281100
30064772773	30064772775	68719478270	94489281108
30064772773	30064772775	68719478271	111669149785
30064772774	68719478269	68719478269	94489281100
30064772775	68719478271	68719478271	111669149785
30064772776	68719478272	68719478272	94489281100
30064772776	30064772777	68719478273	94489281107
30064772776	30064772777	68719478274	111669149786
30064772776	30064772777	68719478275	94489281107
30064772776	30064772777	68719478276	94489281100
30064772776	30064772777	68719478277	94489281038
30064772777	30064772778	68719478273	94489281107
30064772777	30064772778	68719478274	111669149786
30064772777	30064772778	68719478275	94489281107
30064772777	30064772778	68719478276	94489281100
30064772777	30064772778	68719478277	94489281038
30064772778	68719478275	68719478275	94489281107
30064772778	68719478276	68719478276	94489281100
30064772778	68719478277	68719478277	94489281038
30064772779	30064772780	68719478273	94489281107
30064772779	30064772780	68719478274	111669149786
30064772780	68719478273	68719478273	94489281107
30064772780	30064772781	68719478274	111669149786
30064772781	30064772782	68719478274	111669149786
30064772782	30064772783	68719478274	111669149786
30064772783	68719478274	68719478274	111669149786
30064772784	30064772785	68719478278	94489281100
30064772784	30064772786	68719478279	94489281106
30064772784	30064772786	68719478280	94489281106
30064772784	30064772786	68719478281	94489281100
30064772785	68719478278	68719478278	94489281100
30064772786	30064772787	68719478279	94489281106
30064772786	30064772787	68719478280	94489281106
30064772786	30064772787	68719478281	94489281100
30064772787	68719478280	68719478280	94489281106
30064772787	30064772789	68719478281	94489281100
30064772788	68719478279	68719478279	94489281106
30064772789	68719478281	68719478281	94489281100
30064772790	30064772791	68719478282	94489281104
30064772790	30064772791	68719478283	94489281105
30064772790	30064772791	68719478284	111669149785
30064772790	30064772791	68719478285	94489281104
30064772790	30064772791	68719478286	94489281103
30064772790	30064772791	68719478287	94489281103
30064772790	30064772791	68719478288	94489281100
30064772791	68719478285	68719478285	94489281104
30064772791	30064772795	68719478286	94489281103
30064772791	30064772795	68719478287	94489281103
30064772791	30064772795	68719478288	94489281100
30064772792	30064772793	68719478282	94489281104
30064772792	30064772793	68719478283	94489281105
30064772792	30064772793	68719478284	111669149785
30064772793	68719478282	68719478282	94489281104
30064772793	30064772794	68719478283	94489281105
30064772793	30064772794	68719478284	111669149785
30064772794	68719478284	68719478284	111669149785
30064772795	68719478287	68719478287	94489281103
30064772795	68719478288	68719478288	94489281100
30064772796	68719478286	68719478286	94489281103
30064772797	68719478289	68719478289	94489281100
30064772797	30064772798	68719478290	94489281102
30064772797	30064772798	68719478291	111669149785
30064772797	30064772798	68719478292	94489281100
30064772798	68719478291	68719478291	111669149785
30064772798	68719478292	68719478292	94489281100
30064772799	30064772800	68719478293	111669149786
30064772799	25769803999	68719478295	94489281101
30064772799	25769803999	68719478296	94489281101
30064772799	25769803999	68719478297	94489281100
30064772799	25769803999	68719478298	94489281099
30064772800	68719478293	68719478293	111669149786
30064772801	30064772803	68719478295	94489281101
30064772801	30064772803	68719478296	94489281101
30064772801	30064772803	68719478297	94489281100
30064772801	30064772803	68719478298	94489281099
30064772803	68719478296	68719478296	94489281101
30064772803	68719478297	68719478297	94489281100
30064772803	25769804000	68719478298	94489281099
30064772804	68719478295	68719478295	94489281101
30064772805	68719478298	68719478298	94489281099
30064772809	68719478303	68719478303	94489281044
30064772809	30064772810	68719478304	111669149788
30064772810	68719478304	68719478304	111669149788
30064772811	68719478305	68719478305	94489281045
30064772813	68719478308	68719478308	94489281047
30064772813	68719478309	68719478309	94489281045
30064772814	68719478310	68719478310	94489281097
30064772820	68719478315	68719478315	94489281049
30064772827	68719478321	68719478321	94489281097
30064772828	30064772829	68719478322	94489281049
30064772829	30064772830	68719478322	94489281049
30064772830	68719478322	68719478322	94489281049
30064772831	68719478323	68719478323	94489281052
30064772831	30064772832	68719478325	111669149788
30064772831	30064772832	68719478326	94489281097
30064772832	30064772833	68719478325	111669149788
30064772832	68719478326	68719478326	94489281097
30064772833	30064772834	68719478325	111669149788
30064772834	68719478325	68719478325	111669149788
30064772835	68719478327	68719478327	94489281052
30064772835	30064772836	68719478328	94489281098
30064772835	30064772836	68719478329	111669149788
30064772835	30064772836	68719478330	94489281098
30064772835	30064772836	68719478331	94489281052
30064772835	30064772836	68719478332	94489281049
30064772836	30064772837	68719478328	94489281098
30064772836	30064772837	68719478329	111669149788
30064772836	30064772837	68719478330	94489281098
30064772836	30064772837	68719478331	94489281052
30064772836	30064772837	68719478332	94489281049
30064772837	68719478330	68719478330	94489281098
30064772837	68719478331	68719478331	94489281052
30064772837	68719478332	68719478332	94489281049
30064772838	30064772839	68719478328	94489281098
30064772838	30064772839	68719478329	111669149788
30064772839	68719478328	68719478328	94489281098
30064772839	30064772840	68719478329	111669149788
30064772840	30064772841	68719478329	111669149788
30064772841	30064772842	68719478329	111669149788
30064772842	68719478329	68719478329	111669149788
30064772843	68719478333	68719478333	94489281097
30064772844	30064772845	68719478334	94489281052
30064772844	30064772846	68719478335	94489281096
30064772844	30064772846	68719478336	94489281096
30064772844	30064772846	68719478337	94489281052
30064772845	68719478334	68719478334	94489281052
30064772846	30064772847	68719478335	94489281096
30064772846	30064772847	68719478336	94489281096
30064772846	30064772847	68719478337	94489281052
30064772847	68719478336	68719478336	94489281096
30064772847	30064772849	68719478337	94489281052
30064772848	68719478335	68719478335	94489281096
30064772849	68719478337	68719478337	94489281052
30064772850	30064772851	68719478338	94489281052
30064772850	30064772852	68719478339	94489281093
30064772850	30064772852	68719478340	94489281095
30064772850	30064772852	68719478341	94489281094
30064772850	30064772852	68719478344	94489281093
30064772851	68719478338	68719478338	94489281052
30064772852	68719478344	68719478344	94489281093
30064772853	30064772854	68719478339	94489281093
30064772853	30064772854	68719478340	94489281095
30064772853	30064772854	68719478341	94489281094
30064772854	68719478339	68719478339	94489281093
30064772854	25769804008	68719478340	94489281095
30064772854	25769804008	68719478341	94489281094
30064772855	68719478340	68719478340	94489281095
30064772858	30064772859	68719478345	94489281090
30064772858	30064772859	68719478346	94489281091
30064772858	30064772859	68719478347	94489281092
30064772858	30064772859	68719478348	111669149787
30064772858	30064772859	68719478349	94489281091
30064772858	30064772859	68719478351	94489281052
30064772858	30064772859	68719478353	94489281090
30064772858	30064772859	68719478354	94489281089
30064772858	30064772859	68719478355	94489281089
30064772858	30064772859	68719478356	94489281052
30064772859	68719478353	68719478353	94489281090
30064772859	30064772869	68719478354	94489281089
30064772859	30064772869	68719478355	94489281089
30064772859	30064772869	68719478356	94489281052
30064772860	30064772861	68719478345	94489281090
30064772860	30064772861	68719478346	94489281091
30064772860	30064772861	68719478347	94489281092
30064772860	30064772861	68719478348	111669149787
30064772860	30064772861	68719478349	94489281091
30064772860	30064772861	68719478351	94489281052
30064772861	68719478345	68719478345	94489281090
30064772861	30064772862	68719478346	94489281091
30064772861	30064772862	68719478347	94489281092
30064772861	30064772862	68719478348	111669149787
30064772861	30064772862	68719478349	94489281091
30064772861	30064772862	68719478351	94489281052
30064772862	68719478349	68719478349	94489281091
30064772862	25769804009	68719478351	94489281052
30064772863	30064772864	68719478346	94489281091
30064772863	30064772864	68719478347	94489281092
30064772863	30064772864	68719478348	111669149787
30064772864	68719478346	68719478346	94489281091
30064772864	30064772865	68719478347	94489281092
30064772864	30064772865	68719478348	111669149787
30064772865	68719478348	68719478348	111669149787
30064772866	30064772868	68719478351	94489281052
30064772868	68719478351	68719478351	94489281052
30064772869	68719478355	68719478355	94489281089
30064772869	68719478356	68719478356	94489281052
30064772870	68719478354	68719478354	94489281089
30064772871	68719478357	68719478357	94489281052
30064772871	30064772872	68719478358	94489281088
30064772871	30064772872	68719478359	111669149787
30064772871	30064772872	68719478360	94489281052
30064772872	68719478359	68719478359	111669149787
30064772872	68719478360	68719478360	94489281052
30064772873	30064772874	68719478361	111669149788
30064772873	25769804010	68719478363	94489281087
30064772873	25769804010	68719478364	94489281087
30064772873	25769804010	68719478365	94489281052
30064772873	25769804010	68719478366	94489281086
30064772874	68719478361	68719478361	111669149788
30064772875	30064772877	68719478363	94489281087
30064772875	30064772877	68719478364	94489281087
30064772875	30064772877	68719478365	94489281052
30064772875	30064772877	68719478366	94489281086
30064772877	68719478364	68719478364	94489281087
30064772877	68719478365	68719478365	94489281052
30064772877	25769804011	68719478366	94489281086
30064772878	68719478363	68719478363	94489281087
30064772879	68719478366	68719478366	94489281086
30064772883	68719478371	68719478371	94489281059
30064772883	30064772884	68719478372	111669149790
30064772884	68719478372	68719478372	111669149790
30064772885	68719478373	68719478373	94489281060
30064772887	68719478377	68719478377	111669149790
30064772887	30064772889	68719478378	94489281073
30064772887	30064772889	68719478379	94489281073
30064772887	30064772889	68719478380	94489281060
30064772887	30064772889	68719478381	94489281060
30064772887	30064772889	68719478382	94489281060
30064772887	25769804016	68719478383	94489281085
30064772887	25769804016	68719478384	94489281076
30064772887	25769804016	68719478386	94489281084
30064772888	68719478376	68719478376	111669149790
30064772889	30064772890	68719478378	94489281073
30064772889	30064772890	68719478379	94489281073
30064772889	30064772890	68719478380	94489281060
30064772889	30064772890	68719478381	94489281060
30064772889	30064772896	68719478382	94489281060
30064772890	30064772891	68719478378	94489281073
30064772890	30064772891	68719478379	94489281073
30064772890	30064772891	68719478380	94489281060
30064772890	30064772894	68719478381	94489281060
30064772891	68719478379	68719478379	94489281073
30064772891	30064772893	68719478380	94489281060
30064772892	68719478378	68719478378	94489281073
30064772893	68719478380	68719478380	94489281060
30064772894	30064772895	68719478381	94489281060
30064772895	68719478381	68719478381	94489281060
30064772896	30064772897	68719478382	94489281060
30064772897	68719478382	68719478382	94489281060
30064772898	68719478383	68719478383	94489281085
30064772900	25769804017	68719478386	94489281084
30064772901	68719478386	68719478386	94489281084
30064772905	68719478391	68719478391	94489281063
30064772905	30064772906	68719478392	94489281081
30064772905	30064772906	68719478393	94489281082
30064772905	30064772906	68719478394	94489281083
30064772905	30064772906	68719478395	111669149789
30064772905	30064772906	68719478396	94489281082
30064772905	30064772906	68719478397	94489281081
30064772905	30064772906	68719478399	94489281060
30064772906	30064772907	68719478392	94489281081
30064772906	30064772907	68719478393	94489281082
30064772906	30064772907	68719478394	94489281083
30064772906	30064772907	68719478395	111669149789
30064772906	30064772907	68719478396	94489281082
30064772906	30064772907	68719478397	94489281081
30064772906	30064772907	68719478399	94489281060
30064772907	68719478397	68719478397	94489281081
30064772907	25769804018	68719478399	94489281060
30064772908	30064772909	68719478392	94489281081
30064772908	30064772909	68719478393	94489281082
30064772908	30064772909	68719478394	94489281083
30064772908	30064772909	68719478395	111669149789
30064772908	30064772909	68719478396	94489281082
30064772909	68719478392	68719478392	94489281081
30064772909	30064772910	68719478393	94489281082
30064772909	30064772910	68719478394	94489281083
30064772909	30064772910	68719478395	111669149789
30064772909	30064772910	68719478396	94489281082
30064772910	68719478396	68719478396	94489281082
30064772911	30064772912	68719478393	94489281082
30064772911	30064772912	68719478394	94489281083
30064772911	30064772912	68719478395	111669149789
30064772912	68719478393	68719478393	94489281082
30064772912	30064772913	68719478394	94489281083
30064772912	30064772913	68719478395	111669149789
30064772913	68719478395	68719478395	111669149789
30064772914	30064772916	68719478399	94489281060
30064772916	30064772917	68719478399	94489281060
30064772917	68719478399	68719478399	94489281060
30064772918	68719478402	68719478402	111669149790
30064772918	68719478403	68719478403	94489281063
30064772918	25769804019	68719478404	94489281080
30064772918	25769804019	68719478405	94489281076
30064772918	25769804019	68719478407	94489281079
30064772919	68719478401	68719478401	111669149790
30064772920	68719478404	68719478404	94489281080
30064772922	25769804020	68719478407	94489281079
30064772923	68719478407	68719478407	94489281079
30064772927	68719478412	68719478412	94489281067
30064772927	30064772928	68719478413	94489281078
30064772927	30064772928	68719478414	94489281078
30064772927	30064772928	68719478415	94489281060
30064772927	30064772928	68719478416	94489281063
30064772928	30064772929	68719478413	94489281078
30064772928	30064772929	68719478414	94489281078
30064772928	30064772929	68719478415	94489281060
30064772928	30064772929	68719478416	94489281063
30064772929	68719478414	68719478414	94489281078
30064772929	30064772931	68719478415	94489281060
30064772929	30064772933	68719478416	94489281063
30064772930	68719478413	68719478413	94489281078
30064772931	30064772932	68719478415	94489281060
30064772932	68719478415	68719478415	94489281060
30064772933	68719478416	68719478416	94489281063
30064772934	68719478418	68719478418	111669149790
30064772934	68719478419	68719478419	94489281067
30064772934	25769804021	68719478420	94489281077
30064772934	25769804021	68719478421	94489281076
30064772934	25769804021	68719478423	94489281075
30064772935	68719478417	68719478417	111669149790
30064772936	68719478420	68719478420	94489281077
30064772938	25769804022	68719478423	94489281075
30064772939	68719478423	68719478423	94489281075
30064772943	68719478428	68719478428	94489281063
30064772943	30064772944	68719478429	94489281074
30064772943	30064772944	68719478430	111669149789
30064772943	30064772944	68719478431	94489281063
30064772944	68719478430	68719478430	111669149789
30064772944	68719478431	68719478431	94489281063
30064772945	30064772946	68719478432	111669149790
30064772945	25769804023	68719478434	94489281073
30064772945	25769804023	68719478435	94489281073
30064772945	25769804023	68719478436	94489281063
30064772945	25769804023	68719478437	94489281072
30064772946	68719478432	68719478432	111669149790
30064772947	30064772949	68719478434	94489281073
30064772947	30064772949	68719478435	94489281073
30064772947	30064772949	68719478436	94489281063
30064772947	30064772949	68719478437	94489281072
30064772949	68719478435	68719478435	94489281073
30064772949	68719478436	68719478436	94489281063
30064772949	25769804024	68719478437	94489281072
30064772950	68719478434	68719478434	94489281073
30064772951	68719478437	68719478437	94489281072
30064772955	68719478442	68719478442	94489281018
30064772955	30064772740	68719478443	94489281111
30064772955	30064772740	68719478444	111669149791
30064772956	68719478445	68719478445	94489281019
30064772956	30064772741	68719478446	94489281111
30064772956	30064772741	68719478447	111669149791
30064772957	68719478448	68719478448	94489281020
30064772957	30064772742	68719478449	94489281111
30064772957	30064772742	68719478450	111669149791
30064772958	68719478451	68719478451	94489281021
30064772958	30064772743	68719478452	94489281111
30064772958	30064772743	68719478453	111669149791
30064772959	68719478454	68719478454	94489281023
30064772959	30064772744	68719478455	94489281111
30064772959	30064772744	68719478456	111669149791
30064772960	68719478457	68719478457	94489281024
30064772962	68719478460	68719478460	94489281026
30064772962	30064772745	68719478461	94489281111
30064772962	30064772745	68719478462	111669149791
30064772963	68719478463	68719478463	94489281027
30064772965	68719478466	68719478466	94489281028
30064772965	30064772746	68719478467	94489281111
30064772965	30064772746	68719478468	111669149791
30064772966	30064772967	68719478469	94489281110
30064772967	68719478469	68719478469	94489281110
30064772976	68719478477	68719478477	111669149792
30064772977	68719478480	68719478480	111669149792
30064772978	68719478500	68719478500	111669149792
30064772979	68719478503	68719478503	111669149792
30064772980	68719478506	68719478506	111669149792
30064772981	68719478509	68719478509	111669149792
30064772982	68719478512	68719478512	111669149792
30064772983	68719478515	68719478515	111669149792
30064772984	68719478518	68719478518	111669149792
30064772985	68719478521	68719478521	111669149792
30064772986	68719478524	68719478524	111669149792
30064772987	68719478527	68719478527	111669149792
30064772988	68719478530	68719478530	111669149792
30064772989	68719478533	68719478533	111669149792
30064772990	68719478475	68719478475	94489281112
30064772990	30064772976	68719478476	94489281141
30064772990	30064772976	68719478477	111669149792
30064772991	68719478478	68719478478	94489281113
30064772991	30064772977	68719478479	94489281141
30064772991	30064772977	68719478480	111669149792
30064772992	68719478481	68719478481	94489281114
30064772992	25769804026	68719478482	94489281143
30064772992	25769804026	68719478483	94489281113
30064772993	68719478482	68719478482	94489281143
30064772996	30064772997	68719478486	94489281114
30064772997	68719478486	68719478486	94489281114
30064772998	30064772999	68719478487	94489281114
30064772998	25769804027	68719478488	94489281142
30064772998	25769804027	68719478491	94489281112
30064772998	25769804027	68719478492	94489281112
30064772999	68719478487	68719478487	94489281114
30064773000	68719478488	68719478488	94489281142
30064773002	30064773004	68719478491	94489281112
30064773002	30064773004	68719478492	94489281112
30064773004	68719478492	68719478492	94489281112
30064773005	68719478491	68719478491	94489281112
30064773006	68719478496	68719478496	111669149792
30064773006	68719478497	68719478497	94489281114
30064773007	68719478495	68719478495	111669149792
30064773008	68719478498	68719478498	94489281117
30064773008	30064772978	68719478499	94489281141
30064773008	30064772978	68719478500	111669149792
30064773009	68719478501	68719478501	94489281118
30064773009	30064772979	68719478502	94489281141
30064773009	30064772979	68719478503	111669149792
30064773010	68719478504	68719478504	94489281119
30064773010	30064772980	68719478505	94489281141
30064773010	30064772980	68719478506	111669149792
30064773011	68719478507	68719478507	94489281120
30064773011	30064772981	68719478508	94489281141
30064773011	30064772981	68719478509	111669149792
30064773012	68719478510	68719478510	94489281121
30064773012	30064772982	68719478511	94489281141
30064773012	30064772982	68719478512	111669149792
30064773013	68719478513	68719478513	94489281122
30064773013	30064772983	68719478514	94489281141
30064773013	30064772983	68719478515	111669149792
30064773014	68719478516	68719478516	94489281123
30064773014	30064772984	68719478517	94489281141
30064773014	30064772984	68719478518	111669149792
30064773015	68719478519	68719478519	94489281124
30064773015	30064772985	68719478520	94489281141
30064773015	30064772985	68719478521	111669149792
30064773016	68719478522	68719478522	94489281125
30064773016	30064772986	68719478523	94489281141
30064773016	30064772986	68719478524	111669149792
30064773017	68719478525	68719478525	94489281126
30064773017	30064772987	68719478526	94489281141
30064773017	30064772987	68719478527	111669149792
30064773018	68719478528	68719478528	94489281127
30064773018	30064772988	68719478529	94489281141
30064773018	30064772988	68719478530	111669149792
30064773019	68719478531	68719478531	94489281128
30064773019	30064772989	68719478532	94489281141
30064773019	30064772989	68719478533	111669149792
30064773020	68719478535	68719478535	94489281114
30064773020	30064773022	68719478536	94489281117
30064773020	30064773022	68719478537	111669149792
30064773021	68719478534	68719478534	94489281114
30064773022	68719478537	68719478537	111669149792
30064773023	68719478539	68719478539	94489281114
30064773023	30064773025	68719478540	94489281120
30064773023	30064773025	68719478541	111669149792
30064773023	30064773025	68719478544	94489281114
30064773024	68719478538	68719478538	94489281114
30064773025	68719478541	68719478541	111669149792
30064773025	68719478544	68719478544	94489281114
30064773028	68719478546	68719478546	94489281114
30064773028	30064773030	68719478547	94489281119
30064773028	30064773030	68719478548	111669149792
30064773029	68719478545	68719478545	94489281114
30064773030	68719478548	68719478548	111669149792
30064773031	68719478550	68719478550	94489281114
30064773031	30064773033	68719478551	94489281118
30064773031	30064773033	68719478552	111669149792
30064773032	68719478549	68719478549	94489281114
30064773033	68719478552	68719478552	111669149792
30064773034	68719478554	68719478554	94489281114
30064773034	30064773036	68719478555	94489281123
30064773034	30064773036	68719478556	111669149792
30064773034	30064773036	68719478559	94489281140
30064773034	30064773036	68719478565	94489281139
30064773034	30064773036	68719478576	94489281138
30064773035	68719478553	68719478553	94489281114
30064773036	68719478556	68719478556	111669149792
30064773036	25769804029	68719478559	94489281140
30064773036	25769804029	68719478565	94489281139
30064773036	25769804029	68719478576	94489281138
30064773039	25769804030	68719478559	94489281140
30064773041	68719478559	68719478559	94489281140
30064773047	25769804031	68719478565	94489281139
30064773049	68719478565	68719478565	94489281139
30064773059	25769804032	68719478576	94489281138
30064773061	68719478576	68719478576	94489281138
30064773069	68719478585	68719478585	94489281114
30064773069	68719478586	68719478586	94489281121
30064773070	68719478584	68719478584	94489281114
30064773071	68719478588	68719478588	94489281114
30064773071	68719478589	68719478589	94489281122
30064773072	68719478587	68719478587	94489281114
30064773073	68719478591	68719478591	94489281114
30064773073	68719478592	68719478592	94489281124
30064773074	68719478590	68719478590	94489281114
30064773075	68719478594	68719478594	94489281114
30064773075	30064773077	68719478595	94489281125
30064773075	30064773077	68719478596	111669149792
30064773075	30064773077	68719478598	94489281137
30064773076	68719478593	68719478593	94489281114
30064773077	68719478596	68719478596	111669149792
30064773077	25769804033	68719478598	94489281137
30064773078	25769804034	68719478598	94489281137
30064773080	68719478598	68719478598	94489281137
30064773084	68719478604	68719478604	94489281114
30064773084	68719478605	68719478605	94489281127
30064773085	68719478603	68719478603	94489281114
30064773086	68719478607	68719478607	94489281114
30064773086	68719478608	68719478608	94489281126
30064773087	68719478606	68719478606	94489281114
30064773088	68719478610	68719478610	94489281114
30064773088	30064773090	68719478611	94489281128
30064773088	30064773090	68719478612	94489281128
30064773089	68719478609	68719478609	94489281114
30064773090	68719478612	68719478612	94489281128
30064773091	68719478611	68719478611	94489281128
30064773092	68719478614	68719478614	94489281114
30064773092	30064773094	68719478615	94489281128
30064773092	30064773094	68719478616	94489281128
30064773093	68719478613	68719478613	94489281114
30064773094	68719478616	68719478616	94489281128
30064773095	68719478615	68719478615	94489281128
30064773096	30064773097	68719478617	94489281136
30064773096	68719478618	68719478618	94489281114
30064773097	68719478617	68719478617	94489281136
30064773098	68719478622	68719478622	94489281145
30064773099	30064773100	68719478619	94489281145
30064773099	30064773100	68719478620	94489281144
30064773099	30064773100	68719478621	111669149793
30064773100	68719478619	68719478619	94489281145
30064773100	30064773101	68719478620	94489281144
30064773100	30064773101	68719478621	111669149793
30064773101	68719478621	68719478621	111669149793
30064773102	68719478624	68719478624	111669149793
30064773103	68719478626	68719478626	111669149793
30064773104	68719478629	68719478629	111669149794
30064773105	68719478632	68719478632	111669149794
30064773106	68719478627	68719478627	94489281146
30064773106	30064773104	68719478628	94489281150
30064773106	30064773104	68719478629	111669149794
30064773107	68719478630	68719478630	94489281147
30064773107	30064773105	68719478631	94489281150
30064773107	30064773105	68719478632	111669149794
30064773108	68719478633	68719478633	94489281148
30064773108	30064773109	68719478634	94489281146
30064773108	30064773109	68719478635	111669149794
30064773108	30064773109	68719478636	94489281147
30064773109	68719478635	68719478635	111669149794
30064773109	68719478636	68719478636	94489281147
30064773110	30064773111	68719478637	94489281149
30064773110	68719478638	68719478638	94489281148
30064773111	68719478637	68719478637	94489281149
30064773112	30064773113	68719478639	94489281151
30064773113	30064773114	68719478639	94489281151
30064773114	68719478639	68719478639	94489281151
30064773115	30064773116	68719478640	94489281151
30064773116	30064773117	68719478640	94489281151
30064773117	68719478640	68719478640	94489281151
30064773118	68719478707	68719478707	111669149804
30064773119	68719478713	68719478713	111669149804
30064773120	68719478641	68719478641	94489281172
30064773120	30064773121	68719478643	94489281173
30064773121	30064773124	68719478643	94489281173
30064773124	30064773125	68719478643	94489281173
30064773125	68719478643	68719478643	94489281173
30064773126	68719478646	68719478646	111669149796
30064773126	68719478647	68719478647	94489281172
30064773127	30064773128	68719478648	111669149796
30064773127	68719478649	68719478649	94489281172
30064773128	68719478648	68719478648	111669149796
30064773129	30064773130	68719478650	111669149796
30064773130	68719478650	68719478650	111669149796
30064773131	30064773132	68719478651	111669149796
30064773131	30064773133	68719478652	111669149796
30064773132	68719478651	68719478651	111669149796
30064773133	30064773134	68719478652	111669149796
30064773134	68719478652	68719478652	111669149796
30064773135	68719478654	68719478654	94489281171
30064773135	68719478655	68719478655	111669149796
30064773135	30064773137	68719478656	111669149796
30064773136	68719478653	68719478653	94489281171
30064773137	68719478656	68719478656	111669149796
30064773138	68719478657	68719478657	94489281169
30064773138	30064773139	68719478659	94489281170
30064773139	30064773142	68719478659	94489281170
30064773142	30064773143	68719478659	94489281170
30064773143	68719478659	68719478659	94489281170
30064773144	68719478662	68719478662	111669149798
30064773144	68719478663	68719478663	94489281169
30064773145	30064773146	68719478664	111669149798
30064773145	68719478665	68719478665	94489281169
30064773146	68719478664	68719478664	111669149798
30064773147	30064773148	68719478666	111669149798
30064773148	68719478666	68719478666	111669149798
30064773149	30064773150	68719478667	111669149798
30064773149	30064773151	68719478668	111669149798
30064773150	68719478667	68719478667	111669149798
30064773151	30064773152	68719478668	111669149798
30064773152	68719478668	68719478668	111669149798
30064773153	68719478670	68719478670	94489281168
30064773153	68719478671	68719478671	111669149798
30064773153	30064773155	68719478672	111669149798
30064773154	68719478669	68719478669	94489281168
30064773155	68719478672	68719478672	111669149798
30064773156	68719478673	68719478673	94489281166
30064773156	30064773157	68719478675	94489281167
30064773157	30064773160	68719478675	94489281167
30064773160	30064773161	68719478675	94489281167
30064773161	68719478675	68719478675	94489281167
30064773162	68719478678	68719478678	111669149800
30064773162	68719478679	68719478679	94489281166
30064773163	30064773164	68719478680	111669149800
30064773163	68719478681	68719478681	94489281166
30064773164	68719478680	68719478680	111669149800
30064773165	30064773166	68719478682	111669149800
30064773166	68719478682	68719478682	111669149800
30064773167	30064773168	68719478683	111669149800
30064773167	30064773169	68719478684	111669149800
30064773168	68719478683	68719478683	111669149800
30064773169	30064773170	68719478684	111669149800
30064773170	68719478684	68719478684	111669149800
30064773171	68719478686	68719478686	94489281165
30064773171	68719478687	68719478687	111669149800
30064773171	30064773173	68719478688	111669149800
30064773172	68719478685	68719478685	94489281165
30064773173	68719478688	68719478688	111669149800
30064773174	68719478689	68719478689	94489281163
30064773174	30064773175	68719478691	94489281164
30064773175	30064773178	68719478691	94489281164
30064773178	30064773179	68719478691	94489281164
30064773179	68719478691	68719478691	94489281164
30064773180	68719478694	68719478694	111669149802
30064773180	68719478695	68719478695	94489281163
30064773181	30064773182	68719478696	111669149802
30064773181	68719478697	68719478697	94489281163
30064773182	68719478696	68719478696	111669149802
30064773183	30064773184	68719478698	111669149802
30064773184	68719478698	68719478698	111669149802
30064773185	30064773186	68719478699	111669149802
30064773185	30064773187	68719478700	111669149802
30064773186	68719478699	68719478699	111669149802
30064773187	30064773188	68719478700	111669149802
30064773188	68719478700	68719478700	111669149802
30064773189	68719478702	68719478702	94489281162
30064773189	68719478703	68719478703	111669149802
30064773189	30064773191	68719478704	111669149802
30064773190	68719478701	68719478701	94489281162
30064773191	68719478704	68719478704	111669149802
30064773192	68719478705	68719478705	94489281153
30064773192	30064773118	68719478706	94489281174
30064773192	30064773118	68719478707	111669149804
30064773193	68719478708	68719478708	94489281154
30064773195	68719478711	68719478711	94489281155
30064773195	30064773119	68719478712	94489281174
30064773195	30064773119	68719478713	111669149804
30064773196	68719478714	68719478714	94489281156
30064773197	68719478715	68719478715	94489281157
30064773198	68719478716	68719478716	94489281158
30064773199	68719478717	68719478717	94489281159
30064773200	30064773201	68719478718	94489281161
30064773200	25769804045	68719478720	94489281156
30064773200	25769804045	68719478722	94489281157
30064773200	25769804045	68719478724	94489281158
30064773200	25769804045	68719478726	94489281154
30064773200	25769804045	68719478728	94489281159
30064773201	68719478718	68719478718	94489281161
30064773202	68719478720	68719478720	94489281156
30064773204	68719478722	68719478722	94489281157
30064773206	68719478724	68719478724	94489281158
30064773208	68719478726	68719478726	94489281154
30064773210	68719478728	68719478728	94489281159
30064773212	68719478739	68719478739	111669149809
30064773213	68719478742	68719478742	111669149809
30064773214	68719478745	68719478745	111669149809
30064773215	68719478748	68719478748	111669149809
30064773216	68719478751	68719478751	111669149809
30064773217	68719478732	68719478732	94489281190
30064773217	68719478733	68719478733	111669149806
30064773218	30064773219	68719478730	94489281190
30064773218	30064773219	68719478731	94489281191
30064773219	68719478730	68719478730	94489281190
30064773219	30064773220	68719478731	94489281191
30064773220	68719478731	68719478731	94489281191
30064773221	30064773223	68719478735	111669149808
30064773223	68719478735	68719478735	111669149808
30064773224	68719478737	68719478737	94489281175
30064773224	30064773212	68719478738	94489281192
30064773224	30064773212	68719478739	111669149809
30064773225	68719478740	68719478740	94489281176
30064773225	30064773213	68719478741	94489281192
30064773225	30064773213	68719478742	111669149809
30064773226	68719478743	68719478743	94489281177
30064773226	30064773214	68719478744	94489281192
30064773226	30064773214	68719478745	111669149809
30064773227	68719478746	68719478746	94489281178
30064773227	30064773215	68719478747	94489281192
30064773227	30064773215	68719478748	111669149809
30064773228	68719478749	68719478749	94489281179
30064773228	30064773216	68719478750	94489281192
30064773228	30064773216	68719478751	111669149809
30064773229	68719478752	68719478752	94489281180
30064773229	25769804051	68719478755	94489281176
30064773229	25769804051	68719478757	94489281176
30064773229	25769804051	68719478759	94489281176
30064773232	30064773234	68719478755	94489281176
30064773234	30064773235	68719478755	94489281176
30064773235	68719478755	68719478755	94489281176
30064773236	30064773238	68719478757	94489281176
30064773238	30064773239	68719478757	94489281176
30064773239	68719478757	68719478757	94489281176
30064773240	30064773242	68719478759	94489281176
30064773242	30064773243	68719478759	94489281176
30064773243	68719478759	68719478759	94489281176
30064773246	68719478762	68719478762	94489281183
30064773246	25769804055	68719478764	94489281175
30064773246	25769804055	68719478765	94489281175
30064773246	25769804055	68719478767	94489281180
30064773246	25769804055	68719478770	94489281189
30064773246	25769804055	68719478772	94489281175
30064773246	25769804055	68719478773	94489281175
30064773246	25769804055	68719478775	94489281175
30064773246	25769804055	68719478776	94489281175
30064773246	25769804055	68719478778	94489281175
30064773246	25769804055	68719478779	94489281175
30064773246	25769804055	68719478781	94489281189
30064773246	25769804055	68719478783	94489281178
30064773246	25769804055	68719478784	94489281178
30064773247	30064773249	68719478764	94489281175
30064773247	30064773249	68719478765	94489281175
30064773249	68719478765	68719478765	94489281175
30064773250	68719478764	68719478764	94489281175
30064773251	68719478767	68719478767	94489281180
30064773253	25769804056	68719478770	94489281189
30064773253	25769804056	68719478772	94489281175
30064773253	25769804056	68719478773	94489281175
30064773253	25769804056	68719478775	94489281175
30064773253	25769804056	68719478776	94489281175
30064773253	25769804056	68719478778	94489281175
30064773253	25769804056	68719478779	94489281175
30064773253	25769804056	68719478781	94489281189
30064773253	25769804056	68719478783	94489281178
30064773253	25769804056	68719478784	94489281178
30064773255	30064773257	68719478770	94489281189
30064773257	30064773258	68719478770	94489281189
30064773258	68719478770	68719478770	94489281189
30064773259	30064773261	68719478772	94489281175
30064773259	30064773261	68719478773	94489281175
30064773261	68719478773	68719478773	94489281175
30064773262	68719478772	68719478772	94489281175
30064773263	30064773265	68719478775	94489281175
30064773263	30064773265	68719478776	94489281175
30064773265	68719478776	68719478776	94489281175
30064773266	68719478775	68719478775	94489281175
30064773267	30064773269	68719478778	94489281175
30064773267	30064773269	68719478779	94489281175
30064773269	68719478779	68719478779	94489281175
30064773270	68719478778	68719478778	94489281175
30064773271	30064773273	68719478781	94489281189
30064773273	68719478781	68719478781	94489281189
30064773274	30064773276	68719478783	94489281178
30064773274	30064773276	68719478784	94489281178
30064773276	68719478784	68719478784	94489281178
30064773277	68719478783	68719478783	94489281178
30064773278	68719478787	68719478787	94489281186
30064773278	30064773279	68719478788	94489281189
30064773278	30064773279	68719478789	94489281176
30064773278	30064773279	68719478790	94489281176
30064773278	30064773279	68719478791	94489281179
30064773278	30064773279	68719478792	94489281179
30064773278	30064773279	68719478793	94489281177
30064773278	30064773279	68719478794	111669149809
30064773278	30064773279	68719478795	94489281176
30064773278	30064773279	68719478796	94489281176
30064773279	30064773280	68719478788	94489281189
30064773279	30064773283	68719478789	94489281176
30064773279	30064773283	68719478790	94489281176
30064773279	30064773285	68719478791	94489281179
30064773279	30064773285	68719478792	94489281179
30064773279	30064773285	68719478793	94489281177
30064773279	30064773285	68719478794	111669149809
30064773279	30064773285	68719478795	94489281176
30064773279	30064773285	68719478796	94489281176
30064773280	30064773281	68719478788	94489281189
30064773281	30064773282	68719478788	94489281189
30064773282	68719478788	68719478788	94489281189
30064773283	68719478790	68719478790	94489281176
30064773284	68719478789	68719478789	94489281176
30064773285	68719478792	68719478792	94489281179
30064773285	30064773287	68719478793	94489281177
30064773285	30064773287	68719478794	111669149809
30064773285	30064773288	68719478795	94489281176
30064773285	30064773288	68719478796	94489281176
30064773286	68719478791	68719478791	94489281179
30064773287	68719478794	68719478794	111669149809
30064773288	68719478796	68719478796	94489281176
30064773289	68719478795	68719478795	94489281176
30064773290	68719478797	68719478797	94489281187
30064773290	30064773291	68719478798	94489281176
30064773290	30064773291	68719478799	111669149809
30064773290	30064773291	68719478800	94489281183
30064773290	30064773291	68719478801	94489281186
30064773291	68719478799	68719478799	111669149809
30064773291	68719478800	68719478800	94489281183
30064773291	68719478801	68719478801	94489281186
30064773292	30064773293	68719478802	94489281188
30064773292	68719478803	68719478803	94489281187
30064773293	68719478802	68719478802	94489281188
30064773294	30064773295	68719478804	94489281188
30064773294	68719478805	68719478805	94489281180
30064773295	30064773296	68719478804	94489281188
30064773296	68719478804	68719478804	94489281188
30064773297	68719478806	68719478806	94489281193
30064773297	25769804058	68719478807	94489281226
30064773298	68719478807	68719478807	94489281226
30064773308	68719478817	68719478817	94489281195
30064773308	25769804059	68719478818	94489281225
30064773309	68719478818	68719478818	94489281225
30064773327	68719478836	68719478836	94489281197
30064773327	25769804060	68719478837	94489281224
30064773328	68719478837	68719478837	94489281224
30064773338	68719478847	68719478847	94489281199
30064773338	25769804061	68719478848	94489281223
30064773338	25769804061	68719478854	94489281222
30064773338	25769804061	68719478857	94489281195
30064773338	25769804061	68719478862	94489281221
30064773338	25769804061	68719478871	94489281220
30064773338	25769804061	68719478885	94489281219
30064773338	25769804061	68719478888	94489281197
30064773338	25769804061	68719478891	94489281218
30064773338	25769804061	68719478905	94489281217
30064773338	25769804061	68719478908	94489281193
30064773338	25769804061	68719478918	94489281216
30064773339	68719478848	68719478848	94489281223
30064773341	25769804062	68719478854	94489281222
30064773341	25769804062	68719478857	94489281195
30064773341	25769804062	68719478862	94489281221
30064773341	25769804062	68719478871	94489281220
30064773347	25769804063	68719478854	94489281222
30064773347	25769804063	68719478857	94489281195
30064773349	68719478854	68719478854	94489281222
30064773351	30064773353	68719478857	94489281195
30064773353	68719478857	68719478857	94489281195
30064773356	25769804064	68719478862	94489281221
30064773358	68719478862	68719478862	94489281221
30064773368	25769804066	68719478871	94489281220
30064773370	68719478871	68719478871	94489281220
30064773380	25769804068	68719478885	94489281219
30064773380	25769804068	68719478888	94489281197
30064773380	25769804068	68719478891	94489281218
30064773386	25769804069	68719478885	94489281219
30064773386	25769804069	68719478888	94489281197
30064773388	68719478885	68719478885	94489281219
30064773390	30064773392	68719478888	94489281197
30064773392	68719478888	68719478888	94489281197
30064773393	25769804070	68719478891	94489281218
30064773395	68719478891	68719478891	94489281218
30064773405	25769804072	68719478905	94489281217
30064773405	25769804072	68719478908	94489281193
30064773411	25769804073	68719478905	94489281217
30064773411	25769804073	68719478908	94489281193
30064773413	68719478905	68719478905	94489281217
30064773415	30064773417	68719478908	94489281193
30064773417	68719478908	68719478908	94489281193
30064773420	25769804074	68719478918	94489281216
30064773426	25769804075	68719478918	94489281216
30064773428	68719478918	68719478918	94489281216
30064773434	30064773435	68719478926	94489281215
30064773434	68719478927	68719478927	94489281199
30064773435	68719478926	68719478926	94489281215
30064773436	30064773437	68719478928	94489281215
30064773436	68719478929	68719478929	94489281193
30064773437	68719478928	68719478928	94489281215
30064773438	30064773439	68719478930	94489281215
30064773438	68719478931	68719478931	94489281195
30064773439	68719478930	68719478930	94489281215
30064773440	30064773441	68719478932	94489281215
30064773440	68719478933	68719478933	94489281197
30064773441	68719478932	68719478932	94489281215
30064773442	68719478955	68719478955	111669149815
30064773443	68719478958	68719478958	111669149815
30064773444	68719478961	68719478961	111669149815
30064773445	68719478964	68719478964	111669149815
30064773446	68719478934	68719478934	94489281231
30064773446	30064773447	68719478935	94489281235
30064773446	30064773447	68719478936	111669149811
30064773446	30064773447	68719478937	94489281234
30064773446	30064773447	68719478938	94489281234
30064773446	30064773447	68719478939	111669149812
30064773446	30064773447	68719478940	111669149812
30064773447	68719478936	68719478936	111669149811
30064773447	30064773448	68719478937	94489281234
30064773447	30064773448	68719478938	94489281234
30064773447	30064773448	68719478939	111669149812
30064773447	30064773448	68719478940	111669149812
30064773448	68719478938	68719478938	94489281234
30064773448	30064773450	68719478939	111669149812
30064773448	30064773450	68719478940	111669149812
30064773449	68719478937	68719478937	94489281234
30064773450	68719478940	68719478940	111669149812
30064773451	68719478939	68719478939	111669149812
30064773452	68719478942	68719478942	94489281231
30064773452	68719478943	68719478943	111669149813
30064773452	68719478944	68719478944	111669149814
30064773453	68719478941	68719478941	94489281231
30064773454	30064773455	68719478945	94489281231
30064773454	30064773456	68719478946	94489281233
30064773454	30064773456	68719478947	94489281233
30064773454	30064773456	68719478948	94489281231
30064773455	68719478945	68719478945	94489281231
30064773456	68719478947	68719478947	94489281233
30064773456	30064773458	68719478948	94489281231
30064773457	68719478946	68719478946	94489281233
30064773458	68719478948	68719478948	94489281231
30064773459	30064773460	68719478949	94489281232
30064773459	30064773460	68719478950	111669149811
30064773459	30064773460	68719478951	94489281231
30064773460	68719478950	68719478950	111669149811
30064773460	68719478951	68719478951	94489281231
30064773461	68719478953	68719478953	94489281227
30064773461	30064773442	68719478954	94489281237
30064773461	30064773442	68719478955	111669149815
30064773462	68719478956	68719478956	94489281228
30064773462	30064773443	68719478957	94489281237
30064773462	30064773443	68719478958	111669149815
30064773463	68719478959	68719478959	94489281229
30064773463	30064773444	68719478960	94489281237
30064773463	30064773444	68719478961	111669149815
30064773464	68719478962	68719478962	94489281230
30064773464	30064773445	68719478963	94489281237
30064773464	30064773445	68719478964	111669149815
30064773465	30064773466	68719478965	94489281236
30064773466	68719478965	68719478965	94489281236
30064773467	68719478966	68719478966	94489281255
30064773471	68719478971	68719478971	94489281255
30064773471	25769804081	68719478973	94489281257
30064773471	25769804081	68719478974	94489281257
30064773471	25769804081	68719478976	94489281256
30064773471	25769804081	68719478977	94489281256
30064773471	25769804081	68719478978	94489281255
30064773471	25769804081	68719478979	94489281254
30064773471	25769804081	68719478988	94489281253
30064773471	25769804081	68719478989	94489281253
30064773472	30064773474	68719478973	94489281257
30064773472	30064773474	68719478974	94489281257
30064773472	30064773474	68719478976	94489281256
30064773472	30064773474	68719478977	94489281256
30064773472	30064773474	68719478978	94489281255
30064773472	30064773474	68719478979	94489281254
30064773472	30064773474	68719478988	94489281253
30064773472	30064773474	68719478989	94489281253
30064773474	68719478974	68719478974	94489281257
30064773474	25769804082	68719478976	94489281256
30064773474	25769804082	68719478977	94489281256
30064773474	25769804082	68719478978	94489281255
30064773474	25769804082	68719478979	94489281254
30064773474	30064773488	68719478988	94489281253
30064773474	30064773488	68719478989	94489281253
30064773475	68719478973	68719478973	94489281257
30064773476	30064773478	68719478976	94489281256
30064773476	30064773478	68719478977	94489281256
30064773476	30064773478	68719478978	94489281255
30064773476	30064773478	68719478979	94489281254
30064773478	68719478977	68719478977	94489281256
30064773478	68719478978	68719478978	94489281255
30064773478	25769804083	68719478979	94489281254
30064773479	68719478976	68719478976	94489281256
30064773480	68719478979	68719478979	94489281254
30064773488	68719478989	68719478989	94489281253
30064773489	68719478988	68719478988	94489281253
30064773492	68719478993	68719478993	94489281252
30064773492	68719478994	68719478994	111669149819
30064773492	68719478995	68719478995	94489281251
30064773492	68719478996	68719478996	111669149819
30064773493	68719478998	68719478998	111669149823
30064773494	68719478997	68719478997	111669149823
30064773495	68719479003	68719479003	111669149824
30064773496	68719479006	68719479006	111669149824
30064773497	68719479009	68719479009	111669149824
30064773498	68719478999	68719478999	94489281238
30064773499	68719479000	68719479000	94489281245
30064773500	68719479001	68719479001	94489281246
30064773500	30064773495	68719479002	94489281250
30064773500	30064773495	68719479003	111669149824
30064773501	68719479004	68719479004	94489281247
30064773501	30064773496	68719479005	94489281250
30064773501	30064773496	68719479006	111669149824
30064773502	68719479007	68719479007	94489281248
30064773502	30064773497	68719479008	94489281250
30064773502	30064773497	68719479009	111669149824
30064773503	30064773504	68719479010	94489281249
30064773503	68719479011	68719479011	94489281238
30064773504	68719479010	68719479010	94489281249
30064773505	30064773506	68719479012	94489281249
30064773505	68719479013	68719479013	94489281245
30064773506	68719479012	68719479012	94489281249
30064773507	68719479025	68719479025	111669149828
30064773508	68719479015	68719479015	111669149826
30064773508	30064773510	68719479016	111669149826
30064773508	25769804090	68719479017	94489281263
30064773508	25769804090	68719479018	94489281262
30064773509	68719479014	68719479014	111669149826
30064773510	30064773511	68719479016	111669149826
30064773511	68719479016	68719479016	111669149826
30064773512	68719479017	68719479017	94489281263
30064773515	68719479022	68719479022	111669149825
30064773516	68719479023	68719479023	94489281259
30064773516	30064773507	68719479024	94489281265
30064773516	30064773507	68719479025	111669149828
30064773517	68719479026	68719479026	94489281260
30064773519	30064773520	68719479029	94489281264
30064773520	68719479029	68719479029	94489281264
30064773521	68719479042	68719479042	111669149832
30064773522	68719479045	68719479045	111669149832
30064773523	30064773524	68719479030	111669149831
30064773523	30064773524	68719479031	111669149829
30064773524	68719479031	68719479031	111669149829
30064773525	30064773526	68719479032	111669149830
30064773525	30064773527	68719479033	94489281269
30064773525	30064773527	68719479034	94489281269
30064773525	30064773527	68719479035	111669149830
30064773526	68719479032	68719479032	111669149830
30064773527	68719479034	68719479034	94489281269
30064773527	30064773529	68719479035	111669149830
30064773528	68719479033	68719479033	94489281269
30064773529	68719479035	68719479035	111669149830
30064773530	30064773531	68719479036	111669149830
30064773530	30064773532	68719479037	94489281268
30064773530	30064773532	68719479038	94489281268
30064773530	30064773532	68719479039	111669149830
30064773531	68719479036	68719479036	111669149830
30064773532	68719479038	68719479038	94489281268
30064773532	30064773534	68719479039	111669149830
30064773533	68719479037	68719479037	94489281268
30064773534	68719479039	68719479039	111669149830
30064773535	68719479040	68719479040	94489281266
30064773535	30064773521	68719479041	94489281271
30064773535	30064773521	68719479042	111669149832
30064773536	68719479043	68719479043	94489281267
30064773536	30064773522	68719479044	94489281271
30064773536	30064773522	68719479045	111669149832
30064773537	30064773538	68719479046	94489281270
30064773538	68719479046	68719479046	94489281270
30064773539	68719479048	68719479048	111669149833
30064773539	68719479049	68719479049	111669149834
30064773540	68719479050	68719479050	111669149836
30064773540	68719479051	68719479051	111669149837
30064773541	68719479052	68719479052	94489281273
30064773542	68719479054	68719479054	111669149839
30064773543	30064773544	68719479055	94489281273
30064773543	30064773544	68719479056	111669149839
30064773543	25769804098	68719479057	94489281306
30064773543	25769804098	68719479060	94489281305
30064773543	25769804098	68719479061	94489281305
30064773543	25769804098	68719479062	111669149839
30064773544	68719479055	68719479055	94489281273
30064773544	30064773545	68719479056	111669149839
30064773545	68719479056	68719479056	111669149839
30064773546	68719479057	68719479057	94489281306
30064773548	30064773550	68719479060	94489281305
30064773548	30064773550	68719479061	94489281305
30064773548	30064773550	68719479062	111669149839
30064773550	68719479061	68719479061	94489281305
30064773550	30064773552	68719479062	111669149839
30064773551	68719479060	68719479060	94489281305
30064773552	68719479062	68719479062	111669149839
30064773553	30064773554	68719479064	111669149839
30064773553	30064773555	68719479065	111669149839
30064773554	68719479064	68719479064	111669149839
30064773555	30064773556	68719479065	111669149839
30064773556	30064773557	68719479065	111669149839
30064773557	68719479065	68719479065	111669149839
30064773558	68719479070	68719479070	94489281301
30064773558	68719479071	68719479071	94489281273
30064773559	30064773560	68719479066	94489281301
30064773559	30064773560	68719479067	94489281304
30064773559	30064773560	68719479068	111669149839
30064773559	30064773560	68719479069	94489281304
30064773560	68719479066	68719479066	94489281301
30064773560	30064773561	68719479067	94489281304
30064773560	30064773561	68719479068	111669149839
30064773560	30064773561	68719479069	94489281304
30064773561	68719479069	68719479069	94489281304
30064773562	30064773563	68719479067	94489281304
30064773562	30064773563	68719479068	111669149839
30064773563	68719479067	68719479067	94489281304
30064773563	30064773564	68719479068	111669149839
30064773564	68719479068	68719479068	111669149839
30064773565	68719479162	68719479162	111669149843
30064773566	68719479165	68719479165	111669149843
30064773567	30064773568	68719479073	111669149842
30064773567	30064773568	68719479074	111669149840
30064773568	68719479074	68719479074	111669149840
30064773569	68719479076	68719479076	111669149841
30064773569	30064773571	68719479077	111669149841
30064773569	30064773571	68719479078	111669149841
30064773570	68719479075	68719479075	111669149841
30064773571	30064773572	68719479077	111669149841
30064773571	30064773574	68719479078	111669149841
30064773572	30064773573	68719479077	111669149841
30064773573	68719479077	68719479077	111669149841
30064773574	30064773575	68719479078	111669149841
30064773575	30064773576	68719479078	111669149841
30064773576	30064773577	68719479078	111669149841
30064773577	68719479078	68719479078	111669149841
30064773578	30064773579	68719479080	111669149841
30064773579	68719479080	68719479080	111669149841
30064773580	68719479081	68719479081	94489281278
30064773580	30064773581	68719479082	94489281292
30064773580	30064773581	68719479083	94489281292
30064773580	30064773581	68719479084	94489281292
30064773580	30064773581	68719479085	94489281292
30064773580	30064773581	68719479086	94489281292
30064773580	30064773581	68719479087	94489281292
30064773580	30064773581	68719479088	94489281292
30064773581	30064773582	68719479082	94489281292
30064773581	30064773582	68719479083	94489281292
30064773581	30064773582	68719479084	94489281292
30064773581	30064773582	68719479085	94489281292
30064773581	30064773582	68719479086	94489281292
30064773581	30064773582	68719479087	94489281292
30064773581	30064773582	68719479088	94489281292
30064773582	30064773583	68719479082	94489281292
30064773582	30064773583	68719479083	94489281292
30064773582	30064773583	68719479084	94489281292
30064773582	30064773583	68719479085	94489281292
30064773582	30064773583	68719479086	94489281292
30064773582	30064773593	68719479087	94489281292
30064773582	30064773593	68719479088	94489281292
30064773583	30064773584	68719479082	94489281292
30064773583	30064773584	68719479083	94489281292
30064773583	30064773584	68719479084	94489281292
30064773583	30064773589	68719479085	94489281292
30064773583	30064773589	68719479086	94489281292
30064773584	30064773585	68719479082	94489281292
30064773584	30064773585	68719479083	94489281292
30064773584	30064773588	68719479084	94489281292
30064773585	30064773586	68719479082	94489281292
30064773585	30064773587	68719479083	94489281292
30064773586	68719479082	68719479082	94489281292
30064773587	68719479083	68719479083	94489281292
30064773588	68719479084	68719479084	94489281292
30064773589	30064773590	68719479085	94489281292
30064773589	30064773591	68719479086	94489281292
30064773590	68719479085	68719479085	94489281292
30064773591	30064773592	68719479086	94489281292
30064773592	68719479086	68719479086	94489281292
30064773593	30064773594	68719479087	94489281292
30064773593	30064773595	68719479088	94489281292
30064773594	68719479087	68719479087	94489281292
30064773595	30064773596	68719479088	94489281292
30064773596	68719479088	68719479088	94489281292
30064773597	30064773598	68719479089	111669149841
30064773598	30064773599	68719479089	111669149841
30064773599	68719479089	68719479089	111669149841
30064773600	30064773601	68719479090	111669149841
30064773601	30064773602	68719479090	111669149841
30064773602	68719479090	68719479090	111669149841
30064773605	68719479095	68719479095	94489281298
30064773605	68719479096	68719479096	94489281292
30064773606	68719479094	68719479094	94489281298
30064773607	68719479097	68719479097	94489281292
30064773607	30064773608	68719479098	94489281297
30064773608	68719479098	68719479098	94489281297
30064773609	30064773610	68719479099	111669149841
30064773609	30064773612	68719479100	94489281296
30064773609	30064773612	68719479101	111669149840
30064773609	30064773612	68719479102	94489281292
30064773610	30064773611	68719479099	111669149841
30064773611	68719479099	68719479099	111669149841
30064773612	68719479101	68719479101	111669149840
30064773612	68719479102	68719479102	94489281292
30064773613	30064773614	68719479103	111669149841
30064773613	30064773615	68719479104	94489281289
30064773613	30064773615	68719479105	94489281289
30064773613	30064773615	68719479106	94489281278
30064773614	68719479103	68719479103	111669149841
30064773615	68719479105	68719479105	94489281289
30064773615	68719479106	68719479106	94489281278
30064773616	68719479104	68719479104	94489281289
30064773617	30064773618	68719479107	94489281292
30064773618	68719479107	68719479107	94489281292
30064773619	68719479108	68719479108	94489281281
30064773620	30064773621	68719479109	94489281292
30064773621	30064773622	68719479109	94489281292
30064773622	68719479109	68719479109	94489281292
30064773623	68719479110	68719479110	94489281282
30064773623	30064773624	68719479111	94489281295
30064773623	30064773624	68719479112	94489281292
30064773623	30064773624	68719479113	94489281295
30064773624	68719479113	68719479113	94489281295
30064773625	30064773626	68719479111	94489281295
30064773625	30064773626	68719479112	94489281292
30064773626	68719479111	68719479111	94489281295
30064773626	30064773627	68719479112	94489281292
30064773627	68719479112	68719479112	94489281292
30064773628	68719479114	68719479114	94489281282
30064773630	68719479115	68719479115	94489281281
30064773630	30064773631	68719479116	94489281294
30064773630	30064773631	68719479117	94489281292
30064773630	30064773631	68719479118	94489281294
30064773630	30064773631	68719479119	94489281282
30064773630	30064773631	68719479120	94489281292
30064773631	68719479118	68719479118	94489281294
30064773631	30064773635	68719479119	94489281282
30064773631	30064773636	68719479120	94489281292
30064773632	30064773633	68719479116	94489281294
30064773632	30064773633	68719479117	94489281292
30064773633	68719479116	68719479116	94489281294
30064773633	30064773634	68719479117	94489281292
30064773634	68719479117	68719479117	94489281292
30064773635	68719479119	68719479119	94489281282
30064773636	30064773637	68719479120	94489281292
30064773637	68719479120	68719479120	94489281292
30064773638	30064773639	68719479121	111669149841
30064773638	30064773639	68719479122	94489281281
30064773638	25769804108	68719479123	94489281293
30064773639	30064773640	68719479121	111669149841
30064773639	68719479122	68719479122	94489281281
30064773640	30064773641	68719479121	111669149841
30064773641	68719479121	68719479121	111669149841
30064773642	68719479123	68719479123	94489281293
30064773646	30064773647	68719479127	111669149841
30064773646	30064773648	68719479128	94489281289
30064773646	30064773648	68719479129	94489281289
30064773646	30064773648	68719479130	94489281278
30064773647	68719479127	68719479127	111669149841
30064773648	68719479129	68719479129	94489281289
30064773648	68719479130	68719479130	94489281278
30064773649	68719479128	68719479128	94489281289
30064773650	30064773651	68719479131	94489281292
30064773651	30064773652	68719479131	94489281292
30064773652	68719479131	68719479131	94489281292
30064773653	68719479132	68719479132	94489281284
30064773654	68719479133	68719479133	94489281286
30064773654	30064773655	68719479134	94489281291
30064773654	30064773655	68719479135	94489281292
30064773654	30064773655	68719479136	94489281291
30064773655	68719479136	68719479136	94489281291
30064773656	30064773657	68719479134	94489281291
30064773656	30064773657	68719479135	94489281292
30064773657	68719479134	68719479134	94489281291
30064773657	30064773658	68719479135	94489281292
30064773658	68719479135	68719479135	94489281292
30064773659	68719479137	68719479137	94489281287
30064773661	68719479141	68719479141	94489281284
30064773661	30064773662	68719479142	94489281287
30064773661	30064773662	68719479143	94489281287
30064773661	30064773662	68719479144	94489281287
30064773662	68719479143	68719479143	94489281287
30064773662	30064773664	68719479144	94489281287
30064773663	68719479142	68719479142	94489281287
30064773664	30064773665	68719479144	94489281287
30064773665	68719479144	68719479144	94489281287
30064773666	30064773667	68719479145	111669149841
30064773666	30064773667	68719479146	94489281284
30064773666	25769804111	68719479147	94489281290
30064773667	30064773668	68719479145	111669149841
30064773667	68719479146	68719479146	94489281284
30064773668	30064773669	68719479145	111669149841
30064773669	68719479145	68719479145	111669149841
30064773670	68719479147	68719479147	94489281290
30064773674	30064773675	68719479151	111669149841
30064773674	30064773676	68719479152	94489281289
30064773674	30064773676	68719479153	94489281289
30064773674	30064773676	68719479154	94489281278
30064773675	68719479151	68719479151	111669149841
30064773676	68719479153	68719479153	94489281289
30064773676	68719479154	68719479154	94489281278
30064773677	68719479152	68719479152	94489281289
30064773678	30064773679	68719479155	111669149841
30064773678	30064773680	68719479156	94489281289
30064773678	30064773680	68719479157	94489281289
30064773678	30064773680	68719479158	94489281278
30064773679	68719479155	68719479155	111669149841
30064773680	68719479157	68719479157	94489281289
30064773680	68719479158	68719479158	94489281278
30064773681	68719479156	68719479156	94489281289
30064773682	68719479159	68719479159	94489281272
30064773683	68719479160	68719479160	94489281276
30064773683	30064773565	68719479161	94489281300
30064773683	30064773565	68719479162	111669149843
30064773684	68719479163	68719479163	94489281277
30064773684	30064773566	68719479164	94489281300
30064773684	30064773566	68719479165	111669149843
30064773685	30064773686	68719479166	94489281299
30064773686	68719479166	68719479166	94489281299
30064773687	68719479184	68719479184	111669149847
30064773688	68719479187	68719479187	111669149847
30064773689	68719479167	68719479167	94489281311
30064773689	30064773690	68719479168	111669149845
30064773690	68719479168	68719479168	111669149845
30064773691	68719479169	68719479169	94489281312
30064773693	68719479172	68719479172	94489281312
30064773693	30064773694	68719479173	94489281312
30064773693	30064773694	68719479174	94489281312
30064773694	30064773695	68719479173	94489281312
30064773694	30064773695	68719479174	94489281312
30064773695	30064773696	68719479173	94489281312
30064773695	30064773696	68719479174	94489281312
30064773696	68719479174	68719479174	94489281312
30064773697	68719479173	68719479173	94489281312
30064773698	30064773699	68719479175	94489281312
30064773698	30064773699	68719479176	94489281312
30064773699	68719479176	68719479176	94489281312
30064773700	68719479175	68719479175	94489281312
30064773701	68719479177	68719479177	94489281312
30064773701	30064773702	68719479178	94489281312
30064773701	30064773702	68719479179	94489281312
30064773702	30064773703	68719479178	94489281312
30064773702	30064773703	68719479179	94489281312
30064773703	30064773704	68719479178	94489281312
30064773703	30064773704	68719479179	94489281312
30064773704	68719479179	68719479179	94489281312
30064773705	68719479178	68719479178	94489281312
30064773706	30064773707	68719479180	94489281312
30064773706	30064773707	68719479181	94489281312
30064773707	68719479181	68719479181	94489281312
30064773708	68719479180	68719479180	94489281312
30064773709	68719479182	68719479182	94489281307
30064773709	30064773687	68719479183	94489281314
30064773709	30064773687	68719479184	111669149847
30064773710	68719479185	68719479185	94489281308
30064773710	30064773688	68719479186	94489281314
30064773710	30064773688	68719479187	111669149847
30064773711	30064773712	68719479188	94489281313
30064773711	30064773713	68719479189	94489281307
30064773711	30064773713	68719479190	111669149847
30064773711	30064773713	68719479193	94489281308
30064773711	30064773713	68719479194	94489281308
30064773712	68719479188	68719479188	94489281313
30064773713	68719479190	68719479190	111669149847
30064773713	25769804119	68719479193	94489281308
30064773713	25769804119	68719479194	94489281308
30064773716	30064773718	68719479193	94489281308
30064773716	30064773718	68719479194	94489281308
30064773718	68719479194	68719479194	94489281308
30064773719	68719479193	68719479193	94489281308
30064773724	68719479244	68719479244	111669149853
30064773725	30064773726	68719479198	94489281322
30064773725	30064773726	68719479199	111669149849
30064773725	30064773728	68719479200	94489281324
30064773725	30064773728	68719479201	94489281324
30064773725	30064773728	68719479202	94489281322
30064773725	30064773728	68719479203	111669149849
30064773726	30064773727	68719479198	94489281322
30064773726	30064773727	68719479199	111669149849
30064773727	68719479198	68719479198	94489281322
30064773727	68719479199	68719479199	111669149849
30064773728	68719479201	68719479201	94489281324
30064773728	30064773730	68719479202	94489281322
30064773728	30064773730	68719479203	111669149849
30064773729	68719479200	68719479200	94489281324
30064773730	68719479202	68719479202	94489281322
30064773730	68719479203	68719479203	111669149849
30064773731	68719479204	68719479204	94489281322
30064773731	68719479205	68719479205	111669149849
30064773732	30064773733	68719479206	94489281322
30064773732	30064773733	68719479207	111669149849
30064773732	25769804128	68719479208	94489281323
30064773732	25769804128	68719479211	94489281322
30064773732	25769804128	68719479212	111669149849
30064773733	68719479206	68719479206	94489281322
30064773733	68719479207	68719479207	111669149849
30064773734	68719479208	68719479208	94489281323
30064773736	30064773738	68719479211	94489281322
30064773736	30064773738	68719479212	111669149849
30064773738	68719479211	68719479211	94489281322
30064773738	68719479212	68719479212	111669149849
30064773739	30064773740	68719479214	111669149851
30064773740	68719479214	68719479214	111669149851
30064773741	68719479216	68719479216	111669149850
30064773742	30064773743	68719479217	111669149851
30064773742	30064773744	68719479218	94489281326
30064773742	30064773744	68719479219	94489281326
30064773742	30064773744	68719479220	111669149851
30064773743	68719479217	68719479217	111669149851
30064773744	68719479219	68719479219	94489281326
30064773744	30064773746	68719479220	111669149851
30064773745	68719479218	68719479218	94489281326
30064773746	68719479220	68719479220	111669149851
30064773747	68719479221	68719479221	94489281319
30064773747	68719479222	68719479222	111669149851
30064773748	68719479223	68719479223	94489281320
30064773750	30064773751	68719479226	94489281320
30064773750	30064773752	68719479227	94489281320
30064773751	68719479226	68719479226	94489281320
30064773752	30064773753	68719479227	94489281320
30064773753	30064773754	68719479227	94489281320
30064773754	68719479227	68719479227	94489281320
30064773755	30064773756	68719479228	94489281320
30064773755	30064773757	68719479229	94489281320
30064773755	30064773757	68719479230	94489281320
30064773756	68719479228	68719479228	94489281320
30064773757	30064773758	68719479229	94489281320
30064773757	30064773759	68719479230	94489281320
30064773758	68719479229	68719479229	94489281320
30064773759	30064773760	68719479230	94489281320
30064773760	30064773761	68719479230	94489281320
30064773761	68719479230	68719479230	94489281320
30064773762	68719479231	68719479231	94489281320
30064773763	30064773764	68719479232	94489281320
30064773763	30064773765	68719479233	94489281320
30064773764	68719479232	68719479232	94489281320
30064773765	30064773766	68719479233	94489281320
30064773766	68719479233	68719479233	94489281320
30064773767	30064773768	68719479234	94489281320
30064773767	30064773769	68719479235	94489281320
30064773767	30064773769	68719479236	94489281320
30064773767	30064773769	68719479237	94489281320
30064773768	68719479234	68719479234	94489281320
30064773769	30064773770	68719479235	94489281320
30064773769	30064773771	68719479236	94489281320
30064773769	30064773771	68719479237	94489281320
30064773770	68719479235	68719479235	94489281320
30064773771	30064773772	68719479236	94489281320
30064773771	30064773774	68719479237	94489281320
30064773772	30064773773	68719479236	94489281320
30064773773	68719479236	68719479236	94489281320
30064773774	68719479237	68719479237	94489281320
30064773775	68719479239	68719479239	94489281325
30064773776	68719479238	68719479238	94489281325
30064773777	68719479241	68719479241	111669149850
30064773778	68719479242	68719479242	94489281315
30064773778	30064773724	68719479243	94489281329
30064773778	30064773724	68719479244	111669149853
30064773779	68719479245	68719479245	94489281316
30064773779	25769804125	68719479246	94489281328
30064773780	68719479246	68719479246	94489281328
30064773788	30064773789	68719479254	94489281327
30064773789	68719479254	68719479254	94489281327
30064773790	68719479272	68719479272	111669149857
30064773791	68719479278	68719479278	111669149857
30064773792	68719479256	68719479256	111669149854
30064773792	68719479257	68719479257	111669149855
30064773793	30064773794	68719479258	111669149855
30064773793	30064773796	68719479259	94489281335
30064773793	30064773796	68719479260	94489281336
30064773793	30064773796	68719479261	94489281337
30064773793	30064773796	68719479262	111669149854
30064773793	30064773796	68719479263	94489281336
30064773793	30064773796	68719479264	94489281335
30064773793	30064773796	68719479266	111669149855
30064773794	30064773795	68719479258	111669149855
30064773795	68719479258	68719479258	111669149855
30064773796	30064773797	68719479259	94489281335
30064773796	30064773797	68719479260	94489281336
30064773796	30064773797	68719479261	94489281337
30064773796	30064773797	68719479262	111669149854
30064773796	30064773797	68719479263	94489281336
30064773796	30064773797	68719479264	94489281335
30064773796	30064773797	68719479266	111669149855
30064773797	68719479264	68719479264	94489281335
30064773797	25769804135	68719479266	111669149855
30064773798	30064773799	68719479259	94489281335
30064773798	30064773799	68719479260	94489281336
30064773798	30064773799	68719479261	94489281337
30064773798	30064773799	68719479262	111669149854
30064773798	30064773799	68719479263	94489281336
30064773799	68719479259	68719479259	94489281335
30064773799	30064773800	68719479260	94489281336
30064773799	30064773800	68719479261	94489281337
30064773799	30064773800	68719479262	111669149854
30064773799	30064773800	68719479263	94489281336
30064773800	68719479263	68719479263	94489281336
30064773801	30064773802	68719479260	94489281336
30064773801	30064773802	68719479261	94489281337
30064773801	30064773802	68719479262	111669149854
30064773802	68719479260	68719479260	94489281336
30064773802	30064773803	68719479261	94489281337
30064773802	30064773803	68719479262	111669149854
30064773803	68719479262	68719479262	111669149854
30064773804	30064773806	68719479266	111669149855
30064773806	30064773807	68719479266	111669149855
30064773807	30064773808	68719479266	111669149855
30064773808	30064773809	68719479266	111669149855
30064773809	68719479266	68719479266	111669149855
30064773810	68719479269	68719479269	111669149854
30064773811	68719479270	68719479270	94489281331
30064773811	30064773790	68719479271	94489281340
30064773811	30064773790	68719479272	111669149857
30064773812	68719479273	68719479273	94489281332
30064773814	68719479276	68719479276	94489281333
30064773814	30064773791	68719479277	94489281340
30064773814	30064773791	68719479278	111669149857
30064773815	30064773816	68719479279	94489281339
30064773816	68719479279	68719479279	94489281339
30064773817	68719479287	68719479287	94489281421
30064773818	30064773819	68719479280	94489281421
30064773818	30064773819	68719479281	94489281422
30064773818	30064773819	68719479282	94489281423
30064773818	30064773819	68719479283	111669149859
30064773818	30064773819	68719479284	111669149859
30064773818	30064773819	68719479285	94489281423
30064773818	30064773819	68719479286	94489281422
30064773819	68719479280	68719479280	94489281421
30064773819	30064773820	68719479281	94489281422
30064773819	30064773820	68719479282	94489281423
30064773819	30064773820	68719479283	111669149859
30064773819	30064773820	68719479284	111669149859
30064773819	30064773820	68719479285	94489281423
30064773819	30064773820	68719479286	94489281422
30064773820	68719479286	68719479286	94489281422
30064773821	30064773822	68719479281	94489281422
30064773821	30064773822	68719479282	94489281423
30064773821	30064773822	68719479283	111669149859
30064773821	30064773822	68719479284	111669149859
30064773821	30064773822	68719479285	94489281423
30064773822	68719479281	68719479281	94489281422
30064773822	30064773823	68719479282	94489281423
30064773822	30064773823	68719479283	111669149859
30064773822	30064773823	68719479284	111669149859
30064773822	30064773823	68719479285	94489281423
30064773823	68719479285	68719479285	94489281423
30064773824	30064773825	68719479282	94489281423
30064773824	30064773825	68719479283	111669149859
30064773824	30064773825	68719479284	111669149859
30064773825	68719479282	68719479282	94489281423
30064773825	30064773826	68719479283	111669149859
30064773825	30064773826	68719479284	111669149859
30064773826	68719479284	68719479284	111669149859
30064773827	68719479283	68719479283	111669149859
30064773828	68719479293	68719479293	94489281419
30064773829	30064773830	68719479288	94489281419
30064773829	30064773830	68719479289	94489281420
30064773829	30064773830	68719479290	111669149859
30064773829	30064773830	68719479291	111669149859
30064773829	30064773830	68719479292	94489281420
30064773830	68719479288	68719479288	94489281419
30064773830	30064773831	68719479289	94489281420
30064773830	30064773831	68719479290	111669149859
30064773830	30064773831	68719479291	111669149859
30064773830	30064773831	68719479292	94489281420
30064773831	68719479292	68719479292	94489281420
30064773832	30064773833	68719479289	94489281420
30064773832	30064773833	68719479290	111669149859
30064773832	30064773833	68719479291	111669149859
30064773833	68719479289	68719479289	94489281420
30064773833	30064773834	68719479290	111669149859
30064773833	30064773834	68719479291	111669149859
30064773834	68719479291	68719479291	111669149859
30064773835	68719479290	68719479290	111669149859
30064773836	68719479299	68719479299	94489281417
30064773837	30064773838	68719479294	94489281417
30064773837	30064773838	68719479295	94489281418
30064773837	30064773838	68719479296	111669149859
30064773837	30064773838	68719479297	111669149859
30064773837	30064773838	68719479298	94489281418
30064773838	68719479294	68719479294	94489281417
30064773838	30064773839	68719479295	94489281418
30064773838	30064773839	68719479296	111669149859
30064773838	30064773839	68719479297	111669149859
30064773838	30064773839	68719479298	94489281418
30064773839	68719479298	68719479298	94489281418
30064773840	30064773841	68719479295	94489281418
30064773840	30064773841	68719479296	111669149859
30064773840	30064773841	68719479297	111669149859
30064773841	68719479295	68719479295	94489281418
30064773841	30064773842	68719479296	111669149859
30064773841	30064773842	68719479297	111669149859
30064773842	68719479297	68719479297	111669149859
30064773843	68719479296	68719479296	111669149859
30064773844	68719479303	68719479303	94489281416
30064773845	30064773846	68719479300	94489281416
30064773845	30064773846	68719479301	111669149859
30064773845	30064773846	68719479302	111669149859
30064773846	68719479300	68719479300	94489281416
30064773846	30064773847	68719479301	111669149859
30064773846	30064773847	68719479302	111669149859
30064773847	68719479302	68719479302	111669149859
30064773848	68719479301	68719479301	111669149859
30064773849	68719479307	68719479307	94489281415
30064773850	30064773851	68719479304	94489281415
30064773850	30064773851	68719479305	111669149859
30064773850	30064773851	68719479306	111669149859
30064773851	68719479304	68719479304	94489281415
30064773851	30064773852	68719479305	111669149859
30064773851	30064773852	68719479306	111669149859
30064773852	68719479306	68719479306	111669149859
30064773853	68719479305	68719479305	111669149859
30064773854	68719479311	68719479311	94489281414
30064773855	30064773856	68719479308	94489281414
30064773855	30064773856	68719479309	111669149859
30064773855	30064773856	68719479310	111669149859
30064773856	68719479308	68719479308	94489281414
30064773856	30064773857	68719479309	111669149859
30064773856	30064773857	68719479310	111669149859
30064773857	68719479310	68719479310	111669149859
30064773858	68719479309	68719479309	111669149859
30064773859	68719479313	68719479313	111669149859
30064773860	68719479312	68719479312	111669149859
30064773861	68719479321	68719479321	94489281410
30064773862	30064773863	68719479314	94489281410
30064773862	30064773863	68719479315	94489281411
30064773862	30064773863	68719479316	94489281412
30064773862	30064773863	68719479317	111669149861
30064773862	30064773863	68719479318	111669149861
30064773862	30064773863	68719479319	94489281412
30064773862	30064773863	68719479320	94489281411
30064773863	68719479314	68719479314	94489281410
30064773863	30064773864	68719479315	94489281411
30064773863	30064773864	68719479316	94489281412
30064773863	30064773864	68719479317	111669149861
30064773863	30064773864	68719479318	111669149861
30064773863	30064773864	68719479319	94489281412
30064773863	30064773864	68719479320	94489281411
30064773864	68719479320	68719479320	94489281411
30064773865	30064773866	68719479315	94489281411
30064773865	30064773866	68719479316	94489281412
30064773865	30064773866	68719479317	111669149861
30064773865	30064773866	68719479318	111669149861
30064773865	30064773866	68719479319	94489281412
30064773866	68719479315	68719479315	94489281411
30064773866	30064773867	68719479316	94489281412
30064773866	30064773867	68719479317	111669149861
30064773866	30064773867	68719479318	111669149861
30064773866	30064773867	68719479319	94489281412
30064773867	68719479319	68719479319	94489281412
30064773868	30064773869	68719479316	94489281412
30064773868	30064773869	68719479317	111669149861
30064773868	30064773869	68719479318	111669149861
30064773869	68719479316	68719479316	94489281412
30064773869	30064773870	68719479317	111669149861
30064773869	30064773870	68719479318	111669149861
30064773870	68719479318	68719479318	111669149861
30064773871	68719479317	68719479317	111669149861
30064773872	68719479327	68719479327	94489281408
30064773873	30064773874	68719479322	94489281408
30064773873	30064773874	68719479323	94489281409
30064773873	30064773874	68719479324	111669149861
30064773873	30064773874	68719479325	111669149861
30064773873	30064773874	68719479326	94489281409
30064773874	68719479322	68719479322	94489281408
30064773874	30064773875	68719479323	94489281409
30064773874	30064773875	68719479324	111669149861
30064773874	30064773875	68719479325	111669149861
30064773874	30064773875	68719479326	94489281409
30064773875	68719479326	68719479326	94489281409
30064773876	30064773877	68719479323	94489281409
30064773876	30064773877	68719479324	111669149861
30064773876	30064773877	68719479325	111669149861
30064773877	68719479323	68719479323	94489281409
30064773877	30064773878	68719479324	111669149861
30064773877	30064773878	68719479325	111669149861
30064773878	68719479325	68719479325	111669149861
30064773879	68719479324	68719479324	111669149861
30064773880	68719479331	68719479331	94489281407
30064773881	30064773882	68719479328	94489281407
30064773881	30064773882	68719479329	111669149861
30064773881	30064773882	68719479330	111669149861
30064773882	68719479328	68719479328	94489281407
30064773882	30064773883	68719479329	111669149861
30064773882	30064773883	68719479330	111669149861
30064773883	68719479330	68719479330	111669149861
30064773884	68719479329	68719479329	111669149861
30064773885	68719479335	68719479335	94489281406
30064773886	30064773887	68719479332	94489281406
30064773886	30064773887	68719479333	111669149861
30064773886	30064773887	68719479334	111669149861
30064773887	68719479332	68719479332	94489281406
30064773887	30064773888	68719479333	111669149861
30064773887	30064773888	68719479334	111669149861
30064773888	68719479334	68719479334	111669149861
30064773889	68719479333	68719479333	111669149861
30064773890	68719479339	68719479339	94489281405
30064773891	30064773892	68719479336	94489281405
30064773891	30064773892	68719479337	111669149861
30064773891	30064773892	68719479338	111669149861
30064773892	68719479336	68719479336	94489281405
30064773892	30064773893	68719479337	111669149861
30064773892	30064773893	68719479338	111669149861
30064773893	68719479338	68719479338	111669149861
30064773894	68719479337	68719479337	111669149861
30064773895	68719479345	68719479345	94489281403
30064773896	30064773897	68719479340	94489281403
30064773896	30064773897	68719479341	94489281404
30064773896	30064773897	68719479342	111669149861
30064773896	30064773897	68719479343	111669149861
30064773896	30064773897	68719479344	94489281404
30064773897	68719479340	68719479340	94489281403
30064773897	30064773898	68719479341	94489281404
30064773897	30064773898	68719479342	111669149861
30064773897	30064773898	68719479343	111669149861
30064773897	30064773898	68719479344	94489281404
30064773898	68719479344	68719479344	94489281404
30064773899	30064773900	68719479341	94489281404
30064773899	30064773900	68719479342	111669149861
30064773899	30064773900	68719479343	111669149861
30064773900	68719479341	68719479341	94489281404
30064773900	30064773901	68719479342	111669149861
30064773900	30064773901	68719479343	111669149861
30064773901	68719479343	68719479343	111669149861
30064773902	68719479342	68719479342	111669149861
30064773903	68719479353	68719479353	94489281400
30064773904	30064773905	68719479346	94489281400
30064773904	30064773905	68719479347	94489281401
30064773904	30064773905	68719479348	94489281402
30064773904	30064773905	68719479349	111669149861
30064773904	30064773905	68719479350	111669149861
30064773904	30064773905	68719479351	94489281402
30064773904	30064773905	68719479352	94489281401
30064773905	68719479346	68719479346	94489281400
30064773905	30064773906	68719479347	94489281401
30064773905	30064773906	68719479348	94489281402
30064773905	30064773906	68719479349	111669149861
30064773905	30064773906	68719479350	111669149861
30064773905	30064773906	68719479351	94489281402
30064773905	30064773906	68719479352	94489281401
30064773906	68719479352	68719479352	94489281401
30064773907	30064773908	68719479347	94489281401
30064773907	30064773908	68719479348	94489281402
30064773907	30064773908	68719479349	111669149861
30064773907	30064773908	68719479350	111669149861
30064773907	30064773908	68719479351	94489281402
30064773908	68719479347	68719479347	94489281401
30064773908	30064773909	68719479348	94489281402
30064773908	30064773909	68719479349	111669149861
30064773908	30064773909	68719479350	111669149861
30064773908	30064773909	68719479351	94489281402
30064773909	68719479351	68719479351	94489281402
30064773910	30064773911	68719479348	94489281402
30064773910	30064773911	68719479349	111669149861
30064773910	30064773911	68719479350	111669149861
30064773911	68719479348	68719479348	94489281402
30064773911	30064773912	68719479349	111669149861
30064773911	30064773912	68719479350	111669149861
30064773912	68719479350	68719479350	111669149861
30064773913	68719479349	68719479349	111669149861
30064773914	68719479355	68719479355	111669149861
30064773915	68719479354	68719479354	111669149861
30064773916	68719479363	68719479363	94489281396
30064773917	30064773918	68719479356	94489281396
30064773917	30064773918	68719479357	94489281397
30064773917	30064773918	68719479358	94489281398
30064773917	30064773918	68719479359	111669149863
30064773917	30064773918	68719479360	111669149863
30064773917	30064773918	68719479361	94489281398
30064773917	30064773918	68719479362	94489281397
30064773918	68719479356	68719479356	94489281396
30064773918	30064773919	68719479357	94489281397
30064773918	30064773919	68719479358	94489281398
30064773918	30064773919	68719479359	111669149863
30064773918	30064773919	68719479360	111669149863
30064773918	30064773919	68719479361	94489281398
30064773918	30064773919	68719479362	94489281397
30064773919	68719479362	68719479362	94489281397
30064773920	30064773921	68719479357	94489281397
30064773920	30064773921	68719479358	94489281398
30064773920	30064773921	68719479359	111669149863
30064773920	30064773921	68719479360	111669149863
30064773920	30064773921	68719479361	94489281398
30064773921	68719479357	68719479357	94489281397
30064773921	30064773922	68719479358	94489281398
30064773921	30064773922	68719479359	111669149863
30064773921	30064773922	68719479360	111669149863
30064773921	30064773922	68719479361	94489281398
30064773922	68719479361	68719479361	94489281398
30064773923	30064773924	68719479358	94489281398
30064773923	30064773924	68719479359	111669149863
30064773923	30064773924	68719479360	111669149863
30064773924	68719479358	68719479358	94489281398
30064773924	30064773925	68719479359	111669149863
30064773924	30064773925	68719479360	111669149863
30064773925	68719479360	68719479360	111669149863
30064773926	68719479359	68719479359	111669149863
30064773927	68719479367	68719479367	94489281395
30064773928	30064773929	68719479364	94489281395
30064773928	30064773929	68719479365	111669149863
30064773928	30064773929	68719479366	111669149863
30064773929	68719479364	68719479364	94489281395
30064773929	30064773930	68719479365	111669149863
30064773929	30064773930	68719479366	111669149863
30064773930	68719479366	68719479366	111669149863
30064773931	68719479365	68719479365	111669149863
30064773932	68719479375	68719479375	94489281392
30064773933	30064773934	68719479368	94489281392
30064773933	30064773934	68719479369	94489281393
30064773933	30064773934	68719479370	94489281394
30064773933	30064773934	68719479371	111669149863
30064773933	30064773934	68719479372	111669149863
30064773933	30064773934	68719479373	94489281394
30064773933	30064773934	68719479374	94489281393
30064773934	68719479368	68719479368	94489281392
30064773934	30064773935	68719479369	94489281393
30064773934	30064773935	68719479370	94489281394
30064773934	30064773935	68719479371	111669149863
30064773934	30064773935	68719479372	111669149863
30064773934	30064773935	68719479373	94489281394
30064773934	30064773935	68719479374	94489281393
30064773935	68719479374	68719479374	94489281393
30064773936	30064773937	68719479369	94489281393
30064773936	30064773937	68719479370	94489281394
30064773936	30064773937	68719479371	111669149863
30064773936	30064773937	68719479372	111669149863
30064773936	30064773937	68719479373	94489281394
30064773937	68719479369	68719479369	94489281393
30064773937	30064773938	68719479370	94489281394
30064773937	30064773938	68719479371	111669149863
30064773937	30064773938	68719479372	111669149863
30064773937	30064773938	68719479373	94489281394
30064773938	68719479373	68719479373	94489281394
30064773939	30064773940	68719479370	94489281394
30064773939	30064773940	68719479371	111669149863
30064773939	30064773940	68719479372	111669149863
30064773940	68719479370	68719479370	94489281394
30064773940	30064773941	68719479371	111669149863
30064773940	30064773941	68719479372	111669149863
30064773941	68719479372	68719479372	111669149863
30064773942	68719479371	68719479371	111669149863
30064773943	68719479383	68719479383	94489281389
30064773944	30064773945	68719479376	94489281389
30064773944	30064773945	68719479377	94489281390
30064773944	30064773945	68719479378	94489281391
30064773944	30064773945	68719479379	111669149863
30064773944	30064773945	68719479380	111669149863
30064773944	30064773945	68719479381	94489281391
30064773944	30064773945	68719479382	94489281390
30064773945	68719479376	68719479376	94489281389
30064773945	30064773946	68719479377	94489281390
30064773945	30064773946	68719479378	94489281391
30064773945	30064773946	68719479379	111669149863
30064773945	30064773946	68719479380	111669149863
30064773945	30064773946	68719479381	94489281391
30064773945	30064773946	68719479382	94489281390
30064773946	68719479382	68719479382	94489281390
30064773947	30064773948	68719479377	94489281390
30064773947	30064773948	68719479378	94489281391
30064773947	30064773948	68719479379	111669149863
30064773947	30064773948	68719479380	111669149863
30064773947	30064773948	68719479381	94489281391
30064773948	68719479377	68719479377	94489281390
30064773948	30064773949	68719479378	94489281391
30064773948	30064773949	68719479379	111669149863
30064773948	30064773949	68719479380	111669149863
30064773948	30064773949	68719479381	94489281391
30064773949	68719479381	68719479381	94489281391
30064773950	30064773951	68719479378	94489281391
30064773950	30064773951	68719479379	111669149863
30064773950	30064773951	68719479380	111669149863
30064773951	68719479378	68719479378	94489281391
30064773951	30064773952	68719479379	111669149863
30064773951	30064773952	68719479380	111669149863
30064773952	68719479380	68719479380	111669149863
30064773953	68719479379	68719479379	111669149863
30064773954	68719479385	68719479385	111669149863
30064773955	68719479384	68719479384	111669149863
30064773956	68719479393	68719479393	94489281385
30064773957	30064773958	68719479386	94489281385
30064773957	30064773958	68719479387	94489281386
30064773957	30064773958	68719479388	94489281387
30064773957	30064773958	68719479389	111669149865
30064773957	30064773958	68719479390	111669149865
30064773957	30064773958	68719479391	94489281387
30064773957	30064773958	68719479392	94489281386
30064773958	68719479386	68719479386	94489281385
30064773958	30064773959	68719479387	94489281386
30064773958	30064773959	68719479388	94489281387
30064773958	30064773959	68719479389	111669149865
30064773958	30064773959	68719479390	111669149865
30064773958	30064773959	68719479391	94489281387
30064773958	30064773959	68719479392	94489281386
30064773959	68719479392	68719479392	94489281386
30064773960	30064773961	68719479387	94489281386
30064773960	30064773961	68719479388	94489281387
30064773960	30064773961	68719479389	111669149865
30064773960	30064773961	68719479390	111669149865
30064773960	30064773961	68719479391	94489281387
30064773961	68719479387	68719479387	94489281386
30064773961	30064773962	68719479388	94489281387
30064773961	30064773962	68719479389	111669149865
30064773961	30064773962	68719479390	111669149865
30064773961	30064773962	68719479391	94489281387
30064773962	68719479391	68719479391	94489281387
30064773963	30064773964	68719479388	94489281387
30064773963	30064773964	68719479389	111669149865
30064773963	30064773964	68719479390	111669149865
30064773964	68719479388	68719479388	94489281387
30064773964	30064773965	68719479389	111669149865
30064773964	30064773965	68719479390	111669149865
30064773965	68719479390	68719479390	111669149865
30064773966	68719479389	68719479389	111669149865
30064773967	68719479401	68719479401	94489281382
30064773968	30064773969	68719479394	94489281382
30064773968	30064773969	68719479395	94489281383
30064773968	30064773969	68719479396	94489281384
30064773968	30064773969	68719479397	111669149865
30064773968	30064773969	68719479398	111669149865
30064773968	30064773969	68719479399	94489281384
30064773968	30064773969	68719479400	94489281383
30064773969	68719479394	68719479394	94489281382
30064773969	30064773970	68719479395	94489281383
30064773969	30064773970	68719479396	94489281384
30064773969	30064773970	68719479397	111669149865
30064773969	30064773970	68719479398	111669149865
30064773969	30064773970	68719479399	94489281384
30064773969	30064773970	68719479400	94489281383
30064773970	68719479400	68719479400	94489281383
30064773971	30064773972	68719479395	94489281383
30064773971	30064773972	68719479396	94489281384
30064773971	30064773972	68719479397	111669149865
30064773971	30064773972	68719479398	111669149865
30064773971	30064773972	68719479399	94489281384
30064773972	68719479395	68719479395	94489281383
30064773972	30064773973	68719479396	94489281384
30064773972	30064773973	68719479397	111669149865
30064773972	30064773973	68719479398	111669149865
30064773972	30064773973	68719479399	94489281384
30064773973	68719479399	68719479399	94489281384
30064773974	30064773975	68719479396	94489281384
30064773974	30064773975	68719479397	111669149865
30064773974	30064773975	68719479398	111669149865
30064773975	68719479396	68719479396	94489281384
30064773975	30064773976	68719479397	111669149865
30064773975	30064773976	68719479398	111669149865
30064773976	68719479398	68719479398	111669149865
30064773977	68719479397	68719479397	111669149865
30064773978	68719479409	68719479409	94489281379
30064773979	30064773980	68719479402	94489281379
30064773979	30064773980	68719479403	94489281380
30064773979	30064773980	68719479404	94489281381
30064773979	30064773980	68719479405	111669149865
30064773979	30064773980	68719479406	111669149865
30064773979	30064773980	68719479407	94489281381
30064773979	30064773980	68719479408	94489281380
30064773980	68719479402	68719479402	94489281379
30064773980	30064773981	68719479403	94489281380
30064773980	30064773981	68719479404	94489281381
30064773980	30064773981	68719479405	111669149865
30064773980	30064773981	68719479406	111669149865
30064773980	30064773981	68719479407	94489281381
30064773980	30064773981	68719479408	94489281380
30064773981	68719479408	68719479408	94489281380
30064773982	30064773983	68719479403	94489281380
30064773982	30064773983	68719479404	94489281381
30064773982	30064773983	68719479405	111669149865
30064773982	30064773983	68719479406	111669149865
30064773982	30064773983	68719479407	94489281381
30064773983	68719479403	68719479403	94489281380
30064773983	30064773984	68719479404	94489281381
30064773983	30064773984	68719479405	111669149865
30064773983	30064773984	68719479406	111669149865
30064773983	30064773984	68719479407	94489281381
30064773984	68719479407	68719479407	94489281381
30064773985	30064773986	68719479404	94489281381
30064773985	30064773986	68719479405	111669149865
30064773985	30064773986	68719479406	111669149865
30064773986	68719479404	68719479404	94489281381
30064773986	30064773987	68719479405	111669149865
30064773986	30064773987	68719479406	111669149865
30064773987	68719479406	68719479406	111669149865
30064773988	68719479405	68719479405	111669149865
30064773989	68719479411	68719479411	111669149865
30064773990	68719479410	68719479410	111669149865
30064773991	68719479419	68719479419	94489281375
30064773992	30064773993	68719479412	94489281375
30064773992	30064773993	68719479413	94489281376
30064773992	30064773993	68719479414	94489281377
30064773992	30064773993	68719479415	111669149867
30064773992	30064773993	68719479416	111669149867
30064773992	30064773993	68719479417	94489281377
30064773992	30064773993	68719479418	94489281376
30064773993	68719479412	68719479412	94489281375
30064773993	30064773994	68719479413	94489281376
30064773993	30064773994	68719479414	94489281377
30064773993	30064773994	68719479415	111669149867
30064773993	30064773994	68719479416	111669149867
30064773993	30064773994	68719479417	94489281377
30064773993	30064773994	68719479418	94489281376
30064773994	68719479418	68719479418	94489281376
30064773995	30064773996	68719479413	94489281376
30064773995	30064773996	68719479414	94489281377
30064773995	30064773996	68719479415	111669149867
30064773995	30064773996	68719479416	111669149867
30064773995	30064773996	68719479417	94489281377
30064773996	68719479413	68719479413	94489281376
30064773996	30064773997	68719479414	94489281377
30064773996	30064773997	68719479415	111669149867
30064773996	30064773997	68719479416	111669149867
30064773996	30064773997	68719479417	94489281377
30064773997	68719479417	68719479417	94489281377
30064773998	30064773999	68719479414	94489281377
30064773998	30064773999	68719479415	111669149867
30064773998	30064773999	68719479416	111669149867
30064773999	68719479414	68719479414	94489281377
30064773999	30064774000	68719479415	111669149867
30064773999	30064774000	68719479416	111669149867
30064774000	68719479416	68719479416	111669149867
30064774001	68719479415	68719479415	111669149867
30064774002	68719479427	68719479427	94489281372
30064774003	30064774004	68719479420	94489281372
30064774003	30064774004	68719479421	94489281373
30064774003	30064774004	68719479422	94489281374
30064774003	30064774004	68719479423	111669149867
30064774003	30064774004	68719479424	111669149867
30064774003	30064774004	68719479425	94489281374
30064774003	30064774004	68719479426	94489281373
30064774004	68719479420	68719479420	94489281372
30064774004	30064774005	68719479421	94489281373
30064774004	30064774005	68719479422	94489281374
30064774004	30064774005	68719479423	111669149867
30064774004	30064774005	68719479424	111669149867
30064774004	30064774005	68719479425	94489281374
30064774004	30064774005	68719479426	94489281373
30064774005	68719479426	68719479426	94489281373
30064774006	30064774007	68719479421	94489281373
30064774006	30064774007	68719479422	94489281374
30064774006	30064774007	68719479423	111669149867
30064774006	30064774007	68719479424	111669149867
30064774006	30064774007	68719479425	94489281374
30064774007	68719479421	68719479421	94489281373
30064774007	30064774008	68719479422	94489281374
30064774007	30064774008	68719479423	111669149867
30064774007	30064774008	68719479424	111669149867
30064774007	30064774008	68719479425	94489281374
30064774008	68719479425	68719479425	94489281374
30064774009	30064774010	68719479422	94489281374
30064774009	30064774010	68719479423	111669149867
30064774009	30064774010	68719479424	111669149867
30064774010	68719479422	68719479422	94489281374
30064774010	30064774011	68719479423	111669149867
30064774010	30064774011	68719479424	111669149867
30064774011	68719479424	68719479424	111669149867
30064774012	68719479423	68719479423	111669149867
30064774013	68719479435	68719479435	94489281369
30064774014	30064774015	68719479428	94489281369
30064774014	30064774015	68719479429	94489281370
30064774014	30064774015	68719479430	94489281371
30064774014	30064774015	68719479431	111669149867
30064774014	30064774015	68719479432	111669149867
30064774014	30064774015	68719479433	94489281371
30064774014	30064774015	68719479434	94489281370
30064774015	68719479428	68719479428	94489281369
30064774015	30064774016	68719479429	94489281370
30064774015	30064774016	68719479430	94489281371
30064774015	30064774016	68719479431	111669149867
30064774015	30064774016	68719479432	111669149867
30064774015	30064774016	68719479433	94489281371
30064774015	30064774016	68719479434	94489281370
30064774016	68719479434	68719479434	94489281370
30064774017	30064774018	68719479429	94489281370
30064774017	30064774018	68719479430	94489281371
30064774017	30064774018	68719479431	111669149867
30064774017	30064774018	68719479432	111669149867
30064774017	30064774018	68719479433	94489281371
30064774018	68719479429	68719479429	94489281370
30064774018	30064774019	68719479430	94489281371
30064774018	30064774019	68719479431	111669149867
30064774018	30064774019	68719479432	111669149867
30064774018	30064774019	68719479433	94489281371
30064774019	68719479433	68719479433	94489281371
30064774020	30064774021	68719479430	94489281371
30064774020	30064774021	68719479431	111669149867
30064774020	30064774021	68719479432	111669149867
30064774021	68719479430	68719479430	94489281371
30064774021	30064774022	68719479431	111669149867
30064774021	30064774022	68719479432	111669149867
30064774022	68719479432	68719479432	111669149867
30064774023	68719479431	68719479431	111669149867
30064774024	68719479437	68719479437	111669149867
30064774024	25769804142	68719479438	94489281368
30064774025	68719479436	68719479436	111669149867
30064774026	68719479438	68719479438	94489281368
30064774032	68719479445	68719479445	111669149867
30064774033	68719479444	68719479444	111669149867
30064774034	68719479453	68719479453	94489281364
30064774035	30064774036	68719479446	94489281364
30064774035	30064774036	68719479447	94489281365
30064774035	30064774036	68719479448	94489281366
30064774035	30064774036	68719479449	111669149869
30064774035	30064774036	68719479450	111669149869
30064774035	30064774036	68719479451	94489281366
30064774035	30064774036	68719479452	94489281365
30064774036	68719479446	68719479446	94489281364
30064774036	30064774037	68719479447	94489281365
30064774036	30064774037	68719479448	94489281366
30064774036	30064774037	68719479449	111669149869
30064774036	30064774037	68719479450	111669149869
30064774036	30064774037	68719479451	94489281366
30064774036	30064774037	68719479452	94489281365
30064774037	68719479452	68719479452	94489281365
30064774038	30064774039	68719479447	94489281365
30064774038	30064774039	68719479448	94489281366
30064774038	30064774039	68719479449	111669149869
30064774038	30064774039	68719479450	111669149869
30064774038	30064774039	68719479451	94489281366
30064774039	68719479447	68719479447	94489281365
30064774039	30064774040	68719479448	94489281366
30064774039	30064774040	68719479449	111669149869
30064774039	30064774040	68719479450	111669149869
30064774039	30064774040	68719479451	94489281366
30064774040	68719479451	68719479451	94489281366
30064774041	30064774042	68719479448	94489281366
30064774041	30064774042	68719479449	111669149869
30064774041	30064774042	68719479450	111669149869
30064774042	68719479448	68719479448	94489281366
30064774042	30064774043	68719479449	111669149869
30064774042	30064774043	68719479450	111669149869
30064774043	68719479450	68719479450	111669149869
30064774044	68719479449	68719479449	111669149869
30064774045	68719479459	68719479459	94489281362
30064774046	30064774047	68719479454	94489281362
30064774046	30064774047	68719479455	94489281363
30064774046	30064774047	68719479456	111669149869
30064774046	30064774047	68719479457	111669149869
30064774046	30064774047	68719479458	94489281363
30064774047	68719479454	68719479454	94489281362
30064774047	30064774048	68719479455	94489281363
30064774047	30064774048	68719479456	111669149869
30064774047	30064774048	68719479457	111669149869
30064774047	30064774048	68719479458	94489281363
30064774048	68719479458	68719479458	94489281363
30064774049	30064774050	68719479455	94489281363
30064774049	30064774050	68719479456	111669149869
30064774049	30064774050	68719479457	111669149869
30064774050	68719479455	68719479455	94489281363
30064774050	30064774051	68719479456	111669149869
30064774050	30064774051	68719479457	111669149869
30064774051	68719479457	68719479457	111669149869
30064774052	68719479456	68719479456	111669149869
30064774053	68719479461	68719479461	111669149869
30064774054	68719479460	68719479460	111669149869
30064774055	68719479469	68719479469	94489281358
30064774056	30064774057	68719479462	94489281358
30064774056	30064774057	68719479463	94489281359
30064774056	30064774057	68719479464	94489281360
30064774056	30064774057	68719479465	111669149871
30064774056	30064774057	68719479466	111669149871
30064774056	30064774057	68719479467	94489281360
30064774056	30064774057	68719479468	94489281359
30064774057	68719479462	68719479462	94489281358
30064774057	30064774058	68719479463	94489281359
30064774057	30064774058	68719479464	94489281360
30064774057	30064774058	68719479465	111669149871
30064774057	30064774058	68719479466	111669149871
30064774057	30064774058	68719479467	94489281360
30064774057	30064774058	68719479468	94489281359
30064774058	68719479468	68719479468	94489281359
30064774059	30064774060	68719479463	94489281359
30064774059	30064774060	68719479464	94489281360
30064774059	30064774060	68719479465	111669149871
30064774059	30064774060	68719479466	111669149871
30064774059	30064774060	68719479467	94489281360
30064774060	68719479463	68719479463	94489281359
30064774060	30064774061	68719479464	94489281360
30064774060	30064774061	68719479465	111669149871
30064774060	30064774061	68719479466	111669149871
30064774060	30064774061	68719479467	94489281360
30064774061	68719479467	68719479467	94489281360
30064774062	30064774063	68719479464	94489281360
30064774062	30064774063	68719479465	111669149871
30064774062	30064774063	68719479466	111669149871
30064774063	68719479464	68719479464	94489281360
30064774063	30064774064	68719479465	111669149871
30064774063	30064774064	68719479466	111669149871
30064774064	68719479466	68719479466	111669149871
30064774065	68719479465	68719479465	111669149871
30064774066	68719479477	68719479477	94489281355
30064774067	30064774068	68719479470	94489281355
30064774067	30064774068	68719479471	94489281356
30064774067	30064774068	68719479472	94489281357
30064774067	30064774068	68719479473	111669149871
30064774067	30064774068	68719479474	111669149871
30064774067	30064774068	68719479475	94489281357
30064774067	30064774068	68719479476	94489281356
30064774068	68719479470	68719479470	94489281355
30064774068	30064774069	68719479471	94489281356
30064774068	30064774069	68719479472	94489281357
30064774068	30064774069	68719479473	111669149871
30064774068	30064774069	68719479474	111669149871
30064774068	30064774069	68719479475	94489281357
30064774068	30064774069	68719479476	94489281356
30064774069	68719479476	68719479476	94489281356
30064774070	30064774071	68719479471	94489281356
30064774070	30064774071	68719479472	94489281357
30064774070	30064774071	68719479473	111669149871
30064774070	30064774071	68719479474	111669149871
30064774070	30064774071	68719479475	94489281357
30064774071	68719479471	68719479471	94489281356
30064774071	30064774072	68719479472	94489281357
30064774071	30064774072	68719479473	111669149871
30064774071	30064774072	68719479474	111669149871
30064774071	30064774072	68719479475	94489281357
30064774072	68719479475	68719479475	94489281357
30064774073	30064774074	68719479472	94489281357
30064774073	30064774074	68719479473	111669149871
30064774073	30064774074	68719479474	111669149871
30064774074	68719479472	68719479472	94489281357
30064774074	30064774075	68719479473	111669149871
30064774074	30064774075	68719479474	111669149871
30064774075	68719479474	68719479474	111669149871
30064774076	68719479473	68719479473	111669149871
30064774077	68719479485	68719479485	94489281352
30064774078	30064774079	68719479478	94489281352
30064774078	30064774079	68719479479	94489281353
30064774078	30064774079	68719479480	94489281354
30064774078	30064774079	68719479481	111669149871
30064774078	30064774079	68719479482	111669149871
30064774078	30064774079	68719479483	94489281354
30064774078	30064774079	68719479484	94489281353
30064774079	68719479478	68719479478	94489281352
30064774079	30064774080	68719479479	94489281353
30064774079	30064774080	68719479480	94489281354
30064774079	30064774080	68719479481	111669149871
30064774079	30064774080	68719479482	111669149871
30064774079	30064774080	68719479483	94489281354
30064774079	30064774080	68719479484	94489281353
30064774080	68719479484	68719479484	94489281353
30064774081	30064774082	68719479479	94489281353
30064774081	30064774082	68719479480	94489281354
30064774081	30064774082	68719479481	111669149871
30064774081	30064774082	68719479482	111669149871
30064774081	30064774082	68719479483	94489281354
30064774082	68719479479	68719479479	94489281353
30064774082	30064774083	68719479480	94489281354
30064774082	30064774083	68719479481	111669149871
30064774082	30064774083	68719479482	111669149871
30064774082	30064774083	68719479483	94489281354
30064774083	68719479483	68719479483	94489281354
30064774084	30064774085	68719479480	94489281354
30064774084	30064774085	68719479481	111669149871
30064774084	30064774085	68719479482	111669149871
30064774085	68719479480	68719479480	94489281354
30064774085	30064774086	68719479481	111669149871
30064774085	30064774086	68719479482	111669149871
30064774086	68719479482	68719479482	111669149871
30064774087	68719479481	68719479481	111669149871
30064774088	68719479487	68719479487	111669149871
30064774088	25769804145	68719479488	94489281351
30064774089	68719479486	68719479486	111669149871
30064774090	68719479488	68719479488	94489281351
30064774096	68719479495	68719479495	111669149871
30064774097	68719479494	68719479494	111669149871
30064774098	68719479510	68719479510	94489281361
30064774099	30064774100	68719479496	94489281361
30064774099	30064774100	68719479497	94489281367
30064774099	30064774100	68719479498	94489281378
30064774099	30064774100	68719479499	94489281388
30064774099	30064774100	68719479500	94489281399
30064774099	30064774100	68719479501	94489281413
30064774099	30064774100	68719479502	94489281424
30064774099	30064774100	68719479503	111669149873
30064774099	30064774100	68719479504	94489281424
30064774099	30064774100	68719479505	94489281413
30064774099	30064774100	68719479506	94489281399
30064774099	30064774100	68719479507	94489281388
30064774099	30064774100	68719479508	94489281378
30064774099	30064774100	68719479509	94489281367
30064774100	68719479496	68719479496	94489281361
30064774100	30064774101	68719479497	94489281367
30064774100	30064774101	68719479498	94489281378
30064774100	30064774101	68719479499	94489281388
30064774100	30064774101	68719479500	94489281399
30064774100	30064774101	68719479501	94489281413
30064774100	30064774101	68719479502	94489281424
30064774100	30064774101	68719479503	111669149873
30064774100	30064774101	68719479504	94489281424
30064774100	30064774101	68719479505	94489281413
30064774100	30064774101	68719479506	94489281399
30064774100	30064774101	68719479507	94489281388
30064774100	30064774101	68719479508	94489281378
30064774100	30064774101	68719479509	94489281367
30064774101	68719479509	68719479509	94489281367
30064774102	30064774103	68719479497	94489281367
30064774102	30064774103	68719479498	94489281378
30064774102	30064774103	68719479499	94489281388
30064774102	30064774103	68719479500	94489281399
30064774102	30064774103	68719479501	94489281413
30064774102	30064774103	68719479502	94489281424
30064774102	30064774103	68719479503	111669149873
30064774102	30064774103	68719479504	94489281424
30064774102	30064774103	68719479505	94489281413
30064774102	30064774103	68719479506	94489281399
30064774102	30064774103	68719479507	94489281388
30064774102	30064774103	68719479508	94489281378
30064774103	68719479497	68719479497	94489281367
30064774103	30064774104	68719479498	94489281378
30064774103	30064774104	68719479499	94489281388
30064774103	30064774104	68719479500	94489281399
30064774103	30064774104	68719479501	94489281413
30064774103	30064774104	68719479502	94489281424
30064774103	30064774104	68719479503	111669149873
30064774103	30064774104	68719479504	94489281424
30064774103	30064774104	68719479505	94489281413
30064774103	30064774104	68719479506	94489281399
30064774103	30064774104	68719479507	94489281388
30064774103	30064774104	68719479508	94489281378
30064774104	68719479508	68719479508	94489281378
30064774105	30064774106	68719479498	94489281378
30064774105	30064774106	68719479499	94489281388
30064774105	30064774106	68719479500	94489281399
30064774105	30064774106	68719479501	94489281413
30064774105	30064774106	68719479502	94489281424
30064774105	30064774106	68719479503	111669149873
30064774105	30064774106	68719479504	94489281424
30064774105	30064774106	68719479505	94489281413
30064774105	30064774106	68719479506	94489281399
30064774105	30064774106	68719479507	94489281388
30064774106	68719479498	68719479498	94489281378
30064774106	30064774107	68719479499	94489281388
30064774106	30064774107	68719479500	94489281399
30064774106	30064774107	68719479501	94489281413
30064774106	30064774107	68719479502	94489281424
30064774106	30064774107	68719479503	111669149873
30064774106	30064774107	68719479504	94489281424
30064774106	30064774107	68719479505	94489281413
30064774106	30064774107	68719479506	94489281399
30064774106	30064774107	68719479507	94489281388
30064774107	68719479507	68719479507	94489281388
30064774108	30064774109	68719479499	94489281388
30064774108	30064774109	68719479500	94489281399
30064774108	30064774109	68719479501	94489281413
30064774108	30064774109	68719479502	94489281424
30064774108	30064774109	68719479503	111669149873
30064774108	30064774109	68719479504	94489281424
30064774108	30064774109	68719479505	94489281413
30064774108	30064774109	68719479506	94489281399
30064774109	68719479499	68719479499	94489281388
30064774109	30064774110	68719479500	94489281399
30064774109	30064774110	68719479501	94489281413
30064774109	30064774110	68719479502	94489281424
30064774109	30064774110	68719479503	111669149873
30064774109	30064774110	68719479504	94489281424
30064774109	30064774110	68719479505	94489281413
30064774109	30064774110	68719479506	94489281399
30064774110	68719479506	68719479506	94489281399
30064774111	30064774112	68719479500	94489281399
30064774111	30064774112	68719479501	94489281413
30064774111	30064774112	68719479502	94489281424
30064774111	30064774112	68719479503	111669149873
30064774111	30064774112	68719479504	94489281424
30064774111	30064774112	68719479505	94489281413
30064774112	68719479500	68719479500	94489281399
30064774112	30064774113	68719479501	94489281413
30064774112	30064774113	68719479502	94489281424
30064774112	30064774113	68719479503	111669149873
30064774112	30064774113	68719479504	94489281424
30064774112	30064774113	68719479505	94489281413
30064774113	68719479505	68719479505	94489281413
30064774114	30064774115	68719479501	94489281413
30064774114	30064774115	68719479502	94489281424
30064774114	30064774115	68719479503	111669149873
30064774114	30064774115	68719479504	94489281424
30064774115	68719479501	68719479501	94489281413
30064774115	30064774116	68719479502	94489281424
30064774115	30064774116	68719479503	111669149873
30064774115	30064774116	68719479504	94489281424
30064774116	68719479504	68719479504	94489281424
30064774117	30064774118	68719479502	94489281424
30064774117	30064774118	68719479503	111669149873
30064774118	68719479502	68719479502	94489281424
30064774118	30064774119	68719479503	111669149873
30064774119	68719479503	68719479503	111669149873
30064774120	68719479525	68719479525	94489281343
30064774121	30064774122	68719479511	94489281343
30064774121	30064774122	68719479512	94489281344
30064774121	30064774122	68719479513	94489281345
30064774121	30064774122	68719479514	94489281346
30064774121	30064774122	68719479515	94489281347
30064774121	30064774122	68719479516	94489281348
30064774121	30064774122	68719479517	94489281349
30064774121	30064774122	68719479518	111669149875
30064774121	30064774122	68719479519	94489281349
30064774121	30064774122	68719479520	94489281348
30064774121	30064774122	68719479521	94489281347
30064774121	30064774122	68719479522	94489281346
30064774121	30064774122	68719479523	94489281345
30064774121	30064774122	68719479524	94489281344
30064774122	68719479511	68719479511	94489281343
30064774122	30064774123	68719479512	94489281344
30064774122	30064774123	68719479513	94489281345
30064774122	30064774123	68719479514	94489281346
30064774122	30064774123	68719479515	94489281347
30064774122	30064774123	68719479516	94489281348
30064774122	30064774123	68719479517	94489281349
30064774122	30064774123	68719479518	111669149875
30064774122	30064774123	68719479519	94489281349
30064774122	30064774123	68719479520	94489281348
30064774122	30064774123	68719479521	94489281347
30064774122	30064774123	68719479522	94489281346
30064774122	30064774123	68719479523	94489281345
30064774122	30064774123	68719479524	94489281344
30064774123	68719479524	68719479524	94489281344
30064774124	30064774125	68719479512	94489281344
30064774124	30064774125	68719479513	94489281345
30064774124	30064774125	68719479514	94489281346
30064774124	30064774125	68719479515	94489281347
30064774124	30064774125	68719479516	94489281348
30064774124	30064774125	68719479517	94489281349
30064774124	30064774125	68719479518	111669149875
30064774124	30064774125	68719479519	94489281349
30064774124	30064774125	68719479520	94489281348
30064774124	30064774125	68719479521	94489281347
30064774124	30064774125	68719479522	94489281346
30064774124	30064774125	68719479523	94489281345
30064774125	68719479512	68719479512	94489281344
30064774125	30064774126	68719479513	94489281345
30064774125	30064774126	68719479514	94489281346
30064774125	30064774126	68719479515	94489281347
30064774125	30064774126	68719479516	94489281348
30064774125	30064774126	68719479517	94489281349
30064774125	30064774126	68719479518	111669149875
30064774125	30064774126	68719479519	94489281349
30064774125	30064774126	68719479520	94489281348
30064774125	30064774126	68719479521	94489281347
30064774125	30064774126	68719479522	94489281346
30064774125	30064774126	68719479523	94489281345
30064774126	68719479523	68719479523	94489281345
30064774127	30064774128	68719479513	94489281345
30064774127	30064774128	68719479514	94489281346
30064774127	30064774128	68719479515	94489281347
30064774127	30064774128	68719479516	94489281348
30064774127	30064774128	68719479517	94489281349
30064774127	30064774128	68719479518	111669149875
30064774127	30064774128	68719479519	94489281349
30064774127	30064774128	68719479520	94489281348
30064774127	30064774128	68719479521	94489281347
30064774127	30064774128	68719479522	94489281346
30064774128	68719479513	68719479513	94489281345
30064774128	30064774129	68719479514	94489281346
30064774128	30064774129	68719479515	94489281347
30064774128	30064774129	68719479516	94489281348
30064774128	30064774129	68719479517	94489281349
30064774128	30064774129	68719479518	111669149875
30064774128	30064774129	68719479519	94489281349
30064774128	30064774129	68719479520	94489281348
30064774128	30064774129	68719479521	94489281347
30064774128	30064774129	68719479522	94489281346
30064774129	68719479522	68719479522	94489281346
30064774130	30064774131	68719479514	94489281346
30064774130	30064774131	68719479515	94489281347
30064774130	30064774131	68719479516	94489281348
30064774130	30064774131	68719479517	94489281349
30064774130	30064774131	68719479518	111669149875
30064774130	30064774131	68719479519	94489281349
30064774130	30064774131	68719479520	94489281348
30064774130	30064774131	68719479521	94489281347
30064774131	68719479514	68719479514	94489281346
30064774131	30064774132	68719479515	94489281347
30064774131	30064774132	68719479516	94489281348
30064774131	30064774132	68719479517	94489281349
30064774131	30064774132	68719479518	111669149875
30064774131	30064774132	68719479519	94489281349
30064774131	30064774132	68719479520	94489281348
30064774131	30064774132	68719479521	94489281347
30064774132	68719479521	68719479521	94489281347
30064774133	30064774134	68719479515	94489281347
30064774133	30064774134	68719479516	94489281348
30064774133	30064774134	68719479517	94489281349
30064774133	30064774134	68719479518	111669149875
30064774133	30064774134	68719479519	94489281349
30064774133	30064774134	68719479520	94489281348
30064774134	68719479515	68719479515	94489281347
30064774134	30064774135	68719479516	94489281348
30064774134	30064774135	68719479517	94489281349
30064774134	30064774135	68719479518	111669149875
30064774134	30064774135	68719479519	94489281349
30064774134	30064774135	68719479520	94489281348
30064774135	68719479520	68719479520	94489281348
30064774136	30064774137	68719479516	94489281348
30064774136	30064774137	68719479517	94489281349
30064774136	30064774137	68719479518	111669149875
30064774136	30064774137	68719479519	94489281349
30064774137	68719479516	68719479516	94489281348
30064774137	30064774138	68719479517	94489281349
30064774137	30064774138	68719479518	111669149875
30064774137	30064774138	68719479519	94489281349
30064774138	68719479519	68719479519	94489281349
30064774139	30064774140	68719479517	94489281349
30064774139	30064774140	68719479518	111669149875
30064774140	68719479517	68719479517	94489281349
30064774140	30064774141	68719479518	111669149875
30064774141	68719479518	68719479518	111669149875
30064774142	30064774143	68719479526	94489281350
30064774143	68719479526	68719479526	94489281350
30064774144	30064774145	68719479527	94489281350
30064774145	68719479527	68719479527	94489281350
30064774146	68719479530	68719479530	111669149877
30064774147	30064774151	68719479532	94489281431
30064774147	30064774151	68719479533	111669149877
30064774148	68719479541	68719479541	111669149877
30064774149	68719479528	68719479528	94489281425
30064774149	30064774146	68719479529	94489281431
30064774149	30064774146	68719479530	111669149877
30064774150	68719479531	68719479531	94489281426
30064774150	30064774147	68719479532	94489281431
30064774150	30064774147	68719479533	111669149877
30064774151	68719479533	68719479533	111669149877
30064774152	68719479534	68719479534	94489281427
30064774152	25769804151	68719479535	94489281432
30064774152	25769804151	68719479536	94489281425
30064774153	68719479535	68719479535	94489281432
30064774156	68719479539	68719479539	94489281429
30064774156	30064774148	68719479540	94489281431
30064774156	30064774148	68719479541	111669149877
30064774157	68719479543	68719479543	94489281427
30064774157	30064774159	68719479544	94489281426
30064774158	68719479542	68719479542	94489281427
30064774159	68719479544	68719479544	94489281426
30064774160	68719479546	68719479546	94489281427
30064774160	30064774162	68719479547	94489281426
30064774161	68719479545	68719479545	94489281427
30064774162	30064774163	68719479547	94489281426
30064774163	68719479547	68719479547	94489281426
30064774164	68719479549	68719479549	94489281427
30064774164	30064774166	68719479550	94489281426
30064774165	68719479548	68719479548	94489281427
30064774166	68719479550	68719479550	94489281426
30064774167	68719479552	68719479552	94489281427
30064774167	68719479553	68719479553	94489281429
30064774167	30064774169	68719479554	94489281426
30064774168	68719479551	68719479551	94489281427
30064774169	68719479554	68719479554	94489281426
30064774170	68719479556	68719479556	94489281427
30064774170	68719479557	68719479557	94489281429
30064774170	30064774172	68719479558	94489281426
30064774171	68719479555	68719479555	94489281427
30064774172	30064774173	68719479558	94489281426
30064774173	68719479558	68719479558	94489281426
30064774174	68719479560	68719479560	94489281427
30064774174	30064774176	68719479561	94489281426
30064774175	68719479559	68719479559	94489281427
30064774176	68719479561	68719479561	94489281426
30064774177	68719479563	68719479563	94489281427
30064774177	68719479564	68719479564	94489281429
30064774177	30064774179	68719479565	94489281426
30064774178	68719479562	68719479562	94489281427
30064774179	68719479565	68719479565	94489281426
30064774180	68719479567	68719479567	94489281427
30064774180	68719479568	68719479568	94489281429
30064774180	30064774182	68719479569	94489281426
30064774181	68719479566	68719479566	94489281427
30064774182	68719479569	68719479569	94489281426
30064774183	68719479571	68719479571	94489281427
30064774183	68719479572	68719479572	94489281429
30064774183	30064774185	68719479573	94489281426
30064774184	68719479570	68719479570	94489281427
30064774185	30064774186	68719479573	94489281426
30064774186	68719479573	68719479573	94489281426
30064774187	68719479575	68719479575	94489281427
30064774187	68719479576	68719479576	94489281429
30064774187	30064774189	68719479577	94489281426
30064774188	68719479574	68719479574	94489281427
30064774189	30064774190	68719479577	94489281426
30064774190	68719479577	68719479577	94489281426
30064774191	68719479579	68719479579	94489281427
30064774191	30064774193	68719479580	94489281426
30064774192	68719479578	68719479578	94489281427
30064774193	30064774194	68719479580	94489281426
30064774194	68719479580	68719479580	94489281426
30064774195	68719479582	68719479582	94489281427
30064774195	68719479583	68719479583	94489281429
30064774195	30064774197	68719479584	94489281426
30064774196	68719479581	68719479581	94489281427
30064774197	30064774198	68719479584	94489281426
30064774198	68719479584	68719479584	94489281426
30064774199	68719479586	68719479586	94489281427
30064774199	68719479587	68719479587	94489281429
30064774199	30064774201	68719479588	94489281426
30064774200	68719479585	68719479585	94489281427
30064774201	30064774202	68719479588	94489281426
30064774202	68719479588	68719479588	94489281426
30064774203	30064774204	68719479589	94489281430
30064774203	30064774205	68719479590	94489281427
30064774203	30064774205	68719479591	94489281427
30064774204	68719479589	68719479589	94489281430
30064774205	68719479591	68719479591	94489281427
30064774206	68719479590	68719479590	94489281427
30064774207	68719479594	68719479594	111669149878
30064774208	68719479607	68719479607	111669149878
30064774209	68719479610	68719479610	111669149878
30064774210	68719479613	68719479613	111669149878
30064774211	68719479616	68719479616	111669149878
30064774212	68719479592	68719479592	94489281433
30064774212	30064774207	68719479593	94489281443
30064774212	30064774207	68719479594	111669149878
30064774213	68719479595	68719479595	94489281434
30064774213	25769804153	68719479596	94489281445
30064774213	25769804153	68719479597	94489281433
30064774214	68719479596	68719479596	94489281445
30064774217	68719479600	68719479600	94489281436
30064774217	25769804154	68719479601	94489281444
30064774217	25769804154	68719479602	94489281433
30064774218	68719479601	68719479601	94489281444
30064774221	68719479605	68719479605	94489281438
30064774221	30064774208	68719479606	94489281443
30064774221	30064774208	68719479607	111669149878
30064774222	68719479608	68719479608	94489281439
30064774222	30064774209	68719479609	94489281443
30064774222	30064774209	68719479610	111669149878
30064774223	68719479611	68719479611	94489281440
30064774223	30064774210	68719479612	94489281443
30064774223	30064774210	68719479613	111669149878
30064774224	68719479614	68719479614	94489281441
30064774224	30064774211	68719479615	94489281443
30064774224	30064774211	68719479616	111669149878
30064774225	68719479618	68719479618	94489281436
30064774225	68719479619	68719479619	94489281438
30064774226	68719479617	68719479617	94489281436
30064774227	68719479621	68719479621	94489281436
30064774227	68719479622	68719479622	94489281439
30064774228	68719479620	68719479620	94489281436
30064774229	68719479624	68719479624	94489281436
30064774229	68719479625	68719479625	94489281440
30064774230	68719479623	68719479623	94489281436
30064774231	68719479627	68719479627	94489281436
30064774231	68719479628	68719479628	94489281441
30064774232	68719479626	68719479626	94489281436
30064774233	68719479630	68719479630	94489281434
30064774233	30064774235	68719479631	94489281436
30064774233	30064774235	68719479632	94489281436
30064774234	68719479629	68719479629	94489281434
30064774235	68719479632	68719479632	94489281436
30064774236	68719479631	68719479631	94489281436
30064774237	30064774238	68719479633	94489281442
30064774237	68719479634	68719479634	94489281434
30064774238	68719479633	68719479633	94489281442
30064774239	68719479637	68719479637	111669149879
30064774240	30064774244	68719479639	94489281452
30064774240	30064774244	68719479640	111669149879
30064774241	68719479648	68719479648	111669149879
30064774242	68719479635	68719479635	94489281446
30064774242	30064774239	68719479636	94489281452
30064774242	30064774239	68719479637	111669149879
30064774243	68719479638	68719479638	94489281447
30064774243	30064774240	68719479639	94489281452
30064774243	30064774240	68719479640	111669149879
30064774244	68719479640	68719479640	111669149879
30064774245	68719479641	68719479641	94489281448
30064774245	25769804156	68719479642	94489281453
30064774245	25769804156	68719479643	94489281446
30064774246	68719479642	68719479642	94489281453
30064774249	68719479646	68719479646	94489281450
30064774249	30064774241	68719479647	94489281452
30064774249	30064774241	68719479648	111669149879
30064774250	68719479650	68719479650	94489281448
30064774250	30064774252	68719479651	94489281447
30064774251	68719479649	68719479649	94489281448
30064774252	68719479651	68719479651	94489281447
30064774253	68719479653	68719479653	94489281448
30064774253	30064774255	68719479654	94489281447
30064774254	68719479652	68719479652	94489281448
30064774255	68719479654	68719479654	94489281447
30064774256	68719479656	68719479656	94489281448
30064774256	68719479657	68719479657	94489281450
30064774256	30064774258	68719479658	94489281447
30064774257	68719479655	68719479655	94489281448
30064774258	30064774259	68719479658	94489281447
30064774259	68719479658	68719479658	94489281447
30064774260	68719479660	68719479660	94489281448
30064774260	68719479661	68719479661	94489281450
30064774260	30064774262	68719479662	94489281447
30064774261	68719479659	68719479659	94489281448
30064774262	30064774263	68719479662	94489281447
30064774263	68719479662	68719479662	94489281447
30064774264	30064774265	68719479663	94489281451
30064774264	30064774266	68719479664	94489281448
30064774264	30064774266	68719479665	94489281448
30064774265	68719479663	68719479663	94489281451
30064774266	68719479665	68719479665	94489281448
30064774267	68719479664	68719479664	94489281448
30064774268	68719479668	68719479668	111669149880
30064774269	30064774272	68719479670	94489281460
30064774269	30064774272	68719479671	111669149880
30064774270	68719479666	68719479666	94489281454
30064774270	30064774268	68719479667	94489281460
30064774270	30064774268	68719479668	111669149880
30064774271	68719479669	68719479669	94489281455
30064774271	30064774269	68719479670	94489281460
30064774271	30064774269	68719479671	111669149880
30064774272	68719479671	68719479671	111669149880
30064774273	68719479672	68719479672	94489281456
30064774273	25769804158	68719479673	94489281459
30064774273	25769804158	68719479674	94489281454
30064774274	68719479673	68719479673	94489281459
30064774277	68719479678	68719479678	94489281456
30064774277	30064774279	68719479679	94489281455
30064774278	68719479677	68719479677	94489281456
30064774279	68719479679	68719479679	94489281455
30064774280	30064774281	68719479680	94489281458
30064774280	30064774282	68719479681	94489281456
30064774280	30064774282	68719479682	94489281456
30064774281	68719479680	68719479680	94489281458
30064774282	68719479682	68719479682	94489281456
30064774283	68719479681	68719479681	94489281456
30064774284	68719479685	68719479685	111669149881
30064774285	30064774289	68719479687	94489281467
30064774285	30064774289	68719479688	111669149881
30064774286	68719479696	68719479696	111669149881
30064774287	68719479683	68719479683	94489281461
30064774287	30064774284	68719479684	94489281467
30064774287	30064774284	68719479685	111669149881
30064774288	68719479686	68719479686	94489281462
30064774288	30064774285	68719479687	94489281467
30064774288	30064774285	68719479688	111669149881
30064774289	68719479688	68719479688	111669149881
30064774290	68719479689	68719479689	94489281463
30064774290	25769804160	68719479690	94489281468
30064774290	25769804160	68719479691	94489281461
30064774291	68719479690	68719479690	94489281468
30064774294	68719479694	68719479694	94489281465
30064774294	30064774286	68719479695	94489281467
30064774294	30064774286	68719479696	111669149881
30064774295	68719479698	68719479698	94489281463
30064774295	30064774297	68719479699	94489281462
30064774296	68719479697	68719479697	94489281463
30064774297	68719479699	68719479699	94489281462
30064774298	68719479701	68719479701	94489281463
30064774298	30064774300	68719479702	94489281462
30064774299	68719479700	68719479700	94489281463
30064774300	68719479702	68719479702	94489281462
30064774301	68719479704	68719479704	94489281463
30064774301	68719479705	68719479705	94489281465
30064774301	30064774303	68719479706	94489281462
30064774302	68719479703	68719479703	94489281463
30064774303	68719479706	68719479706	94489281462
30064774304	68719479708	68719479708	94489281463
30064774304	68719479709	68719479709	94489281465
30064774304	30064774306	68719479710	94489281462
30064774305	68719479707	68719479707	94489281463
30064774306	68719479710	68719479710	94489281462
30064774307	30064774308	68719479711	94489281466
30064774307	30064774309	68719479712	94489281463
30064774307	30064774309	68719479713	94489281463
30064774308	68719479711	68719479711	94489281466
30064774309	68719479713	68719479713	94489281463
30064774310	68719479712	68719479712	94489281463
30064774311	68719479724	68719479724	111669149886
30064774312	68719479727	68719479727	111669149886
30064774313	68719479730	68719479730	111669149886
30064774314	68719479714	68719479714	111669149883
30064774314	30064774315	68719479715	94489281491
30064774314	30064774315	68719479716	111669149882
30064774314	30064774315	68719479717	111669149883
30064774315	68719479716	68719479716	111669149882
30064774315	68719479717	68719479717	111669149883
30064774316	68719479718	68719479718	111669149885
30064774316	30064774317	68719479719	94489281489
30064774316	30064774317	68719479720	111669149884
30064774316	30064774317	68719479721	111669149885
30064774317	68719479720	68719479720	111669149884
30064774317	68719479721	68719479721	111669149885
30064774318	68719479722	68719479722	94489281469
30064774318	30064774311	68719479723	94489281494
30064774318	30064774311	68719479724	111669149886
30064774319	68719479725	68719479725	94489281470
30064774319	30064774312	68719479726	94489281494
30064774319	30064774312	68719479727	111669149886
30064774320	68719479728	68719479728	94489281471
30064774320	30064774313	68719479729	94489281494
30064774320	30064774313	68719479730	111669149886
30064774321	68719479731	68719479731	94489281472
30064774321	30064774322	68719479732	94489281477
30064774321	30064774322	68719479733	94489281478
30064774321	30064774322	68719479734	94489281493
30064774321	30064774322	68719479735	94489281469
30064774321	30064774322	68719479736	94489281469
30064774321	30064774322	68719479737	94489281493
30064774321	30064774322	68719479739	94489281492
30064774321	30064774322	68719479740	94489281469
30064774321	30064774322	68719479741	94489281469
30064774321	30064774322	68719479742	94489281492
30064774321	30064774322	68719479748	94489281490
30064774321	30064774322	68719479749	94489281469
30064774321	30064774322	68719479750	94489281469
30064774321	30064774322	68719479751	94489281490
30064774321	30064774322	68719479757	94489281488
30064774321	30064774322	68719479758	94489281469
30064774321	30064774322	68719479759	94489281469
30064774321	30064774322	68719479760	94489281488
30064774321	30064774322	68719479762	94489281486
30064774321	30064774322	68719479763	94489281487
30064774321	30064774322	68719479764	94489281469
30064774321	30064774322	68719479765	94489281469
30064774321	30064774322	68719479766	94489281487
30064774321	30064774322	68719479767	94489281486
30064774321	30064774322	68719479769	94489281484
30064774321	30064774322	68719479770	94489281485
30064774321	30064774322	68719479771	94489281469
30064774321	30064774322	68719479772	94489281469
30064774321	30064774322	68719479773	94489281485
30064774321	30064774322	68719479774	94489281484
30064774321	30064774322	68719479776	94489281482
30064774321	30064774322	68719479777	94489281483
30064774321	30064774322	68719479778	94489281469
30064774321	30064774322	68719479779	94489281469
30064774321	30064774322	68719479780	94489281483
30064774321	30064774322	68719479781	94489281482
30064774321	30064774322	68719479783	94489281480
30064774321	30064774322	68719479784	94489281481
30064774321	30064774322	68719479785	94489281469
30064774321	30064774322	68719479786	94489281469
30064774321	30064774322	68719479787	94489281481
30064774321	30064774322	68719479788	94489281480
30064774321	30064774322	68719479790	94489281479
30064774321	30064774322	68719479791	94489281469
30064774321	30064774322	68719479792	94489281469
30064774321	30064774322	68719479793	94489281479
30064774321	30064774322	68719479794	94489281469
30064774321	30064774322	68719479795	94489281469
30064774321	30064774322	68719479797	94489281478
30064774321	30064774322	68719479798	94489281477
30064774321	30064774322	68719479799	94489281470
30064774322	68719479798	68719479798	94489281477
30064774322	68719479799	68719479799	94489281470
30064774323	30064774324	68719479732	94489281477
30064774323	30064774324	68719479733	94489281478
30064774323	30064774324	68719479734	94489281493
30064774323	30064774324	68719479735	94489281469
30064774323	30064774324	68719479736	94489281469
30064774323	30064774324	68719479737	94489281493
30064774323	30064774324	68719479739	94489281492
30064774323	30064774324	68719479740	94489281469
30064774323	30064774324	68719479741	94489281469
30064774323	30064774324	68719479742	94489281492
30064774323	30064774324	68719479748	94489281490
30064774323	30064774324	68719479749	94489281469
30064774323	30064774324	68719479750	94489281469
30064774323	30064774324	68719479751	94489281490
30064774323	30064774324	68719479757	94489281488
30064774323	30064774324	68719479758	94489281469
30064774323	30064774324	68719479759	94489281469
30064774323	30064774324	68719479760	94489281488
30064774323	30064774324	68719479762	94489281486
30064774323	30064774324	68719479763	94489281487
30064774323	30064774324	68719479764	94489281469
30064774323	30064774324	68719479765	94489281469
30064774323	30064774324	68719479766	94489281487
30064774323	30064774324	68719479767	94489281486
30064774323	30064774324	68719479769	94489281484
30064774323	30064774324	68719479770	94489281485
30064774323	30064774324	68719479771	94489281469
30064774323	30064774324	68719479772	94489281469
30064774323	30064774324	68719479773	94489281485
30064774323	30064774324	68719479774	94489281484
30064774323	30064774324	68719479776	94489281482
30064774323	30064774324	68719479777	94489281483
30064774323	30064774324	68719479778	94489281469
30064774323	30064774324	68719479779	94489281469
30064774323	30064774324	68719479780	94489281483
30064774323	30064774324	68719479781	94489281482
30064774323	30064774324	68719479783	94489281480
30064774323	30064774324	68719479784	94489281481
30064774323	30064774324	68719479785	94489281469
30064774323	30064774324	68719479786	94489281469
30064774323	30064774324	68719479787	94489281481
30064774323	30064774324	68719479788	94489281480
30064774323	30064774324	68719479790	94489281479
30064774323	30064774324	68719479791	94489281469
30064774323	30064774324	68719479792	94489281469
30064774323	30064774324	68719479793	94489281479
30064774323	30064774324	68719479794	94489281469
30064774323	30064774324	68719479795	94489281469
30064774323	30064774324	68719479797	94489281478
30064774324	68719479732	68719479732	94489281477
30064774324	30064774325	68719479733	94489281478
30064774324	30064774325	68719479734	94489281493
30064774324	30064774325	68719479735	94489281469
30064774324	30064774325	68719479736	94489281469
30064774324	30064774325	68719479737	94489281493
30064774324	30064774325	68719479739	94489281492
30064774324	30064774325	68719479740	94489281469
30064774324	30064774325	68719479741	94489281469
30064774324	30064774325	68719479742	94489281492
30064774324	30064774325	68719479748	94489281490
30064774324	30064774325	68719479749	94489281469
30064774324	30064774325	68719479750	94489281469
30064774324	30064774325	68719479751	94489281490
30064774324	30064774325	68719479757	94489281488
30064774324	30064774325	68719479758	94489281469
30064774324	30064774325	68719479759	94489281469
30064774324	30064774325	68719479760	94489281488
30064774324	30064774325	68719479762	94489281486
30064774324	30064774325	68719479763	94489281487
30064774324	30064774325	68719479764	94489281469
30064774324	30064774325	68719479765	94489281469
30064774324	30064774325	68719479766	94489281487
30064774324	30064774325	68719479767	94489281486
30064774324	30064774325	68719479769	94489281484
30064774324	30064774325	68719479770	94489281485
30064774324	30064774325	68719479771	94489281469
30064774324	30064774325	68719479772	94489281469
30064774324	30064774325	68719479773	94489281485
30064774324	30064774325	68719479774	94489281484
30064774324	30064774325	68719479776	94489281482
30064774324	30064774325	68719479777	94489281483
30064774324	30064774325	68719479778	94489281469
30064774324	30064774325	68719479779	94489281469
30064774324	30064774325	68719479780	94489281483
30064774324	30064774325	68719479781	94489281482
30064774324	30064774325	68719479783	94489281480
30064774324	30064774325	68719479784	94489281481
30064774324	30064774325	68719479785	94489281469
30064774324	30064774325	68719479786	94489281469
30064774324	30064774325	68719479787	94489281481
30064774324	30064774325	68719479788	94489281480
30064774324	30064774325	68719479790	94489281479
30064774324	30064774325	68719479791	94489281469
30064774324	30064774325	68719479792	94489281469
30064774324	30064774325	68719479793	94489281479
30064774324	30064774325	68719479794	94489281469
30064774324	30064774325	68719479795	94489281469
30064774324	30064774325	68719479797	94489281478
30064774325	68719479797	68719479797	94489281478
30064774326	30064774327	68719479733	94489281478
30064774326	30064774327	68719479734	94489281493
30064774326	30064774327	68719479735	94489281469
30064774326	30064774327	68719479736	94489281469
30064774326	30064774327	68719479737	94489281493
30064774326	30064774327	68719479739	94489281492
30064774326	30064774327	68719479740	94489281469
30064774326	30064774327	68719479741	94489281469
30064774326	30064774327	68719479742	94489281492
30064774326	30064774327	68719479748	94489281490
30064774326	30064774327	68719479749	94489281469
30064774326	30064774327	68719479750	94489281469
30064774326	30064774327	68719479751	94489281490
30064774326	30064774327	68719479757	94489281488
30064774326	30064774327	68719479758	94489281469
30064774326	30064774327	68719479759	94489281469
30064774326	30064774327	68719479760	94489281488
30064774326	30064774327	68719479762	94489281486
30064774326	30064774327	68719479763	94489281487
30064774326	30064774327	68719479764	94489281469
30064774326	30064774327	68719479765	94489281469
30064774326	30064774327	68719479766	94489281487
30064774326	30064774327	68719479767	94489281486
30064774326	30064774327	68719479769	94489281484
30064774326	30064774327	68719479770	94489281485
30064774326	30064774327	68719479771	94489281469
30064774326	30064774327	68719479772	94489281469
30064774326	30064774327	68719479773	94489281485
30064774326	30064774327	68719479774	94489281484
30064774326	30064774327	68719479776	94489281482
30064774326	30064774327	68719479777	94489281483
30064774326	30064774327	68719479778	94489281469
30064774326	30064774327	68719479779	94489281469
30064774326	30064774327	68719479780	94489281483
30064774326	30064774327	68719479781	94489281482
30064774326	30064774327	68719479783	94489281480
30064774326	30064774327	68719479784	94489281481
30064774326	30064774327	68719479785	94489281469
30064774326	30064774327	68719479786	94489281469
30064774326	30064774327	68719479787	94489281481
30064774326	30064774327	68719479788	94489281480
30064774326	30064774327	68719479790	94489281479
30064774326	30064774327	68719479791	94489281469
30064774326	30064774327	68719479792	94489281469
30064774326	30064774327	68719479793	94489281479
30064774326	30064774327	68719479794	94489281469
30064774326	30064774327	68719479795	94489281469
30064774327	68719479733	68719479733	94489281478
30064774327	30064774328	68719479734	94489281493
30064774327	30064774328	68719479735	94489281469
30064774327	30064774328	68719479736	94489281469
30064774327	30064774328	68719479737	94489281493
30064774327	30064774328	68719479739	94489281492
30064774327	30064774328	68719479740	94489281469
30064774327	30064774328	68719479741	94489281469
30064774327	30064774328	68719479742	94489281492
30064774327	30064774328	68719479748	94489281490
30064774327	30064774328	68719479749	94489281469
30064774327	30064774328	68719479750	94489281469
30064774327	30064774328	68719479751	94489281490
30064774327	30064774328	68719479757	94489281488
30064774327	30064774328	68719479758	94489281469
30064774327	30064774328	68719479759	94489281469
30064774327	30064774328	68719479760	94489281488
30064774327	30064774328	68719479762	94489281486
30064774327	30064774328	68719479763	94489281487
30064774327	30064774328	68719479764	94489281469
30064774327	30064774328	68719479765	94489281469
30064774327	30064774328	68719479766	94489281487
30064774327	30064774328	68719479767	94489281486
30064774327	30064774328	68719479769	94489281484
30064774327	30064774328	68719479770	94489281485
30064774327	30064774328	68719479771	94489281469
30064774327	30064774328	68719479772	94489281469
30064774327	30064774328	68719479773	94489281485
30064774327	30064774328	68719479774	94489281484
30064774327	30064774328	68719479776	94489281482
30064774327	30064774328	68719479777	94489281483
30064774327	30064774328	68719479778	94489281469
30064774327	30064774328	68719479779	94489281469
30064774327	30064774328	68719479780	94489281483
30064774327	30064774328	68719479781	94489281482
30064774327	30064774328	68719479783	94489281480
30064774327	30064774328	68719479784	94489281481
30064774327	30064774328	68719479785	94489281469
30064774327	30064774328	68719479786	94489281469
30064774327	30064774328	68719479787	94489281481
30064774327	30064774328	68719479788	94489281480
30064774327	30064774328	68719479790	94489281479
30064774327	30064774328	68719479791	94489281469
30064774327	30064774328	68719479792	94489281469
30064774327	30064774328	68719479793	94489281479
30064774327	30064774328	68719479794	94489281469
30064774327	30064774328	68719479795	94489281469
30064774328	68719479737	68719479737	94489281493
30064774328	25769804162	68719479739	94489281492
30064774328	25769804162	68719479740	94489281469
30064774328	25769804162	68719479741	94489281469
30064774328	25769804162	68719479742	94489281492
30064774328	25769804162	68719479748	94489281490
30064774328	25769804162	68719479749	94489281469
30064774328	25769804162	68719479750	94489281469
30064774328	25769804162	68719479751	94489281490
30064774328	25769804162	68719479757	94489281488
30064774328	25769804162	68719479758	94489281469
30064774328	25769804162	68719479759	94489281469
30064774328	25769804162	68719479760	94489281488
30064774328	25769804162	68719479762	94489281486
30064774328	25769804162	68719479763	94489281487
30064774328	25769804162	68719479764	94489281469
30064774328	25769804162	68719479765	94489281469
30064774328	25769804162	68719479766	94489281487
30064774328	25769804162	68719479767	94489281486
30064774328	25769804162	68719479769	94489281484
30064774328	25769804162	68719479770	94489281485
30064774328	25769804162	68719479771	94489281469
30064774328	25769804162	68719479772	94489281469
30064774328	25769804162	68719479773	94489281485
30064774328	25769804162	68719479774	94489281484
30064774328	25769804162	68719479776	94489281482
30064774328	25769804162	68719479777	94489281483
30064774328	25769804162	68719479778	94489281469
30064774328	25769804162	68719479779	94489281469
30064774328	25769804162	68719479780	94489281483
30064774328	25769804162	68719479781	94489281482
30064774328	25769804162	68719479783	94489281480
30064774328	25769804162	68719479784	94489281481
30064774328	25769804162	68719479785	94489281469
30064774328	25769804162	68719479786	94489281469
30064774328	25769804162	68719479787	94489281481
30064774328	25769804162	68719479788	94489281480
30064774328	25769804162	68719479790	94489281479
30064774328	25769804162	68719479791	94489281469
30064774328	25769804162	68719479792	94489281469
30064774328	25769804162	68719479793	94489281479
30064774328	25769804162	68719479794	94489281469
30064774328	25769804162	68719479795	94489281469
30064774329	30064774330	68719479734	94489281493
30064774329	30064774330	68719479735	94489281469
30064774329	30064774330	68719479736	94489281469
30064774330	68719479734	68719479734	94489281493
30064774330	30064774331	68719479735	94489281469
30064774330	30064774331	68719479736	94489281469
30064774331	68719479736	68719479736	94489281469
30064774332	68719479735	68719479735	94489281469
30064774333	30064774335	68719479739	94489281492
30064774333	30064774335	68719479740	94489281469
30064774333	30064774335	68719479741	94489281469
30064774333	30064774335	68719479742	94489281492
30064774335	68719479742	68719479742	94489281492
30064774336	30064774337	68719479739	94489281492
30064774336	30064774337	68719479740	94489281469
30064774336	30064774337	68719479741	94489281469
30064774337	68719479739	68719479739	94489281492
30064774337	30064774338	68719479740	94489281469
30064774337	30064774338	68719479741	94489281469
30064774338	68719479741	68719479741	94489281469
30064774339	68719479740	68719479740	94489281469
30064774346	30064774348	68719479748	94489281490
30064774346	30064774348	68719479749	94489281469
30064774346	30064774348	68719479750	94489281469
30064774346	30064774348	68719479751	94489281490
30064774348	68719479751	68719479751	94489281490
30064774349	30064774350	68719479748	94489281490
30064774349	30064774350	68719479749	94489281469
30064774349	30064774350	68719479750	94489281469
30064774350	68719479748	68719479748	94489281490
30064774350	30064774351	68719479749	94489281469
30064774350	30064774351	68719479750	94489281469
30064774351	68719479750	68719479750	94489281469
30064774352	68719479749	68719479749	94489281469
30064774359	30064774361	68719479757	94489281488
30064774359	30064774361	68719479758	94489281469
30064774359	30064774361	68719479759	94489281469
30064774359	30064774361	68719479760	94489281488
30064774361	68719479760	68719479760	94489281488
30064774362	30064774363	68719479757	94489281488
30064774362	30064774363	68719479758	94489281469
30064774362	30064774363	68719479759	94489281469
30064774363	68719479757	68719479757	94489281488
30064774363	30064774364	68719479758	94489281469
30064774363	30064774364	68719479759	94489281469
30064774364	68719479759	68719479759	94489281469
30064774365	68719479758	68719479758	94489281469
30064774366	30064774368	68719479762	94489281486
30064774366	30064774368	68719479763	94489281487
30064774366	30064774368	68719479764	94489281469
30064774366	30064774368	68719479765	94489281469
30064774366	30064774368	68719479766	94489281487
30064774366	30064774368	68719479767	94489281486
30064774368	68719479767	68719479767	94489281486
30064774369	30064774370	68719479762	94489281486
30064774369	30064774370	68719479763	94489281487
30064774369	30064774370	68719479764	94489281469
30064774369	30064774370	68719479765	94489281469
30064774369	30064774370	68719479766	94489281487
30064774370	68719479762	68719479762	94489281486
30064774370	30064774371	68719479763	94489281487
30064774370	30064774371	68719479764	94489281469
30064774370	30064774371	68719479765	94489281469
30064774370	30064774371	68719479766	94489281487
30064774371	68719479766	68719479766	94489281487
30064774372	30064774373	68719479763	94489281487
30064774372	30064774373	68719479764	94489281469
30064774372	30064774373	68719479765	94489281469
30064774373	68719479763	68719479763	94489281487
30064774373	30064774374	68719479764	94489281469
30064774373	30064774374	68719479765	94489281469
30064774374	68719479765	68719479765	94489281469
30064774375	68719479764	68719479764	94489281469
30064774376	30064774378	68719479769	94489281484
30064774376	30064774378	68719479770	94489281485
30064774376	30064774378	68719479771	94489281469
30064774376	30064774378	68719479772	94489281469
30064774376	30064774378	68719479773	94489281485
30064774376	30064774378	68719479774	94489281484
30064774378	68719479774	68719479774	94489281484
30064774379	30064774380	68719479769	94489281484
30064774379	30064774380	68719479770	94489281485
30064774379	30064774380	68719479771	94489281469
30064774379	30064774380	68719479772	94489281469
30064774379	30064774380	68719479773	94489281485
30064774380	68719479769	68719479769	94489281484
30064774380	30064774381	68719479770	94489281485
30064774380	30064774381	68719479771	94489281469
30064774380	30064774381	68719479772	94489281469
30064774380	30064774381	68719479773	94489281485
30064774381	68719479773	68719479773	94489281485
30064774382	30064774383	68719479770	94489281485
30064774382	30064774383	68719479771	94489281469
30064774382	30064774383	68719479772	94489281469
30064774383	68719479770	68719479770	94489281485
30064774383	30064774384	68719479771	94489281469
30064774383	30064774384	68719479772	94489281469
30064774384	68719479772	68719479772	94489281469
30064774385	68719479771	68719479771	94489281469
30064774386	30064774388	68719479776	94489281482
30064774386	30064774388	68719479777	94489281483
30064774386	30064774388	68719479778	94489281469
30064774386	30064774388	68719479779	94489281469
30064774386	30064774388	68719479780	94489281483
30064774386	30064774388	68719479781	94489281482
30064774388	68719479781	68719479781	94489281482
30064774389	30064774390	68719479776	94489281482
30064774389	30064774390	68719479777	94489281483
30064774389	30064774390	68719479778	94489281469
30064774389	30064774390	68719479779	94489281469
30064774389	30064774390	68719479780	94489281483
30064774390	68719479776	68719479776	94489281482
30064774390	30064774391	68719479777	94489281483
30064774390	30064774391	68719479778	94489281469
30064774390	30064774391	68719479779	94489281469
30064774390	30064774391	68719479780	94489281483
30064774391	68719479780	68719479780	94489281483
30064774392	30064774393	68719479777	94489281483
30064774392	30064774393	68719479778	94489281469
30064774392	30064774393	68719479779	94489281469
30064774393	68719479777	68719479777	94489281483
30064774393	30064774394	68719479778	94489281469
30064774393	30064774394	68719479779	94489281469
30064774394	68719479779	68719479779	94489281469
30064774395	68719479778	68719479778	94489281469
30064774396	30064774398	68719479783	94489281480
30064774396	30064774398	68719479784	94489281481
30064774396	30064774398	68719479785	94489281469
30064774396	30064774398	68719479786	94489281469
30064774396	30064774398	68719479787	94489281481
30064774396	30064774398	68719479788	94489281480
30064774398	68719479788	68719479788	94489281480
30064774399	30064774400	68719479783	94489281480
30064774399	30064774400	68719479784	94489281481
30064774399	30064774400	68719479785	94489281469
30064774399	30064774400	68719479786	94489281469
30064774399	30064774400	68719479787	94489281481
30064774400	68719479783	68719479783	94489281480
30064774400	30064774401	68719479784	94489281481
30064774400	30064774401	68719479785	94489281469
30064774400	30064774401	68719479786	94489281469
30064774400	30064774401	68719479787	94489281481
30064774401	68719479787	68719479787	94489281481
30064774402	30064774403	68719479784	94489281481
30064774402	30064774403	68719479785	94489281469
30064774402	30064774403	68719479786	94489281469
30064774403	68719479784	68719479784	94489281481
30064774403	30064774404	68719479785	94489281469
30064774403	30064774404	68719479786	94489281469
30064774404	68719479786	68719479786	94489281469
30064774405	68719479785	68719479785	94489281469
30064774406	30064774408	68719479790	94489281479
30064774406	30064774408	68719479791	94489281469
30064774406	30064774408	68719479792	94489281469
30064774406	30064774408	68719479793	94489281479
30064774406	30064774408	68719479794	94489281469
30064774406	30064774408	68719479795	94489281469
30064774408	68719479793	68719479793	94489281479
30064774408	30064774413	68719479794	94489281469
30064774408	30064774413	68719479795	94489281469
30064774409	30064774410	68719479790	94489281479
30064774409	30064774410	68719479791	94489281469
30064774409	30064774410	68719479792	94489281469
30064774410	68719479790	68719479790	94489281479
30064774410	30064774411	68719479791	94489281469
30064774410	30064774411	68719479792	94489281469
30064774411	68719479792	68719479792	94489281469
30064774412	68719479791	68719479791	94489281469
30064774413	68719479795	68719479795	94489281469
30064774414	68719479794	68719479794	94489281469
30064774415	30064774416	68719479800	94489281476
30064774415	68719479801	68719479801	94489281472
30064774416	68719479800	68719479800	94489281476
30064774417	68719479816	68719479816	111669149893
30064774418	68719479819	68719479819	111669149893
30064774419	68719479822	68719479822	111669149893
30064774420	68719479802	68719479802	111669149888
30064774420	30064774421	68719479803	94489281512
30064774420	30064774421	68719479804	111669149887
30064774420	30064774421	68719479805	111669149888
30064774421	68719479804	68719479804	111669149887
30064774421	68719479805	68719479805	111669149888
30064774422	68719479806	68719479806	111669149890
30064774422	30064774423	68719479807	94489281510
30064774422	30064774423	68719479808	111669149889
30064774422	30064774423	68719479809	111669149890
30064774423	68719479808	68719479808	111669149889
30064774423	68719479809	68719479809	111669149890
30064774424	68719479810	68719479810	111669149892
30064774424	30064774425	68719479811	94489281508
30064774424	30064774425	68719479812	111669149891
30064774424	30064774425	68719479813	111669149892
30064774425	68719479812	68719479812	111669149891
30064774425	68719479813	68719479813	111669149892
30064774426	68719479814	68719479814	94489281495
30064774426	30064774417	68719479815	94489281515
30064774426	30064774417	68719479816	111669149893
30064774427	68719479817	68719479817	94489281496
30064774427	30064774418	68719479818	94489281515
30064774427	30064774418	68719479819	111669149893
30064774428	68719479820	68719479820	94489281497
30064774428	30064774419	68719479821	94489281515
30064774428	30064774419	68719479822	111669149893
30064774429	68719479823	68719479823	94489281498
30064774429	30064774430	68719479824	94489281504
30064774429	30064774430	68719479825	94489281505
30064774429	30064774430	68719479826	94489281514
30064774429	30064774430	68719479827	94489281495
30064774429	30064774430	68719479828	94489281495
30064774429	30064774430	68719479829	94489281514
30064774429	30064774430	68719479831	94489281513
30064774429	30064774430	68719479832	94489281495
30064774429	30064774430	68719479833	94489281495
30064774429	30064774430	68719479834	94489281513
30064774429	30064774430	68719479840	94489281511
30064774429	30064774430	68719479841	94489281495
30064774429	30064774430	68719479842	94489281495
30064774429	30064774430	68719479843	94489281511
30064774429	30064774430	68719479849	94489281509
30064774429	30064774430	68719479850	94489281495
30064774429	30064774430	68719479851	94489281495
30064774429	30064774430	68719479852	94489281509
30064774429	30064774430	68719479858	94489281506
30064774429	30064774430	68719479859	94489281507
30064774429	30064774430	68719479860	94489281495
30064774429	30064774430	68719479861	94489281495
30064774429	30064774430	68719479862	94489281507
30064774429	30064774430	68719479863	94489281506
30064774429	30064774430	68719479865	94489281505
30064774429	30064774430	68719479866	94489281504
30064774429	30064774430	68719479867	94489281496
30064774430	68719479866	68719479866	94489281504
30064774430	68719479867	68719479867	94489281496
30064774431	30064774432	68719479824	94489281504
30064774431	30064774432	68719479825	94489281505
30064774431	30064774432	68719479826	94489281514
30064774431	30064774432	68719479827	94489281495
30064774431	30064774432	68719479828	94489281495
30064774431	30064774432	68719479829	94489281514
30064774431	30064774432	68719479831	94489281513
30064774431	30064774432	68719479832	94489281495
30064774431	30064774432	68719479833	94489281495
30064774431	30064774432	68719479834	94489281513
30064774431	30064774432	68719479840	94489281511
30064774431	30064774432	68719479841	94489281495
30064774431	30064774432	68719479842	94489281495
30064774431	30064774432	68719479843	94489281511
30064774431	30064774432	68719479849	94489281509
30064774431	30064774432	68719479850	94489281495
30064774431	30064774432	68719479851	94489281495
30064774431	30064774432	68719479852	94489281509
30064774431	30064774432	68719479858	94489281506
30064774431	30064774432	68719479859	94489281507
30064774431	30064774432	68719479860	94489281495
30064774431	30064774432	68719479861	94489281495
30064774431	30064774432	68719479862	94489281507
30064774431	30064774432	68719479863	94489281506
30064774431	30064774432	68719479865	94489281505
30064774432	68719479824	68719479824	94489281504
30064774432	30064774433	68719479825	94489281505
30064774432	30064774433	68719479826	94489281514
30064774432	30064774433	68719479827	94489281495
30064774432	30064774433	68719479828	94489281495
30064774432	30064774433	68719479829	94489281514
30064774432	30064774433	68719479831	94489281513
30064774432	30064774433	68719479832	94489281495
30064774432	30064774433	68719479833	94489281495
30064774432	30064774433	68719479834	94489281513
30064774432	30064774433	68719479840	94489281511
30064774432	30064774433	68719479841	94489281495
30064774432	30064774433	68719479842	94489281495
30064774432	30064774433	68719479843	94489281511
30064774432	30064774433	68719479849	94489281509
30064774432	30064774433	68719479850	94489281495
30064774432	30064774433	68719479851	94489281495
30064774432	30064774433	68719479852	94489281509
30064774432	30064774433	68719479858	94489281506
30064774432	30064774433	68719479859	94489281507
30064774432	30064774433	68719479860	94489281495
30064774432	30064774433	68719479861	94489281495
30064774432	30064774433	68719479862	94489281507
30064774432	30064774433	68719479863	94489281506
30064774432	30064774433	68719479865	94489281505
30064774433	68719479865	68719479865	94489281505
30064774434	30064774435	68719479825	94489281505
30064774434	30064774435	68719479826	94489281514
30064774434	30064774435	68719479827	94489281495
30064774434	30064774435	68719479828	94489281495
30064774434	30064774435	68719479829	94489281514
30064774434	30064774435	68719479831	94489281513
30064774434	30064774435	68719479832	94489281495
30064774434	30064774435	68719479833	94489281495
30064774434	30064774435	68719479834	94489281513
30064774434	30064774435	68719479840	94489281511
30064774434	30064774435	68719479841	94489281495
30064774434	30064774435	68719479842	94489281495
30064774434	30064774435	68719479843	94489281511
30064774434	30064774435	68719479849	94489281509
30064774434	30064774435	68719479850	94489281495
30064774434	30064774435	68719479851	94489281495
30064774434	30064774435	68719479852	94489281509
30064774434	30064774435	68719479858	94489281506
30064774434	30064774435	68719479859	94489281507
30064774434	30064774435	68719479860	94489281495
30064774434	30064774435	68719479861	94489281495
30064774434	30064774435	68719479862	94489281507
30064774434	30064774435	68719479863	94489281506
30064774435	68719479825	68719479825	94489281505
30064774435	30064774436	68719479826	94489281514
30064774435	30064774436	68719479827	94489281495
30064774435	30064774436	68719479828	94489281495
30064774435	30064774436	68719479829	94489281514
30064774435	30064774436	68719479831	94489281513
30064774435	30064774436	68719479832	94489281495
30064774435	30064774436	68719479833	94489281495
30064774435	30064774436	68719479834	94489281513
30064774435	30064774436	68719479840	94489281511
30064774435	30064774436	68719479841	94489281495
30064774435	30064774436	68719479842	94489281495
30064774435	30064774436	68719479843	94489281511
30064774435	30064774436	68719479849	94489281509
30064774435	30064774436	68719479850	94489281495
30064774435	30064774436	68719479851	94489281495
30064774435	30064774436	68719479852	94489281509
30064774435	30064774436	68719479858	94489281506
30064774435	30064774436	68719479859	94489281507
30064774435	30064774436	68719479860	94489281495
30064774435	30064774436	68719479861	94489281495
30064774435	30064774436	68719479862	94489281507
30064774435	30064774436	68719479863	94489281506
30064774436	68719479829	68719479829	94489281514
30064774436	25769804168	68719479831	94489281513
30064774436	25769804168	68719479832	94489281495
30064774436	25769804168	68719479833	94489281495
30064774436	25769804168	68719479834	94489281513
30064774436	25769804168	68719479840	94489281511
30064774436	25769804168	68719479841	94489281495
30064774436	25769804168	68719479842	94489281495
30064774436	25769804168	68719479843	94489281511
30064774436	25769804168	68719479849	94489281509
30064774436	25769804168	68719479850	94489281495
30064774436	25769804168	68719479851	94489281495
30064774436	25769804168	68719479852	94489281509
30064774436	25769804168	68719479858	94489281506
30064774436	25769804168	68719479859	94489281507
30064774436	25769804168	68719479860	94489281495
30064774436	25769804168	68719479861	94489281495
30064774436	25769804168	68719479862	94489281507
30064774436	25769804168	68719479863	94489281506
30064774437	30064774438	68719479826	94489281514
30064774437	30064774438	68719479827	94489281495
30064774437	30064774438	68719479828	94489281495
30064774438	68719479826	68719479826	94489281514
30064774438	30064774439	68719479827	94489281495
30064774438	30064774439	68719479828	94489281495
30064774439	68719479828	68719479828	94489281495
30064774440	68719479827	68719479827	94489281495
30064774441	30064774443	68719479831	94489281513
30064774441	30064774443	68719479832	94489281495
30064774441	30064774443	68719479833	94489281495
30064774441	30064774443	68719479834	94489281513
30064774443	68719479834	68719479834	94489281513
30064774444	30064774445	68719479831	94489281513
30064774444	30064774445	68719479832	94489281495
30064774444	30064774445	68719479833	94489281495
30064774445	68719479831	68719479831	94489281513
30064774445	30064774446	68719479832	94489281495
30064774445	30064774446	68719479833	94489281495
30064774446	68719479833	68719479833	94489281495
30064774447	68719479832	68719479832	94489281495
30064774454	30064774456	68719479840	94489281511
30064774454	30064774456	68719479841	94489281495
30064774454	30064774456	68719479842	94489281495
30064774454	30064774456	68719479843	94489281511
30064774456	68719479843	68719479843	94489281511
30064774457	30064774458	68719479840	94489281511
30064774457	30064774458	68719479841	94489281495
30064774457	30064774458	68719479842	94489281495
30064774458	68719479840	68719479840	94489281511
30064774458	30064774459	68719479841	94489281495
30064774458	30064774459	68719479842	94489281495
30064774459	68719479842	68719479842	94489281495
30064774460	68719479841	68719479841	94489281495
30064774467	30064774469	68719479849	94489281509
30064774467	30064774469	68719479850	94489281495
30064774467	30064774469	68719479851	94489281495
30064774467	30064774469	68719479852	94489281509
30064774469	68719479852	68719479852	94489281509
30064774470	30064774471	68719479849	94489281509
30064774470	30064774471	68719479850	94489281495
30064774470	30064774471	68719479851	94489281495
30064774471	68719479849	68719479849	94489281509
30064774471	30064774472	68719479850	94489281495
30064774471	30064774472	68719479851	94489281495
30064774472	68719479851	68719479851	94489281495
30064774473	68719479850	68719479850	94489281495
30064774480	30064774482	68719479858	94489281506
30064774480	30064774482	68719479859	94489281507
30064774480	30064774482	68719479860	94489281495
30064774480	30064774482	68719479861	94489281495
30064774480	30064774482	68719479862	94489281507
30064774480	30064774482	68719479863	94489281506
30064774482	68719479863	68719479863	94489281506
30064774483	30064774484	68719479858	94489281506
30064774483	30064774484	68719479859	94489281507
30064774483	30064774484	68719479860	94489281495
30064774483	30064774484	68719479861	94489281495
30064774483	30064774484	68719479862	94489281507
30064774484	68719479858	68719479858	94489281506
30064774484	30064774485	68719479859	94489281507
30064774484	30064774485	68719479860	94489281495
30064774484	30064774485	68719479861	94489281495
30064774484	30064774485	68719479862	94489281507
30064774485	68719479862	68719479862	94489281507
30064774486	30064774487	68719479859	94489281507
30064774486	30064774487	68719479860	94489281495
30064774486	30064774487	68719479861	94489281495
30064774487	68719479859	68719479859	94489281507
30064774487	30064774488	68719479860	94489281495
30064774487	30064774488	68719479861	94489281495
30064774488	68719479861	68719479861	94489281495
30064774489	68719479860	68719479860	94489281495
30064774490	30064774491	68719479868	94489281503
30064774490	68719479869	68719479869	94489281498
30064774491	68719479868	68719479868	94489281503
30064774492	68719479882	68719479882	111669149896
30064774493	68719479885	68719479885	111669149896
30064774494	68719479888	68719479888	111669149896
30064774495	68719479891	68719479891	111669149896
30064774496	30064774497	68719479870	111669149895
30064774496	25769804176	68719479872	94489281524
30064774496	25769804176	68719479874	94489281523
30064774496	25769804176	68719479876	94489281522
30064774496	25769804176	68719479878	94489281521
30064774497	68719479870	68719479870	111669149895
30064774498	68719479872	68719479872	94489281524
30064774500	68719479874	68719479874	94489281523
30064774502	68719479876	68719479876	94489281522
30064774504	68719479878	68719479878	94489281521
30064774506	68719479880	68719479880	94489281516
30064774506	30064774492	68719479881	94489281526
30064774506	30064774492	68719479882	111669149896
30064774507	68719479883	68719479883	94489281517
30064774507	30064774493	68719479884	94489281526
30064774507	30064774493	68719479885	111669149896
30064774508	68719479886	68719479886	94489281518
30064774508	30064774494	68719479887	94489281526
30064774508	30064774494	68719479888	111669149896
30064774509	68719479889	68719479889	94489281519
30064774509	30064774495	68719479890	94489281526
30064774509	30064774495	68719479891	111669149896
30064774510	30064774511	68719479892	94489281525
30064774511	68719479892	68719479892	94489281525
30064774512	68719479899	68719479899	111669149899
30064774513	68719479902	68719479902	111669149899
30064774514	68719479905	68719479905	111669149899
30064774515	68719479893	68719479893	111669149898
30064774515	30064774516	68719479894	94489281539
30064774515	30064774516	68719479895	111669149897
30064774515	30064774516	68719479896	111669149898
30064774516	68719479895	68719479895	111669149897
30064774516	68719479896	68719479896	111669149898
30064774517	68719479897	68719479897	94489281527
30064774517	30064774512	68719479898	94489281542
30064774517	30064774512	68719479899	111669149899
30064774518	68719479900	68719479900	94489281528
30064774518	30064774513	68719479901	94489281542
30064774518	30064774513	68719479902	111669149899
30064774519	68719479903	68719479903	94489281529
30064774519	30064774514	68719479904	94489281542
30064774519	30064774514	68719479905	111669149899
30064774520	68719479906	68719479906	94489281530
30064774520	30064774521	68719479907	94489281534
30064774520	30064774521	68719479908	94489281535
30064774520	30064774521	68719479909	94489281541
30064774520	30064774521	68719479910	94489281527
30064774520	30064774521	68719479911	94489281527
30064774520	30064774521	68719479912	94489281541
30064774520	30064774521	68719479914	94489281540
30064774520	30064774521	68719479915	94489281527
30064774520	30064774521	68719479916	94489281527
30064774520	30064774521	68719479917	94489281540
30064774520	30064774521	68719479923	94489281536
30064774520	30064774521	68719479924	94489281537
30064774520	30064774521	68719479925	94489281538
30064774520	30064774521	68719479926	94489281527
30064774520	30064774521	68719479927	94489281527
30064774520	30064774521	68719479928	94489281538
30064774520	30064774521	68719479929	94489281537
30064774520	30064774521	68719479930	94489281536
30064774520	30064774521	68719479932	94489281535
30064774520	30064774521	68719479933	94489281534
30064774520	30064774521	68719479934	94489281528
30064774521	68719479933	68719479933	94489281534
30064774521	68719479934	68719479934	94489281528
30064774522	30064774523	68719479907	94489281534
30064774522	30064774523	68719479908	94489281535
30064774522	30064774523	68719479909	94489281541
30064774522	30064774523	68719479910	94489281527
30064774522	30064774523	68719479911	94489281527
30064774522	30064774523	68719479912	94489281541
30064774522	30064774523	68719479914	94489281540
30064774522	30064774523	68719479915	94489281527
30064774522	30064774523	68719479916	94489281527
30064774522	30064774523	68719479917	94489281540
30064774522	30064774523	68719479923	94489281536
30064774522	30064774523	68719479924	94489281537
30064774522	30064774523	68719479925	94489281538
30064774522	30064774523	68719479926	94489281527
30064774522	30064774523	68719479927	94489281527
30064774522	30064774523	68719479928	94489281538
30064774522	30064774523	68719479929	94489281537
30064774522	30064774523	68719479930	94489281536
30064774522	30064774523	68719479932	94489281535
30064774523	68719479907	68719479907	94489281534
30064774523	30064774524	68719479908	94489281535
30064774523	30064774524	68719479909	94489281541
30064774523	30064774524	68719479910	94489281527
30064774523	30064774524	68719479911	94489281527
30064774523	30064774524	68719479912	94489281541
30064774523	30064774524	68719479914	94489281540
30064774523	30064774524	68719479915	94489281527
30064774523	30064774524	68719479916	94489281527
30064774523	30064774524	68719479917	94489281540
30064774523	30064774524	68719479923	94489281536
30064774523	30064774524	68719479924	94489281537
30064774523	30064774524	68719479925	94489281538
30064774523	30064774524	68719479926	94489281527
30064774523	30064774524	68719479927	94489281527
30064774523	30064774524	68719479928	94489281538
30064774523	30064774524	68719479929	94489281537
30064774523	30064774524	68719479930	94489281536
30064774523	30064774524	68719479932	94489281535
30064774524	68719479932	68719479932	94489281535
30064774525	30064774526	68719479908	94489281535
30064774525	30064774526	68719479909	94489281541
30064774525	30064774526	68719479910	94489281527
30064774525	30064774526	68719479911	94489281527
30064774525	30064774526	68719479912	94489281541
30064774525	30064774526	68719479914	94489281540
30064774525	30064774526	68719479915	94489281527
30064774525	30064774526	68719479916	94489281527
30064774525	30064774526	68719479917	94489281540
30064774525	30064774526	68719479923	94489281536
30064774525	30064774526	68719479924	94489281537
30064774525	30064774526	68719479925	94489281538
30064774525	30064774526	68719479926	94489281527
30064774525	30064774526	68719479927	94489281527
30064774525	30064774526	68719479928	94489281538
30064774525	30064774526	68719479929	94489281537
30064774525	30064774526	68719479930	94489281536
30064774526	68719479908	68719479908	94489281535
30064774526	30064774527	68719479909	94489281541
30064774526	30064774527	68719479910	94489281527
30064774526	30064774527	68719479911	94489281527
30064774526	30064774527	68719479912	94489281541
30064774526	30064774527	68719479914	94489281540
30064774526	30064774527	68719479915	94489281527
30064774526	30064774527	68719479916	94489281527
30064774526	30064774527	68719479917	94489281540
30064774526	30064774527	68719479923	94489281536
30064774526	30064774527	68719479924	94489281537
30064774526	30064774527	68719479925	94489281538
30064774526	30064774527	68719479926	94489281527
30064774526	30064774527	68719479927	94489281527
30064774526	30064774527	68719479928	94489281538
30064774526	30064774527	68719479929	94489281537
30064774526	30064774527	68719479930	94489281536
30064774527	68719479912	68719479912	94489281541
30064774527	25769804179	68719479914	94489281540
30064774527	25769804179	68719479915	94489281527
30064774527	25769804179	68719479916	94489281527
30064774527	25769804179	68719479917	94489281540
30064774527	25769804179	68719479923	94489281536
30064774527	25769804179	68719479924	94489281537
30064774527	25769804179	68719479925	94489281538
30064774527	25769804179	68719479926	94489281527
30064774527	25769804179	68719479927	94489281527
30064774527	25769804179	68719479928	94489281538
30064774527	25769804179	68719479929	94489281537
30064774527	25769804179	68719479930	94489281536
30064774528	30064774529	68719479909	94489281541
30064774528	30064774529	68719479910	94489281527
30064774528	30064774529	68719479911	94489281527
30064774529	68719479909	68719479909	94489281541
30064774529	30064774530	68719479910	94489281527
30064774529	30064774530	68719479911	94489281527
30064774530	68719479911	68719479911	94489281527
30064774531	68719479910	68719479910	94489281527
30064774532	30064774534	68719479914	94489281540
30064774532	30064774534	68719479915	94489281527
30064774532	30064774534	68719479916	94489281527
30064774532	30064774534	68719479917	94489281540
30064774534	68719479917	68719479917	94489281540
30064774535	30064774536	68719479914	94489281540
30064774535	30064774536	68719479915	94489281527
30064774535	30064774536	68719479916	94489281527
30064774536	68719479914	68719479914	94489281540
30064774536	30064774537	68719479915	94489281527
30064774536	30064774537	68719479916	94489281527
30064774537	68719479916	68719479916	94489281527
30064774538	68719479915	68719479915	94489281527
30064774545	30064774547	68719479923	94489281536
30064774545	30064774547	68719479924	94489281537
30064774545	30064774547	68719479925	94489281538
30064774545	30064774547	68719479926	94489281527
30064774545	30064774547	68719479927	94489281527
30064774545	30064774547	68719479928	94489281538
30064774545	30064774547	68719479929	94489281537
30064774545	30064774547	68719479930	94489281536
30064774547	68719479930	68719479930	94489281536
30064774548	30064774549	68719479923	94489281536
30064774548	30064774549	68719479924	94489281537
30064774548	30064774549	68719479925	94489281538
30064774548	30064774549	68719479926	94489281527
30064774548	30064774549	68719479927	94489281527
30064774548	30064774549	68719479928	94489281538
30064774548	30064774549	68719479929	94489281537
30064774549	68719479923	68719479923	94489281536
30064774549	30064774550	68719479924	94489281537
30064774549	30064774550	68719479925	94489281538
30064774549	30064774550	68719479926	94489281527
30064774549	30064774550	68719479927	94489281527
30064774549	30064774550	68719479928	94489281538
30064774549	30064774550	68719479929	94489281537
30064774550	68719479929	68719479929	94489281537
30064774551	30064774552	68719479924	94489281537
30064774551	30064774552	68719479925	94489281538
30064774551	30064774552	68719479926	94489281527
30064774551	30064774552	68719479927	94489281527
30064774551	30064774552	68719479928	94489281538
30064774552	68719479924	68719479924	94489281537
30064774552	30064774553	68719479925	94489281538
30064774552	30064774553	68719479926	94489281527
30064774552	30064774553	68719479927	94489281527
30064774552	30064774553	68719479928	94489281538
30064774553	68719479928	68719479928	94489281538
30064774554	30064774555	68719479925	94489281538
30064774554	30064774555	68719479926	94489281527
30064774554	30064774555	68719479927	94489281527
30064774555	68719479925	68719479925	94489281538
30064774555	30064774556	68719479926	94489281527
30064774555	30064774556	68719479927	94489281527
30064774556	68719479927	68719479927	94489281527
30064774557	68719479926	68719479926	94489281527
30064774558	30064774559	68719479935	94489281533
30064774558	68719479936	68719479936	94489281530
30064774559	68719479935	68719479935	94489281533
30064774560	68719479995	68719479995	111669149910
30064774561	68719479998	68719479998	111669149910
30064774562	68719479937	68719479937	111669149901
30064774562	30064774563	68719479938	94489281582
30064774562	30064774563	68719479939	111669149900
30064774562	30064774563	68719479940	94489281579
30064774562	30064774563	68719479941	94489281581
30064774562	30064774563	68719479942	94489281580
30064774562	30064774563	68719479944	111669149901
30064774562	30064774563	68719479946	94489281579
30064774563	68719479939	68719479939	111669149900
30064774563	30064774564	68719479940	94489281579
30064774563	30064774564	68719479941	94489281581
30064774563	30064774564	68719479942	94489281580
30064774563	30064774564	68719479944	111669149901
30064774563	30064774564	68719479946	94489281579
30064774564	68719479946	68719479946	94489281579
30064774565	30064774566	68719479940	94489281579
30064774565	30064774566	68719479941	94489281581
30064774565	30064774566	68719479942	94489281580
30064774565	30064774566	68719479944	111669149901
30064774566	68719479940	68719479940	94489281579
30064774566	25769804185	68719479941	94489281581
30064774566	25769804185	68719479942	94489281580
30064774566	25769804185	68719479944	111669149901
30064774567	68719479941	68719479941	94489281581
30064774569	68719479944	68719479944	111669149901
30064774570	30064774571	68719479947	111669149902
30064774570	30064774571	68719479948	111669149902
30064774570	30064774571	68719479949	111669149903
30064774570	30064774571	68719479950	111669149903
30064774570	30064774575	68719479951	94489281575
30064774570	30064774575	68719479952	94489281577
30064774570	30064774575	68719479953	94489281576
30064774570	30064774575	68719479955	111669149903
30064774570	30064774575	68719479957	94489281575
30064774570	68719479958	68719479958	111669149903
30064774571	30064774572	68719479947	111669149902
30064774571	30064774572	68719479948	111669149902
30064774571	30064774572	68719479949	111669149903
30064774571	30064774574	68719479950	111669149903
30064774572	68719479948	68719479948	111669149902
30064774572	68719479949	68719479949	111669149903
30064774573	68719479947	68719479947	111669149902
30064774574	68719479950	68719479950	111669149903
30064774575	68719479957	68719479957	94489281575
30064774576	30064774577	68719479951	94489281575
30064774576	30064774577	68719479952	94489281577
30064774576	30064774577	68719479953	94489281576
30064774576	30064774577	68719479955	111669149903
30064774577	68719479951	68719479951	94489281575
30064774577	25769804187	68719479952	94489281577
30064774577	25769804187	68719479953	94489281576
30064774577	25769804187	68719479955	111669149903
30064774578	68719479952	68719479952	94489281577
30064774580	68719479955	68719479955	111669149903
30064774581	68719479964	68719479964	94489281571
30064774582	30064774583	68719479959	94489281571
30064774582	30064774583	68719479960	94489281573
30064774582	30064774583	68719479961	94489281572
30064774583	68719479959	68719479959	94489281571
30064774583	25769804189	68719479960	94489281573
30064774583	25769804189	68719479961	94489281572
30064774584	68719479960	68719479960	94489281573
30064774587	68719479965	68719479965	111669149906
30064774587	30064774588	68719479966	94489281568
30064774587	30064774588	68719479967	111669149905
30064774587	30064774588	68719479968	94489281565
30064774587	30064774588	68719479969	94489281567
30064774587	30064774588	68719479970	94489281566
30064774587	30064774588	68719479972	111669149906
30064774587	30064774588	68719479974	94489281565
30064774588	68719479967	68719479967	111669149905
30064774588	30064774589	68719479968	94489281565
30064774588	30064774589	68719479969	94489281567
30064774588	30064774589	68719479970	94489281566
30064774588	30064774589	68719479972	111669149906
30064774588	30064774589	68719479974	94489281565
30064774589	68719479974	68719479974	94489281565
30064774590	30064774591	68719479968	94489281565
30064774590	30064774591	68719479969	94489281567
30064774590	30064774591	68719479970	94489281566
30064774590	30064774591	68719479972	111669149906
30064774591	68719479968	68719479968	94489281565
30064774591	25769804192	68719479969	94489281567
30064774591	25769804192	68719479970	94489281566
30064774591	25769804192	68719479972	111669149906
30064774592	68719479969	68719479969	94489281567
30064774594	68719479972	68719479972	111669149906
30064774595	30064774596	68719479975	111669149907
30064774595	30064774596	68719479976	111669149907
30064774595	30064774596	68719479977	111669149908
30064774595	30064774596	68719479978	111669149908
30064774595	30064774600	68719479979	94489281561
30064774595	30064774600	68719479980	94489281563
30064774595	30064774600	68719479981	94489281562
30064774595	30064774600	68719479983	111669149908
30064774595	30064774600	68719479985	94489281561
30064774595	68719479986	68719479986	111669149908
30064774596	30064774597	68719479975	111669149907
30064774596	30064774597	68719479976	111669149907
30064774596	30064774597	68719479977	111669149908
30064774596	30064774599	68719479978	111669149908
30064774597	68719479976	68719479976	111669149907
30064774597	68719479977	68719479977	111669149908
30064774598	68719479975	68719479975	111669149907
30064774599	68719479978	68719479978	111669149908
30064774600	68719479985	68719479985	94489281561
30064774601	30064774602	68719479979	94489281561
30064774601	30064774602	68719479980	94489281563
30064774601	30064774602	68719479981	94489281562
30064774601	30064774602	68719479983	111669149908
30064774602	68719479979	68719479979	94489281561
30064774602	25769804194	68719479980	94489281563
30064774602	25769804194	68719479981	94489281562
30064774602	25769804194	68719479983	111669149908
30064774603	68719479980	68719479980	94489281563
30064774605	68719479983	68719479983	111669149908
30064774606	68719479992	68719479992	94489281557
30064774607	30064774608	68719479987	94489281557
30064774607	30064774608	68719479988	94489281559
30064774607	30064774608	68719479989	94489281558
30064774608	68719479987	68719479987	94489281557
30064774608	25769804196	68719479988	94489281559
30064774608	25769804196	68719479989	94489281558
30064774609	68719479988	68719479988	94489281559
30064774612	68719479993	68719479993	94489281543
30064774612	30064774560	68719479994	94489281586
30064774612	30064774560	68719479995	111669149910
30064774613	68719479996	68719479996	94489281544
30064774613	30064774561	68719479997	94489281586
30064774613	30064774561	68719479998	111669149910
30064774614	68719479999	68719479999	94489281545
30064774614	30064774615	68719480000	94489281556
30064774614	30064774615	68719480001	94489281585
30064774614	30064774615	68719480002	94489281543
30064774614	30064774615	68719480003	94489281543
30064774614	30064774615	68719480004	94489281585
30064774614	30064774615	68719480006	94489281574
30064774614	30064774615	68719480007	94489281578
30064774614	30064774615	68719480008	94489281583
30064774614	30064774615	68719480009	94489281584
30064774614	30064774615	68719480010	94489281543
30064774614	30064774615	68719480011	94489281543
30064774614	30064774615	68719480012	94489281584
30064774614	30064774615	68719480013	94489281583
30064774614	30064774615	68719480018	94489281578
30064774614	30064774615	68719480019	94489281574
30064774614	30064774615	68719480021	94489281560
30064774614	30064774615	68719480022	94489281564
30064774614	30064774615	68719480023	94489281569
30064774614	30064774615	68719480024	94489281570
30064774614	30064774615	68719480025	94489281543
30064774614	30064774615	68719480026	94489281543
30064774614	30064774615	68719480027	94489281570
30064774614	30064774615	68719480028	94489281569
30064774614	30064774615	68719480033	94489281564
30064774614	30064774615	68719480034	94489281560
30064774614	30064774615	68719480036	94489281556
30064774615	68719480036	68719480036	94489281556
30064774616	30064774617	68719480000	94489281556
30064774616	30064774617	68719480001	94489281585
30064774616	30064774617	68719480002	94489281543
30064774616	30064774617	68719480003	94489281543
30064774616	30064774617	68719480004	94489281585
30064774616	30064774617	68719480006	94489281574
30064774616	30064774617	68719480007	94489281578
30064774616	30064774617	68719480008	94489281583
30064774616	30064774617	68719480009	94489281584
30064774616	30064774617	68719480010	94489281543
30064774616	30064774617	68719480011	94489281543
30064774616	30064774617	68719480012	94489281584
30064774616	30064774617	68719480013	94489281583
30064774616	30064774617	68719480018	94489281578
30064774616	30064774617	68719480019	94489281574
30064774616	30064774617	68719480021	94489281560
30064774616	30064774617	68719480022	94489281564
30064774616	30064774617	68719480023	94489281569
30064774616	30064774617	68719480024	94489281570
30064774616	30064774617	68719480025	94489281543
30064774616	30064774617	68719480026	94489281543
30064774616	30064774617	68719480027	94489281570
30064774616	30064774617	68719480028	94489281569
30064774616	30064774617	68719480033	94489281564
30064774616	30064774617	68719480034	94489281560
30064774617	68719480000	68719480000	94489281556
30064774617	30064774618	68719480001	94489281585
30064774617	30064774618	68719480002	94489281543
30064774617	30064774618	68719480003	94489281543
30064774617	30064774618	68719480004	94489281585
30064774617	30064774618	68719480006	94489281574
30064774617	30064774618	68719480007	94489281578
30064774617	30064774618	68719480008	94489281583
30064774617	30064774618	68719480009	94489281584
30064774617	30064774618	68719480010	94489281543
30064774617	30064774618	68719480011	94489281543
30064774617	30064774618	68719480012	94489281584
30064774617	30064774618	68719480013	94489281583
30064774617	30064774618	68719480018	94489281578
30064774617	30064774618	68719480019	94489281574
30064774617	30064774618	68719480021	94489281560
30064774617	30064774618	68719480022	94489281564
30064774617	30064774618	68719480023	94489281569
30064774617	30064774618	68719480024	94489281570
30064774617	30064774618	68719480025	94489281543
30064774617	30064774618	68719480026	94489281543
30064774617	30064774618	68719480027	94489281570
30064774617	30064774618	68719480028	94489281569
30064774617	30064774618	68719480033	94489281564
30064774617	30064774618	68719480034	94489281560
30064774618	68719480004	68719480004	94489281585
30064774618	25769804183	68719480006	94489281574
30064774618	25769804183	68719480007	94489281578
30064774618	25769804183	68719480008	94489281583
30064774618	25769804183	68719480009	94489281584
30064774618	25769804183	68719480010	94489281543
30064774618	25769804183	68719480011	94489281543
30064774618	25769804183	68719480012	94489281584
30064774618	25769804183	68719480013	94489281583
30064774618	25769804183	68719480018	94489281578
30064774618	25769804183	68719480019	94489281574
30064774618	25769804183	68719480021	94489281560
30064774618	25769804183	68719480022	94489281564
30064774618	25769804183	68719480023	94489281569
30064774618	25769804183	68719480024	94489281570
30064774618	25769804183	68719480025	94489281543
30064774618	25769804183	68719480026	94489281543
30064774618	25769804183	68719480027	94489281570
30064774618	25769804183	68719480028	94489281569
30064774618	25769804183	68719480033	94489281564
30064774618	25769804183	68719480034	94489281560
30064774619	30064774620	68719480001	94489281585
30064774619	30064774620	68719480002	94489281543
30064774619	30064774620	68719480003	94489281543
30064774620	68719480001	68719480001	94489281585
30064774620	30064774621	68719480002	94489281543
30064774620	30064774621	68719480003	94489281543
30064774621	68719480003	68719480003	94489281543
30064774622	68719480002	68719480002	94489281543
30064774623	30064774625	68719480006	94489281574
30064774623	30064774625	68719480007	94489281578
30064774623	30064774625	68719480008	94489281583
30064774623	30064774625	68719480009	94489281584
30064774623	30064774625	68719480010	94489281543
30064774623	30064774625	68719480011	94489281543
30064774623	30064774625	68719480012	94489281584
30064774623	30064774625	68719480013	94489281583
30064774623	30064774625	68719480018	94489281578
30064774623	30064774625	68719480019	94489281574
30064774625	68719480019	68719480019	94489281574
30064774626	30064774627	68719480006	94489281574
30064774626	30064774627	68719480007	94489281578
30064774626	30064774627	68719480008	94489281583
30064774626	30064774627	68719480009	94489281584
30064774626	30064774627	68719480010	94489281543
30064774626	30064774627	68719480011	94489281543
30064774626	30064774627	68719480012	94489281584
30064774626	30064774627	68719480013	94489281583
30064774626	30064774627	68719480018	94489281578
30064774627	68719480006	68719480006	94489281574
30064774627	30064774628	68719480007	94489281578
30064774627	30064774628	68719480008	94489281583
30064774627	30064774628	68719480009	94489281584
30064774627	30064774628	68719480010	94489281543
30064774627	30064774628	68719480011	94489281543
30064774627	30064774628	68719480012	94489281584
30064774627	30064774628	68719480013	94489281583
30064774627	30064774628	68719480018	94489281578
30064774628	68719480018	68719480018	94489281578
30064774629	30064774630	68719480007	94489281578
30064774629	30064774630	68719480008	94489281583
30064774629	30064774630	68719480009	94489281584
30064774629	30064774630	68719480010	94489281543
30064774629	30064774630	68719480011	94489281543
30064774629	30064774630	68719480012	94489281584
30064774629	30064774630	68719480013	94489281583
30064774630	68719480007	68719480007	94489281578
30064774630	30064774631	68719480008	94489281583
30064774630	30064774631	68719480009	94489281584
30064774630	30064774631	68719480010	94489281543
30064774630	30064774631	68719480011	94489281543
30064774630	30064774631	68719480012	94489281584
30064774630	30064774631	68719480013	94489281583
30064774631	68719480013	68719480013	94489281583
30064774632	30064774633	68719480008	94489281583
30064774632	30064774633	68719480009	94489281584
30064774632	30064774633	68719480010	94489281543
30064774632	30064774633	68719480011	94489281543
30064774632	30064774633	68719480012	94489281584
30064774633	68719480008	68719480008	94489281583
30064774633	30064774634	68719480009	94489281584
30064774633	30064774634	68719480010	94489281543
30064774633	30064774634	68719480011	94489281543
30064774633	30064774634	68719480012	94489281584
30064774634	68719480012	68719480012	94489281584
30064774635	30064774636	68719480009	94489281584
30064774635	30064774636	68719480010	94489281543
30064774635	30064774636	68719480011	94489281543
30064774636	68719480009	68719480009	94489281584
30064774636	30064774637	68719480010	94489281543
30064774636	30064774637	68719480011	94489281543
30064774637	68719480011	68719480011	94489281543
30064774638	68719480010	68719480010	94489281543
30064774645	30064774647	68719480021	94489281560
30064774645	30064774647	68719480022	94489281564
30064774645	30064774647	68719480023	94489281569
30064774645	30064774647	68719480024	94489281570
30064774645	30064774647	68719480025	94489281543
30064774645	30064774647	68719480026	94489281543
30064774645	30064774647	68719480027	94489281570
30064774645	30064774647	68719480028	94489281569
30064774645	30064774647	68719480033	94489281564
30064774645	30064774647	68719480034	94489281560
30064774647	68719480034	68719480034	94489281560
30064774648	30064774649	68719480021	94489281560
30064774648	30064774649	68719480022	94489281564
30064774648	30064774649	68719480023	94489281569
30064774648	30064774649	68719480024	94489281570
30064774648	30064774649	68719480025	94489281543
30064774648	30064774649	68719480026	94489281543
30064774648	30064774649	68719480027	94489281570
30064774648	30064774649	68719480028	94489281569
30064774648	30064774649	68719480033	94489281564
30064774649	68719480021	68719480021	94489281560
30064774649	30064774650	68719480022	94489281564
30064774649	30064774650	68719480023	94489281569
30064774649	30064774650	68719480024	94489281570
30064774649	30064774650	68719480025	94489281543
30064774649	30064774650	68719480026	94489281543
30064774649	30064774650	68719480027	94489281570
30064774649	30064774650	68719480028	94489281569
30064774649	30064774650	68719480033	94489281564
30064774650	68719480033	68719480033	94489281564
30064774651	30064774652	68719480022	94489281564
30064774651	30064774652	68719480023	94489281569
30064774651	30064774652	68719480024	94489281570
30064774651	30064774652	68719480025	94489281543
30064774651	30064774652	68719480026	94489281543
30064774651	30064774652	68719480027	94489281570
30064774651	30064774652	68719480028	94489281569
30064774652	68719480022	68719480022	94489281564
30064774652	30064774653	68719480023	94489281569
30064774652	30064774653	68719480024	94489281570
30064774652	30064774653	68719480025	94489281543
30064774652	30064774653	68719480026	94489281543
30064774652	30064774653	68719480027	94489281570
30064774652	30064774653	68719480028	94489281569
30064774653	68719480028	68719480028	94489281569
30064774654	30064774655	68719480023	94489281569
30064774654	30064774655	68719480024	94489281570
30064774654	30064774655	68719480025	94489281543
30064774654	30064774655	68719480026	94489281543
30064774654	30064774655	68719480027	94489281570
30064774655	68719480023	68719480023	94489281569
30064774655	30064774656	68719480024	94489281570
30064774655	30064774656	68719480025	94489281543
30064774655	30064774656	68719480026	94489281543
30064774655	30064774656	68719480027	94489281570
30064774656	68719480027	68719480027	94489281570
30064774657	30064774658	68719480024	94489281570
30064774657	30064774658	68719480025	94489281543
30064774657	30064774658	68719480026	94489281543
30064774658	68719480024	68719480024	94489281570
30064774658	30064774659	68719480025	94489281543
30064774658	30064774659	68719480026	94489281543
30064774659	68719480026	68719480026	94489281543
30064774660	68719480025	68719480025	94489281543
30064774667	30064774668	68719480037	94489281555
30064774667	68719480038	68719480038	94489281545
30064774668	68719480037	68719480037	94489281555
30064774669	68719480045	68719480045	111669149913
30064774670	68719480048	68719480048	111669149913
30064774671	68719480051	68719480051	111669149913
30064774672	68719480039	68719480039	111669149912
30064774672	30064774673	68719480040	94489281614
30064774672	30064774673	68719480041	111669149911
30064774672	30064774673	68719480042	111669149912
30064774673	68719480041	68719480041	111669149911
30064774673	68719480042	68719480042	111669149912
30064774674	68719480043	68719480043	94489281587
30064774674	30064774669	68719480044	94489281617
30064774674	30064774669	68719480045	111669149913
30064774675	68719480046	68719480046	94489281588
30064774675	30064774670	68719480047	94489281617
30064774675	30064774670	68719480048	111669149913
30064774676	68719480049	68719480049	94489281589
30064774676	30064774671	68719480050	94489281617
30064774676	30064774671	68719480051	111669149913
30064774677	68719480052	68719480052	94489281590
30064774677	30064774678	68719480053	94489281595
30064774677	30064774678	68719480054	94489281596
30064774677	30064774678	68719480055	94489281616
30064774677	30064774678	68719480056	94489281587
30064774677	30064774678	68719480057	94489281587
30064774677	30064774678	68719480058	94489281616
30064774677	30064774678	68719480060	94489281615
30064774677	30064774678	68719480061	94489281587
30064774677	30064774678	68719480062	94489281587
30064774677	30064774678	68719480063	94489281615
30064774677	30064774678	68719480069	94489281610
30064774677	30064774678	68719480070	94489281611
30064774677	30064774678	68719480071	94489281612
30064774677	30064774678	68719480072	94489281613
30064774677	30064774678	68719480073	94489281587
30064774677	30064774678	68719480074	94489281587
30064774677	30064774678	68719480075	94489281613
30064774677	30064774678	68719480076	94489281612
30064774677	30064774678	68719480077	94489281611
30064774677	30064774678	68719480078	94489281610
30064774677	30064774678	68719480080	94489281609
30064774677	30064774678	68719480081	94489281587
30064774677	30064774678	68719480082	94489281587
30064774677	30064774678	68719480083	94489281609
30064774677	30064774678	68719480086	94489281606
30064774677	30064774678	68719480087	94489281607
30064774677	30064774678	68719480088	94489281608
30064774677	30064774678	68719480089	94489281587
30064774677	30064774678	68719480090	94489281587
30064774677	30064774678	68719480091	94489281608
30064774677	30064774678	68719480092	94489281607
30064774677	30064774678	68719480093	94489281606
30064774677	30064774678	68719480096	94489281602
30064774677	30064774678	68719480097	94489281603
30064774677	30064774678	68719480098	94489281604
30064774677	30064774678	68719480099	94489281605
30064774677	30064774678	68719480100	94489281587
30064774677	30064774678	68719480101	94489281587
30064774677	30064774678	68719480102	94489281605
30064774677	30064774678	68719480103	94489281604
30064774677	30064774678	68719480104	94489281603
30064774677	30064774678	68719480105	94489281602
30064774677	30064774678	68719480107	94489281599
30064774677	30064774678	68719480108	94489281600
30064774677	30064774678	68719480109	94489281601
30064774677	30064774678	68719480110	94489281587
30064774677	30064774678	68719480111	94489281587
30064774677	30064774678	68719480112	94489281601
30064774677	30064774678	68719480113	94489281600
30064774677	30064774678	68719480114	94489281599
30064774677	30064774678	68719480116	94489281597
30064774677	30064774678	68719480117	94489281598
30064774677	30064774678	68719480118	94489281587
30064774677	30064774678	68719480119	94489281587
30064774677	30064774678	68719480120	94489281598
30064774677	30064774678	68719480121	94489281597
30064774677	30064774678	68719480123	94489281596
30064774677	30064774678	68719480124	94489281595
30064774677	30064774678	68719480125	94489281588
30064774678	68719480124	68719480124	94489281595
30064774678	68719480125	68719480125	94489281588
30064774679	30064774680	68719480053	94489281595
30064774679	30064774680	68719480054	94489281596
30064774679	30064774680	68719480055	94489281616
30064774679	30064774680	68719480056	94489281587
30064774679	30064774680	68719480057	94489281587
30064774679	30064774680	68719480058	94489281616
30064774679	30064774680	68719480060	94489281615
30064774679	30064774680	68719480061	94489281587
30064774679	30064774680	68719480062	94489281587
30064774679	30064774680	68719480063	94489281615
30064774679	30064774680	68719480069	94489281610
30064774679	30064774680	68719480070	94489281611
30064774679	30064774680	68719480071	94489281612
30064774679	30064774680	68719480072	94489281613
30064774679	30064774680	68719480073	94489281587
30064774679	30064774680	68719480074	94489281587
30064774679	30064774680	68719480075	94489281613
30064774679	30064774680	68719480076	94489281612
30064774679	30064774680	68719480077	94489281611
30064774679	30064774680	68719480078	94489281610
30064774679	30064774680	68719480080	94489281609
30064774679	30064774680	68719480081	94489281587
30064774679	30064774680	68719480082	94489281587
30064774679	30064774680	68719480083	94489281609
30064774679	30064774680	68719480086	94489281606
30064774679	30064774680	68719480087	94489281607
30064774679	30064774680	68719480088	94489281608
30064774679	30064774680	68719480089	94489281587
30064774679	30064774680	68719480090	94489281587
30064774679	30064774680	68719480091	94489281608
30064774679	30064774680	68719480092	94489281607
30064774679	30064774680	68719480093	94489281606
30064774679	30064774680	68719480096	94489281602
30064774679	30064774680	68719480097	94489281603
30064774679	30064774680	68719480098	94489281604
30064774679	30064774680	68719480099	94489281605
30064774679	30064774680	68719480100	94489281587
30064774679	30064774680	68719480101	94489281587
30064774679	30064774680	68719480102	94489281605
30064774679	30064774680	68719480103	94489281604
30064774679	30064774680	68719480104	94489281603
30064774679	30064774680	68719480105	94489281602
30064774679	30064774680	68719480107	94489281599
30064774679	30064774680	68719480108	94489281600
30064774679	30064774680	68719480109	94489281601
30064774679	30064774680	68719480110	94489281587
30064774679	30064774680	68719480111	94489281587
30064774679	30064774680	68719480112	94489281601
30064774679	30064774680	68719480113	94489281600
30064774679	30064774680	68719480114	94489281599
30064774679	30064774680	68719480116	94489281597
30064774679	30064774680	68719480117	94489281598
30064774679	30064774680	68719480118	94489281587
30064774679	30064774680	68719480119	94489281587
30064774679	30064774680	68719480120	94489281598
30064774679	30064774680	68719480121	94489281597
30064774679	30064774680	68719480123	94489281596
30064774680	68719480053	68719480053	94489281595
30064774680	30064774681	68719480054	94489281596
30064774680	30064774681	68719480055	94489281616
30064774680	30064774681	68719480056	94489281587
30064774680	30064774681	68719480057	94489281587
30064774680	30064774681	68719480058	94489281616
30064774680	30064774681	68719480060	94489281615
30064774680	30064774681	68719480061	94489281587
30064774680	30064774681	68719480062	94489281587
30064774680	30064774681	68719480063	94489281615
30064774680	30064774681	68719480069	94489281610
30064774680	30064774681	68719480070	94489281611
30064774680	30064774681	68719480071	94489281612
30064774680	30064774681	68719480072	94489281613
30064774680	30064774681	68719480073	94489281587
30064774680	30064774681	68719480074	94489281587
30064774680	30064774681	68719480075	94489281613
30064774680	30064774681	68719480076	94489281612
30064774680	30064774681	68719480077	94489281611
30064774680	30064774681	68719480078	94489281610
30064774680	30064774681	68719480080	94489281609
30064774680	30064774681	68719480081	94489281587
30064774680	30064774681	68719480082	94489281587
30064774680	30064774681	68719480083	94489281609
30064774680	30064774681	68719480086	94489281606
30064774680	30064774681	68719480087	94489281607
30064774680	30064774681	68719480088	94489281608
30064774680	30064774681	68719480089	94489281587
30064774680	30064774681	68719480090	94489281587
30064774680	30064774681	68719480091	94489281608
30064774680	30064774681	68719480092	94489281607
30064774680	30064774681	68719480093	94489281606
30064774680	30064774681	68719480096	94489281602
30064774680	30064774681	68719480097	94489281603
30064774680	30064774681	68719480098	94489281604
30064774680	30064774681	68719480099	94489281605
30064774680	30064774681	68719480100	94489281587
30064774680	30064774681	68719480101	94489281587
30064774680	30064774681	68719480102	94489281605
30064774680	30064774681	68719480103	94489281604
30064774680	30064774681	68719480104	94489281603
30064774680	30064774681	68719480105	94489281602
30064774680	30064774681	68719480107	94489281599
30064774680	30064774681	68719480108	94489281600
30064774680	30064774681	68719480109	94489281601
30064774680	30064774681	68719480110	94489281587
30064774680	30064774681	68719480111	94489281587
30064774680	30064774681	68719480112	94489281601
30064774680	30064774681	68719480113	94489281600
30064774680	30064774681	68719480114	94489281599
30064774680	30064774681	68719480116	94489281597
30064774680	30064774681	68719480117	94489281598
30064774680	30064774681	68719480118	94489281587
30064774680	30064774681	68719480119	94489281587
30064774680	30064774681	68719480120	94489281598
30064774680	30064774681	68719480121	94489281597
30064774680	30064774681	68719480123	94489281596
30064774681	68719480123	68719480123	94489281596
30064774682	30064774683	68719480054	94489281596
30064774682	30064774683	68719480055	94489281616
30064774682	30064774683	68719480056	94489281587
30064774682	30064774683	68719480057	94489281587
30064774682	30064774683	68719480058	94489281616
30064774682	30064774683	68719480060	94489281615
30064774682	30064774683	68719480061	94489281587
30064774682	30064774683	68719480062	94489281587
30064774682	30064774683	68719480063	94489281615
30064774682	30064774683	68719480069	94489281610
30064774682	30064774683	68719480070	94489281611
30064774682	30064774683	68719480071	94489281612
30064774682	30064774683	68719480072	94489281613
30064774682	30064774683	68719480073	94489281587
30064774682	30064774683	68719480074	94489281587
30064774682	30064774683	68719480075	94489281613
30064774682	30064774683	68719480076	94489281612
30064774682	30064774683	68719480077	94489281611
30064774682	30064774683	68719480078	94489281610
30064774682	30064774683	68719480080	94489281609
30064774682	30064774683	68719480081	94489281587
30064774682	30064774683	68719480082	94489281587
30064774682	30064774683	68719480083	94489281609
30064774682	30064774683	68719480086	94489281606
30064774682	30064774683	68719480087	94489281607
30064774682	30064774683	68719480088	94489281608
30064774682	30064774683	68719480089	94489281587
30064774682	30064774683	68719480090	94489281587
30064774682	30064774683	68719480091	94489281608
30064774682	30064774683	68719480092	94489281607
30064774682	30064774683	68719480093	94489281606
30064774682	30064774683	68719480096	94489281602
30064774682	30064774683	68719480097	94489281603
30064774682	30064774683	68719480098	94489281604
30064774682	30064774683	68719480099	94489281605
30064774682	30064774683	68719480100	94489281587
30064774682	30064774683	68719480101	94489281587
30064774682	30064774683	68719480102	94489281605
30064774682	30064774683	68719480103	94489281604
30064774682	30064774683	68719480104	94489281603
30064774682	30064774683	68719480105	94489281602
30064774682	30064774683	68719480107	94489281599
30064774682	30064774683	68719480108	94489281600
30064774682	30064774683	68719480109	94489281601
30064774682	30064774683	68719480110	94489281587
30064774682	30064774683	68719480111	94489281587
30064774682	30064774683	68719480112	94489281601
30064774682	30064774683	68719480113	94489281600
30064774682	30064774683	68719480114	94489281599
30064774682	30064774683	68719480116	94489281597
30064774682	30064774683	68719480117	94489281598
30064774682	30064774683	68719480118	94489281587
30064774682	30064774683	68719480119	94489281587
30064774682	30064774683	68719480120	94489281598
30064774682	30064774683	68719480121	94489281597
30064774683	68719480054	68719480054	94489281596
30064774683	30064774684	68719480055	94489281616
30064774683	30064774684	68719480056	94489281587
30064774683	30064774684	68719480057	94489281587
30064774683	30064774684	68719480058	94489281616
30064774683	30064774684	68719480060	94489281615
30064774683	30064774684	68719480061	94489281587
30064774683	30064774684	68719480062	94489281587
30064774683	30064774684	68719480063	94489281615
30064774683	30064774684	68719480069	94489281610
30064774683	30064774684	68719480070	94489281611
30064774683	30064774684	68719480071	94489281612
30064774683	30064774684	68719480072	94489281613
30064774683	30064774684	68719480073	94489281587
30064774683	30064774684	68719480074	94489281587
30064774683	30064774684	68719480075	94489281613
30064774683	30064774684	68719480076	94489281612
30064774683	30064774684	68719480077	94489281611
30064774683	30064774684	68719480078	94489281610
30064774683	30064774684	68719480080	94489281609
30064774683	30064774684	68719480081	94489281587
30064774683	30064774684	68719480082	94489281587
30064774683	30064774684	68719480083	94489281609
30064774683	30064774684	68719480086	94489281606
30064774683	30064774684	68719480087	94489281607
30064774683	30064774684	68719480088	94489281608
30064774683	30064774684	68719480089	94489281587
30064774683	30064774684	68719480090	94489281587
30064774683	30064774684	68719480091	94489281608
30064774683	30064774684	68719480092	94489281607
30064774683	30064774684	68719480093	94489281606
30064774683	30064774684	68719480096	94489281602
30064774683	30064774684	68719480097	94489281603
30064774683	30064774684	68719480098	94489281604
30064774683	30064774684	68719480099	94489281605
30064774683	30064774684	68719480100	94489281587
30064774683	30064774684	68719480101	94489281587
30064774683	30064774684	68719480102	94489281605
30064774683	30064774684	68719480103	94489281604
30064774683	30064774684	68719480104	94489281603
30064774683	30064774684	68719480105	94489281602
30064774683	30064774684	68719480107	94489281599
30064774683	30064774684	68719480108	94489281600
30064774683	30064774684	68719480109	94489281601
30064774683	30064774684	68719480110	94489281587
30064774683	30064774684	68719480111	94489281587
30064774683	30064774684	68719480112	94489281601
30064774683	30064774684	68719480113	94489281600
30064774683	30064774684	68719480114	94489281599
30064774683	30064774684	68719480116	94489281597
30064774683	30064774684	68719480117	94489281598
30064774683	30064774684	68719480118	94489281587
30064774683	30064774684	68719480119	94489281587
30064774683	30064774684	68719480120	94489281598
30064774683	30064774684	68719480121	94489281597
30064774684	68719480058	68719480058	94489281616
30064774684	25769804199	68719480060	94489281615
30064774684	25769804199	68719480061	94489281587
30064774684	25769804199	68719480062	94489281587
30064774684	25769804199	68719480063	94489281615
30064774684	25769804199	68719480069	94489281610
30064774684	25769804199	68719480070	94489281611
30064774684	25769804199	68719480071	94489281612
30064774684	25769804199	68719480072	94489281613
30064774684	25769804199	68719480073	94489281587
30064774684	25769804199	68719480074	94489281587
30064774684	25769804199	68719480075	94489281613
30064774684	25769804199	68719480076	94489281612
30064774684	25769804199	68719480077	94489281611
30064774684	25769804199	68719480078	94489281610
30064774684	25769804199	68719480080	94489281609
30064774684	25769804199	68719480081	94489281587
30064774684	25769804199	68719480082	94489281587
30064774684	25769804199	68719480083	94489281609
30064774684	25769804199	68719480086	94489281606
30064774684	25769804199	68719480087	94489281607
30064774684	25769804199	68719480088	94489281608
30064774684	25769804199	68719480089	94489281587
30064774684	25769804199	68719480090	94489281587
30064774684	25769804199	68719480091	94489281608
30064774684	25769804199	68719480092	94489281607
30064774684	25769804199	68719480093	94489281606
30064774684	25769804199	68719480096	94489281602
30064774684	25769804199	68719480097	94489281603
30064774684	25769804199	68719480098	94489281604
30064774684	25769804199	68719480099	94489281605
30064774684	25769804199	68719480100	94489281587
30064774684	25769804199	68719480101	94489281587
30064774684	25769804199	68719480102	94489281605
30064774684	25769804199	68719480103	94489281604
30064774684	25769804199	68719480104	94489281603
30064774684	25769804199	68719480105	94489281602
30064774684	25769804199	68719480107	94489281599
30064774684	25769804199	68719480108	94489281600
30064774684	25769804199	68719480109	94489281601
30064774684	25769804199	68719480110	94489281587
30064774684	25769804199	68719480111	94489281587
30064774684	25769804199	68719480112	94489281601
30064774684	25769804199	68719480113	94489281600
30064774684	25769804199	68719480114	94489281599
30064774684	25769804199	68719480116	94489281597
30064774684	25769804199	68719480117	94489281598
30064774684	25769804199	68719480118	94489281587
30064774684	25769804199	68719480119	94489281587
30064774684	25769804199	68719480120	94489281598
30064774684	25769804199	68719480121	94489281597
30064774685	30064774686	68719480055	94489281616
30064774685	30064774686	68719480056	94489281587
30064774685	30064774686	68719480057	94489281587
30064774686	68719480055	68719480055	94489281616
30064774686	30064774687	68719480056	94489281587
30064774686	30064774687	68719480057	94489281587
30064774687	68719480057	68719480057	94489281587
30064774688	68719480056	68719480056	94489281587
30064774689	30064774691	68719480060	94489281615
30064774689	30064774691	68719480061	94489281587
30064774689	30064774691	68719480062	94489281587
30064774689	30064774691	68719480063	94489281615
30064774691	68719480063	68719480063	94489281615
30064774692	30064774693	68719480060	94489281615
30064774692	30064774693	68719480061	94489281587
30064774692	30064774693	68719480062	94489281587
30064774693	68719480060	68719480060	94489281615
30064774693	30064774694	68719480061	94489281587
30064774693	30064774694	68719480062	94489281587
30064774694	68719480062	68719480062	94489281587
30064774695	68719480061	68719480061	94489281587
30064774702	30064774704	68719480069	94489281610
30064774702	30064774704	68719480070	94489281611
30064774702	30064774704	68719480071	94489281612
30064774702	30064774704	68719480072	94489281613
30064774702	30064774704	68719480073	94489281587
30064774702	30064774704	68719480074	94489281587
30064774702	30064774704	68719480075	94489281613
30064774702	30064774704	68719480076	94489281612
30064774702	30064774704	68719480077	94489281611
30064774702	30064774704	68719480078	94489281610
30064774704	68719480078	68719480078	94489281610
30064774705	30064774706	68719480069	94489281610
30064774705	30064774706	68719480070	94489281611
30064774705	30064774706	68719480071	94489281612
30064774705	30064774706	68719480072	94489281613
30064774705	30064774706	68719480073	94489281587
30064774705	30064774706	68719480074	94489281587
30064774705	30064774706	68719480075	94489281613
30064774705	30064774706	68719480076	94489281612
30064774705	30064774706	68719480077	94489281611
30064774706	68719480069	68719480069	94489281610
30064774706	30064774707	68719480070	94489281611
30064774706	30064774707	68719480071	94489281612
30064774706	30064774707	68719480072	94489281613
30064774706	30064774707	68719480073	94489281587
30064774706	30064774707	68719480074	94489281587
30064774706	30064774707	68719480075	94489281613
30064774706	30064774707	68719480076	94489281612
30064774706	30064774707	68719480077	94489281611
30064774707	68719480077	68719480077	94489281611
30064774708	30064774709	68719480070	94489281611
30064774708	30064774709	68719480071	94489281612
30064774708	30064774709	68719480072	94489281613
30064774708	30064774709	68719480073	94489281587
30064774708	30064774709	68719480074	94489281587
30064774708	30064774709	68719480075	94489281613
30064774708	30064774709	68719480076	94489281612
30064774709	68719480070	68719480070	94489281611
30064774709	30064774710	68719480071	94489281612
30064774709	30064774710	68719480072	94489281613
30064774709	30064774710	68719480073	94489281587
30064774709	30064774710	68719480074	94489281587
30064774709	30064774710	68719480075	94489281613
30064774709	30064774710	68719480076	94489281612
30064774710	68719480076	68719480076	94489281612
30064774711	30064774712	68719480071	94489281612
30064774711	30064774712	68719480072	94489281613
30064774711	30064774712	68719480073	94489281587
30064774711	30064774712	68719480074	94489281587
30064774711	30064774712	68719480075	94489281613
30064774712	68719480071	68719480071	94489281612
30064774712	30064774713	68719480072	94489281613
30064774712	30064774713	68719480073	94489281587
30064774712	30064774713	68719480074	94489281587
30064774712	30064774713	68719480075	94489281613
30064774713	68719480075	68719480075	94489281613
30064774714	30064774715	68719480072	94489281613
30064774714	30064774715	68719480073	94489281587
30064774714	30064774715	68719480074	94489281587
30064774715	68719480072	68719480072	94489281613
30064774715	30064774716	68719480073	94489281587
30064774715	30064774716	68719480074	94489281587
30064774716	68719480074	68719480074	94489281587
30064774717	68719480073	68719480073	94489281587
30064774718	30064774720	68719480080	94489281609
30064774718	30064774720	68719480081	94489281587
30064774718	30064774720	68719480082	94489281587
30064774718	30064774720	68719480083	94489281609
30064774718	30064774720	68719480086	94489281606
30064774718	30064774720	68719480087	94489281607
30064774718	30064774720	68719480088	94489281608
30064774718	30064774720	68719480089	94489281587
30064774718	30064774720	68719480090	94489281587
30064774718	30064774720	68719480091	94489281608
30064774718	30064774720	68719480092	94489281607
30064774718	30064774720	68719480093	94489281606
30064774720	68719480083	68719480083	94489281609
30064774720	25769804202	68719480086	94489281606
30064774720	25769804202	68719480087	94489281607
30064774720	25769804202	68719480088	94489281608
30064774720	25769804202	68719480089	94489281587
30064774720	25769804202	68719480090	94489281587
30064774720	25769804202	68719480091	94489281608
30064774720	25769804202	68719480092	94489281607
30064774720	25769804202	68719480093	94489281606
30064774721	30064774722	68719480080	94489281609
30064774721	30064774722	68719480081	94489281587
30064774721	30064774722	68719480082	94489281587
30064774722	68719480080	68719480080	94489281609
30064774722	30064774723	68719480081	94489281587
30064774722	30064774723	68719480082	94489281587
30064774723	68719480082	68719480082	94489281587
30064774724	68719480081	68719480081	94489281587
30064774727	30064774729	68719480086	94489281606
30064774727	30064774729	68719480087	94489281607
30064774727	30064774729	68719480088	94489281608
30064774727	30064774729	68719480089	94489281587
30064774727	30064774729	68719480090	94489281587
30064774727	30064774729	68719480091	94489281608
30064774727	30064774729	68719480092	94489281607
30064774727	30064774729	68719480093	94489281606
30064774729	68719480093	68719480093	94489281606
30064774730	30064774731	68719480086	94489281606
30064774730	30064774731	68719480087	94489281607
30064774730	30064774731	68719480088	94489281608
30064774730	30064774731	68719480089	94489281587
30064774730	30064774731	68719480090	94489281587
30064774730	30064774731	68719480091	94489281608
30064774730	30064774731	68719480092	94489281607
30064774731	68719480086	68719480086	94489281606
30064774731	30064774732	68719480087	94489281607
30064774731	30064774732	68719480088	94489281608
30064774731	30064774732	68719480089	94489281587
30064774731	30064774732	68719480090	94489281587
30064774731	30064774732	68719480091	94489281608
30064774731	30064774732	68719480092	94489281607
30064774732	68719480092	68719480092	94489281607
30064774733	30064774734	68719480087	94489281607
30064774733	30064774734	68719480088	94489281608
30064774733	30064774734	68719480089	94489281587
30064774733	30064774734	68719480090	94489281587
30064774733	30064774734	68719480091	94489281608
30064774734	68719480087	68719480087	94489281607
30064774734	30064774735	68719480088	94489281608
30064774734	30064774735	68719480089	94489281587
30064774734	30064774735	68719480090	94489281587
30064774734	30064774735	68719480091	94489281608
30064774735	68719480091	68719480091	94489281608
30064774736	30064774737	68719480088	94489281608
30064774736	30064774737	68719480089	94489281587
30064774736	30064774737	68719480090	94489281587
30064774737	68719480088	68719480088	94489281608
30064774737	30064774738	68719480089	94489281587
30064774737	30064774738	68719480090	94489281587
30064774738	68719480090	68719480090	94489281587
30064774739	68719480089	68719480089	94489281587
30064774740	30064774742	68719480096	94489281602
30064774740	30064774742	68719480097	94489281603
30064774740	30064774742	68719480098	94489281604
30064774740	30064774742	68719480099	94489281605
30064774740	30064774742	68719480100	94489281587
30064774740	30064774742	68719480101	94489281587
30064774740	30064774742	68719480102	94489281605
30064774740	30064774742	68719480103	94489281604
30064774740	30064774742	68719480104	94489281603
30064774740	30064774742	68719480105	94489281602
30064774742	68719480105	68719480105	94489281602
30064774743	30064774744	68719480096	94489281602
30064774743	30064774744	68719480097	94489281603
30064774743	30064774744	68719480098	94489281604
30064774743	30064774744	68719480099	94489281605
30064774743	30064774744	68719480100	94489281587
30064774743	30064774744	68719480101	94489281587
30064774743	30064774744	68719480102	94489281605
30064774743	30064774744	68719480103	94489281604
30064774743	30064774744	68719480104	94489281603
30064774744	68719480096	68719480096	94489281602
30064774744	30064774745	68719480097	94489281603
30064774744	30064774745	68719480098	94489281604
30064774744	30064774745	68719480099	94489281605
30064774744	30064774745	68719480100	94489281587
30064774744	30064774745	68719480101	94489281587
30064774744	30064774745	68719480102	94489281605
30064774744	30064774745	68719480103	94489281604
30064774744	30064774745	68719480104	94489281603
30064774745	68719480104	68719480104	94489281603
30064774746	30064774747	68719480097	94489281603
30064774746	30064774747	68719480098	94489281604
30064774746	30064774747	68719480099	94489281605
30064774746	30064774747	68719480100	94489281587
30064774746	30064774747	68719480101	94489281587
30064774746	30064774747	68719480102	94489281605
30064774746	30064774747	68719480103	94489281604
30064774747	68719480097	68719480097	94489281603
30064774747	30064774748	68719480098	94489281604
30064774747	30064774748	68719480099	94489281605
30064774747	30064774748	68719480100	94489281587
30064774747	30064774748	68719480101	94489281587
30064774747	30064774748	68719480102	94489281605
30064774747	30064774748	68719480103	94489281604
30064774748	68719480103	68719480103	94489281604
30064774749	30064774750	68719480098	94489281604
30064774749	30064774750	68719480099	94489281605
30064774749	30064774750	68719480100	94489281587
30064774749	30064774750	68719480101	94489281587
30064774749	30064774750	68719480102	94489281605
30064774750	68719480098	68719480098	94489281604
30064774750	30064774751	68719480099	94489281605
30064774750	30064774751	68719480100	94489281587
30064774750	30064774751	68719480101	94489281587
30064774750	30064774751	68719480102	94489281605
30064774751	68719480102	68719480102	94489281605
30064774752	30064774753	68719480099	94489281605
30064774752	30064774753	68719480100	94489281587
30064774752	30064774753	68719480101	94489281587
30064774753	68719480099	68719480099	94489281605
30064774753	30064774754	68719480100	94489281587
30064774753	30064774754	68719480101	94489281587
30064774754	68719480101	68719480101	94489281587
30064774755	68719480100	68719480100	94489281587
30064774756	30064774758	68719480107	94489281599
30064774756	30064774758	68719480108	94489281600
30064774756	30064774758	68719480109	94489281601
30064774756	30064774758	68719480110	94489281587
30064774756	30064774758	68719480111	94489281587
30064774756	30064774758	68719480112	94489281601
30064774756	30064774758	68719480113	94489281600
30064774756	30064774758	68719480114	94489281599
30064774758	68719480114	68719480114	94489281599
30064774759	30064774760	68719480107	94489281599
30064774759	30064774760	68719480108	94489281600
30064774759	30064774760	68719480109	94489281601
30064774759	30064774760	68719480110	94489281587
30064774759	30064774760	68719480111	94489281587
30064774759	30064774760	68719480112	94489281601
30064774759	30064774760	68719480113	94489281600
30064774760	68719480107	68719480107	94489281599
30064774760	30064774761	68719480108	94489281600
30064774760	30064774761	68719480109	94489281601
30064774760	30064774761	68719480110	94489281587
30064774760	30064774761	68719480111	94489281587
30064774760	30064774761	68719480112	94489281601
30064774760	30064774761	68719480113	94489281600
30064774761	68719480113	68719480113	94489281600
30064774762	30064774763	68719480108	94489281600
30064774762	30064774763	68719480109	94489281601
30064774762	30064774763	68719480110	94489281587
30064774762	30064774763	68719480111	94489281587
30064774762	30064774763	68719480112	94489281601
30064774763	68719480108	68719480108	94489281600
30064774763	30064774764	68719480109	94489281601
30064774763	30064774764	68719480110	94489281587
30064774763	30064774764	68719480111	94489281587
30064774763	30064774764	68719480112	94489281601
30064774764	68719480112	68719480112	94489281601
30064774765	30064774766	68719480109	94489281601
30064774765	30064774766	68719480110	94489281587
30064774765	30064774766	68719480111	94489281587
30064774766	68719480109	68719480109	94489281601
30064774766	30064774767	68719480110	94489281587
30064774766	30064774767	68719480111	94489281587
30064774767	68719480111	68719480111	94489281587
30064774768	68719480110	68719480110	94489281587
30064774769	30064774771	68719480116	94489281597
30064774769	30064774771	68719480117	94489281598
30064774769	30064774771	68719480118	94489281587
30064774769	30064774771	68719480119	94489281587
30064774769	30064774771	68719480120	94489281598
30064774769	30064774771	68719480121	94489281597
30064774771	68719480121	68719480121	94489281597
30064774772	30064774773	68719480116	94489281597
30064774772	30064774773	68719480117	94489281598
30064774772	30064774773	68719480118	94489281587
30064774772	30064774773	68719480119	94489281587
30064774772	30064774773	68719480120	94489281598
30064774773	68719480116	68719480116	94489281597
30064774773	30064774774	68719480117	94489281598
30064774773	30064774774	68719480118	94489281587
30064774773	30064774774	68719480119	94489281587
30064774773	30064774774	68719480120	94489281598
30064774774	68719480120	68719480120	94489281598
30064774775	30064774776	68719480117	94489281598
30064774775	30064774776	68719480118	94489281587
30064774775	30064774776	68719480119	94489281587
30064774776	68719480117	68719480117	94489281598
30064774776	30064774777	68719480118	94489281587
30064774776	30064774777	68719480119	94489281587
30064774777	68719480119	68719480119	94489281587
30064774778	68719480118	68719480118	94489281587
30064774779	30064774780	68719480126	94489281594
30064774779	68719480127	68719480127	94489281590
30064774780	68719480126	68719480126	94489281594
30064774781	30064774783	68719480129	111669149915
30064774783	68719480129	68719480129	111669149915
30064774784	30064774786	68719480131	111669149915
30064774784	30064774786	68719480132	111669149915
30064774786	30064774787	68719480131	111669149915
30064774786	30064774788	68719480132	111669149915
30064774787	68719480131	68719480131	111669149915
30064774788	30064774789	68719480132	111669149915
30064774789	68719480132	68719480132	111669149915
30064774790	30064774792	68719480134	111669149915
30064774792	68719480134	68719480134	111669149915
30064774793	30064774795	68719480136	94489281649
30064774793	30064774795	68719480137	94489281649
30064774795	68719480137	68719480137	94489281649
30064774796	68719480136	68719480136	94489281649
30064774797	30064774799	68719480139	94489281648
30064774797	30064774799	68719480140	94489281646
30064774797	30064774799	68719480141	94489281648
30064774799	68719480141	68719480141	94489281648
30064774800	30064774801	68719480139	94489281648
30064774800	30064774801	68719480140	94489281646
30064774801	68719480139	68719480139	94489281648
30064774801	30064774802	68719480140	94489281646
30064774802	68719480140	68719480140	94489281646
30064774803	30064774805	68719480143	94489281645
30064774803	30064774805	68719480144	94489281646
30064774803	30064774805	68719480145	94489281645
30064774805	68719480145	68719480145	94489281645
30064774806	30064774807	68719480143	94489281645
30064774806	30064774807	68719480144	94489281646
30064774807	68719480143	68719480143	94489281645
30064774807	30064774808	68719480144	94489281646
30064774808	68719480144	68719480144	94489281646
30064774809	30064774811	68719480147	94489281643
30064774809	30064774811	68719480148	94489281644
30064774809	30064774811	68719480149	94489281641
30064774809	30064774811	68719480152	94489281643
30064774811	68719480152	68719480152	94489281643
30064774812	30064774813	68719480147	94489281643
30064774812	30064774813	68719480148	94489281644
30064774812	30064774813	68719480149	94489281641
30064774813	68719480147	68719480147	94489281643
30064774813	25769804205	68719480148	94489281644
30064774813	25769804205	68719480149	94489281641
30064774814	68719480148	68719480148	94489281644
30064774817	30064774819	68719480154	94489281640
30064774817	30064774819	68719480155	94489281642
30064774817	30064774819	68719480156	94489281641
30064774817	30064774819	68719480159	94489281640
30064774819	68719480159	68719480159	94489281640
30064774820	30064774821	68719480154	94489281640
30064774820	30064774821	68719480155	94489281642
30064774820	30064774821	68719480156	94489281641
30064774821	68719480154	68719480154	94489281640
30064774821	25769804206	68719480155	94489281642
30064774821	25769804206	68719480156	94489281641
30064774822	68719480155	68719480155	94489281642
30064774825	68719480162	68719480162	94489281651
30064774826	68719480161	68719480161	94489281651
30064774827	68719480187	68719480187	111669149921
30064774828	68719480190	68719480190	111669149921
30064774829	30064774830	68719480163	111669149918
30064774829	30064774831	68719480164	111669149918
30064774830	68719480163	68719480163	111669149918
30064774831	30064774832	68719480164	111669149918
30064774832	68719480164	68719480164	111669149918
30064774833	30064774834	68719480165	94489281636
30064774834	30064774835	68719480165	94489281636
30064774835	68719480165	68719480165	94489281636
30064774836	30064774837	68719480166	94489281633
30064774836	30064774837	68719480167	94489281635
30064774836	30064774837	68719480168	111669149920
30064774836	30064774837	68719480169	111669149919
30064774836	30064774837	68719480170	94489281635
30064774836	30064774837	68719480171	94489281634
30064774836	30064774837	68719480172	94489281634
30064774836	30064774837	68719480173	94489281633
30064774837	68719480173	68719480173	94489281633
30064774838	30064774839	68719480166	94489281633
30064774838	30064774839	68719480167	94489281635
30064774838	30064774839	68719480168	111669149920
30064774838	30064774839	68719480169	111669149919
30064774838	30064774839	68719480170	94489281635
30064774838	30064774839	68719480171	94489281634
30064774838	30064774839	68719480172	94489281634
30064774839	68719480166	68719480166	94489281633
30064774839	30064774840	68719480167	94489281635
30064774839	30064774840	68719480168	111669149920
30064774839	30064774840	68719480169	111669149919
30064774839	30064774840	68719480170	94489281635
30064774839	30064774840	68719480171	94489281634
30064774839	30064774840	68719480172	94489281634
30064774840	68719480170	68719480170	94489281635
30064774840	30064774844	68719480171	94489281634
30064774840	30064774844	68719480172	94489281634
30064774841	30064774842	68719480167	94489281635
30064774841	30064774842	68719480168	111669149920
30064774841	30064774842	68719480169	111669149919
30064774842	68719480167	68719480167	94489281635
30064774842	30064774843	68719480168	111669149920
30064774842	30064774843	68719480169	111669149919
30064774843	68719480169	68719480169	111669149919
30064774844	68719480172	68719480172	94489281634
30064774845	68719480171	68719480171	94489281634
30064774846	30064774847	68719480174	94489281632
30064774846	30064774847	68719480175	111669149920
30064774846	30064774847	68719480176	111669149919
30064774846	30064774847	68719480177	94489281632
30064774847	68719480177	68719480177	94489281632
30064774848	30064774849	68719480174	94489281632
30064774848	30064774849	68719480175	111669149920
30064774848	30064774849	68719480176	111669149919
30064774849	68719480174	68719480174	94489281632
30064774849	30064774850	68719480175	111669149920
30064774849	30064774850	68719480176	111669149919
30064774850	68719480176	68719480176	111669149919
30064774851	68719480181	68719480181	94489281631
30064774851	30064774855	68719480182	94489281630
30064774851	30064774855	68719480183	111669149919
30064774852	30064774853	68719480178	94489281631
30064774852	30064774853	68719480179	111669149920
30064774852	30064774853	68719480180	111669149919
30064774853	68719480178	68719480178	94489281631
30064774853	30064774854	68719480179	111669149920
30064774853	30064774854	68719480180	111669149919
30064774854	68719480180	68719480180	111669149919
30064774855	68719480183	68719480183	111669149919
30064774856	68719480184	68719480184	94489281618
30064774857	68719480185	68719480185	94489281622
30064774857	30064774827	68719480186	94489281639
30064774857	30064774827	68719480187	111669149921
30064774858	68719480188	68719480188	94489281623
30064774858	30064774828	68719480189	94489281639
30064774858	30064774828	68719480190	111669149921
30064774859	68719480191	68719480191	94489281624
30064774859	25769804209	68719480192	94489281638
30064774860	68719480192	68719480192	94489281638
30064774888	30064774889	68719480215	94489281637
30064774888	68719480216	68719480216	94489281618
30064774889	68719480215	68719480215	94489281637
30064774890	30064774891	68719480217	94489281637
30064774891	68719480217	68719480217	94489281637
30064774892	68719480218	68719480218	94489281654
30064774892	30064774893	68719480219	94489281702
30064774892	30064774893	68719480220	94489281683
30064774892	30064774893	68719480221	94489281702
30064774893	68719480221	68719480221	94489281702
30064774894	30064774895	68719480219	94489281702
30064774894	30064774895	68719480220	94489281683
30064774895	68719480219	68719480219	94489281702
30064774895	30064774896	68719480220	94489281683
30064774896	68719480220	68719480220	94489281683
30064774897	68719480222	68719480222	94489281655
30064774897	30064774898	68719480223	94489281694
30064774897	30064774898	68719480224	94489281701
30064774897	30064774898	68719480225	94489281683
30064774897	30064774898	68719480226	94489281701
30064774897	30064774898	68719480227	94489281698
30064774897	30064774898	68719480228	111669149922
30064774897	30064774898	68719480229	94489281697
30064774897	30064774898	68719480230	94489281695
30064774897	30064774898	68719480233	94489281696
30064774897	30064774898	68719480234	94489281695
30064774897	30064774898	68719480237	94489281694
30064774898	68719480237	68719480237	94489281694
30064774899	30064774900	68719480223	94489281694
30064774899	30064774900	68719480224	94489281701
30064774899	30064774900	68719480225	94489281683
30064774899	30064774900	68719480226	94489281701
30064774899	30064774900	68719480227	94489281698
30064774899	30064774900	68719480228	111669149922
30064774899	30064774900	68719480229	94489281697
30064774899	30064774900	68719480230	94489281695
30064774899	30064774900	68719480233	94489281696
30064774899	30064774900	68719480234	94489281695
30064774900	68719480223	68719480223	94489281694
30064774900	30064774901	68719480224	94489281701
30064774900	30064774901	68719480225	94489281683
30064774900	30064774901	68719480226	94489281701
30064774900	30064774901	68719480227	94489281698
30064774900	30064774901	68719480228	111669149922
30064774900	30064774901	68719480229	94489281697
30064774900	30064774901	68719480230	94489281695
30064774900	30064774901	68719480233	94489281696
30064774900	30064774901	68719480234	94489281695
30064774901	68719480226	68719480226	94489281701
30064774901	30064774905	68719480227	94489281698
30064774901	30064774905	68719480228	111669149922
30064774901	30064774905	68719480229	94489281697
30064774901	30064774905	68719480230	94489281695
30064774901	25769804222	68719480233	94489281696
30064774901	25769804222	68719480234	94489281695
30064774902	30064774903	68719480224	94489281701
30064774902	30064774903	68719480225	94489281683
30064774903	68719480224	68719480224	94489281701
30064774903	30064774904	68719480225	94489281683
30064774904	68719480225	68719480225	94489281683
30064774905	68719480228	68719480228	111669149922
30064774905	25769804221	68719480229	94489281697
30064774905	25769804221	68719480230	94489281695
30064774906	68719480229	68719480229	94489281697
30064774909	68719480233	68719480233	94489281696
30064774912	30064774914	68719480239	94489281691
30064774912	30064774914	68719480240	111669149922
30064774914	68719480240	68719480240	111669149922
30064774915	30064774917	68719480242	94489281690
30064774917	68719480242	68719480242	94489281690
30064774918	68719480244	68719480244	94489281654
30064774920	30064774922	68719480246	94489281687
30064774920	30064774922	68719480247	111669149922
30064774920	30064774922	68719480248	94489281654
30064774922	68719480247	68719480247	111669149922
30064774922	68719480248	68719480248	94489281654
30064774925	30064774927	68719480252	94489281686
30064774925	30064774927	68719480253	94489281683
30064774925	30064774927	68719480254	94489281686
30064774927	68719480254	68719480254	94489281686
30064774928	30064774929	68719480252	94489281686
30064774928	30064774929	68719480253	94489281683
30064774929	68719480252	68719480252	94489281686
30064774929	30064774930	68719480253	94489281683
30064774930	68719480253	68719480253	94489281683
30064774931	30064774933	68719480256	94489281682
30064774931	30064774933	68719480257	94489281683
30064774931	30064774933	68719480258	94489281682
30064774933	68719480258	68719480258	94489281682
30064774934	30064774935	68719480256	94489281682
30064774934	30064774935	68719480257	94489281683
30064774935	68719480256	68719480256	94489281682
30064774935	30064774936	68719480257	94489281683
30064774936	68719480257	68719480257	94489281683
30064774937	68719480260	68719480260	94489281655
30064774939	68719480262	68719480262	94489281655
30064774941	68719480265	68719480265	94489281703
30064774942	68719480264	68719480264	94489281703
30064774945	68719480269	68719480269	94489281704
30064774945	68719480270	68719480270	111669149926
30064774946	68719480268	68719480268	94489281704
30064774947	68719480301	68719480301	111669149933
30064774948	68719480304	68719480304	111669149933
30064774949	68719480307	68719480307	111669149933
30064774950	68719480310	68719480310	111669149933
30064774951	68719480313	68719480313	111669149933
30064774952	68719480319	68719480319	111669149933
30064774953	68719480271	68719480271	111669149928
30064774954	68719480275	68719480275	94489281671
30064774954	68719480276	68719480276	111669149930
30064774955	30064774956	68719480272	94489281671
30064774955	30064774956	68719480273	94489281672
30064774955	30064774956	68719480274	111669149929
30064774956	68719480272	68719480272	94489281671
30064774956	30064774957	68719480273	94489281672
30064774956	30064774957	68719480274	111669149929
30064774957	68719480274	68719480274	111669149929
30064774958	68719480277	68719480277	94489281670
30064774958	30064774959	68719480278	94489281679
30064774958	30064774959	68719480279	111669149931
30064774959	68719480279	68719480279	111669149931
30064774960	30064774961	68719480280	94489281678
30064774961	30064774962	68719480280	94489281678
30064774962	68719480280	68719480280	94489281678
30064774963	30064774964	68719480281	94489281676
30064774963	30064774964	68719480282	94489281677
30064774963	30064774964	68719480283	111669149932
30064774963	30064774964	68719480284	111669149931
30064774963	30064774964	68719480285	94489281677
30064774963	30064774964	68719480286	94489281670
30064774963	30064774964	68719480287	94489281670
30064774963	30064774964	68719480288	94489281676
30064774964	68719480288	68719480288	94489281676
30064774965	30064774966	68719480281	94489281676
30064774965	30064774966	68719480282	94489281677
30064774965	30064774966	68719480283	111669149932
30064774965	30064774966	68719480284	111669149931
30064774965	30064774966	68719480285	94489281677
30064774965	30064774966	68719480286	94489281670
30064774965	30064774966	68719480287	94489281670
30064774966	68719480281	68719480281	94489281676
30064774966	30064774967	68719480282	94489281677
30064774966	30064774967	68719480283	111669149932
30064774966	30064774967	68719480284	111669149931
30064774966	30064774967	68719480285	94489281677
30064774966	30064774967	68719480286	94489281670
30064774966	30064774967	68719480287	94489281670
30064774967	68719480285	68719480285	94489281677
30064774967	30064774971	68719480286	94489281670
30064774967	30064774971	68719480287	94489281670
30064774968	30064774969	68719480282	94489281677
30064774968	30064774969	68719480283	111669149932
30064774968	30064774969	68719480284	111669149931
30064774969	68719480282	68719480282	94489281677
30064774969	30064774970	68719480283	111669149932
30064774969	30064774970	68719480284	111669149931
30064774970	68719480284	68719480284	111669149931
30064774971	68719480287	68719480287	94489281670
30064774972	68719480286	68719480286	94489281670
30064774973	30064774974	68719480289	94489281675
30064774973	30064774974	68719480290	111669149932
30064774973	30064774974	68719480291	111669149931
30064774973	30064774974	68719480292	94489281675
30064774974	68719480292	68719480292	94489281675
30064774975	30064774976	68719480289	94489281675
30064774975	30064774976	68719480290	111669149932
30064774975	30064774976	68719480291	111669149931
30064774976	68719480289	68719480289	94489281675
30064774976	30064774977	68719480290	111669149932
30064774976	30064774977	68719480291	111669149931
30064774977	68719480291	68719480291	111669149931
30064774978	30064774979	68719480293	94489281673
30064774978	30064774979	68719480294	94489281674
30064774978	30064774979	68719480295	111669149931
30064774978	30064774979	68719480296	94489281670
30064774978	30064774979	68719480297	94489281673
30064774979	68719480297	68719480297	94489281673
30064774980	30064774981	68719480293	94489281673
30064774980	30064774981	68719480294	94489281674
30064774980	30064774981	68719480295	111669149931
30064774980	30064774981	68719480296	94489281670
30064774981	68719480293	68719480293	94489281673
30064774981	30064774982	68719480294	94489281674
30064774981	30064774982	68719480295	111669149931
30064774981	30064774982	68719480296	94489281670
30064774982	68719480295	68719480295	111669149931
30064774982	68719480296	68719480296	94489281670
30064774983	68719480298	68719480298	94489281652
30064774984	68719480299	68719480299	94489281660
30064774984	30064774947	68719480300	94489281681
30064774984	30064774947	68719480301	111669149933
30064774985	68719480302	68719480302	94489281661
30064774985	30064774948	68719480303	94489281681
30064774985	30064774948	68719480304	111669149933
30064774986	68719480305	68719480305	94489281662
30064774986	30064774949	68719480306	94489281681
30064774986	30064774949	68719480307	111669149933
30064774987	68719480308	68719480308	94489281663
30064774987	30064774950	68719480309	94489281681
30064774987	30064774950	68719480310	111669149933
30064774988	68719480311	68719480311	94489281665
30064774988	30064774951	68719480312	94489281681
30064774988	30064774951	68719480313	111669149933
30064774989	68719480314	68719480314	94489281666
30064774991	68719480317	68719480317	94489281668
30064774991	30064774952	68719480318	94489281681
30064774991	30064774952	68719480319	111669149933
30064774992	68719480320	68719480320	94489281669
30064774994	30064774995	68719480323	94489281680
30064774994	68719480324	68719480324	94489281652
30064774995	68719480323	68719480323	94489281680
30064774996	30064774997	68719480325	94489281680
30064774997	68719480325	68719480325	94489281680
