68719476736	107374182400	cEV2ZW50	cEV2ZW50	cC1ldmVudA==	24	94489280536
68719476737	107374182400	dGhpcw==	dGhpcw==	YmluL3NlcnZlci5qczo6cHJvZ3JhbQ==	24	111669149696
68719476738	107374182400	cHJvY2Vzcw==	cHJvY2Vzcw==	QU5Z	24	94489280535
68719476739	107374182400	cw==	cw==	X19lY21hLlN0cmluZw==	24	111669149697
68719476740	107374182400	X3RtcF8z	X3RtcF8z	QU5Z	25	
68719476741	107374182400	X3RtcF80	X3RtcF80	X19lY21hLkFycmF5	25	94489280534
68719476742	107374182400	X3RtcF80	X3RtcF80	X19lY21hLkFycmF5	25	
68719476743	107374182400	X3RtcF80	X3RtcF80	X19lY21hLkFycmF5	25	
68719476744	107374182400	X3RtcF80	X3RtcF80	X19lY21hLkFycmF5	25	
68719476745	107374182400	X3RtcF80	X3RtcF80	X19lY21hLkFycmF5	25	
68719476746	107374182400	X3RtcF80	X3RtcF80	X19lY21hLkFycmF5	25	
68719476747	107374182400	X3RtcF8z	X3RtcF8z	QU5Z	24	
68719476736	107374182401	cEV2ZW50	cEV2ZW50	cC1ldmVudA==	24	94489280536
68719476737	107374182401	dGhpcw==	dGhpcw==	YmluL3NlcnZlci5qczo6cHJvZ3JhbQ==	24	111669149696
68719476738	107374182401	cHJvY2Vzcw==	cHJvY2Vzcw==	QU5Z	24	94489280535
68719476739	107374182401	cw==	cw==	X19lY21hLlN0cmluZw==	24	111669149697
68719476740	107374182401	X3RtcF8z	X3RtcF8z	QU5Z	25	
68719476741	107374182401	X3RtcF80	X3RtcF80	X19lY21hLkFycmF5	25	94489280534
68719476742	107374182401	X3RtcF80	X3RtcF80	X19lY21hLkFycmF5	25	
68719476743	107374182401	X3RtcF80	X3RtcF80	X19lY21hLkFycmF5	25	
68719476744	107374182401	X3RtcF80	X3RtcF80	X19lY21hLkFycmF5	25	
68719476745	107374182401	X3RtcF80	X3RtcF80	X19lY21hLkFycmF5	25	
68719476746	107374182401	X3RtcF80	X3RtcF80	X19lY21hLkFycmF5	25	
68719476747	107374182401	X3RtcF8z	X3RtcF8z	QU5Z	24	
68719476748	107374182401	cHJvY2Vzcw==	cHJvY2Vzcw==	QU5Z	43	94489280528
68719476749	107374182401	cHJvY2Vzcw==	cHJvY2Vzcw==	QU5Z	43	94489280528
68719476750	107374182401	aG9zdA==	aG9zdA==	Y29uZmlnOmdldDo8cmV0dXJuVmFsdWU+	11	94489280513
68719476751	107374182401	Y29uZmln	Y29uZmln	Y29uZmln	11	94489280543
68719476752	107374182401	Y29uZmln	Y29uZmln	Y29uZmln	11	94489280543
68719476753	107374182401	cG9ydA==	cG9ydA==	Y29uZmlnOmdldDo8cmV0dXJuVmFsdWU+	12	94489280514
68719476754	107374182401	Y29uZmln	Y29uZmln	Y29uZmln	12	94489280543
68719476755	107374182401	Y29uZmln	Y29uZmln	Y29uZmln	12	94489280543
68719476756	107374182401	ZGI=	ZGI=	QU5Z	16	94489280531
68719476757	107374182401	ZGI=	ZGI=	QU5Z	16	94489280531
68719476758	107374182401	ZGI=	ZGI=	QU5Z	16	94489280531
68719476759	107374182401	ZGI=	ZGI=	QU5Z	16	94489280531
68719476760	107374182401	bG9nZ2Vy	bG9nZ2Vy	bGliL2xvZ2dlci5qczo6cHJvZ3JhbQ==	17	94489280530
68719476761	107374182401	bG9nZ2Vy	bG9nZ2Vy	bGliL2xvZ2dlci5qczo6cHJvZ3JhbQ==	17	94489280530
68719476762	107374182401	c2VydmVy	c2VydmVy	QU5Z	19	94489280515
68719476763	107374182401	Y3JlYXRlU2VydmVyQW5kTGlzdGVu	Y3JlYXRlU2VydmVyQW5kTGlzdGVu	KGFwcDogQU5ZLCBwb3J0OiBBTlksIGhvc3Q6IEFOWSkgPT4gUHJvbWlzZTxhbnk+	19	94489280542
68719476764	107374182401	dGhpcw==	dGhpcw==	YmluL3NlcnZlci5qczo6cHJvZ3JhbQ==	19	111669149699
68719476765	107374182401	YXBw	YXBw	a29h	19	94489280541
68719476766	107374182401	cG9ydA==	cG9ydA==	Y29uZmlnOmdldDo8cmV0dXJuVmFsdWU+	19	94489280514
68719476767	107374182401	aG9zdA==	aG9zdA==	Y29uZmlnOmdldDo8cmV0dXJuVmFsdWU+	19	94489280513
68719476768	107374182401	bG9nZ2Vy	bG9nZ2Vy	bGliL2xvZ2dlci5qczo6cHJvZ3JhbQ==	20	94489280530
68719476769	107374182401	bG9nZ2Vy	bG9nZ2Vy	bGliL2xvZ2dlci5qczo6cHJvZ3JhbQ==	20	94489280530
68719476770	107374182401	aG9zdA==	aG9zdA==	Y29uZmlnOmdldDo8cmV0dXJuVmFsdWU+	20	94489280513
68719476771	107374182401	cG9ydA==	cG9ydA==	Y29uZmlnOmdldDo8cmV0dXJuVmFsdWU+	20	94489280514
68719476772	107374182401	X3RtcF8w	X3RtcF8w	X19lY21hLkFycmF5	22	94489280540
68719476773	107374182401	X3RtcF8w	X3RtcF8w	X19lY21hLkFycmF5	23	
68719476774	107374182401	X3RtcF8w	X3RtcF8w	X19lY21hLkFycmF5	23	
68719476775	107374182401	X3RtcF8x	X3RtcF8x	X19lY21hLkFycmF5	23	94489280538
68719476776	107374182401	X3RtcF8y	X3RtcF8y	X19lY21hLkFycmF5	23	94489280539
68719476777	107374182401	X3RtcF8y	X3RtcF8y	X19lY21hLkFycmF5	23	
68719476778	107374182401	X3RtcF8y	X3RtcF8y	X19lY21hLkFycmF5	23	
68719476779	107374182401	X3RtcF8y	X3RtcF8y	X19lY21hLkFycmF5	23	
68719476780	107374182401	X3RtcF8y	X3RtcF8y	X19lY21hLkFycmF5	23	
68719476781	107374182401	X3RtcF8y	X3RtcF8y	X19lY21hLkFycmF5	23	
68719476782	107374182401	X3RtcF8y	X3RtcF8y	X19lY21hLkFycmF5	23	
68719476783	107374182401	X3RtcF8y	X3RtcF8y	X19lY21hLkFycmF5	23	
68719476784	107374182401	X3RtcF8x	X3RtcF8x	X19lY21hLkFycmF5	23	94489280538
68719476785	107374182401	X3RtcF8w	X3RtcF8w	X19lY21hLkFycmF5	22	
68719476786	107374182401	ZXJy	ZXJy	QU5Z	29	94489280532
68719476787	107374182401	cHJvY2Vzcw==	cHJvY2Vzcw==	QU5Z	30	94489280533
68719476788	107374182401	bG9nZ2Vy	bG9nZ2Vy	bGliL2xvZ2dlci5qczo6cHJvZ3JhbQ==	31	94489280530
68719476789	107374182401	bG9nZ2Vy	bG9nZ2Vy	bGliL2xvZ2dlci5qczo6cHJvZ3JhbQ==	31	94489280530
68719476790	107374182401	ZXJy	ZXJy	QU5Z	31	94489280532
68719476791	107374182401	c2VydmVy	c2VydmVy	QU5Z	33	94489280515
68719476792	107374182401	bG9nZ2Vy	bG9nZ2Vy	bGliL2xvZ2dlci5qczo6cHJvZ3JhbQ==	34	94489280530
68719476793	107374182401	bG9nZ2Vy	bG9nZ2Vy	bGliL2xvZ2dlci5qczo6cHJvZ3JhbQ==	34	94489280530
68719476794	107374182401	c2VydmVy	c2VydmVy	QU5Z	35	94489280515
68719476795	107374182401	c2VydmVy	c2VydmVy	QU5Z	35	94489280515
68719476796	107374182401	bG9nZ2Vy	bG9nZ2Vy	bGliL2xvZ2dlci5qczo6cHJvZ3JhbQ==	36	94489280530
68719476797	107374182401	bG9nZ2Vy	bG9nZ2Vy	bGliL2xvZ2dlci5qczo6cHJvZ3JhbQ==	36	94489280530
68719476798	107374182401	bG9nZ2Vy	bG9nZ2Vy	bGliL2xvZ2dlci5qczo6cHJvZ3JhbQ==	39	94489280530
68719476799	107374182401	bG9nZ2Vy	bG9nZ2Vy	bGliL2xvZ2dlci5qczo6cHJvZ3JhbQ==	39	94489280530
68719476800	107374182401	ZGI=	ZGI=	QU5Z	40	94489280531
68719476801	107374182401	ZGI=	ZGI=	QU5Z	40	94489280531
68719476802	107374182401	bG9nZ2Vy	bG9nZ2Vy	bGliL2xvZ2dlci5qczo6cHJvZ3JhbQ==	41	94489280530
68719476803	107374182401	bG9nZ2Vy	bG9nZ2Vy	bGliL2xvZ2dlci5qczo6cHJvZ3JhbQ==	41	94489280530
68719476804	107374182401	X3RtcF81	X3RtcF81	YmluL3NlcnZlci5qczo6cHJvZ3JhbTpzZXRUaW1lb3V0OjxyZXR1cm5WYWx1ZT4=	43	94489280527
68719476805	107374182401	c2V0VGltZW91dA==	c2V0VGltZW91dA==	KGhhbmRsZXI6IFRpbWVySGFuZGxlciwgdGltZW91dD86IF9fZWNtYS5OdW1iZXIgfCBBTlksIC4uLmFyZ3VtZW50czogX19lY21hLkFycmF5KSA9PiBfX2VjbWEuTnVtYmVy	43	94489280529
68719476806	107374182401	dGhpcw==	dGhpcw==	YmluL3NlcnZlci5qczo6cHJvZ3JhbQ==	43	111669149699
68719476807	107374182401	X3RtcF81	X3RtcF81	YmluL3NlcnZlci5qczo6cHJvZ3JhbTpzZXRUaW1lb3V0OjxyZXR1cm5WYWx1ZT4=	43	94489280527
68719476748	107374182402	cHJvY2Vzcw==	cHJvY2Vzcw==	QU5Z	43	94489280528
68719476749	107374182402	cHJvY2Vzcw==	cHJvY2Vzcw==	QU5Z	43	94489280528
68719476736	107374182403	cEV2ZW50	cEV2ZW50	cC1ldmVudA==	24	94489280536
68719476737	107374182403	dGhpcw==	dGhpcw==	YmluL3NlcnZlci5qczo6cHJvZ3JhbQ==	24	111669149696
68719476738	107374182403	cHJvY2Vzcw==	cHJvY2Vzcw==	QU5Z	24	94489280535
68719476739	107374182403	cw==	cw==	X19lY21hLlN0cmluZw==	24	111669149697
68719476740	107374182403	X3RtcF8z	X3RtcF8z	QU5Z	25	
68719476741	107374182403	X3RtcF80	X3RtcF80	X19lY21hLkFycmF5	25	94489280534
68719476742	107374182403	X3RtcF80	X3RtcF80	X19lY21hLkFycmF5	25	
68719476743	107374182403	X3RtcF80	X3RtcF80	X19lY21hLkFycmF5	25	
68719476744	107374182403	X3RtcF80	X3RtcF80	X19lY21hLkFycmF5	25	
68719476745	107374182403	X3RtcF80	X3RtcF80	X19lY21hLkFycmF5	25	
68719476746	107374182403	X3RtcF80	X3RtcF80	X19lY21hLkFycmF5	25	
68719476747	107374182403	X3RtcF8z	X3RtcF8z	QU5Z	24	
68719476748	107374182403	cHJvY2Vzcw==	cHJvY2Vzcw==	QU5Z	43	94489280528
68719476749	107374182403	cHJvY2Vzcw==	cHJvY2Vzcw==	QU5Z	43	94489280528
68719476750	107374182403	aG9zdA==	aG9zdA==	Y29uZmlnOmdldDo8cmV0dXJuVmFsdWU+	11	94489280513
68719476751	107374182403	Y29uZmln	Y29uZmln	Y29uZmln	11	94489280543
68719476752	107374182403	Y29uZmln	Y29uZmln	Y29uZmln	11	94489280543
68719476753	107374182403	cG9ydA==	cG9ydA==	Y29uZmlnOmdldDo8cmV0dXJuVmFsdWU+	12	94489280514
68719476754	107374182403	Y29uZmln	Y29uZmln	Y29uZmln	12	94489280543
68719476755	107374182403	Y29uZmln	Y29uZmln	Y29uZmln	12	94489280543
68719476756	107374182403	ZGI=	ZGI=	QU5Z	16	94489280531
68719476757	107374182403	ZGI=	ZGI=	QU5Z	16	94489280531
68719476758	107374182403	ZGI=	ZGI=	QU5Z	16	94489280531
68719476759	107374182403	ZGI=	ZGI=	QU5Z	16	94489280531
68719476760	107374182403	bG9nZ2Vy	bG9nZ2Vy	bGliL2xvZ2dlci5qczo6cHJvZ3JhbQ==	17	94489280530
68719476761	107374182403	bG9nZ2Vy	bG9nZ2Vy	bGliL2xvZ2dlci5qczo6cHJvZ3JhbQ==	17	94489280530
68719476762	107374182403	c2VydmVy	c2VydmVy	QU5Z	19	94489280515
68719476763	107374182403	Y3JlYXRlU2VydmVyQW5kTGlzdGVu	Y3JlYXRlU2VydmVyQW5kTGlzdGVu	KGFwcDogQU5ZLCBwb3J0OiBBTlksIGhvc3Q6IEFOWSkgPT4gUHJvbWlzZTxhbnk+	19	94489280542
68719476764	107374182403	dGhpcw==	dGhpcw==	YmluL3NlcnZlci5qczo6cHJvZ3JhbQ==	19	111669149699
68719476765	107374182403	YXBw	YXBw	a29h	19	94489280541
68719476766	107374182403	cG9ydA==	cG9ydA==	Y29uZmlnOmdldDo8cmV0dXJuVmFsdWU+	19	94489280514
68719476767	107374182403	aG9zdA==	aG9zdA==	Y29uZmlnOmdldDo8cmV0dXJuVmFsdWU+	19	94489280513
68719476768	107374182403	bG9nZ2Vy	bG9nZ2Vy	bGliL2xvZ2dlci5qczo6cHJvZ3JhbQ==	20	94489280530
68719476769	107374182403	bG9nZ2Vy	bG9nZ2Vy	bGliL2xvZ2dlci5qczo6cHJvZ3JhbQ==	20	94489280530
68719476770	107374182403	aG9zdA==	aG9zdA==	Y29uZmlnOmdldDo8cmV0dXJuVmFsdWU+	20	94489280513
68719476771	107374182403	cG9ydA==	cG9ydA==	Y29uZmlnOmdldDo8cmV0dXJuVmFsdWU+	20	94489280514
68719476772	107374182403	X3RtcF8w	X3RtcF8w	X19lY21hLkFycmF5	22	94489280540
68719476773	107374182403	X3RtcF8w	X3RtcF8w	X19lY21hLkFycmF5	23	
68719476774	107374182403	X3RtcF8w	X3RtcF8w	X19lY21hLkFycmF5	23	
68719476775	107374182403	X3RtcF8x	X3RtcF8x	X19lY21hLkFycmF5	23	94489280538
68719476776	107374182403	X3RtcF8y	X3RtcF8y	X19lY21hLkFycmF5	23	94489280539
68719476777	107374182403	X3RtcF8y	X3RtcF8y	X19lY21hLkFycmF5	23	
68719476778	107374182403	X3RtcF8y	X3RtcF8y	X19lY21hLkFycmF5	23	
68719476779	107374182403	X3RtcF8y	X3RtcF8y	X19lY21hLkFycmF5	23	
68719476780	107374182403	X3RtcF8y	X3RtcF8y	X19lY21hLkFycmF5	23	
68719476781	107374182403	X3RtcF8y	X3RtcF8y	X19lY21hLkFycmF5	23	
68719476782	107374182403	X3RtcF8y	X3RtcF8y	X19lY21hLkFycmF5	23	
68719476783	107374182403	X3RtcF8y	X3RtcF8y	X19lY21hLkFycmF5	23	
68719476784	107374182403	X3RtcF8x	X3RtcF8x	X19lY21hLkFycmF5	23	94489280538
68719476785	107374182403	X3RtcF8w	X3RtcF8w	X19lY21hLkFycmF5	22	
68719476786	107374182403	ZXJy	ZXJy	QU5Z	29	94489280532
68719476787	107374182403	cHJvY2Vzcw==	cHJvY2Vzcw==	QU5Z	30	94489280533
68719476788	107374182403	bG9nZ2Vy	bG9nZ2Vy	bGliL2xvZ2dlci5qczo6cHJvZ3JhbQ==	31	94489280530
68719476789	107374182403	bG9nZ2Vy	bG9nZ2Vy	bGliL2xvZ2dlci5qczo6cHJvZ3JhbQ==	31	94489280530
68719476790	107374182403	ZXJy	ZXJy	QU5Z	31	94489280532
68719476791	107374182403	c2VydmVy	c2VydmVy	QU5Z	33	94489280515
68719476792	107374182403	bG9nZ2Vy	bG9nZ2Vy	bGliL2xvZ2dlci5qczo6cHJvZ3JhbQ==	34	94489280530
68719476793	107374182403	bG9nZ2Vy	bG9nZ2Vy	bGliL2xvZ2dlci5qczo6cHJvZ3JhbQ==	34	94489280530
68719476794	107374182403	c2VydmVy	c2VydmVy	QU5Z	35	94489280515
68719476795	107374182403	c2VydmVy	c2VydmVy	QU5Z	35	94489280515
68719476796	107374182403	bG9nZ2Vy	bG9nZ2Vy	bGliL2xvZ2dlci5qczo6cHJvZ3JhbQ==	36	94489280530
68719476797	107374182403	bG9nZ2Vy	bG9nZ2Vy	bGliL2xvZ2dlci5qczo6cHJvZ3JhbQ==	36	94489280530
68719476798	107374182403	bG9nZ2Vy	bG9nZ2Vy	bGliL2xvZ2dlci5qczo6cHJvZ3JhbQ==	39	94489280530
68719476799	107374182403	bG9nZ2Vy	bG9nZ2Vy	bGliL2xvZ2dlci5qczo6cHJvZ3JhbQ==	39	94489280530
68719476800	107374182403	ZGI=	ZGI=	QU5Z	40	94489280531
68719476801	107374182403	ZGI=	ZGI=	QU5Z	40	94489280531
68719476802	107374182403	bG9nZ2Vy	bG9nZ2Vy	bGliL2xvZ2dlci5qczo6cHJvZ3JhbQ==	41	94489280530
68719476803	107374182403	bG9nZ2Vy	bG9nZ2Vy	bGliL2xvZ2dlci5qczo6cHJvZ3JhbQ==	41	94489280530
68719476804	107374182403	X3RtcF81	X3RtcF81	YmluL3NlcnZlci5qczo6cHJvZ3JhbTpzZXRUaW1lb3V0OjxyZXR1cm5WYWx1ZT4=	43	94489280527
68719476805	107374182403	c2V0VGltZW91dA==	c2V0VGltZW91dA==	KGhhbmRsZXI6IFRpbWVySGFuZGxlciwgdGltZW91dD86IF9fZWNtYS5OdW1iZXIgfCBBTlksIC4uLmFyZ3VtZW50czogX19lY21hLkFycmF5KSA9PiBfX2VjbWEuTnVtYmVy	43	94489280529
68719476806	107374182403	dGhpcw==	dGhpcw==	YmluL3NlcnZlci5qczo6cHJvZ3JhbQ==	43	111669149699
68719476807	107374182403	X3RtcF81	X3RtcF81	YmluL3NlcnZlci5qczo6cHJvZ3JhbTpzZXRUaW1lb3V0OjxyZXR1cm5WYWx1ZT4=	43	94489280527
68719476808	107374182403	bWFpbg==	bWFpbg==	YmluL3NlcnZlci5qczo6cHJvZ3JhbTptYWlu	10	94489280512
68719476809	107374182403	cmVxdWlyZQ==	cmVxdWlyZQ==	QU5Z	1	94489280526
68719476810	107374182403	dGhpcw==	dGhpcw==	YmluL3NlcnZlci5qczo6cHJvZ3JhbQ==	1	111669149700
68719476811	107374182403	cEV2ZW50	cEV2ZW50	cC1ldmVudA==	2	94489280520
68719476812	107374182403	cmVxdWlyZQ==	cmVxdWlyZQ==	QU5Z	2	94489280526
68719476813	107374182403	dGhpcw==	dGhpcw==	YmluL3NlcnZlci5qczo6cHJvZ3JhbQ==	2	111669149700
68719476814	107374182403	Y3JlYXRlU2VydmVyQW5kTGlzdGVu	Y3JlYXRlU2VydmVyQW5kTGlzdGVu	KGFwcDogQU5ZLCBwb3J0OiBBTlksIGhvc3Q6IEFOWSkgPT4gUHJvbWlzZTxhbnk+	3	94489280521
68719476815	107374182403	cmVxdWlyZQ==	cmVxdWlyZQ==	QU5Z	3	94489280526
68719476816	107374182403	dGhpcw==	dGhpcw==	YmluL3NlcnZlci5qczo6cHJvZ3JhbQ==	3	111669149700
68719476817	107374182403	Y29uZmln	Y29uZmln	Y29uZmln	4	94489280522
68719476818	107374182403	cmVxdWlyZQ==	cmVxdWlyZQ==	QU5Z	4	94489280526
68719476819	107374182403	dGhpcw==	dGhpcw==	YmluL3NlcnZlci5qczo6cHJvZ3JhbQ==	4	111669149700
68719476820	107374182403	bG9nZ2Vy	bG9nZ2Vy	bGliL2xvZ2dlci5qczo6cHJvZ3JhbQ==	5	94489280523
68719476821	107374182403	cmVxdWlyZQ==	cmVxdWlyZQ==	QU5Z	5	94489280526
68719476822	107374182403	dGhpcw==	dGhpcw==	YmluL3NlcnZlci5qczo6cHJvZ3JhbQ==	5	111669149700
68719476823	107374182403	ZGI=	ZGI=	QU5Z	6	94489280524
68719476824	107374182403	cmVxdWlyZQ==	cmVxdWlyZQ==	QU5Z	6	94489280526
68719476825	107374182403	dGhpcw==	dGhpcw==	YmluL3NlcnZlci5qczo6cHJvZ3JhbQ==	6	111669149700
68719476826	107374182403	YXBw	YXBw	a29h	8	94489280525
68719476827	107374182403	cmVxdWlyZQ==	cmVxdWlyZQ==	QU5Z	8	94489280526
68719476828	107374182403	dGhpcw==	dGhpcw==	YmluL3NlcnZlci5qczo6cHJvZ3JhbQ==	8	111669149700
68719476829	107374182403	bWFpbg==	bWFpbg==	YmluL3NlcnZlci5qczo6cHJvZ3JhbTptYWlu	47	94489280512
68719476830	107374182403	dGhpcw==	dGhpcw==	YmluL3NlcnZlci5qczo6cHJvZ3JhbQ==	47	111669149700
68719476831	107374182404	cg==	cg==	QU5Z	35	111669149702
68719476832	107374182404	dA==	dA==	QU5Z	37	111669149704
68719476833	107374182404	Y3R4	Y3R4	QU5Z	18	111669149707
68719476834	107374182404	Y3R4	Y3R4	QU5Z	18	111669149707
68719476835	107374182404	c2x1Zw==	c2x1Zw==	c2x1Zw==	18	111669149706
68719476836	107374182404	YXJ0aWNsZQ==	YXJ0aWNsZQ==	Y3R4OnJlcXVlc3Q6PHJldHVyblZhbHVlPjo8bWVtYmVyPihyZXF1ZXN0KTo8bWVtYmVyPihib2R5KTo8bWVtYmVyPihhcnRpY2xlKQ==	20	94489280563
68719476837	107374182404	X3RtcF80	X3RtcF80	QU5Z	20	94489280861
68719476838	107374182404	X3RtcF81	X3RtcF81	Y29udHJvbGxlcnMvYXJ0aWNsZXMtY29udHJvbGxlci5qczo6cHJvZ3JhbTpkYjo8cmV0dXJuVmFsdWU+	20	94489280862
68719476839	107374182404	ZGI=	ZGI=	QU5Z	20	94489280852
68719476840	107374182404	dGhpcw==	dGhpcw==	Y29udHJvbGxlcnMvYXJ0aWNsZXMtY29udHJvbGxlci5qczo6cHJvZ3JhbQ==	20	111669149705
68719476841	107374182404	X3RtcF81	X3RtcF81	Y29udHJvbGxlcnMvYXJ0aWNsZXMtY29udHJvbGxlci5qczo6cHJvZ3JhbTpkYjo8cmV0dXJuVmFsdWU+	20	94489280862
68719476842	107374182404	X3RtcF80	X3RtcF80	QU5Z	20	94489280861
68719476843	107374182404	X3RtcF82	X3RtcF82	QU5Z	22	
68719476844	107374182404	c2x1Zw==	c2x1Zw==	c2x1Zw==	22	111669149706
68719476845	107374182404	X3RtcF82	X3RtcF82	QU5Z	22	
68719476846	107374182404	Y3R4	Y3R4	QU5Z	24	111669149707
68719476847	107374182404	Y3R4	Y3R4	QU5Z	24	111669149707
68719476848	107374182404	YXJ0aWNsZQ==	YXJ0aWNsZQ==	Y3R4OnJlcXVlc3Q6PHJldHVyblZhbHVlPjo8bWVtYmVyPihyZXF1ZXN0KTo8bWVtYmVyPihib2R5KTo8bWVtYmVyPihhcnRpY2xlKQ==	24	94489280563
68719476849	107374182404	dGFnc1JlbGF0aW9ucw==	dGFnc1JlbGF0aW9ucw==	QU5Z	26	94489280565
68719476850	107374182404	X3RtcF83	X3RtcF83	QU5Z	26	94489280859
68719476851	107374182404	X3RtcF84	X3RtcF84	Y29udHJvbGxlcnMvYXJ0aWNsZXMtY29udHJvbGxlci5qczo6cHJvZ3JhbTpkYjo8cmV0dXJuVmFsdWU+	26	94489280860
68719476852	107374182404	ZGI=	ZGI=	QU5Z	26	94489280852
68719476853	107374182404	dGhpcw==	dGhpcw==	Y29udHJvbGxlcnMvYXJ0aWNsZXMtY29udHJvbGxlci5qczo6cHJvZ3JhbQ==	26	111669149705
68719476854	107374182404	X3RtcF84	X3RtcF84	Y29udHJvbGxlcnMvYXJ0aWNsZXMtY29udHJvbGxlci5qczo6cHJvZ3JhbTpkYjo8cmV0dXJuVmFsdWU+	26	94489280860
68719476855	107374182404	X3RtcF83	X3RtcF83	QU5Z	26	94489280859
68719476856	107374182404	X3RtcF85	X3RtcF85	QU5Z	28	
68719476857	107374182404	YXJ0aWNsZQ==	YXJ0aWNsZQ==	Y3R4OnJlcXVlc3Q6PHJldHVyblZhbHVlPjo8bWVtYmVyPihyZXF1ZXN0KTo8bWVtYmVyPihib2R5KTo8bWVtYmVyPihhcnRpY2xlKQ==	28	94489280563
68719476858	107374182404	X3RtcF85	X3RtcF85	QU5Z	28	
68719476859	107374182404	dGFnTGlzdA==	dGFnTGlzdA==	X19lY21hLkFycmF5	30	94489280567
68719476860	107374182404	dGFnc1JlbGF0aW9ucw==	dGFnc1JlbGF0aW9ucw==	QU5Z	32	94489280565
68719476861	107374182404	dGFnc1JlbGF0aW9ucw==	dGFnc1JlbGF0aW9ucw==	QU5Z	32	94489280565
68719476862	107374182404	dGFnTGlzdA==	dGFnTGlzdA==	X19lY21hLkFycmF5	33	94489280567
68719476863	107374182404	X3RtcF8xMA==	X3RtcF8xMA==	QU5Z	33	94489280857
68719476864	107374182404	X3RtcF8xMQ==	X3RtcF8xMQ==	Y29udHJvbGxlcnMvYXJ0aWNsZXMtY29udHJvbGxlci5qczo6cHJvZ3JhbTpkYjo8cmV0dXJuVmFsdWU+	33	94489280858
68719476865	107374182404	ZGI=	ZGI=	QU5Z	33	94489280852
68719476866	107374182404	dGhpcw==	dGhpcw==	Y29udHJvbGxlcnMvYXJ0aWNsZXMtY29udHJvbGxlci5qczo6cHJvZ3JhbQ==	33	111669149705
68719476867	107374182404	X3RtcF8xMQ==	X3RtcF8xMQ==	Y29udHJvbGxlcnMvYXJ0aWNsZXMtY29udHJvbGxlci5qczo6cHJvZ3JhbTpkYjo8cmV0dXJuVmFsdWU+	33	94489280858
68719476868	107374182404	X3RtcF8xMA==	X3RtcF8xMA==	QU5Z	33	94489280857
68719476869	107374182404	dGFnc1JlbGF0aW9ucw==	dGFnc1JlbGF0aW9ucw==	QU5Z	35	94489280565
68719476870	107374182404	dGFnc1JlbGF0aW9ucw==	dGFnc1JlbGF0aW9ucw==	QU5Z	35	94489280565
68719476871	107374182404	dGFnTGlzdA==	dGFnTGlzdA==	X19lY21hLkFycmF5	37	94489280567
68719476872	107374182404	dGFnTGlzdA==	dGFnTGlzdA==	X19lY21hLkFycmF5	37	94489280567
68719476873	107374182404	dGFnTGlzdA==	dGFnTGlzdA==	X19lY21hLkFycmF5	37	94489280567
68719476874	107374182404	YXJ0aWNsZQ==	YXJ0aWNsZQ==	Y3R4OnJlcXVlc3Q6PHJldHVyblZhbHVlPjo8bWVtYmVyPihyZXF1ZXN0KTo8bWVtYmVyPihib2R5KTo8bWVtYmVyPihhcnRpY2xlKQ==	40	94489280563
68719476875	107374182404	dGFnTGlzdA==	dGFnTGlzdA==	X19lY21hLkFycmF5	40	94489280567
68719476876	107374182404	YXJ0aWNsZQ==	YXJ0aWNsZQ==	Y3R4OnJlcXVlc3Q6PHJldHVyblZhbHVlPjo8bWVtYmVyPihyZXF1ZXN0KTo8bWVtYmVyPihib2R5KTo8bWVtYmVyPihhcnRpY2xlKQ==	42	94489280563
68719476877	107374182404	YXV0aG9y	YXV0aG9y	Y3R4OnF1ZXJ5OjxyZXR1cm5WYWx1ZT46PG1lbWJlcj4ocXVlcnkpOjxtZW1iZXI+KGF1dGhvcik=	44	94489280568
68719476878	107374182404	X3RtcF8xMg==	X3RtcF8xMg==	QU5Z	44	94489280855
68719476879	107374182404	X3RtcF8xMw==	X3RtcF8xMw==	Y29udHJvbGxlcnMvYXJ0aWNsZXMtY29udHJvbGxlci5qczo6cHJvZ3JhbTpkYjo8cmV0dXJuVmFsdWU+	44	94489280856
68719476880	107374182404	ZGI=	ZGI=	QU5Z	44	94489280852
68719476881	107374182404	dGhpcw==	dGhpcw==	Y29udHJvbGxlcnMvYXJ0aWNsZXMtY29udHJvbGxlci5qczo6cHJvZ3JhbQ==	44	111669149705
68719476882	107374182404	X3RtcF8xMw==	X3RtcF8xMw==	Y29udHJvbGxlcnMvYXJ0aWNsZXMtY29udHJvbGxlci5qczo6cHJvZ3JhbTpkYjo8cmV0dXJuVmFsdWU+	44	94489280856
68719476883	107374182404	X3RtcF8xMg==	X3RtcF8xMg==	QU5Z	44	94489280855
68719476884	107374182404	X3RtcF8xNA==	X3RtcF8xNA==	QU5Z	46	
68719476885	107374182404	YXJ0aWNsZQ==	YXJ0aWNsZQ==	Y3R4OnJlcXVlc3Q6PHJldHVyblZhbHVlPjo8bWVtYmVyPihyZXF1ZXN0KTo8bWVtYmVyPihib2R5KTo8bWVtYmVyPihhcnRpY2xlKQ==	46	94489280563
68719476886	107374182404	X3RtcF8xNA==	X3RtcF8xNA==	QU5Z	46	
68719476887	107374182404	YXJ0aWNsZQ==	YXJ0aWNsZQ==	Y3R4OnJlcXVlc3Q6PHJldHVyblZhbHVlPjo8bWVtYmVyPihyZXF1ZXN0KTo8bWVtYmVyPihib2R5KTo8bWVtYmVyPihhcnRpY2xlKQ==	48	94489280563
68719476888	107374182404	YXV0aG9y	YXV0aG9y	Y3R4OnF1ZXJ5OjxyZXR1cm5WYWx1ZT46PG1lbWJlcj4ocXVlcnkpOjxtZW1iZXI+KGF1dGhvcik=	48	94489280568
68719476889	107374182404	YXJ0aWNsZQ==	YXJ0aWNsZQ==	Y3R4OnJlcXVlc3Q6PHJldHVyblZhbHVlPjo8bWVtYmVyPihyZXF1ZXN0KTo8bWVtYmVyPihib2R5KTo8bWVtYmVyPihhcnRpY2xlKQ==	50	94489280563
68719476890	107374182404	X3RtcF8xNQ==	X3RtcF8xNQ==	Y3R4OnN0YXRlOjxyZXR1cm5WYWx1ZT46PG1lbWJlcj4oc3RhdGUp	52	94489280571
68719476891	107374182404	Y3R4	Y3R4	QU5Z	52	111669149707
68719476892	107374182404	dXNlcg==	dXNlcg==	Y3R4OnN0YXRlOjxyZXR1cm5WYWx1ZT46PG1lbWJlcj4oc3RhdGUpOjxtZW1iZXI+KHVzZXIp	52	94489280572
68719476893	107374182404	X3RtcF8xNQ==	X3RtcF8xNQ==	Y3R4OnN0YXRlOjxyZXR1cm5WYWx1ZT46PG1lbWJlcj4oc3RhdGUp	52	
68719476894	107374182404	X3RtcF8xNQ==	X3RtcF8xNQ==	Y3R4OnN0YXRlOjxyZXR1cm5WYWx1ZT46PG1lbWJlcj4oc3RhdGUp	52	
68719476895	107374182404	dXNlcg==	dXNlcg==	Y3R4OnN0YXRlOjxyZXR1cm5WYWx1ZT46PG1lbWJlcj4oc3RhdGUpOjxtZW1iZXI+KHVzZXIp	54	94489280572
68719476896	107374182404	dXNlcg==	dXNlcg==	Y3R4OnN0YXRlOjxyZXR1cm5WYWx1ZT46PG1lbWJlcj4oc3RhdGUpOjxtZW1iZXI+KHVzZXIp	54	94489280572
68719476897	107374182404	YXJ0aWNsZQ==	YXJ0aWNsZQ==	Y3R4OnJlcXVlc3Q6PHJldHVyblZhbHVlPjo8bWVtYmVyPihyZXF1ZXN0KTo8bWVtYmVyPihib2R5KTo8bWVtYmVyPihhcnRpY2xlKQ==	54	94489280563
68719476898	107374182404	cmVz	cmVz	QU5Z	55	94489280573
68719476899	107374182404	X3RtcF8xNg==	X3RtcF8xNg==	QU5Z	55	94489280853
68719476900	107374182404	X3RtcF8xNw==	X3RtcF8xNw==	Y29udHJvbGxlcnMvYXJ0aWNsZXMtY29udHJvbGxlci5qczo6cHJvZ3JhbTpkYjo8cmV0dXJuVmFsdWU+	55	94489280854
68719476901	107374182404	ZGI=	ZGI=	QU5Z	55	94489280852
68719476902	107374182404	dGhpcw==	dGhpcw==	Y29udHJvbGxlcnMvYXJ0aWNsZXMtY29udHJvbGxlci5qczo6cHJvZ3JhbQ==	55	111669149705
68719476903	107374182404	X3RtcF8xNw==	X3RtcF8xNw==	Y29udHJvbGxlcnMvYXJ0aWNsZXMtY29udHJvbGxlci5qczo6cHJvZ3JhbTpkYjo8cmV0dXJuVmFsdWU+	55	94489280854
68719476904	107374182404	X3RtcF8xOA==	X3RtcF8xOA==	QU5Z	56	
68719476905	107374182404	YXJ0aWNsZQ==	YXJ0aWNsZQ==	Y3R4OnJlcXVlc3Q6PHJldHVyblZhbHVlPjo8bWVtYmVyPihyZXF1ZXN0KTo8bWVtYmVyPihib2R5KTo8bWVtYmVyPihhcnRpY2xlKQ==	56	94489280563
68719476906	107374182404	X3RtcF8xOA==	X3RtcF8xOA==	QU5Z	56	
68719476907	107374182404	dXNlcg==	dXNlcg==	Y3R4OnN0YXRlOjxyZXR1cm5WYWx1ZT46PG1lbWJlcj4oc3RhdGUpOjxtZW1iZXI+KHVzZXIp	56	94489280572
68719476908	107374182404	X3RtcF8xOA==	X3RtcF8xOA==	QU5Z	56	
68719476909	107374182404	X3RtcF8xNg==	X3RtcF8xNg==	QU5Z	55	94489280853
68719476910	107374182404	cmVz	cmVz	QU5Z	59	94489280573
68719476911	107374182404	YXJ0aWNsZQ==	YXJ0aWNsZQ==	Y3R4OnJlcXVlc3Q6PHJldHVyblZhbHVlPjo8bWVtYmVyPihyZXF1ZXN0KTo8bWVtYmVyPihib2R5KTo8bWVtYmVyPihhcnRpY2xlKQ==	60	94489280563
68719476912	107374182404	ZmF2b3JpdGVz	ZmF2b3JpdGVz	X19lY21hLkFycmF5	64	94489280575
68719476913	107374182404	dXNlcg==	dXNlcg==	Y3R4OnN0YXRlOjxyZXR1cm5WYWx1ZT46PG1lbWJlcj4oc3RhdGUpOjxtZW1iZXI+KHVzZXIp	66	94489280572
68719476914	107374182404	ZmF2b3JpdGVz	ZmF2b3JpdGVz	X19lY21hLkFycmF5	67	94489280575
68719476915	107374182404	X3RtcF8xOQ==	X3RtcF8xOQ==	QU5Z	67	94489280850
68719476916	107374182404	X3RtcF8yMA==	X3RtcF8yMA==	Y29udHJvbGxlcnMvYXJ0aWNsZXMtY29udHJvbGxlci5qczo6cHJvZ3JhbTpkYjo8cmV0dXJuVmFsdWU+	67	94489280851
68719476917	107374182404	ZGI=	ZGI=	QU5Z	67	94489280852
68719476918	107374182404	dGhpcw==	dGhpcw==	Y29udHJvbGxlcnMvYXJ0aWNsZXMtY29udHJvbGxlci5qczo6cHJvZ3JhbQ==	67	111669149705
68719476919	107374182404	X3RtcF8yMA==	X3RtcF8yMA==	Y29udHJvbGxlcnMvYXJ0aWNsZXMtY29udHJvbGxlci5qczo6cHJvZ3JhbTpkYjo8cmV0dXJuVmFsdWU+	67	94489280851
68719476920	107374182404	X3RtcF8yMQ==	X3RtcF8yMQ==	QU5Z	68	
68719476921	107374182404	dXNlcg==	dXNlcg==	Y3R4OnN0YXRlOjxyZXR1cm5WYWx1ZT46PG1lbWJlcj4oc3RhdGUpOjxtZW1iZXI+KHVzZXIp	68	94489280572
68719476922	107374182404	X3RtcF8yMQ==	X3RtcF8yMQ==	QU5Z	68	
68719476923	107374182404	YXJ0aWNsZQ==	YXJ0aWNsZQ==	Y3R4OnJlcXVlc3Q6PHJldHVyblZhbHVlPjo8bWVtYmVyPihyZXF1ZXN0KTo8bWVtYmVyPihib2R5KTo8bWVtYmVyPihhcnRpY2xlKQ==	68	94489280563
68719476924	107374182404	X3RtcF8yMQ==	X3RtcF8yMQ==	QU5Z	68	
68719476925	107374182404	X3RtcF8xOQ==	X3RtcF8xOQ==	QU5Z	67	94489280850
68719476926	107374182404	ZmF2b3JpdGVz	ZmF2b3JpdGVz	X19lY21hLkFycmF5	71	94489280575
68719476927	107374182404	YXJ0aWNsZQ==	YXJ0aWNsZQ==	Y3R4OnJlcXVlc3Q6PHJldHVyblZhbHVlPjo8bWVtYmVyPihyZXF1ZXN0KTo8bWVtYmVyPihib2R5KTo8bWVtYmVyPihhcnRpY2xlKQ==	72	94489280563
68719476928	107374182404	Y3R4	Y3R4	QU5Z	76	111669149707
68719476929	107374182404	YXJ0aWNsZQ==	YXJ0aWNsZQ==	Y3R4OnJlcXVlc3Q6PHJldHVyblZhbHVlPjo8bWVtYmVyPihyZXF1ZXN0KTo8bWVtYmVyPihib2R5KTo8bWVtYmVyPihhcnRpY2xlKQ==	76	94489280563
68719476930	107374182404	Y3R4	Y3R4	QU5Z	77	111669149707
68719476931	107374182404	ZmF2b3JpdGVz	ZmF2b3JpdGVz	X19lY21hLkFycmF5	77	94489280575
68719476932	107374182404	Y3R4	Y3R4	QU5Z	78	111669149707
68719476933	107374182404	YXV0aG9y	YXV0aG9y	Y3R4OnF1ZXJ5OjxyZXR1cm5WYWx1ZT46PG1lbWJlcj4ocXVlcnkpOjxtZW1iZXI+KGF1dGhvcik=	78	94489280568
68719476934	107374182404	Y3R4	Y3R4	QU5Z	79	111669149707
68719476935	107374182404	dGFnTGlzdA==	dGFnTGlzdA==	X19lY21hLkFycmF5	79	94489280567
68719476936	107374182404	Y3R4	Y3R4	QU5Z	80	111669149707
68719476937	107374182404	dGFnc1JlbGF0aW9ucw==	dGFnc1JlbGF0aW9ucw==	QU5Z	80	94489280565
68719476938	107374182404	bmV4dA==	bmV4dA==	QU5Z	82	111669149708
68719476939	107374182404	dGhpcw==	dGhpcw==	Y29udHJvbGxlcnMvYXJ0aWNsZXMtY29udHJvbGxlci5qczo6cHJvZ3JhbQ==	82	111669149705
68719476940	107374182404	Y3R4	Y3R4	QU5Z	84	111669149707
68719476941	107374182404	X3RtcF80NQ==	X3RtcF80NQ==	Y29udHJvbGxlcnMvYXJ0aWNsZXMtY29udHJvbGxlci5qczo6cHJvZ3JhbTpvbjo8cmV0dXJuVmFsdWU+	148	94489280825
68719476942	107374182404	dGhpcw==	dGhpcw==	Y29udHJvbGxlcnMvYXJ0aWNsZXMtY29udHJvbGxlci5qczo6cHJvZ3JhbQ==	148	111669149709
68719476943	107374182404	dGhpcw==	dGhpcw==	Y29udHJvbGxlcnMvYXJ0aWNsZXMtY29udHJvbGxlci5qczo6cHJvZ3JhbQ==	148	111669149709
68719476944	107374182404	X3RtcF80NQ==	X3RtcF80NQ==	Y29udHJvbGxlcnMvYXJ0aWNsZXMtY29udHJvbGxlci5qczo6cHJvZ3JhbTpvbjo8cmV0dXJuVmFsdWU+	148	94489280825
68719476945	107374182404	X3RtcF80Ng==	X3RtcF80Ng==	X19lY21hLkFycmF5	150	94489280824
68719476946	107374182404	X3RtcF80Ng==	X3RtcF80Ng==	X19lY21hLkFycmF5	150	
68719476947	107374182404	X3RtcF80Ng==	X3RtcF80Ng==	X19lY21hLkFycmF5	150	
68719476948	107374182404	dXNlcg==	dXNlcg==	Y3R4OnN0YXRlOjxyZXR1cm5WYWx1ZT46PG1lbWJlcj4oc3RhdGUpOjxtZW1iZXI+KHVzZXIp	150	94489280823
68719476949	107374182404	dXNlcg==	dXNlcg==	Y3R4OnN0YXRlOjxyZXR1cm5WYWx1ZT46PG1lbWJlcj4oc3RhdGUpOjxtZW1iZXI+KHVzZXIp	150	94489280823
68719476950	107374182404	X3RtcF80Ng==	X3RtcF80Ng==	X19lY21hLkFycmF5	150	
68719476951	107374182404	X3RtcF80Nw==	X3RtcF80Nw==	Y29udHJvbGxlcnMvYXJ0aWNsZXMtY29udHJvbGxlci5qczo6cHJvZ3JhbTpvbjo8cmV0dXJuVmFsdWU+	154	94489280821
68719476952	107374182404	dGhpcw==	dGhpcw==	Y29udHJvbGxlcnMvYXJ0aWNsZXMtY29udHJvbGxlci5qczo6cHJvZ3JhbQ==	154	111669149710
68719476953	107374182404	dGhpcw==	dGhpcw==	Y29udHJvbGxlcnMvYXJ0aWNsZXMtY29udHJvbGxlci5qczo6cHJvZ3JhbQ==	154	111669149710
68719476954	107374182404	X3RtcF80Nw==	X3RtcF80Nw==	Y29udHJvbGxlcnMvYXJ0aWNsZXMtY29udHJvbGxlci5qczo6cHJvZ3JhbTpvbjo8cmV0dXJuVmFsdWU+	154	94489280821
68719476955	107374182404	X3RtcF80OA==	X3RtcF80OA==	X19lY21hLkFycmF5	156	94489280820
68719476956	107374182404	X3RtcF80OA==	X3RtcF80OA==	X19lY21hLkFycmF5	156	
68719476957	107374182404	X3RtcF80OA==	X3RtcF80OA==	X19lY21hLkFycmF5	156	
68719476958	107374182404	dXNlcg==	dXNlcg==	Y3R4OnN0YXRlOjxyZXR1cm5WYWx1ZT46PG1lbWJlcj4oc3RhdGUpOjxtZW1iZXI+KHVzZXIp	156	94489280819
68719476959	107374182404	dXNlcg==	dXNlcg==	Y3R4OnN0YXRlOjxyZXR1cm5WYWx1ZT46PG1lbWJlcj4oc3RhdGUpOjxtZW1iZXI+KHVzZXIp	156	94489280819
68719476960	107374182404	X3RtcF80OA==	X3RtcF80OA==	X19lY21hLkFycmF5	156	
68719476961	107374182404	dA==	dA==	QU5Z	166	111669149712
68719476962	107374182404	YQ==	YQ==	QU5Z	165	111669149714
68719476963	107374182404	YQ==	YQ==	QU5Z	165	111669149714
68719476964	107374182404	YQ==	YQ==	QU5Z	166	111669149714
68719476965	107374182404	X3RtcF81Mw==	X3RtcF81Mw==	X19lY21hLkFycmF5	166	94489280813
68719476966	107374182404	YQ==	YQ==	QU5Z	166	111669149714
68719476967	107374182404	X3RtcF81Mw==	X3RtcF81Mw==	X19lY21hLkFycmF5	166	94489280813
68719476968	107374182404	YQ==	YQ==	QU5Z	167	111669149714
68719476969	107374182404	YQ==	YQ==	QU5Z	167	111669149714
68719476970	107374182404	YQ==	YQ==	QU5Z	168	111669149714
68719476971	107374182404	YQ==	YQ==	QU5Z	169	111669149714
68719476972	107374182404	X3RtcF8yMg==	X3RtcF8yMg==	Y3R4OnN0YXRlOjxyZXR1cm5WYWx1ZT46PG1lbWJlcj4oc3RhdGUp	88	94489280578
68719476973	107374182404	Y3R4	Y3R4	QU5Z	88	111669149716
68719476974	107374182404	dXNlcg==	dXNlcg==	Y3R4OnN0YXRlOjxyZXR1cm5WYWx1ZT46PG1lbWJlcj4oc3RhdGUpOjxtZW1iZXI+KHVzZXIp	88	94489280579
68719476975	107374182404	X3RtcF8yMg==	X3RtcF8yMg==	Y3R4OnN0YXRlOjxyZXR1cm5WYWx1ZT46PG1lbWJlcj4oc3RhdGUp	88	
68719476976	107374182404	X3RtcF8yMg==	X3RtcF8yMg==	Y3R4OnN0YXRlOjxyZXR1cm5WYWx1ZT46PG1lbWJlcj4oc3RhdGUp	88	
68719476977	107374182404	X3RtcF8yMw==	X3RtcF8yMw==	Y3R4OnF1ZXJ5OjxyZXR1cm5WYWx1ZT46PG1lbWJlcj4ocXVlcnkp	89	94489280581
68719476978	107374182404	Y3R4	Y3R4	QU5Z	89	111669149716
68719476979	107374182404	b2Zmc2V0	b2Zmc2V0	Y3R4OnF1ZXJ5OjxyZXR1cm5WYWx1ZT46PG1lbWJlcj4ocXVlcnkpOjxtZW1iZXI+KG9mZnNldCk=	89	94489280582
68719476980	107374182404	X3RtcF8yMw==	X3RtcF8yMw==	Y3R4OnF1ZXJ5OjxyZXR1cm5WYWx1ZT46PG1lbWJlcj4ocXVlcnkp	89	
68719476981	107374182404	bGltaXQ=	bGltaXQ=	Y3R4OnF1ZXJ5OjxyZXR1cm5WYWx1ZT46PG1lbWJlcj4ocXVlcnkpOjxtZW1iZXI+KGxpbWl0KQ==	89	94489280583
68719476982	107374182404	X3RtcF8yMw==	X3RtcF8yMw==	Y3R4OnF1ZXJ5OjxyZXR1cm5WYWx1ZT46PG1lbWJlcj4ocXVlcnkp	89	
68719476983	107374182404	dGFn	dGFn	Y3R4OnF1ZXJ5OjxyZXR1cm5WYWx1ZT46PG1lbWJlcj4ocXVlcnkpOjxtZW1iZXI+KHRhZyk=	89	94489280584
68719476984	107374182404	X3RtcF8yMw==	X3RtcF8yMw==	Y3R4OnF1ZXJ5OjxyZXR1cm5WYWx1ZT46PG1lbWJlcj4ocXVlcnkp	89	
68719476985	107374182404	YXV0aG9y	YXV0aG9y	Y3R4OnF1ZXJ5OjxyZXR1cm5WYWx1ZT46PG1lbWJlcj4ocXVlcnkpOjxtZW1iZXI+KGF1dGhvcik=	89	94489280585
68719476986	107374182404	X3RtcF8yMw==	X3RtcF8yMw==	Y3R4OnF1ZXJ5OjxyZXR1cm5WYWx1ZT46PG1lbWJlcj4ocXVlcnkp	89	
68719476987	107374182404	ZmF2b3JpdGVk	ZmF2b3JpdGVk	Y3R4OnF1ZXJ5OjxyZXR1cm5WYWx1ZT46PG1lbWJlcj4ocXVlcnkpOjxtZW1iZXI+KGZhdm9yaXRlZCk=	89	94489280586
68719476988	107374182404	X3RtcF8yMw==	X3RtcF8yMw==	Y3R4OnF1ZXJ5OjxyZXR1cm5WYWx1ZT46PG1lbWJlcj4ocXVlcnkp	89	
68719476989	107374182404	X3RtcF8yMw==	X3RtcF8yMw==	Y3R4OnF1ZXJ5OjxyZXR1cm5WYWx1ZT46PG1lbWJlcj4ocXVlcnkp	89	
68719476990	107374182404	YXJ0aWNsZXNRdWVyeQ==	YXJ0aWNsZXNRdWVyeQ==	QU5Z	91	94489280587
68719476991	107374182404	X3RtcF8yNA==	X3RtcF8yNA==	QU5Z	91	94489280841
68719476992	107374182404	X3RtcF8yNQ==	X3RtcF8yNQ==	QU5Z	91	94489280842
68719476993	107374182404	X3RtcF8yNg==	X3RtcF8yNg==	QU5Z	91	94489280843
68719476994	107374182404	X3RtcF8yNw==	X3RtcF8yNw==	Y29udHJvbGxlcnMvYXJ0aWNsZXMtY29udHJvbGxlci5qczo6cHJvZ3JhbTpkYjo8cmV0dXJuVmFsdWU+	91	94489280849
68719476995	107374182404	ZGI=	ZGI=	QU5Z	91	94489280831
68719476996	107374182404	dGhpcw==	dGhpcw==	Y29udHJvbGxlcnMvYXJ0aWNsZXMtY29udHJvbGxlci5qczo6cHJvZ3JhbQ==	91	111669149715
68719476997	107374182404	X3RtcF8yNw==	X3RtcF8yNw==	Y29udHJvbGxlcnMvYXJ0aWNsZXMtY29udHJvbGxlci5qczo6cHJvZ3JhbTpkYjo8cmV0dXJuVmFsdWU+	91	94489280849
68719476998	107374182404	Z2V0U2VsZWN0	Z2V0U2VsZWN0	KHRhYmxlOiBBTlksIHByZWZpeDogQU5ZLCBmaWVsZHM6IEFOWSkgPT4gQU5Z	93	94489280845
68719476999	107374182404	dGhpcw==	dGhpcw==	Y29udHJvbGxlcnMvYXJ0aWNsZXMtY29udHJvbGxlci5qczo6cHJvZ3JhbQ==	93	111669149715
68719477000	107374182404	YXJ0aWNsZUZpZWxkcw==	YXJ0aWNsZUZpZWxkcw==	X19lY21hLkFycmF5	93	94489280848
68719477001	107374182404	Z2V0U2VsZWN0	Z2V0U2VsZWN0	KHRhYmxlOiBBTlksIHByZWZpeDogQU5ZLCBmaWVsZHM6IEFOWSkgPT4gQU5Z	94	94489280845
68719477002	107374182404	dGhpcw==	dGhpcw==	Y29udHJvbGxlcnMvYXJ0aWNsZXMtY29udHJvbGxlci5qczo6cHJvZ3JhbQ==	94	111669149715
68719477003	107374182404	dXNlckZpZWxkcw==	dXNlckZpZWxkcw==	X19lY21hLkFycmF5	94	94489280847
68719477004	107374182404	Z2V0U2VsZWN0	Z2V0U2VsZWN0	KHRhYmxlOiBBTlksIHByZWZpeDogQU5ZLCBmaWVsZHM6IEFOWSkgPT4gQU5Z	95	94489280845
68719477005	107374182404	dGhpcw==	dGhpcw==	Y29udHJvbGxlcnMvYXJ0aWNsZXMtY29udHJvbGxlci5qczo6cHJvZ3JhbQ==	95	111669149715
68719477006	107374182404	X3RtcF8yOA==	X3RtcF8yOA==	X19lY21hLkFycmF5	95	94489280846
68719477007	107374182404	X3RtcF8yOA==	X3RtcF8yOA==	X19lY21hLkFycmF5	95	
68719477008	107374182404	X3RtcF8yOA==	X3RtcF8yOA==	X19lY21hLkFycmF5	95	
68719477009	107374182404	X3RtcF8yOA==	X3RtcF8yOA==	X19lY21hLkFycmF5	95	
68719477010	107374182404	Z2V0U2VsZWN0	Z2V0U2VsZWN0	KHRhYmxlOiBBTlksIHByZWZpeDogQU5ZLCBmaWVsZHM6IEFOWSkgPT4gQU5Z	96	94489280845
68719477011	107374182404	dGhpcw==	dGhpcw==	Y29udHJvbGxlcnMvYXJ0aWNsZXMtY29udHJvbGxlci5qczo6cHJvZ3JhbQ==	96	111669149715
68719477012	107374182404	X3RtcF8yOQ==	X3RtcF8yOQ==	X19lY21hLkFycmF5	96	94489280844
68719477013	107374182404	X3RtcF8yOQ==	X3RtcF8yOQ==	X19lY21hLkFycmF5	96	
68719477014	107374182404	X3RtcF8yOQ==	X3RtcF8yOQ==	X19lY21hLkFycmF5	96	
68719477015	107374182404	X3RtcF8yOQ==	X3RtcF8yOQ==	X19lY21hLkFycmF5	96	
68719477016	107374182404	X3RtcF8yOQ==	X3RtcF8yOQ==	X19lY21hLkFycmF5	96	
68719477017	107374182404	X3RtcF8yOQ==	X3RtcF8yOQ==	X19lY21hLkFycmF5	96	
68719477018	107374182404	X3RtcF8yNg==	X3RtcF8yNg==	QU5Z	91	94489280843
68719477019	107374182404	bGltaXQ=	bGltaXQ=	Y3R4OnF1ZXJ5OjxyZXR1cm5WYWx1ZT46PG1lbWJlcj4ocXVlcnkpOjxtZW1iZXI+KGxpbWl0KQ==	100	94489280583
68719477020	107374182404	X3RtcF8yNQ==	X3RtcF8yNQ==	QU5Z	91	94489280842
68719477021	107374182404	b2Zmc2V0	b2Zmc2V0	Y3R4OnF1ZXJ5OjxyZXR1cm5WYWx1ZT46PG1lbWJlcj4ocXVlcnkpOjxtZW1iZXI+KG9mZnNldCk=	101	94489280582
68719477022	107374182404	X3RtcF8yNA==	X3RtcF8yNA==	QU5Z	91	94489280841
68719477023	107374182404	Y291bnRRdWVyeQ==	Y291bnRRdWVyeQ==	QU5Z	104	94489280590
68719477024	107374182404	X3RtcF8zMA==	X3RtcF8zMA==	Y29udHJvbGxlcnMvYXJ0aWNsZXMtY29udHJvbGxlci5qczo6cHJvZ3JhbTpkYjo8cmV0dXJuVmFsdWU+	104	94489280840
68719477025	107374182404	ZGI=	ZGI=	QU5Z	104	94489280831
68719477026	107374182404	dGhpcw==	dGhpcw==	Y29udHJvbGxlcnMvYXJ0aWNsZXMtY29udHJvbGxlci5qczo6cHJvZ3JhbQ==	104	111669149715
68719477027	107374182404	X3RtcF8zMA==	X3RtcF8zMA==	Y29udHJvbGxlcnMvYXJ0aWNsZXMtY29udHJvbGxlci5qczo6cHJvZ3JhbTpkYjo8cmV0dXJuVmFsdWU+	104	94489280840
68719477028	107374182404	YXV0aG9y	YXV0aG9y	Y3R4OnF1ZXJ5OjxyZXR1cm5WYWx1ZT46PG1lbWJlcj4ocXVlcnkpOjxtZW1iZXI+KGF1dGhvcik=	106	94489280585
68719477029	107374182404	YXV0aG9y	YXV0aG9y	Y3R4OnF1ZXJ5OjxyZXR1cm5WYWx1ZT46PG1lbWJlcj4ocXVlcnkpOjxtZW1iZXI+KGF1dGhvcik=	106	94489280585
68719477030	107374182404	c3ViUXVlcnk=	c3ViUXVlcnk=	QU5Z	107	94489280593
68719477031	107374182404	X3RtcF8zMQ==	X3RtcF8zMQ==	QU5Z	107	94489280838
68719477032	107374182404	X3RtcF8zMg==	X3RtcF8zMg==	Y29udHJvbGxlcnMvYXJ0aWNsZXMtY29udHJvbGxlci5qczo6cHJvZ3JhbTpkYjo8cmV0dXJuVmFsdWU+	107	94489280839
68719477033	107374182404	ZGI=	ZGI=	QU5Z	107	94489280831
68719477034	107374182404	dGhpcw==	dGhpcw==	Y29udHJvbGxlcnMvYXJ0aWNsZXMtY29udHJvbGxlci5qczo6cHJvZ3JhbQ==	107	111669149715
68719477035	107374182404	X3RtcF8zMg==	X3RtcF8zMg==	Y29udHJvbGxlcnMvYXJ0aWNsZXMtY29udHJvbGxlci5qczo6cHJvZ3JhbTpkYjo8cmV0dXJuVmFsdWU+	107	94489280839
68719477036	107374182404	X3RtcF8zMQ==	X3RtcF8zMQ==	QU5Z	107	94489280838
68719477037	107374182404	YXV0aG9y	YXV0aG9y	Y3R4OnF1ZXJ5OjxyZXR1cm5WYWx1ZT46PG1lbWJlcj4ocXVlcnkpOjxtZW1iZXI+KGF1dGhvcik=	109	94489280585
68719477038	107374182404	YXJ0aWNsZXNRdWVyeQ==	YXJ0aWNsZXNRdWVyeQ==	QU5Z	111	94489280587
68719477039	107374182404	YXJ0aWNsZXNRdWVyeQ==	YXJ0aWNsZXNRdWVyeQ==	QU5Z	111	94489280587
68719477040	107374182404	YXJ0aWNsZXNRdWVyeQ==	YXJ0aWNsZXNRdWVyeQ==	QU5Z	111	94489280587
68719477041	107374182404	c3ViUXVlcnk=	c3ViUXVlcnk=	QU5Z	111	94489280593
68719477042	107374182404	Y291bnRRdWVyeQ==	Y291bnRRdWVyeQ==	QU5Z	112	94489280590
68719477043	107374182404	Y291bnRRdWVyeQ==	Y291bnRRdWVyeQ==	QU5Z	112	94489280590
68719477044	107374182404	Y291bnRRdWVyeQ==	Y291bnRRdWVyeQ==	QU5Z	112	94489280590
68719477045	107374182404	c3ViUXVlcnk=	c3ViUXVlcnk=	QU5Z	112	94489280593
68719477046	107374182404	ZmF2b3JpdGVk	ZmF2b3JpdGVk	Y3R4OnF1ZXJ5OjxyZXR1cm5WYWx1ZT46PG1lbWJlcj4ocXVlcnkpOjxtZW1iZXI+KGZhdm9yaXRlZCk=	115	94489280586
68719477047	107374182404	ZmF2b3JpdGVk	ZmF2b3JpdGVk	Y3R4OnF1ZXJ5OjxyZXR1cm5WYWx1ZT46PG1lbWJlcj4ocXVlcnkpOjxtZW1iZXI+KGZhdm9yaXRlZCk=	115	94489280586
68719477048	107374182404	c3ViUXVlcnk=	c3ViUXVlcnk=	QU5Z	116	94489280593
68719477049	107374182404	X3RtcF8zMw==	X3RtcF8zMw==	QU5Z	116	94489280836
68719477050	107374182404	X3RtcF8zNA==	X3RtcF8zNA==	Y29udHJvbGxlcnMvYXJ0aWNsZXMtY29udHJvbGxlci5qczo6cHJvZ3JhbTpkYjo8cmV0dXJuVmFsdWU+	116	94489280837
68719477051	107374182404	ZGI=	ZGI=	QU5Z	116	94489280831
68719477052	107374182404	dGhpcw==	dGhpcw==	Y29udHJvbGxlcnMvYXJ0aWNsZXMtY29udHJvbGxlci5qczo6cHJvZ3JhbQ==	116	111669149715
68719477053	107374182404	X3RtcF8zNA==	X3RtcF8zNA==	Y29udHJvbGxlcnMvYXJ0aWNsZXMtY29udHJvbGxlci5qczo6cHJvZ3JhbTpkYjo8cmV0dXJuVmFsdWU+	116	94489280837
68719477054	107374182404	X3RtcF8zMw==	X3RtcF8zMw==	QU5Z	116	94489280836
68719477055	107374182404	X3RtcF8zNQ==	X3RtcF8zNQ==	QU5Z	120	94489280834
68719477056	107374182404	X3RtcF8zNg==	X3RtcF8zNg==	Y29udHJvbGxlcnMvYXJ0aWNsZXMtY29udHJvbGxlci5qczo6cHJvZ3JhbTpkYjo8cmV0dXJuVmFsdWU+	120	94489280835
68719477057	107374182404	ZGI=	ZGI=	QU5Z	120	94489280831
68719477058	107374182404	dGhpcw==	dGhpcw==	Y29udHJvbGxlcnMvYXJ0aWNsZXMtY29udHJvbGxlci5qczo6cHJvZ3JhbQ==	120	111669149715
68719477059	107374182404	X3RtcF8zNg==	X3RtcF8zNg==	Y29udHJvbGxlcnMvYXJ0aWNsZXMtY29udHJvbGxlci5qczo6cHJvZ3JhbTpkYjo8cmV0dXJuVmFsdWU+	120	94489280835
68719477060	107374182404	X3RtcF8zNQ==	X3RtcF8zNQ==	QU5Z	120	94489280834
68719477061	107374182404	ZmF2b3JpdGVk	ZmF2b3JpdGVk	Y3R4OnF1ZXJ5OjxyZXR1cm5WYWx1ZT46PG1lbWJlcj4ocXVlcnkpOjxtZW1iZXI+KGZhdm9yaXRlZCk=	122	94489280586
68719477062	107374182404	YXJ0aWNsZXNRdWVyeQ==	YXJ0aWNsZXNRdWVyeQ==	QU5Z	125	94489280587
68719477063	107374182404	YXJ0aWNsZXNRdWVyeQ==	YXJ0aWNsZXNRdWVyeQ==	QU5Z	125	94489280587
68719477064	107374182404	YXJ0aWNsZXNRdWVyeQ==	YXJ0aWNsZXNRdWVyeQ==	QU5Z	125	94489280587
68719477065	107374182404	c3ViUXVlcnk=	c3ViUXVlcnk=	QU5Z	125	94489280593
68719477066	107374182404	Y291bnRRdWVyeQ==	Y291bnRRdWVyeQ==	QU5Z	126	94489280590
68719477067	107374182404	Y291bnRRdWVyeQ==	Y291bnRRdWVyeQ==	QU5Z	126	94489280590
68719477068	107374182404	Y291bnRRdWVyeQ==	Y291bnRRdWVyeQ==	QU5Z	126	94489280590
68719477069	107374182404	c3ViUXVlcnk=	c3ViUXVlcnk=	QU5Z	126	94489280593
68719477070	107374182404	dGFn	dGFn	Y3R4OnF1ZXJ5OjxyZXR1cm5WYWx1ZT46PG1lbWJlcj4ocXVlcnkpOjxtZW1iZXI+KHRhZyk=	129	94489280584
68719477071	107374182404	dGFn	dGFn	Y3R4OnF1ZXJ5OjxyZXR1cm5WYWx1ZT46PG1lbWJlcj4ocXVlcnkpOjxtZW1iZXI+KHRhZyk=	129	94489280584
68719477072	107374182404	c3ViUXVlcnk=	c3ViUXVlcnk=	QU5Z	130	94489280593
68719477073	107374182404	X3RtcF8zNw==	X3RtcF8zNw==	QU5Z	130	94489280832
68719477074	107374182404	X3RtcF8zOA==	X3RtcF8zOA==	Y29udHJvbGxlcnMvYXJ0aWNsZXMtY29udHJvbGxlci5qczo6cHJvZ3JhbTpkYjo8cmV0dXJuVmFsdWU+	130	94489280833
68719477075	107374182404	ZGI=	ZGI=	QU5Z	130	94489280831
68719477076	107374182404	dGhpcw==	dGhpcw==	Y29udHJvbGxlcnMvYXJ0aWNsZXMtY29udHJvbGxlci5qczo6cHJvZ3JhbQ==	130	111669149715
68719477077	107374182404	X3RtcF8zOA==	X3RtcF8zOA==	Y29udHJvbGxlcnMvYXJ0aWNsZXMtY29udHJvbGxlci5qczo6cHJvZ3JhbTpkYjo8cmV0dXJuVmFsdWU+	130	94489280833
68719477078	107374182404	X3RtcF8zNw==	X3RtcF8zNw==	QU5Z	130	94489280832
68719477079	107374182404	X3RtcF8zOQ==	X3RtcF8zOQ==	QU5Z	134	94489280829
68719477080	107374182404	X3RtcF80MA==	X3RtcF80MA==	Y29udHJvbGxlcnMvYXJ0aWNsZXMtY29udHJvbGxlci5qczo6cHJvZ3JhbTpkYjo8cmV0dXJuVmFsdWU+	134	94489280830
68719477081	107374182404	ZGI=	ZGI=	QU5Z	134	94489280831
68719477082	107374182404	dGhpcw==	dGhpcw==	Y29udHJvbGxlcnMvYXJ0aWNsZXMtY29udHJvbGxlci5qczo6cHJvZ3JhbQ==	134	111669149715
68719477083	107374182404	X3RtcF80MA==	X3RtcF80MA==	Y29udHJvbGxlcnMvYXJ0aWNsZXMtY29udHJvbGxlci5qczo6cHJvZ3JhbTpkYjo8cmV0dXJuVmFsdWU+	134	94489280830
68719477084	107374182404	X3RtcF8zOQ==	X3RtcF8zOQ==	QU5Z	134	94489280829
68719477085	107374182404	dGFn	dGFn	Y3R4OnF1ZXJ5OjxyZXR1cm5WYWx1ZT46PG1lbWJlcj4ocXVlcnkpOjxtZW1iZXI+KHRhZyk=	136	94489280584
68719477086	107374182404	YXJ0aWNsZXNRdWVyeQ==	YXJ0aWNsZXNRdWVyeQ==	QU5Z	139	94489280587
68719477087	107374182404	YXJ0aWNsZXNRdWVyeQ==	YXJ0aWNsZXNRdWVyeQ==	QU5Z	139	94489280587
68719477088	107374182404	YXJ0aWNsZXNRdWVyeQ==	YXJ0aWNsZXNRdWVyeQ==	QU5Z	139	94489280587
68719477089	107374182404	c3ViUXVlcnk=	c3ViUXVlcnk=	QU5Z	139	94489280593
68719477090	107374182404	Y291bnRRdWVyeQ==	Y291bnRRdWVyeQ==	QU5Z	140	94489280590
68719477091	107374182404	Y291bnRRdWVyeQ==	Y291bnRRdWVyeQ==	QU5Z	140	94489280590
68719477092	107374182404	Y291bnRRdWVyeQ==	Y291bnRRdWVyeQ==	QU5Z	140	94489280590
68719477093	107374182404	c3ViUXVlcnk=	c3ViUXVlcnk=	QU5Z	140	94489280593
68719477094	107374182404	YXJ0aWNsZXNRdWVyeQ==	YXJ0aWNsZXNRdWVyeQ==	QU5Z	143	94489280587
68719477095	107374182404	X3RtcF80MQ==	X3RtcF80MQ==	QU5Z	143	94489280822
68719477096	107374182404	X3RtcF80Mg==	X3RtcF80Mg==	QU5Z	143	94489280826
68719477097	107374182404	X3RtcF80Mw==	X3RtcF80Mw==	QU5Z	143	94489280827
68719477098	107374182404	X3RtcF80NA==	X3RtcF80NA==	QU5Z	143	94489280828
68719477099	107374182404	YXJ0aWNsZXNRdWVyeQ==	YXJ0aWNsZXNRdWVyeQ==	QU5Z	143	94489280587
68719477100	107374182404	YXJ0aWNsZXNRdWVyeQ==	YXJ0aWNsZXNRdWVyeQ==	QU5Z	143	94489280587
68719477101	107374182404	X3RtcF80NA==	X3RtcF80NA==	QU5Z	143	94489280828
68719477102	107374182404	X3RtcF80Mw==	X3RtcF80Mw==	QU5Z	143	94489280827
68719477103	107374182404	X3RtcF80Mg==	X3RtcF80Mg==	QU5Z	143	94489280826
68719477104	107374182404	X3RtcF80MQ==	X3RtcF80MQ==	QU5Z	143	94489280822
68719477105	107374182404	X3RtcF81MA==	X3RtcF81MA==	QU5Z	160	94489280598
68719477106	107374182404	X3RtcF80OQ==	X3RtcF80OQ==	X19lY21hLkFycmF5	160	94489280818
68719477107	107374182404	X3RtcF80OQ==	X3RtcF80OQ==	X19lY21hLkFycmF5	160	
68719477108	107374182404	X3RtcF80OQ==	X3RtcF80OQ==	X19lY21hLkFycmF5	160	
68719477109	107374182404	YXJ0aWNsZXNRdWVyeQ==	YXJ0aWNsZXNRdWVyeQ==	QU5Z	160	94489280587
68719477110	107374182404	X3RtcF80OQ==	X3RtcF80OQ==	X19lY21hLkFycmF5	160	
68719477111	107374182404	X3RtcF80OQ==	X3RtcF80OQ==	X19lY21hLkFycmF5	160	
68719477112	107374182404	Y291bnRRdWVyeQ==	Y291bnRRdWVyeQ==	QU5Z	160	94489280590
68719477113	107374182404	X3RtcF80OQ==	X3RtcF80OQ==	X19lY21hLkFycmF5	160	
68719477114	107374182404	YXJ0aWNsZXM=	YXJ0aWNsZXM=	QU5Z	160	94489280599
68719477115	107374182404	X3RtcF81MA==	X3RtcF81MA==	QU5Z	160	
68719477116	107374182404	X3RtcF81MQ==	X3RtcF81MQ==	X19lY21hLkFycmF5	160	94489280817
68719477117	107374182404	X3RtcF81MQ==	X3RtcF81MQ==	X19lY21hLkFycmF5	160	
68719477118	107374182404	X3RtcF81MQ==	X3RtcF81MQ==	X19lY21hLkFycmF5	160	
68719477119	107374182404	Y291bnRSZXM=	Y291bnRSZXM=	QU5Z	160	94489280812
68719477120	107374182404	X3RtcF81MQ==	X3RtcF81MQ==	X19lY21hLkFycmF5	160	
68719477121	107374182404	X3RtcF81MA==	X3RtcF81MA==	QU5Z	160	
68719477122	107374182404	YXJ0aWNsZXM=	YXJ0aWNsZXM=	QU5Z	162	94489280599
68719477123	107374182404	X3RtcF81Mg==	X3RtcF81Mg==	am9pbi1qczptYXA6PHJldHVyblZhbHVlPg==	162	94489280814
68719477124	107374182404	am9pbkpz	am9pbkpz	am9pbi1qcw==	162	94489280816
68719477125	107374182404	am9pbkpz	am9pbkpz	am9pbi1qcw==	162	94489280816
68719477126	107374182404	YXJ0aWNsZXM=	YXJ0aWNsZXM=	QU5Z	163	94489280599
68719477127	107374182404	cmVsYXRpb25zTWFwcw==	cmVsYXRpb25zTWFwcw==	X19lY21hLkFycmF5	163	94489280815
68719477128	107374182404	X3RtcF81Mg==	X3RtcF81Mg==	am9pbi1qczptYXA6PHJldHVyblZhbHVlPg==	162	94489280814
68719477129	107374182404	YXJ0aWNsZXNDb3VudA==	YXJ0aWNsZXNDb3VudA==	TnVtYmVyOjxyZXR1cm5WYWx1ZT4=	172	94489280601
68719477130	107374182404	Y291bnRSZXM=	Y291bnRSZXM=	QU5Z	172	94489280812
68719477131	107374182404	Y291bnRSZXM=	Y291bnRSZXM=	QU5Z	172	94489280812
68719477132	107374182404	YXJ0aWNsZXNDb3VudA==	YXJ0aWNsZXNDb3VudA==	TnVtYmVyOjxyZXR1cm5WYWx1ZT4=	173	94489280601
68719477133	107374182404	YXJ0aWNsZXNDb3VudA==	YXJ0aWNsZXNDb3VudA==	TnVtYmVyOjxyZXR1cm5WYWx1ZT4=	173	94489280601
68719477134	107374182404	Y3R4	Y3R4	QU5Z	175	111669149716
68719477135	107374182404	X3RtcF81NA==	X3RtcF81NA==	QU5Z	175	
68719477136	107374182404	YXJ0aWNsZXM=	YXJ0aWNsZXM=	QU5Z	175	94489280599
68719477137	107374182404	X3RtcF81NA==	X3RtcF81NA==	QU5Z	175	
68719477138	107374182404	YXJ0aWNsZXNDb3VudA==	YXJ0aWNsZXNDb3VudA==	TnVtYmVyOjxyZXR1cm5WYWx1ZT4=	175	94489280601
68719477139	107374182404	X3RtcF81NA==	X3RtcF81NA==	QU5Z	175	
68719477140	107374182404	Y3R4	Y3R4	QU5Z	179	111669149718
68719477141	107374182404	X3RtcF81NQ==	X3RtcF81NQ==	QU5Z	179	
68719477142	107374182404	Y3R4	Y3R4	QU5Z	179	111669149718
68719477143	107374182404	X3RtcF81NQ==	X3RtcF81NQ==	QU5Z	179	
68719477144	107374182404	X3RtcF82Mw==	X3RtcF82Mw==	QU5Z	198	
68719477145	107374182404	dXVpZA==	dXVpZA==	dXVpZA==	198	94489280808
68719477146	107374182404	dGhpcw==	dGhpcw==	Y29udHJvbGxlcnMvYXJ0aWNsZXMtY29udHJvbGxlci5qczo6cHJvZ3JhbQ==	198	111669149719
68719477147	107374182404	X3RtcF82Mw==	X3RtcF82Mw==	QU5Z	198	
68719477148	107374182404	dA==	dA==	QU5Z	198	111669149720
68719477149	107374182404	X3RtcF82Mw==	X3RtcF82Mw==	QU5Z	198	
68719477150	107374182404	X3RtcF82NA==	X3RtcF82NA==	Y3R4OnF1ZXJ5OjxyZXR1cm5WYWx1ZT46PG1lbWJlcj4ocXVlcnkpOjxtZW1iZXI+KHRhZyk=	199	94489280805
68719477151	107374182404	Y3R4	Y3R4	QU5Z	199	94489280806
68719477152	107374182404	X3RtcF82NA==	X3RtcF82NA==	Y3R4OnF1ZXJ5OjxyZXR1cm5WYWx1ZT46PG1lbWJlcj4ocXVlcnkpOjxtZW1iZXI+KHRhZyk=	199	94489280805
68719477153	107374182404	dA==	dA==	QU5Z	199	111669149722
68719477154	107374182404	b3B0cw==	b3B0cw==	eyBhYm9ydEVhcmx5OiBfX2VjbWEuQm9vbGVhbjsgfQ==	199	94489280804
68719477155	107374182404	dA==	dA==	QU5Z	234	111669149724
68719477156	107374182404	X3RtcF83Mw==	X3RtcF83Mw==	QU5Z	237	
68719477157	107374182404	dXVpZA==	dXVpZA==	dXVpZA==	237	94489280792
68719477158	107374182404	dGhpcw==	dGhpcw==	Y29udHJvbGxlcnMvYXJ0aWNsZXMtY29udHJvbGxlci5qczo6cHJvZ3JhbQ==	237	111669149725
68719477159	107374182404	X3RtcF83Mw==	X3RtcF83Mw==	QU5Z	238	
68719477160	107374182404	dA==	dA==	QU5Z	238	111669149726
68719477161	107374182404	X3RtcF83Mw==	X3RtcF83Mw==	QU5Z	239	
68719477162	107374182404	YXJ0aWNsZQ==	YXJ0aWNsZQ==	Y3R4OnJlcXVlc3Q6PHJldHVyblZhbHVlPjo8bWVtYmVyPihyZXF1ZXN0KTo8bWVtYmVyPihib2R5KTo8bWVtYmVyPihhcnRpY2xlKQ==	239	94489280791
68719477163	107374182404	X3RtcF83Mw==	X3RtcF83Mw==	QU5Z	236	
68719477164	107374182404	X3RtcF81Ng==	X3RtcF81Ng==	Y3R4OnJlcXVlc3Q6PHJldHVyblZhbHVlPjo8bWVtYmVyPihyZXF1ZXN0KQ==	183	94489280605
68719477165	107374182404	Y3R4	Y3R4	QU5Z	183	111669149728
68719477166	107374182404	Ym9keQ==	Ym9keQ==	Y3R4OnJlcXVlc3Q6PHJldHVyblZhbHVlPjo8bWVtYmVyPihyZXF1ZXN0KTo8bWVtYmVyPihib2R5KQ==	183	94489280606
68719477167	107374182404	X3RtcF81Ng==	X3RtcF81Ng==	Y3R4OnJlcXVlc3Q6PHJldHVyblZhbHVlPjo8bWVtYmVyPihyZXF1ZXN0KQ==	183	
68719477168	107374182404	X3RtcF81Ng==	X3RtcF81Ng==	Y3R4OnJlcXVlc3Q6PHJldHVyblZhbHVlPjo8bWVtYmVyPihyZXF1ZXN0KQ==	183	
68719477169	107374182404	X3RtcF81Nw==	X3RtcF81Nw==	Y3R4OnJlcXVlc3Q6PHJldHVyblZhbHVlPjo8bWVtYmVyPihyZXF1ZXN0KTo8bWVtYmVyPihib2R5KQ==	184	94489280608
68719477170	107374182404	Ym9keQ==	Ym9keQ==	Y3R4OnJlcXVlc3Q6PHJldHVyblZhbHVlPjo8bWVtYmVyPihyZXF1ZXN0KTo8bWVtYmVyPihib2R5KQ==	184	94489280606
68719477171	107374182404	YXJ0aWNsZQ==	YXJ0aWNsZQ==	Y3R4OnJlcXVlc3Q6PHJldHVyblZhbHVlPjo8bWVtYmVyPihyZXF1ZXN0KTo8bWVtYmVyPihib2R5KTo8bWVtYmVyPihhcnRpY2xlKQ==	184	94489280609
68719477172	107374182404	X3RtcF81Nw==	X3RtcF81Nw==	Y3R4OnJlcXVlc3Q6PHJldHVyblZhbHVlPjo8bWVtYmVyPihyZXF1ZXN0KTo8bWVtYmVyPihib2R5KQ==	184	
68719477173	107374182404	X3RtcF81Nw==	X3RtcF81Nw==	Y3R4OnJlcXVlc3Q6PHJldHVyblZhbHVlPjo8bWVtYmVyPihyZXF1ZXN0KTo8bWVtYmVyPihib2R5KQ==	184	
68719477174	107374182404	b3B0cw==	b3B0cw==	eyBhYm9ydEVhcmx5OiBfX2VjbWEuQm9vbGVhbjsgfQ==	186	94489280611
68719477175	107374182404	X3RtcF81OA==	X3RtcF81OA==	QU5Z	186	
68719477176	107374182404	X3RtcF81OA==	X3RtcF81OA==	QU5Z	186	
68719477177	107374182404	YXJ0aWNsZQ==	YXJ0aWNsZQ==	Y3R4OnJlcXVlc3Q6PHJldHVyblZhbHVlPjo8bWVtYmVyPihyZXF1ZXN0KTo8bWVtYmVyPihib2R5KTo8bWVtYmVyPihhcnRpY2xlKQ==	188	94489280609
68719477178	107374182404	dXVpZA==	dXVpZA==	dXVpZA==	188	94489280793
68719477179	107374182404	dGhpcw==	dGhpcw==	Y29udHJvbGxlcnMvYXJ0aWNsZXMtY29udHJvbGxlci5qczo6cHJvZ3JhbQ==	188	111669149727
68719477180	107374182404	YXJ0aWNsZQ==	YXJ0aWNsZQ==	Y3R4OnJlcXVlc3Q6PHJldHVyblZhbHVlPjo8bWVtYmVyPihyZXF1ZXN0KTo8bWVtYmVyPihib2R5KTo8bWVtYmVyPihhcnRpY2xlKQ==	189	94489280609
68719477181	107374182404	Y3R4	Y3R4	QU5Z	189	111669149728
68719477182	107374182404	YXJ0aWNsZQ==	YXJ0aWNsZQ==	Y3R4OnJlcXVlc3Q6PHJldHVyblZhbHVlPjo8bWVtYmVyPihyZXF1ZXN0KTo8bWVtYmVyPihib2R5KTo8bWVtYmVyPihhcnRpY2xlKQ==	191	94489280609
68719477183	107374182404	X3RtcF81OQ==	X3RtcF81OQ==	Y3R4OnJlcXVlc3Q6PHJldHVyblZhbHVlPjo8bWVtYmVyPihyZXF1ZXN0KTo8bWVtYmVyPihib2R5KTo8bWVtYmVyPihhcnRpY2xlKQ==	191	94489280811
68719477184	107374182404	Y3R4	Y3R4	QU5Z	191	111669149728
68719477185	107374182404	X3RtcF81OQ==	X3RtcF81OQ==	Y3R4OnJlcXVlc3Q6PHJldHVyblZhbHVlPjo8bWVtYmVyPihyZXF1ZXN0KTo8bWVtYmVyPihib2R5KTo8bWVtYmVyPihhcnRpY2xlKQ==	191	94489280811
68719477186	107374182404	YXJ0aWNsZQ==	YXJ0aWNsZQ==	Y3R4OnJlcXVlc3Q6PHJldHVyblZhbHVlPjo8bWVtYmVyPihyZXF1ZXN0KTo8bWVtYmVyPihib2R5KTo8bWVtYmVyPihhcnRpY2xlKQ==	191	94489280609
68719477187	107374182404	b3B0cw==	b3B0cw==	eyBhYm9ydEVhcmx5OiBfX2VjbWEuQm9vbGVhbjsgfQ==	191	94489280611
68719477188	107374182404	YXJ0aWNsZQ==	YXJ0aWNsZQ==	Y3R4OnJlcXVlc3Q6PHJldHVyblZhbHVlPjo8bWVtYmVyPihyZXF1ZXN0KTo8bWVtYmVyPihib2R5KTo8bWVtYmVyPihhcnRpY2xlKQ==	193	94489280609
68719477189	107374182404	c2x1Zw==	c2x1Zw==	c2x1Zw==	193	94489280810
68719477190	107374182404	dGhpcw==	dGhpcw==	Y29udHJvbGxlcnMvYXJ0aWNsZXMtY29udHJvbGxlci5qczo6cHJvZ3JhbQ==	193	111669149727
68719477191	107374182404	Xw==	Xw==	bG9kYXNo	193	94489280788
68719477192	107374182404	Xw==	Xw==	bG9kYXNo	193	94489280788
68719477193	107374182404	YXJ0aWNsZQ==	YXJ0aWNsZQ==	Y3R4OnJlcXVlc3Q6PHJldHVyblZhbHVlPjo8bWVtYmVyPihyZXF1ZXN0KTo8bWVtYmVyPihib2R5KTo8bWVtYmVyPihhcnRpY2xlKQ==	193	94489280609
68719477194	107374182404	X3RtcF82MA==	X3RtcF82MA==	QU5Z	193	
68719477195	107374182404	X3RtcF82MA==	X3RtcF82MA==	QU5Z	193	
68719477196	107374182404	YXJ0aWNsZQ==	YXJ0aWNsZQ==	Y3R4OnJlcXVlc3Q6PHJldHVyblZhbHVlPjo8bWVtYmVyPihyZXF1ZXN0KTo8bWVtYmVyPihib2R5KTo8bWVtYmVyPihhcnRpY2xlKQ==	195	94489280609
68719477197	107374182404	YXJ0aWNsZQ==	YXJ0aWNsZQ==	Y3R4OnJlcXVlc3Q6PHJldHVyblZhbHVlPjo8bWVtYmVyPihyZXF1ZXN0KTo8bWVtYmVyPihib2R5KTo8bWVtYmVyPihhcnRpY2xlKQ==	195	94489280609
68719477198	107374182404	dGFncw==	dGFncw==	X19lY21hLkFycmF5	196	94489280610
68719477199	107374182404	X3RtcF82MQ==	X3RtcF82MQ==	X19lY21hLkFycmF5Om1hcDo8cmV0dXJuVmFsdWU+	197	94489280807
68719477200	107374182404	X3RtcF82Mg==	X3RtcF82Mg==	X19lY21hLkFycmF5	197	94489280809
68719477201	107374182404	YXJ0aWNsZQ==	YXJ0aWNsZQ==	Y3R4OnJlcXVlc3Q6PHJldHVyblZhbHVlPjo8bWVtYmVyPihyZXF1ZXN0KTo8bWVtYmVyPihib2R5KTo8bWVtYmVyPihhcnRpY2xlKQ==	197	94489280609
68719477202	107374182404	X3RtcF82Mg==	X3RtcF82Mg==	X19lY21hLkFycmF5	197	94489280809
68719477203	107374182404	X3RtcF82MQ==	X3RtcF82MQ==	X19lY21hLkFycmF5Om1hcDo8cmV0dXJuVmFsdWU+	197	94489280807
68719477204	107374182404	X3RtcF82NQ==	X3RtcF82NQ==	Y29udHJvbGxlcnMvYXJ0aWNsZXMtY29udHJvbGxlci5qczo6cHJvZ3JhbTpkYjo8cmV0dXJuVmFsdWU+	204	94489280803
68719477205	107374182404	ZGI=	ZGI=	QU5Z	204	94489280790
68719477206	107374182404	dGhpcw==	dGhpcw==	Y29udHJvbGxlcnMvYXJ0aWNsZXMtY29udHJvbGxlci5qczo6cHJvZ3JhbQ==	204	111669149727
68719477207	107374182404	X3RtcF82NQ==	X3RtcF82NQ==	Y29udHJvbGxlcnMvYXJ0aWNsZXMtY29udHJvbGxlci5qczo6cHJvZ3JhbTpkYjo8cmV0dXJuVmFsdWU+	204	94489280803
68719477208	107374182404	aHVtcHM=	aHVtcHM=	aHVtcHM=	205	94489280797
68719477209	107374182404	aHVtcHM=	aHVtcHM=	aHVtcHM=	205	94489280797
68719477210	107374182404	Xw==	Xw==	bG9kYXNo	205	94489280788
68719477211	107374182404	Xw==	Xw==	bG9kYXNo	205	94489280788
68719477212	107374182404	YXJ0aWNsZQ==	YXJ0aWNsZQ==	Y3R4OnJlcXVlc3Q6PHJldHVyblZhbHVlPjo8bWVtYmVyPihyZXF1ZXN0KTo8bWVtYmVyPihib2R5KTo8bWVtYmVyPihhcnRpY2xlKQ==	205	94489280609
68719477213	107374182404	X3RtcF82Ng==	X3RtcF82Ng==	X19lY21hLkFycmF5	205	94489280802
68719477214	107374182404	X3RtcF82Ng==	X3RtcF82Ng==	X19lY21hLkFycmF5	205	
68719477215	107374182404	X3RtcF82Ng==	X3RtcF82Ng==	X19lY21hLkFycmF5	205	
68719477216	107374182404	X3RtcF82Ng==	X3RtcF82Ng==	X19lY21hLkFycmF5	205	
68719477217	107374182404	ZXJy	ZXJy	QU5Z	207	94489280796
68719477218	107374182404	Y3R4	Y3R4	QU5Z	208	111669149728
68719477219	107374182404	Y3R4	Y3R4	QU5Z	208	111669149728
68719477220	107374182404	ZXJy	ZXJy	QU5Z	209	94489280796
68719477221	107374182404	ZXJy	ZXJy	QU5Z	209	94489280796
68719477222	107374182404	ZXJy	ZXJy	QU5Z	210	94489280796
68719477223	107374182404	YXJ0aWNsZQ==	YXJ0aWNsZQ==	Y3R4OnJlcXVlc3Q6PHJldHVyblZhbHVlPjo8bWVtYmVyPihyZXF1ZXN0KTo8bWVtYmVyPihib2R5KTo8bWVtYmVyPihhcnRpY2xlKQ==	213	94489280609
68719477224	107374182404	YXJ0aWNsZQ==	YXJ0aWNsZQ==	Y3R4OnJlcXVlc3Q6PHJldHVyblZhbHVlPjo8bWVtYmVyPihyZXF1ZXN0KTo8bWVtYmVyPihib2R5KTo8bWVtYmVyPihhcnRpY2xlKQ==	213	94489280609
68719477225	107374182404	X3RtcF82Nw==	X3RtcF82Nw==	dXVpZDo8cmV0dXJuVmFsdWU+	213	94489280801
68719477226	107374182404	dXVpZA==	dXVpZA==	dXVpZA==	213	94489280793
68719477227	107374182404	dGhpcw==	dGhpcw==	Y29udHJvbGxlcnMvYXJ0aWNsZXMtY29udHJvbGxlci5qczo6cHJvZ3JhbQ==	213	111669149727
68719477228	107374182404	X3RtcF82Nw==	X3RtcF82Nw==	dXVpZDo8cmV0dXJuVmFsdWU+	213	94489280801
68719477229	107374182404	X3RtcF82OA==	X3RtcF82OA==	Y29udHJvbGxlcnMvYXJ0aWNsZXMtY29udHJvbGxlci5qczo6cHJvZ3JhbTpkYjo8cmV0dXJuVmFsdWU+	215	94489280800
68719477230	107374182404	ZGI=	ZGI=	QU5Z	215	94489280790
68719477231	107374182404	dGhpcw==	dGhpcw==	Y29udHJvbGxlcnMvYXJ0aWNsZXMtY29udHJvbGxlci5qczo6cHJvZ3JhbQ==	215	111669149727
68719477232	107374182404	X3RtcF82OA==	X3RtcF82OA==	Y29udHJvbGxlcnMvYXJ0aWNsZXMtY29udHJvbGxlci5qczo6cHJvZ3JhbTpkYjo8cmV0dXJuVmFsdWU+	215	94489280800
68719477233	107374182404	aHVtcHM=	aHVtcHM=	aHVtcHM=	216	94489280797
68719477234	107374182404	aHVtcHM=	aHVtcHM=	aHVtcHM=	216	94489280797
68719477235	107374182404	Xw==	Xw==	bG9kYXNo	216	94489280788
68719477236	107374182404	Xw==	Xw==	bG9kYXNo	216	94489280788
68719477237	107374182404	YXJ0aWNsZQ==	YXJ0aWNsZQ==	Y3R4OnJlcXVlc3Q6PHJldHVyblZhbHVlPjo8bWVtYmVyPihyZXF1ZXN0KTo8bWVtYmVyPihib2R5KTo8bWVtYmVyPihhcnRpY2xlKQ==	216	94489280609
68719477238	107374182404	X3RtcF82OQ==	X3RtcF82OQ==	X19lY21hLkFycmF5	216	94489280799
68719477239	107374182404	X3RtcF82OQ==	X3RtcF82OQ==	X19lY21hLkFycmF5	216	
68719477240	107374182404	X3RtcF82OQ==	X3RtcF82OQ==	X19lY21hLkFycmF5	216	
68719477241	107374182404	X3RtcF82OQ==	X3RtcF82OQ==	X19lY21hLkFycmF5	216	
68719477242	107374182404	dGFncw==	dGFncw==	X19lY21hLkFycmF5	220	94489280610
68719477243	107374182404	dGFncw==	dGFncw==	X19lY21hLkFycmF5	220	94489280610
68719477244	107374182404	aQ==	aQ==	X19lY21hLk51bWJlcg==	221	94489280617
68719477245	107374182404	aQ==	aQ==	X19lY21hLk51bWJlcg==	221	94489280617
68719477246	107374182404	dGFncw==	dGFncw==	X19lY21hLkFycmF5	221	94489280610
68719477247	107374182404	aQ==	aQ==	X19lY21hLk51bWJlcg==	221	94489280617
68719477248	107374182404	X3RtcF83MA==	X3RtcF83MA==	Y29udHJvbGxlcnMvYXJ0aWNsZXMtY29udHJvbGxlci5qczo6cHJvZ3JhbTpkYjo8cmV0dXJuVmFsdWU+	223	94489280798
68719477249	107374182404	ZGI=	ZGI=	QU5Z	223	94489280790
68719477250	107374182404	dGhpcw==	dGhpcw==	Y29udHJvbGxlcnMvYXJ0aWNsZXMtY29udHJvbGxlci5qczo6cHJvZ3JhbQ==	223	111669149727
68719477251	107374182404	X3RtcF83MA==	X3RtcF83MA==	Y29udHJvbGxlcnMvYXJ0aWNsZXMtY29udHJvbGxlci5qczo6cHJvZ3JhbTpkYjo8cmV0dXJuVmFsdWU+	223	94489280798
68719477252	107374182404	aHVtcHM=	aHVtcHM=	aHVtcHM=	223	94489280797
68719477253	107374182404	aHVtcHM=	aHVtcHM=	aHVtcHM=	223	94489280797
68719477254	107374182404	dGFncw==	dGFncw==	X19lY21hLkFycmF5	223	94489280610
68719477255	107374182404	aQ==	aQ==	X19lY21hLk51bWJlcg==	223	94489280617
68719477256	107374182404	ZXJy	ZXJy	QU5Z	224	94489280796
68719477257	107374182404	Y3R4	Y3R4	QU5Z	225	111669149728
68719477258	107374182404	Y3R4	Y3R4	QU5Z	225	111669149728
68719477259	107374182404	ZXJy	ZXJy	QU5Z	226	94489280796
68719477260	107374182404	ZXJy	ZXJy	QU5Z	226	94489280796
68719477261	107374182404	ZXJy	ZXJy	QU5Z	227	94489280796
68719477262	107374182404	dGFncw==	dGFncw==	X19lY21hLkFycmF5	232	94489280610
68719477263	107374182404	X3RtcF83MQ==	X3RtcF83MQ==	QU5Z	232	94489280794
68719477264	107374182404	X3RtcF83Mg==	X3RtcF83Mg==	Y29udHJvbGxlcnMvYXJ0aWNsZXMtY29udHJvbGxlci5qczo6cHJvZ3JhbTpkYjo8cmV0dXJuVmFsdWU+	232	94489280795
68719477265	107374182404	ZGI=	ZGI=	QU5Z	232	94489280790
68719477266	107374182404	dGhpcw==	dGhpcw==	Y29udHJvbGxlcnMvYXJ0aWNsZXMtY29udHJvbGxlci5qczo6cHJvZ3JhbQ==	232	111669149727
68719477267	107374182404	X3RtcF83Mg==	X3RtcF83Mg==	Y29udHJvbGxlcnMvYXJ0aWNsZXMtY29udHJvbGxlci5qczo6cHJvZ3JhbTpkYjo8cmV0dXJuVmFsdWU+	232	94489280795
68719477268	107374182404	X3RtcF83MQ==	X3RtcF83MQ==	QU5Z	232	94489280794
68719477269	107374182404	dGFncw==	dGFncw==	X19lY21hLkFycmF5	234	94489280610
68719477270	107374182404	dGFncw==	dGFncw==	X19lY21hLkFycmF5	234	94489280610
68719477271	107374182404	cmVsYXRpb25z	cmVsYXRpb25z	X19lY21hLkFycmF5	236	94489280618
68719477272	107374182404	dGFncw==	dGFncw==	X19lY21hLkFycmF5	236	94489280610
68719477273	107374182404	dGFncw==	dGFncw==	X19lY21hLkFycmF5	236	94489280610
68719477274	107374182404	X3RtcF83NA==	X3RtcF83NA==	Y29udHJvbGxlcnMvYXJ0aWNsZXMtY29udHJvbGxlci5qczo6cHJvZ3JhbTpkYjo8cmV0dXJuVmFsdWU+	242	94489280789
68719477275	107374182404	ZGI=	ZGI=	QU5Z	242	94489280790
68719477276	107374182404	dGhpcw==	dGhpcw==	Y29udHJvbGxlcnMvYXJ0aWNsZXMtY29udHJvbGxlci5qczo6cHJvZ3JhbQ==	242	111669149727
68719477277	107374182404	X3RtcF83NA==	X3RtcF83NA==	Y29udHJvbGxlcnMvYXJ0aWNsZXMtY29udHJvbGxlci5qczo6cHJvZ3JhbTpkYjo8cmV0dXJuVmFsdWU+	242	94489280789
68719477278	107374182404	cmVsYXRpb25z	cmVsYXRpb25z	X19lY21hLkFycmF5	242	94489280618
68719477279	107374182404	YXJ0aWNsZQ==	YXJ0aWNsZQ==	Y3R4OnJlcXVlc3Q6PHJldHVyblZhbHVlPjo8bWVtYmVyPihyZXF1ZXN0KTo8bWVtYmVyPihib2R5KTo8bWVtYmVyPihhcnRpY2xlKQ==	245	94489280609
68719477280	107374182404	YXJ0aWNsZQ==	YXJ0aWNsZQ==	Y3R4OnJlcXVlc3Q6PHJldHVyblZhbHVlPjo8bWVtYmVyPihyZXF1ZXN0KTo8bWVtYmVyPihib2R5KTo8bWVtYmVyPihhcnRpY2xlKQ==	246	94489280609
68719477281	107374182404	Xw==	Xw==	bG9kYXNo	246	94489280788
68719477282	107374182404	Xw==	Xw==	bG9kYXNo	246	94489280788
68719477283	107374182404	Y3R4	Y3R4	QU5Z	246	111669149728
68719477284	107374182404	X3RtcF83NQ==	X3RtcF83NQ==	X19lY21hLkFycmF5	246	94489280787
68719477285	107374182404	X3RtcF83NQ==	X3RtcF83NQ==	X19lY21hLkFycmF5	246	
68719477286	107374182404	X3RtcF83NQ==	X3RtcF83NQ==	X19lY21hLkFycmF5	246	
68719477287	107374182404	X3RtcF83NQ==	X3RtcF83NQ==	X19lY21hLkFycmF5	246	
68719477288	107374182404	X3RtcF83NQ==	X3RtcF83NQ==	X19lY21hLkFycmF5	246	
68719477289	107374182404	X3RtcF83NQ==	X3RtcF83NQ==	X19lY21hLkFycmF5	246	
68719477290	107374182404	X3RtcF83NQ==	X3RtcF83NQ==	X19lY21hLkFycmF5	246	
68719477291	107374182404	X3RtcF83NQ==	X3RtcF83NQ==	X19lY21hLkFycmF5	246	
68719477292	107374182404	YXJ0aWNsZQ==	YXJ0aWNsZQ==	Y3R4OnJlcXVlc3Q6PHJldHVyblZhbHVlPjo8bWVtYmVyPihyZXF1ZXN0KTo8bWVtYmVyPihib2R5KTo8bWVtYmVyPihhcnRpY2xlKQ==	247	94489280609
68719477293	107374182404	Y3R4	Y3R4	QU5Z	249	111669149728
68719477294	107374182404	X3RtcF83Ng==	X3RtcF83Ng==	QU5Z	249	
68719477295	107374182404	YXJ0aWNsZQ==	YXJ0aWNsZQ==	Y3R4OnJlcXVlc3Q6PHJldHVyblZhbHVlPjo8bWVtYmVyPihyZXF1ZXN0KTo8bWVtYmVyPihib2R5KTo8bWVtYmVyPihhcnRpY2xlKQ==	249	94489280609
68719477296	107374182404	X3RtcF83Ng==	X3RtcF83Ng==	QU5Z	249	
68719477297	107374182404	X3RtcF8xMDY=	X3RtcF8xMDY=	QU5Z	332	
68719477298	107374182404	dXVpZA==	dXVpZA==	dXVpZA==	332	94489280764
68719477299	107374182404	dGhpcw==	dGhpcw==	Y29udHJvbGxlcnMvYXJ0aWNsZXMtY29udHJvbGxlci5qczo6cHJvZ3JhbQ==	332	111669149729
68719477300	107374182404	X3RtcF8xMDY=	X3RtcF8xMDY=	QU5Z	332	
68719477301	107374182404	dA==	dA==	QU5Z	332	111669149730
68719477302	107374182404	X3RtcF8xMDY=	X3RtcF8xMDY=	QU5Z	332	
68719477303	107374182404	X3RtcF8xMDc=	X3RtcF8xMDc=	Y3R4OnF1ZXJ5OjxyZXR1cm5WYWx1ZT46PG1lbWJlcj4ocXVlcnkpOjxtZW1iZXI+KHRhZyk=	333	94489280761
68719477304	107374182404	Y3R4	Y3R4	QU5Z	333	94489280762
68719477305	107374182404	X3RtcF8xMDc=	X3RtcF8xMDc=	Y3R4OnF1ZXJ5OjxyZXR1cm5WYWx1ZT46PG1lbWJlcj4ocXVlcnkpOjxtZW1iZXI+KHRhZyk=	333	94489280761
68719477306	107374182404	dA==	dA==	QU5Z	333	111669149732
68719477307	107374182404	b3B0cw==	b3B0cw==	eyBhYm9ydEVhcmx5OiBfX2VjbWEuQm9vbGVhbjsgfQ==	333	94489280760
68719477308	107374182404	dA==	dA==	QU5Z	350	111669149734
68719477309	107374182404	X3RtcF8xMTE=	X3RtcF8xMTE=	QU5Z	353	
68719477310	107374182404	dXVpZA==	dXVpZA==	dXVpZA==	353	94489280753
68719477311	107374182404	dGhpcw==	dGhpcw==	Y29udHJvbGxlcnMvYXJ0aWNsZXMtY29udHJvbGxlci5qczo6cHJvZ3JhbQ==	353	111669149735
68719477312	107374182404	X3RtcF8xMTE=	X3RtcF8xMTE=	QU5Z	354	
68719477313	107374182404	dA==	dA==	QU5Z	354	111669149736
68719477314	107374182404	X3RtcF8xMTE=	X3RtcF8xMTE=	QU5Z	355	
68719477315	107374182404	YXJ0aWNsZQ==	YXJ0aWNsZQ==	Y3R4OnJlcXVlc3Q6PHJldHVyblZhbHVlPjo8bWVtYmVyPihyZXF1ZXN0KTo8bWVtYmVyPihib2R5KTo8bWVtYmVyPihhcnRpY2xlKQ==	355	94489280752
68719477316	107374182404	X3RtcF8xMTE=	X3RtcF8xMTE=	QU5Z	352	
68719477317	107374182404	X3RtcF83Nw==	X3RtcF83Nw==	Y3R4OnBhcmFtczo8cmV0dXJuVmFsdWU+OjxtZW1iZXI+KHBhcmFtcyk=	253	94489280623
68719477318	107374182404	Y3R4	Y3R4	QU5Z	253	111669149738
68719477319	107374182404	YXJ0aWNsZQ==	YXJ0aWNsZQ==	Y3R4OnJlcXVlc3Q6PHJldHVyblZhbHVlPjo8bWVtYmVyPihyZXF1ZXN0KTo8bWVtYmVyPihib2R5KTo8bWVtYmVyPihhcnRpY2xlKQ==	253	94489280624
68719477320	107374182404	X3RtcF83Nw==	X3RtcF83Nw==	Y3R4OnBhcmFtczo8cmV0dXJuVmFsdWU+OjxtZW1iZXI+KHBhcmFtcyk=	253	
68719477321	107374182404	X3RtcF83Nw==	X3RtcF83Nw==	Y3R4OnBhcmFtczo8cmV0dXJuVmFsdWU+OjxtZW1iZXI+KHBhcmFtcyk=	253	
68719477322	107374182404	Y3R4	Y3R4	QU5Z	255	111669149738
68719477323	107374182404	Y3R4	Y3R4	QU5Z	255	111669149738
68719477324	107374182404	YXJ0aWNsZQ==	YXJ0aWNsZQ==	Y3R4OnJlcXVlc3Q6PHJldHVyblZhbHVlPjo8bWVtYmVyPihyZXF1ZXN0KTo8bWVtYmVyPihib2R5KTo8bWVtYmVyPihhcnRpY2xlKQ==	256	94489280624
68719477325	107374182404	Y3R4	Y3R4	QU5Z	256	111669149738
68719477326	107374182404	X3RtcF83OA==	X3RtcF83OA==	X3RtcF8wOlZhbGlkYXRpb25FcnJvcjo8cmV0dXJuVmFsdWU+OjxtZW1iZXI+KFZhbGlkYXRpb25FcnJvcik=	258	94489280786
68719477327	107374182404	VmFsaWRhdGlvbkVycm9y	VmFsaWRhdGlvbkVycm9y	X3RtcF8wOlZhbGlkYXRpb25FcnJvcjo8cmV0dXJuVmFsdWU+OjxtZW1iZXI+KFZhbGlkYXRpb25FcnJvcik=	258	94489280785
68719477328	107374182404	X3RtcF83OA==	X3RtcF83OA==	X3RtcF8wOlZhbGlkYXRpb25FcnJvcjo8cmV0dXJuVmFsdWU+OjxtZW1iZXI+KFZhbGlkYXRpb25FcnJvcik=	258	
68719477329	107374182404	X3RtcF83OQ==	X3RtcF83OQ==	X19lY21hLkFycmF5	258	94489280784
68719477330	107374182404	X3RtcF83OQ==	X3RtcF83OQ==	X19lY21hLkFycmF5	258	
68719477331	107374182404	X3RtcF83OQ==	X3RtcF83OQ==	X19lY21hLkFycmF5	258	
68719477332	107374182404	X3RtcF83OQ==	X3RtcF83OQ==	X19lY21hLkFycmF5	258	
68719477333	107374182404	X3RtcF83OA==	X3RtcF83OA==	X3RtcF8wOlZhbGlkYXRpb25FcnJvcjo8cmV0dXJuVmFsdWU+OjxtZW1iZXI+KFZhbGlkYXRpb25FcnJvcik=	258	
68719477334	107374182404	X3RtcF84MA==	X3RtcF84MA==	Y3R4OnJlcXVlc3Q6PHJldHVyblZhbHVlPjo8bWVtYmVyPihyZXF1ZXN0KQ==	261	94489280628
68719477335	107374182404	Y3R4	Y3R4	QU5Z	261	111669149738
68719477336	107374182404	Ym9keQ==	Ym9keQ==	Y3R4OnJlcXVlc3Q6PHJldHVyblZhbHVlPjo8bWVtYmVyPihyZXF1ZXN0KTo8bWVtYmVyPihib2R5KQ==	261	94489280629
68719477337	107374182404	X3RtcF84MA==	X3RtcF84MA==	Y3R4OnJlcXVlc3Q6PHJldHVyblZhbHVlPjo8bWVtYmVyPihyZXF1ZXN0KQ==	261	
68719477338	107374182404	X3RtcF84MA==	X3RtcF84MA==	Y3R4OnJlcXVlc3Q6PHJldHVyblZhbHVlPjo8bWVtYmVyPihyZXF1ZXN0KQ==	261	
68719477339	107374182404	X3RtcF84MQ==	X3RtcF84MQ==	Y3R4OnJlcXVlc3Q6PHJldHVyblZhbHVlPjo8bWVtYmVyPihyZXF1ZXN0KTo8bWVtYmVyPihib2R5KQ==	262	94489280631
68719477340	107374182404	Ym9keQ==	Ym9keQ==	Y3R4OnJlcXVlc3Q6PHJldHVyblZhbHVlPjo8bWVtYmVyPihyZXF1ZXN0KTo8bWVtYmVyPihib2R5KQ==	262	94489280629
68719477341	107374182404	ZmllbGRz	ZmllbGRz	QU5Z	262	94489280768
68719477342	107374182404	X3RtcF84MQ==	X3RtcF84MQ==	Y3R4OnJlcXVlc3Q6PHJldHVyblZhbHVlPjo8bWVtYmVyPihyZXF1ZXN0KTo8bWVtYmVyPihib2R5KQ==	262	
68719477343	107374182404	X3RtcF84Mg==	X3RtcF84Mg==	QU5Z	262	
68719477344	107374182404	X3RtcF84MQ==	X3RtcF84MQ==	Y3R4OnJlcXVlc3Q6PHJldHVyblZhbHVlPjo8bWVtYmVyPihyZXF1ZXN0KTo8bWVtYmVyPihib2R5KQ==	262	
68719477345	107374182404	X3RtcF84MQ==	X3RtcF84MQ==	Y3R4OnJlcXVlc3Q6PHJldHVyblZhbHVlPjo8bWVtYmVyPihyZXF1ZXN0KTo8bWVtYmVyPihib2R5KQ==	262	
68719477346	107374182404	b3B0cw==	b3B0cw==	eyBhYm9ydEVhcmx5OiBfX2VjbWEuQm9vbGVhbjsgfQ==	263	94489280633
68719477347	107374182404	X3RtcF84Mw==	X3RtcF84Mw==	QU5Z	263	
68719477348	107374182404	X3RtcF84Mw==	X3RtcF84Mw==	QU5Z	263	
68719477349	107374182404	bmV3QXJ0aWNsZQ==	bmV3QXJ0aWNsZQ==	T2JqZWN0LmFzc2lnbjo8cmV0dXJuVmFsdWU+	265	94489280635
68719477350	107374182404	X3RtcF84NA==	X3RtcF84NA==	QU5Z	265	
68719477351	107374182404	YXJ0aWNsZQ==	YXJ0aWNsZQ==	Y3R4OnJlcXVlc3Q6PHJldHVyblZhbHVlPjo8bWVtYmVyPihyZXF1ZXN0KTo8bWVtYmVyPihib2R5KTo8bWVtYmVyPihhcnRpY2xlKQ==	265	94489280624
68719477352	107374182404	ZmllbGRz	ZmllbGRz	QU5Z	265	94489280768
68719477353	107374182404	bmV3QXJ0aWNsZQ==	bmV3QXJ0aWNsZQ==	T2JqZWN0LmFzc2lnbjo8cmV0dXJuVmFsdWU+	266	94489280635
68719477354	107374182404	bmV3QXJ0aWNsZQ==	bmV3QXJ0aWNsZQ==	T2JqZWN0LmFzc2lnbjo8cmV0dXJuVmFsdWU+	266	94489280635
68719477355	107374182404	bmV3QXJ0aWNsZQ==	bmV3QXJ0aWNsZQ==	T2JqZWN0LmFzc2lnbjo8cmV0dXJuVmFsdWU+	267	94489280635
68719477356	107374182404	X3RtcF84NQ==	X3RtcF84NQ==	Y3R4OnJlcXVlc3Q6PHJldHVyblZhbHVlPjo8bWVtYmVyPihyZXF1ZXN0KTo8bWVtYmVyPihib2R5KTo8bWVtYmVyPihhcnRpY2xlKQ==	267	94489280783
68719477357	107374182404	Y3R4	Y3R4	QU5Z	267	111669149738
68719477358	107374182404	X3RtcF84NQ==	X3RtcF84NQ==	Y3R4OnJlcXVlc3Q6PHJldHVyblZhbHVlPjo8bWVtYmVyPihyZXF1ZXN0KTo8bWVtYmVyPihib2R5KTo8bWVtYmVyPihhcnRpY2xlKQ==	267	94489280783
68719477359	107374182404	aHVtcHM=	aHVtcHM=	aHVtcHM=	268	94489280758
68719477360	107374182404	aHVtcHM=	aHVtcHM=	aHVtcHM=	268	94489280758
68719477361	107374182404	bmV3QXJ0aWNsZQ==	bmV3QXJ0aWNsZQ==	T2JqZWN0LmFzc2lnbjo8cmV0dXJuVmFsdWU+	268	94489280635
68719477362	107374182404	b3B0cw==	b3B0cw==	eyBhYm9ydEVhcmx5OiBfX2VjbWEuQm9vbGVhbjsgfQ==	269	94489280633
68719477363	107374182404	ZmllbGRz	ZmllbGRz	QU5Z	272	94489280768
68719477364	107374182404	bmV3QXJ0aWNsZQ==	bmV3QXJ0aWNsZQ==	T2JqZWN0LmFzc2lnbjo8cmV0dXJuVmFsdWU+	273	94489280635
68719477365	107374182404	c2x1Zw==	c2x1Zw==	c2x1Zw==	273	94489280782
68719477366	107374182404	dGhpcw==	dGhpcw==	Y29udHJvbGxlcnMvYXJ0aWNsZXMtY29udHJvbGxlci5qczo6cHJvZ3JhbQ==	273	111669149737
68719477367	107374182404	Xw==	Xw==	bG9kYXNo	273	94489280769
68719477368	107374182404	Xw==	Xw==	bG9kYXNo	273	94489280769
68719477369	107374182404	bmV3QXJ0aWNsZQ==	bmV3QXJ0aWNsZQ==	T2JqZWN0LmFzc2lnbjo8cmV0dXJuVmFsdWU+	273	94489280635
68719477370	107374182404	X3RtcF84Ng==	X3RtcF84Ng==	QU5Z	273	
68719477371	107374182404	X3RtcF84Ng==	X3RtcF84Ng==	QU5Z	273	
68719477372	107374182404	bmV3QXJ0aWNsZQ==	bmV3QXJ0aWNsZQ==	T2JqZWN0LmFzc2lnbjo8cmV0dXJuVmFsdWU+	276	94489280635
68719477373	107374182404	X3RtcF84Nw==	X3RtcF84Nw==	X19lY21hLkRhdGU=	276	94489280779
68719477374	107374182404	X3RtcF84OA==	X3RtcF84OA==	X19lY21hLkRhdGU=	276	94489280781
68719477375	107374182404	RGF0ZQ==	RGF0ZQ==	RGF0ZUNvbnN0cnVjdG9y	276	94489280780
68719477376	107374182404	X3RtcF84OA==	X3RtcF84OA==	X19lY21hLkRhdGU=	276	
68719477377	107374182404	X3RtcF84OA==	X3RtcF84OA==	X19lY21hLkRhdGU=	276	
68719477378	107374182404	X3RtcF84Nw==	X3RtcF84Nw==	X19lY21hLkRhdGU=	276	94489280779
68719477379	107374182404	X3RtcF84OQ==	X3RtcF84OQ==	QU5Z	279	94489280776
68719477380	107374182404	X3RtcF85MA==	X3RtcF85MA==	Y29udHJvbGxlcnMvYXJ0aWNsZXMtY29udHJvbGxlci5qczo6cHJvZ3JhbTpkYjo8cmV0dXJuVmFsdWU+	279	94489280778
68719477381	107374182404	ZGI=	ZGI=	QU5Z	279	94489280751
68719477382	107374182404	dGhpcw==	dGhpcw==	Y29udHJvbGxlcnMvYXJ0aWNsZXMtY29udHJvbGxlci5qczo6cHJvZ3JhbQ==	279	111669149737
68719477383	107374182404	X3RtcF85MA==	X3RtcF85MA==	Y29udHJvbGxlcnMvYXJ0aWNsZXMtY29udHJvbGxlci5qczo6cHJvZ3JhbTpkYjo8cmV0dXJuVmFsdWU+	279	94489280778
68719477384	107374182404	aHVtcHM=	aHVtcHM=	aHVtcHM=	281	94489280758
68719477385	107374182404	aHVtcHM=	aHVtcHM=	aHVtcHM=	281	94489280758
68719477386	107374182404	Xw==	Xw==	bG9kYXNo	282	94489280769
68719477387	107374182404	Xw==	Xw==	bG9kYXNo	282	94489280769
68719477388	107374182404	bmV3QXJ0aWNsZQ==	bmV3QXJ0aWNsZQ==	T2JqZWN0LmFzc2lnbjo8cmV0dXJuVmFsdWU+	282	94489280635
68719477389	107374182404	X3RtcF85MQ==	X3RtcF85MQ==	X19lY21hLkFycmF5	282	94489280777
68719477390	107374182404	X3RtcF85MQ==	X3RtcF85MQ==	X19lY21hLkFycmF5	283	
68719477391	107374182404	X3RtcF85MQ==	X3RtcF85MQ==	X19lY21hLkFycmF5	283	
68719477392	107374182404	X3RtcF85MQ==	X3RtcF85MQ==	X19lY21hLkFycmF5	284	
68719477393	107374182404	X3RtcF85MQ==	X3RtcF85MQ==	X19lY21hLkFycmF5	284	
68719477394	107374182404	X3RtcF85MQ==	X3RtcF85MQ==	X19lY21hLkFycmF5	285	
68719477395	107374182404	X3RtcF85MQ==	X3RtcF85MQ==	X19lY21hLkFycmF5	285	
68719477396	107374182404	X3RtcF85MQ==	X3RtcF85MQ==	X19lY21hLkFycmF5	286	
68719477397	107374182404	X3RtcF85MQ==	X3RtcF85MQ==	X19lY21hLkFycmF5	286	
68719477398	107374182404	X3RtcF85MQ==	X3RtcF85MQ==	X19lY21hLkFycmF5	287	
68719477399	107374182404	X3RtcF85MQ==	X3RtcF85MQ==	X19lY21hLkFycmF5	287	
68719477400	107374182404	X3RtcF85MQ==	X3RtcF85MQ==	X19lY21hLkFycmF5	282	
68719477401	107374182404	X3RtcF84OQ==	X3RtcF84OQ==	QU5Z	279	94489280776
68719477402	107374182404	X3RtcF85Mg==	X3RtcF85Mg==	QU5Z	291	
68719477403	107374182404	YXJ0aWNsZQ==	YXJ0aWNsZQ==	Y3R4OnJlcXVlc3Q6PHJldHVyblZhbHVlPjo8bWVtYmVyPihyZXF1ZXN0KTo8bWVtYmVyPihib2R5KTo8bWVtYmVyPihhcnRpY2xlKQ==	291	94489280624
68719477404	107374182404	X3RtcF85Mg==	X3RtcF85Mg==	QU5Z	291	
68719477405	107374182404	ZXJy	ZXJy	QU5Z	292	94489280757
68719477406	107374182404	Y3R4	Y3R4	QU5Z	293	111669149738
68719477407	107374182404	Y3R4	Y3R4	QU5Z	293	111669149738
68719477408	107374182404	ZXJy	ZXJy	QU5Z	294	94489280757
68719477409	107374182404	ZXJy	ZXJy	QU5Z	294	94489280757
68719477410	107374182404	ZXJy	ZXJy	QU5Z	295	94489280757
68719477411	107374182404	bmV3QXJ0aWNsZQ==	bmV3QXJ0aWNsZQ==	T2JqZWN0LmFzc2lnbjo8cmV0dXJuVmFsdWU+	298	94489280635
68719477412	107374182404	bmV3QXJ0aWNsZQ==	bmV3QXJ0aWNsZQ==	T2JqZWN0LmFzc2lnbjo8cmV0dXJuVmFsdWU+	298	94489280635
68719477413	107374182404	X3RtcF85Mw==	X3RtcF85Mw==	dXVpZDo8cmV0dXJuVmFsdWU+	298	94489280775
68719477414	107374182404	dXVpZA==	dXVpZA==	dXVpZA==	298	94489280754
68719477415	107374182404	dGhpcw==	dGhpcw==	Y29udHJvbGxlcnMvYXJ0aWNsZXMtY29udHJvbGxlci5qczo6cHJvZ3JhbQ==	298	111669149737
68719477416	107374182404	X3RtcF85Mw==	X3RtcF85Mw==	dXVpZDo8cmV0dXJuVmFsdWU+	298	94489280775
68719477417	107374182404	X3RtcF85NA==	X3RtcF85NA==	QU5Z	300	94489280772
68719477418	107374182404	X3RtcF85NQ==	X3RtcF85NQ==	Y29udHJvbGxlcnMvYXJ0aWNsZXMtY29udHJvbGxlci5qczo6cHJvZ3JhbTpkYjo8cmV0dXJuVmFsdWU+	300	94489280774
68719477419	107374182404	ZGI=	ZGI=	QU5Z	300	94489280751
68719477420	107374182404	dGhpcw==	dGhpcw==	Y29udHJvbGxlcnMvYXJ0aWNsZXMtY29udHJvbGxlci5qczo6cHJvZ3JhbQ==	300	111669149737
68719477421	107374182404	X3RtcF85NQ==	X3RtcF85NQ==	Y29udHJvbGxlcnMvYXJ0aWNsZXMtY29udHJvbGxlci5qczo6cHJvZ3JhbTpkYjo8cmV0dXJuVmFsdWU+	300	94489280774
68719477422	107374182404	aHVtcHM=	aHVtcHM=	aHVtcHM=	302	94489280758
68719477423	107374182404	aHVtcHM=	aHVtcHM=	aHVtcHM=	302	94489280758
68719477424	107374182404	Xw==	Xw==	bG9kYXNo	303	94489280769
68719477425	107374182404	Xw==	Xw==	bG9kYXNo	303	94489280769
68719477426	107374182404	bmV3QXJ0aWNsZQ==	bmV3QXJ0aWNsZQ==	T2JqZWN0LmFzc2lnbjo8cmV0dXJuVmFsdWU+	303	94489280635
68719477427	107374182404	X3RtcF85Ng==	X3RtcF85Ng==	X19lY21hLkFycmF5	303	94489280773
68719477428	107374182404	X3RtcF85Ng==	X3RtcF85Ng==	X19lY21hLkFycmF5	304	
68719477429	107374182404	X3RtcF85Ng==	X3RtcF85Ng==	X19lY21hLkFycmF5	304	
68719477430	107374182404	X3RtcF85Ng==	X3RtcF85Ng==	X19lY21hLkFycmF5	305	
68719477431	107374182404	X3RtcF85Ng==	X3RtcF85Ng==	X19lY21hLkFycmF5	305	
68719477432	107374182404	X3RtcF85Ng==	X3RtcF85Ng==	X19lY21hLkFycmF5	306	
68719477433	107374182404	X3RtcF85Ng==	X3RtcF85Ng==	X19lY21hLkFycmF5	306	
68719477434	107374182404	X3RtcF85Ng==	X3RtcF85Ng==	X19lY21hLkFycmF5	307	
68719477435	107374182404	X3RtcF85Ng==	X3RtcF85Ng==	X19lY21hLkFycmF5	307	
68719477436	107374182404	X3RtcF85Ng==	X3RtcF85Ng==	X19lY21hLkFycmF5	308	
68719477437	107374182404	X3RtcF85Ng==	X3RtcF85Ng==	X19lY21hLkFycmF5	308	
68719477438	107374182404	X3RtcF85Ng==	X3RtcF85Ng==	X19lY21hLkFycmF5	303	
68719477439	107374182404	X3RtcF85NA==	X3RtcF85NA==	QU5Z	300	94489280772
68719477440	107374182404	X3RtcF85Nw==	X3RtcF85Nw==	QU5Z	312	
68719477441	107374182404	YXJ0aWNsZQ==	YXJ0aWNsZQ==	Y3R4OnJlcXVlc3Q6PHJldHVyblZhbHVlPjo8bWVtYmVyPihyZXF1ZXN0KTo8bWVtYmVyPihib2R5KTo8bWVtYmVyPihhcnRpY2xlKQ==	312	94489280624
68719477442	107374182404	X3RtcF85Nw==	X3RtcF85Nw==	QU5Z	312	
68719477443	107374182404	ZmllbGRz	ZmllbGRz	QU5Z	315	94489280768
68719477444	107374182404	ZmllbGRz	ZmllbGRz	QU5Z	315	94489280768
68719477445	107374182404	X3RtcF85OA==	X3RtcF85OA==	QU5Z	316	94489280770
68719477446	107374182404	X3RtcF85OQ==	X3RtcF85OQ==	Y29udHJvbGxlcnMvYXJ0aWNsZXMtY29udHJvbGxlci5qczo6cHJvZ3JhbTpkYjo8cmV0dXJuVmFsdWU+	316	94489280771
68719477447	107374182404	ZGI=	ZGI=	QU5Z	316	94489280751
68719477448	107374182404	dGhpcw==	dGhpcw==	Y29udHJvbGxlcnMvYXJ0aWNsZXMtY29udHJvbGxlci5qczo6cHJvZ3JhbQ==	316	111669149737
68719477449	107374182404	X3RtcF85OQ==	X3RtcF85OQ==	Y29udHJvbGxlcnMvYXJ0aWNsZXMtY29udHJvbGxlci5qczo6cHJvZ3JhbTpkYjo8cmV0dXJuVmFsdWU+	316	94489280771
68719477450	107374182404	X3RtcF85OA==	X3RtcF85OA==	QU5Z	316	94489280770
68719477451	107374182404	X3RtcF8xMDA=	X3RtcF8xMDA=	QU5Z	318	
68719477452	107374182404	YXJ0aWNsZQ==	YXJ0aWNsZQ==	Y3R4OnJlcXVlc3Q6PHJldHVyblZhbHVlPjo8bWVtYmVyPihyZXF1ZXN0KTo8bWVtYmVyPihib2R5KTo8bWVtYmVyPihhcnRpY2xlKQ==	318	94489280624
68719477453	107374182404	X3RtcF8xMDA=	X3RtcF8xMDA=	QU5Z	318	
68719477454	107374182404	ZmllbGRz	ZmllbGRz	QU5Z	321	94489280768
68719477455	107374182404	ZmllbGRz	ZmllbGRz	QU5Z	321	94489280768
68719477456	107374182404	Xw==	Xw==	bG9kYXNo	323	94489280769
68719477457	107374182404	Xw==	Xw==	bG9kYXNo	323	94489280769
68719477458	107374182404	YXJ0aWNsZQ==	YXJ0aWNsZQ==	Y3R4OnJlcXVlc3Q6PHJldHVyblZhbHVlPjo8bWVtYmVyPihyZXF1ZXN0KTo8bWVtYmVyPihib2R5KTo8bWVtYmVyPihhcnRpY2xlKQ==	323	94489280624
68719477459	107374182404	Xw==	Xw==	bG9kYXNo	324	94489280769
68719477460	107374182404	Xw==	Xw==	bG9kYXNo	324	94489280769
68719477461	107374182404	ZmllbGRz	ZmllbGRz	QU5Z	324	94489280768
68719477462	107374182404	X3RtcF8xMDE=	X3RtcF8xMDE=	QU5Z	326	94489280766
68719477463	107374182404	X3RtcF8xMDI=	X3RtcF8xMDI=	Y29udHJvbGxlcnMvYXJ0aWNsZXMtY29udHJvbGxlci5qczo6cHJvZ3JhbTpkYjo8cmV0dXJuVmFsdWU+	326	94489280767
68719477464	107374182404	ZGI=	ZGI=	QU5Z	326	94489280751
68719477465	107374182404	dGhpcw==	dGhpcw==	Y29udHJvbGxlcnMvYXJ0aWNsZXMtY29udHJvbGxlci5qczo6cHJvZ3JhbQ==	326	111669149737
68719477466	107374182404	X3RtcF8xMDI=	X3RtcF8xMDI=	Y29udHJvbGxlcnMvYXJ0aWNsZXMtY29udHJvbGxlci5qczo6cHJvZ3JhbTpkYjo8cmV0dXJuVmFsdWU+	326	94489280767
68719477467	107374182404	X3RtcF8xMDE=	X3RtcF8xMDE=	QU5Z	326	94489280766
68719477468	107374182404	X3RtcF8xMDM=	X3RtcF8xMDM=	QU5Z	328	
68719477469	107374182404	YXJ0aWNsZQ==	YXJ0aWNsZQ==	Y3R4OnJlcXVlc3Q6PHJldHVyblZhbHVlPjo8bWVtYmVyPihyZXF1ZXN0KTo8bWVtYmVyPihib2R5KTo8bWVtYmVyPihhcnRpY2xlKQ==	328	94489280624
68719477470	107374182404	X3RtcF8xMDM=	X3RtcF8xMDM=	QU5Z	328	
68719477471	107374182404	dGFncw==	dGFncw==	X19lY21hLkFycmF5	330	94489280645
68719477472	107374182404	X3RtcF8xMDQ=	X3RtcF8xMDQ=	X19lY21hLkFycmF5Om1hcDo8cmV0dXJuVmFsdWU+	331	94489280763
68719477473	107374182404	X3RtcF8xMDU=	X3RtcF8xMDU=	X19lY21hLkFycmF5	331	94489280765
68719477474	107374182404	bmV3QXJ0aWNsZQ==	bmV3QXJ0aWNsZQ==	T2JqZWN0LmFzc2lnbjo8cmV0dXJuVmFsdWU+	331	94489280635
68719477475	107374182404	X3RtcF8xMDU=	X3RtcF8xMDU=	X19lY21hLkFycmF5	331	94489280765
68719477476	107374182404	X3RtcF8xMDQ=	X3RtcF8xMDQ=	X19lY21hLkFycmF5Om1hcDo8cmV0dXJuVmFsdWU+	331	94489280763
68719477477	107374182404	aQ==	aQ==	X19lY21hLk51bWJlcg==	336	94489280647
68719477478	107374182404	aQ==	aQ==	X19lY21hLk51bWJlcg==	336	94489280647
68719477479	107374182404	dGFncw==	dGFncw==	X19lY21hLkFycmF5	336	94489280645
68719477480	107374182404	aQ==	aQ==	X19lY21hLk51bWJlcg==	336	94489280647
68719477481	107374182404	X3RtcF8xMDg=	X3RtcF8xMDg=	Y29udHJvbGxlcnMvYXJ0aWNsZXMtY29udHJvbGxlci5qczo6cHJvZ3JhbTpkYjo8cmV0dXJuVmFsdWU+	338	94489280759
68719477482	107374182404	ZGI=	ZGI=	QU5Z	338	94489280751
68719477483	107374182404	dGhpcw==	dGhpcw==	Y29udHJvbGxlcnMvYXJ0aWNsZXMtY29udHJvbGxlci5qczo6cHJvZ3JhbQ==	338	111669149737
68719477484	107374182404	X3RtcF8xMDg=	X3RtcF8xMDg=	Y29udHJvbGxlcnMvYXJ0aWNsZXMtY29udHJvbGxlci5qczo6cHJvZ3JhbTpkYjo8cmV0dXJuVmFsdWU+	338	94489280759
68719477485	107374182404	aHVtcHM=	aHVtcHM=	aHVtcHM=	338	94489280758
68719477486	107374182404	aHVtcHM=	aHVtcHM=	aHVtcHM=	338	94489280758
68719477487	107374182404	dGFncw==	dGFncw==	X19lY21hLkFycmF5	338	94489280645
68719477488	107374182404	aQ==	aQ==	X19lY21hLk51bWJlcg==	338	94489280647
68719477489	107374182404	ZXJy	ZXJy	QU5Z	339	94489280757
68719477490	107374182404	Y3R4	Y3R4	QU5Z	340	111669149738
68719477491	107374182404	Y3R4	Y3R4	QU5Z	340	111669149738
68719477492	107374182404	ZXJy	ZXJy	QU5Z	341	94489280757
68719477493	107374182404	ZXJy	ZXJy	QU5Z	342	94489280757
68719477494	107374182404	ZXJy	ZXJy	QU5Z	343	94489280757
68719477495	107374182404	dGFncw==	dGFncw==	X19lY21hLkFycmF5	348	94489280645
68719477496	107374182404	X3RtcF8xMDk=	X3RtcF8xMDk=	QU5Z	348	94489280755
68719477497	107374182404	X3RtcF8xMTA=	X3RtcF8xMTA=	Y29udHJvbGxlcnMvYXJ0aWNsZXMtY29udHJvbGxlci5qczo6cHJvZ3JhbTpkYjo8cmV0dXJuVmFsdWU+	348	94489280756
68719477498	107374182404	ZGI=	ZGI=	QU5Z	348	94489280751
68719477499	107374182404	dGhpcw==	dGhpcw==	Y29udHJvbGxlcnMvYXJ0aWNsZXMtY29udHJvbGxlci5qczo6cHJvZ3JhbQ==	348	111669149737
68719477500	107374182404	X3RtcF8xMTA=	X3RtcF8xMTA=	Y29udHJvbGxlcnMvYXJ0aWNsZXMtY29udHJvbGxlci5qczo6cHJvZ3JhbTpkYjo8cmV0dXJuVmFsdWU+	348	94489280756
68719477501	107374182404	X3RtcF8xMDk=	X3RtcF8xMDk=	QU5Z	348	94489280755
68719477502	107374182404	dGFncw==	dGFncw==	X19lY21hLkFycmF5	350	94489280645
68719477503	107374182404	dGFncw==	dGFncw==	X19lY21hLkFycmF5	350	94489280645
68719477504	107374182404	cmVsYXRpb25z	cmVsYXRpb25z	X19lY21hLkFycmF5	352	94489280648
68719477505	107374182404	dGFncw==	dGFncw==	X19lY21hLkFycmF5	352	94489280645
68719477506	107374182404	dGFncw==	dGFncw==	X19lY21hLkFycmF5	352	94489280645
68719477507	107374182404	X3RtcF8xMTI=	X3RtcF8xMTI=	Y29udHJvbGxlcnMvYXJ0aWNsZXMtY29udHJvbGxlci5qczo6cHJvZ3JhbTpkYjo8cmV0dXJuVmFsdWU+	358	94489280750
68719477508	107374182404	ZGI=	ZGI=	QU5Z	358	94489280751
68719477509	107374182404	dGhpcw==	dGhpcw==	Y29udHJvbGxlcnMvYXJ0aWNsZXMtY29udHJvbGxlci5qczo6cHJvZ3JhbQ==	358	111669149737
68719477510	107374182404	X3RtcF8xMTI=	X3RtcF8xMTI=	Y29udHJvbGxlcnMvYXJ0aWNsZXMtY29udHJvbGxlci5qczo6cHJvZ3JhbTpkYjo8cmV0dXJuVmFsdWU+	358	94489280750
68719477511	107374182404	cmVsYXRpb25z	cmVsYXRpb25z	X19lY21hLkFycmF5	358	94489280648
68719477512	107374182404	bmV3QXJ0aWNsZQ==	bmV3QXJ0aWNsZQ==	T2JqZWN0LmFzc2lnbjo8cmV0dXJuVmFsdWU+	362	94489280635
68719477513	107374182404	Y3R4	Y3R4	QU5Z	362	111669149738
68719477514	107374182404	bmV3QXJ0aWNsZQ==	bmV3QXJ0aWNsZQ==	T2JqZWN0LmFzc2lnbjo8cmV0dXJuVmFsdWU+	363	94489280635
68719477515	107374182404	YXJ0aWNsZQ==	YXJ0aWNsZQ==	Y3R4OnJlcXVlc3Q6PHJldHVyblZhbHVlPjo8bWVtYmVyPihyZXF1ZXN0KTo8bWVtYmVyPihib2R5KTo8bWVtYmVyPihhcnRpY2xlKQ==	363	94489280624
68719477516	107374182404	Y3R4	Y3R4	QU5Z	364	111669149738
68719477517	107374182404	X3RtcF8xMTM=	X3RtcF8xMTM=	QU5Z	364	
68719477518	107374182404	bmV3QXJ0aWNsZQ==	bmV3QXJ0aWNsZQ==	T2JqZWN0LmFzc2lnbjo8cmV0dXJuVmFsdWU+	364	94489280635
68719477519	107374182404	X3RtcF8xMTM=	X3RtcF8xMTM=	QU5Z	364	
68719477520	107374182404	X3RtcF8xMTQ=	X3RtcF8xMTQ=	Y3R4OnBhcmFtczo8cmV0dXJuVmFsdWU+OjxtZW1iZXI+KHBhcmFtcyk=	368	94489280652
68719477521	107374182404	Y3R4	Y3R4	QU5Z	368	111669149740
68719477522	107374182404	YXJ0aWNsZQ==	YXJ0aWNsZQ==	Y3R4OnJlcXVlc3Q6PHJldHVyblZhbHVlPjo8bWVtYmVyPihyZXF1ZXN0KTo8bWVtYmVyPihib2R5KTo8bWVtYmVyPihhcnRpY2xlKQ==	368	94489280653
68719477523	107374182404	X3RtcF8xMTQ=	X3RtcF8xMTQ=	Y3R4OnBhcmFtczo8cmV0dXJuVmFsdWU+OjxtZW1iZXI+KHBhcmFtcyk=	368	
68719477524	107374182404	X3RtcF8xMTQ=	X3RtcF8xMTQ=	Y3R4OnBhcmFtczo8cmV0dXJuVmFsdWU+OjxtZW1iZXI+KHBhcmFtcyk=	368	
68719477525	107374182404	Y3R4	Y3R4	QU5Z	370	111669149740
68719477526	107374182404	Y3R4	Y3R4	QU5Z	370	111669149740
68719477527	107374182404	YXJ0aWNsZQ==	YXJ0aWNsZQ==	Y3R4OnJlcXVlc3Q6PHJldHVyblZhbHVlPjo8bWVtYmVyPihyZXF1ZXN0KTo8bWVtYmVyPihib2R5KTo8bWVtYmVyPihhcnRpY2xlKQ==	371	94489280653
68719477528	107374182404	Y3R4	Y3R4	QU5Z	371	111669149740
68719477529	107374182404	X3RtcF8xMTU=	X3RtcF8xMTU=	X3RtcF8wOlZhbGlkYXRpb25FcnJvcjo8cmV0dXJuVmFsdWU+OjxtZW1iZXI+KFZhbGlkYXRpb25FcnJvcik=	373	94489280749
68719477530	107374182404	VmFsaWRhdGlvbkVycm9y	VmFsaWRhdGlvbkVycm9y	X3RtcF8wOlZhbGlkYXRpb25FcnJvcjo8cmV0dXJuVmFsdWU+OjxtZW1iZXI+KFZhbGlkYXRpb25FcnJvcik=	373	94489280748
68719477531	107374182404	X3RtcF8xMTU=	X3RtcF8xMTU=	X3RtcF8wOlZhbGlkYXRpb25FcnJvcjo8cmV0dXJuVmFsdWU+OjxtZW1iZXI+KFZhbGlkYXRpb25FcnJvcik=	373	
68719477532	107374182404	X3RtcF8xMTY=	X3RtcF8xMTY=	X19lY21hLkFycmF5	373	94489280747
68719477533	107374182404	X3RtcF8xMTY=	X3RtcF8xMTY=	X19lY21hLkFycmF5	373	
68719477534	107374182404	X3RtcF8xMTY=	X3RtcF8xMTY=	X19lY21hLkFycmF5	373	
68719477535	107374182404	X3RtcF8xMTY=	X3RtcF8xMTY=	X19lY21hLkFycmF5	373	
68719477536	107374182404	X3RtcF8xMTU=	X3RtcF8xMTU=	X3RtcF8wOlZhbGlkYXRpb25FcnJvcjo8cmV0dXJuVmFsdWU+OjxtZW1iZXI+KFZhbGlkYXRpb25FcnJvcik=	373	
68719477537	107374182404	X3RtcF8xMTc=	X3RtcF8xMTc=	X19lY21hLkFycmF5	376	94489280746
68719477538	107374182404	X3RtcF8xMTc=	X3RtcF8xMTc=	X19lY21hLkFycmF5	377	
68719477539	107374182404	X3RtcF8xMTc=	X3RtcF8xMTc=	X19lY21hLkFycmF5	377	
68719477540	107374182404	X3RtcF8xMTg=	X3RtcF8xMTg=	QU5Z	377	94489280744
68719477541	107374182404	X3RtcF8xMTk=	X3RtcF8xMTk=	Y29udHJvbGxlcnMvYXJ0aWNsZXMtY29udHJvbGxlci5qczo6cHJvZ3JhbTpkYjo8cmV0dXJuVmFsdWU+	377	94489280745
68719477542	107374182404	ZGI=	ZGI=	QU5Z	377	94489280741
68719477543	107374182404	dGhpcw==	dGhpcw==	Y29udHJvbGxlcnMvYXJ0aWNsZXMtY29udHJvbGxlci5qczo6cHJvZ3JhbQ==	377	111669149739
68719477544	107374182404	X3RtcF8xMTk=	X3RtcF8xMTk=	Y29udHJvbGxlcnMvYXJ0aWNsZXMtY29udHJvbGxlci5qczo6cHJvZ3JhbTpkYjo8cmV0dXJuVmFsdWU+	377	94489280745
68719477545	107374182404	X3RtcF8xMTg=	X3RtcF8xMTg=	QU5Z	377	94489280744
68719477546	107374182404	X3RtcF8xMjA=	X3RtcF8xMjA=	QU5Z	379	
68719477547	107374182404	Y3R4	Y3R4	QU5Z	379	111669149740
68719477548	107374182404	X3RtcF8xMjA=	X3RtcF8xMjA=	QU5Z	379	
68719477549	107374182404	YXJ0aWNsZQ==	YXJ0aWNsZQ==	Y3R4OnJlcXVlc3Q6PHJldHVyblZhbHVlPjo8bWVtYmVyPihyZXF1ZXN0KTo8bWVtYmVyPihib2R5KTo8bWVtYmVyPihhcnRpY2xlKQ==	379	94489280653
68719477550	107374182404	X3RtcF8xMjA=	X3RtcF8xMjA=	QU5Z	379	
68719477551	107374182404	X3RtcF8xMTc=	X3RtcF8xMTc=	X19lY21hLkFycmF5	381	
68719477552	107374182404	X3RtcF8xMTc=	X3RtcF8xMTc=	X19lY21hLkFycmF5	381	
68719477553	107374182404	X3RtcF8xMjE=	X3RtcF8xMjE=	QU5Z	381	94489280742
68719477554	107374182404	X3RtcF8xMjI=	X3RtcF8xMjI=	Y29udHJvbGxlcnMvYXJ0aWNsZXMtY29udHJvbGxlci5qczo6cHJvZ3JhbTpkYjo8cmV0dXJuVmFsdWU+	381	94489280743
68719477555	107374182404	ZGI=	ZGI=	QU5Z	381	94489280741
68719477556	107374182404	dGhpcw==	dGhpcw==	Y29udHJvbGxlcnMvYXJ0aWNsZXMtY29udHJvbGxlci5qczo6cHJvZ3JhbQ==	381	111669149739
68719477557	107374182404	X3RtcF8xMjI=	X3RtcF8xMjI=	Y29udHJvbGxlcnMvYXJ0aWNsZXMtY29udHJvbGxlci5qczo6cHJvZ3JhbTpkYjo8cmV0dXJuVmFsdWU+	381	94489280743
68719477558	107374182404	X3RtcF8xMjE=	X3RtcF8xMjE=	QU5Z	381	94489280742
68719477559	107374182404	X3RtcF8xMjM=	X3RtcF8xMjM=	QU5Z	383	
68719477560	107374182404	YXJ0aWNsZQ==	YXJ0aWNsZQ==	Y3R4OnJlcXVlc3Q6PHJldHVyblZhbHVlPjo8bWVtYmVyPihyZXF1ZXN0KTo8bWVtYmVyPihib2R5KTo8bWVtYmVyPihhcnRpY2xlKQ==	383	94489280653
68719477561	107374182404	X3RtcF8xMjM=	X3RtcF8xMjM=	QU5Z	383	
68719477562	107374182404	X3RtcF8xMTc=	X3RtcF8xMTc=	X19lY21hLkFycmF5	385	
68719477563	107374182404	X3RtcF8xMTc=	X3RtcF8xMTc=	X19lY21hLkFycmF5	385	
68719477564	107374182404	X3RtcF8xMjQ=	X3RtcF8xMjQ=	QU5Z	385	94489280739
68719477565	107374182404	X3RtcF8xMjU=	X3RtcF8xMjU=	Y29udHJvbGxlcnMvYXJ0aWNsZXMtY29udHJvbGxlci5qczo6cHJvZ3JhbTpkYjo8cmV0dXJuVmFsdWU+	385	94489280740
68719477566	107374182404	ZGI=	ZGI=	QU5Z	385	94489280741
68719477567	107374182404	dGhpcw==	dGhpcw==	Y29udHJvbGxlcnMvYXJ0aWNsZXMtY29udHJvbGxlci5qczo6cHJvZ3JhbQ==	385	111669149739
68719477568	107374182404	X3RtcF8xMjU=	X3RtcF8xMjU=	Y29udHJvbGxlcnMvYXJ0aWNsZXMtY29udHJvbGxlci5qczo6cHJvZ3JhbTpkYjo8cmV0dXJuVmFsdWU+	385	94489280740
68719477569	107374182404	X3RtcF8xMjQ=	X3RtcF8xMjQ=	QU5Z	385	94489280739
68719477570	107374182404	X3RtcF8xMjY=	X3RtcF8xMjY=	QU5Z	387	
68719477571	107374182404	YXJ0aWNsZQ==	YXJ0aWNsZQ==	Y3R4OnJlcXVlc3Q6PHJldHVyblZhbHVlPjo8bWVtYmVyPihyZXF1ZXN0KTo8bWVtYmVyPihib2R5KTo8bWVtYmVyPihhcnRpY2xlKQ==	387	94489280653
68719477572	107374182404	X3RtcF8xMjY=	X3RtcF8xMjY=	QU5Z	387	
68719477573	107374182404	X3RtcF8xMTc=	X3RtcF8xMTc=	X19lY21hLkFycmF5	376	
68719477574	107374182404	Y3R4	Y3R4	QU5Z	390	111669149740
68719477575	107374182404	X3RtcF8xMjc=	X3RtcF8xMjc=	QU5Z	390	
68719477576	107374182404	X3RtcF8xNDY=	X3RtcF8xNDY=	Y29udHJvbGxlcnMvYXJ0aWNsZXMtY29udHJvbGxlci5qczo6cHJvZ3JhbTpvbjo8cmV0dXJuVmFsdWU+	419	94489280721
68719477577	107374182404	dGhpcw==	dGhpcw==	Y29udHJvbGxlcnMvYXJ0aWNsZXMtY29udHJvbGxlci5qczo6cHJvZ3JhbQ==	419	111669149741
68719477578	107374182404	dGhpcw==	dGhpcw==	Y29udHJvbGxlcnMvYXJ0aWNsZXMtY29udHJvbGxlci5qczo6cHJvZ3JhbQ==	419	111669149741
68719477579	107374182404	X3RtcF8xNDY=	X3RtcF8xNDY=	Y29udHJvbGxlcnMvYXJ0aWNsZXMtY29udHJvbGxlci5qczo6cHJvZ3JhbTpvbjo8cmV0dXJuVmFsdWU+	419	94489280721
68719477580	107374182404	X3RtcF8xNDc=	X3RtcF8xNDc=	X19lY21hLkFycmF5	421	94489280720
68719477581	107374182404	X3RtcF8xNDc=	X3RtcF8xNDc=	X19lY21hLkFycmF5	421	
68719477582	107374182404	X3RtcF8xNDc=	X3RtcF8xNDc=	X19lY21hLkFycmF5	421	
68719477583	107374182404	dXNlcg==	dXNlcg==	Y3R4OnN0YXRlOjxyZXR1cm5WYWx1ZT46PG1lbWJlcj4oc3RhdGUpOjxtZW1iZXI+KHVzZXIp	421	94489280719
68719477584	107374182404	dXNlcg==	dXNlcg==	Y3R4OnN0YXRlOjxyZXR1cm5WYWx1ZT46PG1lbWJlcj4oc3RhdGUpOjxtZW1iZXI+KHVzZXIp	421	94489280719
68719477585	107374182404	X3RtcF8xNDc=	X3RtcF8xNDc=	X19lY21hLkFycmF5	421	
68719477586	107374182404	dA==	dA==	QU5Z	434	111669149743
68719477587	107374182404	YQ==	YQ==	QU5Z	433	111669149745
68719477588	107374182404	YQ==	YQ==	QU5Z	433	111669149745
68719477589	107374182404	YQ==	YQ==	QU5Z	434	111669149745
68719477590	107374182404	X3RtcF8xNTM=	X3RtcF8xNTM=	X19lY21hLkFycmF5	434	94489280711
68719477591	107374182404	YQ==	YQ==	QU5Z	434	111669149745
68719477592	107374182404	X3RtcF8xNTM=	X3RtcF8xNTM=	X19lY21hLkFycmF5	434	94489280711
68719477593	107374182404	YQ==	YQ==	QU5Z	435	111669149745
68719477594	107374182404	YQ==	YQ==	QU5Z	436	111669149745
68719477595	107374182404	YQ==	YQ==	QU5Z	437	111669149745
68719477596	107374182404	X3RtcF8xMjk=	X3RtcF8xMjk=	Y3R4OnN0YXRlOjxyZXR1cm5WYWx1ZT46PG1lbWJlcj4oc3RhdGUp	395	94489280663
68719477597	107374182404	Y3R4	Y3R4	QU5Z	395	111669149747
68719477598	107374182404	dXNlcg==	dXNlcg==	Y3R4OnN0YXRlOjxyZXR1cm5WYWx1ZT46PG1lbWJlcj4oc3RhdGUpOjxtZW1iZXI+KHVzZXIp	395	94489280664
68719477599	107374182404	X3RtcF8xMjk=	X3RtcF8xMjk=	Y3R4OnN0YXRlOjxyZXR1cm5WYWx1ZT46PG1lbWJlcj4oc3RhdGUp	395	
68719477600	107374182404	X3RtcF8xMjk=	X3RtcF8xMjk=	Y3R4OnN0YXRlOjxyZXR1cm5WYWx1ZT46PG1lbWJlcj4oc3RhdGUp	395	
68719477601	107374182404	X3RtcF8xMzA=	X3RtcF8xMzA=	Y3R4OnF1ZXJ5OjxyZXR1cm5WYWx1ZT46PG1lbWJlcj4ocXVlcnkp	396	94489280666
68719477602	107374182404	Y3R4	Y3R4	QU5Z	396	111669149747
68719477603	107374182404	b2Zmc2V0	b2Zmc2V0	Y3R4OnF1ZXJ5OjxyZXR1cm5WYWx1ZT46PG1lbWJlcj4ocXVlcnkpOjxtZW1iZXI+KG9mZnNldCk=	396	94489280667
68719477604	107374182404	X3RtcF8xMzA=	X3RtcF8xMzA=	Y3R4OnF1ZXJ5OjxyZXR1cm5WYWx1ZT46PG1lbWJlcj4ocXVlcnkp	396	
68719477605	107374182404	bGltaXQ=	bGltaXQ=	Y3R4OnF1ZXJ5OjxyZXR1cm5WYWx1ZT46PG1lbWJlcj4ocXVlcnkpOjxtZW1iZXI+KGxpbWl0KQ==	396	94489280668
68719477606	107374182404	X3RtcF8xMzA=	X3RtcF8xMzA=	Y3R4OnF1ZXJ5OjxyZXR1cm5WYWx1ZT46PG1lbWJlcj4ocXVlcnkp	396	
68719477607	107374182404	X3RtcF8xMzA=	X3RtcF8xMzA=	Y3R4OnF1ZXJ5OjxyZXR1cm5WYWx1ZT46PG1lbWJlcj4ocXVlcnkp	396	
68719477608	107374182404	Zm9sbG93ZWRRdWVyeQ==	Zm9sbG93ZWRRdWVyeQ==	QU5Z	398	94489280669
68719477609	107374182404	X3RtcF8xMzE=	X3RtcF8xMzE=	QU5Z	398	94489280737
68719477610	107374182404	X3RtcF8xMzI=	X3RtcF8xMzI=	Y29udHJvbGxlcnMvYXJ0aWNsZXMtY29udHJvbGxlci5qczo6cHJvZ3JhbTpkYjo8cmV0dXJuVmFsdWU+	398	94489280738
68719477611	107374182404	ZGI=	ZGI=	QU5Z	398	94489280718
68719477612	107374182404	dGhpcw==	dGhpcw==	Y29udHJvbGxlcnMvYXJ0aWNsZXMtY29udHJvbGxlci5qczo6cHJvZ3JhbQ==	398	111669149746
68719477613	107374182404	X3RtcF8xMzI=	X3RtcF8xMzI=	Y29udHJvbGxlcnMvYXJ0aWNsZXMtY29udHJvbGxlci5qczo6cHJvZ3JhbTpkYjo8cmV0dXJuVmFsdWU+	398	94489280738
68719477614	107374182404	X3RtcF8xMzE=	X3RtcF8xMzE=	QU5Z	398	94489280737
68719477615	107374182404	X3RtcF8xMzM=	X3RtcF8xMzM=	QU5Z	400	
68719477616	107374182404	dXNlcg==	dXNlcg==	Y3R4OnN0YXRlOjxyZXR1cm5WYWx1ZT46PG1lbWJlcj4oc3RhdGUpOjxtZW1iZXI+KHVzZXIp	400	94489280664
68719477617	107374182404	X3RtcF8xMzM=	X3RtcF8xMzM=	QU5Z	400	
68719477618	107374182404	X3RtcF8xNTA=	X3RtcF8xNTA=	QU5Z	402	94489280676
68719477619	107374182404	X3RtcF8xMzQ=	X3RtcF8xMzQ=	X19lY21hLkFycmF5	402	94489280736
68719477620	107374182404	X3RtcF8xMzQ=	X3RtcF8xMzQ=	X19lY21hLkFycmF5	403	
68719477621	107374182404	X3RtcF8xMzQ=	X3RtcF8xMzQ=	X19lY21hLkFycmF5	403	
68719477622	107374182404	X3RtcF8xMzU=	X3RtcF8xMzU=	QU5Z	403	94489280722
68719477623	107374182404	X3RtcF8xMzY=	X3RtcF8xMzY=	QU5Z	403	94489280723
68719477624	107374182404	X3RtcF8xMzc=	X3RtcF8xMzc=	QU5Z	403	94489280724
68719477625	107374182404	X3RtcF8xMzg=	X3RtcF8xMzg=	QU5Z	403	94489280725
68719477626	107374182404	X3RtcF8xMzk=	X3RtcF8xMzk=	QU5Z	403	94489280726
68719477627	107374182404	X3RtcF8xNDA=	X3RtcF8xNDA=	QU5Z	403	94489280727
68719477628	107374182404	X3RtcF8xNDE=	X3RtcF8xNDE=	QU5Z	403	94489280728
68719477629	107374182404	X3RtcF8xNDI=	X3RtcF8xNDI=	QU5Z	403	94489280729
68719477630	107374182404	X3RtcF8xNDM=	X3RtcF8xNDM=	Y29udHJvbGxlcnMvYXJ0aWNsZXMtY29udHJvbGxlci5qczo6cHJvZ3JhbTpkYjo8cmV0dXJuVmFsdWU+	403	94489280735
68719477631	107374182404	ZGI=	ZGI=	QU5Z	403	94489280718
68719477632	107374182404	dGhpcw==	dGhpcw==	Y29udHJvbGxlcnMvYXJ0aWNsZXMtY29udHJvbGxlci5qczo6cHJvZ3JhbQ==	403	111669149746
68719477633	107374182404	X3RtcF8xNDM=	X3RtcF8xNDM=	Y29udHJvbGxlcnMvYXJ0aWNsZXMtY29udHJvbGxlci5qczo6cHJvZ3JhbTpkYjo8cmV0dXJuVmFsdWU+	403	94489280735
68719477634	107374182404	Z2V0U2VsZWN0	Z2V0U2VsZWN0	KHRhYmxlOiBBTlksIHByZWZpeDogQU5ZLCBmaWVsZHM6IEFOWSkgPT4gQU5Z	405	94489280731
68719477635	107374182404	dGhpcw==	dGhpcw==	Y29udHJvbGxlcnMvYXJ0aWNsZXMtY29udHJvbGxlci5qczo6cHJvZ3JhbQ==	405	111669149746
68719477636	107374182404	YXJ0aWNsZUZpZWxkcw==	YXJ0aWNsZUZpZWxkcw==	X19lY21hLkFycmF5	405	94489280734
68719477637	107374182404	Z2V0U2VsZWN0	Z2V0U2VsZWN0	KHRhYmxlOiBBTlksIHByZWZpeDogQU5ZLCBmaWVsZHM6IEFOWSkgPT4gQU5Z	406	94489280731
68719477638	107374182404	dGhpcw==	dGhpcw==	Y29udHJvbGxlcnMvYXJ0aWNsZXMtY29udHJvbGxlci5qczo6cHJvZ3JhbQ==	406	111669149746
68719477639	107374182404	dXNlckZpZWxkcw==	dXNlckZpZWxkcw==	X19lY21hLkFycmF5	406	94489280733
68719477640	107374182404	Z2V0U2VsZWN0	Z2V0U2VsZWN0	KHRhYmxlOiBBTlksIHByZWZpeDogQU5ZLCBmaWVsZHM6IEFOWSkgPT4gQU5Z	407	94489280731
68719477641	107374182404	dGhpcw==	dGhpcw==	Y29udHJvbGxlcnMvYXJ0aWNsZXMtY29udHJvbGxlci5qczo6cHJvZ3JhbQ==	407	111669149746
68719477642	107374182404	X3RtcF8xNDQ=	X3RtcF8xNDQ=	X19lY21hLkFycmF5	407	94489280732
68719477643	107374182404	X3RtcF8xNDQ=	X3RtcF8xNDQ=	X19lY21hLkFycmF5	407	
68719477644	107374182404	X3RtcF8xNDQ=	X3RtcF8xNDQ=	X19lY21hLkFycmF5	407	
68719477645	107374182404	X3RtcF8xNDQ=	X3RtcF8xNDQ=	X19lY21hLkFycmF5	407	
68719477646	107374182404	Z2V0U2VsZWN0	Z2V0U2VsZWN0	KHRhYmxlOiBBTlksIHByZWZpeDogQU5ZLCBmaWVsZHM6IEFOWSkgPT4gQU5Z	408	94489280731
68719477647	107374182404	dGhpcw==	dGhpcw==	Y29udHJvbGxlcnMvYXJ0aWNsZXMtY29udHJvbGxlci5qczo6cHJvZ3JhbQ==	408	111669149746
68719477648	107374182404	X3RtcF8xNDU=	X3RtcF8xNDU=	X19lY21hLkFycmF5	408	94489280730
68719477649	107374182404	X3RtcF8xNDU=	X3RtcF8xNDU=	X19lY21hLkFycmF5	408	
68719477650	107374182404	X3RtcF8xNDU=	X3RtcF8xNDU=	X19lY21hLkFycmF5	408	
68719477651	107374182404	X3RtcF8xNDU=	X3RtcF8xNDU=	X19lY21hLkFycmF5	408	
68719477652	107374182404	X3RtcF8xNDU=	X3RtcF8xNDU=	X19lY21hLkFycmF5	408	
68719477653	107374182404	X3RtcF8xNDU=	X3RtcF8xNDU=	X19lY21hLkFycmF5	408	
68719477654	107374182404	X3RtcF8xNDI=	X3RtcF8xNDI=	QU5Z	403	94489280729
68719477655	107374182404	Zm9sbG93ZWRRdWVyeQ==	Zm9sbG93ZWRRdWVyeQ==	QU5Z	411	94489280669
68719477656	107374182404	X3RtcF8xNDE=	X3RtcF8xNDE=	QU5Z	403	94489280728
68719477657	107374182404	bGltaXQ=	bGltaXQ=	Y3R4OnF1ZXJ5OjxyZXR1cm5WYWx1ZT46PG1lbWJlcj4ocXVlcnkpOjxtZW1iZXI+KGxpbWl0KQ==	412	94489280668
68719477658	107374182404	X3RtcF8xNDA=	X3RtcF8xNDA=	QU5Z	403	94489280727
68719477659	107374182404	b2Zmc2V0	b2Zmc2V0	Y3R4OnF1ZXJ5OjxyZXR1cm5WYWx1ZT46PG1lbWJlcj4ocXVlcnkpOjxtZW1iZXI+KG9mZnNldCk=	413	94489280667
68719477660	107374182404	X3RtcF8xMzk=	X3RtcF8xMzk=	QU5Z	403	94489280726
68719477661	107374182404	X3RtcF8xMzg=	X3RtcF8xMzg=	QU5Z	403	94489280725
68719477662	107374182404	X3RtcF8xMzc=	X3RtcF8xMzc=	QU5Z	403	94489280724
68719477663	107374182404	X3RtcF8xMzY=	X3RtcF8xMzY=	QU5Z	403	94489280723
68719477664	107374182404	X3RtcF8xMzU=	X3RtcF8xMzU=	QU5Z	403	94489280722
68719477665	107374182404	X3RtcF8xMzQ=	X3RtcF8xMzQ=	X19lY21hLkFycmF5	425	
68719477666	107374182404	X3RtcF8xMzQ=	X3RtcF8xMzQ=	X19lY21hLkFycmF5	425	
68719477667	107374182404	X3RtcF8xNDg=	X3RtcF8xNDg=	QU5Z	425	94489280716
68719477668	107374182404	X3RtcF8xNDk=	X3RtcF8xNDk=	Y29udHJvbGxlcnMvYXJ0aWNsZXMtY29udHJvbGxlci5qczo6cHJvZ3JhbTpkYjo8cmV0dXJuVmFsdWU+	425	94489280717
68719477669	107374182404	ZGI=	ZGI=	QU5Z	425	94489280718
68719477670	107374182404	dGhpcw==	dGhpcw==	Y29udHJvbGxlcnMvYXJ0aWNsZXMtY29udHJvbGxlci5qczo6cHJvZ3JhbQ==	425	111669149746
68719477671	107374182404	X3RtcF8xNDk=	X3RtcF8xNDk=	Y29udHJvbGxlcnMvYXJ0aWNsZXMtY29udHJvbGxlci5qczo6cHJvZ3JhbTpkYjo8cmV0dXJuVmFsdWU+	425	94489280717
68719477672	107374182404	X3RtcF8xNDg=	X3RtcF8xNDg=	QU5Z	425	94489280716
68719477673	107374182404	Zm9sbG93ZWRRdWVyeQ==	Zm9sbG93ZWRRdWVyeQ==	QU5Z	427	94489280669
68719477674	107374182404	X3RtcF8xMzQ=	X3RtcF8xMzQ=	X19lY21hLkFycmF5	402	
68719477675	107374182404	YXJ0aWNsZXM=	YXJ0aWNsZXM=	QU5Z	402	94489280677
68719477676	107374182404	X3RtcF8xNTA=	X3RtcF8xNTA=	QU5Z	402	
68719477677	107374182404	X3RtcF8xNTE=	X3RtcF8xNTE=	X19lY21hLkFycmF5	402	94489280715
68719477678	107374182404	X3RtcF8xNTE=	X3RtcF8xNTE=	X19lY21hLkFycmF5	402	
68719477679	107374182404	X3RtcF8xNTE=	X3RtcF8xNTE=	X19lY21hLkFycmF5	402	
68719477680	107374182404	Y291bnRSZXM=	Y291bnRSZXM=	QU5Z	402	94489280710
68719477681	107374182404	X3RtcF8xNTE=	X3RtcF8xNTE=	X19lY21hLkFycmF5	402	
68719477682	107374182404	X3RtcF8xNTA=	X3RtcF8xNTA=	QU5Z	402	
68719477683	107374182404	YXJ0aWNsZXM=	YXJ0aWNsZXM=	QU5Z	430	94489280677
68719477684	107374182404	X3RtcF8xNTI=	X3RtcF8xNTI=	am9pbi1qczptYXA6PHJldHVyblZhbHVlPg==	430	94489280712
68719477685	107374182404	am9pbkpz	am9pbkpz	am9pbi1qcw==	430	94489280714
68719477686	107374182404	am9pbkpz	am9pbkpz	am9pbi1qcw==	430	94489280714
68719477687	107374182404	YXJ0aWNsZXM=	YXJ0aWNsZXM=	QU5Z	431	94489280677
68719477688	107374182404	cmVsYXRpb25zTWFwcw==	cmVsYXRpb25zTWFwcw==	X19lY21hLkFycmF5	431	94489280713
68719477689	107374182404	X3RtcF8xNTI=	X3RtcF8xNTI=	am9pbi1qczptYXA6PHJldHVyblZhbHVlPg==	430	94489280712
68719477690	107374182404	YXJ0aWNsZXNDb3VudA==	YXJ0aWNsZXNDb3VudA==	TnVtYmVyOjxyZXR1cm5WYWx1ZT4=	440	94489280679
68719477691	107374182404	Y291bnRSZXM=	Y291bnRSZXM=	QU5Z	440	94489280710
68719477692	107374182404	Y291bnRSZXM=	Y291bnRSZXM=	QU5Z	440	94489280710
68719477693	107374182404	YXJ0aWNsZXNDb3VudA==	YXJ0aWNsZXNDb3VudA==	TnVtYmVyOjxyZXR1cm5WYWx1ZT4=	441	94489280679
68719477694	107374182404	YXJ0aWNsZXNDb3VudA==	YXJ0aWNsZXNDb3VudA==	TnVtYmVyOjxyZXR1cm5WYWx1ZT4=	441	94489280679
68719477695	107374182404	Y3R4	Y3R4	QU5Z	443	111669149747
68719477696	107374182404	X3RtcF8xNTQ=	X3RtcF8xNTQ=	QU5Z	443	
68719477697	107374182404	YXJ0aWNsZXM=	YXJ0aWNsZXM=	QU5Z	443	94489280677
68719477698	107374182404	X3RtcF8xNTQ=	X3RtcF8xNTQ=	QU5Z	443	
68719477699	107374182404	YXJ0aWNsZXNDb3VudA==	YXJ0aWNsZXNDb3VudA==	TnVtYmVyOjxyZXR1cm5WYWx1ZT4=	443	94489280679
68719477700	107374182404	X3RtcF8xNTQ=	X3RtcF8xNTQ=	QU5Z	443	
68719477701	107374182404	X3RtcF8xNTY=	X3RtcF8xNTY=	Y3R4OnBhcmFtczo8cmV0dXJuVmFsdWU+OjxtZW1iZXI+KHBhcmFtcyk=	449	94489280683
68719477702	107374182404	Y3R4	Y3R4	QU5Z	449	111669149749
68719477703	107374182404	YXJ0aWNsZQ==	YXJ0aWNsZQ==	Y3R4OnJlcXVlc3Q6PHJldHVyblZhbHVlPjo8bWVtYmVyPihyZXF1ZXN0KTo8bWVtYmVyPihib2R5KTo8bWVtYmVyPihhcnRpY2xlKQ==	449	94489280684
68719477704	107374182404	X3RtcF8xNTY=	X3RtcF8xNTY=	Y3R4OnBhcmFtczo8cmV0dXJuVmFsdWU+OjxtZW1iZXI+KHBhcmFtcyk=	449	
68719477705	107374182404	X3RtcF8xNTY=	X3RtcF8xNTY=	Y3R4OnBhcmFtczo8cmV0dXJuVmFsdWU+OjxtZW1iZXI+KHBhcmFtcyk=	449	
68719477706	107374182404	YXJ0aWNsZQ==	YXJ0aWNsZQ==	Y3R4OnJlcXVlc3Q6PHJldHVyblZhbHVlPjo8bWVtYmVyPihyZXF1ZXN0KTo8bWVtYmVyPihib2R5KTo8bWVtYmVyPihhcnRpY2xlKQ==	451	94489280684
68719477707	107374182404	Y3R4	Y3R4	QU5Z	452	111669149749
68719477708	107374182404	X3RtcF8xNTc=	X3RtcF8xNTc=	QU5Z	452	
68719477709	107374182404	Y3R4	Y3R4	QU5Z	452	111669149749
68719477710	107374182404	X3RtcF8xNTc=	X3RtcF8xNTc=	QU5Z	452	
68719477711	107374182404	X3RtcF8xNTg=	X3RtcF8xNTg=	X19lY21hLkFycmF5	456	94489280709
68719477712	107374182404	X3RtcF8xNTg=	X3RtcF8xNTg=	X19lY21hLkFycmF5	457	
68719477713	107374182404	X3RtcF8xNTg=	X3RtcF8xNTg=	X19lY21hLkFycmF5	457	
68719477714	107374182404	X3RtcF8xNTk=	X3RtcF8xNTk=	Y29udHJvbGxlcnMvYXJ0aWNsZXMtY29udHJvbGxlci5qczo6cHJvZ3JhbTpkYjo8cmV0dXJuVmFsdWU+	457	94489280708
68719477715	107374182404	ZGI=	ZGI=	QU5Z	457	94489280706
68719477716	107374182404	dGhpcw==	dGhpcw==	Y29udHJvbGxlcnMvYXJ0aWNsZXMtY29udHJvbGxlci5qczo6cHJvZ3JhbQ==	457	111669149748
68719477717	107374182404	X3RtcF8xNTk=	X3RtcF8xNTk=	Y29udHJvbGxlcnMvYXJ0aWNsZXMtY29udHJvbGxlci5qczo6cHJvZ3JhbTpkYjo8cmV0dXJuVmFsdWU+	457	94489280708
68719477718	107374182404	X3RtcF8xNjA=	X3RtcF8xNjA=	QU5Z	458	
68719477719	107374182404	dXVpZA==	dXVpZA==	dXVpZA==	458	94489280707
68719477720	107374182404	dGhpcw==	dGhpcw==	Y29udHJvbGxlcnMvYXJ0aWNsZXMtY29udHJvbGxlci5qczo6cHJvZ3JhbQ==	458	111669149748
68719477721	107374182404	X3RtcF8xNjA=	X3RtcF8xNjA=	QU5Z	459	
68719477722	107374182404	Y3R4	Y3R4	QU5Z	459	111669149749
68719477723	107374182404	X3RtcF8xNjA=	X3RtcF8xNjA=	QU5Z	460	
68719477724	107374182404	YXJ0aWNsZQ==	YXJ0aWNsZQ==	Y3R4OnJlcXVlc3Q6PHJldHVyblZhbHVlPjo8bWVtYmVyPihyZXF1ZXN0KTo8bWVtYmVyPihib2R5KTo8bWVtYmVyPihhcnRpY2xlKQ==	460	94489280684
68719477725	107374182404	X3RtcF8xNjA=	X3RtcF8xNjA=	QU5Z	457	
68719477726	107374182404	X3RtcF8xNTg=	X3RtcF8xNTg=	X19lY21hLkFycmF5	462	
68719477727	107374182404	X3RtcF8xNTg=	X3RtcF8xNTg=	X19lY21hLkFycmF5	462	
68719477728	107374182404	X3RtcF8xNjE=	X3RtcF8xNjE=	QU5Z	462	94489280704
68719477729	107374182404	X3RtcF8xNjI=	X3RtcF8xNjI=	Y29udHJvbGxlcnMvYXJ0aWNsZXMtY29udHJvbGxlci5qczo6cHJvZ3JhbTpkYjo8cmV0dXJuVmFsdWU+	462	94489280705
68719477730	107374182404	ZGI=	ZGI=	QU5Z	462	94489280706
68719477731	107374182404	dGhpcw==	dGhpcw==	Y29udHJvbGxlcnMvYXJ0aWNsZXMtY29udHJvbGxlci5qczo6cHJvZ3JhbQ==	462	111669149748
68719477732	107374182404	X3RtcF8xNjI=	X3RtcF8xNjI=	Y29udHJvbGxlcnMvYXJ0aWNsZXMtY29udHJvbGxlci5qczo6cHJvZ3JhbTpkYjo8cmV0dXJuVmFsdWU+	462	94489280705
68719477733	107374182404	X3RtcF8xNjE=	X3RtcF8xNjE=	QU5Z	462	94489280704
68719477734	107374182404	X3RtcF8xNjM=	X3RtcF8xNjM=	QU5Z	464	
68719477735	107374182404	YXJ0aWNsZQ==	YXJ0aWNsZQ==	Y3R4OnJlcXVlc3Q6PHJldHVyblZhbHVlPjo8bWVtYmVyPihyZXF1ZXN0KTo8bWVtYmVyPihib2R5KTo8bWVtYmVyPihhcnRpY2xlKQ==	464	94489280684
68719477736	107374182404	X3RtcF8xNjM=	X3RtcF8xNjM=	QU5Z	464	
68719477737	107374182404	X3RtcF8xNTg=	X3RtcF8xNTg=	X19lY21hLkFycmF5	456	
68719477738	107374182404	YXJ0aWNsZQ==	YXJ0aWNsZQ==	Y3R4OnJlcXVlc3Q6PHJldHVyblZhbHVlPjo8bWVtYmVyPihyZXF1ZXN0KTo8bWVtYmVyPihib2R5KTo8bWVtYmVyPihhcnRpY2xlKQ==	467	94489280684
68719477739	107374182404	YXJ0aWNsZQ==	YXJ0aWNsZQ==	Y3R4OnJlcXVlc3Q6PHJldHVyblZhbHVlPjo8bWVtYmVyPihyZXF1ZXN0KTo8bWVtYmVyPihib2R5KTo8bWVtYmVyPihhcnRpY2xlKQ==	468	94489280684
68719477740	107374182404	YXJ0aWNsZQ==	YXJ0aWNsZQ==	Y3R4OnJlcXVlc3Q6PHJldHVyblZhbHVlPjo8bWVtYmVyPihyZXF1ZXN0KTo8bWVtYmVyPihib2R5KTo8bWVtYmVyPihhcnRpY2xlKQ==	468	94489280684
68719477741	107374182404	Y3R4	Y3R4	QU5Z	470	111669149749
68719477742	107374182404	X3RtcF8xNjQ=	X3RtcF8xNjQ=	QU5Z	470	
68719477743	107374182404	Y3R4	Y3R4	QU5Z	470	111669149749
68719477744	107374182404	X3RtcF8xNjQ=	X3RtcF8xNjQ=	QU5Z	470	
68719477745	107374182404	X3RtcF8xNjU=	X3RtcF8xNjU=	Y3R4OnBhcmFtczo8cmV0dXJuVmFsdWU+OjxtZW1iZXI+KHBhcmFtcyk=	474	94489280691
68719477746	107374182404	Y3R4	Y3R4	QU5Z	474	111669149751
68719477747	107374182404	YXJ0aWNsZQ==	YXJ0aWNsZQ==	Y3R4OnJlcXVlc3Q6PHJldHVyblZhbHVlPjo8bWVtYmVyPihyZXF1ZXN0KTo8bWVtYmVyPihib2R5KTo8bWVtYmVyPihhcnRpY2xlKQ==	474	94489280692
68719477748	107374182404	X3RtcF8xNjU=	X3RtcF8xNjU=	Y3R4OnBhcmFtczo8cmV0dXJuVmFsdWU+OjxtZW1iZXI+KHBhcmFtcyk=	474	
68719477749	107374182404	X3RtcF8xNjU=	X3RtcF8xNjU=	Y3R4OnBhcmFtczo8cmV0dXJuVmFsdWU+OjxtZW1iZXI+KHBhcmFtcyk=	474	
68719477750	107374182404	YXJ0aWNsZQ==	YXJ0aWNsZQ==	Y3R4OnJlcXVlc3Q6PHJldHVyblZhbHVlPjo8bWVtYmVyPihyZXF1ZXN0KTo8bWVtYmVyPihib2R5KTo8bWVtYmVyPihhcnRpY2xlKQ==	476	94489280692
68719477751	107374182404	Y3R4	Y3R4	QU5Z	477	111669149751
68719477752	107374182404	X3RtcF8xNjY=	X3RtcF8xNjY=	QU5Z	477	
68719477753	107374182404	Y3R4	Y3R4	QU5Z	477	111669149751
68719477754	107374182404	X3RtcF8xNjY=	X3RtcF8xNjY=	QU5Z	477	
68719477755	107374182404	X3RtcF8xNjc=	X3RtcF8xNjc=	X19lY21hLkFycmF5	481	94489280703
68719477756	107374182404	X3RtcF8xNjc=	X3RtcF8xNjc=	X19lY21hLkFycmF5	482	
68719477757	107374182404	X3RtcF8xNjc=	X3RtcF8xNjc=	X19lY21hLkFycmF5	482	
68719477758	107374182404	X3RtcF8xNjg=	X3RtcF8xNjg=	QU5Z	482	94489280701
68719477759	107374182404	X3RtcF8xNjk=	X3RtcF8xNjk=	Y29udHJvbGxlcnMvYXJ0aWNsZXMtY29udHJvbGxlci5qczo6cHJvZ3JhbTpkYjo8cmV0dXJuVmFsdWU+	482	94489280702
68719477760	107374182404	ZGI=	ZGI=	QU5Z	482	94489280700
68719477761	107374182404	dGhpcw==	dGhpcw==	Y29udHJvbGxlcnMvYXJ0aWNsZXMtY29udHJvbGxlci5qczo6cHJvZ3JhbQ==	482	111669149750
68719477762	107374182404	X3RtcF8xNjk=	X3RtcF8xNjk=	Y29udHJvbGxlcnMvYXJ0aWNsZXMtY29udHJvbGxlci5qczo6cHJvZ3JhbTpkYjo8cmV0dXJuVmFsdWU+	482	94489280702
68719477763	107374182404	X3RtcF8xNjg=	X3RtcF8xNjg=	QU5Z	482	94489280701
68719477764	107374182404	X3RtcF8xNzA=	X3RtcF8xNzA=	QU5Z	484	
68719477765	107374182404	Y3R4	Y3R4	QU5Z	484	111669149751
68719477766	107374182404	X3RtcF8xNzA=	X3RtcF8xNzA=	QU5Z	484	
68719477767	107374182404	YXJ0aWNsZQ==	YXJ0aWNsZQ==	Y3R4OnJlcXVlc3Q6PHJldHVyblZhbHVlPjo8bWVtYmVyPihyZXF1ZXN0KTo8bWVtYmVyPihib2R5KTo8bWVtYmVyPihhcnRpY2xlKQ==	484	94489280692
68719477768	107374182404	X3RtcF8xNzA=	X3RtcF8xNzA=	QU5Z	484	
68719477769	107374182404	X3RtcF8xNjc=	X3RtcF8xNjc=	X19lY21hLkFycmF5	485	
68719477770	107374182404	X3RtcF8xNjc=	X3RtcF8xNjc=	X19lY21hLkFycmF5	485	
68719477771	107374182404	X3RtcF8xNzE=	X3RtcF8xNzE=	QU5Z	485	94489280698
68719477772	107374182404	X3RtcF8xNzI=	X3RtcF8xNzI=	Y29udHJvbGxlcnMvYXJ0aWNsZXMtY29udHJvbGxlci5qczo6cHJvZ3JhbTpkYjo8cmV0dXJuVmFsdWU+	485	94489280699
68719477773	107374182404	ZGI=	ZGI=	QU5Z	485	94489280700
68719477774	107374182404	dGhpcw==	dGhpcw==	Y29udHJvbGxlcnMvYXJ0aWNsZXMtY29udHJvbGxlci5qczo6cHJvZ3JhbQ==	485	111669149750
68719477775	107374182404	X3RtcF8xNzI=	X3RtcF8xNzI=	Y29udHJvbGxlcnMvYXJ0aWNsZXMtY29udHJvbGxlci5qczo6cHJvZ3JhbTpkYjo8cmV0dXJuVmFsdWU+	485	94489280699
68719477776	107374182404	X3RtcF8xNzE=	X3RtcF8xNzE=	QU5Z	485	94489280698
68719477777	107374182404	X3RtcF8xNzM=	X3RtcF8xNzM=	QU5Z	487	
68719477778	107374182404	YXJ0aWNsZQ==	YXJ0aWNsZQ==	Y3R4OnJlcXVlc3Q6PHJldHVyblZhbHVlPjo8bWVtYmVyPihyZXF1ZXN0KTo8bWVtYmVyPihib2R5KTo8bWVtYmVyPihhcnRpY2xlKQ==	487	94489280692
68719477779	107374182404	X3RtcF8xNzM=	X3RtcF8xNzM=	QU5Z	487	
68719477780	107374182404	X3RtcF8xNjc=	X3RtcF8xNjc=	X19lY21hLkFycmF5	481	
68719477781	107374182404	YXJ0aWNsZQ==	YXJ0aWNsZQ==	Y3R4OnJlcXVlc3Q6PHJldHVyblZhbHVlPjo8bWVtYmVyPihyZXF1ZXN0KTo8bWVtYmVyPihib2R5KTo8bWVtYmVyPihhcnRpY2xlKQ==	490	94489280692
68719477782	107374182404	YXJ0aWNsZQ==	YXJ0aWNsZQ==	Y3R4OnJlcXVlc3Q6PHJldHVyblZhbHVlPjo8bWVtYmVyPihyZXF1ZXN0KTo8bWVtYmVyPihib2R5KTo8bWVtYmVyPihhcnRpY2xlKQ==	491	94489280692
68719477783	107374182404	YXJ0aWNsZQ==	YXJ0aWNsZQ==	Y3R4OnJlcXVlc3Q6PHJldHVyblZhbHVlPjo8bWVtYmVyPihyZXF1ZXN0KTo8bWVtYmVyPihib2R5KTo8bWVtYmVyPihhcnRpY2xlKQ==	491	94489280692
68719477784	107374182404	Y3R4	Y3R4	QU5Z	493	111669149751
68719477785	107374182404	X3RtcF8xNzQ=	X3RtcF8xNzQ=	QU5Z	493	
68719477786	107374182404	Y3R4	Y3R4	QU5Z	493	111669149751
68719477787	107374182404	X3RtcF8xNzQ=	X3RtcF8xNzQ=	QU5Z	493	
68719477788	107374182404	c2x1Zw==	c2x1Zw==	c2x1Zw==	1	94489280544
68719477789	107374182404	cmVxdWlyZQ==	cmVxdWlyZQ==	KCJqb2luLWpzIik6PG1lbWJlcj4oZGVmYXVsdCk=	1	94489280864
68719477790	107374182404	dGhpcw==	dGhpcw==	Y29udHJvbGxlcnMvYXJ0aWNsZXMtY29udHJvbGxlci5qczo6cHJvZ3JhbQ==	1	111669149752
68719477791	107374182404	dXVpZA==	dXVpZA==	dXVpZA==	2	94489280545
68719477792	107374182404	cmVxdWlyZQ==	cmVxdWlyZQ==	KCJqb2luLWpzIik6PG1lbWJlcj4oZGVmYXVsdCk=	2	94489280864
68719477793	107374182404	dGhpcw==	dGhpcw==	Y29udHJvbGxlcnMvYXJ0aWNsZXMtY29udHJvbGxlci5qczo6cHJvZ3JhbQ==	2	111669149752
68719477794	107374182404	aHVtcHM=	aHVtcHM=	aHVtcHM=	3	94489280546
68719477795	107374182404	cmVxdWlyZQ==	cmVxdWlyZQ==	KCJqb2luLWpzIik6PG1lbWJlcj4oZGVmYXVsdCk=	3	94489280864
68719477796	107374182404	dGhpcw==	dGhpcw==	Y29udHJvbGxlcnMvYXJ0aWNsZXMtY29udHJvbGxlci5qczo6cHJvZ3JhbQ==	3	111669149752
68719477797	107374182404	Xw==	Xw==	bG9kYXNo	4	94489280547
68719477798	107374182404	cmVxdWlyZQ==	cmVxdWlyZQ==	KCJqb2luLWpzIik6PG1lbWJlcj4oZGVmYXVsdCk=	4	94489280864
68719477799	107374182404	dGhpcw==	dGhpcw==	Y29udHJvbGxlcnMvYXJ0aWNsZXMtY29udHJvbGxlci5qczo6cHJvZ3JhbQ==	4	111669149752
68719477800	107374182404	Y29tbWVudHM=	Y29tbWVudHM=	eyBieUNvbW1lbnQoY29tbWVudDogQU5ZLCBjdHg6IEFOWSwgbmV4dDogQU5ZKTogUHJvbWlzZTxhbnk+OyBnZXQoY3R4OiBBTlkpOiBQcm9taXNlPHZvaWQ+OyBwb3N0KGN0eDogQU5ZKTogUHJvbWlzZTx2b2lkPjsgZGVsKGN0eDogQU5ZKTogUHJvbWlzZTx2b2lkPjsgfQ==	5	94489280548
68719477801	107374182404	cmVxdWlyZQ==	cmVxdWlyZQ==	KCJqb2luLWpzIik6PG1lbWJlcj4oZGVmYXVsdCk=	5	94489280864
68719477802	107374182404	dGhpcw==	dGhpcw==	Y29udHJvbGxlcnMvYXJ0aWNsZXMtY29udHJvbGxlci5qczo6cHJvZ3JhbQ==	5	111669149752
68719477803	107374182404	X3RtcF8w	X3RtcF8w	QU5Z	6	94489280550
68719477804	107374182404	cmVxdWlyZQ==	cmVxdWlyZQ==	KCJqb2luLWpzIik6PG1lbWJlcj4oZGVmYXVsdCk=	6	94489280864
68719477805	107374182404	dGhpcw==	dGhpcw==	Y29udHJvbGxlcnMvYXJ0aWNsZXMtY29udHJvbGxlci5qczo6cHJvZ3JhbQ==	6	111669149752
68719477806	107374182404	VmFsaWRhdGlvbkVycm9y	VmFsaWRhdGlvbkVycm9y	X3RtcF8wOlZhbGlkYXRpb25FcnJvcjo8cmV0dXJuVmFsdWU+OjxtZW1iZXI+KFZhbGlkYXRpb25FcnJvcik=	6	94489280551
68719477807	107374182404	X3RtcF8w	X3RtcF8w	QU5Z	6	
68719477808	107374182404	X3RtcF8w	X3RtcF8w	QU5Z	6	
68719477809	107374182404	ZGI=	ZGI=	QU5Z	7	94489280552
68719477810	107374182404	cmVxdWlyZQ==	cmVxdWlyZQ==	KCJqb2luLWpzIik6PG1lbWJlcj4oZGVmYXVsdCk=	7	94489280864
68719477811	107374182404	dGhpcw==	dGhpcw==	Y29udHJvbGxlcnMvYXJ0aWNsZXMtY29udHJvbGxlci5qczo6cHJvZ3JhbQ==	7	111669149752
68719477812	107374182404	am9pbkpz	am9pbkpz	am9pbi1qcw==	8	94489280553
68719477813	107374182404	cmVxdWlyZQ==	cmVxdWlyZQ==	KCJqb2luLWpzIik6PG1lbWJlcj4oZGVmYXVsdCk=	8	94489280864
68719477814	107374182404	dGhpcw==	dGhpcw==	Y29udHJvbGxlcnMvYXJ0aWNsZXMtY29udHJvbGxlci5qczo6cHJvZ3JhbQ==	8	111669149752
68719477815	107374182404	X3RtcF8x	X3RtcF8x	bGliL3V0aWxzLmpzOjpwcm9ncmFtOmdldFNlbGVjdA==	9	94489280555
68719477816	107374182404	cmVxdWlyZQ==	cmVxdWlyZQ==	KCJqb2luLWpzIik6PG1lbWJlcj4oZGVmYXVsdCk=	9	94489280864
68719477817	107374182404	dGhpcw==	dGhpcw==	Y29udHJvbGxlcnMvYXJ0aWNsZXMtY29udHJvbGxlci5qczo6cHJvZ3JhbQ==	9	111669149752
68719477818	107374182404	Z2V0U2VsZWN0	Z2V0U2VsZWN0	KHRhYmxlOiBBTlksIHByZWZpeDogQU5ZLCBmaWVsZHM6IEFOWSkgPT4gQU5Z	9	94489280556
68719477819	107374182404	X3RtcF8x	X3RtcF8x	bGliL3V0aWxzLmpzOjpwcm9ncmFtOmdldFNlbGVjdA==	9	
68719477820	107374182404	X3RtcF8x	X3RtcF8x	bGliL3V0aWxzLmpzOjpwcm9ncmFtOmdldFNlbGVjdA==	9	
68719477821	107374182404	X3RtcF8y	X3RtcF8y	X19lY21hLkFycmF5	10	94489280558
68719477822	107374182404	cmVxdWlyZQ==	cmVxdWlyZQ==	KCJqb2luLWpzIik6PG1lbWJlcj4oZGVmYXVsdCk=	14	94489280864
68719477823	107374182404	dGhpcw==	dGhpcw==	Y29udHJvbGxlcnMvYXJ0aWNsZXMtY29udHJvbGxlci5qczo6cHJvZ3JhbQ==	14	111669149752
68719477824	107374182404	YXJ0aWNsZUZpZWxkcw==	YXJ0aWNsZUZpZWxkcw==	X19lY21hLkFycmF5	11	94489280559
68719477825	107374182404	X3RtcF8y	X3RtcF8y	X19lY21hLkFycmF5	11	
68719477826	107374182404	dXNlckZpZWxkcw==	dXNlckZpZWxkcw==	X19lY21hLkFycmF5	12	94489280560
68719477827	107374182404	X3RtcF8y	X3RtcF8y	X19lY21hLkFycmF5	12	
68719477828	107374182404	cmVsYXRpb25zTWFwcw==	cmVsYXRpb25zTWFwcw==	X19lY21hLkFycmF5	13	94489280561
68719477829	107374182404	X3RtcF8y	X3RtcF8y	X19lY21hLkFycmF5	13	
68719477830	107374182404	X3RtcF8y	X3RtcF8y	X19lY21hLkFycmF5	10	
68719477831	107374182404	bW9kdWxl	bW9kdWxl	eyBleHBvcnRzOiB7IGJ5U2x1ZyhzbHVnOiBBTlksIGN0eDogQU5ZLCBuZXh0OiBBTlkpOiBQcm9taXNlPHZvaWQ+OyBnZXQoY3R4OiBBTlkpOiBQcm9taXNlPHZvaWQ+OyBnZXRPbmUoY3R4OiBBTlkpOiBQcm9taXNlPHZvaWQ+OyBwb3N0KGN0eDogQU5ZKTogUHJvbWlzZTwuLi4+OyAuLi4gNCBtb3JlIC4uLjsgY29tbWVudHM6IHsgLi4uOyB9OyB9OyB9	16	94489280863
68719477832	107374182404	X3RtcF8z	X3RtcF8z	QU5Z	17	
68719477833	107374182404	X3RtcF8z	X3RtcF8z	QU5Z	87	
68719477834	107374182404	X3RtcF8z	X3RtcF8z	QU5Z	178	
68719477835	107374182404	X3RtcF8z	X3RtcF8z	QU5Z	182	
68719477836	107374182404	X3RtcF8z	X3RtcF8z	QU5Z	252	
68719477837	107374182404	X3RtcF8z	X3RtcF8z	QU5Z	367	
68719477838	107374182404	X3RtcF8z	X3RtcF8z	QU5Z	393	
68719477839	107374182404	X3RtcF8xMjg=	X3RtcF8xMjg=	QU5Z	394	
68719477840	107374182404	X3RtcF8xMjg=	X3RtcF8xMjg=	QU5Z	393	
68719477841	107374182404	X3RtcF8z	X3RtcF8z	QU5Z	447	
68719477842	107374182404	X3RtcF8xNTU=	X3RtcF8xNTU=	QU5Z	448	
68719477843	107374182404	X3RtcF8xNTU=	X3RtcF8xNTU=	QU5Z	473	
68719477844	107374182404	X3RtcF8xNTU=	X3RtcF8xNTU=	QU5Z	447	
68719477845	107374182404	X3RtcF8z	X3RtcF8z	QU5Z	497	
68719477846	107374182404	Y29tbWVudHM=	Y29tbWVudHM=	eyBieUNvbW1lbnQoY29tbWVudDogQU5ZLCBjdHg6IEFOWSwgbmV4dDogQU5ZKTogUHJvbWlzZTxhbnk+OyBnZXQoY3R4OiBBTlkpOiBQcm9taXNlPHZvaWQ+OyBwb3N0KGN0eDogQU5ZKTogUHJvbWlzZTx2b2lkPjsgZGVsKGN0eDogQU5ZKTogUHJvbWlzZTx2b2lkPjsgfQ==	497	94489280548
68719477847	107374182404	X3RtcF8z	X3RtcF8z	QU5Z	16	
68719476831	107374182405	cg==	cg==	QU5Z	35	111669149702
68719476831	107374182406	cg==	cg==	QU5Z	35	111669149702
68719476832	107374182406	dA==	dA==	QU5Z	37	111669149704
68719476833	107374182406	Y3R4	Y3R4	QU5Z	18	111669149707
68719476834	107374182406	Y3R4	Y3R4	QU5Z	18	111669149707
68719476835	107374182406	c2x1Zw==	c2x1Zw==	c2x1Zw==	18	111669149706
68719476836	107374182406	YXJ0aWNsZQ==	YXJ0aWNsZQ==	Y3R4OnJlcXVlc3Q6PHJldHVyblZhbHVlPjo8bWVtYmVyPihyZXF1ZXN0KTo8bWVtYmVyPihib2R5KTo8bWVtYmVyPihhcnRpY2xlKQ==	20	94489280563
68719476837	107374182406	X3RtcF80	X3RtcF80	QU5Z	20	94489280861
68719476838	107374182406	X3RtcF81	X3RtcF81	Y29udHJvbGxlcnMvYXJ0aWNsZXMtY29udHJvbGxlci5qczo6cHJvZ3JhbTpkYjo8cmV0dXJuVmFsdWU+	20	94489280862
68719476839	107374182406	ZGI=	ZGI=	QU5Z	20	94489280852
68719476840	107374182406	dGhpcw==	dGhpcw==	Y29udHJvbGxlcnMvYXJ0aWNsZXMtY29udHJvbGxlci5qczo6cHJvZ3JhbQ==	20	111669149705
68719476841	107374182406	X3RtcF81	X3RtcF81	Y29udHJvbGxlcnMvYXJ0aWNsZXMtY29udHJvbGxlci5qczo6cHJvZ3JhbTpkYjo8cmV0dXJuVmFsdWU+	20	94489280862
68719476842	107374182406	X3RtcF80	X3RtcF80	QU5Z	20	94489280861
68719476843	107374182406	X3RtcF82	X3RtcF82	QU5Z	22	
68719476844	107374182406	c2x1Zw==	c2x1Zw==	c2x1Zw==	22	111669149706
68719476845	107374182406	X3RtcF82	X3RtcF82	QU5Z	22	
68719476846	107374182406	Y3R4	Y3R4	QU5Z	24	111669149707
68719476847	107374182406	Y3R4	Y3R4	QU5Z	24	111669149707
68719476848	107374182406	YXJ0aWNsZQ==	YXJ0aWNsZQ==	Y3R4OnJlcXVlc3Q6PHJldHVyblZhbHVlPjo8bWVtYmVyPihyZXF1ZXN0KTo8bWVtYmVyPihib2R5KTo8bWVtYmVyPihhcnRpY2xlKQ==	24	94489280563
68719476849	107374182406	dGFnc1JlbGF0aW9ucw==	dGFnc1JlbGF0aW9ucw==	QU5Z	26	94489280565
68719476850	107374182406	X3RtcF83	X3RtcF83	QU5Z	26	94489280859
68719476851	107374182406	X3RtcF84	X3RtcF84	Y29udHJvbGxlcnMvYXJ0aWNsZXMtY29udHJvbGxlci5qczo6cHJvZ3JhbTpkYjo8cmV0dXJuVmFsdWU+	26	94489280860
68719476852	107374182406	ZGI=	ZGI=	QU5Z	26	94489280852
68719476853	107374182406	dGhpcw==	dGhpcw==	Y29udHJvbGxlcnMvYXJ0aWNsZXMtY29udHJvbGxlci5qczo6cHJvZ3JhbQ==	26	111669149705
68719476854	107374182406	X3RtcF84	X3RtcF84	Y29udHJvbGxlcnMvYXJ0aWNsZXMtY29udHJvbGxlci5qczo6cHJvZ3JhbTpkYjo8cmV0dXJuVmFsdWU+	26	94489280860
68719476855	107374182406	X3RtcF83	X3RtcF83	QU5Z	26	94489280859
68719476856	107374182406	X3RtcF85	X3RtcF85	QU5Z	28	
68719476857	107374182406	YXJ0aWNsZQ==	YXJ0aWNsZQ==	Y3R4OnJlcXVlc3Q6PHJldHVyblZhbHVlPjo8bWVtYmVyPihyZXF1ZXN0KTo8bWVtYmVyPihib2R5KTo8bWVtYmVyPihhcnRpY2xlKQ==	28	94489280563
68719476858	107374182406	X3RtcF85	X3RtcF85	QU5Z	28	
68719476859	107374182406	dGFnTGlzdA==	dGFnTGlzdA==	X19lY21hLkFycmF5	30	94489280567
68719476860	107374182406	dGFnc1JlbGF0aW9ucw==	dGFnc1JlbGF0aW9ucw==	QU5Z	32	94489280565
68719476861	107374182406	dGFnc1JlbGF0aW9ucw==	dGFnc1JlbGF0aW9ucw==	QU5Z	32	94489280565
68719476862	107374182406	dGFnTGlzdA==	dGFnTGlzdA==	X19lY21hLkFycmF5	33	94489280567
68719476863	107374182406	X3RtcF8xMA==	X3RtcF8xMA==	QU5Z	33	94489280857
68719476864	107374182406	X3RtcF8xMQ==	X3RtcF8xMQ==	Y29udHJvbGxlcnMvYXJ0aWNsZXMtY29udHJvbGxlci5qczo6cHJvZ3JhbTpkYjo8cmV0dXJuVmFsdWU+	33	94489280858
68719476865	107374182406	ZGI=	ZGI=	QU5Z	33	94489280852
68719476866	107374182406	dGhpcw==	dGhpcw==	Y29udHJvbGxlcnMvYXJ0aWNsZXMtY29udHJvbGxlci5qczo6cHJvZ3JhbQ==	33	111669149705
68719476867	107374182406	X3RtcF8xMQ==	X3RtcF8xMQ==	Y29udHJvbGxlcnMvYXJ0aWNsZXMtY29udHJvbGxlci5qczo6cHJvZ3JhbTpkYjo8cmV0dXJuVmFsdWU+	33	94489280858
68719476868	107374182406	X3RtcF8xMA==	X3RtcF8xMA==	QU5Z	33	94489280857
68719476869	107374182406	dGFnc1JlbGF0aW9ucw==	dGFnc1JlbGF0aW9ucw==	QU5Z	35	94489280565
68719476870	107374182406	dGFnc1JlbGF0aW9ucw==	dGFnc1JlbGF0aW9ucw==	QU5Z	35	94489280565
68719476871	107374182406	dGFnTGlzdA==	dGFnTGlzdA==	X19lY21hLkFycmF5	37	94489280567
68719476872	107374182406	dGFnTGlzdA==	dGFnTGlzdA==	X19lY21hLkFycmF5	37	94489280567
68719476873	107374182406	dGFnTGlzdA==	dGFnTGlzdA==	X19lY21hLkFycmF5	37	94489280567
68719476874	107374182406	YXJ0aWNsZQ==	YXJ0aWNsZQ==	Y3R4OnJlcXVlc3Q6PHJldHVyblZhbHVlPjo8bWVtYmVyPihyZXF1ZXN0KTo8bWVtYmVyPihib2R5KTo8bWVtYmVyPihhcnRpY2xlKQ==	40	94489280563
68719476875	107374182406	dGFnTGlzdA==	dGFnTGlzdA==	X19lY21hLkFycmF5	40	94489280567
68719476876	107374182406	YXJ0aWNsZQ==	YXJ0aWNsZQ==	Y3R4OnJlcXVlc3Q6PHJldHVyblZhbHVlPjo8bWVtYmVyPihyZXF1ZXN0KTo8bWVtYmVyPihib2R5KTo8bWVtYmVyPihhcnRpY2xlKQ==	42	94489280563
68719476877	107374182406	YXV0aG9y	YXV0aG9y	Y3R4OnF1ZXJ5OjxyZXR1cm5WYWx1ZT46PG1lbWJlcj4ocXVlcnkpOjxtZW1iZXI+KGF1dGhvcik=	44	94489280568
68719476878	107374182406	X3RtcF8xMg==	X3RtcF8xMg==	QU5Z	44	94489280855
68719476879	107374182406	X3RtcF8xMw==	X3RtcF8xMw==	Y29udHJvbGxlcnMvYXJ0aWNsZXMtY29udHJvbGxlci5qczo6cHJvZ3JhbTpkYjo8cmV0dXJuVmFsdWU+	44	94489280856
68719476880	107374182406	ZGI=	ZGI=	QU5Z	44	94489280852
68719476881	107374182406	dGhpcw==	dGhpcw==	Y29udHJvbGxlcnMvYXJ0aWNsZXMtY29udHJvbGxlci5qczo6cHJvZ3JhbQ==	44	111669149705
68719476882	107374182406	X3RtcF8xMw==	X3RtcF8xMw==	Y29udHJvbGxlcnMvYXJ0aWNsZXMtY29udHJvbGxlci5qczo6cHJvZ3JhbTpkYjo8cmV0dXJuVmFsdWU+	44	94489280856
68719476883	107374182406	X3RtcF8xMg==	X3RtcF8xMg==	QU5Z	44	94489280855
68719476884	107374182406	X3RtcF8xNA==	X3RtcF8xNA==	QU5Z	46	
68719476885	107374182406	YXJ0aWNsZQ==	YXJ0aWNsZQ==	Y3R4OnJlcXVlc3Q6PHJldHVyblZhbHVlPjo8bWVtYmVyPihyZXF1ZXN0KTo8bWVtYmVyPihib2R5KTo8bWVtYmVyPihhcnRpY2xlKQ==	46	94489280563
68719476886	107374182406	X3RtcF8xNA==	X3RtcF8xNA==	QU5Z	46	
68719476887	107374182406	YXJ0aWNsZQ==	YXJ0aWNsZQ==	Y3R4OnJlcXVlc3Q6PHJldHVyblZhbHVlPjo8bWVtYmVyPihyZXF1ZXN0KTo8bWVtYmVyPihib2R5KTo8bWVtYmVyPihhcnRpY2xlKQ==	48	94489280563
68719476888	107374182406	YXV0aG9y	YXV0aG9y	Y3R4OnF1ZXJ5OjxyZXR1cm5WYWx1ZT46PG1lbWJlcj4ocXVlcnkpOjxtZW1iZXI+KGF1dGhvcik=	48	94489280568
68719476889	107374182406	YXJ0aWNsZQ==	YXJ0aWNsZQ==	Y3R4OnJlcXVlc3Q6PHJldHVyblZhbHVlPjo8bWVtYmVyPihyZXF1ZXN0KTo8bWVtYmVyPihib2R5KTo8bWVtYmVyPihhcnRpY2xlKQ==	50	94489280563
68719476890	107374182406	X3RtcF8xNQ==	X3RtcF8xNQ==	Y3R4OnN0YXRlOjxyZXR1cm5WYWx1ZT46PG1lbWJlcj4oc3RhdGUp	52	94489280571
68719476891	107374182406	Y3R4	Y3R4	QU5Z	52	111669149707
68719476892	107374182406	dXNlcg==	dXNlcg==	Y3R4OnN0YXRlOjxyZXR1cm5WYWx1ZT46PG1lbWJlcj4oc3RhdGUpOjxtZW1iZXI+KHVzZXIp	52	94489280572
68719476893	107374182406	X3RtcF8xNQ==	X3RtcF8xNQ==	Y3R4OnN0YXRlOjxyZXR1cm5WYWx1ZT46PG1lbWJlcj4oc3RhdGUp	52	
68719476894	107374182406	X3RtcF8xNQ==	X3RtcF8xNQ==	Y3R4OnN0YXRlOjxyZXR1cm5WYWx1ZT46PG1lbWJlcj4oc3RhdGUp	52	
68719476895	107374182406	dXNlcg==	dXNlcg==	Y3R4OnN0YXRlOjxyZXR1cm5WYWx1ZT46PG1lbWJlcj4oc3RhdGUpOjxtZW1iZXI+KHVzZXIp	54	94489280572
68719476896	107374182406	dXNlcg==	dXNlcg==	Y3R4OnN0YXRlOjxyZXR1cm5WYWx1ZT46PG1lbWJlcj4oc3RhdGUpOjxtZW1iZXI+KHVzZXIp	54	94489280572
68719476897	107374182406	YXJ0aWNsZQ==	YXJ0aWNsZQ==	Y3R4OnJlcXVlc3Q6PHJldHVyblZhbHVlPjo8bWVtYmVyPihyZXF1ZXN0KTo8bWVtYmVyPihib2R5KTo8bWVtYmVyPihhcnRpY2xlKQ==	54	94489280563
68719476898	107374182406	cmVz	cmVz	QU5Z	55	94489280573
68719476899	107374182406	X3RtcF8xNg==	X3RtcF8xNg==	QU5Z	55	94489280853
68719476900	107374182406	X3RtcF8xNw==	X3RtcF8xNw==	Y29udHJvbGxlcnMvYXJ0aWNsZXMtY29udHJvbGxlci5qczo6cHJvZ3JhbTpkYjo8cmV0dXJuVmFsdWU+	55	94489280854
68719476901	107374182406	ZGI=	ZGI=	QU5Z	55	94489280852
68719476902	107374182406	dGhpcw==	dGhpcw==	Y29udHJvbGxlcnMvYXJ0aWNsZXMtY29udHJvbGxlci5qczo6cHJvZ3JhbQ==	55	111669149705
68719476903	107374182406	X3RtcF8xNw==	X3RtcF8xNw==	Y29udHJvbGxlcnMvYXJ0aWNsZXMtY29udHJvbGxlci5qczo6cHJvZ3JhbTpkYjo8cmV0dXJuVmFsdWU+	55	94489280854
68719476904	107374182406	X3RtcF8xOA==	X3RtcF8xOA==	QU5Z	56	
68719476905	107374182406	YXJ0aWNsZQ==	YXJ0aWNsZQ==	Y3R4OnJlcXVlc3Q6PHJldHVyblZhbHVlPjo8bWVtYmVyPihyZXF1ZXN0KTo8bWVtYmVyPihib2R5KTo8bWVtYmVyPihhcnRpY2xlKQ==	56	94489280563
68719476906	107374182406	X3RtcF8xOA==	X3RtcF8xOA==	QU5Z	56	
68719476907	107374182406	dXNlcg==	dXNlcg==	Y3R4OnN0YXRlOjxyZXR1cm5WYWx1ZT46PG1lbWJlcj4oc3RhdGUpOjxtZW1iZXI+KHVzZXIp	56	94489280572
68719476908	107374182406	X3RtcF8xOA==	X3RtcF8xOA==	QU5Z	56	
68719476909	107374182406	X3RtcF8xNg==	X3RtcF8xNg==	QU5Z	55	94489280853
68719476910	107374182406	cmVz	cmVz	QU5Z	59	94489280573
68719476911	107374182406	YXJ0aWNsZQ==	YXJ0aWNsZQ==	Y3R4OnJlcXVlc3Q6PHJldHVyblZhbHVlPjo8bWVtYmVyPihyZXF1ZXN0KTo8bWVtYmVyPihib2R5KTo8bWVtYmVyPihhcnRpY2xlKQ==	60	94489280563
68719476912	107374182406	ZmF2b3JpdGVz	ZmF2b3JpdGVz	X19lY21hLkFycmF5	64	94489280575
68719476913	107374182406	dXNlcg==	dXNlcg==	Y3R4OnN0YXRlOjxyZXR1cm5WYWx1ZT46PG1lbWJlcj4oc3RhdGUpOjxtZW1iZXI+KHVzZXIp	66	94489280572
68719476914	107374182406	ZmF2b3JpdGVz	ZmF2b3JpdGVz	X19lY21hLkFycmF5	67	94489280575
68719476915	107374182406	X3RtcF8xOQ==	X3RtcF8xOQ==	QU5Z	67	94489280850
68719476916	107374182406	X3RtcF8yMA==	X3RtcF8yMA==	Y29udHJvbGxlcnMvYXJ0aWNsZXMtY29udHJvbGxlci5qczo6cHJvZ3JhbTpkYjo8cmV0dXJuVmFsdWU+	67	94489280851
68719476917	107374182406	ZGI=	ZGI=	QU5Z	67	94489280852
68719476918	107374182406	dGhpcw==	dGhpcw==	Y29udHJvbGxlcnMvYXJ0aWNsZXMtY29udHJvbGxlci5qczo6cHJvZ3JhbQ==	67	111669149705
68719476919	107374182406	X3RtcF8yMA==	X3RtcF8yMA==	Y29udHJvbGxlcnMvYXJ0aWNsZXMtY29udHJvbGxlci5qczo6cHJvZ3JhbTpkYjo8cmV0dXJuVmFsdWU+	67	94489280851
68719476920	107374182406	X3RtcF8yMQ==	X3RtcF8yMQ==	QU5Z	68	
68719476921	107374182406	dXNlcg==	dXNlcg==	Y3R4OnN0YXRlOjxyZXR1cm5WYWx1ZT46PG1lbWJlcj4oc3RhdGUpOjxtZW1iZXI+KHVzZXIp	68	94489280572
68719476922	107374182406	X3RtcF8yMQ==	X3RtcF8yMQ==	QU5Z	68	
68719476923	107374182406	YXJ0aWNsZQ==	YXJ0aWNsZQ==	Y3R4OnJlcXVlc3Q6PHJldHVyblZhbHVlPjo8bWVtYmVyPihyZXF1ZXN0KTo8bWVtYmVyPihib2R5KTo8bWVtYmVyPihhcnRpY2xlKQ==	68	94489280563
68719476924	107374182406	X3RtcF8yMQ==	X3RtcF8yMQ==	QU5Z	68	
68719476925	107374182406	X3RtcF8xOQ==	X3RtcF8xOQ==	QU5Z	67	94489280850
68719476926	107374182406	ZmF2b3JpdGVz	ZmF2b3JpdGVz	X19lY21hLkFycmF5	71	94489280575
68719476927	107374182406	YXJ0aWNsZQ==	YXJ0aWNsZQ==	Y3R4OnJlcXVlc3Q6PHJldHVyblZhbHVlPjo8bWVtYmVyPihyZXF1ZXN0KTo8bWVtYmVyPihib2R5KTo8bWVtYmVyPihhcnRpY2xlKQ==	72	94489280563
68719476928	107374182406	Y3R4	Y3R4	QU5Z	76	111669149707
68719476929	107374182406	YXJ0aWNsZQ==	YXJ0aWNsZQ==	Y3R4OnJlcXVlc3Q6PHJldHVyblZhbHVlPjo8bWVtYmVyPihyZXF1ZXN0KTo8bWVtYmVyPihib2R5KTo8bWVtYmVyPihhcnRpY2xlKQ==	76	94489280563
68719476930	107374182406	Y3R4	Y3R4	QU5Z	77	111669149707
68719476931	107374182406	ZmF2b3JpdGVz	ZmF2b3JpdGVz	X19lY21hLkFycmF5	77	94489280575
68719476932	107374182406	Y3R4	Y3R4	QU5Z	78	111669149707
68719476933	107374182406	YXV0aG9y	YXV0aG9y	Y3R4OnF1ZXJ5OjxyZXR1cm5WYWx1ZT46PG1lbWJlcj4ocXVlcnkpOjxtZW1iZXI+KGF1dGhvcik=	78	94489280568
68719476934	107374182406	Y3R4	Y3R4	QU5Z	79	111669149707
68719476935	107374182406	dGFnTGlzdA==	dGFnTGlzdA==	X19lY21hLkFycmF5	79	94489280567
68719476936	107374182406	Y3R4	Y3R4	QU5Z	80	111669149707
68719476937	107374182406	dGFnc1JlbGF0aW9ucw==	dGFnc1JlbGF0aW9ucw==	QU5Z	80	94489280565
68719476938	107374182406	bmV4dA==	bmV4dA==	QU5Z	82	111669149708
68719476939	107374182406	dGhpcw==	dGhpcw==	Y29udHJvbGxlcnMvYXJ0aWNsZXMtY29udHJvbGxlci5qczo6cHJvZ3JhbQ==	82	111669149705
68719476940	107374182406	Y3R4	Y3R4	QU5Z	84	111669149707
68719476832	107374182407	dA==	dA==	QU5Z	37	111669149704
68719476941	107374182408	X3RtcF80NQ==	X3RtcF80NQ==	Y29udHJvbGxlcnMvYXJ0aWNsZXMtY29udHJvbGxlci5qczo6cHJvZ3JhbTpvbjo8cmV0dXJuVmFsdWU+	148	94489280825
68719476942	107374182408	dGhpcw==	dGhpcw==	Y29udHJvbGxlcnMvYXJ0aWNsZXMtY29udHJvbGxlci5qczo6cHJvZ3JhbQ==	148	111669149709
68719476943	107374182408	dGhpcw==	dGhpcw==	Y29udHJvbGxlcnMvYXJ0aWNsZXMtY29udHJvbGxlci5qczo6cHJvZ3JhbQ==	148	111669149709
68719476944	107374182408	X3RtcF80NQ==	X3RtcF80NQ==	Y29udHJvbGxlcnMvYXJ0aWNsZXMtY29udHJvbGxlci5qczo6cHJvZ3JhbTpvbjo8cmV0dXJuVmFsdWU+	148	94489280825
68719476945	107374182408	X3RtcF80Ng==	X3RtcF80Ng==	X19lY21hLkFycmF5	150	94489280824
68719476946	107374182408	X3RtcF80Ng==	X3RtcF80Ng==	X19lY21hLkFycmF5	150	
68719476947	107374182408	X3RtcF80Ng==	X3RtcF80Ng==	X19lY21hLkFycmF5	150	
68719476948	107374182408	dXNlcg==	dXNlcg==	Y3R4OnN0YXRlOjxyZXR1cm5WYWx1ZT46PG1lbWJlcj4oc3RhdGUpOjxtZW1iZXI+KHVzZXIp	150	94489280823
68719476949	107374182408	dXNlcg==	dXNlcg==	Y3R4OnN0YXRlOjxyZXR1cm5WYWx1ZT46PG1lbWJlcj4oc3RhdGUpOjxtZW1iZXI+KHVzZXIp	150	94489280823
68719476950	107374182408	X3RtcF80Ng==	X3RtcF80Ng==	X19lY21hLkFycmF5	150	
68719476941	107374182409	X3RtcF80NQ==	X3RtcF80NQ==	Y29udHJvbGxlcnMvYXJ0aWNsZXMtY29udHJvbGxlci5qczo6cHJvZ3JhbTpvbjo8cmV0dXJuVmFsdWU+	148	94489280825
68719476942	107374182409	dGhpcw==	dGhpcw==	Y29udHJvbGxlcnMvYXJ0aWNsZXMtY29udHJvbGxlci5qczo6cHJvZ3JhbQ==	148	111669149709
68719476943	107374182409	dGhpcw==	dGhpcw==	Y29udHJvbGxlcnMvYXJ0aWNsZXMtY29udHJvbGxlci5qczo6cHJvZ3JhbQ==	148	111669149709
68719476944	107374182409	X3RtcF80NQ==	X3RtcF80NQ==	Y29udHJvbGxlcnMvYXJ0aWNsZXMtY29udHJvbGxlci5qczo6cHJvZ3JhbTpvbjo8cmV0dXJuVmFsdWU+	148	94489280825
68719476945	107374182409	X3RtcF80Ng==	X3RtcF80Ng==	X19lY21hLkFycmF5	150	94489280824
68719476946	107374182409	X3RtcF80Ng==	X3RtcF80Ng==	X19lY21hLkFycmF5	150	
68719476947	107374182409	X3RtcF80Ng==	X3RtcF80Ng==	X19lY21hLkFycmF5	150	
68719476948	107374182409	dXNlcg==	dXNlcg==	Y3R4OnN0YXRlOjxyZXR1cm5WYWx1ZT46PG1lbWJlcj4oc3RhdGUpOjxtZW1iZXI+KHVzZXIp	150	94489280823
68719476949	107374182409	dXNlcg==	dXNlcg==	Y3R4OnN0YXRlOjxyZXR1cm5WYWx1ZT46PG1lbWJlcj4oc3RhdGUpOjxtZW1iZXI+KHVzZXIp	150	94489280823
68719476950	107374182409	X3RtcF80Ng==	X3RtcF80Ng==	X19lY21hLkFycmF5	150	
68719476951	107374182409	X3RtcF80Nw==	X3RtcF80Nw==	Y29udHJvbGxlcnMvYXJ0aWNsZXMtY29udHJvbGxlci5qczo6cHJvZ3JhbTpvbjo8cmV0dXJuVmFsdWU+	154	94489280821
68719476952	107374182409	dGhpcw==	dGhpcw==	Y29udHJvbGxlcnMvYXJ0aWNsZXMtY29udHJvbGxlci5qczo6cHJvZ3JhbQ==	154	111669149710
68719476953	107374182409	dGhpcw==	dGhpcw==	Y29udHJvbGxlcnMvYXJ0aWNsZXMtY29udHJvbGxlci5qczo6cHJvZ3JhbQ==	154	111669149710
68719476954	107374182409	X3RtcF80Nw==	X3RtcF80Nw==	Y29udHJvbGxlcnMvYXJ0aWNsZXMtY29udHJvbGxlci5qczo6cHJvZ3JhbTpvbjo8cmV0dXJuVmFsdWU+	154	94489280821
68719476955	107374182409	X3RtcF80OA==	X3RtcF80OA==	X19lY21hLkFycmF5	156	94489280820
68719476956	107374182409	X3RtcF80OA==	X3RtcF80OA==	X19lY21hLkFycmF5	156	
68719476957	107374182409	X3RtcF80OA==	X3RtcF80OA==	X19lY21hLkFycmF5	156	
68719476958	107374182409	dXNlcg==	dXNlcg==	Y3R4OnN0YXRlOjxyZXR1cm5WYWx1ZT46PG1lbWJlcj4oc3RhdGUpOjxtZW1iZXI+KHVzZXIp	156	94489280819
68719476959	107374182409	dXNlcg==	dXNlcg==	Y3R4OnN0YXRlOjxyZXR1cm5WYWx1ZT46PG1lbWJlcj4oc3RhdGUpOjxtZW1iZXI+KHVzZXIp	156	94489280819
68719476960	107374182409	X3RtcF80OA==	X3RtcF80OA==	X19lY21hLkFycmF5	156	
68719476961	107374182409	dA==	dA==	QU5Z	166	111669149712
68719476962	107374182409	YQ==	YQ==	QU5Z	165	111669149714
68719476963	107374182409	YQ==	YQ==	QU5Z	165	111669149714
68719476964	107374182409	YQ==	YQ==	QU5Z	166	111669149714
68719476965	107374182409	X3RtcF81Mw==	X3RtcF81Mw==	X19lY21hLkFycmF5	166	94489280813
68719476966	107374182409	YQ==	YQ==	QU5Z	166	111669149714
68719476967	107374182409	X3RtcF81Mw==	X3RtcF81Mw==	X19lY21hLkFycmF5	166	94489280813
68719476968	107374182409	YQ==	YQ==	QU5Z	167	111669149714
68719476969	107374182409	YQ==	YQ==	QU5Z	167	111669149714
68719476970	107374182409	YQ==	YQ==	QU5Z	168	111669149714
68719476971	107374182409	YQ==	YQ==	QU5Z	169	111669149714
68719476972	107374182409	X3RtcF8yMg==	X3RtcF8yMg==	Y3R4OnN0YXRlOjxyZXR1cm5WYWx1ZT46PG1lbWJlcj4oc3RhdGUp	88	94489280578
68719476973	107374182409	Y3R4	Y3R4	QU5Z	88	111669149716
68719476974	107374182409	dXNlcg==	dXNlcg==	Y3R4OnN0YXRlOjxyZXR1cm5WYWx1ZT46PG1lbWJlcj4oc3RhdGUpOjxtZW1iZXI+KHVzZXIp	88	94489280579
68719476975	107374182409	X3RtcF8yMg==	X3RtcF8yMg==	Y3R4OnN0YXRlOjxyZXR1cm5WYWx1ZT46PG1lbWJlcj4oc3RhdGUp	88	
68719476976	107374182409	X3RtcF8yMg==	X3RtcF8yMg==	Y3R4OnN0YXRlOjxyZXR1cm5WYWx1ZT46PG1lbWJlcj4oc3RhdGUp	88	
68719476977	107374182409	X3RtcF8yMw==	X3RtcF8yMw==	Y3R4OnF1ZXJ5OjxyZXR1cm5WYWx1ZT46PG1lbWJlcj4ocXVlcnkp	89	94489280581
68719476978	107374182409	Y3R4	Y3R4	QU5Z	89	111669149716
68719476979	107374182409	b2Zmc2V0	b2Zmc2V0	Y3R4OnF1ZXJ5OjxyZXR1cm5WYWx1ZT46PG1lbWJlcj4ocXVlcnkpOjxtZW1iZXI+KG9mZnNldCk=	89	94489280582
68719476980	107374182409	X3RtcF8yMw==	X3RtcF8yMw==	Y3R4OnF1ZXJ5OjxyZXR1cm5WYWx1ZT46PG1lbWJlcj4ocXVlcnkp	89	
68719476981	107374182409	bGltaXQ=	bGltaXQ=	Y3R4OnF1ZXJ5OjxyZXR1cm5WYWx1ZT46PG1lbWJlcj4ocXVlcnkpOjxtZW1iZXI+KGxpbWl0KQ==	89	94489280583
68719476982	107374182409	X3RtcF8yMw==	X3RtcF8yMw==	Y3R4OnF1ZXJ5OjxyZXR1cm5WYWx1ZT46PG1lbWJlcj4ocXVlcnkp	89	
68719476983	107374182409	dGFn	dGFn	Y3R4OnF1ZXJ5OjxyZXR1cm5WYWx1ZT46PG1lbWJlcj4ocXVlcnkpOjxtZW1iZXI+KHRhZyk=	89	94489280584
68719476984	107374182409	X3RtcF8yMw==	X3RtcF8yMw==	Y3R4OnF1ZXJ5OjxyZXR1cm5WYWx1ZT46PG1lbWJlcj4ocXVlcnkp	89	
68719476985	107374182409	YXV0aG9y	YXV0aG9y	Y3R4OnF1ZXJ5OjxyZXR1cm5WYWx1ZT46PG1lbWJlcj4ocXVlcnkpOjxtZW1iZXI+KGF1dGhvcik=	89	94489280585
68719476986	107374182409	X3RtcF8yMw==	X3RtcF8yMw==	Y3R4OnF1ZXJ5OjxyZXR1cm5WYWx1ZT46PG1lbWJlcj4ocXVlcnkp	89	
68719476987	107374182409	ZmF2b3JpdGVk	ZmF2b3JpdGVk	Y3R4OnF1ZXJ5OjxyZXR1cm5WYWx1ZT46PG1lbWJlcj4ocXVlcnkpOjxtZW1iZXI+KGZhdm9yaXRlZCk=	89	94489280586
68719476988	107374182409	X3RtcF8yMw==	X3RtcF8yMw==	Y3R4OnF1ZXJ5OjxyZXR1cm5WYWx1ZT46PG1lbWJlcj4ocXVlcnkp	89	
68719476989	107374182409	X3RtcF8yMw==	X3RtcF8yMw==	Y3R4OnF1ZXJ5OjxyZXR1cm5WYWx1ZT46PG1lbWJlcj4ocXVlcnkp	89	
68719476990	107374182409	YXJ0aWNsZXNRdWVyeQ==	YXJ0aWNsZXNRdWVyeQ==	QU5Z	91	94489280587
68719476991	107374182409	X3RtcF8yNA==	X3RtcF8yNA==	QU5Z	91	94489280841
68719476992	107374182409	X3RtcF8yNQ==	X3RtcF8yNQ==	QU5Z	91	94489280842
68719476993	107374182409	X3RtcF8yNg==	X3RtcF8yNg==	QU5Z	91	94489280843
68719476994	107374182409	X3RtcF8yNw==	X3RtcF8yNw==	Y29udHJvbGxlcnMvYXJ0aWNsZXMtY29udHJvbGxlci5qczo6cHJvZ3JhbTpkYjo8cmV0dXJuVmFsdWU+	91	94489280849
68719476995	107374182409	ZGI=	ZGI=	QU5Z	91	94489280831
68719476996	107374182409	dGhpcw==	dGhpcw==	Y29udHJvbGxlcnMvYXJ0aWNsZXMtY29udHJvbGxlci5qczo6cHJvZ3JhbQ==	91	111669149715
68719476997	107374182409	X3RtcF8yNw==	X3RtcF8yNw==	Y29udHJvbGxlcnMvYXJ0aWNsZXMtY29udHJvbGxlci5qczo6cHJvZ3JhbTpkYjo8cmV0dXJuVmFsdWU+	91	94489280849
68719476998	107374182409	Z2V0U2VsZWN0	Z2V0U2VsZWN0	KHRhYmxlOiBBTlksIHByZWZpeDogQU5ZLCBmaWVsZHM6IEFOWSkgPT4gQU5Z	93	94489280845
68719476999	107374182409	dGhpcw==	dGhpcw==	Y29udHJvbGxlcnMvYXJ0aWNsZXMtY29udHJvbGxlci5qczo6cHJvZ3JhbQ==	93	111669149715
68719477000	107374182409	YXJ0aWNsZUZpZWxkcw==	YXJ0aWNsZUZpZWxkcw==	X19lY21hLkFycmF5	93	94489280848
68719477001	107374182409	Z2V0U2VsZWN0	Z2V0U2VsZWN0	KHRhYmxlOiBBTlksIHByZWZpeDogQU5ZLCBmaWVsZHM6IEFOWSkgPT4gQU5Z	94	94489280845
68719477002	107374182409	dGhpcw==	dGhpcw==	Y29udHJvbGxlcnMvYXJ0aWNsZXMtY29udHJvbGxlci5qczo6cHJvZ3JhbQ==	94	111669149715
68719477003	107374182409	dXNlckZpZWxkcw==	dXNlckZpZWxkcw==	X19lY21hLkFycmF5	94	94489280847
68719477004	107374182409	Z2V0U2VsZWN0	Z2V0U2VsZWN0	KHRhYmxlOiBBTlksIHByZWZpeDogQU5ZLCBmaWVsZHM6IEFOWSkgPT4gQU5Z	95	94489280845
68719477005	107374182409	dGhpcw==	dGhpcw==	Y29udHJvbGxlcnMvYXJ0aWNsZXMtY29udHJvbGxlci5qczo6cHJvZ3JhbQ==	95	111669149715
68719477006	107374182409	X3RtcF8yOA==	X3RtcF8yOA==	X19lY21hLkFycmF5	95	94489280846
68719477007	107374182409	X3RtcF8yOA==	X3RtcF8yOA==	X19lY21hLkFycmF5	95	
68719477008	107374182409	X3RtcF8yOA==	X3RtcF8yOA==	X19lY21hLkFycmF5	95	
68719477009	107374182409	X3RtcF8yOA==	X3RtcF8yOA==	X19lY21hLkFycmF5	95	
68719477010	107374182409	Z2V0U2VsZWN0	Z2V0U2VsZWN0	KHRhYmxlOiBBTlksIHByZWZpeDogQU5ZLCBmaWVsZHM6IEFOWSkgPT4gQU5Z	96	94489280845
68719477011	107374182409	dGhpcw==	dGhpcw==	Y29udHJvbGxlcnMvYXJ0aWNsZXMtY29udHJvbGxlci5qczo6cHJvZ3JhbQ==	96	111669149715
68719477012	107374182409	X3RtcF8yOQ==	X3RtcF8yOQ==	X19lY21hLkFycmF5	96	94489280844
68719477013	107374182409	X3RtcF8yOQ==	X3RtcF8yOQ==	X19lY21hLkFycmF5	96	
68719477014	107374182409	X3RtcF8yOQ==	X3RtcF8yOQ==	X19lY21hLkFycmF5	96	
68719477015	107374182409	X3RtcF8yOQ==	X3RtcF8yOQ==	X19lY21hLkFycmF5	96	
68719477016	107374182409	X3RtcF8yOQ==	X3RtcF8yOQ==	X19lY21hLkFycmF5	96	
68719477017	107374182409	X3RtcF8yOQ==	X3RtcF8yOQ==	X19lY21hLkFycmF5	96	
68719477018	107374182409	X3RtcF8yNg==	X3RtcF8yNg==	QU5Z	91	94489280843
68719477019	107374182409	bGltaXQ=	bGltaXQ=	Y3R4OnF1ZXJ5OjxyZXR1cm5WYWx1ZT46PG1lbWJlcj4ocXVlcnkpOjxtZW1iZXI+KGxpbWl0KQ==	100	94489280583
68719477020	107374182409	X3RtcF8yNQ==	X3RtcF8yNQ==	QU5Z	91	94489280842
68719477021	107374182409	b2Zmc2V0	b2Zmc2V0	Y3R4OnF1ZXJ5OjxyZXR1cm5WYWx1ZT46PG1lbWJlcj4ocXVlcnkpOjxtZW1iZXI+KG9mZnNldCk=	101	94489280582
68719477022	107374182409	X3RtcF8yNA==	X3RtcF8yNA==	QU5Z	91	94489280841
68719477023	107374182409	Y291bnRRdWVyeQ==	Y291bnRRdWVyeQ==	QU5Z	104	94489280590
68719477024	107374182409	X3RtcF8zMA==	X3RtcF8zMA==	Y29udHJvbGxlcnMvYXJ0aWNsZXMtY29udHJvbGxlci5qczo6cHJvZ3JhbTpkYjo8cmV0dXJuVmFsdWU+	104	94489280840
68719477025	107374182409	ZGI=	ZGI=	QU5Z	104	94489280831
68719477026	107374182409	dGhpcw==	dGhpcw==	Y29udHJvbGxlcnMvYXJ0aWNsZXMtY29udHJvbGxlci5qczo6cHJvZ3JhbQ==	104	111669149715
68719477027	107374182409	X3RtcF8zMA==	X3RtcF8zMA==	Y29udHJvbGxlcnMvYXJ0aWNsZXMtY29udHJvbGxlci5qczo6cHJvZ3JhbTpkYjo8cmV0dXJuVmFsdWU+	104	94489280840
68719477028	107374182409	YXV0aG9y	YXV0aG9y	Y3R4OnF1ZXJ5OjxyZXR1cm5WYWx1ZT46PG1lbWJlcj4ocXVlcnkpOjxtZW1iZXI+KGF1dGhvcik=	106	94489280585
68719477029	107374182409	YXV0aG9y	YXV0aG9y	Y3R4OnF1ZXJ5OjxyZXR1cm5WYWx1ZT46PG1lbWJlcj4ocXVlcnkpOjxtZW1iZXI+KGF1dGhvcik=	106	94489280585
68719477030	107374182409	c3ViUXVlcnk=	c3ViUXVlcnk=	QU5Z	107	94489280593
68719477031	107374182409	X3RtcF8zMQ==	X3RtcF8zMQ==	QU5Z	107	94489280838
68719477032	107374182409	X3RtcF8zMg==	X3RtcF8zMg==	Y29udHJvbGxlcnMvYXJ0aWNsZXMtY29udHJvbGxlci5qczo6cHJvZ3JhbTpkYjo8cmV0dXJuVmFsdWU+	107	94489280839
68719477033	107374182409	ZGI=	ZGI=	QU5Z	107	94489280831
68719477034	107374182409	dGhpcw==	dGhpcw==	Y29udHJvbGxlcnMvYXJ0aWNsZXMtY29udHJvbGxlci5qczo6cHJvZ3JhbQ==	107	111669149715
68719477035	107374182409	X3RtcF8zMg==	X3RtcF8zMg==	Y29udHJvbGxlcnMvYXJ0aWNsZXMtY29udHJvbGxlci5qczo6cHJvZ3JhbTpkYjo8cmV0dXJuVmFsdWU+	107	94489280839
68719477036	107374182409	X3RtcF8zMQ==	X3RtcF8zMQ==	QU5Z	107	94489280838
68719477037	107374182409	YXV0aG9y	YXV0aG9y	Y3R4OnF1ZXJ5OjxyZXR1cm5WYWx1ZT46PG1lbWJlcj4ocXVlcnkpOjxtZW1iZXI+KGF1dGhvcik=	109	94489280585
68719477038	107374182409	YXJ0aWNsZXNRdWVyeQ==	YXJ0aWNsZXNRdWVyeQ==	QU5Z	111	94489280587
68719477039	107374182409	YXJ0aWNsZXNRdWVyeQ==	YXJ0aWNsZXNRdWVyeQ==	QU5Z	111	94489280587
68719477040	107374182409	YXJ0aWNsZXNRdWVyeQ==	YXJ0aWNsZXNRdWVyeQ==	QU5Z	111	94489280587
68719477041	107374182409	c3ViUXVlcnk=	c3ViUXVlcnk=	QU5Z	111	94489280593
68719477042	107374182409	Y291bnRRdWVyeQ==	Y291bnRRdWVyeQ==	QU5Z	112	94489280590
68719477043	107374182409	Y291bnRRdWVyeQ==	Y291bnRRdWVyeQ==	QU5Z	112	94489280590
68719477044	107374182409	Y291bnRRdWVyeQ==	Y291bnRRdWVyeQ==	QU5Z	112	94489280590
68719477045	107374182409	c3ViUXVlcnk=	c3ViUXVlcnk=	QU5Z	112	94489280593
68719477046	107374182409	ZmF2b3JpdGVk	ZmF2b3JpdGVk	Y3R4OnF1ZXJ5OjxyZXR1cm5WYWx1ZT46PG1lbWJlcj4ocXVlcnkpOjxtZW1iZXI+KGZhdm9yaXRlZCk=	115	94489280586
68719477047	107374182409	ZmF2b3JpdGVk	ZmF2b3JpdGVk	Y3R4OnF1ZXJ5OjxyZXR1cm5WYWx1ZT46PG1lbWJlcj4ocXVlcnkpOjxtZW1iZXI+KGZhdm9yaXRlZCk=	115	94489280586
68719477048	107374182409	c3ViUXVlcnk=	c3ViUXVlcnk=	QU5Z	116	94489280593
68719477049	107374182409	X3RtcF8zMw==	X3RtcF8zMw==	QU5Z	116	94489280836
68719477050	107374182409	X3RtcF8zNA==	X3RtcF8zNA==	Y29udHJvbGxlcnMvYXJ0aWNsZXMtY29udHJvbGxlci5qczo6cHJvZ3JhbTpkYjo8cmV0dXJuVmFsdWU+	116	94489280837
68719477051	107374182409	ZGI=	ZGI=	QU5Z	116	94489280831
68719477052	107374182409	dGhpcw==	dGhpcw==	Y29udHJvbGxlcnMvYXJ0aWNsZXMtY29udHJvbGxlci5qczo6cHJvZ3JhbQ==	116	111669149715
68719477053	107374182409	X3RtcF8zNA==	X3RtcF8zNA==	Y29udHJvbGxlcnMvYXJ0aWNsZXMtY29udHJvbGxlci5qczo6cHJvZ3JhbTpkYjo8cmV0dXJuVmFsdWU+	116	94489280837
68719477054	107374182409	X3RtcF8zMw==	X3RtcF8zMw==	QU5Z	116	94489280836
68719477055	107374182409	X3RtcF8zNQ==	X3RtcF8zNQ==	QU5Z	120	94489280834
68719477056	107374182409	X3RtcF8zNg==	X3RtcF8zNg==	Y29udHJvbGxlcnMvYXJ0aWNsZXMtY29udHJvbGxlci5qczo6cHJvZ3JhbTpkYjo8cmV0dXJuVmFsdWU+	120	94489280835
68719477057	107374182409	ZGI=	ZGI=	QU5Z	120	94489280831
68719477058	107374182409	dGhpcw==	dGhpcw==	Y29udHJvbGxlcnMvYXJ0aWNsZXMtY29udHJvbGxlci5qczo6cHJvZ3JhbQ==	120	111669149715
68719477059	107374182409	X3RtcF8zNg==	X3RtcF8zNg==	Y29udHJvbGxlcnMvYXJ0aWNsZXMtY29udHJvbGxlci5qczo6cHJvZ3JhbTpkYjo8cmV0dXJuVmFsdWU+	120	94489280835
68719477060	107374182409	X3RtcF8zNQ==	X3RtcF8zNQ==	QU5Z	120	94489280834
68719477061	107374182409	ZmF2b3JpdGVk	ZmF2b3JpdGVk	Y3R4OnF1ZXJ5OjxyZXR1cm5WYWx1ZT46PG1lbWJlcj4ocXVlcnkpOjxtZW1iZXI+KGZhdm9yaXRlZCk=	122	94489280586
68719477062	107374182409	YXJ0aWNsZXNRdWVyeQ==	YXJ0aWNsZXNRdWVyeQ==	QU5Z	125	94489280587
68719477063	107374182409	YXJ0aWNsZXNRdWVyeQ==	YXJ0aWNsZXNRdWVyeQ==	QU5Z	125	94489280587
68719477064	107374182409	YXJ0aWNsZXNRdWVyeQ==	YXJ0aWNsZXNRdWVyeQ==	QU5Z	125	94489280587
68719477065	107374182409	c3ViUXVlcnk=	c3ViUXVlcnk=	QU5Z	125	94489280593
68719477066	107374182409	Y291bnRRdWVyeQ==	Y291bnRRdWVyeQ==	QU5Z	126	94489280590
68719477067	107374182409	Y291bnRRdWVyeQ==	Y291bnRRdWVyeQ==	QU5Z	126	94489280590
68719477068	107374182409	Y291bnRRdWVyeQ==	Y291bnRRdWVyeQ==	QU5Z	126	94489280590
68719477069	107374182409	c3ViUXVlcnk=	c3ViUXVlcnk=	QU5Z	126	94489280593
68719477070	107374182409	dGFn	dGFn	Y3R4OnF1ZXJ5OjxyZXR1cm5WYWx1ZT46PG1lbWJlcj4ocXVlcnkpOjxtZW1iZXI+KHRhZyk=	129	94489280584
68719477071	107374182409	dGFn	dGFn	Y3R4OnF1ZXJ5OjxyZXR1cm5WYWx1ZT46PG1lbWJlcj4ocXVlcnkpOjxtZW1iZXI+KHRhZyk=	129	94489280584
68719477072	107374182409	c3ViUXVlcnk=	c3ViUXVlcnk=	QU5Z	130	94489280593
68719477073	107374182409	X3RtcF8zNw==	X3RtcF8zNw==	QU5Z	130	94489280832
68719477074	107374182409	X3RtcF8zOA==	X3RtcF8zOA==	Y29udHJvbGxlcnMvYXJ0aWNsZXMtY29udHJvbGxlci5qczo6cHJvZ3JhbTpkYjo8cmV0dXJuVmFsdWU+	130	94489280833
68719477075	107374182409	ZGI=	ZGI=	QU5Z	130	94489280831
68719477076	107374182409	dGhpcw==	dGhpcw==	Y29udHJvbGxlcnMvYXJ0aWNsZXMtY29udHJvbGxlci5qczo6cHJvZ3JhbQ==	130	111669149715
68719477077	107374182409	X3RtcF8zOA==	X3RtcF8zOA==	Y29udHJvbGxlcnMvYXJ0aWNsZXMtY29udHJvbGxlci5qczo6cHJvZ3JhbTpkYjo8cmV0dXJuVmFsdWU+	130	94489280833
68719477078	107374182409	X3RtcF8zNw==	X3RtcF8zNw==	QU5Z	130	94489280832
68719477079	107374182409	X3RtcF8zOQ==	X3RtcF8zOQ==	QU5Z	134	94489280829
68719477080	107374182409	X3RtcF80MA==	X3RtcF80MA==	Y29udHJvbGxlcnMvYXJ0aWNsZXMtY29udHJvbGxlci5qczo6cHJvZ3JhbTpkYjo8cmV0dXJuVmFsdWU+	134	94489280830
68719477081	107374182409	ZGI=	ZGI=	QU5Z	134	94489280831
68719477082	107374182409	dGhpcw==	dGhpcw==	Y29udHJvbGxlcnMvYXJ0aWNsZXMtY29udHJvbGxlci5qczo6cHJvZ3JhbQ==	134	111669149715
68719477083	107374182409	X3RtcF80MA==	X3RtcF80MA==	Y29udHJvbGxlcnMvYXJ0aWNsZXMtY29udHJvbGxlci5qczo6cHJvZ3JhbTpkYjo8cmV0dXJuVmFsdWU+	134	94489280830
68719477084	107374182409	X3RtcF8zOQ==	X3RtcF8zOQ==	QU5Z	134	94489280829
68719477085	107374182409	dGFn	dGFn	Y3R4OnF1ZXJ5OjxyZXR1cm5WYWx1ZT46PG1lbWJlcj4ocXVlcnkpOjxtZW1iZXI+KHRhZyk=	136	94489280584
68719477086	107374182409	YXJ0aWNsZXNRdWVyeQ==	YXJ0aWNsZXNRdWVyeQ==	QU5Z	139	94489280587
68719477087	107374182409	YXJ0aWNsZXNRdWVyeQ==	YXJ0aWNsZXNRdWVyeQ==	QU5Z	139	94489280587
68719477088	107374182409	YXJ0aWNsZXNRdWVyeQ==	YXJ0aWNsZXNRdWVyeQ==	QU5Z	139	94489280587
68719477089	107374182409	c3ViUXVlcnk=	c3ViUXVlcnk=	QU5Z	139	94489280593
68719477090	107374182409	Y291bnRRdWVyeQ==	Y291bnRRdWVyeQ==	QU5Z	140	94489280590
68719477091	107374182409	Y291bnRRdWVyeQ==	Y291bnRRdWVyeQ==	QU5Z	140	94489280590
68719477092	107374182409	Y291bnRRdWVyeQ==	Y291bnRRdWVyeQ==	QU5Z	140	94489280590
68719477093	107374182409	c3ViUXVlcnk=	c3ViUXVlcnk=	QU5Z	140	94489280593
68719477094	107374182409	YXJ0aWNsZXNRdWVyeQ==	YXJ0aWNsZXNRdWVyeQ==	QU5Z	143	94489280587
68719477095	107374182409	X3RtcF80MQ==	X3RtcF80MQ==	QU5Z	143	94489280822
68719477096	107374182409	X3RtcF80Mg==	X3RtcF80Mg==	QU5Z	143	94489280826
68719477097	107374182409	X3RtcF80Mw==	X3RtcF80Mw==	QU5Z	143	94489280827
68719477098	107374182409	X3RtcF80NA==	X3RtcF80NA==	QU5Z	143	94489280828
68719477099	107374182409	YXJ0aWNsZXNRdWVyeQ==	YXJ0aWNsZXNRdWVyeQ==	QU5Z	143	94489280587
68719477100	107374182409	YXJ0aWNsZXNRdWVyeQ==	YXJ0aWNsZXNRdWVyeQ==	QU5Z	143	94489280587
68719477101	107374182409	X3RtcF80NA==	X3RtcF80NA==	QU5Z	143	94489280828
68719477102	107374182409	X3RtcF80Mw==	X3RtcF80Mw==	QU5Z	143	94489280827
68719477103	107374182409	X3RtcF80Mg==	X3RtcF80Mg==	QU5Z	143	94489280826
68719477104	107374182409	X3RtcF80MQ==	X3RtcF80MQ==	QU5Z	143	94489280822
68719477105	107374182409	X3RtcF81MA==	X3RtcF81MA==	QU5Z	160	94489280598
68719477106	107374182409	X3RtcF80OQ==	X3RtcF80OQ==	X19lY21hLkFycmF5	160	94489280818
68719477107	107374182409	X3RtcF80OQ==	X3RtcF80OQ==	X19lY21hLkFycmF5	160	
68719477108	107374182409	X3RtcF80OQ==	X3RtcF80OQ==	X19lY21hLkFycmF5	160	
68719477109	107374182409	YXJ0aWNsZXNRdWVyeQ==	YXJ0aWNsZXNRdWVyeQ==	QU5Z	160	94489280587
68719477110	107374182409	X3RtcF80OQ==	X3RtcF80OQ==	X19lY21hLkFycmF5	160	
68719477111	107374182409	X3RtcF80OQ==	X3RtcF80OQ==	X19lY21hLkFycmF5	160	
68719477112	107374182409	Y291bnRRdWVyeQ==	Y291bnRRdWVyeQ==	QU5Z	160	94489280590
68719477113	107374182409	X3RtcF80OQ==	X3RtcF80OQ==	X19lY21hLkFycmF5	160	
68719477114	107374182409	YXJ0aWNsZXM=	YXJ0aWNsZXM=	QU5Z	160	94489280599
68719477115	107374182409	X3RtcF81MA==	X3RtcF81MA==	QU5Z	160	
68719477116	107374182409	X3RtcF81MQ==	X3RtcF81MQ==	X19lY21hLkFycmF5	160	94489280817
68719477117	107374182409	X3RtcF81MQ==	X3RtcF81MQ==	X19lY21hLkFycmF5	160	
68719477118	107374182409	X3RtcF81MQ==	X3RtcF81MQ==	X19lY21hLkFycmF5	160	
68719477119	107374182409	Y291bnRSZXM=	Y291bnRSZXM=	QU5Z	160	94489280812
68719477120	107374182409	X3RtcF81MQ==	X3RtcF81MQ==	X19lY21hLkFycmF5	160	
68719477121	107374182409	X3RtcF81MA==	X3RtcF81MA==	QU5Z	160	
68719477122	107374182409	YXJ0aWNsZXM=	YXJ0aWNsZXM=	QU5Z	162	94489280599
68719477123	107374182409	X3RtcF81Mg==	X3RtcF81Mg==	am9pbi1qczptYXA6PHJldHVyblZhbHVlPg==	162	94489280814
68719477124	107374182409	am9pbkpz	am9pbkpz	am9pbi1qcw==	162	94489280816
68719477125	107374182409	am9pbkpz	am9pbkpz	am9pbi1qcw==	162	94489280816
68719477126	107374182409	YXJ0aWNsZXM=	YXJ0aWNsZXM=	QU5Z	163	94489280599
68719477127	107374182409	cmVsYXRpb25zTWFwcw==	cmVsYXRpb25zTWFwcw==	X19lY21hLkFycmF5	163	94489280815
68719477128	107374182409	X3RtcF81Mg==	X3RtcF81Mg==	am9pbi1qczptYXA6PHJldHVyblZhbHVlPg==	162	94489280814
68719477129	107374182409	YXJ0aWNsZXNDb3VudA==	YXJ0aWNsZXNDb3VudA==	TnVtYmVyOjxyZXR1cm5WYWx1ZT4=	172	94489280601
68719477130	107374182409	Y291bnRSZXM=	Y291bnRSZXM=	QU5Z	172	94489280812
68719477131	107374182409	Y291bnRSZXM=	Y291bnRSZXM=	QU5Z	172	94489280812
68719477132	107374182409	YXJ0aWNsZXNDb3VudA==	YXJ0aWNsZXNDb3VudA==	TnVtYmVyOjxyZXR1cm5WYWx1ZT4=	173	94489280601
68719477133	107374182409	YXJ0aWNsZXNDb3VudA==	YXJ0aWNsZXNDb3VudA==	TnVtYmVyOjxyZXR1cm5WYWx1ZT4=	173	94489280601
68719477134	107374182409	Y3R4	Y3R4	QU5Z	175	111669149716
68719477135	107374182409	X3RtcF81NA==	X3RtcF81NA==	QU5Z	175	
68719477136	107374182409	YXJ0aWNsZXM=	YXJ0aWNsZXM=	QU5Z	175	94489280599
68719477137	107374182409	X3RtcF81NA==	X3RtcF81NA==	QU5Z	175	
68719477138	107374182409	YXJ0aWNsZXNDb3VudA==	YXJ0aWNsZXNDb3VudA==	TnVtYmVyOjxyZXR1cm5WYWx1ZT4=	175	94489280601
68719477139	107374182409	X3RtcF81NA==	X3RtcF81NA==	QU5Z	175	
68719476951	107374182410	X3RtcF80Nw==	X3RtcF80Nw==	Y29udHJvbGxlcnMvYXJ0aWNsZXMtY29udHJvbGxlci5qczo6cHJvZ3JhbTpvbjo8cmV0dXJuVmFsdWU+	154	94489280821
68719476952	107374182410	dGhpcw==	dGhpcw==	Y29udHJvbGxlcnMvYXJ0aWNsZXMtY29udHJvbGxlci5qczo6cHJvZ3JhbQ==	154	111669149710
68719476953	107374182410	dGhpcw==	dGhpcw==	Y29udHJvbGxlcnMvYXJ0aWNsZXMtY29udHJvbGxlci5qczo6cHJvZ3JhbQ==	154	111669149710
68719476954	107374182410	X3RtcF80Nw==	X3RtcF80Nw==	Y29udHJvbGxlcnMvYXJ0aWNsZXMtY29udHJvbGxlci5qczo6cHJvZ3JhbTpvbjo8cmV0dXJuVmFsdWU+	154	94489280821
68719476955	107374182410	X3RtcF80OA==	X3RtcF80OA==	X19lY21hLkFycmF5	156	94489280820
68719476956	107374182410	X3RtcF80OA==	X3RtcF80OA==	X19lY21hLkFycmF5	156	
68719476957	107374182410	X3RtcF80OA==	X3RtcF80OA==	X19lY21hLkFycmF5	156	
68719476958	107374182410	dXNlcg==	dXNlcg==	Y3R4OnN0YXRlOjxyZXR1cm5WYWx1ZT46PG1lbWJlcj4oc3RhdGUpOjxtZW1iZXI+KHVzZXIp	156	94489280819
68719476959	107374182410	dXNlcg==	dXNlcg==	Y3R4OnN0YXRlOjxyZXR1cm5WYWx1ZT46PG1lbWJlcj4oc3RhdGUpOjxtZW1iZXI+KHVzZXIp	156	94489280819
68719476960	107374182410	X3RtcF80OA==	X3RtcF80OA==	X19lY21hLkFycmF5	156	
68719476961	107374182411	dA==	dA==	QU5Z	166	111669149712
68719476961	107374182412	dA==	dA==	QU5Z	166	111669149712
68719476962	107374182412	YQ==	YQ==	QU5Z	165	111669149714
68719476963	107374182412	YQ==	YQ==	QU5Z	165	111669149714
68719476964	107374182412	YQ==	YQ==	QU5Z	166	111669149714
68719476965	107374182412	X3RtcF81Mw==	X3RtcF81Mw==	X19lY21hLkFycmF5	166	94489280813
68719476966	107374182412	YQ==	YQ==	QU5Z	166	111669149714
68719476967	107374182412	X3RtcF81Mw==	X3RtcF81Mw==	X19lY21hLkFycmF5	166	94489280813
68719476968	107374182412	YQ==	YQ==	QU5Z	167	111669149714
68719476969	107374182412	YQ==	YQ==	QU5Z	167	111669149714
68719476970	107374182412	YQ==	YQ==	QU5Z	168	111669149714
68719476971	107374182412	YQ==	YQ==	QU5Z	169	111669149714
68719477140	107374182413	Y3R4	Y3R4	QU5Z	179	111669149718
68719477141	107374182413	X3RtcF81NQ==	X3RtcF81NQ==	QU5Z	179	
68719477142	107374182413	Y3R4	Y3R4	QU5Z	179	111669149718
68719477143	107374182413	X3RtcF81NQ==	X3RtcF81NQ==	QU5Z	179	
68719477144	107374182414	X3RtcF82Mw==	X3RtcF82Mw==	QU5Z	198	
68719477145	107374182414	dXVpZA==	dXVpZA==	dXVpZA==	198	94489280808
68719477146	107374182414	dGhpcw==	dGhpcw==	Y29udHJvbGxlcnMvYXJ0aWNsZXMtY29udHJvbGxlci5qczo6cHJvZ3JhbQ==	198	111669149719
68719477147	107374182414	X3RtcF82Mw==	X3RtcF82Mw==	QU5Z	198	
68719477148	107374182414	dA==	dA==	QU5Z	198	111669149720
68719477149	107374182414	X3RtcF82Mw==	X3RtcF82Mw==	QU5Z	198	
68719477144	107374182415	X3RtcF82Mw==	X3RtcF82Mw==	QU5Z	198	
68719477145	107374182415	dXVpZA==	dXVpZA==	dXVpZA==	198	94489280808
68719477146	107374182415	dGhpcw==	dGhpcw==	Y29udHJvbGxlcnMvYXJ0aWNsZXMtY29udHJvbGxlci5qczo6cHJvZ3JhbQ==	198	111669149719
68719477147	107374182415	X3RtcF82Mw==	X3RtcF82Mw==	QU5Z	198	
68719477148	107374182415	dA==	dA==	QU5Z	198	111669149720
68719477149	107374182415	X3RtcF82Mw==	X3RtcF82Mw==	QU5Z	198	
68719477150	107374182415	X3RtcF82NA==	X3RtcF82NA==	Y3R4OnF1ZXJ5OjxyZXR1cm5WYWx1ZT46PG1lbWJlcj4ocXVlcnkpOjxtZW1iZXI+KHRhZyk=	199	94489280805
68719477151	107374182415	Y3R4	Y3R4	QU5Z	199	94489280806
68719477152	107374182415	X3RtcF82NA==	X3RtcF82NA==	Y3R4OnF1ZXJ5OjxyZXR1cm5WYWx1ZT46PG1lbWJlcj4ocXVlcnkpOjxtZW1iZXI+KHRhZyk=	199	94489280805
68719477153	107374182415	dA==	dA==	QU5Z	199	111669149722
68719477154	107374182415	b3B0cw==	b3B0cw==	eyBhYm9ydEVhcmx5OiBfX2VjbWEuQm9vbGVhbjsgfQ==	199	94489280804
68719477155	107374182415	dA==	dA==	QU5Z	234	111669149724
68719477156	107374182415	X3RtcF83Mw==	X3RtcF83Mw==	QU5Z	237	
68719477157	107374182415	dXVpZA==	dXVpZA==	dXVpZA==	237	94489280792
68719477158	107374182415	dGhpcw==	dGhpcw==	Y29udHJvbGxlcnMvYXJ0aWNsZXMtY29udHJvbGxlci5qczo6cHJvZ3JhbQ==	237	111669149725
68719477159	107374182415	X3RtcF83Mw==	X3RtcF83Mw==	QU5Z	238	
68719477160	107374182415	dA==	dA==	QU5Z	238	111669149726
68719477161	107374182415	X3RtcF83Mw==	X3RtcF83Mw==	QU5Z	239	
68719477162	107374182415	YXJ0aWNsZQ==	YXJ0aWNsZQ==	Y3R4OnJlcXVlc3Q6PHJldHVyblZhbHVlPjo8bWVtYmVyPihyZXF1ZXN0KTo8bWVtYmVyPihib2R5KTo8bWVtYmVyPihhcnRpY2xlKQ==	239	94489280791
68719477163	107374182415	X3RtcF83Mw==	X3RtcF83Mw==	QU5Z	236	
68719477164	107374182415	X3RtcF81Ng==	X3RtcF81Ng==	Y3R4OnJlcXVlc3Q6PHJldHVyblZhbHVlPjo8bWVtYmVyPihyZXF1ZXN0KQ==	183	94489280605
68719477165	107374182415	Y3R4	Y3R4	QU5Z	183	111669149728
68719477166	107374182415	Ym9keQ==	Ym9keQ==	Y3R4OnJlcXVlc3Q6PHJldHVyblZhbHVlPjo8bWVtYmVyPihyZXF1ZXN0KTo8bWVtYmVyPihib2R5KQ==	183	94489280606
68719477167	107374182415	X3RtcF81Ng==	X3RtcF81Ng==	Y3R4OnJlcXVlc3Q6PHJldHVyblZhbHVlPjo8bWVtYmVyPihyZXF1ZXN0KQ==	183	
68719477168	107374182415	X3RtcF81Ng==	X3RtcF81Ng==	Y3R4OnJlcXVlc3Q6PHJldHVyblZhbHVlPjo8bWVtYmVyPihyZXF1ZXN0KQ==	183	
68719477169	107374182415	X3RtcF81Nw==	X3RtcF81Nw==	Y3R4OnJlcXVlc3Q6PHJldHVyblZhbHVlPjo8bWVtYmVyPihyZXF1ZXN0KTo8bWVtYmVyPihib2R5KQ==	184	94489280608
68719477170	107374182415	Ym9keQ==	Ym9keQ==	Y3R4OnJlcXVlc3Q6PHJldHVyblZhbHVlPjo8bWVtYmVyPihyZXF1ZXN0KTo8bWVtYmVyPihib2R5KQ==	184	94489280606
68719477171	107374182415	YXJ0aWNsZQ==	YXJ0aWNsZQ==	Y3R4OnJlcXVlc3Q6PHJldHVyblZhbHVlPjo8bWVtYmVyPihyZXF1ZXN0KTo8bWVtYmVyPihib2R5KTo8bWVtYmVyPihhcnRpY2xlKQ==	184	94489280609
68719477172	107374182415	X3RtcF81Nw==	X3RtcF81Nw==	Y3R4OnJlcXVlc3Q6PHJldHVyblZhbHVlPjo8bWVtYmVyPihyZXF1ZXN0KTo8bWVtYmVyPihib2R5KQ==	184	
68719477173	107374182415	X3RtcF81Nw==	X3RtcF81Nw==	Y3R4OnJlcXVlc3Q6PHJldHVyblZhbHVlPjo8bWVtYmVyPihyZXF1ZXN0KTo8bWVtYmVyPihib2R5KQ==	184	
68719477174	107374182415	b3B0cw==	b3B0cw==	eyBhYm9ydEVhcmx5OiBfX2VjbWEuQm9vbGVhbjsgfQ==	186	94489280611
68719477175	107374182415	X3RtcF81OA==	X3RtcF81OA==	QU5Z	186	
68719477176	107374182415	X3RtcF81OA==	X3RtcF81OA==	QU5Z	186	
68719477177	107374182415	YXJ0aWNsZQ==	YXJ0aWNsZQ==	Y3R4OnJlcXVlc3Q6PHJldHVyblZhbHVlPjo8bWVtYmVyPihyZXF1ZXN0KTo8bWVtYmVyPihib2R5KTo8bWVtYmVyPihhcnRpY2xlKQ==	188	94489280609
68719477178	107374182415	dXVpZA==	dXVpZA==	dXVpZA==	188	94489280793
68719477179	107374182415	dGhpcw==	dGhpcw==	Y29udHJvbGxlcnMvYXJ0aWNsZXMtY29udHJvbGxlci5qczo6cHJvZ3JhbQ==	188	111669149727
68719477180	107374182415	YXJ0aWNsZQ==	YXJ0aWNsZQ==	Y3R4OnJlcXVlc3Q6PHJldHVyblZhbHVlPjo8bWVtYmVyPihyZXF1ZXN0KTo8bWVtYmVyPihib2R5KTo8bWVtYmVyPihhcnRpY2xlKQ==	189	94489280609
68719477181	107374182415	Y3R4	Y3R4	QU5Z	189	111669149728
68719477182	107374182415	YXJ0aWNsZQ==	YXJ0aWNsZQ==	Y3R4OnJlcXVlc3Q6PHJldHVyblZhbHVlPjo8bWVtYmVyPihyZXF1ZXN0KTo8bWVtYmVyPihib2R5KTo8bWVtYmVyPihhcnRpY2xlKQ==	191	94489280609
68719477183	107374182415	X3RtcF81OQ==	X3RtcF81OQ==	Y3R4OnJlcXVlc3Q6PHJldHVyblZhbHVlPjo8bWVtYmVyPihyZXF1ZXN0KTo8bWVtYmVyPihib2R5KTo8bWVtYmVyPihhcnRpY2xlKQ==	191	94489280811
68719477184	107374182415	Y3R4	Y3R4	QU5Z	191	111669149728
68719477185	107374182415	X3RtcF81OQ==	X3RtcF81OQ==	Y3R4OnJlcXVlc3Q6PHJldHVyblZhbHVlPjo8bWVtYmVyPihyZXF1ZXN0KTo8bWVtYmVyPihib2R5KTo8bWVtYmVyPihhcnRpY2xlKQ==	191	94489280811
68719477186	107374182415	YXJ0aWNsZQ==	YXJ0aWNsZQ==	Y3R4OnJlcXVlc3Q6PHJldHVyblZhbHVlPjo8bWVtYmVyPihyZXF1ZXN0KTo8bWVtYmVyPihib2R5KTo8bWVtYmVyPihhcnRpY2xlKQ==	191	94489280609
68719477187	107374182415	b3B0cw==	b3B0cw==	eyBhYm9ydEVhcmx5OiBfX2VjbWEuQm9vbGVhbjsgfQ==	191	94489280611
68719477188	107374182415	YXJ0aWNsZQ==	YXJ0aWNsZQ==	Y3R4OnJlcXVlc3Q6PHJldHVyblZhbHVlPjo8bWVtYmVyPihyZXF1ZXN0KTo8bWVtYmVyPihib2R5KTo8bWVtYmVyPihhcnRpY2xlKQ==	193	94489280609
68719477189	107374182415	c2x1Zw==	c2x1Zw==	c2x1Zw==	193	94489280810
68719477190	107374182415	dGhpcw==	dGhpcw==	Y29udHJvbGxlcnMvYXJ0aWNsZXMtY29udHJvbGxlci5qczo6cHJvZ3JhbQ==	193	111669149727
68719477191	107374182415	Xw==	Xw==	bG9kYXNo	193	94489280788
68719477192	107374182415	Xw==	Xw==	bG9kYXNo	193	94489280788
68719477193	107374182415	YXJ0aWNsZQ==	YXJ0aWNsZQ==	Y3R4OnJlcXVlc3Q6PHJldHVyblZhbHVlPjo8bWVtYmVyPihyZXF1ZXN0KTo8bWVtYmVyPihib2R5KTo8bWVtYmVyPihhcnRpY2xlKQ==	193	94489280609
68719477194	107374182415	X3RtcF82MA==	X3RtcF82MA==	QU5Z	193	
68719477195	107374182415	X3RtcF82MA==	X3RtcF82MA==	QU5Z	193	
68719477196	107374182415	YXJ0aWNsZQ==	YXJ0aWNsZQ==	Y3R4OnJlcXVlc3Q6PHJldHVyblZhbHVlPjo8bWVtYmVyPihyZXF1ZXN0KTo8bWVtYmVyPihib2R5KTo8bWVtYmVyPihhcnRpY2xlKQ==	195	94489280609
68719477197	107374182415	YXJ0aWNsZQ==	YXJ0aWNsZQ==	Y3R4OnJlcXVlc3Q6PHJldHVyblZhbHVlPjo8bWVtYmVyPihyZXF1ZXN0KTo8bWVtYmVyPihib2R5KTo8bWVtYmVyPihhcnRpY2xlKQ==	195	94489280609
68719477198	107374182415	dGFncw==	dGFncw==	X19lY21hLkFycmF5	196	94489280610
68719477199	107374182415	X3RtcF82MQ==	X3RtcF82MQ==	X19lY21hLkFycmF5Om1hcDo8cmV0dXJuVmFsdWU+	197	94489280807
68719477200	107374182415	X3RtcF82Mg==	X3RtcF82Mg==	X19lY21hLkFycmF5	197	94489280809
68719477201	107374182415	YXJ0aWNsZQ==	YXJ0aWNsZQ==	Y3R4OnJlcXVlc3Q6PHJldHVyblZhbHVlPjo8bWVtYmVyPihyZXF1ZXN0KTo8bWVtYmVyPihib2R5KTo8bWVtYmVyPihhcnRpY2xlKQ==	197	94489280609
68719477202	107374182415	X3RtcF82Mg==	X3RtcF82Mg==	X19lY21hLkFycmF5	197	94489280809
68719477203	107374182415	X3RtcF82MQ==	X3RtcF82MQ==	X19lY21hLkFycmF5Om1hcDo8cmV0dXJuVmFsdWU+	197	94489280807
68719477204	107374182415	X3RtcF82NQ==	X3RtcF82NQ==	Y29udHJvbGxlcnMvYXJ0aWNsZXMtY29udHJvbGxlci5qczo6cHJvZ3JhbTpkYjo8cmV0dXJuVmFsdWU+	204	94489280803
68719477205	107374182415	ZGI=	ZGI=	QU5Z	204	94489280790
68719477206	107374182415	dGhpcw==	dGhpcw==	Y29udHJvbGxlcnMvYXJ0aWNsZXMtY29udHJvbGxlci5qczo6cHJvZ3JhbQ==	204	111669149727
68719477207	107374182415	X3RtcF82NQ==	X3RtcF82NQ==	Y29udHJvbGxlcnMvYXJ0aWNsZXMtY29udHJvbGxlci5qczo6cHJvZ3JhbTpkYjo8cmV0dXJuVmFsdWU+	204	94489280803
68719477208	107374182415	aHVtcHM=	aHVtcHM=	aHVtcHM=	205	94489280797
68719477209	107374182415	aHVtcHM=	aHVtcHM=	aHVtcHM=	205	94489280797
68719477210	107374182415	Xw==	Xw==	bG9kYXNo	205	94489280788
68719477211	107374182415	Xw==	Xw==	bG9kYXNo	205	94489280788
68719477212	107374182415	YXJ0aWNsZQ==	YXJ0aWNsZQ==	Y3R4OnJlcXVlc3Q6PHJldHVyblZhbHVlPjo8bWVtYmVyPihyZXF1ZXN0KTo8bWVtYmVyPihib2R5KTo8bWVtYmVyPihhcnRpY2xlKQ==	205	94489280609
68719477213	107374182415	X3RtcF82Ng==	X3RtcF82Ng==	X19lY21hLkFycmF5	205	94489280802
68719477214	107374182415	X3RtcF82Ng==	X3RtcF82Ng==	X19lY21hLkFycmF5	205	
68719477215	107374182415	X3RtcF82Ng==	X3RtcF82Ng==	X19lY21hLkFycmF5	205	
68719477216	107374182415	X3RtcF82Ng==	X3RtcF82Ng==	X19lY21hLkFycmF5	205	
68719477217	107374182415	ZXJy	ZXJy	QU5Z	207	94489280796
68719477218	107374182415	Y3R4	Y3R4	QU5Z	208	111669149728
68719477219	107374182415	Y3R4	Y3R4	QU5Z	208	111669149728
68719477220	107374182415	ZXJy	ZXJy	QU5Z	209	94489280796
68719477221	107374182415	ZXJy	ZXJy	QU5Z	209	94489280796
68719477222	107374182415	ZXJy	ZXJy	QU5Z	210	94489280796
68719477223	107374182415	YXJ0aWNsZQ==	YXJ0aWNsZQ==	Y3R4OnJlcXVlc3Q6PHJldHVyblZhbHVlPjo8bWVtYmVyPihyZXF1ZXN0KTo8bWVtYmVyPihib2R5KTo8bWVtYmVyPihhcnRpY2xlKQ==	213	94489280609
68719477224	107374182415	YXJ0aWNsZQ==	YXJ0aWNsZQ==	Y3R4OnJlcXVlc3Q6PHJldHVyblZhbHVlPjo8bWVtYmVyPihyZXF1ZXN0KTo8bWVtYmVyPihib2R5KTo8bWVtYmVyPihhcnRpY2xlKQ==	213	94489280609
68719477225	107374182415	X3RtcF82Nw==	X3RtcF82Nw==	dXVpZDo8cmV0dXJuVmFsdWU+	213	94489280801
68719477226	107374182415	dXVpZA==	dXVpZA==	dXVpZA==	213	94489280793
68719477227	107374182415	dGhpcw==	dGhpcw==	Y29udHJvbGxlcnMvYXJ0aWNsZXMtY29udHJvbGxlci5qczo6cHJvZ3JhbQ==	213	111669149727
68719477228	107374182415	X3RtcF82Nw==	X3RtcF82Nw==	dXVpZDo8cmV0dXJuVmFsdWU+	213	94489280801
68719477229	107374182415	X3RtcF82OA==	X3RtcF82OA==	Y29udHJvbGxlcnMvYXJ0aWNsZXMtY29udHJvbGxlci5qczo6cHJvZ3JhbTpkYjo8cmV0dXJuVmFsdWU+	215	94489280800
68719477230	107374182415	ZGI=	ZGI=	QU5Z	215	94489280790
68719477231	107374182415	dGhpcw==	dGhpcw==	Y29udHJvbGxlcnMvYXJ0aWNsZXMtY29udHJvbGxlci5qczo6cHJvZ3JhbQ==	215	111669149727
68719477232	107374182415	X3RtcF82OA==	X3RtcF82OA==	Y29udHJvbGxlcnMvYXJ0aWNsZXMtY29udHJvbGxlci5qczo6cHJvZ3JhbTpkYjo8cmV0dXJuVmFsdWU+	215	94489280800
68719477233	107374182415	aHVtcHM=	aHVtcHM=	aHVtcHM=	216	94489280797
68719477234	107374182415	aHVtcHM=	aHVtcHM=	aHVtcHM=	216	94489280797
68719477235	107374182415	Xw==	Xw==	bG9kYXNo	216	94489280788
68719477236	107374182415	Xw==	Xw==	bG9kYXNo	216	94489280788
68719477237	107374182415	YXJ0aWNsZQ==	YXJ0aWNsZQ==	Y3R4OnJlcXVlc3Q6PHJldHVyblZhbHVlPjo8bWVtYmVyPihyZXF1ZXN0KTo8bWVtYmVyPihib2R5KTo8bWVtYmVyPihhcnRpY2xlKQ==	216	94489280609
68719477238	107374182415	X3RtcF82OQ==	X3RtcF82OQ==	X19lY21hLkFycmF5	216	94489280799
68719477239	107374182415	X3RtcF82OQ==	X3RtcF82OQ==	X19lY21hLkFycmF5	216	
68719477240	107374182415	X3RtcF82OQ==	X3RtcF82OQ==	X19lY21hLkFycmF5	216	
68719477241	107374182415	X3RtcF82OQ==	X3RtcF82OQ==	X19lY21hLkFycmF5	216	
68719477242	107374182415	dGFncw==	dGFncw==	X19lY21hLkFycmF5	220	94489280610
68719477243	107374182415	dGFncw==	dGFncw==	X19lY21hLkFycmF5	220	94489280610
68719477244	107374182415	aQ==	aQ==	X19lY21hLk51bWJlcg==	221	94489280617
68719477245	107374182415	aQ==	aQ==	X19lY21hLk51bWJlcg==	221	94489280617
68719477246	107374182415	dGFncw==	dGFncw==	X19lY21hLkFycmF5	221	94489280610
68719477247	107374182415	aQ==	aQ==	X19lY21hLk51bWJlcg==	221	94489280617
68719477248	107374182415	X3RtcF83MA==	X3RtcF83MA==	Y29udHJvbGxlcnMvYXJ0aWNsZXMtY29udHJvbGxlci5qczo6cHJvZ3JhbTpkYjo8cmV0dXJuVmFsdWU+	223	94489280798
68719477249	107374182415	ZGI=	ZGI=	QU5Z	223	94489280790
68719477250	107374182415	dGhpcw==	dGhpcw==	Y29udHJvbGxlcnMvYXJ0aWNsZXMtY29udHJvbGxlci5qczo6cHJvZ3JhbQ==	223	111669149727
68719477251	107374182415	X3RtcF83MA==	X3RtcF83MA==	Y29udHJvbGxlcnMvYXJ0aWNsZXMtY29udHJvbGxlci5qczo6cHJvZ3JhbTpkYjo8cmV0dXJuVmFsdWU+	223	94489280798
68719477252	107374182415	aHVtcHM=	aHVtcHM=	aHVtcHM=	223	94489280797
68719477253	107374182415	aHVtcHM=	aHVtcHM=	aHVtcHM=	223	94489280797
68719477254	107374182415	dGFncw==	dGFncw==	X19lY21hLkFycmF5	223	94489280610
68719477255	107374182415	aQ==	aQ==	X19lY21hLk51bWJlcg==	223	94489280617
68719477256	107374182415	ZXJy	ZXJy	QU5Z	224	94489280796
68719477257	107374182415	Y3R4	Y3R4	QU5Z	225	111669149728
68719477258	107374182415	Y3R4	Y3R4	QU5Z	225	111669149728
68719477259	107374182415	ZXJy	ZXJy	QU5Z	226	94489280796
68719477260	107374182415	ZXJy	ZXJy	QU5Z	226	94489280796
68719477261	107374182415	ZXJy	ZXJy	QU5Z	227	94489280796
68719477262	107374182415	dGFncw==	dGFncw==	X19lY21hLkFycmF5	232	94489280610
68719477263	107374182415	X3RtcF83MQ==	X3RtcF83MQ==	QU5Z	232	94489280794
68719477264	107374182415	X3RtcF83Mg==	X3RtcF83Mg==	Y29udHJvbGxlcnMvYXJ0aWNsZXMtY29udHJvbGxlci5qczo6cHJvZ3JhbTpkYjo8cmV0dXJuVmFsdWU+	232	94489280795
68719477265	107374182415	ZGI=	ZGI=	QU5Z	232	94489280790
68719477266	107374182415	dGhpcw==	dGhpcw==	Y29udHJvbGxlcnMvYXJ0aWNsZXMtY29udHJvbGxlci5qczo6cHJvZ3JhbQ==	232	111669149727
68719477267	107374182415	X3RtcF83Mg==	X3RtcF83Mg==	Y29udHJvbGxlcnMvYXJ0aWNsZXMtY29udHJvbGxlci5qczo6cHJvZ3JhbTpkYjo8cmV0dXJuVmFsdWU+	232	94489280795
68719477268	107374182415	X3RtcF83MQ==	X3RtcF83MQ==	QU5Z	232	94489280794
68719477269	107374182415	dGFncw==	dGFncw==	X19lY21hLkFycmF5	234	94489280610
68719477270	107374182415	dGFncw==	dGFncw==	X19lY21hLkFycmF5	234	94489280610
68719477271	107374182415	cmVsYXRpb25z	cmVsYXRpb25z	X19lY21hLkFycmF5	236	94489280618
68719477272	107374182415	dGFncw==	dGFncw==	X19lY21hLkFycmF5	236	94489280610
68719477273	107374182415	dGFncw==	dGFncw==	X19lY21hLkFycmF5	236	94489280610
68719477274	107374182415	X3RtcF83NA==	X3RtcF83NA==	Y29udHJvbGxlcnMvYXJ0aWNsZXMtY29udHJvbGxlci5qczo6cHJvZ3JhbTpkYjo8cmV0dXJuVmFsdWU+	242	94489280789
68719477275	107374182415	ZGI=	ZGI=	QU5Z	242	94489280790
68719477276	107374182415	dGhpcw==	dGhpcw==	Y29udHJvbGxlcnMvYXJ0aWNsZXMtY29udHJvbGxlci5qczo6cHJvZ3JhbQ==	242	111669149727
68719477277	107374182415	X3RtcF83NA==	X3RtcF83NA==	Y29udHJvbGxlcnMvYXJ0aWNsZXMtY29udHJvbGxlci5qczo6cHJvZ3JhbTpkYjo8cmV0dXJuVmFsdWU+	242	94489280789
68719477278	107374182415	cmVsYXRpb25z	cmVsYXRpb25z	X19lY21hLkFycmF5	242	94489280618
68719477279	107374182415	YXJ0aWNsZQ==	YXJ0aWNsZQ==	Y3R4OnJlcXVlc3Q6PHJldHVyblZhbHVlPjo8bWVtYmVyPihyZXF1ZXN0KTo8bWVtYmVyPihib2R5KTo8bWVtYmVyPihhcnRpY2xlKQ==	245	94489280609
68719477280	107374182415	YXJ0aWNsZQ==	YXJ0aWNsZQ==	Y3R4OnJlcXVlc3Q6PHJldHVyblZhbHVlPjo8bWVtYmVyPihyZXF1ZXN0KTo8bWVtYmVyPihib2R5KTo8bWVtYmVyPihhcnRpY2xlKQ==	246	94489280609
68719477281	107374182415	Xw==	Xw==	bG9kYXNo	246	94489280788
68719477282	107374182415	Xw==	Xw==	bG9kYXNo	246	94489280788
68719477283	107374182415	Y3R4	Y3R4	QU5Z	246	111669149728
68719477284	107374182415	X3RtcF83NQ==	X3RtcF83NQ==	X19lY21hLkFycmF5	246	94489280787
68719477285	107374182415	X3RtcF83NQ==	X3RtcF83NQ==	X19lY21hLkFycmF5	246	
68719477286	107374182415	X3RtcF83NQ==	X3RtcF83NQ==	X19lY21hLkFycmF5	246	
68719477287	107374182415	X3RtcF83NQ==	X3RtcF83NQ==	X19lY21hLkFycmF5	246	
68719477288	107374182415	X3RtcF83NQ==	X3RtcF83NQ==	X19lY21hLkFycmF5	246	
68719477289	107374182415	X3RtcF83NQ==	X3RtcF83NQ==	X19lY21hLkFycmF5	246	
68719477290	107374182415	X3RtcF83NQ==	X3RtcF83NQ==	X19lY21hLkFycmF5	246	
68719477291	107374182415	X3RtcF83NQ==	X3RtcF83NQ==	X19lY21hLkFycmF5	246	
68719477292	107374182415	YXJ0aWNsZQ==	YXJ0aWNsZQ==	Y3R4OnJlcXVlc3Q6PHJldHVyblZhbHVlPjo8bWVtYmVyPihyZXF1ZXN0KTo8bWVtYmVyPihib2R5KTo8bWVtYmVyPihhcnRpY2xlKQ==	247	94489280609
68719477293	107374182415	Y3R4	Y3R4	QU5Z	249	111669149728
68719477294	107374182415	X3RtcF83Ng==	X3RtcF83Ng==	QU5Z	249	
68719477295	107374182415	YXJ0aWNsZQ==	YXJ0aWNsZQ==	Y3R4OnJlcXVlc3Q6PHJldHVyblZhbHVlPjo8bWVtYmVyPihyZXF1ZXN0KTo8bWVtYmVyPihib2R5KTo8bWVtYmVyPihhcnRpY2xlKQ==	249	94489280609
68719477296	107374182415	X3RtcF83Ng==	X3RtcF83Ng==	QU5Z	249	
68719477150	107374182416	X3RtcF82NA==	X3RtcF82NA==	Y3R4OnF1ZXJ5OjxyZXR1cm5WYWx1ZT46PG1lbWJlcj4ocXVlcnkpOjxtZW1iZXI+KHRhZyk=	199	94489280805
68719477151	107374182416	Y3R4	Y3R4	QU5Z	199	94489280806
68719477152	107374182416	X3RtcF82NA==	X3RtcF82NA==	Y3R4OnF1ZXJ5OjxyZXR1cm5WYWx1ZT46PG1lbWJlcj4ocXVlcnkpOjxtZW1iZXI+KHRhZyk=	199	94489280805
68719477153	107374182416	dA==	dA==	QU5Z	199	111669149722
68719477154	107374182416	b3B0cw==	b3B0cw==	eyBhYm9ydEVhcmx5OiBfX2VjbWEuQm9vbGVhbjsgfQ==	199	94489280804
68719477155	107374182417	dA==	dA==	QU5Z	234	111669149724
68719477156	107374182418	X3RtcF83Mw==	X3RtcF83Mw==	QU5Z	237	
68719477157	107374182418	dXVpZA==	dXVpZA==	dXVpZA==	237	94489280792
68719477158	107374182418	dGhpcw==	dGhpcw==	Y29udHJvbGxlcnMvYXJ0aWNsZXMtY29udHJvbGxlci5qczo6cHJvZ3JhbQ==	237	111669149725
68719477159	107374182418	X3RtcF83Mw==	X3RtcF83Mw==	QU5Z	238	
68719477160	107374182418	dA==	dA==	QU5Z	238	111669149726
68719477161	107374182418	X3RtcF83Mw==	X3RtcF83Mw==	QU5Z	239	
68719477162	107374182418	YXJ0aWNsZQ==	YXJ0aWNsZQ==	Y3R4OnJlcXVlc3Q6PHJldHVyblZhbHVlPjo8bWVtYmVyPihyZXF1ZXN0KTo8bWVtYmVyPihib2R5KTo8bWVtYmVyPihhcnRpY2xlKQ==	239	94489280791
68719477163	107374182418	X3RtcF83Mw==	X3RtcF83Mw==	QU5Z	236	
68719477297	107374182419	X3RtcF8xMDY=	X3RtcF8xMDY=	QU5Z	332	
68719477298	107374182419	dXVpZA==	dXVpZA==	dXVpZA==	332	94489280764
68719477299	107374182419	dGhpcw==	dGhpcw==	Y29udHJvbGxlcnMvYXJ0aWNsZXMtY29udHJvbGxlci5qczo6cHJvZ3JhbQ==	332	111669149729
68719477300	107374182419	X3RtcF8xMDY=	X3RtcF8xMDY=	QU5Z	332	
68719477301	107374182419	dA==	dA==	QU5Z	332	111669149730
68719477302	107374182419	X3RtcF8xMDY=	X3RtcF8xMDY=	QU5Z	332	
68719477297	107374182420	X3RtcF8xMDY=	X3RtcF8xMDY=	QU5Z	332	
68719477298	107374182420	dXVpZA==	dXVpZA==	dXVpZA==	332	94489280764
68719477299	107374182420	dGhpcw==	dGhpcw==	Y29udHJvbGxlcnMvYXJ0aWNsZXMtY29udHJvbGxlci5qczo6cHJvZ3JhbQ==	332	111669149729
68719477300	107374182420	X3RtcF8xMDY=	X3RtcF8xMDY=	QU5Z	332	
68719477301	107374182420	dA==	dA==	QU5Z	332	111669149730
68719477302	107374182420	X3RtcF8xMDY=	X3RtcF8xMDY=	QU5Z	332	
68719477303	107374182420	X3RtcF8xMDc=	X3RtcF8xMDc=	Y3R4OnF1ZXJ5OjxyZXR1cm5WYWx1ZT46PG1lbWJlcj4ocXVlcnkpOjxtZW1iZXI+KHRhZyk=	333	94489280761
68719477304	107374182420	Y3R4	Y3R4	QU5Z	333	94489280762
68719477305	107374182420	X3RtcF8xMDc=	X3RtcF8xMDc=	Y3R4OnF1ZXJ5OjxyZXR1cm5WYWx1ZT46PG1lbWJlcj4ocXVlcnkpOjxtZW1iZXI+KHRhZyk=	333	94489280761
68719477306	107374182420	dA==	dA==	QU5Z	333	111669149732
68719477307	107374182420	b3B0cw==	b3B0cw==	eyBhYm9ydEVhcmx5OiBfX2VjbWEuQm9vbGVhbjsgfQ==	333	94489280760
68719477308	107374182420	dA==	dA==	QU5Z	350	111669149734
68719477309	107374182420	X3RtcF8xMTE=	X3RtcF8xMTE=	QU5Z	353	
68719477310	107374182420	dXVpZA==	dXVpZA==	dXVpZA==	353	94489280753
68719477311	107374182420	dGhpcw==	dGhpcw==	Y29udHJvbGxlcnMvYXJ0aWNsZXMtY29udHJvbGxlci5qczo6cHJvZ3JhbQ==	353	111669149735
68719477312	107374182420	X3RtcF8xMTE=	X3RtcF8xMTE=	QU5Z	354	
68719477313	107374182420	dA==	dA==	QU5Z	354	111669149736
68719477314	107374182420	X3RtcF8xMTE=	X3RtcF8xMTE=	QU5Z	355	
68719477315	107374182420	YXJ0aWNsZQ==	YXJ0aWNsZQ==	Y3R4OnJlcXVlc3Q6PHJldHVyblZhbHVlPjo8bWVtYmVyPihyZXF1ZXN0KTo8bWVtYmVyPihib2R5KTo8bWVtYmVyPihhcnRpY2xlKQ==	355	94489280752
68719477316	107374182420	X3RtcF8xMTE=	X3RtcF8xMTE=	QU5Z	352	
68719477317	107374182420	X3RtcF83Nw==	X3RtcF83Nw==	Y3R4OnBhcmFtczo8cmV0dXJuVmFsdWU+OjxtZW1iZXI+KHBhcmFtcyk=	253	94489280623
68719477318	107374182420	Y3R4	Y3R4	QU5Z	253	111669149738
68719477319	107374182420	YXJ0aWNsZQ==	YXJ0aWNsZQ==	Y3R4OnJlcXVlc3Q6PHJldHVyblZhbHVlPjo8bWVtYmVyPihyZXF1ZXN0KTo8bWVtYmVyPihib2R5KTo8bWVtYmVyPihhcnRpY2xlKQ==	253	94489280624
68719477320	107374182420	X3RtcF83Nw==	X3RtcF83Nw==	Y3R4OnBhcmFtczo8cmV0dXJuVmFsdWU+OjxtZW1iZXI+KHBhcmFtcyk=	253	
68719477321	107374182420	X3RtcF83Nw==	X3RtcF83Nw==	Y3R4OnBhcmFtczo8cmV0dXJuVmFsdWU+OjxtZW1iZXI+KHBhcmFtcyk=	253	
68719477322	107374182420	Y3R4	Y3R4	QU5Z	255	111669149738
68719477323	107374182420	Y3R4	Y3R4	QU5Z	255	111669149738
68719477324	107374182420	YXJ0aWNsZQ==	YXJ0aWNsZQ==	Y3R4OnJlcXVlc3Q6PHJldHVyblZhbHVlPjo8bWVtYmVyPihyZXF1ZXN0KTo8bWVtYmVyPihib2R5KTo8bWVtYmVyPihhcnRpY2xlKQ==	256	94489280624
68719477325	107374182420	Y3R4	Y3R4	QU5Z	256	111669149738
68719477326	107374182420	X3RtcF83OA==	X3RtcF83OA==	X3RtcF8wOlZhbGlkYXRpb25FcnJvcjo8cmV0dXJuVmFsdWU+OjxtZW1iZXI+KFZhbGlkYXRpb25FcnJvcik=	258	94489280786
68719477327	107374182420	VmFsaWRhdGlvbkVycm9y	VmFsaWRhdGlvbkVycm9y	X3RtcF8wOlZhbGlkYXRpb25FcnJvcjo8cmV0dXJuVmFsdWU+OjxtZW1iZXI+KFZhbGlkYXRpb25FcnJvcik=	258	94489280785
68719477328	107374182420	X3RtcF83OA==	X3RtcF83OA==	X3RtcF8wOlZhbGlkYXRpb25FcnJvcjo8cmV0dXJuVmFsdWU+OjxtZW1iZXI+KFZhbGlkYXRpb25FcnJvcik=	258	
68719477329	107374182420	X3RtcF83OQ==	X3RtcF83OQ==	X19lY21hLkFycmF5	258	94489280784
68719477330	107374182420	X3RtcF83OQ==	X3RtcF83OQ==	X19lY21hLkFycmF5	258	
68719477331	107374182420	X3RtcF83OQ==	X3RtcF83OQ==	X19lY21hLkFycmF5	258	
68719477332	107374182420	X3RtcF83OQ==	X3RtcF83OQ==	X19lY21hLkFycmF5	258	
68719477333	107374182420	X3RtcF83OA==	X3RtcF83OA==	X3RtcF8wOlZhbGlkYXRpb25FcnJvcjo8cmV0dXJuVmFsdWU+OjxtZW1iZXI+KFZhbGlkYXRpb25FcnJvcik=	258	
68719477334	107374182420	X3RtcF84MA==	X3RtcF84MA==	Y3R4OnJlcXVlc3Q6PHJldHVyblZhbHVlPjo8bWVtYmVyPihyZXF1ZXN0KQ==	261	94489280628
68719477335	107374182420	Y3R4	Y3R4	QU5Z	261	111669149738
68719477336	107374182420	Ym9keQ==	Ym9keQ==	Y3R4OnJlcXVlc3Q6PHJldHVyblZhbHVlPjo8bWVtYmVyPihyZXF1ZXN0KTo8bWVtYmVyPihib2R5KQ==	261	94489280629
68719477337	107374182420	X3RtcF84MA==	X3RtcF84MA==	Y3R4OnJlcXVlc3Q6PHJldHVyblZhbHVlPjo8bWVtYmVyPihyZXF1ZXN0KQ==	261	
68719477338	107374182420	X3RtcF84MA==	X3RtcF84MA==	Y3R4OnJlcXVlc3Q6PHJldHVyblZhbHVlPjo8bWVtYmVyPihyZXF1ZXN0KQ==	261	
68719477339	107374182420	X3RtcF84MQ==	X3RtcF84MQ==	Y3R4OnJlcXVlc3Q6PHJldHVyblZhbHVlPjo8bWVtYmVyPihyZXF1ZXN0KTo8bWVtYmVyPihib2R5KQ==	262	94489280631
68719477340	107374182420	Ym9keQ==	Ym9keQ==	Y3R4OnJlcXVlc3Q6PHJldHVyblZhbHVlPjo8bWVtYmVyPihyZXF1ZXN0KTo8bWVtYmVyPihib2R5KQ==	262	94489280629
68719477341	107374182420	ZmllbGRz	ZmllbGRz	QU5Z	262	94489280768
68719477342	107374182420	X3RtcF84MQ==	X3RtcF84MQ==	Y3R4OnJlcXVlc3Q6PHJldHVyblZhbHVlPjo8bWVtYmVyPihyZXF1ZXN0KTo8bWVtYmVyPihib2R5KQ==	262	
68719477343	107374182420	X3RtcF84Mg==	X3RtcF84Mg==	QU5Z	262	
68719477344	107374182420	X3RtcF84MQ==	X3RtcF84MQ==	Y3R4OnJlcXVlc3Q6PHJldHVyblZhbHVlPjo8bWVtYmVyPihyZXF1ZXN0KTo8bWVtYmVyPihib2R5KQ==	262	
68719477345	107374182420	X3RtcF84MQ==	X3RtcF84MQ==	Y3R4OnJlcXVlc3Q6PHJldHVyblZhbHVlPjo8bWVtYmVyPihyZXF1ZXN0KTo8bWVtYmVyPihib2R5KQ==	262	
68719477346	107374182420	b3B0cw==	b3B0cw==	eyBhYm9ydEVhcmx5OiBfX2VjbWEuQm9vbGVhbjsgfQ==	263	94489280633
68719477347	107374182420	X3RtcF84Mw==	X3RtcF84Mw==	QU5Z	263	
68719477348	107374182420	X3RtcF84Mw==	X3RtcF84Mw==	QU5Z	263	
68719477349	107374182420	bmV3QXJ0aWNsZQ==	bmV3QXJ0aWNsZQ==	T2JqZWN0LmFzc2lnbjo8cmV0dXJuVmFsdWU+	265	94489280635
68719477350	107374182420	X3RtcF84NA==	X3RtcF84NA==	QU5Z	265	
68719477351	107374182420	YXJ0aWNsZQ==	YXJ0aWNsZQ==	Y3R4OnJlcXVlc3Q6PHJldHVyblZhbHVlPjo8bWVtYmVyPihyZXF1ZXN0KTo8bWVtYmVyPihib2R5KTo8bWVtYmVyPihhcnRpY2xlKQ==	265	94489280624
68719477352	107374182420	ZmllbGRz	ZmllbGRz	QU5Z	265	94489280768
68719477353	107374182420	bmV3QXJ0aWNsZQ==	bmV3QXJ0aWNsZQ==	T2JqZWN0LmFzc2lnbjo8cmV0dXJuVmFsdWU+	266	94489280635
68719477354	107374182420	bmV3QXJ0aWNsZQ==	bmV3QXJ0aWNsZQ==	T2JqZWN0LmFzc2lnbjo8cmV0dXJuVmFsdWU+	266	94489280635
68719477355	107374182420	bmV3QXJ0aWNsZQ==	bmV3QXJ0aWNsZQ==	T2JqZWN0LmFzc2lnbjo8cmV0dXJuVmFsdWU+	267	94489280635
68719477356	107374182420	X3RtcF84NQ==	X3RtcF84NQ==	Y3R4OnJlcXVlc3Q6PHJldHVyblZhbHVlPjo8bWVtYmVyPihyZXF1ZXN0KTo8bWVtYmVyPihib2R5KTo8bWVtYmVyPihhcnRpY2xlKQ==	267	94489280783
68719477357	107374182420	Y3R4	Y3R4	QU5Z	267	111669149738
68719477358	107374182420	X3RtcF84NQ==	X3RtcF84NQ==	Y3R4OnJlcXVlc3Q6PHJldHVyblZhbHVlPjo8bWVtYmVyPihyZXF1ZXN0KTo8bWVtYmVyPihib2R5KTo8bWVtYmVyPihhcnRpY2xlKQ==	267	94489280783
68719477359	107374182420	aHVtcHM=	aHVtcHM=	aHVtcHM=	268	94489280758
68719477360	107374182420	aHVtcHM=	aHVtcHM=	aHVtcHM=	268	94489280758
68719477361	107374182420	bmV3QXJ0aWNsZQ==	bmV3QXJ0aWNsZQ==	T2JqZWN0LmFzc2lnbjo8cmV0dXJuVmFsdWU+	268	94489280635
68719477362	107374182420	b3B0cw==	b3B0cw==	eyBhYm9ydEVhcmx5OiBfX2VjbWEuQm9vbGVhbjsgfQ==	269	94489280633
68719477363	107374182420	ZmllbGRz	ZmllbGRz	QU5Z	272	94489280768
68719477364	107374182420	bmV3QXJ0aWNsZQ==	bmV3QXJ0aWNsZQ==	T2JqZWN0LmFzc2lnbjo8cmV0dXJuVmFsdWU+	273	94489280635
68719477365	107374182420	c2x1Zw==	c2x1Zw==	c2x1Zw==	273	94489280782
68719477366	107374182420	dGhpcw==	dGhpcw==	Y29udHJvbGxlcnMvYXJ0aWNsZXMtY29udHJvbGxlci5qczo6cHJvZ3JhbQ==	273	111669149737
68719477367	107374182420	Xw==	Xw==	bG9kYXNo	273	94489280769
68719477368	107374182420	Xw==	Xw==	bG9kYXNo	273	94489280769
68719477369	107374182420	bmV3QXJ0aWNsZQ==	bmV3QXJ0aWNsZQ==	T2JqZWN0LmFzc2lnbjo8cmV0dXJuVmFsdWU+	273	94489280635
68719477370	107374182420	X3RtcF84Ng==	X3RtcF84Ng==	QU5Z	273	
68719477371	107374182420	X3RtcF84Ng==	X3RtcF84Ng==	QU5Z	273	
68719477372	107374182420	bmV3QXJ0aWNsZQ==	bmV3QXJ0aWNsZQ==	T2JqZWN0LmFzc2lnbjo8cmV0dXJuVmFsdWU+	276	94489280635
68719477373	107374182420	X3RtcF84Nw==	X3RtcF84Nw==	X19lY21hLkRhdGU=	276	94489280779
68719477374	107374182420	X3RtcF84OA==	X3RtcF84OA==	X19lY21hLkRhdGU=	276	94489280781
68719477375	107374182420	RGF0ZQ==	RGF0ZQ==	RGF0ZUNvbnN0cnVjdG9y	276	94489280780
68719477376	107374182420	X3RtcF84OA==	X3RtcF84OA==	X19lY21hLkRhdGU=	276	
68719477377	107374182420	X3RtcF84OA==	X3RtcF84OA==	X19lY21hLkRhdGU=	276	
68719477378	107374182420	X3RtcF84Nw==	X3RtcF84Nw==	X19lY21hLkRhdGU=	276	94489280779
68719477379	107374182420	X3RtcF84OQ==	X3RtcF84OQ==	QU5Z	279	94489280776
68719477380	107374182420	X3RtcF85MA==	X3RtcF85MA==	Y29udHJvbGxlcnMvYXJ0aWNsZXMtY29udHJvbGxlci5qczo6cHJvZ3JhbTpkYjo8cmV0dXJuVmFsdWU+	279	94489280778
68719477381	107374182420	ZGI=	ZGI=	QU5Z	279	94489280751
68719477382	107374182420	dGhpcw==	dGhpcw==	Y29udHJvbGxlcnMvYXJ0aWNsZXMtY29udHJvbGxlci5qczo6cHJvZ3JhbQ==	279	111669149737
68719477383	107374182420	X3RtcF85MA==	X3RtcF85MA==	Y29udHJvbGxlcnMvYXJ0aWNsZXMtY29udHJvbGxlci5qczo6cHJvZ3JhbTpkYjo8cmV0dXJuVmFsdWU+	279	94489280778
68719477384	107374182420	aHVtcHM=	aHVtcHM=	aHVtcHM=	281	94489280758
68719477385	107374182420	aHVtcHM=	aHVtcHM=	aHVtcHM=	281	94489280758
68719477386	107374182420	Xw==	Xw==	bG9kYXNo	282	94489280769
68719477387	107374182420	Xw==	Xw==	bG9kYXNo	282	94489280769
68719477388	107374182420	bmV3QXJ0aWNsZQ==	bmV3QXJ0aWNsZQ==	T2JqZWN0LmFzc2lnbjo8cmV0dXJuVmFsdWU+	282	94489280635
68719477389	107374182420	X3RtcF85MQ==	X3RtcF85MQ==	X19lY21hLkFycmF5	282	94489280777
68719477390	107374182420	X3RtcF85MQ==	X3RtcF85MQ==	X19lY21hLkFycmF5	283	
68719477391	107374182420	X3RtcF85MQ==	X3RtcF85MQ==	X19lY21hLkFycmF5	283	
68719477392	107374182420	X3RtcF85MQ==	X3RtcF85MQ==	X19lY21hLkFycmF5	284	
68719477393	107374182420	X3RtcF85MQ==	X3RtcF85MQ==	X19lY21hLkFycmF5	284	
68719477394	107374182420	X3RtcF85MQ==	X3RtcF85MQ==	X19lY21hLkFycmF5	285	
68719477395	107374182420	X3RtcF85MQ==	X3RtcF85MQ==	X19lY21hLkFycmF5	285	
68719477396	107374182420	X3RtcF85MQ==	X3RtcF85MQ==	X19lY21hLkFycmF5	286	
68719477397	107374182420	X3RtcF85MQ==	X3RtcF85MQ==	X19lY21hLkFycmF5	286	
68719477398	107374182420	X3RtcF85MQ==	X3RtcF85MQ==	X19lY21hLkFycmF5	287	
68719477399	107374182420	X3RtcF85MQ==	X3RtcF85MQ==	X19lY21hLkFycmF5	287	
68719477400	107374182420	X3RtcF85MQ==	X3RtcF85MQ==	X19lY21hLkFycmF5	282	
68719477401	107374182420	X3RtcF84OQ==	X3RtcF84OQ==	QU5Z	279	94489280776
68719477402	107374182420	X3RtcF85Mg==	X3RtcF85Mg==	QU5Z	291	
68719477403	107374182420	YXJ0aWNsZQ==	YXJ0aWNsZQ==	Y3R4OnJlcXVlc3Q6PHJldHVyblZhbHVlPjo8bWVtYmVyPihyZXF1ZXN0KTo8bWVtYmVyPihib2R5KTo8bWVtYmVyPihhcnRpY2xlKQ==	291	94489280624
68719477404	107374182420	X3RtcF85Mg==	X3RtcF85Mg==	QU5Z	291	
68719477405	107374182420	ZXJy	ZXJy	QU5Z	292	94489280757
68719477406	107374182420	Y3R4	Y3R4	QU5Z	293	111669149738
68719477407	107374182420	Y3R4	Y3R4	QU5Z	293	111669149738
68719477408	107374182420	ZXJy	ZXJy	QU5Z	294	94489280757
68719477409	107374182420	ZXJy	ZXJy	QU5Z	294	94489280757
68719477410	107374182420	ZXJy	ZXJy	QU5Z	295	94489280757
68719477411	107374182420	bmV3QXJ0aWNsZQ==	bmV3QXJ0aWNsZQ==	T2JqZWN0LmFzc2lnbjo8cmV0dXJuVmFsdWU+	298	94489280635
68719477412	107374182420	bmV3QXJ0aWNsZQ==	bmV3QXJ0aWNsZQ==	T2JqZWN0LmFzc2lnbjo8cmV0dXJuVmFsdWU+	298	94489280635
68719477413	107374182420	X3RtcF85Mw==	X3RtcF85Mw==	dXVpZDo8cmV0dXJuVmFsdWU+	298	94489280775
68719477414	107374182420	dXVpZA==	dXVpZA==	dXVpZA==	298	94489280754
68719477415	107374182420	dGhpcw==	dGhpcw==	Y29udHJvbGxlcnMvYXJ0aWNsZXMtY29udHJvbGxlci5qczo6cHJvZ3JhbQ==	298	111669149737
68719477416	107374182420	X3RtcF85Mw==	X3RtcF85Mw==	dXVpZDo8cmV0dXJuVmFsdWU+	298	94489280775
68719477417	107374182420	X3RtcF85NA==	X3RtcF85NA==	QU5Z	300	94489280772
68719477418	107374182420	X3RtcF85NQ==	X3RtcF85NQ==	Y29udHJvbGxlcnMvYXJ0aWNsZXMtY29udHJvbGxlci5qczo6cHJvZ3JhbTpkYjo8cmV0dXJuVmFsdWU+	300	94489280774
68719477419	107374182420	ZGI=	ZGI=	QU5Z	300	94489280751
68719477420	107374182420	dGhpcw==	dGhpcw==	Y29udHJvbGxlcnMvYXJ0aWNsZXMtY29udHJvbGxlci5qczo6cHJvZ3JhbQ==	300	111669149737
68719477421	107374182420	X3RtcF85NQ==	X3RtcF85NQ==	Y29udHJvbGxlcnMvYXJ0aWNsZXMtY29udHJvbGxlci5qczo6cHJvZ3JhbTpkYjo8cmV0dXJuVmFsdWU+	300	94489280774
68719477422	107374182420	aHVtcHM=	aHVtcHM=	aHVtcHM=	302	94489280758
68719477423	107374182420	aHVtcHM=	aHVtcHM=	aHVtcHM=	302	94489280758
68719477424	107374182420	Xw==	Xw==	bG9kYXNo	303	94489280769
68719477425	107374182420	Xw==	Xw==	bG9kYXNo	303	94489280769
68719477426	107374182420	bmV3QXJ0aWNsZQ==	bmV3QXJ0aWNsZQ==	T2JqZWN0LmFzc2lnbjo8cmV0dXJuVmFsdWU+	303	94489280635
68719477427	107374182420	X3RtcF85Ng==	X3RtcF85Ng==	X19lY21hLkFycmF5	303	94489280773
68719477428	107374182420	X3RtcF85Ng==	X3RtcF85Ng==	X19lY21hLkFycmF5	304	
68719477429	107374182420	X3RtcF85Ng==	X3RtcF85Ng==	X19lY21hLkFycmF5	304	
68719477430	107374182420	X3RtcF85Ng==	X3RtcF85Ng==	X19lY21hLkFycmF5	305	
68719477431	107374182420	X3RtcF85Ng==	X3RtcF85Ng==	X19lY21hLkFycmF5	305	
68719477432	107374182420	X3RtcF85Ng==	X3RtcF85Ng==	X19lY21hLkFycmF5	306	
68719477433	107374182420	X3RtcF85Ng==	X3RtcF85Ng==	X19lY21hLkFycmF5	306	
68719477434	107374182420	X3RtcF85Ng==	X3RtcF85Ng==	X19lY21hLkFycmF5	307	
68719477435	107374182420	X3RtcF85Ng==	X3RtcF85Ng==	X19lY21hLkFycmF5	307	
68719477436	107374182420	X3RtcF85Ng==	X3RtcF85Ng==	X19lY21hLkFycmF5	308	
68719477437	107374182420	X3RtcF85Ng==	X3RtcF85Ng==	X19lY21hLkFycmF5	308	
68719477438	107374182420	X3RtcF85Ng==	X3RtcF85Ng==	X19lY21hLkFycmF5	303	
68719477439	107374182420	X3RtcF85NA==	X3RtcF85NA==	QU5Z	300	94489280772
68719477440	107374182420	X3RtcF85Nw==	X3RtcF85Nw==	QU5Z	312	
68719477441	107374182420	YXJ0aWNsZQ==	YXJ0aWNsZQ==	Y3R4OnJlcXVlc3Q6PHJldHVyblZhbHVlPjo8bWVtYmVyPihyZXF1ZXN0KTo8bWVtYmVyPihib2R5KTo8bWVtYmVyPihhcnRpY2xlKQ==	312	94489280624
68719477442	107374182420	X3RtcF85Nw==	X3RtcF85Nw==	QU5Z	312	
68719477443	107374182420	ZmllbGRz	ZmllbGRz	QU5Z	315	94489280768
68719477444	107374182420	ZmllbGRz	ZmllbGRz	QU5Z	315	94489280768
68719477445	107374182420	X3RtcF85OA==	X3RtcF85OA==	QU5Z	316	94489280770
68719477446	107374182420	X3RtcF85OQ==	X3RtcF85OQ==	Y29udHJvbGxlcnMvYXJ0aWNsZXMtY29udHJvbGxlci5qczo6cHJvZ3JhbTpkYjo8cmV0dXJuVmFsdWU+	316	94489280771
68719477447	107374182420	ZGI=	ZGI=	QU5Z	316	94489280751
68719477448	107374182420	dGhpcw==	dGhpcw==	Y29udHJvbGxlcnMvYXJ0aWNsZXMtY29udHJvbGxlci5qczo6cHJvZ3JhbQ==	316	111669149737
68719477449	107374182420	X3RtcF85OQ==	X3RtcF85OQ==	Y29udHJvbGxlcnMvYXJ0aWNsZXMtY29udHJvbGxlci5qczo6cHJvZ3JhbTpkYjo8cmV0dXJuVmFsdWU+	316	94489280771
68719477450	107374182420	X3RtcF85OA==	X3RtcF85OA==	QU5Z	316	94489280770
68719477451	107374182420	X3RtcF8xMDA=	X3RtcF8xMDA=	QU5Z	318	
68719477452	107374182420	YXJ0aWNsZQ==	YXJ0aWNsZQ==	Y3R4OnJlcXVlc3Q6PHJldHVyblZhbHVlPjo8bWVtYmVyPihyZXF1ZXN0KTo8bWVtYmVyPihib2R5KTo8bWVtYmVyPihhcnRpY2xlKQ==	318	94489280624
68719477453	107374182420	X3RtcF8xMDA=	X3RtcF8xMDA=	QU5Z	318	
68719477454	107374182420	ZmllbGRz	ZmllbGRz	QU5Z	321	94489280768
68719477455	107374182420	ZmllbGRz	ZmllbGRz	QU5Z	321	94489280768
68719477456	107374182420	Xw==	Xw==	bG9kYXNo	323	94489280769
68719477457	107374182420	Xw==	Xw==	bG9kYXNo	323	94489280769
68719477458	107374182420	YXJ0aWNsZQ==	YXJ0aWNsZQ==	Y3R4OnJlcXVlc3Q6PHJldHVyblZhbHVlPjo8bWVtYmVyPihyZXF1ZXN0KTo8bWVtYmVyPihib2R5KTo8bWVtYmVyPihhcnRpY2xlKQ==	323	94489280624
68719477459	107374182420	Xw==	Xw==	bG9kYXNo	324	94489280769
68719477460	107374182420	Xw==	Xw==	bG9kYXNo	324	94489280769
68719477461	107374182420	ZmllbGRz	ZmllbGRz	QU5Z	324	94489280768
68719477462	107374182420	X3RtcF8xMDE=	X3RtcF8xMDE=	QU5Z	326	94489280766
68719477463	107374182420	X3RtcF8xMDI=	X3RtcF8xMDI=	Y29udHJvbGxlcnMvYXJ0aWNsZXMtY29udHJvbGxlci5qczo6cHJvZ3JhbTpkYjo8cmV0dXJuVmFsdWU+	326	94489280767
68719477464	107374182420	ZGI=	ZGI=	QU5Z	326	94489280751
68719477465	107374182420	dGhpcw==	dGhpcw==	Y29udHJvbGxlcnMvYXJ0aWNsZXMtY29udHJvbGxlci5qczo6cHJvZ3JhbQ==	326	111669149737
68719477466	107374182420	X3RtcF8xMDI=	X3RtcF8xMDI=	Y29udHJvbGxlcnMvYXJ0aWNsZXMtY29udHJvbGxlci5qczo6cHJvZ3JhbTpkYjo8cmV0dXJuVmFsdWU+	326	94489280767
68719477467	107374182420	X3RtcF8xMDE=	X3RtcF8xMDE=	QU5Z	326	94489280766
68719477468	107374182420	X3RtcF8xMDM=	X3RtcF8xMDM=	QU5Z	328	
68719477469	107374182420	YXJ0aWNsZQ==	YXJ0aWNsZQ==	Y3R4OnJlcXVlc3Q6PHJldHVyblZhbHVlPjo8bWVtYmVyPihyZXF1ZXN0KTo8bWVtYmVyPihib2R5KTo8bWVtYmVyPihhcnRpY2xlKQ==	328	94489280624
68719477470	107374182420	X3RtcF8xMDM=	X3RtcF8xMDM=	QU5Z	328	
68719477471	107374182420	dGFncw==	dGFncw==	X19lY21hLkFycmF5	330	94489280645
68719477472	107374182420	X3RtcF8xMDQ=	X3RtcF8xMDQ=	X19lY21hLkFycmF5Om1hcDo8cmV0dXJuVmFsdWU+	331	94489280763
68719477473	107374182420	X3RtcF8xMDU=	X3RtcF8xMDU=	X19lY21hLkFycmF5	331	94489280765
68719477474	107374182420	bmV3QXJ0aWNsZQ==	bmV3QXJ0aWNsZQ==	T2JqZWN0LmFzc2lnbjo8cmV0dXJuVmFsdWU+	331	94489280635
68719477475	107374182420	X3RtcF8xMDU=	X3RtcF8xMDU=	X19lY21hLkFycmF5	331	94489280765
68719477476	107374182420	X3RtcF8xMDQ=	X3RtcF8xMDQ=	X19lY21hLkFycmF5Om1hcDo8cmV0dXJuVmFsdWU+	331	94489280763
68719477477	107374182420	aQ==	aQ==	X19lY21hLk51bWJlcg==	336	94489280647
68719477478	107374182420	aQ==	aQ==	X19lY21hLk51bWJlcg==	336	94489280647
68719477479	107374182420	dGFncw==	dGFncw==	X19lY21hLkFycmF5	336	94489280645
68719477480	107374182420	aQ==	aQ==	X19lY21hLk51bWJlcg==	336	94489280647
68719477481	107374182420	X3RtcF8xMDg=	X3RtcF8xMDg=	Y29udHJvbGxlcnMvYXJ0aWNsZXMtY29udHJvbGxlci5qczo6cHJvZ3JhbTpkYjo8cmV0dXJuVmFsdWU+	338	94489280759
68719477482	107374182420	ZGI=	ZGI=	QU5Z	338	94489280751
68719477483	107374182420	dGhpcw==	dGhpcw==	Y29udHJvbGxlcnMvYXJ0aWNsZXMtY29udHJvbGxlci5qczo6cHJvZ3JhbQ==	338	111669149737
68719477484	107374182420	X3RtcF8xMDg=	X3RtcF8xMDg=	Y29udHJvbGxlcnMvYXJ0aWNsZXMtY29udHJvbGxlci5qczo6cHJvZ3JhbTpkYjo8cmV0dXJuVmFsdWU+	338	94489280759
68719477485	107374182420	aHVtcHM=	aHVtcHM=	aHVtcHM=	338	94489280758
68719477486	107374182420	aHVtcHM=	aHVtcHM=	aHVtcHM=	338	94489280758
68719477487	107374182420	dGFncw==	dGFncw==	X19lY21hLkFycmF5	338	94489280645
68719477488	107374182420	aQ==	aQ==	X19lY21hLk51bWJlcg==	338	94489280647
68719477489	107374182420	ZXJy	ZXJy	QU5Z	339	94489280757
68719477490	107374182420	Y3R4	Y3R4	QU5Z	340	111669149738
68719477491	107374182420	Y3R4	Y3R4	QU5Z	340	111669149738
68719477492	107374182420	ZXJy	ZXJy	QU5Z	341	94489280757
68719477493	107374182420	ZXJy	ZXJy	QU5Z	342	94489280757
68719477494	107374182420	ZXJy	ZXJy	QU5Z	343	94489280757
68719477495	107374182420	dGFncw==	dGFncw==	X19lY21hLkFycmF5	348	94489280645
68719477496	107374182420	X3RtcF8xMDk=	X3RtcF8xMDk=	QU5Z	348	94489280755
68719477497	107374182420	X3RtcF8xMTA=	X3RtcF8xMTA=	Y29udHJvbGxlcnMvYXJ0aWNsZXMtY29udHJvbGxlci5qczo6cHJvZ3JhbTpkYjo8cmV0dXJuVmFsdWU+	348	94489280756
68719477498	107374182420	ZGI=	ZGI=	QU5Z	348	94489280751
68719477499	107374182420	dGhpcw==	dGhpcw==	Y29udHJvbGxlcnMvYXJ0aWNsZXMtY29udHJvbGxlci5qczo6cHJvZ3JhbQ==	348	111669149737
68719477500	107374182420	X3RtcF8xMTA=	X3RtcF8xMTA=	Y29udHJvbGxlcnMvYXJ0aWNsZXMtY29udHJvbGxlci5qczo6cHJvZ3JhbTpkYjo8cmV0dXJuVmFsdWU+	348	94489280756
68719477501	107374182420	X3RtcF8xMDk=	X3RtcF8xMDk=	QU5Z	348	94489280755
68719477502	107374182420	dGFncw==	dGFncw==	X19lY21hLkFycmF5	350	94489280645
68719477503	107374182420	dGFncw==	dGFncw==	X19lY21hLkFycmF5	350	94489280645
68719477504	107374182420	cmVsYXRpb25z	cmVsYXRpb25z	X19lY21hLkFycmF5	352	94489280648
68719477505	107374182420	dGFncw==	dGFncw==	X19lY21hLkFycmF5	352	94489280645
68719477506	107374182420	dGFncw==	dGFncw==	X19lY21hLkFycmF5	352	94489280645
68719477507	107374182420	X3RtcF8xMTI=	X3RtcF8xMTI=	Y29udHJvbGxlcnMvYXJ0aWNsZXMtY29udHJvbGxlci5qczo6cHJvZ3JhbTpkYjo8cmV0dXJuVmFsdWU+	358	94489280750
68719477508	107374182420	ZGI=	ZGI=	QU5Z	358	94489280751
68719477509	107374182420	dGhpcw==	dGhpcw==	Y29udHJvbGxlcnMvYXJ0aWNsZXMtY29udHJvbGxlci5qczo6cHJvZ3JhbQ==	358	111669149737
68719477510	107374182420	X3RtcF8xMTI=	X3RtcF8xMTI=	Y29udHJvbGxlcnMvYXJ0aWNsZXMtY29udHJvbGxlci5qczo6cHJvZ3JhbTpkYjo8cmV0dXJuVmFsdWU+	358	94489280750
68719477511	107374182420	cmVsYXRpb25z	cmVsYXRpb25z	X19lY21hLkFycmF5	358	94489280648
68719477512	107374182420	bmV3QXJ0aWNsZQ==	bmV3QXJ0aWNsZQ==	T2JqZWN0LmFzc2lnbjo8cmV0dXJuVmFsdWU+	362	94489280635
68719477513	107374182420	Y3R4	Y3R4	QU5Z	362	111669149738
68719477514	107374182420	bmV3QXJ0aWNsZQ==	bmV3QXJ0aWNsZQ==	T2JqZWN0LmFzc2lnbjo8cmV0dXJuVmFsdWU+	363	94489280635
68719477515	107374182420	YXJ0aWNsZQ==	YXJ0aWNsZQ==	Y3R4OnJlcXVlc3Q6PHJldHVyblZhbHVlPjo8bWVtYmVyPihyZXF1ZXN0KTo8bWVtYmVyPihib2R5KTo8bWVtYmVyPihhcnRpY2xlKQ==	363	94489280624
68719477516	107374182420	Y3R4	Y3R4	QU5Z	364	111669149738
68719477517	107374182420	X3RtcF8xMTM=	X3RtcF8xMTM=	QU5Z	364	
68719477518	107374182420	bmV3QXJ0aWNsZQ==	bmV3QXJ0aWNsZQ==	T2JqZWN0LmFzc2lnbjo8cmV0dXJuVmFsdWU+	364	94489280635
68719477519	107374182420	X3RtcF8xMTM=	X3RtcF8xMTM=	QU5Z	364	
68719477303	107374182421	X3RtcF8xMDc=	X3RtcF8xMDc=	Y3R4OnF1ZXJ5OjxyZXR1cm5WYWx1ZT46PG1lbWJlcj4ocXVlcnkpOjxtZW1iZXI+KHRhZyk=	333	94489280761
68719477304	107374182421	Y3R4	Y3R4	QU5Z	333	94489280762
68719477305	107374182421	X3RtcF8xMDc=	X3RtcF8xMDc=	Y3R4OnF1ZXJ5OjxyZXR1cm5WYWx1ZT46PG1lbWJlcj4ocXVlcnkpOjxtZW1iZXI+KHRhZyk=	333	94489280761
68719477306	107374182421	dA==	dA==	QU5Z	333	111669149732
68719477307	107374182421	b3B0cw==	b3B0cw==	eyBhYm9ydEVhcmx5OiBfX2VjbWEuQm9vbGVhbjsgfQ==	333	94489280760
68719477308	107374182422	dA==	dA==	QU5Z	350	111669149734
68719477309	107374182423	X3RtcF8xMTE=	X3RtcF8xMTE=	QU5Z	353	
68719477310	107374182423	dXVpZA==	dXVpZA==	dXVpZA==	353	94489280753
68719477311	107374182423	dGhpcw==	dGhpcw==	Y29udHJvbGxlcnMvYXJ0aWNsZXMtY29udHJvbGxlci5qczo6cHJvZ3JhbQ==	353	111669149735
68719477312	107374182423	X3RtcF8xMTE=	X3RtcF8xMTE=	QU5Z	354	
68719477313	107374182423	dA==	dA==	QU5Z	354	111669149736
68719477314	107374182423	X3RtcF8xMTE=	X3RtcF8xMTE=	QU5Z	355	
68719477315	107374182423	YXJ0aWNsZQ==	YXJ0aWNsZQ==	Y3R4OnJlcXVlc3Q6PHJldHVyblZhbHVlPjo8bWVtYmVyPihyZXF1ZXN0KTo8bWVtYmVyPihib2R5KTo8bWVtYmVyPihhcnRpY2xlKQ==	355	94489280752
68719477316	107374182423	X3RtcF8xMTE=	X3RtcF8xMTE=	QU5Z	352	
68719477520	107374182424	X3RtcF8xMTQ=	X3RtcF8xMTQ=	Y3R4OnBhcmFtczo8cmV0dXJuVmFsdWU+OjxtZW1iZXI+KHBhcmFtcyk=	368	94489280652
68719477521	107374182424	Y3R4	Y3R4	QU5Z	368	111669149740
68719477522	107374182424	YXJ0aWNsZQ==	YXJ0aWNsZQ==	Y3R4OnJlcXVlc3Q6PHJldHVyblZhbHVlPjo8bWVtYmVyPihyZXF1ZXN0KTo8bWVtYmVyPihib2R5KTo8bWVtYmVyPihhcnRpY2xlKQ==	368	94489280653
68719477523	107374182424	X3RtcF8xMTQ=	X3RtcF8xMTQ=	Y3R4OnBhcmFtczo8cmV0dXJuVmFsdWU+OjxtZW1iZXI+KHBhcmFtcyk=	368	
68719477524	107374182424	X3RtcF8xMTQ=	X3RtcF8xMTQ=	Y3R4OnBhcmFtczo8cmV0dXJuVmFsdWU+OjxtZW1iZXI+KHBhcmFtcyk=	368	
68719477525	107374182424	Y3R4	Y3R4	QU5Z	370	111669149740
68719477526	107374182424	Y3R4	Y3R4	QU5Z	370	111669149740
68719477527	107374182424	YXJ0aWNsZQ==	YXJ0aWNsZQ==	Y3R4OnJlcXVlc3Q6PHJldHVyblZhbHVlPjo8bWVtYmVyPihyZXF1ZXN0KTo8bWVtYmVyPihib2R5KTo8bWVtYmVyPihhcnRpY2xlKQ==	371	94489280653
68719477528	107374182424	Y3R4	Y3R4	QU5Z	371	111669149740
68719477529	107374182424	X3RtcF8xMTU=	X3RtcF8xMTU=	X3RtcF8wOlZhbGlkYXRpb25FcnJvcjo8cmV0dXJuVmFsdWU+OjxtZW1iZXI+KFZhbGlkYXRpb25FcnJvcik=	373	94489280749
68719477530	107374182424	VmFsaWRhdGlvbkVycm9y	VmFsaWRhdGlvbkVycm9y	X3RtcF8wOlZhbGlkYXRpb25FcnJvcjo8cmV0dXJuVmFsdWU+OjxtZW1iZXI+KFZhbGlkYXRpb25FcnJvcik=	373	94489280748
68719477531	107374182424	X3RtcF8xMTU=	X3RtcF8xMTU=	X3RtcF8wOlZhbGlkYXRpb25FcnJvcjo8cmV0dXJuVmFsdWU+OjxtZW1iZXI+KFZhbGlkYXRpb25FcnJvcik=	373	
68719477532	107374182424	X3RtcF8xMTY=	X3RtcF8xMTY=	X19lY21hLkFycmF5	373	94489280747
68719477533	107374182424	X3RtcF8xMTY=	X3RtcF8xMTY=	X19lY21hLkFycmF5	373	
68719477534	107374182424	X3RtcF8xMTY=	X3RtcF8xMTY=	X19lY21hLkFycmF5	373	
68719477535	107374182424	X3RtcF8xMTY=	X3RtcF8xMTY=	X19lY21hLkFycmF5	373	
68719477536	107374182424	X3RtcF8xMTU=	X3RtcF8xMTU=	X3RtcF8wOlZhbGlkYXRpb25FcnJvcjo8cmV0dXJuVmFsdWU+OjxtZW1iZXI+KFZhbGlkYXRpb25FcnJvcik=	373	
68719477537	107374182424	X3RtcF8xMTc=	X3RtcF8xMTc=	X19lY21hLkFycmF5	376	94489280746
68719477538	107374182424	X3RtcF8xMTc=	X3RtcF8xMTc=	X19lY21hLkFycmF5	377	
68719477539	107374182424	X3RtcF8xMTc=	X3RtcF8xMTc=	X19lY21hLkFycmF5	377	
68719477540	107374182424	X3RtcF8xMTg=	X3RtcF8xMTg=	QU5Z	377	94489280744
68719477541	107374182424	X3RtcF8xMTk=	X3RtcF8xMTk=	Y29udHJvbGxlcnMvYXJ0aWNsZXMtY29udHJvbGxlci5qczo6cHJvZ3JhbTpkYjo8cmV0dXJuVmFsdWU+	377	94489280745
68719477542	107374182424	ZGI=	ZGI=	QU5Z	377	94489280741
68719477543	107374182424	dGhpcw==	dGhpcw==	Y29udHJvbGxlcnMvYXJ0aWNsZXMtY29udHJvbGxlci5qczo6cHJvZ3JhbQ==	377	111669149739
68719477544	107374182424	X3RtcF8xMTk=	X3RtcF8xMTk=	Y29udHJvbGxlcnMvYXJ0aWNsZXMtY29udHJvbGxlci5qczo6cHJvZ3JhbTpkYjo8cmV0dXJuVmFsdWU+	377	94489280745
68719477545	107374182424	X3RtcF8xMTg=	X3RtcF8xMTg=	QU5Z	377	94489280744
68719477546	107374182424	X3RtcF8xMjA=	X3RtcF8xMjA=	QU5Z	379	
68719477547	107374182424	Y3R4	Y3R4	QU5Z	379	111669149740
68719477548	107374182424	X3RtcF8xMjA=	X3RtcF8xMjA=	QU5Z	379	
68719477549	107374182424	YXJ0aWNsZQ==	YXJ0aWNsZQ==	Y3R4OnJlcXVlc3Q6PHJldHVyblZhbHVlPjo8bWVtYmVyPihyZXF1ZXN0KTo8bWVtYmVyPihib2R5KTo8bWVtYmVyPihhcnRpY2xlKQ==	379	94489280653
68719477550	107374182424	X3RtcF8xMjA=	X3RtcF8xMjA=	QU5Z	379	
68719477551	107374182424	X3RtcF8xMTc=	X3RtcF8xMTc=	X19lY21hLkFycmF5	381	
68719477552	107374182424	X3RtcF8xMTc=	X3RtcF8xMTc=	X19lY21hLkFycmF5	381	
68719477553	107374182424	X3RtcF8xMjE=	X3RtcF8xMjE=	QU5Z	381	94489280742
68719477554	107374182424	X3RtcF8xMjI=	X3RtcF8xMjI=	Y29udHJvbGxlcnMvYXJ0aWNsZXMtY29udHJvbGxlci5qczo6cHJvZ3JhbTpkYjo8cmV0dXJuVmFsdWU+	381	94489280743
68719477555	107374182424	ZGI=	ZGI=	QU5Z	381	94489280741
68719477556	107374182424	dGhpcw==	dGhpcw==	Y29udHJvbGxlcnMvYXJ0aWNsZXMtY29udHJvbGxlci5qczo6cHJvZ3JhbQ==	381	111669149739
68719477557	107374182424	X3RtcF8xMjI=	X3RtcF8xMjI=	Y29udHJvbGxlcnMvYXJ0aWNsZXMtY29udHJvbGxlci5qczo6cHJvZ3JhbTpkYjo8cmV0dXJuVmFsdWU+	381	94489280743
68719477558	107374182424	X3RtcF8xMjE=	X3RtcF8xMjE=	QU5Z	381	94489280742
68719477559	107374182424	X3RtcF8xMjM=	X3RtcF8xMjM=	QU5Z	383	
68719477560	107374182424	YXJ0aWNsZQ==	YXJ0aWNsZQ==	Y3R4OnJlcXVlc3Q6PHJldHVyblZhbHVlPjo8bWVtYmVyPihyZXF1ZXN0KTo8bWVtYmVyPihib2R5KTo8bWVtYmVyPihhcnRpY2xlKQ==	383	94489280653
68719477561	107374182424	X3RtcF8xMjM=	X3RtcF8xMjM=	QU5Z	383	
68719477562	107374182424	X3RtcF8xMTc=	X3RtcF8xMTc=	X19lY21hLkFycmF5	385	
68719477563	107374182424	X3RtcF8xMTc=	X3RtcF8xMTc=	X19lY21hLkFycmF5	385	
68719477564	107374182424	X3RtcF8xMjQ=	X3RtcF8xMjQ=	QU5Z	385	94489280739
68719477565	107374182424	X3RtcF8xMjU=	X3RtcF8xMjU=	Y29udHJvbGxlcnMvYXJ0aWNsZXMtY29udHJvbGxlci5qczo6cHJvZ3JhbTpkYjo8cmV0dXJuVmFsdWU+	385	94489280740
68719477566	107374182424	ZGI=	ZGI=	QU5Z	385	94489280741
68719477567	107374182424	dGhpcw==	dGhpcw==	Y29udHJvbGxlcnMvYXJ0aWNsZXMtY29udHJvbGxlci5qczo6cHJvZ3JhbQ==	385	111669149739
68719477568	107374182424	X3RtcF8xMjU=	X3RtcF8xMjU=	Y29udHJvbGxlcnMvYXJ0aWNsZXMtY29udHJvbGxlci5qczo6cHJvZ3JhbTpkYjo8cmV0dXJuVmFsdWU+	385	94489280740
68719477569	107374182424	X3RtcF8xMjQ=	X3RtcF8xMjQ=	QU5Z	385	94489280739
68719477570	107374182424	X3RtcF8xMjY=	X3RtcF8xMjY=	QU5Z	387	
68719477571	107374182424	YXJ0aWNsZQ==	YXJ0aWNsZQ==	Y3R4OnJlcXVlc3Q6PHJldHVyblZhbHVlPjo8bWVtYmVyPihyZXF1ZXN0KTo8bWVtYmVyPihib2R5KTo8bWVtYmVyPihhcnRpY2xlKQ==	387	94489280653
68719477572	107374182424	X3RtcF8xMjY=	X3RtcF8xMjY=	QU5Z	387	
68719477573	107374182424	X3RtcF8xMTc=	X3RtcF8xMTc=	X19lY21hLkFycmF5	376	
68719477574	107374182424	Y3R4	Y3R4	QU5Z	390	111669149740
68719477575	107374182424	X3RtcF8xMjc=	X3RtcF8xMjc=	QU5Z	390	
68719477576	107374182425	X3RtcF8xNDY=	X3RtcF8xNDY=	Y29udHJvbGxlcnMvYXJ0aWNsZXMtY29udHJvbGxlci5qczo6cHJvZ3JhbTpvbjo8cmV0dXJuVmFsdWU+	419	94489280721
68719477577	107374182425	dGhpcw==	dGhpcw==	Y29udHJvbGxlcnMvYXJ0aWNsZXMtY29udHJvbGxlci5qczo6cHJvZ3JhbQ==	419	111669149741
68719477578	107374182425	dGhpcw==	dGhpcw==	Y29udHJvbGxlcnMvYXJ0aWNsZXMtY29udHJvbGxlci5qczo6cHJvZ3JhbQ==	419	111669149741
68719477579	107374182425	X3RtcF8xNDY=	X3RtcF8xNDY=	Y29udHJvbGxlcnMvYXJ0aWNsZXMtY29udHJvbGxlci5qczo6cHJvZ3JhbTpvbjo8cmV0dXJuVmFsdWU+	419	94489280721
68719477580	107374182425	X3RtcF8xNDc=	X3RtcF8xNDc=	X19lY21hLkFycmF5	421	94489280720
68719477581	107374182425	X3RtcF8xNDc=	X3RtcF8xNDc=	X19lY21hLkFycmF5	421	
68719477582	107374182425	X3RtcF8xNDc=	X3RtcF8xNDc=	X19lY21hLkFycmF5	421	
68719477583	107374182425	dXNlcg==	dXNlcg==	Y3R4OnN0YXRlOjxyZXR1cm5WYWx1ZT46PG1lbWJlcj4oc3RhdGUpOjxtZW1iZXI+KHVzZXIp	421	94489280719
68719477584	107374182425	dXNlcg==	dXNlcg==	Y3R4OnN0YXRlOjxyZXR1cm5WYWx1ZT46PG1lbWJlcj4oc3RhdGUpOjxtZW1iZXI+KHVzZXIp	421	94489280719
68719477585	107374182425	X3RtcF8xNDc=	X3RtcF8xNDc=	X19lY21hLkFycmF5	421	
68719477576	107374182426	X3RtcF8xNDY=	X3RtcF8xNDY=	Y29udHJvbGxlcnMvYXJ0aWNsZXMtY29udHJvbGxlci5qczo6cHJvZ3JhbTpvbjo8cmV0dXJuVmFsdWU+	419	94489280721
68719477577	107374182426	dGhpcw==	dGhpcw==	Y29udHJvbGxlcnMvYXJ0aWNsZXMtY29udHJvbGxlci5qczo6cHJvZ3JhbQ==	419	111669149741
68719477578	107374182426	dGhpcw==	dGhpcw==	Y29udHJvbGxlcnMvYXJ0aWNsZXMtY29udHJvbGxlci5qczo6cHJvZ3JhbQ==	419	111669149741
68719477579	107374182426	X3RtcF8xNDY=	X3RtcF8xNDY=	Y29udHJvbGxlcnMvYXJ0aWNsZXMtY29udHJvbGxlci5qczo6cHJvZ3JhbTpvbjo8cmV0dXJuVmFsdWU+	419	94489280721
68719477580	107374182426	X3RtcF8xNDc=	X3RtcF8xNDc=	X19lY21hLkFycmF5	421	94489280720
68719477581	107374182426	X3RtcF8xNDc=	X3RtcF8xNDc=	X19lY21hLkFycmF5	421	
68719477582	107374182426	X3RtcF8xNDc=	X3RtcF8xNDc=	X19lY21hLkFycmF5	421	
68719477583	107374182426	dXNlcg==	dXNlcg==	Y3R4OnN0YXRlOjxyZXR1cm5WYWx1ZT46PG1lbWJlcj4oc3RhdGUpOjxtZW1iZXI+KHVzZXIp	421	94489280719
68719477584	107374182426	dXNlcg==	dXNlcg==	Y3R4OnN0YXRlOjxyZXR1cm5WYWx1ZT46PG1lbWJlcj4oc3RhdGUpOjxtZW1iZXI+KHVzZXIp	421	94489280719
68719477585	107374182426	X3RtcF8xNDc=	X3RtcF8xNDc=	X19lY21hLkFycmF5	421	
68719477586	107374182426	dA==	dA==	QU5Z	434	111669149743
68719477587	107374182426	YQ==	YQ==	QU5Z	433	111669149745
68719477588	107374182426	YQ==	YQ==	QU5Z	433	111669149745
68719477589	107374182426	YQ==	YQ==	QU5Z	434	111669149745
68719477590	107374182426	X3RtcF8xNTM=	X3RtcF8xNTM=	X19lY21hLkFycmF5	434	94489280711
68719477591	107374182426	YQ==	YQ==	QU5Z	434	111669149745
68719477592	107374182426	X3RtcF8xNTM=	X3RtcF8xNTM=	X19lY21hLkFycmF5	434	94489280711
68719477593	107374182426	YQ==	YQ==	QU5Z	435	111669149745
68719477594	107374182426	YQ==	YQ==	QU5Z	436	111669149745
68719477595	107374182426	YQ==	YQ==	QU5Z	437	111669149745
68719477596	107374182426	X3RtcF8xMjk=	X3RtcF8xMjk=	Y3R4OnN0YXRlOjxyZXR1cm5WYWx1ZT46PG1lbWJlcj4oc3RhdGUp	395	94489280663
68719477597	107374182426	Y3R4	Y3R4	QU5Z	395	111669149747
68719477598	107374182426	dXNlcg==	dXNlcg==	Y3R4OnN0YXRlOjxyZXR1cm5WYWx1ZT46PG1lbWJlcj4oc3RhdGUpOjxtZW1iZXI+KHVzZXIp	395	94489280664
68719477599	107374182426	X3RtcF8xMjk=	X3RtcF8xMjk=	Y3R4OnN0YXRlOjxyZXR1cm5WYWx1ZT46PG1lbWJlcj4oc3RhdGUp	395	
68719477600	107374182426	X3RtcF8xMjk=	X3RtcF8xMjk=	Y3R4OnN0YXRlOjxyZXR1cm5WYWx1ZT46PG1lbWJlcj4oc3RhdGUp	395	
68719477601	107374182426	X3RtcF8xMzA=	X3RtcF8xMzA=	Y3R4OnF1ZXJ5OjxyZXR1cm5WYWx1ZT46PG1lbWJlcj4ocXVlcnkp	396	94489280666
68719477602	107374182426	Y3R4	Y3R4	QU5Z	396	111669149747
68719477603	107374182426	b2Zmc2V0	b2Zmc2V0	Y3R4OnF1ZXJ5OjxyZXR1cm5WYWx1ZT46PG1lbWJlcj4ocXVlcnkpOjxtZW1iZXI+KG9mZnNldCk=	396	94489280667
68719477604	107374182426	X3RtcF8xMzA=	X3RtcF8xMzA=	Y3R4OnF1ZXJ5OjxyZXR1cm5WYWx1ZT46PG1lbWJlcj4ocXVlcnkp	396	
68719477605	107374182426	bGltaXQ=	bGltaXQ=	Y3R4OnF1ZXJ5OjxyZXR1cm5WYWx1ZT46PG1lbWJlcj4ocXVlcnkpOjxtZW1iZXI+KGxpbWl0KQ==	396	94489280668
68719477606	107374182426	X3RtcF8xMzA=	X3RtcF8xMzA=	Y3R4OnF1ZXJ5OjxyZXR1cm5WYWx1ZT46PG1lbWJlcj4ocXVlcnkp	396	
68719477607	107374182426	X3RtcF8xMzA=	X3RtcF8xMzA=	Y3R4OnF1ZXJ5OjxyZXR1cm5WYWx1ZT46PG1lbWJlcj4ocXVlcnkp	396	
68719477608	107374182426	Zm9sbG93ZWRRdWVyeQ==	Zm9sbG93ZWRRdWVyeQ==	QU5Z	398	94489280669
68719477609	107374182426	X3RtcF8xMzE=	X3RtcF8xMzE=	QU5Z	398	94489280737
68719477610	107374182426	X3RtcF8xMzI=	X3RtcF8xMzI=	Y29udHJvbGxlcnMvYXJ0aWNsZXMtY29udHJvbGxlci5qczo6cHJvZ3JhbTpkYjo8cmV0dXJuVmFsdWU+	398	94489280738
68719477611	107374182426	ZGI=	ZGI=	QU5Z	398	94489280718
68719477612	107374182426	dGhpcw==	dGhpcw==	Y29udHJvbGxlcnMvYXJ0aWNsZXMtY29udHJvbGxlci5qczo6cHJvZ3JhbQ==	398	111669149746
68719477613	107374182426	X3RtcF8xMzI=	X3RtcF8xMzI=	Y29udHJvbGxlcnMvYXJ0aWNsZXMtY29udHJvbGxlci5qczo6cHJvZ3JhbTpkYjo8cmV0dXJuVmFsdWU+	398	94489280738
68719477614	107374182426	X3RtcF8xMzE=	X3RtcF8xMzE=	QU5Z	398	94489280737
68719477615	107374182426	X3RtcF8xMzM=	X3RtcF8xMzM=	QU5Z	400	
68719477616	107374182426	dXNlcg==	dXNlcg==	Y3R4OnN0YXRlOjxyZXR1cm5WYWx1ZT46PG1lbWJlcj4oc3RhdGUpOjxtZW1iZXI+KHVzZXIp	400	94489280664
68719477617	107374182426	X3RtcF8xMzM=	X3RtcF8xMzM=	QU5Z	400	
68719477618	107374182426	X3RtcF8xNTA=	X3RtcF8xNTA=	QU5Z	402	94489280676
68719477619	107374182426	X3RtcF8xMzQ=	X3RtcF8xMzQ=	X19lY21hLkFycmF5	402	94489280736
68719477620	107374182426	X3RtcF8xMzQ=	X3RtcF8xMzQ=	X19lY21hLkFycmF5	403	
68719477621	107374182426	X3RtcF8xMzQ=	X3RtcF8xMzQ=	X19lY21hLkFycmF5	403	
68719477622	107374182426	X3RtcF8xMzU=	X3RtcF8xMzU=	QU5Z	403	94489280722
68719477623	107374182426	X3RtcF8xMzY=	X3RtcF8xMzY=	QU5Z	403	94489280723
68719477624	107374182426	X3RtcF8xMzc=	X3RtcF8xMzc=	QU5Z	403	94489280724
68719477625	107374182426	X3RtcF8xMzg=	X3RtcF8xMzg=	QU5Z	403	94489280725
68719477626	107374182426	X3RtcF8xMzk=	X3RtcF8xMzk=	QU5Z	403	94489280726
68719477627	107374182426	X3RtcF8xNDA=	X3RtcF8xNDA=	QU5Z	403	94489280727
68719477628	107374182426	X3RtcF8xNDE=	X3RtcF8xNDE=	QU5Z	403	94489280728
68719477629	107374182426	X3RtcF8xNDI=	X3RtcF8xNDI=	QU5Z	403	94489280729
68719477630	107374182426	X3RtcF8xNDM=	X3RtcF8xNDM=	Y29udHJvbGxlcnMvYXJ0aWNsZXMtY29udHJvbGxlci5qczo6cHJvZ3JhbTpkYjo8cmV0dXJuVmFsdWU+	403	94489280735
68719477631	107374182426	ZGI=	ZGI=	QU5Z	403	94489280718
68719477632	107374182426	dGhpcw==	dGhpcw==	Y29udHJvbGxlcnMvYXJ0aWNsZXMtY29udHJvbGxlci5qczo6cHJvZ3JhbQ==	403	111669149746
68719477633	107374182426	X3RtcF8xNDM=	X3RtcF8xNDM=	Y29udHJvbGxlcnMvYXJ0aWNsZXMtY29udHJvbGxlci5qczo6cHJvZ3JhbTpkYjo8cmV0dXJuVmFsdWU+	403	94489280735
68719477634	107374182426	Z2V0U2VsZWN0	Z2V0U2VsZWN0	KHRhYmxlOiBBTlksIHByZWZpeDogQU5ZLCBmaWVsZHM6IEFOWSkgPT4gQU5Z	405	94489280731
68719477635	107374182426	dGhpcw==	dGhpcw==	Y29udHJvbGxlcnMvYXJ0aWNsZXMtY29udHJvbGxlci5qczo6cHJvZ3JhbQ==	405	111669149746
68719477636	107374182426	YXJ0aWNsZUZpZWxkcw==	YXJ0aWNsZUZpZWxkcw==	X19lY21hLkFycmF5	405	94489280734
68719477637	107374182426	Z2V0U2VsZWN0	Z2V0U2VsZWN0	KHRhYmxlOiBBTlksIHByZWZpeDogQU5ZLCBmaWVsZHM6IEFOWSkgPT4gQU5Z	406	94489280731
68719477638	107374182426	dGhpcw==	dGhpcw==	Y29udHJvbGxlcnMvYXJ0aWNsZXMtY29udHJvbGxlci5qczo6cHJvZ3JhbQ==	406	111669149746
68719477639	107374182426	dXNlckZpZWxkcw==	dXNlckZpZWxkcw==	X19lY21hLkFycmF5	406	94489280733
68719477640	107374182426	Z2V0U2VsZWN0	Z2V0U2VsZWN0	KHRhYmxlOiBBTlksIHByZWZpeDogQU5ZLCBmaWVsZHM6IEFOWSkgPT4gQU5Z	407	94489280731
68719477641	107374182426	dGhpcw==	dGhpcw==	Y29udHJvbGxlcnMvYXJ0aWNsZXMtY29udHJvbGxlci5qczo6cHJvZ3JhbQ==	407	111669149746
68719477642	107374182426	X3RtcF8xNDQ=	X3RtcF8xNDQ=	X19lY21hLkFycmF5	407	94489280732
68719477643	107374182426	X3RtcF8xNDQ=	X3RtcF8xNDQ=	X19lY21hLkFycmF5	407	
68719477644	107374182426	X3RtcF8xNDQ=	X3RtcF8xNDQ=	X19lY21hLkFycmF5	407	
68719477645	107374182426	X3RtcF8xNDQ=	X3RtcF8xNDQ=	X19lY21hLkFycmF5	407	
68719477646	107374182426	Z2V0U2VsZWN0	Z2V0U2VsZWN0	KHRhYmxlOiBBTlksIHByZWZpeDogQU5ZLCBmaWVsZHM6IEFOWSkgPT4gQU5Z	408	94489280731
68719477647	107374182426	dGhpcw==	dGhpcw==	Y29udHJvbGxlcnMvYXJ0aWNsZXMtY29udHJvbGxlci5qczo6cHJvZ3JhbQ==	408	111669149746
68719477648	107374182426	X3RtcF8xNDU=	X3RtcF8xNDU=	X19lY21hLkFycmF5	408	94489280730
68719477649	107374182426	X3RtcF8xNDU=	X3RtcF8xNDU=	X19lY21hLkFycmF5	408	
68719477650	107374182426	X3RtcF8xNDU=	X3RtcF8xNDU=	X19lY21hLkFycmF5	408	
68719477651	107374182426	X3RtcF8xNDU=	X3RtcF8xNDU=	X19lY21hLkFycmF5	408	
68719477652	107374182426	X3RtcF8xNDU=	X3RtcF8xNDU=	X19lY21hLkFycmF5	408	
68719477653	107374182426	X3RtcF8xNDU=	X3RtcF8xNDU=	X19lY21hLkFycmF5	408	
68719477654	107374182426	X3RtcF8xNDI=	X3RtcF8xNDI=	QU5Z	403	94489280729
68719477655	107374182426	Zm9sbG93ZWRRdWVyeQ==	Zm9sbG93ZWRRdWVyeQ==	QU5Z	411	94489280669
68719477656	107374182426	X3RtcF8xNDE=	X3RtcF8xNDE=	QU5Z	403	94489280728
68719477657	107374182426	bGltaXQ=	bGltaXQ=	Y3R4OnF1ZXJ5OjxyZXR1cm5WYWx1ZT46PG1lbWJlcj4ocXVlcnkpOjxtZW1iZXI+KGxpbWl0KQ==	412	94489280668
68719477658	107374182426	X3RtcF8xNDA=	X3RtcF8xNDA=	QU5Z	403	94489280727
68719477659	107374182426	b2Zmc2V0	b2Zmc2V0	Y3R4OnF1ZXJ5OjxyZXR1cm5WYWx1ZT46PG1lbWJlcj4ocXVlcnkpOjxtZW1iZXI+KG9mZnNldCk=	413	94489280667
68719477660	107374182426	X3RtcF8xMzk=	X3RtcF8xMzk=	QU5Z	403	94489280726
68719477661	107374182426	X3RtcF8xMzg=	X3RtcF8xMzg=	QU5Z	403	94489280725
68719477662	107374182426	X3RtcF8xMzc=	X3RtcF8xMzc=	QU5Z	403	94489280724
68719477663	107374182426	X3RtcF8xMzY=	X3RtcF8xMzY=	QU5Z	403	94489280723
68719477664	107374182426	X3RtcF8xMzU=	X3RtcF8xMzU=	QU5Z	403	94489280722
68719477665	107374182426	X3RtcF8xMzQ=	X3RtcF8xMzQ=	X19lY21hLkFycmF5	425	
68719477666	107374182426	X3RtcF8xMzQ=	X3RtcF8xMzQ=	X19lY21hLkFycmF5	425	
68719477667	107374182426	X3RtcF8xNDg=	X3RtcF8xNDg=	QU5Z	425	94489280716
68719477668	107374182426	X3RtcF8xNDk=	X3RtcF8xNDk=	Y29udHJvbGxlcnMvYXJ0aWNsZXMtY29udHJvbGxlci5qczo6cHJvZ3JhbTpkYjo8cmV0dXJuVmFsdWU+	425	94489280717
68719477669	107374182426	ZGI=	ZGI=	QU5Z	425	94489280718
68719477670	107374182426	dGhpcw==	dGhpcw==	Y29udHJvbGxlcnMvYXJ0aWNsZXMtY29udHJvbGxlci5qczo6cHJvZ3JhbQ==	425	111669149746
68719477671	107374182426	X3RtcF8xNDk=	X3RtcF8xNDk=	Y29udHJvbGxlcnMvYXJ0aWNsZXMtY29udHJvbGxlci5qczo6cHJvZ3JhbTpkYjo8cmV0dXJuVmFsdWU+	425	94489280717
68719477672	107374182426	X3RtcF8xNDg=	X3RtcF8xNDg=	QU5Z	425	94489280716
68719477673	107374182426	Zm9sbG93ZWRRdWVyeQ==	Zm9sbG93ZWRRdWVyeQ==	QU5Z	427	94489280669
68719477674	107374182426	X3RtcF8xMzQ=	X3RtcF8xMzQ=	X19lY21hLkFycmF5	402	
68719477675	107374182426	YXJ0aWNsZXM=	YXJ0aWNsZXM=	QU5Z	402	94489280677
68719477676	107374182426	X3RtcF8xNTA=	X3RtcF8xNTA=	QU5Z	402	
68719477677	107374182426	X3RtcF8xNTE=	X3RtcF8xNTE=	X19lY21hLkFycmF5	402	94489280715
68719477678	107374182426	X3RtcF8xNTE=	X3RtcF8xNTE=	X19lY21hLkFycmF5	402	
68719477679	107374182426	X3RtcF8xNTE=	X3RtcF8xNTE=	X19lY21hLkFycmF5	402	
68719477680	107374182426	Y291bnRSZXM=	Y291bnRSZXM=	QU5Z	402	94489280710
68719477681	107374182426	X3RtcF8xNTE=	X3RtcF8xNTE=	X19lY21hLkFycmF5	402	
68719477682	107374182426	X3RtcF8xNTA=	X3RtcF8xNTA=	QU5Z	402	
68719477683	107374182426	YXJ0aWNsZXM=	YXJ0aWNsZXM=	QU5Z	430	94489280677
68719477684	107374182426	X3RtcF8xNTI=	X3RtcF8xNTI=	am9pbi1qczptYXA6PHJldHVyblZhbHVlPg==	430	94489280712
68719477685	107374182426	am9pbkpz	am9pbkpz	am9pbi1qcw==	430	94489280714
68719477686	107374182426	am9pbkpz	am9pbkpz	am9pbi1qcw==	430	94489280714
68719477687	107374182426	YXJ0aWNsZXM=	YXJ0aWNsZXM=	QU5Z	431	94489280677
68719477688	107374182426	cmVsYXRpb25zTWFwcw==	cmVsYXRpb25zTWFwcw==	X19lY21hLkFycmF5	431	94489280713
68719477689	107374182426	X3RtcF8xNTI=	X3RtcF8xNTI=	am9pbi1qczptYXA6PHJldHVyblZhbHVlPg==	430	94489280712
68719477690	107374182426	YXJ0aWNsZXNDb3VudA==	YXJ0aWNsZXNDb3VudA==	TnVtYmVyOjxyZXR1cm5WYWx1ZT4=	440	94489280679
68719477691	107374182426	Y291bnRSZXM=	Y291bnRSZXM=	QU5Z	440	94489280710
68719477692	107374182426	Y291bnRSZXM=	Y291bnRSZXM=	QU5Z	440	94489280710
68719477693	107374182426	YXJ0aWNsZXNDb3VudA==	YXJ0aWNsZXNDb3VudA==	TnVtYmVyOjxyZXR1cm5WYWx1ZT4=	441	94489280679
68719477694	107374182426	YXJ0aWNsZXNDb3VudA==	YXJ0aWNsZXNDb3VudA==	TnVtYmVyOjxyZXR1cm5WYWx1ZT4=	441	94489280679
68719477695	107374182426	Y3R4	Y3R4	QU5Z	443	111669149747
68719477696	107374182426	X3RtcF8xNTQ=	X3RtcF8xNTQ=	QU5Z	443	
68719477697	107374182426	YXJ0aWNsZXM=	YXJ0aWNsZXM=	QU5Z	443	94489280677
68719477698	107374182426	X3RtcF8xNTQ=	X3RtcF8xNTQ=	QU5Z	443	
68719477699	107374182426	YXJ0aWNsZXNDb3VudA==	YXJ0aWNsZXNDb3VudA==	TnVtYmVyOjxyZXR1cm5WYWx1ZT4=	443	94489280679
68719477700	107374182426	X3RtcF8xNTQ=	X3RtcF8xNTQ=	QU5Z	443	
68719477586	107374182427	dA==	dA==	QU5Z	434	111669149743
68719477586	107374182428	dA==	dA==	QU5Z	434	111669149743
68719477587	107374182428	YQ==	YQ==	QU5Z	433	111669149745
68719477588	107374182428	YQ==	YQ==	QU5Z	433	111669149745
68719477589	107374182428	YQ==	YQ==	QU5Z	434	111669149745
68719477590	107374182428	X3RtcF8xNTM=	X3RtcF8xNTM=	X19lY21hLkFycmF5	434	94489280711
68719477591	107374182428	YQ==	YQ==	QU5Z	434	111669149745
68719477592	107374182428	X3RtcF8xNTM=	X3RtcF8xNTM=	X19lY21hLkFycmF5	434	94489280711
68719477593	107374182428	YQ==	YQ==	QU5Z	435	111669149745
68719477594	107374182428	YQ==	YQ==	QU5Z	436	111669149745
68719477595	107374182428	YQ==	YQ==	QU5Z	437	111669149745
68719477701	107374182429	X3RtcF8xNTY=	X3RtcF8xNTY=	Y3R4OnBhcmFtczo8cmV0dXJuVmFsdWU+OjxtZW1iZXI+KHBhcmFtcyk=	449	94489280683
68719477702	107374182429	Y3R4	Y3R4	QU5Z	449	111669149749
68719477703	107374182429	YXJ0aWNsZQ==	YXJ0aWNsZQ==	Y3R4OnJlcXVlc3Q6PHJldHVyblZhbHVlPjo8bWVtYmVyPihyZXF1ZXN0KTo8bWVtYmVyPihib2R5KTo8bWVtYmVyPihhcnRpY2xlKQ==	449	94489280684
68719477704	107374182429	X3RtcF8xNTY=	X3RtcF8xNTY=	Y3R4OnBhcmFtczo8cmV0dXJuVmFsdWU+OjxtZW1iZXI+KHBhcmFtcyk=	449	
68719477705	107374182429	X3RtcF8xNTY=	X3RtcF8xNTY=	Y3R4OnBhcmFtczo8cmV0dXJuVmFsdWU+OjxtZW1iZXI+KHBhcmFtcyk=	449	
68719477706	107374182429	YXJ0aWNsZQ==	YXJ0aWNsZQ==	Y3R4OnJlcXVlc3Q6PHJldHVyblZhbHVlPjo8bWVtYmVyPihyZXF1ZXN0KTo8bWVtYmVyPihib2R5KTo8bWVtYmVyPihhcnRpY2xlKQ==	451	94489280684
68719477707	107374182429	Y3R4	Y3R4	QU5Z	452	111669149749
68719477708	107374182429	X3RtcF8xNTc=	X3RtcF8xNTc=	QU5Z	452	
68719477709	107374182429	Y3R4	Y3R4	QU5Z	452	111669149749
68719477710	107374182429	X3RtcF8xNTc=	X3RtcF8xNTc=	QU5Z	452	
68719477711	107374182429	X3RtcF8xNTg=	X3RtcF8xNTg=	X19lY21hLkFycmF5	456	94489280709
68719477712	107374182429	X3RtcF8xNTg=	X3RtcF8xNTg=	X19lY21hLkFycmF5	457	
68719477713	107374182429	X3RtcF8xNTg=	X3RtcF8xNTg=	X19lY21hLkFycmF5	457	
68719477714	107374182429	X3RtcF8xNTk=	X3RtcF8xNTk=	Y29udHJvbGxlcnMvYXJ0aWNsZXMtY29udHJvbGxlci5qczo6cHJvZ3JhbTpkYjo8cmV0dXJuVmFsdWU+	457	94489280708
68719477715	107374182429	ZGI=	ZGI=	QU5Z	457	94489280706
68719477716	107374182429	dGhpcw==	dGhpcw==	Y29udHJvbGxlcnMvYXJ0aWNsZXMtY29udHJvbGxlci5qczo6cHJvZ3JhbQ==	457	111669149748
68719477717	107374182429	X3RtcF8xNTk=	X3RtcF8xNTk=	Y29udHJvbGxlcnMvYXJ0aWNsZXMtY29udHJvbGxlci5qczo6cHJvZ3JhbTpkYjo8cmV0dXJuVmFsdWU+	457	94489280708
68719477718	107374182429	X3RtcF8xNjA=	X3RtcF8xNjA=	QU5Z	458	
68719477719	107374182429	dXVpZA==	dXVpZA==	dXVpZA==	458	94489280707
68719477720	107374182429	dGhpcw==	dGhpcw==	Y29udHJvbGxlcnMvYXJ0aWNsZXMtY29udHJvbGxlci5qczo6cHJvZ3JhbQ==	458	111669149748
68719477721	107374182429	X3RtcF8xNjA=	X3RtcF8xNjA=	QU5Z	459	
68719477722	107374182429	Y3R4	Y3R4	QU5Z	459	111669149749
68719477723	107374182429	X3RtcF8xNjA=	X3RtcF8xNjA=	QU5Z	460	
68719477724	107374182429	YXJ0aWNsZQ==	YXJ0aWNsZQ==	Y3R4OnJlcXVlc3Q6PHJldHVyblZhbHVlPjo8bWVtYmVyPihyZXF1ZXN0KTo8bWVtYmVyPihib2R5KTo8bWVtYmVyPihhcnRpY2xlKQ==	460	94489280684
68719477725	107374182429	X3RtcF8xNjA=	X3RtcF8xNjA=	QU5Z	457	
68719477726	107374182429	X3RtcF8xNTg=	X3RtcF8xNTg=	X19lY21hLkFycmF5	462	
68719477727	107374182429	X3RtcF8xNTg=	X3RtcF8xNTg=	X19lY21hLkFycmF5	462	
68719477728	107374182429	X3RtcF8xNjE=	X3RtcF8xNjE=	QU5Z	462	94489280704
68719477729	107374182429	X3RtcF8xNjI=	X3RtcF8xNjI=	Y29udHJvbGxlcnMvYXJ0aWNsZXMtY29udHJvbGxlci5qczo6cHJvZ3JhbTpkYjo8cmV0dXJuVmFsdWU+	462	94489280705
68719477730	107374182429	ZGI=	ZGI=	QU5Z	462	94489280706
68719477731	107374182429	dGhpcw==	dGhpcw==	Y29udHJvbGxlcnMvYXJ0aWNsZXMtY29udHJvbGxlci5qczo6cHJvZ3JhbQ==	462	111669149748
68719477732	107374182429	X3RtcF8xNjI=	X3RtcF8xNjI=	Y29udHJvbGxlcnMvYXJ0aWNsZXMtY29udHJvbGxlci5qczo6cHJvZ3JhbTpkYjo8cmV0dXJuVmFsdWU+	462	94489280705
68719477733	107374182429	X3RtcF8xNjE=	X3RtcF8xNjE=	QU5Z	462	94489280704
68719477734	107374182429	X3RtcF8xNjM=	X3RtcF8xNjM=	QU5Z	464	
68719477735	107374182429	YXJ0aWNsZQ==	YXJ0aWNsZQ==	Y3R4OnJlcXVlc3Q6PHJldHVyblZhbHVlPjo8bWVtYmVyPihyZXF1ZXN0KTo8bWVtYmVyPihib2R5KTo8bWVtYmVyPihhcnRpY2xlKQ==	464	94489280684
68719477736	107374182429	X3RtcF8xNjM=	X3RtcF8xNjM=	QU5Z	464	
68719477737	107374182429	X3RtcF8xNTg=	X3RtcF8xNTg=	X19lY21hLkFycmF5	456	
68719477738	107374182429	YXJ0aWNsZQ==	YXJ0aWNsZQ==	Y3R4OnJlcXVlc3Q6PHJldHVyblZhbHVlPjo8bWVtYmVyPihyZXF1ZXN0KTo8bWVtYmVyPihib2R5KTo8bWVtYmVyPihhcnRpY2xlKQ==	467	94489280684
68719477739	107374182429	YXJ0aWNsZQ==	YXJ0aWNsZQ==	Y3R4OnJlcXVlc3Q6PHJldHVyblZhbHVlPjo8bWVtYmVyPihyZXF1ZXN0KTo8bWVtYmVyPihib2R5KTo8bWVtYmVyPihhcnRpY2xlKQ==	468	94489280684
68719477740	107374182429	YXJ0aWNsZQ==	YXJ0aWNsZQ==	Y3R4OnJlcXVlc3Q6PHJldHVyblZhbHVlPjo8bWVtYmVyPihyZXF1ZXN0KTo8bWVtYmVyPihib2R5KTo8bWVtYmVyPihhcnRpY2xlKQ==	468	94489280684
68719477741	107374182429	Y3R4	Y3R4	QU5Z	470	111669149749
68719477742	107374182429	X3RtcF8xNjQ=	X3RtcF8xNjQ=	QU5Z	470	
68719477743	107374182429	Y3R4	Y3R4	QU5Z	470	111669149749
68719477744	107374182429	X3RtcF8xNjQ=	X3RtcF8xNjQ=	QU5Z	470	
68719477745	107374182430	X3RtcF8xNjU=	X3RtcF8xNjU=	Y3R4OnBhcmFtczo8cmV0dXJuVmFsdWU+OjxtZW1iZXI+KHBhcmFtcyk=	474	94489280691
68719477746	107374182430	Y3R4	Y3R4	QU5Z	474	111669149751
68719477747	107374182430	YXJ0aWNsZQ==	YXJ0aWNsZQ==	Y3R4OnJlcXVlc3Q6PHJldHVyblZhbHVlPjo8bWVtYmVyPihyZXF1ZXN0KTo8bWVtYmVyPihib2R5KTo8bWVtYmVyPihhcnRpY2xlKQ==	474	94489280692
68719477748	107374182430	X3RtcF8xNjU=	X3RtcF8xNjU=	Y3R4OnBhcmFtczo8cmV0dXJuVmFsdWU+OjxtZW1iZXI+KHBhcmFtcyk=	474	
68719477749	107374182430	X3RtcF8xNjU=	X3RtcF8xNjU=	Y3R4OnBhcmFtczo8cmV0dXJuVmFsdWU+OjxtZW1iZXI+KHBhcmFtcyk=	474	
68719477750	107374182430	YXJ0aWNsZQ==	YXJ0aWNsZQ==	Y3R4OnJlcXVlc3Q6PHJldHVyblZhbHVlPjo8bWVtYmVyPihyZXF1ZXN0KTo8bWVtYmVyPihib2R5KTo8bWVtYmVyPihhcnRpY2xlKQ==	476	94489280692
68719477751	107374182430	Y3R4	Y3R4	QU5Z	477	111669149751
68719477752	107374182430	X3RtcF8xNjY=	X3RtcF8xNjY=	QU5Z	477	
68719477753	107374182430	Y3R4	Y3R4	QU5Z	477	111669149751
68719477754	107374182430	X3RtcF8xNjY=	X3RtcF8xNjY=	QU5Z	477	
68719477755	107374182430	X3RtcF8xNjc=	X3RtcF8xNjc=	X19lY21hLkFycmF5	481	94489280703
68719477756	107374182430	X3RtcF8xNjc=	X3RtcF8xNjc=	X19lY21hLkFycmF5	482	
68719477757	107374182430	X3RtcF8xNjc=	X3RtcF8xNjc=	X19lY21hLkFycmF5	482	
68719477758	107374182430	X3RtcF8xNjg=	X3RtcF8xNjg=	QU5Z	482	94489280701
68719477759	107374182430	X3RtcF8xNjk=	X3RtcF8xNjk=	Y29udHJvbGxlcnMvYXJ0aWNsZXMtY29udHJvbGxlci5qczo6cHJvZ3JhbTpkYjo8cmV0dXJuVmFsdWU+	482	94489280702
68719477760	107374182430	ZGI=	ZGI=	QU5Z	482	94489280700
68719477761	107374182430	dGhpcw==	dGhpcw==	Y29udHJvbGxlcnMvYXJ0aWNsZXMtY29udHJvbGxlci5qczo6cHJvZ3JhbQ==	482	111669149750
68719477762	107374182430	X3RtcF8xNjk=	X3RtcF8xNjk=	Y29udHJvbGxlcnMvYXJ0aWNsZXMtY29udHJvbGxlci5qczo6cHJvZ3JhbTpkYjo8cmV0dXJuVmFsdWU+	482	94489280702
68719477763	107374182430	X3RtcF8xNjg=	X3RtcF8xNjg=	QU5Z	482	94489280701
68719477764	107374182430	X3RtcF8xNzA=	X3RtcF8xNzA=	QU5Z	484	
68719477765	107374182430	Y3R4	Y3R4	QU5Z	484	111669149751
68719477766	107374182430	X3RtcF8xNzA=	X3RtcF8xNzA=	QU5Z	484	
68719477767	107374182430	YXJ0aWNsZQ==	YXJ0aWNsZQ==	Y3R4OnJlcXVlc3Q6PHJldHVyblZhbHVlPjo8bWVtYmVyPihyZXF1ZXN0KTo8bWVtYmVyPihib2R5KTo8bWVtYmVyPihhcnRpY2xlKQ==	484	94489280692
68719477768	107374182430	X3RtcF8xNzA=	X3RtcF8xNzA=	QU5Z	484	
68719477769	107374182430	X3RtcF8xNjc=	X3RtcF8xNjc=	X19lY21hLkFycmF5	485	
68719477770	107374182430	X3RtcF8xNjc=	X3RtcF8xNjc=	X19lY21hLkFycmF5	485	
68719477771	107374182430	X3RtcF8xNzE=	X3RtcF8xNzE=	QU5Z	485	94489280698
68719477772	107374182430	X3RtcF8xNzI=	X3RtcF8xNzI=	Y29udHJvbGxlcnMvYXJ0aWNsZXMtY29udHJvbGxlci5qczo6cHJvZ3JhbTpkYjo8cmV0dXJuVmFsdWU+	485	94489280699
68719477773	107374182430	ZGI=	ZGI=	QU5Z	485	94489280700
68719477774	107374182430	dGhpcw==	dGhpcw==	Y29udHJvbGxlcnMvYXJ0aWNsZXMtY29udHJvbGxlci5qczo6cHJvZ3JhbQ==	485	111669149750
68719477775	107374182430	X3RtcF8xNzI=	X3RtcF8xNzI=	Y29udHJvbGxlcnMvYXJ0aWNsZXMtY29udHJvbGxlci5qczo6cHJvZ3JhbTpkYjo8cmV0dXJuVmFsdWU+	485	94489280699
68719477776	107374182430	X3RtcF8xNzE=	X3RtcF8xNzE=	QU5Z	485	94489280698
68719477777	107374182430	X3RtcF8xNzM=	X3RtcF8xNzM=	QU5Z	487	
68719477778	107374182430	YXJ0aWNsZQ==	YXJ0aWNsZQ==	Y3R4OnJlcXVlc3Q6PHJldHVyblZhbHVlPjo8bWVtYmVyPihyZXF1ZXN0KTo8bWVtYmVyPihib2R5KTo8bWVtYmVyPihhcnRpY2xlKQ==	487	94489280692
68719477779	107374182430	X3RtcF8xNzM=	X3RtcF8xNzM=	QU5Z	487	
68719477780	107374182430	X3RtcF8xNjc=	X3RtcF8xNjc=	X19lY21hLkFycmF5	481	
68719477781	107374182430	YXJ0aWNsZQ==	YXJ0aWNsZQ==	Y3R4OnJlcXVlc3Q6PHJldHVyblZhbHVlPjo8bWVtYmVyPihyZXF1ZXN0KTo8bWVtYmVyPihib2R5KTo8bWVtYmVyPihhcnRpY2xlKQ==	490	94489280692
68719477782	107374182430	YXJ0aWNsZQ==	YXJ0aWNsZQ==	Y3R4OnJlcXVlc3Q6PHJldHVyblZhbHVlPjo8bWVtYmVyPihyZXF1ZXN0KTo8bWVtYmVyPihib2R5KTo8bWVtYmVyPihhcnRpY2xlKQ==	491	94489280692
68719477783	107374182430	YXJ0aWNsZQ==	YXJ0aWNsZQ==	Y3R4OnJlcXVlc3Q6PHJldHVyblZhbHVlPjo8bWVtYmVyPihyZXF1ZXN0KTo8bWVtYmVyPihib2R5KTo8bWVtYmVyPihhcnRpY2xlKQ==	491	94489280692
68719477784	107374182430	Y3R4	Y3R4	QU5Z	493	111669149751
68719477785	107374182430	X3RtcF8xNzQ=	X3RtcF8xNzQ=	QU5Z	493	
68719477786	107374182430	Y3R4	Y3R4	QU5Z	493	111669149751
68719477787	107374182430	X3RtcF8xNzQ=	X3RtcF8xNzQ=	QU5Z	493	
68719477848	107374182431	Y3R4	Y3R4	QU5Z	15	111669149755
68719477849	107374182431	Y3R4	Y3R4	QU5Z	15	111669149755
68719477850	107374182431	Y29tbWVudA==	Y29tbWVudA==	Y3R4OnBhcmFtczo8cmV0dXJuVmFsdWU+OjxtZW1iZXI+KHBhcmFtcyk6PG1lbWJlcj4oY29tbWVudCk=	15	111669149754
68719477851	107374182431	Y29tbWVudA==	Y29tbWVudA==	Y3R4OnBhcmFtczo8cmV0dXJuVmFsdWU+OjxtZW1iZXI+KHBhcmFtcyk6PG1lbWJlcj4oY29tbWVudCk=	17	111669149754
68719477852	107374182431	X3RtcF8z	X3RtcF8z	QU5Z	17	94489280936
68719477853	107374182431	X3RtcF80	X3RtcF80	Y29udHJvbGxlcnMvY29tbWVudHMtY29udHJvbGxlci5qczo6cHJvZ3JhbTpkYjo8cmV0dXJuVmFsdWU+	17	94489280937
68719477854	107374182431	ZGI=	ZGI=	QU5Z	17	94489280938
68719477855	107374182431	dGhpcw==	dGhpcw==	Y29udHJvbGxlcnMvY29tbWVudHMtY29udHJvbGxlci5qczo6cHJvZ3JhbQ==	17	111669149753
68719477856	107374182431	X3RtcF80	X3RtcF80	Y29udHJvbGxlcnMvY29tbWVudHMtY29udHJvbGxlci5qczo6cHJvZ3JhbTpkYjo8cmV0dXJuVmFsdWU+	17	94489280937
68719477857	107374182431	X3RtcF8z	X3RtcF8z	QU5Z	17	94489280936
68719477858	107374182431	X3RtcF81	X3RtcF81	QU5Z	19	
68719477859	107374182431	Y29tbWVudA==	Y29tbWVudA==	Y3R4OnBhcmFtczo8cmV0dXJuVmFsdWU+OjxtZW1iZXI+KHBhcmFtcyk6PG1lbWJlcj4oY29tbWVudCk=	19	111669149754
68719477860	107374182431	X3RtcF81	X3RtcF81	QU5Z	19	
68719477861	107374182431	Y3R4	Y3R4	QU5Z	21	111669149755
68719477862	107374182431	Y3R4	Y3R4	QU5Z	21	111669149755
68719477863	107374182431	Y29tbWVudA==	Y29tbWVudA==	Y3R4OnBhcmFtczo8cmV0dXJuVmFsdWU+OjxtZW1iZXI+KHBhcmFtcyk6PG1lbWJlcj4oY29tbWVudCk=	21	111669149754
68719477864	107374182431	Y3R4	Y3R4	QU5Z	23	111669149755
68719477865	107374182431	Y29tbWVudA==	Y29tbWVudA==	Y3R4OnBhcmFtczo8cmV0dXJuVmFsdWU+OjxtZW1iZXI+KHBhcmFtcyk6PG1lbWJlcj4oY29tbWVudCk=	23	111669149754
68719477866	107374182431	bmV4dA==	bmV4dA==	QU5Z	25	111669149756
68719477867	107374182431	dGhpcw==	dGhpcw==	Y29udHJvbGxlcnMvY29tbWVudHMtY29udHJvbGxlci5qczo6cHJvZ3JhbQ==	25	111669149753
68719477868	107374182431	X3RtcF8xMw==	X3RtcF8xMw==	Y29udHJvbGxlcnMvY29tbWVudHMtY29udHJvbGxlci5qczo6cHJvZ3JhbTpvbjo8cmV0dXJuVmFsdWU+	41	94489280927
68719477869	107374182431	dGhpcw==	dGhpcw==	Y29udHJvbGxlcnMvY29tbWVudHMtY29udHJvbGxlci5qczo6cHJvZ3JhbQ==	41	111669149757
68719477870	107374182431	dGhpcw==	dGhpcw==	Y29udHJvbGxlcnMvY29tbWVudHMtY29udHJvbGxlci5qczo6cHJvZ3JhbQ==	41	111669149757
68719477871	107374182431	X3RtcF8xMw==	X3RtcF8xMw==	Y29udHJvbGxlcnMvY29tbWVudHMtY29udHJvbGxlci5qczo6cHJvZ3JhbTpvbjo8cmV0dXJuVmFsdWU+	41	94489280927
68719477872	107374182431	X3RtcF8xNA==	X3RtcF8xNA==	X19lY21hLkFycmF5	41	94489280926
68719477873	107374182431	X3RtcF8xNA==	X3RtcF8xNA==	X19lY21hLkFycmF5	42	
68719477874	107374182431	X3RtcF8xNA==	X3RtcF8xNA==	X19lY21hLkFycmF5	42	
68719477875	107374182431	dXNlcg==	dXNlcg==	Y3R4OnN0YXRlOjxyZXR1cm5WYWx1ZT46PG1lbWJlcj4oc3RhdGUpOjxtZW1iZXI+KHVzZXIp	42	94489280925
68719477876	107374182431	dXNlcg==	dXNlcg==	Y3R4OnN0YXRlOjxyZXR1cm5WYWx1ZT46PG1lbWJlcj4oc3RhdGUpOjxtZW1iZXI+KHVzZXIp	42	94489280925
68719477877	107374182431	X3RtcF8xNA==	X3RtcF8xNA==	X19lY21hLkFycmF5	41	
68719477878	107374182431	Yw==	Yw==	QU5Z	49	111669149759
68719477879	107374182431	Yw==	Yw==	QU5Z	50	111669149759
68719477880	107374182431	Yw==	Yw==	QU5Z	50	111669149759
68719477881	107374182431	Yw==	Yw==	QU5Z	51	111669149759
68719477882	107374182431	X3RtcF82	X3RtcF82	Y3R4OnN0YXRlOjxyZXR1cm5WYWx1ZT46PG1lbWJlcj4oc3RhdGUp	29	94489280881
68719477883	107374182431	Y3R4	Y3R4	QU5Z	29	111669149761
68719477884	107374182431	dXNlcg==	dXNlcg==	Y3R4OnN0YXRlOjxyZXR1cm5WYWx1ZT46PG1lbWJlcj4oc3RhdGUpOjxtZW1iZXI+KHVzZXIp	29	94489280882
68719477885	107374182431	X3RtcF82	X3RtcF82	Y3R4OnN0YXRlOjxyZXR1cm5WYWx1ZT46PG1lbWJlcj4oc3RhdGUp	29	
68719477886	107374182431	X3RtcF82	X3RtcF82	Y3R4OnN0YXRlOjxyZXR1cm5WYWx1ZT46PG1lbWJlcj4oc3RhdGUp	29	
68719477887	107374182431	X3RtcF83	X3RtcF83	Y3R4OnBhcmFtczo8cmV0dXJuVmFsdWU+OjxtZW1iZXI+KHBhcmFtcyk=	30	94489280884
68719477888	107374182431	Y3R4	Y3R4	QU5Z	30	111669149761
68719477889	107374182431	YXJ0aWNsZQ==	YXJ0aWNsZQ==	Y3R4OnBhcmFtczo8cmV0dXJuVmFsdWU+OjxtZW1iZXI+KHBhcmFtcyk6PG1lbWJlcj4oYXJ0aWNsZSk=	30	94489280885
68719477890	107374182431	X3RtcF83	X3RtcF83	Y3R4OnBhcmFtczo8cmV0dXJuVmFsdWU+OjxtZW1iZXI+KHBhcmFtcyk=	30	
68719477891	107374182431	X3RtcF83	X3RtcF83	Y3R4OnBhcmFtczo8cmV0dXJuVmFsdWU+OjxtZW1iZXI+KHBhcmFtcyk=	30	
68719477892	107374182431	Y29tbWVudHM=	Y29tbWVudHM=	QU5Z	32	94489280886
68719477893	107374182431	X3RtcF84	X3RtcF84	QU5Z	32	94489280928
68719477894	107374182431	X3RtcF85	X3RtcF85	QU5Z	32	94489280929
68719477895	107374182431	X3RtcF8xMA==	X3RtcF8xMA==	QU5Z	32	94489280930
68719477896	107374182431	X3RtcF8xMQ==	X3RtcF8xMQ==	Y29udHJvbGxlcnMvY29tbWVudHMtY29udHJvbGxlci5qczo6cHJvZ3JhbTpkYjo8cmV0dXJuVmFsdWU+	32	94489280934
68719477897	107374182431	ZGI=	ZGI=	QU5Z	32	94489280935
68719477898	107374182431	dGhpcw==	dGhpcw==	Y29udHJvbGxlcnMvY29tbWVudHMtY29udHJvbGxlci5qczo6cHJvZ3JhbQ==	32	111669149760
68719477899	107374182431	X3RtcF8xMQ==	X3RtcF8xMQ==	Y29udHJvbGxlcnMvY29tbWVudHMtY29udHJvbGxlci5qczo6cHJvZ3JhbTpkYjo8cmV0dXJuVmFsdWU+	32	94489280934
68719477900	107374182431	Z2V0U2VsZWN0	Z2V0U2VsZWN0	KHRhYmxlOiBBTlksIHByZWZpeDogQU5ZLCBmaWVsZHM6IEFOWSkgPT4gQU5Z	34	94489280932
68719477901	107374182431	dGhpcw==	dGhpcw==	Y29udHJvbGxlcnMvY29tbWVudHMtY29udHJvbGxlci5qczo6cHJvZ3JhbQ==	34	111669149760
68719477902	107374182431	Y29tbWVudEZpZWxkcw==	Y29tbWVudEZpZWxkcw==	X19lY21hLkFycmF5	34	94489280933
68719477903	107374182431	Z2V0U2VsZWN0	Z2V0U2VsZWN0	KHRhYmxlOiBBTlksIHByZWZpeDogQU5ZLCBmaWVsZHM6IEFOWSkgPT4gQU5Z	35	94489280932
68719477904	107374182431	dGhpcw==	dGhpcw==	Y29udHJvbGxlcnMvY29tbWVudHMtY29udHJvbGxlci5qczo6cHJvZ3JhbQ==	35	111669149760
68719477905	107374182431	dXNlckZpZWxkcw==	dXNlckZpZWxkcw==	X19lY21hLkFycmF5	35	94489280931
68719477906	107374182431	X3RtcF8xMA==	X3RtcF8xMA==	QU5Z	32	94489280930
68719477907	107374182431	X3RtcF8xMg==	X3RtcF8xMg==	QU5Z	38	
68719477908	107374182431	YXJ0aWNsZQ==	YXJ0aWNsZQ==	Y3R4OnBhcmFtczo8cmV0dXJuVmFsdWU+OjxtZW1iZXI+KHBhcmFtcyk6PG1lbWJlcj4oYXJ0aWNsZSk=	38	94489280885
68719477909	107374182431	X3RtcF8xMg==	X3RtcF8xMg==	QU5Z	38	
68719477910	107374182431	X3RtcF85	X3RtcF85	QU5Z	32	94489280929
68719477911	107374182431	X3RtcF84	X3RtcF84	QU5Z	32	94489280928
68719477912	107374182431	Y29tbWVudHM=	Y29tbWVudHM=	QU5Z	46	94489280886
68719477913	107374182431	X3RtcF8xNQ==	X3RtcF8xNQ==	am9pbi1qczptYXA6PHJldHVyblZhbHVlPg==	46	94489280922
68719477914	107374182431	am9pbkpz	am9pbkpz	am9pbi1qcw==	46	94489280924
68719477915	107374182431	am9pbkpz	am9pbkpz	am9pbi1qcw==	46	94489280924
68719477916	107374182431	Y29tbWVudHM=	Y29tbWVudHM=	QU5Z	47	94489280886
68719477917	107374182431	cmVsYXRpb25zTWFwcw==	cmVsYXRpb25zTWFwcw==	X19lY21hLkFycmF5	47	94489280923
68719477918	107374182431	X3RtcF8xNQ==	X3RtcF8xNQ==	am9pbi1qczptYXA6PHJldHVyblZhbHVlPg==	46	94489280922
68719477919	107374182431	Y3R4	Y3R4	QU5Z	54	111669149761
68719477920	107374182431	X3RtcF8xNg==	X3RtcF8xNg==	QU5Z	54	
68719477921	107374182431	Y29tbWVudHM=	Y29tbWVudHM=	QU5Z	54	94489280886
68719477922	107374182431	X3RtcF8xNg==	X3RtcF8xNg==	QU5Z	54	
68719477923	107374182431	X3RtcF8xNw==	X3RtcF8xNw==	Y3R4OnJlcXVlc3Q6PHJldHVyblZhbHVlPjo8bWVtYmVyPihyZXF1ZXN0KQ==	58	94489280891
68719477924	107374182431	Y3R4	Y3R4	QU5Z	58	111669149763
68719477925	107374182431	Ym9keQ==	Ym9keQ==	Y3R4OnJlcXVlc3Q6PHJldHVyblZhbHVlPjo8bWVtYmVyPihyZXF1ZXN0KTo8bWVtYmVyPihib2R5KQ==	58	94489280892
68719477926	107374182431	X3RtcF8xNw==	X3RtcF8xNw==	Y3R4OnJlcXVlc3Q6PHJldHVyblZhbHVlPjo8bWVtYmVyPihyZXF1ZXN0KQ==	58	
68719477927	107374182431	X3RtcF8xNw==	X3RtcF8xNw==	Y3R4OnJlcXVlc3Q6PHJldHVyblZhbHVlPjo8bWVtYmVyPihyZXF1ZXN0KQ==	58	
68719477928	107374182431	X3RtcF8xOA==	X3RtcF8xOA==	Y3R4OnN0YXRlOjxyZXR1cm5WYWx1ZT46PG1lbWJlcj4oc3RhdGUp	59	94489280894
68719477929	107374182431	Y3R4	Y3R4	QU5Z	59	111669149763
68719477930	107374182431	dXNlcg==	dXNlcg==	Y3R4OnN0YXRlOjxyZXR1cm5WYWx1ZT46PG1lbWJlcj4oc3RhdGUpOjxtZW1iZXI+KHVzZXIp	59	94489280895
68719477931	107374182431	X3RtcF8xOA==	X3RtcF8xOA==	Y3R4OnN0YXRlOjxyZXR1cm5WYWx1ZT46PG1lbWJlcj4oc3RhdGUp	59	
68719477932	107374182431	X3RtcF8xOA==	X3RtcF8xOA==	Y3R4OnN0YXRlOjxyZXR1cm5WYWx1ZT46PG1lbWJlcj4oc3RhdGUp	59	
68719477933	107374182431	X3RtcF8xOQ==	X3RtcF8xOQ==	Y3R4OnBhcmFtczo8cmV0dXJuVmFsdWU+OjxtZW1iZXI+KHBhcmFtcyk=	60	94489280897
68719477934	107374182431	Y3R4	Y3R4	QU5Z	60	111669149763
68719477935	107374182431	YXJ0aWNsZQ==	YXJ0aWNsZQ==	Y3R4OnBhcmFtczo8cmV0dXJuVmFsdWU+OjxtZW1iZXI+KHBhcmFtcyk6PG1lbWJlcj4oYXJ0aWNsZSk=	60	94489280898
68719477936	107374182431	X3RtcF8xOQ==	X3RtcF8xOQ==	Y3R4OnBhcmFtczo8cmV0dXJuVmFsdWU+OjxtZW1iZXI+KHBhcmFtcyk=	60	
68719477937	107374182431	X3RtcF8xOQ==	X3RtcF8xOQ==	Y3R4OnBhcmFtczo8cmV0dXJuVmFsdWU+OjxtZW1iZXI+KHBhcmFtcyk=	60	
68719477938	107374182431	X3RtcF8yMA==	X3RtcF8yMA==	Y3R4OnJlcXVlc3Q6PHJldHVyblZhbHVlPjo8bWVtYmVyPihyZXF1ZXN0KTo8bWVtYmVyPihib2R5KQ==	61	94489280900
68719477939	107374182431	Ym9keQ==	Ym9keQ==	Y3R4OnJlcXVlc3Q6PHJldHVyblZhbHVlPjo8bWVtYmVyPihyZXF1ZXN0KTo8bWVtYmVyPihib2R5KQ==	61	94489280892
68719477940	107374182431	Y29tbWVudA==	Y29tbWVudA==	Y3R4OnBhcmFtczo8cmV0dXJuVmFsdWU+OjxtZW1iZXI+KHBhcmFtcyk6PG1lbWJlcj4oY29tbWVudCk=	61	94489280914
68719477941	107374182431	X3RtcF8yMA==	X3RtcF8yMA==	Y3R4OnJlcXVlc3Q6PHJldHVyblZhbHVlPjo8bWVtYmVyPihyZXF1ZXN0KTo8bWVtYmVyPihib2R5KQ==	61	
68719477942	107374182431	X3RtcF8yMQ==	X3RtcF8yMQ==	QU5Z	61	
68719477943	107374182431	X3RtcF8yMA==	X3RtcF8yMA==	Y3R4OnJlcXVlc3Q6PHJldHVyblZhbHVlPjo8bWVtYmVyPihyZXF1ZXN0KTo8bWVtYmVyPihib2R5KQ==	61	
68719477944	107374182431	X3RtcF8yMA==	X3RtcF8yMA==	Y3R4OnJlcXVlc3Q6PHJldHVyblZhbHVlPjo8bWVtYmVyPihyZXF1ZXN0KTo8bWVtYmVyPihib2R5KQ==	61	
68719477945	107374182431	b3B0cw==	b3B0cw==	eyBhYm9ydEVhcmx5OiBfX2VjbWEuQm9vbGVhbjsgfQ==	63	94489280902
68719477946	107374182431	X3RtcF8yMg==	X3RtcF8yMg==	QU5Z	63	
68719477947	107374182431	X3RtcF8yMg==	X3RtcF8yMg==	QU5Z	63	
68719477948	107374182431	Y29tbWVudA==	Y29tbWVudA==	Y3R4OnBhcmFtczo8cmV0dXJuVmFsdWU+OjxtZW1iZXI+KHBhcmFtcyk6PG1lbWJlcj4oY29tbWVudCk=	65	94489280914
68719477949	107374182431	dXVpZA==	dXVpZA==	dXVpZA==	65	94489280921
68719477950	107374182431	dGhpcw==	dGhpcw==	Y29udHJvbGxlcnMvY29tbWVudHMtY29udHJvbGxlci5qczo6cHJvZ3JhbQ==	65	111669149762
68719477951	107374182431	Y29tbWVudA==	Y29tbWVudA==	Y3R4OnBhcmFtczo8cmV0dXJuVmFsdWU+OjxtZW1iZXI+KHBhcmFtcyk6PG1lbWJlcj4oY29tbWVudCk=	66	94489280914
68719477952	107374182431	dXNlcg==	dXNlcg==	Y3R4OnN0YXRlOjxyZXR1cm5WYWx1ZT46PG1lbWJlcj4oc3RhdGUpOjxtZW1iZXI+KHVzZXIp	66	94489280895
68719477953	107374182431	Y29tbWVudA==	Y29tbWVudA==	Y3R4OnBhcmFtczo8cmV0dXJuVmFsdWU+OjxtZW1iZXI+KHBhcmFtcyk6PG1lbWJlcj4oY29tbWVudCk=	67	94489280914
68719477954	107374182431	YXJ0aWNsZQ==	YXJ0aWNsZQ==	Y3R4OnBhcmFtczo8cmV0dXJuVmFsdWU+OjxtZW1iZXI+KHBhcmFtcyk6PG1lbWJlcj4oYXJ0aWNsZSk=	67	94489280898
68719477955	107374182431	Y29tbWVudA==	Y29tbWVudA==	Y3R4OnBhcmFtczo8cmV0dXJuVmFsdWU+OjxtZW1iZXI+KHBhcmFtcyk6PG1lbWJlcj4oY29tbWVudCk=	69	94489280914
68719477956	107374182431	X3RtcF8yMw==	X3RtcF8yMw==	QU5Z	69	94489280920
68719477957	107374182431	Y3R4	Y3R4	QU5Z	69	111669149763
68719477958	107374182431	X3RtcF8yMw==	X3RtcF8yMw==	QU5Z	69	94489280920
68719477959	107374182431	Y29tbWVudA==	Y29tbWVudA==	Y3R4OnBhcmFtczo8cmV0dXJuVmFsdWU+OjxtZW1iZXI+KHBhcmFtcyk6PG1lbWJlcj4oY29tbWVudCk=	69	94489280914
68719477960	107374182431	b3B0cw==	b3B0cw==	eyBhYm9ydEVhcmx5OiBfX2VjbWEuQm9vbGVhbjsgfQ==	69	94489280902
68719477961	107374182431	X3RtcF8yNA==	X3RtcF8yNA==	Y29udHJvbGxlcnMvY29tbWVudHMtY29udHJvbGxlci5qczo6cHJvZ3JhbTpkYjo8cmV0dXJuVmFsdWU+	71	94489280918
68719477962	107374182431	ZGI=	ZGI=	QU5Z	71	94489280919
68719477963	107374182431	dGhpcw==	dGhpcw==	Y29udHJvbGxlcnMvY29tbWVudHMtY29udHJvbGxlci5qczo6cHJvZ3JhbQ==	71	111669149762
68719477964	107374182431	X3RtcF8yNA==	X3RtcF8yNA==	Y29udHJvbGxlcnMvY29tbWVudHMtY29udHJvbGxlci5qczo6cHJvZ3JhbTpkYjo8cmV0dXJuVmFsdWU+	71	94489280918
68719477965	107374182431	aHVtcHM=	aHVtcHM=	aHVtcHM=	71	94489280917
68719477966	107374182431	aHVtcHM=	aHVtcHM=	aHVtcHM=	71	94489280917
68719477967	107374182431	Y29tbWVudA==	Y29tbWVudA==	Y3R4OnBhcmFtczo8cmV0dXJuVmFsdWU+OjxtZW1iZXI+KHBhcmFtcyk6PG1lbWJlcj4oY29tbWVudCk=	71	94489280914
68719477968	107374182431	Y29tbWVudA==	Y29tbWVudA==	Y3R4OnBhcmFtczo8cmV0dXJuVmFsdWU+OjxtZW1iZXI+KHBhcmFtcyk6PG1lbWJlcj4oY29tbWVudCk=	73	94489280914
68719477969	107374182431	Xw==	Xw==	bG9kYXNo	73	94489280916
68719477970	107374182431	Xw==	Xw==	bG9kYXNo	73	94489280916
68719477971	107374182431	dXNlcg==	dXNlcg==	Y3R4OnN0YXRlOjxyZXR1cm5WYWx1ZT46PG1lbWJlcj4oc3RhdGUpOjxtZW1iZXI+KHVzZXIp	73	94489280895
68719477972	107374182431	X3RtcF8yNQ==	X3RtcF8yNQ==	X19lY21hLkFycmF5	73	94489280915
68719477973	107374182431	X3RtcF8yNQ==	X3RtcF8yNQ==	X19lY21hLkFycmF5	73	
68719477974	107374182431	X3RtcF8yNQ==	X3RtcF8yNQ==	X19lY21hLkFycmF5	73	
68719477975	107374182431	X3RtcF8yNQ==	X3RtcF8yNQ==	X19lY21hLkFycmF5	73	
68719477976	107374182431	X3RtcF8yNQ==	X3RtcF8yNQ==	X19lY21hLkFycmF5	73	
68719477977	107374182431	X3RtcF8yNQ==	X3RtcF8yNQ==	X19lY21hLkFycmF5	73	
68719477978	107374182431	X3RtcF8yNQ==	X3RtcF8yNQ==	X19lY21hLkFycmF5	73	
68719477979	107374182431	X3RtcF8yNQ==	X3RtcF8yNQ==	X19lY21hLkFycmF5	73	
68719477980	107374182431	X3RtcF8yNQ==	X3RtcF8yNQ==	X19lY21hLkFycmF5	73	
68719477981	107374182431	X3RtcF8yNQ==	X3RtcF8yNQ==	X19lY21hLkFycmF5	73	
68719477982	107374182431	Y3R4	Y3R4	QU5Z	75	111669149763
68719477983	107374182431	X3RtcF8yNg==	X3RtcF8yNg==	QU5Z	75	
68719477984	107374182431	Y29tbWVudA==	Y29tbWVudA==	Y3R4OnBhcmFtczo8cmV0dXJuVmFsdWU+OjxtZW1iZXI+KHBhcmFtcyk6PG1lbWJlcj4oY29tbWVudCk=	75	94489280914
68719477985	107374182431	X3RtcF8yNg==	X3RtcF8yNg==	QU5Z	75	
68719477986	107374182431	X3RtcF8yNw==	X3RtcF8yNw==	Y3R4OnBhcmFtczo8cmV0dXJuVmFsdWU+OjxtZW1iZXI+KHBhcmFtcyk=	79	94489280907
68719477987	107374182431	Y3R4	Y3R4	QU5Z	79	111669149765
68719477988	107374182431	Y29tbWVudA==	Y29tbWVudA==	Y3R4OnBhcmFtczo8cmV0dXJuVmFsdWU+OjxtZW1iZXI+KHBhcmFtcyk6PG1lbWJlcj4oY29tbWVudCk=	79	94489280908
68719477989	107374182431	X3RtcF8yNw==	X3RtcF8yNw==	Y3R4OnBhcmFtczo8cmV0dXJuVmFsdWU+OjxtZW1iZXI+KHBhcmFtcyk=	79	
68719477990	107374182431	X3RtcF8yNw==	X3RtcF8yNw==	Y3R4OnBhcmFtczo8cmV0dXJuVmFsdWU+OjxtZW1iZXI+KHBhcmFtcyk=	79	
68719477991	107374182431	X3RtcF8yOA==	X3RtcF8yOA==	QU5Z	81	94489280911
68719477992	107374182431	X3RtcF8yOQ==	X3RtcF8yOQ==	Y29udHJvbGxlcnMvY29tbWVudHMtY29udHJvbGxlci5qczo6cHJvZ3JhbTpkYjo8cmV0dXJuVmFsdWU+	81	94489280912
68719477993	107374182431	ZGI=	ZGI=	QU5Z	81	94489280913
68719477994	107374182431	dGhpcw==	dGhpcw==	Y29udHJvbGxlcnMvY29tbWVudHMtY29udHJvbGxlci5qczo6cHJvZ3JhbQ==	81	111669149764
68719477995	107374182431	X3RtcF8yOQ==	X3RtcF8yOQ==	Y29udHJvbGxlcnMvY29tbWVudHMtY29udHJvbGxlci5qczo6cHJvZ3JhbTpkYjo8cmV0dXJuVmFsdWU+	81	94489280912
68719477996	107374182431	X3RtcF8yOA==	X3RtcF8yOA==	QU5Z	81	94489280911
68719477997	107374182431	X3RtcF8zMA==	X3RtcF8zMA==	QU5Z	83	
68719477998	107374182431	Y29tbWVudA==	Y29tbWVudA==	Y3R4OnBhcmFtczo8cmV0dXJuVmFsdWU+OjxtZW1iZXI+KHBhcmFtcyk6PG1lbWJlcj4oY29tbWVudCk=	83	94489280908
68719477999	107374182431	X3RtcF8zMA==	X3RtcF8zMA==	QU5Z	83	
68719478000	107374182431	Y3R4	Y3R4	QU5Z	85	111669149765
68719478001	107374182431	X3RtcF8zMQ==	X3RtcF8zMQ==	QU5Z	85	
68719478002	107374182431	aHVtcHM=	aHVtcHM=	aHVtcHM=	1	94489280865
68719478003	107374182431	cmVxdWlyZQ==	cmVxdWlyZQ==	KCJqb2luLWpzIik6PG1lbWJlcj4oZGVmYXVsdCk=	1	94489280940
68719478004	107374182431	dGhpcw==	dGhpcw==	Y29udHJvbGxlcnMvY29tbWVudHMtY29udHJvbGxlci5qczo6cHJvZ3JhbQ==	1	111669149766
68719478005	107374182431	dXVpZA==	dXVpZA==	dXVpZA==	2	94489280866
68719478006	107374182431	cmVxdWlyZQ==	cmVxdWlyZQ==	KCJqb2luLWpzIik6PG1lbWJlcj4oZGVmYXVsdCk=	2	94489280940
68719478007	107374182431	dGhpcw==	dGhpcw==	Y29udHJvbGxlcnMvY29tbWVudHMtY29udHJvbGxlci5qczo6cHJvZ3JhbQ==	2	111669149766
68719478008	107374182431	Xw==	Xw==	bG9kYXNo	3	94489280867
68719478009	107374182431	cmVxdWlyZQ==	cmVxdWlyZQ==	KCJqb2luLWpzIik6PG1lbWJlcj4oZGVmYXVsdCk=	3	94489280940
68719478010	107374182431	dGhpcw==	dGhpcw==	Y29udHJvbGxlcnMvY29tbWVudHMtY29udHJvbGxlci5qczo6cHJvZ3JhbQ==	3	111669149766
68719478011	107374182431	X3RtcF8w	X3RtcF8w	bGliL3V0aWxzLmpzOjpwcm9ncmFtOmdldFNlbGVjdA==	4	94489280869
68719478012	107374182431	cmVxdWlyZQ==	cmVxdWlyZQ==	KCJqb2luLWpzIik6PG1lbWJlcj4oZGVmYXVsdCk=	4	94489280940
68719478013	107374182431	dGhpcw==	dGhpcw==	Y29udHJvbGxlcnMvY29tbWVudHMtY29udHJvbGxlci5qczo6cHJvZ3JhbQ==	4	111669149766
68719478014	107374182431	Z2V0U2VsZWN0	Z2V0U2VsZWN0	KHRhYmxlOiBBTlksIHByZWZpeDogQU5ZLCBmaWVsZHM6IEFOWSkgPT4gQU5Z	4	94489280870
68719478015	107374182431	X3RtcF8w	X3RtcF8w	bGliL3V0aWxzLmpzOjpwcm9ncmFtOmdldFNlbGVjdA==	4	
68719478016	107374182431	X3RtcF8w	X3RtcF8w	bGliL3V0aWxzLmpzOjpwcm9ncmFtOmdldFNlbGVjdA==	4	
68719478017	107374182431	am9pbkpz	am9pbkpz	am9pbi1qcw==	5	94489280871
68719478018	107374182431	cmVxdWlyZQ==	cmVxdWlyZQ==	KCJqb2luLWpzIik6PG1lbWJlcj4oZGVmYXVsdCk=	5	94489280940
68719478019	107374182431	dGhpcw==	dGhpcw==	Y29udHJvbGxlcnMvY29tbWVudHMtY29udHJvbGxlci5qczo6cHJvZ3JhbQ==	5	111669149766
68719478020	107374182431	ZGI=	ZGI=	QU5Z	6	94489280872
68719478021	107374182431	cmVxdWlyZQ==	cmVxdWlyZQ==	KCJqb2luLWpzIik6PG1lbWJlcj4oZGVmYXVsdCk=	6	94489280940
68719478022	107374182431	dGhpcw==	dGhpcw==	Y29udHJvbGxlcnMvY29tbWVudHMtY29udHJvbGxlci5qczo6cHJvZ3JhbQ==	6	111669149766
68719478023	107374182431	X3RtcF8x	X3RtcF8x	X19lY21hLkFycmF5	7	94489280874
68719478024	107374182431	cmVxdWlyZQ==	cmVxdWlyZQ==	KCJqb2luLWpzIik6PG1lbWJlcj4oZGVmYXVsdCk=	11	94489280940
68719478025	107374182431	dGhpcw==	dGhpcw==	Y29udHJvbGxlcnMvY29tbWVudHMtY29udHJvbGxlci5qczo6cHJvZ3JhbQ==	11	111669149766
68719478026	107374182431	Y29tbWVudEZpZWxkcw==	Y29tbWVudEZpZWxkcw==	X19lY21hLkFycmF5	8	94489280875
68719478027	107374182431	X3RtcF8x	X3RtcF8x	X19lY21hLkFycmF5	8	
68719478028	107374182431	dXNlckZpZWxkcw==	dXNlckZpZWxkcw==	X19lY21hLkFycmF5	9	94489280876
68719478029	107374182431	X3RtcF8x	X3RtcF8x	X19lY21hLkFycmF5	9	
68719478030	107374182431	cmVsYXRpb25zTWFwcw==	cmVsYXRpb25zTWFwcw==	X19lY21hLkFycmF5	10	94489280877
68719478031	107374182431	X3RtcF8x	X3RtcF8x	X19lY21hLkFycmF5	10	
68719478032	107374182431	X3RtcF8x	X3RtcF8x	X19lY21hLkFycmF5	7	
68719478033	107374182431	bW9kdWxl	bW9kdWxl	eyBleHBvcnRzOiB7IGJ5Q29tbWVudChjb21tZW50OiBBTlksIGN0eDogQU5ZLCBuZXh0OiBBTlkpOiBQcm9taXNlPGFueT47IGdldChjdHg6IEFOWSk6IFByb21pc2U8dm9pZD47IHBvc3QoY3R4OiBBTlkpOiBQcm9taXNlPHZvaWQ+OyBkZWwoY3R4OiBBTlkpOiBQcm9taXNlPC4uLj47IH07IH0=	13	94489280939
68719478034	107374182431	X3RtcF8y	X3RtcF8y	QU5Z	14	
68719478035	107374182431	X3RtcF8y	X3RtcF8y	QU5Z	28	
68719478036	107374182431	X3RtcF8y	X3RtcF8y	QU5Z	57	
68719478037	107374182431	X3RtcF8y	X3RtcF8y	QU5Z	78	
68719478038	107374182431	X3RtcF8y	X3RtcF8y	QU5Z	13	
68719477848	107374182432	Y3R4	Y3R4	QU5Z	15	111669149755
68719477849	107374182432	Y3R4	Y3R4	QU5Z	15	111669149755
68719477850	107374182432	Y29tbWVudA==	Y29tbWVudA==	Y3R4OnBhcmFtczo8cmV0dXJuVmFsdWU+OjxtZW1iZXI+KHBhcmFtcyk6PG1lbWJlcj4oY29tbWVudCk=	15	111669149754
68719477851	107374182432	Y29tbWVudA==	Y29tbWVudA==	Y3R4OnBhcmFtczo8cmV0dXJuVmFsdWU+OjxtZW1iZXI+KHBhcmFtcyk6PG1lbWJlcj4oY29tbWVudCk=	17	111669149754
68719477852	107374182432	X3RtcF8z	X3RtcF8z	QU5Z	17	94489280936
68719477853	107374182432	X3RtcF80	X3RtcF80	Y29udHJvbGxlcnMvY29tbWVudHMtY29udHJvbGxlci5qczo6cHJvZ3JhbTpkYjo8cmV0dXJuVmFsdWU+	17	94489280937
68719477854	107374182432	ZGI=	ZGI=	QU5Z	17	94489280938
68719477855	107374182432	dGhpcw==	dGhpcw==	Y29udHJvbGxlcnMvY29tbWVudHMtY29udHJvbGxlci5qczo6cHJvZ3JhbQ==	17	111669149753
68719477856	107374182432	X3RtcF80	X3RtcF80	Y29udHJvbGxlcnMvY29tbWVudHMtY29udHJvbGxlci5qczo6cHJvZ3JhbTpkYjo8cmV0dXJuVmFsdWU+	17	94489280937
68719477857	107374182432	X3RtcF8z	X3RtcF8z	QU5Z	17	94489280936
68719477858	107374182432	X3RtcF81	X3RtcF81	QU5Z	19	
68719477859	107374182432	Y29tbWVudA==	Y29tbWVudA==	Y3R4OnBhcmFtczo8cmV0dXJuVmFsdWU+OjxtZW1iZXI+KHBhcmFtcyk6PG1lbWJlcj4oY29tbWVudCk=	19	111669149754
68719477860	107374182432	X3RtcF81	X3RtcF81	QU5Z	19	
68719477861	107374182432	Y3R4	Y3R4	QU5Z	21	111669149755
68719477862	107374182432	Y3R4	Y3R4	QU5Z	21	111669149755
68719477863	107374182432	Y29tbWVudA==	Y29tbWVudA==	Y3R4OnBhcmFtczo8cmV0dXJuVmFsdWU+OjxtZW1iZXI+KHBhcmFtcyk6PG1lbWJlcj4oY29tbWVudCk=	21	111669149754
68719477864	107374182432	Y3R4	Y3R4	QU5Z	23	111669149755
68719477865	107374182432	Y29tbWVudA==	Y29tbWVudA==	Y3R4OnBhcmFtczo8cmV0dXJuVmFsdWU+OjxtZW1iZXI+KHBhcmFtcyk6PG1lbWJlcj4oY29tbWVudCk=	23	111669149754
68719477866	107374182432	bmV4dA==	bmV4dA==	QU5Z	25	111669149756
68719477867	107374182432	dGhpcw==	dGhpcw==	Y29udHJvbGxlcnMvY29tbWVudHMtY29udHJvbGxlci5qczo6cHJvZ3JhbQ==	25	111669149753
68719477868	107374182433	X3RtcF8xMw==	X3RtcF8xMw==	Y29udHJvbGxlcnMvY29tbWVudHMtY29udHJvbGxlci5qczo6cHJvZ3JhbTpvbjo8cmV0dXJuVmFsdWU+	41	94489280927
68719477869	107374182433	dGhpcw==	dGhpcw==	Y29udHJvbGxlcnMvY29tbWVudHMtY29udHJvbGxlci5qczo6cHJvZ3JhbQ==	41	111669149757
68719477870	107374182433	dGhpcw==	dGhpcw==	Y29udHJvbGxlcnMvY29tbWVudHMtY29udHJvbGxlci5qczo6cHJvZ3JhbQ==	41	111669149757
68719477871	107374182433	X3RtcF8xMw==	X3RtcF8xMw==	Y29udHJvbGxlcnMvY29tbWVudHMtY29udHJvbGxlci5qczo6cHJvZ3JhbTpvbjo8cmV0dXJuVmFsdWU+	41	94489280927
68719477872	107374182433	X3RtcF8xNA==	X3RtcF8xNA==	X19lY21hLkFycmF5	41	94489280926
68719477873	107374182433	X3RtcF8xNA==	X3RtcF8xNA==	X19lY21hLkFycmF5	42	
68719477874	107374182433	X3RtcF8xNA==	X3RtcF8xNA==	X19lY21hLkFycmF5	42	
68719477875	107374182433	dXNlcg==	dXNlcg==	Y3R4OnN0YXRlOjxyZXR1cm5WYWx1ZT46PG1lbWJlcj4oc3RhdGUpOjxtZW1iZXI+KHVzZXIp	42	94489280925
68719477876	107374182433	dXNlcg==	dXNlcg==	Y3R4OnN0YXRlOjxyZXR1cm5WYWx1ZT46PG1lbWJlcj4oc3RhdGUpOjxtZW1iZXI+KHVzZXIp	42	94489280925
68719477877	107374182433	X3RtcF8xNA==	X3RtcF8xNA==	X19lY21hLkFycmF5	41	
68719477868	107374182434	X3RtcF8xMw==	X3RtcF8xMw==	Y29udHJvbGxlcnMvY29tbWVudHMtY29udHJvbGxlci5qczo6cHJvZ3JhbTpvbjo8cmV0dXJuVmFsdWU+	41	94489280927
68719477869	107374182434	dGhpcw==	dGhpcw==	Y29udHJvbGxlcnMvY29tbWVudHMtY29udHJvbGxlci5qczo6cHJvZ3JhbQ==	41	111669149757
68719477870	107374182434	dGhpcw==	dGhpcw==	Y29udHJvbGxlcnMvY29tbWVudHMtY29udHJvbGxlci5qczo6cHJvZ3JhbQ==	41	111669149757
68719477871	107374182434	X3RtcF8xMw==	X3RtcF8xMw==	Y29udHJvbGxlcnMvY29tbWVudHMtY29udHJvbGxlci5qczo6cHJvZ3JhbTpvbjo8cmV0dXJuVmFsdWU+	41	94489280927
68719477872	107374182434	X3RtcF8xNA==	X3RtcF8xNA==	X19lY21hLkFycmF5	41	94489280926
68719477873	107374182434	X3RtcF8xNA==	X3RtcF8xNA==	X19lY21hLkFycmF5	42	
68719477874	107374182434	X3RtcF8xNA==	X3RtcF8xNA==	X19lY21hLkFycmF5	42	
68719477875	107374182434	dXNlcg==	dXNlcg==	Y3R4OnN0YXRlOjxyZXR1cm5WYWx1ZT46PG1lbWJlcj4oc3RhdGUpOjxtZW1iZXI+KHVzZXIp	42	94489280925
68719477876	107374182434	dXNlcg==	dXNlcg==	Y3R4OnN0YXRlOjxyZXR1cm5WYWx1ZT46PG1lbWJlcj4oc3RhdGUpOjxtZW1iZXI+KHVzZXIp	42	94489280925
68719477877	107374182434	X3RtcF8xNA==	X3RtcF8xNA==	X19lY21hLkFycmF5	41	
68719477878	107374182434	Yw==	Yw==	QU5Z	49	111669149759
68719477879	107374182434	Yw==	Yw==	QU5Z	50	111669149759
68719477880	107374182434	Yw==	Yw==	QU5Z	50	111669149759
68719477881	107374182434	Yw==	Yw==	QU5Z	51	111669149759
68719477882	107374182434	X3RtcF82	X3RtcF82	Y3R4OnN0YXRlOjxyZXR1cm5WYWx1ZT46PG1lbWJlcj4oc3RhdGUp	29	94489280881
68719477883	107374182434	Y3R4	Y3R4	QU5Z	29	111669149761
68719477884	107374182434	dXNlcg==	dXNlcg==	Y3R4OnN0YXRlOjxyZXR1cm5WYWx1ZT46PG1lbWJlcj4oc3RhdGUpOjxtZW1iZXI+KHVzZXIp	29	94489280882
68719477885	107374182434	X3RtcF82	X3RtcF82	Y3R4OnN0YXRlOjxyZXR1cm5WYWx1ZT46PG1lbWJlcj4oc3RhdGUp	29	
68719477886	107374182434	X3RtcF82	X3RtcF82	Y3R4OnN0YXRlOjxyZXR1cm5WYWx1ZT46PG1lbWJlcj4oc3RhdGUp	29	
68719477887	107374182434	X3RtcF83	X3RtcF83	Y3R4OnBhcmFtczo8cmV0dXJuVmFsdWU+OjxtZW1iZXI+KHBhcmFtcyk=	30	94489280884
68719477888	107374182434	Y3R4	Y3R4	QU5Z	30	111669149761
68719477889	107374182434	YXJ0aWNsZQ==	YXJ0aWNsZQ==	Y3R4OnBhcmFtczo8cmV0dXJuVmFsdWU+OjxtZW1iZXI+KHBhcmFtcyk6PG1lbWJlcj4oYXJ0aWNsZSk=	30	94489280885
68719477890	107374182434	X3RtcF83	X3RtcF83	Y3R4OnBhcmFtczo8cmV0dXJuVmFsdWU+OjxtZW1iZXI+KHBhcmFtcyk=	30	
68719477891	107374182434	X3RtcF83	X3RtcF83	Y3R4OnBhcmFtczo8cmV0dXJuVmFsdWU+OjxtZW1iZXI+KHBhcmFtcyk=	30	
68719477892	107374182434	Y29tbWVudHM=	Y29tbWVudHM=	QU5Z	32	94489280886
68719477893	107374182434	X3RtcF84	X3RtcF84	QU5Z	32	94489280928
68719477894	107374182434	X3RtcF85	X3RtcF85	QU5Z	32	94489280929
68719477895	107374182434	X3RtcF8xMA==	X3RtcF8xMA==	QU5Z	32	94489280930
68719477896	107374182434	X3RtcF8xMQ==	X3RtcF8xMQ==	Y29udHJvbGxlcnMvY29tbWVudHMtY29udHJvbGxlci5qczo6cHJvZ3JhbTpkYjo8cmV0dXJuVmFsdWU+	32	94489280934
68719477897	107374182434	ZGI=	ZGI=	QU5Z	32	94489280935
68719477898	107374182434	dGhpcw==	dGhpcw==	Y29udHJvbGxlcnMvY29tbWVudHMtY29udHJvbGxlci5qczo6cHJvZ3JhbQ==	32	111669149760
68719477899	107374182434	X3RtcF8xMQ==	X3RtcF8xMQ==	Y29udHJvbGxlcnMvY29tbWVudHMtY29udHJvbGxlci5qczo6cHJvZ3JhbTpkYjo8cmV0dXJuVmFsdWU+	32	94489280934
68719477900	107374182434	Z2V0U2VsZWN0	Z2V0U2VsZWN0	KHRhYmxlOiBBTlksIHByZWZpeDogQU5ZLCBmaWVsZHM6IEFOWSkgPT4gQU5Z	34	94489280932
68719477901	107374182434	dGhpcw==	dGhpcw==	Y29udHJvbGxlcnMvY29tbWVudHMtY29udHJvbGxlci5qczo6cHJvZ3JhbQ==	34	111669149760
68719477902	107374182434	Y29tbWVudEZpZWxkcw==	Y29tbWVudEZpZWxkcw==	X19lY21hLkFycmF5	34	94489280933
68719477903	107374182434	Z2V0U2VsZWN0	Z2V0U2VsZWN0	KHRhYmxlOiBBTlksIHByZWZpeDogQU5ZLCBmaWVsZHM6IEFOWSkgPT4gQU5Z	35	94489280932
68719477904	107374182434	dGhpcw==	dGhpcw==	Y29udHJvbGxlcnMvY29tbWVudHMtY29udHJvbGxlci5qczo6cHJvZ3JhbQ==	35	111669149760
68719477905	107374182434	dXNlckZpZWxkcw==	dXNlckZpZWxkcw==	X19lY21hLkFycmF5	35	94489280931
68719477906	107374182434	X3RtcF8xMA==	X3RtcF8xMA==	QU5Z	32	94489280930
68719477907	107374182434	X3RtcF8xMg==	X3RtcF8xMg==	QU5Z	38	
68719477908	107374182434	YXJ0aWNsZQ==	YXJ0aWNsZQ==	Y3R4OnBhcmFtczo8cmV0dXJuVmFsdWU+OjxtZW1iZXI+KHBhcmFtcyk6PG1lbWJlcj4oYXJ0aWNsZSk=	38	94489280885
68719477909	107374182434	X3RtcF8xMg==	X3RtcF8xMg==	QU5Z	38	
68719477910	107374182434	X3RtcF85	X3RtcF85	QU5Z	32	94489280929
68719477911	107374182434	X3RtcF84	X3RtcF84	QU5Z	32	94489280928
68719477912	107374182434	Y29tbWVudHM=	Y29tbWVudHM=	QU5Z	46	94489280886
68719477913	107374182434	X3RtcF8xNQ==	X3RtcF8xNQ==	am9pbi1qczptYXA6PHJldHVyblZhbHVlPg==	46	94489280922
68719477914	107374182434	am9pbkpz	am9pbkpz	am9pbi1qcw==	46	94489280924
68719477915	107374182434	am9pbkpz	am9pbkpz	am9pbi1qcw==	46	94489280924
68719477916	107374182434	Y29tbWVudHM=	Y29tbWVudHM=	QU5Z	47	94489280886
68719477917	107374182434	cmVsYXRpb25zTWFwcw==	cmVsYXRpb25zTWFwcw==	X19lY21hLkFycmF5	47	94489280923
68719477918	107374182434	X3RtcF8xNQ==	X3RtcF8xNQ==	am9pbi1qczptYXA6PHJldHVyblZhbHVlPg==	46	94489280922
68719477919	107374182434	Y3R4	Y3R4	QU5Z	54	111669149761
68719477920	107374182434	X3RtcF8xNg==	X3RtcF8xNg==	QU5Z	54	
68719477921	107374182434	Y29tbWVudHM=	Y29tbWVudHM=	QU5Z	54	94489280886
68719477922	107374182434	X3RtcF8xNg==	X3RtcF8xNg==	QU5Z	54	
68719477878	107374182435	Yw==	Yw==	QU5Z	49	111669149759
68719477879	107374182435	Yw==	Yw==	QU5Z	50	111669149759
68719477880	107374182435	Yw==	Yw==	QU5Z	50	111669149759
68719477881	107374182435	Yw==	Yw==	QU5Z	51	111669149759
68719477923	107374182436	X3RtcF8xNw==	X3RtcF8xNw==	Y3R4OnJlcXVlc3Q6PHJldHVyblZhbHVlPjo8bWVtYmVyPihyZXF1ZXN0KQ==	58	94489280891
68719477924	107374182436	Y3R4	Y3R4	QU5Z	58	111669149763
68719477925	107374182436	Ym9keQ==	Ym9keQ==	Y3R4OnJlcXVlc3Q6PHJldHVyblZhbHVlPjo8bWVtYmVyPihyZXF1ZXN0KTo8bWVtYmVyPihib2R5KQ==	58	94489280892
68719477926	107374182436	X3RtcF8xNw==	X3RtcF8xNw==	Y3R4OnJlcXVlc3Q6PHJldHVyblZhbHVlPjo8bWVtYmVyPihyZXF1ZXN0KQ==	58	
68719477927	107374182436	X3RtcF8xNw==	X3RtcF8xNw==	Y3R4OnJlcXVlc3Q6PHJldHVyblZhbHVlPjo8bWVtYmVyPihyZXF1ZXN0KQ==	58	
68719477928	107374182436	X3RtcF8xOA==	X3RtcF8xOA==	Y3R4OnN0YXRlOjxyZXR1cm5WYWx1ZT46PG1lbWJlcj4oc3RhdGUp	59	94489280894
68719477929	107374182436	Y3R4	Y3R4	QU5Z	59	111669149763
68719477930	107374182436	dXNlcg==	dXNlcg==	Y3R4OnN0YXRlOjxyZXR1cm5WYWx1ZT46PG1lbWJlcj4oc3RhdGUpOjxtZW1iZXI+KHVzZXIp	59	94489280895
68719477931	107374182436	X3RtcF8xOA==	X3RtcF8xOA==	Y3R4OnN0YXRlOjxyZXR1cm5WYWx1ZT46PG1lbWJlcj4oc3RhdGUp	59	
68719477932	107374182436	X3RtcF8xOA==	X3RtcF8xOA==	Y3R4OnN0YXRlOjxyZXR1cm5WYWx1ZT46PG1lbWJlcj4oc3RhdGUp	59	
68719477933	107374182436	X3RtcF8xOQ==	X3RtcF8xOQ==	Y3R4OnBhcmFtczo8cmV0dXJuVmFsdWU+OjxtZW1iZXI+KHBhcmFtcyk=	60	94489280897
68719477934	107374182436	Y3R4	Y3R4	QU5Z	60	111669149763
68719477935	107374182436	YXJ0aWNsZQ==	YXJ0aWNsZQ==	Y3R4OnBhcmFtczo8cmV0dXJuVmFsdWU+OjxtZW1iZXI+KHBhcmFtcyk6PG1lbWJlcj4oYXJ0aWNsZSk=	60	94489280898
68719477936	107374182436	X3RtcF8xOQ==	X3RtcF8xOQ==	Y3R4OnBhcmFtczo8cmV0dXJuVmFsdWU+OjxtZW1iZXI+KHBhcmFtcyk=	60	
68719477937	107374182436	X3RtcF8xOQ==	X3RtcF8xOQ==	Y3R4OnBhcmFtczo8cmV0dXJuVmFsdWU+OjxtZW1iZXI+KHBhcmFtcyk=	60	
68719477938	107374182436	X3RtcF8yMA==	X3RtcF8yMA==	Y3R4OnJlcXVlc3Q6PHJldHVyblZhbHVlPjo8bWVtYmVyPihyZXF1ZXN0KTo8bWVtYmVyPihib2R5KQ==	61	94489280900
68719477939	107374182436	Ym9keQ==	Ym9keQ==	Y3R4OnJlcXVlc3Q6PHJldHVyblZhbHVlPjo8bWVtYmVyPihyZXF1ZXN0KTo8bWVtYmVyPihib2R5KQ==	61	94489280892
68719477940	107374182436	Y29tbWVudA==	Y29tbWVudA==	Y3R4OnBhcmFtczo8cmV0dXJuVmFsdWU+OjxtZW1iZXI+KHBhcmFtcyk6PG1lbWJlcj4oY29tbWVudCk=	61	94489280914
68719477941	107374182436	X3RtcF8yMA==	X3RtcF8yMA==	Y3R4OnJlcXVlc3Q6PHJldHVyblZhbHVlPjo8bWVtYmVyPihyZXF1ZXN0KTo8bWVtYmVyPihib2R5KQ==	61	
68719477942	107374182436	X3RtcF8yMQ==	X3RtcF8yMQ==	QU5Z	61	
68719477943	107374182436	X3RtcF8yMA==	X3RtcF8yMA==	Y3R4OnJlcXVlc3Q6PHJldHVyblZhbHVlPjo8bWVtYmVyPihyZXF1ZXN0KTo8bWVtYmVyPihib2R5KQ==	61	
68719477944	107374182436	X3RtcF8yMA==	X3RtcF8yMA==	Y3R4OnJlcXVlc3Q6PHJldHVyblZhbHVlPjo8bWVtYmVyPihyZXF1ZXN0KTo8bWVtYmVyPihib2R5KQ==	61	
68719477945	107374182436	b3B0cw==	b3B0cw==	eyBhYm9ydEVhcmx5OiBfX2VjbWEuQm9vbGVhbjsgfQ==	63	94489280902
68719477946	107374182436	X3RtcF8yMg==	X3RtcF8yMg==	QU5Z	63	
68719477947	107374182436	X3RtcF8yMg==	X3RtcF8yMg==	QU5Z	63	
68719477948	107374182436	Y29tbWVudA==	Y29tbWVudA==	Y3R4OnBhcmFtczo8cmV0dXJuVmFsdWU+OjxtZW1iZXI+KHBhcmFtcyk6PG1lbWJlcj4oY29tbWVudCk=	65	94489280914
68719477949	107374182436	dXVpZA==	dXVpZA==	dXVpZA==	65	94489280921
68719477950	107374182436	dGhpcw==	dGhpcw==	Y29udHJvbGxlcnMvY29tbWVudHMtY29udHJvbGxlci5qczo6cHJvZ3JhbQ==	65	111669149762
68719477951	107374182436	Y29tbWVudA==	Y29tbWVudA==	Y3R4OnBhcmFtczo8cmV0dXJuVmFsdWU+OjxtZW1iZXI+KHBhcmFtcyk6PG1lbWJlcj4oY29tbWVudCk=	66	94489280914
68719477952	107374182436	dXNlcg==	dXNlcg==	Y3R4OnN0YXRlOjxyZXR1cm5WYWx1ZT46PG1lbWJlcj4oc3RhdGUpOjxtZW1iZXI+KHVzZXIp	66	94489280895
68719477953	107374182436	Y29tbWVudA==	Y29tbWVudA==	Y3R4OnBhcmFtczo8cmV0dXJuVmFsdWU+OjxtZW1iZXI+KHBhcmFtcyk6PG1lbWJlcj4oY29tbWVudCk=	67	94489280914
68719477954	107374182436	YXJ0aWNsZQ==	YXJ0aWNsZQ==	Y3R4OnBhcmFtczo8cmV0dXJuVmFsdWU+OjxtZW1iZXI+KHBhcmFtcyk6PG1lbWJlcj4oYXJ0aWNsZSk=	67	94489280898
68719477955	107374182436	Y29tbWVudA==	Y29tbWVudA==	Y3R4OnBhcmFtczo8cmV0dXJuVmFsdWU+OjxtZW1iZXI+KHBhcmFtcyk6PG1lbWJlcj4oY29tbWVudCk=	69	94489280914
68719477956	107374182436	X3RtcF8yMw==	X3RtcF8yMw==	QU5Z	69	94489280920
68719477957	107374182436	Y3R4	Y3R4	QU5Z	69	111669149763
68719477958	107374182436	X3RtcF8yMw==	X3RtcF8yMw==	QU5Z	69	94489280920
68719477959	107374182436	Y29tbWVudA==	Y29tbWVudA==	Y3R4OnBhcmFtczo8cmV0dXJuVmFsdWU+OjxtZW1iZXI+KHBhcmFtcyk6PG1lbWJlcj4oY29tbWVudCk=	69	94489280914
68719477960	107374182436	b3B0cw==	b3B0cw==	eyBhYm9ydEVhcmx5OiBfX2VjbWEuQm9vbGVhbjsgfQ==	69	94489280902
68719477961	107374182436	X3RtcF8yNA==	X3RtcF8yNA==	Y29udHJvbGxlcnMvY29tbWVudHMtY29udHJvbGxlci5qczo6cHJvZ3JhbTpkYjo8cmV0dXJuVmFsdWU+	71	94489280918
68719477962	107374182436	ZGI=	ZGI=	QU5Z	71	94489280919
68719477963	107374182436	dGhpcw==	dGhpcw==	Y29udHJvbGxlcnMvY29tbWVudHMtY29udHJvbGxlci5qczo6cHJvZ3JhbQ==	71	111669149762
68719477964	107374182436	X3RtcF8yNA==	X3RtcF8yNA==	Y29udHJvbGxlcnMvY29tbWVudHMtY29udHJvbGxlci5qczo6cHJvZ3JhbTpkYjo8cmV0dXJuVmFsdWU+	71	94489280918
68719477965	107374182436	aHVtcHM=	aHVtcHM=	aHVtcHM=	71	94489280917
68719477966	107374182436	aHVtcHM=	aHVtcHM=	aHVtcHM=	71	94489280917
68719477967	107374182436	Y29tbWVudA==	Y29tbWVudA==	Y3R4OnBhcmFtczo8cmV0dXJuVmFsdWU+OjxtZW1iZXI+KHBhcmFtcyk6PG1lbWJlcj4oY29tbWVudCk=	71	94489280914
68719477968	107374182436	Y29tbWVudA==	Y29tbWVudA==	Y3R4OnBhcmFtczo8cmV0dXJuVmFsdWU+OjxtZW1iZXI+KHBhcmFtcyk6PG1lbWJlcj4oY29tbWVudCk=	73	94489280914
68719477969	107374182436	Xw==	Xw==	bG9kYXNo	73	94489280916
68719477970	107374182436	Xw==	Xw==	bG9kYXNo	73	94489280916
68719477971	107374182436	dXNlcg==	dXNlcg==	Y3R4OnN0YXRlOjxyZXR1cm5WYWx1ZT46PG1lbWJlcj4oc3RhdGUpOjxtZW1iZXI+KHVzZXIp	73	94489280895
68719477972	107374182436	X3RtcF8yNQ==	X3RtcF8yNQ==	X19lY21hLkFycmF5	73	94489280915
68719477973	107374182436	X3RtcF8yNQ==	X3RtcF8yNQ==	X19lY21hLkFycmF5	73	
68719477974	107374182436	X3RtcF8yNQ==	X3RtcF8yNQ==	X19lY21hLkFycmF5	73	
68719477975	107374182436	X3RtcF8yNQ==	X3RtcF8yNQ==	X19lY21hLkFycmF5	73	
68719477976	107374182436	X3RtcF8yNQ==	X3RtcF8yNQ==	X19lY21hLkFycmF5	73	
68719477977	107374182436	X3RtcF8yNQ==	X3RtcF8yNQ==	X19lY21hLkFycmF5	73	
68719477978	107374182436	X3RtcF8yNQ==	X3RtcF8yNQ==	X19lY21hLkFycmF5	73	
68719477979	107374182436	X3RtcF8yNQ==	X3RtcF8yNQ==	X19lY21hLkFycmF5	73	
68719477980	107374182436	X3RtcF8yNQ==	X3RtcF8yNQ==	X19lY21hLkFycmF5	73	
68719477981	107374182436	X3RtcF8yNQ==	X3RtcF8yNQ==	X19lY21hLkFycmF5	73	
68719477982	107374182436	Y3R4	Y3R4	QU5Z	75	111669149763
68719477983	107374182436	X3RtcF8yNg==	X3RtcF8yNg==	QU5Z	75	
68719477984	107374182436	Y29tbWVudA==	Y29tbWVudA==	Y3R4OnBhcmFtczo8cmV0dXJuVmFsdWU+OjxtZW1iZXI+KHBhcmFtcyk6PG1lbWJlcj4oY29tbWVudCk=	75	94489280914
68719477985	107374182436	X3RtcF8yNg==	X3RtcF8yNg==	QU5Z	75	
68719477986	107374182437	X3RtcF8yNw==	X3RtcF8yNw==	Y3R4OnBhcmFtczo8cmV0dXJuVmFsdWU+OjxtZW1iZXI+KHBhcmFtcyk=	79	94489280907
68719477987	107374182437	Y3R4	Y3R4	QU5Z	79	111669149765
68719477988	107374182437	Y29tbWVudA==	Y29tbWVudA==	Y3R4OnBhcmFtczo8cmV0dXJuVmFsdWU+OjxtZW1iZXI+KHBhcmFtcyk6PG1lbWJlcj4oY29tbWVudCk=	79	94489280908
68719477989	107374182437	X3RtcF8yNw==	X3RtcF8yNw==	Y3R4OnBhcmFtczo8cmV0dXJuVmFsdWU+OjxtZW1iZXI+KHBhcmFtcyk=	79	
68719477990	107374182437	X3RtcF8yNw==	X3RtcF8yNw==	Y3R4OnBhcmFtczo8cmV0dXJuVmFsdWU+OjxtZW1iZXI+KHBhcmFtcyk=	79	
68719477991	107374182437	X3RtcF8yOA==	X3RtcF8yOA==	QU5Z	81	94489280911
68719477992	107374182437	X3RtcF8yOQ==	X3RtcF8yOQ==	Y29udHJvbGxlcnMvY29tbWVudHMtY29udHJvbGxlci5qczo6cHJvZ3JhbTpkYjo8cmV0dXJuVmFsdWU+	81	94489280912
68719477993	107374182437	ZGI=	ZGI=	QU5Z	81	94489280913
68719477994	107374182437	dGhpcw==	dGhpcw==	Y29udHJvbGxlcnMvY29tbWVudHMtY29udHJvbGxlci5qczo6cHJvZ3JhbQ==	81	111669149764
68719477995	107374182437	X3RtcF8yOQ==	X3RtcF8yOQ==	Y29udHJvbGxlcnMvY29tbWVudHMtY29udHJvbGxlci5qczo6cHJvZ3JhbTpkYjo8cmV0dXJuVmFsdWU+	81	94489280912
68719477996	107374182437	X3RtcF8yOA==	X3RtcF8yOA==	QU5Z	81	94489280911
68719477997	107374182437	X3RtcF8zMA==	X3RtcF8zMA==	QU5Z	83	
68719477998	107374182437	Y29tbWVudA==	Y29tbWVudA==	Y3R4OnBhcmFtczo8cmV0dXJuVmFsdWU+OjxtZW1iZXI+KHBhcmFtcyk6PG1lbWJlcj4oY29tbWVudCk=	83	94489280908
68719477999	107374182437	X3RtcF8zMA==	X3RtcF8zMA==	QU5Z	83	
68719478000	107374182437	Y3R4	Y3R4	QU5Z	85	111669149765
68719478001	107374182437	X3RtcF8zMQ==	X3RtcF8zMQ==	QU5Z	85	
68719478039	107374182438	dXNlcnM=	dXNlcnM=	eyBnZXQoY3R4OiBBTlkpOiBQcm9taXNlPHZvaWQ+OyBwb3N0KGN0eDogQU5ZKTogUHJvbWlzZTx2b2lkPjsgcHV0KGN0eDogQU5ZKTogUHJvbWlzZTx2b2lkPjsgbG9naW4oY3R4OiBBTlkpOiBQcm9taXNlPHZvaWQ+OyB9	1	94489280941
68719478040	107374182438	cmVxdWlyZQ==	cmVxdWlyZQ==	QU5Z	1	94489280947
68719478041	107374182438	dGhpcw==	dGhpcw==	Y29udHJvbGxlcnMvaW5kZXguanM6OnByb2dyYW0=	1	111669149767
68719478042	107374182438	dGFncw==	dGFncw==	eyBnZXQoY3R4OiBBTlkpOiBQcm9taXNlPHZvaWQ+OyB9	2	94489280942
68719478043	107374182438	cmVxdWlyZQ==	cmVxdWlyZQ==	QU5Z	2	94489280947
68719478044	107374182438	dGhpcw==	dGhpcw==	Y29udHJvbGxlcnMvaW5kZXguanM6OnByb2dyYW0=	2	111669149767
68719478045	107374182438	cHJvZmlsZXM=	cHJvZmlsZXM=	eyBieVVzZXJuYW1lKHVzZXJuYW1lOiBBTlksIGN0eDogQU5ZLCBuZXh0OiBBTlkpOiBQcm9taXNlPHZvaWQ+OyBnZXQoY3R4OiBBTlkpOiBQcm9taXNlPHZvaWQ+OyBmb2xsb3c6IHsgcG9zdChjdHg6IEFOWSk6IFByb21pc2U8dm9pZD47IGRlbChjdHg6IEFOWSk6IFByb21pc2U8Li4uPjsgfTsgfQ==	3	94489280943
68719478046	107374182438	cmVxdWlyZQ==	cmVxdWlyZQ==	QU5Z	3	94489280947
68719478047	107374182438	dGhpcw==	dGhpcw==	Y29udHJvbGxlcnMvaW5kZXguanM6OnByb2dyYW0=	3	111669149767
68719478048	107374182438	YXJ0aWNsZXM=	YXJ0aWNsZXM=	eyBieVNsdWcoc2x1ZzogQU5ZLCBjdHg6IEFOWSwgbmV4dDogQU5ZKTogUHJvbWlzZTx2b2lkPjsgZ2V0KGN0eDogQU5ZKTogUHJvbWlzZTx2b2lkPjsgZ2V0T25lKGN0eDogQU5ZKTogUHJvbWlzZTx2b2lkPjsgcG9zdChjdHg6IEFOWSk6IFByb21pc2U8dm9pZD47IC4uLiA0IG1vcmUgLi4uOyBjb21tZW50czogeyAuLi47IH07IH0=	4	94489280944
68719478049	107374182438	cmVxdWlyZQ==	cmVxdWlyZQ==	QU5Z	4	94489280947
68719478050	107374182438	dGhpcw==	dGhpcw==	Y29udHJvbGxlcnMvaW5kZXguanM6OnByb2dyYW0=	4	111669149767
68719478051	107374182438	bW9kdWxl	bW9kdWxl	eyBleHBvcnRzOiBpbXBvcnQoIi90bXAvY29ycHVzX2Qvc3JjL2NvbnRyb2xsZXJzL2luZGV4LmpzIik7IH0=	6	94489280946
68719478052	107374182438	X3RtcF8w	X3RtcF8w	QU5Z	7	
68719478053	107374182438	dXNlcnM=	dXNlcnM=	eyBnZXQoY3R4OiBBTlkpOiBQcm9taXNlPHZvaWQ+OyBwb3N0KGN0eDogQU5ZKTogUHJvbWlzZTx2b2lkPjsgcHV0KGN0eDogQU5ZKTogUHJvbWlzZTx2b2lkPjsgbG9naW4oY3R4OiBBTlkpOiBQcm9taXNlPHZvaWQ+OyB9	7	94489280941
68719478054	107374182438	X3RtcF8w	X3RtcF8w	QU5Z	8	
68719478055	107374182438	dGFncw==	dGFncw==	eyBnZXQoY3R4OiBBTlkpOiBQcm9taXNlPHZvaWQ+OyB9	8	94489280942
68719478056	107374182438	X3RtcF8w	X3RtcF8w	QU5Z	9	
68719478057	107374182438	cHJvZmlsZXM=	cHJvZmlsZXM=	eyBieVVzZXJuYW1lKHVzZXJuYW1lOiBBTlksIGN0eDogQU5ZLCBuZXh0OiBBTlkpOiBQcm9taXNlPHZvaWQ+OyBnZXQoY3R4OiBBTlkpOiBQcm9taXNlPHZvaWQ+OyBmb2xsb3c6IHsgcG9zdChjdHg6IEFOWSk6IFByb21pc2U8dm9pZD47IGRlbChjdHg6IEFOWSk6IFByb21pc2U8Li4uPjsgfTsgfQ==	9	94489280943
68719478058	107374182438	X3RtcF8w	X3RtcF8w	QU5Z	10	
68719478059	107374182438	YXJ0aWNsZXM=	YXJ0aWNsZXM=	eyBieVNsdWcoc2x1ZzogQU5ZLCBjdHg6IEFOWSwgbmV4dDogQU5ZKTogUHJvbWlzZTx2b2lkPjsgZ2V0KGN0eDogQU5ZKTogUHJvbWlzZTx2b2lkPjsgZ2V0T25lKGN0eDogQU5ZKTogUHJvbWlzZTx2b2lkPjsgcG9zdChjdHg6IEFOWSk6IFByb21pc2U8dm9pZD47IC4uLiA0IG1vcmUgLi4uOyBjb21tZW50czogeyAuLi47IH07IH0=	10	94489280944
68719478060	107374182438	X3RtcF8w	X3RtcF8w	QU5Z	6	
68719478061	107374182439	X3RtcF84	X3RtcF84	Y29udHJvbGxlcnMvcHJvZmlsZXMtY29udHJvbGxlci5qczo6cHJvZ3JhbTpvbjo8cmV0dXJuVmFsdWU+	21	94489281001
68719478062	107374182439	dGhpcw==	dGhpcw==	Y29udHJvbGxlcnMvcHJvZmlsZXMtY29udHJvbGxlci5qczo6cHJvZ3JhbQ==	21	111669149768
68719478063	107374182439	dGhpcw==	dGhpcw==	Y29udHJvbGxlcnMvcHJvZmlsZXMtY29udHJvbGxlci5qczo6cHJvZ3JhbQ==	21	111669149768
68719478064	107374182439	X3RtcF84	X3RtcF84	Y29udHJvbGxlcnMvcHJvZmlsZXMtY29udHJvbGxlci5qczo6cHJvZ3JhbTpvbjo8cmV0dXJuVmFsdWU+	21	94489281001
68719478065	107374182439	X3RtcF85	X3RtcF85	X19lY21hLkFycmF5	21	94489281000
68719478066	107374182439	X3RtcF85	X3RtcF85	X19lY21hLkFycmF5	22	
68719478067	107374182439	X3RtcF85	X3RtcF85	X19lY21hLkFycmF5	22	
68719478068	107374182439	dXNlcg==	dXNlcg==	Y3R4OnN0YXRlOjxyZXR1cm5WYWx1ZT46PG1lbWJlcj4oc3RhdGUpOjxtZW1iZXI+KHVzZXIp	22	94489280999
68719478069	107374182439	dXNlcg==	dXNlcg==	Y3R4OnN0YXRlOjxyZXR1cm5WYWx1ZT46PG1lbWJlcj4oc3RhdGUpOjxtZW1iZXI+KHVzZXIp	22	94489280999
68719478070	107374182439	X3RtcF85	X3RtcF85	X19lY21hLkFycmF5	21	
68719478071	107374182439	Y3R4	Y3R4	QU5Z	10	111669149771
68719478072	107374182439	Y3R4	Y3R4	QU5Z	10	111669149771
68719478073	107374182439	dXNlcm5hbWU=	dXNlcm5hbWU=	QU5Z	10	111669149770
68719478074	107374182439	X3RtcF8z	X3RtcF8z	Y3R4OnN0YXRlOjxyZXR1cm5WYWx1ZT46PG1lbWJlcj4oc3RhdGUp	12	94489280961
68719478075	107374182439	Y3R4	Y3R4	QU5Z	12	111669149771
68719478076	107374182439	dXNlcg==	dXNlcg==	Y3R4OnN0YXRlOjxyZXR1cm5WYWx1ZT46PG1lbWJlcj4oc3RhdGUpOjxtZW1iZXI+KHVzZXIp	12	94489280962
68719478077	107374182439	X3RtcF8z	X3RtcF8z	Y3R4OnN0YXRlOjxyZXR1cm5WYWx1ZT46PG1lbWJlcj4oc3RhdGUp	12	
68719478078	107374182439	X3RtcF8z	X3RtcF8z	Y3R4OnN0YXRlOjxyZXR1cm5WYWx1ZT46PG1lbWJlcj4oc3RhdGUp	12	
68719478079	107374182439	Y3R4	Y3R4	QU5Z	14	111669149771
68719478080	107374182439	X3RtcF80	X3RtcF80	QU5Z	14	94489281002
68719478081	107374182439	X3RtcF81	X3RtcF81	QU5Z	14	94489281003
68719478082	107374182439	X3RtcF82	X3RtcF82	Y29udHJvbGxlcnMvcHJvZmlsZXMtY29udHJvbGxlci5qczo6cHJvZ3JhbTpkYjo8cmV0dXJuVmFsdWU+	14	94489281006
68719478083	107374182439	ZGI=	ZGI=	QU5Z	14	94489281007
68719478084	107374182439	dGhpcw==	dGhpcw==	Y29udHJvbGxlcnMvcHJvZmlsZXMtY29udHJvbGxlci5qczo6cHJvZ3JhbQ==	14	111669149769
68719478085	107374182439	X3RtcF82	X3RtcF82	Y29udHJvbGxlcnMvcHJvZmlsZXMtY29udHJvbGxlci5qczo6cHJvZ3JhbTpkYjo8cmV0dXJuVmFsdWU+	14	94489281006
68719478086	107374182439	Z2V0U2VsZWN0	Z2V0U2VsZWN0	KHRhYmxlOiBBTlksIHByZWZpeDogQU5ZLCBmaWVsZHM6IEFOWSkgPT4gQU5Z	16	94489281005
68719478087	107374182439	dGhpcw==	dGhpcw==	Y29udHJvbGxlcnMvcHJvZmlsZXMtY29udHJvbGxlci5qczo6cHJvZ3JhbQ==	16	111669149769
68719478088	107374182439	dXNlckZpZWxkcw==	dXNlckZpZWxkcw==	X19lY21hLkFycmF5	16	94489281004
68719478089	107374182439	X3RtcF81	X3RtcF81	QU5Z	14	94489281003
68719478090	107374182439	X3RtcF83	X3RtcF83	QU5Z	19	
68719478091	107374182439	dXNlcm5hbWU=	dXNlcm5hbWU=	QU5Z	19	111669149770
68719478092	107374182439	X3RtcF83	X3RtcF83	QU5Z	19	
68719478093	107374182439	X3RtcF80	X3RtcF80	QU5Z	14	94489281002
68719478094	107374182439	Y3R4	Y3R4	QU5Z	26	111669149771
68719478095	107374182439	Y3R4	Y3R4	QU5Z	26	111669149771
68719478096	107374182439	Y3R4	Y3R4	QU5Z	26	111669149771
68719478097	107374182439	Y3R4	Y3R4	QU5Z	26	111669149771
68719478098	107374182439	Y3R4	Y3R4	QU5Z	28	111669149771
68719478099	107374182439	am9pbkpz	am9pbkpz	am9pbi1qcw==	28	94489280998
68719478100	107374182439	am9pbkpz	am9pbkpz	am9pbi1qcw==	28	94489280998
68719478101	107374182439	Y3R4	Y3R4	QU5Z	29	111669149771
68719478102	107374182439	cmVsYXRpb25zTWFwcw==	cmVsYXRpb25zTWFwcw==	X19lY21hLkFycmF5	30	94489280997
68719478103	107374182439	bmV4dA==	bmV4dA==	QU5Z	35	111669149772
68719478104	107374182439	dGhpcw==	dGhpcw==	Y29udHJvbGxlcnMvcHJvZmlsZXMtY29udHJvbGxlci5qczo6cHJvZ3JhbQ==	35	111669149769
68719478105	107374182439	Y3R4	Y3R4	QU5Z	37	111669149771
68719478106	107374182439	Y3R4	Y3R4	QU5Z	38	111669149771
68719478107	107374182439	Xw==	Xw==	bG9kYXNo	38	94489280996
68719478108	107374182439	Xw==	Xw==	bG9kYXNo	38	94489280996
68719478109	107374182439	Y3R4	Y3R4	QU5Z	38	111669149771
68719478110	107374182439	Y3R4	Y3R4	QU5Z	39	111669149771
68719478111	107374182439	Y3R4	Y3R4	QU5Z	39	111669149771
68719478112	107374182439	X3RtcF8xMA==	X3RtcF8xMA==	Y3R4OnBhcmFtczo8cmV0dXJuVmFsdWU+OjxtZW1iZXI+KHBhcmFtcyk=	44	94489280966
68719478113	107374182439	Y3R4	Y3R4	QU5Z	44	111669149774
68719478114	107374182439	cHJvZmlsZQ==	cHJvZmlsZQ==	Y3R4OnBhcmFtczo8cmV0dXJuVmFsdWU+OjxtZW1iZXI+KHBhcmFtcyk6PG1lbWJlcj4ocHJvZmlsZSk=	44	94489280967
68719478115	107374182439	X3RtcF8xMA==	X3RtcF8xMA==	Y3R4OnBhcmFtczo8cmV0dXJuVmFsdWU+OjxtZW1iZXI+KHBhcmFtcyk=	44	
68719478116	107374182439	X3RtcF8xMA==	X3RtcF8xMA==	Y3R4OnBhcmFtczo8cmV0dXJuVmFsdWU+OjxtZW1iZXI+KHBhcmFtcyk=	44	
68719478117	107374182439	Y3R4	Y3R4	QU5Z	45	111669149774
68719478118	107374182439	X3RtcF8xMQ==	X3RtcF8xMQ==	QU5Z	45	
68719478119	107374182439	cHJvZmlsZQ==	cHJvZmlsZQ==	Y3R4OnBhcmFtczo8cmV0dXJuVmFsdWU+OjxtZW1iZXI+KHBhcmFtcyk6PG1lbWJlcj4ocHJvZmlsZSk=	45	94489280967
68719478120	107374182439	X3RtcF8xMQ==	X3RtcF8xMQ==	QU5Z	45	
68719478121	107374182439	X3RtcF8xMw==	X3RtcF8xMw==	Y3R4OnBhcmFtczo8cmV0dXJuVmFsdWU+OjxtZW1iZXI+KHBhcmFtcyk=	50	94489280971
68719478122	107374182439	Y3R4	Y3R4	QU5Z	50	111669149776
68719478123	107374182439	cHJvZmlsZQ==	cHJvZmlsZQ==	Y3R4OnBhcmFtczo8cmV0dXJuVmFsdWU+OjxtZW1iZXI+KHBhcmFtcyk6PG1lbWJlcj4ocHJvZmlsZSk=	50	94489280972
68719478124	107374182439	X3RtcF8xMw==	X3RtcF8xMw==	Y3R4OnBhcmFtczo8cmV0dXJuVmFsdWU+OjxtZW1iZXI+KHBhcmFtcyk=	50	
68719478125	107374182439	X3RtcF8xMw==	X3RtcF8xMw==	Y3R4OnBhcmFtczo8cmV0dXJuVmFsdWU+OjxtZW1iZXI+KHBhcmFtcyk=	50	
68719478126	107374182439	X3RtcF8xNA==	X3RtcF8xNA==	Y3R4OnN0YXRlOjxyZXR1cm5WYWx1ZT46PG1lbWJlcj4oc3RhdGUp	51	94489280974
68719478127	107374182439	Y3R4	Y3R4	QU5Z	51	111669149776
68719478128	107374182439	dXNlcg==	dXNlcg==	Y3R4OnN0YXRlOjxyZXR1cm5WYWx1ZT46PG1lbWJlcj4oc3RhdGUpOjxtZW1iZXI+KHVzZXIp	51	94489280975
68719478129	107374182439	X3RtcF8xNA==	X3RtcF8xNA==	Y3R4OnN0YXRlOjxyZXR1cm5WYWx1ZT46PG1lbWJlcj4oc3RhdGUp	51	
68719478130	107374182439	X3RtcF8xNA==	X3RtcF8xNA==	Y3R4OnN0YXRlOjxyZXR1cm5WYWx1ZT46PG1lbWJlcj4oc3RhdGUp	51	
68719478131	107374182439	cHJvZmlsZQ==	cHJvZmlsZQ==	Y3R4OnBhcmFtczo8cmV0dXJuVmFsdWU+OjxtZW1iZXI+KHBhcmFtcyk6PG1lbWJlcj4ocHJvZmlsZSk=	53	94489280972
68719478132	107374182439	Y3R4	Y3R4	QU5Z	54	111669149776
68719478133	107374182439	X3RtcF8xNQ==	X3RtcF8xNQ==	QU5Z	54	
68719478134	107374182439	cHJvZmlsZQ==	cHJvZmlsZQ==	Y3R4OnBhcmFtczo8cmV0dXJuVmFsdWU+OjxtZW1iZXI+KHBhcmFtcyk6PG1lbWJlcj4ocHJvZmlsZSk=	54	94489280972
68719478135	107374182439	X3RtcF8xNQ==	X3RtcF8xNQ==	QU5Z	54	
68719478136	107374182439	dXNlcg==	dXNlcg==	Y3R4OnN0YXRlOjxyZXR1cm5WYWx1ZT46PG1lbWJlcj4oc3RhdGUpOjxtZW1iZXI+KHVzZXIp	58	94489280975
68719478137	107374182439	cHJvZmlsZQ==	cHJvZmlsZQ==	Y3R4OnBhcmFtczo8cmV0dXJuVmFsdWU+OjxtZW1iZXI+KHBhcmFtcyk6PG1lbWJlcj4ocHJvZmlsZSk=	58	94489280972
68719478138	107374182439	Zm9sbG93	Zm9sbG93	eyBpZDogQU5ZOyB1c2VyOiBBTlk7IGZvbGxvd2VyOiBBTlk7IH0=	59	94489280977
68719478139	107374182439	X3RtcF8xNg==	X3RtcF8xNg==	QU5Z	60	
68719478140	107374182439	dXVpZA==	dXVpZA==	dXVpZA==	60	94489280995
68719478141	107374182439	dGhpcw==	dGhpcw==	Y29udHJvbGxlcnMvcHJvZmlsZXMtY29udHJvbGxlci5qczo6cHJvZ3JhbQ==	60	111669149775
68719478142	107374182439	X3RtcF8xNg==	X3RtcF8xNg==	QU5Z	61	
68719478143	107374182439	cHJvZmlsZQ==	cHJvZmlsZQ==	Y3R4OnBhcmFtczo8cmV0dXJuVmFsdWU+OjxtZW1iZXI+KHBhcmFtcyk6PG1lbWJlcj4ocHJvZmlsZSk=	61	94489280972
68719478144	107374182439	X3RtcF8xNg==	X3RtcF8xNg==	QU5Z	62	
68719478145	107374182439	dXNlcg==	dXNlcg==	Y3R4OnN0YXRlOjxyZXR1cm5WYWx1ZT46PG1lbWJlcj4oc3RhdGUpOjxtZW1iZXI+KHVzZXIp	62	94489280975
68719478146	107374182439	X3RtcF8xNg==	X3RtcF8xNg==	QU5Z	59	
68719478147	107374182439	X3RtcF8xNw==	X3RtcF8xNw==	Y29udHJvbGxlcnMvcHJvZmlsZXMtY29udHJvbGxlci5qczo6cHJvZ3JhbTpkYjo8cmV0dXJuVmFsdWU+	66	94489280993
68719478148	107374182439	ZGI=	ZGI=	QU5Z	66	94489280994
68719478149	107374182439	dGhpcw==	dGhpcw==	Y29udHJvbGxlcnMvcHJvZmlsZXMtY29udHJvbGxlci5qczo6cHJvZ3JhbQ==	66	111669149775
68719478150	107374182439	X3RtcF8xNw==	X3RtcF8xNw==	Y29udHJvbGxlcnMvcHJvZmlsZXMtY29udHJvbGxlci5qczo6cHJvZ3JhbTpkYjo8cmV0dXJuVmFsdWU+	66	94489280993
68719478151	107374182439	Zm9sbG93	Zm9sbG93	eyBpZDogQU5ZOyB1c2VyOiBBTlk7IGZvbGxvd2VyOiBBTlk7IH0=	66	94489280977
68719478152	107374182439	ZXJy	ZXJy	QU5Z	67	94489280992
68719478153	107374182439	Y3R4	Y3R4	QU5Z	68	111669149776
68719478154	107374182439	Y3R4	Y3R4	QU5Z	68	111669149776
68719478155	107374182439	ZXJy	ZXJy	QU5Z	69	94489280992
68719478156	107374182439	ZXJy	ZXJy	QU5Z	69	94489280992
68719478157	107374182439	ZXJy	ZXJy	QU5Z	70	94489280992
68719478158	107374182439	cHJvZmlsZQ==	cHJvZmlsZQ==	Y3R4OnBhcmFtczo8cmV0dXJuVmFsdWU+OjxtZW1iZXI+KHBhcmFtcyk6PG1lbWJlcj4ocHJvZmlsZSk=	74	94489280972
68719478159	107374182439	Y3R4	Y3R4	QU5Z	77	111669149776
68719478160	107374182439	X3RtcF8xOA==	X3RtcF8xOA==	QU5Z	77	
68719478161	107374182439	cHJvZmlsZQ==	cHJvZmlsZQ==	Y3R4OnBhcmFtczo8cmV0dXJuVmFsdWU+OjxtZW1iZXI+KHBhcmFtcyk6PG1lbWJlcj4ocHJvZmlsZSk=	77	94489280972
68719478162	107374182439	X3RtcF8xOA==	X3RtcF8xOA==	QU5Z	77	
68719478163	107374182439	X3RtcF8xOQ==	X3RtcF8xOQ==	Y3R4OnBhcmFtczo8cmV0dXJuVmFsdWU+OjxtZW1iZXI+KHBhcmFtcyk=	81	94489280981
68719478164	107374182439	Y3R4	Y3R4	QU5Z	81	111669149778
68719478165	107374182439	cHJvZmlsZQ==	cHJvZmlsZQ==	Y3R4OnBhcmFtczo8cmV0dXJuVmFsdWU+OjxtZW1iZXI+KHBhcmFtcyk6PG1lbWJlcj4ocHJvZmlsZSk=	81	94489280982
68719478166	107374182439	X3RtcF8xOQ==	X3RtcF8xOQ==	Y3R4OnBhcmFtczo8cmV0dXJuVmFsdWU+OjxtZW1iZXI+KHBhcmFtcyk=	81	
68719478167	107374182439	X3RtcF8xOQ==	X3RtcF8xOQ==	Y3R4OnBhcmFtczo8cmV0dXJuVmFsdWU+OjxtZW1iZXI+KHBhcmFtcyk=	81	
68719478168	107374182439	X3RtcF8yMA==	X3RtcF8yMA==	Y3R4OnN0YXRlOjxyZXR1cm5WYWx1ZT46PG1lbWJlcj4oc3RhdGUp	82	94489280984
68719478169	107374182439	Y3R4	Y3R4	QU5Z	82	111669149778
68719478170	107374182439	dXNlcg==	dXNlcg==	Y3R4OnN0YXRlOjxyZXR1cm5WYWx1ZT46PG1lbWJlcj4oc3RhdGUpOjxtZW1iZXI+KHVzZXIp	82	94489280985
68719478171	107374182439	X3RtcF8yMA==	X3RtcF8yMA==	Y3R4OnN0YXRlOjxyZXR1cm5WYWx1ZT46PG1lbWJlcj4oc3RhdGUp	82	
68719478172	107374182439	X3RtcF8yMA==	X3RtcF8yMA==	Y3R4OnN0YXRlOjxyZXR1cm5WYWx1ZT46PG1lbWJlcj4oc3RhdGUp	82	
68719478173	107374182439	cHJvZmlsZQ==	cHJvZmlsZQ==	Y3R4OnBhcmFtczo8cmV0dXJuVmFsdWU+OjxtZW1iZXI+KHBhcmFtcyk6PG1lbWJlcj4ocHJvZmlsZSk=	84	94489280982
68719478174	107374182439	Y3R4	Y3R4	QU5Z	85	111669149778
68719478175	107374182439	X3RtcF8yMQ==	X3RtcF8yMQ==	QU5Z	85	
68719478176	107374182439	cHJvZmlsZQ==	cHJvZmlsZQ==	Y3R4OnBhcmFtczo8cmV0dXJuVmFsdWU+OjxtZW1iZXI+KHBhcmFtcyk6PG1lbWJlcj4ocHJvZmlsZSk=	85	94489280982
68719478177	107374182439	X3RtcF8yMQ==	X3RtcF8yMQ==	QU5Z	85	
68719478178	107374182439	X3RtcF8yMg==	X3RtcF8yMg==	QU5Z	89	94489280989
68719478179	107374182439	X3RtcF8yMw==	X3RtcF8yMw==	Y29udHJvbGxlcnMvcHJvZmlsZXMtY29udHJvbGxlci5qczo6cHJvZ3JhbTpkYjo8cmV0dXJuVmFsdWU+	89	94489280990
68719478180	107374182439	ZGI=	ZGI=	QU5Z	89	94489280991
68719478181	107374182439	dGhpcw==	dGhpcw==	Y29udHJvbGxlcnMvcHJvZmlsZXMtY29udHJvbGxlci5qczo6cHJvZ3JhbQ==	89	111669149777
68719478182	107374182439	X3RtcF8yMw==	X3RtcF8yMw==	Y29udHJvbGxlcnMvcHJvZmlsZXMtY29udHJvbGxlci5qczo6cHJvZ3JhbTpkYjo8cmV0dXJuVmFsdWU+	89	94489280990
68719478183	107374182439	X3RtcF8yNA==	X3RtcF8yNA==	QU5Z	90	
68719478184	107374182439	cHJvZmlsZQ==	cHJvZmlsZQ==	Y3R4OnBhcmFtczo8cmV0dXJuVmFsdWU+OjxtZW1iZXI+KHBhcmFtcyk6PG1lbWJlcj4ocHJvZmlsZSk=	90	94489280982
68719478185	107374182439	X3RtcF8yNA==	X3RtcF8yNA==	QU5Z	90	
68719478186	107374182439	dXNlcg==	dXNlcg==	Y3R4OnN0YXRlOjxyZXR1cm5WYWx1ZT46PG1lbWJlcj4oc3RhdGUpOjxtZW1iZXI+KHVzZXIp	90	94489280985
68719478187	107374182439	X3RtcF8yNA==	X3RtcF8yNA==	QU5Z	90	
68719478188	107374182439	X3RtcF8yMg==	X3RtcF8yMg==	QU5Z	89	94489280989
68719478189	107374182439	cHJvZmlsZQ==	cHJvZmlsZQ==	Y3R4OnBhcmFtczo8cmV0dXJuVmFsdWU+OjxtZW1iZXI+KHBhcmFtcyk6PG1lbWJlcj4ocHJvZmlsZSk=	93	94489280982
68719478190	107374182439	Y3R4	Y3R4	QU5Z	95	111669149778
68719478191	107374182439	X3RtcF8yNQ==	X3RtcF8yNQ==	QU5Z	95	
68719478192	107374182439	cHJvZmlsZQ==	cHJvZmlsZQ==	Y3R4OnBhcmFtczo8cmV0dXJuVmFsdWU+OjxtZW1iZXI+KHBhcmFtcyk6PG1lbWJlcj4ocHJvZmlsZSk=	95	94489280982
68719478193	107374182439	X3RtcF8yNQ==	X3RtcF8yNQ==	QU5Z	95	
68719478194	107374182439	Xw==	Xw==	bG9kYXNo	1	94489280948
68719478195	107374182439	cmVxdWlyZQ==	cmVxdWlyZQ==	KCJqb2luLWpzIik6PG1lbWJlcj4oZGVmYXVsdCk=	1	94489281009
68719478196	107374182439	dGhpcw==	dGhpcw==	Y29udHJvbGxlcnMvcHJvZmlsZXMtY29udHJvbGxlci5qczo6cHJvZ3JhbQ==	1	111669149779
68719478197	107374182439	dXVpZA==	dXVpZA==	dXVpZA==	2	94489280949
68719478198	107374182439	cmVxdWlyZQ==	cmVxdWlyZQ==	KCJqb2luLWpzIik6PG1lbWJlcj4oZGVmYXVsdCk=	2	94489281009
68719478199	107374182439	dGhpcw==	dGhpcw==	Y29udHJvbGxlcnMvcHJvZmlsZXMtY29udHJvbGxlci5qczo6cHJvZ3JhbQ==	2	111669149779
68719478200	107374182439	X3RtcF8w	X3RtcF8w	bGliL3V0aWxzLmpzOjpwcm9ncmFtOmdldFNlbGVjdA==	3	94489280951
68719478201	107374182439	cmVxdWlyZQ==	cmVxdWlyZQ==	KCJqb2luLWpzIik6PG1lbWJlcj4oZGVmYXVsdCk=	3	94489281009
68719478202	107374182439	dGhpcw==	dGhpcw==	Y29udHJvbGxlcnMvcHJvZmlsZXMtY29udHJvbGxlci5qczo6cHJvZ3JhbQ==	3	111669149779
68719478203	107374182439	Z2V0U2VsZWN0	Z2V0U2VsZWN0	KHRhYmxlOiBBTlksIHByZWZpeDogQU5ZLCBmaWVsZHM6IEFOWSkgPT4gQU5Z	3	94489280952
68719478204	107374182439	X3RtcF8w	X3RtcF8w	bGliL3V0aWxzLmpzOjpwcm9ncmFtOmdldFNlbGVjdA==	3	
68719478205	107374182439	X3RtcF8w	X3RtcF8w	bGliL3V0aWxzLmpzOjpwcm9ncmFtOmdldFNlbGVjdA==	3	
68719478206	107374182439	X3RtcF8x	X3RtcF8x	X19lY21hLkFycmF5	4	94489280954
68719478207	107374182439	cmVxdWlyZQ==	cmVxdWlyZQ==	KCJqb2luLWpzIik6PG1lbWJlcj4oZGVmYXVsdCk=	4	94489281009
68719478208	107374182439	dGhpcw==	dGhpcw==	Y29udHJvbGxlcnMvcHJvZmlsZXMtY29udHJvbGxlci5qczo6cHJvZ3JhbQ==	4	111669149779
68719478209	107374182439	dXNlckZpZWxkcw==	dXNlckZpZWxkcw==	X19lY21hLkFycmF5	4	94489280955
68719478210	107374182439	X3RtcF8x	X3RtcF8x	X19lY21hLkFycmF5	4	
68719478211	107374182439	cmVsYXRpb25zTWFwcw==	cmVsYXRpb25zTWFwcw==	X19lY21hLkFycmF5	4	94489280956
68719478212	107374182439	X3RtcF8x	X3RtcF8x	X19lY21hLkFycmF5	4	
68719478213	107374182439	X3RtcF8x	X3RtcF8x	X19lY21hLkFycmF5	4	
68719478214	107374182439	am9pbkpz	am9pbkpz	am9pbi1qcw==	5	94489280957
68719478215	107374182439	cmVxdWlyZQ==	cmVxdWlyZQ==	KCJqb2luLWpzIik6PG1lbWJlcj4oZGVmYXVsdCk=	5	94489281009
68719478216	107374182439	dGhpcw==	dGhpcw==	Y29udHJvbGxlcnMvcHJvZmlsZXMtY29udHJvbGxlci5qczo6cHJvZ3JhbQ==	5	111669149779
68719478217	107374182439	ZGI=	ZGI=	QU5Z	6	94489280958
68719478218	107374182439	cmVxdWlyZQ==	cmVxdWlyZQ==	KCJqb2luLWpzIik6PG1lbWJlcj4oZGVmYXVsdCk=	6	94489281009
68719478219	107374182439	dGhpcw==	dGhpcw==	Y29udHJvbGxlcnMvcHJvZmlsZXMtY29udHJvbGxlci5qczo6cHJvZ3JhbQ==	6	111669149779
68719478220	107374182439	bW9kdWxl	bW9kdWxl	eyBleHBvcnRzOiB7IGJ5VXNlcm5hbWUodXNlcm5hbWU6IEFOWSwgY3R4OiBBTlksIG5leHQ6IEFOWSk6IFByb21pc2U8dm9pZD47IGdldChjdHg6IEFOWSk6IFByb21pc2U8dm9pZD47IGZvbGxvdzogeyBwb3N0KGN0eDogQU5ZKTogUHJvbWlzZTx2b2lkPjsgZGVsKGN0eDogQU5ZKTogUHJvbWlzZTwuLi4+OyB9OyB9OyB9	8	94489281008
68719478221	107374182439	X3RtcF8y	X3RtcF8y	QU5Z	9	
68719478222	107374182439	X3RtcF8y	X3RtcF8y	QU5Z	43	
68719478223	107374182439	X3RtcF8y	X3RtcF8y	QU5Z	48	
68719478224	107374182439	X3RtcF8xMg==	X3RtcF8xMg==	QU5Z	49	
68719478225	107374182439	X3RtcF8xMg==	X3RtcF8xMg==	QU5Z	80	
68719478226	107374182439	X3RtcF8xMg==	X3RtcF8xMg==	QU5Z	48	
68719478227	107374182439	X3RtcF8y	X3RtcF8y	QU5Z	8	
68719478061	107374182440	X3RtcF84	X3RtcF84	Y29udHJvbGxlcnMvcHJvZmlsZXMtY29udHJvbGxlci5qczo6cHJvZ3JhbTpvbjo8cmV0dXJuVmFsdWU+	21	94489281001
68719478062	107374182440	dGhpcw==	dGhpcw==	Y29udHJvbGxlcnMvcHJvZmlsZXMtY29udHJvbGxlci5qczo6cHJvZ3JhbQ==	21	111669149768
68719478063	107374182440	dGhpcw==	dGhpcw==	Y29udHJvbGxlcnMvcHJvZmlsZXMtY29udHJvbGxlci5qczo6cHJvZ3JhbQ==	21	111669149768
68719478064	107374182440	X3RtcF84	X3RtcF84	Y29udHJvbGxlcnMvcHJvZmlsZXMtY29udHJvbGxlci5qczo6cHJvZ3JhbTpvbjo8cmV0dXJuVmFsdWU+	21	94489281001
68719478065	107374182440	X3RtcF85	X3RtcF85	X19lY21hLkFycmF5	21	94489281000
68719478066	107374182440	X3RtcF85	X3RtcF85	X19lY21hLkFycmF5	22	
68719478067	107374182440	X3RtcF85	X3RtcF85	X19lY21hLkFycmF5	22	
68719478068	107374182440	dXNlcg==	dXNlcg==	Y3R4OnN0YXRlOjxyZXR1cm5WYWx1ZT46PG1lbWJlcj4oc3RhdGUpOjxtZW1iZXI+KHVzZXIp	22	94489280999
68719478069	107374182440	dXNlcg==	dXNlcg==	Y3R4OnN0YXRlOjxyZXR1cm5WYWx1ZT46PG1lbWJlcj4oc3RhdGUpOjxtZW1iZXI+KHVzZXIp	22	94489280999
68719478070	107374182440	X3RtcF85	X3RtcF85	X19lY21hLkFycmF5	21	
68719478061	107374182441	X3RtcF84	X3RtcF84	Y29udHJvbGxlcnMvcHJvZmlsZXMtY29udHJvbGxlci5qczo6cHJvZ3JhbTpvbjo8cmV0dXJuVmFsdWU+	21	94489281001
68719478062	107374182441	dGhpcw==	dGhpcw==	Y29udHJvbGxlcnMvcHJvZmlsZXMtY29udHJvbGxlci5qczo6cHJvZ3JhbQ==	21	111669149768
68719478063	107374182441	dGhpcw==	dGhpcw==	Y29udHJvbGxlcnMvcHJvZmlsZXMtY29udHJvbGxlci5qczo6cHJvZ3JhbQ==	21	111669149768
68719478064	107374182441	X3RtcF84	X3RtcF84	Y29udHJvbGxlcnMvcHJvZmlsZXMtY29udHJvbGxlci5qczo6cHJvZ3JhbTpvbjo8cmV0dXJuVmFsdWU+	21	94489281001
68719478065	107374182441	X3RtcF85	X3RtcF85	X19lY21hLkFycmF5	21	94489281000
68719478066	107374182441	X3RtcF85	X3RtcF85	X19lY21hLkFycmF5	22	
68719478067	107374182441	X3RtcF85	X3RtcF85	X19lY21hLkFycmF5	22	
68719478068	107374182441	dXNlcg==	dXNlcg==	Y3R4OnN0YXRlOjxyZXR1cm5WYWx1ZT46PG1lbWJlcj4oc3RhdGUpOjxtZW1iZXI+KHVzZXIp	22	94489280999
68719478069	107374182441	dXNlcg==	dXNlcg==	Y3R4OnN0YXRlOjxyZXR1cm5WYWx1ZT46PG1lbWJlcj4oc3RhdGUpOjxtZW1iZXI+KHVzZXIp	22	94489280999
68719478070	107374182441	X3RtcF85	X3RtcF85	X19lY21hLkFycmF5	21	
68719478071	107374182441	Y3R4	Y3R4	QU5Z	10	111669149771
68719478072	107374182441	Y3R4	Y3R4	QU5Z	10	111669149771
68719478073	107374182441	dXNlcm5hbWU=	dXNlcm5hbWU=	QU5Z	10	111669149770
68719478074	107374182441	X3RtcF8z	X3RtcF8z	Y3R4OnN0YXRlOjxyZXR1cm5WYWx1ZT46PG1lbWJlcj4oc3RhdGUp	12	94489280961
68719478075	107374182441	Y3R4	Y3R4	QU5Z	12	111669149771
68719478076	107374182441	dXNlcg==	dXNlcg==	Y3R4OnN0YXRlOjxyZXR1cm5WYWx1ZT46PG1lbWJlcj4oc3RhdGUpOjxtZW1iZXI+KHVzZXIp	12	94489280962
68719478077	107374182441	X3RtcF8z	X3RtcF8z	Y3R4OnN0YXRlOjxyZXR1cm5WYWx1ZT46PG1lbWJlcj4oc3RhdGUp	12	
68719478078	107374182441	X3RtcF8z	X3RtcF8z	Y3R4OnN0YXRlOjxyZXR1cm5WYWx1ZT46PG1lbWJlcj4oc3RhdGUp	12	
68719478079	107374182441	Y3R4	Y3R4	QU5Z	14	111669149771
68719478080	107374182441	X3RtcF80	X3RtcF80	QU5Z	14	94489281002
68719478081	107374182441	X3RtcF81	X3RtcF81	QU5Z	14	94489281003
68719478082	107374182441	X3RtcF82	X3RtcF82	Y29udHJvbGxlcnMvcHJvZmlsZXMtY29udHJvbGxlci5qczo6cHJvZ3JhbTpkYjo8cmV0dXJuVmFsdWU+	14	94489281006
68719478083	107374182441	ZGI=	ZGI=	QU5Z	14	94489281007
68719478084	107374182441	dGhpcw==	dGhpcw==	Y29udHJvbGxlcnMvcHJvZmlsZXMtY29udHJvbGxlci5qczo6cHJvZ3JhbQ==	14	111669149769
68719478085	107374182441	X3RtcF82	X3RtcF82	Y29udHJvbGxlcnMvcHJvZmlsZXMtY29udHJvbGxlci5qczo6cHJvZ3JhbTpkYjo8cmV0dXJuVmFsdWU+	14	94489281006
68719478086	107374182441	Z2V0U2VsZWN0	Z2V0U2VsZWN0	KHRhYmxlOiBBTlksIHByZWZpeDogQU5ZLCBmaWVsZHM6IEFOWSkgPT4gQU5Z	16	94489281005
68719478087	107374182441	dGhpcw==	dGhpcw==	Y29udHJvbGxlcnMvcHJvZmlsZXMtY29udHJvbGxlci5qczo6cHJvZ3JhbQ==	16	111669149769
68719478088	107374182441	dXNlckZpZWxkcw==	dXNlckZpZWxkcw==	X19lY21hLkFycmF5	16	94489281004
68719478089	107374182441	X3RtcF81	X3RtcF81	QU5Z	14	94489281003
68719478090	107374182441	X3RtcF83	X3RtcF83	QU5Z	19	
68719478091	107374182441	dXNlcm5hbWU=	dXNlcm5hbWU=	QU5Z	19	111669149770
68719478092	107374182441	X3RtcF83	X3RtcF83	QU5Z	19	
68719478093	107374182441	X3RtcF80	X3RtcF80	QU5Z	14	94489281002
68719478094	107374182441	Y3R4	Y3R4	QU5Z	26	111669149771
68719478095	107374182441	Y3R4	Y3R4	QU5Z	26	111669149771
68719478096	107374182441	Y3R4	Y3R4	QU5Z	26	111669149771
68719478097	107374182441	Y3R4	Y3R4	QU5Z	26	111669149771
68719478098	107374182441	Y3R4	Y3R4	QU5Z	28	111669149771
68719478099	107374182441	am9pbkpz	am9pbkpz	am9pbi1qcw==	28	94489280998
68719478100	107374182441	am9pbkpz	am9pbkpz	am9pbi1qcw==	28	94489280998
68719478101	107374182441	Y3R4	Y3R4	QU5Z	29	111669149771
68719478102	107374182441	cmVsYXRpb25zTWFwcw==	cmVsYXRpb25zTWFwcw==	X19lY21hLkFycmF5	30	94489280997
68719478103	107374182441	bmV4dA==	bmV4dA==	QU5Z	35	111669149772
68719478104	107374182441	dGhpcw==	dGhpcw==	Y29udHJvbGxlcnMvcHJvZmlsZXMtY29udHJvbGxlci5qczo6cHJvZ3JhbQ==	35	111669149769
68719478105	107374182441	Y3R4	Y3R4	QU5Z	37	111669149771
68719478106	107374182441	Y3R4	Y3R4	QU5Z	38	111669149771
68719478107	107374182441	Xw==	Xw==	bG9kYXNo	38	94489280996
68719478108	107374182441	Xw==	Xw==	bG9kYXNo	38	94489280996
68719478109	107374182441	Y3R4	Y3R4	QU5Z	38	111669149771
68719478110	107374182441	Y3R4	Y3R4	QU5Z	39	111669149771
68719478111	107374182441	Y3R4	Y3R4	QU5Z	39	111669149771
68719478112	107374182442	X3RtcF8xMA==	X3RtcF8xMA==	Y3R4OnBhcmFtczo8cmV0dXJuVmFsdWU+OjxtZW1iZXI+KHBhcmFtcyk=	44	94489280966
68719478113	107374182442	Y3R4	Y3R4	QU5Z	44	111669149774
68719478114	107374182442	cHJvZmlsZQ==	cHJvZmlsZQ==	Y3R4OnBhcmFtczo8cmV0dXJuVmFsdWU+OjxtZW1iZXI+KHBhcmFtcyk6PG1lbWJlcj4ocHJvZmlsZSk=	44	94489280967
68719478115	107374182442	X3RtcF8xMA==	X3RtcF8xMA==	Y3R4OnBhcmFtczo8cmV0dXJuVmFsdWU+OjxtZW1iZXI+KHBhcmFtcyk=	44	
68719478116	107374182442	X3RtcF8xMA==	X3RtcF8xMA==	Y3R4OnBhcmFtczo8cmV0dXJuVmFsdWU+OjxtZW1iZXI+KHBhcmFtcyk=	44	
68719478117	107374182442	Y3R4	Y3R4	QU5Z	45	111669149774
68719478118	107374182442	X3RtcF8xMQ==	X3RtcF8xMQ==	QU5Z	45	
68719478119	107374182442	cHJvZmlsZQ==	cHJvZmlsZQ==	Y3R4OnBhcmFtczo8cmV0dXJuVmFsdWU+OjxtZW1iZXI+KHBhcmFtcyk6PG1lbWJlcj4ocHJvZmlsZSk=	45	94489280967
68719478120	107374182442	X3RtcF8xMQ==	X3RtcF8xMQ==	QU5Z	45	
68719478121	107374182443	X3RtcF8xMw==	X3RtcF8xMw==	Y3R4OnBhcmFtczo8cmV0dXJuVmFsdWU+OjxtZW1iZXI+KHBhcmFtcyk=	50	94489280971
68719478122	107374182443	Y3R4	Y3R4	QU5Z	50	111669149776
68719478123	107374182443	cHJvZmlsZQ==	cHJvZmlsZQ==	Y3R4OnBhcmFtczo8cmV0dXJuVmFsdWU+OjxtZW1iZXI+KHBhcmFtcyk6PG1lbWJlcj4ocHJvZmlsZSk=	50	94489280972
68719478124	107374182443	X3RtcF8xMw==	X3RtcF8xMw==	Y3R4OnBhcmFtczo8cmV0dXJuVmFsdWU+OjxtZW1iZXI+KHBhcmFtcyk=	50	
68719478125	107374182443	X3RtcF8xMw==	X3RtcF8xMw==	Y3R4OnBhcmFtczo8cmV0dXJuVmFsdWU+OjxtZW1iZXI+KHBhcmFtcyk=	50	
68719478126	107374182443	X3RtcF8xNA==	X3RtcF8xNA==	Y3R4OnN0YXRlOjxyZXR1cm5WYWx1ZT46PG1lbWJlcj4oc3RhdGUp	51	94489280974
68719478127	107374182443	Y3R4	Y3R4	QU5Z	51	111669149776
68719478128	107374182443	dXNlcg==	dXNlcg==	Y3R4OnN0YXRlOjxyZXR1cm5WYWx1ZT46PG1lbWJlcj4oc3RhdGUpOjxtZW1iZXI+KHVzZXIp	51	94489280975
68719478129	107374182443	X3RtcF8xNA==	X3RtcF8xNA==	Y3R4OnN0YXRlOjxyZXR1cm5WYWx1ZT46PG1lbWJlcj4oc3RhdGUp	51	
68719478130	107374182443	X3RtcF8xNA==	X3RtcF8xNA==	Y3R4OnN0YXRlOjxyZXR1cm5WYWx1ZT46PG1lbWJlcj4oc3RhdGUp	51	
68719478131	107374182443	cHJvZmlsZQ==	cHJvZmlsZQ==	Y3R4OnBhcmFtczo8cmV0dXJuVmFsdWU+OjxtZW1iZXI+KHBhcmFtcyk6PG1lbWJlcj4ocHJvZmlsZSk=	53	94489280972
68719478132	107374182443	Y3R4	Y3R4	QU5Z	54	111669149776
68719478133	107374182443	X3RtcF8xNQ==	X3RtcF8xNQ==	QU5Z	54	
68719478134	107374182443	cHJvZmlsZQ==	cHJvZmlsZQ==	Y3R4OnBhcmFtczo8cmV0dXJuVmFsdWU+OjxtZW1iZXI+KHBhcmFtcyk6PG1lbWJlcj4ocHJvZmlsZSk=	54	94489280972
68719478135	107374182443	X3RtcF8xNQ==	X3RtcF8xNQ==	QU5Z	54	
68719478136	107374182443	dXNlcg==	dXNlcg==	Y3R4OnN0YXRlOjxyZXR1cm5WYWx1ZT46PG1lbWJlcj4oc3RhdGUpOjxtZW1iZXI+KHVzZXIp	58	94489280975
68719478137	107374182443	cHJvZmlsZQ==	cHJvZmlsZQ==	Y3R4OnBhcmFtczo8cmV0dXJuVmFsdWU+OjxtZW1iZXI+KHBhcmFtcyk6PG1lbWJlcj4ocHJvZmlsZSk=	58	94489280972
68719478138	107374182443	Zm9sbG93	Zm9sbG93	eyBpZDogQU5ZOyB1c2VyOiBBTlk7IGZvbGxvd2VyOiBBTlk7IH0=	59	94489280977
68719478139	107374182443	X3RtcF8xNg==	X3RtcF8xNg==	QU5Z	60	
68719478140	107374182443	dXVpZA==	dXVpZA==	dXVpZA==	60	94489280995
68719478141	107374182443	dGhpcw==	dGhpcw==	Y29udHJvbGxlcnMvcHJvZmlsZXMtY29udHJvbGxlci5qczo6cHJvZ3JhbQ==	60	111669149775
68719478142	107374182443	X3RtcF8xNg==	X3RtcF8xNg==	QU5Z	61	
68719478143	107374182443	cHJvZmlsZQ==	cHJvZmlsZQ==	Y3R4OnBhcmFtczo8cmV0dXJuVmFsdWU+OjxtZW1iZXI+KHBhcmFtcyk6PG1lbWJlcj4ocHJvZmlsZSk=	61	94489280972
68719478144	107374182443	X3RtcF8xNg==	X3RtcF8xNg==	QU5Z	62	
68719478145	107374182443	dXNlcg==	dXNlcg==	Y3R4OnN0YXRlOjxyZXR1cm5WYWx1ZT46PG1lbWJlcj4oc3RhdGUpOjxtZW1iZXI+KHVzZXIp	62	94489280975
68719478146	107374182443	X3RtcF8xNg==	X3RtcF8xNg==	QU5Z	59	
68719478147	107374182443	X3RtcF8xNw==	X3RtcF8xNw==	Y29udHJvbGxlcnMvcHJvZmlsZXMtY29udHJvbGxlci5qczo6cHJvZ3JhbTpkYjo8cmV0dXJuVmFsdWU+	66	94489280993
68719478148	107374182443	ZGI=	ZGI=	QU5Z	66	94489280994
68719478149	107374182443	dGhpcw==	dGhpcw==	Y29udHJvbGxlcnMvcHJvZmlsZXMtY29udHJvbGxlci5qczo6cHJvZ3JhbQ==	66	111669149775
68719478150	107374182443	X3RtcF8xNw==	X3RtcF8xNw==	Y29udHJvbGxlcnMvcHJvZmlsZXMtY29udHJvbGxlci5qczo6cHJvZ3JhbTpkYjo8cmV0dXJuVmFsdWU+	66	94489280993
68719478151	107374182443	Zm9sbG93	Zm9sbG93	eyBpZDogQU5ZOyB1c2VyOiBBTlk7IGZvbGxvd2VyOiBBTlk7IH0=	66	94489280977
68719478152	107374182443	ZXJy	ZXJy	QU5Z	67	94489280992
68719478153	107374182443	Y3R4	Y3R4	QU5Z	68	111669149776
68719478154	107374182443	Y3R4	Y3R4	QU5Z	68	111669149776
68719478155	107374182443	ZXJy	ZXJy	QU5Z	69	94489280992
68719478156	107374182443	ZXJy	ZXJy	QU5Z	69	94489280992
68719478157	107374182443	ZXJy	ZXJy	QU5Z	70	94489280992
68719478158	107374182443	cHJvZmlsZQ==	cHJvZmlsZQ==	Y3R4OnBhcmFtczo8cmV0dXJuVmFsdWU+OjxtZW1iZXI+KHBhcmFtcyk6PG1lbWJlcj4ocHJvZmlsZSk=	74	94489280972
68719478159	107374182443	Y3R4	Y3R4	QU5Z	77	111669149776
68719478160	107374182443	X3RtcF8xOA==	X3RtcF8xOA==	QU5Z	77	
68719478161	107374182443	cHJvZmlsZQ==	cHJvZmlsZQ==	Y3R4OnBhcmFtczo8cmV0dXJuVmFsdWU+OjxtZW1iZXI+KHBhcmFtcyk6PG1lbWJlcj4ocHJvZmlsZSk=	77	94489280972
68719478162	107374182443	X3RtcF8xOA==	X3RtcF8xOA==	QU5Z	77	
68719478163	107374182444	X3RtcF8xOQ==	X3RtcF8xOQ==	Y3R4OnBhcmFtczo8cmV0dXJuVmFsdWU+OjxtZW1iZXI+KHBhcmFtcyk=	81	94489280981
68719478164	107374182444	Y3R4	Y3R4	QU5Z	81	111669149778
68719478165	107374182444	cHJvZmlsZQ==	cHJvZmlsZQ==	Y3R4OnBhcmFtczo8cmV0dXJuVmFsdWU+OjxtZW1iZXI+KHBhcmFtcyk6PG1lbWJlcj4ocHJvZmlsZSk=	81	94489280982
68719478166	107374182444	X3RtcF8xOQ==	X3RtcF8xOQ==	Y3R4OnBhcmFtczo8cmV0dXJuVmFsdWU+OjxtZW1iZXI+KHBhcmFtcyk=	81	
68719478167	107374182444	X3RtcF8xOQ==	X3RtcF8xOQ==	Y3R4OnBhcmFtczo8cmV0dXJuVmFsdWU+OjxtZW1iZXI+KHBhcmFtcyk=	81	
68719478168	107374182444	X3RtcF8yMA==	X3RtcF8yMA==	Y3R4OnN0YXRlOjxyZXR1cm5WYWx1ZT46PG1lbWJlcj4oc3RhdGUp	82	94489280984
68719478169	107374182444	Y3R4	Y3R4	QU5Z	82	111669149778
68719478170	107374182444	dXNlcg==	dXNlcg==	Y3R4OnN0YXRlOjxyZXR1cm5WYWx1ZT46PG1lbWJlcj4oc3RhdGUpOjxtZW1iZXI+KHVzZXIp	82	94489280985
68719478171	107374182444	X3RtcF8yMA==	X3RtcF8yMA==	Y3R4OnN0YXRlOjxyZXR1cm5WYWx1ZT46PG1lbWJlcj4oc3RhdGUp	82	
68719478172	107374182444	X3RtcF8yMA==	X3RtcF8yMA==	Y3R4OnN0YXRlOjxyZXR1cm5WYWx1ZT46PG1lbWJlcj4oc3RhdGUp	82	
68719478173	107374182444	cHJvZmlsZQ==	cHJvZmlsZQ==	Y3R4OnBhcmFtczo8cmV0dXJuVmFsdWU+OjxtZW1iZXI+KHBhcmFtcyk6PG1lbWJlcj4ocHJvZmlsZSk=	84	94489280982
68719478174	107374182444	Y3R4	Y3R4	QU5Z	85	111669149778
68719478175	107374182444	X3RtcF8yMQ==	X3RtcF8yMQ==	QU5Z	85	
68719478176	107374182444	cHJvZmlsZQ==	cHJvZmlsZQ==	Y3R4OnBhcmFtczo8cmV0dXJuVmFsdWU+OjxtZW1iZXI+KHBhcmFtcyk6PG1lbWJlcj4ocHJvZmlsZSk=	85	94489280982
68719478177	107374182444	X3RtcF8yMQ==	X3RtcF8yMQ==	QU5Z	85	
68719478178	107374182444	X3RtcF8yMg==	X3RtcF8yMg==	QU5Z	89	94489280989
68719478179	107374182444	X3RtcF8yMw==	X3RtcF8yMw==	Y29udHJvbGxlcnMvcHJvZmlsZXMtY29udHJvbGxlci5qczo6cHJvZ3JhbTpkYjo8cmV0dXJuVmFsdWU+	89	94489280990
68719478180	107374182444	ZGI=	ZGI=	QU5Z	89	94489280991
68719478181	107374182444	dGhpcw==	dGhpcw==	Y29udHJvbGxlcnMvcHJvZmlsZXMtY29udHJvbGxlci5qczo6cHJvZ3JhbQ==	89	111669149777
68719478182	107374182444	X3RtcF8yMw==	X3RtcF8yMw==	Y29udHJvbGxlcnMvcHJvZmlsZXMtY29udHJvbGxlci5qczo6cHJvZ3JhbTpkYjo8cmV0dXJuVmFsdWU+	89	94489280990
68719478183	107374182444	X3RtcF8yNA==	X3RtcF8yNA==	QU5Z	90	
68719478184	107374182444	cHJvZmlsZQ==	cHJvZmlsZQ==	Y3R4OnBhcmFtczo8cmV0dXJuVmFsdWU+OjxtZW1iZXI+KHBhcmFtcyk6PG1lbWJlcj4ocHJvZmlsZSk=	90	94489280982
68719478185	107374182444	X3RtcF8yNA==	X3RtcF8yNA==	QU5Z	90	
68719478186	107374182444	dXNlcg==	dXNlcg==	Y3R4OnN0YXRlOjxyZXR1cm5WYWx1ZT46PG1lbWJlcj4oc3RhdGUpOjxtZW1iZXI+KHVzZXIp	90	94489280985
68719478187	107374182444	X3RtcF8yNA==	X3RtcF8yNA==	QU5Z	90	
68719478188	107374182444	X3RtcF8yMg==	X3RtcF8yMg==	QU5Z	89	94489280989
68719478189	107374182444	cHJvZmlsZQ==	cHJvZmlsZQ==	Y3R4OnBhcmFtczo8cmV0dXJuVmFsdWU+OjxtZW1iZXI+KHBhcmFtcyk6PG1lbWJlcj4ocHJvZmlsZSk=	93	94489280982
68719478190	107374182444	Y3R4	Y3R4	QU5Z	95	111669149778
68719478191	107374182444	X3RtcF8yNQ==	X3RtcF8yNQ==	QU5Z	95	
68719478192	107374182444	cHJvZmlsZQ==	cHJvZmlsZQ==	Y3R4OnBhcmFtczo8cmV0dXJuVmFsdWU+OjxtZW1iZXI+KHBhcmFtcyk6PG1lbWJlcj4ocHJvZmlsZSk=	95	94489280982
68719478193	107374182444	X3RtcF8yNQ==	X3RtcF8yNQ==	QU5Z	95	
68719478228	107374182445	dGFncw==	dGFncw==	QU5Z	5	94489281012
68719478229	107374182445	X3RtcF8x	X3RtcF8x	Y29udHJvbGxlcnMvdGFncy1jb250cm9sbGVyLmpzOjpwcm9ncmFtOmRiOjxyZXR1cm5WYWx1ZT4=	5	94489281014
68719478230	107374182445	ZGI=	ZGI=	QU5Z	5	94489281015
68719478231	107374182445	dGhpcw==	dGhpcw==	Y29udHJvbGxlcnMvdGFncy1jb250cm9sbGVyLmpzOjpwcm9ncmFt	5	111669149780
68719478232	107374182445	X3RtcF8x	X3RtcF8x	Y29udHJvbGxlcnMvdGFncy1jb250cm9sbGVyLmpzOjpwcm9ncmFtOmRiOjxyZXR1cm5WYWx1ZT4=	5	94489281014
68719478233	107374182445	Y3R4	Y3R4	QU5Z	7	111669149781
68719478234	107374182445	X3RtcF8y	X3RtcF8y	QU5Z	7	
68719478235	107374182445	dGFncw==	dGFncw==	QU5Z	7	94489281012
68719478236	107374182445	X3RtcF8y	X3RtcF8y	QU5Z	7	
68719478237	107374182445	ZGI=	ZGI=	QU5Z	1	94489281010
68719478238	107374182445	cmVxdWlyZQ==	cmVxdWlyZQ==	QU5Z	1	94489281017
68719478239	107374182445	dGhpcw==	dGhpcw==	Y29udHJvbGxlcnMvdGFncy1jb250cm9sbGVyLmpzOjpwcm9ncmFt	1	111669149782
68719478240	107374182445	bW9kdWxl	bW9kdWxl	eyBleHBvcnRzOiB7IGdldChjdHg6IEFOWSk6IFByb21pc2U8dm9pZD47IH07IH0=	3	94489281016
68719478241	107374182445	X3RtcF8w	X3RtcF8w	QU5Z	4	
68719478242	107374182445	X3RtcF8w	X3RtcF8w	QU5Z	3	
68719478228	107374182446	dGFncw==	dGFncw==	QU5Z	5	94489281012
68719478229	107374182446	X3RtcF8x	X3RtcF8x	Y29udHJvbGxlcnMvdGFncy1jb250cm9sbGVyLmpzOjpwcm9ncmFtOmRiOjxyZXR1cm5WYWx1ZT4=	5	94489281014
68719478230	107374182446	ZGI=	ZGI=	QU5Z	5	94489281015
68719478231	107374182446	dGhpcw==	dGhpcw==	Y29udHJvbGxlcnMvdGFncy1jb250cm9sbGVyLmpzOjpwcm9ncmFt	5	111669149780
68719478232	107374182446	X3RtcF8x	X3RtcF8x	Y29udHJvbGxlcnMvdGFncy1jb250cm9sbGVyLmpzOjpwcm9ncmFtOmRiOjxyZXR1cm5WYWx1ZT4=	5	94489281014
68719478233	107374182446	Y3R4	Y3R4	QU5Z	7	111669149781
68719478234	107374182446	X3RtcF8y	X3RtcF8y	QU5Z	7	
68719478235	107374182446	dGFncw==	dGFncw==	QU5Z	7	94489281012
68719478236	107374182446	X3RtcF8y	X3RtcF8y	QU5Z	7	
68719478243	107374182447	dXNlcg==	dXNlcg==	eyB0b2tlbjogQU5ZOyB9	11	94489281030
68719478244	107374182447	Z2VuZXJhdGVKV1Rmb3JVc2Vy	Z2VuZXJhdGVKV1Rmb3JVc2Vy	KHVzZXI/OiBfX2VjbWEuT2JqZWN0KSA9PiB7IHRva2VuOiBBTlk7IH0=	11	94489281109
68719478245	107374182447	dGhpcw==	dGhpcw==	Y29udHJvbGxlcnMvdXNlcnMtY29udHJvbGxlci5qczo6cHJvZ3JhbQ==	11	111669149783
68719478246	107374182447	Y3R4	Y3R4	QU5Z	11	111669149784
68719478247	107374182447	Y3R4	Y3R4	QU5Z	13	111669149784
68719478248	107374182447	X3RtcF8z	X3RtcF8z	QU5Z	13	
68719478249	107374182447	dXNlcg==	dXNlcg==	eyB0b2tlbjogQU5ZOyB9	13	94489281030
68719478250	107374182447	X3RtcF8z	X3RtcF8z	QU5Z	13	
68719478251	107374182447	X3RtcF80	X3RtcF80	Y3R4OnJlcXVlc3Q6PHJldHVyblZhbHVlPjo8bWVtYmVyPihyZXF1ZXN0KQ==	17	94489281033
68719478252	107374182447	Y3R4	Y3R4	QU5Z	17	111669149786
68719478253	107374182447	Ym9keQ==	Ym9keQ==	Y3R4OnJlcXVlc3Q6PHJldHVyblZhbHVlPjo8bWVtYmVyPihyZXF1ZXN0KTo8bWVtYmVyPihib2R5KQ==	17	94489281034
68719478254	107374182447	X3RtcF80	X3RtcF80	Y3R4OnJlcXVlc3Q6PHJldHVyblZhbHVlPjo8bWVtYmVyPihyZXF1ZXN0KQ==	17	
68719478255	107374182447	X3RtcF80	X3RtcF80	Y3R4OnJlcXVlc3Q6PHJldHVyblZhbHVlPjo8bWVtYmVyPihyZXF1ZXN0KQ==	17	
68719478256	107374182447	X3RtcF81	X3RtcF81	Y3R4OnJlcXVlc3Q6PHJldHVyblZhbHVlPjo8bWVtYmVyPihyZXF1ZXN0KTo8bWVtYmVyPihib2R5KQ==	18	94489281036
68719478257	107374182447	Ym9keQ==	Ym9keQ==	Y3R4OnJlcXVlc3Q6PHJldHVyblZhbHVlPjo8bWVtYmVyPihyZXF1ZXN0KTo8bWVtYmVyPihib2R5KQ==	18	94489281034
68719478258	107374182447	dXNlcg==	dXNlcg==	eyB0b2tlbjogQU5ZOyB9	18	94489281100
68719478259	107374182447	X3RtcF81	X3RtcF81	Y3R4OnJlcXVlc3Q6PHJldHVyblZhbHVlPjo8bWVtYmVyPihyZXF1ZXN0KTo8bWVtYmVyPihib2R5KQ==	18	
68719478260	107374182447	X3RtcF82	X3RtcF82	QU5Z	18	
68719478261	107374182447	X3RtcF81	X3RtcF81	Y3R4OnJlcXVlc3Q6PHJldHVyblZhbHVlPjo8bWVtYmVyPihyZXF1ZXN0KTo8bWVtYmVyPihib2R5KQ==	18	
68719478262	107374182447	X3RtcF81	X3RtcF81	Y3R4OnJlcXVlc3Q6PHJldHVyblZhbHVlPjo8bWVtYmVyPihyZXF1ZXN0KTo8bWVtYmVyPihib2R5KQ==	18	
68719478263	107374182447	b3B0cw==	b3B0cw==	eyBhYm9ydEVhcmx5OiBfX2VjbWEuQm9vbGVhbjsgY29udGV4dDogeyB2YWxpZGF0ZVBhc3N3b3JkOiBfX2VjbWEuQm9vbGVhbjsgfTsgfQ==	19	94489281038
68719478264	107374182447	X3RtcF83	X3RtcF83	QU5Z	19	
68719478265	107374182447	X3RtcF83	X3RtcF83	QU5Z	19	
68719478266	107374182447	X3RtcF84	X3RtcF84	QU5Z	19	
68719478267	107374182447	X3RtcF84	X3RtcF84	QU5Z	19	
68719478268	107374182447	X3RtcF83	X3RtcF83	QU5Z	19	
68719478269	107374182447	dXNlcg==	dXNlcg==	eyB0b2tlbjogQU5ZOyB9	21	94489281100
68719478270	107374182447	dXVpZA==	dXVpZA==	dXVpZA==	21	94489281108
68719478271	107374182447	dGhpcw==	dGhpcw==	Y29udHJvbGxlcnMvdXNlcnMtY29udHJvbGxlci5qczo6cHJvZ3JhbQ==	21	111669149785
68719478272	107374182447	dXNlcg==	dXNlcg==	eyB0b2tlbjogQU5ZOyB9	23	94489281100
68719478273	107374182447	X3RtcF85	X3RtcF85	eyB0b2tlbjogQU5ZOyB9	23	94489281107
68719478274	107374182447	Y3R4	Y3R4	QU5Z	23	111669149786
68719478275	107374182447	X3RtcF85	X3RtcF85	eyB0b2tlbjogQU5ZOyB9	23	94489281107
68719478276	107374182447	dXNlcg==	dXNlcg==	eyB0b2tlbjogQU5ZOyB9	23	94489281100
68719478277	107374182447	b3B0cw==	b3B0cw==	eyBhYm9ydEVhcmx5OiBfX2VjbWEuQm9vbGVhbjsgY29udGV4dDogeyB2YWxpZGF0ZVBhc3N3b3JkOiBfX2VjbWEuQm9vbGVhbjsgfTsgfQ==	23	94489281038
68719478278	107374182447	dXNlcg==	dXNlcg==	eyB0b2tlbjogQU5ZOyB9	25	94489281100
68719478279	107374182447	YmNyeXB0	YmNyeXB0	YmNyeXB0	25	94489281106
68719478280	107374182447	YmNyeXB0	YmNyeXB0	YmNyeXB0	25	94489281106
68719478281	107374182447	dXNlcg==	dXNlcg==	eyB0b2tlbjogQU5ZOyB9	25	94489281100
68719478282	107374182447	X3RtcF8xMA==	X3RtcF8xMA==	Y29udHJvbGxlcnMvdXNlcnMtY29udHJvbGxlci5qczo6cHJvZ3JhbTpkYjo8cmV0dXJuVmFsdWU+	27	94489281104
68719478283	107374182447	ZGI=	ZGI=	QU5Z	27	94489281105
68719478284	107374182447	dGhpcw==	dGhpcw==	Y29udHJvbGxlcnMvdXNlcnMtY29udHJvbGxlci5qczo6cHJvZ3JhbQ==	27	111669149785
68719478285	107374182447	X3RtcF8xMA==	X3RtcF8xMA==	Y29udHJvbGxlcnMvdXNlcnMtY29udHJvbGxlci5qczo6cHJvZ3JhbTpkYjo8cmV0dXJuVmFsdWU+	27	94489281104
68719478286	107374182447	aHVtcHM=	aHVtcHM=	aHVtcHM=	27	94489281103
68719478287	107374182447	aHVtcHM=	aHVtcHM=	aHVtcHM=	27	94489281103
68719478288	107374182447	dXNlcg==	dXNlcg==	eyB0b2tlbjogQU5ZOyB9	27	94489281100
68719478289	107374182447	dXNlcg==	dXNlcg==	eyB0b2tlbjogQU5ZOyB9	29	94489281100
68719478290	107374182447	Z2VuZXJhdGVKV1Rmb3JVc2Vy	Z2VuZXJhdGVKV1Rmb3JVc2Vy	KHVzZXI/OiBfX2VjbWEuT2JqZWN0KSA9PiB7IHRva2VuOiBBTlk7IH0=	29	94489281102
68719478291	107374182447	dGhpcw==	dGhpcw==	Y29udHJvbGxlcnMvdXNlcnMtY29udHJvbGxlci5qczo6cHJvZ3JhbQ==	29	111669149785
68719478292	107374182447	dXNlcg==	dXNlcg==	eyB0b2tlbjogQU5ZOyB9	29	94489281100
68719478293	107374182447	Y3R4	Y3R4	QU5Z	31	111669149786
68719478294	107374182447	X3RtcF8xMQ==	X3RtcF8xMQ==	QU5Z	31	
68719478295	107374182447	Xw==	Xw==	bG9kYXNo	31	94489281101
68719478296	107374182447	Xw==	Xw==	bG9kYXNo	31	94489281101
68719478297	107374182447	dXNlcg==	dXNlcg==	eyB0b2tlbjogQU5ZOyB9	31	94489281100
68719478298	107374182447	X3RtcF8xMg==	X3RtcF8xMg==	X19lY21hLkFycmF5	31	94489281099
68719478299	107374182447	X3RtcF8xMg==	X3RtcF8xMg==	X19lY21hLkFycmF5	31	
68719478300	107374182447	X3RtcF8xMg==	X3RtcF8xMg==	X19lY21hLkFycmF5	31	
68719478301	107374182447	X3RtcF8xMg==	X3RtcF8xMg==	X19lY21hLkFycmF5	31	
68719478302	107374182447	X3RtcF8xMQ==	X3RtcF8xMQ==	QU5Z	31	
68719478303	107374182447	X3RtcF8xMw==	X3RtcF8xMw==	Y3R4OnJlcXVlc3Q6PHJldHVyblZhbHVlPjo8bWVtYmVyPihyZXF1ZXN0KQ==	35	94489281044
68719478304	107374182447	Y3R4	Y3R4	QU5Z	35	111669149788
68719478305	107374182447	Ym9keQ==	Ym9keQ==	Y3R4OnJlcXVlc3Q6PHJldHVyblZhbHVlPjo8bWVtYmVyPihyZXF1ZXN0KTo8bWVtYmVyPihib2R5KQ==	35	94489281045
68719478306	107374182447	X3RtcF8xMw==	X3RtcF8xMw==	Y3R4OnJlcXVlc3Q6PHJldHVyblZhbHVlPjo8bWVtYmVyPihyZXF1ZXN0KQ==	35	
68719478307	107374182447	X3RtcF8xMw==	X3RtcF8xMw==	Y3R4OnJlcXVlc3Q6PHJldHVyblZhbHVlPjo8bWVtYmVyPihyZXF1ZXN0KQ==	35	
68719478308	107374182447	X3RtcF8xNA==	X3RtcF8xNA==	Y3R4OnJlcXVlc3Q6PHJldHVyblZhbHVlPjo8bWVtYmVyPihyZXF1ZXN0KTo8bWVtYmVyPihib2R5KQ==	36	94489281047
68719478309	107374182447	Ym9keQ==	Ym9keQ==	Y3R4OnJlcXVlc3Q6PHJldHVyblZhbHVlPjo8bWVtYmVyPihyZXF1ZXN0KTo8bWVtYmVyPihib2R5KQ==	36	94489281045
68719478310	107374182447	ZmllbGRz	ZmllbGRz	QU5Z	36	94489281097
68719478311	107374182447	X3RtcF8xNA==	X3RtcF8xNA==	Y3R4OnJlcXVlc3Q6PHJldHVyblZhbHVlPjo8bWVtYmVyPihyZXF1ZXN0KTo8bWVtYmVyPihib2R5KQ==	36	
68719478312	107374182447	X3RtcF8xNQ==	X3RtcF8xNQ==	QU5Z	36	
68719478313	107374182447	X3RtcF8xNA==	X3RtcF8xNA==	Y3R4OnJlcXVlc3Q6PHJldHVyblZhbHVlPjo8bWVtYmVyPihyZXF1ZXN0KTo8bWVtYmVyPihib2R5KQ==	36	
68719478314	107374182447	X3RtcF8xNA==	X3RtcF8xNA==	Y3R4OnJlcXVlc3Q6PHJldHVyblZhbHVlPjo8bWVtYmVyPihyZXF1ZXN0KTo8bWVtYmVyPihib2R5KQ==	36	
68719478315	107374182447	b3B0cw==	b3B0cw==	eyBhYm9ydEVhcmx5OiBfX2VjbWEuQm9vbGVhbjsgY29udGV4dDogeyB2YWxpZGF0ZVBhc3N3b3JkOiBfX2VjbWEuQm9vbGVhbjsgfTsgfQ==	37	94489281049
68719478316	107374182447	X3RtcF8xNg==	X3RtcF8xNg==	QU5Z	37	
68719478317	107374182447	X3RtcF8xNg==	X3RtcF8xNg==	QU5Z	37	
68719478318	107374182447	X3RtcF8xNw==	X3RtcF8xNw==	QU5Z	37	
68719478319	107374182447	X3RtcF8xNw==	X3RtcF8xNw==	QU5Z	37	
68719478320	107374182447	X3RtcF8xNg==	X3RtcF8xNg==	QU5Z	37	
68719478321	107374182447	ZmllbGRz	ZmllbGRz	QU5Z	39	94489281097
68719478322	107374182447	b3B0cw==	b3B0cw==	eyBhYm9ydEVhcmx5OiBfX2VjbWEuQm9vbGVhbjsgY29udGV4dDogeyB2YWxpZGF0ZVBhc3N3b3JkOiBfX2VjbWEuQm9vbGVhbjsgfTsgfQ==	40	94489281049
68719478323	107374182447	dXNlcg==	dXNlcg==	eyB0b2tlbjogQU5ZOyB9	43	94489281052
68719478324	107374182447	X3RtcF8xOA==	X3RtcF8xOA==	QU5Z	43	
68719478325	107374182447	Y3R4	Y3R4	QU5Z	43	111669149788
68719478326	107374182447	ZmllbGRz	ZmllbGRz	QU5Z	43	94489281097
68719478327	107374182447	dXNlcg==	dXNlcg==	eyB0b2tlbjogQU5ZOyB9	44	94489281052
68719478328	107374182447	X3RtcF8xOQ==	X3RtcF8xOQ==	eyB0b2tlbjogQU5ZOyB9	44	94489281098
68719478329	107374182447	Y3R4	Y3R4	QU5Z	44	111669149788
68719478330	107374182447	X3RtcF8xOQ==	X3RtcF8xOQ==	eyB0b2tlbjogQU5ZOyB9	44	94489281098
68719478331	107374182447	dXNlcg==	dXNlcg==	eyB0b2tlbjogQU5ZOyB9	44	94489281052
68719478332	107374182447	b3B0cw==	b3B0cw==	eyBhYm9ydEVhcmx5OiBfX2VjbWEuQm9vbGVhbjsgY29udGV4dDogeyB2YWxpZGF0ZVBhc3N3b3JkOiBfX2VjbWEuQm9vbGVhbjsgfTsgfQ==	44	94489281049
68719478333	107374182447	ZmllbGRz	ZmllbGRz	QU5Z	46	94489281097
68719478334	107374182447	dXNlcg==	dXNlcg==	eyB0b2tlbjogQU5ZOyB9	47	94489281052
68719478335	107374182447	YmNyeXB0	YmNyeXB0	YmNyeXB0	47	94489281096
68719478336	107374182447	YmNyeXB0	YmNyeXB0	YmNyeXB0	47	94489281096
68719478337	107374182447	dXNlcg==	dXNlcg==	eyB0b2tlbjogQU5ZOyB9	47	94489281052
68719478338	107374182447	dXNlcg==	dXNlcg==	eyB0b2tlbjogQU5ZOyB9	50	94489281052
68719478339	107374182447	X3RtcF8yMA==	X3RtcF8yMA==	X19lY21hLkRhdGU=	50	94489281093
68719478340	107374182447	X3RtcF8yMQ==	X3RtcF8yMQ==	X19lY21hLkRhdGU=	50	94489281095
68719478341	107374182447	RGF0ZQ==	RGF0ZQ==	RGF0ZUNvbnN0cnVjdG9y	50	94489281094
68719478342	107374182447	X3RtcF8yMQ==	X3RtcF8yMQ==	X19lY21hLkRhdGU=	50	
68719478343	107374182447	X3RtcF8yMQ==	X3RtcF8yMQ==	X19lY21hLkRhdGU=	50	
68719478344	107374182447	X3RtcF8yMA==	X3RtcF8yMA==	X19lY21hLkRhdGU=	50	94489281093
68719478345	107374182447	X3RtcF8yMg==	X3RtcF8yMg==	QU5Z	52	94489281090
68719478346	107374182447	X3RtcF8yMw==	X3RtcF8yMw==	Y29udHJvbGxlcnMvdXNlcnMtY29udHJvbGxlci5qczo6cHJvZ3JhbTpkYjo8cmV0dXJuVmFsdWU+	52	94489281091
68719478347	107374182447	ZGI=	ZGI=	QU5Z	52	94489281092
68719478348	107374182447	dGhpcw==	dGhpcw==	Y29udHJvbGxlcnMvdXNlcnMtY29udHJvbGxlci5qczo6cHJvZ3JhbQ==	52	111669149787
68719478349	107374182447	X3RtcF8yMw==	X3RtcF8yMw==	Y29udHJvbGxlcnMvdXNlcnMtY29udHJvbGxlci5qczo6cHJvZ3JhbTpkYjo8cmV0dXJuVmFsdWU+	52	94489281091
68719478350	107374182447	X3RtcF8yNA==	X3RtcF8yNA==	QU5Z	53	
68719478351	107374182447	dXNlcg==	dXNlcg==	eyB0b2tlbjogQU5ZOyB9	53	94489281052
68719478352	107374182447	X3RtcF8yNA==	X3RtcF8yNA==	QU5Z	53	
68719478353	107374182447	X3RtcF8yMg==	X3RtcF8yMg==	QU5Z	52	94489281090
68719478354	107374182447	aHVtcHM=	aHVtcHM=	aHVtcHM=	54	94489281089
68719478355	107374182447	aHVtcHM=	aHVtcHM=	aHVtcHM=	54	94489281089
68719478356	107374182447	dXNlcg==	dXNlcg==	eyB0b2tlbjogQU5ZOyB9	54	94489281052
68719478357	107374182447	dXNlcg==	dXNlcg==	eyB0b2tlbjogQU5ZOyB9	56	94489281052
68719478358	107374182447	Z2VuZXJhdGVKV1Rmb3JVc2Vy	Z2VuZXJhdGVKV1Rmb3JVc2Vy	KHVzZXI/OiBfX2VjbWEuT2JqZWN0KSA9PiB7IHRva2VuOiBBTlk7IH0=	56	94489281088
68719478359	107374182447	dGhpcw==	dGhpcw==	Y29udHJvbGxlcnMvdXNlcnMtY29udHJvbGxlci5qczo6cHJvZ3JhbQ==	56	111669149787
68719478360	107374182447	dXNlcg==	dXNlcg==	eyB0b2tlbjogQU5ZOyB9	56	94489281052
68719478361	107374182447	Y3R4	Y3R4	QU5Z	58	111669149788
68719478362	107374182447	X3RtcF8yNQ==	X3RtcF8yNQ==	QU5Z	58	
68719478363	107374182447	Xw==	Xw==	bG9kYXNo	58	94489281087
68719478364	107374182447	Xw==	Xw==	bG9kYXNo	58	94489281087
68719478365	107374182447	dXNlcg==	dXNlcg==	eyB0b2tlbjogQU5ZOyB9	58	94489281052
68719478366	107374182447	X3RtcF8yNg==	X3RtcF8yNg==	X19lY21hLkFycmF5	58	94489281086
68719478367	107374182447	X3RtcF8yNg==	X3RtcF8yNg==	X19lY21hLkFycmF5	58	
68719478368	107374182447	X3RtcF8yNg==	X3RtcF8yNg==	X19lY21hLkFycmF5	58	
68719478369	107374182447	X3RtcF8yNg==	X3RtcF8yNg==	X19lY21hLkFycmF5	58	
68719478370	107374182447	X3RtcF8yNQ==	X3RtcF8yNQ==	QU5Z	58	
68719478371	107374182447	X3RtcF8yNw==	X3RtcF8yNw==	Y3R4OnJlcXVlc3Q6PHJldHVyblZhbHVlPjo8bWVtYmVyPihyZXF1ZXN0KQ==	62	94489281059
68719478372	107374182447	Y3R4	Y3R4	QU5Z	62	111669149790
68719478373	107374182447	Ym9keQ==	Ym9keQ==	Y3R4OnJlcXVlc3Q6PHJldHVyblZhbHVlPjo8bWVtYmVyPihyZXF1ZXN0KTo8bWVtYmVyPihib2R5KQ==	62	94489281060
68719478374	107374182447	X3RtcF8yNw==	X3RtcF8yNw==	Y3R4OnJlcXVlc3Q6PHJldHVyblZhbHVlPjo8bWVtYmVyPihyZXF1ZXN0KQ==	62	
68719478375	107374182447	X3RtcF8yNw==	X3RtcF8yNw==	Y3R4OnJlcXVlc3Q6PHJldHVyblZhbHVlPjo8bWVtYmVyPihyZXF1ZXN0KQ==	62	
68719478376	107374182447	Y3R4	Y3R4	QU5Z	64	111669149790
68719478377	107374182447	Y3R4	Y3R4	QU5Z	64	111669149790
68719478378	107374182447	Xw==	Xw==	bG9kYXNo	65	94489281073
68719478379	107374182447	Xw==	Xw==	bG9kYXNo	65	94489281073
68719478380	107374182447	Ym9keQ==	Ym9keQ==	Y3R4OnJlcXVlc3Q6PHJldHVyblZhbHVlPjo8bWVtYmVyPihyZXF1ZXN0KTo8bWVtYmVyPihib2R5KQ==	65	94489281060
68719478381	107374182447	Ym9keQ==	Ym9keQ==	Y3R4OnJlcXVlc3Q6PHJldHVyblZhbHVlPjo8bWVtYmVyPihyZXF1ZXN0KTo8bWVtYmVyPihib2R5KQ==	65	94489281060
68719478382	107374182447	Ym9keQ==	Ym9keQ==	Y3R4OnJlcXVlc3Q6PHJldHVyblZhbHVlPjo8bWVtYmVyPihyZXF1ZXN0KTo8bWVtYmVyPihib2R5KQ==	65	94489281060
68719478383	107374182447	X3RtcF8yOA==	X3RtcF8yOA==	X3RtcF8wOlZhbGlkYXRpb25FcnJvcjo8cmV0dXJuVmFsdWU+OjxtZW1iZXI+KFZhbGlkYXRpb25FcnJvcik=	67	94489281085
68719478384	107374182447	VmFsaWRhdGlvbkVycm9y	VmFsaWRhdGlvbkVycm9y	X3RtcF8wOlZhbGlkYXRpb25FcnJvcjo8cmV0dXJuVmFsdWU+OjxtZW1iZXI+KFZhbGlkYXRpb25FcnJvcik=	67	94489281076
68719478385	107374182447	X3RtcF8yOA==	X3RtcF8yOA==	X3RtcF8wOlZhbGlkYXRpb25FcnJvcjo8cmV0dXJuVmFsdWU+OjxtZW1iZXI+KFZhbGlkYXRpb25FcnJvcik=	67	
68719478386	107374182447	X3RtcF8yOQ==	X3RtcF8yOQ==	X19lY21hLkFycmF5	67	94489281084
68719478387	107374182447	X3RtcF8yOQ==	X3RtcF8yOQ==	X19lY21hLkFycmF5	67	
68719478388	107374182447	X3RtcF8yOQ==	X3RtcF8yOQ==	X19lY21hLkFycmF5	67	
68719478389	107374182447	X3RtcF8yOQ==	X3RtcF8yOQ==	X19lY21hLkFycmF5	67	
68719478390	107374182447	X3RtcF8yOA==	X3RtcF8yOA==	X3RtcF8wOlZhbGlkYXRpb25FcnJvcjo8cmV0dXJuVmFsdWU+OjxtZW1iZXI+KFZhbGlkYXRpb25FcnJvcik=	67	
68719478391	107374182447	dXNlcg==	dXNlcg==	eyB0b2tlbjogQU5ZOyB9	70	94489281063
68719478392	107374182447	X3RtcF8zMA==	X3RtcF8zMA==	QU5Z	70	94489281081
68719478393	107374182447	X3RtcF8zMQ==	X3RtcF8zMQ==	Y29udHJvbGxlcnMvdXNlcnMtY29udHJvbGxlci5qczo6cHJvZ3JhbTpkYjo8cmV0dXJuVmFsdWU+	70	94489281082
68719478394	107374182447	ZGI=	ZGI=	QU5Z	70	94489281083
68719478395	107374182447	dGhpcw==	dGhpcw==	Y29udHJvbGxlcnMvdXNlcnMtY29udHJvbGxlci5qczo6cHJvZ3JhbQ==	70	111669149789
68719478396	107374182447	X3RtcF8zMQ==	X3RtcF8zMQ==	Y29udHJvbGxlcnMvdXNlcnMtY29udHJvbGxlci5qczo6cHJvZ3JhbTpkYjo8cmV0dXJuVmFsdWU+	70	94489281082
68719478397	107374182447	X3RtcF8zMA==	X3RtcF8zMA==	QU5Z	70	94489281081
68719478398	107374182447	X3RtcF8zMg==	X3RtcF8zMg==	QU5Z	72	
68719478399	107374182447	Ym9keQ==	Ym9keQ==	Y3R4OnJlcXVlc3Q6PHJldHVyblZhbHVlPjo8bWVtYmVyPihyZXF1ZXN0KTo8bWVtYmVyPihib2R5KQ==	72	94489281060
68719478400	107374182447	X3RtcF8zMg==	X3RtcF8zMg==	QU5Z	72	
68719478401	107374182447	Y3R4	Y3R4	QU5Z	74	111669149790
68719478402	107374182447	Y3R4	Y3R4	QU5Z	74	111669149790
68719478403	107374182447	dXNlcg==	dXNlcg==	eyB0b2tlbjogQU5ZOyB9	75	94489281063
68719478404	107374182447	X3RtcF8zMw==	X3RtcF8zMw==	X3RtcF8wOlZhbGlkYXRpb25FcnJvcjo8cmV0dXJuVmFsdWU+OjxtZW1iZXI+KFZhbGlkYXRpb25FcnJvcik=	77	94489281080
68719478405	107374182447	VmFsaWRhdGlvbkVycm9y	VmFsaWRhdGlvbkVycm9y	X3RtcF8wOlZhbGlkYXRpb25FcnJvcjo8cmV0dXJuVmFsdWU+OjxtZW1iZXI+KFZhbGlkYXRpb25FcnJvcik=	77	94489281076
68719478406	107374182447	X3RtcF8zMw==	X3RtcF8zMw==	X3RtcF8wOlZhbGlkYXRpb25FcnJvcjo8cmV0dXJuVmFsdWU+OjxtZW1iZXI+KFZhbGlkYXRpb25FcnJvcik=	77	
68719478407	107374182447	X3RtcF8zNA==	X3RtcF8zNA==	X19lY21hLkFycmF5	77	94489281079
68719478408	107374182447	X3RtcF8zNA==	X3RtcF8zNA==	X19lY21hLkFycmF5	77	
68719478409	107374182447	X3RtcF8zNA==	X3RtcF8zNA==	X19lY21hLkFycmF5	77	
68719478410	107374182447	X3RtcF8zNA==	X3RtcF8zNA==	X19lY21hLkFycmF5	77	
68719478411	107374182447	X3RtcF8zMw==	X3RtcF8zMw==	X3RtcF8wOlZhbGlkYXRpb25FcnJvcjo8cmV0dXJuVmFsdWU+OjxtZW1iZXI+KFZhbGlkYXRpb25FcnJvcik=	77	
68719478412	107374182447	aXNWYWxpZA==	aXNWYWxpZA==	QU5Z	80	94489281067
68719478413	107374182447	YmNyeXB0	YmNyeXB0	YmNyeXB0	80	94489281078
68719478414	107374182447	YmNyeXB0	YmNyeXB0	YmNyeXB0	80	94489281078
68719478415	107374182447	Ym9keQ==	Ym9keQ==	Y3R4OnJlcXVlc3Q6PHJldHVyblZhbHVlPjo8bWVtYmVyPihyZXF1ZXN0KTo8bWVtYmVyPihib2R5KQ==	80	94489281060
68719478416	107374182447	dXNlcg==	dXNlcg==	eyB0b2tlbjogQU5ZOyB9	80	94489281063
68719478417	107374182447	Y3R4	Y3R4	QU5Z	82	111669149790
68719478418	107374182447	Y3R4	Y3R4	QU5Z	82	111669149790
68719478419	107374182447	aXNWYWxpZA==	aXNWYWxpZA==	QU5Z	83	94489281067
68719478420	107374182447	X3RtcF8zNQ==	X3RtcF8zNQ==	X3RtcF8wOlZhbGlkYXRpb25FcnJvcjo8cmV0dXJuVmFsdWU+OjxtZW1iZXI+KFZhbGlkYXRpb25FcnJvcik=	85	94489281077
68719478421	107374182447	VmFsaWRhdGlvbkVycm9y	VmFsaWRhdGlvbkVycm9y	X3RtcF8wOlZhbGlkYXRpb25FcnJvcjo8cmV0dXJuVmFsdWU+OjxtZW1iZXI+KFZhbGlkYXRpb25FcnJvcik=	85	94489281076
68719478422	107374182447	X3RtcF8zNQ==	X3RtcF8zNQ==	X3RtcF8wOlZhbGlkYXRpb25FcnJvcjo8cmV0dXJuVmFsdWU+OjxtZW1iZXI+KFZhbGlkYXRpb25FcnJvcik=	85	
68719478423	107374182447	X3RtcF8zNg==	X3RtcF8zNg==	X19lY21hLkFycmF5	85	94489281075
68719478424	107374182447	X3RtcF8zNg==	X3RtcF8zNg==	X19lY21hLkFycmF5	85	
68719478425	107374182447	X3RtcF8zNg==	X3RtcF8zNg==	X19lY21hLkFycmF5	85	
68719478426	107374182447	X3RtcF8zNg==	X3RtcF8zNg==	X19lY21hLkFycmF5	85	
68719478427	107374182447	X3RtcF8zNQ==	X3RtcF8zNQ==	X3RtcF8wOlZhbGlkYXRpb25FcnJvcjo8cmV0dXJuVmFsdWU+OjxtZW1iZXI+KFZhbGlkYXRpb25FcnJvcik=	85	
68719478428	107374182447	dXNlcg==	dXNlcg==	eyB0b2tlbjogQU5ZOyB9	88	94489281063
68719478429	107374182447	Z2VuZXJhdGVKV1Rmb3JVc2Vy	Z2VuZXJhdGVKV1Rmb3JVc2Vy	KHVzZXI/OiBfX2VjbWEuT2JqZWN0KSA9PiB7IHRva2VuOiBBTlk7IH0=	88	94489281074
68719478430	107374182447	dGhpcw==	dGhpcw==	Y29udHJvbGxlcnMvdXNlcnMtY29udHJvbGxlci5qczo6cHJvZ3JhbQ==	88	111669149789
68719478431	107374182447	dXNlcg==	dXNlcg==	eyB0b2tlbjogQU5ZOyB9	88	94489281063
68719478432	107374182447	Y3R4	Y3R4	QU5Z	90	111669149790
68719478433	107374182447	X3RtcF8zNw==	X3RtcF8zNw==	QU5Z	90	
68719478434	107374182447	Xw==	Xw==	bG9kYXNo	90	94489281073
68719478435	107374182447	Xw==	Xw==	bG9kYXNo	90	94489281073
68719478436	107374182447	dXNlcg==	dXNlcg==	eyB0b2tlbjogQU5ZOyB9	90	94489281063
68719478437	107374182447	X3RtcF8zOA==	X3RtcF8zOA==	X19lY21hLkFycmF5	90	94489281072
68719478438	107374182447	X3RtcF8zOA==	X3RtcF8zOA==	X19lY21hLkFycmF5	90	
68719478439	107374182447	X3RtcF8zOA==	X3RtcF8zOA==	X19lY21hLkFycmF5	90	
68719478440	107374182447	X3RtcF8zOA==	X3RtcF8zOA==	X19lY21hLkFycmF5	90	
68719478441	107374182447	X3RtcF8zNw==	X3RtcF8zNw==	QU5Z	90	
68719478442	107374182447	aHVtcHM=	aHVtcHM=	aHVtcHM=	1	94489281018
68719478443	107374182447	cmVxdWlyZQ==	cmVxdWlyZQ==	QU5Z	1	94489281111
68719478444	107374182447	dGhpcw==	dGhpcw==	Y29udHJvbGxlcnMvdXNlcnMtY29udHJvbGxlci5qczo6cHJvZ3JhbQ==	1	111669149791
68719478445	107374182447	dXVpZA==	dXVpZA==	dXVpZA==	2	94489281019
68719478446	107374182447	cmVxdWlyZQ==	cmVxdWlyZQ==	QU5Z	2	94489281111
68719478447	107374182447	dGhpcw==	dGhpcw==	Y29udHJvbGxlcnMvdXNlcnMtY29udHJvbGxlci5qczo6cHJvZ3JhbQ==	2	111669149791
68719478448	107374182447	Xw==	Xw==	bG9kYXNo	3	94489281020
68719478449	107374182447	cmVxdWlyZQ==	cmVxdWlyZQ==	QU5Z	3	94489281111
68719478450	107374182447	dGhpcw==	dGhpcw==	Y29udHJvbGxlcnMvdXNlcnMtY29udHJvbGxlci5qczo6cHJvZ3JhbQ==	3	111669149791
68719478451	107374182447	YmNyeXB0	YmNyeXB0	YmNyeXB0	4	94489281021
68719478452	107374182447	cmVxdWlyZQ==	cmVxdWlyZQ==	QU5Z	4	94489281111
68719478453	107374182447	dGhpcw==	dGhpcw==	Y29udHJvbGxlcnMvdXNlcnMtY29udHJvbGxlci5qczo6cHJvZ3JhbQ==	4	111669149791
68719478454	107374182447	X3RtcF8w	X3RtcF8w	QU5Z	5	94489281023
68719478455	107374182447	cmVxdWlyZQ==	cmVxdWlyZQ==	QU5Z	5	94489281111
68719478456	107374182447	dGhpcw==	dGhpcw==	Y29udHJvbGxlcnMvdXNlcnMtY29udHJvbGxlci5qczo6cHJvZ3JhbQ==	5	111669149791
68719478457	107374182447	VmFsaWRhdGlvbkVycm9y	VmFsaWRhdGlvbkVycm9y	X3RtcF8wOlZhbGlkYXRpb25FcnJvcjo8cmV0dXJuVmFsdWU+OjxtZW1iZXI+KFZhbGlkYXRpb25FcnJvcik=	5	94489281024
68719478458	107374182447	X3RtcF8w	X3RtcF8w	QU5Z	5	
68719478459	107374182447	X3RtcF8w	X3RtcF8w	QU5Z	5	
68719478460	107374182447	X3RtcF8x	X3RtcF8x	bGliL3V0aWxzLmpzOjpwcm9ncmFtOmdlbmVyYXRlSldUZm9yVXNlcg==	6	94489281026
68719478461	107374182447	cmVxdWlyZQ==	cmVxdWlyZQ==	QU5Z	6	94489281111
68719478462	107374182447	dGhpcw==	dGhpcw==	Y29udHJvbGxlcnMvdXNlcnMtY29udHJvbGxlci5qczo6cHJvZ3JhbQ==	6	111669149791
68719478463	107374182447	Z2VuZXJhdGVKV1Rmb3JVc2Vy	Z2VuZXJhdGVKV1Rmb3JVc2Vy	KHVzZXI/OiBfX2VjbWEuT2JqZWN0KSA9PiB7IHRva2VuOiBBTlk7IH0=	6	94489281027
68719478464	107374182447	X3RtcF8x	X3RtcF8x	bGliL3V0aWxzLmpzOjpwcm9ncmFtOmdlbmVyYXRlSldUZm9yVXNlcg==	6	
68719478465	107374182447	X3RtcF8x	X3RtcF8x	bGliL3V0aWxzLmpzOjpwcm9ncmFtOmdlbmVyYXRlSldUZm9yVXNlcg==	6	
68719478466	107374182447	ZGI=	ZGI=	QU5Z	7	94489281028
68719478467	107374182447	cmVxdWlyZQ==	cmVxdWlyZQ==	QU5Z	7	94489281111
68719478468	107374182447	dGhpcw==	dGhpcw==	Y29udHJvbGxlcnMvdXNlcnMtY29udHJvbGxlci5qczo6cHJvZ3JhbQ==	7	111669149791
68719478469	107374182447	bW9kdWxl	bW9kdWxl	eyBleHBvcnRzOiB7IGdldChjdHg6IEFOWSk6IFByb21pc2U8dm9pZD47IHBvc3QoY3R4OiBBTlkpOiBQcm9taXNlPHZvaWQ+OyBwdXQoY3R4OiBBTlkpOiBQcm9taXNlPHZvaWQ+OyBsb2dpbihjdHg6IEFOWSk6IFByb21pc2U8dm9pZD47IH07IH0=	9	94489281110
68719478470	107374182447	X3RtcF8y	X3RtcF8y	QU5Z	10	
68719478471	107374182447	X3RtcF8y	X3RtcF8y	QU5Z	16	
68719478472	107374182447	X3RtcF8y	X3RtcF8y	QU5Z	34	
68719478473	107374182447	X3RtcF8y	X3RtcF8y	QU5Z	61	
68719478474	107374182447	X3RtcF8y	X3RtcF8y	QU5Z	9	
68719478243	107374182448	dXNlcg==	dXNlcg==	eyB0b2tlbjogQU5ZOyB9	11	94489281030
68719478244	107374182448	Z2VuZXJhdGVKV1Rmb3JVc2Vy	Z2VuZXJhdGVKV1Rmb3JVc2Vy	KHVzZXI/OiBfX2VjbWEuT2JqZWN0KSA9PiB7IHRva2VuOiBBTlk7IH0=	11	94489281109
68719478245	107374182448	dGhpcw==	dGhpcw==	Y29udHJvbGxlcnMvdXNlcnMtY29udHJvbGxlci5qczo6cHJvZ3JhbQ==	11	111669149783
68719478246	107374182448	Y3R4	Y3R4	QU5Z	11	111669149784
68719478247	107374182448	Y3R4	Y3R4	QU5Z	13	111669149784
68719478248	107374182448	X3RtcF8z	X3RtcF8z	QU5Z	13	
68719478249	107374182448	dXNlcg==	dXNlcg==	eyB0b2tlbjogQU5ZOyB9	13	94489281030
68719478250	107374182448	X3RtcF8z	X3RtcF8z	QU5Z	13	
68719478251	107374182449	X3RtcF80	X3RtcF80	Y3R4OnJlcXVlc3Q6PHJldHVyblZhbHVlPjo8bWVtYmVyPihyZXF1ZXN0KQ==	17	94489281033
68719478252	107374182449	Y3R4	Y3R4	QU5Z	17	111669149786
68719478253	107374182449	Ym9keQ==	Ym9keQ==	Y3R4OnJlcXVlc3Q6PHJldHVyblZhbHVlPjo8bWVtYmVyPihyZXF1ZXN0KTo8bWVtYmVyPihib2R5KQ==	17	94489281034
68719478254	107374182449	X3RtcF80	X3RtcF80	Y3R4OnJlcXVlc3Q6PHJldHVyblZhbHVlPjo8bWVtYmVyPihyZXF1ZXN0KQ==	17	
68719478255	107374182449	X3RtcF80	X3RtcF80	Y3R4OnJlcXVlc3Q6PHJldHVyblZhbHVlPjo8bWVtYmVyPihyZXF1ZXN0KQ==	17	
68719478256	107374182449	X3RtcF81	X3RtcF81	Y3R4OnJlcXVlc3Q6PHJldHVyblZhbHVlPjo8bWVtYmVyPihyZXF1ZXN0KTo8bWVtYmVyPihib2R5KQ==	18	94489281036
68719478257	107374182449	Ym9keQ==	Ym9keQ==	Y3R4OnJlcXVlc3Q6PHJldHVyblZhbHVlPjo8bWVtYmVyPihyZXF1ZXN0KTo8bWVtYmVyPihib2R5KQ==	18	94489281034
68719478258	107374182449	dXNlcg==	dXNlcg==	eyB0b2tlbjogQU5ZOyB9	18	94489281100
68719478259	107374182449	X3RtcF81	X3RtcF81	Y3R4OnJlcXVlc3Q6PHJldHVyblZhbHVlPjo8bWVtYmVyPihyZXF1ZXN0KTo8bWVtYmVyPihib2R5KQ==	18	
68719478260	107374182449	X3RtcF82	X3RtcF82	QU5Z	18	
68719478261	107374182449	X3RtcF81	X3RtcF81	Y3R4OnJlcXVlc3Q6PHJldHVyblZhbHVlPjo8bWVtYmVyPihyZXF1ZXN0KTo8bWVtYmVyPihib2R5KQ==	18	
68719478262	107374182449	X3RtcF81	X3RtcF81	Y3R4OnJlcXVlc3Q6PHJldHVyblZhbHVlPjo8bWVtYmVyPihyZXF1ZXN0KTo8bWVtYmVyPihib2R5KQ==	18	
68719478263	107374182449	b3B0cw==	b3B0cw==	eyBhYm9ydEVhcmx5OiBfX2VjbWEuQm9vbGVhbjsgY29udGV4dDogeyB2YWxpZGF0ZVBhc3N3b3JkOiBfX2VjbWEuQm9vbGVhbjsgfTsgfQ==	19	94489281038
68719478264	107374182449	X3RtcF83	X3RtcF83	QU5Z	19	
68719478265	107374182449	X3RtcF83	X3RtcF83	QU5Z	19	
68719478266	107374182449	X3RtcF84	X3RtcF84	QU5Z	19	
68719478267	107374182449	X3RtcF84	X3RtcF84	QU5Z	19	
68719478268	107374182449	X3RtcF83	X3RtcF83	QU5Z	19	
68719478269	107374182449	dXNlcg==	dXNlcg==	eyB0b2tlbjogQU5ZOyB9	21	94489281100
68719478270	107374182449	dXVpZA==	dXVpZA==	dXVpZA==	21	94489281108
68719478271	107374182449	dGhpcw==	dGhpcw==	Y29udHJvbGxlcnMvdXNlcnMtY29udHJvbGxlci5qczo6cHJvZ3JhbQ==	21	111669149785
68719478272	107374182449	dXNlcg==	dXNlcg==	eyB0b2tlbjogQU5ZOyB9	23	94489281100
68719478273	107374182449	X3RtcF85	X3RtcF85	eyB0b2tlbjogQU5ZOyB9	23	94489281107
68719478274	107374182449	Y3R4	Y3R4	QU5Z	23	111669149786
68719478275	107374182449	X3RtcF85	X3RtcF85	eyB0b2tlbjogQU5ZOyB9	23	94489281107
68719478276	107374182449	dXNlcg==	dXNlcg==	eyB0b2tlbjogQU5ZOyB9	23	94489281100
68719478277	107374182449	b3B0cw==	b3B0cw==	eyBhYm9ydEVhcmx5OiBfX2VjbWEuQm9vbGVhbjsgY29udGV4dDogeyB2YWxpZGF0ZVBhc3N3b3JkOiBfX2VjbWEuQm9vbGVhbjsgfTsgfQ==	23	94489281038
68719478278	107374182449	dXNlcg==	dXNlcg==	eyB0b2tlbjogQU5ZOyB9	25	94489281100
68719478279	107374182449	YmNyeXB0	YmNyeXB0	YmNyeXB0	25	94489281106
68719478280	107374182449	YmNyeXB0	YmNyeXB0	YmNyeXB0	25	94489281106
68719478281	107374182449	dXNlcg==	dXNlcg==	eyB0b2tlbjogQU5ZOyB9	25	94489281100
68719478282	107374182449	X3RtcF8xMA==	X3RtcF8xMA==	Y29udHJvbGxlcnMvdXNlcnMtY29udHJvbGxlci5qczo6cHJvZ3JhbTpkYjo8cmV0dXJuVmFsdWU+	27	94489281104
68719478283	107374182449	ZGI=	ZGI=	QU5Z	27	94489281105
68719478284	107374182449	dGhpcw==	dGhpcw==	Y29udHJvbGxlcnMvdXNlcnMtY29udHJvbGxlci5qczo6cHJvZ3JhbQ==	27	111669149785
68719478285	107374182449	X3RtcF8xMA==	X3RtcF8xMA==	Y29udHJvbGxlcnMvdXNlcnMtY29udHJvbGxlci5qczo6cHJvZ3JhbTpkYjo8cmV0dXJuVmFsdWU+	27	94489281104
68719478286	107374182449	aHVtcHM=	aHVtcHM=	aHVtcHM=	27	94489281103
68719478287	107374182449	aHVtcHM=	aHVtcHM=	aHVtcHM=	27	94489281103
68719478288	107374182449	dXNlcg==	dXNlcg==	eyB0b2tlbjogQU5ZOyB9	27	94489281100
68719478289	107374182449	dXNlcg==	dXNlcg==	eyB0b2tlbjogQU5ZOyB9	29	94489281100
68719478290	107374182449	Z2VuZXJhdGVKV1Rmb3JVc2Vy	Z2VuZXJhdGVKV1Rmb3JVc2Vy	KHVzZXI/OiBfX2VjbWEuT2JqZWN0KSA9PiB7IHRva2VuOiBBTlk7IH0=	29	94489281102
68719478291	107374182449	dGhpcw==	dGhpcw==	Y29udHJvbGxlcnMvdXNlcnMtY29udHJvbGxlci5qczo6cHJvZ3JhbQ==	29	111669149785
68719478292	107374182449	dXNlcg==	dXNlcg==	eyB0b2tlbjogQU5ZOyB9	29	94489281100
68719478293	107374182449	Y3R4	Y3R4	QU5Z	31	111669149786
68719478294	107374182449	X3RtcF8xMQ==	X3RtcF8xMQ==	QU5Z	31	
68719478295	107374182449	Xw==	Xw==	bG9kYXNo	31	94489281101
68719478296	107374182449	Xw==	Xw==	bG9kYXNo	31	94489281101
68719478297	107374182449	dXNlcg==	dXNlcg==	eyB0b2tlbjogQU5ZOyB9	31	94489281100
68719478298	107374182449	X3RtcF8xMg==	X3RtcF8xMg==	X19lY21hLkFycmF5	31	94489281099
68719478299	107374182449	X3RtcF8xMg==	X3RtcF8xMg==	X19lY21hLkFycmF5	31	
68719478300	107374182449	X3RtcF8xMg==	X3RtcF8xMg==	X19lY21hLkFycmF5	31	
68719478301	107374182449	X3RtcF8xMg==	X3RtcF8xMg==	X19lY21hLkFycmF5	31	
68719478302	107374182449	X3RtcF8xMQ==	X3RtcF8xMQ==	QU5Z	31	
68719478303	107374182450	X3RtcF8xMw==	X3RtcF8xMw==	Y3R4OnJlcXVlc3Q6PHJldHVyblZhbHVlPjo8bWVtYmVyPihyZXF1ZXN0KQ==	35	94489281044
68719478304	107374182450	Y3R4	Y3R4	QU5Z	35	111669149788
68719478305	107374182450	Ym9keQ==	Ym9keQ==	Y3R4OnJlcXVlc3Q6PHJldHVyblZhbHVlPjo8bWVtYmVyPihyZXF1ZXN0KTo8bWVtYmVyPihib2R5KQ==	35	94489281045
68719478306	107374182450	X3RtcF8xMw==	X3RtcF8xMw==	Y3R4OnJlcXVlc3Q6PHJldHVyblZhbHVlPjo8bWVtYmVyPihyZXF1ZXN0KQ==	35	
68719478307	107374182450	X3RtcF8xMw==	X3RtcF8xMw==	Y3R4OnJlcXVlc3Q6PHJldHVyblZhbHVlPjo8bWVtYmVyPihyZXF1ZXN0KQ==	35	
68719478308	107374182450	X3RtcF8xNA==	X3RtcF8xNA==	Y3R4OnJlcXVlc3Q6PHJldHVyblZhbHVlPjo8bWVtYmVyPihyZXF1ZXN0KTo8bWVtYmVyPihib2R5KQ==	36	94489281047
68719478309	107374182450	Ym9keQ==	Ym9keQ==	Y3R4OnJlcXVlc3Q6PHJldHVyblZhbHVlPjo8bWVtYmVyPihyZXF1ZXN0KTo8bWVtYmVyPihib2R5KQ==	36	94489281045
68719478310	107374182450	ZmllbGRz	ZmllbGRz	QU5Z	36	94489281097
68719478311	107374182450	X3RtcF8xNA==	X3RtcF8xNA==	Y3R4OnJlcXVlc3Q6PHJldHVyblZhbHVlPjo8bWVtYmVyPihyZXF1ZXN0KTo8bWVtYmVyPihib2R5KQ==	36	
68719478312	107374182450	X3RtcF8xNQ==	X3RtcF8xNQ==	QU5Z	36	
68719478313	107374182450	X3RtcF8xNA==	X3RtcF8xNA==	Y3R4OnJlcXVlc3Q6PHJldHVyblZhbHVlPjo8bWVtYmVyPihyZXF1ZXN0KTo8bWVtYmVyPihib2R5KQ==	36	
68719478314	107374182450	X3RtcF8xNA==	X3RtcF8xNA==	Y3R4OnJlcXVlc3Q6PHJldHVyblZhbHVlPjo8bWVtYmVyPihyZXF1ZXN0KTo8bWVtYmVyPihib2R5KQ==	36	
68719478315	107374182450	b3B0cw==	b3B0cw==	eyBhYm9ydEVhcmx5OiBfX2VjbWEuQm9vbGVhbjsgY29udGV4dDogeyB2YWxpZGF0ZVBhc3N3b3JkOiBfX2VjbWEuQm9vbGVhbjsgfTsgfQ==	37	94489281049
68719478316	107374182450	X3RtcF8xNg==	X3RtcF8xNg==	QU5Z	37	
68719478317	107374182450	X3RtcF8xNg==	X3RtcF8xNg==	QU5Z	37	
68719478318	107374182450	X3RtcF8xNw==	X3RtcF8xNw==	QU5Z	37	
68719478319	107374182450	X3RtcF8xNw==	X3RtcF8xNw==	QU5Z	37	
68719478320	107374182450	X3RtcF8xNg==	X3RtcF8xNg==	QU5Z	37	
68719478321	107374182450	ZmllbGRz	ZmllbGRz	QU5Z	39	94489281097
68719478322	107374182450	b3B0cw==	b3B0cw==	eyBhYm9ydEVhcmx5OiBfX2VjbWEuQm9vbGVhbjsgY29udGV4dDogeyB2YWxpZGF0ZVBhc3N3b3JkOiBfX2VjbWEuQm9vbGVhbjsgfTsgfQ==	40	94489281049
68719478323	107374182450	dXNlcg==	dXNlcg==	eyB0b2tlbjogQU5ZOyB9	43	94489281052
68719478324	107374182450	X3RtcF8xOA==	X3RtcF8xOA==	QU5Z	43	
68719478325	107374182450	Y3R4	Y3R4	QU5Z	43	111669149788
68719478326	107374182450	ZmllbGRz	ZmllbGRz	QU5Z	43	94489281097
68719478327	107374182450	dXNlcg==	dXNlcg==	eyB0b2tlbjogQU5ZOyB9	44	94489281052
68719478328	107374182450	X3RtcF8xOQ==	X3RtcF8xOQ==	eyB0b2tlbjogQU5ZOyB9	44	94489281098
68719478329	107374182450	Y3R4	Y3R4	QU5Z	44	111669149788
68719478330	107374182450	X3RtcF8xOQ==	X3RtcF8xOQ==	eyB0b2tlbjogQU5ZOyB9	44	94489281098
68719478331	107374182450	dXNlcg==	dXNlcg==	eyB0b2tlbjogQU5ZOyB9	44	94489281052
68719478332	107374182450	b3B0cw==	b3B0cw==	eyBhYm9ydEVhcmx5OiBfX2VjbWEuQm9vbGVhbjsgY29udGV4dDogeyB2YWxpZGF0ZVBhc3N3b3JkOiBfX2VjbWEuQm9vbGVhbjsgfTsgfQ==	44	94489281049
68719478333	107374182450	ZmllbGRz	ZmllbGRz	QU5Z	46	94489281097
68719478334	107374182450	dXNlcg==	dXNlcg==	eyB0b2tlbjogQU5ZOyB9	47	94489281052
68719478335	107374182450	YmNyeXB0	YmNyeXB0	YmNyeXB0	47	94489281096
68719478336	107374182450	YmNyeXB0	YmNyeXB0	YmNyeXB0	47	94489281096
68719478337	107374182450	dXNlcg==	dXNlcg==	eyB0b2tlbjogQU5ZOyB9	47	94489281052
68719478338	107374182450	dXNlcg==	dXNlcg==	eyB0b2tlbjogQU5ZOyB9	50	94489281052
68719478339	107374182450	X3RtcF8yMA==	X3RtcF8yMA==	X19lY21hLkRhdGU=	50	94489281093
68719478340	107374182450	X3RtcF8yMQ==	X3RtcF8yMQ==	X19lY21hLkRhdGU=	50	94489281095
68719478341	107374182450	RGF0ZQ==	RGF0ZQ==	RGF0ZUNvbnN0cnVjdG9y	50	94489281094
68719478342	107374182450	X3RtcF8yMQ==	X3RtcF8yMQ==	X19lY21hLkRhdGU=	50	
68719478343	107374182450	X3RtcF8yMQ==	X3RtcF8yMQ==	X19lY21hLkRhdGU=	50	
68719478344	107374182450	X3RtcF8yMA==	X3RtcF8yMA==	X19lY21hLkRhdGU=	50	94489281093
68719478345	107374182450	X3RtcF8yMg==	X3RtcF8yMg==	QU5Z	52	94489281090
68719478346	107374182450	X3RtcF8yMw==	X3RtcF8yMw==	Y29udHJvbGxlcnMvdXNlcnMtY29udHJvbGxlci5qczo6cHJvZ3JhbTpkYjo8cmV0dXJuVmFsdWU+	52	94489281091
68719478347	107374182450	ZGI=	ZGI=	QU5Z	52	94489281092
68719478348	107374182450	dGhpcw==	dGhpcw==	Y29udHJvbGxlcnMvdXNlcnMtY29udHJvbGxlci5qczo6cHJvZ3JhbQ==	52	111669149787
68719478349	107374182450	X3RtcF8yMw==	X3RtcF8yMw==	Y29udHJvbGxlcnMvdXNlcnMtY29udHJvbGxlci5qczo6cHJvZ3JhbTpkYjo8cmV0dXJuVmFsdWU+	52	94489281091
68719478350	107374182450	X3RtcF8yNA==	X3RtcF8yNA==	QU5Z	53	
68719478351	107374182450	dXNlcg==	dXNlcg==	eyB0b2tlbjogQU5ZOyB9	53	94489281052
68719478352	107374182450	X3RtcF8yNA==	X3RtcF8yNA==	QU5Z	53	
68719478353	107374182450	X3RtcF8yMg==	X3RtcF8yMg==	QU5Z	52	94489281090
68719478354	107374182450	aHVtcHM=	aHVtcHM=	aHVtcHM=	54	94489281089
68719478355	107374182450	aHVtcHM=	aHVtcHM=	aHVtcHM=	54	94489281089
68719478356	107374182450	dXNlcg==	dXNlcg==	eyB0b2tlbjogQU5ZOyB9	54	94489281052
68719478357	107374182450	dXNlcg==	dXNlcg==	eyB0b2tlbjogQU5ZOyB9	56	94489281052
68719478358	107374182450	Z2VuZXJhdGVKV1Rmb3JVc2Vy	Z2VuZXJhdGVKV1Rmb3JVc2Vy	KHVzZXI/OiBfX2VjbWEuT2JqZWN0KSA9PiB7IHRva2VuOiBBTlk7IH0=	56	94489281088
68719478359	107374182450	dGhpcw==	dGhpcw==	Y29udHJvbGxlcnMvdXNlcnMtY29udHJvbGxlci5qczo6cHJvZ3JhbQ==	56	111669149787
68719478360	107374182450	dXNlcg==	dXNlcg==	eyB0b2tlbjogQU5ZOyB9	56	94489281052
68719478361	107374182450	Y3R4	Y3R4	QU5Z	58	111669149788
68719478362	107374182450	X3RtcF8yNQ==	X3RtcF8yNQ==	QU5Z	58	
68719478363	107374182450	Xw==	Xw==	bG9kYXNo	58	94489281087
68719478364	107374182450	Xw==	Xw==	bG9kYXNo	58	94489281087
68719478365	107374182450	dXNlcg==	dXNlcg==	eyB0b2tlbjogQU5ZOyB9	58	94489281052
68719478366	107374182450	X3RtcF8yNg==	X3RtcF8yNg==	X19lY21hLkFycmF5	58	94489281086
68719478367	107374182450	X3RtcF8yNg==	X3RtcF8yNg==	X19lY21hLkFycmF5	58	
68719478368	107374182450	X3RtcF8yNg==	X3RtcF8yNg==	X19lY21hLkFycmF5	58	
68719478369	107374182450	X3RtcF8yNg==	X3RtcF8yNg==	X19lY21hLkFycmF5	58	
68719478370	107374182450	X3RtcF8yNQ==	X3RtcF8yNQ==	QU5Z	58	
68719478371	107374182451	X3RtcF8yNw==	X3RtcF8yNw==	Y3R4OnJlcXVlc3Q6PHJldHVyblZhbHVlPjo8bWVtYmVyPihyZXF1ZXN0KQ==	62	94489281059
68719478372	107374182451	Y3R4	Y3R4	QU5Z	62	111669149790
68719478373	107374182451	Ym9keQ==	Ym9keQ==	Y3R4OnJlcXVlc3Q6PHJldHVyblZhbHVlPjo8bWVtYmVyPihyZXF1ZXN0KTo8bWVtYmVyPihib2R5KQ==	62	94489281060
68719478374	107374182451	X3RtcF8yNw==	X3RtcF8yNw==	Y3R4OnJlcXVlc3Q6PHJldHVyblZhbHVlPjo8bWVtYmVyPihyZXF1ZXN0KQ==	62	
68719478375	107374182451	X3RtcF8yNw==	X3RtcF8yNw==	Y3R4OnJlcXVlc3Q6PHJldHVyblZhbHVlPjo8bWVtYmVyPihyZXF1ZXN0KQ==	62	
68719478376	107374182451	Y3R4	Y3R4	QU5Z	64	111669149790
68719478377	107374182451	Y3R4	Y3R4	QU5Z	64	111669149790
68719478378	107374182451	Xw==	Xw==	bG9kYXNo	65	94489281073
68719478379	107374182451	Xw==	Xw==	bG9kYXNo	65	94489281073
68719478380	107374182451	Ym9keQ==	Ym9keQ==	Y3R4OnJlcXVlc3Q6PHJldHVyblZhbHVlPjo8bWVtYmVyPihyZXF1ZXN0KTo8bWVtYmVyPihib2R5KQ==	65	94489281060
68719478381	107374182451	Ym9keQ==	Ym9keQ==	Y3R4OnJlcXVlc3Q6PHJldHVyblZhbHVlPjo8bWVtYmVyPihyZXF1ZXN0KTo8bWVtYmVyPihib2R5KQ==	65	94489281060
68719478382	107374182451	Ym9keQ==	Ym9keQ==	Y3R4OnJlcXVlc3Q6PHJldHVyblZhbHVlPjo8bWVtYmVyPihyZXF1ZXN0KTo8bWVtYmVyPihib2R5KQ==	65	94489281060
68719478383	107374182451	X3RtcF8yOA==	X3RtcF8yOA==	X3RtcF8wOlZhbGlkYXRpb25FcnJvcjo8cmV0dXJuVmFsdWU+OjxtZW1iZXI+KFZhbGlkYXRpb25FcnJvcik=	67	94489281085
68719478384	107374182451	VmFsaWRhdGlvbkVycm9y	VmFsaWRhdGlvbkVycm9y	X3RtcF8wOlZhbGlkYXRpb25FcnJvcjo8cmV0dXJuVmFsdWU+OjxtZW1iZXI+KFZhbGlkYXRpb25FcnJvcik=	67	94489281076
68719478385	107374182451	X3RtcF8yOA==	X3RtcF8yOA==	X3RtcF8wOlZhbGlkYXRpb25FcnJvcjo8cmV0dXJuVmFsdWU+OjxtZW1iZXI+KFZhbGlkYXRpb25FcnJvcik=	67	
68719478386	107374182451	X3RtcF8yOQ==	X3RtcF8yOQ==	X19lY21hLkFycmF5	67	94489281084
68719478387	107374182451	X3RtcF8yOQ==	X3RtcF8yOQ==	X19lY21hLkFycmF5	67	
68719478388	107374182451	X3RtcF8yOQ==	X3RtcF8yOQ==	X19lY21hLkFycmF5	67	
68719478389	107374182451	X3RtcF8yOQ==	X3RtcF8yOQ==	X19lY21hLkFycmF5	67	
68719478390	107374182451	X3RtcF8yOA==	X3RtcF8yOA==	X3RtcF8wOlZhbGlkYXRpb25FcnJvcjo8cmV0dXJuVmFsdWU+OjxtZW1iZXI+KFZhbGlkYXRpb25FcnJvcik=	67	
68719478391	107374182451	dXNlcg==	dXNlcg==	eyB0b2tlbjogQU5ZOyB9	70	94489281063
68719478392	107374182451	X3RtcF8zMA==	X3RtcF8zMA==	QU5Z	70	94489281081
68719478393	107374182451	X3RtcF8zMQ==	X3RtcF8zMQ==	Y29udHJvbGxlcnMvdXNlcnMtY29udHJvbGxlci5qczo6cHJvZ3JhbTpkYjo8cmV0dXJuVmFsdWU+	70	94489281082
68719478394	107374182451	ZGI=	ZGI=	QU5Z	70	94489281083
68719478395	107374182451	dGhpcw==	dGhpcw==	Y29udHJvbGxlcnMvdXNlcnMtY29udHJvbGxlci5qczo6cHJvZ3JhbQ==	70	111669149789
68719478396	107374182451	X3RtcF8zMQ==	X3RtcF8zMQ==	Y29udHJvbGxlcnMvdXNlcnMtY29udHJvbGxlci5qczo6cHJvZ3JhbTpkYjo8cmV0dXJuVmFsdWU+	70	94489281082
68719478397	107374182451	X3RtcF8zMA==	X3RtcF8zMA==	QU5Z	70	94489281081
68719478398	107374182451	X3RtcF8zMg==	X3RtcF8zMg==	QU5Z	72	
68719478399	107374182451	Ym9keQ==	Ym9keQ==	Y3R4OnJlcXVlc3Q6PHJldHVyblZhbHVlPjo8bWVtYmVyPihyZXF1ZXN0KTo8bWVtYmVyPihib2R5KQ==	72	94489281060
68719478400	107374182451	X3RtcF8zMg==	X3RtcF8zMg==	QU5Z	72	
68719478401	107374182451	Y3R4	Y3R4	QU5Z	74	111669149790
68719478402	107374182451	Y3R4	Y3R4	QU5Z	74	111669149790
68719478403	107374182451	dXNlcg==	dXNlcg==	eyB0b2tlbjogQU5ZOyB9	75	94489281063
68719478404	107374182451	X3RtcF8zMw==	X3RtcF8zMw==	X3RtcF8wOlZhbGlkYXRpb25FcnJvcjo8cmV0dXJuVmFsdWU+OjxtZW1iZXI+KFZhbGlkYXRpb25FcnJvcik=	77	94489281080
68719478405	107374182451	VmFsaWRhdGlvbkVycm9y	VmFsaWRhdGlvbkVycm9y	X3RtcF8wOlZhbGlkYXRpb25FcnJvcjo8cmV0dXJuVmFsdWU+OjxtZW1iZXI+KFZhbGlkYXRpb25FcnJvcik=	77	94489281076
68719478406	107374182451	X3RtcF8zMw==	X3RtcF8zMw==	X3RtcF8wOlZhbGlkYXRpb25FcnJvcjo8cmV0dXJuVmFsdWU+OjxtZW1iZXI+KFZhbGlkYXRpb25FcnJvcik=	77	
68719478407	107374182451	X3RtcF8zNA==	X3RtcF8zNA==	X19lY21hLkFycmF5	77	94489281079
68719478408	107374182451	X3RtcF8zNA==	X3RtcF8zNA==	X19lY21hLkFycmF5	77	
68719478409	107374182451	X3RtcF8zNA==	X3RtcF8zNA==	X19lY21hLkFycmF5	77	
68719478410	107374182451	X3RtcF8zNA==	X3RtcF8zNA==	X19lY21hLkFycmF5	77	
68719478411	107374182451	X3RtcF8zMw==	X3RtcF8zMw==	X3RtcF8wOlZhbGlkYXRpb25FcnJvcjo8cmV0dXJuVmFsdWU+OjxtZW1iZXI+KFZhbGlkYXRpb25FcnJvcik=	77	
68719478412	107374182451	aXNWYWxpZA==	aXNWYWxpZA==	QU5Z	80	94489281067
68719478413	107374182451	YmNyeXB0	YmNyeXB0	YmNyeXB0	80	94489281078
68719478414	107374182451	YmNyeXB0	YmNyeXB0	YmNyeXB0	80	94489281078
68719478415	107374182451	Ym9keQ==	Ym9keQ==	Y3R4OnJlcXVlc3Q6PHJldHVyblZhbHVlPjo8bWVtYmVyPihyZXF1ZXN0KTo8bWVtYmVyPihib2R5KQ==	80	94489281060
68719478416	107374182451	dXNlcg==	dXNlcg==	eyB0b2tlbjogQU5ZOyB9	80	94489281063
68719478417	107374182451	Y3R4	Y3R4	QU5Z	82	111669149790
68719478418	107374182451	Y3R4	Y3R4	QU5Z	82	111669149790
68719478419	107374182451	aXNWYWxpZA==	aXNWYWxpZA==	QU5Z	83	94489281067
68719478420	107374182451	X3RtcF8zNQ==	X3RtcF8zNQ==	X3RtcF8wOlZhbGlkYXRpb25FcnJvcjo8cmV0dXJuVmFsdWU+OjxtZW1iZXI+KFZhbGlkYXRpb25FcnJvcik=	85	94489281077
68719478421	107374182451	VmFsaWRhdGlvbkVycm9y	VmFsaWRhdGlvbkVycm9y	X3RtcF8wOlZhbGlkYXRpb25FcnJvcjo8cmV0dXJuVmFsdWU+OjxtZW1iZXI+KFZhbGlkYXRpb25FcnJvcik=	85	94489281076
68719478422	107374182451	X3RtcF8zNQ==	X3RtcF8zNQ==	X3RtcF8wOlZhbGlkYXRpb25FcnJvcjo8cmV0dXJuVmFsdWU+OjxtZW1iZXI+KFZhbGlkYXRpb25FcnJvcik=	85	
68719478423	107374182451	X3RtcF8zNg==	X3RtcF8zNg==	X19lY21hLkFycmF5	85	94489281075
68719478424	107374182451	X3RtcF8zNg==	X3RtcF8zNg==	X19lY21hLkFycmF5	85	
68719478425	107374182451	X3RtcF8zNg==	X3RtcF8zNg==	X19lY21hLkFycmF5	85	
68719478426	107374182451	X3RtcF8zNg==	X3RtcF8zNg==	X19lY21hLkFycmF5	85	
68719478427	107374182451	X3RtcF8zNQ==	X3RtcF8zNQ==	X3RtcF8wOlZhbGlkYXRpb25FcnJvcjo8cmV0dXJuVmFsdWU+OjxtZW1iZXI+KFZhbGlkYXRpb25FcnJvcik=	85	
68719478428	107374182451	dXNlcg==	dXNlcg==	eyB0b2tlbjogQU5ZOyB9	88	94489281063
68719478429	107374182451	Z2VuZXJhdGVKV1Rmb3JVc2Vy	Z2VuZXJhdGVKV1Rmb3JVc2Vy	KHVzZXI/OiBfX2VjbWEuT2JqZWN0KSA9PiB7IHRva2VuOiBBTlk7IH0=	88	94489281074
68719478430	107374182451	dGhpcw==	dGhpcw==	Y29udHJvbGxlcnMvdXNlcnMtY29udHJvbGxlci5qczo6cHJvZ3JhbQ==	88	111669149789
68719478431	107374182451	dXNlcg==	dXNlcg==	eyB0b2tlbjogQU5ZOyB9	88	94489281063
68719478432	107374182451	Y3R4	Y3R4	QU5Z	90	111669149790
68719478433	107374182451	X3RtcF8zNw==	X3RtcF8zNw==	QU5Z	90	
68719478434	107374182451	Xw==	Xw==	bG9kYXNo	90	94489281073
68719478435	107374182451	Xw==	Xw==	bG9kYXNo	90	94489281073
68719478436	107374182451	dXNlcg==	dXNlcg==	eyB0b2tlbjogQU5ZOyB9	90	94489281063
68719478437	107374182451	X3RtcF8zOA==	X3RtcF8zOA==	X19lY21hLkFycmF5	90	94489281072
68719478438	107374182451	X3RtcF8zOA==	X3RtcF8zOA==	X19lY21hLkFycmF5	90	
68719478439	107374182451	X3RtcF8zOA==	X3RtcF8zOA==	X19lY21hLkFycmF5	90	
68719478440	107374182451	X3RtcF8zOA==	X3RtcF8zOA==	X19lY21hLkFycmF5	90	
68719478441	107374182451	X3RtcF8zNw==	X3RtcF8zNw==	QU5Z	90	
68719478475	107374182452	Y29uZmln	Y29uZmln	Y29uZmln	1	94489281112
68719478476	107374182452	cmVxdWlyZQ==	cmVxdWlyZQ==	QU5Z	1	94489281141
68719478477	107374182452	dGhpcw==	dGhpcw==	bGliL2FwcC5qczo6cHJvZ3JhbQ==	1	111669149792
68719478478	107374182452	S29h	S29h	a29h	2	94489281113
68719478479	107374182452	cmVxdWlyZQ==	cmVxdWlyZQ==	QU5Z	2	94489281141
68719478480	107374182452	dGhpcw==	dGhpcw==	bGliL2FwcC5qczo6cHJvZ3JhbQ==	2	111669149792
68719478481	107374182452	YXBw	YXBw	a29h	4	94489281114
68719478482	107374182452	X3RtcF8w	X3RtcF8w	a29h	4	94489281143
68719478483	107374182452	S29h	S29h	a29h	4	94489281113
68719478484	107374182452	X3RtcF8w	X3RtcF8w	a29h	4	
68719478485	107374182452	X3RtcF8w	X3RtcF8w	a29h	4	
68719478486	107374182452	YXBw	YXBw	a29h	6	94489281114
68719478487	107374182452	YXBw	YXBw	a29h	8	94489281114
68719478488	107374182452	X3RtcF8x	X3RtcF8x	X19lY21hLkFycmF5	8	94489281142
68719478489	107374182452	X3RtcF8x	X3RtcF8x	X19lY21hLkFycmF5	8	
68719478490	107374182452	X3RtcF8x	X3RtcF8x	X19lY21hLkFycmF5	8	
68719478491	107374182452	Y29uZmln	Y29uZmln	Y29uZmln	8	94489281112
68719478492	107374182452	Y29uZmln	Y29uZmln	Y29uZmln	8	94489281112
68719478493	107374182452	X3RtcF8x	X3RtcF8x	X19lY21hLkFycmF5	8	
68719478494	107374182452	cmVxdWlyZQ==	cmVxdWlyZQ==	QU5Z	10	94489281141
68719478495	107374182452	dGhpcw==	dGhpcw==	bGliL2FwcC5qczo6cHJvZ3JhbQ==	10	111669149792
68719478496	107374182452	dGhpcw==	dGhpcw==	bGliL2FwcC5qczo6cHJvZ3JhbQ==	10	111669149792
68719478497	107374182452	YXBw	YXBw	a29h	10	94489281114
68719478498	107374182452	cmVzcG9uc2VUaW1l	cmVzcG9uc2VUaW1l	a29hLXJlc3BvbnNlLXRpbWU=	12	94489281117
68719478499	107374182452	cmVxdWlyZQ==	cmVxdWlyZQ==	QU5Z	12	94489281141
68719478500	107374182452	dGhpcw==	dGhpcw==	bGliL2FwcC5qczo6cHJvZ3JhbQ==	12	111669149792
68719478501	107374182452	aGVsbWV0	aGVsbWV0	a29hLWhlbG1ldA==	13	94489281118
68719478502	107374182452	cmVxdWlyZQ==	cmVxdWlyZQ==	QU5Z	13	94489281141
68719478503	107374182452	dGhpcw==	dGhpcw==	bGliL2FwcC5qczo6cHJvZ3JhbQ==	13	111669149792
68719478504	107374182452	bG9nZ2Vy	bG9nZ2Vy	a29hLWxvZ2dlcg==	14	94489281119
68719478505	107374182452	cmVxdWlyZQ==	cmVxdWlyZQ==	QU5Z	14	94489281141
68719478506	107374182452	dGhpcw==	dGhpcw==	bGliL2FwcC5qczo6cHJvZ3JhbQ==	14	111669149792
68719478507	107374182452	eFJlcXVlc3RJZA==	eFJlcXVlc3RJZA==	a29hLXgtcmVxdWVzdC1pZA==	15	94489281120
68719478508	107374182452	cmVxdWlyZQ==	cmVxdWlyZQ==	QU5Z	15	94489281141
68719478509	107374182452	dGhpcw==	dGhpcw==	bGliL2FwcC5qczo6cHJvZ3JhbQ==	15	111669149792
68719478510	107374182452	Y2FtZWxpemVNaWRkbGV3YXJl	Y2FtZWxpemVNaWRkbGV3YXJl	KGN0eDogQU5ZLCBuZXh0OiBBTlkpID0+IFByb21pc2U8dm9pZD4=	16	94489281121
68719478511	107374182452	cmVxdWlyZQ==	cmVxdWlyZQ==	QU5Z	16	94489281141
68719478512	107374182452	dGhpcw==	dGhpcw==	bGliL2FwcC5qczo6cHJvZ3JhbQ==	16	111669149792
68719478513	107374182452	ZXJyb3I=	ZXJyb3I=	KGN0eDogQU5ZLCBuZXh0OiBBTlkpID0+IFByb21pc2U8dm9pZD4=	17	94489281122
68719478514	107374182452	cmVxdWlyZQ==	cmVxdWlyZQ==	QU5Z	17	94489281141
68719478515	107374182452	dGhpcw==	dGhpcw==	bGliL2FwcC5qczo6cHJvZ3JhbQ==	17	111669149792
68719478516	107374182452	Y29ycw==	Y29ycw==	a2NvcnM=	18	94489281123
68719478517	107374182452	cmVxdWlyZQ==	cmVxdWlyZQ==	QU5Z	18	94489281141
68719478518	107374182452	dGhpcw==	dGhpcw==	bGliL2FwcC5qczo6cHJvZ3JhbQ==	18	111669149792
68719478519	107374182452	and0	and0	bWlkZGxld2FyZS9qd3QtbWlkZGxld2FyZS5qczo6cHJvZ3JhbQ==	19	94489281124
68719478520	107374182452	cmVxdWlyZQ==	cmVxdWlyZQ==	QU5Z	19	94489281141
68719478521	107374182452	dGhpcw==	dGhpcw==	bGliL2FwcC5qczo6cHJvZ3JhbQ==	19	111669149792
68719478522	107374182452	Ym9keVBhcnNlcg==	Ym9keVBhcnNlcg==	a29hLWJvZHlwYXJzZXI=	20	94489281125
68719478523	107374182452	cmVxdWlyZQ==	cmVxdWlyZQ==	QU5Z	20	94489281141
68719478524	107374182452	dGhpcw==	dGhpcw==	bGliL2FwcC5qczo6cHJvZ3JhbQ==	20	111669149792
68719478525	107374182452	cGFnZXJNaWRkbGV3YXJl	cGFnZXJNaWRkbGV3YXJl	KGN0eDogQU5ZLCBuZXh0OiBBTlkpID0+IEFOWQ==	21	94489281126
68719478526	107374182452	cmVxdWlyZQ==	cmVxdWlyZQ==	QU5Z	21	94489281141
68719478527	107374182452	dGhpcw==	dGhpcw==	bGliL2FwcC5qczo6cHJvZ3JhbQ==	21	111669149792
68719478528	107374182452	dXNlck1pZGRsZXdhcmU=	dXNlck1pZGRsZXdhcmU=	KGN0eDogQU5ZLCBuZXh0OiBBTlkpID0+IFByb21pc2U8YW55Pg==	22	94489281127
68719478529	107374182452	cmVxdWlyZQ==	cmVxdWlyZQ==	QU5Z	22	94489281141
68719478530	107374182452	dGhpcw==	dGhpcw==	bGliL2FwcC5qczo6cHJvZ3JhbQ==	22	111669149792
68719478531	107374182452	cm91dGVz	cm91dGVz	QU5Z	23	94489281128
68719478532	107374182452	cmVxdWlyZQ==	cmVxdWlyZQ==	QU5Z	23	94489281141
68719478533	107374182452	dGhpcw==	dGhpcw==	bGliL2FwcC5qczo6cHJvZ3JhbQ==	23	111669149792
68719478534	107374182452	YXBw	YXBw	a29h	25	94489281114
68719478535	107374182452	YXBw	YXBw	a29h	25	94489281114
68719478536	107374182452	cmVzcG9uc2VUaW1l	cmVzcG9uc2VUaW1l	a29hLXJlc3BvbnNlLXRpbWU=	25	94489281117
68719478537	107374182452	dGhpcw==	dGhpcw==	bGliL2FwcC5qczo6cHJvZ3JhbQ==	25	111669149792
68719478538	107374182452	YXBw	YXBw	a29h	26	94489281114
68719478539	107374182452	YXBw	YXBw	a29h	26	94489281114
68719478540	107374182452	eFJlcXVlc3RJZA==	eFJlcXVlc3RJZA==	a29hLXgtcmVxdWVzdC1pZA==	26	94489281120
68719478541	107374182452	dGhpcw==	dGhpcw==	bGliL2FwcC5qczo6cHJvZ3JhbQ==	26	111669149792
68719478542	107374182452	X3RtcF8y	X3RtcF8y	QU5Z	26	
68719478543	107374182452	X3RtcF8y	X3RtcF8y	QU5Z	26	
68719478544	107374182452	YXBw	YXBw	a29h	26	94489281114
68719478545	107374182452	YXBw	YXBw	a29h	27	94489281114
68719478546	107374182452	YXBw	YXBw	a29h	27	94489281114
68719478547	107374182452	bG9nZ2Vy	bG9nZ2Vy	a29hLWxvZ2dlcg==	27	94489281119
68719478548	107374182452	dGhpcw==	dGhpcw==	bGliL2FwcC5qczo6cHJvZ3JhbQ==	27	111669149792
68719478549	107374182452	YXBw	YXBw	a29h	28	94489281114
68719478550	107374182452	YXBw	YXBw	a29h	28	94489281114
68719478551	107374182452	aGVsbWV0	aGVsbWV0	a29hLWhlbG1ldA==	28	94489281118
68719478552	107374182452	dGhpcw==	dGhpcw==	bGliL2FwcC5qczo6cHJvZ3JhbQ==	28	111669149792
68719478553	107374182452	YXBw	YXBw	a29h	29	94489281114
68719478554	107374182452	YXBw	YXBw	a29h	29	94489281114
68719478555	107374182452	Y29ycw==	Y29ycw==	a2NvcnM=	30	94489281123
68719478556	107374182452	dGhpcw==	dGhpcw==	bGliL2FwcC5qczo6cHJvZ3JhbQ==	30	111669149792
68719478557	107374182452	X3RtcF8z	X3RtcF8z	QU5Z	31	
68719478558	107374182452	X3RtcF8z	X3RtcF8z	QU5Z	32	
68719478559	107374182452	X3RtcF80	X3RtcF80	X19lY21hLkFycmF5	32	94489281140
68719478560	107374182452	X3RtcF80	X3RtcF80	X19lY21hLkFycmF5	32	
68719478561	107374182452	X3RtcF80	X3RtcF80	X19lY21hLkFycmF5	32	
68719478562	107374182452	X3RtcF80	X3RtcF80	X19lY21hLkFycmF5	32	
68719478563	107374182452	X3RtcF8z	X3RtcF8z	QU5Z	33	
68719478564	107374182452	X3RtcF8z	X3RtcF8z	QU5Z	34	
68719478565	107374182452	X3RtcF81	X3RtcF81	X19lY21hLkFycmF5	34	94489281139
68719478566	107374182452	X3RtcF81	X3RtcF81	X19lY21hLkFycmF5	34	
68719478567	107374182452	X3RtcF81	X3RtcF81	X19lY21hLkFycmF5	34	
68719478568	107374182452	X3RtcF81	X3RtcF81	X19lY21hLkFycmF5	34	
68719478569	107374182452	X3RtcF81	X3RtcF81	X19lY21hLkFycmF5	34	
68719478570	107374182452	X3RtcF81	X3RtcF81	X19lY21hLkFycmF5	34	
68719478571	107374182452	X3RtcF81	X3RtcF81	X19lY21hLkFycmF5	34	
68719478572	107374182452	X3RtcF81	X3RtcF81	X19lY21hLkFycmF5	34	
68719478573	107374182452	X3RtcF81	X3RtcF81	X19lY21hLkFycmF5	34	
68719478574	107374182452	X3RtcF81	X3RtcF81	X19lY21hLkFycmF5	34	
68719478575	107374182452	X3RtcF8z	X3RtcF8z	QU5Z	35	
68719478576	107374182452	X3RtcF82	X3RtcF82	X19lY21hLkFycmF5	35	94489281138
68719478577	107374182452	X3RtcF82	X3RtcF82	X19lY21hLkFycmF5	35	
68719478578	107374182452	X3RtcF82	X3RtcF82	X19lY21hLkFycmF5	35	
68719478579	107374182452	X3RtcF82	X3RtcF82	X19lY21hLkFycmF5	35	
68719478580	107374182452	X3RtcF82	X3RtcF82	X19lY21hLkFycmF5	35	
68719478581	107374182452	X3RtcF82	X3RtcF82	X19lY21hLkFycmF5	35	
68719478582	107374182452	X3RtcF8z	X3RtcF8z	QU5Z	36	
68719478583	107374182452	X3RtcF8z	X3RtcF8z	QU5Z	30	
68719478584	107374182452	YXBw	YXBw	a29h	40	94489281114
68719478585	107374182452	YXBw	YXBw	a29h	40	94489281114
68719478586	107374182452	Y2FtZWxpemVNaWRkbGV3YXJl	Y2FtZWxpemVNaWRkbGV3YXJl	KGN0eDogQU5ZLCBuZXh0OiBBTlkpID0+IFByb21pc2U8dm9pZD4=	40	94489281121
68719478587	107374182452	YXBw	YXBw	a29h	42	94489281114
68719478588	107374182452	YXBw	YXBw	a29h	42	94489281114
68719478589	107374182452	ZXJyb3I=	ZXJyb3I=	KGN0eDogQU5ZLCBuZXh0OiBBTlkpID0+IFByb21pc2U8dm9pZD4=	42	94489281122
68719478590	107374182452	YXBw	YXBw	a29h	43	94489281114
68719478591	107374182452	YXBw	YXBw	a29h	43	94489281114
68719478592	107374182452	and0	and0	bWlkZGxld2FyZS9qd3QtbWlkZGxld2FyZS5qczo6cHJvZ3JhbQ==	43	94489281124
68719478593	107374182452	YXBw	YXBw	a29h	44	94489281114
68719478594	107374182452	YXBw	YXBw	a29h	44	94489281114
68719478595	107374182452	Ym9keVBhcnNlcg==	Ym9keVBhcnNlcg==	a29hLWJvZHlwYXJzZXI=	45	94489281125
68719478596	107374182452	dGhpcw==	dGhpcw==	bGliL2FwcC5qczo6cHJvZ3JhbQ==	45	111669149792
68719478597	107374182452	X3RtcF83	X3RtcF83	QU5Z	46	
68719478598	107374182452	X3RtcF84	X3RtcF84	X19lY21hLkFycmF5	46	94489281137
68719478599	107374182452	X3RtcF84	X3RtcF84	X19lY21hLkFycmF5	46	
68719478600	107374182452	X3RtcF84	X3RtcF84	X19lY21hLkFycmF5	46	
68719478601	107374182452	X3RtcF84	X3RtcF84	X19lY21hLkFycmF5	46	
68719478602	107374182452	X3RtcF83	X3RtcF83	QU5Z	45	
68719478603	107374182452	YXBw	YXBw	a29h	50	94489281114
68719478604	107374182452	YXBw	YXBw	a29h	50	94489281114
68719478605	107374182452	dXNlck1pZGRsZXdhcmU=	dXNlck1pZGRsZXdhcmU=	KGN0eDogQU5ZLCBuZXh0OiBBTlkpID0+IFByb21pc2U8YW55Pg==	50	94489281127
68719478606	107374182452	YXBw	YXBw	a29h	51	94489281114
68719478607	107374182452	YXBw	YXBw	a29h	51	94489281114
68719478608	107374182452	cGFnZXJNaWRkbGV3YXJl	cGFnZXJNaWRkbGV3YXJl	KGN0eDogQU5ZLCBuZXh0OiBBTlkpID0+IEFOWQ==	51	94489281126
68719478609	107374182452	YXBw	YXBw	a29h	53	94489281114
68719478610	107374182452	YXBw	YXBw	a29h	53	94489281114
68719478611	107374182452	cm91dGVz	cm91dGVz	QU5Z	53	94489281128
68719478612	107374182452	cm91dGVz	cm91dGVz	QU5Z	53	94489281128
68719478613	107374182452	YXBw	YXBw	a29h	54	94489281114
68719478614	107374182452	YXBw	YXBw	a29h	54	94489281114
68719478615	107374182452	cm91dGVz	cm91dGVz	QU5Z	54	94489281128
68719478616	107374182452	cm91dGVz	cm91dGVz	QU5Z	54	94489281128
68719478617	107374182452	bW9kdWxl	bW9kdWxl	eyBleHBvcnRzOiBBTlk7IH0=	56	94489281136
68719478618	107374182452	YXBw	YXBw	a29h	56	94489281114
68719478619	107374182453	X3RtcF8w	X3RtcF8w	ZG90ZW52	1	94489281145
68719478620	107374182453	cmVxdWlyZQ==	cmVxdWlyZQ==	QU5Z	1	94489281144
68719478621	107374182453	dGhpcw==	dGhpcw==	bGliL2Jvb3RzdHJhcC5qczo6cHJvZ3JhbQ==	1	111669149793
68719478622	107374182453	X3RtcF8w	X3RtcF8w	ZG90ZW52	1	94489281145
68719478623	107374182453	cmVxdWlyZQ==	cmVxdWlyZQ==	QU5Z	2	94489281144
68719478624	107374182453	dGhpcw==	dGhpcw==	bGliL2Jvb3RzdHJhcC5qczo6cHJvZ3JhbQ==	2	111669149793
68719478625	107374182453	cmVxdWlyZQ==	cmVxdWlyZQ==	QU5Z	3	94489281144
68719478626	107374182453	dGhpcw==	dGhpcw==	bGliL2Jvb3RzdHJhcC5qczo6cHJvZ3JhbQ==	3	111669149793
68719478627	107374182454	a25leA==	a25leA==	a25leA==	1	94489281146
68719478628	107374182454	cmVxdWlyZQ==	cmVxdWlyZQ==	QU5Z	1	94489281150
68719478629	107374182454	dGhpcw==	dGhpcw==	bGliL2RiLmpzOjpwcm9ncmFt	1	111669149794
68719478630	107374182454	a25leGZpbGU=	a25leGZpbGU=	eyBkZXZlbG9wbWVudDogeyBjbGllbnQ6IEFOWTsgY29ubmVjdGlvbjogQU5ZOyBtaWdyYXRpb25zOiB7IGRpcmVjdG9yeTogX19lY21hLlN0cmluZzsgdGFibGVOYW1lOiBfX2VjbWEuU3RyaW5nOyB9OyBkZWJ1ZzogX19lY21hLkJvb2xlYW47IHNlZWRzOiB7IGRpcmVjdG9yeTogX19lY21hLlN0cmluZzsgfTsgdXNlTnVsbEFzRGVmYXVsdDogX19lY21hLkJvb2xlYW47IH07IHRlc3Q6IHsgY2xpZW50OiBBTlk7IC4uLiA0IG1vcmUgLi4uOyB1c2VOdWxsQXNEZWZhdWx0OiBfX2VjbWEuQm9vbGVhbjsgfSAmIHsgLi4uOyB9OyBwcm9kdWN0aW9uOiB7IC4uLjsgfSAmIHsgLi4uOyB9OyB9	2	94489281147
68719478631	107374182454	cmVxdWlyZQ==	cmVxdWlyZQ==	QU5Z	2	94489281150
68719478632	107374182454	dGhpcw==	dGhpcw==	bGliL2RiLmpzOjpwcm9ncmFt	2	111669149794
68719478633	107374182454	ZGI=	ZGI=	a25leDo8cmV0dXJuVmFsdWU+	3	94489281148
68719478634	107374182454	a25leA==	a25leA==	a25leA==	3	94489281146
68719478635	107374182454	dGhpcw==	dGhpcw==	bGliL2RiLmpzOjpwcm9ncmFt	3	111669149794
68719478636	107374182454	a25leGZpbGU=	a25leGZpbGU=	eyBkZXZlbG9wbWVudDogeyBjbGllbnQ6IEFOWTsgY29ubmVjdGlvbjogQU5ZOyBtaWdyYXRpb25zOiB7IGRpcmVjdG9yeTogX19lY21hLlN0cmluZzsgdGFibGVOYW1lOiBfX2VjbWEuU3RyaW5nOyB9OyBkZWJ1ZzogX19lY21hLkJvb2xlYW47IHNlZWRzOiB7IGRpcmVjdG9yeTogX19lY21hLlN0cmluZzsgfTsgdXNlTnVsbEFzRGVmYXVsdDogX19lY21hLkJvb2xlYW47IH07IHRlc3Q6IHsgY2xpZW50OiBBTlk7IC4uLiA0IG1vcmUgLi4uOyB1c2VOdWxsQXNEZWZhdWx0OiBfX2VjbWEuQm9vbGVhbjsgfSAmIHsgLi4uOyB9OyBwcm9kdWN0aW9uOiB7IC4uLjsgfSAmIHsgLi4uOyB9OyB9	3	94489281147
68719478637	107374182454	bW9kdWxl	bW9kdWxl	eyBleHBvcnRzOiBBTlk7IH0=	5	94489281149
68719478638	107374182454	ZGI=	ZGI=	a25leDo8cmV0dXJuVmFsdWU+	5	94489281148
68719478639	107374182455	cHJvY2Vzcw==	cHJvY2Vzcw==	QU5Z	1	94489281151
68719478640	107374182455	cHJvY2Vzcw==	cHJvY2Vzcw==	QU5Z	2	94489281151
68719478641	107374182456	bWVzc2FnZQ==	bWVzc2FnZQ==	QU5Z	5	94489281172
68719478642	107374182456	bWVzc2FnZQ==	bWVzc2FnZQ==	QU5Z	5	
68719478643	107374182456	aHR0cA==	aHR0cA==	aHR0cA==	5	94489281173
68719478644	107374182456	bWVzc2FnZQ==	bWVzc2FnZQ==	QU5Z	5	
68719478645	107374182456	c3VwZXI=	c3VwZXI=	QU5Z	6	
68719478646	107374182456	dGhpcw==	dGhpcw==	bGliL2Vycm9ycy5qczo6cHJvZ3JhbTpBdXRoZW50aWNhdGlvbkVycm9y	6	111669149796
68719478647	107374182456	bWVzc2FnZQ==	bWVzc2FnZQ==	QU5Z	6	94489281172
68719478648	107374182456	dGhpcw==	dGhpcw==	bGliL2Vycm9ycy5qczo6cHJvZ3JhbTpBdXRoZW50aWNhdGlvbkVycm9y	7	111669149796
68719478649	107374182456	bWVzc2FnZQ==	bWVzc2FnZQ==	QU5Z	7	94489281172
68719478650	107374182456	dGhpcw==	dGhpcw==	bGliL2Vycm9ycy5qczo6cHJvZ3JhbTpBdXRoZW50aWNhdGlvbkVycm9y	8	111669149796
68719478651	107374182456	dGhpcw==	dGhpcw==	bGliL2Vycm9ycy5qczo6cHJvZ3JhbTpBdXRoZW50aWNhdGlvbkVycm9y	10	111669149796
68719478652	107374182456	dGhpcw==	dGhpcw==	bGliL2Vycm9ycy5qczo6cHJvZ3JhbTpBdXRoZW50aWNhdGlvbkVycm9y	10	111669149796
68719478653	107374182456	RXJyb3I=	RXJyb3I=	RXJyb3JDb25zdHJ1Y3Rvcg==	11	94489281171
68719478654	107374182456	RXJyb3I=	RXJyb3I=	RXJyb3JDb25zdHJ1Y3Rvcg==	11	94489281171
68719478655	107374182456	dGhpcw==	dGhpcw==	bGliL2Vycm9ycy5qczo6cHJvZ3JhbTpBdXRoZW50aWNhdGlvbkVycm9y	11	111669149796
68719478656	107374182456	dGhpcw==	dGhpcw==	bGliL2Vycm9ycy5qczo6cHJvZ3JhbTpBdXRoZW50aWNhdGlvbkVycm9y	11	111669149796
68719478657	107374182456	bWVzc2FnZQ==	bWVzc2FnZQ==	QU5Z	16	94489281169
68719478658	107374182456	bWVzc2FnZQ==	bWVzc2FnZQ==	QU5Z	16	
68719478659	107374182456	aHR0cA==	aHR0cA==	aHR0cA==	16	94489281170
68719478660	107374182456	bWVzc2FnZQ==	bWVzc2FnZQ==	QU5Z	16	
68719478661	107374182456	c3VwZXI=	c3VwZXI=	QU5Z	17	
68719478662	107374182456	dGhpcw==	dGhpcw==	bGliL2Vycm9ycy5qczo6cHJvZ3JhbTpBdXRob3JpemF0aW9uRXJyb3I=	17	111669149798
68719478663	107374182456	bWVzc2FnZQ==	bWVzc2FnZQ==	QU5Z	17	94489281169
68719478664	107374182456	dGhpcw==	dGhpcw==	bGliL2Vycm9ycy5qczo6cHJvZ3JhbTpBdXRob3JpemF0aW9uRXJyb3I=	18	111669149798
68719478665	107374182456	bWVzc2FnZQ==	bWVzc2FnZQ==	QU5Z	18	94489281169
68719478666	107374182456	dGhpcw==	dGhpcw==	bGliL2Vycm9ycy5qczo6cHJvZ3JhbTpBdXRob3JpemF0aW9uRXJyb3I=	19	111669149798
68719478667	107374182456	dGhpcw==	dGhpcw==	bGliL2Vycm9ycy5qczo6cHJvZ3JhbTpBdXRob3JpemF0aW9uRXJyb3I=	21	111669149798
68719478668	107374182456	dGhpcw==	dGhpcw==	bGliL2Vycm9ycy5qczo6cHJvZ3JhbTpBdXRob3JpemF0aW9uRXJyb3I=	21	111669149798
68719478669	107374182456	RXJyb3I=	RXJyb3I=	RXJyb3JDb25zdHJ1Y3Rvcg==	22	94489281168
68719478670	107374182456	RXJyb3I=	RXJyb3I=	RXJyb3JDb25zdHJ1Y3Rvcg==	22	94489281168
68719478671	107374182456	dGhpcw==	dGhpcw==	bGliL2Vycm9ycy5qczo6cHJvZ3JhbTpBdXRob3JpemF0aW9uRXJyb3I=	22	111669149798
68719478672	107374182456	dGhpcw==	dGhpcw==	bGliL2Vycm9ycy5qczo6cHJvZ3JhbTpBdXRob3JpemF0aW9uRXJyb3I=	22	111669149798
68719478673	107374182456	bWVzc2FnZQ==	bWVzc2FnZQ==	QU5Z	27	94489281166
68719478674	107374182456	bWVzc2FnZQ==	bWVzc2FnZQ==	QU5Z	27	
68719478675	107374182456	aHR0cA==	aHR0cA==	aHR0cA==	27	94489281167
68719478676	107374182456	bWVzc2FnZQ==	bWVzc2FnZQ==	QU5Z	27	
68719478677	107374182456	c3VwZXI=	c3VwZXI=	QU5Z	28	
68719478678	107374182456	dGhpcw==	dGhpcw==	bGliL2Vycm9ycy5qczo6cHJvZ3JhbTpOb3RGb3VuZEVycm9y	28	111669149800
68719478679	107374182456	bWVzc2FnZQ==	bWVzc2FnZQ==	QU5Z	28	94489281166
68719478680	107374182456	dGhpcw==	dGhpcw==	bGliL2Vycm9ycy5qczo6cHJvZ3JhbTpOb3RGb3VuZEVycm9y	29	111669149800
68719478681	107374182456	bWVzc2FnZQ==	bWVzc2FnZQ==	QU5Z	29	94489281166
68719478682	107374182456	dGhpcw==	dGhpcw==	bGliL2Vycm9ycy5qczo6cHJvZ3JhbTpOb3RGb3VuZEVycm9y	30	111669149800
68719478683	107374182456	dGhpcw==	dGhpcw==	bGliL2Vycm9ycy5qczo6cHJvZ3JhbTpOb3RGb3VuZEVycm9y	32	111669149800
68719478684	107374182456	dGhpcw==	dGhpcw==	bGliL2Vycm9ycy5qczo6cHJvZ3JhbTpOb3RGb3VuZEVycm9y	32	111669149800
68719478685	107374182456	RXJyb3I=	RXJyb3I=	RXJyb3JDb25zdHJ1Y3Rvcg==	33	94489281165
68719478686	107374182456	RXJyb3I=	RXJyb3I=	RXJyb3JDb25zdHJ1Y3Rvcg==	33	94489281165
68719478687	107374182456	dGhpcw==	dGhpcw==	bGliL2Vycm9ycy5qczo6cHJvZ3JhbTpOb3RGb3VuZEVycm9y	33	111669149800
68719478688	107374182456	dGhpcw==	dGhpcw==	bGliL2Vycm9ycy5qczo6cHJvZ3JhbTpOb3RGb3VuZEVycm9y	33	111669149800
68719478689	107374182456	bWVzc2FnZQ==	bWVzc2FnZQ==	QU5Z	38	94489281163
68719478690	107374182456	bWVzc2FnZQ==	bWVzc2FnZQ==	QU5Z	38	
68719478691	107374182456	aHR0cA==	aHR0cA==	aHR0cA==	38	94489281164
68719478692	107374182456	bWVzc2FnZQ==	bWVzc2FnZQ==	QU5Z	38	
68719478693	107374182456	c3VwZXI=	c3VwZXI=	QU5Z	39	
68719478694	107374182456	dGhpcw==	dGhpcw==	bGliL2Vycm9ycy5qczo6cHJvZ3JhbTpTZXJ2ZXJFcnJvcg==	39	111669149802
68719478695	107374182456	bWVzc2FnZQ==	bWVzc2FnZQ==	QU5Z	39	94489281163
68719478696	107374182456	dGhpcw==	dGhpcw==	bGliL2Vycm9ycy5qczo6cHJvZ3JhbTpTZXJ2ZXJFcnJvcg==	40	111669149802
68719478697	107374182456	bWVzc2FnZQ==	bWVzc2FnZQ==	QU5Z	40	94489281163
68719478698	107374182456	dGhpcw==	dGhpcw==	bGliL2Vycm9ycy5qczo6cHJvZ3JhbTpTZXJ2ZXJFcnJvcg==	41	111669149802
68719478699	107374182456	dGhpcw==	dGhpcw==	bGliL2Vycm9ycy5qczo6cHJvZ3JhbTpTZXJ2ZXJFcnJvcg==	43	111669149802
68719478700	107374182456	dGhpcw==	dGhpcw==	bGliL2Vycm9ycy5qczo6cHJvZ3JhbTpTZXJ2ZXJFcnJvcg==	43	111669149802
68719478701	107374182456	RXJyb3I=	RXJyb3I=	RXJyb3JDb25zdHJ1Y3Rvcg==	44	94489281162
68719478702	107374182456	RXJyb3I=	RXJyb3I=	RXJyb3JDb25zdHJ1Y3Rvcg==	44	94489281162
68719478703	107374182456	dGhpcw==	dGhpcw==	bGliL2Vycm9ycy5qczo6cHJvZ3JhbTpTZXJ2ZXJFcnJvcg==	44	111669149802
68719478704	107374182456	dGhpcw==	dGhpcw==	bGliL2Vycm9ycy5qczo6cHJvZ3JhbTpTZXJ2ZXJFcnJvcg==	44	111669149802
68719478705	107374182456	X3RtcF8w	X3RtcF8w	eXVw	1	94489281153
68719478706	107374182456	cmVxdWlyZQ==	cmVxdWlyZQ==	QU5Z	1	94489281174
68719478707	107374182456	dGhpcw==	dGhpcw==	bGliL2Vycm9ycy5qczo6cHJvZ3JhbQ==	1	111669149804
68719478708	107374182456	VmFsaWRhdGlvbkVycm9y	VmFsaWRhdGlvbkVycm9y	eXVw	1	94489281154
68719478709	107374182456	X3RtcF8w	X3RtcF8w	eXVw	1	
68719478710	107374182456	X3RtcF8w	X3RtcF8w	eXVw	1	
68719478711	107374182456	aHR0cA==	aHR0cA==	aHR0cA==	2	94489281155
68719478712	107374182456	cmVxdWlyZQ==	cmVxdWlyZQ==	QU5Z	2	94489281174
68719478713	107374182456	dGhpcw==	dGhpcw==	bGliL2Vycm9ycy5qczo6cHJvZ3JhbQ==	2	111669149804
68719478714	107374182456	QXV0aGVudGljYXRpb25FcnJvcg==	QXV0aGVudGljYXRpb25FcnJvcg==	QU5Z	4	94489281156
68719478715	107374182456	QXV0aG9yaXphdGlvbkVycm9y	QXV0aG9yaXphdGlvbkVycm9y	QU5Z	15	94489281157
68719478716	107374182456	Tm90Rm91bmRFcnJvcg==	Tm90Rm91bmRFcnJvcg==	QU5Z	26	94489281158
68719478717	107374182456	U2VydmVyRXJyb3I=	U2VydmVyRXJyb3I=	QU5Z	37	94489281159
68719478718	107374182456	bW9kdWxl	bW9kdWxl	eyBleHBvcnRzOiBpbXBvcnQoIi90bXAvY29ycHVzX2Qvc3JjL2xpYi9lcnJvcnMuanMiKTsgfQ==	48	94489281161
68719478719	107374182456	X3RtcF8x	X3RtcF8x	QU5Z	49	
68719478720	107374182456	QXV0aGVudGljYXRpb25FcnJvcg==	QXV0aGVudGljYXRpb25FcnJvcg==	bGliL2Vycm9ycy5qczo6cHJvZ3JhbTpBdXRoZW50aWNhdGlvbkVycm9y	49	94489281156
68719478721	107374182456	X3RtcF8x	X3RtcF8x	QU5Z	50	
68719478722	107374182456	QXV0aG9yaXphdGlvbkVycm9y	QXV0aG9yaXphdGlvbkVycm9y	bGliL2Vycm9ycy5qczo6cHJvZ3JhbTpBdXRob3JpemF0aW9uRXJyb3I=	50	94489281157
68719478723	107374182456	X3RtcF8x	X3RtcF8x	QU5Z	51	
68719478724	107374182456	Tm90Rm91bmRFcnJvcg==	Tm90Rm91bmRFcnJvcg==	bGliL2Vycm9ycy5qczo6cHJvZ3JhbTpOb3RGb3VuZEVycm9y	51	94489281158
68719478725	107374182456	X3RtcF8x	X3RtcF8x	QU5Z	52	
68719478726	107374182456	VmFsaWRhdGlvbkVycm9y	VmFsaWRhdGlvbkVycm9y	eXVw	52	94489281154
68719478727	107374182456	X3RtcF8x	X3RtcF8x	QU5Z	53	
68719478728	107374182456	U2VydmVyRXJyb3I=	U2VydmVyRXJyb3I=	bGliL2Vycm9ycy5qczo6cHJvZ3JhbTpTZXJ2ZXJFcnJvcg==	53	94489281159
68719478729	107374182456	X3RtcF8x	X3RtcF8x	QU5Z	48	
68719478641	107374182457	bWVzc2FnZQ==	bWVzc2FnZQ==	QU5Z	5	94489281172
68719478642	107374182457	bWVzc2FnZQ==	bWVzc2FnZQ==	QU5Z	5	
68719478643	107374182457	aHR0cA==	aHR0cA==	aHR0cA==	5	94489281173
68719478644	107374182457	bWVzc2FnZQ==	bWVzc2FnZQ==	QU5Z	5	
68719478645	107374182457	c3VwZXI=	c3VwZXI=	QU5Z	6	
68719478646	107374182457	dGhpcw==	dGhpcw==	bGliL2Vycm9ycy5qczo6cHJvZ3JhbTpBdXRoZW50aWNhdGlvbkVycm9y	6	111669149796
68719478647	107374182457	bWVzc2FnZQ==	bWVzc2FnZQ==	QU5Z	6	94489281172
68719478648	107374182457	dGhpcw==	dGhpcw==	bGliL2Vycm9ycy5qczo6cHJvZ3JhbTpBdXRoZW50aWNhdGlvbkVycm9y	7	111669149796
68719478649	107374182457	bWVzc2FnZQ==	bWVzc2FnZQ==	QU5Z	7	94489281172
68719478650	107374182457	dGhpcw==	dGhpcw==	bGliL2Vycm9ycy5qczo6cHJvZ3JhbTpBdXRoZW50aWNhdGlvbkVycm9y	8	111669149796
68719478651	107374182457	dGhpcw==	dGhpcw==	bGliL2Vycm9ycy5qczo6cHJvZ3JhbTpBdXRoZW50aWNhdGlvbkVycm9y	10	111669149796
68719478652	107374182457	dGhpcw==	dGhpcw==	bGliL2Vycm9ycy5qczo6cHJvZ3JhbTpBdXRoZW50aWNhdGlvbkVycm9y	10	111669149796
68719478653	107374182457	RXJyb3I=	RXJyb3I=	RXJyb3JDb25zdHJ1Y3Rvcg==	11	94489281171
68719478654	107374182457	RXJyb3I=	RXJyb3I=	RXJyb3JDb25zdHJ1Y3Rvcg==	11	94489281171
68719478655	107374182457	dGhpcw==	dGhpcw==	bGliL2Vycm9ycy5qczo6cHJvZ3JhbTpBdXRoZW50aWNhdGlvbkVycm9y	11	111669149796
68719478656	107374182457	dGhpcw==	dGhpcw==	bGliL2Vycm9ycy5qczo6cHJvZ3JhbTpBdXRoZW50aWNhdGlvbkVycm9y	11	111669149796
68719478657	107374182458	bWVzc2FnZQ==	bWVzc2FnZQ==	QU5Z	16	94489281169
68719478658	107374182458	bWVzc2FnZQ==	bWVzc2FnZQ==	QU5Z	16	
68719478659	107374182458	aHR0cA==	aHR0cA==	aHR0cA==	16	94489281170
68719478660	107374182458	bWVzc2FnZQ==	bWVzc2FnZQ==	QU5Z	16	
68719478661	107374182458	c3VwZXI=	c3VwZXI=	QU5Z	17	
68719478662	107374182458	dGhpcw==	dGhpcw==	bGliL2Vycm9ycy5qczo6cHJvZ3JhbTpBdXRob3JpemF0aW9uRXJyb3I=	17	111669149798
68719478663	107374182458	bWVzc2FnZQ==	bWVzc2FnZQ==	QU5Z	17	94489281169
68719478664	107374182458	dGhpcw==	dGhpcw==	bGliL2Vycm9ycy5qczo6cHJvZ3JhbTpBdXRob3JpemF0aW9uRXJyb3I=	18	111669149798
68719478665	107374182458	bWVzc2FnZQ==	bWVzc2FnZQ==	QU5Z	18	94489281169
68719478666	107374182458	dGhpcw==	dGhpcw==	bGliL2Vycm9ycy5qczo6cHJvZ3JhbTpBdXRob3JpemF0aW9uRXJyb3I=	19	111669149798
68719478667	107374182458	dGhpcw==	dGhpcw==	bGliL2Vycm9ycy5qczo6cHJvZ3JhbTpBdXRob3JpemF0aW9uRXJyb3I=	21	111669149798
68719478668	107374182458	dGhpcw==	dGhpcw==	bGliL2Vycm9ycy5qczo6cHJvZ3JhbTpBdXRob3JpemF0aW9uRXJyb3I=	21	111669149798
68719478669	107374182458	RXJyb3I=	RXJyb3I=	RXJyb3JDb25zdHJ1Y3Rvcg==	22	94489281168
68719478670	107374182458	RXJyb3I=	RXJyb3I=	RXJyb3JDb25zdHJ1Y3Rvcg==	22	94489281168
68719478671	107374182458	dGhpcw==	dGhpcw==	bGliL2Vycm9ycy5qczo6cHJvZ3JhbTpBdXRob3JpemF0aW9uRXJyb3I=	22	111669149798
68719478672	107374182458	dGhpcw==	dGhpcw==	bGliL2Vycm9ycy5qczo6cHJvZ3JhbTpBdXRob3JpemF0aW9uRXJyb3I=	22	111669149798
68719478673	107374182459	bWVzc2FnZQ==	bWVzc2FnZQ==	QU5Z	27	94489281166
68719478674	107374182459	bWVzc2FnZQ==	bWVzc2FnZQ==	QU5Z	27	
68719478675	107374182459	aHR0cA==	aHR0cA==	aHR0cA==	27	94489281167
68719478676	107374182459	bWVzc2FnZQ==	bWVzc2FnZQ==	QU5Z	27	
68719478677	107374182459	c3VwZXI=	c3VwZXI=	QU5Z	28	
68719478678	107374182459	dGhpcw==	dGhpcw==	bGliL2Vycm9ycy5qczo6cHJvZ3JhbTpOb3RGb3VuZEVycm9y	28	111669149800
68719478679	107374182459	bWVzc2FnZQ==	bWVzc2FnZQ==	QU5Z	28	94489281166
68719478680	107374182459	dGhpcw==	dGhpcw==	bGliL2Vycm9ycy5qczo6cHJvZ3JhbTpOb3RGb3VuZEVycm9y	29	111669149800
68719478681	107374182459	bWVzc2FnZQ==	bWVzc2FnZQ==	QU5Z	29	94489281166
68719478682	107374182459	dGhpcw==	dGhpcw==	bGliL2Vycm9ycy5qczo6cHJvZ3JhbTpOb3RGb3VuZEVycm9y	30	111669149800
68719478683	107374182459	dGhpcw==	dGhpcw==	bGliL2Vycm9ycy5qczo6cHJvZ3JhbTpOb3RGb3VuZEVycm9y	32	111669149800
68719478684	107374182459	dGhpcw==	dGhpcw==	bGliL2Vycm9ycy5qczo6cHJvZ3JhbTpOb3RGb3VuZEVycm9y	32	111669149800
68719478685	107374182459	RXJyb3I=	RXJyb3I=	RXJyb3JDb25zdHJ1Y3Rvcg==	33	94489281165
68719478686	107374182459	RXJyb3I=	RXJyb3I=	RXJyb3JDb25zdHJ1Y3Rvcg==	33	94489281165
68719478687	107374182459	dGhpcw==	dGhpcw==	bGliL2Vycm9ycy5qczo6cHJvZ3JhbTpOb3RGb3VuZEVycm9y	33	111669149800
68719478688	107374182459	dGhpcw==	dGhpcw==	bGliL2Vycm9ycy5qczo6cHJvZ3JhbTpOb3RGb3VuZEVycm9y	33	111669149800
68719478689	107374182460	bWVzc2FnZQ==	bWVzc2FnZQ==	QU5Z	38	94489281163
68719478690	107374182460	bWVzc2FnZQ==	bWVzc2FnZQ==	QU5Z	38	
68719478691	107374182460	aHR0cA==	aHR0cA==	aHR0cA==	38	94489281164
68719478692	107374182460	bWVzc2FnZQ==	bWVzc2FnZQ==	QU5Z	38	
68719478693	107374182460	c3VwZXI=	c3VwZXI=	QU5Z	39	
68719478694	107374182460	dGhpcw==	dGhpcw==	bGliL2Vycm9ycy5qczo6cHJvZ3JhbTpTZXJ2ZXJFcnJvcg==	39	111669149802
68719478695	107374182460	bWVzc2FnZQ==	bWVzc2FnZQ==	QU5Z	39	94489281163
68719478696	107374182460	dGhpcw==	dGhpcw==	bGliL2Vycm9ycy5qczo6cHJvZ3JhbTpTZXJ2ZXJFcnJvcg==	40	111669149802
68719478697	107374182460	bWVzc2FnZQ==	bWVzc2FnZQ==	QU5Z	40	94489281163
68719478698	107374182460	dGhpcw==	dGhpcw==	bGliL2Vycm9ycy5qczo6cHJvZ3JhbTpTZXJ2ZXJFcnJvcg==	41	111669149802
68719478699	107374182460	dGhpcw==	dGhpcw==	bGliL2Vycm9ycy5qczo6cHJvZ3JhbTpTZXJ2ZXJFcnJvcg==	43	111669149802
68719478700	107374182460	dGhpcw==	dGhpcw==	bGliL2Vycm9ycy5qczo6cHJvZ3JhbTpTZXJ2ZXJFcnJvcg==	43	111669149802
68719478701	107374182460	RXJyb3I=	RXJyb3I=	RXJyb3JDb25zdHJ1Y3Rvcg==	44	94489281162
68719478702	107374182460	RXJyb3I=	RXJyb3I=	RXJyb3JDb25zdHJ1Y3Rvcg==	44	94489281162
68719478703	107374182460	dGhpcw==	dGhpcw==	bGliL2Vycm9ycy5qczo6cHJvZ3JhbTpTZXJ2ZXJFcnJvcg==	44	111669149802
68719478704	107374182460	dGhpcw==	dGhpcw==	bGliL2Vycm9ycy5qczo6cHJvZ3JhbTpTZXJ2ZXJFcnJvcg==	44	111669149802
68719478730	107374182461	X3RtcF8x	X3RtcF8x	cGlubzo8bWVtYmVyPihzdGRTZXJpYWxpemVycyk=	9	94489281190
68719478731	107374182461	cGlubw==	cGlubw==	cGlubw==	9	94489281191
68719478732	107374182461	X3RtcF8x	X3RtcF8x	cGlubzo8bWVtYmVyPihzdGRTZXJpYWxpemVycyk=	9	94489281190
68719478733	107374182461	cmVx	cmVx	QU5Z	9	111669149806
68719478734	107374182461	X3RtcF8y	X3RtcF8y	QU5Z	15	
68719478735	107374182461	dXNlcg==	dXNlcg==	QU5Z	15	111669149808
68719478736	107374182461	X3RtcF8y	X3RtcF8y	QU5Z	14	
68719478737	107374182461	Y29uZmln	Y29uZmln	Y29uZmln	1	94489281175
68719478738	107374182461	cmVxdWlyZQ==	cmVxdWlyZQ==	QU5Z	1	94489281192
68719478739	107374182461	dGhpcw==	dGhpcw==	bGliL2xvZ2dlci5qczo6cHJvZ3JhbQ==	1	111669149809
68719478740	107374182461	cGlubw==	cGlubw==	cGlubw==	2	94489281176
68719478741	107374182461	cmVxdWlyZQ==	cmVxdWlyZQ==	QU5Z	2	94489281192
68719478742	107374182461	dGhpcw==	dGhpcw==	bGliL2xvZ2dlci5qczo6cHJvZ3JhbQ==	2	111669149809
68719478743	107374182461	Y29sYWRh	Y29sYWRh	cGluby1jb2xhZGE=	3	94489281177
68719478744	107374182461	cmVxdWlyZQ==	cmVxdWlyZQ==	QU5Z	3	94489281192
68719478745	107374182461	dGhpcw==	dGhpcw==	bGliL2xvZ2dlci5qczo6cHJvZ3JhbQ==	3	111669149809
68719478746	107374182461	b3M=	b3M=	b3M=	4	94489281178
68719478747	107374182461	cmVxdWlyZQ==	cmVxdWlyZQ==	QU5Z	4	94489281192
68719478748	107374182461	dGhpcw==	dGhpcw==	bGliL2xvZ2dlci5qczo6cHJvZ3JhbQ==	4	111669149809
68719478749	107374182461	bWlzcw==	bWlzcw==	bWlzc2lzc2lwcGk=	5	94489281179
68719478750	107374182461	cmVxdWlyZQ==	cmVxdWlyZQ==	QU5Z	5	94489281192
68719478751	107374182461	dGhpcw==	dGhpcw==	bGliL2xvZ2dlci5qczo6cHJvZ3JhbQ==	5	111669149809
68719478752	107374182461	c2VyaWFsaXplcnM=	c2VyaWFsaXplcnM=	eyByZXE6IChyZXE6IEFOWSkgPT4gQU5ZOyByZXM6IEFOWTsgZXJyOiBBTlk7IGVycm9yOiBBTlk7IHVzZXI6ICh1c2VyOiBBTlkpID0+IHsgaWQ6IEFOWTsgfTsgfQ==	7	94489281180
68719478753	107374182461	X3RtcF8w	X3RtcF8w	QU5Z	8	
68719478754	107374182461	X3RtcF8w	X3RtcF8w	QU5Z	11	
68719478755	107374182461	cGlubw==	cGlubw==	cGlubw==	11	94489281176
68719478756	107374182461	X3RtcF8w	X3RtcF8w	QU5Z	12	
68719478757	107374182461	cGlubw==	cGlubw==	cGlubw==	12	94489281176
68719478758	107374182461	X3RtcF8w	X3RtcF8w	QU5Z	13	
68719478759	107374182461	cGlubw==	cGlubw==	cGlubw==	13	94489281176
68719478760	107374182461	X3RtcF8w	X3RtcF8w	QU5Z	14	
68719478761	107374182461	X3RtcF8w	X3RtcF8w	QU5Z	7	
68719478762	107374182461	b3B0cw==	b3B0cw==	eyBsZXZlbDogQU5ZOyBzZXJpYWxpemVyczogeyByZXE6IChyZXE6IEFOWSkgPT4gQU5ZOyByZXM6IEFOWTsgZXJyOiBBTlk7IGVycm9yOiBBTlk7IHVzZXI6ICh1c2VyOiBBTlkpID0+IHsgaWQ6IEFOWTsgfTsgfTsgYmFzZTogeyBOT0RFX0VOVjogQU5ZOyBlbnZpcm9ubWVudDogQU5ZOyB2ZXJzaW9uOiBBTlk7IG5hbWU6IEFOWTsgcGlkOiBBTlk7IGhvc3RuYW1lOiBBTlk7IH07IH0=	19	94489281183
68719478763	107374182461	X3RtcF8z	X3RtcF8z	QU5Z	20	
68719478764	107374182461	Y29uZmln	Y29uZmln	Y29uZmln	20	94489281175
68719478765	107374182461	Y29uZmln	Y29uZmln	Y29uZmln	20	94489281175
68719478766	107374182461	X3RtcF8z	X3RtcF8z	QU5Z	21	
68719478767	107374182461	c2VyaWFsaXplcnM=	c2VyaWFsaXplcnM=	eyByZXE6IChyZXE6IEFOWSkgPT4gQU5ZOyByZXM6IEFOWTsgZXJyOiBBTlk7IGVycm9yOiBBTlk7IHVzZXI6ICh1c2VyOiBBTlkpID0+IHsgaWQ6IEFOWTsgfTsgfQ==	21	94489281180
68719478768	107374182461	X3RtcF8z	X3RtcF8z	QU5Z	22	
68719478769	107374182461	X3RtcF80	X3RtcF80	QU5Z	23	
68719478770	107374182461	cHJvY2Vzcw==	cHJvY2Vzcw==	QU5Z	23	94489281189
68719478771	107374182461	X3RtcF80	X3RtcF80	QU5Z	24	
68719478772	107374182461	Y29uZmln	Y29uZmln	Y29uZmln	24	94489281175
68719478773	107374182461	Y29uZmln	Y29uZmln	Y29uZmln	24	94489281175
68719478774	107374182461	X3RtcF80	X3RtcF80	QU5Z	25	
68719478775	107374182461	Y29uZmln	Y29uZmln	Y29uZmln	25	94489281175
68719478776	107374182461	Y29uZmln	Y29uZmln	Y29uZmln	25	94489281175
68719478777	107374182461	X3RtcF80	X3RtcF80	QU5Z	26	
68719478778	107374182461	Y29uZmln	Y29uZmln	Y29uZmln	26	94489281175
68719478779	107374182461	Y29uZmln	Y29uZmln	Y29uZmln	26	94489281175
68719478780	107374182461	X3RtcF80	X3RtcF80	QU5Z	27	
68719478781	107374182461	cHJvY2Vzcw==	cHJvY2Vzcw==	QU5Z	27	94489281189
68719478782	107374182461	X3RtcF80	X3RtcF80	QU5Z	28	
68719478783	107374182461	b3M=	b3M=	b3M=	28	94489281178
68719478784	107374182461	b3M=	b3M=	b3M=	28	94489281178
68719478785	107374182461	X3RtcF80	X3RtcF80	QU5Z	22	
68719478786	107374182461	X3RtcF8z	X3RtcF8z	QU5Z	19	
68719478787	107374182461	c3RyZWFt	c3RyZWFt	QU5Z	32	94489281186
68719478788	107374182461	cHJvY2Vzcw==	cHJvY2Vzcw==	QU5Z	33	94489281189
68719478789	107374182461	cGlubw==	cGlubw==	cGlubw==	34	94489281176
68719478790	107374182461	cGlubw==	cGlubw==	cGlubw==	34	94489281176
68719478791	107374182461	bWlzcw==	bWlzcw==	bWlzc2lzc2lwcGk=	35	94489281179
68719478792	107374182461	bWlzcw==	bWlzcw==	bWlzc2lzc2lwcGk=	35	94489281179
68719478793	107374182461	Y29sYWRh	Y29sYWRh	cGluby1jb2xhZGE=	35	94489281177
68719478794	107374182461	dGhpcw==	dGhpcw==	bGliL2xvZ2dlci5qczo6cHJvZ3JhbQ==	35	111669149809
68719478795	107374182461	cGlubw==	cGlubw==	cGlubw==	35	94489281176
68719478796	107374182461	cGlubw==	cGlubw==	cGlubw==	35	94489281176
68719478797	107374182461	bG9nZ2Vy	bG9nZ2Vy	cGlubzo8cmV0dXJuVmFsdWU+	37	94489281187
68719478798	107374182461	cGlubw==	cGlubw==	cGlubw==	37	94489281176
68719478799	107374182461	dGhpcw==	dGhpcw==	bGliL2xvZ2dlci5qczo6cHJvZ3JhbQ==	37	111669149809
68719478800	107374182461	b3B0cw==	b3B0cw==	eyBsZXZlbDogQU5ZOyBzZXJpYWxpemVyczogeyByZXE6IChyZXE6IEFOWSkgPT4gQU5ZOyByZXM6IEFOWTsgZXJyOiBBTlk7IGVycm9yOiBBTlk7IHVzZXI6ICh1c2VyOiBBTlkpID0+IHsgaWQ6IEFOWTsgfTsgfTsgYmFzZTogeyBOT0RFX0VOVjogQU5ZOyBlbnZpcm9ubWVudDogQU5ZOyB2ZXJzaW9uOiBBTlk7IG5hbWU6IEFOWTsgcGlkOiBBTlk7IGhvc3RuYW1lOiBBTlk7IH07IH0=	37	94489281183
68719478801	107374182461	c3RyZWFt	c3RyZWFt	QU5Z	37	94489281186
68719478802	107374182461	bW9kdWxl	bW9kdWxl	eyBleHBvcnRzOiBBTlk7IH0=	39	94489281188
68719478803	107374182461	bG9nZ2Vy	bG9nZ2Vy	cGlubzo8cmV0dXJuVmFsdWU+	39	94489281187
68719478804	107374182461	bW9kdWxl	bW9kdWxl	eyBleHBvcnRzOiBBTlk7IH0=	40	94489281188
68719478805	107374182461	c2VyaWFsaXplcnM=	c2VyaWFsaXplcnM=	eyByZXE6IChyZXE6IEFOWSkgPT4gQU5ZOyByZXM6IEFOWTsgZXJyOiBBTlk7IGVycm9yOiBBTlk7IHVzZXI6ICh1c2VyOiBBTlkpID0+IHsgaWQ6IEFOWTsgfTsgfQ==	40	94489281180
68719478730	107374182462	X3RtcF8x	X3RtcF8x	cGlubzo8bWVtYmVyPihzdGRTZXJpYWxpemVycyk=	9	94489281190
68719478731	107374182462	cGlubw==	cGlubw==	cGlubw==	9	94489281191
68719478732	107374182462	X3RtcF8x	X3RtcF8x	cGlubzo8bWVtYmVyPihzdGRTZXJpYWxpemVycyk=	9	94489281190
68719478733	107374182462	cmVx	cmVx	QU5Z	9	111669149806
68719478734	107374182463	X3RtcF8y	X3RtcF8y	QU5Z	15	
68719478735	107374182463	dXNlcg==	dXNlcg==	QU5Z	15	111669149808
68719478736	107374182463	X3RtcF8y	X3RtcF8y	QU5Z	14	
68719478806	107374182464	dXNlckZpZWxkcw==	dXNlckZpZWxkcw==	X19lY21hLkFycmF5	1	94489281193
68719478807	107374182464	X3RtcF8w	X3RtcF8w	X19lY21hLkFycmF5	1	94489281226
68719478808	107374182464	X3RtcF8w	X3RtcF8w	X19lY21hLkFycmF5	1	
68719478809	107374182464	X3RtcF8w	X3RtcF8w	X19lY21hLkFycmF5	1	
68719478810	107374182464	X3RtcF8w	X3RtcF8w	X19lY21hLkFycmF5	1	
68719478811	107374182464	X3RtcF8w	X3RtcF8w	X19lY21hLkFycmF5	1	
68719478812	107374182464	X3RtcF8w	X3RtcF8w	X19lY21hLkFycmF5	1	
68719478813	107374182464	X3RtcF8w	X3RtcF8w	X19lY21hLkFycmF5	1	
68719478814	107374182464	X3RtcF8w	X3RtcF8w	X19lY21hLkFycmF5	1	
68719478815	107374182464	X3RtcF8w	X3RtcF8w	X19lY21hLkFycmF5	1	
68719478816	107374182464	X3RtcF8w	X3RtcF8w	X19lY21hLkFycmF5	1	
68719478817	107374182464	YXJ0aWNsZUZpZWxkcw==	YXJ0aWNsZUZpZWxkcw==	X19lY21hLkFycmF5	3	94489281195
68719478818	107374182464	X3RtcF8x	X3RtcF8x	X19lY21hLkFycmF5	3	94489281225
68719478819	107374182464	X3RtcF8x	X3RtcF8x	X19lY21hLkFycmF5	4	
68719478820	107374182464	X3RtcF8x	X3RtcF8x	X19lY21hLkFycmF5	4	
68719478821	107374182464	X3RtcF8x	X3RtcF8x	X19lY21hLkFycmF5	5	
68719478822	107374182464	X3RtcF8x	X3RtcF8x	X19lY21hLkFycmF5	5	
68719478823	107374182464	X3RtcF8x	X3RtcF8x	X19lY21hLkFycmF5	6	
68719478824	107374182464	X3RtcF8x	X3RtcF8x	X19lY21hLkFycmF5	6	
68719478825	107374182464	X3RtcF8x	X3RtcF8x	X19lY21hLkFycmF5	7	
68719478826	107374182464	X3RtcF8x	X3RtcF8x	X19lY21hLkFycmF5	7	
68719478827	107374182464	X3RtcF8x	X3RtcF8x	X19lY21hLkFycmF5	8	
68719478828	107374182464	X3RtcF8x	X3RtcF8x	X19lY21hLkFycmF5	8	
68719478829	107374182464	X3RtcF8x	X3RtcF8x	X19lY21hLkFycmF5	9	
68719478830	107374182464	X3RtcF8x	X3RtcF8x	X19lY21hLkFycmF5	9	
68719478831	107374182464	X3RtcF8x	X3RtcF8x	X19lY21hLkFycmF5	10	
68719478832	107374182464	X3RtcF8x	X3RtcF8x	X19lY21hLkFycmF5	10	
68719478833	107374182464	X3RtcF8x	X3RtcF8x	X19lY21hLkFycmF5	11	
68719478834	107374182464	X3RtcF8x	X3RtcF8x	X19lY21hLkFycmF5	11	
68719478835	107374182464	X3RtcF8x	X3RtcF8x	X19lY21hLkFycmF5	3	
68719478836	107374182464	Y29tbWVudEZpZWxkcw==	Y29tbWVudEZpZWxkcw==	X19lY21hLkFycmF5	14	94489281197
68719478837	107374182464	X3RtcF8y	X3RtcF8y	X19lY21hLkFycmF5	14	94489281224
68719478838	107374182464	X3RtcF8y	X3RtcF8y	X19lY21hLkFycmF5	14	
68719478839	107374182464	X3RtcF8y	X3RtcF8y	X19lY21hLkFycmF5	14	
68719478840	107374182464	X3RtcF8y	X3RtcF8y	X19lY21hLkFycmF5	14	
68719478841	107374182464	X3RtcF8y	X3RtcF8y	X19lY21hLkFycmF5	14	
68719478842	107374182464	X3RtcF8y	X3RtcF8y	X19lY21hLkFycmF5	14	
68719478843	107374182464	X3RtcF8y	X3RtcF8y	X19lY21hLkFycmF5	14	
68719478844	107374182464	X3RtcF8y	X3RtcF8y	X19lY21hLkFycmF5	14	
68719478845	107374182464	X3RtcF8y	X3RtcF8y	X19lY21hLkFycmF5	14	
68719478846	107374182464	X3RtcF8y	X3RtcF8y	X19lY21hLkFycmF5	14	
68719478847	107374182464	cmVsYXRpb25zTWFwcw==	cmVsYXRpb25zTWFwcw==	X19lY21hLkFycmF5	16	94489281199
68719478848	107374182464	X3RtcF8z	X3RtcF8z	X19lY21hLkFycmF5	16	94489281223
68719478849	107374182464	X3RtcF8z	X3RtcF8z	X19lY21hLkFycmF5	17	
68719478850	107374182464	X3RtcF8z	X3RtcF8z	X19lY21hLkFycmF5	17	
68719478851	107374182464	X3RtcF80	X3RtcF80	QU5Z	18	
68719478852	107374182464	X3RtcF80	X3RtcF80	QU5Z	19	
68719478853	107374182464	X3RtcF80	X3RtcF80	QU5Z	20	
68719478854	107374182464	X3RtcF81	X3RtcF81	X19lY21hLkFycmF5	20	94489281222
68719478855	107374182464	X3RtcF81	X3RtcF81	X19lY21hLkFycmF5	20	
68719478856	107374182464	X3RtcF81	X3RtcF81	X19lY21hLkFycmF5	20	
68719478857	107374182464	YXJ0aWNsZUZpZWxkcw==	YXJ0aWNsZUZpZWxkcw==	X19lY21hLkFycmF5	20	94489281195
68719478858	107374182464	X3RtcF81	X3RtcF81	X19lY21hLkFycmF5	20	
68719478859	107374182464	X3RtcF81	X3RtcF81	X19lY21hLkFycmF5	20	
68719478860	107374182464	X3RtcF81	X3RtcF81	X19lY21hLkFycmF5	20	
68719478861	107374182464	X3RtcF80	X3RtcF80	QU5Z	21	
68719478862	107374182464	X3RtcF82	X3RtcF82	X19lY21hLkFycmF5	21	94489281221
68719478863	107374182464	X3RtcF82	X3RtcF82	X19lY21hLkFycmF5	22	
68719478864	107374182464	X3RtcF82	X3RtcF82	X19lY21hLkFycmF5	22	
68719478865	107374182464	X3RtcF83	X3RtcF83	QU5Z	22	
68719478866	107374182464	X3RtcF83	X3RtcF83	QU5Z	22	
68719478867	107374182464	X3RtcF83	X3RtcF83	QU5Z	22	
68719478868	107374182464	X3RtcF83	X3RtcF83	QU5Z	22	
68719478869	107374182464	X3RtcF82	X3RtcF82	X19lY21hLkFycmF5	21	
68719478870	107374182464	X3RtcF80	X3RtcF80	QU5Z	24	
68719478871	107374182464	X3RtcF84	X3RtcF84	X19lY21hLkFycmF5	24	94489281220
68719478872	107374182464	X3RtcF84	X3RtcF84	X19lY21hLkFycmF5	24	
68719478873	107374182464	X3RtcF84	X3RtcF84	X19lY21hLkFycmF5	24	
68719478874	107374182464	X3RtcF85	X3RtcF85	QU5Z	24	
68719478875	107374182464	X3RtcF85	X3RtcF85	QU5Z	24	
68719478876	107374182464	X3RtcF85	X3RtcF85	QU5Z	24	
68719478877	107374182464	X3RtcF85	X3RtcF85	QU5Z	24	
68719478878	107374182464	X3RtcF84	X3RtcF84	X19lY21hLkFycmF5	24	
68719478879	107374182464	X3RtcF80	X3RtcF80	QU5Z	17	
68719478880	107374182464	X3RtcF8z	X3RtcF8z	X19lY21hLkFycmF5	26	
68719478881	107374182464	X3RtcF8z	X3RtcF8z	X19lY21hLkFycmF5	26	
68719478882	107374182464	X3RtcF8xMA==	X3RtcF8xMA==	QU5Z	27	
68719478883	107374182464	X3RtcF8xMA==	X3RtcF8xMA==	QU5Z	28	
68719478884	107374182464	X3RtcF8xMA==	X3RtcF8xMA==	QU5Z	29	
68719478885	107374182464	X3RtcF8xMQ==	X3RtcF8xMQ==	X19lY21hLkFycmF5	29	94489281219
68719478886	107374182464	X3RtcF8xMQ==	X3RtcF8xMQ==	X19lY21hLkFycmF5	29	
68719478887	107374182464	X3RtcF8xMQ==	X3RtcF8xMQ==	X19lY21hLkFycmF5	29	
68719478888	107374182464	Y29tbWVudEZpZWxkcw==	Y29tbWVudEZpZWxkcw==	X19lY21hLkFycmF5	29	94489281197
68719478889	107374182464	X3RtcF8xMQ==	X3RtcF8xMQ==	X19lY21hLkFycmF5	29	
68719478890	107374182464	X3RtcF8xMA==	X3RtcF8xMA==	QU5Z	30	
68719478891	107374182464	X3RtcF8xMg==	X3RtcF8xMg==	X19lY21hLkFycmF5	30	94489281218
68719478892	107374182464	X3RtcF8xMg==	X3RtcF8xMg==	X19lY21hLkFycmF5	31	
68719478893	107374182464	X3RtcF8xMg==	X3RtcF8xMg==	X19lY21hLkFycmF5	31	
68719478894	107374182464	X3RtcF8xMw==	X3RtcF8xMw==	QU5Z	31	
68719478895	107374182464	X3RtcF8xMw==	X3RtcF8xMw==	QU5Z	31	
68719478896	107374182464	X3RtcF8xMw==	X3RtcF8xMw==	QU5Z	31	
68719478897	107374182464	X3RtcF8xMw==	X3RtcF8xMw==	QU5Z	31	
68719478898	107374182464	X3RtcF8xMg==	X3RtcF8xMg==	X19lY21hLkFycmF5	30	
68719478899	107374182464	X3RtcF8xMA==	X3RtcF8xMA==	QU5Z	26	
68719478900	107374182464	X3RtcF8z	X3RtcF8z	X19lY21hLkFycmF5	34	
68719478901	107374182464	X3RtcF8z	X3RtcF8z	X19lY21hLkFycmF5	34	
68719478902	107374182464	X3RtcF8xNA==	X3RtcF8xNA==	QU5Z	35	
68719478903	107374182464	X3RtcF8xNA==	X3RtcF8xNA==	QU5Z	36	
68719478904	107374182464	X3RtcF8xNA==	X3RtcF8xNA==	QU5Z	37	
68719478905	107374182464	X3RtcF8xNQ==	X3RtcF8xNQ==	X19lY21hLkFycmF5	37	94489281217
68719478906	107374182464	X3RtcF8xNQ==	X3RtcF8xNQ==	X19lY21hLkFycmF5	37	
68719478907	107374182464	X3RtcF8xNQ==	X3RtcF8xNQ==	X19lY21hLkFycmF5	37	
68719478908	107374182464	dXNlckZpZWxkcw==	dXNlckZpZWxkcw==	X19lY21hLkFycmF5	37	94489281193
68719478909	107374182464	X3RtcF8xNQ==	X3RtcF8xNQ==	X19lY21hLkFycmF5	37	
68719478910	107374182464	X3RtcF8xNQ==	X3RtcF8xNQ==	X19lY21hLkFycmF5	37	
68719478911	107374182464	X3RtcF8xNQ==	X3RtcF8xNQ==	X19lY21hLkFycmF5	37	
68719478912	107374182464	X3RtcF8xNA==	X3RtcF8xNA==	QU5Z	34	
68719478913	107374182464	X3RtcF8z	X3RtcF8z	X19lY21hLkFycmF5	39	
68719478914	107374182464	X3RtcF8z	X3RtcF8z	X19lY21hLkFycmF5	39	
68719478915	107374182464	X3RtcF8xNg==	X3RtcF8xNg==	QU5Z	40	
68719478916	107374182464	X3RtcF8xNg==	X3RtcF8xNg==	QU5Z	41	
68719478917	107374182464	X3RtcF8xNg==	X3RtcF8xNg==	QU5Z	42	
68719478918	107374182464	X3RtcF8xNw==	X3RtcF8xNw==	X19lY21hLkFycmF5	42	94489281216
68719478919	107374182464	X3RtcF8xNw==	X3RtcF8xNw==	X19lY21hLkFycmF5	42	
68719478920	107374182464	X3RtcF8xNw==	X3RtcF8xNw==	X19lY21hLkFycmF5	42	
68719478921	107374182464	X3RtcF8xNw==	X3RtcF8xNw==	X19lY21hLkFycmF5	42	
68719478922	107374182464	X3RtcF8xNw==	X3RtcF8xNw==	X19lY21hLkFycmF5	42	
68719478923	107374182464	X3RtcF8xNw==	X3RtcF8xNw==	X19lY21hLkFycmF5	42	
68719478924	107374182464	X3RtcF8xNg==	X3RtcF8xNg==	QU5Z	39	
68719478925	107374182464	X3RtcF8z	X3RtcF8z	X19lY21hLkFycmF5	16	
68719478926	107374182464	ZXhwb3J0cw==	ZXhwb3J0cw==	bGliL3JlbGF0aW9ucy1tYXAuanM6OnByb2dyYW0=	46	94489281215
68719478927	107374182464	cmVsYXRpb25zTWFwcw==	cmVsYXRpb25zTWFwcw==	X19lY21hLkFycmF5	46	94489281199
68719478928	107374182464	ZXhwb3J0cw==	ZXhwb3J0cw==	bGliL3JlbGF0aW9ucy1tYXAuanM6OnByb2dyYW0=	47	94489281215
68719478929	107374182464	dXNlckZpZWxkcw==	dXNlckZpZWxkcw==	X19lY21hLkFycmF5	47	94489281193
68719478930	107374182464	ZXhwb3J0cw==	ZXhwb3J0cw==	bGliL3JlbGF0aW9ucy1tYXAuanM6OnByb2dyYW0=	48	94489281215
68719478931	107374182464	YXJ0aWNsZUZpZWxkcw==	YXJ0aWNsZUZpZWxkcw==	X19lY21hLkFycmF5	48	94489281195
68719478932	107374182464	ZXhwb3J0cw==	ZXhwb3J0cw==	bGliL3JlbGF0aW9ucy1tYXAuanM6OnByb2dyYW0=	49	94489281215
68719478933	107374182464	Y29tbWVudEZpZWxkcw==	Y29tbWVudEZpZWxkcw==	X19lY21hLkFycmF5	49	94489281197
68719478934	107374182465	c2VydmVy	c2VydmVy	c3RvcHBhYmxlOjxyZXR1cm5WYWx1ZT4=	7	94489281231
68719478935	107374182465	c3RvcHBhYmxl	c3RvcHBhYmxl	c3RvcHBhYmxl	7	94489281235
68719478936	107374182465	dGhpcw==	dGhpcw==	bGliL3NlcnZlci5qczo6cHJvZ3JhbQ==	7	111669149811
68719478937	107374182465	aHR0cA==	aHR0cA==	aHR0cA==	7	94489281234
68719478938	107374182465	aHR0cA==	aHR0cA==	aHR0cA==	7	94489281234
68719478939	107374182465	YXBw	YXBw	QU5Z	7	111669149812
68719478940	107374182465	YXBw	YXBw	QU5Z	7	111669149812
68719478941	107374182465	c2VydmVy	c2VydmVy	c3RvcHBhYmxlOjxyZXR1cm5WYWx1ZT4=	9	94489281231
68719478942	107374182465	c2VydmVy	c2VydmVy	c3RvcHBhYmxlOjxyZXR1cm5WYWx1ZT4=	9	94489281231
68719478943	107374182465	cG9ydA==	cG9ydA==	QU5Z	9	111669149813
68719478944	107374182465	aG9zdA==	aG9zdA==	QU5Z	9	111669149814
68719478945	107374182465	c2VydmVy	c2VydmVy	c3RvcHBhYmxlOjxyZXR1cm5WYWx1ZT4=	11	94489281231
68719478946	107374182465	dXRpbA==	dXRpbA==	dXRpbA==	11	94489281233
68719478947	107374182465	dXRpbA==	dXRpbA==	dXRpbA==	11	94489281233
68719478948	107374182465	c2VydmVy	c2VydmVy	c3RvcHBhYmxlOjxyZXR1cm5WYWx1ZT4=	11	94489281231
68719478949	107374182465	cEV2ZW50	cEV2ZW50	cC1ldmVudA==	13	94489281232
68719478950	107374182465	dGhpcw==	dGhpcw==	bGliL3NlcnZlci5qczo6cHJvZ3JhbQ==	13	111669149811
68719478951	107374182465	c2VydmVy	c2VydmVy	c3RvcHBhYmxlOjxyZXR1cm5WYWx1ZT4=	13	94489281231
68719478952	107374182465	c2VydmVy	c2VydmVy	c3RvcHBhYmxlOjxyZXR1cm5WYWx1ZT4=	15	94489281231
68719478953	107374182465	aHR0cA==	aHR0cA==	aHR0cA==	1	94489281227
68719478954	107374182465	cmVxdWlyZQ==	cmVxdWlyZQ==	QU5Z	1	94489281237
68719478955	107374182465	dGhpcw==	dGhpcw==	bGliL3NlcnZlci5qczo6cHJvZ3JhbQ==	1	111669149815
68719478956	107374182465	c3RvcHBhYmxl	c3RvcHBhYmxl	c3RvcHBhYmxl	2	94489281228
68719478957	107374182465	cmVxdWlyZQ==	cmVxdWlyZQ==	QU5Z	2	94489281237
68719478958	107374182465	dGhpcw==	dGhpcw==	bGliL3NlcnZlci5qczo6cHJvZ3JhbQ==	2	111669149815
68719478959	107374182465	cEV2ZW50	cEV2ZW50	cC1ldmVudA==	3	94489281229
68719478960	107374182465	cmVxdWlyZQ==	cmVxdWlyZQ==	QU5Z	3	94489281237
68719478961	107374182465	dGhpcw==	dGhpcw==	bGliL3NlcnZlci5qczo6cHJvZ3JhbQ==	3	111669149815
68719478962	107374182465	dXRpbA==	dXRpbA==	dXRpbA==	4	94489281230
68719478963	107374182465	cmVxdWlyZQ==	cmVxdWlyZQ==	QU5Z	4	94489281237
68719478964	107374182465	dGhpcw==	dGhpcw==	bGliL3NlcnZlci5qczo6cHJvZ3JhbQ==	4	111669149815
68719478965	107374182465	bW9kdWxl	bW9kdWxl	eyBleHBvcnRzOiAoYXBwOiBBTlksIHBvcnQ6IEFOWSwgaG9zdDogQU5ZKSA9PiBQcm9taXNlPGFueT47IH0=	6	94489281236
68719478934	107374182466	c2VydmVy	c2VydmVy	c3RvcHBhYmxlOjxyZXR1cm5WYWx1ZT4=	7	94489281231
68719478935	107374182466	c3RvcHBhYmxl	c3RvcHBhYmxl	c3RvcHBhYmxl	7	94489281235
68719478936	107374182466	dGhpcw==	dGhpcw==	bGliL3NlcnZlci5qczo6cHJvZ3JhbQ==	7	111669149811
68719478937	107374182466	aHR0cA==	aHR0cA==	aHR0cA==	7	94489281234
68719478938	107374182466	aHR0cA==	aHR0cA==	aHR0cA==	7	94489281234
68719478939	107374182466	YXBw	YXBw	QU5Z	7	111669149812
68719478940	107374182466	YXBw	YXBw	QU5Z	7	111669149812
68719478941	107374182466	c2VydmVy	c2VydmVy	c3RvcHBhYmxlOjxyZXR1cm5WYWx1ZT4=	9	94489281231
68719478942	107374182466	c2VydmVy	c2VydmVy	c3RvcHBhYmxlOjxyZXR1cm5WYWx1ZT4=	9	94489281231
68719478943	107374182466	cG9ydA==	cG9ydA==	QU5Z	9	111669149813
68719478944	107374182466	aG9zdA==	aG9zdA==	QU5Z	9	111669149814
68719478945	107374182466	c2VydmVy	c2VydmVy	c3RvcHBhYmxlOjxyZXR1cm5WYWx1ZT4=	11	94489281231
68719478946	107374182466	dXRpbA==	dXRpbA==	dXRpbA==	11	94489281233
68719478947	107374182466	dXRpbA==	dXRpbA==	dXRpbA==	11	94489281233
68719478948	107374182466	c2VydmVy	c2VydmVy	c3RvcHBhYmxlOjxyZXR1cm5WYWx1ZT4=	11	94489281231
68719478949	107374182466	cEV2ZW50	cEV2ZW50	cC1ldmVudA==	13	94489281232
68719478950	107374182466	dGhpcw==	dGhpcw==	bGliL3NlcnZlci5qczo6cHJvZ3JhbQ==	13	111669149811
68719478951	107374182466	c2VydmVy	c2VydmVy	c3RvcHBhYmxlOjxyZXR1cm5WYWx1ZT4=	13	94489281231
68719478952	107374182466	c2VydmVy	c2VydmVy	c3RvcHBhYmxlOjxyZXR1cm5WYWx1ZT4=	15	94489281231
68719478966	107374182467	dXNlcg==	dXNlcg==	X19lY21hLk9iamVjdA==	5	94489281255
68719478967	107374182467	dXNlcg==	dXNlcg==	X19lY21hLk9iamVjdA==	5	
68719478968	107374182467	X3RtcF8w	X3RtcF8w	QU5Z	5	
68719478969	107374182467	dXNlcg==	dXNlcg==	X19lY21hLk9iamVjdA==	5	
68719478970	107374182467	X3RtcF8x	X3RtcF8x	QU5Z	6	
68719478971	107374182467	dXNlcg==	dXNlcg==	X19lY21hLk9iamVjdA==	6	94489281255
68719478972	107374182467	X3RtcF8y	X3RtcF8y	QU5Z	7	
68719478973	107374182467	and0	and0	anNvbndlYnRva2Vu	7	94489281257
68719478974	107374182467	and0	and0	anNvbndlYnRva2Vu	7	94489281257
68719478975	107374182467	X3RtcF8z	X3RtcF8z	QU5Z	9	
68719478976	107374182467	Xw==	Xw==	bG9kYXNo	9	94489281256
68719478977	107374182467	Xw==	Xw==	bG9kYXNo	9	94489281256
68719478978	107374182467	dXNlcg==	dXNlcg==	X19lY21hLk9iamVjdA==	9	94489281255
68719478979	107374182467	X3RtcF80	X3RtcF80	X19lY21hLkFycmF5	9	94489281254
68719478980	107374182467	X3RtcF80	X3RtcF80	X19lY21hLkFycmF5	9	
68719478981	107374182467	X3RtcF80	X3RtcF80	X19lY21hLkFycmF5	9	
68719478982	107374182467	X3RtcF80	X3RtcF80	X19lY21hLkFycmF5	9	
68719478983	107374182467	X3RtcF80	X3RtcF80	X19lY21hLkFycmF5	9	
68719478984	107374182467	X3RtcF80	X3RtcF80	X19lY21hLkFycmF5	9	
68719478985	107374182467	X3RtcF80	X3RtcF80	X19lY21hLkFycmF5	9	
68719478986	107374182467	X3RtcF80	X3RtcF80	X19lY21hLkFycmF5	9	
68719478987	107374182467	X3RtcF8z	X3RtcF8z	QU5Z	8	
68719478988	107374182467	Y29uZmln	Y29uZmln	Y29uZmln	11	94489281253
68719478989	107374182467	Y29uZmln	Y29uZmln	Y29uZmln	11	94489281253
68719478990	107374182467	X3RtcF81	X3RtcF81	QU5Z	13	
68719478991	107374182467	X3RtcF81	X3RtcF81	QU5Z	12	
68719478992	107374182467	X3RtcF8y	X3RtcF8y	QU5Z	6	
68719478966	107374182468	dXNlcg==	dXNlcg==	X19lY21hLk9iamVjdA==	5	94489281255
68719478967	107374182468	dXNlcg==	dXNlcg==	X19lY21hLk9iamVjdA==	5	
68719478968	107374182468	X3RtcF8w	X3RtcF8w	QU5Z	5	
68719478969	107374182468	dXNlcg==	dXNlcg==	X19lY21hLk9iamVjdA==	5	
68719478970	107374182468	X3RtcF8x	X3RtcF8x	QU5Z	6	
68719478971	107374182468	dXNlcg==	dXNlcg==	X19lY21hLk9iamVjdA==	6	94489281255
68719478972	107374182468	X3RtcF8y	X3RtcF8y	QU5Z	7	
68719478973	107374182468	and0	and0	anNvbndlYnRva2Vu	7	94489281257
68719478974	107374182468	and0	and0	anNvbndlYnRva2Vu	7	94489281257
68719478975	107374182468	X3RtcF8z	X3RtcF8z	QU5Z	9	
68719478976	107374182468	Xw==	Xw==	bG9kYXNo	9	94489281256
68719478977	107374182468	Xw==	Xw==	bG9kYXNo	9	94489281256
68719478978	107374182468	dXNlcg==	dXNlcg==	X19lY21hLk9iamVjdA==	9	94489281255
68719478979	107374182468	X3RtcF80	X3RtcF80	X19lY21hLkFycmF5	9	94489281254
68719478980	107374182468	X3RtcF80	X3RtcF80	X19lY21hLkFycmF5	9	
68719478981	107374182468	X3RtcF80	X3RtcF80	X19lY21hLkFycmF5	9	
68719478982	107374182468	X3RtcF80	X3RtcF80	X19lY21hLkFycmF5	9	
68719478983	107374182468	X3RtcF80	X3RtcF80	X19lY21hLkFycmF5	9	
68719478984	107374182468	X3RtcF80	X3RtcF80	X19lY21hLkFycmF5	9	
68719478985	107374182468	X3RtcF80	X3RtcF80	X19lY21hLkFycmF5	9	
68719478986	107374182468	X3RtcF80	X3RtcF80	X19lY21hLkFycmF5	9	
68719478987	107374182468	X3RtcF8z	X3RtcF8z	QU5Z	8	
68719478988	107374182468	Y29uZmln	Y29uZmln	Y29uZmln	11	94489281253
68719478989	107374182468	Y29uZmln	Y29uZmln	Y29uZmln	11	94489281253
68719478990	107374182468	X3RtcF81	X3RtcF81	QU5Z	13	
68719478991	107374182468	X3RtcF81	X3RtcF81	QU5Z	12	
68719478992	107374182468	X3RtcF8y	X3RtcF8y	QU5Z	6	
68719478993	107374182468	dGFibGU=	dGFibGU=	QU5Z	20	94489281252
68719478994	107374182468	Zg==	Zg==	QU5Z	20	111669149819
68719478995	107374182468	cHJlZml4	cHJlZml4	QU5Z	20	94489281251
68719478996	107374182468	Zg==	Zg==	QU5Z	20	111669149819
68719478997	107374182468	ZmllbGRz	ZmllbGRz	QU5Z	20	111669149823
68719478998	107374182468	ZmllbGRz	ZmllbGRz	QU5Z	20	111669149823
68719478999	107374182468	Z2VuZXJhdGVKV1Rmb3JVc2Vy	Z2VuZXJhdGVKV1Rmb3JVc2Vy	bGliL3V0aWxzLmpzOjpwcm9ncmFtOmdlbmVyYXRlSldUZm9yVXNlcg==	5	94489281238
68719479000	107374182468	Z2V0U2VsZWN0	Z2V0U2VsZWN0	bGliL3V0aWxzLmpzOjpwcm9ncmFtOmdldFNlbGVjdA==	19	94489281245
68719479001	107374182468	Y29uZmln	Y29uZmln	Y29uZmln	1	94489281246
68719479002	107374182468	cmVxdWlyZQ==	cmVxdWlyZQ==	QU5Z	1	94489281250
68719479003	107374182468	dGhpcw==	dGhpcw==	bGliL3V0aWxzLmpzOjpwcm9ncmFt	1	111669149824
68719479004	107374182468	and0	and0	anNvbndlYnRva2Vu	2	94489281247
68719479005	107374182468	cmVxdWlyZQ==	cmVxdWlyZQ==	QU5Z	2	94489281250
68719479006	107374182468	dGhpcw==	dGhpcw==	bGliL3V0aWxzLmpzOjpwcm9ncmFt	2	111669149824
68719479007	107374182468	Xw==	Xw==	bG9kYXNo	3	94489281248
68719479008	107374182468	cmVxdWlyZQ==	cmVxdWlyZQ==	QU5Z	3	94489281250
68719479009	107374182468	dGhpcw==	dGhpcw==	bGliL3V0aWxzLmpzOjpwcm9ncmFt	3	111669149824
68719479010	107374182468	ZXhwb3J0cw==	ZXhwb3J0cw==	bGliL3V0aWxzLmpzOjpwcm9ncmFt	23	94489281249
68719479011	107374182468	Z2VuZXJhdGVKV1Rmb3JVc2Vy	Z2VuZXJhdGVKV1Rmb3JVc2Vy	bGliL3V0aWxzLmpzOjpwcm9ncmFtOmdlbmVyYXRlSldUZm9yVXNlcg==	23	94489281238
68719479012	107374182468	ZXhwb3J0cw==	ZXhwb3J0cw==	bGliL3V0aWxzLmpzOjpwcm9ncmFt	24	94489281249
68719479013	107374182468	Z2V0U2VsZWN0	Z2V0U2VsZWN0	bGliL3V0aWxzLmpzOjpwcm9ncmFtOmdldFNlbGVjdA==	24	94489281245
68719478993	107374182469	dGFibGU=	dGFibGU=	QU5Z	20	94489281252
68719478994	107374182469	Zg==	Zg==	QU5Z	20	111669149819
68719478995	107374182469	cHJlZml4	cHJlZml4	QU5Z	20	94489281251
68719478996	107374182469	Zg==	Zg==	QU5Z	20	111669149819
68719478993	107374182470	dGFibGU=	dGFibGU=	QU5Z	20	94489281252
68719478994	107374182470	Zg==	Zg==	QU5Z	20	111669149819
68719478995	107374182470	cHJlZml4	cHJlZml4	QU5Z	20	94489281251
68719478996	107374182470	Zg==	Zg==	QU5Z	20	111669149819
68719478997	107374182470	ZmllbGRz	ZmllbGRz	QU5Z	20	111669149823
68719478998	107374182470	ZmllbGRz	ZmllbGRz	QU5Z	20	111669149823
68719479014	107374182471	Y3R4	Y3R4	QU5Z	4	111669149826
68719479015	107374182471	Y3R4	Y3R4	QU5Z	4	111669149826
68719479016	107374182471	Y3R4	Y3R4	QU5Z	4	111669149826
68719479017	107374182471	X3RtcF8x	X3RtcF8x	bGliL2Vycm9ycy5qczo6cHJvZ3JhbTpBdXRoZW50aWNhdGlvbkVycm9y	4	94489281263
68719479018	107374182471	QXV0aGVudGljYXRpb25FcnJvcg==	QXV0aGVudGljYXRpb25FcnJvcg==	bGliL2Vycm9ycy5qczo6cHJvZ3JhbTpBdXRoZW50aWNhdGlvbkVycm9y	4	94489281262
68719479019	107374182471	X3RtcF8x	X3RtcF8x	bGliL2Vycm9ycy5qczo6cHJvZ3JhbTpBdXRoZW50aWNhdGlvbkVycm9y	4	
68719479020	107374182471	X3RtcF8x	X3RtcF8x	bGliL2Vycm9ycy5qczo6cHJvZ3JhbTpBdXRoZW50aWNhdGlvbkVycm9y	4	
68719479021	107374182471	bmV4dA==	bmV4dA==	QU5Z	5	111669149827
68719479022	107374182471	dGhpcw==	dGhpcw==	bWlkZGxld2FyZS9hdXRoLXJlcXVpcmVkLW1pZGRsZXdhcmUuanM6OnByb2dyYW0=	5	111669149825
68719479023	107374182471	X3RtcF8w	X3RtcF8w	QU5Z	1	94489281259
68719479024	107374182471	cmVxdWlyZQ==	cmVxdWlyZQ==	QU5Z	1	94489281265
68719479025	107374182471	dGhpcw==	dGhpcw==	bWlkZGxld2FyZS9hdXRoLXJlcXVpcmVkLW1pZGRsZXdhcmUuanM6OnByb2dyYW0=	1	111669149828
68719479026	107374182471	QXV0aGVudGljYXRpb25FcnJvcg==	QXV0aGVudGljYXRpb25FcnJvcg==	bGliL2Vycm9ycy5qczo6cHJvZ3JhbTpBdXRoZW50aWNhdGlvbkVycm9y	1	94489281260
68719479027	107374182471	X3RtcF8w	X3RtcF8w	QU5Z	1	
68719479028	107374182471	X3RtcF8w	X3RtcF8w	QU5Z	1	
68719479029	107374182471	bW9kdWxl	bW9kdWxl	eyBleHBvcnRzOiAoY3R4OiBBTlksIG5leHQ6IEFOWSkgPT4gQU5ZOyB9	3	94489281264
68719479014	107374182472	Y3R4	Y3R4	QU5Z	4	111669149826
68719479015	107374182472	Y3R4	Y3R4	QU5Z	4	111669149826
68719479016	107374182472	Y3R4	Y3R4	QU5Z	4	111669149826
68719479017	107374182472	X3RtcF8x	X3RtcF8x	bGliL2Vycm9ycy5qczo6cHJvZ3JhbTpBdXRoZW50aWNhdGlvbkVycm9y	4	94489281263
68719479018	107374182472	QXV0aGVudGljYXRpb25FcnJvcg==	QXV0aGVudGljYXRpb25FcnJvcg==	bGliL2Vycm9ycy5qczo6cHJvZ3JhbTpBdXRoZW50aWNhdGlvbkVycm9y	4	94489281262
68719479019	107374182472	X3RtcF8x	X3RtcF8x	bGliL2Vycm9ycy5qczo6cHJvZ3JhbTpBdXRoZW50aWNhdGlvbkVycm9y	4	
68719479020	107374182472	X3RtcF8x	X3RtcF8x	bGliL2Vycm9ycy5qczo6cHJvZ3JhbTpBdXRoZW50aWNhdGlvbkVycm9y	4	
68719479021	107374182472	bmV4dA==	bmV4dA==	QU5Z	5	111669149827
68719479022	107374182472	dGhpcw==	dGhpcw==	bWlkZGxld2FyZS9hdXRoLXJlcXVpcmVkLW1pZGRsZXdhcmUuanM6OnByb2dyYW0=	5	111669149825
68719479030	107374182473	bmV4dA==	bmV4dA==	QU5Z	5	111669149831
68719479031	107374182473	dGhpcw==	dGhpcw==	bWlkZGxld2FyZS9jYW1lbGl6ZS1taWRkbGV3YXJlLmpzOjpwcm9ncmFt	5	111669149829
68719479032	107374182473	Y3R4	Y3R4	QU5Z	6	111669149830
68719479033	107374182473	Xw==	Xw==	bG9kYXNo	6	94489281269
68719479034	107374182473	Xw==	Xw==	bG9kYXNo	6	94489281269
68719479035	107374182473	Y3R4	Y3R4	QU5Z	6	111669149830
68719479036	107374182473	Y3R4	Y3R4	QU5Z	7	111669149830
68719479037	107374182473	aHVtcHM=	aHVtcHM=	aHVtcHM=	7	94489281268
68719479038	107374182473	aHVtcHM=	aHVtcHM=	aHVtcHM=	7	94489281268
68719479039	107374182473	Y3R4	Y3R4	QU5Z	7	111669149830
68719479040	107374182473	aHVtcHM=	aHVtcHM=	aHVtcHM=	1	94489281266
68719479041	107374182473	cmVxdWlyZQ==	cmVxdWlyZQ==	QU5Z	1	94489281271
68719479042	107374182473	dGhpcw==	dGhpcw==	bWlkZGxld2FyZS9jYW1lbGl6ZS1taWRkbGV3YXJlLmpzOjpwcm9ncmFt	1	111669149832
68719479043	107374182473	Xw==	Xw==	bG9kYXNo	2	94489281267
68719479044	107374182473	cmVxdWlyZQ==	cmVxdWlyZQ==	QU5Z	2	94489281271
68719479045	107374182473	dGhpcw==	dGhpcw==	bWlkZGxld2FyZS9jYW1lbGl6ZS1taWRkbGV3YXJlLmpzOjpwcm9ncmFt	2	111669149832
68719479046	107374182473	bW9kdWxl	bW9kdWxl	eyBleHBvcnRzOiAoY3R4OiBBTlksIG5leHQ6IEFOWSkgPT4gUHJvbWlzZTx2b2lkPjsgfQ==	4	94489281270
68719479030	107374182474	bmV4dA==	bmV4dA==	QU5Z	5	111669149831
68719479031	107374182474	dGhpcw==	dGhpcw==	bWlkZGxld2FyZS9jYW1lbGl6ZS1taWRkbGV3YXJlLmpzOjpwcm9ncmFt	5	111669149829
68719479032	107374182474	Y3R4	Y3R4	QU5Z	6	111669149830
68719479033	107374182474	Xw==	Xw==	bG9kYXNo	6	94489281269
68719479034	107374182474	Xw==	Xw==	bG9kYXNo	6	94489281269
68719479035	107374182474	Y3R4	Y3R4	QU5Z	6	111669149830
68719479036	107374182474	Y3R4	Y3R4	QU5Z	7	111669149830
68719479037	107374182474	aHVtcHM=	aHVtcHM=	aHVtcHM=	7	94489281268
68719479038	107374182474	aHVtcHM=	aHVtcHM=	aHVtcHM=	7	94489281268
68719479039	107374182474	Y3R4	Y3R4	QU5Z	7	111669149830
68719479047	107374182475	Zm9ybWF0VmFsaWRhdGlvbkVycm9y	Zm9ybWF0VmFsaWRhdGlvbkVycm9y	bWlkZGxld2FyZS9lcnJvci1taWRkbGV3YXJlLmpzOjpwcm9ncmFtOmZvcm1hdFZhbGlkYXRpb25FcnJvcg==	74	94489281302
68719479048	107374182475	dGhpcw==	dGhpcw==	bWlkZGxld2FyZS9lcnJvci1taWRkbGV3YXJlLmpzOjpwcm9ncmFt	74	111669149833
68719479049	107374182475	ZXJy	ZXJy	QU5Z	74	111669149834
68719479047	107374182476	Zm9ybWF0VmFsaWRhdGlvbkVycm9y	Zm9ybWF0VmFsaWRhdGlvbkVycm9y	bWlkZGxld2FyZS9lcnJvci1taWRkbGV3YXJlLmpzOjpwcm9ncmFtOmZvcm1hdFZhbGlkYXRpb25FcnJvcg==	74	94489281302
68719479048	107374182476	dGhpcw==	dGhpcw==	bWlkZGxld2FyZS9lcnJvci1taWRkbGV3YXJlLmpzOjpwcm9ncmFt	74	111669149833
68719479049	107374182476	ZXJy	ZXJy	QU5Z	74	111669149834
68719479050	107374182476	cHJldg==	cHJldg==	QU5Z	75	111669149836
68719479051	107374182476	Y3Vycg==	Y3Vycg==	QU5Z	75	111669149837
68719479052	107374182476	cmVzdWx0	cmVzdWx0	X19lY21hLk9iamVjdA==	68	94489281273
68719479053	107374182476	X3RtcF8w	X3RtcF8w	QU5Z	68	
68719479054	107374182476	ZXJy	ZXJy	QU5Z	69	111669149839
68719479055	107374182476	cmVzdWx0	cmVzdWx0	X19lY21hLk9iamVjdA==	70	94489281273
68719479056	107374182476	ZXJy	ZXJy	QU5Z	70	111669149839
68719479057	107374182476	X3RtcF8x	X3RtcF8x	X19lY21hLkFycmF5	70	94489281306
68719479058	107374182476	X3RtcF8x	X3RtcF8x	X19lY21hLkFycmF5	70	
68719479059	107374182476	X3RtcF8x	X3RtcF8x	X19lY21hLkFycmF5	70	
68719479060	107374182476	Xw==	Xw==	bG9kYXNo	70	94489281305
68719479061	107374182476	Xw==	Xw==	bG9kYXNo	70	94489281305
68719479062	107374182476	ZXJy	ZXJy	QU5Z	70	111669149839
68719479063	107374182476	X3RtcF8x	X3RtcF8x	X19lY21hLkFycmF5	70	
68719479064	107374182476	ZXJy	ZXJy	QU5Z	72	111669149839
68719479065	107374182476	ZXJy	ZXJy	QU5Z	72	111669149839
68719479066	107374182476	X3RtcF8y	X3RtcF8y	QU5Z	73	94489281301
68719479067	107374182476	X3RtcF8z	X3RtcF8z	ZXJyOmlubmVyOjxyZXR1cm5WYWx1ZT46PG1lbWJlcj4oaW5uZXIp	73	94489281304
68719479068	107374182476	ZXJy	ZXJy	QU5Z	73	111669149839
68719479069	107374182476	X3RtcF8z	X3RtcF8z	ZXJyOmlubmVyOjxyZXR1cm5WYWx1ZT46PG1lbWJlcj4oaW5uZXIp	73	94489281304
68719479070	107374182476	X3RtcF8y	X3RtcF8y	QU5Z	73	94489281301
68719479071	107374182476	cmVzdWx0	cmVzdWx0	X19lY21hLk9iamVjdA==	75	94489281273
68719479072	107374182476	cmVzdWx0	cmVzdWx0	X19lY21hLk9iamVjdA==	77	94489281273
68719479050	107374182477	cHJldg==	cHJldg==	QU5Z	75	111669149836
68719479051	107374182477	Y3Vycg==	Y3Vycg==	QU5Z	75	111669149837
68719479047	107374182478	Zm9ybWF0VmFsaWRhdGlvbkVycm9y	Zm9ybWF0VmFsaWRhdGlvbkVycm9y	bWlkZGxld2FyZS9lcnJvci1taWRkbGV3YXJlLmpzOjpwcm9ncmFtOmZvcm1hdFZhbGlkYXRpb25FcnJvcg==	74	94489281302
68719479048	107374182478	dGhpcw==	dGhpcw==	bWlkZGxld2FyZS9lcnJvci1taWRkbGV3YXJlLmpzOjpwcm9ncmFt	74	111669149833
68719479049	107374182478	ZXJy	ZXJy	QU5Z	74	111669149834
68719479050	107374182478	cHJldg==	cHJldg==	QU5Z	75	111669149836
68719479051	107374182478	Y3Vycg==	Y3Vycg==	QU5Z	75	111669149837
68719479052	107374182478	cmVzdWx0	cmVzdWx0	X19lY21hLk9iamVjdA==	68	94489281273
68719479053	107374182478	X3RtcF8w	X3RtcF8w	QU5Z	68	
68719479054	107374182478	ZXJy	ZXJy	QU5Z	69	111669149839
68719479055	107374182478	cmVzdWx0	cmVzdWx0	X19lY21hLk9iamVjdA==	70	94489281273
68719479056	107374182478	ZXJy	ZXJy	QU5Z	70	111669149839
68719479057	107374182478	X3RtcF8x	X3RtcF8x	X19lY21hLkFycmF5	70	94489281306
68719479058	107374182478	X3RtcF8x	X3RtcF8x	X19lY21hLkFycmF5	70	
68719479059	107374182478	X3RtcF8x	X3RtcF8x	X19lY21hLkFycmF5	70	
68719479060	107374182478	Xw==	Xw==	bG9kYXNo	70	94489281305
68719479061	107374182478	Xw==	Xw==	bG9kYXNo	70	94489281305
68719479062	107374182478	ZXJy	ZXJy	QU5Z	70	111669149839
68719479063	107374182478	X3RtcF8x	X3RtcF8x	X19lY21hLkFycmF5	70	
68719479064	107374182478	ZXJy	ZXJy	QU5Z	72	111669149839
68719479065	107374182478	ZXJy	ZXJy	QU5Z	72	111669149839
68719479066	107374182478	X3RtcF8y	X3RtcF8y	QU5Z	73	94489281301
68719479067	107374182478	X3RtcF8z	X3RtcF8z	ZXJyOmlubmVyOjxyZXR1cm5WYWx1ZT46PG1lbWJlcj4oaW5uZXIp	73	94489281304
68719479068	107374182478	ZXJy	ZXJy	QU5Z	73	111669149839
68719479069	107374182478	X3RtcF8z	X3RtcF8z	ZXJyOmlubmVyOjxyZXR1cm5WYWx1ZT46PG1lbWJlcj4oaW5uZXIp	73	94489281304
68719479070	107374182478	X3RtcF8y	X3RtcF8y	QU5Z	73	94489281301
68719479071	107374182478	cmVzdWx0	cmVzdWx0	X19lY21hLk9iamVjdA==	75	94489281273
68719479072	107374182478	cmVzdWx0	cmVzdWx0	X19lY21hLk9iamVjdA==	77	94489281273
68719479073	107374182478	bmV4dA==	bmV4dA==	QU5Z	6	111669149842
68719479074	107374182478	dGhpcw==	dGhpcw==	bWlkZGxld2FyZS9lcnJvci1taWRkbGV3YXJlLmpzOjpwcm9ncmFt	6	111669149840
68719479075	107374182478	Y3R4	Y3R4	QU5Z	7	111669149841
68719479076	107374182478	Y3R4	Y3R4	QU5Z	7	111669149841
68719479077	107374182478	Y3R4	Y3R4	QU5Z	7	111669149841
68719479078	107374182478	Y3R4	Y3R4	QU5Z	7	111669149841
68719479079	107374182478	ZXJy	ZXJy	QU5Z	8	94489281292
68719479080	107374182478	Y3R4	Y3R4	QU5Z	9	111669149841
68719479081	107374182478	c3RhdHVz	c3RhdHVz	QU5Z	11	94489281278
68719479082	107374182478	ZXJy	ZXJy	QU5Z	12	94489281292
68719479083	107374182478	ZXJy	ZXJy	QU5Z	13	94489281292
68719479084	107374182478	ZXJy	ZXJy	QU5Z	14	94489281292
68719479085	107374182478	ZXJy	ZXJy	QU5Z	15	94489281292
68719479086	107374182478	ZXJy	ZXJy	QU5Z	15	94489281292
68719479087	107374182478	ZXJy	ZXJy	QU5Z	16	94489281292
68719479088	107374182478	ZXJy	ZXJy	QU5Z	16	94489281292
68719479089	107374182478	Y3R4	Y3R4	QU5Z	19	111669149841
68719479090	107374182478	Y3R4	Y3R4	QU5Z	20	111669149841
68719479091	107374182478	X3RtcF80	X3RtcF80	QU5Z	20	
68719479092	107374182478	X3RtcF81	X3RtcF81	QU5Z	20	
68719479093	107374182478	X3RtcF80	X3RtcF80	QU5Z	20	
68719479094	107374182478	Y29uc29sZQ==	Y29uc29sZQ==	X193aGF0d2cuY29uc29sZQ==	23	94489281298
68719479095	107374182478	Y29uc29sZQ==	Y29uc29sZQ==	X193aGF0d2cuY29uc29sZQ==	23	94489281298
68719479096	107374182478	ZXJy	ZXJy	QU5Z	23	94489281292
68719479097	107374182478	ZXJy	ZXJy	QU5Z	26	94489281292
68719479098	107374182478	ZXJyb3Jz	ZXJyb3Jz	bWlkZGxld2FyZS9lcnJvci1taWRkbGV3YXJlLmpzOjpwcm9ncmFt	26	94489281297
68719479099	107374182478	Y3R4	Y3R4	QU5Z	27	111669149841
68719479100	107374182478	Zm9ybWF0VmFsaWRhdGlvbkVycm9y	Zm9ybWF0VmFsaWRhdGlvbkVycm9y	bWlkZGxld2FyZS9lcnJvci1taWRkbGV3YXJlLmpzOjpwcm9ncmFtOmZvcm1hdFZhbGlkYXRpb25FcnJvcg==	27	94489281296
68719479101	107374182478	dGhpcw==	dGhpcw==	bWlkZGxld2FyZS9lcnJvci1taWRkbGV3YXJlLmpzOjpwcm9ncmFt	27	111669149840
68719479102	107374182478	ZXJy	ZXJy	QU5Z	27	94489281292
68719479103	107374182478	Y3R4	Y3R4	QU5Z	28	111669149841
68719479104	107374182478	Xw==	Xw==	bG9kYXNo	28	94489281289
68719479105	107374182478	Xw==	Xw==	bG9kYXNo	28	94489281289
68719479106	107374182478	c3RhdHVz	c3RhdHVz	QU5Z	28	94489281278
68719479107	107374182478	ZXJy	ZXJy	QU5Z	31	94489281292
68719479108	107374182478	cGF0aA==	cGF0aA==	X19lY21hLlN0cmluZw==	32	94489281281
68719479109	107374182478	ZXJy	ZXJy	QU5Z	34	94489281292
68719479110	107374182478	aWR4	aWR4	QU5Z	36	94489281282
68719479111	107374182478	X3RtcF82	X3RtcF82	ZXJyOm1lc3NhZ2U6PHJldHVyblZhbHVlPjo8bWVtYmVyPihtZXNzYWdlKQ==	36	94489281295
68719479112	107374182478	ZXJy	ZXJy	QU5Z	36	94489281292
68719479113	107374182478	X3RtcF82	X3RtcF82	ZXJyOm1lc3NhZ2U6PHJldHVyblZhbHVlPjo8bWVtYmVyPihtZXNzYWdlKQ==	36	94489281295
68719479114	107374182478	aWR4	aWR4	QU5Z	37	94489281282
68719479115	107374182478	cGF0aA==	cGF0aA==	X19lY21hLlN0cmluZw==	38	94489281281
68719479116	107374182478	X3RtcF83	X3RtcF83	ZXJyOm1lc3NhZ2U6PHJldHVyblZhbHVlPjo8bWVtYmVyPihtZXNzYWdlKQ==	38	94489281294
68719479117	107374182478	ZXJy	ZXJy	QU5Z	38	94489281292
68719479118	107374182478	X3RtcF83	X3RtcF83	ZXJyOm1lc3NhZ2U6PHJldHVyblZhbHVlPjo8bWVtYmVyPihtZXNzYWdlKQ==	38	94489281294
68719479119	107374182478	aWR4	aWR4	QU5Z	38	94489281282
68719479120	107374182478	ZXJy	ZXJy	QU5Z	38	94489281292
68719479121	107374182478	Y3R4	Y3R4	QU5Z	39	111669149841
68719479122	107374182478	cGF0aA==	cGF0aA==	X19lY21hLlN0cmluZw==	39	94489281281
68719479123	107374182478	X3RtcF84	X3RtcF84	X19lY21hLkFycmF5	39	94489281293
68719479124	107374182478	X3RtcF84	X3RtcF84	X19lY21hLkFycmF5	39	
68719479125	107374182478	X3RtcF84	X3RtcF84	X19lY21hLkFycmF5	39	
68719479126	107374182478	X3RtcF84	X3RtcF84	X19lY21hLkFycmF5	39	
68719479127	107374182478	Y3R4	Y3R4	QU5Z	43	111669149841
68719479128	107374182478	Xw==	Xw==	bG9kYXNo	43	94489281289
68719479129	107374182478	Xw==	Xw==	bG9kYXNo	43	94489281289
68719479130	107374182478	c3RhdHVz	c3RhdHVz	QU5Z	43	94489281278
68719479131	107374182478	ZXJy	ZXJy	QU5Z	47	94489281292
68719479132	107374182478	cGF0aA==	cGF0aA==	X19lY21hLlN0cmluZw==	49	94489281284
68719479133	107374182478	X3RtcF8xMA==	X3RtcF8xMA==	QU5Z	50	94489281286
68719479134	107374182478	X3RtcF85	X3RtcF85	ZXJyOmRldGFpbDo8cmV0dXJuVmFsdWU+OjxtZW1iZXI+KGRldGFpbCk=	50	94489281291
68719479135	107374182478	ZXJy	ZXJy	QU5Z	50	94489281292
68719479136	107374182478	X3RtcF85	X3RtcF85	ZXJyOmRldGFpbDo8cmV0dXJuVmFsdWU+OjxtZW1iZXI+KGRldGFpbCk=	50	94489281291
68719479137	107374182478	a2V5	a2V5	QU5Z	50	94489281287
68719479138	107374182478	X3RtcF8xMA==	X3RtcF8xMA==	QU5Z	50	
68719479139	107374182478	X3RtcF8xMA==	X3RtcF8xMA==	QU5Z	50	
68719479140	107374182478	a2V5	a2V5	QU5Z	51	94489281287
68719479141	107374182478	cGF0aA==	cGF0aA==	X19lY21hLlN0cmluZw==	52	94489281284
68719479142	107374182478	a2V5	a2V5	QU5Z	52	94489281287
68719479143	107374182478	a2V5	a2V5	QU5Z	52	94489281287
68719479144	107374182478	a2V5	a2V5	QU5Z	52	94489281287
68719479145	107374182478	Y3R4	Y3R4	QU5Z	55	111669149841
68719479146	107374182478	cGF0aA==	cGF0aA==	X19lY21hLlN0cmluZw==	55	94489281284
68719479147	107374182478	X3RtcF8xMQ==	X3RtcF8xMQ==	X19lY21hLkFycmF5	55	94489281290
68719479148	107374182478	X3RtcF8xMQ==	X3RtcF8xMQ==	X19lY21hLkFycmF5	55	
68719479149	107374182478	X3RtcF8xMQ==	X3RtcF8xMQ==	X19lY21hLkFycmF5	55	
68719479150	107374182478	X3RtcF8xMQ==	X3RtcF8xMQ==	X19lY21hLkFycmF5	55	
68719479151	107374182478	Y3R4	Y3R4	QU5Z	56	111669149841
68719479152	107374182478	Xw==	Xw==	bG9kYXNo	56	94489281289
68719479153	107374182478	Xw==	Xw==	bG9kYXNo	56	94489281289
68719479154	107374182478	c3RhdHVz	c3RhdHVz	QU5Z	56	94489281278
68719479155	107374182478	Y3R4	Y3R4	QU5Z	61	111669149841
68719479156	107374182478	Xw==	Xw==	bG9kYXNo	61	94489281289
68719479157	107374182478	Xw==	Xw==	bG9kYXNo	61	94489281289
68719479158	107374182478	c3RhdHVz	c3RhdHVz	QU5Z	61	94489281278
68719479159	107374182478	Zm9ybWF0VmFsaWRhdGlvbkVycm9y	Zm9ybWF0VmFsaWRhdGlvbkVycm9y	bWlkZGxld2FyZS9lcnJvci1taWRkbGV3YXJlLmpzOjpwcm9ncmFtOmZvcm1hdFZhbGlkYXRpb25FcnJvcg==	67	94489281272
68719479160	107374182478	ZXJyb3Jz	ZXJyb3Jz	bWlkZGxld2FyZS9lcnJvci1taWRkbGV3YXJlLmpzOjpwcm9ncmFt	1	94489281276
68719479161	107374182478	cmVxdWlyZQ==	cmVxdWlyZQ==	QU5Z	1	94489281300
68719479162	107374182478	dGhpcw==	dGhpcw==	bWlkZGxld2FyZS9lcnJvci1taWRkbGV3YXJlLmpzOjpwcm9ncmFt	1	111669149843
68719479163	107374182478	Xw==	Xw==	bG9kYXNo	2	94489281277
68719479164	107374182478	cmVxdWlyZQ==	cmVxdWlyZQ==	QU5Z	2	94489281300
68719479165	107374182478	dGhpcw==	dGhpcw==	bWlkZGxld2FyZS9lcnJvci1taWRkbGV3YXJlLmpzOjpwcm9ncmFt	2	111669149843
68719479166	107374182478	bW9kdWxl	bW9kdWxl	eyBleHBvcnRzOiAoY3R4OiBBTlksIG5leHQ6IEFOWSkgPT4gUHJvbWlzZTx2b2lkPjsgfQ==	4	94489281299
68719479073	107374182479	bmV4dA==	bmV4dA==	QU5Z	6	111669149842
68719479074	107374182479	dGhpcw==	dGhpcw==	bWlkZGxld2FyZS9lcnJvci1taWRkbGV3YXJlLmpzOjpwcm9ncmFt	6	111669149840
68719479075	107374182479	Y3R4	Y3R4	QU5Z	7	111669149841
68719479076	107374182479	Y3R4	Y3R4	QU5Z	7	111669149841
68719479077	107374182479	Y3R4	Y3R4	QU5Z	7	111669149841
68719479078	107374182479	Y3R4	Y3R4	QU5Z	7	111669149841
68719479079	107374182479	ZXJy	ZXJy	QU5Z	8	94489281292
68719479080	107374182479	Y3R4	Y3R4	QU5Z	9	111669149841
68719479081	107374182479	c3RhdHVz	c3RhdHVz	QU5Z	11	94489281278
68719479082	107374182479	ZXJy	ZXJy	QU5Z	12	94489281292
68719479083	107374182479	ZXJy	ZXJy	QU5Z	13	94489281292
68719479084	107374182479	ZXJy	ZXJy	QU5Z	14	94489281292
68719479085	107374182479	ZXJy	ZXJy	QU5Z	15	94489281292
68719479086	107374182479	ZXJy	ZXJy	QU5Z	15	94489281292
68719479087	107374182479	ZXJy	ZXJy	QU5Z	16	94489281292
68719479088	107374182479	ZXJy	ZXJy	QU5Z	16	94489281292
68719479089	107374182479	Y3R4	Y3R4	QU5Z	19	111669149841
68719479090	107374182479	Y3R4	Y3R4	QU5Z	20	111669149841
68719479091	107374182479	X3RtcF80	X3RtcF80	QU5Z	20	
68719479092	107374182479	X3RtcF81	X3RtcF81	QU5Z	20	
68719479093	107374182479	X3RtcF80	X3RtcF80	QU5Z	20	
68719479094	107374182479	Y29uc29sZQ==	Y29uc29sZQ==	X193aGF0d2cuY29uc29sZQ==	23	94489281298
68719479095	107374182479	Y29uc29sZQ==	Y29uc29sZQ==	X193aGF0d2cuY29uc29sZQ==	23	94489281298
68719479096	107374182479	ZXJy	ZXJy	QU5Z	23	94489281292
68719479097	107374182479	ZXJy	ZXJy	QU5Z	26	94489281292
68719479098	107374182479	ZXJyb3Jz	ZXJyb3Jz	bWlkZGxld2FyZS9lcnJvci1taWRkbGV3YXJlLmpzOjpwcm9ncmFt	26	94489281297
68719479099	107374182479	Y3R4	Y3R4	QU5Z	27	111669149841
68719479100	107374182479	Zm9ybWF0VmFsaWRhdGlvbkVycm9y	Zm9ybWF0VmFsaWRhdGlvbkVycm9y	bWlkZGxld2FyZS9lcnJvci1taWRkbGV3YXJlLmpzOjpwcm9ncmFtOmZvcm1hdFZhbGlkYXRpb25FcnJvcg==	27	94489281296
68719479101	107374182479	dGhpcw==	dGhpcw==	bWlkZGxld2FyZS9lcnJvci1taWRkbGV3YXJlLmpzOjpwcm9ncmFt	27	111669149840
68719479102	107374182479	ZXJy	ZXJy	QU5Z	27	94489281292
68719479103	107374182479	Y3R4	Y3R4	QU5Z	28	111669149841
68719479104	107374182479	Xw==	Xw==	bG9kYXNo	28	94489281289
68719479105	107374182479	Xw==	Xw==	bG9kYXNo	28	94489281289
68719479106	107374182479	c3RhdHVz	c3RhdHVz	QU5Z	28	94489281278
68719479107	107374182479	ZXJy	ZXJy	QU5Z	31	94489281292
68719479108	107374182479	cGF0aA==	cGF0aA==	X19lY21hLlN0cmluZw==	32	94489281281
68719479109	107374182479	ZXJy	ZXJy	QU5Z	34	94489281292
68719479110	107374182479	aWR4	aWR4	QU5Z	36	94489281282
68719479111	107374182479	X3RtcF82	X3RtcF82	ZXJyOm1lc3NhZ2U6PHJldHVyblZhbHVlPjo8bWVtYmVyPihtZXNzYWdlKQ==	36	94489281295
68719479112	107374182479	ZXJy	ZXJy	QU5Z	36	94489281292
68719479113	107374182479	X3RtcF82	X3RtcF82	ZXJyOm1lc3NhZ2U6PHJldHVyblZhbHVlPjo8bWVtYmVyPihtZXNzYWdlKQ==	36	94489281295
68719479114	107374182479	aWR4	aWR4	QU5Z	37	94489281282
68719479115	107374182479	cGF0aA==	cGF0aA==	X19lY21hLlN0cmluZw==	38	94489281281
68719479116	107374182479	X3RtcF83	X3RtcF83	ZXJyOm1lc3NhZ2U6PHJldHVyblZhbHVlPjo8bWVtYmVyPihtZXNzYWdlKQ==	38	94489281294
68719479117	107374182479	ZXJy	ZXJy	QU5Z	38	94489281292
68719479118	107374182479	X3RtcF83	X3RtcF83	ZXJyOm1lc3NhZ2U6PHJldHVyblZhbHVlPjo8bWVtYmVyPihtZXNzYWdlKQ==	38	94489281294
68719479119	107374182479	aWR4	aWR4	QU5Z	38	94489281282
68719479120	107374182479	ZXJy	ZXJy	QU5Z	38	94489281292
68719479121	107374182479	Y3R4	Y3R4	QU5Z	39	111669149841
68719479122	107374182479	cGF0aA==	cGF0aA==	X19lY21hLlN0cmluZw==	39	94489281281
68719479123	107374182479	X3RtcF84	X3RtcF84	X19lY21hLkFycmF5	39	94489281293
68719479124	107374182479	X3RtcF84	X3RtcF84	X19lY21hLkFycmF5	39	
68719479125	107374182479	X3RtcF84	X3RtcF84	X19lY21hLkFycmF5	39	
68719479126	107374182479	X3RtcF84	X3RtcF84	X19lY21hLkFycmF5	39	
68719479127	107374182479	Y3R4	Y3R4	QU5Z	43	111669149841
68719479128	107374182479	Xw==	Xw==	bG9kYXNo	43	94489281289
68719479129	107374182479	Xw==	Xw==	bG9kYXNo	43	94489281289
68719479130	107374182479	c3RhdHVz	c3RhdHVz	QU5Z	43	94489281278
68719479131	107374182479	ZXJy	ZXJy	QU5Z	47	94489281292
68719479132	107374182479	cGF0aA==	cGF0aA==	X19lY21hLlN0cmluZw==	49	94489281284
68719479133	107374182479	X3RtcF8xMA==	X3RtcF8xMA==	QU5Z	50	94489281286
68719479134	107374182479	X3RtcF85	X3RtcF85	ZXJyOmRldGFpbDo8cmV0dXJuVmFsdWU+OjxtZW1iZXI+KGRldGFpbCk=	50	94489281291
68719479135	107374182479	ZXJy	ZXJy	QU5Z	50	94489281292
68719479136	107374182479	X3RtcF85	X3RtcF85	ZXJyOmRldGFpbDo8cmV0dXJuVmFsdWU+OjxtZW1iZXI+KGRldGFpbCk=	50	94489281291
68719479137	107374182479	a2V5	a2V5	QU5Z	50	94489281287
68719479138	107374182479	X3RtcF8xMA==	X3RtcF8xMA==	QU5Z	50	
68719479139	107374182479	X3RtcF8xMA==	X3RtcF8xMA==	QU5Z	50	
68719479140	107374182479	a2V5	a2V5	QU5Z	51	94489281287
68719479141	107374182479	cGF0aA==	cGF0aA==	X19lY21hLlN0cmluZw==	52	94489281284
68719479142	107374182479	a2V5	a2V5	QU5Z	52	94489281287
68719479143	107374182479	a2V5	a2V5	QU5Z	52	94489281287
68719479144	107374182479	a2V5	a2V5	QU5Z	52	94489281287
68719479145	107374182479	Y3R4	Y3R4	QU5Z	55	111669149841
68719479146	107374182479	cGF0aA==	cGF0aA==	X19lY21hLlN0cmluZw==	55	94489281284
68719479147	107374182479	X3RtcF8xMQ==	X3RtcF8xMQ==	X19lY21hLkFycmF5	55	94489281290
68719479148	107374182479	X3RtcF8xMQ==	X3RtcF8xMQ==	X19lY21hLkFycmF5	55	
68719479149	107374182479	X3RtcF8xMQ==	X3RtcF8xMQ==	X19lY21hLkFycmF5	55	
68719479150	107374182479	X3RtcF8xMQ==	X3RtcF8xMQ==	X19lY21hLkFycmF5	55	
68719479151	107374182479	Y3R4	Y3R4	QU5Z	56	111669149841
68719479152	107374182479	Xw==	Xw==	bG9kYXNo	56	94489281289
68719479153	107374182479	Xw==	Xw==	bG9kYXNo	56	94489281289
68719479154	107374182479	c3RhdHVz	c3RhdHVz	QU5Z	56	94489281278
68719479155	107374182479	Y3R4	Y3R4	QU5Z	61	111669149841
68719479156	107374182479	Xw==	Xw==	bG9kYXNo	61	94489281289
68719479157	107374182479	Xw==	Xw==	bG9kYXNo	61	94489281289
68719479158	107374182479	c3RhdHVz	c3RhdHVz	QU5Z	61	94489281278
68719479167	107374182480	X3RtcF8x	X3RtcF8x	Y3R4OmhlYWRlcjo8cmV0dXJuVmFsdWU+OjxtZW1iZXI+KGhlYWRlcik=	6	94489281311
68719479168	107374182480	Y3R4	Y3R4	QU5Z	6	111669149845
68719479169	107374182480	YXV0aG9yaXphdGlvbg==	YXV0aG9yaXphdGlvbg==	Y3R4OmhlYWRlcjo8cmV0dXJuVmFsdWU+OjxtZW1iZXI+KGhlYWRlcik6PG1lbWJlcj4oYXV0aG9yaXphdGlvbik=	6	94489281312
68719479170	107374182480	X3RtcF8x	X3RtcF8x	Y3R4OmhlYWRlcjo8cmV0dXJuVmFsdWU+OjxtZW1iZXI+KGhlYWRlcik=	6	
68719479171	107374182480	X3RtcF8x	X3RtcF8x	Y3R4OmhlYWRlcjo8cmV0dXJuVmFsdWU+OjxtZW1iZXI+KGhlYWRlcik=	6	
68719479172	107374182480	YXV0aG9yaXphdGlvbg==	YXV0aG9yaXphdGlvbg==	Y3R4OmhlYWRlcjo8cmV0dXJuVmFsdWU+OjxtZW1iZXI+KGhlYWRlcik6PG1lbWJlcj4oYXV0aG9yaXphdGlvbik=	8	94489281312
68719479173	107374182480	YXV0aG9yaXphdGlvbg==	YXV0aG9yaXphdGlvbg==	Y3R4OmhlYWRlcjo8cmV0dXJuVmFsdWU+OjxtZW1iZXI+KGhlYWRlcik6PG1lbWJlcj4oYXV0aG9yaXphdGlvbik=	8	94489281312
68719479174	107374182480	YXV0aG9yaXphdGlvbg==	YXV0aG9yaXphdGlvbg==	Y3R4OmhlYWRlcjo8cmV0dXJuVmFsdWU+OjxtZW1iZXI+KGhlYWRlcik6PG1lbWJlcj4oYXV0aG9yaXphdGlvbik=	8	94489281312
68719479175	107374182480	YXV0aG9yaXphdGlvbg==	YXV0aG9yaXphdGlvbg==	Y3R4OmhlYWRlcjo8cmV0dXJuVmFsdWU+OjxtZW1iZXI+KGhlYWRlcik6PG1lbWJlcj4oYXV0aG9yaXphdGlvbik=	9	94489281312
68719479176	107374182480	YXV0aG9yaXphdGlvbg==	YXV0aG9yaXphdGlvbg==	Y3R4OmhlYWRlcjo8cmV0dXJuVmFsdWU+OjxtZW1iZXI+KGhlYWRlcik6PG1lbWJlcj4oYXV0aG9yaXphdGlvbik=	9	94489281312
68719479177	107374182480	YXV0aG9yaXphdGlvbg==	YXV0aG9yaXphdGlvbg==	Y3R4OmhlYWRlcjo8cmV0dXJuVmFsdWU+OjxtZW1iZXI+KGhlYWRlcik6PG1lbWJlcj4oYXV0aG9yaXphdGlvbik=	12	94489281312
68719479178	107374182480	YXV0aG9yaXphdGlvbg==	YXV0aG9yaXphdGlvbg==	Y3R4OmhlYWRlcjo8cmV0dXJuVmFsdWU+OjxtZW1iZXI+KGhlYWRlcik6PG1lbWJlcj4oYXV0aG9yaXphdGlvbik=	12	94489281312
68719479179	107374182480	YXV0aG9yaXphdGlvbg==	YXV0aG9yaXphdGlvbg==	Y3R4OmhlYWRlcjo8cmV0dXJuVmFsdWU+OjxtZW1iZXI+KGhlYWRlcik6PG1lbWJlcj4oYXV0aG9yaXphdGlvbik=	12	94489281312
68719479180	107374182480	YXV0aG9yaXphdGlvbg==	YXV0aG9yaXphdGlvbg==	Y3R4OmhlYWRlcjo8cmV0dXJuVmFsdWU+OjxtZW1iZXI+KGhlYWRlcik6PG1lbWJlcj4oYXV0aG9yaXphdGlvbik=	13	94489281312
68719479181	107374182480	YXV0aG9yaXphdGlvbg==	YXV0aG9yaXphdGlvbg==	Y3R4OmhlYWRlcjo8cmV0dXJuVmFsdWU+OjxtZW1iZXI+KGhlYWRlcik6PG1lbWJlcj4oYXV0aG9yaXphdGlvbik=	13	94489281312
68719479182	107374182480	a29hSnd0	a29hSnd0	a29hLWp3dA==	1	94489281307
68719479183	107374182480	cmVxdWlyZQ==	cmVxdWlyZQ==	QU5Z	1	94489281314
68719479184	107374182480	dGhpcw==	dGhpcw==	bWlkZGxld2FyZS9qd3QtbWlkZGxld2FyZS5qczo6cHJvZ3JhbQ==	1	111669149847
68719479185	107374182480	Y29uZmln	Y29uZmln	Y29uZmln	2	94489281308
68719479186	107374182480	cmVxdWlyZQ==	cmVxdWlyZQ==	QU5Z	2	94489281314
68719479187	107374182480	dGhpcw==	dGhpcw==	bWlkZGxld2FyZS9qd3QtbWlkZGxld2FyZS5qczo6cHJvZ3JhbQ==	2	111669149847
68719479188	107374182480	bW9kdWxl	bW9kdWxl	eyBleHBvcnRzOiBBTlk7IH0=	4	94489281313
68719479189	107374182480	a29hSnd0	a29hSnd0	a29hLWp3dA==	4	94489281307
68719479190	107374182480	dGhpcw==	dGhpcw==	bWlkZGxld2FyZS9qd3QtbWlkZGxld2FyZS5qczo6cHJvZ3JhbQ==	4	111669149847
68719479191	107374182480	X3RtcF8w	X3RtcF8w	QU5Z	5	
68719479192	107374182480	X3RtcF8w	X3RtcF8w	QU5Z	18	
68719479193	107374182480	Y29uZmln	Y29uZmln	Y29uZmln	18	94489281308
68719479194	107374182480	Y29uZmln	Y29uZmln	Y29uZmln	18	94489281308
68719479195	107374182480	X3RtcF8w	X3RtcF8w	QU5Z	19	
68719479196	107374182480	X3RtcF8w	X3RtcF8w	QU5Z	20	
68719479197	107374182480	X3RtcF8w	X3RtcF8w	QU5Z	4	
68719479167	107374182481	X3RtcF8x	X3RtcF8x	Y3R4OmhlYWRlcjo8cmV0dXJuVmFsdWU+OjxtZW1iZXI+KGhlYWRlcik=	6	94489281311
68719479168	107374182481	Y3R4	Y3R4	QU5Z	6	111669149845
68719479169	107374182481	YXV0aG9yaXphdGlvbg==	YXV0aG9yaXphdGlvbg==	Y3R4OmhlYWRlcjo8cmV0dXJuVmFsdWU+OjxtZW1iZXI+KGhlYWRlcik6PG1lbWJlcj4oYXV0aG9yaXphdGlvbik=	6	94489281312
68719479170	107374182481	X3RtcF8x	X3RtcF8x	Y3R4OmhlYWRlcjo8cmV0dXJuVmFsdWU+OjxtZW1iZXI+KGhlYWRlcik=	6	
68719479171	107374182481	X3RtcF8x	X3RtcF8x	Y3R4OmhlYWRlcjo8cmV0dXJuVmFsdWU+OjxtZW1iZXI+KGhlYWRlcik=	6	
68719479172	107374182481	YXV0aG9yaXphdGlvbg==	YXV0aG9yaXphdGlvbg==	Y3R4OmhlYWRlcjo8cmV0dXJuVmFsdWU+OjxtZW1iZXI+KGhlYWRlcik6PG1lbWJlcj4oYXV0aG9yaXphdGlvbik=	8	94489281312
68719479173	107374182481	YXV0aG9yaXphdGlvbg==	YXV0aG9yaXphdGlvbg==	Y3R4OmhlYWRlcjo8cmV0dXJuVmFsdWU+OjxtZW1iZXI+KGhlYWRlcik6PG1lbWJlcj4oYXV0aG9yaXphdGlvbik=	8	94489281312
68719479174	107374182481	YXV0aG9yaXphdGlvbg==	YXV0aG9yaXphdGlvbg==	Y3R4OmhlYWRlcjo8cmV0dXJuVmFsdWU+OjxtZW1iZXI+KGhlYWRlcik6PG1lbWJlcj4oYXV0aG9yaXphdGlvbik=	8	94489281312
68719479175	107374182481	YXV0aG9yaXphdGlvbg==	YXV0aG9yaXphdGlvbg==	Y3R4OmhlYWRlcjo8cmV0dXJuVmFsdWU+OjxtZW1iZXI+KGhlYWRlcik6PG1lbWJlcj4oYXV0aG9yaXphdGlvbik=	9	94489281312
68719479176	107374182481	YXV0aG9yaXphdGlvbg==	YXV0aG9yaXphdGlvbg==	Y3R4OmhlYWRlcjo8cmV0dXJuVmFsdWU+OjxtZW1iZXI+KGhlYWRlcik6PG1lbWJlcj4oYXV0aG9yaXphdGlvbik=	9	94489281312
68719479177	107374182481	YXV0aG9yaXphdGlvbg==	YXV0aG9yaXphdGlvbg==	Y3R4OmhlYWRlcjo8cmV0dXJuVmFsdWU+OjxtZW1iZXI+KGhlYWRlcik6PG1lbWJlcj4oYXV0aG9yaXphdGlvbik=	12	94489281312
68719479178	107374182481	YXV0aG9yaXphdGlvbg==	YXV0aG9yaXphdGlvbg==	Y3R4OmhlYWRlcjo8cmV0dXJuVmFsdWU+OjxtZW1iZXI+KGhlYWRlcik6PG1lbWJlcj4oYXV0aG9yaXphdGlvbik=	12	94489281312
68719479179	107374182481	YXV0aG9yaXphdGlvbg==	YXV0aG9yaXphdGlvbg==	Y3R4OmhlYWRlcjo8cmV0dXJuVmFsdWU+OjxtZW1iZXI+KGhlYWRlcik6PG1lbWJlcj4oYXV0aG9yaXphdGlvbik=	12	94489281312
68719479180	107374182481	YXV0aG9yaXphdGlvbg==	YXV0aG9yaXphdGlvbg==	Y3R4OmhlYWRlcjo8cmV0dXJuVmFsdWU+OjxtZW1iZXI+KGhlYWRlcik6PG1lbWJlcj4oYXV0aG9yaXphdGlvbik=	13	94489281312
68719479181	107374182481	YXV0aG9yaXphdGlvbg==	YXV0aG9yaXphdGlvbg==	Y3R4OmhlYWRlcjo8cmV0dXJuVmFsdWU+OjxtZW1iZXI+KGhlYWRlcik6PG1lbWJlcj4oYXV0aG9yaXphdGlvbik=	13	94489281312
68719479198	107374182482	cXVlcnk=	cXVlcnk=	X3RtcF8xOnF1ZXJ5OjxyZXR1cm5WYWx1ZT46PG1lbWJlcj4ocXVlcnkp	23	94489281322
68719479199	107374182482	Zg==	Zg==	X19lY21hLlN0cmluZw==	23	111669149849
68719479200	107374182482	QXJyYXk=	QXJyYXk=	QXJyYXlDb25zdHJ1Y3Rvcg==	23	94489281324
68719479201	107374182482	QXJyYXk=	QXJyYXk=	QXJyYXlDb25zdHJ1Y3Rvcg==	23	94489281324
68719479202	107374182482	cXVlcnk=	cXVlcnk=	X3RtcF8xOnF1ZXJ5OjxyZXR1cm5WYWx1ZT46PG1lbWJlcj4ocXVlcnkp	23	94489281322
68719479203	107374182482	Zg==	Zg==	X19lY21hLlN0cmluZw==	23	111669149849
68719479204	107374182482	cXVlcnk=	cXVlcnk=	X3RtcF8xOnF1ZXJ5OjxyZXR1cm5WYWx1ZT46PG1lbWJlcj4ocXVlcnkp	24	94489281322
68719479205	107374182482	Zg==	Zg==	X19lY21hLlN0cmluZw==	24	111669149849
68719479206	107374182482	cXVlcnk=	cXVlcnk=	X3RtcF8xOnF1ZXJ5OjxyZXR1cm5WYWx1ZT46PG1lbWJlcj4ocXVlcnkp	25	94489281322
68719479207	107374182482	Zg==	Zg==	X19lY21hLlN0cmluZw==	25	111669149849
68719479208	107374182482	X3RtcF8y	X3RtcF8y	X19lY21hLkFycmF5	25	94489281323
68719479209	107374182482	X3RtcF8y	X3RtcF8y	X19lY21hLkFycmF5	25	
68719479210	107374182482	X3RtcF8y	X3RtcF8y	X19lY21hLkFycmF5	25	
68719479211	107374182482	cXVlcnk=	cXVlcnk=	X3RtcF8xOnF1ZXJ5OjxyZXR1cm5WYWx1ZT46PG1lbWJlcj4ocXVlcnkp	25	94489281322
68719479212	107374182482	Zg==	Zg==	X19lY21hLlN0cmluZw==	25	111669149849
68719479213	107374182482	X3RtcF8y	X3RtcF8y	X19lY21hLkFycmF5	25	
68719479214	107374182482	Y3R4	Y3R4	QU5Z	6	111669149851
68719479215	107374182482	bmV4dA==	bmV4dA==	QU5Z	7	111669149852
68719479216	107374182482	dGhpcw==	dGhpcw==	bWlkZGxld2FyZS9wYWdlci1taWRkbGV3YXJlLmpzOjpwcm9ncmFt	7	111669149850
68719479217	107374182482	Y3R4	Y3R4	QU5Z	10	111669149851
68719479218	107374182482	cXM=	cXM=	cXM=	10	94489281326
68719479219	107374182482	cXM=	cXM=	cXM=	10	94489281326
68719479220	107374182482	Y3R4	Y3R4	QU5Z	10	111669149851
68719479221	107374182482	X3RtcF8x	X3RtcF8x	QU5Z	12	94489281319
68719479222	107374182482	Y3R4	Y3R4	QU5Z	12	111669149851
68719479223	107374182482	cXVlcnk=	cXVlcnk=	X3RtcF8xOnF1ZXJ5OjxyZXR1cm5WYWx1ZT46PG1lbWJlcj4ocXVlcnkp	12	94489281320
68719479224	107374182482	X3RtcF8x	X3RtcF8x	QU5Z	12	
68719479225	107374182482	X3RtcF8x	X3RtcF8x	QU5Z	12	
68719479226	107374182482	cXVlcnk=	cXVlcnk=	X3RtcF8xOnF1ZXJ5OjxyZXR1cm5WYWx1ZT46PG1lbWJlcj4ocXVlcnkp	14	94489281320
68719479227	107374182482	cXVlcnk=	cXVlcnk=	X3RtcF8xOnF1ZXJ5OjxyZXR1cm5WYWx1ZT46PG1lbWJlcj4ocXVlcnkp	14	94489281320
68719479228	107374182482	cXVlcnk=	cXVlcnk=	X3RtcF8xOnF1ZXJ5OjxyZXR1cm5WYWx1ZT46PG1lbWJlcj4ocXVlcnkp	15	94489281320
68719479229	107374182482	cXVlcnk=	cXVlcnk=	X3RtcF8xOnF1ZXJ5OjxyZXR1cm5WYWx1ZT46PG1lbWJlcj4ocXVlcnkp	15	94489281320
68719479230	107374182482	cXVlcnk=	cXVlcnk=	X3RtcF8xOnF1ZXJ5OjxyZXR1cm5WYWx1ZT46PG1lbWJlcj4ocXVlcnkp	15	94489281320
68719479231	107374182482	cXVlcnk=	cXVlcnk=	X3RtcF8xOnF1ZXJ5OjxyZXR1cm5WYWx1ZT46PG1lbWJlcj4ocXVlcnkp	17	94489281320
68719479232	107374182482	cXVlcnk=	cXVlcnk=	X3RtcF8xOnF1ZXJ5OjxyZXR1cm5WYWx1ZT46PG1lbWJlcj4ocXVlcnkp	18	94489281320
68719479233	107374182482	cXVlcnk=	cXVlcnk=	X3RtcF8xOnF1ZXJ5OjxyZXR1cm5WYWx1ZT46PG1lbWJlcj4ocXVlcnkp	18	94489281320
68719479234	107374182482	cXVlcnk=	cXVlcnk=	X3RtcF8xOnF1ZXJ5OjxyZXR1cm5WYWx1ZT46PG1lbWJlcj4ocXVlcnkp	19	94489281320
68719479235	107374182482	cXVlcnk=	cXVlcnk=	X3RtcF8xOnF1ZXJ5OjxyZXR1cm5WYWx1ZT46PG1lbWJlcj4ocXVlcnkp	19	94489281320
68719479236	107374182482	cXVlcnk=	cXVlcnk=	X3RtcF8xOnF1ZXJ5OjxyZXR1cm5WYWx1ZT46PG1lbWJlcj4ocXVlcnkp	19	94489281320
68719479237	107374182482	cXVlcnk=	cXVlcnk=	X3RtcF8xOnF1ZXJ5OjxyZXR1cm5WYWx1ZT46PG1lbWJlcj4ocXVlcnkp	19	94489281320
68719479238	107374182482	ZmlsdGVycw==	ZmlsdGVycw==	X19lY21hLkFycmF5	22	94489281325
68719479239	107374182482	ZmlsdGVycw==	ZmlsdGVycw==	X19lY21hLkFycmF5	22	94489281325
68719479240	107374182482	bmV4dA==	bmV4dA==	QU5Z	29	111669149852
68719479241	107374182482	dGhpcw==	dGhpcw==	bWlkZGxld2FyZS9wYWdlci1taWRkbGV3YXJlLmpzOjpwcm9ncmFt	29	111669149850
68719479242	107374182482	cXM=	cXM=	cXM=	1	94489281315
68719479243	107374182482	cmVxdWlyZQ==	cmVxdWlyZQ==	QU5Z	1	94489281329
68719479244	107374182482	dGhpcw==	dGhpcw==	bWlkZGxld2FyZS9wYWdlci1taWRkbGV3YXJlLmpzOjpwcm9ncmFt	1	111669149853
68719479245	107374182482	ZmlsdGVycw==	ZmlsdGVycw==	X19lY21hLkFycmF5	3	94489281316
68719479246	107374182482	X3RtcF8w	X3RtcF8w	X19lY21hLkFycmF5	3	94489281328
68719479247	107374182482	X3RtcF8w	X3RtcF8w	X19lY21hLkFycmF5	3	
68719479248	107374182482	X3RtcF8w	X3RtcF8w	X19lY21hLkFycmF5	3	
68719479249	107374182482	X3RtcF8w	X3RtcF8w	X19lY21hLkFycmF5	3	
68719479250	107374182482	X3RtcF8w	X3RtcF8w	X19lY21hLkFycmF5	3	
68719479251	107374182482	X3RtcF8w	X3RtcF8w	X19lY21hLkFycmF5	3	
68719479252	107374182482	X3RtcF8w	X3RtcF8w	X19lY21hLkFycmF5	3	
68719479253	107374182482	X3RtcF8w	X3RtcF8w	X19lY21hLkFycmF5	3	
68719479254	107374182482	bW9kdWxl	bW9kdWxl	eyBleHBvcnRzOiAoY3R4OiBBTlksIG5leHQ6IEFOWSkgPT4gQU5ZOyB9	5	94489281327
68719479198	107374182483	cXVlcnk=	cXVlcnk=	X3RtcF8xOnF1ZXJ5OjxyZXR1cm5WYWx1ZT46PG1lbWJlcj4ocXVlcnkp	23	94489281322
68719479199	107374182483	Zg==	Zg==	X19lY21hLlN0cmluZw==	23	111669149849
68719479200	107374182483	QXJyYXk=	QXJyYXk=	QXJyYXlDb25zdHJ1Y3Rvcg==	23	94489281324
68719479201	107374182483	QXJyYXk=	QXJyYXk=	QXJyYXlDb25zdHJ1Y3Rvcg==	23	94489281324
68719479202	107374182483	cXVlcnk=	cXVlcnk=	X3RtcF8xOnF1ZXJ5OjxyZXR1cm5WYWx1ZT46PG1lbWJlcj4ocXVlcnkp	23	94489281322
68719479203	107374182483	Zg==	Zg==	X19lY21hLlN0cmluZw==	23	111669149849
68719479204	107374182483	cXVlcnk=	cXVlcnk=	X3RtcF8xOnF1ZXJ5OjxyZXR1cm5WYWx1ZT46PG1lbWJlcj4ocXVlcnkp	24	94489281322
68719479205	107374182483	Zg==	Zg==	X19lY21hLlN0cmluZw==	24	111669149849
68719479206	107374182483	cXVlcnk=	cXVlcnk=	X3RtcF8xOnF1ZXJ5OjxyZXR1cm5WYWx1ZT46PG1lbWJlcj4ocXVlcnkp	25	94489281322
68719479207	107374182483	Zg==	Zg==	X19lY21hLlN0cmluZw==	25	111669149849
68719479208	107374182483	X3RtcF8y	X3RtcF8y	X19lY21hLkFycmF5	25	94489281323
68719479209	107374182483	X3RtcF8y	X3RtcF8y	X19lY21hLkFycmF5	25	
68719479210	107374182483	X3RtcF8y	X3RtcF8y	X19lY21hLkFycmF5	25	
68719479211	107374182483	cXVlcnk=	cXVlcnk=	X3RtcF8xOnF1ZXJ5OjxyZXR1cm5WYWx1ZT46PG1lbWJlcj4ocXVlcnkp	25	94489281322
68719479212	107374182483	Zg==	Zg==	X19lY21hLlN0cmluZw==	25	111669149849
68719479213	107374182483	X3RtcF8y	X3RtcF8y	X19lY21hLkFycmF5	25	
68719479198	107374182484	cXVlcnk=	cXVlcnk=	X3RtcF8xOnF1ZXJ5OjxyZXR1cm5WYWx1ZT46PG1lbWJlcj4ocXVlcnkp	23	94489281322
68719479199	107374182484	Zg==	Zg==	X19lY21hLlN0cmluZw==	23	111669149849
68719479200	107374182484	QXJyYXk=	QXJyYXk=	QXJyYXlDb25zdHJ1Y3Rvcg==	23	94489281324
68719479201	107374182484	QXJyYXk=	QXJyYXk=	QXJyYXlDb25zdHJ1Y3Rvcg==	23	94489281324
68719479202	107374182484	cXVlcnk=	cXVlcnk=	X3RtcF8xOnF1ZXJ5OjxyZXR1cm5WYWx1ZT46PG1lbWJlcj4ocXVlcnkp	23	94489281322
68719479203	107374182484	Zg==	Zg==	X19lY21hLlN0cmluZw==	23	111669149849
68719479204	107374182484	cXVlcnk=	cXVlcnk=	X3RtcF8xOnF1ZXJ5OjxyZXR1cm5WYWx1ZT46PG1lbWJlcj4ocXVlcnkp	24	94489281322
68719479205	107374182484	Zg==	Zg==	X19lY21hLlN0cmluZw==	24	111669149849
68719479206	107374182484	cXVlcnk=	cXVlcnk=	X3RtcF8xOnF1ZXJ5OjxyZXR1cm5WYWx1ZT46PG1lbWJlcj4ocXVlcnkp	25	94489281322
68719479207	107374182484	Zg==	Zg==	X19lY21hLlN0cmluZw==	25	111669149849
68719479208	107374182484	X3RtcF8y	X3RtcF8y	X19lY21hLkFycmF5	25	94489281323
68719479209	107374182484	X3RtcF8y	X3RtcF8y	X19lY21hLkFycmF5	25	
68719479210	107374182484	X3RtcF8y	X3RtcF8y	X19lY21hLkFycmF5	25	
68719479211	107374182484	cXVlcnk=	cXVlcnk=	X3RtcF8xOnF1ZXJ5OjxyZXR1cm5WYWx1ZT46PG1lbWJlcj4ocXVlcnkp	25	94489281322
68719479212	107374182484	Zg==	Zg==	X19lY21hLlN0cmluZw==	25	111669149849
68719479213	107374182484	X3RtcF8y	X3RtcF8y	X19lY21hLkFycmF5	25	
68719479214	107374182484	Y3R4	Y3R4	QU5Z	6	111669149851
68719479215	107374182484	bmV4dA==	bmV4dA==	QU5Z	7	111669149852
68719479216	107374182484	dGhpcw==	dGhpcw==	bWlkZGxld2FyZS9wYWdlci1taWRkbGV3YXJlLmpzOjpwcm9ncmFt	7	111669149850
68719479217	107374182484	Y3R4	Y3R4	QU5Z	10	111669149851
68719479218	107374182484	cXM=	cXM=	cXM=	10	94489281326
68719479219	107374182484	cXM=	cXM=	cXM=	10	94489281326
68719479220	107374182484	Y3R4	Y3R4	QU5Z	10	111669149851
68719479221	107374182484	X3RtcF8x	X3RtcF8x	QU5Z	12	94489281319
68719479222	107374182484	Y3R4	Y3R4	QU5Z	12	111669149851
68719479223	107374182484	cXVlcnk=	cXVlcnk=	X3RtcF8xOnF1ZXJ5OjxyZXR1cm5WYWx1ZT46PG1lbWJlcj4ocXVlcnkp	12	94489281320
68719479224	107374182484	X3RtcF8x	X3RtcF8x	QU5Z	12	
68719479225	107374182484	X3RtcF8x	X3RtcF8x	QU5Z	12	
68719479226	107374182484	cXVlcnk=	cXVlcnk=	X3RtcF8xOnF1ZXJ5OjxyZXR1cm5WYWx1ZT46PG1lbWJlcj4ocXVlcnkp	14	94489281320
68719479227	107374182484	cXVlcnk=	cXVlcnk=	X3RtcF8xOnF1ZXJ5OjxyZXR1cm5WYWx1ZT46PG1lbWJlcj4ocXVlcnkp	14	94489281320
68719479228	107374182484	cXVlcnk=	cXVlcnk=	X3RtcF8xOnF1ZXJ5OjxyZXR1cm5WYWx1ZT46PG1lbWJlcj4ocXVlcnkp	15	94489281320
68719479229	107374182484	cXVlcnk=	cXVlcnk=	X3RtcF8xOnF1ZXJ5OjxyZXR1cm5WYWx1ZT46PG1lbWJlcj4ocXVlcnkp	15	94489281320
68719479230	107374182484	cXVlcnk=	cXVlcnk=	X3RtcF8xOnF1ZXJ5OjxyZXR1cm5WYWx1ZT46PG1lbWJlcj4ocXVlcnkp	15	94489281320
68719479231	107374182484	cXVlcnk=	cXVlcnk=	X3RtcF8xOnF1ZXJ5OjxyZXR1cm5WYWx1ZT46PG1lbWJlcj4ocXVlcnkp	17	94489281320
68719479232	107374182484	cXVlcnk=	cXVlcnk=	X3RtcF8xOnF1ZXJ5OjxyZXR1cm5WYWx1ZT46PG1lbWJlcj4ocXVlcnkp	18	94489281320
68719479233	107374182484	cXVlcnk=	cXVlcnk=	X3RtcF8xOnF1ZXJ5OjxyZXR1cm5WYWx1ZT46PG1lbWJlcj4ocXVlcnkp	18	94489281320
68719479234	107374182484	cXVlcnk=	cXVlcnk=	X3RtcF8xOnF1ZXJ5OjxyZXR1cm5WYWx1ZT46PG1lbWJlcj4ocXVlcnkp	19	94489281320
68719479235	107374182484	cXVlcnk=	cXVlcnk=	X3RtcF8xOnF1ZXJ5OjxyZXR1cm5WYWx1ZT46PG1lbWJlcj4ocXVlcnkp	19	94489281320
68719479236	107374182484	cXVlcnk=	cXVlcnk=	X3RtcF8xOnF1ZXJ5OjxyZXR1cm5WYWx1ZT46PG1lbWJlcj4ocXVlcnkp	19	94489281320
68719479237	107374182484	cXVlcnk=	cXVlcnk=	X3RtcF8xOnF1ZXJ5OjxyZXR1cm5WYWx1ZT46PG1lbWJlcj4ocXVlcnkp	19	94489281320
68719479238	107374182484	ZmlsdGVycw==	ZmlsdGVycw==	X19lY21hLkFycmF5	22	94489281325
68719479239	107374182484	ZmlsdGVycw==	ZmlsdGVycw==	X19lY21hLkFycmF5	22	94489281325
68719479240	107374182484	bmV4dA==	bmV4dA==	QU5Z	29	111669149852
68719479241	107374182484	dGhpcw==	dGhpcw==	bWlkZGxld2FyZS9wYWdlci1taWRkbGV3YXJlLmpzOjpwcm9ncmFt	29	111669149850
68719479255	107374182485	aGFz	aGFz	bG9kYXNo	5	94489281338
68719479256	107374182485	dGhpcw==	dGhpcw==	bWlkZGxld2FyZS91c2VyLW1pZGRsZXdhcmUuanM6OnByb2dyYW0=	5	111669149854
68719479257	107374182485	Y3R4	Y3R4	QU5Z	5	111669149855
68719479258	107374182485	Y3R4	Y3R4	QU5Z	6	111669149855
68719479259	107374182485	X3RtcF8x	X3RtcF8x	QU5Z	6	94489281335
68719479260	107374182485	X3RtcF8y	X3RtcF8y	bWlkZGxld2FyZS91c2VyLW1pZGRsZXdhcmUuanM6OnByb2dyYW06ZGI6PHJldHVyblZhbHVlPg==	6	94489281336
68719479261	107374182485	ZGI=	ZGI=	QU5Z	6	94489281337
68719479262	107374182485	dGhpcw==	dGhpcw==	bWlkZGxld2FyZS91c2VyLW1pZGRsZXdhcmUuanM6OnByb2dyYW0=	6	111669149854
68719479263	107374182485	X3RtcF8y	X3RtcF8y	bWlkZGxld2FyZS91c2VyLW1pZGRsZXdhcmUuanM6OnByb2dyYW06ZGI6PHJldHVyblZhbHVlPg==	6	94489281336
68719479264	107374182485	X3RtcF8x	X3RtcF8x	QU5Z	6	94489281335
68719479265	107374182485	X3RtcF8z	X3RtcF8z	QU5Z	16	
68719479266	107374182485	Y3R4	Y3R4	QU5Z	16	111669149855
68719479267	107374182485	X3RtcF8z	X3RtcF8z	QU5Z	16	
68719479268	107374182485	bmV4dA==	bmV4dA==	QU5Z	19	111669149856
68719479269	107374182485	dGhpcw==	dGhpcw==	bWlkZGxld2FyZS91c2VyLW1pZGRsZXdhcmUuanM6OnByb2dyYW0=	19	111669149854
68719479270	107374182485	X3RtcF8w	X3RtcF8w	bG9kYXNo	1	94489281331
68719479271	107374182485	cmVxdWlyZQ==	cmVxdWlyZQ==	QU5Z	1	94489281340
68719479272	107374182485	dGhpcw==	dGhpcw==	bWlkZGxld2FyZS91c2VyLW1pZGRsZXdhcmUuanM6OnByb2dyYW0=	1	111669149857
68719479273	107374182485	aGFz	aGFz	bG9kYXNo	1	94489281332
68719479274	107374182485	X3RtcF8w	X3RtcF8w	bG9kYXNo	1	
68719479275	107374182485	X3RtcF8w	X3RtcF8w	bG9kYXNo	1	
68719479276	107374182485	ZGI=	ZGI=	QU5Z	2	94489281333
68719479277	107374182485	cmVxdWlyZQ==	cmVxdWlyZQ==	QU5Z	2	94489281340
68719479278	107374182485	dGhpcw==	dGhpcw==	bWlkZGxld2FyZS91c2VyLW1pZGRsZXdhcmUuanM6OnByb2dyYW0=	2	111669149857
68719479279	107374182485	bW9kdWxl	bW9kdWxl	eyBleHBvcnRzOiAoY3R4OiBBTlksIG5leHQ6IEFOWSkgPT4gUHJvbWlzZTxhbnk+OyB9	4	94489281339
68719479255	107374182486	aGFz	aGFz	bG9kYXNo	5	94489281338
68719479256	107374182486	dGhpcw==	dGhpcw==	bWlkZGxld2FyZS91c2VyLW1pZGRsZXdhcmUuanM6OnByb2dyYW0=	5	111669149854
68719479257	107374182486	Y3R4	Y3R4	QU5Z	5	111669149855
68719479258	107374182486	Y3R4	Y3R4	QU5Z	6	111669149855
68719479259	107374182486	X3RtcF8x	X3RtcF8x	QU5Z	6	94489281335
68719479260	107374182486	X3RtcF8y	X3RtcF8y	bWlkZGxld2FyZS91c2VyLW1pZGRsZXdhcmUuanM6OnByb2dyYW06ZGI6PHJldHVyblZhbHVlPg==	6	94489281336
68719479261	107374182486	ZGI=	ZGI=	QU5Z	6	94489281337
68719479262	107374182486	dGhpcw==	dGhpcw==	bWlkZGxld2FyZS91c2VyLW1pZGRsZXdhcmUuanM6OnByb2dyYW0=	6	111669149854
68719479263	107374182486	X3RtcF8y	X3RtcF8y	bWlkZGxld2FyZS91c2VyLW1pZGRsZXdhcmUuanM6OnByb2dyYW06ZGI6PHJldHVyblZhbHVlPg==	6	94489281336
68719479264	107374182486	X3RtcF8x	X3RtcF8x	QU5Z	6	94489281335
68719479265	107374182486	X3RtcF8z	X3RtcF8z	QU5Z	16	
68719479266	107374182486	Y3R4	Y3R4	QU5Z	16	111669149855
68719479267	107374182486	X3RtcF8z	X3RtcF8z	QU5Z	16	
68719479268	107374182486	bmV4dA==	bmV4dA==	QU5Z	19	111669149856
68719479269	107374182486	dGhpcw==	dGhpcw==	bWlkZGxld2FyZS91c2VyLW1pZGRsZXdhcmUuanM6OnByb2dyYW0=	19	111669149854
68719479280	107374182487	X3RtcF83	X3RtcF83	QU5Z	5	94489281421
68719479281	107374182487	X3RtcF84	X3RtcF84	QU5Z	5	94489281422
68719479282	107374182487	X3RtcF85	X3RtcF85	QU5Z	5	94489281423
68719479283	107374182487	dGFibGU=	dGFibGU=	QU5Z	5	111669149859
68719479284	107374182487	dGFibGU=	dGFibGU=	QU5Z	5	111669149859
68719479285	107374182487	X3RtcF85	X3RtcF85	QU5Z	5	94489281423
68719479286	107374182487	X3RtcF84	X3RtcF84	QU5Z	5	94489281422
68719479287	107374182487	X3RtcF83	X3RtcF83	QU5Z	5	94489281421
68719479288	107374182487	X3RtcF8xMA==	X3RtcF8xMA==	QU5Z	10	94489281419
68719479289	107374182487	X3RtcF8xMQ==	X3RtcF8xMQ==	QU5Z	10	94489281420
68719479290	107374182487	dGFibGU=	dGFibGU=	QU5Z	10	111669149859
68719479291	107374182487	dGFibGU=	dGFibGU=	QU5Z	10	111669149859
68719479292	107374182487	X3RtcF8xMQ==	X3RtcF8xMQ==	QU5Z	10	94489281420
68719479293	107374182487	X3RtcF8xMA==	X3RtcF8xMA==	QU5Z	10	94489281419
68719479294	107374182487	X3RtcF8xMg==	X3RtcF8xMg==	QU5Z	14	94489281417
68719479295	107374182487	X3RtcF8xMw==	X3RtcF8xMw==	QU5Z	14	94489281418
68719479296	107374182487	dGFibGU=	dGFibGU=	QU5Z	14	111669149859
68719479297	107374182487	dGFibGU=	dGFibGU=	QU5Z	14	111669149859
68719479298	107374182487	X3RtcF8xMw==	X3RtcF8xMw==	QU5Z	14	94489281418
68719479299	107374182487	X3RtcF8xMg==	X3RtcF8xMg==	QU5Z	14	94489281417
68719479300	107374182487	X3RtcF8xNA==	X3RtcF8xNA==	QU5Z	18	94489281416
68719479301	107374182487	dGFibGU=	dGFibGU=	QU5Z	18	111669149859
68719479302	107374182487	dGFibGU=	dGFibGU=	QU5Z	18	111669149859
68719479303	107374182487	X3RtcF8xNA==	X3RtcF8xNA==	QU5Z	18	94489281416
68719479304	107374182487	X3RtcF8xNQ==	X3RtcF8xNQ==	QU5Z	19	94489281415
68719479305	107374182487	dGFibGU=	dGFibGU=	QU5Z	19	111669149859
68719479306	107374182487	dGFibGU=	dGFibGU=	QU5Z	19	111669149859
68719479307	107374182487	X3RtcF8xNQ==	X3RtcF8xNQ==	QU5Z	19	94489281415
68719479308	107374182487	X3RtcF8xNg==	X3RtcF8xNg==	QU5Z	20	94489281414
68719479309	107374182487	dGFibGU=	dGFibGU=	QU5Z	20	111669149859
68719479310	107374182487	dGFibGU=	dGFibGU=	QU5Z	20	111669149859
68719479311	107374182487	X3RtcF8xNg==	X3RtcF8xNg==	QU5Z	20	94489281414
68719479312	107374182487	dGFibGU=	dGFibGU=	QU5Z	21	111669149859
68719479313	107374182487	dGFibGU=	dGFibGU=	QU5Z	21	111669149859
68719479280	107374182488	X3RtcF83	X3RtcF83	QU5Z	5	94489281421
68719479281	107374182488	X3RtcF84	X3RtcF84	QU5Z	5	94489281422
68719479282	107374182488	X3RtcF85	X3RtcF85	QU5Z	5	94489281423
68719479283	107374182488	dGFibGU=	dGFibGU=	QU5Z	5	111669149859
68719479284	107374182488	dGFibGU=	dGFibGU=	QU5Z	5	111669149859
68719479285	107374182488	X3RtcF85	X3RtcF85	QU5Z	5	94489281423
68719479286	107374182488	X3RtcF84	X3RtcF84	QU5Z	5	94489281422
68719479287	107374182488	X3RtcF83	X3RtcF83	QU5Z	5	94489281421
68719479288	107374182488	X3RtcF8xMA==	X3RtcF8xMA==	QU5Z	10	94489281419
68719479289	107374182488	X3RtcF8xMQ==	X3RtcF8xMQ==	QU5Z	10	94489281420
68719479290	107374182488	dGFibGU=	dGFibGU=	QU5Z	10	111669149859
68719479291	107374182488	dGFibGU=	dGFibGU=	QU5Z	10	111669149859
68719479292	107374182488	X3RtcF8xMQ==	X3RtcF8xMQ==	QU5Z	10	94489281420
68719479293	107374182488	X3RtcF8xMA==	X3RtcF8xMA==	QU5Z	10	94489281419
68719479294	107374182488	X3RtcF8xMg==	X3RtcF8xMg==	QU5Z	14	94489281417
68719479295	107374182488	X3RtcF8xMw==	X3RtcF8xMw==	QU5Z	14	94489281418
68719479296	107374182488	dGFibGU=	dGFibGU=	QU5Z	14	111669149859
68719479297	107374182488	dGFibGU=	dGFibGU=	QU5Z	14	111669149859
68719479298	107374182488	X3RtcF8xMw==	X3RtcF8xMw==	QU5Z	14	94489281418
68719479299	107374182488	X3RtcF8xMg==	X3RtcF8xMg==	QU5Z	14	94489281417
68719479300	107374182488	X3RtcF8xNA==	X3RtcF8xNA==	QU5Z	18	94489281416
68719479301	107374182488	dGFibGU=	dGFibGU=	QU5Z	18	111669149859
68719479302	107374182488	dGFibGU=	dGFibGU=	QU5Z	18	111669149859
68719479303	107374182488	X3RtcF8xNA==	X3RtcF8xNA==	QU5Z	18	94489281416
68719479304	107374182488	X3RtcF8xNQ==	X3RtcF8xNQ==	QU5Z	19	94489281415
68719479305	107374182488	dGFibGU=	dGFibGU=	QU5Z	19	111669149859
68719479306	107374182488	dGFibGU=	dGFibGU=	QU5Z	19	111669149859
68719479307	107374182488	X3RtcF8xNQ==	X3RtcF8xNQ==	QU5Z	19	94489281415
68719479308	107374182488	X3RtcF8xNg==	X3RtcF8xNg==	QU5Z	20	94489281414
68719479309	107374182488	dGFibGU=	dGFibGU=	QU5Z	20	111669149859
68719479310	107374182488	dGFibGU=	dGFibGU=	QU5Z	20	111669149859
68719479311	107374182488	X3RtcF8xNg==	X3RtcF8xNg==	QU5Z	20	94489281414
68719479312	107374182488	dGFibGU=	dGFibGU=	QU5Z	21	111669149859
68719479313	107374182488	dGFibGU=	dGFibGU=	QU5Z	21	111669149859
68719479314	107374182488	X3RtcF8xNw==	X3RtcF8xNw==	QU5Z	25	94489281410
68719479315	107374182488	X3RtcF8xOA==	X3RtcF8xOA==	QU5Z	25	94489281411
68719479316	107374182488	X3RtcF8xOQ==	X3RtcF8xOQ==	QU5Z	25	94489281412
68719479317	107374182488	dGFibGU=	dGFibGU=	QU5Z	25	111669149861
68719479318	107374182488	dGFibGU=	dGFibGU=	QU5Z	25	111669149861
68719479319	107374182488	X3RtcF8xOQ==	X3RtcF8xOQ==	QU5Z	25	94489281412
68719479320	107374182488	X3RtcF8xOA==	X3RtcF8xOA==	QU5Z	25	94489281411
68719479321	107374182488	X3RtcF8xNw==	X3RtcF8xNw==	QU5Z	25	94489281410
68719479322	107374182488	X3RtcF8yMA==	X3RtcF8yMA==	QU5Z	30	94489281408
68719479323	107374182488	X3RtcF8yMQ==	X3RtcF8yMQ==	QU5Z	30	94489281409
68719479324	107374182488	dGFibGU=	dGFibGU=	QU5Z	30	111669149861
68719479325	107374182488	dGFibGU=	dGFibGU=	QU5Z	30	111669149861
68719479326	107374182488	X3RtcF8yMQ==	X3RtcF8yMQ==	QU5Z	30	94489281409
68719479327	107374182488	X3RtcF8yMA==	X3RtcF8yMA==	QU5Z	30	94489281408
68719479328	107374182488	X3RtcF8yMg==	X3RtcF8yMg==	QU5Z	34	94489281407
68719479329	107374182488	dGFibGU=	dGFibGU=	QU5Z	34	111669149861
68719479330	107374182488	dGFibGU=	dGFibGU=	QU5Z	34	111669149861
68719479331	107374182488	X3RtcF8yMg==	X3RtcF8yMg==	QU5Z	34	94489281407
68719479332	107374182488	X3RtcF8yMw==	X3RtcF8yMw==	QU5Z	35	94489281406
68719479333	107374182488	dGFibGU=	dGFibGU=	QU5Z	35	111669149861
68719479334	107374182488	dGFibGU=	dGFibGU=	QU5Z	35	111669149861
68719479335	107374182488	X3RtcF8yMw==	X3RtcF8yMw==	QU5Z	35	94489281406
68719479336	107374182488	X3RtcF8yNA==	X3RtcF8yNA==	QU5Z	36	94489281405
68719479337	107374182488	dGFibGU=	dGFibGU=	QU5Z	36	111669149861
68719479338	107374182488	dGFibGU=	dGFibGU=	QU5Z	36	111669149861
68719479339	107374182488	X3RtcF8yNA==	X3RtcF8yNA==	QU5Z	36	94489281405
68719479340	107374182488	X3RtcF8yNQ==	X3RtcF8yNQ==	QU5Z	37	94489281403
68719479341	107374182488	X3RtcF8yNg==	X3RtcF8yNg==	QU5Z	37	94489281404
68719479342	107374182488	dGFibGU=	dGFibGU=	QU5Z	37	111669149861
68719479343	107374182488	dGFibGU=	dGFibGU=	QU5Z	37	111669149861
68719479344	107374182488	X3RtcF8yNg==	X3RtcF8yNg==	QU5Z	37	94489281404
68719479345	107374182488	X3RtcF8yNQ==	X3RtcF8yNQ==	QU5Z	37	94489281403
68719479346	107374182488	X3RtcF8yNw==	X3RtcF8yNw==	QU5Z	41	94489281400
68719479347	107374182488	X3RtcF8yOA==	X3RtcF8yOA==	QU5Z	41	94489281401
68719479348	107374182488	X3RtcF8yOQ==	X3RtcF8yOQ==	QU5Z	41	94489281402
68719479349	107374182488	dGFibGU=	dGFibGU=	QU5Z	41	111669149861
68719479350	107374182488	dGFibGU=	dGFibGU=	QU5Z	41	111669149861
68719479351	107374182488	X3RtcF8yOQ==	X3RtcF8yOQ==	QU5Z	41	94489281402
68719479352	107374182488	X3RtcF8yOA==	X3RtcF8yOA==	QU5Z	41	94489281401
68719479353	107374182488	X3RtcF8yNw==	X3RtcF8yNw==	QU5Z	41	94489281400
68719479354	107374182488	dGFibGU=	dGFibGU=	QU5Z	46	111669149861
68719479355	107374182488	dGFibGU=	dGFibGU=	QU5Z	46	111669149861
68719479356	107374182488	X3RtcF8zMA==	X3RtcF8zMA==	QU5Z	50	94489281396
68719479357	107374182488	X3RtcF8zMQ==	X3RtcF8zMQ==	QU5Z	50	94489281397
68719479358	107374182488	X3RtcF8zMg==	X3RtcF8zMg==	QU5Z	50	94489281398
68719479359	107374182488	dGFibGU=	dGFibGU=	QU5Z	50	111669149863
68719479360	107374182488	dGFibGU=	dGFibGU=	QU5Z	50	111669149863
68719479361	107374182488	X3RtcF8zMg==	X3RtcF8zMg==	QU5Z	50	94489281398
68719479362	107374182488	X3RtcF8zMQ==	X3RtcF8zMQ==	QU5Z	50	94489281397
68719479363	107374182488	X3RtcF8zMA==	X3RtcF8zMA==	QU5Z	50	94489281396
68719479364	107374182488	X3RtcF8zMw==	X3RtcF8zMw==	QU5Z	55	94489281395
68719479365	107374182488	dGFibGU=	dGFibGU=	QU5Z	55	111669149863
68719479366	107374182488	dGFibGU=	dGFibGU=	QU5Z	55	111669149863
68719479367	107374182488	X3RtcF8zMw==	X3RtcF8zMw==	QU5Z	55	94489281395
68719479368	107374182488	X3RtcF8zNA==	X3RtcF8zNA==	QU5Z	56	94489281392
68719479369	107374182488	X3RtcF8zNQ==	X3RtcF8zNQ==	QU5Z	56	94489281393
68719479370	107374182488	X3RtcF8zNg==	X3RtcF8zNg==	QU5Z	56	94489281394
68719479371	107374182488	dGFibGU=	dGFibGU=	QU5Z	56	111669149863
68719479372	107374182488	dGFibGU=	dGFibGU=	QU5Z	56	111669149863
68719479373	107374182488	X3RtcF8zNg==	X3RtcF8zNg==	QU5Z	56	94489281394
68719479374	107374182488	X3RtcF8zNQ==	X3RtcF8zNQ==	QU5Z	56	94489281393
68719479375	107374182488	X3RtcF8zNA==	X3RtcF8zNA==	QU5Z	56	94489281392
68719479376	107374182488	X3RtcF8zNw==	X3RtcF8zNw==	QU5Z	61	94489281389
68719479377	107374182488	X3RtcF8zOA==	X3RtcF8zOA==	QU5Z	61	94489281390
68719479378	107374182488	X3RtcF8zOQ==	X3RtcF8zOQ==	QU5Z	61	94489281391
68719479379	107374182488	dGFibGU=	dGFibGU=	QU5Z	61	111669149863
68719479380	107374182488	dGFibGU=	dGFibGU=	QU5Z	61	111669149863
68719479381	107374182488	X3RtcF8zOQ==	X3RtcF8zOQ==	QU5Z	61	94489281391
68719479382	107374182488	X3RtcF8zOA==	X3RtcF8zOA==	QU5Z	61	94489281390
68719479383	107374182488	X3RtcF8zNw==	X3RtcF8zNw==	QU5Z	61	94489281389
68719479384	107374182488	dGFibGU=	dGFibGU=	QU5Z	66	111669149863
68719479385	107374182488	dGFibGU=	dGFibGU=	QU5Z	66	111669149863
68719479386	107374182488	X3RtcF80MA==	X3RtcF80MA==	QU5Z	70	94489281385
68719479387	107374182488	X3RtcF80MQ==	X3RtcF80MQ==	QU5Z	70	94489281386
68719479388	107374182488	X3RtcF80Mg==	X3RtcF80Mg==	QU5Z	70	94489281387
68719479389	107374182488	dGFibGU=	dGFibGU=	QU5Z	70	111669149865
68719479390	107374182488	dGFibGU=	dGFibGU=	QU5Z	70	111669149865
68719479391	107374182488	X3RtcF80Mg==	X3RtcF80Mg==	QU5Z	70	94489281387
68719479392	107374182488	X3RtcF80MQ==	X3RtcF80MQ==	QU5Z	70	94489281386
68719479393	107374182488	X3RtcF80MA==	X3RtcF80MA==	QU5Z	70	94489281385
68719479394	107374182488	X3RtcF80Mw==	X3RtcF80Mw==	QU5Z	75	94489281382
68719479395	107374182488	X3RtcF80NA==	X3RtcF80NA==	QU5Z	75	94489281383
68719479396	107374182488	X3RtcF80NQ==	X3RtcF80NQ==	QU5Z	75	94489281384
68719479397	107374182488	dGFibGU=	dGFibGU=	QU5Z	75	111669149865
68719479398	107374182488	dGFibGU=	dGFibGU=	QU5Z	75	111669149865
68719479399	107374182488	X3RtcF80NQ==	X3RtcF80NQ==	QU5Z	75	94489281384
68719479400	107374182488	X3RtcF80NA==	X3RtcF80NA==	QU5Z	75	94489281383
68719479401	107374182488	X3RtcF80Mw==	X3RtcF80Mw==	QU5Z	75	94489281382
68719479402	107374182488	X3RtcF80Ng==	X3RtcF80Ng==	QU5Z	80	94489281379
68719479403	107374182488	X3RtcF80Nw==	X3RtcF80Nw==	QU5Z	80	94489281380
68719479404	107374182488	X3RtcF80OA==	X3RtcF80OA==	QU5Z	80	94489281381
68719479405	107374182488	dGFibGU=	dGFibGU=	QU5Z	80	111669149865
68719479406	107374182488	dGFibGU=	dGFibGU=	QU5Z	80	111669149865
68719479407	107374182488	X3RtcF80OA==	X3RtcF80OA==	QU5Z	80	94489281381
68719479408	107374182488	X3RtcF80Nw==	X3RtcF80Nw==	QU5Z	80	94489281380
68719479409	107374182488	X3RtcF80Ng==	X3RtcF80Ng==	QU5Z	80	94489281379
68719479410	107374182488	dGFibGU=	dGFibGU=	QU5Z	85	111669149865
68719479411	107374182488	dGFibGU=	dGFibGU=	QU5Z	85	111669149865
68719479412	107374182488	X3RtcF80OQ==	X3RtcF80OQ==	QU5Z	89	94489281375
68719479413	107374182488	X3RtcF81MA==	X3RtcF81MA==	QU5Z	89	94489281376
68719479414	107374182488	X3RtcF81MQ==	X3RtcF81MQ==	QU5Z	89	94489281377
68719479415	107374182488	dGFibGU=	dGFibGU=	QU5Z	89	111669149867
68719479416	107374182488	dGFibGU=	dGFibGU=	QU5Z	89	111669149867
68719479417	107374182488	X3RtcF81MQ==	X3RtcF81MQ==	QU5Z	89	94489281377
68719479418	107374182488	X3RtcF81MA==	X3RtcF81MA==	QU5Z	89	94489281376
68719479419	107374182488	X3RtcF80OQ==	X3RtcF80OQ==	QU5Z	89	94489281375
68719479420	107374182488	X3RtcF81Mg==	X3RtcF81Mg==	QU5Z	94	94489281372
68719479421	107374182488	X3RtcF81Mw==	X3RtcF81Mw==	QU5Z	94	94489281373
68719479422	107374182488	X3RtcF81NA==	X3RtcF81NA==	QU5Z	94	94489281374
68719479423	107374182488	dGFibGU=	dGFibGU=	QU5Z	94	111669149867
68719479424	107374182488	dGFibGU=	dGFibGU=	QU5Z	94	111669149867
68719479425	107374182488	X3RtcF81NA==	X3RtcF81NA==	QU5Z	94	94489281374
68719479426	107374182488	X3RtcF81Mw==	X3RtcF81Mw==	QU5Z	94	94489281373
68719479427	107374182488	X3RtcF81Mg==	X3RtcF81Mg==	QU5Z	94	94489281372
68719479428	107374182488	X3RtcF81NQ==	X3RtcF81NQ==	QU5Z	99	94489281369
68719479429	107374182488	X3RtcF81Ng==	X3RtcF81Ng==	QU5Z	99	94489281370
68719479430	107374182488	X3RtcF81Nw==	X3RtcF81Nw==	QU5Z	99	94489281371
68719479431	107374182488	dGFibGU=	dGFibGU=	QU5Z	99	111669149867
68719479432	107374182488	dGFibGU=	dGFibGU=	QU5Z	99	111669149867
68719479433	107374182488	X3RtcF81Nw==	X3RtcF81Nw==	QU5Z	99	94489281371
68719479434	107374182488	X3RtcF81Ng==	X3RtcF81Ng==	QU5Z	99	94489281370
68719479435	107374182488	X3RtcF81NQ==	X3RtcF81NQ==	QU5Z	99	94489281369
68719479436	107374182488	dGFibGU=	dGFibGU=	QU5Z	104	111669149867
68719479437	107374182488	dGFibGU=	dGFibGU=	QU5Z	104	111669149867
68719479438	107374182488	X3RtcF81OA==	X3RtcF81OA==	X19lY21hLkFycmF5	104	94489281368
68719479439	107374182488	X3RtcF81OA==	X3RtcF81OA==	X19lY21hLkFycmF5	104	
68719479440	107374182488	X3RtcF81OA==	X3RtcF81OA==	X19lY21hLkFycmF5	104	
68719479441	107374182488	X3RtcF81OA==	X3RtcF81OA==	X19lY21hLkFycmF5	104	
68719479442	107374182488	X3RtcF81OA==	X3RtcF81OA==	X19lY21hLkFycmF5	104	
68719479443	107374182488	X3RtcF81OA==	X3RtcF81OA==	X19lY21hLkFycmF5	104	
68719479444	107374182488	dGFibGU=	dGFibGU=	QU5Z	105	111669149867
68719479445	107374182488	dGFibGU=	dGFibGU=	QU5Z	105	111669149867
68719479446	107374182488	X3RtcF81OQ==	X3RtcF81OQ==	QU5Z	109	94489281364
68719479447	107374182488	X3RtcF82MA==	X3RtcF82MA==	QU5Z	109	94489281365
68719479448	107374182488	X3RtcF82MQ==	X3RtcF82MQ==	QU5Z	109	94489281366
68719479449	107374182488	dGFibGU=	dGFibGU=	QU5Z	109	111669149869
68719479450	107374182488	dGFibGU=	dGFibGU=	QU5Z	109	111669149869
68719479451	107374182488	X3RtcF82MQ==	X3RtcF82MQ==	QU5Z	109	94489281366
68719479452	107374182488	X3RtcF82MA==	X3RtcF82MA==	QU5Z	109	94489281365
68719479453	107374182488	X3RtcF81OQ==	X3RtcF81OQ==	QU5Z	109	94489281364
68719479454	107374182488	X3RtcF82Mg==	X3RtcF82Mg==	QU5Z	114	94489281362
68719479455	107374182488	X3RtcF82Mw==	X3RtcF82Mw==	QU5Z	114	94489281363
68719479456	107374182488	dGFibGU=	dGFibGU=	QU5Z	114	111669149869
68719479457	107374182488	dGFibGU=	dGFibGU=	QU5Z	114	111669149869
68719479458	107374182488	X3RtcF82Mw==	X3RtcF82Mw==	QU5Z	114	94489281363
68719479459	107374182488	X3RtcF82Mg==	X3RtcF82Mg==	QU5Z	114	94489281362
68719479460	107374182488	dGFibGU=	dGFibGU=	QU5Z	118	111669149869
68719479461	107374182488	dGFibGU=	dGFibGU=	QU5Z	118	111669149869
68719479462	107374182488	X3RtcF82NA==	X3RtcF82NA==	QU5Z	122	94489281358
68719479463	107374182488	X3RtcF82NQ==	X3RtcF82NQ==	QU5Z	122	94489281359
68719479464	107374182488	X3RtcF82Ng==	X3RtcF82Ng==	QU5Z	122	94489281360
68719479465	107374182488	dGFibGU=	dGFibGU=	QU5Z	122	111669149871
68719479466	107374182488	dGFibGU=	dGFibGU=	QU5Z	122	111669149871
68719479467	107374182488	X3RtcF82Ng==	X3RtcF82Ng==	QU5Z	122	94489281360
68719479468	107374182488	X3RtcF82NQ==	X3RtcF82NQ==	QU5Z	122	94489281359
68719479469	107374182488	X3RtcF82NA==	X3RtcF82NA==	QU5Z	122	94489281358
68719479470	107374182488	X3RtcF82Nw==	X3RtcF82Nw==	QU5Z	127	94489281355
68719479471	107374182488	X3RtcF82OA==	X3RtcF82OA==	QU5Z	127	94489281356
68719479472	107374182488	X3RtcF82OQ==	X3RtcF82OQ==	QU5Z	127	94489281357
68719479473	107374182488	dGFibGU=	dGFibGU=	QU5Z	127	111669149871
68719479474	107374182488	dGFibGU=	dGFibGU=	QU5Z	127	111669149871
68719479475	107374182488	X3RtcF82OQ==	X3RtcF82OQ==	QU5Z	127	94489281357
68719479476	107374182488	X3RtcF82OA==	X3RtcF82OA==	QU5Z	127	94489281356
68719479477	107374182488	X3RtcF82Nw==	X3RtcF82Nw==	QU5Z	127	94489281355
68719479478	107374182488	X3RtcF83MA==	X3RtcF83MA==	QU5Z	132	94489281352
68719479479	107374182488	X3RtcF83MQ==	X3RtcF83MQ==	QU5Z	132	94489281353
68719479480	107374182488	X3RtcF83Mg==	X3RtcF83Mg==	QU5Z	132	94489281354
68719479481	107374182488	dGFibGU=	dGFibGU=	QU5Z	132	111669149871
68719479482	107374182488	dGFibGU=	dGFibGU=	QU5Z	132	111669149871
68719479483	107374182488	X3RtcF83Mg==	X3RtcF83Mg==	QU5Z	132	94489281354
68719479484	107374182488	X3RtcF83MQ==	X3RtcF83MQ==	QU5Z	132	94489281353
68719479485	107374182488	X3RtcF83MA==	X3RtcF83MA==	QU5Z	132	94489281352
68719479486	107374182488	dGFibGU=	dGFibGU=	QU5Z	137	111669149871
68719479487	107374182488	dGFibGU=	dGFibGU=	QU5Z	137	111669149871
68719479488	107374182488	X3RtcF83Mw==	X3RtcF83Mw==	X19lY21hLkFycmF5	137	94489281351
68719479489	107374182488	X3RtcF83Mw==	X3RtcF83Mw==	X19lY21hLkFycmF5	137	
68719479490	107374182488	X3RtcF83Mw==	X3RtcF83Mw==	X19lY21hLkFycmF5	137	
68719479491	107374182488	X3RtcF83Mw==	X3RtcF83Mw==	X19lY21hLkFycmF5	137	
68719479492	107374182488	X3RtcF83Mw==	X3RtcF83Mw==	X19lY21hLkFycmF5	137	
68719479493	107374182488	X3RtcF83Mw==	X3RtcF83Mw==	X19lY21hLkFycmF5	137	
68719479494	107374182488	dGFibGU=	dGFibGU=	QU5Z	138	111669149871
68719479495	107374182488	dGFibGU=	dGFibGU=	QU5Z	138	111669149871
68719479496	107374182488	X3RtcF8w	X3RtcF8w	QU5Z	2	94489281361
68719479497	107374182488	X3RtcF8x	X3RtcF8x	QU5Z	2	94489281367
68719479498	107374182488	X3RtcF8y	X3RtcF8y	QU5Z	2	94489281378
68719479499	107374182488	X3RtcF8z	X3RtcF8z	QU5Z	2	94489281388
68719479500	107374182488	X3RtcF80	X3RtcF80	QU5Z	2	94489281399
68719479501	107374182488	X3RtcF81	X3RtcF81	QU5Z	2	94489281413
68719479502	107374182488	X3RtcF82	X3RtcF82	a25leDpzY2hlbWE6PHJldHVyblZhbHVlPjo8bWVtYmVyPihzY2hlbWEp	2	94489281424
68719479503	107374182488	a25leA==	a25leA==	QU5Z	2	111669149873
68719479504	107374182488	X3RtcF82	X3RtcF82	a25leDpzY2hlbWE6PHJldHVyblZhbHVlPjo8bWVtYmVyPihzY2hlbWEp	2	94489281424
68719479505	107374182488	X3RtcF81	X3RtcF81	QU5Z	2	94489281413
68719479506	107374182488	X3RtcF80	X3RtcF80	QU5Z	2	94489281399
68719479507	107374182488	X3RtcF8z	X3RtcF8z	QU5Z	2	94489281388
68719479508	107374182488	X3RtcF8y	X3RtcF8y	QU5Z	2	94489281378
68719479509	107374182488	X3RtcF8x	X3RtcF8x	QU5Z	2	94489281367
68719479510	107374182488	X3RtcF8w	X3RtcF8w	QU5Z	2	94489281361
68719479314	107374182489	X3RtcF8xNw==	X3RtcF8xNw==	QU5Z	25	94489281410
68719479315	107374182489	X3RtcF8xOA==	X3RtcF8xOA==	QU5Z	25	94489281411
68719479316	107374182489	X3RtcF8xOQ==	X3RtcF8xOQ==	QU5Z	25	94489281412
68719479317	107374182489	dGFibGU=	dGFibGU=	QU5Z	25	111669149861
68719479318	107374182489	dGFibGU=	dGFibGU=	QU5Z	25	111669149861
68719479319	107374182489	X3RtcF8xOQ==	X3RtcF8xOQ==	QU5Z	25	94489281412
68719479320	107374182489	X3RtcF8xOA==	X3RtcF8xOA==	QU5Z	25	94489281411
68719479321	107374182489	X3RtcF8xNw==	X3RtcF8xNw==	QU5Z	25	94489281410
68719479322	107374182489	X3RtcF8yMA==	X3RtcF8yMA==	QU5Z	30	94489281408
68719479323	107374182489	X3RtcF8yMQ==	X3RtcF8yMQ==	QU5Z	30	94489281409
68719479324	107374182489	dGFibGU=	dGFibGU=	QU5Z	30	111669149861
68719479325	107374182489	dGFibGU=	dGFibGU=	QU5Z	30	111669149861
68719479326	107374182489	X3RtcF8yMQ==	X3RtcF8yMQ==	QU5Z	30	94489281409
68719479327	107374182489	X3RtcF8yMA==	X3RtcF8yMA==	QU5Z	30	94489281408
68719479328	107374182489	X3RtcF8yMg==	X3RtcF8yMg==	QU5Z	34	94489281407
68719479329	107374182489	dGFibGU=	dGFibGU=	QU5Z	34	111669149861
68719479330	107374182489	dGFibGU=	dGFibGU=	QU5Z	34	111669149861
68719479331	107374182489	X3RtcF8yMg==	X3RtcF8yMg==	QU5Z	34	94489281407
68719479332	107374182489	X3RtcF8yMw==	X3RtcF8yMw==	QU5Z	35	94489281406
68719479333	107374182489	dGFibGU=	dGFibGU=	QU5Z	35	111669149861
68719479334	107374182489	dGFibGU=	dGFibGU=	QU5Z	35	111669149861
68719479335	107374182489	X3RtcF8yMw==	X3RtcF8yMw==	QU5Z	35	94489281406
68719479336	107374182489	X3RtcF8yNA==	X3RtcF8yNA==	QU5Z	36	94489281405
68719479337	107374182489	dGFibGU=	dGFibGU=	QU5Z	36	111669149861
68719479338	107374182489	dGFibGU=	dGFibGU=	QU5Z	36	111669149861
68719479339	107374182489	X3RtcF8yNA==	X3RtcF8yNA==	QU5Z	36	94489281405
68719479340	107374182489	X3RtcF8yNQ==	X3RtcF8yNQ==	QU5Z	37	94489281403
68719479341	107374182489	X3RtcF8yNg==	X3RtcF8yNg==	QU5Z	37	94489281404
68719479342	107374182489	dGFibGU=	dGFibGU=	QU5Z	37	111669149861
68719479343	107374182489	dGFibGU=	dGFibGU=	QU5Z	37	111669149861
68719479344	107374182489	X3RtcF8yNg==	X3RtcF8yNg==	QU5Z	37	94489281404
68719479345	107374182489	X3RtcF8yNQ==	X3RtcF8yNQ==	QU5Z	37	94489281403
68719479346	107374182489	X3RtcF8yNw==	X3RtcF8yNw==	QU5Z	41	94489281400
68719479347	107374182489	X3RtcF8yOA==	X3RtcF8yOA==	QU5Z	41	94489281401
68719479348	107374182489	X3RtcF8yOQ==	X3RtcF8yOQ==	QU5Z	41	94489281402
68719479349	107374182489	dGFibGU=	dGFibGU=	QU5Z	41	111669149861
68719479350	107374182489	dGFibGU=	dGFibGU=	QU5Z	41	111669149861
68719479351	107374182489	X3RtcF8yOQ==	X3RtcF8yOQ==	QU5Z	41	94489281402
68719479352	107374182489	X3RtcF8yOA==	X3RtcF8yOA==	QU5Z	41	94489281401
68719479353	107374182489	X3RtcF8yNw==	X3RtcF8yNw==	QU5Z	41	94489281400
68719479354	107374182489	dGFibGU=	dGFibGU=	QU5Z	46	111669149861
68719479355	107374182489	dGFibGU=	dGFibGU=	QU5Z	46	111669149861
68719479356	107374182490	X3RtcF8zMA==	X3RtcF8zMA==	QU5Z	50	94489281396
68719479357	107374182490	X3RtcF8zMQ==	X3RtcF8zMQ==	QU5Z	50	94489281397
68719479358	107374182490	X3RtcF8zMg==	X3RtcF8zMg==	QU5Z	50	94489281398
68719479359	107374182490	dGFibGU=	dGFibGU=	QU5Z	50	111669149863
68719479360	107374182490	dGFibGU=	dGFibGU=	QU5Z	50	111669149863
68719479361	107374182490	X3RtcF8zMg==	X3RtcF8zMg==	QU5Z	50	94489281398
68719479362	107374182490	X3RtcF8zMQ==	X3RtcF8zMQ==	QU5Z	50	94489281397
68719479363	107374182490	X3RtcF8zMA==	X3RtcF8zMA==	QU5Z	50	94489281396
68719479364	107374182490	X3RtcF8zMw==	X3RtcF8zMw==	QU5Z	55	94489281395
68719479365	107374182490	dGFibGU=	dGFibGU=	QU5Z	55	111669149863
68719479366	107374182490	dGFibGU=	dGFibGU=	QU5Z	55	111669149863
68719479367	107374182490	X3RtcF8zMw==	X3RtcF8zMw==	QU5Z	55	94489281395
68719479368	107374182490	X3RtcF8zNA==	X3RtcF8zNA==	QU5Z	56	94489281392
68719479369	107374182490	X3RtcF8zNQ==	X3RtcF8zNQ==	QU5Z	56	94489281393
68719479370	107374182490	X3RtcF8zNg==	X3RtcF8zNg==	QU5Z	56	94489281394
68719479371	107374182490	dGFibGU=	dGFibGU=	QU5Z	56	111669149863
68719479372	107374182490	dGFibGU=	dGFibGU=	QU5Z	56	111669149863
68719479373	107374182490	X3RtcF8zNg==	X3RtcF8zNg==	QU5Z	56	94489281394
68719479374	107374182490	X3RtcF8zNQ==	X3RtcF8zNQ==	QU5Z	56	94489281393
68719479375	107374182490	X3RtcF8zNA==	X3RtcF8zNA==	QU5Z	56	94489281392
68719479376	107374182490	X3RtcF8zNw==	X3RtcF8zNw==	QU5Z	61	94489281389
68719479377	107374182490	X3RtcF8zOA==	X3RtcF8zOA==	QU5Z	61	94489281390
68719479378	107374182490	X3RtcF8zOQ==	X3RtcF8zOQ==	QU5Z	61	94489281391
68719479379	107374182490	dGFibGU=	dGFibGU=	QU5Z	61	111669149863
68719479380	107374182490	dGFibGU=	dGFibGU=	QU5Z	61	111669149863
68719479381	107374182490	X3RtcF8zOQ==	X3RtcF8zOQ==	QU5Z	61	94489281391
68719479382	107374182490	X3RtcF8zOA==	X3RtcF8zOA==	QU5Z	61	94489281390
68719479383	107374182490	X3RtcF8zNw==	X3RtcF8zNw==	QU5Z	61	94489281389
68719479384	107374182490	dGFibGU=	dGFibGU=	QU5Z	66	111669149863
68719479385	107374182490	dGFibGU=	dGFibGU=	QU5Z	66	111669149863
68719479386	107374182491	X3RtcF80MA==	X3RtcF80MA==	QU5Z	70	94489281385
68719479387	107374182491	X3RtcF80MQ==	X3RtcF80MQ==	QU5Z	70	94489281386
68719479388	107374182491	X3RtcF80Mg==	X3RtcF80Mg==	QU5Z	70	94489281387
68719479389	107374182491	dGFibGU=	dGFibGU=	QU5Z	70	111669149865
68719479390	107374182491	dGFibGU=	dGFibGU=	QU5Z	70	111669149865
68719479391	107374182491	X3RtcF80Mg==	X3RtcF80Mg==	QU5Z	70	94489281387
68719479392	107374182491	X3RtcF80MQ==	X3RtcF80MQ==	QU5Z	70	94489281386
68719479393	107374182491	X3RtcF80MA==	X3RtcF80MA==	QU5Z	70	94489281385
68719479394	107374182491	X3RtcF80Mw==	X3RtcF80Mw==	QU5Z	75	94489281382
68719479395	107374182491	X3RtcF80NA==	X3RtcF80NA==	QU5Z	75	94489281383
68719479396	107374182491	X3RtcF80NQ==	X3RtcF80NQ==	QU5Z	75	94489281384
68719479397	107374182491	dGFibGU=	dGFibGU=	QU5Z	75	111669149865
68719479398	107374182491	dGFibGU=	dGFibGU=	QU5Z	75	111669149865
68719479399	107374182491	X3RtcF80NQ==	X3RtcF80NQ==	QU5Z	75	94489281384
68719479400	107374182491	X3RtcF80NA==	X3RtcF80NA==	QU5Z	75	94489281383
68719479401	107374182491	X3RtcF80Mw==	X3RtcF80Mw==	QU5Z	75	94489281382
68719479402	107374182491	X3RtcF80Ng==	X3RtcF80Ng==	QU5Z	80	94489281379
68719479403	107374182491	X3RtcF80Nw==	X3RtcF80Nw==	QU5Z	80	94489281380
68719479404	107374182491	X3RtcF80OA==	X3RtcF80OA==	QU5Z	80	94489281381
68719479405	107374182491	dGFibGU=	dGFibGU=	QU5Z	80	111669149865
68719479406	107374182491	dGFibGU=	dGFibGU=	QU5Z	80	111669149865
68719479407	107374182491	X3RtcF80OA==	X3RtcF80OA==	QU5Z	80	94489281381
68719479408	107374182491	X3RtcF80Nw==	X3RtcF80Nw==	QU5Z	80	94489281380
68719479409	107374182491	X3RtcF80Ng==	X3RtcF80Ng==	QU5Z	80	94489281379
68719479410	107374182491	dGFibGU=	dGFibGU=	QU5Z	85	111669149865
68719479411	107374182491	dGFibGU=	dGFibGU=	QU5Z	85	111669149865
68719479412	107374182492	X3RtcF80OQ==	X3RtcF80OQ==	QU5Z	89	94489281375
68719479413	107374182492	X3RtcF81MA==	X3RtcF81MA==	QU5Z	89	94489281376
68719479414	107374182492	X3RtcF81MQ==	X3RtcF81MQ==	QU5Z	89	94489281377
68719479415	107374182492	dGFibGU=	dGFibGU=	QU5Z	89	111669149867
68719479416	107374182492	dGFibGU=	dGFibGU=	QU5Z	89	111669149867
68719479417	107374182492	X3RtcF81MQ==	X3RtcF81MQ==	QU5Z	89	94489281377
68719479418	107374182492	X3RtcF81MA==	X3RtcF81MA==	QU5Z	89	94489281376
68719479419	107374182492	X3RtcF80OQ==	X3RtcF80OQ==	QU5Z	89	94489281375
68719479420	107374182492	X3RtcF81Mg==	X3RtcF81Mg==	QU5Z	94	94489281372
68719479421	107374182492	X3RtcF81Mw==	X3RtcF81Mw==	QU5Z	94	94489281373
68719479422	107374182492	X3RtcF81NA==	X3RtcF81NA==	QU5Z	94	94489281374
68719479423	107374182492	dGFibGU=	dGFibGU=	QU5Z	94	111669149867
68719479424	107374182492	dGFibGU=	dGFibGU=	QU5Z	94	111669149867
68719479425	107374182492	X3RtcF81NA==	X3RtcF81NA==	QU5Z	94	94489281374
68719479426	107374182492	X3RtcF81Mw==	X3RtcF81Mw==	QU5Z	94	94489281373
68719479427	107374182492	X3RtcF81Mg==	X3RtcF81Mg==	QU5Z	94	94489281372
68719479428	107374182492	X3RtcF81NQ==	X3RtcF81NQ==	QU5Z	99	94489281369
68719479429	107374182492	X3RtcF81Ng==	X3RtcF81Ng==	QU5Z	99	94489281370
68719479430	107374182492	X3RtcF81Nw==	X3RtcF81Nw==	QU5Z	99	94489281371
68719479431	107374182492	dGFibGU=	dGFibGU=	QU5Z	99	111669149867
68719479432	107374182492	dGFibGU=	dGFibGU=	QU5Z	99	111669149867
68719479433	107374182492	X3RtcF81Nw==	X3RtcF81Nw==	QU5Z	99	94489281371
68719479434	107374182492	X3RtcF81Ng==	X3RtcF81Ng==	QU5Z	99	94489281370
68719479435	107374182492	X3RtcF81NQ==	X3RtcF81NQ==	QU5Z	99	94489281369
68719479436	107374182492	dGFibGU=	dGFibGU=	QU5Z	104	111669149867
68719479437	107374182492	dGFibGU=	dGFibGU=	QU5Z	104	111669149867
68719479438	107374182492	X3RtcF81OA==	X3RtcF81OA==	X19lY21hLkFycmF5	104	94489281368
68719479439	107374182492	X3RtcF81OA==	X3RtcF81OA==	X19lY21hLkFycmF5	104	
68719479440	107374182492	X3RtcF81OA==	X3RtcF81OA==	X19lY21hLkFycmF5	104	
68719479441	107374182492	X3RtcF81OA==	X3RtcF81OA==	X19lY21hLkFycmF5	104	
68719479442	107374182492	X3RtcF81OA==	X3RtcF81OA==	X19lY21hLkFycmF5	104	
68719479443	107374182492	X3RtcF81OA==	X3RtcF81OA==	X19lY21hLkFycmF5	104	
68719479444	107374182492	dGFibGU=	dGFibGU=	QU5Z	105	111669149867
68719479445	107374182492	dGFibGU=	dGFibGU=	QU5Z	105	111669149867
68719479446	107374182493	X3RtcF81OQ==	X3RtcF81OQ==	QU5Z	109	94489281364
68719479447	107374182493	X3RtcF82MA==	X3RtcF82MA==	QU5Z	109	94489281365
68719479448	107374182493	X3RtcF82MQ==	X3RtcF82MQ==	QU5Z	109	94489281366
68719479449	107374182493	dGFibGU=	dGFibGU=	QU5Z	109	111669149869
68719479450	107374182493	dGFibGU=	dGFibGU=	QU5Z	109	111669149869
68719479451	107374182493	X3RtcF82MQ==	X3RtcF82MQ==	QU5Z	109	94489281366
68719479452	107374182493	X3RtcF82MA==	X3RtcF82MA==	QU5Z	109	94489281365
68719479453	107374182493	X3RtcF81OQ==	X3RtcF81OQ==	QU5Z	109	94489281364
68719479454	107374182493	X3RtcF82Mg==	X3RtcF82Mg==	QU5Z	114	94489281362
68719479455	107374182493	X3RtcF82Mw==	X3RtcF82Mw==	QU5Z	114	94489281363
68719479456	107374182493	dGFibGU=	dGFibGU=	QU5Z	114	111669149869
68719479457	107374182493	dGFibGU=	dGFibGU=	QU5Z	114	111669149869
68719479458	107374182493	X3RtcF82Mw==	X3RtcF82Mw==	QU5Z	114	94489281363
68719479459	107374182493	X3RtcF82Mg==	X3RtcF82Mg==	QU5Z	114	94489281362
68719479460	107374182493	dGFibGU=	dGFibGU=	QU5Z	118	111669149869
68719479461	107374182493	dGFibGU=	dGFibGU=	QU5Z	118	111669149869
68719479462	107374182494	X3RtcF82NA==	X3RtcF82NA==	QU5Z	122	94489281358
68719479463	107374182494	X3RtcF82NQ==	X3RtcF82NQ==	QU5Z	122	94489281359
68719479464	107374182494	X3RtcF82Ng==	X3RtcF82Ng==	QU5Z	122	94489281360
68719479465	107374182494	dGFibGU=	dGFibGU=	QU5Z	122	111669149871
68719479466	107374182494	dGFibGU=	dGFibGU=	QU5Z	122	111669149871
68719479467	107374182494	X3RtcF82Ng==	X3RtcF82Ng==	QU5Z	122	94489281360
68719479468	107374182494	X3RtcF82NQ==	X3RtcF82NQ==	QU5Z	122	94489281359
68719479469	107374182494	X3RtcF82NA==	X3RtcF82NA==	QU5Z	122	94489281358
68719479470	107374182494	X3RtcF82Nw==	X3RtcF82Nw==	QU5Z	127	94489281355
68719479471	107374182494	X3RtcF82OA==	X3RtcF82OA==	QU5Z	127	94489281356
68719479472	107374182494	X3RtcF82OQ==	X3RtcF82OQ==	QU5Z	127	94489281357
68719479473	107374182494	dGFibGU=	dGFibGU=	QU5Z	127	111669149871
68719479474	107374182494	dGFibGU=	dGFibGU=	QU5Z	127	111669149871
68719479475	107374182494	X3RtcF82OQ==	X3RtcF82OQ==	QU5Z	127	94489281357
68719479476	107374182494	X3RtcF82OA==	X3RtcF82OA==	QU5Z	127	94489281356
68719479477	107374182494	X3RtcF82Nw==	X3RtcF82Nw==	QU5Z	127	94489281355
68719479478	107374182494	X3RtcF83MA==	X3RtcF83MA==	QU5Z	132	94489281352
68719479479	107374182494	X3RtcF83MQ==	X3RtcF83MQ==	QU5Z	132	94489281353
68719479480	107374182494	X3RtcF83Mg==	X3RtcF83Mg==	QU5Z	132	94489281354
68719479481	107374182494	dGFibGU=	dGFibGU=	QU5Z	132	111669149871
68719479482	107374182494	dGFibGU=	dGFibGU=	QU5Z	132	111669149871
68719479483	107374182494	X3RtcF83Mg==	X3RtcF83Mg==	QU5Z	132	94489281354
68719479484	107374182494	X3RtcF83MQ==	X3RtcF83MQ==	QU5Z	132	94489281353
68719479485	107374182494	X3RtcF83MA==	X3RtcF83MA==	QU5Z	132	94489281352
68719479486	107374182494	dGFibGU=	dGFibGU=	QU5Z	137	111669149871
68719479487	107374182494	dGFibGU=	dGFibGU=	QU5Z	137	111669149871
68719479488	107374182494	X3RtcF83Mw==	X3RtcF83Mw==	X19lY21hLkFycmF5	137	94489281351
68719479489	107374182494	X3RtcF83Mw==	X3RtcF83Mw==	X19lY21hLkFycmF5	137	
68719479490	107374182494	X3RtcF83Mw==	X3RtcF83Mw==	X19lY21hLkFycmF5	137	
68719479491	107374182494	X3RtcF83Mw==	X3RtcF83Mw==	X19lY21hLkFycmF5	137	
68719479492	107374182494	X3RtcF83Mw==	X3RtcF83Mw==	X19lY21hLkFycmF5	137	
68719479493	107374182494	X3RtcF83Mw==	X3RtcF83Mw==	X19lY21hLkFycmF5	137	
68719479494	107374182494	dGFibGU=	dGFibGU=	QU5Z	138	111669149871
68719479495	107374182494	dGFibGU=	dGFibGU=	QU5Z	138	111669149871
68719479280	107374182495	X3RtcF83	X3RtcF83	QU5Z	5	94489281421
68719479281	107374182495	X3RtcF84	X3RtcF84	QU5Z	5	94489281422
68719479282	107374182495	X3RtcF85	X3RtcF85	QU5Z	5	94489281423
68719479283	107374182495	dGFibGU=	dGFibGU=	QU5Z	5	111669149859
68719479284	107374182495	dGFibGU=	dGFibGU=	QU5Z	5	111669149859
68719479285	107374182495	X3RtcF85	X3RtcF85	QU5Z	5	94489281423
68719479286	107374182495	X3RtcF84	X3RtcF84	QU5Z	5	94489281422
68719479287	107374182495	X3RtcF83	X3RtcF83	QU5Z	5	94489281421
68719479288	107374182495	X3RtcF8xMA==	X3RtcF8xMA==	QU5Z	10	94489281419
68719479289	107374182495	X3RtcF8xMQ==	X3RtcF8xMQ==	QU5Z	10	94489281420
68719479290	107374182495	dGFibGU=	dGFibGU=	QU5Z	10	111669149859
68719479291	107374182495	dGFibGU=	dGFibGU=	QU5Z	10	111669149859
68719479292	107374182495	X3RtcF8xMQ==	X3RtcF8xMQ==	QU5Z	10	94489281420
68719479293	107374182495	X3RtcF8xMA==	X3RtcF8xMA==	QU5Z	10	94489281419
68719479294	107374182495	X3RtcF8xMg==	X3RtcF8xMg==	QU5Z	14	94489281417
68719479295	107374182495	X3RtcF8xMw==	X3RtcF8xMw==	QU5Z	14	94489281418
68719479296	107374182495	dGFibGU=	dGFibGU=	QU5Z	14	111669149859
68719479297	107374182495	dGFibGU=	dGFibGU=	QU5Z	14	111669149859
68719479298	107374182495	X3RtcF8xMw==	X3RtcF8xMw==	QU5Z	14	94489281418
68719479299	107374182495	X3RtcF8xMg==	X3RtcF8xMg==	QU5Z	14	94489281417
68719479300	107374182495	X3RtcF8xNA==	X3RtcF8xNA==	QU5Z	18	94489281416
68719479301	107374182495	dGFibGU=	dGFibGU=	QU5Z	18	111669149859
68719479302	107374182495	dGFibGU=	dGFibGU=	QU5Z	18	111669149859
68719479303	107374182495	X3RtcF8xNA==	X3RtcF8xNA==	QU5Z	18	94489281416
68719479304	107374182495	X3RtcF8xNQ==	X3RtcF8xNQ==	QU5Z	19	94489281415
68719479305	107374182495	dGFibGU=	dGFibGU=	QU5Z	19	111669149859
68719479306	107374182495	dGFibGU=	dGFibGU=	QU5Z	19	111669149859
68719479307	107374182495	X3RtcF8xNQ==	X3RtcF8xNQ==	QU5Z	19	94489281415
68719479308	107374182495	X3RtcF8xNg==	X3RtcF8xNg==	QU5Z	20	94489281414
68719479309	107374182495	dGFibGU=	dGFibGU=	QU5Z	20	111669149859
68719479310	107374182495	dGFibGU=	dGFibGU=	QU5Z	20	111669149859
68719479311	107374182495	X3RtcF8xNg==	X3RtcF8xNg==	QU5Z	20	94489281414
68719479312	107374182495	dGFibGU=	dGFibGU=	QU5Z	21	111669149859
68719479313	107374182495	dGFibGU=	dGFibGU=	QU5Z	21	111669149859
68719479314	107374182495	X3RtcF8xNw==	X3RtcF8xNw==	QU5Z	25	94489281410
68719479315	107374182495	X3RtcF8xOA==	X3RtcF8xOA==	QU5Z	25	94489281411
68719479316	107374182495	X3RtcF8xOQ==	X3RtcF8xOQ==	QU5Z	25	94489281412
68719479317	107374182495	dGFibGU=	dGFibGU=	QU5Z	25	111669149861
68719479318	107374182495	dGFibGU=	dGFibGU=	QU5Z	25	111669149861
68719479319	107374182495	X3RtcF8xOQ==	X3RtcF8xOQ==	QU5Z	25	94489281412
68719479320	107374182495	X3RtcF8xOA==	X3RtcF8xOA==	QU5Z	25	94489281411
68719479321	107374182495	X3RtcF8xNw==	X3RtcF8xNw==	QU5Z	25	94489281410
68719479322	107374182495	X3RtcF8yMA==	X3RtcF8yMA==	QU5Z	30	94489281408
68719479323	107374182495	X3RtcF8yMQ==	X3RtcF8yMQ==	QU5Z	30	94489281409
68719479324	107374182495	dGFibGU=	dGFibGU=	QU5Z	30	111669149861
68719479325	107374182495	dGFibGU=	dGFibGU=	QU5Z	30	111669149861
68719479326	107374182495	X3RtcF8yMQ==	X3RtcF8yMQ==	QU5Z	30	94489281409
68719479327	107374182495	X3RtcF8yMA==	X3RtcF8yMA==	QU5Z	30	94489281408
68719479328	107374182495	X3RtcF8yMg==	X3RtcF8yMg==	QU5Z	34	94489281407
68719479329	107374182495	dGFibGU=	dGFibGU=	QU5Z	34	111669149861
68719479330	107374182495	dGFibGU=	dGFibGU=	QU5Z	34	111669149861
68719479331	107374182495	X3RtcF8yMg==	X3RtcF8yMg==	QU5Z	34	94489281407
68719479332	107374182495	X3RtcF8yMw==	X3RtcF8yMw==	QU5Z	35	94489281406
68719479333	107374182495	dGFibGU=	dGFibGU=	QU5Z	35	111669149861
68719479334	107374182495	dGFibGU=	dGFibGU=	QU5Z	35	111669149861
68719479335	107374182495	X3RtcF8yMw==	X3RtcF8yMw==	QU5Z	35	94489281406
68719479336	107374182495	X3RtcF8yNA==	X3RtcF8yNA==	QU5Z	36	94489281405
68719479337	107374182495	dGFibGU=	dGFibGU=	QU5Z	36	111669149861
68719479338	107374182495	dGFibGU=	dGFibGU=	QU5Z	36	111669149861
68719479339	107374182495	X3RtcF8yNA==	X3RtcF8yNA==	QU5Z	36	94489281405
68719479340	107374182495	X3RtcF8yNQ==	X3RtcF8yNQ==	QU5Z	37	94489281403
68719479341	107374182495	X3RtcF8yNg==	X3RtcF8yNg==	QU5Z	37	94489281404
68719479342	107374182495	dGFibGU=	dGFibGU=	QU5Z	37	111669149861
68719479343	107374182495	dGFibGU=	dGFibGU=	QU5Z	37	111669149861
68719479344	107374182495	X3RtcF8yNg==	X3RtcF8yNg==	QU5Z	37	94489281404
68719479345	107374182495	X3RtcF8yNQ==	X3RtcF8yNQ==	QU5Z	37	94489281403
68719479346	107374182495	X3RtcF8yNw==	X3RtcF8yNw==	QU5Z	41	94489281400
68719479347	107374182495	X3RtcF8yOA==	X3RtcF8yOA==	QU5Z	41	94489281401
68719479348	107374182495	X3RtcF8yOQ==	X3RtcF8yOQ==	QU5Z	41	94489281402
68719479349	107374182495	dGFibGU=	dGFibGU=	QU5Z	41	111669149861
68719479350	107374182495	dGFibGU=	dGFibGU=	QU5Z	41	111669149861
68719479351	107374182495	X3RtcF8yOQ==	X3RtcF8yOQ==	QU5Z	41	94489281402
68719479352	107374182495	X3RtcF8yOA==	X3RtcF8yOA==	QU5Z	41	94489281401
68719479353	107374182495	X3RtcF8yNw==	X3RtcF8yNw==	QU5Z	41	94489281400
68719479354	107374182495	dGFibGU=	dGFibGU=	QU5Z	46	111669149861
68719479355	107374182495	dGFibGU=	dGFibGU=	QU5Z	46	111669149861
68719479356	107374182495	X3RtcF8zMA==	X3RtcF8zMA==	QU5Z	50	94489281396
68719479357	107374182495	X3RtcF8zMQ==	X3RtcF8zMQ==	QU5Z	50	94489281397
68719479358	107374182495	X3RtcF8zMg==	X3RtcF8zMg==	QU5Z	50	94489281398
68719479359	107374182495	dGFibGU=	dGFibGU=	QU5Z	50	111669149863
68719479360	107374182495	dGFibGU=	dGFibGU=	QU5Z	50	111669149863
68719479361	107374182495	X3RtcF8zMg==	X3RtcF8zMg==	QU5Z	50	94489281398
68719479362	107374182495	X3RtcF8zMQ==	X3RtcF8zMQ==	QU5Z	50	94489281397
68719479363	107374182495	X3RtcF8zMA==	X3RtcF8zMA==	QU5Z	50	94489281396
68719479364	107374182495	X3RtcF8zMw==	X3RtcF8zMw==	QU5Z	55	94489281395
68719479365	107374182495	dGFibGU=	dGFibGU=	QU5Z	55	111669149863
68719479366	107374182495	dGFibGU=	dGFibGU=	QU5Z	55	111669149863
68719479367	107374182495	X3RtcF8zMw==	X3RtcF8zMw==	QU5Z	55	94489281395
68719479368	107374182495	X3RtcF8zNA==	X3RtcF8zNA==	QU5Z	56	94489281392
68719479369	107374182495	X3RtcF8zNQ==	X3RtcF8zNQ==	QU5Z	56	94489281393
68719479370	107374182495	X3RtcF8zNg==	X3RtcF8zNg==	QU5Z	56	94489281394
68719479371	107374182495	dGFibGU=	dGFibGU=	QU5Z	56	111669149863
68719479372	107374182495	dGFibGU=	dGFibGU=	QU5Z	56	111669149863
68719479373	107374182495	X3RtcF8zNg==	X3RtcF8zNg==	QU5Z	56	94489281394
68719479374	107374182495	X3RtcF8zNQ==	X3RtcF8zNQ==	QU5Z	56	94489281393
68719479375	107374182495	X3RtcF8zNA==	X3RtcF8zNA==	QU5Z	56	94489281392
68719479376	107374182495	X3RtcF8zNw==	X3RtcF8zNw==	QU5Z	61	94489281389
68719479377	107374182495	X3RtcF8zOA==	X3RtcF8zOA==	QU5Z	61	94489281390
68719479378	107374182495	X3RtcF8zOQ==	X3RtcF8zOQ==	QU5Z	61	94489281391
68719479379	107374182495	dGFibGU=	dGFibGU=	QU5Z	61	111669149863
68719479380	107374182495	dGFibGU=	dGFibGU=	QU5Z	61	111669149863
68719479381	107374182495	X3RtcF8zOQ==	X3RtcF8zOQ==	QU5Z	61	94489281391
68719479382	107374182495	X3RtcF8zOA==	X3RtcF8zOA==	QU5Z	61	94489281390
68719479383	107374182495	X3RtcF8zNw==	X3RtcF8zNw==	QU5Z	61	94489281389
68719479384	107374182495	dGFibGU=	dGFibGU=	QU5Z	66	111669149863
68719479385	107374182495	dGFibGU=	dGFibGU=	QU5Z	66	111669149863
68719479386	107374182495	X3RtcF80MA==	X3RtcF80MA==	QU5Z	70	94489281385
68719479387	107374182495	X3RtcF80MQ==	X3RtcF80MQ==	QU5Z	70	94489281386
68719479388	107374182495	X3RtcF80Mg==	X3RtcF80Mg==	QU5Z	70	94489281387
68719479389	107374182495	dGFibGU=	dGFibGU=	QU5Z	70	111669149865
68719479390	107374182495	dGFibGU=	dGFibGU=	QU5Z	70	111669149865
68719479391	107374182495	X3RtcF80Mg==	X3RtcF80Mg==	QU5Z	70	94489281387
68719479392	107374182495	X3RtcF80MQ==	X3RtcF80MQ==	QU5Z	70	94489281386
68719479393	107374182495	X3RtcF80MA==	X3RtcF80MA==	QU5Z	70	94489281385
68719479394	107374182495	X3RtcF80Mw==	X3RtcF80Mw==	QU5Z	75	94489281382
68719479395	107374182495	X3RtcF80NA==	X3RtcF80NA==	QU5Z	75	94489281383
68719479396	107374182495	X3RtcF80NQ==	X3RtcF80NQ==	QU5Z	75	94489281384
68719479397	107374182495	dGFibGU=	dGFibGU=	QU5Z	75	111669149865
68719479398	107374182495	dGFibGU=	dGFibGU=	QU5Z	75	111669149865
68719479399	107374182495	X3RtcF80NQ==	X3RtcF80NQ==	QU5Z	75	94489281384
68719479400	107374182495	X3RtcF80NA==	X3RtcF80NA==	QU5Z	75	94489281383
68719479401	107374182495	X3RtcF80Mw==	X3RtcF80Mw==	QU5Z	75	94489281382
68719479402	107374182495	X3RtcF80Ng==	X3RtcF80Ng==	QU5Z	80	94489281379
68719479403	107374182495	X3RtcF80Nw==	X3RtcF80Nw==	QU5Z	80	94489281380
68719479404	107374182495	X3RtcF80OA==	X3RtcF80OA==	QU5Z	80	94489281381
68719479405	107374182495	dGFibGU=	dGFibGU=	QU5Z	80	111669149865
68719479406	107374182495	dGFibGU=	dGFibGU=	QU5Z	80	111669149865
68719479407	107374182495	X3RtcF80OA==	X3RtcF80OA==	QU5Z	80	94489281381
68719479408	107374182495	X3RtcF80Nw==	X3RtcF80Nw==	QU5Z	80	94489281380
68719479409	107374182495	X3RtcF80Ng==	X3RtcF80Ng==	QU5Z	80	94489281379
68719479410	107374182495	dGFibGU=	dGFibGU=	QU5Z	85	111669149865
68719479411	107374182495	dGFibGU=	dGFibGU=	QU5Z	85	111669149865
68719479412	107374182495	X3RtcF80OQ==	X3RtcF80OQ==	QU5Z	89	94489281375
68719479413	107374182495	X3RtcF81MA==	X3RtcF81MA==	QU5Z	89	94489281376
68719479414	107374182495	X3RtcF81MQ==	X3RtcF81MQ==	QU5Z	89	94489281377
68719479415	107374182495	dGFibGU=	dGFibGU=	QU5Z	89	111669149867
68719479416	107374182495	dGFibGU=	dGFibGU=	QU5Z	89	111669149867
68719479417	107374182495	X3RtcF81MQ==	X3RtcF81MQ==	QU5Z	89	94489281377
68719479418	107374182495	X3RtcF81MA==	X3RtcF81MA==	QU5Z	89	94489281376
68719479419	107374182495	X3RtcF80OQ==	X3RtcF80OQ==	QU5Z	89	94489281375
68719479420	107374182495	X3RtcF81Mg==	X3RtcF81Mg==	QU5Z	94	94489281372
68719479421	107374182495	X3RtcF81Mw==	X3RtcF81Mw==	QU5Z	94	94489281373
68719479422	107374182495	X3RtcF81NA==	X3RtcF81NA==	QU5Z	94	94489281374
68719479423	107374182495	dGFibGU=	dGFibGU=	QU5Z	94	111669149867
68719479424	107374182495	dGFibGU=	dGFibGU=	QU5Z	94	111669149867
68719479425	107374182495	X3RtcF81NA==	X3RtcF81NA==	QU5Z	94	94489281374
68719479426	107374182495	X3RtcF81Mw==	X3RtcF81Mw==	QU5Z	94	94489281373
68719479427	107374182495	X3RtcF81Mg==	X3RtcF81Mg==	QU5Z	94	94489281372
68719479428	107374182495	X3RtcF81NQ==	X3RtcF81NQ==	QU5Z	99	94489281369
68719479429	107374182495	X3RtcF81Ng==	X3RtcF81Ng==	QU5Z	99	94489281370
68719479430	107374182495	X3RtcF81Nw==	X3RtcF81Nw==	QU5Z	99	94489281371
68719479431	107374182495	dGFibGU=	dGFibGU=	QU5Z	99	111669149867
68719479432	107374182495	dGFibGU=	dGFibGU=	QU5Z	99	111669149867
68719479433	107374182495	X3RtcF81Nw==	X3RtcF81Nw==	QU5Z	99	94489281371
68719479434	107374182495	X3RtcF81Ng==	X3RtcF81Ng==	QU5Z	99	94489281370
68719479435	107374182495	X3RtcF81NQ==	X3RtcF81NQ==	QU5Z	99	94489281369
68719479436	107374182495	dGFibGU=	dGFibGU=	QU5Z	104	111669149867
68719479437	107374182495	dGFibGU=	dGFibGU=	QU5Z	104	111669149867
68719479438	107374182495	X3RtcF81OA==	X3RtcF81OA==	X19lY21hLkFycmF5	104	94489281368
68719479439	107374182495	X3RtcF81OA==	X3RtcF81OA==	X19lY21hLkFycmF5	104	
68719479440	107374182495	X3RtcF81OA==	X3RtcF81OA==	X19lY21hLkFycmF5	104	
68719479441	107374182495	X3RtcF81OA==	X3RtcF81OA==	X19lY21hLkFycmF5	104	
68719479442	107374182495	X3RtcF81OA==	X3RtcF81OA==	X19lY21hLkFycmF5	104	
68719479443	107374182495	X3RtcF81OA==	X3RtcF81OA==	X19lY21hLkFycmF5	104	
68719479444	107374182495	dGFibGU=	dGFibGU=	QU5Z	105	111669149867
68719479445	107374182495	dGFibGU=	dGFibGU=	QU5Z	105	111669149867
68719479446	107374182495	X3RtcF81OQ==	X3RtcF81OQ==	QU5Z	109	94489281364
68719479447	107374182495	X3RtcF82MA==	X3RtcF82MA==	QU5Z	109	94489281365
68719479448	107374182495	X3RtcF82MQ==	X3RtcF82MQ==	QU5Z	109	94489281366
68719479449	107374182495	dGFibGU=	dGFibGU=	QU5Z	109	111669149869
68719479450	107374182495	dGFibGU=	dGFibGU=	QU5Z	109	111669149869
68719479451	107374182495	X3RtcF82MQ==	X3RtcF82MQ==	QU5Z	109	94489281366
68719479452	107374182495	X3RtcF82MA==	X3RtcF82MA==	QU5Z	109	94489281365
68719479453	107374182495	X3RtcF81OQ==	X3RtcF81OQ==	QU5Z	109	94489281364
68719479454	107374182495	X3RtcF82Mg==	X3RtcF82Mg==	QU5Z	114	94489281362
68719479455	107374182495	X3RtcF82Mw==	X3RtcF82Mw==	QU5Z	114	94489281363
68719479456	107374182495	dGFibGU=	dGFibGU=	QU5Z	114	111669149869
68719479457	107374182495	dGFibGU=	dGFibGU=	QU5Z	114	111669149869
68719479458	107374182495	X3RtcF82Mw==	X3RtcF82Mw==	QU5Z	114	94489281363
68719479459	107374182495	X3RtcF82Mg==	X3RtcF82Mg==	QU5Z	114	94489281362
68719479460	107374182495	dGFibGU=	dGFibGU=	QU5Z	118	111669149869
68719479461	107374182495	dGFibGU=	dGFibGU=	QU5Z	118	111669149869
68719479462	107374182495	X3RtcF82NA==	X3RtcF82NA==	QU5Z	122	94489281358
68719479463	107374182495	X3RtcF82NQ==	X3RtcF82NQ==	QU5Z	122	94489281359
68719479464	107374182495	X3RtcF82Ng==	X3RtcF82Ng==	QU5Z	122	94489281360
68719479465	107374182495	dGFibGU=	dGFibGU=	QU5Z	122	111669149871
68719479466	107374182495	dGFibGU=	dGFibGU=	QU5Z	122	111669149871
68719479467	107374182495	X3RtcF82Ng==	X3RtcF82Ng==	QU5Z	122	94489281360
68719479468	107374182495	X3RtcF82NQ==	X3RtcF82NQ==	QU5Z	122	94489281359
68719479469	107374182495	X3RtcF82NA==	X3RtcF82NA==	QU5Z	122	94489281358
68719479470	107374182495	X3RtcF82Nw==	X3RtcF82Nw==	QU5Z	127	94489281355
68719479471	107374182495	X3RtcF82OA==	X3RtcF82OA==	QU5Z	127	94489281356
68719479472	107374182495	X3RtcF82OQ==	X3RtcF82OQ==	QU5Z	127	94489281357
68719479473	107374182495	dGFibGU=	dGFibGU=	QU5Z	127	111669149871
68719479474	107374182495	dGFibGU=	dGFibGU=	QU5Z	127	111669149871
68719479475	107374182495	X3RtcF82OQ==	X3RtcF82OQ==	QU5Z	127	94489281357
68719479476	107374182495	X3RtcF82OA==	X3RtcF82OA==	QU5Z	127	94489281356
68719479477	107374182495	X3RtcF82Nw==	X3RtcF82Nw==	QU5Z	127	94489281355
68719479478	107374182495	X3RtcF83MA==	X3RtcF83MA==	QU5Z	132	94489281352
68719479479	107374182495	X3RtcF83MQ==	X3RtcF83MQ==	QU5Z	132	94489281353
68719479480	107374182495	X3RtcF83Mg==	X3RtcF83Mg==	QU5Z	132	94489281354
68719479481	107374182495	dGFibGU=	dGFibGU=	QU5Z	132	111669149871
68719479482	107374182495	dGFibGU=	dGFibGU=	QU5Z	132	111669149871
68719479483	107374182495	X3RtcF83Mg==	X3RtcF83Mg==	QU5Z	132	94489281354
68719479484	107374182495	X3RtcF83MQ==	X3RtcF83MQ==	QU5Z	132	94489281353
68719479485	107374182495	X3RtcF83MA==	X3RtcF83MA==	QU5Z	132	94489281352
68719479486	107374182495	dGFibGU=	dGFibGU=	QU5Z	137	111669149871
68719479487	107374182495	dGFibGU=	dGFibGU=	QU5Z	137	111669149871
68719479488	107374182495	X3RtcF83Mw==	X3RtcF83Mw==	X19lY21hLkFycmF5	137	94489281351
68719479489	107374182495	X3RtcF83Mw==	X3RtcF83Mw==	X19lY21hLkFycmF5	137	
68719479490	107374182495	X3RtcF83Mw==	X3RtcF83Mw==	X19lY21hLkFycmF5	137	
68719479491	107374182495	X3RtcF83Mw==	X3RtcF83Mw==	X19lY21hLkFycmF5	137	
68719479492	107374182495	X3RtcF83Mw==	X3RtcF83Mw==	X19lY21hLkFycmF5	137	
68719479493	107374182495	X3RtcF83Mw==	X3RtcF83Mw==	X19lY21hLkFycmF5	137	
68719479494	107374182495	dGFibGU=	dGFibGU=	QU5Z	138	111669149871
68719479495	107374182495	dGFibGU=	dGFibGU=	QU5Z	138	111669149871
68719479496	107374182495	X3RtcF8w	X3RtcF8w	QU5Z	2	94489281361
68719479497	107374182495	X3RtcF8x	X3RtcF8x	QU5Z	2	94489281367
68719479498	107374182495	X3RtcF8y	X3RtcF8y	QU5Z	2	94489281378
68719479499	107374182495	X3RtcF8z	X3RtcF8z	QU5Z	2	94489281388
68719479500	107374182495	X3RtcF80	X3RtcF80	QU5Z	2	94489281399
68719479501	107374182495	X3RtcF81	X3RtcF81	QU5Z	2	94489281413
68719479502	107374182495	X3RtcF82	X3RtcF82	a25leDpzY2hlbWE6PHJldHVyblZhbHVlPjo8bWVtYmVyPihzY2hlbWEp	2	94489281424
68719479503	107374182495	a25leA==	a25leA==	QU5Z	2	111669149873
68719479504	107374182495	X3RtcF82	X3RtcF82	a25leDpzY2hlbWE6PHJldHVyblZhbHVlPjo8bWVtYmVyPihzY2hlbWEp	2	94489281424
68719479505	107374182495	X3RtcF81	X3RtcF81	QU5Z	2	94489281413
68719479506	107374182495	X3RtcF80	X3RtcF80	QU5Z	2	94489281399
68719479507	107374182495	X3RtcF8z	X3RtcF8z	QU5Z	2	94489281388
68719479508	107374182495	X3RtcF8y	X3RtcF8y	QU5Z	2	94489281378
68719479509	107374182495	X3RtcF8x	X3RtcF8x	QU5Z	2	94489281367
68719479510	107374182495	X3RtcF8w	X3RtcF8w	QU5Z	2	94489281361
68719479511	107374182495	X3RtcF83NA==	X3RtcF83NA==	QU5Z	143	94489281343
68719479512	107374182495	X3RtcF83NQ==	X3RtcF83NQ==	QU5Z	143	94489281344
68719479513	107374182495	X3RtcF83Ng==	X3RtcF83Ng==	QU5Z	143	94489281345
68719479514	107374182495	X3RtcF83Nw==	X3RtcF83Nw==	QU5Z	143	94489281346
68719479515	107374182495	X3RtcF83OA==	X3RtcF83OA==	QU5Z	143	94489281347
68719479516	107374182495	X3RtcF83OQ==	X3RtcF83OQ==	QU5Z	143	94489281348
68719479517	107374182495	X3RtcF84MA==	X3RtcF84MA==	a25leDpzY2hlbWE6PHJldHVyblZhbHVlPjo8bWVtYmVyPihzY2hlbWEp	143	94489281349
68719479518	107374182495	a25leA==	a25leA==	QU5Z	143	111669149875
68719479519	107374182495	X3RtcF84MA==	X3RtcF84MA==	a25leDpzY2hlbWE6PHJldHVyblZhbHVlPjo8bWVtYmVyPihzY2hlbWEp	143	94489281349
68719479520	107374182495	X3RtcF83OQ==	X3RtcF83OQ==	QU5Z	143	94489281348
68719479521	107374182495	X3RtcF83OA==	X3RtcF83OA==	QU5Z	143	94489281347
68719479522	107374182495	X3RtcF83Nw==	X3RtcF83Nw==	QU5Z	143	94489281346
68719479523	107374182495	X3RtcF83Ng==	X3RtcF83Ng==	QU5Z	143	94489281345
68719479524	107374182495	X3RtcF83NQ==	X3RtcF83NQ==	QU5Z	143	94489281344
68719479525	107374182495	X3RtcF83NA==	X3RtcF83NA==	QU5Z	143	94489281343
68719479526	107374182495	ZXhwb3J0cw==	ZXhwb3J0cw==	bWlncmF0aW9ucy8yMDE3MDQyMjIxMzgyMl9pbml0LmpzOjpwcm9ncmFt	1	94489281350
68719479527	107374182495	ZXhwb3J0cw==	ZXhwb3J0cw==	bWlncmF0aW9ucy8yMDE3MDQyMjIxMzgyMl9pbml0LmpzOjpwcm9ncmFt	142	94489281350
68719479511	107374182496	X3RtcF83NA==	X3RtcF83NA==	QU5Z	143	94489281343
68719479512	107374182496	X3RtcF83NQ==	X3RtcF83NQ==	QU5Z	143	94489281344
68719479513	107374182496	X3RtcF83Ng==	X3RtcF83Ng==	QU5Z	143	94489281345
68719479514	107374182496	X3RtcF83Nw==	X3RtcF83Nw==	QU5Z	143	94489281346
68719479515	107374182496	X3RtcF83OA==	X3RtcF83OA==	QU5Z	143	94489281347
68719479516	107374182496	X3RtcF83OQ==	X3RtcF83OQ==	QU5Z	143	94489281348
68719479517	107374182496	X3RtcF84MA==	X3RtcF84MA==	a25leDpzY2hlbWE6PHJldHVyblZhbHVlPjo8bWVtYmVyPihzY2hlbWEp	143	94489281349
68719479518	107374182496	a25leA==	a25leA==	QU5Z	143	111669149875
68719479519	107374182496	X3RtcF84MA==	X3RtcF84MA==	a25leDpzY2hlbWE6PHJldHVyblZhbHVlPjo8bWVtYmVyPihzY2hlbWEp	143	94489281349
68719479520	107374182496	X3RtcF83OQ==	X3RtcF83OQ==	QU5Z	143	94489281348
68719479521	107374182496	X3RtcF83OA==	X3RtcF83OA==	QU5Z	143	94489281347
68719479522	107374182496	X3RtcF83Nw==	X3RtcF83Nw==	QU5Z	143	94489281346
68719479523	107374182496	X3RtcF83Ng==	X3RtcF83Ng==	QU5Z	143	94489281345
68719479524	107374182496	X3RtcF83NQ==	X3RtcF83NQ==	QU5Z	143	94489281344
68719479525	107374182496	X3RtcF83NA==	X3RtcF83NA==	QU5Z	143	94489281343
68719479528	107374182497	Um91dGVy	Um91dGVy	a29hLXJvdXRlcg==	1	94489281425
68719479529	107374182497	cmVxdWlyZQ==	cmVxdWlyZQ==	KCIuLi9jb250cm9sbGVycyIpOjxtZW1iZXI+KGFydGljbGVzKQ==	1	94489281431
68719479530	107374182497	dGhpcw==	dGhpcw==	cm91dGVzL2FydGljbGVzLXJvdXRlci5qczo6cHJvZ3JhbQ==	1	111669149877
68719479531	107374182497	Y3RybA==	Y3RybA==	eyBieVNsdWcoc2x1ZzogQU5ZLCBjdHg6IEFOWSwgbmV4dDogQU5ZKTogUHJvbWlzZTx2b2lkPjsgZ2V0KGN0eDogQU5ZKTogUHJvbWlzZTx2b2lkPjsgZ2V0T25lKGN0eDogQU5ZKTogUHJvbWlzZTx2b2lkPjsgcG9zdChjdHg6IEFOWSk6IFByb21pc2U8dm9pZD47IC4uLiA0IG1vcmUgLi4uOyBjb21tZW50czogeyAuLi47IH07IH0=	2	94489281426
68719479532	107374182497	cmVxdWlyZQ==	cmVxdWlyZQ==	KCIuLi9jb250cm9sbGVycyIpOjxtZW1iZXI+KGFydGljbGVzKQ==	2	94489281431
68719479533	107374182497	dGhpcw==	dGhpcw==	cm91dGVzL2FydGljbGVzLXJvdXRlci5qczo6cHJvZ3JhbQ==	2	111669149877
68719479534	107374182497	cm91dGVy	cm91dGVy	a29hLXJvdXRlcg==	3	94489281427
68719479535	107374182497	X3RtcF8w	X3RtcF8w	a29hLXJvdXRlcg==	3	94489281432
68719479536	107374182497	Um91dGVy	Um91dGVy	a29hLXJvdXRlcg==	3	94489281425
68719479537	107374182497	X3RtcF8w	X3RtcF8w	a29hLXJvdXRlcg==	3	
68719479538	107374182497	X3RtcF8w	X3RtcF8w	a29hLXJvdXRlcg==	3	
68719479539	107374182497	YXV0aA==	YXV0aA==	KGN0eDogQU5ZLCBuZXh0OiBBTlkpID0+IEFOWQ==	5	94489281429
68719479540	107374182497	cmVxdWlyZQ==	cmVxdWlyZQ==	KCIuLi9jb250cm9sbGVycyIpOjxtZW1iZXI+KGFydGljbGVzKQ==	5	94489281431
68719479541	107374182497	dGhpcw==	dGhpcw==	cm91dGVzL2FydGljbGVzLXJvdXRlci5qczo6cHJvZ3JhbQ==	5	111669149877
68719479542	107374182497	cm91dGVy	cm91dGVy	a29hLXJvdXRlcg==	7	94489281427
68719479543	107374182497	cm91dGVy	cm91dGVy	a29hLXJvdXRlcg==	7	94489281427
68719479544	107374182497	Y3RybA==	Y3RybA==	eyBieVNsdWcoc2x1ZzogQU5ZLCBjdHg6IEFOWSwgbmV4dDogQU5ZKTogUHJvbWlzZTx2b2lkPjsgZ2V0KGN0eDogQU5ZKTogUHJvbWlzZTx2b2lkPjsgZ2V0T25lKGN0eDogQU5ZKTogUHJvbWlzZTx2b2lkPjsgcG9zdChjdHg6IEFOWSk6IFByb21pc2U8dm9pZD47IC4uLiA0IG1vcmUgLi4uOyBjb21tZW50czogeyAuLi47IH07IH0=	7	94489281426
68719479545	107374182497	cm91dGVy	cm91dGVy	a29hLXJvdXRlcg==	8	94489281427
68719479546	107374182497	cm91dGVy	cm91dGVy	a29hLXJvdXRlcg==	8	94489281427
68719479547	107374182497	Y3RybA==	Y3RybA==	eyBieVNsdWcoc2x1ZzogQU5ZLCBjdHg6IEFOWSwgbmV4dDogQU5ZKTogUHJvbWlzZTx2b2lkPjsgZ2V0KGN0eDogQU5ZKTogUHJvbWlzZTx2b2lkPjsgZ2V0T25lKGN0eDogQU5ZKTogUHJvbWlzZTx2b2lkPjsgcG9zdChjdHg6IEFOWSk6IFByb21pc2U8dm9pZD47IC4uLiA0IG1vcmUgLi4uOyBjb21tZW50czogeyAuLi47IH07IH0=	8	94489281426
68719479548	107374182497	cm91dGVy	cm91dGVy	a29hLXJvdXRlcg==	10	94489281427
68719479549	107374182497	cm91dGVy	cm91dGVy	a29hLXJvdXRlcg==	10	94489281427
68719479550	107374182497	Y3RybA==	Y3RybA==	eyBieVNsdWcoc2x1ZzogQU5ZLCBjdHg6IEFOWSwgbmV4dDogQU5ZKTogUHJvbWlzZTx2b2lkPjsgZ2V0KGN0eDogQU5ZKTogUHJvbWlzZTx2b2lkPjsgZ2V0T25lKGN0eDogQU5ZKTogUHJvbWlzZTx2b2lkPjsgcG9zdChjdHg6IEFOWSk6IFByb21pc2U8dm9pZD47IC4uLiA0IG1vcmUgLi4uOyBjb21tZW50czogeyAuLi47IH07IH0=	10	94489281426
68719479551	107374182497	cm91dGVy	cm91dGVy	a29hLXJvdXRlcg==	11	94489281427
68719479552	107374182497	cm91dGVy	cm91dGVy	a29hLXJvdXRlcg==	11	94489281427
68719479553	107374182497	YXV0aA==	YXV0aA==	KGN0eDogQU5ZLCBuZXh0OiBBTlkpID0+IEFOWQ==	11	94489281429
68719479554	107374182497	Y3RybA==	Y3RybA==	eyBieVNsdWcoc2x1ZzogQU5ZLCBjdHg6IEFOWSwgbmV4dDogQU5ZKTogUHJvbWlzZTx2b2lkPjsgZ2V0KGN0eDogQU5ZKTogUHJvbWlzZTx2b2lkPjsgZ2V0T25lKGN0eDogQU5ZKTogUHJvbWlzZTx2b2lkPjsgcG9zdChjdHg6IEFOWSk6IFByb21pc2U8dm9pZD47IC4uLiA0IG1vcmUgLi4uOyBjb21tZW50czogeyAuLi47IH07IH0=	11	94489281426
68719479555	107374182497	cm91dGVy	cm91dGVy	a29hLXJvdXRlcg==	13	94489281427
68719479556	107374182497	cm91dGVy	cm91dGVy	a29hLXJvdXRlcg==	13	94489281427
68719479557	107374182497	YXV0aA==	YXV0aA==	KGN0eDogQU5ZLCBuZXh0OiBBTlkpID0+IEFOWQ==	13	94489281429
68719479558	107374182497	Y3RybA==	Y3RybA==	eyBieVNsdWcoc2x1ZzogQU5ZLCBjdHg6IEFOWSwgbmV4dDogQU5ZKTogUHJvbWlzZTx2b2lkPjsgZ2V0KGN0eDogQU5ZKTogUHJvbWlzZTx2b2lkPjsgZ2V0T25lKGN0eDogQU5ZKTogUHJvbWlzZTx2b2lkPjsgcG9zdChjdHg6IEFOWSk6IFByb21pc2U8dm9pZD47IC4uLiA0IG1vcmUgLi4uOyBjb21tZW50czogeyAuLi47IH07IH0=	13	94489281426
68719479559	107374182497	cm91dGVy	cm91dGVy	a29hLXJvdXRlcg==	15	94489281427
68719479560	107374182497	cm91dGVy	cm91dGVy	a29hLXJvdXRlcg==	15	94489281427
68719479561	107374182497	Y3RybA==	Y3RybA==	eyBieVNsdWcoc2x1ZzogQU5ZLCBjdHg6IEFOWSwgbmV4dDogQU5ZKTogUHJvbWlzZTx2b2lkPjsgZ2V0KGN0eDogQU5ZKTogUHJvbWlzZTx2b2lkPjsgZ2V0T25lKGN0eDogQU5ZKTogUHJvbWlzZTx2b2lkPjsgcG9zdChjdHg6IEFOWSk6IFByb21pc2U8dm9pZD47IC4uLiA0IG1vcmUgLi4uOyBjb21tZW50czogeyAuLi47IH07IH0=	15	94489281426
68719479562	107374182497	cm91dGVy	cm91dGVy	a29hLXJvdXRlcg==	16	94489281427
68719479563	107374182497	cm91dGVy	cm91dGVy	a29hLXJvdXRlcg==	16	94489281427
68719479564	107374182497	YXV0aA==	YXV0aA==	KGN0eDogQU5ZLCBuZXh0OiBBTlkpID0+IEFOWQ==	16	94489281429
68719479565	107374182497	Y3RybA==	Y3RybA==	eyBieVNsdWcoc2x1ZzogQU5ZLCBjdHg6IEFOWSwgbmV4dDogQU5ZKTogUHJvbWlzZTx2b2lkPjsgZ2V0KGN0eDogQU5ZKTogUHJvbWlzZTx2b2lkPjsgZ2V0T25lKGN0eDogQU5ZKTogUHJvbWlzZTx2b2lkPjsgcG9zdChjdHg6IEFOWSk6IFByb21pc2U8dm9pZD47IC4uLiA0IG1vcmUgLi4uOyBjb21tZW50czogeyAuLi47IH07IH0=	16	94489281426
68719479566	107374182497	cm91dGVy	cm91dGVy	a29hLXJvdXRlcg==	17	94489281427
68719479567	107374182497	cm91dGVy	cm91dGVy	a29hLXJvdXRlcg==	17	94489281427
68719479568	107374182497	YXV0aA==	YXV0aA==	KGN0eDogQU5ZLCBuZXh0OiBBTlkpID0+IEFOWQ==	17	94489281429
68719479569	107374182497	Y3RybA==	Y3RybA==	eyBieVNsdWcoc2x1ZzogQU5ZLCBjdHg6IEFOWSwgbmV4dDogQU5ZKTogUHJvbWlzZTx2b2lkPjsgZ2V0KGN0eDogQU5ZKTogUHJvbWlzZTx2b2lkPjsgZ2V0T25lKGN0eDogQU5ZKTogUHJvbWlzZTx2b2lkPjsgcG9zdChjdHg6IEFOWSk6IFByb21pc2U8dm9pZD47IC4uLiA0IG1vcmUgLi4uOyBjb21tZW50czogeyAuLi47IH07IH0=	17	94489281426
68719479570	107374182497	cm91dGVy	cm91dGVy	a29hLXJvdXRlcg==	19	94489281427
68719479571	107374182497	cm91dGVy	cm91dGVy	a29hLXJvdXRlcg==	19	94489281427
68719479572	107374182497	YXV0aA==	YXV0aA==	KGN0eDogQU5ZLCBuZXh0OiBBTlkpID0+IEFOWQ==	19	94489281429
68719479573	107374182497	Y3RybA==	Y3RybA==	eyBieVNsdWcoc2x1ZzogQU5ZLCBjdHg6IEFOWSwgbmV4dDogQU5ZKTogUHJvbWlzZTx2b2lkPjsgZ2V0KGN0eDogQU5ZKTogUHJvbWlzZTx2b2lkPjsgZ2V0T25lKGN0eDogQU5ZKTogUHJvbWlzZTx2b2lkPjsgcG9zdChjdHg6IEFOWSk6IFByb21pc2U8dm9pZD47IC4uLiA0IG1vcmUgLi4uOyBjb21tZW50czogeyAuLi47IH07IH0=	19	94489281426
68719479574	107374182497	cm91dGVy	cm91dGVy	a29hLXJvdXRlcg==	20	94489281427
68719479575	107374182497	cm91dGVy	cm91dGVy	a29hLXJvdXRlcg==	20	94489281427
68719479576	107374182497	YXV0aA==	YXV0aA==	KGN0eDogQU5ZLCBuZXh0OiBBTlkpID0+IEFOWQ==	20	94489281429
68719479577	107374182497	Y3RybA==	Y3RybA==	eyBieVNsdWcoc2x1ZzogQU5ZLCBjdHg6IEFOWSwgbmV4dDogQU5ZKTogUHJvbWlzZTx2b2lkPjsgZ2V0KGN0eDogQU5ZKTogUHJvbWlzZTx2b2lkPjsgZ2V0T25lKGN0eDogQU5ZKTogUHJvbWlzZTx2b2lkPjsgcG9zdChjdHg6IEFOWSk6IFByb21pc2U8dm9pZD47IC4uLiA0IG1vcmUgLi4uOyBjb21tZW50czogeyAuLi47IH07IH0=	20	94489281426
68719479578	107374182497	cm91dGVy	cm91dGVy	a29hLXJvdXRlcg==	22	94489281427
68719479579	107374182497	cm91dGVy	cm91dGVy	a29hLXJvdXRlcg==	22	94489281427
68719479580	107374182497	Y3RybA==	Y3RybA==	eyBieVNsdWcoc2x1ZzogQU5ZLCBjdHg6IEFOWSwgbmV4dDogQU5ZKTogUHJvbWlzZTx2b2lkPjsgZ2V0KGN0eDogQU5ZKTogUHJvbWlzZTx2b2lkPjsgZ2V0T25lKGN0eDogQU5ZKTogUHJvbWlzZTx2b2lkPjsgcG9zdChjdHg6IEFOWSk6IFByb21pc2U8dm9pZD47IC4uLiA0IG1vcmUgLi4uOyBjb21tZW50czogeyAuLi47IH07IH0=	22	94489281426
68719479581	107374182497	cm91dGVy	cm91dGVy	a29hLXJvdXRlcg==	23	94489281427
68719479582	107374182497	cm91dGVy	cm91dGVy	a29hLXJvdXRlcg==	23	94489281427
68719479583	107374182497	YXV0aA==	YXV0aA==	KGN0eDogQU5ZLCBuZXh0OiBBTlkpID0+IEFOWQ==	23	94489281429
68719479584	107374182497	Y3RybA==	Y3RybA==	eyBieVNsdWcoc2x1ZzogQU5ZLCBjdHg6IEFOWSwgbmV4dDogQU5ZKTogUHJvbWlzZTx2b2lkPjsgZ2V0KGN0eDogQU5ZKTogUHJvbWlzZTx2b2lkPjsgZ2V0T25lKGN0eDogQU5ZKTogUHJvbWlzZTx2b2lkPjsgcG9zdChjdHg6IEFOWSk6IFByb21pc2U8dm9pZD47IC4uLiA0IG1vcmUgLi4uOyBjb21tZW50czogeyAuLi47IH07IH0=	23	94489281426
68719479585	107374182497	cm91dGVy	cm91dGVy	a29hLXJvdXRlcg==	24	94489281427
68719479586	107374182497	cm91dGVy	cm91dGVy	a29hLXJvdXRlcg==	24	94489281427
68719479587	107374182497	YXV0aA==	YXV0aA==	KGN0eDogQU5ZLCBuZXh0OiBBTlkpID0+IEFOWQ==	24	94489281429
68719479588	107374182497	Y3RybA==	Y3RybA==	eyBieVNsdWcoc2x1ZzogQU5ZLCBjdHg6IEFOWSwgbmV4dDogQU5ZKTogUHJvbWlzZTx2b2lkPjsgZ2V0KGN0eDogQU5ZKTogUHJvbWlzZTx2b2lkPjsgZ2V0T25lKGN0eDogQU5ZKTogUHJvbWlzZTx2b2lkPjsgcG9zdChjdHg6IEFOWSk6IFByb21pc2U8dm9pZD47IC4uLiA0IG1vcmUgLi4uOyBjb21tZW50czogeyAuLi47IH07IH0=	24	94489281426
68719479589	107374182497	bW9kdWxl	bW9kdWxl	eyBleHBvcnRzOiBBTlk7IH0=	26	94489281430
68719479590	107374182497	cm91dGVy	cm91dGVy	a29hLXJvdXRlcg==	26	94489281427
68719479591	107374182497	cm91dGVy	cm91dGVy	a29hLXJvdXRlcg==	26	94489281427
68719479592	107374182498	Um91dGVy	Um91dGVy	a29hLXJvdXRlcg==	1	94489281433
68719479593	107374182498	cmVxdWlyZQ==	cmVxdWlyZQ==	QU5Z	1	94489281443
68719479594	107374182498	dGhpcw==	dGhpcw==	cm91dGVzL2luZGV4LmpzOjpwcm9ncmFt	1	111669149878
68719479595	107374182498	cm91dGVy	cm91dGVy	a29hLXJvdXRlcg==	2	94489281434
68719479596	107374182498	X3RtcF8w	X3RtcF8w	a29hLXJvdXRlcg==	2	94489281445
68719479597	107374182498	Um91dGVy	Um91dGVy	a29hLXJvdXRlcg==	2	94489281433
68719479598	107374182498	X3RtcF8w	X3RtcF8w	a29hLXJvdXRlcg==	2	
68719479599	107374182498	X3RtcF8w	X3RtcF8w	a29hLXJvdXRlcg==	2	
68719479600	107374182498	YXBp	YXBp	a29hLXJvdXRlcg==	3	94489281436
68719479601	107374182498	X3RtcF8x	X3RtcF8x	a29hLXJvdXRlcg==	3	94489281444
68719479602	107374182498	Um91dGVy	Um91dGVy	a29hLXJvdXRlcg==	3	94489281433
68719479603	107374182498	X3RtcF8x	X3RtcF8x	a29hLXJvdXRlcg==	3	
68719479604	107374182498	X3RtcF8x	X3RtcF8x	a29hLXJvdXRlcg==	3	
68719479605	107374182498	dXNlcnM=	dXNlcnM=	QU5Z	5	94489281438
68719479606	107374182498	cmVxdWlyZQ==	cmVxdWlyZQ==	QU5Z	5	94489281443
68719479607	107374182498	dGhpcw==	dGhpcw==	cm91dGVzL2luZGV4LmpzOjpwcm9ncmFt	5	111669149878
68719479608	107374182498	YXJ0aWNsZXM=	YXJ0aWNsZXM=	QU5Z	6	94489281439
68719479609	107374182498	cmVxdWlyZQ==	cmVxdWlyZQ==	QU5Z	6	94489281443
68719479610	107374182498	dGhpcw==	dGhpcw==	cm91dGVzL2luZGV4LmpzOjpwcm9ncmFt	6	111669149878
68719479611	107374182498	cHJvZmlsZXM=	cHJvZmlsZXM=	QU5Z	7	94489281440
68719479612	107374182498	cmVxdWlyZQ==	cmVxdWlyZQ==	QU5Z	7	94489281443
68719479613	107374182498	dGhpcw==	dGhpcw==	cm91dGVzL2luZGV4LmpzOjpwcm9ncmFt	7	111669149878
68719479614	107374182498	dGFncw==	dGFncw==	QU5Z	8	94489281441
68719479615	107374182498	cmVxdWlyZQ==	cmVxdWlyZQ==	QU5Z	8	94489281443
68719479616	107374182498	dGhpcw==	dGhpcw==	cm91dGVzL2luZGV4LmpzOjpwcm9ncmFt	8	111669149878
68719479617	107374182498	YXBp	YXBp	a29hLXJvdXRlcg==	10	94489281436
68719479618	107374182498	YXBp	YXBp	a29hLXJvdXRlcg==	10	94489281436
68719479619	107374182498	dXNlcnM=	dXNlcnM=	QU5Z	10	94489281438
68719479620	107374182498	YXBp	YXBp	a29hLXJvdXRlcg==	11	94489281436
68719479621	107374182498	YXBp	YXBp	a29hLXJvdXRlcg==	11	94489281436
68719479622	107374182498	YXJ0aWNsZXM=	YXJ0aWNsZXM=	QU5Z	11	94489281439
68719479623	107374182498	YXBp	YXBp	a29hLXJvdXRlcg==	12	94489281436
68719479624	107374182498	YXBp	YXBp	a29hLXJvdXRlcg==	12	94489281436
68719479625	107374182498	cHJvZmlsZXM=	cHJvZmlsZXM=	QU5Z	12	94489281440
68719479626	107374182498	YXBp	YXBp	a29hLXJvdXRlcg==	13	94489281436
68719479627	107374182498	YXBp	YXBp	a29hLXJvdXRlcg==	13	94489281436
68719479628	107374182498	dGFncw==	dGFncw==	QU5Z	13	94489281441
68719479629	107374182498	cm91dGVy	cm91dGVy	a29hLXJvdXRlcg==	15	94489281434
68719479630	107374182498	cm91dGVy	cm91dGVy	a29hLXJvdXRlcg==	15	94489281434
68719479631	107374182498	YXBp	YXBp	a29hLXJvdXRlcg==	15	94489281436
68719479632	107374182498	YXBp	YXBp	a29hLXJvdXRlcg==	15	94489281436
68719479633	107374182498	bW9kdWxl	bW9kdWxl	eyBleHBvcnRzOiBBTlk7IH0=	17	94489281442
68719479634	107374182498	cm91dGVy	cm91dGVy	a29hLXJvdXRlcg==	17	94489281434
68719479635	107374182499	Um91dGVy	Um91dGVy	a29hLXJvdXRlcg==	1	94489281446
68719479636	107374182499	cmVxdWlyZQ==	cmVxdWlyZQ==	KCIuLi9jb250cm9sbGVycyIpOjxtZW1iZXI+KHByb2ZpbGVzKQ==	1	94489281452
68719479637	107374182499	dGhpcw==	dGhpcw==	cm91dGVzL3Byb2ZpbGVzLXJvdXRlci5qczo6cHJvZ3JhbQ==	1	111669149879
68719479638	107374182499	Y3RybA==	Y3RybA==	eyBieVVzZXJuYW1lKHVzZXJuYW1lOiBBTlksIGN0eDogQU5ZLCBuZXh0OiBBTlkpOiBQcm9taXNlPHZvaWQ+OyBnZXQoY3R4OiBBTlkpOiBQcm9taXNlPHZvaWQ+OyBmb2xsb3c6IHsgcG9zdChjdHg6IEFOWSk6IFByb21pc2U8dm9pZD47IGRlbChjdHg6IEFOWSk6IFByb21pc2U8Li4uPjsgfTsgfQ==	2	94489281447
68719479639	107374182499	cmVxdWlyZQ==	cmVxdWlyZQ==	KCIuLi9jb250cm9sbGVycyIpOjxtZW1iZXI+KHByb2ZpbGVzKQ==	2	94489281452
68719479640	107374182499	dGhpcw==	dGhpcw==	cm91dGVzL3Byb2ZpbGVzLXJvdXRlci5qczo6cHJvZ3JhbQ==	2	111669149879
68719479641	107374182499	cm91dGVy	cm91dGVy	a29hLXJvdXRlcg==	3	94489281448
68719479642	107374182499	X3RtcF8w	X3RtcF8w	a29hLXJvdXRlcg==	3	94489281453
68719479643	107374182499	Um91dGVy	Um91dGVy	a29hLXJvdXRlcg==	3	94489281446
68719479644	107374182499	X3RtcF8w	X3RtcF8w	a29hLXJvdXRlcg==	3	
68719479645	107374182499	X3RtcF8w	X3RtcF8w	a29hLXJvdXRlcg==	3	
68719479646	107374182499	YXV0aA==	YXV0aA==	KGN0eDogQU5ZLCBuZXh0OiBBTlkpID0+IEFOWQ==	5	94489281450
68719479647	107374182499	cmVxdWlyZQ==	cmVxdWlyZQ==	KCIuLi9jb250cm9sbGVycyIpOjxtZW1iZXI+KHByb2ZpbGVzKQ==	5	94489281452
68719479648	107374182499	dGhpcw==	dGhpcw==	cm91dGVzL3Byb2ZpbGVzLXJvdXRlci5qczo6cHJvZ3JhbQ==	5	111669149879
68719479649	107374182499	cm91dGVy	cm91dGVy	a29hLXJvdXRlcg==	7	94489281448
68719479650	107374182499	cm91dGVy	cm91dGVy	a29hLXJvdXRlcg==	7	94489281448
68719479651	107374182499	Y3RybA==	Y3RybA==	eyBieVVzZXJuYW1lKHVzZXJuYW1lOiBBTlksIGN0eDogQU5ZLCBuZXh0OiBBTlkpOiBQcm9taXNlPHZvaWQ+OyBnZXQoY3R4OiBBTlkpOiBQcm9taXNlPHZvaWQ+OyBmb2xsb3c6IHsgcG9zdChjdHg6IEFOWSk6IFByb21pc2U8dm9pZD47IGRlbChjdHg6IEFOWSk6IFByb21pc2U8Li4uPjsgfTsgfQ==	7	94489281447
68719479652	107374182499	cm91dGVy	cm91dGVy	a29hLXJvdXRlcg==	9	94489281448
68719479653	107374182499	cm91dGVy	cm91dGVy	a29hLXJvdXRlcg==	9	94489281448
68719479654	107374182499	Y3RybA==	Y3RybA==	eyBieVVzZXJuYW1lKHVzZXJuYW1lOiBBTlksIGN0eDogQU5ZLCBuZXh0OiBBTlkpOiBQcm9taXNlPHZvaWQ+OyBnZXQoY3R4OiBBTlkpOiBQcm9taXNlPHZvaWQ+OyBmb2xsb3c6IHsgcG9zdChjdHg6IEFOWSk6IFByb21pc2U8dm9pZD47IGRlbChjdHg6IEFOWSk6IFByb21pc2U8Li4uPjsgfTsgfQ==	9	94489281447
68719479655	107374182499	cm91dGVy	cm91dGVy	a29hLXJvdXRlcg==	10	94489281448
68719479656	107374182499	cm91dGVy	cm91dGVy	a29hLXJvdXRlcg==	10	94489281448
68719479657	107374182499	YXV0aA==	YXV0aA==	KGN0eDogQU5ZLCBuZXh0OiBBTlkpID0+IEFOWQ==	10	94489281450
68719479658	107374182499	Y3RybA==	Y3RybA==	eyBieVVzZXJuYW1lKHVzZXJuYW1lOiBBTlksIGN0eDogQU5ZLCBuZXh0OiBBTlkpOiBQcm9taXNlPHZvaWQ+OyBnZXQoY3R4OiBBTlkpOiBQcm9taXNlPHZvaWQ+OyBmb2xsb3c6IHsgcG9zdChjdHg6IEFOWSk6IFByb21pc2U8dm9pZD47IGRlbChjdHg6IEFOWSk6IFByb21pc2U8Li4uPjsgfTsgfQ==	10	94489281447
68719479659	107374182499	cm91dGVy	cm91dGVy	a29hLXJvdXRlcg==	11	94489281448
68719479660	107374182499	cm91dGVy	cm91dGVy	a29hLXJvdXRlcg==	11	94489281448
68719479661	107374182499	YXV0aA==	YXV0aA==	KGN0eDogQU5ZLCBuZXh0OiBBTlkpID0+IEFOWQ==	11	94489281450
68719479662	107374182499	Y3RybA==	Y3RybA==	eyBieVVzZXJuYW1lKHVzZXJuYW1lOiBBTlksIGN0eDogQU5ZLCBuZXh0OiBBTlkpOiBQcm9taXNlPHZvaWQ+OyBnZXQoY3R4OiBBTlkpOiBQcm9taXNlPHZvaWQ+OyBmb2xsb3c6IHsgcG9zdChjdHg6IEFOWSk6IFByb21pc2U8dm9pZD47IGRlbChjdHg6IEFOWSk6IFByb21pc2U8Li4uPjsgfTsgfQ==	11	94489281447
68719479663	107374182499	bW9kdWxl	bW9kdWxl	eyBleHBvcnRzOiBBTlk7IH0=	13	94489281451
68719479664	107374182499	cm91dGVy	cm91dGVy	a29hLXJvdXRlcg==	13	94489281448
68719479665	107374182499	cm91dGVy	cm91dGVy	a29hLXJvdXRlcg==	13	94489281448
68719479666	107374182500	Um91dGVy	Um91dGVy	a29hLXJvdXRlcg==	1	94489281454
68719479667	107374182500	cmVxdWlyZQ==	cmVxdWlyZQ==	KCIuLi9jb250cm9sbGVycyIpOjxtZW1iZXI+KHRhZ3Mp	1	94489281460
68719479668	107374182500	dGhpcw==	dGhpcw==	cm91dGVzL3RhZ3Mtcm91dGVyLmpzOjpwcm9ncmFt	1	111669149880
68719479669	107374182500	Y3RybA==	Y3RybA==	eyBnZXQoY3R4OiBBTlkpOiBQcm9taXNlPHZvaWQ+OyB9	2	94489281455
68719479670	107374182500	cmVxdWlyZQ==	cmVxdWlyZQ==	KCIuLi9jb250cm9sbGVycyIpOjxtZW1iZXI+KHRhZ3Mp	2	94489281460
68719479671	107374182500	dGhpcw==	dGhpcw==	cm91dGVzL3RhZ3Mtcm91dGVyLmpzOjpwcm9ncmFt	2	111669149880
68719479672	107374182500	cm91dGVy	cm91dGVy	a29hLXJvdXRlcg==	3	94489281456
68719479673	107374182500	X3RtcF8w	X3RtcF8w	a29hLXJvdXRlcg==	3	94489281459
68719479674	107374182500	Um91dGVy	Um91dGVy	a29hLXJvdXRlcg==	3	94489281454
68719479675	107374182500	X3RtcF8w	X3RtcF8w	a29hLXJvdXRlcg==	3	
68719479676	107374182500	X3RtcF8w	X3RtcF8w	a29hLXJvdXRlcg==	3	
68719479677	107374182500	cm91dGVy	cm91dGVy	a29hLXJvdXRlcg==	5	94489281456
68719479678	107374182500	cm91dGVy	cm91dGVy	a29hLXJvdXRlcg==	5	94489281456
68719479679	107374182500	Y3RybA==	Y3RybA==	eyBnZXQoY3R4OiBBTlkpOiBQcm9taXNlPHZvaWQ+OyB9	5	94489281455
68719479680	107374182500	bW9kdWxl	bW9kdWxl	eyBleHBvcnRzOiBBTlk7IH0=	7	94489281458
68719479681	107374182500	cm91dGVy	cm91dGVy	a29hLXJvdXRlcg==	7	94489281456
68719479682	107374182500	cm91dGVy	cm91dGVy	a29hLXJvdXRlcg==	7	94489281456
68719479683	107374182501	Um91dGVy	Um91dGVy	a29hLXJvdXRlcg==	1	94489281461
68719479684	107374182501	cmVxdWlyZQ==	cmVxdWlyZQ==	KCIuLi9jb250cm9sbGVycyIpOjxtZW1iZXI+KHVzZXJzKQ==	1	94489281467
68719479685	107374182501	dGhpcw==	dGhpcw==	cm91dGVzL3VzZXJzLXJvdXRlci5qczo6cHJvZ3JhbQ==	1	111669149881
68719479686	107374182501	Y3RybA==	Y3RybA==	eyBnZXQoY3R4OiBBTlkpOiBQcm9taXNlPHZvaWQ+OyBwb3N0KGN0eDogQU5ZKTogUHJvbWlzZTx2b2lkPjsgcHV0KGN0eDogQU5ZKTogUHJvbWlzZTx2b2lkPjsgbG9naW4oY3R4OiBBTlkpOiBQcm9taXNlPHZvaWQ+OyB9	2	94489281462
68719479687	107374182501	cmVxdWlyZQ==	cmVxdWlyZQ==	KCIuLi9jb250cm9sbGVycyIpOjxtZW1iZXI+KHVzZXJzKQ==	2	94489281467
68719479688	107374182501	dGhpcw==	dGhpcw==	cm91dGVzL3VzZXJzLXJvdXRlci5qczo6cHJvZ3JhbQ==	2	111669149881
68719479689	107374182501	cm91dGVy	cm91dGVy	a29hLXJvdXRlcg==	3	94489281463
68719479690	107374182501	X3RtcF8w	X3RtcF8w	a29hLXJvdXRlcg==	3	94489281468
68719479691	107374182501	Um91dGVy	Um91dGVy	a29hLXJvdXRlcg==	3	94489281461
68719479692	107374182501	X3RtcF8w	X3RtcF8w	a29hLXJvdXRlcg==	3	
68719479693	107374182501	X3RtcF8w	X3RtcF8w	a29hLXJvdXRlcg==	3	
68719479694	107374182501	YXV0aA==	YXV0aA==	KGN0eDogQU5ZLCBuZXh0OiBBTlkpID0+IEFOWQ==	5	94489281465
68719479695	107374182501	cmVxdWlyZQ==	cmVxdWlyZQ==	KCIuLi9jb250cm9sbGVycyIpOjxtZW1iZXI+KHVzZXJzKQ==	5	94489281467
68719479696	107374182501	dGhpcw==	dGhpcw==	cm91dGVzL3VzZXJzLXJvdXRlci5qczo6cHJvZ3JhbQ==	5	111669149881
68719479697	107374182501	cm91dGVy	cm91dGVy	a29hLXJvdXRlcg==	7	94489281463
68719479698	107374182501	cm91dGVy	cm91dGVy	a29hLXJvdXRlcg==	7	94489281463
68719479699	107374182501	Y3RybA==	Y3RybA==	eyBnZXQoY3R4OiBBTlkpOiBQcm9taXNlPHZvaWQ+OyBwb3N0KGN0eDogQU5ZKTogUHJvbWlzZTx2b2lkPjsgcHV0KGN0eDogQU5ZKTogUHJvbWlzZTx2b2lkPjsgbG9naW4oY3R4OiBBTlkpOiBQcm9taXNlPHZvaWQ+OyB9	7	94489281462
68719479700	107374182501	cm91dGVy	cm91dGVy	a29hLXJvdXRlcg==	8	94489281463
68719479701	107374182501	cm91dGVy	cm91dGVy	a29hLXJvdXRlcg==	8	94489281463
68719479702	107374182501	Y3RybA==	Y3RybA==	eyBnZXQoY3R4OiBBTlkpOiBQcm9taXNlPHZvaWQ+OyBwb3N0KGN0eDogQU5ZKTogUHJvbWlzZTx2b2lkPjsgcHV0KGN0eDogQU5ZKTogUHJvbWlzZTx2b2lkPjsgbG9naW4oY3R4OiBBTlkpOiBQcm9taXNlPHZvaWQ+OyB9	8	94489281462
68719479703	107374182501	cm91dGVy	cm91dGVy	a29hLXJvdXRlcg==	10	94489281463
68719479704	107374182501	cm91dGVy	cm91dGVy	a29hLXJvdXRlcg==	10	94489281463
68719479705	107374182501	YXV0aA==	YXV0aA==	KGN0eDogQU5ZLCBuZXh0OiBBTlkpID0+IEFOWQ==	10	94489281465
68719479706	107374182501	Y3RybA==	Y3RybA==	eyBnZXQoY3R4OiBBTlkpOiBQcm9taXNlPHZvaWQ+OyBwb3N0KGN0eDogQU5ZKTogUHJvbWlzZTx2b2lkPjsgcHV0KGN0eDogQU5ZKTogUHJvbWlzZTx2b2lkPjsgbG9naW4oY3R4OiBBTlkpOiBQcm9taXNlPHZvaWQ+OyB9	10	94489281462
68719479707	107374182501	cm91dGVy	cm91dGVy	a29hLXJvdXRlcg==	11	94489281463
68719479708	107374182501	cm91dGVy	cm91dGVy	a29hLXJvdXRlcg==	11	94489281463
68719479709	107374182501	YXV0aA==	YXV0aA==	KGN0eDogQU5ZLCBuZXh0OiBBTlkpID0+IEFOWQ==	11	94489281465
68719479710	107374182501	Y3RybA==	Y3RybA==	eyBnZXQoY3R4OiBBTlkpOiBQcm9taXNlPHZvaWQ+OyBwb3N0KGN0eDogQU5ZKTogUHJvbWlzZTx2b2lkPjsgcHV0KGN0eDogQU5ZKTogUHJvbWlzZTx2b2lkPjsgbG9naW4oY3R4OiBBTlkpOiBQcm9taXNlPHZvaWQ+OyB9	11	94489281462
68719479711	107374182501	bW9kdWxl	bW9kdWxl	eyBleHBvcnRzOiBBTlk7IH0=	13	94489281466
68719479712	107374182501	cm91dGVy	cm91dGVy	a29hLXJvdXRlcg==	13	94489281463
68719479713	107374182501	cm91dGVy	cm91dGVy	a29hLXJvdXRlcg==	13	94489281463
68719479714	107374182502	dmFsdWU=	dmFsdWU=	QU5Z	11	111669149883
68719479715	107374182502	aXNVVUlE	aXNVVUlE	dmFsaWRhdG9yL2xpYi9pc1VVSUQ=	11	94489281491
68719479716	107374182502	dGhpcw==	dGhpcw==	c2NoZW1hcy9hcnRpY2xlLXNjaGVtYS5qczo6cHJvZ3JhbQ==	11	111669149882
68719479717	107374182502	dmFsdWU=	dmFsdWU=	QU5Z	11	111669149883
68719479718	107374182502	dmFsdWU=	dmFsdWU=	QU5Z	17	111669149885
68719479719	107374182502	aXNVVUlE	aXNVVUlE	dmFsaWRhdG9yL2xpYi9pc1VVSUQ=	17	94489281489
68719479720	107374182502	dGhpcw==	dGhpcw==	c2NoZW1hcy9hcnRpY2xlLXNjaGVtYS5qczo6cHJvZ3JhbQ==	17	111669149884
68719479721	107374182502	dmFsdWU=	dmFsdWU=	QU5Z	17	111669149885
68719479722	107374182502	eXVw	eXVw	eXVw	1	94489281469
68719479723	107374182502	cmVxdWlyZQ==	cmVxdWlyZQ==	QU5Z	1	94489281494
68719479724	107374182502	dGhpcw==	dGhpcw==	c2NoZW1hcy9hcnRpY2xlLXNjaGVtYS5qczo6cHJvZ3JhbQ==	1	111669149886
68719479725	107374182502	dGltZVN0YW1wU2NoZW1h	dGltZVN0YW1wU2NoZW1h	c2NoZW1hcy90aW1lLXN0YW1wLXNjaGVtYS5qczo6cHJvZ3JhbQ==	2	94489281470
68719479726	107374182502	cmVxdWlyZQ==	cmVxdWlyZQ==	QU5Z	2	94489281494
68719479727	107374182502	dGhpcw==	dGhpcw==	c2NoZW1hcy9hcnRpY2xlLXNjaGVtYS5qczo6cHJvZ3JhbQ==	2	111669149886
68719479728	107374182502	aXNVVUlE	aXNVVUlE	dmFsaWRhdG9yL2xpYi9pc1VVSUQ=	3	94489281471
68719479729	107374182502	cmVxdWlyZQ==	cmVxdWlyZQ==	QU5Z	3	94489281494
68719479730	107374182502	dGhpcw==	dGhpcw==	c2NoZW1hcy9hcnRpY2xlLXNjaGVtYS5qczo6cHJvZ3JhbQ==	3	111669149886
68719479731	107374182502	YXJ0aWNsZVNjaGVtYQ==	YXJ0aWNsZVNjaGVtYQ==	QU5Z	5	94489281472
68719479732	107374182502	X3RtcF8w	X3RtcF8w	QU5Z	5	94489281477
68719479733	107374182502	X3RtcF8x	X3RtcF8x	QU5Z	5	94489281478
68719479734	107374182502	X3RtcF8y	X3RtcF8y	eXVwOm9iamVjdDo8cmV0dXJuVmFsdWU+	5	94489281493
68719479735	107374182502	eXVw	eXVw	eXVw	5	94489281469
68719479736	107374182502	eXVw	eXVw	eXVw	5	94489281469
68719479737	107374182502	X3RtcF8y	X3RtcF8y	eXVwOm9iamVjdDo8cmV0dXJuVmFsdWU+	5	94489281493
68719479738	107374182502	X3RtcF8z	X3RtcF8z	QU5Z	8	
68719479739	107374182502	X3RtcF80	X3RtcF80	eXVwOnN0cmluZzo8cmV0dXJuVmFsdWU+	8	94489281492
68719479740	107374182502	eXVw	eXVw	eXVw	8	94489281469
68719479741	107374182502	eXVw	eXVw	eXVw	8	94489281469
68719479742	107374182502	X3RtcF80	X3RtcF80	eXVwOnN0cmluZzo8cmV0dXJuVmFsdWU+	8	94489281492
68719479743	107374182502	X3RtcF81	X3RtcF81	QU5Z	9	
68719479744	107374182502	X3RtcF81	X3RtcF81	QU5Z	10	
68719479745	107374182502	X3RtcF81	X3RtcF81	QU5Z	11	
68719479746	107374182502	X3RtcF81	X3RtcF81	QU5Z	8	
68719479747	107374182502	X3RtcF8z	X3RtcF8z	QU5Z	14	
68719479748	107374182502	X3RtcF82	X3RtcF82	eXVwOnN0cmluZzo8cmV0dXJuVmFsdWU+	14	94489281490
68719479749	107374182502	eXVw	eXVw	eXVw	14	94489281469
68719479750	107374182502	eXVw	eXVw	eXVw	14	94489281469
68719479751	107374182502	X3RtcF82	X3RtcF82	eXVwOnN0cmluZzo8cmV0dXJuVmFsdWU+	14	94489281490
68719479752	107374182502	X3RtcF83	X3RtcF83	QU5Z	15	
68719479753	107374182502	X3RtcF83	X3RtcF83	QU5Z	16	
68719479754	107374182502	X3RtcF83	X3RtcF83	QU5Z	17	
68719479755	107374182502	X3RtcF83	X3RtcF83	QU5Z	14	
68719479756	107374182502	X3RtcF8z	X3RtcF8z	QU5Z	20	
68719479757	107374182502	X3RtcF84	X3RtcF84	eXVwOnN0cmluZzo8cmV0dXJuVmFsdWU+	20	94489281488
68719479758	107374182502	eXVw	eXVw	eXVw	20	94489281469
68719479759	107374182502	eXVw	eXVw	eXVw	20	94489281469
68719479760	107374182502	X3RtcF84	X3RtcF84	eXVwOnN0cmluZzo8cmV0dXJuVmFsdWU+	20	94489281488
68719479761	107374182502	X3RtcF8z	X3RtcF8z	QU5Z	22	
68719479762	107374182502	X3RtcF85	X3RtcF85	QU5Z	22	94489281486
68719479763	107374182502	X3RtcF8xMA==	X3RtcF8xMA==	eXVwOnN0cmluZzo8cmV0dXJuVmFsdWU+	22	94489281487
68719479764	107374182502	eXVw	eXVw	eXVw	22	94489281469
68719479765	107374182502	eXVw	eXVw	eXVw	22	94489281469
68719479766	107374182502	X3RtcF8xMA==	X3RtcF8xMA==	eXVwOnN0cmluZzo8cmV0dXJuVmFsdWU+	22	94489281487
68719479767	107374182502	X3RtcF85	X3RtcF85	QU5Z	22	94489281486
68719479768	107374182502	X3RtcF8z	X3RtcF8z	QU5Z	27	
68719479769	107374182502	X3RtcF8xMQ==	X3RtcF8xMQ==	QU5Z	27	94489281484
68719479770	107374182502	X3RtcF8xMg==	X3RtcF8xMg==	eXVwOnN0cmluZzo8cmV0dXJuVmFsdWU+	27	94489281485
68719479771	107374182502	eXVw	eXVw	eXVw	27	94489281469
68719479772	107374182502	eXVw	eXVw	eXVw	27	94489281469
68719479773	107374182502	X3RtcF8xMg==	X3RtcF8xMg==	eXVwOnN0cmluZzo8cmV0dXJuVmFsdWU+	27	94489281485
68719479774	107374182502	X3RtcF8xMQ==	X3RtcF8xMQ==	QU5Z	27	94489281484
68719479775	107374182502	X3RtcF8z	X3RtcF8z	QU5Z	32	
68719479776	107374182502	X3RtcF8xMw==	X3RtcF8xMw==	QU5Z	32	94489281482
68719479777	107374182502	X3RtcF8xNA==	X3RtcF8xNA==	eXVwOnN0cmluZzo8cmV0dXJuVmFsdWU+	32	94489281483
68719479778	107374182502	eXVw	eXVw	eXVw	32	94489281469
68719479779	107374182502	eXVw	eXVw	eXVw	32	94489281469
68719479780	107374182502	X3RtcF8xNA==	X3RtcF8xNA==	eXVwOnN0cmluZzo8cmV0dXJuVmFsdWU+	32	94489281483
68719479781	107374182502	X3RtcF8xMw==	X3RtcF8xMw==	QU5Z	32	94489281482
68719479782	107374182502	X3RtcF8z	X3RtcF8z	QU5Z	37	
68719479783	107374182502	X3RtcF8xNQ==	X3RtcF8xNQ==	QU5Z	37	94489281480
68719479784	107374182502	X3RtcF8xNg==	X3RtcF8xNg==	eXVwOm51bWJlcjo8cmV0dXJuVmFsdWU+	37	94489281481
68719479785	107374182502	eXVw	eXVw	eXVw	37	94489281469
68719479786	107374182502	eXVw	eXVw	eXVw	37	94489281469
68719479787	107374182502	X3RtcF8xNg==	X3RtcF8xNg==	eXVwOm51bWJlcjo8cmV0dXJuVmFsdWU+	37	94489281481
68719479788	107374182502	X3RtcF8xNQ==	X3RtcF8xNQ==	QU5Z	37	94489281480
68719479789	107374182502	X3RtcF8z	X3RtcF8z	QU5Z	42	
68719479790	107374182502	X3RtcF8xNw==	X3RtcF8xNw==	eXVwOmFycmF5OjxyZXR1cm5WYWx1ZT4=	42	94489281479
68719479791	107374182502	eXVw	eXVw	eXVw	42	94489281469
68719479792	107374182502	eXVw	eXVw	eXVw	42	94489281469
68719479793	107374182502	X3RtcF8xNw==	X3RtcF8xNw==	eXVwOmFycmF5OjxyZXR1cm5WYWx1ZT4=	42	94489281479
68719479794	107374182502	eXVw	eXVw	eXVw	42	94489281469
68719479795	107374182502	eXVw	eXVw	eXVw	42	94489281469
68719479796	107374182502	X3RtcF8z	X3RtcF8z	QU5Z	7	
68719479797	107374182502	X3RtcF8x	X3RtcF8x	QU5Z	5	94489281478
68719479798	107374182502	X3RtcF8w	X3RtcF8w	QU5Z	5	94489281477
68719479799	107374182502	dGltZVN0YW1wU2NoZW1h	dGltZVN0YW1wU2NoZW1h	c2NoZW1hcy90aW1lLXN0YW1wLXNjaGVtYS5qczo6cHJvZ3JhbQ==	45	94489281470
68719479800	107374182502	bW9kdWxl	bW9kdWxl	eyBleHBvcnRzOiBBTlk7IH0=	47	94489281476
68719479801	107374182502	YXJ0aWNsZVNjaGVtYQ==	YXJ0aWNsZVNjaGVtYQ==	QU5Z	47	94489281472
68719479714	107374182503	dmFsdWU=	dmFsdWU=	QU5Z	11	111669149883
68719479715	107374182503	aXNVVUlE	aXNVVUlE	dmFsaWRhdG9yL2xpYi9pc1VVSUQ=	11	94489281491
68719479716	107374182503	dGhpcw==	dGhpcw==	c2NoZW1hcy9hcnRpY2xlLXNjaGVtYS5qczo6cHJvZ3JhbQ==	11	111669149882
68719479717	107374182503	dmFsdWU=	dmFsdWU=	QU5Z	11	111669149883
68719479718	107374182504	dmFsdWU=	dmFsdWU=	QU5Z	17	111669149885
68719479719	107374182504	aXNVVUlE	aXNVVUlE	dmFsaWRhdG9yL2xpYi9pc1VVSUQ=	17	94489281489
68719479720	107374182504	dGhpcw==	dGhpcw==	c2NoZW1hcy9hcnRpY2xlLXNjaGVtYS5qczo6cHJvZ3JhbQ==	17	111669149884
68719479721	107374182504	dmFsdWU=	dmFsdWU=	QU5Z	17	111669149885
68719479802	107374182505	dmFsdWU=	dmFsdWU=	QU5Z	11	111669149888
68719479803	107374182505	aXNVVUlE	aXNVVUlE	dmFsaWRhdG9yL2xpYi9pc1VVSUQ=	11	94489281512
68719479804	107374182505	dGhpcw==	dGhpcw==	c2NoZW1hcy9jb21tZW50LXNjaGVtYS5qczo6cHJvZ3JhbQ==	11	111669149887
68719479805	107374182505	dmFsdWU=	dmFsdWU=	QU5Z	11	111669149888
68719479806	107374182505	dmFsdWU=	dmFsdWU=	QU5Z	17	111669149890
68719479807	107374182505	aXNVVUlE	aXNVVUlE	dmFsaWRhdG9yL2xpYi9pc1VVSUQ=	17	94489281510
68719479808	107374182505	dGhpcw==	dGhpcw==	c2NoZW1hcy9jb21tZW50LXNjaGVtYS5qczo6cHJvZ3JhbQ==	17	111669149889
68719479809	107374182505	dmFsdWU=	dmFsdWU=	QU5Z	17	111669149890
68719479810	107374182505	dmFsdWU=	dmFsdWU=	QU5Z	23	111669149892
68719479811	107374182505	aXNVVUlE	aXNVVUlE	dmFsaWRhdG9yL2xpYi9pc1VVSUQ=	23	94489281508
68719479812	107374182505	dGhpcw==	dGhpcw==	c2NoZW1hcy9jb21tZW50LXNjaGVtYS5qczo6cHJvZ3JhbQ==	23	111669149891
68719479813	107374182505	dmFsdWU=	dmFsdWU=	QU5Z	23	111669149892
68719479814	107374182505	eXVw	eXVw	eXVw	1	94489281495
68719479815	107374182505	cmVxdWlyZQ==	cmVxdWlyZQ==	QU5Z	1	94489281515
68719479816	107374182505	dGhpcw==	dGhpcw==	c2NoZW1hcy9jb21tZW50LXNjaGVtYS5qczo6cHJvZ3JhbQ==	1	111669149893
68719479817	107374182505	dGltZVN0YW1wU2NoZW1h	dGltZVN0YW1wU2NoZW1h	c2NoZW1hcy90aW1lLXN0YW1wLXNjaGVtYS5qczo6cHJvZ3JhbQ==	2	94489281496
68719479818	107374182505	cmVxdWlyZQ==	cmVxdWlyZQ==	QU5Z	2	94489281515
68719479819	107374182505	dGhpcw==	dGhpcw==	c2NoZW1hcy9jb21tZW50LXNjaGVtYS5qczo6cHJvZ3JhbQ==	2	111669149893
68719479820	107374182505	aXNVVUlE	aXNVVUlE	dmFsaWRhdG9yL2xpYi9pc1VVSUQ=	3	94489281497
68719479821	107374182505	cmVxdWlyZQ==	cmVxdWlyZQ==	QU5Z	3	94489281515
68719479822	107374182505	dGhpcw==	dGhpcw==	c2NoZW1hcy9jb21tZW50LXNjaGVtYS5qczo6cHJvZ3JhbQ==	3	111669149893
68719479823	107374182505	Y29tbWVudFNjaGVtYQ==	Y29tbWVudFNjaGVtYQ==	QU5Z	5	94489281498
68719479824	107374182505	X3RtcF8w	X3RtcF8w	QU5Z	5	94489281504
68719479825	107374182505	X3RtcF8x	X3RtcF8x	QU5Z	5	94489281505
68719479826	107374182505	X3RtcF8y	X3RtcF8y	eXVwOm9iamVjdDo8cmV0dXJuVmFsdWU+	5	94489281514
68719479827	107374182505	eXVw	eXVw	eXVw	5	94489281495
68719479828	107374182505	eXVw	eXVw	eXVw	5	94489281495
68719479829	107374182505	X3RtcF8y	X3RtcF8y	eXVwOm9iamVjdDo8cmV0dXJuVmFsdWU+	5	94489281514
68719479830	107374182505	X3RtcF8z	X3RtcF8z	QU5Z	8	
68719479831	107374182505	X3RtcF80	X3RtcF80	eXVwOnN0cmluZzo8cmV0dXJuVmFsdWU+	8	94489281513
68719479832	107374182505	eXVw	eXVw	eXVw	8	94489281495
68719479833	107374182505	eXVw	eXVw	eXVw	8	94489281495
68719479834	107374182505	X3RtcF80	X3RtcF80	eXVwOnN0cmluZzo8cmV0dXJuVmFsdWU+	8	94489281513
68719479835	107374182505	X3RtcF81	X3RtcF81	QU5Z	9	
68719479836	107374182505	X3RtcF81	X3RtcF81	QU5Z	10	
68719479837	107374182505	X3RtcF81	X3RtcF81	QU5Z	11	
68719479838	107374182505	X3RtcF81	X3RtcF81	QU5Z	8	
68719479839	107374182505	X3RtcF8z	X3RtcF8z	QU5Z	14	
68719479840	107374182505	X3RtcF82	X3RtcF82	eXVwOnN0cmluZzo8cmV0dXJuVmFsdWU+	14	94489281511
68719479841	107374182505	eXVw	eXVw	eXVw	14	94489281495
68719479842	107374182505	eXVw	eXVw	eXVw	14	94489281495
68719479843	107374182505	X3RtcF82	X3RtcF82	eXVwOnN0cmluZzo8cmV0dXJuVmFsdWU+	14	94489281511
68719479844	107374182505	X3RtcF83	X3RtcF83	QU5Z	15	
68719479845	107374182505	X3RtcF83	X3RtcF83	QU5Z	16	
68719479846	107374182505	X3RtcF83	X3RtcF83	QU5Z	17	
68719479847	107374182505	X3RtcF83	X3RtcF83	QU5Z	14	
68719479848	107374182505	X3RtcF8z	X3RtcF8z	QU5Z	20	
68719479849	107374182505	X3RtcF84	X3RtcF84	eXVwOnN0cmluZzo8cmV0dXJuVmFsdWU+	20	94489281509
68719479850	107374182505	eXVw	eXVw	eXVw	20	94489281495
68719479851	107374182505	eXVw	eXVw	eXVw	20	94489281495
68719479852	107374182505	X3RtcF84	X3RtcF84	eXVwOnN0cmluZzo8cmV0dXJuVmFsdWU+	20	94489281509
68719479853	107374182505	X3RtcF85	X3RtcF85	QU5Z	21	
68719479854	107374182505	X3RtcF85	X3RtcF85	QU5Z	22	
68719479855	107374182505	X3RtcF85	X3RtcF85	QU5Z	23	
68719479856	107374182505	X3RtcF85	X3RtcF85	QU5Z	20	
68719479857	107374182505	X3RtcF8z	X3RtcF8z	QU5Z	26	
68719479858	107374182505	X3RtcF8xMA==	X3RtcF8xMA==	QU5Z	26	94489281506
68719479859	107374182505	X3RtcF8xMQ==	X3RtcF8xMQ==	eXVwOnN0cmluZzo8cmV0dXJuVmFsdWU+	26	94489281507
68719479860	107374182505	eXVw	eXVw	eXVw	26	94489281495
68719479861	107374182505	eXVw	eXVw	eXVw	26	94489281495
68719479862	107374182505	X3RtcF8xMQ==	X3RtcF8xMQ==	eXVwOnN0cmluZzo8cmV0dXJuVmFsdWU+	26	94489281507
68719479863	107374182505	X3RtcF8xMA==	X3RtcF8xMA==	QU5Z	26	94489281506
68719479864	107374182505	X3RtcF8z	X3RtcF8z	QU5Z	7	
68719479865	107374182505	X3RtcF8x	X3RtcF8x	QU5Z	5	94489281505
68719479866	107374182505	X3RtcF8w	X3RtcF8w	QU5Z	5	94489281504
68719479867	107374182505	dGltZVN0YW1wU2NoZW1h	dGltZVN0YW1wU2NoZW1h	c2NoZW1hcy90aW1lLXN0YW1wLXNjaGVtYS5qczo6cHJvZ3JhbQ==	32	94489281496
68719479868	107374182505	bW9kdWxl	bW9kdWxl	eyBleHBvcnRzOiBBTlk7IH0=	34	94489281503
68719479869	107374182505	Y29tbWVudFNjaGVtYQ==	Y29tbWVudFNjaGVtYQ==	QU5Z	34	94489281498
68719479802	107374182506	dmFsdWU=	dmFsdWU=	QU5Z	11	111669149888
68719479803	107374182506	aXNVVUlE	aXNVVUlE	dmFsaWRhdG9yL2xpYi9pc1VVSUQ=	11	94489281512
68719479804	107374182506	dGhpcw==	dGhpcw==	c2NoZW1hcy9jb21tZW50LXNjaGVtYS5qczo6cHJvZ3JhbQ==	11	111669149887
68719479805	107374182506	dmFsdWU=	dmFsdWU=	QU5Z	11	111669149888
68719479806	107374182507	dmFsdWU=	dmFsdWU=	QU5Z	17	111669149890
68719479807	107374182507	aXNVVUlE	aXNVVUlE	dmFsaWRhdG9yL2xpYi9pc1VVSUQ=	17	94489281510
68719479808	107374182507	dGhpcw==	dGhpcw==	c2NoZW1hcy9jb21tZW50LXNjaGVtYS5qczo6cHJvZ3JhbQ==	17	111669149889
68719479809	107374182507	dmFsdWU=	dmFsdWU=	QU5Z	17	111669149890
68719479810	107374182508	dmFsdWU=	dmFsdWU=	QU5Z	23	111669149892
68719479811	107374182508	aXNVVUlE	aXNVVUlE	dmFsaWRhdG9yL2xpYi9pc1VVSUQ=	23	94489281508
68719479812	107374182508	dGhpcw==	dGhpcw==	c2NoZW1hcy9jb21tZW50LXNjaGVtYS5qczo6cHJvZ3JhbQ==	23	111669149891
68719479813	107374182508	dmFsdWU=	dmFsdWU=	QU5Z	23	111669149892
68719479870	107374182509	YXBw	YXBw	QU5Z	7	111669149895
68719479871	107374182509	X3RtcF8w	X3RtcF8w	QU5Z	8	
68719479872	107374182509	dXNlcg==	dXNlcg==	c2NoZW1hcy91c2VyLXNjaGVtYS5qczo6cHJvZ3JhbQ==	8	94489281524
68719479873	107374182509	X3RtcF8w	X3RtcF8w	QU5Z	9	
68719479874	107374182509	YXJ0aWNsZQ==	YXJ0aWNsZQ==	c2NoZW1hcy9hcnRpY2xlLXNjaGVtYS5qczo6cHJvZ3JhbQ==	9	94489281523
68719479875	107374182509	X3RtcF8w	X3RtcF8w	QU5Z	10	
68719479876	107374182509	Y29tbWVudA==	Y29tbWVudA==	c2NoZW1hcy9jb21tZW50LXNjaGVtYS5qczo6cHJvZ3JhbQ==	10	94489281522
68719479877	107374182509	X3RtcF8w	X3RtcF8w	QU5Z	11	
68719479878	107374182509	dGFn	dGFn	c2NoZW1hcy90YWctc2NoZW1hLmpzOjpwcm9ncmFt	11	94489281521
68719479879	107374182509	X3RtcF8w	X3RtcF8w	QU5Z	7	
68719479880	107374182509	dXNlcg==	dXNlcg==	c2NoZW1hcy91c2VyLXNjaGVtYS5qczo6cHJvZ3JhbQ==	1	94489281516
68719479881	107374182509	cmVxdWlyZQ==	cmVxdWlyZQ==	QU5Z	1	94489281526
68719479882	107374182509	dGhpcw==	dGhpcw==	c2NoZW1hcy9pbmRleC5qczo6cHJvZ3JhbQ==	1	111669149896
68719479883	107374182509	YXJ0aWNsZQ==	YXJ0aWNsZQ==	c2NoZW1hcy9hcnRpY2xlLXNjaGVtYS5qczo6cHJvZ3JhbQ==	2	94489281517
68719479884	107374182509	cmVxdWlyZQ==	cmVxdWlyZQ==	QU5Z	2	94489281526
68719479885	107374182509	dGhpcw==	dGhpcw==	c2NoZW1hcy9pbmRleC5qczo6cHJvZ3JhbQ==	2	111669149896
68719479886	107374182509	Y29tbWVudA==	Y29tbWVudA==	c2NoZW1hcy9jb21tZW50LXNjaGVtYS5qczo6cHJvZ3JhbQ==	3	94489281518
68719479887	107374182509	cmVxdWlyZQ==	cmVxdWlyZQ==	QU5Z	3	94489281526
68719479888	107374182509	dGhpcw==	dGhpcw==	c2NoZW1hcy9pbmRleC5qczo6cHJvZ3JhbQ==	3	111669149896
68719479889	107374182509	dGFn	dGFn	c2NoZW1hcy90YWctc2NoZW1hLmpzOjpwcm9ncmFt	4	94489281519
68719479890	107374182509	cmVxdWlyZQ==	cmVxdWlyZQ==	QU5Z	4	94489281526
68719479891	107374182509	dGhpcw==	dGhpcw==	c2NoZW1hcy9pbmRleC5qczo6cHJvZ3JhbQ==	4	111669149896
68719479892	107374182509	bW9kdWxl	bW9kdWxl	eyBleHBvcnRzOiAoYXBwOiBBTlkpID0+IEFOWTsgfQ==	6	94489281525
68719479870	107374182510	YXBw	YXBw	QU5Z	7	111669149895
68719479871	107374182510	X3RtcF8w	X3RtcF8w	QU5Z	8	
68719479872	107374182510	dXNlcg==	dXNlcg==	c2NoZW1hcy91c2VyLXNjaGVtYS5qczo6cHJvZ3JhbQ==	8	94489281524
68719479873	107374182510	X3RtcF8w	X3RtcF8w	QU5Z	9	
68719479874	107374182510	YXJ0aWNsZQ==	YXJ0aWNsZQ==	c2NoZW1hcy9hcnRpY2xlLXNjaGVtYS5qczo6cHJvZ3JhbQ==	9	94489281523
68719479875	107374182510	X3RtcF8w	X3RtcF8w	QU5Z	10	
68719479876	107374182510	Y29tbWVudA==	Y29tbWVudA==	c2NoZW1hcy9jb21tZW50LXNjaGVtYS5qczo6cHJvZ3JhbQ==	10	94489281522
68719479877	107374182510	X3RtcF8w	X3RtcF8w	QU5Z	11	
68719479878	107374182510	dGFn	dGFn	c2NoZW1hcy90YWctc2NoZW1hLmpzOjpwcm9ncmFt	11	94489281521
68719479879	107374182510	X3RtcF8w	X3RtcF8w	QU5Z	7	
68719479893	107374182511	dmFsdWU=	dmFsdWU=	QU5Z	11	111669149898
68719479894	107374182511	aXNVVUlE	aXNVVUlE	dmFsaWRhdG9yL2xpYi9pc1VVSUQ=	11	94489281539
68719479895	107374182511	dGhpcw==	dGhpcw==	c2NoZW1hcy90YWctc2NoZW1hLmpzOjpwcm9ncmFt	11	111669149897
68719479896	107374182511	dmFsdWU=	dmFsdWU=	QU5Z	11	111669149898
68719479897	107374182511	eXVw	eXVw	eXVw	1	94489281527
68719479898	107374182511	cmVxdWlyZQ==	cmVxdWlyZQ==	QU5Z	1	94489281542
68719479899	107374182511	dGhpcw==	dGhpcw==	c2NoZW1hcy90YWctc2NoZW1hLmpzOjpwcm9ncmFt	1	111669149899
68719479900	107374182511	dGltZVN0YW1wU2NoZW1h	dGltZVN0YW1wU2NoZW1h	c2NoZW1hcy90aW1lLXN0YW1wLXNjaGVtYS5qczo6cHJvZ3JhbQ==	2	94489281528
68719479901	107374182511	cmVxdWlyZQ==	cmVxdWlyZQ==	QU5Z	2	94489281542
68719479902	107374182511	dGhpcw==	dGhpcw==	c2NoZW1hcy90YWctc2NoZW1hLmpzOjpwcm9ncmFt	2	111669149899
68719479903	107374182511	aXNVVUlE	aXNVVUlE	dmFsaWRhdG9yL2xpYi9pc1VVSUQ=	3	94489281529
68719479904	107374182511	cmVxdWlyZQ==	cmVxdWlyZQ==	QU5Z	3	94489281542
68719479905	107374182511	dGhpcw==	dGhpcw==	c2NoZW1hcy90YWctc2NoZW1hLmpzOjpwcm9ncmFt	3	111669149899
68719479906	107374182511	dGFnU2NoZW1h	dGFnU2NoZW1h	QU5Z	5	94489281530
68719479907	107374182511	X3RtcF8w	X3RtcF8w	QU5Z	5	94489281534
68719479908	107374182511	X3RtcF8x	X3RtcF8x	QU5Z	5	94489281535
68719479909	107374182511	X3RtcF8y	X3RtcF8y	eXVwOm9iamVjdDo8cmV0dXJuVmFsdWU+	5	94489281541
68719479910	107374182511	eXVw	eXVw	eXVw	5	94489281527
68719479911	107374182511	eXVw	eXVw	eXVw	5	94489281527
68719479912	107374182511	X3RtcF8y	X3RtcF8y	eXVwOm9iamVjdDo8cmV0dXJuVmFsdWU+	5	94489281541
68719479913	107374182511	X3RtcF8z	X3RtcF8z	QU5Z	8	
68719479914	107374182511	X3RtcF80	X3RtcF80	eXVwOnN0cmluZzo8cmV0dXJuVmFsdWU+	8	94489281540
68719479915	107374182511	eXVw	eXVw	eXVw	8	94489281527
68719479916	107374182511	eXVw	eXVw	eXVw	8	94489281527
68719479917	107374182511	X3RtcF80	X3RtcF80	eXVwOnN0cmluZzo8cmV0dXJuVmFsdWU+	8	94489281540
68719479918	107374182511	X3RtcF81	X3RtcF81	QU5Z	9	
68719479919	107374182511	X3RtcF81	X3RtcF81	QU5Z	10	
68719479920	107374182511	X3RtcF81	X3RtcF81	QU5Z	11	
68719479921	107374182511	X3RtcF81	X3RtcF81	QU5Z	8	
68719479922	107374182511	X3RtcF8z	X3RtcF8z	QU5Z	14	
68719479923	107374182511	X3RtcF82	X3RtcF82	QU5Z	14	94489281536
68719479924	107374182511	X3RtcF83	X3RtcF83	QU5Z	14	94489281537
68719479925	107374182511	X3RtcF84	X3RtcF84	eXVwOnN0cmluZzo8cmV0dXJuVmFsdWU+	14	94489281538
68719479926	107374182511	eXVw	eXVw	eXVw	14	94489281527
68719479927	107374182511	eXVw	eXVw	eXVw	14	94489281527
68719479928	107374182511	X3RtcF84	X3RtcF84	eXVwOnN0cmluZzo8cmV0dXJuVmFsdWU+	14	94489281538
68719479929	107374182511	X3RtcF83	X3RtcF83	QU5Z	14	94489281537
68719479930	107374182511	X3RtcF82	X3RtcF82	QU5Z	14	94489281536
68719479931	107374182511	X3RtcF8z	X3RtcF8z	QU5Z	7	
68719479932	107374182511	X3RtcF8x	X3RtcF8x	QU5Z	5	94489281535
68719479933	107374182511	X3RtcF8w	X3RtcF8w	QU5Z	5	94489281534
68719479934	107374182511	dGltZVN0YW1wU2NoZW1h	dGltZVN0YW1wU2NoZW1h	c2NoZW1hcy90aW1lLXN0YW1wLXNjaGVtYS5qczo6cHJvZ3JhbQ==	21	94489281528
68719479935	107374182511	bW9kdWxl	bW9kdWxl	eyBleHBvcnRzOiBBTlk7IH0=	23	94489281533
68719479936	107374182511	dGFnU2NoZW1h	dGFnU2NoZW1h	QU5Z	23	94489281530
68719479893	107374182512	dmFsdWU=	dmFsdWU=	QU5Z	11	111669149898
68719479894	107374182512	aXNVVUlE	aXNVVUlE	dmFsaWRhdG9yL2xpYi9pc1VVSUQ=	11	94489281539
68719479895	107374182512	dGhpcw==	dGhpcw==	c2NoZW1hcy90YWctc2NoZW1hLmpzOjpwcm9ncmFt	11	111669149897
68719479896	107374182512	dmFsdWU=	dmFsdWU=	QU5Z	11	111669149898
68719479937	107374182513	dmFsdWU=	dmFsdWU=	QU5Z	14	111669149901
68719479938	107374182513	aXNJU084NjAx	aXNJU084NjAx	dmFsaWRhdG9yL2xpYi9pc0lTTzg2MDE=	14	94489281582
68719479939	107374182513	dGhpcw==	dGhpcw==	c2NoZW1hcy90aW1lLXN0YW1wLXNjaGVtYS5qczo6cHJvZ3JhbQ==	14	111669149900
68719479940	107374182513	X3RtcF84	X3RtcF84	X19lY21hLkRhdGU=	14	94489281579
68719479941	107374182513	X3RtcF85	X3RtcF85	X19lY21hLkRhdGU=	14	94489281581
68719479942	107374182513	RGF0ZQ==	RGF0ZQ==	RGF0ZUNvbnN0cnVjdG9y	14	94489281580
68719479943	107374182513	X3RtcF85	X3RtcF85	X19lY21hLkRhdGU=	14	
68719479944	107374182513	dmFsdWU=	dmFsdWU=	QU5Z	14	111669149901
68719479945	107374182513	X3RtcF85	X3RtcF85	X19lY21hLkRhdGU=	14	
68719479946	107374182513	X3RtcF84	X3RtcF84	X19lY21hLkRhdGU=	14	94489281579
68719479947	107374182513	dGhpcw==	dGhpcw==	c2NoZW1hcy90aW1lLXN0YW1wLXNjaGVtYS5qczo6cHJvZ3JhbQ==	17	111669149902
68719479948	107374182513	dGhpcw==	dGhpcw==	c2NoZW1hcy90aW1lLXN0YW1wLXNjaGVtYS5qczo6cHJvZ3JhbQ==	17	111669149902
68719479949	107374182513	dmFsdWU=	dmFsdWU=	QU5Z	17	111669149903
68719479950	107374182513	dmFsdWU=	dmFsdWU=	QU5Z	17	111669149903
68719479951	107374182513	X3RtcF8xMA==	X3RtcF8xMA==	X19lY21hLkRhdGU=	18	94489281575
68719479952	107374182513	X3RtcF8xMQ==	X3RtcF8xMQ==	X19lY21hLkRhdGU=	18	94489281577
68719479953	107374182513	RGF0ZQ==	RGF0ZQ==	RGF0ZUNvbnN0cnVjdG9y	18	94489281576
68719479954	107374182513	X3RtcF8xMQ==	X3RtcF8xMQ==	X19lY21hLkRhdGU=	18	
68719479955	107374182513	dmFsdWU=	dmFsdWU=	QU5Z	18	111669149903
68719479956	107374182513	X3RtcF8xMQ==	X3RtcF8xMQ==	X19lY21hLkRhdGU=	18	
68719479957	107374182513	X3RtcF8xMA==	X3RtcF8xMA==	X19lY21hLkRhdGU=	18	94489281575
68719479958	107374182513	dmFsdWU=	dmFsdWU=	QU5Z	19	111669149903
68719479959	107374182513	X3RtcF8xMg==	X3RtcF8xMg==	X19lY21hLkRhdGU=	21	94489281571
68719479960	107374182513	X3RtcF8xMw==	X3RtcF8xMw==	X19lY21hLkRhdGU=	21	94489281573
68719479961	107374182513	RGF0ZQ==	RGF0ZQ==	RGF0ZUNvbnN0cnVjdG9y	21	94489281572
68719479962	107374182513	X3RtcF8xMw==	X3RtcF8xMw==	X19lY21hLkRhdGU=	21	
68719479963	107374182513	X3RtcF8xMw==	X3RtcF8xMw==	X19lY21hLkRhdGU=	21	
68719479964	107374182513	X3RtcF8xMg==	X3RtcF8xMg==	X19lY21hLkRhdGU=	21	94489281571
68719479965	107374182513	dmFsdWU=	dmFsdWU=	QU5Z	30	111669149906
68719479966	107374182513	aXNJU084NjAx	aXNJU084NjAx	dmFsaWRhdG9yL2xpYi9pc0lTTzg2MDE=	30	94489281568
68719479967	107374182513	dGhpcw==	dGhpcw==	c2NoZW1hcy90aW1lLXN0YW1wLXNjaGVtYS5qczo6cHJvZ3JhbQ==	30	111669149905
68719479968	107374182513	X3RtcF8xOQ==	X3RtcF8xOQ==	X19lY21hLkRhdGU=	30	94489281565
68719479969	107374182513	X3RtcF8yMA==	X3RtcF8yMA==	X19lY21hLkRhdGU=	30	94489281567
68719479970	107374182513	RGF0ZQ==	RGF0ZQ==	RGF0ZUNvbnN0cnVjdG9y	30	94489281566
68719479971	107374182513	X3RtcF8yMA==	X3RtcF8yMA==	X19lY21hLkRhdGU=	30	
68719479972	107374182513	dmFsdWU=	dmFsdWU=	QU5Z	30	111669149906
68719479973	107374182513	X3RtcF8yMA==	X3RtcF8yMA==	X19lY21hLkRhdGU=	30	
68719479974	107374182513	X3RtcF8xOQ==	X3RtcF8xOQ==	X19lY21hLkRhdGU=	30	94489281565
68719479975	107374182513	dGhpcw==	dGhpcw==	c2NoZW1hcy90aW1lLXN0YW1wLXNjaGVtYS5qczo6cHJvZ3JhbQ==	33	111669149907
68719479976	107374182513	dGhpcw==	dGhpcw==	c2NoZW1hcy90aW1lLXN0YW1wLXNjaGVtYS5qczo6cHJvZ3JhbQ==	33	111669149907
68719479977	107374182513	dmFsdWU=	dmFsdWU=	QU5Z	33	111669149908
68719479978	107374182513	dmFsdWU=	dmFsdWU=	QU5Z	33	111669149908
68719479979	107374182513	X3RtcF8yMQ==	X3RtcF8yMQ==	X19lY21hLkRhdGU=	34	94489281561
68719479980	107374182513	X3RtcF8yMg==	X3RtcF8yMg==	X19lY21hLkRhdGU=	34	94489281563
68719479981	107374182513	RGF0ZQ==	RGF0ZQ==	RGF0ZUNvbnN0cnVjdG9y	34	94489281562
68719479982	107374182513	X3RtcF8yMg==	X3RtcF8yMg==	X19lY21hLkRhdGU=	34	
68719479983	107374182513	dmFsdWU=	dmFsdWU=	QU5Z	34	111669149908
68719479984	107374182513	X3RtcF8yMg==	X3RtcF8yMg==	X19lY21hLkRhdGU=	34	
68719479985	107374182513	X3RtcF8yMQ==	X3RtcF8yMQ==	X19lY21hLkRhdGU=	34	94489281561
68719479986	107374182513	dmFsdWU=	dmFsdWU=	QU5Z	35	111669149908
68719479987	107374182513	X3RtcF8yMw==	X3RtcF8yMw==	X19lY21hLkRhdGU=	37	94489281557
68719479988	107374182513	X3RtcF8yNA==	X3RtcF8yNA==	X19lY21hLkRhdGU=	37	94489281559
68719479989	107374182513	RGF0ZQ==	RGF0ZQ==	RGF0ZUNvbnN0cnVjdG9y	37	94489281558
68719479990	107374182513	X3RtcF8yNA==	X3RtcF8yNA==	X19lY21hLkRhdGU=	37	
68719479991	107374182513	X3RtcF8yNA==	X3RtcF8yNA==	X19lY21hLkRhdGU=	37	
68719479992	107374182513	X3RtcF8yMw==	X3RtcF8yMw==	X19lY21hLkRhdGU=	37	94489281557
68719479993	107374182513	eXVw	eXVw	eXVw	1	94489281543
68719479994	107374182513	cmVxdWlyZQ==	cmVxdWlyZQ==	QU5Z	1	94489281586
68719479995	107374182513	dGhpcw==	dGhpcw==	c2NoZW1hcy90aW1lLXN0YW1wLXNjaGVtYS5qczo6cHJvZ3JhbQ==	1	111669149910
68719479996	107374182513	aXNJU084NjAx	aXNJU084NjAx	dmFsaWRhdG9yL2xpYi9pc0lTTzg2MDE=	2	94489281544
68719479997	107374182513	cmVxdWlyZQ==	cmVxdWlyZQ==	QU5Z	2	94489281586
68719479998	107374182513	dGhpcw==	dGhpcw==	c2NoZW1hcy90aW1lLXN0YW1wLXNjaGVtYS5qczo6cHJvZ3JhbQ==	2	111669149910
68719479999	107374182513	dGltZVN0YW1wc1NjaGVtYQ==	dGltZVN0YW1wc1NjaGVtYQ==	QU5Z	4	94489281545
68719480000	107374182513	X3RtcF8w	X3RtcF8w	QU5Z	4	94489281556
68719480001	107374182513	X3RtcF8x	X3RtcF8x	eXVwOm9iamVjdDo8cmV0dXJuVmFsdWU+	4	94489281585
68719480002	107374182513	eXVw	eXVw	eXVw	4	94489281543
68719480003	107374182513	eXVw	eXVw	eXVw	4	94489281543
68719480004	107374182513	X3RtcF8x	X3RtcF8x	eXVwOm9iamVjdDo8cmV0dXJuVmFsdWU+	4	94489281585
68719480005	107374182513	X3RtcF8y	X3RtcF8y	QU5Z	7	
68719480006	107374182513	X3RtcF8z	X3RtcF8z	QU5Z	7	94489281574
68719480007	107374182513	X3RtcF80	X3RtcF80	QU5Z	7	94489281578
68719480008	107374182513	X3RtcF81	X3RtcF81	QU5Z	7	94489281583
68719480009	107374182513	X3RtcF82	X3RtcF82	eXVwOnN0cmluZzo8cmV0dXJuVmFsdWU+	7	94489281584
68719480010	107374182513	eXVw	eXVw	eXVw	7	94489281543
68719480011	107374182513	eXVw	eXVw	eXVw	7	94489281543
68719480012	107374182513	X3RtcF82	X3RtcF82	eXVwOnN0cmluZzo8cmV0dXJuVmFsdWU+	7	94489281584
68719480013	107374182513	X3RtcF81	X3RtcF81	QU5Z	7	94489281583
68719480014	107374182513	X3RtcF83	X3RtcF83	QU5Z	11	
68719480015	107374182513	X3RtcF83	X3RtcF83	QU5Z	12	
68719480016	107374182513	X3RtcF83	X3RtcF83	QU5Z	13	
68719480017	107374182513	X3RtcF83	X3RtcF83	QU5Z	10	
68719480018	107374182513	X3RtcF80	X3RtcF80	QU5Z	7	94489281578
68719480019	107374182513	X3RtcF8z	X3RtcF8z	QU5Z	7	94489281574
68719480020	107374182513	X3RtcF8y	X3RtcF8y	QU5Z	23	
68719480021	107374182513	X3RtcF8xNA==	X3RtcF8xNA==	QU5Z	23	94489281560
68719480022	107374182513	X3RtcF8xNQ==	X3RtcF8xNQ==	QU5Z	23	94489281564
68719480023	107374182513	X3RtcF8xNg==	X3RtcF8xNg==	QU5Z	23	94489281569
68719480024	107374182513	X3RtcF8xNw==	X3RtcF8xNw==	eXVwOnN0cmluZzo8cmV0dXJuVmFsdWU+	23	94489281570
68719480025	107374182513	eXVw	eXVw	eXVw	23	94489281543
68719480026	107374182513	eXVw	eXVw	eXVw	23	94489281543
68719480027	107374182513	X3RtcF8xNw==	X3RtcF8xNw==	eXVwOnN0cmluZzo8cmV0dXJuVmFsdWU+	23	94489281570
68719480028	107374182513	X3RtcF8xNg==	X3RtcF8xNg==	QU5Z	23	94489281569
68719480029	107374182513	X3RtcF8xOA==	X3RtcF8xOA==	QU5Z	27	
68719480030	107374182513	X3RtcF8xOA==	X3RtcF8xOA==	QU5Z	28	
68719480031	107374182513	X3RtcF8xOA==	X3RtcF8xOA==	QU5Z	29	
68719480032	107374182513	X3RtcF8xOA==	X3RtcF8xOA==	QU5Z	26	
68719480033	107374182513	X3RtcF8xNQ==	X3RtcF8xNQ==	QU5Z	23	94489281564
68719480034	107374182513	X3RtcF8xNA==	X3RtcF8xNA==	QU5Z	23	94489281560
68719480035	107374182513	X3RtcF8y	X3RtcF8y	QU5Z	6	
68719480036	107374182513	X3RtcF8w	X3RtcF8w	QU5Z	4	94489281556
68719480037	107374182513	bW9kdWxl	bW9kdWxl	eyBleHBvcnRzOiBBTlk7IH0=	41	94489281555
68719480038	107374182513	dGltZVN0YW1wc1NjaGVtYQ==	dGltZVN0YW1wc1NjaGVtYQ==	QU5Z	41	94489281545
68719479937	107374182514	dmFsdWU=	dmFsdWU=	QU5Z	14	111669149901
68719479938	107374182514	aXNJU084NjAx	aXNJU084NjAx	dmFsaWRhdG9yL2xpYi9pc0lTTzg2MDE=	14	94489281582
68719479939	107374182514	dGhpcw==	dGhpcw==	c2NoZW1hcy90aW1lLXN0YW1wLXNjaGVtYS5qczo6cHJvZ3JhbQ==	14	111669149900
68719479940	107374182514	X3RtcF84	X3RtcF84	X19lY21hLkRhdGU=	14	94489281579
68719479941	107374182514	X3RtcF85	X3RtcF85	X19lY21hLkRhdGU=	14	94489281581
68719479942	107374182514	RGF0ZQ==	RGF0ZQ==	RGF0ZUNvbnN0cnVjdG9y	14	94489281580
68719479943	107374182514	X3RtcF85	X3RtcF85	X19lY21hLkRhdGU=	14	
68719479944	107374182514	dmFsdWU=	dmFsdWU=	QU5Z	14	111669149901
68719479945	107374182514	X3RtcF85	X3RtcF85	X19lY21hLkRhdGU=	14	
68719479946	107374182514	X3RtcF84	X3RtcF84	X19lY21hLkRhdGU=	14	94489281579
68719479947	107374182515	dGhpcw==	dGhpcw==	c2NoZW1hcy90aW1lLXN0YW1wLXNjaGVtYS5qczo6cHJvZ3JhbQ==	17	111669149902
68719479948	107374182515	dGhpcw==	dGhpcw==	c2NoZW1hcy90aW1lLXN0YW1wLXNjaGVtYS5qczo6cHJvZ3JhbQ==	17	111669149902
68719479949	107374182515	dmFsdWU=	dmFsdWU=	QU5Z	17	111669149903
68719479950	107374182515	dmFsdWU=	dmFsdWU=	QU5Z	17	111669149903
68719479951	107374182515	X3RtcF8xMA==	X3RtcF8xMA==	X19lY21hLkRhdGU=	18	94489281575
68719479952	107374182515	X3RtcF8xMQ==	X3RtcF8xMQ==	X19lY21hLkRhdGU=	18	94489281577
68719479953	107374182515	RGF0ZQ==	RGF0ZQ==	RGF0ZUNvbnN0cnVjdG9y	18	94489281576
68719479954	107374182515	X3RtcF8xMQ==	X3RtcF8xMQ==	X19lY21hLkRhdGU=	18	
68719479955	107374182515	dmFsdWU=	dmFsdWU=	QU5Z	18	111669149903
68719479956	107374182515	X3RtcF8xMQ==	X3RtcF8xMQ==	X19lY21hLkRhdGU=	18	
68719479957	107374182515	X3RtcF8xMA==	X3RtcF8xMA==	X19lY21hLkRhdGU=	18	94489281575
68719479958	107374182515	dmFsdWU=	dmFsdWU=	QU5Z	19	111669149903
68719479959	107374182516	X3RtcF8xMg==	X3RtcF8xMg==	X19lY21hLkRhdGU=	21	94489281571
68719479960	107374182516	X3RtcF8xMw==	X3RtcF8xMw==	X19lY21hLkRhdGU=	21	94489281573
68719479961	107374182516	RGF0ZQ==	RGF0ZQ==	RGF0ZUNvbnN0cnVjdG9y	21	94489281572
68719479962	107374182516	X3RtcF8xMw==	X3RtcF8xMw==	X19lY21hLkRhdGU=	21	
68719479963	107374182516	X3RtcF8xMw==	X3RtcF8xMw==	X19lY21hLkRhdGU=	21	
68719479964	107374182516	X3RtcF8xMg==	X3RtcF8xMg==	X19lY21hLkRhdGU=	21	94489281571
68719479965	107374182517	dmFsdWU=	dmFsdWU=	QU5Z	30	111669149906
68719479966	107374182517	aXNJU084NjAx	aXNJU084NjAx	dmFsaWRhdG9yL2xpYi9pc0lTTzg2MDE=	30	94489281568
68719479967	107374182517	dGhpcw==	dGhpcw==	c2NoZW1hcy90aW1lLXN0YW1wLXNjaGVtYS5qczo6cHJvZ3JhbQ==	30	111669149905
68719479968	107374182517	X3RtcF8xOQ==	X3RtcF8xOQ==	X19lY21hLkRhdGU=	30	94489281565
68719479969	107374182517	X3RtcF8yMA==	X3RtcF8yMA==	X19lY21hLkRhdGU=	30	94489281567
68719479970	107374182517	RGF0ZQ==	RGF0ZQ==	RGF0ZUNvbnN0cnVjdG9y	30	94489281566
68719479971	107374182517	X3RtcF8yMA==	X3RtcF8yMA==	X19lY21hLkRhdGU=	30	
68719479972	107374182517	dmFsdWU=	dmFsdWU=	QU5Z	30	111669149906
68719479973	107374182517	X3RtcF8yMA==	X3RtcF8yMA==	X19lY21hLkRhdGU=	30	
68719479974	107374182517	X3RtcF8xOQ==	X3RtcF8xOQ==	X19lY21hLkRhdGU=	30	94489281565
68719479975	107374182518	dGhpcw==	dGhpcw==	c2NoZW1hcy90aW1lLXN0YW1wLXNjaGVtYS5qczo6cHJvZ3JhbQ==	33	111669149907
68719479976	107374182518	dGhpcw==	dGhpcw==	c2NoZW1hcy90aW1lLXN0YW1wLXNjaGVtYS5qczo6cHJvZ3JhbQ==	33	111669149907
68719479977	107374182518	dmFsdWU=	dmFsdWU=	QU5Z	33	111669149908
68719479978	107374182518	dmFsdWU=	dmFsdWU=	QU5Z	33	111669149908
68719479979	107374182518	X3RtcF8yMQ==	X3RtcF8yMQ==	X19lY21hLkRhdGU=	34	94489281561
68719479980	107374182518	X3RtcF8yMg==	X3RtcF8yMg==	X19lY21hLkRhdGU=	34	94489281563
68719479981	107374182518	RGF0ZQ==	RGF0ZQ==	RGF0ZUNvbnN0cnVjdG9y	34	94489281562
68719479982	107374182518	X3RtcF8yMg==	X3RtcF8yMg==	X19lY21hLkRhdGU=	34	
68719479983	107374182518	dmFsdWU=	dmFsdWU=	QU5Z	34	111669149908
68719479984	107374182518	X3RtcF8yMg==	X3RtcF8yMg==	X19lY21hLkRhdGU=	34	
68719479985	107374182518	X3RtcF8yMQ==	X3RtcF8yMQ==	X19lY21hLkRhdGU=	34	94489281561
68719479986	107374182518	dmFsdWU=	dmFsdWU=	QU5Z	35	111669149908
68719479987	107374182519	X3RtcF8yMw==	X3RtcF8yMw==	X19lY21hLkRhdGU=	37	94489281557
68719479988	107374182519	X3RtcF8yNA==	X3RtcF8yNA==	X19lY21hLkRhdGU=	37	94489281559
68719479989	107374182519	RGF0ZQ==	RGF0ZQ==	RGF0ZUNvbnN0cnVjdG9y	37	94489281558
68719479990	107374182519	X3RtcF8yNA==	X3RtcF8yNA==	X19lY21hLkRhdGU=	37	
68719479991	107374182519	X3RtcF8yNA==	X3RtcF8yNA==	X19lY21hLkRhdGU=	37	
68719479992	107374182519	X3RtcF8yMw==	X3RtcF8yMw==	X19lY21hLkRhdGU=	37	94489281557
68719480039	107374182520	dmFsdWU=	dmFsdWU=	QU5Z	11	111669149912
68719480040	107374182520	aXNVVUlE	aXNVVUlE	dmFsaWRhdG9yL2xpYi9pc1VVSUQ=	11	94489281614
68719480041	107374182520	dGhpcw==	dGhpcw==	c2NoZW1hcy91c2VyLXNjaGVtYS5qczo6cHJvZ3JhbQ==	11	111669149911
68719480042	107374182520	dmFsdWU=	dmFsdWU=	QU5Z	11	111669149912
68719480043	107374182520	eXVw	eXVw	eXVw	1	94489281587
68719480044	107374182520	cmVxdWlyZQ==	cmVxdWlyZQ==	QU5Z	1	94489281617
68719480045	107374182520	dGhpcw==	dGhpcw==	c2NoZW1hcy91c2VyLXNjaGVtYS5qczo6cHJvZ3JhbQ==	1	111669149913
68719480046	107374182520	dGltZVN0YW1wU2NoZW1h	dGltZVN0YW1wU2NoZW1h	c2NoZW1hcy90aW1lLXN0YW1wLXNjaGVtYS5qczo6cHJvZ3JhbQ==	2	94489281588
68719480047	107374182520	cmVxdWlyZQ==	cmVxdWlyZQ==	QU5Z	2	94489281617
68719480048	107374182520	dGhpcw==	dGhpcw==	c2NoZW1hcy91c2VyLXNjaGVtYS5qczo6cHJvZ3JhbQ==	2	111669149913
68719480049	107374182520	aXNVVUlE	aXNVVUlE	dmFsaWRhdG9yL2xpYi9pc1VVSUQ=	3	94489281589
68719480050	107374182520	cmVxdWlyZQ==	cmVxdWlyZQ==	QU5Z	3	94489281617
68719480051	107374182520	dGhpcw==	dGhpcw==	c2NoZW1hcy91c2VyLXNjaGVtYS5qczo6cHJvZ3JhbQ==	3	111669149913
68719480052	107374182520	dXNlclNjaGVtYQ==	dXNlclNjaGVtYQ==	QU5Z	5	94489281590
68719480053	107374182520	X3RtcF8w	X3RtcF8w	QU5Z	5	94489281595
68719480054	107374182520	X3RtcF8x	X3RtcF8x	QU5Z	5	94489281596
68719480055	107374182520	X3RtcF8y	X3RtcF8y	eXVwOm9iamVjdDo8cmV0dXJuVmFsdWU+	5	94489281616
68719480056	107374182520	eXVw	eXVw	eXVw	5	94489281587
68719480057	107374182520	eXVw	eXVw	eXVw	5	94489281587
68719480058	107374182520	X3RtcF8y	X3RtcF8y	eXVwOm9iamVjdDo8cmV0dXJuVmFsdWU+	5	94489281616
68719480059	107374182520	X3RtcF8z	X3RtcF8z	QU5Z	8	
68719480060	107374182520	X3RtcF80	X3RtcF80	eXVwOnN0cmluZzo8cmV0dXJuVmFsdWU+	8	94489281615
68719480061	107374182520	eXVw	eXVw	eXVw	8	94489281587
68719480062	107374182520	eXVw	eXVw	eXVw	8	94489281587
68719480063	107374182520	X3RtcF80	X3RtcF80	eXVwOnN0cmluZzo8cmV0dXJuVmFsdWU+	8	94489281615
68719480064	107374182520	X3RtcF81	X3RtcF81	QU5Z	9	
68719480065	107374182520	X3RtcF81	X3RtcF81	QU5Z	10	
68719480066	107374182520	X3RtcF81	X3RtcF81	QU5Z	11	
68719480067	107374182520	X3RtcF81	X3RtcF81	QU5Z	8	
68719480068	107374182520	X3RtcF8z	X3RtcF8z	QU5Z	14	
68719480069	107374182520	X3RtcF82	X3RtcF82	QU5Z	14	94489281610
68719480070	107374182520	X3RtcF83	X3RtcF83	QU5Z	14	94489281611
68719480071	107374182520	X3RtcF84	X3RtcF84	QU5Z	14	94489281612
68719480072	107374182520	X3RtcF85	X3RtcF85	eXVwOnN0cmluZzo8cmV0dXJuVmFsdWU+	14	94489281613
68719480073	107374182520	eXVw	eXVw	eXVw	14	94489281587
68719480074	107374182520	eXVw	eXVw	eXVw	14	94489281587
68719480075	107374182520	X3RtcF85	X3RtcF85	eXVwOnN0cmluZzo8cmV0dXJuVmFsdWU+	14	94489281613
68719480076	107374182520	X3RtcF84	X3RtcF84	QU5Z	14	94489281612
68719480077	107374182520	X3RtcF83	X3RtcF83	QU5Z	14	94489281611
68719480078	107374182520	X3RtcF82	X3RtcF82	QU5Z	14	94489281610
68719480079	107374182520	X3RtcF8z	X3RtcF8z	QU5Z	21	
68719480080	107374182520	X3RtcF8xMA==	X3RtcF8xMA==	eXVwOnN0cmluZzo8cmV0dXJuVmFsdWU+	21	94489281609
68719480081	107374182520	eXVw	eXVw	eXVw	21	94489281587
68719480082	107374182520	eXVw	eXVw	eXVw	21	94489281587
68719480083	107374182520	X3RtcF8xMA==	X3RtcF8xMA==	eXVwOnN0cmluZzo8cmV0dXJuVmFsdWU+	21	94489281609
68719480084	107374182520	X3RtcF8xMQ==	X3RtcF8xMQ==	QU5Z	22	
68719480085	107374182520	X3RtcF8xMQ==	X3RtcF8xMQ==	QU5Z	23	
68719480086	107374182520	X3RtcF8xMg==	X3RtcF8xMg==	QU5Z	23	94489281606
68719480087	107374182520	X3RtcF8xMw==	X3RtcF8xMw==	QU5Z	23	94489281607
68719480088	107374182520	X3RtcF8xNA==	X3RtcF8xNA==	eXVwOnN0cmluZzo8cmV0dXJuVmFsdWU+	23	94489281608
68719480089	107374182520	eXVw	eXVw	eXVw	23	94489281587
68719480090	107374182520	eXVw	eXVw	eXVw	23	94489281587
68719480091	107374182520	X3RtcF8xNA==	X3RtcF8xNA==	eXVwOnN0cmluZzo8cmV0dXJuVmFsdWU+	23	94489281608
68719480092	107374182520	X3RtcF8xMw==	X3RtcF8xMw==	QU5Z	23	94489281607
68719480093	107374182520	X3RtcF8xMg==	X3RtcF8xMg==	QU5Z	23	94489281606
68719480094	107374182520	X3RtcF8xMQ==	X3RtcF8xMQ==	QU5Z	21	
68719480095	107374182520	X3RtcF8z	X3RtcF8z	QU5Z	30	
68719480096	107374182520	X3RtcF8xNQ==	X3RtcF8xNQ==	QU5Z	30	94489281602
68719480097	107374182520	X3RtcF8xNg==	X3RtcF8xNg==	QU5Z	30	94489281603
68719480098	107374182520	X3RtcF8xNw==	X3RtcF8xNw==	QU5Z	30	94489281604
68719480099	107374182520	X3RtcF8xOA==	X3RtcF8xOA==	eXVwOnN0cmluZzo8cmV0dXJuVmFsdWU+	30	94489281605
68719480100	107374182520	eXVw	eXVw	eXVw	30	94489281587
68719480101	107374182520	eXVw	eXVw	eXVw	30	94489281587
68719480102	107374182520	X3RtcF8xOA==	X3RtcF8xOA==	eXVwOnN0cmluZzo8cmV0dXJuVmFsdWU+	30	94489281605
68719480103	107374182520	X3RtcF8xNw==	X3RtcF8xNw==	QU5Z	30	94489281604
68719480104	107374182520	X3RtcF8xNg==	X3RtcF8xNg==	QU5Z	30	94489281603
68719480105	107374182520	X3RtcF8xNQ==	X3RtcF8xNQ==	QU5Z	30	94489281602
68719480106	107374182520	X3RtcF8z	X3RtcF8z	QU5Z	37	
68719480107	107374182520	X3RtcF8xOQ==	X3RtcF8xOQ==	QU5Z	37	94489281599
68719480108	107374182520	X3RtcF8yMA==	X3RtcF8yMA==	QU5Z	37	94489281600
68719480109	107374182520	X3RtcF8yMQ==	X3RtcF8yMQ==	eXVwOnN0cmluZzo8cmV0dXJuVmFsdWU+	37	94489281601
68719480110	107374182520	eXVw	eXVw	eXVw	37	94489281587
68719480111	107374182520	eXVw	eXVw	eXVw	37	94489281587
68719480112	107374182520	X3RtcF8yMQ==	X3RtcF8yMQ==	eXVwOnN0cmluZzo8cmV0dXJuVmFsdWU+	37	94489281601
68719480113	107374182520	X3RtcF8yMA==	X3RtcF8yMA==	QU5Z	37	94489281600
68719480114	107374182520	X3RtcF8xOQ==	X3RtcF8xOQ==	QU5Z	37	94489281599
68719480115	107374182520	X3RtcF8z	X3RtcF8z	QU5Z	43	
68719480116	107374182520	X3RtcF8yMg==	X3RtcF8yMg==	QU5Z	43	94489281597
68719480117	107374182520	X3RtcF8yMw==	X3RtcF8yMw==	eXVwOnN0cmluZzo8cmV0dXJuVmFsdWU+	43	94489281598
68719480118	107374182520	eXVw	eXVw	eXVw	43	94489281587
68719480119	107374182520	eXVw	eXVw	eXVw	43	94489281587
68719480120	107374182520	X3RtcF8yMw==	X3RtcF8yMw==	eXVwOnN0cmluZzo8cmV0dXJuVmFsdWU+	43	94489281598
68719480121	107374182520	X3RtcF8yMg==	X3RtcF8yMg==	QU5Z	43	94489281597
68719480122	107374182520	X3RtcF8z	X3RtcF8z	QU5Z	7	
68719480123	107374182520	X3RtcF8x	X3RtcF8x	QU5Z	5	94489281596
68719480124	107374182520	X3RtcF8w	X3RtcF8w	QU5Z	5	94489281595
68719480125	107374182520	dGltZVN0YW1wU2NoZW1h	dGltZVN0YW1wU2NoZW1h	c2NoZW1hcy90aW1lLXN0YW1wLXNjaGVtYS5qczo6cHJvZ3JhbQ==	49	94489281588
68719480126	107374182520	bW9kdWxl	bW9kdWxl	eyBleHBvcnRzOiBBTlk7IH0=	51	94489281594
68719480127	107374182520	dXNlclNjaGVtYQ==	dXNlclNjaGVtYQ==	QU5Z	51	94489281590
68719480039	107374182521	dmFsdWU=	dmFsdWU=	QU5Z	11	111669149912
68719480040	107374182521	aXNVVUlE	aXNVVUlE	dmFsaWRhdG9yL2xpYi9pc1VVSUQ=	11	94489281614
68719480041	107374182521	dGhpcw==	dGhpcw==	c2NoZW1hcy91c2VyLXNjaGVtYS5qczo6cHJvZ3JhbQ==	11	111669149911
68719480042	107374182521	dmFsdWU=	dmFsdWU=	QU5Z	11	111669149912
68719480128	107374182522	X3RtcF8w	X3RtcF8w	QU5Z	27	
68719480129	107374182522	dQ==	dQ==	eyBuYW1lOiBfX2VjbWEuU3RyaW5nOyBpZDogX19lY21hLlN0cmluZzsgZW1haWw/OiBBTlk7IH0gfCB7IG5hbWU6IF9fZWNtYS5TdHJpbmc7IGVtYWlsOiBfX2VjbWEuU3RyaW5nOyBpZDogX19lY21hLlN0cmluZzsgfQ==	27	111669149915
68719480130	107374182522	X3RtcF8w	X3RtcF8w	QU5Z	28	
68719480131	107374182522	dQ==	dQ==	eyBuYW1lOiBfX2VjbWEuU3RyaW5nOyBpZDogX19lY21hLlN0cmluZzsgZW1haWw/OiBBTlk7IH0gfCB7IG5hbWU6IF9fZWNtYS5TdHJpbmc7IGVtYWlsOiBfX2VjbWEuU3RyaW5nOyBpZDogX19lY21hLlN0cmluZzsgfQ==	28	111669149915
68719480132	107374182522	dQ==	dQ==	eyBuYW1lOiBfX2VjbWEuU3RyaW5nOyBpZDogX19lY21hLlN0cmluZzsgZW1haWw/OiBBTlk7IH0gfCB7IG5hbWU6IF9fZWNtYS5TdHJpbmc7IGVtYWlsOiBfX2VjbWEuU3RyaW5nOyBpZDogX19lY21hLlN0cmluZzsgfQ==	28	111669149915
68719480133	107374182522	X3RtcF8w	X3RtcF8w	QU5Z	29	
68719480134	107374182522	dQ==	dQ==	eyBuYW1lOiBfX2VjbWEuU3RyaW5nOyBpZDogX19lY21hLlN0cmluZzsgZW1haWw/OiBBTlk7IH0gfCB7IG5hbWU6IF9fZWNtYS5TdHJpbmc7IGVtYWlsOiBfX2VjbWEuU3RyaW5nOyBpZDogX19lY21hLlN0cmluZzsgfQ==	29	111669149915
68719480135	107374182522	X3RtcF8w	X3RtcF8w	QU5Z	30	
68719480136	107374182522	YmNyeXB0	YmNyeXB0	YmNyeXB0	30	94489281649
68719480137	107374182522	YmNyeXB0	YmNyeXB0	YmNyeXB0	30	94489281649
68719480138	107374182522	X3RtcF8w	X3RtcF8w	QU5Z	31	
68719480139	107374182522	X3RtcF8x	X3RtcF8x	ZmFrZXI6PG1lbWJlcj4obG9yZW0p	31	94489281648
68719480140	107374182522	ZmFrZXI=	ZmFrZXI=	ZmFrZXI=	31	94489281646
68719480141	107374182522	X3RtcF8x	X3RtcF8x	ZmFrZXI6PG1lbWJlcj4obG9yZW0p	31	94489281648
68719480142	107374182522	X3RtcF8w	X3RtcF8w	QU5Z	32	
68719480143	107374182522	X3RtcF8y	X3RtcF8y	ZmFrZXI6PG1lbWJlcj4oaW1hZ2Up	32	94489281645
68719480144	107374182522	ZmFrZXI=	ZmFrZXI=	ZmFrZXI=	32	94489281646
68719480145	107374182522	X3RtcF8y	X3RtcF8y	ZmFrZXI6PG1lbWJlcj4oaW1hZ2Up	32	94489281645
68719480146	107374182522	X3RtcF8w	X3RtcF8w	QU5Z	33	
68719480147	107374182522	X3RtcF8z	X3RtcF8z	X19lY21hLkRhdGU=	33	94489281643
68719480148	107374182522	X3RtcF80	X3RtcF80	X19lY21hLkRhdGU=	33	94489281644
68719480149	107374182522	RGF0ZQ==	RGF0ZQ==	RGF0ZUNvbnN0cnVjdG9y	33	94489281641
68719480150	107374182522	X3RtcF80	X3RtcF80	X19lY21hLkRhdGU=	33	
68719480151	107374182522	X3RtcF80	X3RtcF80	X19lY21hLkRhdGU=	33	
68719480152	107374182522	X3RtcF8z	X3RtcF8z	X19lY21hLkRhdGU=	33	94489281643
68719480153	107374182522	X3RtcF8w	X3RtcF8w	QU5Z	34	
68719480154	107374182522	X3RtcF81	X3RtcF81	X19lY21hLkRhdGU=	34	94489281640
68719480155	107374182522	X3RtcF82	X3RtcF82	X19lY21hLkRhdGU=	34	94489281642
68719480156	107374182522	RGF0ZQ==	RGF0ZQ==	RGF0ZUNvbnN0cnVjdG9y	34	94489281641
68719480157	107374182522	X3RtcF82	X3RtcF82	X19lY21hLkRhdGU=	34	
68719480158	107374182522	X3RtcF82	X3RtcF82	X19lY21hLkRhdGU=	34	
68719480159	107374182522	X3RtcF81	X3RtcF81	X19lY21hLkRhdGU=	34	94489281640
68719480160	107374182522	X3RtcF8w	X3RtcF8w	QU5Z	26	
68719480128	107374182523	X3RtcF8w	X3RtcF8w	QU5Z	27	
68719480129	107374182523	dQ==	dQ==	eyBuYW1lOiBfX2VjbWEuU3RyaW5nOyBpZDogX19lY21hLlN0cmluZzsgZW1haWw/OiBBTlk7IH0gfCB7IG5hbWU6IF9fZWNtYS5TdHJpbmc7IGVtYWlsOiBfX2VjbWEuU3RyaW5nOyBpZDogX19lY21hLlN0cmluZzsgfQ==	27	111669149915
68719480130	107374182523	X3RtcF8w	X3RtcF8w	QU5Z	28	
68719480131	107374182523	dQ==	dQ==	eyBuYW1lOiBfX2VjbWEuU3RyaW5nOyBpZDogX19lY21hLlN0cmluZzsgZW1haWw/OiBBTlk7IH0gfCB7IG5hbWU6IF9fZWNtYS5TdHJpbmc7IGVtYWlsOiBfX2VjbWEuU3RyaW5nOyBpZDogX19lY21hLlN0cmluZzsgfQ==	28	111669149915
68719480132	107374182523	dQ==	dQ==	eyBuYW1lOiBfX2VjbWEuU3RyaW5nOyBpZDogX19lY21hLlN0cmluZzsgZW1haWw/OiBBTlk7IH0gfCB7IG5hbWU6IF9fZWNtYS5TdHJpbmc7IGVtYWlsOiBfX2VjbWEuU3RyaW5nOyBpZDogX19lY21hLlN0cmluZzsgfQ==	28	111669149915
68719480133	107374182523	X3RtcF8w	X3RtcF8w	QU5Z	29	
68719480134	107374182523	dQ==	dQ==	eyBuYW1lOiBfX2VjbWEuU3RyaW5nOyBpZDogX19lY21hLlN0cmluZzsgZW1haWw/OiBBTlk7IH0gfCB7IG5hbWU6IF9fZWNtYS5TdHJpbmc7IGVtYWlsOiBfX2VjbWEuU3RyaW5nOyBpZDogX19lY21hLlN0cmluZzsgfQ==	29	111669149915
68719480135	107374182523	X3RtcF8w	X3RtcF8w	QU5Z	30	
68719480136	107374182523	YmNyeXB0	YmNyeXB0	YmNyeXB0	30	94489281649
68719480137	107374182523	YmNyeXB0	YmNyeXB0	YmNyeXB0	30	94489281649
68719480138	107374182523	X3RtcF8w	X3RtcF8w	QU5Z	31	
68719480139	107374182523	X3RtcF8x	X3RtcF8x	ZmFrZXI6PG1lbWJlcj4obG9yZW0p	31	94489281648
68719480140	107374182523	ZmFrZXI=	ZmFrZXI=	ZmFrZXI=	31	94489281646
68719480141	107374182523	X3RtcF8x	X3RtcF8x	ZmFrZXI6PG1lbWJlcj4obG9yZW0p	31	94489281648
68719480142	107374182523	X3RtcF8w	X3RtcF8w	QU5Z	32	
68719480143	107374182523	X3RtcF8y	X3RtcF8y	ZmFrZXI6PG1lbWJlcj4oaW1hZ2Up	32	94489281645
68719480144	107374182523	ZmFrZXI=	ZmFrZXI=	ZmFrZXI=	32	94489281646
68719480145	107374182523	X3RtcF8y	X3RtcF8y	ZmFrZXI6PG1lbWJlcj4oaW1hZ2Up	32	94489281645
68719480146	107374182523	X3RtcF8w	X3RtcF8w	QU5Z	33	
68719480147	107374182523	X3RtcF8z	X3RtcF8z	X19lY21hLkRhdGU=	33	94489281643
68719480148	107374182523	X3RtcF80	X3RtcF80	X19lY21hLkRhdGU=	33	94489281644
68719480149	107374182523	RGF0ZQ==	RGF0ZQ==	RGF0ZUNvbnN0cnVjdG9y	33	94489281641
68719480150	107374182523	X3RtcF80	X3RtcF80	X19lY21hLkRhdGU=	33	
68719480151	107374182523	X3RtcF80	X3RtcF80	X19lY21hLkRhdGU=	33	
68719480152	107374182523	X3RtcF8z	X3RtcF8z	X19lY21hLkRhdGU=	33	94489281643
68719480153	107374182523	X3RtcF8w	X3RtcF8w	QU5Z	34	
68719480154	107374182523	X3RtcF81	X3RtcF81	X19lY21hLkRhdGU=	34	94489281640
68719480155	107374182523	X3RtcF82	X3RtcF82	X19lY21hLkRhdGU=	34	94489281642
68719480156	107374182523	RGF0ZQ==	RGF0ZQ==	RGF0ZUNvbnN0cnVjdG9y	34	94489281641
68719480157	107374182523	X3RtcF82	X3RtcF82	X19lY21hLkRhdGU=	34	
68719480158	107374182523	X3RtcF82	X3RtcF82	X19lY21hLkRhdGU=	34	
68719480159	107374182523	X3RtcF81	X3RtcF81	X19lY21hLkRhdGU=	34	94489281640
68719480160	107374182523	X3RtcF8w	X3RtcF8w	QU5Z	26	
68719480161	107374182523	dXNlcnM=	dXNlcnM=	X19lY21hLkFycmF5	25	94489281651
68719480162	107374182523	dXNlcnM=	dXNlcnM=	X19lY21hLkFycmF5	25	94489281651
68719480128	107374182524	X3RtcF8w	X3RtcF8w	QU5Z	27	
68719480129	107374182524	dQ==	dQ==	eyBuYW1lOiBfX2VjbWEuU3RyaW5nOyBpZDogX19lY21hLlN0cmluZzsgZW1haWw/OiBBTlk7IH0gfCB7IG5hbWU6IF9fZWNtYS5TdHJpbmc7IGVtYWlsOiBfX2VjbWEuU3RyaW5nOyBpZDogX19lY21hLlN0cmluZzsgfQ==	27	111669149915
68719480130	107374182524	X3RtcF8w	X3RtcF8w	QU5Z	28	
68719480131	107374182524	dQ==	dQ==	eyBuYW1lOiBfX2VjbWEuU3RyaW5nOyBpZDogX19lY21hLlN0cmluZzsgZW1haWw/OiBBTlk7IH0gfCB7IG5hbWU6IF9fZWNtYS5TdHJpbmc7IGVtYWlsOiBfX2VjbWEuU3RyaW5nOyBpZDogX19lY21hLlN0cmluZzsgfQ==	28	111669149915
68719480132	107374182524	dQ==	dQ==	eyBuYW1lOiBfX2VjbWEuU3RyaW5nOyBpZDogX19lY21hLlN0cmluZzsgZW1haWw/OiBBTlk7IH0gfCB7IG5hbWU6IF9fZWNtYS5TdHJpbmc7IGVtYWlsOiBfX2VjbWEuU3RyaW5nOyBpZDogX19lY21hLlN0cmluZzsgfQ==	28	111669149915
68719480133	107374182524	X3RtcF8w	X3RtcF8w	QU5Z	29	
68719480134	107374182524	dQ==	dQ==	eyBuYW1lOiBfX2VjbWEuU3RyaW5nOyBpZDogX19lY21hLlN0cmluZzsgZW1haWw/OiBBTlk7IH0gfCB7IG5hbWU6IF9fZWNtYS5TdHJpbmc7IGVtYWlsOiBfX2VjbWEuU3RyaW5nOyBpZDogX19lY21hLlN0cmluZzsgfQ==	29	111669149915
68719480135	107374182524	X3RtcF8w	X3RtcF8w	QU5Z	30	
68719480136	107374182524	YmNyeXB0	YmNyeXB0	YmNyeXB0	30	94489281649
68719480137	107374182524	YmNyeXB0	YmNyeXB0	YmNyeXB0	30	94489281649
68719480138	107374182524	X3RtcF8w	X3RtcF8w	QU5Z	31	
68719480139	107374182524	X3RtcF8x	X3RtcF8x	ZmFrZXI6PG1lbWJlcj4obG9yZW0p	31	94489281648
68719480140	107374182524	ZmFrZXI=	ZmFrZXI=	ZmFrZXI=	31	94489281646
68719480141	107374182524	X3RtcF8x	X3RtcF8x	ZmFrZXI6PG1lbWJlcj4obG9yZW0p	31	94489281648
68719480142	107374182524	X3RtcF8w	X3RtcF8w	QU5Z	32	
68719480143	107374182524	X3RtcF8y	X3RtcF8y	ZmFrZXI6PG1lbWJlcj4oaW1hZ2Up	32	94489281645
68719480144	107374182524	ZmFrZXI=	ZmFrZXI=	ZmFrZXI=	32	94489281646
68719480145	107374182524	X3RtcF8y	X3RtcF8y	ZmFrZXI6PG1lbWJlcj4oaW1hZ2Up	32	94489281645
68719480146	107374182524	X3RtcF8w	X3RtcF8w	QU5Z	33	
68719480147	107374182524	X3RtcF8z	X3RtcF8z	X19lY21hLkRhdGU=	33	94489281643
68719480148	107374182524	X3RtcF80	X3RtcF80	X19lY21hLkRhdGU=	33	94489281644
68719480149	107374182524	RGF0ZQ==	RGF0ZQ==	RGF0ZUNvbnN0cnVjdG9y	33	94489281641
68719480150	107374182524	X3RtcF80	X3RtcF80	X19lY21hLkRhdGU=	33	
68719480151	107374182524	X3RtcF80	X3RtcF80	X19lY21hLkRhdGU=	33	
68719480152	107374182524	X3RtcF8z	X3RtcF8z	X19lY21hLkRhdGU=	33	94489281643
68719480153	107374182524	X3RtcF8w	X3RtcF8w	QU5Z	34	
68719480154	107374182524	X3RtcF81	X3RtcF81	X19lY21hLkRhdGU=	34	94489281640
68719480155	107374182524	X3RtcF82	X3RtcF82	X19lY21hLkRhdGU=	34	94489281642
68719480156	107374182524	RGF0ZQ==	RGF0ZQ==	RGF0ZUNvbnN0cnVjdG9y	34	94489281641
68719480157	107374182524	X3RtcF82	X3RtcF82	X19lY21hLkRhdGU=	34	
68719480158	107374182524	X3RtcF82	X3RtcF82	X19lY21hLkRhdGU=	34	
68719480159	107374182524	X3RtcF81	X3RtcF81	X19lY21hLkRhdGU=	34	94489281640
68719480160	107374182524	X3RtcF8w	X3RtcF8w	QU5Z	26	
68719480161	107374182524	dXNlcnM=	dXNlcnM=	X19lY21hLkFycmF5	25	94489281651
68719480162	107374182524	dXNlcnM=	dXNlcnM=	X19lY21hLkFycmF5	25	94489281651
68719480163	107374182524	dQ==	dQ==	eyBuYW1lOiBfX2VjbWEuU3RyaW5nOyBpZDogX19lY21hLlN0cmluZzsgZW1haWw/OiBBTlk7IH0gfCB7IG5hbWU6IF9fZWNtYS5TdHJpbmc7IGVtYWlsOiBfX2VjbWEuU3RyaW5nOyBpZDogX19lY21hLlN0cmluZzsgfQ==	44	111669149918
68719480164	107374182524	dQ==	dQ==	eyBuYW1lOiBfX2VjbWEuU3RyaW5nOyBpZDogX19lY21hLlN0cmluZzsgZW1haWw/OiBBTlk7IH0gfCB7IG5hbWU6IF9fZWNtYS5TdHJpbmc7IGVtYWlsOiBfX2VjbWEuU3RyaW5nOyBpZDogX19lY21hLlN0cmluZzsgfQ==	44	111669149918
68719480165	107374182524	cHJvY2Vzcw==	cHJvY2Vzcw==	QU5Z	42	94489281636
68719480166	107374182524	X3RtcF8xMg==	X3RtcF8xMg==	QU5Z	43	94489281633
68719480167	107374182524	X3RtcF8xMw==	X3RtcF8xMw==	c2VlZHMvMDEtdXNlcnMuanM6OnByb2dyYW06a25leDo8cmV0dXJuVmFsdWU+	43	94489281635
68719480168	107374182524	a25leA==	a25leA==	QU5Z	43	111669149920
68719480169	107374182524	dGhpcw==	dGhpcw==	c2VlZHMvMDEtdXNlcnMuanM6OnByb2dyYW0=	43	111669149919
68719480170	107374182524	X3RtcF8xMw==	X3RtcF8xMw==	c2VlZHMvMDEtdXNlcnMuanM6OnByb2dyYW06a25leDo8cmV0dXJuVmFsdWU+	43	94489281635
68719480171	107374182524	dXNlcnM=	dXNlcnM=	X19lY21hLkFycmF5	44	94489281634
68719480172	107374182524	dXNlcnM=	dXNlcnM=	X19lY21hLkFycmF5	44	94489281634
68719480173	107374182524	X3RtcF8xMg==	X3RtcF8xMg==	QU5Z	43	94489281633
68719480174	107374182524	X3RtcF8xNA==	X3RtcF8xNA==	c2VlZHMvMDEtdXNlcnMuanM6OnByb2dyYW06a25leDo8cmV0dXJuVmFsdWU+	47	94489281632
68719480175	107374182524	a25leA==	a25leA==	QU5Z	47	111669149920
68719480176	107374182524	dGhpcw==	dGhpcw==	c2VlZHMvMDEtdXNlcnMuanM6OnByb2dyYW0=	47	111669149919
68719480177	107374182524	X3RtcF8xNA==	X3RtcF8xNA==	c2VlZHMvMDEtdXNlcnMuanM6OnByb2dyYW06a25leDo8cmV0dXJuVmFsdWU+	47	94489281632
68719480178	107374182524	X3RtcF8xNQ==	X3RtcF8xNQ==	c2VlZHMvMDEtdXNlcnMuanM6OnByb2dyYW06a25leDo8cmV0dXJuVmFsdWU+	50	94489281631
68719480179	107374182524	a25leA==	a25leA==	QU5Z	50	111669149920
68719480180	107374182524	dGhpcw==	dGhpcw==	c2VlZHMvMDEtdXNlcnMuanM6OnByb2dyYW0=	50	111669149919
68719480181	107374182524	X3RtcF8xNQ==	X3RtcF8xNQ==	c2VlZHMvMDEtdXNlcnMuanM6OnByb2dyYW06a25leDo8cmV0dXJuVmFsdWU+	50	94489281631
68719480182	107374182524	Z2V0VXNlcnM=	Z2V0VXNlcnM=	c2VlZHMvMDEtdXNlcnMuanM6OnByb2dyYW06Z2V0VXNlcnM=	50	94489281630
68719480183	107374182524	dGhpcw==	dGhpcw==	c2VlZHMvMDEtdXNlcnMuanM6OnByb2dyYW0=	50	111669149919
68719480184	107374182524	Z2V0VXNlcnM=	Z2V0VXNlcnM=	c2VlZHMvMDEtdXNlcnMuanM6OnByb2dyYW06Z2V0VXNlcnM=	24	94489281618
68719480185	107374182524	YmNyeXB0	YmNyeXB0	YmNyeXB0	1	94489281622
68719480186	107374182524	cmVxdWlyZQ==	cmVxdWlyZQ==	QU5Z	1	94489281639
68719480187	107374182524	dGhpcw==	dGhpcw==	c2VlZHMvMDEtdXNlcnMuanM6OnByb2dyYW0=	1	111669149921
68719480188	107374182524	ZmFrZXI=	ZmFrZXI=	ZmFrZXI=	2	94489281623
68719480189	107374182524	cmVxdWlyZQ==	cmVxdWlyZQ==	QU5Z	2	94489281639
68719480190	107374182524	dGhpcw==	dGhpcw==	c2VlZHMvMDEtdXNlcnMuanM6OnByb2dyYW0=	2	111669149921
68719480191	107374182524	dXNlcnM=	dXNlcnM=	X19lY21hLkFycmF5	4	94489281624
68719480192	107374182524	X3RtcF83	X3RtcF83	X19lY21hLkFycmF5	4	94489281638
68719480193	107374182524	X3RtcF83	X3RtcF83	X19lY21hLkFycmF5	5	
68719480194	107374182524	X3RtcF83	X3RtcF83	X19lY21hLkFycmF5	5	
68719480195	107374182524	X3RtcF84	X3RtcF84	QU5Z	6	
68719480196	107374182524	X3RtcF84	X3RtcF84	QU5Z	7	
68719480197	107374182524	X3RtcF84	X3RtcF84	QU5Z	5	
68719480198	107374182524	X3RtcF83	X3RtcF83	X19lY21hLkFycmF5	9	
68719480199	107374182524	X3RtcF83	X3RtcF83	X19lY21hLkFycmF5	9	
68719480200	107374182524	X3RtcF85	X3RtcF85	QU5Z	10	
68719480201	107374182524	X3RtcF85	X3RtcF85	QU5Z	11	
68719480202	107374182524	X3RtcF85	X3RtcF85	QU5Z	9	
68719480203	107374182524	X3RtcF83	X3RtcF83	X19lY21hLkFycmF5	13	
68719480204	107374182524	X3RtcF83	X3RtcF83	X19lY21hLkFycmF5	13	
68719480205	107374182524	X3RtcF8xMA==	X3RtcF8xMA==	QU5Z	14	
68719480206	107374182524	X3RtcF8xMA==	X3RtcF8xMA==	QU5Z	15	
68719480207	107374182524	X3RtcF8xMA==	X3RtcF8xMA==	QU5Z	13	
68719480208	107374182524	X3RtcF83	X3RtcF83	X19lY21hLkFycmF5	17	
68719480209	107374182524	X3RtcF83	X3RtcF83	X19lY21hLkFycmF5	17	
68719480210	107374182524	X3RtcF8xMQ==	X3RtcF8xMQ==	QU5Z	18	
68719480211	107374182524	X3RtcF8xMQ==	X3RtcF8xMQ==	QU5Z	19	
68719480212	107374182524	X3RtcF8xMQ==	X3RtcF8xMQ==	QU5Z	20	
68719480213	107374182524	X3RtcF8xMQ==	X3RtcF8xMQ==	QU5Z	17	
68719480214	107374182524	X3RtcF83	X3RtcF83	X19lY21hLkFycmF5	4	
68719480215	107374182524	ZXhwb3J0cw==	ZXhwb3J0cw==	c2VlZHMvMDEtdXNlcnMuanM6OnByb2dyYW0=	39	94489281637
68719480216	107374182524	Z2V0VXNlcnM=	Z2V0VXNlcnM=	c2VlZHMvMDEtdXNlcnMuanM6OnByb2dyYW06Z2V0VXNlcnM=	39	94489281618
68719480217	107374182524	ZXhwb3J0cw==	ZXhwb3J0cw==	c2VlZHMvMDEtdXNlcnMuanM6OnByb2dyYW0=	41	94489281637
68719480163	107374182525	dQ==	dQ==	eyBuYW1lOiBfX2VjbWEuU3RyaW5nOyBpZDogX19lY21hLlN0cmluZzsgZW1haWw/OiBBTlk7IH0gfCB7IG5hbWU6IF9fZWNtYS5TdHJpbmc7IGVtYWlsOiBfX2VjbWEuU3RyaW5nOyBpZDogX19lY21hLlN0cmluZzsgfQ==	44	111669149918
68719480164	107374182525	dQ==	dQ==	eyBuYW1lOiBfX2VjbWEuU3RyaW5nOyBpZDogX19lY21hLlN0cmluZzsgZW1haWw/OiBBTlk7IH0gfCB7IG5hbWU6IF9fZWNtYS5TdHJpbmc7IGVtYWlsOiBfX2VjbWEuU3RyaW5nOyBpZDogX19lY21hLlN0cmluZzsgfQ==	44	111669149918
68719480163	107374182526	dQ==	dQ==	eyBuYW1lOiBfX2VjbWEuU3RyaW5nOyBpZDogX19lY21hLlN0cmluZzsgZW1haWw/OiBBTlk7IH0gfCB7IG5hbWU6IF9fZWNtYS5TdHJpbmc7IGVtYWlsOiBfX2VjbWEuU3RyaW5nOyBpZDogX19lY21hLlN0cmluZzsgfQ==	44	111669149918
68719480164	107374182526	dQ==	dQ==	eyBuYW1lOiBfX2VjbWEuU3RyaW5nOyBpZDogX19lY21hLlN0cmluZzsgZW1haWw/OiBBTlk7IH0gfCB7IG5hbWU6IF9fZWNtYS5TdHJpbmc7IGVtYWlsOiBfX2VjbWEuU3RyaW5nOyBpZDogX19lY21hLlN0cmluZzsgfQ==	44	111669149918
68719480165	107374182526	cHJvY2Vzcw==	cHJvY2Vzcw==	QU5Z	42	94489281636
68719480166	107374182526	X3RtcF8xMg==	X3RtcF8xMg==	QU5Z	43	94489281633
68719480167	107374182526	X3RtcF8xMw==	X3RtcF8xMw==	c2VlZHMvMDEtdXNlcnMuanM6OnByb2dyYW06a25leDo8cmV0dXJuVmFsdWU+	43	94489281635
68719480168	107374182526	a25leA==	a25leA==	QU5Z	43	111669149920
68719480169	107374182526	dGhpcw==	dGhpcw==	c2VlZHMvMDEtdXNlcnMuanM6OnByb2dyYW0=	43	111669149919
68719480170	107374182526	X3RtcF8xMw==	X3RtcF8xMw==	c2VlZHMvMDEtdXNlcnMuanM6OnByb2dyYW06a25leDo8cmV0dXJuVmFsdWU+	43	94489281635
68719480171	107374182526	dXNlcnM=	dXNlcnM=	X19lY21hLkFycmF5	44	94489281634
68719480172	107374182526	dXNlcnM=	dXNlcnM=	X19lY21hLkFycmF5	44	94489281634
68719480173	107374182526	X3RtcF8xMg==	X3RtcF8xMg==	QU5Z	43	94489281633
68719480174	107374182526	X3RtcF8xNA==	X3RtcF8xNA==	c2VlZHMvMDEtdXNlcnMuanM6OnByb2dyYW06a25leDo8cmV0dXJuVmFsdWU+	47	94489281632
68719480175	107374182526	a25leA==	a25leA==	QU5Z	47	111669149920
68719480176	107374182526	dGhpcw==	dGhpcw==	c2VlZHMvMDEtdXNlcnMuanM6OnByb2dyYW0=	47	111669149919
68719480177	107374182526	X3RtcF8xNA==	X3RtcF8xNA==	c2VlZHMvMDEtdXNlcnMuanM6OnByb2dyYW06a25leDo8cmV0dXJuVmFsdWU+	47	94489281632
68719480178	107374182526	X3RtcF8xNQ==	X3RtcF8xNQ==	c2VlZHMvMDEtdXNlcnMuanM6OnByb2dyYW06a25leDo8cmV0dXJuVmFsdWU+	50	94489281631
68719480179	107374182526	a25leA==	a25leA==	QU5Z	50	111669149920
68719480180	107374182526	dGhpcw==	dGhpcw==	c2VlZHMvMDEtdXNlcnMuanM6OnByb2dyYW0=	50	111669149919
68719480181	107374182526	X3RtcF8xNQ==	X3RtcF8xNQ==	c2VlZHMvMDEtdXNlcnMuanM6OnByb2dyYW06a25leDo8cmV0dXJuVmFsdWU+	50	94489281631
68719480182	107374182526	Z2V0VXNlcnM=	Z2V0VXNlcnM=	c2VlZHMvMDEtdXNlcnMuanM6OnByb2dyYW06Z2V0VXNlcnM=	50	94489281630
68719480183	107374182526	dGhpcw==	dGhpcw==	c2VlZHMvMDEtdXNlcnMuanM6OnByb2dyYW0=	50	111669149919
68719480218	107374182527	dGl0bGU=	dGl0bGU=	QU5Z	11	94489281654
68719480219	107374182527	X3RtcF8x	X3RtcF8x	ZmFrZXI6PG1lbWJlcj4obG9yZW0p	11	94489281702
68719480220	107374182527	ZmFrZXI=	ZmFrZXI=	ZmFrZXI=	11	94489281683
68719480221	107374182527	X3RtcF8x	X3RtcF8x	ZmFrZXI6PG1lbWJlcj4obG9yZW0p	11	94489281702
68719480222	107374182527	ZGF0ZQ==	ZGF0ZQ==	QU5Z	12	94489281655
68719480223	107374182527	X3RtcF8y	X3RtcF8y	QU5Z	12	94489281694
68719480224	107374182527	X3RtcF8z	X3RtcF8z	ZmFrZXI6PG1lbWJlcj4oZGF0ZSk=	12	94489281701
68719480225	107374182527	ZmFrZXI=	ZmFrZXI=	ZmFrZXI=	12	94489281683
68719480226	107374182527	X3RtcF8z	X3RtcF8z	ZmFrZXI6PG1lbWJlcj4oZGF0ZSk=	12	94489281701
68719480227	107374182527	c3ViTW9udGhz	c3ViTW9udGhz	ZGF0ZS1mbnM=	13	94489281698
68719480228	107374182527	dGhpcw==	dGhpcw==	c2VlZHMvMDItYXJ0aWNsZXMuanM6OnByb2dyYW0=	13	111669149922
68719480229	107374182527	X3RtcF80	X3RtcF80	X19lY21hLkRhdGU=	13	94489281697
68719480230	107374182527	RGF0ZQ==	RGF0ZQ==	RGF0ZUNvbnN0cnVjdG9y	13	94489281695
68719480231	107374182527	X3RtcF80	X3RtcF80	X19lY21hLkRhdGU=	13	
68719480232	107374182527	X3RtcF80	X3RtcF80	X19lY21hLkRhdGU=	13	
68719480233	107374182527	X3RtcF81	X3RtcF81	X19lY21hLkRhdGU=	13	94489281696
68719480234	107374182527	RGF0ZQ==	RGF0ZQ==	RGF0ZUNvbnN0cnVjdG9y	13	94489281695
68719480235	107374182527	X3RtcF81	X3RtcF81	X19lY21hLkRhdGU=	13	
68719480236	107374182527	X3RtcF81	X3RtcF81	X19lY21hLkRhdGU=	13	
68719480237	107374182527	X3RtcF8y	X3RtcF8y	QU5Z	12	94489281694
68719480238	107374182527	X3RtcF82	X3RtcF82	QU5Z	17	
68719480239	107374182527	dXVpZA==	dXVpZA==	dXVpZA==	17	94489281691
68719480240	107374182527	dGhpcw==	dGhpcw==	c2VlZHMvMDItYXJ0aWNsZXMuanM6OnByb2dyYW0=	17	111669149922
68719480241	107374182527	X3RtcF82	X3RtcF82	QU5Z	18	
68719480242	107374182527	dXNlcg==	dXNlcg==	QU5Z	18	94489281690
68719480243	107374182527	X3RtcF82	X3RtcF82	QU5Z	19	
68719480244	107374182527	dGl0bGU=	dGl0bGU=	QU5Z	19	94489281654
68719480245	107374182527	X3RtcF82	X3RtcF82	QU5Z	20	
68719480246	107374182527	c2x1Zw==	c2x1Zw==	c2x1Zw==	20	94489281687
68719480247	107374182527	dGhpcw==	dGhpcw==	c2VlZHMvMDItYXJ0aWNsZXMuanM6OnByb2dyYW0=	20	111669149922
68719480248	107374182527	dGl0bGU=	dGl0bGU=	QU5Z	20	94489281654
68719480249	107374182527	X3RtcF83	X3RtcF83	QU5Z	20	
68719480250	107374182527	X3RtcF83	X3RtcF83	QU5Z	20	
68719480251	107374182527	X3RtcF82	X3RtcF82	QU5Z	21	
68719480252	107374182527	X3RtcF84	X3RtcF84	ZmFrZXI6PG1lbWJlcj4obG9yZW0p	21	94489281686
68719480253	107374182527	ZmFrZXI=	ZmFrZXI=	ZmFrZXI=	21	94489281683
68719480254	107374182527	X3RtcF84	X3RtcF84	ZmFrZXI6PG1lbWJlcj4obG9yZW0p	21	94489281686
68719480255	107374182527	X3RtcF82	X3RtcF82	QU5Z	22	
68719480256	107374182527	X3RtcF85	X3RtcF85	ZmFrZXI6PG1lbWJlcj4obG9yZW0p	22	94489281682
68719480257	107374182527	ZmFrZXI=	ZmFrZXI=	ZmFrZXI=	22	94489281683
68719480258	107374182527	X3RtcF85	X3RtcF85	ZmFrZXI6PG1lbWJlcj4obG9yZW0p	22	94489281682
68719480259	107374182527	X3RtcF82	X3RtcF82	QU5Z	23	
68719480260	107374182527	ZGF0ZQ==	ZGF0ZQ==	QU5Z	23	94489281655
68719480261	107374182527	X3RtcF82	X3RtcF82	QU5Z	24	
68719480262	107374182527	ZGF0ZQ==	ZGF0ZQ==	QU5Z	24	94489281655
68719480263	107374182527	X3RtcF82	X3RtcF82	QU5Z	16	
68719480218	107374182528	dGl0bGU=	dGl0bGU=	QU5Z	11	94489281654
68719480219	107374182528	X3RtcF8x	X3RtcF8x	ZmFrZXI6PG1lbWJlcj4obG9yZW0p	11	94489281702
68719480220	107374182528	ZmFrZXI=	ZmFrZXI=	ZmFrZXI=	11	94489281683
68719480221	107374182528	X3RtcF8x	X3RtcF8x	ZmFrZXI6PG1lbWJlcj4obG9yZW0p	11	94489281702
68719480222	107374182528	ZGF0ZQ==	ZGF0ZQ==	QU5Z	12	94489281655
68719480223	107374182528	X3RtcF8y	X3RtcF8y	QU5Z	12	94489281694
68719480224	107374182528	X3RtcF8z	X3RtcF8z	ZmFrZXI6PG1lbWJlcj4oZGF0ZSk=	12	94489281701
68719480225	107374182528	ZmFrZXI=	ZmFrZXI=	ZmFrZXI=	12	94489281683
68719480226	107374182528	X3RtcF8z	X3RtcF8z	ZmFrZXI6PG1lbWJlcj4oZGF0ZSk=	12	94489281701
68719480227	107374182528	c3ViTW9udGhz	c3ViTW9udGhz	ZGF0ZS1mbnM=	13	94489281698
68719480228	107374182528	dGhpcw==	dGhpcw==	c2VlZHMvMDItYXJ0aWNsZXMuanM6OnByb2dyYW0=	13	111669149922
68719480229	107374182528	X3RtcF80	X3RtcF80	X19lY21hLkRhdGU=	13	94489281697
68719480230	107374182528	RGF0ZQ==	RGF0ZQ==	RGF0ZUNvbnN0cnVjdG9y	13	94489281695
68719480231	107374182528	X3RtcF80	X3RtcF80	X19lY21hLkRhdGU=	13	
68719480232	107374182528	X3RtcF80	X3RtcF80	X19lY21hLkRhdGU=	13	
68719480233	107374182528	X3RtcF81	X3RtcF81	X19lY21hLkRhdGU=	13	94489281696
68719480234	107374182528	RGF0ZQ==	RGF0ZQ==	RGF0ZUNvbnN0cnVjdG9y	13	94489281695
68719480235	107374182528	X3RtcF81	X3RtcF81	X19lY21hLkRhdGU=	13	
68719480236	107374182528	X3RtcF81	X3RtcF81	X19lY21hLkRhdGU=	13	
68719480237	107374182528	X3RtcF8y	X3RtcF8y	QU5Z	12	94489281694
68719480238	107374182528	X3RtcF82	X3RtcF82	QU5Z	17	
68719480239	107374182528	dXVpZA==	dXVpZA==	dXVpZA==	17	94489281691
68719480240	107374182528	dGhpcw==	dGhpcw==	c2VlZHMvMDItYXJ0aWNsZXMuanM6OnByb2dyYW0=	17	111669149922
68719480241	107374182528	X3RtcF82	X3RtcF82	QU5Z	18	
68719480242	107374182528	dXNlcg==	dXNlcg==	QU5Z	18	94489281690
68719480243	107374182528	X3RtcF82	X3RtcF82	QU5Z	19	
68719480244	107374182528	dGl0bGU=	dGl0bGU=	QU5Z	19	94489281654
68719480245	107374182528	X3RtcF82	X3RtcF82	QU5Z	20	
68719480246	107374182528	c2x1Zw==	c2x1Zw==	c2x1Zw==	20	94489281687
68719480247	107374182528	dGhpcw==	dGhpcw==	c2VlZHMvMDItYXJ0aWNsZXMuanM6OnByb2dyYW0=	20	111669149922
68719480248	107374182528	dGl0bGU=	dGl0bGU=	QU5Z	20	94489281654
68719480249	107374182528	X3RtcF83	X3RtcF83	QU5Z	20	
68719480250	107374182528	X3RtcF83	X3RtcF83	QU5Z	20	
68719480251	107374182528	X3RtcF82	X3RtcF82	QU5Z	21	
68719480252	107374182528	X3RtcF84	X3RtcF84	ZmFrZXI6PG1lbWJlcj4obG9yZW0p	21	94489281686
68719480253	107374182528	ZmFrZXI=	ZmFrZXI=	ZmFrZXI=	21	94489281683
68719480254	107374182528	X3RtcF84	X3RtcF84	ZmFrZXI6PG1lbWJlcj4obG9yZW0p	21	94489281686
68719480255	107374182528	X3RtcF82	X3RtcF82	QU5Z	22	
68719480256	107374182528	X3RtcF85	X3RtcF85	ZmFrZXI6PG1lbWJlcj4obG9yZW0p	22	94489281682
68719480257	107374182528	ZmFrZXI=	ZmFrZXI=	ZmFrZXI=	22	94489281683
68719480258	107374182528	X3RtcF85	X3RtcF85	ZmFrZXI6PG1lbWJlcj4obG9yZW0p	22	94489281682
68719480259	107374182528	X3RtcF82	X3RtcF82	QU5Z	23	
68719480260	107374182528	ZGF0ZQ==	ZGF0ZQ==	QU5Z	23	94489281655
68719480261	107374182528	X3RtcF82	X3RtcF82	QU5Z	24	
68719480262	107374182528	ZGF0ZQ==	ZGF0ZQ==	QU5Z	24	94489281655
68719480263	107374182528	X3RtcF82	X3RtcF82	QU5Z	16	
68719480264	107374182528	QXJyYXk=	QXJyYXk=	QXJyYXlDb25zdHJ1Y3Rvcg==	10	94489281703
68719480265	107374182528	QXJyYXk=	QXJyYXk=	QXJyYXlDb25zdHJ1Y3Rvcg==	10	94489281703
68719480266	107374182528	X3RtcF8w	X3RtcF8w	QU5Z	10	
68719480267	107374182528	X3RtcF8w	X3RtcF8w	QU5Z	10	
68719480218	107374182529	dGl0bGU=	dGl0bGU=	QU5Z	11	94489281654
68719480219	107374182529	X3RtcF8x	X3RtcF8x	ZmFrZXI6PG1lbWJlcj4obG9yZW0p	11	94489281702
68719480220	107374182529	ZmFrZXI=	ZmFrZXI=	ZmFrZXI=	11	94489281683
68719480221	107374182529	X3RtcF8x	X3RtcF8x	ZmFrZXI6PG1lbWJlcj4obG9yZW0p	11	94489281702
68719480222	107374182529	ZGF0ZQ==	ZGF0ZQ==	QU5Z	12	94489281655
68719480223	107374182529	X3RtcF8y	X3RtcF8y	QU5Z	12	94489281694
68719480224	107374182529	X3RtcF8z	X3RtcF8z	ZmFrZXI6PG1lbWJlcj4oZGF0ZSk=	12	94489281701
68719480225	107374182529	ZmFrZXI=	ZmFrZXI=	ZmFrZXI=	12	94489281683
68719480226	107374182529	X3RtcF8z	X3RtcF8z	ZmFrZXI6PG1lbWJlcj4oZGF0ZSk=	12	94489281701
68719480227	107374182529	c3ViTW9udGhz	c3ViTW9udGhz	ZGF0ZS1mbnM=	13	94489281698
68719480228	107374182529	dGhpcw==	dGhpcw==	c2VlZHMvMDItYXJ0aWNsZXMuanM6OnByb2dyYW0=	13	111669149922
68719480229	107374182529	X3RtcF80	X3RtcF80	X19lY21hLkRhdGU=	13	94489281697
68719480230	107374182529	RGF0ZQ==	RGF0ZQ==	RGF0ZUNvbnN0cnVjdG9y	13	94489281695
68719480231	107374182529	X3RtcF80	X3RtcF80	X19lY21hLkRhdGU=	13	
68719480232	107374182529	X3RtcF80	X3RtcF80	X19lY21hLkRhdGU=	13	
68719480233	107374182529	X3RtcF81	X3RtcF81	X19lY21hLkRhdGU=	13	94489281696
68719480234	107374182529	RGF0ZQ==	RGF0ZQ==	RGF0ZUNvbnN0cnVjdG9y	13	94489281695
68719480235	107374182529	X3RtcF81	X3RtcF81	X19lY21hLkRhdGU=	13	
68719480236	107374182529	X3RtcF81	X3RtcF81	X19lY21hLkRhdGU=	13	
68719480237	107374182529	X3RtcF8y	X3RtcF8y	QU5Z	12	94489281694
68719480238	107374182529	X3RtcF82	X3RtcF82	QU5Z	17	
68719480239	107374182529	dXVpZA==	dXVpZA==	dXVpZA==	17	94489281691
68719480240	107374182529	dGhpcw==	dGhpcw==	c2VlZHMvMDItYXJ0aWNsZXMuanM6OnByb2dyYW0=	17	111669149922
68719480241	107374182529	X3RtcF82	X3RtcF82	QU5Z	18	
68719480242	107374182529	dXNlcg==	dXNlcg==	QU5Z	18	94489281690
68719480243	107374182529	X3RtcF82	X3RtcF82	QU5Z	19	
68719480244	107374182529	dGl0bGU=	dGl0bGU=	QU5Z	19	94489281654
68719480245	107374182529	X3RtcF82	X3RtcF82	QU5Z	20	
68719480246	107374182529	c2x1Zw==	c2x1Zw==	c2x1Zw==	20	94489281687
68719480247	107374182529	dGhpcw==	dGhpcw==	c2VlZHMvMDItYXJ0aWNsZXMuanM6OnByb2dyYW0=	20	111669149922
68719480248	107374182529	dGl0bGU=	dGl0bGU=	QU5Z	20	94489281654
68719480249	107374182529	X3RtcF83	X3RtcF83	QU5Z	20	
68719480250	107374182529	X3RtcF83	X3RtcF83	QU5Z	20	
68719480251	107374182529	X3RtcF82	X3RtcF82	QU5Z	21	
68719480252	107374182529	X3RtcF84	X3RtcF84	ZmFrZXI6PG1lbWJlcj4obG9yZW0p	21	94489281686
68719480253	107374182529	ZmFrZXI=	ZmFrZXI=	ZmFrZXI=	21	94489281683
68719480254	107374182529	X3RtcF84	X3RtcF84	ZmFrZXI6PG1lbWJlcj4obG9yZW0p	21	94489281686
68719480255	107374182529	X3RtcF82	X3RtcF82	QU5Z	22	
68719480256	107374182529	X3RtcF85	X3RtcF85	ZmFrZXI6PG1lbWJlcj4obG9yZW0p	22	94489281682
68719480257	107374182529	ZmFrZXI=	ZmFrZXI=	ZmFrZXI=	22	94489281683
68719480258	107374182529	X3RtcF85	X3RtcF85	ZmFrZXI6PG1lbWJlcj4obG9yZW0p	22	94489281682
68719480259	107374182529	X3RtcF82	X3RtcF82	QU5Z	23	
68719480260	107374182529	ZGF0ZQ==	ZGF0ZQ==	QU5Z	23	94489281655
68719480261	107374182529	X3RtcF82	X3RtcF82	QU5Z	24	
68719480262	107374182529	ZGF0ZQ==	ZGF0ZQ==	QU5Z	24	94489281655
68719480263	107374182529	X3RtcF82	X3RtcF82	QU5Z	16	
68719480264	107374182529	QXJyYXk=	QXJyYXk=	QXJyYXlDb25zdHJ1Y3Rvcg==	10	94489281703
68719480265	107374182529	QXJyYXk=	QXJyYXk=	QXJyYXlDb25zdHJ1Y3Rvcg==	10	94489281703
68719480266	107374182529	X3RtcF8w	X3RtcF8w	QU5Z	10	
68719480267	107374182529	X3RtcF8w	X3RtcF8w	QU5Z	10	
68719480268	107374182529	Xw==	Xw==	bG9kYXNo	9	94489281704
68719480269	107374182529	Xw==	Xw==	bG9kYXNo	9	94489281704
68719480270	107374182529	dXNlcnM=	dXNlcnM=	X19lY21hLkFycmF5	9	111669149926
68719480218	107374182530	dGl0bGU=	dGl0bGU=	QU5Z	11	94489281654
68719480219	107374182530	X3RtcF8x	X3RtcF8x	ZmFrZXI6PG1lbWJlcj4obG9yZW0p	11	94489281702
68719480220	107374182530	ZmFrZXI=	ZmFrZXI=	ZmFrZXI=	11	94489281683
68719480221	107374182530	X3RtcF8x	X3RtcF8x	ZmFrZXI6PG1lbWJlcj4obG9yZW0p	11	94489281702
68719480222	107374182530	ZGF0ZQ==	ZGF0ZQ==	QU5Z	12	94489281655
68719480223	107374182530	X3RtcF8y	X3RtcF8y	QU5Z	12	94489281694
68719480224	107374182530	X3RtcF8z	X3RtcF8z	ZmFrZXI6PG1lbWJlcj4oZGF0ZSk=	12	94489281701
68719480225	107374182530	ZmFrZXI=	ZmFrZXI=	ZmFrZXI=	12	94489281683
68719480226	107374182530	X3RtcF8z	X3RtcF8z	ZmFrZXI6PG1lbWJlcj4oZGF0ZSk=	12	94489281701
68719480227	107374182530	c3ViTW9udGhz	c3ViTW9udGhz	ZGF0ZS1mbnM=	13	94489281698
68719480228	107374182530	dGhpcw==	dGhpcw==	c2VlZHMvMDItYXJ0aWNsZXMuanM6OnByb2dyYW0=	13	111669149922
68719480229	107374182530	X3RtcF80	X3RtcF80	X19lY21hLkRhdGU=	13	94489281697
68719480230	107374182530	RGF0ZQ==	RGF0ZQ==	RGF0ZUNvbnN0cnVjdG9y	13	94489281695
68719480231	107374182530	X3RtcF80	X3RtcF80	X19lY21hLkRhdGU=	13	
68719480232	107374182530	X3RtcF80	X3RtcF80	X19lY21hLkRhdGU=	13	
68719480233	107374182530	X3RtcF81	X3RtcF81	X19lY21hLkRhdGU=	13	94489281696
68719480234	107374182530	RGF0ZQ==	RGF0ZQ==	RGF0ZUNvbnN0cnVjdG9y	13	94489281695
68719480235	107374182530	X3RtcF81	X3RtcF81	X19lY21hLkRhdGU=	13	
68719480236	107374182530	X3RtcF81	X3RtcF81	X19lY21hLkRhdGU=	13	
68719480237	107374182530	X3RtcF8y	X3RtcF8y	QU5Z	12	94489281694
68719480238	107374182530	X3RtcF82	X3RtcF82	QU5Z	17	
68719480239	107374182530	dXVpZA==	dXVpZA==	dXVpZA==	17	94489281691
68719480240	107374182530	dGhpcw==	dGhpcw==	c2VlZHMvMDItYXJ0aWNsZXMuanM6OnByb2dyYW0=	17	111669149922
68719480241	107374182530	X3RtcF82	X3RtcF82	QU5Z	18	
68719480242	107374182530	dXNlcg==	dXNlcg==	QU5Z	18	94489281690
68719480243	107374182530	X3RtcF82	X3RtcF82	QU5Z	19	
68719480244	107374182530	dGl0bGU=	dGl0bGU=	QU5Z	19	94489281654
68719480245	107374182530	X3RtcF82	X3RtcF82	QU5Z	20	
68719480246	107374182530	c2x1Zw==	c2x1Zw==	c2x1Zw==	20	94489281687
68719480247	107374182530	dGhpcw==	dGhpcw==	c2VlZHMvMDItYXJ0aWNsZXMuanM6OnByb2dyYW0=	20	111669149922
68719480248	107374182530	dGl0bGU=	dGl0bGU=	QU5Z	20	94489281654
68719480249	107374182530	X3RtcF83	X3RtcF83	QU5Z	20	
68719480250	107374182530	X3RtcF83	X3RtcF83	QU5Z	20	
68719480251	107374182530	X3RtcF82	X3RtcF82	QU5Z	21	
68719480252	107374182530	X3RtcF84	X3RtcF84	ZmFrZXI6PG1lbWJlcj4obG9yZW0p	21	94489281686
68719480253	107374182530	ZmFrZXI=	ZmFrZXI=	ZmFrZXI=	21	94489281683
68719480254	107374182530	X3RtcF84	X3RtcF84	ZmFrZXI6PG1lbWJlcj4obG9yZW0p	21	94489281686
68719480255	107374182530	X3RtcF82	X3RtcF82	QU5Z	22	
68719480256	107374182530	X3RtcF85	X3RtcF85	ZmFrZXI6PG1lbWJlcj4obG9yZW0p	22	94489281682
68719480257	107374182530	ZmFrZXI=	ZmFrZXI=	ZmFrZXI=	22	94489281683
68719480258	107374182530	X3RtcF85	X3RtcF85	ZmFrZXI6PG1lbWJlcj4obG9yZW0p	22	94489281682
68719480259	107374182530	X3RtcF82	X3RtcF82	QU5Z	23	
68719480260	107374182530	ZGF0ZQ==	ZGF0ZQ==	QU5Z	23	94489281655
68719480261	107374182530	X3RtcF82	X3RtcF82	QU5Z	24	
68719480262	107374182530	ZGF0ZQ==	ZGF0ZQ==	QU5Z	24	94489281655
68719480263	107374182530	X3RtcF82	X3RtcF82	QU5Z	16	
68719480264	107374182530	QXJyYXk=	QXJyYXk=	QXJyYXlDb25zdHJ1Y3Rvcg==	10	94489281703
68719480265	107374182530	QXJyYXk=	QXJyYXk=	QXJyYXlDb25zdHJ1Y3Rvcg==	10	94489281703
68719480266	107374182530	X3RtcF8w	X3RtcF8w	QU5Z	10	
68719480267	107374182530	X3RtcF8w	X3RtcF8w	QU5Z	10	
68719480268	107374182530	Xw==	Xw==	bG9kYXNo	9	94489281704
68719480269	107374182530	Xw==	Xw==	bG9kYXNo	9	94489281704
68719480270	107374182530	dXNlcnM=	dXNlcnM=	X19lY21hLkFycmF5	9	111669149926
68719480271	107374182530	dQ==	dQ==	eyBpZDogX19lY21hLlN0cmluZzsgZW1haWw6IF9fZWNtYS5TdHJpbmc7IHVzZXJuYW1lOiBfX2VjbWEuU3RyaW5nOyBwYXNzd29yZDogQU5ZOyBiaW86IEFOWTsgaW1hZ2U6IEFOWTsgY3JlYXRlZF9hdDogX19lY21hLlN0cmluZzsgdXBkYXRlZF9hdDogX19lY21hLlN0cmluZzsgfQ==	37	111669149928
68719480272	107374182530	X3RtcF8xNg==	X3RtcF8xNg==	c2VlZHMvMDItYXJ0aWNsZXMuanM6OnByb2dyYW06a25leDo8cmV0dXJuVmFsdWU+	43	94489281671
68719480273	107374182530	a25leA==	a25leA==	QU5Z	43	94489281672
68719480274	107374182530	dGhpcw==	dGhpcw==	c2VlZHMvMDItYXJ0aWNsZXMuanM6OnByb2dyYW0=	43	111669149929
68719480275	107374182530	X3RtcF8xNg==	X3RtcF8xNg==	c2VlZHMvMDItYXJ0aWNsZXMuanM6OnByb2dyYW06a25leDo8cmV0dXJuVmFsdWU+	43	94489281671
68719480276	107374182530	YQ==	YQ==	QU5Z	43	111669149930
68719480277	107374182530	dXNlcnM=	dXNlcnM=	X19lY21hLkFycmF5	33	94489281670
68719480278	107374182530	Z2V0VXNlcnM=	Z2V0VXNlcnM=	X19lY21hLkFycmF5	33	94489281679
68719480279	107374182530	dGhpcw==	dGhpcw==	c2VlZHMvMDItYXJ0aWNsZXMuanM6OnByb2dyYW0=	33	111669149931
68719480280	107374182530	cHJvY2Vzcw==	cHJvY2Vzcw==	QU5Z	35	94489281678
68719480281	107374182530	X3RtcF8xMg==	X3RtcF8xMg==	QU5Z	36	94489281676
68719480282	107374182530	X3RtcF8xMw==	X3RtcF8xMw==	c2VlZHMvMDItYXJ0aWNsZXMuanM6OnByb2dyYW06a25leDo8cmV0dXJuVmFsdWU+	36	94489281677
68719480283	107374182530	a25leA==	a25leA==	QU5Z	36	111669149932
68719480284	107374182530	dGhpcw==	dGhpcw==	c2VlZHMvMDItYXJ0aWNsZXMuanM6OnByb2dyYW0=	36	111669149931
68719480285	107374182530	X3RtcF8xMw==	X3RtcF8xMw==	c2VlZHMvMDItYXJ0aWNsZXMuanM6OnByb2dyYW06a25leDo8cmV0dXJuVmFsdWU+	36	94489281677
68719480286	107374182530	dXNlcnM=	dXNlcnM=	X19lY21hLkFycmF5	37	94489281670
68719480287	107374182530	dXNlcnM=	dXNlcnM=	X19lY21hLkFycmF5	37	94489281670
68719480288	107374182530	X3RtcF8xMg==	X3RtcF8xMg==	QU5Z	36	94489281676
68719480289	107374182530	X3RtcF8xNA==	X3RtcF8xNA==	c2VlZHMvMDItYXJ0aWNsZXMuanM6OnByb2dyYW06a25leDo8cmV0dXJuVmFsdWU+	40	94489281675
68719480290	107374182530	a25leA==	a25leA==	QU5Z	40	111669149932
68719480291	107374182530	dGhpcw==	dGhpcw==	c2VlZHMvMDItYXJ0aWNsZXMuanM6OnByb2dyYW0=	40	111669149931
68719480292	107374182530	X3RtcF8xNA==	X3RtcF8xNA==	c2VlZHMvMDItYXJ0aWNsZXMuanM6OnByb2dyYW06a25leDo8cmV0dXJuVmFsdWU+	40	94489281675
68719480293	107374182530	X3RtcF8xNQ==	X3RtcF8xNQ==	bG9kYXNoOmZsYXRNYXA6PHJldHVyblZhbHVlPg==	43	94489281673
68719480294	107374182530	Z2V0QXJ0aWNsZXM=	Z2V0QXJ0aWNsZXM=	c2VlZHMvMDItYXJ0aWNsZXMuanM6OnByb2dyYW06Z2V0QXJ0aWNsZXM=	43	94489281674
68719480295	107374182530	dGhpcw==	dGhpcw==	c2VlZHMvMDItYXJ0aWNsZXMuanM6OnByb2dyYW0=	43	111669149931
68719480296	107374182530	dXNlcnM=	dXNlcnM=	X19lY21hLkFycmF5	43	94489281670
68719480297	107374182530	X3RtcF8xNQ==	X3RtcF8xNQ==	bG9kYXNoOmZsYXRNYXA6PHJldHVyblZhbHVlPg==	43	94489281673
68719480298	107374182530	Z2V0QXJ0aWNsZXM=	Z2V0QXJ0aWNsZXM=	c2VlZHMvMDItYXJ0aWNsZXMuanM6OnByb2dyYW06Z2V0QXJ0aWNsZXM=	8	94489281652
68719480299	107374182530	ZmFrZXI=	ZmFrZXI=	ZmFrZXI=	1	94489281660
68719480300	107374182530	cmVxdWlyZQ==	cmVxdWlyZQ==	QU5Z	1	94489281681
68719480301	107374182530	dGhpcw==	dGhpcw==	c2VlZHMvMDItYXJ0aWNsZXMuanM6OnByb2dyYW0=	1	111669149933
68719480302	107374182530	Xw==	Xw==	bG9kYXNo	2	94489281661
68719480303	107374182530	cmVxdWlyZQ==	cmVxdWlyZQ==	QU5Z	2	94489281681
68719480304	107374182530	dGhpcw==	dGhpcw==	c2VlZHMvMDItYXJ0aWNsZXMuanM6OnByb2dyYW0=	2	111669149933
68719480305	107374182530	dXVpZA==	dXVpZA==	dXVpZA==	3	94489281662
68719480306	107374182530	cmVxdWlyZQ==	cmVxdWlyZQ==	QU5Z	3	94489281681
68719480307	107374182530	dGhpcw==	dGhpcw==	c2VlZHMvMDItYXJ0aWNsZXMuanM6OnByb2dyYW0=	3	111669149933
68719480308	107374182530	c2x1Zw==	c2x1Zw==	c2x1Zw==	4	94489281663
68719480309	107374182530	cmVxdWlyZQ==	cmVxdWlyZQ==	QU5Z	4	94489281681
68719480310	107374182530	dGhpcw==	dGhpcw==	c2VlZHMvMDItYXJ0aWNsZXMuanM6OnByb2dyYW0=	4	111669149933
68719480311	107374182530	X3RtcF8xMA==	X3RtcF8xMA==	ZGF0ZS1mbnM=	5	94489281665
68719480312	107374182530	cmVxdWlyZQ==	cmVxdWlyZQ==	QU5Z	5	94489281681
68719480313	107374182530	dGhpcw==	dGhpcw==	c2VlZHMvMDItYXJ0aWNsZXMuanM6OnByb2dyYW0=	5	111669149933
68719480314	107374182530	c3ViTW9udGhz	c3ViTW9udGhz	ZGF0ZS1mbnM=	5	94489281666
68719480315	107374182530	X3RtcF8xMA==	X3RtcF8xMA==	ZGF0ZS1mbnM=	5	
68719480316	107374182530	X3RtcF8xMA==	X3RtcF8xMA==	ZGF0ZS1mbnM=	5	
68719480317	107374182530	X3RtcF8xMQ==	X3RtcF8xMQ==	QU5Z	6	94489281668
68719480318	107374182530	cmVxdWlyZQ==	cmVxdWlyZQ==	QU5Z	6	94489281681
68719480319	107374182530	dGhpcw==	dGhpcw==	c2VlZHMvMDItYXJ0aWNsZXMuanM6OnByb2dyYW0=	6	111669149933
68719480320	107374182530	Z2V0VXNlcnM=	Z2V0VXNlcnM=	X19lY21hLkFycmF5	6	94489281669
68719480321	107374182530	X3RtcF8xMQ==	X3RtcF8xMQ==	QU5Z	6	
68719480322	107374182530	X3RtcF8xMQ==	X3RtcF8xMQ==	QU5Z	6	
68719480323	107374182530	ZXhwb3J0cw==	ZXhwb3J0cw==	c2VlZHMvMDItYXJ0aWNsZXMuanM6OnByb2dyYW0=	30	94489281680
68719480324	107374182530	Z2V0QXJ0aWNsZXM=	Z2V0QXJ0aWNsZXM=	c2VlZHMvMDItYXJ0aWNsZXMuanM6OnByb2dyYW06Z2V0QXJ0aWNsZXM=	30	94489281652
68719480325	107374182530	ZXhwb3J0cw==	ZXhwb3J0cw==	c2VlZHMvMDItYXJ0aWNsZXMuanM6OnByb2dyYW0=	32	94489281680
68719480271	107374182531	dQ==	dQ==	eyBpZDogX19lY21hLlN0cmluZzsgZW1haWw6IF9fZWNtYS5TdHJpbmc7IHVzZXJuYW1lOiBfX2VjbWEuU3RyaW5nOyBwYXNzd29yZDogQU5ZOyBiaW86IEFOWTsgaW1hZ2U6IEFOWTsgY3JlYXRlZF9hdDogX19lY21hLlN0cmluZzsgdXBkYXRlZF9hdDogX19lY21hLlN0cmluZzsgfQ==	37	111669149928
68719480271	107374182532	dQ==	dQ==	eyBpZDogX19lY21hLlN0cmluZzsgZW1haWw6IF9fZWNtYS5TdHJpbmc7IHVzZXJuYW1lOiBfX2VjbWEuU3RyaW5nOyBwYXNzd29yZDogQU5ZOyBiaW86IEFOWTsgaW1hZ2U6IEFOWTsgY3JlYXRlZF9hdDogX19lY21hLlN0cmluZzsgdXBkYXRlZF9hdDogX19lY21hLlN0cmluZzsgfQ==	37	111669149928
68719480272	107374182532	X3RtcF8xNg==	X3RtcF8xNg==	c2VlZHMvMDItYXJ0aWNsZXMuanM6OnByb2dyYW06a25leDo8cmV0dXJuVmFsdWU+	43	94489281671
68719480273	107374182532	a25leA==	a25leA==	QU5Z	43	94489281672
68719480274	107374182532	dGhpcw==	dGhpcw==	c2VlZHMvMDItYXJ0aWNsZXMuanM6OnByb2dyYW0=	43	111669149929
68719480275	107374182532	X3RtcF8xNg==	X3RtcF8xNg==	c2VlZHMvMDItYXJ0aWNsZXMuanM6OnByb2dyYW06a25leDo8cmV0dXJuVmFsdWU+	43	94489281671
68719480276	107374182532	YQ==	YQ==	QU5Z	43	111669149930
68719480277	107374182532	dXNlcnM=	dXNlcnM=	X19lY21hLkFycmF5	33	94489281670
68719480278	107374182532	Z2V0VXNlcnM=	Z2V0VXNlcnM=	X19lY21hLkFycmF5	33	94489281679
68719480279	107374182532	dGhpcw==	dGhpcw==	c2VlZHMvMDItYXJ0aWNsZXMuanM6OnByb2dyYW0=	33	111669149931
68719480280	107374182532	cHJvY2Vzcw==	cHJvY2Vzcw==	QU5Z	35	94489281678
68719480281	107374182532	X3RtcF8xMg==	X3RtcF8xMg==	QU5Z	36	94489281676
68719480282	107374182532	X3RtcF8xMw==	X3RtcF8xMw==	c2VlZHMvMDItYXJ0aWNsZXMuanM6OnByb2dyYW06a25leDo8cmV0dXJuVmFsdWU+	36	94489281677
68719480283	107374182532	a25leA==	a25leA==	QU5Z	36	111669149932
68719480284	107374182532	dGhpcw==	dGhpcw==	c2VlZHMvMDItYXJ0aWNsZXMuanM6OnByb2dyYW0=	36	111669149931
68719480285	107374182532	X3RtcF8xMw==	X3RtcF8xMw==	c2VlZHMvMDItYXJ0aWNsZXMuanM6OnByb2dyYW06a25leDo8cmV0dXJuVmFsdWU+	36	94489281677
68719480286	107374182532	dXNlcnM=	dXNlcnM=	X19lY21hLkFycmF5	37	94489281670
68719480287	107374182532	dXNlcnM=	dXNlcnM=	X19lY21hLkFycmF5	37	94489281670
68719480288	107374182532	X3RtcF8xMg==	X3RtcF8xMg==	QU5Z	36	94489281676
68719480289	107374182532	X3RtcF8xNA==	X3RtcF8xNA==	c2VlZHMvMDItYXJ0aWNsZXMuanM6OnByb2dyYW06a25leDo8cmV0dXJuVmFsdWU+	40	94489281675
68719480290	107374182532	a25leA==	a25leA==	QU5Z	40	111669149932
68719480291	107374182532	dGhpcw==	dGhpcw==	c2VlZHMvMDItYXJ0aWNsZXMuanM6OnByb2dyYW0=	40	111669149931
68719480292	107374182532	X3RtcF8xNA==	X3RtcF8xNA==	c2VlZHMvMDItYXJ0aWNsZXMuanM6OnByb2dyYW06a25leDo8cmV0dXJuVmFsdWU+	40	94489281675
68719480293	107374182532	X3RtcF8xNQ==	X3RtcF8xNQ==	bG9kYXNoOmZsYXRNYXA6PHJldHVyblZhbHVlPg==	43	94489281673
68719480294	107374182532	Z2V0QXJ0aWNsZXM=	Z2V0QXJ0aWNsZXM=	c2VlZHMvMDItYXJ0aWNsZXMuanM6OnByb2dyYW06Z2V0QXJ0aWNsZXM=	43	94489281674
68719480295	107374182532	dGhpcw==	dGhpcw==	c2VlZHMvMDItYXJ0aWNsZXMuanM6OnByb2dyYW0=	43	111669149931
68719480296	107374182532	dXNlcnM=	dXNlcnM=	X19lY21hLkFycmF5	43	94489281670
68719480297	107374182532	X3RtcF8xNQ==	X3RtcF8xNQ==	bG9kYXNoOmZsYXRNYXA6PHJldHVyblZhbHVlPg==	43	94489281673
68719480272	107374182533	X3RtcF8xNg==	X3RtcF8xNg==	c2VlZHMvMDItYXJ0aWNsZXMuanM6OnByb2dyYW06a25leDo8cmV0dXJuVmFsdWU+	43	94489281671
68719480273	107374182533	a25leA==	a25leA==	QU5Z	43	94489281672
68719480274	107374182533	dGhpcw==	dGhpcw==	c2VlZHMvMDItYXJ0aWNsZXMuanM6OnByb2dyYW0=	43	111669149929
68719480275	107374182533	X3RtcF8xNg==	X3RtcF8xNg==	c2VlZHMvMDItYXJ0aWNsZXMuanM6OnByb2dyYW06a25leDo8cmV0dXJuVmFsdWU+	43	94489281671
68719480276	107374182533	YQ==	YQ==	QU5Z	43	111669149930
