PARAM	111669149696	aW5kZXguanM6OnByb2dyYW0=
PARAM	111669149697	bGliL2Vycm9ycy9hY2Nlc3MtZGVuaWVkLWVycm9yLmpzOjpwcm9ncmFtOkFjY2Vzc0RlbmllZEVycm9y
PARAM	111669149700	bGliL2Vycm9ycy9hY2Nlc3MtZGVuaWVkLWVycm9yLmpzOjpwcm9ncmFt
PARAM	111669149701	bGliL2Vycm9ycy9pbnN1ZmZpY2llbnQtc2NvcGUtZXJyb3IuanM6OnByb2dyYW06SW5zdWZmaWNpZW50U2NvcGVFcnJvcg==
PARAM	111669149704	bGliL2Vycm9ycy9pbnN1ZmZpY2llbnQtc2NvcGUtZXJyb3IuanM6OnByb2dyYW0=
PARAM	111669149705	bGliL2Vycm9ycy9pbnZhbGlkLWFyZ3VtZW50LWVycm9yLmpzOjpwcm9ncmFtOkludmFsaWRBcmd1bWVudEVycm9y
PARAM	111669149708	bGliL2Vycm9ycy9pbnZhbGlkLWFyZ3VtZW50LWVycm9yLmpzOjpwcm9ncmFt
PARAM	111669149709	bGliL2Vycm9ycy9pbnZhbGlkLWNsaWVudC1lcnJvci5qczo6cHJvZ3JhbTpJbnZhbGlkQ2xpZW50RXJyb3I=
PARAM	111669149712	bGliL2Vycm9ycy9pbnZhbGlkLWNsaWVudC1lcnJvci5qczo6cHJvZ3JhbQ==
PARAM	111669149713	bGliL2Vycm9ycy9pbnZhbGlkLWdyYW50LWVycm9yLmpzOjpwcm9ncmFtOkludmFsaWRHcmFudEVycm9y
PARAM	111669149716	bGliL2Vycm9ycy9pbnZhbGlkLWdyYW50LWVycm9yLmpzOjpwcm9ncmFt
PARAM	111669149717	bGliL2Vycm9ycy9pbnZhbGlkLXJlcXVlc3QtZXJyb3IuanM6OnByb2dyYW06SW52YWxpZFJlcXVlc3Q=
PARAM	111669149720	bGliL2Vycm9ycy9pbnZhbGlkLXJlcXVlc3QtZXJyb3IuanM6OnByb2dyYW0=
PARAM	111669149721	bGliL2Vycm9ycy9pbnZhbGlkLXNjb3BlLWVycm9yLmpzOjpwcm9ncmFtOkludmFsaWRTY29wZUVycm9y
PARAM	111669149724	bGliL2Vycm9ycy9pbnZhbGlkLXNjb3BlLWVycm9yLmpzOjpwcm9ncmFt
PARAM	111669149725	bGliL2Vycm9ycy9pbnZhbGlkLXRva2VuLWVycm9yLmpzOjpwcm9ncmFtOkludmFsaWRUb2tlbkVycm9y
PARAM	111669149728	bGliL2Vycm9ycy9pbnZhbGlkLXRva2VuLWVycm9yLmpzOjpwcm9ncmFt
PARAM	111669149729	bGliL2Vycm9ycy9vYXV0aC1lcnJvci5qczo6cHJvZ3JhbTpPQXV0aEVycm9y
PARAM	111669149732	bGliL2Vycm9ycy9vYXV0aC1lcnJvci5qczo6cHJvZ3JhbQ==
PARAM	111669149733	bGliL2Vycm9ycy9zZXJ2ZXItZXJyb3IuanM6OnByb2dyYW06U2VydmVyRXJyb3I=
PARAM	111669149736	bGliL2Vycm9ycy9zZXJ2ZXItZXJyb3IuanM6OnByb2dyYW0=
PARAM	111669149737	bGliL2Vycm9ycy91bmF1dGhvcml6ZWQtY2xpZW50LWVycm9yLmpzOjpwcm9ncmFtOlVuYXV0aG9yaXplZENsaWVudEVycm9y
PARAM	111669149740	bGliL2Vycm9ycy91bmF1dGhvcml6ZWQtY2xpZW50LWVycm9yLmpzOjpwcm9ncmFt
PARAM	111669149741	bGliL2Vycm9ycy91bmF1dGhvcml6ZWQtcmVxdWVzdC1lcnJvci5qczo6cHJvZ3JhbTpVbmF1dGhvcml6ZWRSZXF1ZXN0RXJyb3I=
PARAM	111669149744	bGliL2Vycm9ycy91bmF1dGhvcml6ZWQtcmVxdWVzdC1lcnJvci5qczo6cHJvZ3JhbQ==
PARAM	111669149745	bGliL2Vycm9ycy91bnN1cHBvcnRlZC1ncmFudC10eXBlLWVycm9yLmpzOjpwcm9ncmFtOlVuc3VwcG9ydGVkR3JhbnRUeXBlRXJyb3I=
PARAM	111669149748	bGliL2Vycm9ycy91bnN1cHBvcnRlZC1ncmFudC10eXBlLWVycm9yLmpzOjpwcm9ncmFt
PARAM	111669149749	bGliL2Vycm9ycy91bnN1cHBvcnRlZC1yZXNwb25zZS10eXBlLWVycm9yLmpzOjpwcm9ncmFtOlVuc3VwcG9ydGVkUmVzcG9uc2VUeXBlRXJyb3I=
PARAM	111669149752	bGliL2Vycm9ycy91bnN1cHBvcnRlZC1yZXNwb25zZS10eXBlLWVycm9yLmpzOjpwcm9ncmFt
PARAM	111669149753	bGliL2dyYW50LXR5cGVzL2Fic3RyYWN0LWdyYW50LXR5cGUuanM6OnByb2dyYW06QWJzdHJhY3RHcmFudFR5cGU=
PARAM	111669149755	bGliL2dyYW50LXR5cGVzL2Fic3RyYWN0LWdyYW50LXR5cGUuanM6OnByb2dyYW06QWJzdHJhY3RHcmFudFR5cGU=
PARAM	111669149759	bGliL2dyYW50LXR5cGVzL2Fic3RyYWN0LWdyYW50LXR5cGUuanM6OnByb2dyYW06QWJzdHJhY3RHcmFudFR5cGU=
PARAM	111669149763	bGliL2dyYW50LXR5cGVzL2Fic3RyYWN0LWdyYW50LXR5cGUuanM6OnByb2dyYW06QWJzdHJhY3RHcmFudFR5cGU=
PARAM	111669149764	bGliL2dyYW50LXR5cGVzL2Fic3RyYWN0LWdyYW50LXR5cGUuanM6OnByb2dyYW06QWJzdHJhY3RHcmFudFR5cGU=
PARAM	111669149765	bGliL2dyYW50LXR5cGVzL2Fic3RyYWN0LWdyYW50LXR5cGUuanM6OnByb2dyYW06QWJzdHJhY3RHcmFudFR5cGU=
PARAM	111669149767	bGliL2dyYW50LXR5cGVzL2Fic3RyYWN0LWdyYW50LXR5cGUuanM6OnByb2dyYW06QWJzdHJhY3RHcmFudFR5cGU=
PARAM	111669149771	bGliL2dyYW50LXR5cGVzL2Fic3RyYWN0LWdyYW50LXR5cGUuanM6OnByb2dyYW0=
PARAM	111669149772	bGliL2dyYW50LXR5cGVzL2F1dGhvcml6YXRpb24tY29kZS1ncmFudC10eXBlLmpzOjpwcm9ncmFtOkF1dGhvcml6YXRpb25Db2RlR3JhbnRUeXBl
PARAM	111669149774	bGliL2dyYW50LXR5cGVzL2F1dGhvcml6YXRpb24tY29kZS1ncmFudC10eXBlLmpzOjpwcm9ncmFtOkF1dGhvcml6YXRpb25Db2RlR3JhbnRUeXBl
PARAM	111669149777	bGliL2dyYW50LXR5cGVzL2F1dGhvcml6YXRpb24tY29kZS1ncmFudC10eXBlLmpzOjpwcm9ncmFtOkF1dGhvcml6YXRpb25Db2RlR3JhbnRUeXBl
PARAM	111669149780	bGliL2dyYW50LXR5cGVzL2F1dGhvcml6YXRpb24tY29kZS1ncmFudC10eXBlLmpzOjpwcm9ncmFtOkF1dGhvcml6YXRpb25Db2RlR3JhbnRUeXBl
PARAM	111669149783	bGliL2dyYW50LXR5cGVzL2F1dGhvcml6YXRpb24tY29kZS1ncmFudC10eXBlLmpzOjpwcm9ncmFtOkF1dGhvcml6YXRpb25Db2RlR3JhbnRUeXBl
PARAM	111669149786	bGliL2dyYW50LXR5cGVzL2F1dGhvcml6YXRpb24tY29kZS1ncmFudC10eXBlLmpzOjpwcm9ncmFtOkF1dGhvcml6YXRpb25Db2RlR3JhbnRUeXBl
PARAM	111669149788	bGliL2dyYW50LXR5cGVzL2F1dGhvcml6YXRpb24tY29kZS1ncmFudC10eXBlLmpzOjpwcm9ncmFtOkF1dGhvcml6YXRpb25Db2RlR3JhbnRUeXBl
PARAM	111669149791	bGliL2dyYW50LXR5cGVzL2F1dGhvcml6YXRpb24tY29kZS1ncmFudC10eXBlLmpzOjpwcm9ncmFtOkF1dGhvcml6YXRpb25Db2RlR3JhbnRUeXBl
PARAM	111669149793	bGliL2dyYW50LXR5cGVzL2F1dGhvcml6YXRpb24tY29kZS1ncmFudC10eXBlLmpzOjpwcm9ncmFtOkF1dGhvcml6YXRpb25Db2RlR3JhbnRUeXBl
PARAM	111669149798	bGliL2dyYW50LXR5cGVzL2F1dGhvcml6YXRpb24tY29kZS1ncmFudC10eXBlLmpzOjpwcm9ncmFt
PARAM	111669149799	bGliL2dyYW50LXR5cGVzL2NsaWVudC1jcmVkZW50aWFscy1ncmFudC10eXBlLmpzOjpwcm9ncmFtOkNsaWVudENyZWRlbnRpYWxzR3JhbnRUeXBl
PARAM	111669149801	bGliL2dyYW50LXR5cGVzL2NsaWVudC1jcmVkZW50aWFscy1ncmFudC10eXBlLmpzOjpwcm9ncmFtOkNsaWVudENyZWRlbnRpYWxzR3JhbnRUeXBl
PARAM	111669149804	bGliL2dyYW50LXR5cGVzL2NsaWVudC1jcmVkZW50aWFscy1ncmFudC10eXBlLmpzOjpwcm9ncmFtOkNsaWVudENyZWRlbnRpYWxzR3JhbnRUeXBl
PARAM	111669149806	bGliL2dyYW50LXR5cGVzL2NsaWVudC1jcmVkZW50aWFscy1ncmFudC10eXBlLmpzOjpwcm9ncmFtOkNsaWVudENyZWRlbnRpYWxzR3JhbnRUeXBl
PARAM	111669149810	bGliL2dyYW50LXR5cGVzL2NsaWVudC1jcmVkZW50aWFscy1ncmFudC10eXBlLmpzOjpwcm9ncmFt
PARAM	111669149811	bGliL2dyYW50LXR5cGVzL3Bhc3N3b3JkLWdyYW50LXR5cGUuanM6OnByb2dyYW06UGFzc3dvcmRHcmFudFR5cGU=
PARAM	111669149813	bGliL2dyYW50LXR5cGVzL3Bhc3N3b3JkLWdyYW50LXR5cGUuanM6OnByb2dyYW06UGFzc3dvcmRHcmFudFR5cGU=
PARAM	111669149816	bGliL2dyYW50LXR5cGVzL3Bhc3N3b3JkLWdyYW50LXR5cGUuanM6OnByb2dyYW06UGFzc3dvcmRHcmFudFR5cGU=
PARAM	111669149819	bGliL2dyYW50LXR5cGVzL3Bhc3N3b3JkLWdyYW50LXR5cGUuanM6OnByb2dyYW06UGFzc3dvcmRHcmFudFR5cGU=
PARAM	111669149823	bGliL2dyYW50LXR5cGVzL3Bhc3N3b3JkLWdyYW50LXR5cGUuanM6OnByb2dyYW0=
PARAM	111669149824	bGliL2dyYW50LXR5cGVzL3JlZnJlc2gtdG9rZW4tZ3JhbnQtdHlwZS5qczo6cHJvZ3JhbTpSZWZyZXNoVG9rZW5HcmFudFR5cGU=
PARAM	111669149826	bGliL2dyYW50LXR5cGVzL3JlZnJlc2gtdG9rZW4tZ3JhbnQtdHlwZS5qczo6cHJvZ3JhbTpSZWZyZXNoVG9rZW5HcmFudFR5cGU=
PARAM	111669149829	bGliL2dyYW50LXR5cGVzL3JlZnJlc2gtdG9rZW4tZ3JhbnQtdHlwZS5qczo6cHJvZ3JhbTpSZWZyZXNoVG9rZW5HcmFudFR5cGU=
PARAM	111669149832	bGliL2dyYW50LXR5cGVzL3JlZnJlc2gtdG9rZW4tZ3JhbnQtdHlwZS5qczo6cHJvZ3JhbTpSZWZyZXNoVG9rZW5HcmFudFR5cGU=
PARAM	111669149834	bGliL2dyYW50LXR5cGVzL3JlZnJlc2gtdG9rZW4tZ3JhbnQtdHlwZS5qczo6cHJvZ3JhbTpSZWZyZXNoVG9rZW5HcmFudFR5cGU=
PARAM	111669149838	bGliL2dyYW50LXR5cGVzL3JlZnJlc2gtdG9rZW4tZ3JhbnQtdHlwZS5qczo6cHJvZ3JhbTpSZWZyZXNoVG9rZW5HcmFudFR5cGU=
PARAM	111669149840	bGliL2dyYW50LXR5cGVzL3JlZnJlc2gtdG9rZW4tZ3JhbnQtdHlwZS5qczo6cHJvZ3JhbTpSZWZyZXNoVG9rZW5HcmFudFR5cGU=
PARAM	111669149843	bGliL2dyYW50LXR5cGVzL3JlZnJlc2gtdG9rZW4tZ3JhbnQtdHlwZS5qczo6cHJvZ3JhbQ==
PARAM	111669149844	bGliL2hhbmRsZXJzL2F1dGhlbnRpY2F0ZS1oYW5kbGVyLmpzOjpwcm9ncmFtOkF1dGhlbnRpY2F0ZUhhbmRsZXI=
PARAM	111669149846	bGliL2hhbmRsZXJzL2F1dGhlbnRpY2F0ZS1oYW5kbGVyLmpzOjpwcm9ncmFtOkF1dGhlbnRpY2F0ZUhhbmRsZXI=
PARAM	111669149847	bGliL3JlcXVlc3QuanM6OnByb2dyYW06UmVxdWVzdHx8fFJlcXVlc3Q=
PARAM	111669149848	bGliL3Jlc3BvbnNlLmpzOjpwcm9ncmFtOlJlc3BvbnNlfHx8UmVzcG9uc2U=
PARAM	111669149849	bGliL2hhbmRsZXJzL2F1dGhlbnRpY2F0ZS1oYW5kbGVyLmpzOjpwcm9ncmFtOkF1dGhlbnRpY2F0ZUhhbmRsZXI=
PARAM	111669149851	bGliL2hhbmRsZXJzL2F1dGhlbnRpY2F0ZS1oYW5kbGVyLmpzOjpwcm9ncmFtOkF1dGhlbnRpY2F0ZUhhbmRsZXI=
PARAM	111669149852	bGliL3JlcXVlc3QuanM6OnByb2dyYW06UmVxdWVzdHx8fFJlcXVlc3Q=
PARAM	111669149853	bGliL2hhbmRsZXJzL2F1dGhlbnRpY2F0ZS1oYW5kbGVyLmpzOjpwcm9ncmFtOkF1dGhlbnRpY2F0ZUhhbmRsZXI=
PARAM	111669149854	bGliL3JlcXVlc3QuanM6OnByb2dyYW06UmVxdWVzdHx8fFJlcXVlc3Q=
PARAM	111669149855	bGliL2hhbmRsZXJzL2F1dGhlbnRpY2F0ZS1oYW5kbGVyLmpzOjpwcm9ncmFtOkF1dGhlbnRpY2F0ZUhhbmRsZXI=
PARAM	111669149856	bGliL3JlcXVlc3QuanM6OnByb2dyYW06UmVxdWVzdHx8fFJlcXVlc3Q=
PARAM	111669149857	bGliL2hhbmRsZXJzL2F1dGhlbnRpY2F0ZS1oYW5kbGVyLmpzOjpwcm9ncmFtOkF1dGhlbnRpY2F0ZUhhbmRsZXI=
PARAM	111669149859	bGliL2hhbmRsZXJzL2F1dGhlbnRpY2F0ZS1oYW5kbGVyLmpzOjpwcm9ncmFtOkF1dGhlbnRpY2F0ZUhhbmRsZXI=
PARAM	111669149861	bGliL2hhbmRsZXJzL2F1dGhlbnRpY2F0ZS1oYW5kbGVyLmpzOjpwcm9ncmFtOkF1dGhlbnRpY2F0ZUhhbmRsZXI=
PARAM	111669149863	bGliL2hhbmRsZXJzL2F1dGhlbnRpY2F0ZS1oYW5kbGVyLmpzOjpwcm9ncmFtOkF1dGhlbnRpY2F0ZUhhbmRsZXI=
PARAM	111669149866	bGliL2hhbmRsZXJzL2F1dGhlbnRpY2F0ZS1oYW5kbGVyLmpzOjpwcm9ncmFt
PARAM	111669149867	bGliL2hhbmRsZXJzL2F1dGhvcml6ZS1oYW5kbGVyLmpzOjpwcm9ncmFtOkF1dGhvcml6ZUhhbmRsZXI=
PARAM	111669149869	bGliL2hhbmRsZXJzL2F1dGhvcml6ZS1oYW5kbGVyLmpzOjpwcm9ncmFtOkF1dGhvcml6ZUhhbmRsZXI=
PARAM	111669149872	bGliL2hhbmRsZXJzL2F1dGhvcml6ZS1oYW5kbGVyLmpzOjpwcm9ncmFtOkF1dGhvcml6ZUhhbmRsZXI=
PARAM	111669149876	bGliL2hhbmRsZXJzL2F1dGhvcml6ZS1oYW5kbGVyLmpzOjpwcm9ncmFtOkF1dGhvcml6ZUhhbmRsZXI=
PARAM	111669149877	bGliL2hhbmRsZXJzL2F1dGhvcml6ZS1oYW5kbGVyLmpzOjpwcm9ncmFtOkF1dGhvcml6ZUhhbmRsZXI=
PARAM	111669149879	bGliL2hhbmRsZXJzL2F1dGhvcml6ZS1oYW5kbGVyLmpzOjpwcm9ncmFtOkF1dGhvcml6ZUhhbmRsZXI=
PARAM	111669149883	bGliL2hhbmRsZXJzL2F1dGhvcml6ZS1oYW5kbGVyLmpzOjpwcm9ncmFtOkF1dGhvcml6ZUhhbmRsZXI=
PARAM	111669149885	bGliL2hhbmRsZXJzL2F1dGhvcml6ZS1oYW5kbGVyLmpzOjpwcm9ncmFtOkF1dGhvcml6ZUhhbmRsZXI=
PARAM	111669149887	bGliL2hhbmRsZXJzL2F1dGhvcml6ZS1oYW5kbGVyLmpzOjpwcm9ncmFtOkF1dGhvcml6ZUhhbmRsZXI=
PARAM	111669149890	bGliL2hhbmRsZXJzL2F1dGhvcml6ZS1oYW5kbGVyLmpzOjpwcm9ncmFtOkF1dGhvcml6ZUhhbmRsZXI=
PARAM	111669149893	bGliL2hhbmRsZXJzL2F1dGhvcml6ZS1oYW5kbGVyLmpzOjpwcm9ncmFtOkF1dGhvcml6ZUhhbmRsZXI=
PARAM	111669149902	bGliL2hhbmRsZXJzL2F1dGhvcml6ZS1oYW5kbGVyLmpzOjpwcm9ncmFtOkF1dGhvcml6ZUhhbmRsZXI=
PARAM	111669149905	bGliL2hhbmRsZXJzL2F1dGhvcml6ZS1oYW5kbGVyLmpzOjpwcm9ncmFtOkF1dGhvcml6ZUhhbmRsZXI=
PARAM	111669149907	bGliL2hhbmRsZXJzL2F1dGhvcml6ZS1oYW5kbGVyLmpzOjpwcm9ncmFtOkF1dGhvcml6ZUhhbmRsZXI=
PARAM	111669149910	bGliL2hhbmRsZXJzL2F1dGhvcml6ZS1oYW5kbGVyLmpzOjpwcm9ncmFtOkF1dGhvcml6ZUhhbmRsZXI=
PARAM	111669149913	bGliL2hhbmRsZXJzL2F1dGhvcml6ZS1oYW5kbGVyLmpzOjpwcm9ncmFtOkF1dGhvcml6ZUhhbmRsZXI=
PARAM	111669149917	bGliL2hhbmRsZXJzL2F1dGhvcml6ZS1oYW5kbGVyLmpzOjpwcm9ncmFtOkF1dGhvcml6ZUhhbmRsZXI=
PARAM	111669149919	bGliL2hhbmRsZXJzL2F1dGhvcml6ZS1oYW5kbGVyLmpzOjpwcm9ncmFtOkF1dGhvcml6ZUhhbmRsZXI=
PARAM	111669149921	bGliL2hhbmRsZXJzL2F1dGhvcml6ZS1oYW5kbGVyLmpzOjpwcm9ncmFt
PARAM	111669149922	bGliL2hhbmRsZXJzL3Rva2VuLWhhbmRsZXIuanM6OnByb2dyYW06VG9rZW5IYW5kbGVy
PARAM	111669149924	bGliL2hhbmRsZXJzL3Rva2VuLWhhbmRsZXIuanM6OnByb2dyYW06VG9rZW5IYW5kbGVy
PARAM	111669149927	bGliL2hhbmRsZXJzL3Rva2VuLWhhbmRsZXIuanM6OnByb2dyYW06VG9rZW5IYW5kbGVy
PARAM	111669149930	bGliL2hhbmRsZXJzL3Rva2VuLWhhbmRsZXIuanM6OnByb2dyYW06VG9rZW5IYW5kbGVy
PARAM	111669149932	bGliL2hhbmRsZXJzL3Rva2VuLWhhbmRsZXIuanM6OnByb2dyYW06VG9rZW5IYW5kbGVy
PARAM	111669149935	bGliL2hhbmRsZXJzL3Rva2VuLWhhbmRsZXIuanM6OnByb2dyYW06VG9rZW5IYW5kbGVy
PARAM	111669149937	bGliL2hhbmRsZXJzL3Rva2VuLWhhbmRsZXIuanM6OnByb2dyYW06VG9rZW5IYW5kbGVy
PARAM	111669149939	bGliL2hhbmRsZXJzL3Rva2VuLWhhbmRsZXIuanM6OnByb2dyYW06VG9rZW5IYW5kbGVy
PARAM	111669149941	bGliL2hhbmRsZXJzL3Rva2VuLWhhbmRsZXIuanM6OnByb2dyYW06VG9rZW5IYW5kbGVy
PARAM	111669149944	bGliL2hhbmRsZXJzL3Rva2VuLWhhbmRsZXIuanM6OnByb2dyYW06VG9rZW5IYW5kbGVy
PARAM	111669149947	bGliL2hhbmRsZXJzL3Rva2VuLWhhbmRsZXIuanM6OnByb2dyYW06VG9rZW5IYW5kbGVy
PARAM	111669149949	bGliL2hhbmRsZXJzL3Rva2VuLWhhbmRsZXIuanM6OnByb2dyYW0=
PARAM	111669149950	bGliL21vZGVsLmpzOjpwcm9ncmFtOk1vZGVs
PARAM	111669149951	bGliL21vZGVsLmpzOjpwcm9ncmFtOk1vZGVs
PARAM	111669149953	bGliL21vZGVsLmpzOjpwcm9ncmFtOk1vZGVs
PARAM	111669149955	bGliL21vZGVsLmpzOjpwcm9ncmFtOk1vZGVs
PARAM	111669149958	bGliL21vZGVsLmpzOjpwcm9ncmFtOk1vZGVs
PARAM	111669149962	bGliL21vZGVsLmpzOjpwcm9ncmFtOk1vZGVs
PARAM	111669149966	bGliL21vZGVsLmpzOjpwcm9ncmFtOk1vZGVs
PARAM	111669149968	bGliL21vZGVsLmpzOjpwcm9ncmFtOk1vZGVs
PARAM	111669149970	bGliL21vZGVsLmpzOjpwcm9ncmFtOk1vZGVs
PARAM	111669149972	bGliL21vZGVsLmpzOjpwcm9ncmFtOk1vZGVs
PARAM	111669149974	bGliL21vZGVsLmpzOjpwcm9ncmFtOk1vZGVs
PARAM	111669149978	bGliL21vZGVsLmpzOjpwcm9ncmFtOk1vZGVs
PARAM	111669149980	bGliL21vZGVsLmpzOjpwcm9ncmFtOk1vZGVs
PARAM	111669149982	bGliL21vZGVsLmpzOjpwcm9ncmFtOk1vZGVs
PARAM	111669149985	bGliL21vZGVsLmpzOjpwcm9ncmFtOk1vZGVs
PARAM	111669149989	bGliL21vZGVsLmpzOjpwcm9ncmFtOk1vZGVs
PARAM	111669149993	bGliL21vZGVsLmpzOjpwcm9ncmFtOk1vZGVs
PARAM	111669149997	bGliL21vZGVsLmpzOjpwcm9ncmFtOk1vZGVs
PARAM	111669150001	bGliL21vZGVsLmpzOjpwcm9ncmFtOk1vZGVs
PARAM	111669150004	bGliL21vZGVsLmpzOjpwcm9ncmFt
PARAM	111669150005	bGliL21vZGVscy90b2tlbi1tb2RlbC5qczo6cHJvZ3JhbTpUb2tlbk1vZGVs
PARAM	111669150007	bGliL21vZGVscy90b2tlbi1tb2RlbC5qczo6cHJvZ3JhbTpUb2tlbk1vZGVs
PARAM	111669150010	bGliL21vZGVscy90b2tlbi1tb2RlbC5qczo6cHJvZ3JhbQ==
PARAM	111669150011	bGliL3BrY2UvcGtjZS5qczo6cHJvZ3JhbQ==
PARAM	111669150013	bGliL3BrY2UvcGtjZS5qczo6cHJvZ3JhbQ==
PARAM	111669150015	bGliL3BrY2UvcGtjZS5qczo6cHJvZ3JhbQ==
PARAM	111669150017	bGliL3BrY2UvcGtjZS5qczo6cHJvZ3JhbQ==
PARAM	111669150019	bGliL3BrY2UvcGtjZS5qczo6cHJvZ3JhbQ==
PARAM	111669150020	bGliL3JlcXVlc3QuanM6OnByb2dyYW06UmVxdWVzdA==
PARAM	111669150022	bGliL3JlcXVlc3QuanM6OnByb2dyYW06UmVxdWVzdA==
PARAM	111669150024	bGliL3JlcXVlc3QuanM6OnByb2dyYW06UmVxdWVzdA==
PARAM	111669150026	bGliL3JlcXVlc3QuanM6OnByb2dyYW06UmVxdWVzdA==
PARAM	111669150028	bGliL3JlcXVlc3QuanM6OnByb2dyYW06UmVxdWVzdA==
PARAM	111669150030	bGliL3JlcXVlc3QuanM6OnByb2dyYW06UmVxdWVzdA==
PARAM	111669150032	bGliL3JlcXVlc3QuanM6OnByb2dyYW0=
PARAM	111669150033	bGliL3Jlc3BvbnNlLXR5cGVzL2NvZGUtcmVzcG9uc2UtdHlwZS5qczo6cHJvZ3JhbTpDb2RlUmVzcG9uc2VUeXBl
PARAM	111669150035	bGliL3Jlc3BvbnNlLXR5cGVzL2NvZGUtcmVzcG9uc2UtdHlwZS5qczo6cHJvZ3JhbTpDb2RlUmVzcG9uc2VUeXBl
PARAM	111669150037	bGliL3Jlc3BvbnNlLXR5cGVzL2NvZGUtcmVzcG9uc2UtdHlwZS5qczo6cHJvZ3JhbQ==
PARAM	111669150038	bGliL3Jlc3BvbnNlLXR5cGVzL3Rva2VuLXJlc3BvbnNlLXR5cGUuanM6OnByb2dyYW06VG9rZW5SZXNwb25zZVR5cGU=
PARAM	111669150039	bGliL3Jlc3BvbnNlLXR5cGVzL3Rva2VuLXJlc3BvbnNlLXR5cGUuanM6OnByb2dyYW0=
PARAM	111669150040	bGliL3Jlc3BvbnNlLmpzOjpwcm9ncmFtOlJlc3BvbnNl
PARAM	111669150042	bGliL3Jlc3BvbnNlLmpzOjpwcm9ncmFtOlJlc3BvbnNl
PARAM	111669150044	bGliL3Jlc3BvbnNlLmpzOjpwcm9ncmFtOlJlc3BvbnNl
PARAM	111669150046	bGliL3Jlc3BvbnNlLmpzOjpwcm9ncmFtOlJlc3BvbnNl
PARAM	111669150048	bGliL3Jlc3BvbnNlLmpzOjpwcm9ncmFtOlJlc3BvbnNl
PARAM	111669150050	bGliL3Jlc3BvbnNlLmpzOjpwcm9ncmFtOlJlc3BvbnNl
PARAM	111669150052	bGliL3Jlc3BvbnNlLmpzOjpwcm9ncmFtOlJlc3BvbnNl
PARAM	111669150055	bGliL3Jlc3BvbnNlLmpzOjpwcm9ncmFt
PARAM	111669150056	bGliL3NlcnZlci5qczo6cHJvZ3JhbTpPQXV0aDJTZXJ2ZXI=
PARAM	111669150058	bGliL3NlcnZlci5qczo6cHJvZ3JhbTpPQXV0aDJTZXJ2ZXI=
PARAM	111669150062	bGliL3NlcnZlci5qczo6cHJvZ3JhbTpPQXV0aDJTZXJ2ZXI=
PARAM	111669150066	bGliL3NlcnZlci5qczo6cHJvZ3JhbTpPQXV0aDJTZXJ2ZXI=
PARAM	111669150070	bGliL3NlcnZlci5qczo6cHJvZ3JhbQ==
PARAM	111669150071	bGliL3Rva2VuLXR5cGVzL2JlYXJlci10b2tlbi10eXBlLmpzOjpwcm9ncmFtOkJlYXJlclRva2VuVHlwZQ==
PARAM	111669150077	bGliL3Rva2VuLXR5cGVzL2JlYXJlci10b2tlbi10eXBlLmpzOjpwcm9ncmFtOkJlYXJlclRva2VuVHlwZQ==
PARAM	111669150078	bGliL3Rva2VuLXR5cGVzL2JlYXJlci10b2tlbi10eXBlLmpzOjpwcm9ncmFt
PARAM	111669150079	bGliL3Rva2VuLXR5cGVzL21hYy10b2tlbi10eXBlLmpzOjpwcm9ncmFtOk1hY1Rva2VuVHlwZQ==
PARAM	111669150080	bGliL3Rva2VuLXR5cGVzL21hYy10b2tlbi10eXBlLmpzOjpwcm9ncmFt
PARAM	111669150081	bGliL3V0aWxzL2NyeXB0by11dGlsLmpzOjpwcm9ncmFt
PARAM	111669150083	bGliL3V0aWxzL2NyeXB0by11dGlsLmpzOjpwcm9ncmFt
PARAM	111669150084	bGliL3V0aWxzL2RhdGUtdXRpbC5qczo6cHJvZ3JhbQ==
PARAM	111669150085	RGF0ZUNvbnN0cnVjdG9yfHx8RGF0ZQ==
PARAM	111669150086	bGliL3V0aWxzL2RhdGUtdXRpbC5qczo6cHJvZ3JhbQ==
PARAM	111669150087	bGliL3V0aWxzL3Njb3BlLXV0aWwuanM6OnByb2dyYW0=
PARAM	111669150089	bGliL3V0aWxzL3Njb3BlLXV0aWwuanM6OnByb2dyYW0=
PARAM	111669150090	bGliL3V0aWxzL3N0cmluZy11dGlsLmpzOjpwcm9ncmFt
PARAM	111669150092	bGliL3V0aWxzL3N0cmluZy11dGlsLmpzOjpwcm9ncmFt
PARAM	111669150093	bGliL3V0aWxzL3Rva2VuLXV0aWwuanM6OnByb2dyYW0=
PARAM	111669150096	bGliL3V0aWxzL3Rva2VuLXV0aWwuanM6OnByb2dyYW0=
PARAM	111669150099	bGliL3V0aWxzL3Rva2VuLXV0aWwuanM6OnByb2dyYW0=
PARAM	111669150100	bGliL3V0aWxzL3Rva2VuLXV0aWwuanM6OnByb2dyYW0=
IDENT	68719476739	aW5kZXguanM6OnByb2dyYW0=
IDENT	68719476742	aW5kZXguanM6OnByb2dyYW0=
IDENT	68719476745	aW5kZXguanM6OnByb2dyYW0=
IDENT	68719476748	aW5kZXguanM6OnByb2dyYW0=
IDENT	68719476751	aW5kZXguanM6OnByb2dyYW0=
IDENT	68719476754	aW5kZXguanM6OnByb2dyYW0=
IDENT	68719476757	aW5kZXguanM6OnByb2dyYW0=
IDENT	68719476760	aW5kZXguanM6OnByb2dyYW0=
IDENT	68719476763	aW5kZXguanM6OnByb2dyYW0=
IDENT	68719476766	aW5kZXguanM6OnByb2dyYW0=
IDENT	68719476769	aW5kZXguanM6OnByb2dyYW0=
IDENT	68719476772	aW5kZXguanM6OnByb2dyYW0=
IDENT	68719476775	aW5kZXguanM6OnByb2dyYW0=
IDENT	68719476778	aW5kZXguanM6OnByb2dyYW0=
IDENT	68719476781	aW5kZXguanM6OnByb2dyYW0=
IDENT	68719476784	aW5kZXguanM6OnByb2dyYW0=
IDENT	68719476787	aW5kZXguanM6OnByb2dyYW0=
IDENT	68719476790	aW5kZXguanM6OnByb2dyYW0=
IDENT	68719476798	bGliL2Vycm9ycy9hY2Nlc3MtZGVuaWVkLWVycm9yLmpzOjpwcm9ncmFtOkFjY2Vzc0RlbmllZEVycm9yfHx8bGliL2Vycm9ycy9hY2Nlc3MtZGVuaWVkLWVycm9yLmpzOjpwcm9ncmFt
IDENT	68719476803	bGliL2Vycm9ycy9hY2Nlc3MtZGVuaWVkLWVycm9yLmpzOjpwcm9ncmFt
IDENT	68719476804	bGliL2Vycm9ycy9hY2Nlc3MtZGVuaWVkLWVycm9yLmpzOjpwcm9ncmFtOkFjY2Vzc0RlbmllZEVycm9yOjxpbml0Pnx8fGxpYi9lcnJvcnMvYWNjZXNzLWRlbmllZC1lcnJvci5qczo6cHJvZ3JhbTpBY2Nlc3NEZW5pZWRFcnJvcg==
IDENT	68719476814	bGliL2Vycm9ycy9pbnN1ZmZpY2llbnQtc2NvcGUtZXJyb3IuanM6OnByb2dyYW06SW5zdWZmaWNpZW50U2NvcGVFcnJvcnx8fGxpYi9lcnJvcnMvaW5zdWZmaWNpZW50LXNjb3BlLWVycm9yLmpzOjpwcm9ncmFt
IDENT	68719476819	bGliL2Vycm9ycy9pbnN1ZmZpY2llbnQtc2NvcGUtZXJyb3IuanM6OnByb2dyYW0=
IDENT	68719476820	bGliL2Vycm9ycy9pbnN1ZmZpY2llbnQtc2NvcGUtZXJyb3IuanM6OnByb2dyYW06SW5zdWZmaWNpZW50U2NvcGVFcnJvcjo8aW5pdD58fHxsaWIvZXJyb3JzL2luc3VmZmljaWVudC1zY29wZS1lcnJvci5qczo6cHJvZ3JhbTpJbnN1ZmZpY2llbnRTY29wZUVycm9y
IDENT	68719476830	bGliL2Vycm9ycy9pbnZhbGlkLWFyZ3VtZW50LWVycm9yLmpzOjpwcm9ncmFtOkludmFsaWRBcmd1bWVudEVycm9yfHx8bGliL2Vycm9ycy9pbnZhbGlkLWFyZ3VtZW50LWVycm9yLmpzOjpwcm9ncmFt
IDENT	68719476835	bGliL2Vycm9ycy9pbnZhbGlkLWFyZ3VtZW50LWVycm9yLmpzOjpwcm9ncmFt
IDENT	68719476836	bGliL2Vycm9ycy9pbnZhbGlkLWFyZ3VtZW50LWVycm9yLmpzOjpwcm9ncmFtOkludmFsaWRBcmd1bWVudEVycm9yOjxpbml0Pnx8fGxpYi9lcnJvcnMvaW52YWxpZC1hcmd1bWVudC1lcnJvci5qczo6cHJvZ3JhbTpJbnZhbGlkQXJndW1lbnRFcnJvcg==
IDENT	68719476846	bGliL2Vycm9ycy9pbnZhbGlkLWNsaWVudC1lcnJvci5qczo6cHJvZ3JhbTpJbnZhbGlkQ2xpZW50RXJyb3J8fHxsaWIvZXJyb3JzL2ludmFsaWQtY2xpZW50LWVycm9yLmpzOjpwcm9ncmFt
IDENT	68719476851	bGliL2Vycm9ycy9pbnZhbGlkLWNsaWVudC1lcnJvci5qczo6cHJvZ3JhbQ==
IDENT	68719476852	bGliL2Vycm9ycy9pbnZhbGlkLWNsaWVudC1lcnJvci5qczo6cHJvZ3JhbTpJbnZhbGlkQ2xpZW50RXJyb3I6PGluaXQ+fHx8bGliL2Vycm9ycy9pbnZhbGlkLWNsaWVudC1lcnJvci5qczo6cHJvZ3JhbTpJbnZhbGlkQ2xpZW50RXJyb3I=
IDENT	68719476862	bGliL2Vycm9ycy9pbnZhbGlkLWdyYW50LWVycm9yLmpzOjpwcm9ncmFtOkludmFsaWRHcmFudEVycm9yfHx8bGliL2Vycm9ycy9pbnZhbGlkLWdyYW50LWVycm9yLmpzOjpwcm9ncmFt
IDENT	68719476867	bGliL2Vycm9ycy9pbnZhbGlkLWdyYW50LWVycm9yLmpzOjpwcm9ncmFt
IDENT	68719476868	bGliL2Vycm9ycy9pbnZhbGlkLWdyYW50LWVycm9yLmpzOjpwcm9ncmFtOkludmFsaWRHcmFudEVycm9yOjxpbml0Pnx8fGxpYi9lcnJvcnMvaW52YWxpZC1ncmFudC1lcnJvci5qczo6cHJvZ3JhbTpJbnZhbGlkR3JhbnRFcnJvcg==
IDENT	68719476878	bGliL2Vycm9ycy9pbnZhbGlkLXJlcXVlc3QtZXJyb3IuanM6OnByb2dyYW06SW52YWxpZFJlcXVlc3R8fHxsaWIvZXJyb3JzL2ludmFsaWQtcmVxdWVzdC1lcnJvci5qczo6cHJvZ3JhbQ==
IDENT	68719476883	bGliL2Vycm9ycy9pbnZhbGlkLXJlcXVlc3QtZXJyb3IuanM6OnByb2dyYW0=
IDENT	68719476884	bGliL2Vycm9ycy9pbnZhbGlkLXJlcXVlc3QtZXJyb3IuanM6OnByb2dyYW06SW52YWxpZFJlcXVlc3Q6PGluaXQ+fHx8bGliL2Vycm9ycy9pbnZhbGlkLXJlcXVlc3QtZXJyb3IuanM6OnByb2dyYW06SW52YWxpZFJlcXVlc3Q=
IDENT	68719476894	bGliL2Vycm9ycy9pbnZhbGlkLXNjb3BlLWVycm9yLmpzOjpwcm9ncmFtOkludmFsaWRTY29wZUVycm9yfHx8bGliL2Vycm9ycy9pbnZhbGlkLXNjb3BlLWVycm9yLmpzOjpwcm9ncmFt
IDENT	68719476899	bGliL2Vycm9ycy9pbnZhbGlkLXNjb3BlLWVycm9yLmpzOjpwcm9ncmFt
IDENT	68719476900	bGliL2Vycm9ycy9pbnZhbGlkLXNjb3BlLWVycm9yLmpzOjpwcm9ncmFtOkludmFsaWRTY29wZUVycm9yOjxpbml0Pnx8fGxpYi9lcnJvcnMvaW52YWxpZC1zY29wZS1lcnJvci5qczo6cHJvZ3JhbTpJbnZhbGlkU2NvcGVFcnJvcg==
IDENT	68719476910	bGliL2Vycm9ycy9pbnZhbGlkLXRva2VuLWVycm9yLmpzOjpwcm9ncmFtOkludmFsaWRUb2tlbkVycm9yfHx8bGliL2Vycm9ycy9pbnZhbGlkLXRva2VuLWVycm9yLmpzOjpwcm9ncmFt
IDENT	68719476915	bGliL2Vycm9ycy9pbnZhbGlkLXRva2VuLWVycm9yLmpzOjpwcm9ncmFt
IDENT	68719476916	bGliL2Vycm9ycy9pbnZhbGlkLXRva2VuLWVycm9yLmpzOjpwcm9ncmFtOkludmFsaWRUb2tlbkVycm9yOjxpbml0Pnx8fGxpYi9lcnJvcnMvaW52YWxpZC10b2tlbi1lcnJvci5qczo6cHJvZ3JhbTpJbnZhbGlkVG9rZW5FcnJvcg==
IDENT	68719476923	bGliL2Vycm9ycy9vYXV0aC1lcnJvci5qczo6cHJvZ3JhbTpPQXV0aEVycm9yfHx8bGliL2Vycm9ycy9vYXV0aC1lcnJvci5qczo6cHJvZ3JhbQ==
IDENT	68719476952	bGliL2Vycm9ycy9vYXV0aC1lcnJvci5qczo6cHJvZ3JhbTpPQXV0aEVycm9yfHx8bGliL2Vycm9ycy9vYXV0aC1lcnJvci5qczo6cHJvZ3JhbQ==
IDENT	68719476953	bGliL2Vycm9ycy9vYXV0aC1lcnJvci5qczo6cHJvZ3JhbTpPQXV0aEVycm9yfHx8bGliL2Vycm9ycy9vYXV0aC1lcnJvci5qczo6cHJvZ3JhbQ==
IDENT	68719476954	bGliL2Vycm9ycy9vYXV0aC1lcnJvci5qczo6cHJvZ3JhbTpPQXV0aEVycm9yfHx8bGliL2Vycm9ycy9vYXV0aC1lcnJvci5qczo6cHJvZ3JhbQ==
IDENT	68719476956	bGliL2Vycm9ycy9vYXV0aC1lcnJvci5qczo6cHJvZ3JhbTpPQXV0aEVycm9yfHx8bGliL2Vycm9ycy9vYXV0aC1lcnJvci5qczo6cHJvZ3JhbQ==
IDENT	68719476961	X19lY21hLlN0cmluZ3x8fF9yZXN1bHRfMDp2YWx1ZTo8cmV0dXJuVmFsdWU+OjxtZW1iZXI+KHZhbHVlKQ==
IDENT	68719476962	X19lY21hLlN0cmluZ3x8fF9yZXN1bHRfMDp2YWx1ZTo8cmV0dXJuVmFsdWU+OjxtZW1iZXI+KHZhbHVlKQ==
IDENT	68719476964	X19lY21hLlN0cmluZ3x8fF9yZXN1bHRfMDp2YWx1ZTo8cmV0dXJuVmFsdWU+OjxtZW1iZXI+KHZhbHVlKQ==
IDENT	68719476965	bGliL2Vycm9ycy9vYXV0aC1lcnJvci5qczo6cHJvZ3JhbTpPQXV0aEVycm9yfHx8bGliL2Vycm9ycy9vYXV0aC1lcnJvci5qczo6cHJvZ3JhbQ==
IDENT	68719476966	X19lY21hLlN0cmluZ3x8fF9yZXN1bHRfMDp2YWx1ZTo8cmV0dXJuVmFsdWU+OjxtZW1iZXI+KHZhbHVlKQ==
IDENT	68719476968	X19lY21hLlN0cmluZ3x8fF9yZXN1bHRfMDp2YWx1ZTo8cmV0dXJuVmFsdWU+OjxtZW1iZXI+KHZhbHVlKQ==
IDENT	68719476971	bGliL2Vycm9ycy9vYXV0aC1lcnJvci5qczo6cHJvZ3JhbQ==
IDENT	68719476972	bGliL2Vycm9ycy9vYXV0aC1lcnJvci5qczo6cHJvZ3JhbTpPQXV0aEVycm9yOjxpbml0Pnx8fGxpYi9lcnJvcnMvb2F1dGgtZXJyb3IuanM6OnByb2dyYW06T0F1dGhFcnJvcg==
IDENT	68719476982	bGliL2Vycm9ycy9zZXJ2ZXItZXJyb3IuanM6OnByb2dyYW06U2VydmVyRXJyb3J8fHxsaWIvZXJyb3JzL3NlcnZlci1lcnJvci5qczo6cHJvZ3JhbQ==
IDENT	68719476987	bGliL2Vycm9ycy9zZXJ2ZXItZXJyb3IuanM6OnByb2dyYW0=
IDENT	68719476988	bGliL2Vycm9ycy9zZXJ2ZXItZXJyb3IuanM6OnByb2dyYW06U2VydmVyRXJyb3I6PGluaXQ+fHx8bGliL2Vycm9ycy9zZXJ2ZXItZXJyb3IuanM6OnByb2dyYW06U2VydmVyRXJyb3I=
IDENT	68719476998	bGliL2Vycm9ycy91bmF1dGhvcml6ZWQtY2xpZW50LWVycm9yLmpzOjpwcm9ncmFtOlVuYXV0aG9yaXplZENsaWVudEVycm9yfHx8bGliL2Vycm9ycy91bmF1dGhvcml6ZWQtY2xpZW50LWVycm9yLmpzOjpwcm9ncmFt
IDENT	68719477003	bGliL2Vycm9ycy91bmF1dGhvcml6ZWQtY2xpZW50LWVycm9yLmpzOjpwcm9ncmFt
IDENT	68719477004	bGliL2Vycm9ycy91bmF1dGhvcml6ZWQtY2xpZW50LWVycm9yLmpzOjpwcm9ncmFtOlVuYXV0aG9yaXplZENsaWVudEVycm9yOjxpbml0Pnx8fGxpYi9lcnJvcnMvdW5hdXRob3JpemVkLWNsaWVudC1lcnJvci5qczo6cHJvZ3JhbTpVbmF1dGhvcml6ZWRDbGllbnRFcnJvcg==
IDENT	68719477014	bGliL2Vycm9ycy91bmF1dGhvcml6ZWQtcmVxdWVzdC1lcnJvci5qczo6cHJvZ3JhbTpVbmF1dGhvcml6ZWRSZXF1ZXN0RXJyb3J8fHxsaWIvZXJyb3JzL3VuYXV0aG9yaXplZC1yZXF1ZXN0LWVycm9yLmpzOjpwcm9ncmFt
IDENT	68719477019	bGliL2Vycm9ycy91bmF1dGhvcml6ZWQtcmVxdWVzdC1lcnJvci5qczo6cHJvZ3JhbQ==
IDENT	68719477020	bGliL2Vycm9ycy91bmF1dGhvcml6ZWQtcmVxdWVzdC1lcnJvci5qczo6cHJvZ3JhbTpVbmF1dGhvcml6ZWRSZXF1ZXN0RXJyb3I6PGluaXQ+fHx8bGliL2Vycm9ycy91bmF1dGhvcml6ZWQtcmVxdWVzdC1lcnJvci5qczo6cHJvZ3JhbTpVbmF1dGhvcml6ZWRSZXF1ZXN0RXJyb3I=
IDENT	68719477030	bGliL2Vycm9ycy91bnN1cHBvcnRlZC1ncmFudC10eXBlLWVycm9yLmpzOjpwcm9ncmFtOlVuc3VwcG9ydGVkR3JhbnRUeXBlRXJyb3J8fHxsaWIvZXJyb3JzL3Vuc3VwcG9ydGVkLWdyYW50LXR5cGUtZXJyb3IuanM6OnByb2dyYW0=
IDENT	68719477035	bGliL2Vycm9ycy91bnN1cHBvcnRlZC1ncmFudC10eXBlLWVycm9yLmpzOjpwcm9ncmFt
IDENT	68719477036	bGliL2Vycm9ycy91bnN1cHBvcnRlZC1ncmFudC10eXBlLWVycm9yLmpzOjpwcm9ncmFtOlVuc3VwcG9ydGVkR3JhbnRUeXBlRXJyb3I6PGluaXQ+fHx8bGliL2Vycm9ycy91bnN1cHBvcnRlZC1ncmFudC10eXBlLWVycm9yLmpzOjpwcm9ncmFtOlVuc3VwcG9ydGVkR3JhbnRUeXBlRXJyb3I=
IDENT	68719477046	bGliL2Vycm9ycy91bnN1cHBvcnRlZC1yZXNwb25zZS10eXBlLWVycm9yLmpzOjpwcm9ncmFtOlVuc3VwcG9ydGVkUmVzcG9uc2VUeXBlRXJyb3J8fHxsaWIvZXJyb3JzL3Vuc3VwcG9ydGVkLXJlc3BvbnNlLXR5cGUtZXJyb3IuanM6OnByb2dyYW0=
IDENT	68719477051	bGliL2Vycm9ycy91bnN1cHBvcnRlZC1yZXNwb25zZS10eXBlLWVycm9yLmpzOjpwcm9ncmFt
IDENT	68719477052	bGliL2Vycm9ycy91bnN1cHBvcnRlZC1yZXNwb25zZS10eXBlLWVycm9yLmpzOjpwcm9ncmFtOlVuc3VwcG9ydGVkUmVzcG9uc2VUeXBlRXJyb3I6PGluaXQ+fHx8bGliL2Vycm9ycy91bnN1cHBvcnRlZC1yZXNwb25zZS10eXBlLWVycm9yLmpzOjpwcm9ncmFtOlVuc3VwcG9ydGVkUmVzcG9uc2VUeXBlRXJyb3I=
IDENT	68719477059	bGliL2Vycm9ycy9pbnZhbGlkLWFyZ3VtZW50LWVycm9yLmpzOjpwcm9ncmFtOkludmFsaWRBcmd1bWVudEVycm9yfHx8SW52YWxpZEFyZ3VtZW50RXJyb3I=
IDENT	68719477061	bGliL2Vycm9ycy9pbnZhbGlkLWFyZ3VtZW50LWVycm9yLmpzOjpwcm9ncmFtOkludmFsaWRBcmd1bWVudEVycm9yfHx8SW52YWxpZEFyZ3VtZW50RXJyb3I=
IDENT	68719477062	bGliL2Vycm9ycy9pbnZhbGlkLWFyZ3VtZW50LWVycm9yLmpzOjpwcm9ncmFtOkludmFsaWRBcmd1bWVudEVycm9yfHx8SW52YWxpZEFyZ3VtZW50RXJyb3I=
IDENT	68719477064	bGliL2Vycm9ycy9pbnZhbGlkLWFyZ3VtZW50LWVycm9yLmpzOjpwcm9ncmFtOkludmFsaWRBcmd1bWVudEVycm9yfHx8SW52YWxpZEFyZ3VtZW50RXJyb3I=
IDENT	68719477066	bGliL2Vycm9ycy9pbnZhbGlkLWFyZ3VtZW50LWVycm9yLmpzOjpwcm9ncmFtOkludmFsaWRBcmd1bWVudEVycm9yfHx8SW52YWxpZEFyZ3VtZW50RXJyb3I=
IDENT	68719477067	bGliL2Vycm9ycy9pbnZhbGlkLWFyZ3VtZW50LWVycm9yLmpzOjpwcm9ncmFtOkludmFsaWRBcmd1bWVudEVycm9yfHx8SW52YWxpZEFyZ3VtZW50RXJyb3I=
IDENT	68719477068	bGliL2dyYW50LXR5cGVzL2Fic3RyYWN0LWdyYW50LXR5cGUuanM6OnByb2dyYW06QWJzdHJhY3RHcmFudFR5cGV8fHxsaWIvZ3JhbnQtdHlwZXMvYWJzdHJhY3QtZ3JhbnQtdHlwZS5qczo6cHJvZ3JhbQ==
IDENT	68719477070	bGliL2dyYW50LXR5cGVzL2Fic3RyYWN0LWdyYW50LXR5cGUuanM6OnByb2dyYW06QWJzdHJhY3RHcmFudFR5cGV8fHxsaWIvZ3JhbnQtdHlwZXMvYWJzdHJhY3QtZ3JhbnQtdHlwZS5qczo6cHJvZ3JhbQ==
IDENT	68719477072	bGliL2dyYW50LXR5cGVzL2Fic3RyYWN0LWdyYW50LXR5cGUuanM6OnByb2dyYW06QWJzdHJhY3RHcmFudFR5cGV8fHxsaWIvZ3JhbnQtdHlwZXMvYWJzdHJhY3QtZ3JhbnQtdHlwZS5qczo6cHJvZ3JhbQ==
IDENT	68719477074	bGliL2dyYW50LXR5cGVzL2Fic3RyYWN0LWdyYW50LXR5cGUuanM6OnByb2dyYW06QWJzdHJhY3RHcmFudFR5cGV8fHxsaWIvZ3JhbnQtdHlwZXMvYWJzdHJhY3QtZ3JhbnQtdHlwZS5qczo6cHJvZ3JhbQ==
IDENT	68719477076	bGliL2dyYW50LXR5cGVzL2Fic3RyYWN0LWdyYW50LXR5cGUuanM6OnByb2dyYW06QWJzdHJhY3RHcmFudFR5cGV8fHxsaWIvZ3JhbnQtdHlwZXMvYWJzdHJhY3QtZ3JhbnQtdHlwZS5qczo6cHJvZ3JhbQ==
IDENT	68719477078	bGliL2dyYW50LXR5cGVzL2Fic3RyYWN0LWdyYW50LXR5cGUuanM6OnByb2dyYW06QWJzdHJhY3RHcmFudFR5cGV8fHxsaWIvZ3JhbnQtdHlwZXMvYWJzdHJhY3QtZ3JhbnQtdHlwZS5qczo6cHJvZ3JhbQ==
IDENT	68719477085	bGliL2dyYW50LXR5cGVzL2Fic3RyYWN0LWdyYW50LXR5cGUuanM6OnByb2dyYW06QWJzdHJhY3RHcmFudFR5cGV8fHxsaWIvZ3JhbnQtdHlwZXMvYWJzdHJhY3QtZ3JhbnQtdHlwZS5qczo6cHJvZ3JhbQ==
IDENT	68719477087	bGliL2dyYW50LXR5cGVzL2Fic3RyYWN0LWdyYW50LXR5cGUuanM6OnByb2dyYW06QWJzdHJhY3RHcmFudFR5cGV8fHxsaWIvZ3JhbnQtdHlwZXMvYWJzdHJhY3QtZ3JhbnQtdHlwZS5qczo6cHJvZ3JhbQ==
IDENT	68719477099	bGliL2dyYW50LXR5cGVzL2Fic3RyYWN0LWdyYW50LXR5cGUuanM6OnByb2dyYW06QWJzdHJhY3RHcmFudFR5cGV8fHxsaWIvZ3JhbnQtdHlwZXMvYWJzdHJhY3QtZ3JhbnQtdHlwZS5qczo6cHJvZ3JhbQ==
IDENT	68719477106	bGliL2dyYW50LXR5cGVzL2Fic3RyYWN0LWdyYW50LXR5cGUuanM6OnByb2dyYW06QWJzdHJhY3RHcmFudFR5cGV8fHxsaWIvZ3JhbnQtdHlwZXMvYWJzdHJhY3QtZ3JhbnQtdHlwZS5qczo6cHJvZ3JhbQ==
IDENT	68719477109	bGliL2dyYW50LXR5cGVzL2Fic3RyYWN0LWdyYW50LXR5cGUuanM6OnByb2dyYW06QWJzdHJhY3RHcmFudFR5cGV8fHxsaWIvZ3JhbnQtdHlwZXMvYWJzdHJhY3QtZ3JhbnQtdHlwZS5qczo6cHJvZ3JhbQ==
IDENT	68719477111	bGliL2dyYW50LXR5cGVzL2Fic3RyYWN0LWdyYW50LXR5cGUuanM6OnByb2dyYW06QWJzdHJhY3RHcmFudFR5cGV8fHxsaWIvZ3JhbnQtdHlwZXMvYWJzdHJhY3QtZ3JhbnQtdHlwZS5qczo6cHJvZ3JhbQ==
IDENT	68719477114	bGliL2dyYW50LXR5cGVzL2Fic3RyYWN0LWdyYW50LXR5cGUuanM6OnByb2dyYW06QWJzdHJhY3RHcmFudFR5cGV8fHxsaWIvZ3JhbnQtdHlwZXMvYWJzdHJhY3QtZ3JhbnQtdHlwZS5qczo6cHJvZ3JhbQ==
IDENT	68719477120	bGliL2Vycm9ycy9pbnZhbGlkLXNjb3BlLWVycm9yLmpzOjpwcm9ncmFtOkludmFsaWRTY29wZUVycm9yfHx8SW52YWxpZFNjb3BlRXJyb3I=
IDENT	68719477122	bGliL2Vycm9ycy9pbnZhbGlkLXNjb3BlLWVycm9yLmpzOjpwcm9ncmFtOkludmFsaWRTY29wZUVycm9yfHx8SW52YWxpZFNjb3BlRXJyb3I=
IDENT	68719477123	bGliL2Vycm9ycy9pbnZhbGlkLXNjb3BlLWVycm9yLmpzOjpwcm9ncmFtOkludmFsaWRTY29wZUVycm9yfHx8SW52YWxpZFNjb3BlRXJyb3I=
IDENT	68719477128	bGliL2dyYW50LXR5cGVzL2Fic3RyYWN0LWdyYW50LXR5cGUuanM6OnByb2dyYW0=
IDENT	68719477131	bGliL2dyYW50LXR5cGVzL2Fic3RyYWN0LWdyYW50LXR5cGUuanM6OnByb2dyYW0=
IDENT	68719477134	bGliL2dyYW50LXR5cGVzL2Fic3RyYWN0LWdyYW50LXR5cGUuanM6OnByb2dyYW0=
IDENT	68719477137	bGliL2dyYW50LXR5cGVzL2Fic3RyYWN0LWdyYW50LXR5cGUuanM6OnByb2dyYW0=
IDENT	68719477141	bGliL2dyYW50LXR5cGVzL2Fic3RyYWN0LWdyYW50LXR5cGUuanM6OnByb2dyYW06QWJzdHJhY3RHcmFudFR5cGU6PGluaXQ+fHx8bGliL2dyYW50LXR5cGVzL2Fic3RyYWN0LWdyYW50LXR5cGUuanM6OnByb2dyYW06QWJzdHJhY3RHcmFudFR5cGU=
IDENT	68719477149	bGliL2Vycm9ycy9pbnZhbGlkLWFyZ3VtZW50LWVycm9yLmpzOjpwcm9ncmFtOkludmFsaWRBcmd1bWVudEVycm9yfHx8SW52YWxpZEFyZ3VtZW50RXJyb3I=
IDENT	68719477151	bGliL2Vycm9ycy9pbnZhbGlkLWFyZ3VtZW50LWVycm9yLmpzOjpwcm9ncmFtOkludmFsaWRBcmd1bWVudEVycm9yfHx8SW52YWxpZEFyZ3VtZW50RXJyb3I=
IDENT	68719477152	bGliL2Vycm9ycy9pbnZhbGlkLWFyZ3VtZW50LWVycm9yLmpzOjpwcm9ncmFtOkludmFsaWRBcmd1bWVudEVycm9yfHx8SW52YWxpZEFyZ3VtZW50RXJyb3I=
IDENT	68719477154	bGliL2Vycm9ycy9pbnZhbGlkLWFyZ3VtZW50LWVycm9yLmpzOjpwcm9ncmFtOkludmFsaWRBcmd1bWVudEVycm9yfHx8SW52YWxpZEFyZ3VtZW50RXJyb3I=
IDENT	68719477156	bGliL2Vycm9ycy9pbnZhbGlkLWFyZ3VtZW50LWVycm9yLmpzOjpwcm9ncmFtOkludmFsaWRBcmd1bWVudEVycm9yfHx8SW52YWxpZEFyZ3VtZW50RXJyb3I=
IDENT	68719477157	bGliL2Vycm9ycy9pbnZhbGlkLWFyZ3VtZW50LWVycm9yLmpzOjpwcm9ncmFtOkludmFsaWRBcmd1bWVudEVycm9yfHx8SW52YWxpZEFyZ3VtZW50RXJyb3I=
IDENT	68719477159	bGliL2Vycm9ycy9pbnZhbGlkLWFyZ3VtZW50LWVycm9yLmpzOjpwcm9ncmFtOkludmFsaWRBcmd1bWVudEVycm9yfHx8SW52YWxpZEFyZ3VtZW50RXJyb3I=
IDENT	68719477161	bGliL2Vycm9ycy9pbnZhbGlkLWFyZ3VtZW50LWVycm9yLmpzOjpwcm9ncmFtOkludmFsaWRBcmd1bWVudEVycm9yfHx8SW52YWxpZEFyZ3VtZW50RXJyb3I=
IDENT	68719477162	bGliL2Vycm9ycy9pbnZhbGlkLWFyZ3VtZW50LWVycm9yLmpzOjpwcm9ncmFtOkludmFsaWRBcmd1bWVudEVycm9yfHx8SW52YWxpZEFyZ3VtZW50RXJyb3I=
IDENT	68719477164	bGliL2Vycm9ycy9pbnZhbGlkLWFyZ3VtZW50LWVycm9yLmpzOjpwcm9ncmFtOkludmFsaWRBcmd1bWVudEVycm9yfHx8SW52YWxpZEFyZ3VtZW50RXJyb3I=
IDENT	68719477166	bGliL2Vycm9ycy9pbnZhbGlkLWFyZ3VtZW50LWVycm9yLmpzOjpwcm9ncmFtOkludmFsaWRBcmd1bWVudEVycm9yfHx8SW52YWxpZEFyZ3VtZW50RXJyb3I=
IDENT	68719477167	bGliL2Vycm9ycy9pbnZhbGlkLWFyZ3VtZW50LWVycm9yLmpzOjpwcm9ncmFtOkludmFsaWRBcmd1bWVudEVycm9yfHx8SW52YWxpZEFyZ3VtZW50RXJyb3I=
IDENT	68719477169	bGliL2dyYW50LXR5cGVzL2F1dGhvcml6YXRpb24tY29kZS1ncmFudC10eXBlLmpzOjpwcm9ncmFtOkF1dGhvcml6YXRpb25Db2RlR3JhbnRUeXBlfHx8bGliL2dyYW50LXR5cGVzL2F1dGhvcml6YXRpb24tY29kZS1ncmFudC10eXBlLmpzOjpwcm9ncmFt
IDENT	68719477171	bGliL2dyYW50LXR5cGVzL2F1dGhvcml6YXRpb24tY29kZS1ncmFudC10eXBlLmpzOjpwcm9ncmFtOkF1dGhvcml6YXRpb25Db2RlR3JhbnRUeXBlfHx8bGliL2dyYW50LXR5cGVzL2F1dGhvcml6YXRpb24tY29kZS1ncmFudC10eXBlLmpzOjpwcm9ncmFt
IDENT	68719477173	bGliL2dyYW50LXR5cGVzL2F1dGhvcml6YXRpb24tY29kZS1ncmFudC10eXBlLmpzOjpwcm9ncmFtOkF1dGhvcml6YXRpb25Db2RlR3JhbnRUeXBlfHx8bGliL2dyYW50LXR5cGVzL2F1dGhvcml6YXRpb24tY29kZS1ncmFudC10eXBlLmpzOjpwcm9ncmFt
IDENT	68719477176	bGliL2Vycm9ycy9pbnZhbGlkLWFyZ3VtZW50LWVycm9yLmpzOjpwcm9ncmFtOkludmFsaWRBcmd1bWVudEVycm9yfHx8SW52YWxpZEFyZ3VtZW50RXJyb3I=
IDENT	68719477178	bGliL2Vycm9ycy9pbnZhbGlkLWFyZ3VtZW50LWVycm9yLmpzOjpwcm9ncmFtOkludmFsaWRBcmd1bWVudEVycm9yfHx8SW52YWxpZEFyZ3VtZW50RXJyb3I=
IDENT	68719477179	bGliL2Vycm9ycy9pbnZhbGlkLWFyZ3VtZW50LWVycm9yLmpzOjpwcm9ncmFtOkludmFsaWRBcmd1bWVudEVycm9yfHx8SW52YWxpZEFyZ3VtZW50RXJyb3I=
IDENT	68719477181	bGliL2Vycm9ycy9pbnZhbGlkLWFyZ3VtZW50LWVycm9yLmpzOjpwcm9ncmFtOkludmFsaWRBcmd1bWVudEVycm9yfHx8SW52YWxpZEFyZ3VtZW50RXJyb3I=
IDENT	68719477183	bGliL2Vycm9ycy9pbnZhbGlkLWFyZ3VtZW50LWVycm9yLmpzOjpwcm9ncmFtOkludmFsaWRBcmd1bWVudEVycm9yfHx8SW52YWxpZEFyZ3VtZW50RXJyb3I=
IDENT	68719477184	bGliL2Vycm9ycy9pbnZhbGlkLWFyZ3VtZW50LWVycm9yLmpzOjpwcm9ncmFtOkludmFsaWRBcmd1bWVudEVycm9yfHx8SW52YWxpZEFyZ3VtZW50RXJyb3I=
IDENT	68719477186	bGliL2dyYW50LXR5cGVzL2F1dGhvcml6YXRpb24tY29kZS1ncmFudC10eXBlLmpzOjpwcm9ncmFtOkF1dGhvcml6YXRpb25Db2RlR3JhbnRUeXBlfHx8bGliL2dyYW50LXR5cGVzL2F1dGhvcml6YXRpb24tY29kZS1ncmFudC10eXBlLmpzOjpwcm9ncmFt
IDENT	68719477187	bGliL2dyYW50LXR5cGVzL2F1dGhvcml6YXRpb24tY29kZS1ncmFudC10eXBlLmpzOjpwcm9ncmFtOkF1dGhvcml6YXRpb25Db2RlR3JhbnRUeXBlfHx8bGliL2dyYW50LXR5cGVzL2F1dGhvcml6YXRpb24tY29kZS1ncmFudC10eXBlLmpzOjpwcm9ncmFt
IDENT	68719477190	bGliL2dyYW50LXR5cGVzL2F1dGhvcml6YXRpb24tY29kZS1ncmFudC10eXBlLmpzOjpwcm9ncmFtOkF1dGhvcml6YXRpb25Db2RlR3JhbnRUeXBlfHx8bGliL2dyYW50LXR5cGVzL2F1dGhvcml6YXRpb24tY29kZS1ncmFudC10eXBlLmpzOjpwcm9ncmFt
IDENT	68719477191	bGliL2dyYW50LXR5cGVzL2F1dGhvcml6YXRpb24tY29kZS1ncmFudC10eXBlLmpzOjpwcm9ncmFtOkF1dGhvcml6YXRpb25Db2RlR3JhbnRUeXBlfHx8bGliL2dyYW50LXR5cGVzL2F1dGhvcml6YXRpb24tY29kZS1ncmFudC10eXBlLmpzOjpwcm9ncmFt
IDENT	68719477193	bGliL2dyYW50LXR5cGVzL2F1dGhvcml6YXRpb24tY29kZS1ncmFudC10eXBlLmpzOjpwcm9ncmFtOkF1dGhvcml6YXRpb25Db2RlR3JhbnRUeXBlfHx8bGliL2dyYW50LXR5cGVzL2F1dGhvcml6YXRpb24tY29kZS1ncmFudC10eXBlLmpzOjpwcm9ncmFt
IDENT	68719477194	bGliL2dyYW50LXR5cGVzL2F1dGhvcml6YXRpb24tY29kZS1ncmFudC10eXBlLmpzOjpwcm9ncmFtOkF1dGhvcml6YXRpb25Db2RlR3JhbnRUeXBlfHx8bGliL2dyYW50LXR5cGVzL2F1dGhvcml6YXRpb24tY29kZS1ncmFudC10eXBlLmpzOjpwcm9ncmFt
IDENT	68719477197	bGliL2dyYW50LXR5cGVzL2F1dGhvcml6YXRpb24tY29kZS1ncmFudC10eXBlLmpzOjpwcm9ncmFtOkF1dGhvcml6YXRpb25Db2RlR3JhbnRUeXBlfHx8bGliL2dyYW50LXR5cGVzL2F1dGhvcml6YXRpb24tY29kZS1ncmFudC10eXBlLmpzOjpwcm9ncmFt
IDENT	68719477198	bGliL2dyYW50LXR5cGVzL2F1dGhvcml6YXRpb24tY29kZS1ncmFudC10eXBlLmpzOjpwcm9ncmFtOkF1dGhvcml6YXRpb25Db2RlR3JhbnRUeXBlfHx8bGliL2dyYW50LXR5cGVzL2F1dGhvcml6YXRpb24tY29kZS1ncmFudC10eXBlLmpzOjpwcm9ncmFt
IDENT	68719477201	bGliL2dyYW50LXR5cGVzL2F1dGhvcml6YXRpb24tY29kZS1ncmFudC10eXBlLmpzOjpwcm9ncmFtOkF1dGhvcml6YXRpb25Db2RlR3JhbnRUeXBlfHx8bGliL2dyYW50LXR5cGVzL2F1dGhvcml6YXRpb24tY29kZS1ncmFudC10eXBlLmpzOjpwcm9ncmFt
IDENT	68719477202	bGliL2dyYW50LXR5cGVzL2F1dGhvcml6YXRpb24tY29kZS1ncmFudC10eXBlLmpzOjpwcm9ncmFtOkF1dGhvcml6YXRpb25Db2RlR3JhbnRUeXBlfHx8bGliL2dyYW50LXR5cGVzL2F1dGhvcml6YXRpb24tY29kZS1ncmFudC10eXBlLmpzOjpwcm9ncmFt
IDENT	68719477208	bGliL2Vycm9ycy9pbnZhbGlkLXJlcXVlc3QtZXJyb3IuanM6OnByb2dyYW06SW52YWxpZFJlcXVlc3R8fHxJbnZhbGlkUmVxdWVzdA==
IDENT	68719477209	bGliL2Vycm9ycy9pbnZhbGlkLXJlcXVlc3QtZXJyb3IuanM6OnByb2dyYW06SW52YWxpZFJlcXVlc3R8fHxJbnZhbGlkUmVxdWVzdA==
IDENT	68719477210	bGliL2Vycm9ycy9pbnZhbGlkLXJlcXVlc3QtZXJyb3IuanM6OnByb2dyYW06SW52YWxpZFJlcXVlc3R8fHxJbnZhbGlkUmVxdWVzdA==
IDENT	68719477211	bGliL2Vycm9ycy9pbnZhbGlkLXJlcXVlc3QtZXJyb3IuanM6OnByb2dyYW06SW52YWxpZFJlcXVlc3R8fHxJbnZhbGlkUmVxdWVzdA==
IDENT	68719477215	bGliL2Vycm9ycy9pbnZhbGlkLXJlcXVlc3QtZXJyb3IuanM6OnByb2dyYW06SW52YWxpZFJlcXVlc3R8fHxJbnZhbGlkUmVxdWVzdA==
IDENT	68719477216	bGliL2Vycm9ycy9pbnZhbGlkLXJlcXVlc3QtZXJyb3IuanM6OnByb2dyYW06SW52YWxpZFJlcXVlc3R8fHxJbnZhbGlkUmVxdWVzdA==
IDENT	68719477217	bGliL2Vycm9ycy9pbnZhbGlkLXJlcXVlc3QtZXJyb3IuanM6OnByb2dyYW06SW52YWxpZFJlcXVlc3R8fHxJbnZhbGlkUmVxdWVzdA==
IDENT	68719477218	bGliL2Vycm9ycy9pbnZhbGlkLXJlcXVlc3QtZXJyb3IuanM6OnByb2dyYW06SW52YWxpZFJlcXVlc3R8fHxJbnZhbGlkUmVxdWVzdA==
IDENT	68719477221	bGliL2dyYW50LXR5cGVzL2F1dGhvcml6YXRpb24tY29kZS1ncmFudC10eXBlLmpzOjpwcm9ncmFtOkF1dGhvcml6YXRpb25Db2RlR3JhbnRUeXBlfHx8bGliL2dyYW50LXR5cGVzL2F1dGhvcml6YXRpb24tY29kZS1ncmFudC10eXBlLmpzOjpwcm9ncmFt
IDENT	68719477225	bGliL2Vycm9ycy9pbnZhbGlkLWdyYW50LWVycm9yLmpzOjpwcm9ncmFtOkludmFsaWRHcmFudEVycm9yfHx8SW52YWxpZEdyYW50RXJyb3I=
IDENT	68719477227	bGliL2Vycm9ycy9pbnZhbGlkLWdyYW50LWVycm9yLmpzOjpwcm9ncmFtOkludmFsaWRHcmFudEVycm9yfHx8SW52YWxpZEdyYW50RXJyb3I=
IDENT	68719477228	bGliL2Vycm9ycy9pbnZhbGlkLWdyYW50LWVycm9yLmpzOjpwcm9ncmFtOkludmFsaWRHcmFudEVycm9yfHx8SW52YWxpZEdyYW50RXJyb3I=
IDENT	68719477230	bGliL2Vycm9ycy9zZXJ2ZXItZXJyb3IuanM6OnByb2dyYW06U2VydmVyRXJyb3J8fHxTZXJ2ZXJFcnJvcg==
IDENT	68719477232	bGliL2Vycm9ycy9zZXJ2ZXItZXJyb3IuanM6OnByb2dyYW06U2VydmVyRXJyb3J8fHxTZXJ2ZXJFcnJvcg==
IDENT	68719477233	bGliL2Vycm9ycy9zZXJ2ZXItZXJyb3IuanM6OnByb2dyYW06U2VydmVyRXJyb3J8fHxTZXJ2ZXJFcnJvcg==
IDENT	68719477235	bGliL2Vycm9ycy9zZXJ2ZXItZXJyb3IuanM6OnByb2dyYW06U2VydmVyRXJyb3J8fHxTZXJ2ZXJFcnJvcg==
IDENT	68719477237	bGliL2Vycm9ycy9zZXJ2ZXItZXJyb3IuanM6OnByb2dyYW06U2VydmVyRXJyb3J8fHxTZXJ2ZXJFcnJvcg==
IDENT	68719477238	bGliL2Vycm9ycy9zZXJ2ZXItZXJyb3IuanM6OnByb2dyYW06U2VydmVyRXJyb3J8fHxTZXJ2ZXJFcnJvcg==
IDENT	68719477241	bGliL2Vycm9ycy9pbnZhbGlkLWdyYW50LWVycm9yLmpzOjpwcm9ncmFtOkludmFsaWRHcmFudEVycm9yfHx8SW52YWxpZEdyYW50RXJyb3I=
IDENT	68719477243	bGliL2Vycm9ycy9pbnZhbGlkLWdyYW50LWVycm9yLmpzOjpwcm9ncmFtOkludmFsaWRHcmFudEVycm9yfHx8SW52YWxpZEdyYW50RXJyb3I=
IDENT	68719477244	bGliL2Vycm9ycy9pbnZhbGlkLWdyYW50LWVycm9yLmpzOjpwcm9ncmFtOkludmFsaWRHcmFudEVycm9yfHx8SW52YWxpZEdyYW50RXJyb3I=
IDENT	68719477247	bGliL2Vycm9ycy9zZXJ2ZXItZXJyb3IuanM6OnByb2dyYW06U2VydmVyRXJyb3J8fHxTZXJ2ZXJFcnJvcg==
IDENT	68719477249	bGliL2Vycm9ycy9zZXJ2ZXItZXJyb3IuanM6OnByb2dyYW06U2VydmVyRXJyb3J8fHxTZXJ2ZXJFcnJvcg==
IDENT	68719477250	bGliL2Vycm9ycy9zZXJ2ZXItZXJyb3IuanM6OnByb2dyYW06U2VydmVyRXJyb3J8fHxTZXJ2ZXJFcnJvcg==
IDENT	68719477256	bGliL2Vycm9ycy9pbnZhbGlkLWdyYW50LWVycm9yLmpzOjpwcm9ncmFtOkludmFsaWRHcmFudEVycm9yfHx8SW52YWxpZEdyYW50RXJyb3I=
IDENT	68719477258	bGliL2Vycm9ycy9pbnZhbGlkLWdyYW50LWVycm9yLmpzOjpwcm9ncmFtOkludmFsaWRHcmFudEVycm9yfHx8SW52YWxpZEdyYW50RXJyb3I=
IDENT	68719477259	bGliL2Vycm9ycy9pbnZhbGlkLWdyYW50LWVycm9yLmpzOjpwcm9ncmFtOkludmFsaWRHcmFudEVycm9yfHx8SW52YWxpZEdyYW50RXJyb3I=
IDENT	68719477264	bGliL2Vycm9ycy9pbnZhbGlkLWdyYW50LWVycm9yLmpzOjpwcm9ncmFtOkludmFsaWRHcmFudEVycm9yfHx8SW52YWxpZEdyYW50RXJyb3I=
IDENT	68719477266	bGliL2Vycm9ycy9pbnZhbGlkLWdyYW50LWVycm9yLmpzOjpwcm9ncmFtOkludmFsaWRHcmFudEVycm9yfHx8SW52YWxpZEdyYW50RXJyb3I=
IDENT	68719477267	bGliL2Vycm9ycy9pbnZhbGlkLWdyYW50LWVycm9yLmpzOjpwcm9ncmFtOkludmFsaWRHcmFudEVycm9yfHx8SW52YWxpZEdyYW50RXJyb3I=
IDENT	68719477271	bGliL2dyYW50LXR5cGVzL2F1dGhvcml6YXRpb24tY29kZS1ncmFudC10eXBlLmpzOjpwcm9ncmFtOkF1dGhvcml6YXRpb25Db2RlR3JhbnRUeXBlfHx8bGliL2dyYW50LXR5cGVzL2F1dGhvcml6YXRpb24tY29kZS1ncmFudC10eXBlLmpzOjpwcm9ncmFt
IDENT	68719477272	bGliL2dyYW50LXR5cGVzL2F1dGhvcml6YXRpb24tY29kZS1ncmFudC10eXBlLmpzOjpwcm9ncmFtOkF1dGhvcml6YXRpb25Db2RlR3JhbnRUeXBlfHx8bGliL2dyYW50LXR5cGVzL2F1dGhvcml6YXRpb24tY29kZS1ncmFudC10eXBlLmpzOjpwcm9ncmFt
IDENT	68719477274	bGliL2dyYW50LXR5cGVzL2F1dGhvcml6YXRpb24tY29kZS1ncmFudC10eXBlLmpzOjpwcm9ncmFtOkF1dGhvcml6YXRpb25Db2RlR3JhbnRUeXBlfHx8bGliL2dyYW50LXR5cGVzL2F1dGhvcml6YXRpb24tY29kZS1ncmFudC10eXBlLmpzOjpwcm9ncmFt
IDENT	68719477276	bGliL2Vycm9ycy9pbnZhbGlkLXJlcXVlc3QtZXJyb3IuanM6OnByb2dyYW06SW52YWxpZFJlcXVlc3R8fHxJbnZhbGlkUmVxdWVzdA==
IDENT	68719477277	bGliL2Vycm9ycy9pbnZhbGlkLXJlcXVlc3QtZXJyb3IuanM6OnByb2dyYW06SW52YWxpZFJlcXVlc3R8fHxJbnZhbGlkUmVxdWVzdA==
IDENT	68719477278	bGliL2Vycm9ycy9pbnZhbGlkLXJlcXVlc3QtZXJyb3IuanM6OnByb2dyYW06SW52YWxpZFJlcXVlc3R8fHxJbnZhbGlkUmVxdWVzdA==
IDENT	68719477279	bGliL2Vycm9ycy9pbnZhbGlkLXJlcXVlc3QtZXJyb3IuanM6OnByb2dyYW06SW52YWxpZFJlcXVlc3R8fHxJbnZhbGlkUmVxdWVzdA==
IDENT	68719477281	bGliL2Vycm9ycy9pbnZhbGlkLWdyYW50LWVycm9yLmpzOjpwcm9ncmFtOkludmFsaWRHcmFudEVycm9yfHx8SW52YWxpZEdyYW50RXJyb3I=
IDENT	68719477283	bGliL2Vycm9ycy9pbnZhbGlkLWdyYW50LWVycm9yLmpzOjpwcm9ncmFtOkludmFsaWRHcmFudEVycm9yfHx8SW52YWxpZEdyYW50RXJyb3I=
IDENT	68719477284	bGliL2Vycm9ycy9pbnZhbGlkLWdyYW50LWVycm9yLmpzOjpwcm9ncmFtOkludmFsaWRHcmFudEVycm9yfHx8SW52YWxpZEdyYW50RXJyb3I=
IDENT	68719477288	bGliL2Vycm9ycy9pbnZhbGlkLXJlcXVlc3QtZXJyb3IuanM6OnByb2dyYW06SW52YWxpZFJlcXVlc3R8fHxJbnZhbGlkUmVxdWVzdA==
IDENT	68719477289	bGliL2Vycm9ycy9pbnZhbGlkLXJlcXVlc3QtZXJyb3IuanM6OnByb2dyYW06SW52YWxpZFJlcXVlc3R8fHxJbnZhbGlkUmVxdWVzdA==
IDENT	68719477290	bGliL2Vycm9ycy9pbnZhbGlkLXJlcXVlc3QtZXJyb3IuanM6OnByb2dyYW06SW52YWxpZFJlcXVlc3R8fHxJbnZhbGlkUmVxdWVzdA==
IDENT	68719477291	bGliL2Vycm9ycy9pbnZhbGlkLXJlcXVlc3QtZXJyb3IuanM6OnByb2dyYW06SW52YWxpZFJlcXVlc3R8fHxJbnZhbGlkUmVxdWVzdA==
IDENT	68719477292	c3RyaW5nIHwgQU5ZfHx8bGliL2dyYW50LXR5cGVzL2F1dGhvcml6YXRpb24tY29kZS1ncmFudC10eXBlLmpzOjpwcm9ncmFtOmdldEhhc2hGb3JDb2RlQ2hhbGxlbmdlOjxyZXR1cm5WYWx1ZT4=
IDENT	68719477300	c3RyaW5nIHwgQU5ZfHx8bGliL2dyYW50LXR5cGVzL2F1dGhvcml6YXRpb24tY29kZS1ncmFudC10eXBlLmpzOjpwcm9ncmFtOmdldEhhc2hGb3JDb2RlQ2hhbGxlbmdlOjxyZXR1cm5WYWx1ZT4=
IDENT	68719477301	bGliL2Vycm9ycy9zZXJ2ZXItZXJyb3IuanM6OnByb2dyYW06U2VydmVyRXJyb3J8fHxTZXJ2ZXJFcnJvcg==
IDENT	68719477303	bGliL2Vycm9ycy9zZXJ2ZXItZXJyb3IuanM6OnByb2dyYW06U2VydmVyRXJyb3J8fHxTZXJ2ZXJFcnJvcg==
IDENT	68719477304	bGliL2Vycm9ycy9zZXJ2ZXItZXJyb3IuanM6OnByb2dyYW06U2VydmVyRXJyb3J8fHxTZXJ2ZXJFcnJvcg==
IDENT	68719477305	bGliL2dyYW50LXR5cGVzL2F1dGhvcml6YXRpb24tY29kZS1ncmFudC10eXBlLmpzOjpwcm9ncmFtOkF1dGhvcml6YXRpb25Db2RlR3JhbnRUeXBlfHx8bGliL2dyYW50LXR5cGVzL2F1dGhvcml6YXRpb24tY29kZS1ncmFudC10eXBlLmpzOjpwcm9ncmFt
IDENT	68719477306	bGliL2dyYW50LXR5cGVzL2F1dGhvcml6YXRpb24tY29kZS1ncmFudC10eXBlLmpzOjpwcm9ncmFtOkF1dGhvcml6YXRpb25Db2RlR3JhbnRUeXBlfHx8bGliL2dyYW50LXR5cGVzL2F1dGhvcml6YXRpb24tY29kZS1ncmFudC10eXBlLmpzOjpwcm9ncmFt
IDENT	68719477307	c3RyaW5nIHwgQU5ZfHx8bGliL2dyYW50LXR5cGVzL2F1dGhvcml6YXRpb24tY29kZS1ncmFudC10eXBlLmpzOjpwcm9ncmFtOmdldEhhc2hGb3JDb2RlQ2hhbGxlbmdlOjxyZXR1cm5WYWx1ZT4=
IDENT	68719477309	bGliL2Vycm9ycy9pbnZhbGlkLWdyYW50LWVycm9yLmpzOjpwcm9ncmFtOkludmFsaWRHcmFudEVycm9yfHx8SW52YWxpZEdyYW50RXJyb3I=
IDENT	68719477311	bGliL2Vycm9ycy9pbnZhbGlkLWdyYW50LWVycm9yLmpzOjpwcm9ncmFtOkludmFsaWRHcmFudEVycm9yfHx8SW52YWxpZEdyYW50RXJyb3I=
IDENT	68719477312	bGliL2Vycm9ycy9pbnZhbGlkLWdyYW50LWVycm9yLmpzOjpwcm9ncmFtOkludmFsaWRHcmFudEVycm9yfHx8SW52YWxpZEdyYW50RXJyb3I=
IDENT	68719477313	bGliL2dyYW50LXR5cGVzL2F1dGhvcml6YXRpb24tY29kZS1ncmFudC10eXBlLmpzOjpwcm9ncmFtOkF1dGhvcml6YXRpb25Db2RlR3JhbnRUeXBlfHx8bGliL2dyYW50LXR5cGVzL2F1dGhvcml6YXRpb24tY29kZS1ncmFudC10eXBlLmpzOjpwcm9ncmFt
IDENT	68719477314	bGliL2Vycm9ycy9pbnZhbGlkLWdyYW50LWVycm9yLmpzOjpwcm9ncmFtOkludmFsaWRHcmFudEVycm9yfHx8SW52YWxpZEdyYW50RXJyb3I=
IDENT	68719477316	bGliL2Vycm9ycy9pbnZhbGlkLWdyYW50LWVycm9yLmpzOjpwcm9ncmFtOkludmFsaWRHcmFudEVycm9yfHx8SW52YWxpZEdyYW50RXJyb3I=
IDENT	68719477317	bGliL2Vycm9ycy9pbnZhbGlkLWdyYW50LWVycm9yLmpzOjpwcm9ncmFtOkludmFsaWRHcmFudEVycm9yfHx8SW52YWxpZEdyYW50RXJyb3I=
IDENT	68719477319	bGliL2Vycm9ycy9pbnZhbGlkLWdyYW50LWVycm9yLmpzOjpwcm9ncmFtOkludmFsaWRHcmFudEVycm9yfHx8SW52YWxpZEdyYW50RXJyb3I=
IDENT	68719477321	bGliL2Vycm9ycy9pbnZhbGlkLWdyYW50LWVycm9yLmpzOjpwcm9ncmFtOkludmFsaWRHcmFudEVycm9yfHx8SW52YWxpZEdyYW50RXJyb3I=
IDENT	68719477322	bGliL2Vycm9ycy9pbnZhbGlkLWdyYW50LWVycm9yLmpzOjpwcm9ncmFtOkludmFsaWRHcmFudEVycm9yfHx8SW52YWxpZEdyYW50RXJyb3I=
IDENT	68719477347	bGliL2dyYW50LXR5cGVzL2F1dGhvcml6YXRpb24tY29kZS1ncmFudC10eXBlLmpzOjpwcm9ncmFtOkF1dGhvcml6YXRpb25Db2RlR3JhbnRUeXBlfHx8bGliL2dyYW50LXR5cGVzL2F1dGhvcml6YXRpb24tY29kZS1ncmFudC10eXBlLmpzOjpwcm9ncmFt
IDENT	68719477355	bGliL2Vycm9ycy9pbnZhbGlkLXJlcXVlc3QtZXJyb3IuanM6OnByb2dyYW06SW52YWxpZFJlcXVlc3R8fHxJbnZhbGlkUmVxdWVzdA==
IDENT	68719477356	bGliL2Vycm9ycy9pbnZhbGlkLXJlcXVlc3QtZXJyb3IuanM6OnByb2dyYW06SW52YWxpZFJlcXVlc3R8fHxJbnZhbGlkUmVxdWVzdA==
IDENT	68719477357	bGliL2Vycm9ycy9pbnZhbGlkLXJlcXVlc3QtZXJyb3IuanM6OnByb2dyYW06SW52YWxpZFJlcXVlc3R8fHxJbnZhbGlkUmVxdWVzdA==
IDENT	68719477358	bGliL2Vycm9ycy9pbnZhbGlkLXJlcXVlc3QtZXJyb3IuanM6OnByb2dyYW06SW52YWxpZFJlcXVlc3R8fHxJbnZhbGlkUmVxdWVzdA==
IDENT	68719477361	bGliL2Vycm9ycy9pbnZhbGlkLXJlcXVlc3QtZXJyb3IuanM6OnByb2dyYW06SW52YWxpZFJlcXVlc3R8fHxJbnZhbGlkUmVxdWVzdA==
IDENT	68719477362	bGliL2Vycm9ycy9pbnZhbGlkLXJlcXVlc3QtZXJyb3IuanM6OnByb2dyYW06SW52YWxpZFJlcXVlc3R8fHxJbnZhbGlkUmVxdWVzdA==
IDENT	68719477363	bGliL2Vycm9ycy9pbnZhbGlkLXJlcXVlc3QtZXJyb3IuanM6OnByb2dyYW06SW52YWxpZFJlcXVlc3R8fHxJbnZhbGlkUmVxdWVzdA==
IDENT	68719477364	bGliL2Vycm9ycy9pbnZhbGlkLXJlcXVlc3QtZXJyb3IuanM6OnByb2dyYW06SW52YWxpZFJlcXVlc3R8fHxJbnZhbGlkUmVxdWVzdA==
IDENT	68719477367	bGliL2dyYW50LXR5cGVzL2F1dGhvcml6YXRpb24tY29kZS1ncmFudC10eXBlLmpzOjpwcm9ncmFtOkF1dGhvcml6YXRpb25Db2RlR3JhbnRUeXBlfHx8bGliL2dyYW50LXR5cGVzL2F1dGhvcml6YXRpb24tY29kZS1ncmFudC10eXBlLmpzOjpwcm9ncmFt
IDENT	68719477371	bGliL2Vycm9ycy9pbnZhbGlkLWdyYW50LWVycm9yLmpzOjpwcm9ncmFtOkludmFsaWRHcmFudEVycm9yfHx8SW52YWxpZEdyYW50RXJyb3I=
IDENT	68719477373	bGliL2Vycm9ycy9pbnZhbGlkLWdyYW50LWVycm9yLmpzOjpwcm9ncmFtOkludmFsaWRHcmFudEVycm9yfHx8SW52YWxpZEdyYW50RXJyb3I=
IDENT	68719477374	bGliL2Vycm9ycy9pbnZhbGlkLWdyYW50LWVycm9yLmpzOjpwcm9ncmFtOkludmFsaWRHcmFudEVycm9yfHx8SW52YWxpZEdyYW50RXJyb3I=
IDENT	68719477377	bGliL2dyYW50LXR5cGVzL2F1dGhvcml6YXRpb24tY29kZS1ncmFudC10eXBlLmpzOjpwcm9ncmFtOkF1dGhvcml6YXRpb25Db2RlR3JhbnRUeXBlfHx8bGliL2dyYW50LXR5cGVzL2F1dGhvcml6YXRpb24tY29kZS1ncmFudC10eXBlLmpzOjpwcm9ncmFt
IDENT	68719477378	bGliL2dyYW50LXR5cGVzL2F1dGhvcml6YXRpb24tY29kZS1ncmFudC10eXBlLmpzOjpwcm9ncmFtOkF1dGhvcml6YXRpb25Db2RlR3JhbnRUeXBlfHx8bGliL2dyYW50LXR5cGVzL2F1dGhvcml6YXRpb24tY29kZS1ncmFudC10eXBlLmpzOjpwcm9ncmFt
IDENT	68719477383	bGliL2dyYW50LXR5cGVzL2F1dGhvcml6YXRpb24tY29kZS1ncmFudC10eXBlLmpzOjpwcm9ncmFtOkF1dGhvcml6YXRpb25Db2RlR3JhbnRUeXBlfHx8bGliL2dyYW50LXR5cGVzL2F1dGhvcml6YXRpb24tY29kZS1ncmFudC10eXBlLmpzOjpwcm9ncmFt
IDENT	68719477384	bGliL2dyYW50LXR5cGVzL2F1dGhvcml6YXRpb24tY29kZS1ncmFudC10eXBlLmpzOjpwcm9ncmFtOkF1dGhvcml6YXRpb25Db2RlR3JhbnRUeXBlfHx8bGliL2dyYW50LXR5cGVzL2F1dGhvcml6YXRpb24tY29kZS1ncmFudC10eXBlLmpzOjpwcm9ncmFt
IDENT	68719477389	bGliL2dyYW50LXR5cGVzL2F1dGhvcml6YXRpb24tY29kZS1ncmFudC10eXBlLmpzOjpwcm9ncmFtOkF1dGhvcml6YXRpb25Db2RlR3JhbnRUeXBlfHx8bGliL2dyYW50LXR5cGVzL2F1dGhvcml6YXRpb24tY29kZS1ncmFudC10eXBlLmpzOjpwcm9ncmFt
IDENT	68719477390	bGliL2dyYW50LXR5cGVzL2F1dGhvcml6YXRpb24tY29kZS1ncmFudC10eXBlLmpzOjpwcm9ncmFtOkF1dGhvcml6YXRpb25Db2RlR3JhbnRUeXBlfHx8bGliL2dyYW50LXR5cGVzL2F1dGhvcml6YXRpb24tY29kZS1ncmFudC10eXBlLmpzOjpwcm9ncmFt
IDENT	68719477395	bGliL2dyYW50LXR5cGVzL2F1dGhvcml6YXRpb24tY29kZS1ncmFudC10eXBlLmpzOjpwcm9ncmFtOkF1dGhvcml6YXRpb25Db2RlR3JhbnRUeXBlfHx8bGliL2dyYW50LXR5cGVzL2F1dGhvcml6YXRpb24tY29kZS1ncmFudC10eXBlLmpzOjpwcm9ncmFt
IDENT	68719477396	bGliL2dyYW50LXR5cGVzL2F1dGhvcml6YXRpb24tY29kZS1ncmFudC10eXBlLmpzOjpwcm9ncmFtOkF1dGhvcml6YXRpb25Db2RlR3JhbnRUeXBlfHx8bGliL2dyYW50LXR5cGVzL2F1dGhvcml6YXRpb24tY29kZS1ncmFudC10eXBlLmpzOjpwcm9ncmFt
IDENT	68719477398	bGliL2dyYW50LXR5cGVzL2F1dGhvcml6YXRpb24tY29kZS1ncmFudC10eXBlLmpzOjpwcm9ncmFtOkF1dGhvcml6YXRpb25Db2RlR3JhbnRUeXBlfHx8bGliL2dyYW50LXR5cGVzL2F1dGhvcml6YXRpb24tY29kZS1ncmFudC10eXBlLmpzOjpwcm9ncmFt
IDENT	68719477399	bGliL2dyYW50LXR5cGVzL2F1dGhvcml6YXRpb24tY29kZS1ncmFudC10eXBlLmpzOjpwcm9ncmFtOkF1dGhvcml6YXRpb25Db2RlR3JhbnRUeXBlfHx8bGliL2dyYW50LXR5cGVzL2F1dGhvcml6YXRpb24tY29kZS1ncmFudC10eXBlLmpzOjpwcm9ncmFt
IDENT	68719477415	bGliL2dyYW50LXR5cGVzL2F1dGhvcml6YXRpb24tY29kZS1ncmFudC10eXBlLmpzOjpwcm9ncmFtOkF1dGhvcml6YXRpb25Db2RlR3JhbnRUeXBlfHx8bGliL2dyYW50LXR5cGVzL2F1dGhvcml6YXRpb24tY29kZS1ncmFudC10eXBlLmpzOjpwcm9ncmFt
IDENT	68719477422	bGliL2dyYW50LXR5cGVzL2F1dGhvcml6YXRpb24tY29kZS1ncmFudC10eXBlLmpzOjpwcm9ncmFt
IDENT	68719477425	bGliL2dyYW50LXR5cGVzL2F1dGhvcml6YXRpb24tY29kZS1ncmFudC10eXBlLmpzOjpwcm9ncmFt
IDENT	68719477428	bGliL2dyYW50LXR5cGVzL2F1dGhvcml6YXRpb24tY29kZS1ncmFudC10eXBlLmpzOjpwcm9ncmFt
IDENT	68719477431	bGliL2dyYW50LXR5cGVzL2F1dGhvcml6YXRpb24tY29kZS1ncmFudC10eXBlLmpzOjpwcm9ncmFt
IDENT	68719477432	bGliL2Vycm9ycy9pbnZhbGlkLXJlcXVlc3QtZXJyb3IuanM6OnByb2dyYW06SW52YWxpZFJlcXVlc3R8fHxJbnZhbGlkUmVxdWVzdA==
IDENT	68719477434	bGliL2dyYW50LXR5cGVzL2F1dGhvcml6YXRpb24tY29kZS1ncmFudC10eXBlLmpzOjpwcm9ncmFt
IDENT	68719477437	bGliL2dyYW50LXR5cGVzL2F1dGhvcml6YXRpb24tY29kZS1ncmFudC10eXBlLmpzOjpwcm9ncmFt
IDENT	68719477440	bGliL2dyYW50LXR5cGVzL2F1dGhvcml6YXRpb24tY29kZS1ncmFudC10eXBlLmpzOjpwcm9ncmFt
IDENT	68719477443	bGliL2dyYW50LXR5cGVzL2F1dGhvcml6YXRpb24tY29kZS1ncmFudC10eXBlLmpzOjpwcm9ncmFt
IDENT	68719477444	bGliL2dyYW50LXR5cGVzL2F1dGhvcml6YXRpb24tY29kZS1ncmFudC10eXBlLmpzOjpwcm9ncmFtOkF1dGhvcml6YXRpb25Db2RlR3JhbnRUeXBlOjxpbml0Pnx8fGxpYi9ncmFudC10eXBlcy9hdXRob3JpemF0aW9uLWNvZGUtZ3JhbnQtdHlwZS5qczo6cHJvZ3JhbTpBdXRob3JpemF0aW9uQ29kZUdyYW50VHlwZQ==
IDENT	68719477452	bGliL2Vycm9ycy9pbnZhbGlkLWFyZ3VtZW50LWVycm9yLmpzOjpwcm9ncmFtOkludmFsaWRBcmd1bWVudEVycm9yfHx8SW52YWxpZEFyZ3VtZW50RXJyb3I=
IDENT	68719477454	bGliL2Vycm9ycy9pbnZhbGlkLWFyZ3VtZW50LWVycm9yLmpzOjpwcm9ncmFtOkludmFsaWRBcmd1bWVudEVycm9yfHx8SW52YWxpZEFyZ3VtZW50RXJyb3I=
IDENT	68719477455	bGliL2Vycm9ycy9pbnZhbGlkLWFyZ3VtZW50LWVycm9yLmpzOjpwcm9ncmFtOkludmFsaWRBcmd1bWVudEVycm9yfHx8SW52YWxpZEFyZ3VtZW50RXJyb3I=
IDENT	68719477457	bGliL2Vycm9ycy9pbnZhbGlkLWFyZ3VtZW50LWVycm9yLmpzOjpwcm9ncmFtOkludmFsaWRBcmd1bWVudEVycm9yfHx8SW52YWxpZEFyZ3VtZW50RXJyb3I=
IDENT	68719477459	bGliL2Vycm9ycy9pbnZhbGlkLWFyZ3VtZW50LWVycm9yLmpzOjpwcm9ncmFtOkludmFsaWRBcmd1bWVudEVycm9yfHx8SW52YWxpZEFyZ3VtZW50RXJyb3I=
IDENT	68719477460	bGliL2Vycm9ycy9pbnZhbGlkLWFyZ3VtZW50LWVycm9yLmpzOjpwcm9ncmFtOkludmFsaWRBcmd1bWVudEVycm9yfHx8SW52YWxpZEFyZ3VtZW50RXJyb3I=
IDENT	68719477462	bGliL2Vycm9ycy9pbnZhbGlkLWFyZ3VtZW50LWVycm9yLmpzOjpwcm9ncmFtOkludmFsaWRBcmd1bWVudEVycm9yfHx8SW52YWxpZEFyZ3VtZW50RXJyb3I=
IDENT	68719477464	bGliL2Vycm9ycy9pbnZhbGlkLWFyZ3VtZW50LWVycm9yLmpzOjpwcm9ncmFtOkludmFsaWRBcmd1bWVudEVycm9yfHx8SW52YWxpZEFyZ3VtZW50RXJyb3I=
IDENT	68719477465	bGliL2Vycm9ycy9pbnZhbGlkLWFyZ3VtZW50LWVycm9yLmpzOjpwcm9ncmFtOkludmFsaWRBcmd1bWVudEVycm9yfHx8SW52YWxpZEFyZ3VtZW50RXJyb3I=
IDENT	68719477467	bGliL2dyYW50LXR5cGVzL2NsaWVudC1jcmVkZW50aWFscy1ncmFudC10eXBlLmpzOjpwcm9ncmFtOkNsaWVudENyZWRlbnRpYWxzR3JhbnRUeXBlfHx8bGliL2dyYW50LXR5cGVzL2NsaWVudC1jcmVkZW50aWFscy1ncmFudC10eXBlLmpzOjpwcm9ncmFt
IDENT	68719477470	bGliL2Vycm9ycy9pbnZhbGlkLWFyZ3VtZW50LWVycm9yLmpzOjpwcm9ncmFtOkludmFsaWRBcmd1bWVudEVycm9yfHx8SW52YWxpZEFyZ3VtZW50RXJyb3I=
IDENT	68719477472	bGliL2Vycm9ycy9pbnZhbGlkLWFyZ3VtZW50LWVycm9yLmpzOjpwcm9ncmFtOkludmFsaWRBcmd1bWVudEVycm9yfHx8SW52YWxpZEFyZ3VtZW50RXJyb3I=
IDENT	68719477473	bGliL2Vycm9ycy9pbnZhbGlkLWFyZ3VtZW50LWVycm9yLmpzOjpwcm9ncmFtOkludmFsaWRBcmd1bWVudEVycm9yfHx8SW52YWxpZEFyZ3VtZW50RXJyb3I=
IDENT	68719477475	bGliL2Vycm9ycy9pbnZhbGlkLWFyZ3VtZW50LWVycm9yLmpzOjpwcm9ncmFtOkludmFsaWRBcmd1bWVudEVycm9yfHx8SW52YWxpZEFyZ3VtZW50RXJyb3I=
IDENT	68719477477	bGliL2Vycm9ycy9pbnZhbGlkLWFyZ3VtZW50LWVycm9yLmpzOjpwcm9ncmFtOkludmFsaWRBcmd1bWVudEVycm9yfHx8SW52YWxpZEFyZ3VtZW50RXJyb3I=
IDENT	68719477478	bGliL2Vycm9ycy9pbnZhbGlkLWFyZ3VtZW50LWVycm9yLmpzOjpwcm9ncmFtOkludmFsaWRBcmd1bWVudEVycm9yfHx8SW52YWxpZEFyZ3VtZW50RXJyb3I=
IDENT	68719477479	c3RyaW5nIHwgQU5ZfHx8bGliL2dyYW50LXR5cGVzL2NsaWVudC1jcmVkZW50aWFscy1ncmFudC10eXBlLmpzOjpwcm9ncmFtOmdldFNjb3BlOjxyZXR1cm5WYWx1ZT4=
IDENT	68719477480	bGliL2dyYW50LXR5cGVzL2NsaWVudC1jcmVkZW50aWFscy1ncmFudC10eXBlLmpzOjpwcm9ncmFtOkNsaWVudENyZWRlbnRpYWxzR3JhbnRUeXBlfHx8bGliL2dyYW50LXR5cGVzL2NsaWVudC1jcmVkZW50aWFscy1ncmFudC10eXBlLmpzOjpwcm9ncmFt
IDENT	68719477481	bGliL2dyYW50LXR5cGVzL2NsaWVudC1jcmVkZW50aWFscy1ncmFudC10eXBlLmpzOjpwcm9ncmFtOkNsaWVudENyZWRlbnRpYWxzR3JhbnRUeXBlfHx8bGliL2dyYW50LXR5cGVzL2NsaWVudC1jcmVkZW50aWFscy1ncmFudC10eXBlLmpzOjpwcm9ncmFt
IDENT	68719477484	bGliL2dyYW50LXR5cGVzL2NsaWVudC1jcmVkZW50aWFscy1ncmFudC10eXBlLmpzOjpwcm9ncmFtOkNsaWVudENyZWRlbnRpYWxzR3JhbnRUeXBlfHx8bGliL2dyYW50LXR5cGVzL2NsaWVudC1jcmVkZW50aWFscy1ncmFudC10eXBlLmpzOjpwcm9ncmFt
IDENT	68719477485	bGliL2dyYW50LXR5cGVzL2NsaWVudC1jcmVkZW50aWFscy1ncmFudC10eXBlLmpzOjpwcm9ncmFtOkNsaWVudENyZWRlbnRpYWxzR3JhbnRUeXBlfHx8bGliL2dyYW50LXR5cGVzL2NsaWVudC1jcmVkZW50aWFscy1ncmFudC10eXBlLmpzOjpwcm9ncmFt
IDENT	68719477487	bGliL2dyYW50LXR5cGVzL2NsaWVudC1jcmVkZW50aWFscy1ncmFudC10eXBlLmpzOjpwcm9ncmFtOkNsaWVudENyZWRlbnRpYWxzR3JhbnRUeXBlfHx8bGliL2dyYW50LXR5cGVzL2NsaWVudC1jcmVkZW50aWFscy1ncmFudC10eXBlLmpzOjpwcm9ncmFt
IDENT	68719477488	bGliL2dyYW50LXR5cGVzL2NsaWVudC1jcmVkZW50aWFscy1ncmFudC10eXBlLmpzOjpwcm9ncmFtOkNsaWVudENyZWRlbnRpYWxzR3JhbnRUeXBlfHx8bGliL2dyYW50LXR5cGVzL2NsaWVudC1jcmVkZW50aWFscy1ncmFudC10eXBlLmpzOjpwcm9ncmFt
IDENT	68719477491	c3RyaW5nIHwgQU5ZfHx8bGliL2dyYW50LXR5cGVzL2NsaWVudC1jcmVkZW50aWFscy1ncmFudC10eXBlLmpzOjpwcm9ncmFtOmdldFNjb3BlOjxyZXR1cm5WYWx1ZT4=
IDENT	68719477494	bGliL2dyYW50LXR5cGVzL2NsaWVudC1jcmVkZW50aWFscy1ncmFudC10eXBlLmpzOjpwcm9ncmFtOkNsaWVudENyZWRlbnRpYWxzR3JhbnRUeXBlfHx8bGliL2dyYW50LXR5cGVzL2NsaWVudC1jcmVkZW50aWFscy1ncmFudC10eXBlLmpzOjpwcm9ncmFt
IDENT	68719477498	bGliL2Vycm9ycy9pbnZhbGlkLWdyYW50LWVycm9yLmpzOjpwcm9ncmFtOkludmFsaWRHcmFudEVycm9yfHx8SW52YWxpZEdyYW50RXJyb3I=
IDENT	68719477500	bGliL2Vycm9ycy9pbnZhbGlkLWdyYW50LWVycm9yLmpzOjpwcm9ncmFtOkludmFsaWRHcmFudEVycm9yfHx8SW52YWxpZEdyYW50RXJyb3I=
IDENT	68719477501	bGliL2Vycm9ycy9pbnZhbGlkLWdyYW50LWVycm9yLmpzOjpwcm9ncmFtOkludmFsaWRHcmFudEVycm9yfHx8SW52YWxpZEdyYW50RXJyb3I=
IDENT	68719477504	bGliL2dyYW50LXR5cGVzL2NsaWVudC1jcmVkZW50aWFscy1ncmFudC10eXBlLmpzOjpwcm9ncmFtOkNsaWVudENyZWRlbnRpYWxzR3JhbnRUeXBlfHx8bGliL2dyYW50LXR5cGVzL2NsaWVudC1jcmVkZW50aWFscy1ncmFudC10eXBlLmpzOjpwcm9ncmFt
IDENT	68719477505	bGliL2dyYW50LXR5cGVzL2NsaWVudC1jcmVkZW50aWFscy1ncmFudC10eXBlLmpzOjpwcm9ncmFtOkNsaWVudENyZWRlbnRpYWxzR3JhbnRUeXBlfHx8bGliL2dyYW50LXR5cGVzL2NsaWVudC1jcmVkZW50aWFscy1ncmFudC10eXBlLmpzOjpwcm9ncmFt
IDENT	68719477510	bGliL2dyYW50LXR5cGVzL2NsaWVudC1jcmVkZW50aWFscy1ncmFudC10eXBlLmpzOjpwcm9ncmFtOkNsaWVudENyZWRlbnRpYWxzR3JhbnRUeXBlfHx8bGliL2dyYW50LXR5cGVzL2NsaWVudC1jcmVkZW50aWFscy1ncmFudC10eXBlLmpzOjpwcm9ncmFt
IDENT	68719477511	bGliL2dyYW50LXR5cGVzL2NsaWVudC1jcmVkZW50aWFscy1ncmFudC10eXBlLmpzOjpwcm9ncmFtOkNsaWVudENyZWRlbnRpYWxzR3JhbnRUeXBlfHx8bGliL2dyYW50LXR5cGVzL2NsaWVudC1jcmVkZW50aWFscy1ncmFudC10eXBlLmpzOjpwcm9ncmFt
IDENT	68719477516	bGliL2dyYW50LXR5cGVzL2NsaWVudC1jcmVkZW50aWFscy1ncmFudC10eXBlLmpzOjpwcm9ncmFtOkNsaWVudENyZWRlbnRpYWxzR3JhbnRUeXBlfHx8bGliL2dyYW50LXR5cGVzL2NsaWVudC1jcmVkZW50aWFscy1ncmFudC10eXBlLmpzOjpwcm9ncmFt
IDENT	68719477517	bGliL2dyYW50LXR5cGVzL2NsaWVudC1jcmVkZW50aWFscy1ncmFudC10eXBlLmpzOjpwcm9ncmFtOkNsaWVudENyZWRlbnRpYWxzR3JhbnRUeXBlfHx8bGliL2dyYW50LXR5cGVzL2NsaWVudC1jcmVkZW50aWFscy1ncmFudC10eXBlLmpzOjpwcm9ncmFt
IDENT	68719477530	bGliL2dyYW50LXR5cGVzL2NsaWVudC1jcmVkZW50aWFscy1ncmFudC10eXBlLmpzOjpwcm9ncmFtOkNsaWVudENyZWRlbnRpYWxzR3JhbnRUeXBlfHx8bGliL2dyYW50LXR5cGVzL2NsaWVudC1jcmVkZW50aWFscy1ncmFudC10eXBlLmpzOjpwcm9ncmFt
IDENT	68719477537	bGliL2dyYW50LXR5cGVzL2NsaWVudC1jcmVkZW50aWFscy1ncmFudC10eXBlLmpzOjpwcm9ncmFt
IDENT	68719477540	bGliL2dyYW50LXR5cGVzL2NsaWVudC1jcmVkZW50aWFscy1ncmFudC10eXBlLmpzOjpwcm9ncmFt
IDENT	68719477543	bGliL2dyYW50LXR5cGVzL2NsaWVudC1jcmVkZW50aWFscy1ncmFudC10eXBlLmpzOjpwcm9ncmFt
IDENT	68719477544	bGliL2dyYW50LXR5cGVzL2NsaWVudC1jcmVkZW50aWFscy1ncmFudC10eXBlLmpzOjpwcm9ncmFtOkNsaWVudENyZWRlbnRpYWxzR3JhbnRUeXBlOjxpbml0Pnx8fGxpYi9ncmFudC10eXBlcy9jbGllbnQtY3JlZGVudGlhbHMtZ3JhbnQtdHlwZS5qczo6cHJvZ3JhbTpDbGllbnRDcmVkZW50aWFsc0dyYW50VHlwZQ==
IDENT	68719477552	bGliL2Vycm9ycy9pbnZhbGlkLWFyZ3VtZW50LWVycm9yLmpzOjpwcm9ncmFtOkludmFsaWRBcmd1bWVudEVycm9yfHx8SW52YWxpZEFyZ3VtZW50RXJyb3I=
IDENT	68719477554	bGliL2Vycm9ycy9pbnZhbGlkLWFyZ3VtZW50LWVycm9yLmpzOjpwcm9ncmFtOkludmFsaWRBcmd1bWVudEVycm9yfHx8SW52YWxpZEFyZ3VtZW50RXJyb3I=
IDENT	68719477555	bGliL2Vycm9ycy9pbnZhbGlkLWFyZ3VtZW50LWVycm9yLmpzOjpwcm9ncmFtOkludmFsaWRBcmd1bWVudEVycm9yfHx8SW52YWxpZEFyZ3VtZW50RXJyb3I=
IDENT	68719477557	bGliL2Vycm9ycy9pbnZhbGlkLWFyZ3VtZW50LWVycm9yLmpzOjpwcm9ncmFtOkludmFsaWRBcmd1bWVudEVycm9yfHx8SW52YWxpZEFyZ3VtZW50RXJyb3I=
IDENT	68719477559	bGliL2Vycm9ycy9pbnZhbGlkLWFyZ3VtZW50LWVycm9yLmpzOjpwcm9ncmFtOkludmFsaWRBcmd1bWVudEVycm9yfHx8SW52YWxpZEFyZ3VtZW50RXJyb3I=
IDENT	68719477560	bGliL2Vycm9ycy9pbnZhbGlkLWFyZ3VtZW50LWVycm9yLmpzOjpwcm9ncmFtOkludmFsaWRBcmd1bWVudEVycm9yfHx8SW52YWxpZEFyZ3VtZW50RXJyb3I=
IDENT	68719477562	bGliL2Vycm9ycy9pbnZhbGlkLWFyZ3VtZW50LWVycm9yLmpzOjpwcm9ncmFtOkludmFsaWRBcmd1bWVudEVycm9yfHx8SW52YWxpZEFyZ3VtZW50RXJyb3I=
IDENT	68719477564	bGliL2Vycm9ycy9pbnZhbGlkLWFyZ3VtZW50LWVycm9yLmpzOjpwcm9ncmFtOkludmFsaWRBcmd1bWVudEVycm9yfHx8SW52YWxpZEFyZ3VtZW50RXJyb3I=
IDENT	68719477565	bGliL2Vycm9ycy9pbnZhbGlkLWFyZ3VtZW50LWVycm9yLmpzOjpwcm9ncmFtOkludmFsaWRBcmd1bWVudEVycm9yfHx8SW52YWxpZEFyZ3VtZW50RXJyb3I=
IDENT	68719477567	bGliL2dyYW50LXR5cGVzL3Bhc3N3b3JkLWdyYW50LXR5cGUuanM6OnByb2dyYW06UGFzc3dvcmRHcmFudFR5cGV8fHxsaWIvZ3JhbnQtdHlwZXMvcGFzc3dvcmQtZ3JhbnQtdHlwZS5qczo6cHJvZ3JhbQ==
IDENT	68719477570	bGliL2Vycm9ycy9pbnZhbGlkLWFyZ3VtZW50LWVycm9yLmpzOjpwcm9ncmFtOkludmFsaWRBcmd1bWVudEVycm9yfHx8SW52YWxpZEFyZ3VtZW50RXJyb3I=
IDENT	68719477572	bGliL2Vycm9ycy9pbnZhbGlkLWFyZ3VtZW50LWVycm9yLmpzOjpwcm9ncmFtOkludmFsaWRBcmd1bWVudEVycm9yfHx8SW52YWxpZEFyZ3VtZW50RXJyb3I=
IDENT	68719477573	bGliL2Vycm9ycy9pbnZhbGlkLWFyZ3VtZW50LWVycm9yLmpzOjpwcm9ncmFtOkludmFsaWRBcmd1bWVudEVycm9yfHx8SW52YWxpZEFyZ3VtZW50RXJyb3I=
IDENT	68719477575	bGliL2Vycm9ycy9pbnZhbGlkLWFyZ3VtZW50LWVycm9yLmpzOjpwcm9ncmFtOkludmFsaWRBcmd1bWVudEVycm9yfHx8SW52YWxpZEFyZ3VtZW50RXJyb3I=
IDENT	68719477577	bGliL2Vycm9ycy9pbnZhbGlkLWFyZ3VtZW50LWVycm9yLmpzOjpwcm9ncmFtOkludmFsaWRBcmd1bWVudEVycm9yfHx8SW52YWxpZEFyZ3VtZW50RXJyb3I=
IDENT	68719477578	bGliL2Vycm9ycy9pbnZhbGlkLWFyZ3VtZW50LWVycm9yLmpzOjpwcm9ncmFtOkludmFsaWRBcmd1bWVudEVycm9yfHx8SW52YWxpZEFyZ3VtZW50RXJyb3I=
IDENT	68719477579	c3RyaW5nIHwgQU5ZfHx8bGliL2dyYW50LXR5cGVzL3Bhc3N3b3JkLWdyYW50LXR5cGUuanM6OnByb2dyYW06Z2V0U2NvcGU6PHJldHVyblZhbHVlPg==
IDENT	68719477580	bGliL2dyYW50LXR5cGVzL3Bhc3N3b3JkLWdyYW50LXR5cGUuanM6OnByb2dyYW06UGFzc3dvcmRHcmFudFR5cGV8fHxsaWIvZ3JhbnQtdHlwZXMvcGFzc3dvcmQtZ3JhbnQtdHlwZS5qczo6cHJvZ3JhbQ==
IDENT	68719477581	bGliL2dyYW50LXR5cGVzL3Bhc3N3b3JkLWdyYW50LXR5cGUuanM6OnByb2dyYW06UGFzc3dvcmRHcmFudFR5cGV8fHxsaWIvZ3JhbnQtdHlwZXMvcGFzc3dvcmQtZ3JhbnQtdHlwZS5qczo6cHJvZ3JhbQ==
IDENT	68719477584	bGliL2dyYW50LXR5cGVzL3Bhc3N3b3JkLWdyYW50LXR5cGUuanM6OnByb2dyYW06UGFzc3dvcmRHcmFudFR5cGV8fHxsaWIvZ3JhbnQtdHlwZXMvcGFzc3dvcmQtZ3JhbnQtdHlwZS5qczo6cHJvZ3JhbQ==
IDENT	68719477585	bGliL2dyYW50LXR5cGVzL3Bhc3N3b3JkLWdyYW50LXR5cGUuanM6OnByb2dyYW06UGFzc3dvcmRHcmFudFR5cGV8fHxsaWIvZ3JhbnQtdHlwZXMvcGFzc3dvcmQtZ3JhbnQtdHlwZS5qczo6cHJvZ3JhbQ==
IDENT	68719477588	bGliL2dyYW50LXR5cGVzL3Bhc3N3b3JkLWdyYW50LXR5cGUuanM6OnByb2dyYW06UGFzc3dvcmRHcmFudFR5cGV8fHxsaWIvZ3JhbnQtdHlwZXMvcGFzc3dvcmQtZ3JhbnQtdHlwZS5qczo6cHJvZ3JhbQ==
IDENT	68719477589	bGliL2dyYW50LXR5cGVzL3Bhc3N3b3JkLWdyYW50LXR5cGUuanM6OnByb2dyYW06UGFzc3dvcmRHcmFudFR5cGV8fHxsaWIvZ3JhbnQtdHlwZXMvcGFzc3dvcmQtZ3JhbnQtdHlwZS5qczo6cHJvZ3JhbQ==
IDENT	68719477592	c3RyaW5nIHwgQU5ZfHx8bGliL2dyYW50LXR5cGVzL3Bhc3N3b3JkLWdyYW50LXR5cGUuanM6OnByb2dyYW06Z2V0U2NvcGU6PHJldHVyblZhbHVlPg==
IDENT	68719477594	bGliL2Vycm9ycy9pbnZhbGlkLXJlcXVlc3QtZXJyb3IuanM6OnByb2dyYW06SW52YWxpZFJlcXVlc3R8fHxJbnZhbGlkUmVxdWVzdA==
IDENT	68719477595	bGliL2Vycm9ycy9pbnZhbGlkLXJlcXVlc3QtZXJyb3IuanM6OnByb2dyYW06SW52YWxpZFJlcXVlc3R8fHxJbnZhbGlkUmVxdWVzdA==
IDENT	68719477596	bGliL2Vycm9ycy9pbnZhbGlkLXJlcXVlc3QtZXJyb3IuanM6OnByb2dyYW06SW52YWxpZFJlcXVlc3R8fHxJbnZhbGlkUmVxdWVzdA==
IDENT	68719477597	bGliL2Vycm9ycy9pbnZhbGlkLXJlcXVlc3QtZXJyb3IuanM6OnByb2dyYW06SW52YWxpZFJlcXVlc3R8fHxJbnZhbGlkUmVxdWVzdA==
IDENT	68719477599	bGliL2Vycm9ycy9pbnZhbGlkLXJlcXVlc3QtZXJyb3IuanM6OnByb2dyYW06SW52YWxpZFJlcXVlc3R8fHxJbnZhbGlkUmVxdWVzdA==
IDENT	68719477600	bGliL2Vycm9ycy9pbnZhbGlkLXJlcXVlc3QtZXJyb3IuanM6OnByb2dyYW06SW52YWxpZFJlcXVlc3R8fHxJbnZhbGlkUmVxdWVzdA==
IDENT	68719477601	bGliL2Vycm9ycy9pbnZhbGlkLXJlcXVlc3QtZXJyb3IuanM6OnByb2dyYW06SW52YWxpZFJlcXVlc3R8fHxJbnZhbGlkUmVxdWVzdA==
IDENT	68719477602	bGliL2Vycm9ycy9pbnZhbGlkLXJlcXVlc3QtZXJyb3IuanM6OnByb2dyYW06SW52YWxpZFJlcXVlc3R8fHxJbnZhbGlkUmVxdWVzdA==
IDENT	68719477606	bGliL2Vycm9ycy9pbnZhbGlkLXJlcXVlc3QtZXJyb3IuanM6OnByb2dyYW06SW52YWxpZFJlcXVlc3R8fHxJbnZhbGlkUmVxdWVzdA==
IDENT	68719477607	bGliL2Vycm9ycy9pbnZhbGlkLXJlcXVlc3QtZXJyb3IuanM6OnByb2dyYW06SW52YWxpZFJlcXVlc3R8fHxJbnZhbGlkUmVxdWVzdA==
IDENT	68719477608	bGliL2Vycm9ycy9pbnZhbGlkLXJlcXVlc3QtZXJyb3IuanM6OnByb2dyYW06SW52YWxpZFJlcXVlc3R8fHxJbnZhbGlkUmVxdWVzdA==
IDENT	68719477609	bGliL2Vycm9ycy9pbnZhbGlkLXJlcXVlc3QtZXJyb3IuanM6OnByb2dyYW06SW52YWxpZFJlcXVlc3R8fHxJbnZhbGlkUmVxdWVzdA==
IDENT	68719477613	bGliL2Vycm9ycy9pbnZhbGlkLXJlcXVlc3QtZXJyb3IuanM6OnByb2dyYW06SW52YWxpZFJlcXVlc3R8fHxJbnZhbGlkUmVxdWVzdA==
IDENT	68719477614	bGliL2Vycm9ycy9pbnZhbGlkLXJlcXVlc3QtZXJyb3IuanM6OnByb2dyYW06SW52YWxpZFJlcXVlc3R8fHxJbnZhbGlkUmVxdWVzdA==
IDENT	68719477615	bGliL2Vycm9ycy9pbnZhbGlkLXJlcXVlc3QtZXJyb3IuanM6OnByb2dyYW06SW52YWxpZFJlcXVlc3R8fHxJbnZhbGlkUmVxdWVzdA==
IDENT	68719477616	bGliL2Vycm9ycy9pbnZhbGlkLXJlcXVlc3QtZXJyb3IuanM6OnByb2dyYW06SW52YWxpZFJlcXVlc3R8fHxJbnZhbGlkUmVxdWVzdA==
IDENT	68719477619	bGliL2dyYW50LXR5cGVzL3Bhc3N3b3JkLWdyYW50LXR5cGUuanM6OnByb2dyYW06UGFzc3dvcmRHcmFudFR5cGV8fHxsaWIvZ3JhbnQtdHlwZXMvcGFzc3dvcmQtZ3JhbnQtdHlwZS5qczo6cHJvZ3JhbQ==
IDENT	68719477625	bGliL2Vycm9ycy9pbnZhbGlkLWdyYW50LWVycm9yLmpzOjpwcm9ncmFtOkludmFsaWRHcmFudEVycm9yfHx8SW52YWxpZEdyYW50RXJyb3I=
IDENT	68719477627	bGliL2Vycm9ycy9pbnZhbGlkLWdyYW50LWVycm9yLmpzOjpwcm9ncmFtOkludmFsaWRHcmFudEVycm9yfHx8SW52YWxpZEdyYW50RXJyb3I=
IDENT	68719477628	bGliL2Vycm9ycy9pbnZhbGlkLWdyYW50LWVycm9yLmpzOjpwcm9ncmFtOkludmFsaWRHcmFudEVycm9yfHx8SW52YWxpZEdyYW50RXJyb3I=
IDENT	68719477631	bGliL2dyYW50LXR5cGVzL3Bhc3N3b3JkLWdyYW50LXR5cGUuanM6OnByb2dyYW06UGFzc3dvcmRHcmFudFR5cGV8fHxsaWIvZ3JhbnQtdHlwZXMvcGFzc3dvcmQtZ3JhbnQtdHlwZS5qczo6cHJvZ3JhbQ==
IDENT	68719477632	bGliL2dyYW50LXR5cGVzL3Bhc3N3b3JkLWdyYW50LXR5cGUuanM6OnByb2dyYW06UGFzc3dvcmRHcmFudFR5cGV8fHxsaWIvZ3JhbnQtdHlwZXMvcGFzc3dvcmQtZ3JhbnQtdHlwZS5qczo6cHJvZ3JhbQ==
IDENT	68719477637	bGliL2dyYW50LXR5cGVzL3Bhc3N3b3JkLWdyYW50LXR5cGUuanM6OnByb2dyYW06UGFzc3dvcmRHcmFudFR5cGV8fHxsaWIvZ3JhbnQtdHlwZXMvcGFzc3dvcmQtZ3JhbnQtdHlwZS5qczo6cHJvZ3JhbQ==
IDENT	68719477638	bGliL2dyYW50LXR5cGVzL3Bhc3N3b3JkLWdyYW50LXR5cGUuanM6OnByb2dyYW06UGFzc3dvcmRHcmFudFR5cGV8fHxsaWIvZ3JhbnQtdHlwZXMvcGFzc3dvcmQtZ3JhbnQtdHlwZS5qczo6cHJvZ3JhbQ==
IDENT	68719477643	bGliL2dyYW50LXR5cGVzL3Bhc3N3b3JkLWdyYW50LXR5cGUuanM6OnByb2dyYW06UGFzc3dvcmRHcmFudFR5cGV8fHxsaWIvZ3JhbnQtdHlwZXMvcGFzc3dvcmQtZ3JhbnQtdHlwZS5qczo6cHJvZ3JhbQ==
IDENT	68719477644	bGliL2dyYW50LXR5cGVzL3Bhc3N3b3JkLWdyYW50LXR5cGUuanM6OnByb2dyYW06UGFzc3dvcmRHcmFudFR5cGV8fHxsaWIvZ3JhbnQtdHlwZXMvcGFzc3dvcmQtZ3JhbnQtdHlwZS5qczo6cHJvZ3JhbQ==
IDENT	68719477649	bGliL2dyYW50LXR5cGVzL3Bhc3N3b3JkLWdyYW50LXR5cGUuanM6OnByb2dyYW06UGFzc3dvcmRHcmFudFR5cGV8fHxsaWIvZ3JhbnQtdHlwZXMvcGFzc3dvcmQtZ3JhbnQtdHlwZS5qczo6cHJvZ3JhbQ==
IDENT	68719477650	bGliL2dyYW50LXR5cGVzL3Bhc3N3b3JkLWdyYW50LXR5cGUuanM6OnByb2dyYW06UGFzc3dvcmRHcmFudFR5cGV8fHxsaWIvZ3JhbnQtdHlwZXMvcGFzc3dvcmQtZ3JhbnQtdHlwZS5qczo6cHJvZ3JhbQ==
IDENT	68719477652	bGliL2dyYW50LXR5cGVzL3Bhc3N3b3JkLWdyYW50LXR5cGUuanM6OnByb2dyYW06UGFzc3dvcmRHcmFudFR5cGV8fHxsaWIvZ3JhbnQtdHlwZXMvcGFzc3dvcmQtZ3JhbnQtdHlwZS5qczo6cHJvZ3JhbQ==
IDENT	68719477653	bGliL2dyYW50LXR5cGVzL3Bhc3N3b3JkLWdyYW50LXR5cGUuanM6OnByb2dyYW06UGFzc3dvcmRHcmFudFR5cGV8fHxsaWIvZ3JhbnQtdHlwZXMvcGFzc3dvcmQtZ3JhbnQtdHlwZS5qczo6cHJvZ3JhbQ==
IDENT	68719477667	bGliL2dyYW50LXR5cGVzL3Bhc3N3b3JkLWdyYW50LXR5cGUuanM6OnByb2dyYW06UGFzc3dvcmRHcmFudFR5cGV8fHxsaWIvZ3JhbnQtdHlwZXMvcGFzc3dvcmQtZ3JhbnQtdHlwZS5qczo6cHJvZ3JhbQ==
IDENT	68719477674	bGliL2dyYW50LXR5cGVzL3Bhc3N3b3JkLWdyYW50LXR5cGUuanM6OnByb2dyYW0=
IDENT	68719477677	bGliL2dyYW50LXR5cGVzL3Bhc3N3b3JkLWdyYW50LXR5cGUuanM6OnByb2dyYW0=
IDENT	68719477680	bGliL2dyYW50LXR5cGVzL3Bhc3N3b3JkLWdyYW50LXR5cGUuanM6OnByb2dyYW0=
IDENT	68719477681	bGliL2Vycm9ycy9pbnZhbGlkLXJlcXVlc3QtZXJyb3IuanM6OnByb2dyYW06SW52YWxpZFJlcXVlc3R8fHxJbnZhbGlkUmVxdWVzdA==
IDENT	68719477683	bGliL2dyYW50LXR5cGVzL3Bhc3N3b3JkLWdyYW50LXR5cGUuanM6OnByb2dyYW0=
IDENT	68719477686	bGliL2dyYW50LXR5cGVzL3Bhc3N3b3JkLWdyYW50LXR5cGUuanM6OnByb2dyYW0=
IDENT	68719477687	bGliL2dyYW50LXR5cGVzL3Bhc3N3b3JkLWdyYW50LXR5cGUuanM6OnByb2dyYW06UGFzc3dvcmRHcmFudFR5cGU6PGluaXQ+fHx8bGliL2dyYW50LXR5cGVzL3Bhc3N3b3JkLWdyYW50LXR5cGUuanM6OnByb2dyYW06UGFzc3dvcmRHcmFudFR5cGU=
IDENT	68719477695	bGliL2Vycm9ycy9pbnZhbGlkLWFyZ3VtZW50LWVycm9yLmpzOjpwcm9ncmFtOkludmFsaWRBcmd1bWVudEVycm9yfHx8SW52YWxpZEFyZ3VtZW50RXJyb3I=
IDENT	68719477697	bGliL2Vycm9ycy9pbnZhbGlkLWFyZ3VtZW50LWVycm9yLmpzOjpwcm9ncmFtOkludmFsaWRBcmd1bWVudEVycm9yfHx8SW52YWxpZEFyZ3VtZW50RXJyb3I=
IDENT	68719477698	bGliL2Vycm9ycy9pbnZhbGlkLWFyZ3VtZW50LWVycm9yLmpzOjpwcm9ncmFtOkludmFsaWRBcmd1bWVudEVycm9yfHx8SW52YWxpZEFyZ3VtZW50RXJyb3I=
IDENT	68719477700	bGliL2Vycm9ycy9pbnZhbGlkLWFyZ3VtZW50LWVycm9yLmpzOjpwcm9ncmFtOkludmFsaWRBcmd1bWVudEVycm9yfHx8SW52YWxpZEFyZ3VtZW50RXJyb3I=
IDENT	68719477702	bGliL2Vycm9ycy9pbnZhbGlkLWFyZ3VtZW50LWVycm9yLmpzOjpwcm9ncmFtOkludmFsaWRBcmd1bWVudEVycm9yfHx8SW52YWxpZEFyZ3VtZW50RXJyb3I=
IDENT	68719477703	bGliL2Vycm9ycy9pbnZhbGlkLWFyZ3VtZW50LWVycm9yLmpzOjpwcm9ncmFtOkludmFsaWRBcmd1bWVudEVycm9yfHx8SW52YWxpZEFyZ3VtZW50RXJyb3I=
IDENT	68719477705	bGliL2Vycm9ycy9pbnZhbGlkLWFyZ3VtZW50LWVycm9yLmpzOjpwcm9ncmFtOkludmFsaWRBcmd1bWVudEVycm9yfHx8SW52YWxpZEFyZ3VtZW50RXJyb3I=
IDENT	68719477707	bGliL2Vycm9ycy9pbnZhbGlkLWFyZ3VtZW50LWVycm9yLmpzOjpwcm9ncmFtOkludmFsaWRBcmd1bWVudEVycm9yfHx8SW52YWxpZEFyZ3VtZW50RXJyb3I=
IDENT	68719477708	bGliL2Vycm9ycy9pbnZhbGlkLWFyZ3VtZW50LWVycm9yLmpzOjpwcm9ncmFtOkludmFsaWRBcmd1bWVudEVycm9yfHx8SW52YWxpZEFyZ3VtZW50RXJyb3I=
IDENT	68719477710	bGliL2Vycm9ycy9pbnZhbGlkLWFyZ3VtZW50LWVycm9yLmpzOjpwcm9ncmFtOkludmFsaWRBcmd1bWVudEVycm9yfHx8SW52YWxpZEFyZ3VtZW50RXJyb3I=
IDENT	68719477712	bGliL2Vycm9ycy9pbnZhbGlkLWFyZ3VtZW50LWVycm9yLmpzOjpwcm9ncmFtOkludmFsaWRBcmd1bWVudEVycm9yfHx8SW52YWxpZEFyZ3VtZW50RXJyb3I=
IDENT	68719477713	bGliL2Vycm9ycy9pbnZhbGlkLWFyZ3VtZW50LWVycm9yLmpzOjpwcm9ncmFtOkludmFsaWRBcmd1bWVudEVycm9yfHx8SW52YWxpZEFyZ3VtZW50RXJyb3I=
IDENT	68719477715	bGliL2dyYW50LXR5cGVzL3JlZnJlc2gtdG9rZW4tZ3JhbnQtdHlwZS5qczo6cHJvZ3JhbTpSZWZyZXNoVG9rZW5HcmFudFR5cGV8fHxsaWIvZ3JhbnQtdHlwZXMvcmVmcmVzaC10b2tlbi1ncmFudC10eXBlLmpzOjpwcm9ncmFt
IDENT	68719477718	bGliL2Vycm9ycy9pbnZhbGlkLWFyZ3VtZW50LWVycm9yLmpzOjpwcm9ncmFtOkludmFsaWRBcmd1bWVudEVycm9yfHx8SW52YWxpZEFyZ3VtZW50RXJyb3I=
IDENT	68719477720	bGliL2Vycm9ycy9pbnZhbGlkLWFyZ3VtZW50LWVycm9yLmpzOjpwcm9ncmFtOkludmFsaWRBcmd1bWVudEVycm9yfHx8SW52YWxpZEFyZ3VtZW50RXJyb3I=
IDENT	68719477721	bGliL2Vycm9ycy9pbnZhbGlkLWFyZ3VtZW50LWVycm9yLmpzOjpwcm9ncmFtOkludmFsaWRBcmd1bWVudEVycm9yfHx8SW52YWxpZEFyZ3VtZW50RXJyb3I=
IDENT	68719477723	bGliL2Vycm9ycy9pbnZhbGlkLWFyZ3VtZW50LWVycm9yLmpzOjpwcm9ncmFtOkludmFsaWRBcmd1bWVudEVycm9yfHx8SW52YWxpZEFyZ3VtZW50RXJyb3I=
IDENT	68719477725	bGliL2Vycm9ycy9pbnZhbGlkLWFyZ3VtZW50LWVycm9yLmpzOjpwcm9ncmFtOkludmFsaWRBcmd1bWVudEVycm9yfHx8SW52YWxpZEFyZ3VtZW50RXJyb3I=
IDENT	68719477726	bGliL2Vycm9ycy9pbnZhbGlkLWFyZ3VtZW50LWVycm9yLmpzOjpwcm9ncmFtOkludmFsaWRBcmd1bWVudEVycm9yfHx8SW52YWxpZEFyZ3VtZW50RXJyb3I=
IDENT	68719477728	bGliL2dyYW50LXR5cGVzL3JlZnJlc2gtdG9rZW4tZ3JhbnQtdHlwZS5qczo6cHJvZ3JhbTpSZWZyZXNoVG9rZW5HcmFudFR5cGV8fHxsaWIvZ3JhbnQtdHlwZXMvcmVmcmVzaC10b2tlbi1ncmFudC10eXBlLmpzOjpwcm9ncmFt
IDENT	68719477729	bGliL2dyYW50LXR5cGVzL3JlZnJlc2gtdG9rZW4tZ3JhbnQtdHlwZS5qczo6cHJvZ3JhbTpSZWZyZXNoVG9rZW5HcmFudFR5cGV8fHxsaWIvZ3JhbnQtdHlwZXMvcmVmcmVzaC10b2tlbi1ncmFudC10eXBlLmpzOjpwcm9ncmFt
IDENT	68719477733	bGliL2dyYW50LXR5cGVzL3JlZnJlc2gtdG9rZW4tZ3JhbnQtdHlwZS5qczo6cHJvZ3JhbTpSZWZyZXNoVG9rZW5HcmFudFR5cGV8fHxsaWIvZ3JhbnQtdHlwZXMvcmVmcmVzaC10b2tlbi1ncmFudC10eXBlLmpzOjpwcm9ncmFt
IDENT	68719477734	bGliL2dyYW50LXR5cGVzL3JlZnJlc2gtdG9rZW4tZ3JhbnQtdHlwZS5qczo6cHJvZ3JhbTpSZWZyZXNoVG9rZW5HcmFudFR5cGV8fHxsaWIvZ3JhbnQtdHlwZXMvcmVmcmVzaC10b2tlbi1ncmFudC10eXBlLmpzOjpwcm9ncmFt
IDENT	68719477738	bGliL2dyYW50LXR5cGVzL3JlZnJlc2gtdG9rZW4tZ3JhbnQtdHlwZS5qczo6cHJvZ3JhbTpSZWZyZXNoVG9rZW5HcmFudFR5cGV8fHxsaWIvZ3JhbnQtdHlwZXMvcmVmcmVzaC10b2tlbi1ncmFudC10eXBlLmpzOjpwcm9ncmFt
IDENT	68719477739	bGliL2dyYW50LXR5cGVzL3JlZnJlc2gtdG9rZW4tZ3JhbnQtdHlwZS5qczo6cHJvZ3JhbTpSZWZyZXNoVG9rZW5HcmFudFR5cGV8fHxsaWIvZ3JhbnQtdHlwZXMvcmVmcmVzaC10b2tlbi1ncmFudC10eXBlLmpzOjpwcm9ncmFt
IDENT	68719477741	bGliL2dyYW50LXR5cGVzL3JlZnJlc2gtdG9rZW4tZ3JhbnQtdHlwZS5qczo6cHJvZ3JhbTpSZWZyZXNoVG9rZW5HcmFudFR5cGV8fHxsaWIvZ3JhbnQtdHlwZXMvcmVmcmVzaC10b2tlbi1ncmFudC10eXBlLmpzOjpwcm9ncmFt
IDENT	68719477742	bGliL2dyYW50LXR5cGVzL3JlZnJlc2gtdG9rZW4tZ3JhbnQtdHlwZS5qczo6cHJvZ3JhbTpSZWZyZXNoVG9rZW5HcmFudFR5cGV8fHxsaWIvZ3JhbnQtdHlwZXMvcmVmcmVzaC10b2tlbi1ncmFudC10eXBlLmpzOjpwcm9ncmFt
IDENT	68719477747	bGliL2Vycm9ycy9pbnZhbGlkLXJlcXVlc3QtZXJyb3IuanM6OnByb2dyYW06SW52YWxpZFJlcXVlc3R8fHxJbnZhbGlkUmVxdWVzdA==
IDENT	68719477748	bGliL2Vycm9ycy9pbnZhbGlkLXJlcXVlc3QtZXJyb3IuanM6OnByb2dyYW06SW52YWxpZFJlcXVlc3R8fHxJbnZhbGlkUmVxdWVzdA==
IDENT	68719477749	bGliL2Vycm9ycy9pbnZhbGlkLXJlcXVlc3QtZXJyb3IuanM6OnByb2dyYW06SW52YWxpZFJlcXVlc3R8fHxJbnZhbGlkUmVxdWVzdA==
IDENT	68719477750	bGliL2Vycm9ycy9pbnZhbGlkLXJlcXVlc3QtZXJyb3IuanM6OnByb2dyYW06SW52YWxpZFJlcXVlc3R8fHxJbnZhbGlkUmVxdWVzdA==
IDENT	68719477754	bGliL2Vycm9ycy9pbnZhbGlkLXJlcXVlc3QtZXJyb3IuanM6OnByb2dyYW06SW52YWxpZFJlcXVlc3R8fHxJbnZhbGlkUmVxdWVzdA==
IDENT	68719477755	bGliL2Vycm9ycy9pbnZhbGlkLXJlcXVlc3QtZXJyb3IuanM6OnByb2dyYW06SW52YWxpZFJlcXVlc3R8fHxJbnZhbGlkUmVxdWVzdA==
IDENT	68719477756	bGliL2Vycm9ycy9pbnZhbGlkLXJlcXVlc3QtZXJyb3IuanM6OnByb2dyYW06SW52YWxpZFJlcXVlc3R8fHxJbnZhbGlkUmVxdWVzdA==
IDENT	68719477757	bGliL2Vycm9ycy9pbnZhbGlkLXJlcXVlc3QtZXJyb3IuanM6OnByb2dyYW06SW52YWxpZFJlcXVlc3R8fHxJbnZhbGlkUmVxdWVzdA==
IDENT	68719477760	bGliL2dyYW50LXR5cGVzL3JlZnJlc2gtdG9rZW4tZ3JhbnQtdHlwZS5qczo6cHJvZ3JhbTpSZWZyZXNoVG9rZW5HcmFudFR5cGV8fHxsaWIvZ3JhbnQtdHlwZXMvcmVmcmVzaC10b2tlbi1ncmFudC10eXBlLmpzOjpwcm9ncmFt
IDENT	68719477764	bGliL2Vycm9ycy9pbnZhbGlkLWdyYW50LWVycm9yLmpzOjpwcm9ncmFtOkludmFsaWRHcmFudEVycm9yfHx8SW52YWxpZEdyYW50RXJyb3I=
IDENT	68719477766	bGliL2Vycm9ycy9pbnZhbGlkLWdyYW50LWVycm9yLmpzOjpwcm9ncmFtOkludmFsaWRHcmFudEVycm9yfHx8SW52YWxpZEdyYW50RXJyb3I=
IDENT	68719477767	bGliL2Vycm9ycy9pbnZhbGlkLWdyYW50LWVycm9yLmpzOjpwcm9ncmFtOkludmFsaWRHcmFudEVycm9yfHx8SW52YWxpZEdyYW50RXJyb3I=
IDENT	68719477769	bGliL2Vycm9ycy9zZXJ2ZXItZXJyb3IuanM6OnByb2dyYW06U2VydmVyRXJyb3J8fHxTZXJ2ZXJFcnJvcg==
IDENT	68719477771	bGliL2Vycm9ycy9zZXJ2ZXItZXJyb3IuanM6OnByb2dyYW06U2VydmVyRXJyb3J8fHxTZXJ2ZXJFcnJvcg==
IDENT	68719477772	bGliL2Vycm9ycy9zZXJ2ZXItZXJyb3IuanM6OnByb2dyYW06U2VydmVyRXJyb3J8fHxTZXJ2ZXJFcnJvcg==
IDENT	68719477774	bGliL2Vycm9ycy9zZXJ2ZXItZXJyb3IuanM6OnByb2dyYW06U2VydmVyRXJyb3J8fHxTZXJ2ZXJFcnJvcg==
IDENT	68719477776	bGliL2Vycm9ycy9zZXJ2ZXItZXJyb3IuanM6OnByb2dyYW06U2VydmVyRXJyb3J8fHxTZXJ2ZXJFcnJvcg==
IDENT	68719477777	bGliL2Vycm9ycy9zZXJ2ZXItZXJyb3IuanM6OnByb2dyYW06U2VydmVyRXJyb3J8fHxTZXJ2ZXJFcnJvcg==
IDENT	68719477780	bGliL2Vycm9ycy9pbnZhbGlkLWdyYW50LWVycm9yLmpzOjpwcm9ncmFtOkludmFsaWRHcmFudEVycm9yfHx8SW52YWxpZEdyYW50RXJyb3I=
IDENT	68719477782	bGliL2Vycm9ycy9pbnZhbGlkLWdyYW50LWVycm9yLmpzOjpwcm9ncmFtOkludmFsaWRHcmFudEVycm9yfHx8SW52YWxpZEdyYW50RXJyb3I=
IDENT	68719477783	bGliL2Vycm9ycy9pbnZhbGlkLWdyYW50LWVycm9yLmpzOjpwcm9ncmFtOkludmFsaWRHcmFudEVycm9yfHx8SW52YWxpZEdyYW50RXJyb3I=
IDENT	68719477787	bGliL2Vycm9ycy9zZXJ2ZXItZXJyb3IuanM6OnByb2dyYW06U2VydmVyRXJyb3J8fHxTZXJ2ZXJFcnJvcg==
IDENT	68719477789	bGliL2Vycm9ycy9zZXJ2ZXItZXJyb3IuanM6OnByb2dyYW06U2VydmVyRXJyb3J8fHxTZXJ2ZXJFcnJvcg==
IDENT	68719477790	bGliL2Vycm9ycy9zZXJ2ZXItZXJyb3IuanM6OnByb2dyYW06U2VydmVyRXJyb3J8fHxTZXJ2ZXJFcnJvcg==
IDENT	68719477797	bGliL2Vycm9ycy9pbnZhbGlkLWdyYW50LWVycm9yLmpzOjpwcm9ncmFtOkludmFsaWRHcmFudEVycm9yfHx8SW52YWxpZEdyYW50RXJyb3I=
IDENT	68719477799	bGliL2Vycm9ycy9pbnZhbGlkLWdyYW50LWVycm9yLmpzOjpwcm9ncmFtOkludmFsaWRHcmFudEVycm9yfHx8SW52YWxpZEdyYW50RXJyb3I=
IDENT	68719477800	bGliL2Vycm9ycy9pbnZhbGlkLWdyYW50LWVycm9yLmpzOjpwcm9ncmFtOkludmFsaWRHcmFudEVycm9yfHx8SW52YWxpZEdyYW50RXJyb3I=
IDENT	68719477802	bGliL2dyYW50LXR5cGVzL3JlZnJlc2gtdG9rZW4tZ3JhbnQtdHlwZS5qczo6cHJvZ3JhbTpSZWZyZXNoVG9rZW5HcmFudFR5cGV8fHxsaWIvZ3JhbnQtdHlwZXMvcmVmcmVzaC10b2tlbi1ncmFudC10eXBlLmpzOjpwcm9ncmFt
IDENT	68719477806	bGliL2dyYW50LXR5cGVzL3JlZnJlc2gtdG9rZW4tZ3JhbnQtdHlwZS5qczo6cHJvZ3JhbTpSZWZyZXNoVG9rZW5HcmFudFR5cGV8fHxsaWIvZ3JhbnQtdHlwZXMvcmVmcmVzaC10b2tlbi1ncmFudC10eXBlLmpzOjpwcm9ncmFt
IDENT	68719477810	bGliL2Vycm9ycy9pbnZhbGlkLWdyYW50LWVycm9yLmpzOjpwcm9ncmFtOkludmFsaWRHcmFudEVycm9yfHx8SW52YWxpZEdyYW50RXJyb3I=
IDENT	68719477812	bGliL2Vycm9ycy9pbnZhbGlkLWdyYW50LWVycm9yLmpzOjpwcm9ncmFtOkludmFsaWRHcmFudEVycm9yfHx8SW52YWxpZEdyYW50RXJyb3I=
IDENT	68719477813	bGliL2Vycm9ycy9pbnZhbGlkLWdyYW50LWVycm9yLmpzOjpwcm9ncmFtOkludmFsaWRHcmFudEVycm9yfHx8SW52YWxpZEdyYW50RXJyb3I=
IDENT	68719477816	bGliL2dyYW50LXR5cGVzL3JlZnJlc2gtdG9rZW4tZ3JhbnQtdHlwZS5qczo6cHJvZ3JhbTpSZWZyZXNoVG9rZW5HcmFudFR5cGV8fHxsaWIvZ3JhbnQtdHlwZXMvcmVmcmVzaC10b2tlbi1ncmFudC10eXBlLmpzOjpwcm9ncmFt
IDENT	68719477817	bGliL2dyYW50LXR5cGVzL3JlZnJlc2gtdG9rZW4tZ3JhbnQtdHlwZS5qczo6cHJvZ3JhbTpSZWZyZXNoVG9rZW5HcmFudFR5cGV8fHxsaWIvZ3JhbnQtdHlwZXMvcmVmcmVzaC10b2tlbi1ncmFudC10eXBlLmpzOjpwcm9ncmFt
IDENT	68719477822	bGliL2dyYW50LXR5cGVzL3JlZnJlc2gtdG9rZW4tZ3JhbnQtdHlwZS5qczo6cHJvZ3JhbTpSZWZyZXNoVG9rZW5HcmFudFR5cGV8fHxsaWIvZ3JhbnQtdHlwZXMvcmVmcmVzaC10b2tlbi1ncmFudC10eXBlLmpzOjpwcm9ncmFt
IDENT	68719477823	bGliL2dyYW50LXR5cGVzL3JlZnJlc2gtdG9rZW4tZ3JhbnQtdHlwZS5qczo6cHJvZ3JhbTpSZWZyZXNoVG9rZW5HcmFudFR5cGV8fHxsaWIvZ3JhbnQtdHlwZXMvcmVmcmVzaC10b2tlbi1ncmFudC10eXBlLmpzOjpwcm9ncmFt
IDENT	68719477828	bGliL2dyYW50LXR5cGVzL3JlZnJlc2gtdG9rZW4tZ3JhbnQtdHlwZS5qczo6cHJvZ3JhbTpSZWZyZXNoVG9rZW5HcmFudFR5cGV8fHxsaWIvZ3JhbnQtdHlwZXMvcmVmcmVzaC10b2tlbi1ncmFudC10eXBlLmpzOjpwcm9ncmFt
IDENT	68719477829	bGliL2dyYW50LXR5cGVzL3JlZnJlc2gtdG9rZW4tZ3JhbnQtdHlwZS5qczo6cHJvZ3JhbTpSZWZyZXNoVG9rZW5HcmFudFR5cGV8fHxsaWIvZ3JhbnQtdHlwZXMvcmVmcmVzaC10b2tlbi1ncmFudC10eXBlLmpzOjpwcm9ncmFt
IDENT	68719477831	bGliL2dyYW50LXR5cGVzL3JlZnJlc2gtdG9rZW4tZ3JhbnQtdHlwZS5qczo6cHJvZ3JhbTpSZWZyZXNoVG9rZW5HcmFudFR5cGV8fHxsaWIvZ3JhbnQtdHlwZXMvcmVmcmVzaC10b2tlbi1ncmFudC10eXBlLmpzOjpwcm9ncmFt
IDENT	68719477832	bGliL2dyYW50LXR5cGVzL3JlZnJlc2gtdG9rZW4tZ3JhbnQtdHlwZS5qczo6cHJvZ3JhbTpSZWZyZXNoVG9rZW5HcmFudFR5cGV8fHxsaWIvZ3JhbnQtdHlwZXMvcmVmcmVzaC10b2tlbi1ncmFudC10eXBlLmpzOjpwcm9ncmFt
IDENT	68719477841	bGliL2dyYW50LXR5cGVzL3JlZnJlc2gtdG9rZW4tZ3JhbnQtdHlwZS5qczo6cHJvZ3JhbTpSZWZyZXNoVG9rZW5HcmFudFR5cGV8fHxsaWIvZ3JhbnQtdHlwZXMvcmVmcmVzaC10b2tlbi1ncmFudC10eXBlLmpzOjpwcm9ncmFt
IDENT	68719477847	bGliL2dyYW50LXR5cGVzL3JlZnJlc2gtdG9rZW4tZ3JhbnQtdHlwZS5qczo6cHJvZ3JhbTpSZWZyZXNoVG9rZW5HcmFudFR5cGV8fHxsaWIvZ3JhbnQtdHlwZXMvcmVmcmVzaC10b2tlbi1ncmFudC10eXBlLmpzOjpwcm9ncmFt
IDENT	68719477866	bGliL2Vycm9ycy9pbnZhbGlkLXNjb3BlLWVycm9yLmpzOjpwcm9ncmFtOkludmFsaWRTY29wZUVycm9yfHx8SW52YWxpZFNjb3BlRXJyb3I=
IDENT	68719477868	bGliL2Vycm9ycy9pbnZhbGlkLXNjb3BlLWVycm9yLmpzOjpwcm9ncmFtOkludmFsaWRTY29wZUVycm9yfHx8SW52YWxpZFNjb3BlRXJyb3I=
IDENT	68719477869	bGliL2Vycm9ycy9pbnZhbGlkLXNjb3BlLWVycm9yLmpzOjpwcm9ncmFtOkludmFsaWRTY29wZUVycm9yfHx8SW52YWxpZFNjb3BlRXJyb3I=
IDENT	68719477876	bGliL2Vycm9ycy9pbnZhbGlkLXNjb3BlLWVycm9yLmpzOjpwcm9ncmFtOkludmFsaWRTY29wZUVycm9yfHx8SW52YWxpZFNjb3BlRXJyb3I=
IDENT	68719477878	bGliL2Vycm9ycy9pbnZhbGlkLXNjb3BlLWVycm9yLmpzOjpwcm9ncmFtOkludmFsaWRTY29wZUVycm9yfHx8SW52YWxpZFNjb3BlRXJyb3I=
IDENT	68719477879	bGliL2Vycm9ycy9pbnZhbGlkLXNjb3BlLWVycm9yLmpzOjpwcm9ncmFtOkludmFsaWRTY29wZUVycm9yfHx8SW52YWxpZFNjb3BlRXJyb3I=
IDENT	68719477883	bGliL2dyYW50LXR5cGVzL3JlZnJlc2gtdG9rZW4tZ3JhbnQtdHlwZS5qczo6cHJvZ3JhbQ==
IDENT	68719477886	bGliL2dyYW50LXR5cGVzL3JlZnJlc2gtdG9rZW4tZ3JhbnQtdHlwZS5qczo6cHJvZ3JhbQ==
IDENT	68719477889	bGliL2dyYW50LXR5cGVzL3JlZnJlc2gtdG9rZW4tZ3JhbnQtdHlwZS5qczo6cHJvZ3JhbQ==
IDENT	68719477890	bGliL2Vycm9ycy9pbnZhbGlkLXJlcXVlc3QtZXJyb3IuanM6OnByb2dyYW06SW52YWxpZFJlcXVlc3R8fHxJbnZhbGlkUmVxdWVzdA==
IDENT	68719477892	bGliL2dyYW50LXR5cGVzL3JlZnJlc2gtdG9rZW4tZ3JhbnQtdHlwZS5qczo6cHJvZ3JhbQ==
IDENT	68719477895	bGliL2dyYW50LXR5cGVzL3JlZnJlc2gtdG9rZW4tZ3JhbnQtdHlwZS5qczo6cHJvZ3JhbQ==
IDENT	68719477898	bGliL2dyYW50LXR5cGVzL3JlZnJlc2gtdG9rZW4tZ3JhbnQtdHlwZS5qczo6cHJvZ3JhbQ==
IDENT	68719477901	bGliL2dyYW50LXR5cGVzL3JlZnJlc2gtdG9rZW4tZ3JhbnQtdHlwZS5qczo6cHJvZ3JhbQ==
IDENT	68719477902	bGliL2dyYW50LXR5cGVzL3JlZnJlc2gtdG9rZW4tZ3JhbnQtdHlwZS5qczo6cHJvZ3JhbTpSZWZyZXNoVG9rZW5HcmFudFR5cGU6PGluaXQ+fHx8bGliL2dyYW50LXR5cGVzL3JlZnJlc2gtdG9rZW4tZ3JhbnQtdHlwZS5qczo6cHJvZ3JhbTpSZWZyZXNoVG9rZW5HcmFudFR5cGU=
IDENT	68719477909	bGliL2Vycm9ycy9pbnZhbGlkLWFyZ3VtZW50LWVycm9yLmpzOjpwcm9ncmFtOkludmFsaWRBcmd1bWVudEVycm9yfHx8SW52YWxpZEFyZ3VtZW50RXJyb3I=
IDENT	68719477911	bGliL2Vycm9ycy9pbnZhbGlkLWFyZ3VtZW50LWVycm9yLmpzOjpwcm9ncmFtOkludmFsaWRBcmd1bWVudEVycm9yfHx8SW52YWxpZEFyZ3VtZW50RXJyb3I=
IDENT	68719477912	bGliL2Vycm9ycy9pbnZhbGlkLWFyZ3VtZW50LWVycm9yLmpzOjpwcm9ncmFtOkludmFsaWRBcmd1bWVudEVycm9yfHx8SW52YWxpZEFyZ3VtZW50RXJyb3I=
IDENT	68719477914	bGliL2Vycm9ycy9pbnZhbGlkLWFyZ3VtZW50LWVycm9yLmpzOjpwcm9ncmFtOkludmFsaWRBcmd1bWVudEVycm9yfHx8SW52YWxpZEFyZ3VtZW50RXJyb3I=
IDENT	68719477916	bGliL2Vycm9ycy9pbnZhbGlkLWFyZ3VtZW50LWVycm9yLmpzOjpwcm9ncmFtOkludmFsaWRBcmd1bWVudEVycm9yfHx8SW52YWxpZEFyZ3VtZW50RXJyb3I=
IDENT	68719477917	bGliL2Vycm9ycy9pbnZhbGlkLWFyZ3VtZW50LWVycm9yLmpzOjpwcm9ncmFtOkludmFsaWRBcmd1bWVudEVycm9yfHx8SW52YWxpZEFyZ3VtZW50RXJyb3I=
IDENT	68719477921	bGliL2Vycm9ycy9pbnZhbGlkLWFyZ3VtZW50LWVycm9yLmpzOjpwcm9ncmFtOkludmFsaWRBcmd1bWVudEVycm9yfHx8SW52YWxpZEFyZ3VtZW50RXJyb3I=
IDENT	68719477923	bGliL2Vycm9ycy9pbnZhbGlkLWFyZ3VtZW50LWVycm9yLmpzOjpwcm9ncmFtOkludmFsaWRBcmd1bWVudEVycm9yfHx8SW52YWxpZEFyZ3VtZW50RXJyb3I=
IDENT	68719477924	bGliL2Vycm9ycy9pbnZhbGlkLWFyZ3VtZW50LWVycm9yLmpzOjpwcm9ncmFtOkludmFsaWRBcmd1bWVudEVycm9yfHx8SW52YWxpZEFyZ3VtZW50RXJyb3I=
IDENT	68719477928	bGliL2Vycm9ycy9pbnZhbGlkLWFyZ3VtZW50LWVycm9yLmpzOjpwcm9ncmFtOkludmFsaWRBcmd1bWVudEVycm9yfHx8SW52YWxpZEFyZ3VtZW50RXJyb3I=
IDENT	68719477930	bGliL2Vycm9ycy9pbnZhbGlkLWFyZ3VtZW50LWVycm9yLmpzOjpwcm9ncmFtOkludmFsaWRBcmd1bWVudEVycm9yfHx8SW52YWxpZEFyZ3VtZW50RXJyb3I=
IDENT	68719477931	bGliL2Vycm9ycy9pbnZhbGlkLWFyZ3VtZW50LWVycm9yLmpzOjpwcm9ncmFtOkludmFsaWRBcmd1bWVudEVycm9yfHx8SW52YWxpZEFyZ3VtZW50RXJyb3I=
IDENT	68719477934	bGliL2Vycm9ycy9pbnZhbGlkLWFyZ3VtZW50LWVycm9yLmpzOjpwcm9ncmFtOkludmFsaWRBcmd1bWVudEVycm9yfHx8SW52YWxpZEFyZ3VtZW50RXJyb3I=
IDENT	68719477936	bGliL2Vycm9ycy9pbnZhbGlkLWFyZ3VtZW50LWVycm9yLmpzOjpwcm9ncmFtOkludmFsaWRBcmd1bWVudEVycm9yfHx8SW52YWxpZEFyZ3VtZW50RXJyb3I=
IDENT	68719477937	bGliL2Vycm9ycy9pbnZhbGlkLWFyZ3VtZW50LWVycm9yLmpzOjpwcm9ncmFtOkludmFsaWRBcmd1bWVudEVycm9yfHx8SW52YWxpZEFyZ3VtZW50RXJyb3I=
IDENT	68719477938	bGliL2hhbmRsZXJzL2F1dGhlbnRpY2F0ZS1oYW5kbGVyLmpzOjpwcm9ncmFtOkF1dGhlbnRpY2F0ZUhhbmRsZXJ8fHxsaWIvaGFuZGxlcnMvYXV0aGVudGljYXRlLWhhbmRsZXIuanM6OnByb2dyYW0=
IDENT	68719477940	bGliL2hhbmRsZXJzL2F1dGhlbnRpY2F0ZS1oYW5kbGVyLmpzOjpwcm9ncmFtOkF1dGhlbnRpY2F0ZUhhbmRsZXJ8fHxsaWIvaGFuZGxlcnMvYXV0aGVudGljYXRlLWhhbmRsZXIuanM6OnByb2dyYW0=
IDENT	68719477942	bGliL2hhbmRsZXJzL2F1dGhlbnRpY2F0ZS1oYW5kbGVyLmpzOjpwcm9ncmFtOkF1dGhlbnRpY2F0ZUhhbmRsZXJ8fHxsaWIvaGFuZGxlcnMvYXV0aGVudGljYXRlLWhhbmRsZXIuanM6OnByb2dyYW0=
IDENT	68719477944	bGliL2hhbmRsZXJzL2F1dGhlbnRpY2F0ZS1oYW5kbGVyLmpzOjpwcm9ncmFtOkF1dGhlbnRpY2F0ZUhhbmRsZXJ8fHxsaWIvaGFuZGxlcnMvYXV0aGVudGljYXRlLWhhbmRsZXIuanM6OnByb2dyYW0=
IDENT	68719477946	bGliL2hhbmRsZXJzL2F1dGhlbnRpY2F0ZS1oYW5kbGVyLmpzOjpwcm9ncmFtOkF1dGhlbnRpY2F0ZUhhbmRsZXJ8fHxsaWIvaGFuZGxlcnMvYXV0aGVudGljYXRlLWhhbmRsZXIuanM6OnByb2dyYW0=
IDENT	68719477952	bGliL2hhbmRsZXJzL2F1dGhlbnRpY2F0ZS1oYW5kbGVyLmpzOjpwcm9ncmFtOkF1dGhlbnRpY2F0ZUhhbmRsZXJ8fHxsaWIvaGFuZGxlcnMvYXV0aGVudGljYXRlLWhhbmRsZXIuanM6OnByb2dyYW0=
IDENT	68719477956	bGliL2Vycm9ycy9pbnZhbGlkLWFyZ3VtZW50LWVycm9yLmpzOjpwcm9ncmFtOkludmFsaWRBcmd1bWVudEVycm9yfHx8SW52YWxpZEFyZ3VtZW50RXJyb3I=
IDENT	68719477958	bGliL2Vycm9ycy9pbnZhbGlkLWFyZ3VtZW50LWVycm9yLmpzOjpwcm9ncmFtOkludmFsaWRBcmd1bWVudEVycm9yfHx8SW52YWxpZEFyZ3VtZW50RXJyb3I=
IDENT	68719477959	bGliL2Vycm9ycy9pbnZhbGlkLWFyZ3VtZW50LWVycm9yLmpzOjpwcm9ncmFtOkludmFsaWRBcmd1bWVudEVycm9yfHx8SW52YWxpZEFyZ3VtZW50RXJyb3I=
IDENT	68719477962	bGliL2Vycm9ycy9pbnZhbGlkLWFyZ3VtZW50LWVycm9yLmpzOjpwcm9ncmFtOkludmFsaWRBcmd1bWVudEVycm9yfHx8SW52YWxpZEFyZ3VtZW50RXJyb3I=
IDENT	68719477964	bGliL2Vycm9ycy9pbnZhbGlkLWFyZ3VtZW50LWVycm9yLmpzOjpwcm9ncmFtOkludmFsaWRBcmd1bWVudEVycm9yfHx8SW52YWxpZEFyZ3VtZW50RXJyb3I=
IDENT	68719477965	bGliL2Vycm9ycy9pbnZhbGlkLWFyZ3VtZW50LWVycm9yLmpzOjpwcm9ncmFtOkludmFsaWRBcmd1bWVudEVycm9yfHx8SW52YWxpZEFyZ3VtZW50RXJyb3I=
IDENT	68719477967	bGliL2hhbmRsZXJzL2F1dGhlbnRpY2F0ZS1oYW5kbGVyLmpzOjpwcm9ncmFtOkF1dGhlbnRpY2F0ZUhhbmRsZXJ8fHxsaWIvaGFuZGxlcnMvYXV0aGVudGljYXRlLWhhbmRsZXIuanM6OnByb2dyYW0=
IDENT	68719477968	bGliL2hhbmRsZXJzL2F1dGhlbnRpY2F0ZS1oYW5kbGVyLmpzOjpwcm9ncmFtOkF1dGhlbnRpY2F0ZUhhbmRsZXJ8fHxsaWIvaGFuZGxlcnMvYXV0aGVudGljYXRlLWhhbmRsZXIuanM6OnByb2dyYW0=
IDENT	68719477971	bGliL2hhbmRsZXJzL2F1dGhlbnRpY2F0ZS1oYW5kbGVyLmpzOjpwcm9ncmFtOkF1dGhlbnRpY2F0ZUhhbmRsZXJ8fHxsaWIvaGFuZGxlcnMvYXV0aGVudGljYXRlLWhhbmRsZXIuanM6OnByb2dyYW0=
IDENT	68719477972	bGliL2hhbmRsZXJzL2F1dGhlbnRpY2F0ZS1oYW5kbGVyLmpzOjpwcm9ncmFtOkF1dGhlbnRpY2F0ZUhhbmRsZXJ8fHxsaWIvaGFuZGxlcnMvYXV0aGVudGljYXRlLWhhbmRsZXIuanM6OnByb2dyYW0=
IDENT	68719477975	bGliL2hhbmRsZXJzL2F1dGhlbnRpY2F0ZS1oYW5kbGVyLmpzOjpwcm9ncmFtOkF1dGhlbnRpY2F0ZUhhbmRsZXJ8fHxsaWIvaGFuZGxlcnMvYXV0aGVudGljYXRlLWhhbmRsZXIuanM6OnByb2dyYW0=
IDENT	68719477976	bGliL2hhbmRsZXJzL2F1dGhlbnRpY2F0ZS1oYW5kbGVyLmpzOjpwcm9ncmFtOkF1dGhlbnRpY2F0ZUhhbmRsZXJ8fHxsaWIvaGFuZGxlcnMvYXV0aGVudGljYXRlLWhhbmRsZXIuanM6OnByb2dyYW0=
IDENT	68719477978	bGliL2hhbmRsZXJzL2F1dGhlbnRpY2F0ZS1oYW5kbGVyLmpzOjpwcm9ncmFtOkF1dGhlbnRpY2F0ZUhhbmRsZXJ8fHxsaWIvaGFuZGxlcnMvYXV0aGVudGljYXRlLWhhbmRsZXIuanM6OnByb2dyYW0=
IDENT	68719477979	bGliL2hhbmRsZXJzL2F1dGhlbnRpY2F0ZS1oYW5kbGVyLmpzOjpwcm9ncmFtOkF1dGhlbnRpY2F0ZUhhbmRsZXJ8fHxsaWIvaGFuZGxlcnMvYXV0aGVudGljYXRlLWhhbmRsZXIuanM6OnByb2dyYW0=
IDENT	68719477980	bGliL2hhbmRsZXJzL2F1dGhlbnRpY2F0ZS1oYW5kbGVyLmpzOjpwcm9ncmFtOkF1dGhlbnRpY2F0ZUhhbmRsZXJ8fHxsaWIvaGFuZGxlcnMvYXV0aGVudGljYXRlLWhhbmRsZXIuanM6OnByb2dyYW0=
IDENT	68719477982	bGliL2hhbmRsZXJzL2F1dGhlbnRpY2F0ZS1oYW5kbGVyLmpzOjpwcm9ncmFtOkF1dGhlbnRpY2F0ZUhhbmRsZXJ8fHxsaWIvaGFuZGxlcnMvYXV0aGVudGljYXRlLWhhbmRsZXIuanM6OnByb2dyYW0=
IDENT	68719477983	bGliL2hhbmRsZXJzL2F1dGhlbnRpY2F0ZS1oYW5kbGVyLmpzOjpwcm9ncmFtOkF1dGhlbnRpY2F0ZUhhbmRsZXJ8fHxsaWIvaGFuZGxlcnMvYXV0aGVudGljYXRlLWhhbmRsZXIuanM6OnByb2dyYW0=
IDENT	68719477991	bGliL3Jlc3BvbnNlLmpzOjpwcm9ncmFtOlJlc3BvbnNlfHx8UmVzcG9uc2U=
IDENT	68719477993	bGliL2Vycm9ycy9pbnZhbGlkLXJlcXVlc3QtZXJyb3IuanM6OnByb2dyYW06SW52YWxpZFJlcXVlc3R8fHxJbnZhbGlkUmVxdWVzdA==
IDENT	68719477995	bGliL3Jlc3BvbnNlLmpzOjpwcm9ncmFtOlJlc3BvbnNlfHx8UmVzcG9uc2U=
IDENT	68719477999	bGliL3Jlc3BvbnNlLmpzOjpwcm9ncmFtOlJlc3BvbnNlfHx8UmVzcG9uc2U=
IDENT	68719478003	bGliL3Jlc3BvbnNlLmpzOjpwcm9ncmFtOlJlc3BvbnNlfHx8UmVzcG9uc2U=
IDENT	68719478006	bGliL2Vycm9ycy9zZXJ2ZXItZXJyb3IuanM6OnByb2dyYW06U2VydmVyRXJyb3J8fHxTZXJ2ZXJFcnJvcg==
IDENT	68719478008	bGliL2Vycm9ycy9zZXJ2ZXItZXJyb3IuanM6OnByb2dyYW06U2VydmVyRXJyb3J8fHxTZXJ2ZXJFcnJvcg==
IDENT	68719478010	bGliL2Vycm9ycy9zZXJ2ZXItZXJyb3IuanM6OnByb2dyYW06U2VydmVyRXJyb3J8fHxTZXJ2ZXJFcnJvcg==
IDENT	68719478013	bGliL3JlcXVlc3QuanM6OnByb2dyYW06UmVxdWVzdHx8fFJlcXVlc3Q=
IDENT	68719478014	bGliL3JlcXVlc3QuanM6OnByb2dyYW06UmVxdWVzdHx8fFJlcXVlc3Q=
IDENT	68719478015	bGliL3JlcXVlc3QuanM6OnByb2dyYW06UmVxdWVzdDo8bWVtYmVyPihxdWVyeSk6PG1lbWJlcj4oYWNjZXNzX3Rva2VuKXx8fFJlcXVlc3Q6PG1lbWJlcj4ocXVlcnkpOjxtZW1iZXI+KGFjY2Vzc190b2tlbik=
IDENT	68719478016	bGliL3JlcXVlc3QuanM6OnByb2dyYW06UmVxdWVzdHx8fFJlcXVlc3Q=
IDENT	68719478017	bGliL3JlcXVlc3QuanM6OnByb2dyYW06UmVxdWVzdDo8bWVtYmVyPihib2R5KTo8bWVtYmVyPihhY2Nlc3NfdG9rZW4pfHx8UmVxdWVzdDo8bWVtYmVyPihib2R5KTo8bWVtYmVyPihhY2Nlc3NfdG9rZW4p
IDENT	68719478018	bGliL3JlcXVlc3QuanM6OnByb2dyYW06UmVxdWVzdHx8fFJlcXVlc3Q=
IDENT	68719478020	bGliL3JlcXVlc3QuanM6OnByb2dyYW06UmVxdWVzdDo8bWVtYmVyPihxdWVyeSk6PG1lbWJlcj4oYWNjZXNzX3Rva2VuKXx8fFJlcXVlc3Q6PG1lbWJlcj4ocXVlcnkpOjxtZW1iZXI+KGFjY2Vzc190b2tlbik=
IDENT	68719478021	bGliL3JlcXVlc3QuanM6OnByb2dyYW06UmVxdWVzdDo8bWVtYmVyPihib2R5KTo8bWVtYmVyPihhY2Nlc3NfdG9rZW4pfHx8UmVxdWVzdDo8bWVtYmVyPihib2R5KTo8bWVtYmVyPihhY2Nlc3NfdG9rZW4p
IDENT	68719478022	bGliL2Vycm9ycy9pbnZhbGlkLXJlcXVlc3QtZXJyb3IuanM6OnByb2dyYW06SW52YWxpZFJlcXVlc3R8fHxJbnZhbGlkUmVxdWVzdA==
IDENT	68719478023	bGliL2Vycm9ycy9pbnZhbGlkLXJlcXVlc3QtZXJyb3IuanM6OnByb2dyYW06SW52YWxpZFJlcXVlc3R8fHxJbnZhbGlkUmVxdWVzdA==
IDENT	68719478024	bGliL2Vycm9ycy9pbnZhbGlkLXJlcXVlc3QtZXJyb3IuanM6OnByb2dyYW06SW52YWxpZFJlcXVlc3R8fHxJbnZhbGlkUmVxdWVzdA==
IDENT	68719478025	bGliL2Vycm9ycy9pbnZhbGlkLXJlcXVlc3QtZXJyb3IuanM6OnByb2dyYW06SW52YWxpZFJlcXVlc3R8fHxJbnZhbGlkUmVxdWVzdA==
IDENT	68719478027	bGliL2hhbmRsZXJzL2F1dGhlbnRpY2F0ZS1oYW5kbGVyLmpzOjpwcm9ncmFtOkF1dGhlbnRpY2F0ZUhhbmRsZXJ8fHxsaWIvaGFuZGxlcnMvYXV0aGVudGljYXRlLWhhbmRsZXIuanM6OnByb2dyYW0=
IDENT	68719478028	bGliL2hhbmRsZXJzL2F1dGhlbnRpY2F0ZS1oYW5kbGVyLmpzOjpwcm9ncmFtOkF1dGhlbnRpY2F0ZUhhbmRsZXJ8fHxsaWIvaGFuZGxlcnMvYXV0aGVudGljYXRlLWhhbmRsZXIuanM6OnByb2dyYW0=
IDENT	68719478029	bGliL3JlcXVlc3QuanM6OnByb2dyYW06UmVxdWVzdHx8fFJlcXVlc3Q=
IDENT	68719478030	bGliL3JlcXVlc3QuanM6OnByb2dyYW06UmVxdWVzdDo8bWVtYmVyPihxdWVyeSk6PG1lbWJlcj4oYWNjZXNzX3Rva2VuKXx8fFJlcXVlc3Q6PG1lbWJlcj4ocXVlcnkpOjxtZW1iZXI+KGFjY2Vzc190b2tlbik=
IDENT	68719478031	bGliL2hhbmRsZXJzL2F1dGhlbnRpY2F0ZS1oYW5kbGVyLmpzOjpwcm9ncmFtOkF1dGhlbnRpY2F0ZUhhbmRsZXJ8fHxsaWIvaGFuZGxlcnMvYXV0aGVudGljYXRlLWhhbmRsZXIuanM6OnByb2dyYW0=
IDENT	68719478032	bGliL2hhbmRsZXJzL2F1dGhlbnRpY2F0ZS1oYW5kbGVyLmpzOjpwcm9ncmFtOkF1dGhlbnRpY2F0ZUhhbmRsZXJ8fHxsaWIvaGFuZGxlcnMvYXV0aGVudGljYXRlLWhhbmRsZXIuanM6OnByb2dyYW0=
IDENT	68719478033	bGliL3JlcXVlc3QuanM6OnByb2dyYW06UmVxdWVzdHx8fFJlcXVlc3Q=
IDENT	68719478034	bGliL3JlcXVlc3QuanM6OnByb2dyYW06UmVxdWVzdDo8bWVtYmVyPihib2R5KTo8bWVtYmVyPihhY2Nlc3NfdG9rZW4pfHx8UmVxdWVzdDo8bWVtYmVyPihib2R5KTo8bWVtYmVyPihhY2Nlc3NfdG9rZW4p
IDENT	68719478035	bGliL2hhbmRsZXJzL2F1dGhlbnRpY2F0ZS1oYW5kbGVyLmpzOjpwcm9ncmFtOkF1dGhlbnRpY2F0ZUhhbmRsZXJ8fHxsaWIvaGFuZGxlcnMvYXV0aGVudGljYXRlLWhhbmRsZXIuanM6OnByb2dyYW0=
IDENT	68719478036	bGliL2hhbmRsZXJzL2F1dGhlbnRpY2F0ZS1oYW5kbGVyLmpzOjpwcm9ncmFtOkF1dGhlbnRpY2F0ZUhhbmRsZXJ8fHxsaWIvaGFuZGxlcnMvYXV0aGVudGljYXRlLWhhbmRsZXIuanM6OnByb2dyYW0=
IDENT	68719478037	bGliL3JlcXVlc3QuanM6OnByb2dyYW06UmVxdWVzdHx8fFJlcXVlc3Q=
IDENT	68719478038	bGliL2Vycm9ycy91bmF1dGhvcml6ZWQtcmVxdWVzdC1lcnJvci5qczo6cHJvZ3JhbTpVbmF1dGhvcml6ZWRSZXF1ZXN0RXJyb3J8fHxVbmF1dGhvcml6ZWRSZXF1ZXN0RXJyb3I=
IDENT	68719478040	bGliL2Vycm9ycy91bmF1dGhvcml6ZWQtcmVxdWVzdC1lcnJvci5qczo6cHJvZ3JhbTpVbmF1dGhvcml6ZWRSZXF1ZXN0RXJyb3J8fHxVbmF1dGhvcml6ZWRSZXF1ZXN0RXJyb3I=
IDENT	68719478041	bGliL2Vycm9ycy91bmF1dGhvcml6ZWQtcmVxdWVzdC1lcnJvci5qczo6cHJvZ3JhbTpVbmF1dGhvcml6ZWRSZXF1ZXN0RXJyb3J8fHxVbmF1dGhvcml6ZWRSZXF1ZXN0RXJyb3I=
IDENT	68719478044	bGliL3JlcXVlc3QuanM6OnByb2dyYW06UmVxdWVzdHx8fFJlcXVlc3Q=
IDENT	68719478045	UmVnRXhwTWF0Y2hBcnJheSB8IF9fZWNtYS5OdWxsfHx8X19lY21hLlN0cmluZzptYXRjaDo8cmV0dXJuVmFsdWU+
IDENT	68719478048	UmVnRXhwTWF0Y2hBcnJheSB8IF9fZWNtYS5OdWxsfHx8X19lY21hLlN0cmluZzptYXRjaDo8cmV0dXJuVmFsdWU+
IDENT	68719478049	bGliL2Vycm9ycy9pbnZhbGlkLXJlcXVlc3QtZXJyb3IuanM6OnByb2dyYW06SW52YWxpZFJlcXVlc3R8fHxJbnZhbGlkUmVxdWVzdA==
IDENT	68719478050	bGliL2Vycm9ycy9pbnZhbGlkLXJlcXVlc3QtZXJyb3IuanM6OnByb2dyYW06SW52YWxpZFJlcXVlc3R8fHxJbnZhbGlkUmVxdWVzdA==
IDENT	68719478051	bGliL2Vycm9ycy9pbnZhbGlkLXJlcXVlc3QtZXJyb3IuanM6OnByb2dyYW06SW52YWxpZFJlcXVlc3R8fHxJbnZhbGlkUmVxdWVzdA==
IDENT	68719478052	bGliL2Vycm9ycy9pbnZhbGlkLXJlcXVlc3QtZXJyb3IuanM6OnByb2dyYW06SW52YWxpZFJlcXVlc3R8fHxJbnZhbGlkUmVxdWVzdA==
IDENT	68719478053	UmVnRXhwTWF0Y2hBcnJheSB8IF9fZWNtYS5OdWxsfHx8X19lY21hLlN0cmluZzptYXRjaDo8cmV0dXJuVmFsdWU+
IDENT	68719478054	bGliL2hhbmRsZXJzL2F1dGhlbnRpY2F0ZS1oYW5kbGVyLmpzOjpwcm9ncmFtOkF1dGhlbnRpY2F0ZUhhbmRsZXJ8fHxsaWIvaGFuZGxlcnMvYXV0aGVudGljYXRlLWhhbmRsZXIuanM6OnByb2dyYW0=
IDENT	68719478055	bGliL2Vycm9ycy9pbnZhbGlkLXJlcXVlc3QtZXJyb3IuanM6OnByb2dyYW06SW52YWxpZFJlcXVlc3R8fHxJbnZhbGlkUmVxdWVzdA==
IDENT	68719478056	bGliL2Vycm9ycy9pbnZhbGlkLXJlcXVlc3QtZXJyb3IuanM6OnByb2dyYW06SW52YWxpZFJlcXVlc3R8fHxJbnZhbGlkUmVxdWVzdA==
IDENT	68719478057	bGliL2Vycm9ycy9pbnZhbGlkLXJlcXVlc3QtZXJyb3IuanM6OnByb2dyYW06SW52YWxpZFJlcXVlc3R8fHxJbnZhbGlkUmVxdWVzdA==
IDENT	68719478058	bGliL2Vycm9ycy9pbnZhbGlkLXJlcXVlc3QtZXJyb3IuanM6OnByb2dyYW06SW52YWxpZFJlcXVlc3R8fHxJbnZhbGlkUmVxdWVzdA==
IDENT	68719478061	bGliL2Vycm9ycy9pbnZhbGlkLXJlcXVlc3QtZXJyb3IuanM6OnByb2dyYW06SW52YWxpZFJlcXVlc3R8fHxJbnZhbGlkUmVxdWVzdA==
IDENT	68719478062	bGliL2Vycm9ycy9pbnZhbGlkLXJlcXVlc3QtZXJyb3IuanM6OnByb2dyYW06SW52YWxpZFJlcXVlc3R8fHxJbnZhbGlkUmVxdWVzdA==
IDENT	68719478063	bGliL2Vycm9ycy9pbnZhbGlkLXJlcXVlc3QtZXJyb3IuanM6OnByb2dyYW06SW52YWxpZFJlcXVlc3R8fHxJbnZhbGlkUmVxdWVzdA==
IDENT	68719478064	bGliL2Vycm9ycy9pbnZhbGlkLXJlcXVlc3QtZXJyb3IuanM6OnByb2dyYW06SW52YWxpZFJlcXVlc3R8fHxJbnZhbGlkUmVxdWVzdA==
IDENT	68719478066	bGliL3JlcXVlc3QuanM6OnByb2dyYW06UmVxdWVzdHx8fFJlcXVlc3Q=
IDENT	68719478067	bGliL2Vycm9ycy9pbnZhbGlkLXJlcXVlc3QtZXJyb3IuanM6OnByb2dyYW06SW52YWxpZFJlcXVlc3R8fHxJbnZhbGlkUmVxdWVzdA==
IDENT	68719478068	bGliL2Vycm9ycy9pbnZhbGlkLXJlcXVlc3QtZXJyb3IuanM6OnByb2dyYW06SW52YWxpZFJlcXVlc3R8fHxJbnZhbGlkUmVxdWVzdA==
IDENT	68719478069	bGliL2Vycm9ycy9pbnZhbGlkLXJlcXVlc3QtZXJyb3IuanM6OnByb2dyYW06SW52YWxpZFJlcXVlc3R8fHxJbnZhbGlkUmVxdWVzdA==
IDENT	68719478070	bGliL2Vycm9ycy9pbnZhbGlkLXJlcXVlc3QtZXJyb3IuanM6OnByb2dyYW06SW52YWxpZFJlcXVlc3R8fHxJbnZhbGlkUmVxdWVzdA==
IDENT	68719478074	bGliL2hhbmRsZXJzL2F1dGhlbnRpY2F0ZS1oYW5kbGVyLmpzOjpwcm9ncmFtOkF1dGhlbnRpY2F0ZUhhbmRsZXJ8fHxsaWIvaGFuZGxlcnMvYXV0aGVudGljYXRlLWhhbmRsZXIuanM6OnByb2dyYW0=
IDENT	68719478078	bGliL2Vycm9ycy9pbnZhbGlkLXRva2VuLWVycm9yLmpzOjpwcm9ncmFtOkludmFsaWRUb2tlbkVycm9yfHx8SW52YWxpZFRva2VuRXJyb3I=
IDENT	68719478080	bGliL2Vycm9ycy9pbnZhbGlkLXRva2VuLWVycm9yLmpzOjpwcm9ncmFtOkludmFsaWRUb2tlbkVycm9yfHx8SW52YWxpZFRva2VuRXJyb3I=
IDENT	68719478081	bGliL2Vycm9ycy9pbnZhbGlkLXRva2VuLWVycm9yLmpzOjpwcm9ncmFtOkludmFsaWRUb2tlbkVycm9yfHx8SW52YWxpZFRva2VuRXJyb3I=
IDENT	68719478083	bGliL2Vycm9ycy9zZXJ2ZXItZXJyb3IuanM6OnByb2dyYW06U2VydmVyRXJyb3J8fHxTZXJ2ZXJFcnJvcg==
IDENT	68719478085	bGliL2Vycm9ycy9zZXJ2ZXItZXJyb3IuanM6OnByb2dyYW06U2VydmVyRXJyb3J8fHxTZXJ2ZXJFcnJvcg==
IDENT	68719478086	bGliL2Vycm9ycy9zZXJ2ZXItZXJyb3IuanM6OnByb2dyYW06U2VydmVyRXJyb3J8fHxTZXJ2ZXJFcnJvcg==
IDENT	68719478090	bGliL2Vycm9ycy9zZXJ2ZXItZXJyb3IuanM6OnByb2dyYW06U2VydmVyRXJyb3J8fHxTZXJ2ZXJFcnJvcg==
IDENT	68719478092	bGliL2Vycm9ycy9zZXJ2ZXItZXJyb3IuanM6OnByb2dyYW06U2VydmVyRXJyb3J8fHxTZXJ2ZXJFcnJvcg==
IDENT	68719478093	bGliL2Vycm9ycy9zZXJ2ZXItZXJyb3IuanM6OnByb2dyYW06U2VydmVyRXJyb3J8fHxTZXJ2ZXJFcnJvcg==
IDENT	68719478099	bGliL2Vycm9ycy9pbnZhbGlkLXRva2VuLWVycm9yLmpzOjpwcm9ncmFtOkludmFsaWRUb2tlbkVycm9yfHx8SW52YWxpZFRva2VuRXJyb3I=
IDENT	68719478101	bGliL2Vycm9ycy9pbnZhbGlkLXRva2VuLWVycm9yLmpzOjpwcm9ncmFtOkludmFsaWRUb2tlbkVycm9yfHx8SW52YWxpZFRva2VuRXJyb3I=
IDENT	68719478102	bGliL2Vycm9ycy9pbnZhbGlkLXRva2VuLWVycm9yLmpzOjpwcm9ncmFtOkludmFsaWRUb2tlbkVycm9yfHx8SW52YWxpZFRva2VuRXJyb3I=
IDENT	68719478106	bGliL2hhbmRsZXJzL2F1dGhlbnRpY2F0ZS1oYW5kbGVyLmpzOjpwcm9ncmFtOkF1dGhlbnRpY2F0ZUhhbmRsZXJ8fHxsaWIvaGFuZGxlcnMvYXV0aGVudGljYXRlLWhhbmRsZXIuanM6OnByb2dyYW0=
IDENT	68719478109	bGliL2hhbmRsZXJzL2F1dGhlbnRpY2F0ZS1oYW5kbGVyLmpzOjpwcm9ncmFtOkF1dGhlbnRpY2F0ZUhhbmRsZXJ8fHxsaWIvaGFuZGxlcnMvYXV0aGVudGljYXRlLWhhbmRsZXIuanM6OnByb2dyYW0=
IDENT	68719478111	bGliL2Vycm9ycy9pbnN1ZmZpY2llbnQtc2NvcGUtZXJyb3IuanM6OnByb2dyYW06SW5zdWZmaWNpZW50U2NvcGVFcnJvcnx8fEluc3VmZmljaWVudFNjb3BlRXJyb3I=
IDENT	68719478113	bGliL2Vycm9ycy9pbnN1ZmZpY2llbnQtc2NvcGUtZXJyb3IuanM6OnByb2dyYW06SW5zdWZmaWNpZW50U2NvcGVFcnJvcnx8fEluc3VmZmljaWVudFNjb3BlRXJyb3I=
IDENT	68719478114	bGliL2Vycm9ycy9pbnN1ZmZpY2llbnQtc2NvcGUtZXJyb3IuanM6OnByb2dyYW06SW5zdWZmaWNpZW50U2NvcGVFcnJvcnx8fEluc3VmZmljaWVudFNjb3BlRXJyb3I=
IDENT	68719478116	bGliL2hhbmRsZXJzL2F1dGhlbnRpY2F0ZS1oYW5kbGVyLmpzOjpwcm9ncmFtOkF1dGhlbnRpY2F0ZUhhbmRsZXJ8fHxsaWIvaGFuZGxlcnMvYXV0aGVudGljYXRlLWhhbmRsZXIuanM6OnByb2dyYW0=
IDENT	68719478117	bGliL2hhbmRsZXJzL2F1dGhlbnRpY2F0ZS1oYW5kbGVyLmpzOjpwcm9ncmFtOkF1dGhlbnRpY2F0ZUhhbmRsZXJ8fHxsaWIvaGFuZGxlcnMvYXV0aGVudGljYXRlLWhhbmRsZXIuanM6OnByb2dyYW0=
IDENT	68719478118	bGliL3Jlc3BvbnNlLmpzOjpwcm9ncmFtOlJlc3BvbnNlfHx8UmVzcG9uc2U=
IDENT	68719478119	bGliL3Jlc3BvbnNlLmpzOjpwcm9ncmFtOlJlc3BvbnNlfHx8UmVzcG9uc2U=
IDENT	68719478121	bGliL2hhbmRsZXJzL2F1dGhlbnRpY2F0ZS1oYW5kbGVyLmpzOjpwcm9ncmFtOkF1dGhlbnRpY2F0ZUhhbmRsZXJ8fHxsaWIvaGFuZGxlcnMvYXV0aGVudGljYXRlLWhhbmRsZXIuanM6OnByb2dyYW0=
IDENT	68719478123	bGliL2hhbmRsZXJzL2F1dGhlbnRpY2F0ZS1oYW5kbGVyLmpzOjpwcm9ncmFtOkF1dGhlbnRpY2F0ZUhhbmRsZXJ8fHxsaWIvaGFuZGxlcnMvYXV0aGVudGljYXRlLWhhbmRsZXIuanM6OnByb2dyYW0=
IDENT	68719478124	bGliL2hhbmRsZXJzL2F1dGhlbnRpY2F0ZS1oYW5kbGVyLmpzOjpwcm9ncmFtOkF1dGhlbnRpY2F0ZUhhbmRsZXJ8fHxsaWIvaGFuZGxlcnMvYXV0aGVudGljYXRlLWhhbmRsZXIuanM6OnByb2dyYW0=
IDENT	68719478125	bGliL3Jlc3BvbnNlLmpzOjpwcm9ncmFtOlJlc3BvbnNlfHx8UmVzcG9uc2U=
IDENT	68719478126	bGliL3Jlc3BvbnNlLmpzOjpwcm9ncmFtOlJlc3BvbnNlfHx8UmVzcG9uc2U=
IDENT	68719478132	bGliL2hhbmRsZXJzL2F1dGhlbnRpY2F0ZS1oYW5kbGVyLmpzOjpwcm9ncmFt
IDENT	68719478133	bGliL2Vycm9ycy9pbnZhbGlkLXJlcXVlc3QtZXJyb3IuanM6OnByb2dyYW06SW52YWxpZFJlcXVlc3R8fHxJbnZhbGlkUmVxdWVzdA==
IDENT	68719478135	bGliL2hhbmRsZXJzL2F1dGhlbnRpY2F0ZS1oYW5kbGVyLmpzOjpwcm9ncmFt
IDENT	68719478138	bGliL2hhbmRsZXJzL2F1dGhlbnRpY2F0ZS1oYW5kbGVyLmpzOjpwcm9ncmFt
IDENT	68719478141	bGliL2hhbmRsZXJzL2F1dGhlbnRpY2F0ZS1oYW5kbGVyLmpzOjpwcm9ncmFt
IDENT	68719478144	bGliL2hhbmRsZXJzL2F1dGhlbnRpY2F0ZS1oYW5kbGVyLmpzOjpwcm9ncmFt
IDENT	68719478147	bGliL2hhbmRsZXJzL2F1dGhlbnRpY2F0ZS1oYW5kbGVyLmpzOjpwcm9ncmFt
IDENT	68719478150	bGliL2hhbmRsZXJzL2F1dGhlbnRpY2F0ZS1oYW5kbGVyLmpzOjpwcm9ncmFt
IDENT	68719478153	bGliL2hhbmRsZXJzL2F1dGhlbnRpY2F0ZS1oYW5kbGVyLmpzOjpwcm9ncmFt
IDENT	68719478156	bGliL2hhbmRsZXJzL2F1dGhlbnRpY2F0ZS1oYW5kbGVyLmpzOjpwcm9ncmFt
IDENT	68719478159	bGliL2hhbmRsZXJzL2F1dGhlbnRpY2F0ZS1oYW5kbGVyLmpzOjpwcm9ncmFt
IDENT	68719478163	bGliL2hhbmRsZXJzL2F1dGhlbnRpY2F0ZS1oYW5kbGVyLmpzOjpwcm9ncmFtOkF1dGhlbnRpY2F0ZUhhbmRsZXI6PGluaXQ+fHx8bGliL2hhbmRsZXJzL2F1dGhlbnRpY2F0ZS1oYW5kbGVyLmpzOjpwcm9ncmFtOkF1dGhlbnRpY2F0ZUhhbmRsZXI=
IDENT	68719478171	bGliL2Vycm9ycy9pbnZhbGlkLWFyZ3VtZW50LWVycm9yLmpzOjpwcm9ncmFtOkludmFsaWRBcmd1bWVudEVycm9yfHx8SW52YWxpZEFyZ3VtZW50RXJyb3I=
IDENT	68719478173	bGliL2Vycm9ycy9pbnZhbGlkLWFyZ3VtZW50LWVycm9yLmpzOjpwcm9ncmFtOkludmFsaWRBcmd1bWVudEVycm9yfHx8SW52YWxpZEFyZ3VtZW50RXJyb3I=
IDENT	68719478174	bGliL2Vycm9ycy9pbnZhbGlkLWFyZ3VtZW50LWVycm9yLmpzOjpwcm9ncmFtOkludmFsaWRBcmd1bWVudEVycm9yfHx8SW52YWxpZEFyZ3VtZW50RXJyb3I=
IDENT	68719478176	bGliL2Vycm9ycy9pbnZhbGlkLWFyZ3VtZW50LWVycm9yLmpzOjpwcm9ncmFtOkludmFsaWRBcmd1bWVudEVycm9yfHx8SW52YWxpZEFyZ3VtZW50RXJyb3I=
IDENT	68719478178	bGliL2Vycm9ycy9pbnZhbGlkLWFyZ3VtZW50LWVycm9yLmpzOjpwcm9ncmFtOkludmFsaWRBcmd1bWVudEVycm9yfHx8SW52YWxpZEFyZ3VtZW50RXJyb3I=
IDENT	68719478179	bGliL2Vycm9ycy9pbnZhbGlkLWFyZ3VtZW50LWVycm9yLmpzOjpwcm9ncmFtOkludmFsaWRBcmd1bWVudEVycm9yfHx8SW52YWxpZEFyZ3VtZW50RXJyb3I=
IDENT	68719478181	bGliL2Vycm9ycy9pbnZhbGlkLWFyZ3VtZW50LWVycm9yLmpzOjpwcm9ncmFtOkludmFsaWRBcmd1bWVudEVycm9yfHx8SW52YWxpZEFyZ3VtZW50RXJyb3I=
IDENT	68719478183	bGliL2Vycm9ycy9pbnZhbGlkLWFyZ3VtZW50LWVycm9yLmpzOjpwcm9ncmFtOkludmFsaWRBcmd1bWVudEVycm9yfHx8SW52YWxpZEFyZ3VtZW50RXJyb3I=
IDENT	68719478184	bGliL2Vycm9ycy9pbnZhbGlkLWFyZ3VtZW50LWVycm9yLmpzOjpwcm9ncmFtOkludmFsaWRBcmd1bWVudEVycm9yfHx8SW52YWxpZEFyZ3VtZW50RXJyb3I=
IDENT	68719478186	bGliL2Vycm9ycy9pbnZhbGlkLWFyZ3VtZW50LWVycm9yLmpzOjpwcm9ncmFtOkludmFsaWRBcmd1bWVudEVycm9yfHx8SW52YWxpZEFyZ3VtZW50RXJyb3I=
IDENT	68719478188	bGliL2Vycm9ycy9pbnZhbGlkLWFyZ3VtZW50LWVycm9yLmpzOjpwcm9ncmFtOkludmFsaWRBcmd1bWVudEVycm9yfHx8SW52YWxpZEFyZ3VtZW50RXJyb3I=
IDENT	68719478189	bGliL2Vycm9ycy9pbnZhbGlkLWFyZ3VtZW50LWVycm9yLmpzOjpwcm9ncmFtOkludmFsaWRBcmd1bWVudEVycm9yfHx8SW52YWxpZEFyZ3VtZW50RXJyb3I=
IDENT	68719478191	bGliL2Vycm9ycy9pbnZhbGlkLWFyZ3VtZW50LWVycm9yLmpzOjpwcm9ncmFtOkludmFsaWRBcmd1bWVudEVycm9yfHx8SW52YWxpZEFyZ3VtZW50RXJyb3I=
IDENT	68719478193	bGliL2Vycm9ycy9pbnZhbGlkLWFyZ3VtZW50LWVycm9yLmpzOjpwcm9ncmFtOkludmFsaWRBcmd1bWVudEVycm9yfHx8SW52YWxpZEFyZ3VtZW50RXJyb3I=
IDENT	68719478194	bGliL2Vycm9ycy9pbnZhbGlkLWFyZ3VtZW50LWVycm9yLmpzOjpwcm9ncmFtOkludmFsaWRBcmd1bWVudEVycm9yfHx8SW52YWxpZEFyZ3VtZW50RXJyb3I=
IDENT	68719478195	bGliL2hhbmRsZXJzL2F1dGhvcml6ZS1oYW5kbGVyLmpzOjpwcm9ncmFtOkF1dGhvcml6ZUhhbmRsZXJ8fHxsaWIvaGFuZGxlcnMvYXV0aG9yaXplLWhhbmRsZXIuanM6OnByb2dyYW0=
IDENT	68719478197	bGliL2hhbmRsZXJzL2F1dGhvcml6ZS1oYW5kbGVyLmpzOjpwcm9ncmFtOkF1dGhvcml6ZUhhbmRsZXJ8fHxsaWIvaGFuZGxlcnMvYXV0aG9yaXplLWhhbmRsZXIuanM6OnByb2dyYW0=
IDENT	68719478199	bGliL2hhbmRsZXJzL2F1dGhlbnRpY2F0ZS1oYW5kbGVyLmpzOjpwcm9ncmFtOkF1dGhlbnRpY2F0ZUhhbmRsZXJ8fHxBdXRoZW50aWNhdGVIYW5kbGVy
IDENT	68719478201	bGliL2hhbmRsZXJzL2F1dGhlbnRpY2F0ZS1oYW5kbGVyLmpzOjpwcm9ncmFtOkF1dGhlbnRpY2F0ZUhhbmRsZXJ8fHxBdXRoZW50aWNhdGVIYW5kbGVy
IDENT	68719478203	bGliL2hhbmRsZXJzL2F1dGhlbnRpY2F0ZS1oYW5kbGVyLmpzOjpwcm9ncmFtOkF1dGhlbnRpY2F0ZUhhbmRsZXJ8fHxBdXRoZW50aWNhdGVIYW5kbGVy
IDENT	68719478204	bGliL2hhbmRsZXJzL2F1dGhvcml6ZS1oYW5kbGVyLmpzOjpwcm9ncmFtOkF1dGhvcml6ZUhhbmRsZXJ8fHxsaWIvaGFuZGxlcnMvYXV0aG9yaXplLWhhbmRsZXIuanM6OnByb2dyYW0=
IDENT	68719478206	bGliL2hhbmRsZXJzL2F1dGhvcml6ZS1oYW5kbGVyLmpzOjpwcm9ncmFtOkF1dGhvcml6ZUhhbmRsZXJ8fHxsaWIvaGFuZGxlcnMvYXV0aG9yaXplLWhhbmRsZXIuanM6OnByb2dyYW0=
IDENT	68719478208	bGliL2hhbmRsZXJzL2F1dGhvcml6ZS1oYW5kbGVyLmpzOjpwcm9ncmFtOkF1dGhvcml6ZUhhbmRsZXJ8fHxsaWIvaGFuZGxlcnMvYXV0aG9yaXplLWhhbmRsZXIuanM6OnByb2dyYW0=
IDENT	68719478210	bGliL2hhbmRsZXJzL2F1dGhvcml6ZS1oYW5kbGVyLmpzOjpwcm9ncmFtOkF1dGhvcml6ZUhhbmRsZXJ8fHxsaWIvaGFuZGxlcnMvYXV0aG9yaXplLWhhbmRsZXIuanM6OnByb2dyYW0=
IDENT	68719478214	bGliL2Vycm9ycy9pbnZhbGlkLWFyZ3VtZW50LWVycm9yLmpzOjpwcm9ncmFtOkludmFsaWRBcmd1bWVudEVycm9yfHx8SW52YWxpZEFyZ3VtZW50RXJyb3I=
IDENT	68719478216	bGliL2Vycm9ycy9pbnZhbGlkLWFyZ3VtZW50LWVycm9yLmpzOjpwcm9ncmFtOkludmFsaWRBcmd1bWVudEVycm9yfHx8SW52YWxpZEFyZ3VtZW50RXJyb3I=
IDENT	68719478217	bGliL2Vycm9ycy9pbnZhbGlkLWFyZ3VtZW50LWVycm9yLmpzOjpwcm9ncmFtOkludmFsaWRBcmd1bWVudEVycm9yfHx8SW52YWxpZEFyZ3VtZW50RXJyb3I=
IDENT	68719478220	bGliL2Vycm9ycy9pbnZhbGlkLWFyZ3VtZW50LWVycm9yLmpzOjpwcm9ncmFtOkludmFsaWRBcmd1bWVudEVycm9yfHx8SW52YWxpZEFyZ3VtZW50RXJyb3I=
IDENT	68719478222	bGliL2Vycm9ycy9pbnZhbGlkLWFyZ3VtZW50LWVycm9yLmpzOjpwcm9ncmFtOkludmFsaWRBcmd1bWVudEVycm9yfHx8SW52YWxpZEFyZ3VtZW50RXJyb3I=
IDENT	68719478223	bGliL2Vycm9ycy9pbnZhbGlkLWFyZ3VtZW50LWVycm9yLmpzOjpwcm9ncmFtOkludmFsaWRBcmd1bWVudEVycm9yfHx8SW52YWxpZEFyZ3VtZW50RXJyb3I=
IDENT	68719478225	bGliL2hhbmRsZXJzL2F1dGhvcml6ZS1oYW5kbGVyLmpzOjpwcm9ncmFtOkF1dGhvcml6ZUhhbmRsZXJ8fHxsaWIvaGFuZGxlcnMvYXV0aG9yaXplLWhhbmRsZXIuanM6OnByb2dyYW0=
IDENT	68719478226	bGliL2hhbmRsZXJzL2F1dGhvcml6ZS1oYW5kbGVyLmpzOjpwcm9ncmFtOkF1dGhvcml6ZUhhbmRsZXJ8fHxsaWIvaGFuZGxlcnMvYXV0aG9yaXplLWhhbmRsZXIuanM6OnByb2dyYW0=
IDENT	68719478228	bGliL2hhbmRsZXJzL2F1dGhvcml6ZS1oYW5kbGVyLmpzOjpwcm9ncmFtOkF1dGhvcml6ZUhhbmRsZXJ8fHxsaWIvaGFuZGxlcnMvYXV0aG9yaXplLWhhbmRsZXIuanM6OnByb2dyYW0=
IDENT	68719478229	bGliL2hhbmRsZXJzL2F1dGhvcml6ZS1oYW5kbGVyLmpzOjpwcm9ncmFtOkF1dGhvcml6ZUhhbmRsZXJ8fHxsaWIvaGFuZGxlcnMvYXV0aG9yaXplLWhhbmRsZXIuanM6OnByb2dyYW0=
IDENT	68719478232	bGliL2hhbmRsZXJzL2F1dGhvcml6ZS1oYW5kbGVyLmpzOjpwcm9ncmFtOkF1dGhvcml6ZUhhbmRsZXJ8fHxsaWIvaGFuZGxlcnMvYXV0aG9yaXplLWhhbmRsZXIuanM6OnByb2dyYW0=
IDENT	68719478233	bGliL2hhbmRsZXJzL2F1dGhvcml6ZS1oYW5kbGVyLmpzOjpwcm9ncmFtOkF1dGhvcml6ZUhhbmRsZXJ8fHxsaWIvaGFuZGxlcnMvYXV0aG9yaXplLWhhbmRsZXIuanM6OnByb2dyYW0=
IDENT	68719478236	bGliL2hhbmRsZXJzL2F1dGhvcml6ZS1oYW5kbGVyLmpzOjpwcm9ncmFtOkF1dGhvcml6ZUhhbmRsZXI6Z2V0UmVkaXJlY3RVcmk6PHJldHVyblZhbHVlPnx8fHVybDpwYXJzZTo8cmV0dXJuVmFsdWU+
IDENT	68719478237	bGliL2hhbmRsZXJzL2F1dGhvcml6ZS1oYW5kbGVyLmpzOjpwcm9ncmFtOkF1dGhvcml6ZUhhbmRsZXJ8fHxsaWIvaGFuZGxlcnMvYXV0aG9yaXplLWhhbmRsZXIuanM6OnByb2dyYW0=
IDENT	68719478238	bGliL2hhbmRsZXJzL2F1dGhvcml6ZS1oYW5kbGVyLmpzOjpwcm9ncmFtOkF1dGhvcml6ZUhhbmRsZXJ8fHxsaWIvaGFuZGxlcnMvYXV0aG9yaXplLWhhbmRsZXIuanM6OnByb2dyYW0=
IDENT	68719478242	bGliL2hhbmRsZXJzL2F1dGhvcml6ZS1oYW5kbGVyLmpzOjpwcm9ncmFtOkF1dGhvcml6ZUhhbmRsZXJ8fHxsaWIvaGFuZGxlcnMvYXV0aG9yaXplLWhhbmRsZXIuanM6OnByb2dyYW0=
IDENT	68719478243	bGliL2hhbmRsZXJzL2F1dGhvcml6ZS1oYW5kbGVyLmpzOjpwcm9ncmFtOkF1dGhvcml6ZUhhbmRsZXJ8fHxsaWIvaGFuZGxlcnMvYXV0aG9yaXplLWhhbmRsZXIuanM6OnByb2dyYW0=
IDENT	68719478247	bGliL2Vycm9ycy9hY2Nlc3MtZGVuaWVkLWVycm9yLmpzOjpwcm9ncmFtOkFjY2Vzc0RlbmllZEVycm9yfHx8QWNjZXNzRGVuaWVkRXJyb3I=
IDENT	68719478249	bGliL2Vycm9ycy9hY2Nlc3MtZGVuaWVkLWVycm9yLmpzOjpwcm9ncmFtOkFjY2Vzc0RlbmllZEVycm9yfHx8QWNjZXNzRGVuaWVkRXJyb3I=
IDENT	68719478250	bGliL2Vycm9ycy9hY2Nlc3MtZGVuaWVkLWVycm9yLmpzOjpwcm9ncmFtOkFjY2Vzc0RlbmllZEVycm9yfHx8QWNjZXNzRGVuaWVkRXJyb3I=
IDENT	68719478252	bGliL2hhbmRsZXJzL2F1dGhvcml6ZS1oYW5kbGVyLmpzOjpwcm9ncmFtOkF1dGhvcml6ZUhhbmRsZXJ8fHxsaWIvaGFuZGxlcnMvYXV0aG9yaXplLWhhbmRsZXIuanM6OnByb2dyYW0=
IDENT	68719478253	bGliL2hhbmRsZXJzL2F1dGhvcml6ZS1oYW5kbGVyLmpzOjpwcm9ncmFtOkF1dGhvcml6ZUhhbmRsZXJ8fHxsaWIvaGFuZGxlcnMvYXV0aG9yaXplLWhhbmRsZXIuanM6OnByb2dyYW0=
IDENT	68719478256	bGliL2hhbmRsZXJzL2F1dGhvcml6ZS1oYW5kbGVyLmpzOjpwcm9ncmFtOkF1dGhvcml6ZUhhbmRsZXJ8fHxsaWIvaGFuZGxlcnMvYXV0aG9yaXplLWhhbmRsZXIuanM6OnByb2dyYW0=
IDENT	68719478257	bGliL2hhbmRsZXJzL2F1dGhvcml6ZS1oYW5kbGVyLmpzOjpwcm9ncmFtOkF1dGhvcml6ZUhhbmRsZXJ8fHxsaWIvaGFuZGxlcnMvYXV0aG9yaXplLWhhbmRsZXIuanM6OnByb2dyYW0=
IDENT	68719478262	bGliL2hhbmRsZXJzL2F1dGhvcml6ZS1oYW5kbGVyLmpzOjpwcm9ncmFtOkF1dGhvcml6ZUhhbmRsZXJ8fHxsaWIvaGFuZGxlcnMvYXV0aG9yaXplLWhhbmRsZXIuanM6OnByb2dyYW0=
IDENT	68719478263	bGliL2hhbmRsZXJzL2F1dGhvcml6ZS1oYW5kbGVyLmpzOjpwcm9ncmFtOkF1dGhvcml6ZUhhbmRsZXJ8fHxsaWIvaGFuZGxlcnMvYXV0aG9yaXplLWhhbmRsZXIuanM6OnByb2dyYW0=
IDENT	68719478268	bGliL2hhbmRsZXJzL2F1dGhvcml6ZS1oYW5kbGVyLmpzOjpwcm9ncmFtOkF1dGhvcml6ZUhhbmRsZXJ8fHxsaWIvaGFuZGxlcnMvYXV0aG9yaXplLWhhbmRsZXIuanM6OnByb2dyYW0=
IDENT	68719478269	bGliL2hhbmRsZXJzL2F1dGhvcml6ZS1oYW5kbGVyLmpzOjpwcm9ncmFtOkF1dGhvcml6ZUhhbmRsZXJ8fHxsaWIvaGFuZGxlcnMvYXV0aG9yaXplLWhhbmRsZXIuanM6OnByb2dyYW0=
IDENT	68719478272	bGliL2hhbmRsZXJzL2F1dGhvcml6ZS1oYW5kbGVyLmpzOjpwcm9ncmFtOkF1dGhvcml6ZUhhbmRsZXJ8fHxsaWIvaGFuZGxlcnMvYXV0aG9yaXplLWhhbmRsZXIuanM6OnByb2dyYW0=
IDENT	68719478273	bGliL2hhbmRsZXJzL2F1dGhvcml6ZS1oYW5kbGVyLmpzOjpwcm9ncmFtOkF1dGhvcml6ZUhhbmRsZXJ8fHxsaWIvaGFuZGxlcnMvYXV0aG9yaXplLWhhbmRsZXIuanM6OnByb2dyYW0=
IDENT	68719478275	bGliL2hhbmRsZXJzL2F1dGhvcml6ZS1oYW5kbGVyLmpzOjpwcm9ncmFtOkF1dGhvcml6ZUhhbmRsZXJ8fHxsaWIvaGFuZGxlcnMvYXV0aG9yaXplLWhhbmRsZXIuanM6OnByb2dyYW0=
IDENT	68719478277	bGliL2Vycm9ycy9pbnZhbGlkLXJlcXVlc3QtZXJyb3IuanM6OnByb2dyYW06SW52YWxpZFJlcXVlc3R8fHxJbnZhbGlkUmVxdWVzdA==
IDENT	68719478278	bGliL2Vycm9ycy9pbnZhbGlkLXJlcXVlc3QtZXJyb3IuanM6OnByb2dyYW06SW52YWxpZFJlcXVlc3R8fHxJbnZhbGlkUmVxdWVzdA==
IDENT	68719478279	bGliL2Vycm9ycy9pbnZhbGlkLXJlcXVlc3QtZXJyb3IuanM6OnByb2dyYW06SW52YWxpZFJlcXVlc3R8fHxJbnZhbGlkUmVxdWVzdA==
IDENT	68719478280	bGliL2Vycm9ycy9pbnZhbGlkLXJlcXVlc3QtZXJyb3IuanM6OnByb2dyYW06SW52YWxpZFJlcXVlc3R8fHxJbnZhbGlkUmVxdWVzdA==
IDENT	68719478282	bGliL2hhbmRsZXJzL2F1dGhvcml6ZS1oYW5kbGVyLmpzOjpwcm9ncmFtOkF1dGhvcml6ZUhhbmRsZXJ8fHxsaWIvaGFuZGxlcnMvYXV0aG9yaXplLWhhbmRsZXIuanM6OnByb2dyYW0=
IDENT	68719478283	bGliL2hhbmRsZXJzL2F1dGhvcml6ZS1oYW5kbGVyLmpzOjpwcm9ncmFtOkF1dGhvcml6ZUhhbmRsZXJ8fHxsaWIvaGFuZGxlcnMvYXV0aG9yaXplLWhhbmRsZXIuanM6OnByb2dyYW0=
IDENT	68719478285	eyBhdXRob3JpemF0aW9uQ29kZTogQU5ZOyBleHBpcmVzQXQ6IEFOWTsgcmVkaXJlY3RVcmk6IEFOWTsgc2NvcGU6IEFOWTsgfXx8fE9iamVjdC5hc3NpZ246PHJldHVyblZhbHVlPg==
IDENT	68719478286	bGliL2hhbmRsZXJzL2F1dGhvcml6ZS1oYW5kbGVyLmpzOjpwcm9ncmFtOkF1dGhvcml6ZUhhbmRsZXJ8fHxsaWIvaGFuZGxlcnMvYXV0aG9yaXplLWhhbmRsZXIuanM6OnByb2dyYW0=
IDENT	68719478287	bGliL2hhbmRsZXJzL2F1dGhvcml6ZS1oYW5kbGVyLmpzOjpwcm9ncmFtOkF1dGhvcml6ZUhhbmRsZXJ8fHxsaWIvaGFuZGxlcnMvYXV0aG9yaXplLWhhbmRsZXIuanM6OnByb2dyYW0=
IDENT	68719478292	bGliL2hhbmRsZXJzL2F1dGhvcml6ZS1oYW5kbGVyLmpzOjpwcm9ncmFtOkF1dGhvcml6ZUhhbmRsZXI6Z2V0UmVkaXJlY3RVcmk6PHJldHVyblZhbHVlPnx8fHVybDpwYXJzZTo8cmV0dXJuVmFsdWU+
IDENT	68719478300	eyBhdXRob3JpemF0aW9uQ29kZTogQU5ZOyBleHBpcmVzQXQ6IEFOWTsgcmVkaXJlY3RVcmk6IEFOWTsgc2NvcGU6IEFOWTsgfXx8fE9iamVjdC5hc3NpZ246PHJldHVyblZhbHVlPg==
IDENT	68719478302	bGliL2hhbmRsZXJzL2F1dGhvcml6ZS1oYW5kbGVyLmpzOjpwcm9ncmFtOkF1dGhvcml6ZUhhbmRsZXI6YnVpbGRTdWNjZXNzUmVkaXJlY3RVcmk6PHJldHVyblZhbHVlPnx8fHVybDpwYXJzZTo8cmV0dXJuVmFsdWU+fHx8bGliL2hhbmRsZXJzL2F1dGhvcml6ZS1oYW5kbGVyLmpzOjpwcm9ncmFtOkF1dGhvcml6ZUhhbmRsZXI6Z2V0UmVkaXJlY3RVcmk6PHJldHVyblZhbHVlPg==
IDENT	68719478303	bGliL2hhbmRsZXJzL2F1dGhvcml6ZS1oYW5kbGVyLmpzOjpwcm9ncmFtOkF1dGhvcml6ZUhhbmRsZXJ8fHxsaWIvaGFuZGxlcnMvYXV0aG9yaXplLWhhbmRsZXIuanM6OnByb2dyYW0=
IDENT	68719478304	bGliL2hhbmRsZXJzL2F1dGhvcml6ZS1oYW5kbGVyLmpzOjpwcm9ncmFtOkF1dGhvcml6ZUhhbmRsZXJ8fHxsaWIvaGFuZGxlcnMvYXV0aG9yaXplLWhhbmRsZXIuanM6OnByb2dyYW0=
IDENT	68719478305	bGliL2hhbmRsZXJzL2F1dGhvcml6ZS1oYW5kbGVyLmpzOjpwcm9ncmFtOkF1dGhvcml6ZUhhbmRsZXI6Z2V0UmVkaXJlY3RVcmk6PHJldHVyblZhbHVlPnx8fHVybDpwYXJzZTo8cmV0dXJuVmFsdWU+
IDENT	68719478307	bGliL2hhbmRsZXJzL2F1dGhvcml6ZS1oYW5kbGVyLmpzOjpwcm9ncmFtOkF1dGhvcml6ZUhhbmRsZXJ8fHxsaWIvaGFuZGxlcnMvYXV0aG9yaXplLWhhbmRsZXIuanM6OnByb2dyYW0=
IDENT	68719478308	bGliL2hhbmRsZXJzL2F1dGhvcml6ZS1oYW5kbGVyLmpzOjpwcm9ncmFtOkF1dGhvcml6ZUhhbmRsZXJ8fHxsaWIvaGFuZGxlcnMvYXV0aG9yaXplLWhhbmRsZXIuanM6OnByb2dyYW0=
IDENT	68719478310	bGliL2hhbmRsZXJzL2F1dGhvcml6ZS1oYW5kbGVyLmpzOjpwcm9ncmFtOkF1dGhvcml6ZUhhbmRsZXI6YnVpbGRTdWNjZXNzUmVkaXJlY3RVcmk6PHJldHVyblZhbHVlPnx8fHVybDpwYXJzZTo8cmV0dXJuVmFsdWU+fHx8bGliL2hhbmRsZXJzL2F1dGhvcml6ZS1oYW5kbGVyLmpzOjpwcm9ncmFtOkF1dGhvcml6ZUhhbmRsZXI6Z2V0UmVkaXJlY3RVcmk6PHJldHVyblZhbHVlPg==
IDENT	68719478312	eyBhdXRob3JpemF0aW9uQ29kZTogQU5ZOyBleHBpcmVzQXQ6IEFOWTsgcmVkaXJlY3RVcmk6IEFOWTsgc2NvcGU6IEFOWTsgfXx8fE9iamVjdC5hc3NpZ246PHJldHVyblZhbHVlPg==
IDENT	68719478314	bGliL2Vycm9ycy9vYXV0aC1lcnJvci5qczo6cHJvZ3JhbTpPQXV0aEVycm9yfHx8bGliL2Vycm9ycy9zZXJ2ZXItZXJyb3IuanM6OnByb2dyYW06U2VydmVyRXJyb3J8fHxPQXV0aEVycm9yfHx8U2VydmVyRXJyb3I=
IDENT	68719478316	bGliL2Vycm9ycy9vYXV0aC1lcnJvci5qczo6cHJvZ3JhbTpPQXV0aEVycm9yfHx8bGliL2Vycm9ycy9zZXJ2ZXItZXJyb3IuanM6OnByb2dyYW06U2VydmVyRXJyb3J8fHxPQXV0aEVycm9yfHx8U2VydmVyRXJyb3I=
IDENT	68719478318	bGliL2Vycm9ycy9vYXV0aC1lcnJvci5qczo6cHJvZ3JhbTpPQXV0aEVycm9yfHx8bGliL2Vycm9ycy9zZXJ2ZXItZXJyb3IuanM6OnByb2dyYW06U2VydmVyRXJyb3J8fHxPQXV0aEVycm9yfHx8U2VydmVyRXJyb3I=
IDENT	68719478320	bGliL2Vycm9ycy9vYXV0aC1lcnJvci5qczo6cHJvZ3JhbTpPQXV0aEVycm9yfHx8bGliL2Vycm9ycy9zZXJ2ZXItZXJyb3IuanM6OnByb2dyYW06U2VydmVyRXJyb3J8fHxPQXV0aEVycm9yfHx8U2VydmVyRXJyb3I=
IDENT	68719478321	bGliL2Vycm9ycy9zZXJ2ZXItZXJyb3IuanM6OnByb2dyYW06U2VydmVyRXJyb3J8fHxTZXJ2ZXJFcnJvcg==
IDENT	68719478323	bGliL2Vycm9ycy9zZXJ2ZXItZXJyb3IuanM6OnByb2dyYW06U2VydmVyRXJyb3J8fHxTZXJ2ZXJFcnJvcg==
IDENT	68719478324	bGliL2Vycm9ycy9vYXV0aC1lcnJvci5qczo6cHJvZ3JhbTpPQXV0aEVycm9yfHx8bGliL2Vycm9ycy9zZXJ2ZXItZXJyb3IuanM6OnByb2dyYW06U2VydmVyRXJyb3J8fHxPQXV0aEVycm9yfHx8U2VydmVyRXJyb3I=
IDENT	68719478325	bGliL2Vycm9ycy9zZXJ2ZXItZXJyb3IuanM6OnByb2dyYW06U2VydmVyRXJyb3J8fHxTZXJ2ZXJFcnJvcg==
IDENT	68719478326	bGliL2hhbmRsZXJzL2F1dGhvcml6ZS1oYW5kbGVyLmpzOjpwcm9ncmFtOkF1dGhvcml6ZUhhbmRsZXI6YnVpbGRTdWNjZXNzUmVkaXJlY3RVcmk6PHJldHVyblZhbHVlPnx8fHVybDpwYXJzZTo8cmV0dXJuVmFsdWU+fHx8bGliL2hhbmRsZXJzL2F1dGhvcml6ZS1oYW5kbGVyLmpzOjpwcm9ncmFtOkF1dGhvcml6ZUhhbmRsZXI6Z2V0UmVkaXJlY3RVcmk6PHJldHVyblZhbHVlPg==
IDENT	68719478327	bGliL2hhbmRsZXJzL2F1dGhvcml6ZS1oYW5kbGVyLmpzOjpwcm9ncmFtOkF1dGhvcml6ZUhhbmRsZXJ8fHxsaWIvaGFuZGxlcnMvYXV0aG9yaXplLWhhbmRsZXIuanM6OnByb2dyYW0=
IDENT	68719478328	bGliL2hhbmRsZXJzL2F1dGhvcml6ZS1oYW5kbGVyLmpzOjpwcm9ncmFtOkF1dGhvcml6ZUhhbmRsZXJ8fHxsaWIvaGFuZGxlcnMvYXV0aG9yaXplLWhhbmRsZXIuanM6OnByb2dyYW0=
IDENT	68719478329	bGliL2hhbmRsZXJzL2F1dGhvcml6ZS1oYW5kbGVyLmpzOjpwcm9ncmFtOkF1dGhvcml6ZUhhbmRsZXI6Z2V0UmVkaXJlY3RVcmk6PHJldHVyblZhbHVlPnx8fHVybDpwYXJzZTo8cmV0dXJuVmFsdWU+
IDENT	68719478330	bGliL2Vycm9ycy9vYXV0aC1lcnJvci5qczo6cHJvZ3JhbTpPQXV0aEVycm9yfHx8bGliL2Vycm9ycy9zZXJ2ZXItZXJyb3IuanM6OnByb2dyYW06U2VydmVyRXJyb3J8fHxPQXV0aEVycm9yfHx8U2VydmVyRXJyb3I=
IDENT	68719478331	bGliL2hhbmRsZXJzL2F1dGhvcml6ZS1oYW5kbGVyLmpzOjpwcm9ncmFtOkF1dGhvcml6ZUhhbmRsZXJ8fHxsaWIvaGFuZGxlcnMvYXV0aG9yaXplLWhhbmRsZXIuanM6OnByb2dyYW0=
IDENT	68719478332	bGliL2hhbmRsZXJzL2F1dGhvcml6ZS1oYW5kbGVyLmpzOjpwcm9ncmFtOkF1dGhvcml6ZUhhbmRsZXJ8fHxsaWIvaGFuZGxlcnMvYXV0aG9yaXplLWhhbmRsZXIuanM6OnByb2dyYW0=
IDENT	68719478334	bGliL2hhbmRsZXJzL2F1dGhvcml6ZS1oYW5kbGVyLmpzOjpwcm9ncmFtOkF1dGhvcml6ZUhhbmRsZXI6YnVpbGRTdWNjZXNzUmVkaXJlY3RVcmk6PHJldHVyblZhbHVlPnx8fHVybDpwYXJzZTo8cmV0dXJuVmFsdWU+fHx8bGliL2hhbmRsZXJzL2F1dGhvcml6ZS1oYW5kbGVyLmpzOjpwcm9ncmFtOkF1dGhvcml6ZUhhbmRsZXI6Z2V0UmVkaXJlY3RVcmk6PHJldHVyblZhbHVlPg==
IDENT	68719478336	bGliL2Vycm9ycy9vYXV0aC1lcnJvci5qczo6cHJvZ3JhbTpPQXV0aEVycm9yfHx8bGliL2Vycm9ycy9zZXJ2ZXItZXJyb3IuanM6OnByb2dyYW06U2VydmVyRXJyb3J8fHxPQXV0aEVycm9yfHx8U2VydmVyRXJyb3I=
IDENT	68719478337	bGliL2hhbmRsZXJzL2F1dGhvcml6ZS1oYW5kbGVyLmpzOjpwcm9ncmFtOkF1dGhvcml6ZUhhbmRsZXJ8fHxsaWIvaGFuZGxlcnMvYXV0aG9yaXplLWhhbmRsZXIuanM6OnByb2dyYW0=
IDENT	68719478339	bGliL2hhbmRsZXJzL2F1dGhvcml6ZS1oYW5kbGVyLmpzOjpwcm9ncmFtOkF1dGhvcml6ZUhhbmRsZXJ8fHxsaWIvaGFuZGxlcnMvYXV0aG9yaXplLWhhbmRsZXIuanM6OnByb2dyYW0=
IDENT	68719478346	RGF0ZUNvbnN0cnVjdG9yfHx8X19lY21hLkRhdGU=
IDENT	68719478351	RGF0ZUNvbnN0cnVjdG9yfHx8X19lY21hLkRhdGU=
IDENT	68719478352	RGF0ZUNvbnN0cnVjdG9yfHx8X19lY21hLkRhdGU=
IDENT	68719478353	RGF0ZUNvbnN0cnVjdG9yfHx8X19lY21hLkRhdGU=
IDENT	68719478354	RGF0ZUNvbnN0cnVjdG9yfHx8X19lY21hLkRhdGU=
IDENT	68719478355	bGliL2hhbmRsZXJzL2F1dGhvcml6ZS1oYW5kbGVyLmpzOjpwcm9ncmFtOkF1dGhvcml6ZUhhbmRsZXJ8fHxsaWIvaGFuZGxlcnMvYXV0aG9yaXplLWhhbmRsZXIuanM6OnByb2dyYW0=
IDENT	68719478356	RGF0ZUNvbnN0cnVjdG9yfHx8X19lY21hLkRhdGU=
IDENT	68719478358	bGliL2hhbmRsZXJzL2F1dGhvcml6ZS1oYW5kbGVyLmpzOjpwcm9ncmFtOkF1dGhvcml6ZUhhbmRsZXJ8fHxsaWIvaGFuZGxlcnMvYXV0aG9yaXplLWhhbmRsZXIuanM6OnByb2dyYW0=
IDENT	68719478363	bGliL2Vycm9ycy9pbnZhbGlkLXJlcXVlc3QtZXJyb3IuanM6OnByb2dyYW06SW52YWxpZFJlcXVlc3R8fHxJbnZhbGlkUmVxdWVzdA==
IDENT	68719478364	bGliL2Vycm9ycy9pbnZhbGlkLXJlcXVlc3QtZXJyb3IuanM6OnByb2dyYW06SW52YWxpZFJlcXVlc3R8fHxJbnZhbGlkUmVxdWVzdA==
IDENT	68719478365	bGliL2Vycm9ycy9pbnZhbGlkLXJlcXVlc3QtZXJyb3IuanM6OnByb2dyYW06SW52YWxpZFJlcXVlc3R8fHxJbnZhbGlkUmVxdWVzdA==
IDENT	68719478366	bGliL2Vycm9ycy9pbnZhbGlkLXJlcXVlc3QtZXJyb3IuanM6OnByb2dyYW06SW52YWxpZFJlcXVlc3R8fHxJbnZhbGlkUmVxdWVzdA==
IDENT	68719478370	bGliL2Vycm9ycy9pbnZhbGlkLXJlcXVlc3QtZXJyb3IuanM6OnByb2dyYW06SW52YWxpZFJlcXVlc3R8fHxJbnZhbGlkUmVxdWVzdA==
IDENT	68719478371	bGliL2Vycm9ycy9pbnZhbGlkLXJlcXVlc3QtZXJyb3IuanM6OnByb2dyYW06SW52YWxpZFJlcXVlc3R8fHxJbnZhbGlkUmVxdWVzdA==
IDENT	68719478372	bGliL2Vycm9ycy9pbnZhbGlkLXJlcXVlc3QtZXJyb3IuanM6OnByb2dyYW06SW52YWxpZFJlcXVlc3R8fHxJbnZhbGlkUmVxdWVzdA==
IDENT	68719478373	bGliL2Vycm9ycy9pbnZhbGlkLXJlcXVlc3QtZXJyb3IuanM6OnByb2dyYW06SW52YWxpZFJlcXVlc3R8fHxJbnZhbGlkUmVxdWVzdA==
IDENT	68719478374	bGliL2hhbmRsZXJzL2F1dGhvcml6ZS1oYW5kbGVyLmpzOjpwcm9ncmFtOkF1dGhvcml6ZUhhbmRsZXI6YnVpbGRTdWNjZXNzUmVkaXJlY3RVcmk6PHJldHVyblZhbHVlPnx8fHVybDpwYXJzZTo8cmV0dXJuVmFsdWU+fHx8bGliL2hhbmRsZXJzL2F1dGhvcml6ZS1oYW5kbGVyLmpzOjpwcm9ncmFtOkF1dGhvcml6ZUhhbmRsZXI6Z2V0UmVkaXJlY3RVcmk6PHJldHVyblZhbHVlPg==
IDENT	68719478377	bGliL2hhbmRsZXJzL2F1dGhvcml6ZS1oYW5kbGVyLmpzOjpwcm9ncmFtOkF1dGhvcml6ZUhhbmRsZXI6YnVpbGRTdWNjZXNzUmVkaXJlY3RVcmk6PHJldHVyblZhbHVlPnx8fHVybDpwYXJzZTo8cmV0dXJuVmFsdWU+fHx8bGliL2hhbmRsZXJzL2F1dGhvcml6ZS1oYW5kbGVyLmpzOjpwcm9ncmFtOkF1dGhvcml6ZUhhbmRsZXI6Z2V0UmVkaXJlY3RVcmk6PHJldHVyblZhbHVlPg==
IDENT	68719478380	bGliL2hhbmRsZXJzL2F1dGhvcml6ZS1oYW5kbGVyLmpzOjpwcm9ncmFtOkF1dGhvcml6ZUhhbmRsZXI6YnVpbGRTdWNjZXNzUmVkaXJlY3RVcmk6PHJldHVyblZhbHVlPnx8fHVybDpwYXJzZTo8cmV0dXJuVmFsdWU+fHx8bGliL2hhbmRsZXJzL2F1dGhvcml6ZS1oYW5kbGVyLmpzOjpwcm9ncmFtOkF1dGhvcml6ZUhhbmRsZXI6Z2V0UmVkaXJlY3RVcmk6PHJldHVyblZhbHVlPg==
IDENT	68719478381	bGliL2Vycm9ycy9pbnZhbGlkLXJlcXVlc3QtZXJyb3IuanM6OnByb2dyYW06SW52YWxpZFJlcXVlc3R8fHxJbnZhbGlkUmVxdWVzdA==
IDENT	68719478382	bGliL2Vycm9ycy9pbnZhbGlkLXJlcXVlc3QtZXJyb3IuanM6OnByb2dyYW06SW52YWxpZFJlcXVlc3R8fHxJbnZhbGlkUmVxdWVzdA==
IDENT	68719478383	bGliL2Vycm9ycy9pbnZhbGlkLXJlcXVlc3QtZXJyb3IuanM6OnByb2dyYW06SW52YWxpZFJlcXVlc3R8fHxJbnZhbGlkUmVxdWVzdA==
IDENT	68719478384	bGliL2Vycm9ycy9pbnZhbGlkLXJlcXVlc3QtZXJyb3IuanM6OnByb2dyYW06SW52YWxpZFJlcXVlc3R8fHxJbnZhbGlkUmVxdWVzdA==
IDENT	68719478387	bGliL2hhbmRsZXJzL2F1dGhvcml6ZS1oYW5kbGVyLmpzOjpwcm9ncmFtOkF1dGhvcml6ZUhhbmRsZXJ8fHxsaWIvaGFuZGxlcnMvYXV0aG9yaXplLWhhbmRsZXIuanM6OnByb2dyYW0=
IDENT	68719478391	bGliL2Vycm9ycy9pbnZhbGlkLWNsaWVudC1lcnJvci5qczo6cHJvZ3JhbTpJbnZhbGlkQ2xpZW50RXJyb3J8fHxJbnZhbGlkQ2xpZW50RXJyb3I=
IDENT	68719478393	bGliL2Vycm9ycy9pbnZhbGlkLWNsaWVudC1lcnJvci5qczo6cHJvZ3JhbTpJbnZhbGlkQ2xpZW50RXJyb3J8fHxJbnZhbGlkQ2xpZW50RXJyb3I=
IDENT	68719478394	bGliL2Vycm9ycy9pbnZhbGlkLWNsaWVudC1lcnJvci5qczo6cHJvZ3JhbTpJbnZhbGlkQ2xpZW50RXJyb3J8fHxJbnZhbGlkQ2xpZW50RXJyb3I=
IDENT	68719478396	bGliL2Vycm9ycy9pbnZhbGlkLWNsaWVudC1lcnJvci5qczo6cHJvZ3JhbTpJbnZhbGlkQ2xpZW50RXJyb3J8fHxJbnZhbGlkQ2xpZW50RXJyb3I=
IDENT	68719478398	bGliL2Vycm9ycy9pbnZhbGlkLWNsaWVudC1lcnJvci5qczo6cHJvZ3JhbTpJbnZhbGlkQ2xpZW50RXJyb3J8fHxJbnZhbGlkQ2xpZW50RXJyb3I=
IDENT	68719478399	bGliL2Vycm9ycy9pbnZhbGlkLWNsaWVudC1lcnJvci5qczo6cHJvZ3JhbTpJbnZhbGlkQ2xpZW50RXJyb3J8fHxJbnZhbGlkQ2xpZW50RXJyb3I=
IDENT	68719478406	bGliL2Vycm9ycy91bmF1dGhvcml6ZWQtY2xpZW50LWVycm9yLmpzOjpwcm9ncmFtOlVuYXV0aG9yaXplZENsaWVudEVycm9yfHx8VW5hdXRob3JpemVkQ2xpZW50RXJyb3I=
IDENT	68719478408	bGliL2Vycm9ycy91bmF1dGhvcml6ZWQtY2xpZW50LWVycm9yLmpzOjpwcm9ncmFtOlVuYXV0aG9yaXplZENsaWVudEVycm9yfHx8VW5hdXRob3JpemVkQ2xpZW50RXJyb3I=
IDENT	68719478409	bGliL2Vycm9ycy91bmF1dGhvcml6ZWQtY2xpZW50LWVycm9yLmpzOjpwcm9ncmFtOlVuYXV0aG9yaXplZENsaWVudEVycm9yfHx8VW5hdXRob3JpemVkQ2xpZW50RXJyb3I=
IDENT	68719478412	bGliL2Vycm9ycy9pbnZhbGlkLWNsaWVudC1lcnJvci5qczo6cHJvZ3JhbTpJbnZhbGlkQ2xpZW50RXJyb3J8fHxJbnZhbGlkQ2xpZW50RXJyb3I=
IDENT	68719478414	bGliL2Vycm9ycy9pbnZhbGlkLWNsaWVudC1lcnJvci5qczo6cHJvZ3JhbTpJbnZhbGlkQ2xpZW50RXJyb3J8fHxJbnZhbGlkQ2xpZW50RXJyb3I=
IDENT	68719478415	bGliL2Vycm9ycy9pbnZhbGlkLWNsaWVudC1lcnJvci5qczo6cHJvZ3JhbTpJbnZhbGlkQ2xpZW50RXJyb3J8fHxJbnZhbGlkQ2xpZW50RXJyb3I=
IDENT	68719478416	bGliL2hhbmRsZXJzL2F1dGhvcml6ZS1oYW5kbGVyLmpzOjpwcm9ncmFtOkF1dGhvcml6ZUhhbmRsZXI6YnVpbGRTdWNjZXNzUmVkaXJlY3RVcmk6PHJldHVyblZhbHVlPnx8fHVybDpwYXJzZTo8cmV0dXJuVmFsdWU+fHx8bGliL2hhbmRsZXJzL2F1dGhvcml6ZS1oYW5kbGVyLmpzOjpwcm9ncmFtOkF1dGhvcml6ZUhhbmRsZXI6Z2V0UmVkaXJlY3RVcmk6PHJldHVyblZhbHVlPg==
IDENT	68719478419	bGliL2hhbmRsZXJzL2F1dGhvcml6ZS1oYW5kbGVyLmpzOjpwcm9ncmFtfHx8dGhpcw==
IDENT	68719478420	bGliL2hhbmRsZXJzL2F1dGhvcml6ZS1oYW5kbGVyLmpzOjpwcm9ncmFtOkF1dGhvcml6ZUhhbmRsZXI6YnVpbGRTdWNjZXNzUmVkaXJlY3RVcmk6PHJldHVyblZhbHVlPnx8fHVybDpwYXJzZTo8cmV0dXJuVmFsdWU+fHx8bGliL2hhbmRsZXJzL2F1dGhvcml6ZS1oYW5kbGVyLmpzOjpwcm9ncmFtOkF1dGhvcml6ZUhhbmRsZXI6Z2V0UmVkaXJlY3RVcmk6PHJldHVyblZhbHVlPg==
IDENT	68719478423	bGliL2Vycm9ycy9pbnZhbGlkLWNsaWVudC1lcnJvci5qczo6cHJvZ3JhbTpJbnZhbGlkQ2xpZW50RXJyb3J8fHxJbnZhbGlkQ2xpZW50RXJyb3I=
IDENT	68719478425	bGliL2Vycm9ycy9pbnZhbGlkLWNsaWVudC1lcnJvci5qczo6cHJvZ3JhbTpJbnZhbGlkQ2xpZW50RXJyb3J8fHxJbnZhbGlkQ2xpZW50RXJyb3I=
IDENT	68719478426	bGliL2Vycm9ycy9pbnZhbGlkLWNsaWVudC1lcnJvci5qczo6cHJvZ3JhbTpJbnZhbGlkQ2xpZW50RXJyb3J8fHxJbnZhbGlkQ2xpZW50RXJyb3I=
IDENT	68719478428	bGliL2hhbmRsZXJzL2F1dGhvcml6ZS1oYW5kbGVyLmpzOjpwcm9ncmFtOkF1dGhvcml6ZUhhbmRsZXJ8fHxsaWIvaGFuZGxlcnMvYXV0aG9yaXplLWhhbmRsZXIuanM6OnByb2dyYW0=
IDENT	68719478431	bGliL2hhbmRsZXJzL2F1dGhvcml6ZS1oYW5kbGVyLmpzOjpwcm9ncmFtOkF1dGhvcml6ZUhhbmRsZXJ8fHxsaWIvaGFuZGxlcnMvYXV0aG9yaXplLWhhbmRsZXIuanM6OnByb2dyYW0=
IDENT	68719478437	bGliL2Vycm9ycy9pbnZhbGlkLXNjb3BlLWVycm9yLmpzOjpwcm9ncmFtOkludmFsaWRTY29wZUVycm9yfHx8SW52YWxpZFNjb3BlRXJyb3I=
IDENT	68719478439	bGliL2Vycm9ycy9pbnZhbGlkLXNjb3BlLWVycm9yLmpzOjpwcm9ncmFtOkludmFsaWRTY29wZUVycm9yfHx8SW52YWxpZFNjb3BlRXJyb3I=
IDENT	68719478440	bGliL2Vycm9ycy9pbnZhbGlkLXNjb3BlLWVycm9yLmpzOjpwcm9ncmFtOkludmFsaWRTY29wZUVycm9yfHx8SW52YWxpZFNjb3BlRXJyb3I=
IDENT	68719478447	bGliL2hhbmRsZXJzL2F1dGhvcml6ZS1oYW5kbGVyLmpzOjpwcm9ncmFtOkF1dGhvcml6ZUhhbmRsZXJ8fHxsaWIvaGFuZGxlcnMvYXV0aG9yaXplLWhhbmRsZXIuanM6OnByb2dyYW0=
IDENT	68719478460	bGliL2hhbmRsZXJzL2F1dGhvcml6ZS1oYW5kbGVyLmpzOjpwcm9ncmFtOkF1dGhvcml6ZUhhbmRsZXJ8fHxsaWIvaGFuZGxlcnMvYXV0aG9yaXplLWhhbmRsZXIuanM6OnByb2dyYW0=
IDENT	68719478464	bGliL2Vycm9ycy9pbnZhbGlkLXJlcXVlc3QtZXJyb3IuanM6OnByb2dyYW06SW52YWxpZFJlcXVlc3R8fHxJbnZhbGlkUmVxdWVzdA==
IDENT	68719478465	bGliL2Vycm9ycy9pbnZhbGlkLXJlcXVlc3QtZXJyb3IuanM6OnByb2dyYW06SW52YWxpZFJlcXVlc3R8fHxJbnZhbGlkUmVxdWVzdA==
IDENT	68719478466	bGliL2Vycm9ycy9pbnZhbGlkLXJlcXVlc3QtZXJyb3IuanM6OnByb2dyYW06SW52YWxpZFJlcXVlc3R8fHxJbnZhbGlkUmVxdWVzdA==
IDENT	68719478468	bGliL2Vycm9ycy9pbnZhbGlkLXJlcXVlc3QtZXJyb3IuanM6OnByb2dyYW06SW52YWxpZFJlcXVlc3R8fHxJbnZhbGlkUmVxdWVzdA==
IDENT	68719478470	bGliL2hhbmRsZXJzL2F1dGhvcml6ZS1oYW5kbGVyLmpzOjpwcm9ncmFtOkF1dGhvcml6ZUhhbmRsZXJ8fHxsaWIvaGFuZGxlcnMvYXV0aG9yaXplLWhhbmRsZXIuanM6OnByb2dyYW0=
IDENT	68719478474	bGliL2hhbmRsZXJzL2F1dGhvcml6ZS1oYW5kbGVyLmpzOjpwcm9ncmFtOkF1dGhvcml6ZUhhbmRsZXJ8fHxsaWIvaGFuZGxlcnMvYXV0aG9yaXplLWhhbmRsZXIuanM6OnByb2dyYW0=
IDENT	68719478483	bGliL2hhbmRsZXJzL2F1dGhvcml6ZS1oYW5kbGVyLmpzOjpwcm9ncmFtOkF1dGhvcml6ZUhhbmRsZXJ8fHxsaWIvaGFuZGxlcnMvYXV0aG9yaXplLWhhbmRsZXIuanM6OnByb2dyYW0=
IDENT	68719478488	bGliL2Vycm9ycy9zZXJ2ZXItZXJyb3IuanM6OnByb2dyYW06U2VydmVyRXJyb3J8fHxTZXJ2ZXJFcnJvcg==
IDENT	68719478490	bGliL2Vycm9ycy9zZXJ2ZXItZXJyb3IuanM6OnByb2dyYW06U2VydmVyRXJyb3J8fHxTZXJ2ZXJFcnJvcg==
IDENT	68719478491	bGliL2Vycm9ycy9zZXJ2ZXItZXJyb3IuanM6OnByb2dyYW06U2VydmVyRXJyb3J8fHxTZXJ2ZXJFcnJvcg==
IDENT	68719478496	eyBhdXRob3JpemF0aW9uQ29kZTogQU5ZOyBleHBpcmVzQXQ6IEFOWTsgcmVkaXJlY3RVcmk6IEFOWTsgc2NvcGU6IEFOWTsgfXx8fE9iamVjdC5hc3NpZ246PHJldHVyblZhbHVlPg==
IDENT	68719478502	bGliL2hhbmRsZXJzL2F1dGhvcml6ZS1oYW5kbGVyLmpzOjpwcm9ncmFtOkF1dGhvcml6ZUhhbmRsZXI6YnVpbGRTdWNjZXNzUmVkaXJlY3RVcmk6PHJldHVyblZhbHVlPnx8fHVybDpwYXJzZTo8cmV0dXJuVmFsdWU+fHx8bGliL2hhbmRsZXJzL2F1dGhvcml6ZS1oYW5kbGVyLmpzOjpwcm9ncmFtOkF1dGhvcml6ZUhhbmRsZXI6Z2V0UmVkaXJlY3RVcmk6PHJldHVyblZhbHVlPg==
IDENT	68719478508	eyBhdXRob3JpemF0aW9uQ29kZTogQU5ZOyBleHBpcmVzQXQ6IEFOWTsgcmVkaXJlY3RVcmk6IEFOWTsgc2NvcGU6IEFOWTsgfXx8fE9iamVjdC5hc3NpZ246PHJldHVyblZhbHVlPg==
IDENT	68719478514	eyBhdXRob3JpemF0aW9uQ29kZTogQU5ZOyBleHBpcmVzQXQ6IEFOWTsgcmVkaXJlY3RVcmk6IEFOWTsgc2NvcGU6IEFOWTsgfXx8fE9iamVjdC5hc3NpZ246PHJldHVyblZhbHVlPg==
IDENT	68719478516	bGliL2hhbmRsZXJzL2F1dGhvcml6ZS1oYW5kbGVyLmpzOjpwcm9ncmFtOkF1dGhvcml6ZUhhbmRsZXJ8fHxsaWIvaGFuZGxlcnMvYXV0aG9yaXplLWhhbmRsZXIuanM6OnByb2dyYW0=
IDENT	68719478518	eyBhdXRob3JpemF0aW9uQ29kZTogQU5ZOyBleHBpcmVzQXQ6IEFOWTsgcmVkaXJlY3RVcmk6IEFOWTsgc2NvcGU6IEFOWTsgfXx8fE9iamVjdC5hc3NpZ246PHJldHVyblZhbHVlPg==
IDENT	68719478521	bGliL2hhbmRsZXJzL2F1dGhvcml6ZS1oYW5kbGVyLmpzOjpwcm9ncmFtOkF1dGhvcml6ZUhhbmRsZXJ8fHxsaWIvaGFuZGxlcnMvYXV0aG9yaXplLWhhbmRsZXIuanM6OnByb2dyYW0=
IDENT	68719478523	bGliL2hhbmRsZXJzL2F1dGhvcml6ZS1oYW5kbGVyLmpzOjpwcm9ncmFtOkF1dGhvcml6ZUhhbmRsZXJ8fHxsaWIvaGFuZGxlcnMvYXV0aG9yaXplLWhhbmRsZXIuanM6OnByb2dyYW0=
IDENT	68719478525	bGliL2hhbmRsZXJzL2F1dGhvcml6ZS1oYW5kbGVyLmpzOjpwcm9ncmFtOkF1dGhvcml6ZUhhbmRsZXI6YnVpbGRTdWNjZXNzUmVkaXJlY3RVcmk6PHJldHVyblZhbHVlPnx8fHVybDpwYXJzZTo8cmV0dXJuVmFsdWU+fHx8bGliL2hhbmRsZXJzL2F1dGhvcml6ZS1oYW5kbGVyLmpzOjpwcm9ncmFtOkF1dGhvcml6ZUhhbmRsZXI6Z2V0UmVkaXJlY3RVcmk6PHJldHVyblZhbHVlPg==
IDENT	68719478530	bGliL2hhbmRsZXJzL2F1dGhvcml6ZS1oYW5kbGVyLmpzOjpwcm9ncmFtOkF1dGhvcml6ZUhhbmRsZXI6YnVpbGRTdWNjZXNzUmVkaXJlY3RVcmk6PHJldHVyblZhbHVlPnx8fHVybDpwYXJzZTo8cmV0dXJuVmFsdWU+fHx8bGliL2hhbmRsZXJzL2F1dGhvcml6ZS1oYW5kbGVyLmpzOjpwcm9ncmFtOkF1dGhvcml6ZUhhbmRsZXI6Z2V0UmVkaXJlY3RVcmk6PHJldHVyblZhbHVlPg==
IDENT	68719478535	bGliL2Vycm9ycy9pbnZhbGlkLXJlcXVlc3QtZXJyb3IuanM6OnByb2dyYW06SW52YWxpZFJlcXVlc3R8fHxJbnZhbGlkUmVxdWVzdA==
IDENT	68719478536	bGliL2Vycm9ycy9pbnZhbGlkLXJlcXVlc3QtZXJyb3IuanM6OnByb2dyYW06SW52YWxpZFJlcXVlc3R8fHxJbnZhbGlkUmVxdWVzdA==
IDENT	68719478537	bGliL2Vycm9ycy9pbnZhbGlkLXJlcXVlc3QtZXJyb3IuanM6OnByb2dyYW06SW52YWxpZFJlcXVlc3R8fHxJbnZhbGlkUmVxdWVzdA==
IDENT	68719478538	bGliL2Vycm9ycy9pbnZhbGlkLXJlcXVlc3QtZXJyb3IuanM6OnByb2dyYW06SW52YWxpZFJlcXVlc3R8fHxJbnZhbGlkUmVxdWVzdA==
IDENT	68719478544	bGliL2Vycm9ycy91bnN1cHBvcnRlZC1yZXNwb25zZS10eXBlLWVycm9yLmpzOjpwcm9ncmFtOlVuc3VwcG9ydGVkUmVzcG9uc2VUeXBlRXJyb3J8fHxVbnN1cHBvcnRlZFJlc3BvbnNlVHlwZUVycm9y
IDENT	68719478546	bGliL2Vycm9ycy91bnN1cHBvcnRlZC1yZXNwb25zZS10eXBlLWVycm9yLmpzOjpwcm9ncmFtOlVuc3VwcG9ydGVkUmVzcG9uc2VUeXBlRXJyb3J8fHxVbnN1cHBvcnRlZFJlc3BvbnNlVHlwZUVycm9y
IDENT	68719478547	bGliL2Vycm9ycy91bnN1cHBvcnRlZC1yZXNwb25zZS10eXBlLWVycm9yLmpzOjpwcm9ncmFtOlVuc3VwcG9ydGVkUmVzcG9uc2VUeXBlRXJyb3J8fHxVbnN1cHBvcnRlZFJlc3BvbnNlVHlwZUVycm9y
IDENT	68719478552	bGliL2hhbmRsZXJzL2F1dGhvcml6ZS1oYW5kbGVyLmpzOjpwcm9ncmFtOkF1dGhvcml6ZUhhbmRsZXI6YnVpbGRTdWNjZXNzUmVkaXJlY3RVcmk6PHJldHVyblZhbHVlPnx8fHVybDpwYXJzZTo8cmV0dXJuVmFsdWU+fHx8bGliL2hhbmRsZXJzL2F1dGhvcml6ZS1oYW5kbGVyLmpzOjpwcm9ncmFtOkF1dGhvcml6ZUhhbmRsZXI6Z2V0UmVkaXJlY3RVcmk6PHJldHVyblZhbHVlPg==
IDENT	68719478553	bGliL2hhbmRsZXJzL2F1dGhvcml6ZS1oYW5kbGVyLmpzOjpwcm9ncmFtOkF1dGhvcml6ZUhhbmRsZXI6Z2V0UmVkaXJlY3RVcmk6PHJldHVyblZhbHVlPnx8fHVybDpwYXJzZTo8cmV0dXJuVmFsdWU+
IDENT	68719478556	bGliL2hhbmRsZXJzL2F1dGhvcml6ZS1oYW5kbGVyLmpzOjpwcm9ncmFtOkF1dGhvcml6ZUhhbmRsZXI6YnVpbGRTdWNjZXNzUmVkaXJlY3RVcmk6PHJldHVyblZhbHVlPnx8fHVybDpwYXJzZTo8cmV0dXJuVmFsdWU+fHx8bGliL2hhbmRsZXJzL2F1dGhvcml6ZS1oYW5kbGVyLmpzOjpwcm9ncmFtOkF1dGhvcml6ZUhhbmRsZXI6Z2V0UmVkaXJlY3RVcmk6PHJldHVyblZhbHVlPg==
IDENT	68719478557	bGliL2hhbmRsZXJzL2F1dGhvcml6ZS1oYW5kbGVyLmpzOjpwcm9ncmFtOkF1dGhvcml6ZUhhbmRsZXI6Z2V0UmVkaXJlY3RVcmk6PHJldHVyblZhbHVlPnx8fHVybDpwYXJzZTo8cmV0dXJuVmFsdWU+
IDENT	68719478562	bGliL2hhbmRsZXJzL2F1dGhvcml6ZS1oYW5kbGVyLmpzOjpwcm9ncmFtOkF1dGhvcml6ZUhhbmRsZXI6Z2V0UmVkaXJlY3RVcmk6PHJldHVyblZhbHVlPnx8fHVybDpwYXJzZTo8cmV0dXJuVmFsdWU+
IDENT	68719478564	bGliL2hhbmRsZXJzL2F1dGhvcml6ZS1oYW5kbGVyLmpzOjpwcm9ncmFtOkF1dGhvcml6ZUhhbmRsZXI6Z2V0UmVkaXJlY3RVcmk6PHJldHVyblZhbHVlPnx8fHVybDpwYXJzZTo8cmV0dXJuVmFsdWU+
IDENT	68719478565	bGliL2hhbmRsZXJzL2F1dGhvcml6ZS1oYW5kbGVyLmpzOjpwcm9ncmFtOkF1dGhvcml6ZUhhbmRsZXI6YnVpbGRTdWNjZXNzUmVkaXJlY3RVcmk6PHJldHVyblZhbHVlPnx8fHVybDpwYXJzZTo8cmV0dXJuVmFsdWU+fHx8bGliL2hhbmRsZXJzL2F1dGhvcml6ZS1oYW5kbGVyLmpzOjpwcm9ncmFtOkF1dGhvcml6ZUhhbmRsZXI6Z2V0UmVkaXJlY3RVcmk6PHJldHVyblZhbHVlPg==
IDENT	68719478566	bGliL2hhbmRsZXJzL2F1dGhvcml6ZS1oYW5kbGVyLmpzOjpwcm9ncmFtOkF1dGhvcml6ZUhhbmRsZXI6YnVpbGRTdWNjZXNzUmVkaXJlY3RVcmk6PHJldHVyblZhbHVlPnx8fHVybDpwYXJzZTo8cmV0dXJuVmFsdWU+fHx8bGliL2hhbmRsZXJzL2F1dGhvcml6ZS1oYW5kbGVyLmpzOjpwcm9ncmFtOkF1dGhvcml6ZUhhbmRsZXI6Z2V0UmVkaXJlY3RVcmk6PHJldHVyblZhbHVlPg==
IDENT	68719478569	bGliL2hhbmRsZXJzL2F1dGhvcml6ZS1oYW5kbGVyLmpzOjpwcm9ncmFtOkF1dGhvcml6ZUhhbmRsZXI6YnVpbGRTdWNjZXNzUmVkaXJlY3RVcmk6PHJldHVyblZhbHVlPnx8fHVybDpwYXJzZTo8cmV0dXJuVmFsdWU+fHx8bGliL2hhbmRsZXJzL2F1dGhvcml6ZS1oYW5kbGVyLmpzOjpwcm9ncmFtOkF1dGhvcml6ZUhhbmRsZXI6Z2V0UmVkaXJlY3RVcmk6PHJldHVyblZhbHVlPg==
IDENT	68719478575	bGliL2hhbmRsZXJzL2F1dGhvcml6ZS1oYW5kbGVyLmpzOjpwcm9ncmFtOkF1dGhvcml6ZUhhbmRsZXI6YnVpbGRTdWNjZXNzUmVkaXJlY3RVcmk6PHJldHVyblZhbHVlPnx8fHVybDpwYXJzZTo8cmV0dXJuVmFsdWU+fHx8bGliL2hhbmRsZXJzL2F1dGhvcml6ZS1oYW5kbGVyLmpzOjpwcm9ncmFtOkF1dGhvcml6ZUhhbmRsZXI6Z2V0UmVkaXJlY3RVcmk6PHJldHVyblZhbHVlPg==
IDENT	68719478585	bGliL2Vycm9ycy9pbnZhbGlkLXJlcXVlc3QtZXJyb3IuanM6OnByb2dyYW06SW52YWxpZFJlcXVlc3R8fHxJbnZhbGlkUmVxdWVzdA==
IDENT	68719478586	bGliL2Vycm9ycy9pbnZhbGlkLXJlcXVlc3QtZXJyb3IuanM6OnByb2dyYW06SW52YWxpZFJlcXVlc3R8fHxJbnZhbGlkUmVxdWVzdA==
IDENT	68719478587	bGliL2Vycm9ycy9pbnZhbGlkLXJlcXVlc3QtZXJyb3IuanM6OnByb2dyYW06SW52YWxpZFJlcXVlc3R8fHxJbnZhbGlkUmVxdWVzdA==
IDENT	68719478589	bGliL2Vycm9ycy9pbnZhbGlkLXJlcXVlc3QtZXJyb3IuanM6OnByb2dyYW06SW52YWxpZFJlcXVlc3R8fHxJbnZhbGlkUmVxdWVzdA==
IDENT	68719478590	bGliL2hhbmRsZXJzL2F1dGhvcml6ZS1oYW5kbGVyLmpzOjpwcm9ncmFtOkF1dGhvcml6ZUhhbmRsZXJ8fHxsaWIvaGFuZGxlcnMvYXV0aG9yaXplLWhhbmRsZXIuanM6OnByb2dyYW0=
IDENT	68719478592	bGliL2Vycm9ycy9pbnZhbGlkLXJlcXVlc3QtZXJyb3IuanM6OnByb2dyYW06SW52YWxpZFJlcXVlc3R8fHxJbnZhbGlkUmVxdWVzdA==
IDENT	68719478593	bGliL2Vycm9ycy9pbnZhbGlkLXJlcXVlc3QtZXJyb3IuanM6OnByb2dyYW06SW52YWxpZFJlcXVlc3R8fHxJbnZhbGlkUmVxdWVzdA==
IDENT	68719478594	bGliL2Vycm9ycy9pbnZhbGlkLXJlcXVlc3QtZXJyb3IuanM6OnByb2dyYW06SW52YWxpZFJlcXVlc3R8fHxJbnZhbGlkUmVxdWVzdA==
IDENT	68719478595	bGliL2Vycm9ycy9pbnZhbGlkLXJlcXVlc3QtZXJyb3IuanM6OnByb2dyYW06SW52YWxpZFJlcXVlc3R8fHxJbnZhbGlkUmVxdWVzdA==
IDENT	68719478598	bGliL2hhbmRsZXJzL2F1dGhvcml6ZS1oYW5kbGVyLmpzOjpwcm9ncmFtOkF1dGhvcml6ZUhhbmRsZXJ8fHxsaWIvaGFuZGxlcnMvYXV0aG9yaXplLWhhbmRsZXIuanM6OnByb2dyYW0=
IDENT	68719478601	bGliL2hhbmRsZXJzL2F1dGhvcml6ZS1oYW5kbGVyLmpzOjpwcm9ncmFt
IDENT	68719478604	bGliL2hhbmRsZXJzL2F1dGhvcml6ZS1oYW5kbGVyLmpzOjpwcm9ncmFt
IDENT	68719478607	bGliL2hhbmRsZXJzL2F1dGhvcml6ZS1oYW5kbGVyLmpzOjpwcm9ncmFt
IDENT	68719478610	bGliL2hhbmRsZXJzL2F1dGhvcml6ZS1oYW5kbGVyLmpzOjpwcm9ncmFt
IDENT	68719478611	bGliL2Vycm9ycy9pbnZhbGlkLXJlcXVlc3QtZXJyb3IuanM6OnByb2dyYW06SW52YWxpZFJlcXVlc3R8fHxJbnZhbGlkUmVxdWVzdA==
IDENT	68719478613	bGliL2hhbmRsZXJzL2F1dGhvcml6ZS1oYW5kbGVyLmpzOjpwcm9ncmFt
IDENT	68719478616	bGliL2hhbmRsZXJzL2F1dGhvcml6ZS1oYW5kbGVyLmpzOjpwcm9ncmFt
IDENT	68719478619	bGliL2hhbmRsZXJzL2F1dGhvcml6ZS1oYW5kbGVyLmpzOjpwcm9ncmFt
IDENT	68719478622	bGliL2hhbmRsZXJzL2F1dGhvcml6ZS1oYW5kbGVyLmpzOjpwcm9ncmFt
IDENT	68719478625	bGliL2hhbmRsZXJzL2F1dGhvcml6ZS1oYW5kbGVyLmpzOjpwcm9ncmFt
IDENT	68719478628	bGliL2hhbmRsZXJzL2F1dGhvcml6ZS1oYW5kbGVyLmpzOjpwcm9ncmFt
IDENT	68719478631	bGliL2hhbmRsZXJzL2F1dGhvcml6ZS1oYW5kbGVyLmpzOjpwcm9ncmFt
IDENT	68719478634	bGliL2hhbmRsZXJzL2F1dGhvcml6ZS1oYW5kbGVyLmpzOjpwcm9ncmFt
IDENT	68719478637	bGliL2hhbmRsZXJzL2F1dGhvcml6ZS1oYW5kbGVyLmpzOjpwcm9ncmFt
IDENT	68719478640	bGliL2hhbmRsZXJzL2F1dGhvcml6ZS1oYW5kbGVyLmpzOjpwcm9ncmFt
IDENT	68719478643	bGliL2hhbmRsZXJzL2F1dGhvcml6ZS1oYW5kbGVyLmpzOjpwcm9ncmFt
IDENT	68719478646	bGliL2hhbmRsZXJzL2F1dGhvcml6ZS1oYW5kbGVyLmpzOjpwcm9ncmFt
IDENT	68719478649	bGliL2hhbmRsZXJzL2F1dGhvcml6ZS1oYW5kbGVyLmpzOjpwcm9ncmFt
IDENT	68719478656	bGliL2hhbmRsZXJzL2F1dGhvcml6ZS1oYW5kbGVyLmpzOjpwcm9ncmFt
IDENT	68719478658	bGliL2hhbmRsZXJzL2F1dGhvcml6ZS1oYW5kbGVyLmpzOjpwcm9ncmFtOkF1dGhvcml6ZUhhbmRsZXI6PGluaXQ+fHx8bGliL2hhbmRsZXJzL2F1dGhvcml6ZS1oYW5kbGVyLmpzOjpwcm9ncmFtOkF1dGhvcml6ZUhhbmRsZXI=
IDENT	68719478665	bGliL2Vycm9ycy9pbnZhbGlkLWFyZ3VtZW50LWVycm9yLmpzOjpwcm9ncmFtOkludmFsaWRBcmd1bWVudEVycm9yfHx8SW52YWxpZEFyZ3VtZW50RXJyb3I=
IDENT	68719478667	bGliL2Vycm9ycy9pbnZhbGlkLWFyZ3VtZW50LWVycm9yLmpzOjpwcm9ncmFtOkludmFsaWRBcmd1bWVudEVycm9yfHx8SW52YWxpZEFyZ3VtZW50RXJyb3I=
IDENT	68719478668	bGliL2Vycm9ycy9pbnZhbGlkLWFyZ3VtZW50LWVycm9yLmpzOjpwcm9ncmFtOkludmFsaWRBcmd1bWVudEVycm9yfHx8SW52YWxpZEFyZ3VtZW50RXJyb3I=
IDENT	68719478670	bGliL2Vycm9ycy9pbnZhbGlkLWFyZ3VtZW50LWVycm9yLmpzOjpwcm9ncmFtOkludmFsaWRBcmd1bWVudEVycm9yfHx8SW52YWxpZEFyZ3VtZW50RXJyb3I=
IDENT	68719478672	bGliL2Vycm9ycy9pbnZhbGlkLWFyZ3VtZW50LWVycm9yLmpzOjpwcm9ncmFtOkludmFsaWRBcmd1bWVudEVycm9yfHx8SW52YWxpZEFyZ3VtZW50RXJyb3I=
IDENT	68719478673	bGliL2Vycm9ycy9pbnZhbGlkLWFyZ3VtZW50LWVycm9yLmpzOjpwcm9ncmFtOkludmFsaWRBcmd1bWVudEVycm9yfHx8SW52YWxpZEFyZ3VtZW50RXJyb3I=
IDENT	68719478675	bGliL2Vycm9ycy9pbnZhbGlkLWFyZ3VtZW50LWVycm9yLmpzOjpwcm9ncmFtOkludmFsaWRBcmd1bWVudEVycm9yfHx8SW52YWxpZEFyZ3VtZW50RXJyb3I=
IDENT	68719478677	bGliL2Vycm9ycy9pbnZhbGlkLWFyZ3VtZW50LWVycm9yLmpzOjpwcm9ncmFtOkludmFsaWRBcmd1bWVudEVycm9yfHx8SW52YWxpZEFyZ3VtZW50RXJyb3I=
IDENT	68719478678	bGliL2Vycm9ycy9pbnZhbGlkLWFyZ3VtZW50LWVycm9yLmpzOjpwcm9ncmFtOkludmFsaWRBcmd1bWVudEVycm9yfHx8SW52YWxpZEFyZ3VtZW50RXJyb3I=
IDENT	68719478680	bGliL2Vycm9ycy9pbnZhbGlkLWFyZ3VtZW50LWVycm9yLmpzOjpwcm9ncmFtOkludmFsaWRBcmd1bWVudEVycm9yfHx8SW52YWxpZEFyZ3VtZW50RXJyb3I=
IDENT	68719478682	bGliL2Vycm9ycy9pbnZhbGlkLWFyZ3VtZW50LWVycm9yLmpzOjpwcm9ncmFtOkludmFsaWRBcmd1bWVudEVycm9yfHx8SW52YWxpZEFyZ3VtZW50RXJyb3I=
IDENT	68719478683	bGliL2Vycm9ycy9pbnZhbGlkLWFyZ3VtZW50LWVycm9yLmpzOjpwcm9ncmFtOkludmFsaWRBcmd1bWVudEVycm9yfHx8SW52YWxpZEFyZ3VtZW50RXJyb3I=
IDENT	68719478684	bGliL2hhbmRsZXJzL3Rva2VuLWhhbmRsZXIuanM6OnByb2dyYW06VG9rZW5IYW5kbGVyfHx8bGliL2hhbmRsZXJzL3Rva2VuLWhhbmRsZXIuanM6OnByb2dyYW0=
IDENT	68719478686	bGliL2hhbmRsZXJzL3Rva2VuLWhhbmRsZXIuanM6OnByb2dyYW06VG9rZW5IYW5kbGVyfHx8bGliL2hhbmRsZXJzL3Rva2VuLWhhbmRsZXIuanM6OnByb2dyYW0=
IDENT	68719478688	eyBhdXRob3JpemF0aW9uX2NvZGU6IEF1dGhvcml6YXRpb25Db2RlR3JhbnRUeXBlOyBjbGllbnRfY3JlZGVudGlhbHM6IENsaWVudENyZWRlbnRpYWxzR3JhbnRUeXBlOyBwYXNzd29yZDogUGFzc3dvcmRHcmFudFR5cGU7IHJlZnJlc2hfdG9rZW46IFJlZnJlc2hUb2tlbkdyYW50VHlwZTsgfXx8fE9iamVjdC5hc3NpZ246PHJldHVyblZhbHVlPg==
IDENT	68719478690	bGliL2hhbmRsZXJzL3Rva2VuLWhhbmRsZXIuanM6OnByb2dyYW06VG9rZW5IYW5kbGVyfHx8bGliL2hhbmRsZXJzL3Rva2VuLWhhbmRsZXIuanM6OnByb2dyYW0=
IDENT	68719478692	bGliL2hhbmRsZXJzL3Rva2VuLWhhbmRsZXIuanM6OnByb2dyYW06VG9rZW5IYW5kbGVyfHx8bGliL2hhbmRsZXJzL3Rva2VuLWhhbmRsZXIuanM6OnByb2dyYW0=
IDENT	68719478694	bGliL2hhbmRsZXJzL3Rva2VuLWhhbmRsZXIuanM6OnByb2dyYW06VG9rZW5IYW5kbGVyfHx8bGliL2hhbmRsZXJzL3Rva2VuLWhhbmRsZXIuanM6OnByb2dyYW0=
IDENT	68719478696	bGliL2hhbmRsZXJzL3Rva2VuLWhhbmRsZXIuanM6OnByb2dyYW06VG9rZW5IYW5kbGVyfHx8bGliL2hhbmRsZXJzL3Rva2VuLWhhbmRsZXIuanM6OnByb2dyYW0=
IDENT	68719478699	bGliL2hhbmRsZXJzL3Rva2VuLWhhbmRsZXIuanM6OnByb2dyYW06VG9rZW5IYW5kbGVyfHx8bGliL2hhbmRsZXJzL3Rva2VuLWhhbmRsZXIuanM6OnByb2dyYW0=
IDENT	68719478701	bGliL2hhbmRsZXJzL3Rva2VuLWhhbmRsZXIuanM6OnByb2dyYW06VG9rZW5IYW5kbGVyfHx8bGliL2hhbmRsZXJzL3Rva2VuLWhhbmRsZXIuanM6OnByb2dyYW0=
IDENT	68719478703	bGliL2hhbmRsZXJzL3Rva2VuLWhhbmRsZXIuanM6OnByb2dyYW06VG9rZW5IYW5kbGVyfHx8bGliL2hhbmRsZXJzL3Rva2VuLWhhbmRsZXIuanM6OnByb2dyYW0=
IDENT	68719478707	bGliL2Vycm9ycy9pbnZhbGlkLWFyZ3VtZW50LWVycm9yLmpzOjpwcm9ncmFtOkludmFsaWRBcmd1bWVudEVycm9yfHx8SW52YWxpZEFyZ3VtZW50RXJyb3I=
IDENT	68719478709	bGliL2Vycm9ycy9pbnZhbGlkLWFyZ3VtZW50LWVycm9yLmpzOjpwcm9ncmFtOkludmFsaWRBcmd1bWVudEVycm9yfHx8SW52YWxpZEFyZ3VtZW50RXJyb3I=
IDENT	68719478710	bGliL2Vycm9ycy9pbnZhbGlkLWFyZ3VtZW50LWVycm9yLmpzOjpwcm9ncmFtOkludmFsaWRBcmd1bWVudEVycm9yfHx8SW52YWxpZEFyZ3VtZW50RXJyb3I=
IDENT	68719478713	bGliL2Vycm9ycy9pbnZhbGlkLWFyZ3VtZW50LWVycm9yLmpzOjpwcm9ncmFtOkludmFsaWRBcmd1bWVudEVycm9yfHx8SW52YWxpZEFyZ3VtZW50RXJyb3I=
IDENT	68719478715	bGliL2Vycm9ycy9pbnZhbGlkLWFyZ3VtZW50LWVycm9yLmpzOjpwcm9ncmFtOkludmFsaWRBcmd1bWVudEVycm9yfHx8SW52YWxpZEFyZ3VtZW50RXJyb3I=
IDENT	68719478716	bGliL2Vycm9ycy9pbnZhbGlkLWFyZ3VtZW50LWVycm9yLmpzOjpwcm9ncmFtOkludmFsaWRBcmd1bWVudEVycm9yfHx8SW52YWxpZEFyZ3VtZW50RXJyb3I=
IDENT	68719478718	bGliL2Vycm9ycy9pbnZhbGlkLXJlcXVlc3QtZXJyb3IuanM6OnByb2dyYW06SW52YWxpZFJlcXVlc3R8fHxJbnZhbGlkUmVxdWVzdA==
IDENT	68719478719	bGliL2Vycm9ycy9pbnZhbGlkLXJlcXVlc3QtZXJyb3IuanM6OnByb2dyYW06SW52YWxpZFJlcXVlc3R8fHxJbnZhbGlkUmVxdWVzdA==
IDENT	68719478720	bGliL2Vycm9ycy9pbnZhbGlkLXJlcXVlc3QtZXJyb3IuanM6OnByb2dyYW06SW52YWxpZFJlcXVlc3R8fHxJbnZhbGlkUmVxdWVzdA==
IDENT	68719478721	bGliL2Vycm9ycy9pbnZhbGlkLXJlcXVlc3QtZXJyb3IuanM6OnByb2dyYW06SW52YWxpZFJlcXVlc3R8fHxJbnZhbGlkUmVxdWVzdA==
IDENT	68719478724	bGliL2Vycm9ycy9pbnZhbGlkLXJlcXVlc3QtZXJyb3IuanM6OnByb2dyYW06SW52YWxpZFJlcXVlc3R8fHxJbnZhbGlkUmVxdWVzdA==
IDENT	68719478725	bGliL2Vycm9ycy9pbnZhbGlkLXJlcXVlc3QtZXJyb3IuanM6OnByb2dyYW06SW52YWxpZFJlcXVlc3R8fHxJbnZhbGlkUmVxdWVzdA==
IDENT	68719478726	bGliL2Vycm9ycy9pbnZhbGlkLXJlcXVlc3QtZXJyb3IuanM6OnByb2dyYW06SW52YWxpZFJlcXVlc3R8fHxJbnZhbGlkUmVxdWVzdA==
IDENT	68719478727	bGliL2Vycm9ycy9pbnZhbGlkLXJlcXVlc3QtZXJyb3IuanM6OnByb2dyYW06SW52YWxpZFJlcXVlc3R8fHxJbnZhbGlkUmVxdWVzdA==
IDENT	68719478729	bGliL2hhbmRsZXJzL3Rva2VuLWhhbmRsZXIuanM6OnByb2dyYW06VG9rZW5IYW5kbGVyfHx8bGliL2hhbmRsZXJzL3Rva2VuLWhhbmRsZXIuanM6OnByb2dyYW0=
IDENT	68719478730	bGliL2hhbmRsZXJzL3Rva2VuLWhhbmRsZXIuanM6OnByb2dyYW06VG9rZW5IYW5kbGVyfHx8bGliL2hhbmRsZXJzL3Rva2VuLWhhbmRsZXIuanM6OnByb2dyYW0=
IDENT	68719478734	bGliL2hhbmRsZXJzL3Rva2VuLWhhbmRsZXIuanM6OnByb2dyYW06VG9rZW5IYW5kbGVyfHx8bGliL2hhbmRsZXJzL3Rva2VuLWhhbmRsZXIuanM6OnByb2dyYW0=
IDENT	68719478735	bGliL2hhbmRsZXJzL3Rva2VuLWhhbmRsZXIuanM6OnByb2dyYW06VG9rZW5IYW5kbGVyfHx8bGliL2hhbmRsZXJzL3Rva2VuLWhhbmRsZXIuanM6OnByb2dyYW0=
IDENT	68719478739	bGliL21vZGVscy90b2tlbi1tb2RlbC5qczo6cHJvZ3JhbTpUb2tlbk1vZGVsfHx8VG9rZW5Nb2RlbA==
IDENT	68719478741	bGliL21vZGVscy90b2tlbi1tb2RlbC5qczo6cHJvZ3JhbTpUb2tlbk1vZGVsfHx8VG9rZW5Nb2RlbA==
IDENT	68719478744	bGliL2hhbmRsZXJzL3Rva2VuLWhhbmRsZXIuanM6OnByb2dyYW06VG9rZW5IYW5kbGVyfHx8bGliL2hhbmRsZXJzL3Rva2VuLWhhbmRsZXIuanM6OnByb2dyYW0=
IDENT	68719478746	bGliL21vZGVscy90b2tlbi1tb2RlbC5qczo6cHJvZ3JhbTpUb2tlbk1vZGVsfHx8VG9rZW5Nb2RlbA==
IDENT	68719478747	bGliL3Rva2VuLXR5cGVzL2JlYXJlci10b2tlbi10eXBlLmpzOjpwcm9ncmFtOkJlYXJlclRva2VuVHlwZXx8fEJlYXJlclRva2VuVHlwZQ==
IDENT	68719478748	bGliL2hhbmRsZXJzL3Rva2VuLWhhbmRsZXIuanM6OnByb2dyYW06VG9rZW5IYW5kbGVyfHx8bGliL2hhbmRsZXJzL3Rva2VuLWhhbmRsZXIuanM6OnByb2dyYW0=
IDENT	68719478749	bGliL2hhbmRsZXJzL3Rva2VuLWhhbmRsZXIuanM6OnByb2dyYW06VG9rZW5IYW5kbGVyfHx8bGliL2hhbmRsZXJzL3Rva2VuLWhhbmRsZXIuanM6OnByb2dyYW0=
IDENT	68719478751	bGliL2hhbmRsZXJzL3Rva2VuLWhhbmRsZXIuanM6OnByb2dyYW06VG9rZW5IYW5kbGVyfHx8bGliL2hhbmRsZXJzL3Rva2VuLWhhbmRsZXIuanM6OnByb2dyYW0=
IDENT	68719478752	bGliL2hhbmRsZXJzL3Rva2VuLWhhbmRsZXIuanM6OnByb2dyYW06VG9rZW5IYW5kbGVyfHx8bGliL2hhbmRsZXJzL3Rva2VuLWhhbmRsZXIuanM6OnByb2dyYW0=
IDENT	68719478754	bGliL3Rva2VuLXR5cGVzL2JlYXJlci10b2tlbi10eXBlLmpzOjpwcm9ncmFtOkJlYXJlclRva2VuVHlwZXx8fEJlYXJlclRva2VuVHlwZQ==
IDENT	68719478757	bGliL2Vycm9ycy9pbnZhbGlkLWNsaWVudC1lcnJvci5qczo6cHJvZ3JhbTpJbnZhbGlkQ2xpZW50RXJyb3J8fHxsaWIvZXJyb3JzL3NlcnZlci1lcnJvci5qczo6cHJvZ3JhbTpTZXJ2ZXJFcnJvcnx8fFNlcnZlckVycm9y
IDENT	68719478759	bGliL2Vycm9ycy9pbnZhbGlkLWNsaWVudC1lcnJvci5qczo6cHJvZ3JhbTpJbnZhbGlkQ2xpZW50RXJyb3J8fHxsaWIvZXJyb3JzL3NlcnZlci1lcnJvci5qczo6cHJvZ3JhbTpTZXJ2ZXJFcnJvcnx8fFNlcnZlckVycm9y
IDENT	68719478761	bGliL2Vycm9ycy9pbnZhbGlkLWNsaWVudC1lcnJvci5qczo6cHJvZ3JhbTpJbnZhbGlkQ2xpZW50RXJyb3J8fHxsaWIvZXJyb3JzL3NlcnZlci1lcnJvci5qczo6cHJvZ3JhbTpTZXJ2ZXJFcnJvcnx8fFNlcnZlckVycm9y
IDENT	68719478763	bGliL2Vycm9ycy9pbnZhbGlkLWNsaWVudC1lcnJvci5qczo6cHJvZ3JhbTpJbnZhbGlkQ2xpZW50RXJyb3J8fHxsaWIvZXJyb3JzL3NlcnZlci1lcnJvci5qczo6cHJvZ3JhbTpTZXJ2ZXJFcnJvcnx8fFNlcnZlckVycm9y
IDENT	68719478764	bGliL2Vycm9ycy9zZXJ2ZXItZXJyb3IuanM6OnByb2dyYW06U2VydmVyRXJyb3J8fHxTZXJ2ZXJFcnJvcg==
IDENT	68719478766	bGliL2Vycm9ycy9zZXJ2ZXItZXJyb3IuanM6OnByb2dyYW06U2VydmVyRXJyb3J8fHxTZXJ2ZXJFcnJvcg==
IDENT	68719478767	bGliL2Vycm9ycy9pbnZhbGlkLWNsaWVudC1lcnJvci5qczo6cHJvZ3JhbTpJbnZhbGlkQ2xpZW50RXJyb3J8fHxsaWIvZXJyb3JzL3NlcnZlci1lcnJvci5qczo6cHJvZ3JhbTpTZXJ2ZXJFcnJvcnx8fFNlcnZlckVycm9y
IDENT	68719478768	bGliL2Vycm9ycy9zZXJ2ZXItZXJyb3IuanM6OnByb2dyYW06U2VydmVyRXJyb3J8fHxTZXJ2ZXJFcnJvcg==
IDENT	68719478769	bGliL2hhbmRsZXJzL3Rva2VuLWhhbmRsZXIuanM6OnByb2dyYW06VG9rZW5IYW5kbGVyfHx8bGliL2hhbmRsZXJzL3Rva2VuLWhhbmRsZXIuanM6OnByb2dyYW0=
IDENT	68719478770	bGliL2hhbmRsZXJzL3Rva2VuLWhhbmRsZXIuanM6OnByb2dyYW06VG9rZW5IYW5kbGVyfHx8bGliL2hhbmRsZXJzL3Rva2VuLWhhbmRsZXIuanM6OnByb2dyYW0=
IDENT	68719478772	bGliL2Vycm9ycy9pbnZhbGlkLWNsaWVudC1lcnJvci5qczo6cHJvZ3JhbTpJbnZhbGlkQ2xpZW50RXJyb3J8fHxsaWIvZXJyb3JzL3NlcnZlci1lcnJvci5qczo6cHJvZ3JhbTpTZXJ2ZXJFcnJvcnx8fFNlcnZlckVycm9y
IDENT	68719478773	bGliL2Vycm9ycy9pbnZhbGlkLWNsaWVudC1lcnJvci5qczo6cHJvZ3JhbTpJbnZhbGlkQ2xpZW50RXJyb3J8fHxsaWIvZXJyb3JzL3NlcnZlci1lcnJvci5qczo6cHJvZ3JhbTpTZXJ2ZXJFcnJvcnx8fFNlcnZlckVycm9y
IDENT	68719478774	eyBjbGllbnRJZDogQU5ZOyBjbGllbnRTZWNyZXQ6IEFOWTsgfSB8IHsgY2xpZW50SWQ6IEFOWTsgY2xpZW50U2VjcmV0PzogQU5ZOyB9fHx8YmFzaWMtYXV0aDo8cmV0dXJuVmFsdWU+
IDENT	68719478775	bGliL2hhbmRsZXJzL3Rva2VuLWhhbmRsZXIuanM6OnByb2dyYW06VG9rZW5IYW5kbGVyfHx8bGliL2hhbmRsZXJzL3Rva2VuLWhhbmRsZXIuanM6OnByb2dyYW0=
IDENT	68719478776	bGliL2hhbmRsZXJzL3Rva2VuLWhhbmRsZXIuanM6OnByb2dyYW06VG9rZW5IYW5kbGVyfHx8bGliL2hhbmRsZXJzL3Rva2VuLWhhbmRsZXIuanM6OnByb2dyYW0=
IDENT	68719478782	X19lY21hLkJvb2xlYW58fHxsaWIvaGFuZGxlcnMvdG9rZW4taGFuZGxlci5qczo6cHJvZ3JhbTppc1BLQ0VSZXF1ZXN0OjxyZXR1cm5WYWx1ZT4=
IDENT	68719478790	eyBjbGllbnRJZDogQU5ZOyBjbGllbnRTZWNyZXQ6IEFOWTsgfSB8IHsgY2xpZW50SWQ6IEFOWTsgY2xpZW50U2VjcmV0PzogQU5ZOyB9fHx8YmFzaWMtYXV0aDo8cmV0dXJuVmFsdWU+
IDENT	68719478791	bGliL2Vycm9ycy9pbnZhbGlkLXJlcXVlc3QtZXJyb3IuanM6OnByb2dyYW06SW52YWxpZFJlcXVlc3R8fHxJbnZhbGlkUmVxdWVzdA==
IDENT	68719478792	bGliL2Vycm9ycy9pbnZhbGlkLXJlcXVlc3QtZXJyb3IuanM6OnByb2dyYW06SW52YWxpZFJlcXVlc3R8fHxJbnZhbGlkUmVxdWVzdA==
IDENT	68719478793	bGliL2Vycm9ycy9pbnZhbGlkLXJlcXVlc3QtZXJyb3IuanM6OnByb2dyYW06SW52YWxpZFJlcXVlc3R8fHxJbnZhbGlkUmVxdWVzdA==
IDENT	68719478794	bGliL2Vycm9ycy9pbnZhbGlkLXJlcXVlc3QtZXJyb3IuanM6OnByb2dyYW06SW52YWxpZFJlcXVlc3R8fHxJbnZhbGlkUmVxdWVzdA==
IDENT	68719478795	bGliL2hhbmRsZXJzL3Rva2VuLWhhbmRsZXIuanM6OnByb2dyYW06VG9rZW5IYW5kbGVyfHx8bGliL2hhbmRsZXJzL3Rva2VuLWhhbmRsZXIuanM6OnByb2dyYW0=
IDENT	68719478796	bGliL2hhbmRsZXJzL3Rva2VuLWhhbmRsZXIuanM6OnByb2dyYW06VG9rZW5IYW5kbGVyfHx8bGliL2hhbmRsZXJzL3Rva2VuLWhhbmRsZXIuanM6OnByb2dyYW0=
IDENT	68719478798	eyBjbGllbnRJZDogQU5ZOyBjbGllbnRTZWNyZXQ6IEFOWTsgfSB8IHsgY2xpZW50SWQ6IEFOWTsgY2xpZW50U2VjcmV0PzogQU5ZOyB9fHx8YmFzaWMtYXV0aDo8cmV0dXJuVmFsdWU+
IDENT	68719478799	X19lY21hLkJvb2xlYW58fHxsaWIvaGFuZGxlcnMvdG9rZW4taGFuZGxlci5qczo6cHJvZ3JhbTppc1BLQ0VSZXF1ZXN0OjxyZXR1cm5WYWx1ZT4=
IDENT	68719478800	bGliL2Vycm9ycy9pbnZhbGlkLXJlcXVlc3QtZXJyb3IuanM6OnByb2dyYW06SW52YWxpZFJlcXVlc3R8fHxJbnZhbGlkUmVxdWVzdA==
IDENT	68719478801	bGliL2Vycm9ycy9pbnZhbGlkLXJlcXVlc3QtZXJyb3IuanM6OnByb2dyYW06SW52YWxpZFJlcXVlc3R8fHxJbnZhbGlkUmVxdWVzdA==
IDENT	68719478802	bGliL2Vycm9ycy9pbnZhbGlkLXJlcXVlc3QtZXJyb3IuanM6OnByb2dyYW06SW52YWxpZFJlcXVlc3R8fHxJbnZhbGlkUmVxdWVzdA==
IDENT	68719478803	bGliL2Vycm9ycy9pbnZhbGlkLXJlcXVlc3QtZXJyb3IuanM6OnByb2dyYW06SW52YWxpZFJlcXVlc3R8fHxJbnZhbGlkUmVxdWVzdA==
IDENT	68719478806	eyBjbGllbnRJZDogQU5ZOyBjbGllbnRTZWNyZXQ6IEFOWTsgfSB8IHsgY2xpZW50SWQ6IEFOWTsgY2xpZW50U2VjcmV0PzogQU5ZOyB9fHx8YmFzaWMtYXV0aDo8cmV0dXJuVmFsdWU+
IDENT	68719478807	bGliL2Vycm9ycy9pbnZhbGlkLXJlcXVlc3QtZXJyb3IuanM6OnByb2dyYW06SW52YWxpZFJlcXVlc3R8fHxJbnZhbGlkUmVxdWVzdA==
IDENT	68719478808	bGliL2Vycm9ycy9pbnZhbGlkLXJlcXVlc3QtZXJyb3IuanM6OnByb2dyYW06SW52YWxpZFJlcXVlc3R8fHxJbnZhbGlkUmVxdWVzdA==
IDENT	68719478809	bGliL2Vycm9ycy9pbnZhbGlkLXJlcXVlc3QtZXJyb3IuanM6OnByb2dyYW06SW52YWxpZFJlcXVlc3R8fHxJbnZhbGlkUmVxdWVzdA==
IDENT	68719478810	bGliL2Vycm9ycy9pbnZhbGlkLXJlcXVlc3QtZXJyb3IuanM6OnByb2dyYW06SW52YWxpZFJlcXVlc3R8fHxJbnZhbGlkUmVxdWVzdA==
IDENT	68719478811	eyBjbGllbnRJZDogQU5ZOyBjbGllbnRTZWNyZXQ6IEFOWTsgfSB8IHsgY2xpZW50SWQ6IEFOWTsgY2xpZW50U2VjcmV0PzogQU5ZOyB9fHx8YmFzaWMtYXV0aDo8cmV0dXJuVmFsdWU+
IDENT	68719478814	eyBjbGllbnRJZDogQU5ZOyBjbGllbnRTZWNyZXQ6IEFOWTsgfSB8IHsgY2xpZW50SWQ6IEFOWTsgY2xpZW50U2VjcmV0PzogQU5ZOyB9fHx8YmFzaWMtYXV0aDo8cmV0dXJuVmFsdWU+
IDENT	68719478815	bGliL2Vycm9ycy9pbnZhbGlkLXJlcXVlc3QtZXJyb3IuanM6OnByb2dyYW06SW52YWxpZFJlcXVlc3R8fHxJbnZhbGlkUmVxdWVzdA==
IDENT	68719478816	bGliL2Vycm9ycy9pbnZhbGlkLXJlcXVlc3QtZXJyb3IuanM6OnByb2dyYW06SW52YWxpZFJlcXVlc3R8fHxJbnZhbGlkUmVxdWVzdA==
IDENT	68719478817	bGliL2Vycm9ycy9pbnZhbGlkLXJlcXVlc3QtZXJyb3IuanM6OnByb2dyYW06SW52YWxpZFJlcXVlc3R8fHxJbnZhbGlkUmVxdWVzdA==
IDENT	68719478818	bGliL2Vycm9ycy9pbnZhbGlkLXJlcXVlc3QtZXJyb3IuanM6OnByb2dyYW06SW52YWxpZFJlcXVlc3R8fHxJbnZhbGlkUmVxdWVzdA==
IDENT	68719478820	bGliL21vZGVscy90b2tlbi1tb2RlbC5qczo6cHJvZ3JhbTpUb2tlbk1vZGVsfHx8VG9rZW5Nb2RlbA==
IDENT	68719478821	bGliL2hhbmRsZXJzL3Rva2VuLWhhbmRsZXIuanM6OnByb2dyYW06VG9rZW5IYW5kbGVyfHx8bGliL2hhbmRsZXJzL3Rva2VuLWhhbmRsZXIuanM6OnByb2dyYW0=
IDENT	68719478822	bGliL21vZGVscy90b2tlbi1tb2RlbC5qczo6cHJvZ3JhbTpUb2tlbk1vZGVsfHx8VG9rZW5Nb2RlbA==
IDENT	68719478823	eyBjbGllbnRJZDogQU5ZOyBjbGllbnRTZWNyZXQ6IEFOWTsgfSB8IHsgY2xpZW50SWQ6IEFOWTsgY2xpZW50U2VjcmV0PzogQU5ZOyB9fHx8YmFzaWMtYXV0aDo8cmV0dXJuVmFsdWU+
IDENT	68719478824	eyBjbGllbnRJZDogQU5ZOyBjbGllbnRTZWNyZXQ6IEFOWTsgfSB8IHsgY2xpZW50SWQ6IEFOWTsgY2xpZW50U2VjcmV0PzogQU5ZOyB9fHx8YmFzaWMtYXV0aDo8cmV0dXJuVmFsdWU+
IDENT	68719478826	bGliL2Vycm9ycy9pbnZhbGlkLWNsaWVudC1lcnJvci5qczo6cHJvZ3JhbTpJbnZhbGlkQ2xpZW50RXJyb3J8fHxJbnZhbGlkQ2xpZW50RXJyb3I=
IDENT	68719478828	bGliL2Vycm9ycy9pbnZhbGlkLWNsaWVudC1lcnJvci5qczo6cHJvZ3JhbTpJbnZhbGlkQ2xpZW50RXJyb3J8fHxJbnZhbGlkQ2xpZW50RXJyb3I=
IDENT	68719478829	bGliL2Vycm9ycy9pbnZhbGlkLWNsaWVudC1lcnJvci5qczo6cHJvZ3JhbTpJbnZhbGlkQ2xpZW50RXJyb3J8fHxJbnZhbGlkQ2xpZW50RXJyb3I=
IDENT	68719478831	bGliL2Vycm9ycy9zZXJ2ZXItZXJyb3IuanM6OnByb2dyYW06U2VydmVyRXJyb3J8fHxTZXJ2ZXJFcnJvcg==
IDENT	68719478833	bGliL2Vycm9ycy9zZXJ2ZXItZXJyb3IuanM6OnByb2dyYW06U2VydmVyRXJyb3J8fHxTZXJ2ZXJFcnJvcg==
IDENT	68719478834	bGliL2Vycm9ycy9zZXJ2ZXItZXJyb3IuanM6OnByb2dyYW06U2VydmVyRXJyb3J8fHxTZXJ2ZXJFcnJvcg==
IDENT	68719478837	bGliL2Vycm9ycy9zZXJ2ZXItZXJyb3IuanM6OnByb2dyYW06U2VydmVyRXJyb3J8fHxTZXJ2ZXJFcnJvcg==
IDENT	68719478839	bGliL2Vycm9ycy9zZXJ2ZXItZXJyb3IuanM6OnByb2dyYW06U2VydmVyRXJyb3J8fHxTZXJ2ZXJFcnJvcg==
IDENT	68719478840	bGliL2Vycm9ycy9zZXJ2ZXItZXJyb3IuanM6OnByb2dyYW06U2VydmVyRXJyb3J8fHxTZXJ2ZXJFcnJvcg==
IDENT	68719478842	bGliL2Vycm9ycy9pbnZhbGlkLWNsaWVudC1lcnJvci5qczo6cHJvZ3JhbTpJbnZhbGlkQ2xpZW50RXJyb3J8fHxsaWIvZXJyb3JzL3NlcnZlci1lcnJvci5qczo6cHJvZ3JhbTpTZXJ2ZXJFcnJvcnx8fFNlcnZlckVycm9y
IDENT	68719478843	bGliL2Vycm9ycy9pbnZhbGlkLWNsaWVudC1lcnJvci5qczo6cHJvZ3JhbTpJbnZhbGlkQ2xpZW50RXJyb3J8fHxsaWIvZXJyb3JzL3NlcnZlci1lcnJvci5qczo6cHJvZ3JhbTpTZXJ2ZXJFcnJvcnx8fFNlcnZlckVycm9y
IDENT	68719478849	bGliL2Vycm9ycy9pbnZhbGlkLWNsaWVudC1lcnJvci5qczo6cHJvZ3JhbTpJbnZhbGlkQ2xpZW50RXJyb3J8fHxJbnZhbGlkQ2xpZW50RXJyb3I=
IDENT	68719478851	bGliL2Vycm9ycy9pbnZhbGlkLWNsaWVudC1lcnJvci5qczo6cHJvZ3JhbTpJbnZhbGlkQ2xpZW50RXJyb3J8fHxJbnZhbGlkQ2xpZW50RXJyb3I=
IDENT	68719478852	bGliL2Vycm9ycy9pbnZhbGlkLWNsaWVudC1lcnJvci5qczo6cHJvZ3JhbTpJbnZhbGlkQ2xpZW50RXJyb3J8fHxsaWIvZXJyb3JzL3NlcnZlci1lcnJvci5qczo6cHJvZ3JhbTpTZXJ2ZXJFcnJvcnx8fFNlcnZlckVycm9y
IDENT	68719478855	bGliL2Vycm9ycy9pbnZhbGlkLWNsaWVudC1lcnJvci5qczo6cHJvZ3JhbTpJbnZhbGlkQ2xpZW50RXJyb3J8fHxJbnZhbGlkQ2xpZW50RXJyb3I=
IDENT	68719478856	bGliL2Vycm9ycy9pbnZhbGlkLWNsaWVudC1lcnJvci5qczo6cHJvZ3JhbTpJbnZhbGlkQ2xpZW50RXJyb3J8fHxsaWIvZXJyb3JzL3NlcnZlci1lcnJvci5qczo6cHJvZ3JhbTpTZXJ2ZXJFcnJvcnx8fFNlcnZlckVycm9y
IDENT	68719478857	eyBjbGllbnRJZDogQU5ZOyBjbGllbnRTZWNyZXQ6IEFOWTsgfSB8IHsgY2xpZW50SWQ6IEFOWTsgY2xpZW50U2VjcmV0PzogQU5ZOyB9fHx8YmFzaWMtYXV0aDo8cmV0dXJuVmFsdWU+
IDENT	68719478859	bGliL2hhbmRsZXJzL3Rva2VuLWhhbmRsZXIuanM6OnByb2dyYW06VG9rZW5IYW5kbGVyfHx8bGliL2hhbmRsZXJzL3Rva2VuLWhhbmRsZXIuanM6OnByb2dyYW0=
IDENT	68719478865	eyBjbGllbnRJZDogQU5ZOyBjbGllbnRTZWNyZXQ6IEFOWTsgfSB8IHsgY2xpZW50SWQ6IEFOWTsgY2xpZW50U2VjcmV0PzogQU5ZOyB9fHx8YmFzaWMtYXV0aDo8cmV0dXJuVmFsdWU+
IDENT	68719478867	eyBjbGllbnRJZDogQU5ZOyBjbGllbnRTZWNyZXQ6IEFOWTsgfSB8IHsgY2xpZW50SWQ6IEFOWTsgY2xpZW50U2VjcmV0PzogQU5ZOyB9fHx8YmFzaWMtYXV0aDo8cmV0dXJuVmFsdWU+
IDENT	68719478869	eyBjbGllbnRJZDogQU5ZOyBjbGllbnRTZWNyZXQ6IEFOWTsgfSB8IHsgY2xpZW50SWQ6IEFOWTsgY2xpZW50U2VjcmV0PzogQU5ZOyB9fHx8YmFzaWMtYXV0aDo8cmV0dXJuVmFsdWU+
IDENT	68719478889	bGliL2hhbmRsZXJzL3Rva2VuLWhhbmRsZXIuanM6OnByb2dyYW06VG9rZW5IYW5kbGVyfHx8bGliL2hhbmRsZXJzL3Rva2VuLWhhbmRsZXIuanM6OnByb2dyYW0=
IDENT	68719478890	bGliL2hhbmRsZXJzL3Rva2VuLWhhbmRsZXIuanM6OnByb2dyYW06VG9rZW5IYW5kbGVyfHx8bGliL2hhbmRsZXJzL3Rva2VuLWhhbmRsZXIuanM6OnByb2dyYW0=
IDENT	68719478896	bGliL2Vycm9ycy9pbnZhbGlkLWNsaWVudC1lcnJvci5qczo6cHJvZ3JhbTpJbnZhbGlkQ2xpZW50RXJyb3J8fHxJbnZhbGlkQ2xpZW50RXJyb3I=
IDENT	68719478898	bGliL2Vycm9ycy9pbnZhbGlkLWNsaWVudC1lcnJvci5qczo6cHJvZ3JhbTpJbnZhbGlkQ2xpZW50RXJyb3J8fHxJbnZhbGlkQ2xpZW50RXJyb3I=
IDENT	68719478899	bGliL2Vycm9ycy9pbnZhbGlkLWNsaWVudC1lcnJvci5qczo6cHJvZ3JhbTpJbnZhbGlkQ2xpZW50RXJyb3J8fHxJbnZhbGlkQ2xpZW50RXJyb3I=
IDENT	68719478903	bGliL2Vycm9ycy9pbnZhbGlkLXJlcXVlc3QtZXJyb3IuanM6OnByb2dyYW06SW52YWxpZFJlcXVlc3R8fHxJbnZhbGlkUmVxdWVzdA==
IDENT	68719478904	bGliL2Vycm9ycy9pbnZhbGlkLXJlcXVlc3QtZXJyb3IuanM6OnByb2dyYW06SW52YWxpZFJlcXVlc3R8fHxJbnZhbGlkUmVxdWVzdA==
IDENT	68719478905	bGliL2Vycm9ycy9pbnZhbGlkLXJlcXVlc3QtZXJyb3IuanM6OnByb2dyYW06SW52YWxpZFJlcXVlc3R8fHxJbnZhbGlkUmVxdWVzdA==
IDENT	68719478906	bGliL2Vycm9ycy9pbnZhbGlkLXJlcXVlc3QtZXJyb3IuanM6OnByb2dyYW06SW52YWxpZFJlcXVlc3R8fHxJbnZhbGlkUmVxdWVzdA==
IDENT	68719478913	bGliL2Vycm9ycy9pbnZhbGlkLXJlcXVlc3QtZXJyb3IuanM6OnByb2dyYW06SW52YWxpZFJlcXVlc3R8fHxJbnZhbGlkUmVxdWVzdA==
IDENT	68719478914	bGliL2Vycm9ycy9pbnZhbGlkLXJlcXVlc3QtZXJyb3IuanM6OnByb2dyYW06SW52YWxpZFJlcXVlc3R8fHxJbnZhbGlkUmVxdWVzdA==
IDENT	68719478915	bGliL2Vycm9ycy9pbnZhbGlkLXJlcXVlc3QtZXJyb3IuanM6OnByb2dyYW06SW52YWxpZFJlcXVlc3R8fHxJbnZhbGlkUmVxdWVzdA==
IDENT	68719478916	bGliL2Vycm9ycy9pbnZhbGlkLXJlcXVlc3QtZXJyb3IuanM6OnByb2dyYW06SW52YWxpZFJlcXVlc3R8fHxJbnZhbGlkUmVxdWVzdA==
IDENT	68719478920	bGliL2hhbmRsZXJzL3Rva2VuLWhhbmRsZXIuanM6OnByb2dyYW06VG9rZW5IYW5kbGVyfHx8bGliL2hhbmRsZXJzL3Rva2VuLWhhbmRsZXIuanM6OnByb2dyYW0=
IDENT	68719478922	bGliL2Vycm9ycy91bnN1cHBvcnRlZC1ncmFudC10eXBlLWVycm9yLmpzOjpwcm9ncmFtOlVuc3VwcG9ydGVkR3JhbnRUeXBlRXJyb3J8fHxVbnN1cHBvcnRlZEdyYW50VHlwZUVycm9y
IDENT	68719478924	bGliL2Vycm9ycy91bnN1cHBvcnRlZC1ncmFudC10eXBlLWVycm9yLmpzOjpwcm9ncmFtOlVuc3VwcG9ydGVkR3JhbnRUeXBlRXJyb3J8fHxVbnN1cHBvcnRlZEdyYW50VHlwZUVycm9y
IDENT	68719478925	bGliL2Vycm9ycy91bnN1cHBvcnRlZC1ncmFudC10eXBlLWVycm9yLmpzOjpwcm9ncmFtOlVuc3VwcG9ydGVkR3JhbnRUeXBlRXJyb3J8fHxVbnN1cHBvcnRlZEdyYW50VHlwZUVycm9y
IDENT	68719478933	bGliL2Vycm9ycy91bmF1dGhvcml6ZWQtY2xpZW50LWVycm9yLmpzOjpwcm9ncmFtOlVuYXV0aG9yaXplZENsaWVudEVycm9yfHx8VW5hdXRob3JpemVkQ2xpZW50RXJyb3I=
IDENT	68719478935	bGliL2Vycm9ycy91bmF1dGhvcml6ZWQtY2xpZW50LWVycm9yLmpzOjpwcm9ncmFtOlVuYXV0aG9yaXplZENsaWVudEVycm9yfHx8VW5hdXRob3JpemVkQ2xpZW50RXJyb3I=
IDENT	68719478936	bGliL2Vycm9ycy91bmF1dGhvcml6ZWQtY2xpZW50LWVycm9yLmpzOjpwcm9ncmFtOlVuYXV0aG9yaXplZENsaWVudEVycm9yfHx8VW5hdXRob3JpemVkQ2xpZW50RXJyb3I=
IDENT	68719478938	bGliL2hhbmRsZXJzL3Rva2VuLWhhbmRsZXIuanM6OnByb2dyYW06VG9rZW5IYW5kbGVyfHx8bGliL2hhbmRsZXJzL3Rva2VuLWhhbmRsZXIuanM6OnByb2dyYW0=
IDENT	68719478939	bGliL2hhbmRsZXJzL3Rva2VuLWhhbmRsZXIuanM6OnByb2dyYW06VG9rZW5IYW5kbGVyfHx8bGliL2hhbmRsZXJzL3Rva2VuLWhhbmRsZXIuanM6OnByb2dyYW0=
IDENT	68719478942	bGliL2hhbmRsZXJzL3Rva2VuLWhhbmRsZXIuanM6OnByb2dyYW06VG9rZW5IYW5kbGVyfHx8bGliL2hhbmRsZXJzL3Rva2VuLWhhbmRsZXIuanM6OnByb2dyYW0=
IDENT	68719478943	bGliL2hhbmRsZXJzL3Rva2VuLWhhbmRsZXIuanM6OnByb2dyYW06VG9rZW5IYW5kbGVyfHx8bGliL2hhbmRsZXJzL3Rva2VuLWhhbmRsZXIuanM6OnByb2dyYW0=
IDENT	68719478945	eyBhdXRob3JpemF0aW9uX2NvZGU6IEF1dGhvcml6YXRpb25Db2RlR3JhbnRUeXBlOyBjbGllbnRfY3JlZGVudGlhbHM6IENsaWVudENyZWRlbnRpYWxzR3JhbnRUeXBlOyBwYXNzd29yZDogUGFzc3dvcmRHcmFudFR5cGU7IHJlZnJlc2hfdG9rZW46IFJlZnJlc2hUb2tlbkdyYW50VHlwZTsgfTo8aW5kZXhBY2Nlc3M+fHx8T2JqZWN0LmFzc2lnbjo8cmV0dXJuVmFsdWU+OjxpbmRleEFjY2Vzcz4=
IDENT	68719478946	bGliL2hhbmRsZXJzL3Rva2VuLWhhbmRsZXIuanM6OnByb2dyYW06VG9rZW5IYW5kbGVyfHx8bGliL2hhbmRsZXJzL3Rva2VuLWhhbmRsZXIuanM6OnByb2dyYW0=
IDENT	68719478952	bGliL2hhbmRsZXJzL3Rva2VuLWhhbmRsZXIuanM6OnByb2dyYW06VG9rZW5IYW5kbGVyfHx8bGliL2hhbmRsZXJzL3Rva2VuLWhhbmRsZXIuanM6OnByb2dyYW0=
IDENT	68719478956	bGliL2hhbmRsZXJzL3Rva2VuLWhhbmRsZXIuanM6OnByb2dyYW06VG9rZW5IYW5kbGVyfHx8bGliL2hhbmRsZXJzL3Rva2VuLWhhbmRsZXIuanM6OnByb2dyYW0=
IDENT	68719478958	bGliL2hhbmRsZXJzL3Rva2VuLWhhbmRsZXIuanM6OnByb2dyYW06VG9rZW5IYW5kbGVyfHx8bGliL2hhbmRsZXJzL3Rva2VuLWhhbmRsZXIuanM6OnByb2dyYW0=
IDENT	68719478960	bGliL2hhbmRsZXJzL3Rva2VuLWhhbmRsZXIuanM6OnByb2dyYW06VG9rZW5IYW5kbGVyfHx8bGliL2hhbmRsZXJzL3Rva2VuLWhhbmRsZXIuanM6OnByb2dyYW0=
IDENT	68719478962	eyBhdXRob3JpemF0aW9uX2NvZGU6IEF1dGhvcml6YXRpb25Db2RlR3JhbnRUeXBlOyBjbGllbnRfY3JlZGVudGlhbHM6IENsaWVudENyZWRlbnRpYWxzR3JhbnRUeXBlOyBwYXNzd29yZDogUGFzc3dvcmRHcmFudFR5cGU7IHJlZnJlc2hfdG9rZW46IFJlZnJlc2hUb2tlbkdyYW50VHlwZTsgfTo8aW5kZXhBY2Nlc3M+fHx8T2JqZWN0LmFzc2lnbjo8cmV0dXJuVmFsdWU+OjxpbmRleEFjY2Vzcz4=
IDENT	68719478963	eyBhdXRob3JpemF0aW9uX2NvZGU6IEF1dGhvcml6YXRpb25Db2RlR3JhbnRUeXBlOyBjbGllbnRfY3JlZGVudGlhbHM6IENsaWVudENyZWRlbnRpYWxzR3JhbnRUeXBlOyBwYXNzd29yZDogUGFzc3dvcmRHcmFudFR5cGU7IHJlZnJlc2hfdG9rZW46IFJlZnJlc2hUb2tlbkdyYW50VHlwZTsgfTo8aW5kZXhBY2Nlc3M+fHx8T2JqZWN0LmFzc2lnbjo8cmV0dXJuVmFsdWU+OjxpbmRleEFjY2Vzcz4=
IDENT	68719478964	eyBhdXRob3JpemF0aW9uX2NvZGU6IEF1dGhvcml6YXRpb25Db2RlR3JhbnRUeXBlOyBjbGllbnRfY3JlZGVudGlhbHM6IENsaWVudENyZWRlbnRpYWxzR3JhbnRUeXBlOyBwYXNzd29yZDogUGFzc3dvcmRHcmFudFR5cGU7IHJlZnJlc2hfdG9rZW46IFJlZnJlc2hUb2tlbkdyYW50VHlwZTsgfTo8aW5kZXhBY2Nlc3M+fHx8T2JqZWN0LmFzc2lnbjo8cmV0dXJuVmFsdWU+OjxpbmRleEFjY2Vzcz4=
IDENT	68719478965	eyBhdXRob3JpemF0aW9uX2NvZGU6IEF1dGhvcml6YXRpb25Db2RlR3JhbnRUeXBlOyBjbGllbnRfY3JlZGVudGlhbHM6IENsaWVudENyZWRlbnRpYWxzR3JhbnRUeXBlOyBwYXNzd29yZDogUGFzc3dvcmRHcmFudFR5cGU7IHJlZnJlc2hfdG9rZW46IFJlZnJlc2hUb2tlbkdyYW50VHlwZTsgfTo8aW5kZXhBY2Nlc3M+fHx8T2JqZWN0LmFzc2lnbjo8cmV0dXJuVmFsdWU+OjxpbmRleEFjY2Vzcz4=
IDENT	68719478967	eyBhdXRob3JpemF0aW9uX2NvZGU6IEF1dGhvcml6YXRpb25Db2RlR3JhbnRUeXBlOyBjbGllbnRfY3JlZGVudGlhbHM6IENsaWVudENyZWRlbnRpYWxzR3JhbnRUeXBlOyBwYXNzd29yZDogUGFzc3dvcmRHcmFudFR5cGU7IHJlZnJlc2hfdG9rZW46IFJlZnJlc2hUb2tlbkdyYW50VHlwZTsgfTo8aW5kZXhBY2Nlc3M+fHx8T2JqZWN0LmFzc2lnbjo8cmV0dXJuVmFsdWU+OjxpbmRleEFjY2Vzcz4=
IDENT	68719478968	eyBhdXRob3JpemF0aW9uX2NvZGU6IEF1dGhvcml6YXRpb25Db2RlR3JhbnRUeXBlOyBjbGllbnRfY3JlZGVudGlhbHM6IENsaWVudENyZWRlbnRpYWxzR3JhbnRUeXBlOyBwYXNzd29yZDogUGFzc3dvcmRHcmFudFR5cGU7IHJlZnJlc2hfdG9rZW46IFJlZnJlc2hUb2tlbkdyYW50VHlwZTsgfTo8aW5kZXhBY2Nlc3M+fHx8T2JqZWN0LmFzc2lnbjo8cmV0dXJuVmFsdWU+OjxpbmRleEFjY2Vzcz4=
IDENT	68719478972	bGliL2hhbmRsZXJzL3Rva2VuLWhhbmRsZXIuanM6OnByb2dyYW06VG9rZW5IYW5kbGVyfHx8bGliL2hhbmRsZXJzL3Rva2VuLWhhbmRsZXIuanM6OnByb2dyYW0=
IDENT	68719478974	bGliL2hhbmRsZXJzL3Rva2VuLWhhbmRsZXIuanM6OnByb2dyYW06VG9rZW5IYW5kbGVyfHx8bGliL2hhbmRsZXJzL3Rva2VuLWhhbmRsZXIuanM6OnByb2dyYW0=
IDENT	68719478975	bGliL3Rva2VuLXR5cGVzL2JlYXJlci10b2tlbi10eXBlLmpzOjpwcm9ncmFtOkJlYXJlclRva2VuVHlwZXx8fEJlYXJlclRva2VuVHlwZQ==
IDENT	68719478977	bGliL3Rva2VuLXR5cGVzL2JlYXJlci10b2tlbi10eXBlLmpzOjpwcm9ncmFtOkJlYXJlclRva2VuVHlwZXx8fEJlYXJlclRva2VuVHlwZQ==
IDENT	68719478978	bGliL21vZGVscy90b2tlbi1tb2RlbC5qczo6cHJvZ3JhbTpUb2tlbk1vZGVsfHx8VG9rZW5Nb2RlbA==
IDENT	68719478979	bGliL21vZGVscy90b2tlbi1tb2RlbC5qczo6cHJvZ3JhbTpUb2tlbk1vZGVsfHx8VG9rZW5Nb2RlbA==
IDENT	68719478980	bGliL21vZGVscy90b2tlbi1tb2RlbC5qczo6cHJvZ3JhbTpUb2tlbk1vZGVsfHx8VG9rZW5Nb2RlbA==
IDENT	68719478981	bGliL21vZGVscy90b2tlbi1tb2RlbC5qczo6cHJvZ3JhbTpUb2tlbk1vZGVsfHx8VG9rZW5Nb2RlbA==
IDENT	68719478982	bGliL21vZGVscy90b2tlbi1tb2RlbC5qczo6cHJvZ3JhbTpUb2tlbk1vZGVsfHx8VG9rZW5Nb2RlbA==
IDENT	68719478983	bGliL3Rva2VuLXR5cGVzL2JlYXJlci10b2tlbi10eXBlLmpzOjpwcm9ncmFtOkJlYXJlclRva2VuVHlwZXx8fEJlYXJlclRva2VuVHlwZQ==
IDENT	68719478985	bGliL3Rva2VuLXR5cGVzL2JlYXJlci10b2tlbi10eXBlLmpzOjpwcm9ncmFtOkJlYXJlclRva2VuVHlwZXx8fEJlYXJlclRva2VuVHlwZQ==
IDENT	68719478986	bGliL3Rva2VuLXR5cGVzL2JlYXJlci10b2tlbi10eXBlLmpzOjpwcm9ncmFtOkJlYXJlclRva2VuVHlwZXx8fEJlYXJlclRva2VuVHlwZQ==
IDENT	68719479004	bGliL2hhbmRsZXJzL3Rva2VuLWhhbmRsZXIuanM6OnByb2dyYW06VG9rZW5IYW5kbGVyfHx8bGliL2hhbmRsZXJzL3Rva2VuLWhhbmRsZXIuanM6OnByb2dyYW0=
IDENT	68719479005	bGliL2hhbmRsZXJzL3Rva2VuLWhhbmRsZXIuanM6OnByb2dyYW06VG9rZW5IYW5kbGVyfHx8bGliL2hhbmRsZXJzL3Rva2VuLWhhbmRsZXIuanM6OnByb2dyYW0=
IDENT	68719479007	bGliL2hhbmRsZXJzL3Rva2VuLWhhbmRsZXIuanM6OnByb2dyYW06VG9rZW5IYW5kbGVyfHx8bGliL2hhbmRsZXJzL3Rva2VuLWhhbmRsZXIuanM6OnByb2dyYW0=
IDENT	68719479011	bGliL2hhbmRsZXJzL3Rva2VuLWhhbmRsZXIuanM6OnByb2dyYW0=
IDENT	68719479014	bGliL2hhbmRsZXJzL3Rva2VuLWhhbmRsZXIuanM6OnByb2dyYW0=
IDENT	68719479017	bGliL2hhbmRsZXJzL3Rva2VuLWhhbmRsZXIuanM6OnByb2dyYW0=
IDENT	68719479018	bGliL2Vycm9ycy9pbnZhbGlkLXJlcXVlc3QtZXJyb3IuanM6OnByb2dyYW06SW52YWxpZFJlcXVlc3R8fHxJbnZhbGlkUmVxdWVzdA==
IDENT	68719479020	bGliL2hhbmRsZXJzL3Rva2VuLWhhbmRsZXIuanM6OnByb2dyYW0=
IDENT	68719479023	bGliL2hhbmRsZXJzL3Rva2VuLWhhbmRsZXIuanM6OnByb2dyYW0=
IDENT	68719479026	bGliL2hhbmRsZXJzL3Rva2VuLWhhbmRsZXIuanM6OnByb2dyYW0=
IDENT	68719479029	bGliL2hhbmRsZXJzL3Rva2VuLWhhbmRsZXIuanM6OnByb2dyYW0=
IDENT	68719479032	bGliL2hhbmRsZXJzL3Rva2VuLWhhbmRsZXIuanM6OnByb2dyYW0=
IDENT	68719479035	bGliL2hhbmRsZXJzL3Rva2VuLWhhbmRsZXIuanM6OnByb2dyYW0=
IDENT	68719479038	bGliL2hhbmRsZXJzL3Rva2VuLWhhbmRsZXIuanM6OnByb2dyYW0=
IDENT	68719479041	bGliL2hhbmRsZXJzL3Rva2VuLWhhbmRsZXIuanM6OnByb2dyYW0=
IDENT	68719479044	bGliL2hhbmRsZXJzL3Rva2VuLWhhbmRsZXIuanM6OnByb2dyYW0=
IDENT	68719479047	bGliL2hhbmRsZXJzL3Rva2VuLWhhbmRsZXIuanM6OnByb2dyYW0=
IDENT	68719479050	bGliL2hhbmRsZXJzL3Rva2VuLWhhbmRsZXIuanM6OnByb2dyYW0=
IDENT	68719479051	eyBhdXRob3JpemF0aW9uX2NvZGU6IEF1dGhvcml6YXRpb25Db2RlR3JhbnRUeXBlOyBjbGllbnRfY3JlZGVudGlhbHM6IENsaWVudENyZWRlbnRpYWxzR3JhbnRUeXBlOyBwYXNzd29yZDogUGFzc3dvcmRHcmFudFR5cGU7IHJlZnJlc2hfdG9rZW46IFJlZnJlc2hUb2tlbkdyYW50VHlwZTsgfXx8fE9iamVjdC5hc3NpZ246PHJldHVyblZhbHVlPg==
IDENT	68719479054	bGliL2hhbmRsZXJzL3Rva2VuLWhhbmRsZXIuanM6OnByb2dyYW0=
IDENT	68719479057	bGliL2hhbmRsZXJzL3Rva2VuLWhhbmRsZXIuanM6OnByb2dyYW0=
IDENT	68719479060	bGliL2hhbmRsZXJzL3Rva2VuLWhhbmRsZXIuanM6OnByb2dyYW0=
IDENT	68719479063	bGliL2hhbmRsZXJzL3Rva2VuLWhhbmRsZXIuanM6OnByb2dyYW0=
IDENT	68719479065	bGliL2hhbmRsZXJzL3Rva2VuLWhhbmRsZXIuanM6OnByb2dyYW06VG9rZW5IYW5kbGVyOjxpbml0Pnx8fGxpYi9oYW5kbGVycy90b2tlbi1oYW5kbGVyLmpzOjpwcm9ncmFtOlRva2VuSGFuZGxlcg==
IDENT	68719479084	bGliL2Vycm9ycy9zZXJ2ZXItZXJyb3IuanM6OnByb2dyYW06U2VydmVyRXJyb3J8fHxTZXJ2ZXJFcnJvcg==
IDENT	68719479086	bGliL2Vycm9ycy9zZXJ2ZXItZXJyb3IuanM6OnByb2dyYW06U2VydmVyRXJyb3J8fHxTZXJ2ZXJFcnJvcg==
IDENT	68719479087	bGliL2Vycm9ycy9zZXJ2ZXItZXJyb3IuanM6OnByb2dyYW06U2VydmVyRXJyb3J8fHxTZXJ2ZXJFcnJvcg==
IDENT	68719479088	bGliL2Vycm9ycy9zZXJ2ZXItZXJyb3IuanM6OnByb2dyYW06U2VydmVyRXJyb3J8fHxTZXJ2ZXJFcnJvcg==
IDENT	68719479090	bGliL2Vycm9ycy9zZXJ2ZXItZXJyb3IuanM6OnByb2dyYW06U2VydmVyRXJyb3J8fHxTZXJ2ZXJFcnJvcg==
IDENT	68719479091	bGliL2Vycm9ycy9zZXJ2ZXItZXJyb3IuanM6OnByb2dyYW06U2VydmVyRXJyb3J8fHxTZXJ2ZXJFcnJvcg==
IDENT	68719479092	bGliL2Vycm9ycy9zZXJ2ZXItZXJyb3IuanM6OnByb2dyYW06U2VydmVyRXJyb3J8fHxTZXJ2ZXJFcnJvcg==
IDENT	68719479094	bGliL2Vycm9ycy9zZXJ2ZXItZXJyb3IuanM6OnByb2dyYW06U2VydmVyRXJyb3J8fHxTZXJ2ZXJFcnJvcg==
IDENT	68719479095	bGliL2Vycm9ycy9zZXJ2ZXItZXJyb3IuanM6OnByb2dyYW06U2VydmVyRXJyb3J8fHxTZXJ2ZXJFcnJvcg==
IDENT	68719479096	bGliL2Vycm9ycy9zZXJ2ZXItZXJyb3IuanM6OnByb2dyYW06U2VydmVyRXJyb3J8fHxTZXJ2ZXJFcnJvcg==
IDENT	68719479098	bGliL2Vycm9ycy9zZXJ2ZXItZXJyb3IuanM6OnByb2dyYW06U2VydmVyRXJyb3J8fHxTZXJ2ZXJFcnJvcg==
IDENT	68719479099	bGliL2Vycm9ycy9zZXJ2ZXItZXJyb3IuanM6OnByb2dyYW06U2VydmVyRXJyb3J8fHxTZXJ2ZXJFcnJvcg==
IDENT	68719479100	bGliL2Vycm9ycy9zZXJ2ZXItZXJyb3IuanM6OnByb2dyYW06U2VydmVyRXJyb3J8fHxTZXJ2ZXJFcnJvcg==
IDENT	68719479102	bGliL2Vycm9ycy9zZXJ2ZXItZXJyb3IuanM6OnByb2dyYW06U2VydmVyRXJyb3J8fHxTZXJ2ZXJFcnJvcg==
IDENT	68719479103	bGliL2Vycm9ycy9zZXJ2ZXItZXJyb3IuanM6OnByb2dyYW06U2VydmVyRXJyb3J8fHxTZXJ2ZXJFcnJvcg==
IDENT	68719479104	bGliL2Vycm9ycy9zZXJ2ZXItZXJyb3IuanM6OnByb2dyYW06U2VydmVyRXJyb3J8fHxTZXJ2ZXJFcnJvcg==
IDENT	68719479106	bGliL2Vycm9ycy9zZXJ2ZXItZXJyb3IuanM6OnByb2dyYW06U2VydmVyRXJyb3J8fHxTZXJ2ZXJFcnJvcg==
IDENT	68719479107	bGliL2Vycm9ycy9zZXJ2ZXItZXJyb3IuanM6OnByb2dyYW06U2VydmVyRXJyb3J8fHxTZXJ2ZXJFcnJvcg==
IDENT	68719479108	bGliL2Vycm9ycy9zZXJ2ZXItZXJyb3IuanM6OnByb2dyYW06U2VydmVyRXJyb3J8fHxTZXJ2ZXJFcnJvcg==
IDENT	68719479110	bGliL2Vycm9ycy9zZXJ2ZXItZXJyb3IuanM6OnByb2dyYW06U2VydmVyRXJyb3J8fHxTZXJ2ZXJFcnJvcg==
IDENT	68719479111	bGliL2Vycm9ycy9zZXJ2ZXItZXJyb3IuanM6OnByb2dyYW06U2VydmVyRXJyb3J8fHxTZXJ2ZXJFcnJvcg==
IDENT	68719479112	bGliL2Vycm9ycy9zZXJ2ZXItZXJyb3IuanM6OnByb2dyYW06U2VydmVyRXJyb3J8fHxTZXJ2ZXJFcnJvcg==
IDENT	68719479114	bGliL2Vycm9ycy9zZXJ2ZXItZXJyb3IuanM6OnByb2dyYW06U2VydmVyRXJyb3J8fHxTZXJ2ZXJFcnJvcg==
IDENT	68719479115	bGliL2Vycm9ycy9zZXJ2ZXItZXJyb3IuanM6OnByb2dyYW06U2VydmVyRXJyb3J8fHxTZXJ2ZXJFcnJvcg==
IDENT	68719479116	bGliL2Vycm9ycy9zZXJ2ZXItZXJyb3IuanM6OnByb2dyYW06U2VydmVyRXJyb3J8fHxTZXJ2ZXJFcnJvcg==
IDENT	68719479118	bGliL2Vycm9ycy9zZXJ2ZXItZXJyb3IuanM6OnByb2dyYW06U2VydmVyRXJyb3J8fHxTZXJ2ZXJFcnJvcg==
IDENT	68719479119	bGliL2Vycm9ycy9zZXJ2ZXItZXJyb3IuanM6OnByb2dyYW06U2VydmVyRXJyb3J8fHxTZXJ2ZXJFcnJvcg==
IDENT	68719479120	bGliL2Vycm9ycy9zZXJ2ZXItZXJyb3IuanM6OnByb2dyYW06U2VydmVyRXJyb3J8fHxTZXJ2ZXJFcnJvcg==
IDENT	68719479122	bGliL2Vycm9ycy9zZXJ2ZXItZXJyb3IuanM6OnByb2dyYW06U2VydmVyRXJyb3J8fHxTZXJ2ZXJFcnJvcg==
IDENT	68719479123	bGliL2Vycm9ycy9zZXJ2ZXItZXJyb3IuanM6OnByb2dyYW06U2VydmVyRXJyb3J8fHxTZXJ2ZXJFcnJvcg==
IDENT	68719479124	bGliL2Vycm9ycy9zZXJ2ZXItZXJyb3IuanM6OnByb2dyYW06U2VydmVyRXJyb3J8fHxTZXJ2ZXJFcnJvcg==
IDENT	68719479126	bGliL2Vycm9ycy9zZXJ2ZXItZXJyb3IuanM6OnByb2dyYW06U2VydmVyRXJyb3J8fHxTZXJ2ZXJFcnJvcg==
IDENT	68719479127	bGliL2Vycm9ycy9zZXJ2ZXItZXJyb3IuanM6OnByb2dyYW06U2VydmVyRXJyb3J8fHxTZXJ2ZXJFcnJvcg==
IDENT	68719479128	bGliL2Vycm9ycy9zZXJ2ZXItZXJyb3IuanM6OnByb2dyYW06U2VydmVyRXJyb3J8fHxTZXJ2ZXJFcnJvcg==
IDENT	68719479130	bGliL2Vycm9ycy9zZXJ2ZXItZXJyb3IuanM6OnByb2dyYW06U2VydmVyRXJyb3J8fHxTZXJ2ZXJFcnJvcg==
IDENT	68719479131	bGliL2Vycm9ycy9zZXJ2ZXItZXJyb3IuanM6OnByb2dyYW06U2VydmVyRXJyb3J8fHxTZXJ2ZXJFcnJvcg==
IDENT	68719479132	bGliL2Vycm9ycy9zZXJ2ZXItZXJyb3IuanM6OnByb2dyYW06U2VydmVyRXJyb3J8fHxTZXJ2ZXJFcnJvcg==
IDENT	68719479134	bGliL2Vycm9ycy9zZXJ2ZXItZXJyb3IuanM6OnByb2dyYW06U2VydmVyRXJyb3J8fHxTZXJ2ZXJFcnJvcg==
IDENT	68719479135	bGliL2Vycm9ycy9zZXJ2ZXItZXJyb3IuanM6OnByb2dyYW06U2VydmVyRXJyb3J8fHxTZXJ2ZXJFcnJvcg==
IDENT	68719479136	bGliL2Vycm9ycy9zZXJ2ZXItZXJyb3IuanM6OnByb2dyYW06U2VydmVyRXJyb3J8fHxTZXJ2ZXJFcnJvcg==
IDENT	68719479138	bGliL2Vycm9ycy9zZXJ2ZXItZXJyb3IuanM6OnByb2dyYW06U2VydmVyRXJyb3J8fHxTZXJ2ZXJFcnJvcg==
IDENT	68719479139	bGliL2Vycm9ycy9zZXJ2ZXItZXJyb3IuanM6OnByb2dyYW06U2VydmVyRXJyb3J8fHxTZXJ2ZXJFcnJvcg==
IDENT	68719479140	bGliL2Vycm9ycy9zZXJ2ZXItZXJyb3IuanM6OnByb2dyYW06U2VydmVyRXJyb3J8fHxTZXJ2ZXJFcnJvcg==
IDENT	68719479142	bGliL2Vycm9ycy9zZXJ2ZXItZXJyb3IuanM6OnByb2dyYW06U2VydmVyRXJyb3J8fHxTZXJ2ZXJFcnJvcg==
IDENT	68719479143	bGliL2Vycm9ycy9zZXJ2ZXItZXJyb3IuanM6OnByb2dyYW06U2VydmVyRXJyb3J8fHxTZXJ2ZXJFcnJvcg==
IDENT	68719479144	bGliL2Vycm9ycy9zZXJ2ZXItZXJyb3IuanM6OnByb2dyYW06U2VydmVyRXJyb3J8fHxTZXJ2ZXJFcnJvcg==
IDENT	68719479146	bGliL2Vycm9ycy9zZXJ2ZXItZXJyb3IuanM6OnByb2dyYW06U2VydmVyRXJyb3J8fHxTZXJ2ZXJFcnJvcg==
IDENT	68719479147	bGliL2Vycm9ycy9zZXJ2ZXItZXJyb3IuanM6OnByb2dyYW06U2VydmVyRXJyb3J8fHxTZXJ2ZXJFcnJvcg==
IDENT	68719479150	bGliL21vZGVsLmpzOjpwcm9ncmFt
IDENT	68719479151	bGliL21vZGVsLmpzOjpwcm9ncmFtOk1vZGVsOjxpbml0Pnx8fGxpYi9tb2RlbC5qczo6cHJvZ3JhbTpNb2RlbA==
IDENT	68719479154	U2V0PHN0cmluZz58fHxfX2VjbWEuU2V0
IDENT	68719479155	U2V0PHN0cmluZz58fHxfX2VjbWEuU2V0
IDENT	68719479157	bGliL21vZGVscy90b2tlbi1tb2RlbC5qczo6cHJvZ3JhbTpUb2tlbk1vZGVsfHx8bGliL21vZGVscy90b2tlbi1tb2RlbC5qczo6cHJvZ3JhbQ==
IDENT	68719479187	bGliL2Vycm9ycy9pbnZhbGlkLWFyZ3VtZW50LWVycm9yLmpzOjpwcm9ncmFtOkludmFsaWRBcmd1bWVudEVycm9yfHx8SW52YWxpZEFyZ3VtZW50RXJyb3I=
IDENT	68719479189	bGliL2Vycm9ycy9pbnZhbGlkLWFyZ3VtZW50LWVycm9yLmpzOjpwcm9ncmFtOkludmFsaWRBcmd1bWVudEVycm9yfHx8SW52YWxpZEFyZ3VtZW50RXJyb3I=
IDENT	68719479190	bGliL2Vycm9ycy9pbnZhbGlkLWFyZ3VtZW50LWVycm9yLmpzOjpwcm9ncmFtOkludmFsaWRBcmd1bWVudEVycm9yfHx8SW52YWxpZEFyZ3VtZW50RXJyb3I=
IDENT	68719479192	bGliL2Vycm9ycy9pbnZhbGlkLWFyZ3VtZW50LWVycm9yLmpzOjpwcm9ncmFtOkludmFsaWRBcmd1bWVudEVycm9yfHx8SW52YWxpZEFyZ3VtZW50RXJyb3I=
IDENT	68719479194	bGliL2Vycm9ycy9pbnZhbGlkLWFyZ3VtZW50LWVycm9yLmpzOjpwcm9ncmFtOkludmFsaWRBcmd1bWVudEVycm9yfHx8SW52YWxpZEFyZ3VtZW50RXJyb3I=
IDENT	68719479195	bGliL2Vycm9ycy9pbnZhbGlkLWFyZ3VtZW50LWVycm9yLmpzOjpwcm9ncmFtOkludmFsaWRBcmd1bWVudEVycm9yfHx8SW52YWxpZEFyZ3VtZW50RXJyb3I=
IDENT	68719479197	bGliL2Vycm9ycy9pbnZhbGlkLWFyZ3VtZW50LWVycm9yLmpzOjpwcm9ncmFtOkludmFsaWRBcmd1bWVudEVycm9yfHx8SW52YWxpZEFyZ3VtZW50RXJyb3I=
IDENT	68719479199	bGliL2Vycm9ycy9pbnZhbGlkLWFyZ3VtZW50LWVycm9yLmpzOjpwcm9ncmFtOkludmFsaWRBcmd1bWVudEVycm9yfHx8SW52YWxpZEFyZ3VtZW50RXJyb3I=
IDENT	68719479200	bGliL2Vycm9ycy9pbnZhbGlkLWFyZ3VtZW50LWVycm9yLmpzOjpwcm9ncmFtOkludmFsaWRBcmd1bWVudEVycm9yfHx8SW52YWxpZEFyZ3VtZW50RXJyb3I=
IDENT	68719479204	bGliL2Vycm9ycy9pbnZhbGlkLWFyZ3VtZW50LWVycm9yLmpzOjpwcm9ncmFtOkludmFsaWRBcmd1bWVudEVycm9yfHx8SW52YWxpZEFyZ3VtZW50RXJyb3I=
IDENT	68719479206	bGliL2Vycm9ycy9pbnZhbGlkLWFyZ3VtZW50LWVycm9yLmpzOjpwcm9ncmFtOkludmFsaWRBcmd1bWVudEVycm9yfHx8SW52YWxpZEFyZ3VtZW50RXJyb3I=
IDENT	68719479207	bGliL2Vycm9ycy9pbnZhbGlkLWFyZ3VtZW50LWVycm9yLmpzOjpwcm9ncmFtOkludmFsaWRBcmd1bWVudEVycm9yfHx8SW52YWxpZEFyZ3VtZW50RXJyb3I=
IDENT	68719479211	bGliL2Vycm9ycy9pbnZhbGlkLWFyZ3VtZW50LWVycm9yLmpzOjpwcm9ncmFtOkludmFsaWRBcmd1bWVudEVycm9yfHx8SW52YWxpZEFyZ3VtZW50RXJyb3I=
IDENT	68719479213	bGliL2Vycm9ycy9pbnZhbGlkLWFyZ3VtZW50LWVycm9yLmpzOjpwcm9ncmFtOkludmFsaWRBcmd1bWVudEVycm9yfHx8SW52YWxpZEFyZ3VtZW50RXJyb3I=
IDENT	68719479214	bGliL2Vycm9ycy9pbnZhbGlkLWFyZ3VtZW50LWVycm9yLmpzOjpwcm9ncmFtOkludmFsaWRBcmd1bWVudEVycm9yfHx8SW52YWxpZEFyZ3VtZW50RXJyb3I=
IDENT	68719479215	bGliL21vZGVscy90b2tlbi1tb2RlbC5qczo6cHJvZ3JhbTpUb2tlbk1vZGVsfHx8bGliL21vZGVscy90b2tlbi1tb2RlbC5qczo6cHJvZ3JhbQ==
IDENT	68719479217	bGliL21vZGVscy90b2tlbi1tb2RlbC5qczo6cHJvZ3JhbTpUb2tlbk1vZGVsfHx8bGliL21vZGVscy90b2tlbi1tb2RlbC5qczo6cHJvZ3JhbQ==
IDENT	68719479219	bGliL21vZGVscy90b2tlbi1tb2RlbC5qczo6cHJvZ3JhbTpUb2tlbk1vZGVsfHx8bGliL21vZGVscy90b2tlbi1tb2RlbC5qczo6cHJvZ3JhbQ==
IDENT	68719479221	bGliL21vZGVscy90b2tlbi1tb2RlbC5qczo6cHJvZ3JhbTpUb2tlbk1vZGVsfHx8bGliL21vZGVscy90b2tlbi1tb2RlbC5qczo6cHJvZ3JhbQ==
IDENT	68719479223	bGliL21vZGVscy90b2tlbi1tb2RlbC5qczo6cHJvZ3JhbTpUb2tlbk1vZGVsfHx8bGliL21vZGVscy90b2tlbi1tb2RlbC5qczo6cHJvZ3JhbQ==
IDENT	68719479225	bGliL21vZGVscy90b2tlbi1tb2RlbC5qczo6cHJvZ3JhbTpUb2tlbk1vZGVsfHx8bGliL21vZGVscy90b2tlbi1tb2RlbC5qczo6cHJvZ3JhbQ==
IDENT	68719479227	bGliL21vZGVscy90b2tlbi1tb2RlbC5qczo6cHJvZ3JhbTpUb2tlbk1vZGVsfHx8bGliL21vZGVscy90b2tlbi1tb2RlbC5qczo6cHJvZ3JhbQ==
IDENT	68719479230	bGliL21vZGVscy90b2tlbi1tb2RlbC5qczo6cHJvZ3JhbTpUb2tlbk1vZGVsfHx8bGliL21vZGVscy90b2tlbi1tb2RlbC5qczo6cHJvZ3JhbQ==
IDENT	68719479232	bGliL21vZGVscy90b2tlbi1tb2RlbC5qczo6cHJvZ3JhbTpUb2tlbk1vZGVsfHx8bGliL21vZGVscy90b2tlbi1tb2RlbC5qczo6cHJvZ3JhbQ==
IDENT	68719479240	bGliL21vZGVscy90b2tlbi1tb2RlbC5qczo6cHJvZ3JhbTpUb2tlbk1vZGVsfHx8bGliL21vZGVscy90b2tlbi1tb2RlbC5qczo6cHJvZ3JhbQ==
IDENT	68719479247	bGliL21vZGVscy90b2tlbi1tb2RlbC5qczo6cHJvZ3JhbQ==
IDENT	68719479250	bGliL21vZGVscy90b2tlbi1tb2RlbC5qczo6cHJvZ3JhbQ==
IDENT	68719479254	U2V0PHN0cmluZz58fHxfX2VjbWEuU2V0
IDENT	68719479275	bGliL21vZGVscy90b2tlbi1tb2RlbC5qczo6cHJvZ3JhbTpUb2tlbk1vZGVsOjxpbml0Pnx8fGxpYi9tb2RlbHMvdG9rZW4tbW9kZWwuanM6OnByb2dyYW06VG9rZW5Nb2RlbA==
IDENT	68719479283	bGliL3BrY2UvcGtjZS5qczo6cHJvZ3JhbQ==
IDENT	68719479292	bGliL3BrY2UvcGtjZS5qczo6cHJvZ3JhbQ==
IDENT	68719479297	bGliL3BrY2UvcGtjZS5qczo6cHJvZ3JhbQ==
IDENT	68719479300	UmVnRXhwfHx8X19lY21hLlN0cmluZw==
IDENT	68719479301	UmVnRXhwfHx8X19lY21hLlN0cmluZw==
IDENT	68719479317	bGliL3BrY2UvcGtjZS5qczo6cHJvZ3JhbQ==
IDENT	68719479323	bGliL3BrY2UvcGtjZS5qczo6cHJvZ3JhbQ==
IDENT	68719479327	UmVnRXhwfHx8X19lY21hLlN0cmluZw==
IDENT	68719479342	bGliL3JlcXVlc3QuanM6OnByb2dyYW06UmVxdWVzdHx8fGxpYi9yZXF1ZXN0LmpzOjpwcm9ncmFt
IDENT	68719479348	bGliL3JlcXVlc3QuanM6OnByb2dyYW06UmVxdWVzdHx8fGxpYi9yZXF1ZXN0LmpzOjpwcm9ncmFt
IDENT	68719479354	bGliL3JlcXVlc3QuanM6OnByb2dyYW06UmVxdWVzdHx8fGxpYi9yZXF1ZXN0LmpzOjpwcm9ncmFt
IDENT	68719479373	bGliL2Vycm9ycy9pbnZhbGlkLWFyZ3VtZW50LWVycm9yLmpzOjpwcm9ncmFtOkludmFsaWRBcmd1bWVudEVycm9yfHx8SW52YWxpZEFyZ3VtZW50RXJyb3I=
IDENT	68719479375	bGliL2Vycm9ycy9pbnZhbGlkLWFyZ3VtZW50LWVycm9yLmpzOjpwcm9ncmFtOkludmFsaWRBcmd1bWVudEVycm9yfHx8SW52YWxpZEFyZ3VtZW50RXJyb3I=
IDENT	68719479376	bGliL2Vycm9ycy9pbnZhbGlkLWFyZ3VtZW50LWVycm9yLmpzOjpwcm9ncmFtOkludmFsaWRBcmd1bWVudEVycm9yfHx8SW52YWxpZEFyZ3VtZW50RXJyb3I=
IDENT	68719479378	bGliL2Vycm9ycy9pbnZhbGlkLWFyZ3VtZW50LWVycm9yLmpzOjpwcm9ncmFtOkludmFsaWRBcmd1bWVudEVycm9yfHx8SW52YWxpZEFyZ3VtZW50RXJyb3I=
IDENT	68719479380	bGliL2Vycm9ycy9pbnZhbGlkLWFyZ3VtZW50LWVycm9yLmpzOjpwcm9ncmFtOkludmFsaWRBcmd1bWVudEVycm9yfHx8SW52YWxpZEFyZ3VtZW50RXJyb3I=
IDENT	68719479381	bGliL2Vycm9ycy9pbnZhbGlkLWFyZ3VtZW50LWVycm9yLmpzOjpwcm9ncmFtOkludmFsaWRBcmd1bWVudEVycm9yfHx8SW52YWxpZEFyZ3VtZW50RXJyb3I=
IDENT	68719479383	bGliL2Vycm9ycy9pbnZhbGlkLWFyZ3VtZW50LWVycm9yLmpzOjpwcm9ncmFtOkludmFsaWRBcmd1bWVudEVycm9yfHx8SW52YWxpZEFyZ3VtZW50RXJyb3I=
IDENT	68719479385	bGliL2Vycm9ycy9pbnZhbGlkLWFyZ3VtZW50LWVycm9yLmpzOjpwcm9ncmFtOkludmFsaWRBcmd1bWVudEVycm9yfHx8SW52YWxpZEFyZ3VtZW50RXJyb3I=
IDENT	68719479386	bGliL2Vycm9ycy9pbnZhbGlkLWFyZ3VtZW50LWVycm9yLmpzOjpwcm9ncmFtOkludmFsaWRBcmd1bWVudEVycm9yfHx8SW52YWxpZEFyZ3VtZW50RXJyb3I=
IDENT	68719479387	bGliL3JlcXVlc3QuanM6OnByb2dyYW06UmVxdWVzdHx8fGxpYi9yZXF1ZXN0LmpzOjpwcm9ncmFt
IDENT	68719479390	bGliL3JlcXVlc3QuanM6OnByb2dyYW06UmVxdWVzdHx8fGxpYi9yZXF1ZXN0LmpzOjpwcm9ncmFt
IDENT	68719479392	bGliL3JlcXVlc3QuanM6OnByb2dyYW06UmVxdWVzdHx8fGxpYi9yZXF1ZXN0LmpzOjpwcm9ncmFt
IDENT	68719479394	bGliL3JlcXVlc3QuanM6OnByb2dyYW06UmVxdWVzdHx8fGxpYi9yZXF1ZXN0LmpzOjpwcm9ncmFt
IDENT	68719479404	bGliL3JlcXVlc3QuanM6OnByb2dyYW06UmVxdWVzdHx8fGxpYi9yZXF1ZXN0LmpzOjpwcm9ncmFt
IDENT	68719479408	bGliL3JlcXVlc3QuanM6OnByb2dyYW06UmVxdWVzdHx8fGxpYi9yZXF1ZXN0LmpzOjpwcm9ncmFt
IDENT	68719479409	bGliL3JlcXVlc3QuanM6OnByb2dyYW06UmVxdWVzdHx8fGxpYi9yZXF1ZXN0LmpzOjpwcm9ncmFt
IDENT	68719479414	bGliL3JlcXVlc3QuanM6OnByb2dyYW0=
IDENT	68719479417	bGliL3JlcXVlc3QuanM6OnByb2dyYW0=
IDENT	68719479418	bGliL3JlcXVlc3QuanM6OnByb2dyYW06UmVxdWVzdDo8aW5pdD58fHxsaWIvcmVxdWVzdC5qczo6cHJvZ3JhbTpSZXF1ZXN0
IDENT	68719479422	bGliL2Vycm9ycy9pbnZhbGlkLWFyZ3VtZW50LWVycm9yLmpzOjpwcm9ncmFtOkludmFsaWRBcmd1bWVudEVycm9yfHx8SW52YWxpZEFyZ3VtZW50RXJyb3I=
IDENT	68719479424	bGliL2Vycm9ycy9pbnZhbGlkLWFyZ3VtZW50LWVycm9yLmpzOjpwcm9ncmFtOkludmFsaWRBcmd1bWVudEVycm9yfHx8SW52YWxpZEFyZ3VtZW50RXJyb3I=
IDENT	68719479425	bGliL2Vycm9ycy9pbnZhbGlkLWFyZ3VtZW50LWVycm9yLmpzOjpwcm9ncmFtOkludmFsaWRBcmd1bWVudEVycm9yfHx8SW52YWxpZEFyZ3VtZW50RXJyb3I=
IDENT	68719479426	bGliL3Jlc3BvbnNlLXR5cGVzL2NvZGUtcmVzcG9uc2UtdHlwZS5qczo6cHJvZ3JhbTpDb2RlUmVzcG9uc2VUeXBlfHx8bGliL3Jlc3BvbnNlLXR5cGVzL2NvZGUtcmVzcG9uc2UtdHlwZS5qczo6cHJvZ3JhbQ==
IDENT	68719479429	bGliL2Vycm9ycy9pbnZhbGlkLWFyZ3VtZW50LWVycm9yLmpzOjpwcm9ncmFtOkludmFsaWRBcmd1bWVudEVycm9yfHx8SW52YWxpZEFyZ3VtZW50RXJyb3I=
IDENT	68719479431	bGliL2Vycm9ycy9pbnZhbGlkLWFyZ3VtZW50LWVycm9yLmpzOjpwcm9ncmFtOkludmFsaWRBcmd1bWVudEVycm9yfHx8SW52YWxpZEFyZ3VtZW50RXJyb3I=
IDENT	68719479432	bGliL2Vycm9ycy9pbnZhbGlkLWFyZ3VtZW50LWVycm9yLmpzOjpwcm9ncmFtOkludmFsaWRBcmd1bWVudEVycm9yfHx8SW52YWxpZEFyZ3VtZW50RXJyb3I=
IDENT	68719479438	bGliL3Jlc3BvbnNlLXR5cGVzL2NvZGUtcmVzcG9uc2UtdHlwZS5qczo6cHJvZ3JhbTpDb2RlUmVzcG9uc2VUeXBlfHx8bGliL3Jlc3BvbnNlLXR5cGVzL2NvZGUtcmVzcG9uc2UtdHlwZS5qczo6cHJvZ3JhbQ==
IDENT	68719479443	bGliL3Jlc3BvbnNlLXR5cGVzL2NvZGUtcmVzcG9uc2UtdHlwZS5qczo6cHJvZ3JhbQ==
IDENT	68719479446	bGliL3Jlc3BvbnNlLXR5cGVzL2NvZGUtcmVzcG9uc2UtdHlwZS5qczo6cHJvZ3JhbQ==
IDENT	68719479447	bGliL3Jlc3BvbnNlLXR5cGVzL2NvZGUtcmVzcG9uc2UtdHlwZS5qczo6cHJvZ3JhbTpDb2RlUmVzcG9uc2VUeXBlOjxpbml0Pnx8fGxpYi9yZXNwb25zZS10eXBlcy9jb2RlLXJlc3BvbnNlLXR5cGUuanM6OnByb2dyYW06Q29kZVJlc3BvbnNlVHlwZQ==
IDENT	68719479450	bGliL2Vycm9ycy9zZXJ2ZXItZXJyb3IuanM6OnByb2dyYW06U2VydmVyRXJyb3J8fHxTZXJ2ZXJFcnJvcg==
IDENT	68719479452	bGliL2Vycm9ycy9zZXJ2ZXItZXJyb3IuanM6OnByb2dyYW06U2VydmVyRXJyb3J8fHxTZXJ2ZXJFcnJvcg==
IDENT	68719479453	bGliL2Vycm9ycy9zZXJ2ZXItZXJyb3IuanM6OnByb2dyYW06U2VydmVyRXJyb3J8fHxTZXJ2ZXJFcnJvcg==
IDENT	68719479456	bGliL3Jlc3BvbnNlLXR5cGVzL3Rva2VuLXJlc3BvbnNlLXR5cGUuanM6OnByb2dyYW0=
IDENT	68719479457	bGliL3Jlc3BvbnNlLXR5cGVzL3Rva2VuLXJlc3BvbnNlLXR5cGUuanM6OnByb2dyYW06VG9rZW5SZXNwb25zZVR5cGU6PGluaXQ+fHx8bGliL3Jlc3BvbnNlLXR5cGVzL3Rva2VuLXJlc3BvbnNlLXR5cGUuanM6OnByb2dyYW06VG9rZW5SZXNwb25zZVR5cGU=
IDENT	68719479464	bGliL3Jlc3BvbnNlLmpzOjpwcm9ncmFtOlJlc3BvbnNlfHx8bGliL3Jlc3BvbnNlLmpzOjpwcm9ncmFt
IDENT	68719479470	bGliL3Jlc3BvbnNlLmpzOjpwcm9ncmFtOlJlc3BvbnNlfHx8bGliL3Jlc3BvbnNlLmpzOjpwcm9ncmFt
IDENT	68719479476	bGliL3Jlc3BvbnNlLmpzOjpwcm9ncmFtOlJlc3BvbnNlfHx8bGliL3Jlc3BvbnNlLmpzOjpwcm9ncmFt
IDENT	68719479494	bGliL3Jlc3BvbnNlLmpzOjpwcm9ncmFtOlJlc3BvbnNlfHx8bGliL3Jlc3BvbnNlLmpzOjpwcm9ncmFt
IDENT	68719479495	bGliL3Jlc3BvbnNlLmpzOjpwcm9ncmFtOlJlc3BvbnNlfHx8bGliL3Jlc3BvbnNlLmpzOjpwcm9ncmFt
IDENT	68719479497	bGliL3Jlc3BvbnNlLmpzOjpwcm9ncmFtOlJlc3BvbnNlfHx8bGliL3Jlc3BvbnNlLmpzOjpwcm9ncmFt
IDENT	68719479507	bGliL3Jlc3BvbnNlLmpzOjpwcm9ncmFtOlJlc3BvbnNlfHx8bGliL3Jlc3BvbnNlLmpzOjpwcm9ncmFt
IDENT	68719479510	bGliL3Jlc3BvbnNlLmpzOjpwcm9ncmFtOlJlc3BvbnNlfHx8bGliL3Jlc3BvbnNlLmpzOjpwcm9ncmFt
IDENT	68719479511	bGliL3Jlc3BvbnNlLmpzOjpwcm9ncmFtOlJlc3BvbnNlfHx8bGliL3Jlc3BvbnNlLmpzOjpwcm9ncmFt
IDENT	68719479513	bGliL3Jlc3BvbnNlLmpzOjpwcm9ncmFtOlJlc3BvbnNlfHx8bGliL3Jlc3BvbnNlLmpzOjpwcm9ncmFt
IDENT	68719479514	bGliL3Jlc3BvbnNlLmpzOjpwcm9ncmFtOlJlc3BvbnNlfHx8bGliL3Jlc3BvbnNlLmpzOjpwcm9ncmFt
IDENT	68719479518	bGliL3Jlc3BvbnNlLmpzOjpwcm9ncmFtOlJlc3BvbnNlOjxpbml0Pnx8fGxpYi9yZXNwb25zZS5qczo6cHJvZ3JhbTpSZXNwb25zZQ==
IDENT	68719479521	b2JqZWN0IHwgQU5ZfHx8T2JqZWN0LmFzc2lnbjo8cmV0dXJuVmFsdWU+
IDENT	68719479522	b2JqZWN0IHwgQU5ZfHx8T2JqZWN0LmFzc2lnbjo8cmV0dXJuVmFsdWU+
IDENT	68719479524	b2JqZWN0IHwgQU5ZfHx8T2JqZWN0LmFzc2lnbjo8cmV0dXJuVmFsdWU+
IDENT	68719479525	bGliL2Vycm9ycy9pbnZhbGlkLWFyZ3VtZW50LWVycm9yLmpzOjpwcm9ncmFtOkludmFsaWRBcmd1bWVudEVycm9yfHx8SW52YWxpZEFyZ3VtZW50RXJyb3I=
IDENT	68719479527	bGliL2Vycm9ycy9pbnZhbGlkLWFyZ3VtZW50LWVycm9yLmpzOjpwcm9ncmFtOkludmFsaWRBcmd1bWVudEVycm9yfHx8SW52YWxpZEFyZ3VtZW50RXJyb3I=
IDENT	68719479528	bGliL2Vycm9ycy9pbnZhbGlkLWFyZ3VtZW50LWVycm9yLmpzOjpwcm9ncmFtOkludmFsaWRBcmd1bWVudEVycm9yfHx8SW52YWxpZEFyZ3VtZW50RXJyb3I=
IDENT	68719479529	bGliL3NlcnZlci5qczo6cHJvZ3JhbTpPQXV0aDJTZXJ2ZXJ8fHxsaWIvc2VydmVyLmpzOjpwcm9ncmFt
IDENT	68719479530	b2JqZWN0IHwgQU5ZfHx8T2JqZWN0LmFzc2lnbjo8cmV0dXJuVmFsdWU+
IDENT	68719479531	b2JqZWN0IHwgQU5ZfHx8T2JqZWN0LmFzc2lnbjo8cmV0dXJuVmFsdWU+
IDENT	68719479536	bGliL3NlcnZlci5qczo6cHJvZ3JhbTpPQXV0aDJTZXJ2ZXJ8fHxsaWIvc2VydmVyLmpzOjpwcm9ncmFt
IDENT	68719479537	b2JqZWN0IHwgQU5ZfHx8T2JqZWN0LmFzc2lnbjo8cmV0dXJuVmFsdWU+
IDENT	68719479538	bGliL2hhbmRsZXJzL2F1dGhlbnRpY2F0ZS1oYW5kbGVyLmpzOjpwcm9ncmFtOkF1dGhlbnRpY2F0ZUhhbmRsZXJ8fHxBdXRoZW50aWNhdGVIYW5kbGVy
IDENT	68719479539	bGliL2hhbmRsZXJzL2F1dGhlbnRpY2F0ZS1oYW5kbGVyLmpzOjpwcm9ncmFtOkF1dGhlbnRpY2F0ZUhhbmRsZXJ8fHxBdXRoZW50aWNhdGVIYW5kbGVy
IDENT	68719479541	bGliL2hhbmRsZXJzL2F1dGhlbnRpY2F0ZS1oYW5kbGVyLmpzOjpwcm9ncmFtOkF1dGhlbnRpY2F0ZUhhbmRsZXJ8fHxBdXRoZW50aWNhdGVIYW5kbGVy
IDENT	68719479542	b2JqZWN0IHwgQU5ZfHx8T2JqZWN0LmFzc2lnbjo8cmV0dXJuVmFsdWU+
IDENT	68719479543	bGliL2hhbmRsZXJzL2F1dGhlbnRpY2F0ZS1oYW5kbGVyLmpzOjpwcm9ncmFtOkF1dGhlbnRpY2F0ZUhhbmRsZXJ8fHxBdXRoZW50aWNhdGVIYW5kbGVy
IDENT	68719479544	bGliL2hhbmRsZXJzL2F1dGhlbnRpY2F0ZS1oYW5kbGVyLmpzOjpwcm9ncmFtOkF1dGhlbnRpY2F0ZUhhbmRsZXJ8fHxBdXRoZW50aWNhdGVIYW5kbGVy
IDENT	68719479547	b2JqZWN0IHwgQU5ZfHx8T2JqZWN0LmFzc2lnbjo8cmV0dXJuVmFsdWU+
IDENT	68719479551	bGliL3NlcnZlci5qczo6cHJvZ3JhbTpPQXV0aDJTZXJ2ZXJ8fHxsaWIvc2VydmVyLmpzOjpwcm9ncmFt
IDENT	68719479552	b2JqZWN0IHwgQU5ZfHx8T2JqZWN0LmFzc2lnbjo8cmV0dXJuVmFsdWU+
IDENT	68719479553	bGliL2hhbmRsZXJzL2F1dGhvcml6ZS1oYW5kbGVyLmpzOjpwcm9ncmFtOkF1dGhvcml6ZUhhbmRsZXJ8fHxBdXRob3JpemVIYW5kbGVy
IDENT	68719479554	bGliL2hhbmRsZXJzL2F1dGhvcml6ZS1oYW5kbGVyLmpzOjpwcm9ncmFtOkF1dGhvcml6ZUhhbmRsZXJ8fHxBdXRob3JpemVIYW5kbGVy
IDENT	68719479556	bGliL2hhbmRsZXJzL2F1dGhvcml6ZS1oYW5kbGVyLmpzOjpwcm9ncmFtOkF1dGhvcml6ZUhhbmRsZXJ8fHxBdXRob3JpemVIYW5kbGVy
IDENT	68719479557	b2JqZWN0IHwgQU5ZfHx8T2JqZWN0LmFzc2lnbjo8cmV0dXJuVmFsdWU+
IDENT	68719479558	bGliL2hhbmRsZXJzL2F1dGhvcml6ZS1oYW5kbGVyLmpzOjpwcm9ncmFtOkF1dGhvcml6ZUhhbmRsZXJ8fHxBdXRob3JpemVIYW5kbGVy
IDENT	68719479559	bGliL2hhbmRsZXJzL2F1dGhvcml6ZS1oYW5kbGVyLmpzOjpwcm9ncmFtOkF1dGhvcml6ZUhhbmRsZXJ8fHxBdXRob3JpemVIYW5kbGVy
IDENT	68719479562	b2JqZWN0IHwgQU5ZfHx8T2JqZWN0LmFzc2lnbjo8cmV0dXJuVmFsdWU+
IDENT	68719479569	bGliL3NlcnZlci5qczo6cHJvZ3JhbTpPQXV0aDJTZXJ2ZXJ8fHxsaWIvc2VydmVyLmpzOjpwcm9ncmFt
IDENT	68719479570	b2JqZWN0IHwgQU5ZfHx8T2JqZWN0LmFzc2lnbjo8cmV0dXJuVmFsdWU+
IDENT	68719479571	bGliL2hhbmRsZXJzL3Rva2VuLWhhbmRsZXIuanM6OnByb2dyYW06VG9rZW5IYW5kbGVyfHx8VG9rZW5IYW5kbGVy
IDENT	68719479572	bGliL2hhbmRsZXJzL3Rva2VuLWhhbmRsZXIuanM6OnByb2dyYW06VG9rZW5IYW5kbGVyfHx8VG9rZW5IYW5kbGVy
IDENT	68719479574	bGliL2hhbmRsZXJzL3Rva2VuLWhhbmRsZXIuanM6OnByb2dyYW06VG9rZW5IYW5kbGVyfHx8VG9rZW5IYW5kbGVy
IDENT	68719479575	b2JqZWN0IHwgQU5ZfHx8T2JqZWN0LmFzc2lnbjo8cmV0dXJuVmFsdWU+
IDENT	68719479576	bGliL2hhbmRsZXJzL3Rva2VuLWhhbmRsZXIuanM6OnByb2dyYW06VG9rZW5IYW5kbGVyfHx8VG9rZW5IYW5kbGVy
IDENT	68719479577	bGliL2hhbmRsZXJzL3Rva2VuLWhhbmRsZXIuanM6OnByb2dyYW06VG9rZW5IYW5kbGVyfHx8VG9rZW5IYW5kbGVy
IDENT	68719479582	bGliL3NlcnZlci5qczo6cHJvZ3JhbQ==
IDENT	68719479585	bGliL3NlcnZlci5qczo6cHJvZ3JhbQ==
IDENT	68719479588	bGliL3NlcnZlci5qczo6cHJvZ3JhbQ==
IDENT	68719479591	bGliL3NlcnZlci5qczo6cHJvZ3JhbQ==
IDENT	68719479593	bGliL3NlcnZlci5qczo6cHJvZ3JhbQ==
IDENT	68719479594	bGliL3NlcnZlci5qczo6cHJvZ3JhbTpPQXV0aDJTZXJ2ZXI6PGluaXQ+fHx8bGliL3NlcnZlci5qczo6cHJvZ3JhbTpPQXV0aDJTZXJ2ZXI=
IDENT	68719479598	bGliL2Vycm9ycy9pbnZhbGlkLWFyZ3VtZW50LWVycm9yLmpzOjpwcm9ncmFtOkludmFsaWRBcmd1bWVudEVycm9yfHx8SW52YWxpZEFyZ3VtZW50RXJyb3I=
IDENT	68719479600	bGliL2Vycm9ycy9pbnZhbGlkLWFyZ3VtZW50LWVycm9yLmpzOjpwcm9ncmFtOkludmFsaWRBcmd1bWVudEVycm9yfHx8SW52YWxpZEFyZ3VtZW50RXJyb3I=
IDENT	68719479601	bGliL2Vycm9ycy9pbnZhbGlkLWFyZ3VtZW50LWVycm9yLmpzOjpwcm9ncmFtOkludmFsaWRBcmd1bWVudEVycm9yfHx8SW52YWxpZEFyZ3VtZW50RXJyb3I=
IDENT	68719479602	bGliL3Rva2VuLXR5cGVzL2JlYXJlci10b2tlbi10eXBlLmpzOjpwcm9ncmFtOkJlYXJlclRva2VuVHlwZXx8fGxpYi90b2tlbi10eXBlcy9iZWFyZXItdG9rZW4tdHlwZS5qczo6cHJvZ3JhbQ==
IDENT	68719479604	bGliL3Rva2VuLXR5cGVzL2JlYXJlci10b2tlbi10eXBlLmpzOjpwcm9ncmFtOkJlYXJlclRva2VuVHlwZXx8fGxpYi90b2tlbi10eXBlcy9iZWFyZXItdG9rZW4tdHlwZS5qczo6cHJvZ3JhbQ==
IDENT	68719479606	bGliL3Rva2VuLXR5cGVzL2JlYXJlci10b2tlbi10eXBlLmpzOjpwcm9ncmFtOkJlYXJlclRva2VuVHlwZXx8fGxpYi90b2tlbi10eXBlcy9iZWFyZXItdG9rZW4tdHlwZS5qczo6cHJvZ3JhbQ==
IDENT	68719479608	bGliL3Rva2VuLXR5cGVzL2JlYXJlci10b2tlbi10eXBlLmpzOjpwcm9ncmFtOkJlYXJlclRva2VuVHlwZXx8fGxpYi90b2tlbi10eXBlcy9iZWFyZXItdG9rZW4tdHlwZS5qczo6cHJvZ3JhbQ==
IDENT	68719479611	bGliL3Rva2VuLXR5cGVzL2JlYXJlci10b2tlbi10eXBlLmpzOjpwcm9ncmFtOkJlYXJlclRva2VuVHlwZXx8fGxpYi90b2tlbi10eXBlcy9iZWFyZXItdG9rZW4tdHlwZS5qczo6cHJvZ3JhbQ==
IDENT	68719479618	bGliL3Rva2VuLXR5cGVzL2JlYXJlci10b2tlbi10eXBlLmpzOjpwcm9ncmFtOkJlYXJlclRva2VuVHlwZXx8fGxpYi90b2tlbi10eXBlcy9iZWFyZXItdG9rZW4tdHlwZS5qczo6cHJvZ3JhbQ==
IDENT	68719479621	bGliL3Rva2VuLXR5cGVzL2JlYXJlci10b2tlbi10eXBlLmpzOjpwcm9ncmFtOkJlYXJlclRva2VuVHlwZXx8fGxpYi90b2tlbi10eXBlcy9iZWFyZXItdG9rZW4tdHlwZS5qczo6cHJvZ3JhbQ==
IDENT	68719479623	bGliL3Rva2VuLXR5cGVzL2JlYXJlci10b2tlbi10eXBlLmpzOjpwcm9ncmFtOkJlYXJlclRva2VuVHlwZXx8fGxpYi90b2tlbi10eXBlcy9iZWFyZXItdG9rZW4tdHlwZS5qczo6cHJvZ3JhbQ==
IDENT	68719479624	bGliL3Rva2VuLXR5cGVzL2JlYXJlci10b2tlbi10eXBlLmpzOjpwcm9ncmFtOkJlYXJlclRva2VuVHlwZXx8fGxpYi90b2tlbi10eXBlcy9iZWFyZXItdG9rZW4tdHlwZS5qczo6cHJvZ3JhbQ==
IDENT	68719479626	bGliL3Rva2VuLXR5cGVzL2JlYXJlci10b2tlbi10eXBlLmpzOjpwcm9ncmFtOkJlYXJlclRva2VuVHlwZXx8fGxpYi90b2tlbi10eXBlcy9iZWFyZXItdG9rZW4tdHlwZS5qczo6cHJvZ3JhbQ==
IDENT	68719479627	bGliL3Rva2VuLXR5cGVzL2JlYXJlci10b2tlbi10eXBlLmpzOjpwcm9ncmFtOkJlYXJlclRva2VuVHlwZXx8fGxpYi90b2tlbi10eXBlcy9iZWFyZXItdG9rZW4tdHlwZS5qczo6cHJvZ3JhbQ==
IDENT	68719479629	bGliL3Rva2VuLXR5cGVzL2JlYXJlci10b2tlbi10eXBlLmpzOjpwcm9ncmFtOkJlYXJlclRva2VuVHlwZXx8fGxpYi90b2tlbi10eXBlcy9iZWFyZXItdG9rZW4tdHlwZS5qczo6cHJvZ3JhbQ==
IDENT	68719479631	bGliL3Rva2VuLXR5cGVzL2JlYXJlci10b2tlbi10eXBlLmpzOjpwcm9ncmFtOkJlYXJlclRva2VuVHlwZXx8fGxpYi90b2tlbi10eXBlcy9iZWFyZXItdG9rZW4tdHlwZS5qczo6cHJvZ3JhbQ==
IDENT	68719479633	X19lY21hLlN0cmluZ3x8fF9yZXN1bHRfMDp2YWx1ZTo8cmV0dXJuVmFsdWU+OjxtZW1iZXI+KHZhbHVlKQ==
IDENT	68719479634	X19lY21hLlN0cmluZ3x8fF9yZXN1bHRfMDp2YWx1ZTo8cmV0dXJuVmFsdWU+OjxtZW1iZXI+KHZhbHVlKQ==
IDENT	68719479639	bGliL3Rva2VuLXR5cGVzL2JlYXJlci10b2tlbi10eXBlLmpzOjpwcm9ncmFtOkJlYXJlclRva2VuVHlwZXx8fGxpYi90b2tlbi10eXBlcy9iZWFyZXItdG9rZW4tdHlwZS5qczo6cHJvZ3JhbQ==
IDENT	68719479640	X19lY21hLlN0cmluZ3x8fF9yZXN1bHRfMDp2YWx1ZTo8cmV0dXJuVmFsdWU+OjxtZW1iZXI+KHZhbHVlKQ==
IDENT	68719479642	X19lY21hLlN0cmluZ3x8fF9yZXN1bHRfMDp2YWx1ZTo8cmV0dXJuVmFsdWU+OjxtZW1iZXI+KHZhbHVlKQ==
IDENT	68719479643	bGliL3Rva2VuLXR5cGVzL2JlYXJlci10b2tlbi10eXBlLmpzOjpwcm9ncmFtOkJlYXJlclRva2VuVHlwZXx8fGxpYi90b2tlbi10eXBlcy9iZWFyZXItdG9rZW4tdHlwZS5qczo6cHJvZ3JhbQ==
IDENT	68719479644	X19lY21hLlN0cmluZ3x8fF9yZXN1bHRfMDp2YWx1ZTo8cmV0dXJuVmFsdWU+OjxtZW1iZXI+KHZhbHVlKQ==
IDENT	68719479648	bGliL3Rva2VuLXR5cGVzL2JlYXJlci10b2tlbi10eXBlLmpzOjpwcm9ncmFt
IDENT	68719479649	bGliL3Rva2VuLXR5cGVzL2JlYXJlci10b2tlbi10eXBlLmpzOjpwcm9ncmFtOkJlYXJlclRva2VuVHlwZTo8aW5pdD58fHxsaWIvdG9rZW4tdHlwZXMvYmVhcmVyLXRva2VuLXR5cGUuanM6OnByb2dyYW06QmVhcmVyVG9rZW5UeXBl
IDENT	68719479652	bGliL2Vycm9ycy9zZXJ2ZXItZXJyb3IuanM6OnByb2dyYW06U2VydmVyRXJyb3J8fHxTZXJ2ZXJFcnJvcg==
IDENT	68719479654	bGliL2Vycm9ycy9zZXJ2ZXItZXJyb3IuanM6OnByb2dyYW06U2VydmVyRXJyb3J8fHxTZXJ2ZXJFcnJvcg==
IDENT	68719479655	bGliL2Vycm9ycy9zZXJ2ZXItZXJyb3IuanM6OnByb2dyYW06U2VydmVyRXJyb3J8fHxTZXJ2ZXJFcnJvcg==
IDENT	68719479658	bGliL3Rva2VuLXR5cGVzL21hYy10b2tlbi10eXBlLmpzOjpwcm9ncmFt
IDENT	68719479659	bGliL3Rva2VuLXR5cGVzL21hYy10b2tlbi10eXBlLmpzOjpwcm9ncmFtOk1hY1Rva2VuVHlwZTo8aW5pdD58fHxsaWIvdG9rZW4tdHlwZXMvbWFjLXRva2VuLXR5cGUuanM6OnByb2dyYW06TWFjVG9rZW5UeXBl
IDENT	68719479682	bGliL3V0aWxzL2NyeXB0by11dGlsLmpzOjpwcm9ncmFt
IDENT	68719479688	X19lY21hLk1hdGg=
IDENT	68719479689	X19lY21hLk1hdGg=
IDENT	68719479700	c3RyaW5nIHwgX19lY21hLk51bGwgfCBBTll8fHxzdHJpbmcgfCBfX2VjbWEuTnVsbCB8IEFOWTp0cmltOjxyZXR1cm5WYWx1ZT4=
IDENT	68719479702	c3RyaW5nIHwgX19lY21hLk51bGwgfCBBTll8fHxzdHJpbmcgfCBfX2VjbWEuTnVsbCB8IEFOWTp0cmltOjxyZXR1cm5WYWx1ZT4=
IDENT	68719479703	bGliL2Vycm9ycy9pbnZhbGlkLXNjb3BlLWVycm9yLmpzOjpwcm9ncmFtOkludmFsaWRTY29wZUVycm9yfHx8SW52YWxpZFNjb3BlRXJyb3I=
IDENT	68719479705	bGliL2Vycm9ycy9pbnZhbGlkLXNjb3BlLWVycm9yLmpzOjpwcm9ncmFtOkludmFsaWRTY29wZUVycm9yfHx8SW52YWxpZFNjb3BlRXJyb3I=
IDENT	68719479706	bGliL2Vycm9ycy9pbnZhbGlkLXNjb3BlLWVycm9yLmpzOjpwcm9ncmFtOkludmFsaWRTY29wZUVycm9yfHx8SW52YWxpZFNjb3BlRXJyb3I=
IDENT	68719479707	c3RyaW5nIHwgX19lY21hLk51bGwgfCBBTll8fHxzdHJpbmcgfCBfX2VjbWEuTnVsbCB8IEFOWTp0cmltOjxyZXR1cm5WYWx1ZT4=
IDENT	68719479708	c3RyaW5nIHwgX19lY21hLk51bGwgfCBBTll8fHxzdHJpbmcgfCBfX2VjbWEuTnVsbCB8IEFOWTp0cmltOjxyZXR1cm5WYWx1ZT4=
IDENT	68719479709	c3RyaW5nIHwgX19lY21hLk51bGwgfCBBTll8fHxzdHJpbmcgfCBfX2VjbWEuTnVsbCB8IEFOWTp0cmltOjxyZXR1cm5WYWx1ZT4=
IDENT	68719479712	c3RyaW5nIHwgX19lY21hLk51bGwgfCBBTll8fHxzdHJpbmcgfCBfX2VjbWEuTnVsbCB8IEFOWTp0cmltOjxyZXR1cm5WYWx1ZT4=
IDENT	68719479713	bGliL2Vycm9ycy9pbnZhbGlkLXNjb3BlLWVycm9yLmpzOjpwcm9ncmFtOkludmFsaWRTY29wZUVycm9yfHx8SW52YWxpZFNjb3BlRXJyb3I=
IDENT	68719479715	bGliL2Vycm9ycy9pbnZhbGlkLXNjb3BlLWVycm9yLmpzOjpwcm9ncmFtOkludmFsaWRTY29wZUVycm9yfHx8SW52YWxpZFNjb3BlRXJyb3I=
IDENT	68719479716	bGliL2Vycm9ycy9pbnZhbGlkLXNjb3BlLWVycm9yLmpzOjpwcm9ncmFtOkludmFsaWRTY29wZUVycm9yfHx8SW52YWxpZFNjb3BlRXJyb3I=
IDENT	68719479717	c3RyaW5nIHwgX19lY21hLk51bGwgfCBBTll8fHxzdHJpbmcgfCBfX2VjbWEuTnVsbCB8IEFOWTp0cmltOjxyZXR1cm5WYWx1ZT4=
IDENT	68719479718	c3RyaW5nIHwgX19lY21hLk51bGwgfCBBTll8fHxzdHJpbmcgfCBfX2VjbWEuTnVsbCB8IEFOWTp0cmltOjxyZXR1cm5WYWx1ZT4=
IDENT	68719479719	UmVnRXhwfHx8X19lY21hLlN0cmluZw==
IDENT	68719479723	bGliL3V0aWxzL3Njb3BlLXV0aWwuanM6OnByb2dyYW0=
IDENT	68719479726	bGliL3V0aWxzL3Njb3BlLXV0aWwuanM6OnByb2dyYW0=
IDENT	68719479727	UmVnRXhwfHx8X19lY21hLlN0cmluZw==
IDENT	68719479747	bGliL3V0aWxzL3Rva2VuLXV0aWwuanM6OnByb2dyYW0=
IDENT	68719479750	bGliL3V0aWxzL3Rva2VuLXV0aWwuanM6OnByb2dyYW0=
IDENT	68719479754	bGliL3V0aWxzL3Rva2VuLXV0aWwuanM6OnByb2dyYW0=
IDENT	68719479762	bGliL3V0aWxzL3Rva2VuLXV0aWwuanM6OnByb2dyYW0=
