68719476736	107374182400	ZW52	ZW52	TmFwaS5FbnY=	827	94489280513
68719476737	107374182400	b2Jq	b2Jq	TmFwaS5PYmplY3Q=	827	111669149696
68719476738	107374182400	PGl0ZXJhdG9yPjA=	PGl0ZXJhdG9yPjA=	c3RkLml0ZXJhdG9y	829	94489280662
68719476739	107374182400	Y29uc3RhbnRz	Y29uc3RhbnRz	c3RkLnZlY3RvciY=	829	111669149697
68719476740	107374182400	PGl0ZXJhdG9yPjA=	PGl0ZXJhdG9yPjA=	c3RkLml0ZXJhdG9y	829	94489280662
68719476741	107374182400	Y29uc3RhbnQ=	Y29uc3RhbnQ=	QU5ZJg==	829	94489280514
68719476742	107374182400	PGl0ZXJhdG9yPjA=	PGl0ZXJhdG9yPjA=	c3RkLml0ZXJhdG9y	829	94489280662
68719476743	107374182400	b2Jq	b2Jq	TmFwaS5PYmplY3Q=	830	111669149696
68719476744	107374182400	Y29uc3RhbnQ=	Y29uc3RhbnQ=	QU5ZJg==	831	94489280514
68719476745	107374182400	ZW52	ZW52	TmFwaS5FbnY=	831	94489280513
68719476746	107374182400	Y29uc3RhbnQ=	Y29uc3RhbnQ=	QU5ZJg==	831	94489280514
68719476747	107374182400	bmFwaV9lbnVtZXJhYmxl	PHVua25vd24+IG5hcGlfZW51bWVyYWJsZQ==	QU5Z	832	94489280661
68719476748	107374182400	bmFwaV9jb25maWd1cmFibGU=	PHVua25vd24+IG5hcGlfY29uZmlndXJhYmxl	QU5Z	832	94489280660
68719476749	107374182401	dGhpcw==	dGhpcw==	Tm9kZUxpYmN1cmwuQ3VybCo=	837	111669149698
68719476750	107374182401	dGhpcw==	dGhpcw==	Tm9kZUxpYmN1cmwuQ3VybCo=	839	111669149698
68719476751	107374182401	ZW52	ZW52	TmFwaS5FbnY=	839	111669149699
68719476752	107374182401	ZXhwb3J0cw==	ZXhwb3J0cw==	TmFwaS5PYmplY3Q=	839	111669149700
68719476753	107374182401	dGhpcw==	dGhpcw==	Tm9kZUxpYmN1cmwuQ3VybCo=	840	111669149698
68719476754	107374182401	ZW52	ZW52	TmFwaS5FbnY=	840	111669149699
68719476755	107374182401	ZXhwb3J0cw==	ZXhwb3J0cw==	TmFwaS5PYmplY3Q=	840	111669149700
68719476756	107374182401	dGhpcw==	dGhpcw==	Tm9kZUxpYmN1cmwuQ3VybCo=	841	111669149698
68719476757	107374182401	ZW52	ZW52	TmFwaS5FbnY=	841	111669149699
68719476758	107374182401	ZXhwb3J0cw==	ZXhwb3J0cw==	TmFwaS5PYmplY3Q=	841	111669149700
68719476759	107374182401	dGhpcw==	dGhpcw==	Tm9kZUxpYmN1cmwuQ3VybCo=	842	111669149698
68719476760	107374182401	ZW52	ZW52	TmFwaS5FbnY=	843	111669149699
68719476761	107374182401	ZXhwb3J0cw==	ZXhwb3J0cw==	TmFwaS5PYmplY3Q=	843	111669149700
68719476762	107374182401	dGhpcw==	dGhpcw==	Tm9kZUxpYmN1cmwuQ3VybCo=	850	111669149698
68719476763	107374182401	ZW52	ZW52	TmFwaS5FbnY=	850	111669149699
68719476764	107374182401	dGhpcw==	dGhpcw==	Tm9kZUxpYmN1cmwuQ3VybCo=	851	111669149698
68719476765	107374182401	ZW52	ZW52	TmFwaS5FbnY=	851	111669149699
68719476766	107374182401	dGhpcw==	dGhpcw==	Tm9kZUxpYmN1cmwuQ3VybCo=	852	111669149698
68719476767	107374182401	ZW52	ZW52	TmFwaS5FbnY=	852	111669149699
68719476768	107374182401	ZW52	ZW52	TmFwaS5FbnY=	854	111669149699
68719476769	107374182401	ZXhwb3J0cw==	ZXhwb3J0cw==	TmFwaS5PYmplY3Q=	854	111669149700
68719476770	107374182401	dGhpcw==	dGhpcw==	Tm9kZUxpYmN1cmwuQ3VybCo=	836	111669149698
68719476771	107374182401	ZW52	ZW52	TmFwaS5FbnY=	836	111669149699
68719476772	107374182401	dGhpcw==	dGhpcw==	Tm9kZUxpYmN1cmwuQ3VybCo=	836	111669149698
68719476773	107374182403	bWF5YmVUbHM=	bWF5YmVUbHM=	TmFwaS5WYWx1ZQ==	863	94489280515
68719476774	107374182403	dGhpcw==	dGhpcw==	Tm9kZUxpYmN1cmwuQ3VybCo=	863	111669149702
68719476775	107374182403	bWF5YmVUbHM=	bWF5YmVUbHM=	TmFwaS5WYWx1ZQ==	865	94489280515
68719476776	107374182403	dGxz	dGxz	TmFwaS5PYmplY3Q=	869	94489280516
68719476777	107374182403	bWF5YmVUbHM=	bWF5YmVUbHM=	TmFwaS5WYWx1ZQ==	869	94489280515
68719476778	107374182403	Z2V0Q0FDZXJ0aWZpY2F0ZXM=	Z2V0Q0FDZXJ0aWZpY2F0ZXM=	TmFwaS5GdW5jdGlvbg==	873	94489280517
68719476779	107374182403	dGxz	dGxz	TmFwaS5PYmplY3Q=	873	94489280516
68719476780	107374182403	Y2FDZXJ0aWZpY2F0ZXM=	Y2FDZXJ0aWZpY2F0ZXM=	TmFwaS5BcnJheQ==	874	94489280518
68719476781	107374182403	Z2V0Q0FDZXJ0aWZpY2F0ZXM=	Z2V0Q0FDZXJ0aWZpY2F0ZXM=	TmFwaS5GdW5jdGlvbg==	875	94489280517
68719476782	107374182403	dGhpcw==	dGhpcw==	Tm9kZUxpYmN1cmwuQ3VybCo=	875	111669149702
68719476783	107374182403	c3Rk	c3Rk	c3Rk	877	94489280659
68719476784	107374182403	c3Rk	c3Rk	c3Rk	877	94489280659
68719476785	107374182403	Y2VydHM=	PHVua25vd24+IGNlcnRz	QU5Z	877	94489280658
68719476786	107374182403	aQ==	aQ==	dWludDMyX3Q=	878	94489280519
68719476787	107374182403	aQ==	aQ==	dWludDMyX3Q=	878	94489280519
68719476788	107374182403	Y2FDZXJ0aWZpY2F0ZXM=	Y2FDZXJ0aWZpY2F0ZXM=	TmFwaS5BcnJheQ==	878	94489280518
68719476789	107374182403	aQ==	aQ==	dWludDMyX3Q=	878	94489280519
68719476790	107374182403	Y2VydA==	Y2VydA==	TmFwaS5WYWx1ZQ==	879	94489280520
68719476791	107374182403	Y2FDZXJ0aWZpY2F0ZXM=	Y2FDZXJ0aWZpY2F0ZXM=	TmFwaS5BcnJheQ==	879	94489280518
68719476792	107374182403	aQ==	aQ==	dWludDMyX3Q=	879	94489280519
68719476793	107374182403	Y2VydA==	Y2VydA==	TmFwaS5WYWx1ZQ==	880	94489280520
68719476794	107374182403	Y2VydHM=	PHVua25vd24+IGNlcnRz	QU5Z	881	94489280658
68719476795	107374182403	Y2VydA==	Y2VydA==	TmFwaS5WYWx1ZQ==	881	94489280520
68719476796	107374182403	Y2VydHM=	PHVua25vd24+IGNlcnRz	QU5Z	886	94489280658
68719476797	107374182403	aQ==	aQ==	c2l6ZV90	887	94489280521
68719476798	107374182403	aQ==	aQ==	c2l6ZV90	887	94489280521
68719476799	107374182403	Y2VydHM=	PHVua25vd24+IGNlcnRz	QU5Z	887	94489280658
68719476800	107374182403	aQ==	aQ==	c2l6ZV90	887	94489280521
68719476801	107374182403	aQ==	aQ==	c2l6ZV90	888	94489280521
68719476802	107374182403	dGhpcw==	dGhpcw==	Tm9kZUxpYmN1cmwuQ3VybCo=	889	111669149702
68719476803	107374182403	dGhpcw==	dGhpcw==	Tm9kZUxpYmN1cmwuQ3VybCo=	891	111669149702
68719476804	107374182403	Y2VydHM=	PHVua25vd24+IGNlcnRz	QU5Z	891	94489280658
68719476805	107374182403	aQ==	aQ==	c2l6ZV90	891	94489280521
68719476806	107374182403	dGhpcw==	dGhpcw==	Tm9kZUxpYmN1cmwuQ3VybCo=	897	111669149702
68719476807	107374182403	dGhpcw==	dGhpcw==	Tm9kZUxpYmN1cmwuQ3VybCo=	897	111669149702
68719476808	107374182403	dGhpcw==	dGhpcw==	Tm9kZUxpYmN1cmwuQ3VybCo=	898	111669149702
68719476809	107374182403	dGhpcw==	dGhpcw==	Tm9kZUxpYmN1cmwuQ3VybCo=	898	111669149702
68719476810	107374182403	dGhpcw==	dGhpcw==	Tm9kZUxpYmN1cmwuQ3VybCo=	899	111669149702
68719476811	107374182403	Q1VSTF9CTE9CX05PQ09QWQ==	PHVua25vd24+IENVUkxfQkxPQl9OT0NPUFk=	QU5Z	899	94489280657
68719476812	107374182404	c2l6ZQ==	c2l6ZQ==	QU5Z	904	94489280522
68719476813	107374182404	aGFuZGxlTWVtb3J5TWFw	PGdsb2JhbD4gaGFuZGxlTWVtb3J5TWFw	c3RkLnVub3JkZXJlZF9tYXA=	904	94489280656
68719476814	107374182404	aGFuZGxlVHlwZQ==	aGFuZGxlVHlwZQ==	Tm9kZUxpYmN1cmwuQ3VybEhhbmRsZVR5cGU=	904	111669149704
68719476815	107374182404	dXNhZ2U=	dXNhZ2U=	QU5Z	905	94489280523
68719476816	107374182404	c2l6ZQ==	c2l6ZQ==	QU5Z	905	94489280522
68719476817	107374182404	ZGVsdGE=	ZGVsdGE=	aW50	905	111669149705
68719476818	107374182404	dGhpcw==	dGhpcw==	Tm9kZUxpYmN1cmwuQ3VybCo=	906	111669149703
68719476819	107374182404	dXNhZ2U=	dXNhZ2U=	QU5Z	906	94489280523
68719476820	107374182404	dGhpcw==	dGhpcw==	Tm9kZUxpYmN1cmwuQ3VybCo=	907	111669149703
68719476821	107374182404	dXNhZ2U=	dXNhZ2U=	QU5Z	907	94489280523
68719476822	107374182404	dGhpcw==	dGhpcw==	Tm9kZUxpYmN1cmwuQ3VybCo=	909	111669149703
68719476823	107374182404	aGFuZGxlVHlwZQ==	aGFuZGxlVHlwZQ==	Tm9kZUxpYmN1cmwuQ3VybEhhbmRsZVR5cGU=	909	111669149704
68719476824	107374182404	ZGVsdGE=	ZGVsdGE=	aW50	909	111669149705
68719476825	107374182405	ZGF0YQ==	ZGF0YQ==	Tm9kZUxpYmN1cmwuQ3VybCo=	917	111669149708
68719476826	107374182406	Y29kZQ==	Y29kZQ==	Q1VSTGNvZGU=	926	94489280524
68719476827	107374182406	Q1VSTF9HTE9CQUxfQUxM	PHVua25vd24+IENVUkxfR0xPQkFMX0FMTA==	QU5Z	926	94489280655
68719476828	107374182406	Y29kZQ==	Y29kZQ==	Q1VSTGNvZGU=	928	94489280524
68719476829	107374182406	Q1VSTEVfT0s=	PHVua25vd24+IENVUkxFX09L	QU5Z	928	94489280633
68719476830	107374182406	ZW52	ZW52	TmFwaS5FbnY=	930	111669149710
68719476831	107374182406	Y29kZQ==	Y29kZQ==	Q1VSTGNvZGU=	930	94489280524
68719476832	107374182406	Y3VybA==	Y3VybA==	Tm9kZUxpYmN1cmwuQ3VybCo=	933	94489280525
68719476833	107374182406	PHRtcD4w	PHRtcD4w	Tm9kZUxpYmN1cmwuQ3VybA==	933	94489280654
68719476834	107374182406	PHRtcD4w	PHRtcD4w	Tm9kZUxpYmN1cmwuQ3VybA==	933	94489280654
68719476835	107374182406	ZW52	ZW52	TmFwaS5FbnY=	933	111669149710
68719476836	107374182406	ZXhwb3J0cw==	ZXhwb3J0cw==	TmFwaS5PYmplY3Q=	933	111669149711
68719476837	107374182406	PHRtcD4w	PHRtcD4w	Tm9kZUxpYmN1cmwuQ3VybA==	933	94489280654
68719476838	107374182406	ZW52	ZW52	TmFwaS5FbnY=	939	111669149710
68719476839	107374182406	Y3VybA==	Y3VybA==	Tm9kZUxpYmN1cmwuQ3VybCo=	939	94489280525
68719476840	107374182406	Y3VybEpz	Y3VybEpz	TmFwaS5PYmplY3Q=	942	94489280526
68719476841	107374182406	ZW52	ZW52	TmFwaS5FbnY=	942	111669149710
68719476842	107374182406	Z2V0VmVyc2lvbg==	Z2V0VmVyc2lvbg==	QU5Z	944	94489280527
68719476843	107374182406	bmFwaV9lbnVtZXJhYmxl	PHVua25vd24+IG5hcGlfZW51bWVyYWJsZQ==	QU5Z	945	94489280653
68719476844	107374182406	Z2V0Q291bnQ=	Z2V0Q291bnQ=	QU5Z	947	94489280528
68719476845	107374182406	bmFwaV9lbnVtZXJhYmxl	PHVua25vd24+IG5hcGlfZW51bWVyYWJsZQ==	QU5Z	948	94489280653
68719476846	107374182406	dmVyc2lvbk51bQ==	dmVyc2lvbk51bQ==	QU5Z	950	94489280529
68719476847	107374182406	bmFwaV9lbnVtZXJhYmxl	PHVua25vd24+IG5hcGlfZW51bWVyYWJsZQ==	QU5Z	952	94489280653
68719476848	107374182406	bmFwaV9jb25maWd1cmFibGU=	PHVua25vd24+IG5hcGlfY29uZmlndXJhYmxl	QU5Z	952	94489280652
68719476849	107374182406	dGhyZWFkSWQ=	dGhyZWFkSWQ=	QU5Z	954	94489280530
68719476850	107374182406	bmFwaV9lbnVtZXJhYmxl	PHVua25vd24+IG5hcGlfZW51bWVyYWJsZQ==	QU5Z	956	94489280653
68719476851	107374182406	bmFwaV9jb25maWd1cmFibGU=	PHVua25vd24+IG5hcGlfY29uZmlndXJhYmxl	QU5Z	956	94489280652
68719476852	107374182406	Y3VybEpz	Y3VybEpz	TmFwaS5PYmplY3Q=	958	94489280526
68719476853	107374182406	Z2V0VmVyc2lvbg==	Z2V0VmVyc2lvbg==	QU5Z	958	94489280527
68719476854	107374182406	Z2V0Q291bnQ=	Z2V0Q291bnQ=	QU5Z	958	94489280528
68719476855	107374182406	dmVyc2lvbk51bQ==	dmVyc2lvbk51bQ==	QU5Z	958	94489280529
68719476856	107374182406	dGhyZWFkSWQ=	dGhyZWFkSWQ=	QU5Z	958	94489280530
68719476857	107374182406	Y3VybE9wdGlvbg==	Y3VybE9wdGlvbg==	TmFwaS5PYmplY3Q=	961	94489280531
68719476858	107374182406	ZW52	ZW52	TmFwaS5FbnY=	961	111669149710
68719476859	107374182406	Y3VybE9wdGlvbg==	Y3VybE9wdGlvbg==	TmFwaS5PYmplY3Q=	962	94489280531
68719476860	107374182406	Y3VybE9wdGlvbk5vdEltcGxlbWVudGVk	PGdsb2JhbD4gY3VybE9wdGlvbk5vdEltcGxlbWVudGVk	c3RkLnZlY3Rvcg==	962	94489280651
68719476861	107374182406	Y3VybE9wdGlvbg==	Y3VybE9wdGlvbg==	TmFwaS5PYmplY3Q=	963	94489280531
68719476862	107374182406	Y3VybE9wdGlvbkh0dHBQb3N0	PGdsb2JhbD4gY3VybE9wdGlvbkh0dHBQb3N0	c3RkLnZlY3Rvcg==	963	94489280650
68719476863	107374182406	Y3VybE9wdGlvbg==	Y3VybE9wdGlvbg==	TmFwaS5PYmplY3Q=	964	94489280531
68719476864	107374182406	Y3VybE9wdGlvbkJsb2I=	PGdsb2JhbD4gY3VybE9wdGlvbkJsb2I=	c3RkLnZlY3Rvcg==	964	94489280649
68719476865	107374182406	Y3VybE9wdGlvbg==	Y3VybE9wdGlvbg==	TmFwaS5PYmplY3Q=	965	94489280531
68719476866	107374182406	Y3VybE9wdGlvbkZ1bmN0aW9u	PGdsb2JhbD4gY3VybE9wdGlvbkZ1bmN0aW9u	c3RkLnZlY3Rvcg==	965	94489280648
68719476867	107374182406	Y3VybE9wdGlvbg==	Y3VybE9wdGlvbg==	TmFwaS5PYmplY3Q=	966	94489280531
68719476868	107374182406	Y3VybE9wdGlvbkludGVnZXI=	PGdsb2JhbD4gY3VybE9wdGlvbkludGVnZXI=	c3RkLnZlY3Rvcg==	966	94489280647
68719476869	107374182406	Y3VybE9wdGlvbg==	Y3VybE9wdGlvbg==	TmFwaS5PYmplY3Q=	967	94489280531
68719476870	107374182406	Y3VybE9wdGlvbkxpbmtlZExpc3Q=	PGdsb2JhbD4gY3VybE9wdGlvbkxpbmtlZExpc3Q=	c3RkLnZlY3Rvcg==	967	94489280646
68719476871	107374182406	Y3VybE9wdGlvbg==	Y3VybE9wdGlvbg==	TmFwaS5PYmplY3Q=	968	94489280531
68719476872	107374182406	Y3VybE9wdGlvblNwZWNpZmlj	PGdsb2JhbD4gY3VybE9wdGlvblNwZWNpZmlj	c3RkLnZlY3Rvcg==	968	94489280645
68719476873	107374182406	Y3VybE9wdGlvbg==	Y3VybE9wdGlvbg==	TmFwaS5PYmplY3Q=	969	94489280531
68719476874	107374182406	Y3VybE9wdGlvblN0cmluZw==	PGdsb2JhbD4gY3VybE9wdGlvblN0cmluZw==	c3RkLnZlY3Rvcg==	969	94489280644
68719476875	107374182406	Y3VybEpz	Y3VybEpz	TmFwaS5PYmplY3Q=	970	94489280526
68719476876	107374182406	Y3VybE9wdGlvbg==	Y3VybE9wdGlvbg==	TmFwaS5PYmplY3Q=	970	94489280531
68719476877	107374182406	Y3VybEluZm8=	Y3VybEluZm8=	TmFwaS5PYmplY3Q=	973	94489280532
68719476878	107374182406	ZW52	ZW52	TmFwaS5FbnY=	973	111669149710
68719476879	107374182406	Y3VybEluZm8=	Y3VybEluZm8=	TmFwaS5PYmplY3Q=	974	94489280532
68719476880	107374182406	Y3VybEluZm9Ob3RJbXBsZW1lbnRlZA==	PGdsb2JhbD4gY3VybEluZm9Ob3RJbXBsZW1lbnRlZA==	c3RkLnZlY3Rvcg==	974	94489280643
68719476881	107374182406	Y3VybEluZm8=	Y3VybEluZm8=	TmFwaS5PYmplY3Q=	975	94489280532
68719476882	107374182406	Y3VybEluZm9Eb3VibGU=	PGdsb2JhbD4gY3VybEluZm9Eb3VibGU=	c3RkLnZlY3Rvcg==	975	94489280642
68719476883	107374182406	Y3VybEluZm8=	Y3VybEluZm8=	TmFwaS5PYmplY3Q=	976	94489280532
68719476884	107374182406	Y3VybEluZm9JbnRlZ2Vy	PGdsb2JhbD4gY3VybEluZm9JbnRlZ2Vy	c3RkLnZlY3Rvcg==	976	94489280641
68719476885	107374182406	Y3VybEluZm8=	Y3VybEluZm8=	TmFwaS5PYmplY3Q=	977	94489280532
68719476886	107374182406	Y3VybEluZm9MaW5rZWRMaXN0	PGdsb2JhbD4gY3VybEluZm9MaW5rZWRMaXN0	c3RkLnZlY3Rvcg==	977	94489280640
68719476887	107374182406	Y3VybEluZm8=	Y3VybEluZm8=	TmFwaS5PYmplY3Q=	978	94489280532
68719476888	107374182406	Y3VybEluZm9PZmZU	PGdsb2JhbD4gY3VybEluZm9PZmZU	c3RkLnZlY3Rvcg==	978	94489280639
68719476889	107374182406	Y3VybEluZm8=	Y3VybEluZm8=	TmFwaS5PYmplY3Q=	979	94489280532
68719476890	107374182406	Y3VybEluZm9Tb2NrZXQ=	PGdsb2JhbD4gY3VybEluZm9Tb2NrZXQ=	c3RkLnZlY3Rvcg==	979	94489280638
68719476891	107374182406	Y3VybEluZm8=	Y3VybEluZm8=	TmFwaS5PYmplY3Q=	980	94489280532
68719476892	107374182406	Y3VybEluZm9TdHJpbmc=	PGdsb2JhbD4gY3VybEluZm9TdHJpbmc=	c3RkLnZlY3Rvcg==	980	94489280637
68719476893	107374182406	Y3VybEpz	Y3VybEpz	TmFwaS5PYmplY3Q=	981	94489280526
68719476894	107374182406	Y3VybEluZm8=	Y3VybEluZm8=	TmFwaS5PYmplY3Q=	981	94489280532
68719476895	107374182406	Y3VybE11bHRpT3B0aW9u	Y3VybE11bHRpT3B0aW9u	TmFwaS5PYmplY3Q=	984	94489280533
68719476896	107374182406	ZW52	ZW52	TmFwaS5FbnY=	984	111669149710
68719476897	107374182406	Y3VybE11bHRpT3B0aW9u	Y3VybE11bHRpT3B0aW9u	TmFwaS5PYmplY3Q=	985	94489280533
68719476898	107374182406	Y3VybE11bHRpT3B0aW9uRnVuY3Rpb24=	PGdsb2JhbD4gY3VybE11bHRpT3B0aW9uRnVuY3Rpb24=	c3RkLnZlY3Rvcg==	985	94489280636
68719476899	107374182406	Y3VybE11bHRpT3B0aW9u	Y3VybE11bHRpT3B0aW9u	TmFwaS5PYmplY3Q=	986	94489280533
68719476900	107374182406	Y3VybE11bHRpT3B0aW9uSW50ZWdlcg==	PGdsb2JhbD4gY3VybE11bHRpT3B0aW9uSW50ZWdlcg==	c3RkLnZlY3Rvcg==	986	94489280635
68719476901	107374182406	Y3VybE11bHRpT3B0aW9u	Y3VybE11bHRpT3B0aW9u	TmFwaS5PYmplY3Q=	987	94489280533
68719476902	107374182406	Y3VybE11bHRpT3B0aW9uU3RyaW5nQXJyYXk=	PGdsb2JhbD4gY3VybE11bHRpT3B0aW9uU3RyaW5nQXJyYXk=	c3RkLnZlY3Rvcg==	987	94489280634
68719476903	107374182406	Y3VybEpz	Y3VybEpz	TmFwaS5PYmplY3Q=	988	94489280526
68719476904	107374182406	Y3VybE11bHRpT3B0aW9u	Y3VybE11bHRpT3B0aW9u	TmFwaS5PYmplY3Q=	988	94489280533
68719476905	107374182406	Y3VybENvZGU=	Y3VybENvZGU=	TmFwaS5PYmplY3Q=	991	94489280534
68719476906	107374182406	ZW52	ZW52	TmFwaS5FbnY=	991	111669149710
68719476907	107374182406	Y3VybENvZGU=	Y3VybENvZGU=	TmFwaS5PYmplY3Q=	992	94489280534
68719476908	107374182406	ZW52	ZW52	TmFwaS5FbnY=	992	111669149710
68719476909	107374182406	Q1VSTEVfT0s=	PHVua25vd24+IENVUkxFX09L	QU5Z	992	94489280633
68719476910	107374182406	Y3VybEpz	Y3VybEpz	TmFwaS5PYmplY3Q=	993	94489280526
68719476911	107374182406	Y3VybENvZGU=	Y3VybENvZGU=	TmFwaS5PYmplY3Q=	993	94489280534
68719476912	107374182406	ZXhwb3J0cw==	ZXhwb3J0cw==	TmFwaS5PYmplY3Q=	996	111669149711
68719476913	107374182406	Y3VybEpz	Y3VybEpz	TmFwaS5PYmplY3Q=	996	94489280526
68719476914	107374182406	ZXhwb3J0cw==	ZXhwb3J0cw==	TmFwaS5PYmplY3Q=	998	111669149711
68719476915	107374182407	Y2FjaGVkVmVyc2lvbg==	Y2FjaGVkVmVyc2lvbg==	c3RkLnN0cmluZw==	1009	94489280632
68719476916	107374182408	ZW52	ZW52	TmFwaS5FbnY=	1002	94489280535
68719476917	107374182408	aW5mbw==	aW5mbw==	TmFwaS5DYWxsYmFja0luZm8m	1002	111669149713
68719476918	107374182408	dmVyc2lvbkluaXRGbGFn	dmVyc2lvbkluaXRGbGFn	c3RkLm9uY2VfZmxhZw==	1009	94489280536
68719476919	107374182408	ZW52	ZW52	TmFwaS5FbnY=	1011	94489280535
68719476920	107374182408	Y2FjaGVkVmVyc2lvbg==	Y2FjaGVkVmVyc2lvbg==	c3RkLnN0cmluZw==	1011	94489280537
68719476921	107374182409	ZW52	ZW52	TmFwaS5FbnY=	1015	94489280538
68719476922	107374182409	aW5mbw==	aW5mbw==	TmFwaS5DYWxsYmFja0luZm8m	1015	111669149715
68719476923	107374182409	Y3VybA==	Y3VybA==	QU5Z	1016	94489280539
68719476924	107374182409	aW5mbw==	aW5mbw==	TmFwaS5DYWxsYmFja0luZm8m	1016	111669149715
68719476925	107374182409	ZW52	ZW52	TmFwaS5FbnY=	1017	94489280538
68719476926	107374182409	Y3VybA==	Y3VybA==	QU5Z	1017	94489280539
68719476927	107374182409	Q1VSTF9IQU5ETEVfVFlQRV9FQVNZ	Q1VSTF9IQU5ETEVfVFlQRV9FQVNZ	QU5Z	1017	94489280631
68719476928	107374182410	ZW52	ZW52	TmFwaS5FbnY=	1021	94489280540
68719476929	107374182410	aW5mbw==	aW5mbw==	TmFwaS5DYWxsYmFja0luZm8m	1021	111669149717
68719476930	107374182410	ZW52	ZW52	TmFwaS5FbnY=	1022	94489280540
68719476931	107374182410	TElCQ1VSTF9WRVJTSU9OX05VTQ==	PHVua25vd24+IExJQkNVUkxfVkVSU0lPTl9OVU0=	QU5Z	1022	94489280630
68719476932	107374182411	ZW52	ZW52	TmFwaS5FbnY=	1026	94489280541
68719476933	107374182411	aW5mbw==	aW5mbw==	TmFwaS5DYWxsYmFja0luZm8m	1026	111669149719
68719476934	107374182411	b3Nz	b3Nz	c3RkLm9zdHJpbmdzdHJlYW0=	1028	94489280542
68719476935	107374182411	ZW52	ZW52	TmFwaS5FbnY=	1029	94489280541
68719476936	107374182411	b3Nz	b3Nz	c3RkLm9zdHJpbmdzdHJlYW0=	1029	94489280542
68719476937	107374182412	YWxsQ29uc3RhbnRWZWN0b3Jz	YWxsQ29uc3RhbnRWZWN0b3Jz	c3RkLnZlY3RvcipbXQ==	1038	94489280545
68719476938	107374182412	Y3VybE9wdGlvbkJsb2I=	PGdsb2JhbD4gY3VybE9wdGlvbkJsb2I=	c3RkLnZlY3Rvcg==	1039	94489280627
68719476939	107374182412	Y3VybE9wdGlvbkZ1bmN0aW9u	PGdsb2JhbD4gY3VybE9wdGlvbkZ1bmN0aW9u	c3RkLnZlY3Rvcg==	1040	94489280625
68719476940	107374182412	Y3VybE9wdGlvbkh0dHBQb3N0	PGdsb2JhbD4gY3VybE9wdGlvbkh0dHBQb3N0	c3RkLnZlY3Rvcg==	1041	94489280623
68719476941	107374182412	Y3VybE9wdGlvbkludGVnZXI=	PGdsb2JhbD4gY3VybE9wdGlvbkludGVnZXI=	c3RkLnZlY3Rvcg==	1042	94489280621
68719476942	107374182412	Y3VybE9wdGlvbkxpbmtlZExpc3Q=	PGdsb2JhbD4gY3VybE9wdGlvbkxpbmtlZExpc3Q=	c3RkLnZlY3Rvcg==	1043	94489280619
68719476943	107374182412	Y3VybE9wdGlvbk5vdEltcGxlbWVudGVk	PGdsb2JhbD4gY3VybE9wdGlvbk5vdEltcGxlbWVudGVk	c3RkLnZlY3Rvcg==	1044	94489280617
68719476944	107374182412	Y3VybE9wdGlvblNwZWNpZmlj	PGdsb2JhbD4gY3VybE9wdGlvblNwZWNpZmlj	c3RkLnZlY3Rvcg==	1045	94489280615
68719476945	107374182412	Y3VybE9wdGlvblN0cmluZw==	PGdsb2JhbD4gY3VybE9wdGlvblN0cmluZw==	c3RkLnZlY3Rvcg==	1046	94489280613
68719476946	107374182412	Y3VybEluZm9Eb3VibGU=	PGdsb2JhbD4gY3VybEluZm9Eb3VibGU=	c3RkLnZlY3Rvcg==	1047	94489280611
68719476947	107374182412	Y3VybEluZm9JbnRlZ2Vy	PGdsb2JhbD4gY3VybEluZm9JbnRlZ2Vy	c3RkLnZlY3Rvcg==	1048	94489280609
68719476948	107374182412	Y3VybEluZm9MaW5rZWRMaXN0	PGdsb2JhbD4gY3VybEluZm9MaW5rZWRMaXN0	c3RkLnZlY3Rvcg==	1049	94489280607
68719476949	107374182412	Y3VybEluZm9Ob3RJbXBsZW1lbnRlZA==	PGdsb2JhbD4gY3VybEluZm9Ob3RJbXBsZW1lbnRlZA==	c3RkLnZlY3Rvcg==	1050	94489280605
68719476950	107374182412	Y3VybEluZm9PZmZU	PGdsb2JhbD4gY3VybEluZm9PZmZU	c3RkLnZlY3Rvcg==	1051	94489280603
68719476951	107374182412	Y3VybEluZm9Tb2NrZXQ=	PGdsb2JhbD4gY3VybEluZm9Tb2NrZXQ=	c3RkLnZlY3Rvcg==	1052	94489280601
68719476952	107374182412	Y3VybEluZm9TdHJpbmc=	PGdsb2JhbD4gY3VybEluZm9TdHJpbmc=	c3RkLnZlY3Rvcg==	1053	94489280599
68719476953	107374182412	Y3VybE11bHRpT3B0aW9uRnVuY3Rpb24=	PGdsb2JhbD4gY3VybE11bHRpT3B0aW9uRnVuY3Rpb24=	c3RkLnZlY3Rvcg==	1054	94489280597
68719476954	107374182412	Y3VybE11bHRpT3B0aW9uSW50ZWdlcg==	PGdsb2JhbD4gY3VybE11bHRpT3B0aW9uSW50ZWdlcg==	c3RkLnZlY3Rvcg==	1055	94489280595
68719476955	107374182412	Y3VybE11bHRpT3B0aW9uTm90SW1wbGVtZW50ZWQ=	PGdsb2JhbD4gY3VybE11bHRpT3B0aW9uTm90SW1wbGVtZW50ZWQ=	c3RkLnZlY3Rvcg==	1056	94489280593
68719476956	107374182412	Y3VybE11bHRpT3B0aW9uU3RyaW5nQXJyYXk=	PGdsb2JhbD4gY3VybE11bHRpT3B0aW9uU3RyaW5nQXJyYXk=	c3RkLnZlY3Rvcg==	1057	94489280591
68719476957	107374182412	Y3VybENvbnN0YW50c0J5TmFtZQ==	PGdsb2JhbD4gY3VybENvbnN0YW50c0J5TmFtZQ==	c3RkLnVub3JkZXJlZF9tYXA=	1060	94489280587
68719476958	107374182412	Y3VybENvbnN0YW50c0J5VmFsdWU=	PGdsb2JhbD4gY3VybENvbnN0YW50c0J5VmFsdWU=	c3RkLnVub3JkZXJlZF9tYXA=	1061	94489280585
68719476959	107374182412	PGl0ZXJhdG9yPjA=	PGl0ZXJhdG9yPjA=	c3RkLml0ZXJhdG9y	1063	94489280590
68719476960	107374182412	YWxsQ29uc3RhbnRWZWN0b3Jz	YWxsQ29uc3RhbnRWZWN0b3Jz	c3RkLnZlY3RvcipbXQ==	1063	94489280545
68719476961	107374182412	PGl0ZXJhdG9yPjA=	PGl0ZXJhdG9yPjA=	c3RkLml0ZXJhdG9y	1063	94489280590
68719476962	107374182412	dmVj	dmVj	QU5ZKg==	1063	94489280546
68719476963	107374182412	PGl0ZXJhdG9yPjA=	PGl0ZXJhdG9yPjA=	c3RkLml0ZXJhdG9y	1063	94489280590
68719476964	107374182412	PGl0ZXJhdG9yPjE=	PGl0ZXJhdG9yPjE=	c3RkLml0ZXJhdG9y	1064	94489280589
68719476965	107374182412	dmVj	dmVj	QU5ZKg==	1064	94489280546
68719476966	107374182412	PGl0ZXJhdG9yPjE=	PGl0ZXJhdG9yPjE=	c3RkLml0ZXJhdG9y	1064	94489280589
68719476967	107374182412	Y29uc3RhbnQ=	Y29uc3RhbnQ=	QU5ZJg==	1064	94489280547
68719476968	107374182412	PGl0ZXJhdG9yPjE=	PGl0ZXJhdG9yPjE=	c3RkLml0ZXJhdG9y	1064	94489280589
68719476969	107374182412	dmFsdWU=	dmFsdWU=	aW50MzJfdA==	1065	94489280548
68719476970	107374182412	Y29uc3RhbnQ=	Y29uc3RhbnQ=	QU5ZJg==	1065	94489280547
68719476971	107374182412	Y3VybENvbnN0YW50c0J5TmFtZQ==	PGdsb2JhbD4gY3VybENvbnN0YW50c0J5TmFtZQ==	c3RkLnVub3JkZXJlZF9tYXA=	1068	94489280587
68719476972	107374182412	Y29uc3RhbnQ=	Y29uc3RhbnQ=	QU5ZJg==	1068	94489280547
68719476973	107374182412	dmFsdWU=	dmFsdWU=	aW50MzJfdA==	1068	94489280548
68719476974	107374182412	dmVj	dmVj	QU5ZKg==	1068	94489280546
68719476975	107374182412	Y3VybENvbnN0YW50c0J5VmFsdWU=	PGdsb2JhbD4gY3VybENvbnN0YW50c0J5VmFsdWU=	c3RkLnVub3JkZXJlZF9tYXA=	1069	94489280585
68719476976	107374182412	Y29uc3RhbnQ=	Y29uc3RhbnQ=	QU5ZJg==	1069	94489280547
68719476977	107374182412	dmFsdWU=	dmFsdWU=	aW50MzJfdA==	1069	94489280548
68719476978	107374182412	dmVj	dmVj	QU5ZKg==	1069	94489280546
68719476979	107374182413	Y3VybENvbnN0YW50TWFwc0luaXRGbGFn	PGdsb2JhbD4gY3VybENvbnN0YW50TWFwc0luaXRGbGFn	c3RkLm9uY2VfZmxhZw==	1037	94489280629
68719476980	107374182414	cmV0	cmV0	aW50MzJfdA==	1077	94489280551
68719476981	107374182414	c2VhcmNoRm9y	c2VhcmNoRm9y	TmFwaS5WYWx1ZSY=	1079	111669149721
68719476982	107374182414	b3B0aW9uTmFtZQ==	b3B0aW9uTmFtZQ==	c3RkLnN0cmluZw==	1080	94489280552
68719476983	107374182414	c2VhcmNoRm9y	c2VhcmNoRm9y	TmFwaS5WYWx1ZSY=	1080	111669149721
68719476984	107374182414	b3B0aW9uTmFtZQ==	b3B0aW9uTmFtZQ==	c3RkLnN0cmluZw==	1081	94489280552
68719476985	107374182414	b3B0aW9uTmFtZQ==	b3B0aW9uTmFtZQ==	c3RkLnN0cmluZw==	1081	94489280552
68719476986	107374182414	b3B0aW9uTmFtZQ==	b3B0aW9uTmFtZQ==	c3RkLnN0cmluZw==	1081	94489280552
68719476987	107374182414	aXQ=	aXQ=	QU5Z	1083	94489280553
68719476988	107374182414	Y3VybENvbnN0YW50c0J5TmFtZQ==	PGdsb2JhbD4gY3VybENvbnN0YW50c0J5TmFtZQ==	c3RkLnVub3JkZXJlZF9tYXA=	1083	94489280584
68719476989	107374182414	b3B0aW9uTmFtZQ==	b3B0aW9uTmFtZQ==	c3RkLnN0cmluZw==	1083	94489280552
68719476990	107374182414	aXQ=	aXQ=	QU5Z	1084	94489280553
68719476991	107374182414	Y3VybENvbnN0YW50c0J5TmFtZQ==	PGdsb2JhbD4gY3VybENvbnN0YW50c0J5TmFtZQ==	c3RkLnVub3JkZXJlZF9tYXA=	1084	94489280584
68719476992	107374182414	PGl0ZXJhdG9yPjA=	PGl0ZXJhdG9yPjA=	c3RkLml0ZXJhdG9y	1087	94489280583
68719476993	107374182414	aXQ=	aXQ=	QU5Z	1087	94489280553
68719476994	107374182414	PGl0ZXJhdG9yPjA=	PGl0ZXJhdG9yPjA=	c3RkLml0ZXJhdG9y	1087	94489280583
68719476995	107374182414	bG9va3Vw	bG9va3Vw	QU5ZJg==	1087	94489280554
68719476996	107374182414	PGl0ZXJhdG9yPjA=	PGl0ZXJhdG9yPjA=	c3RkLml0ZXJhdG9y	1087	94489280583
68719476997	107374182414	bG9va3Vw	bG9va3Vw	QU5ZJg==	1088	94489280554
68719476998	107374182414	Y3VybENvbnN0YW50cw==	Y3VybENvbnN0YW50cw==	c3RkLnZlY3RvciY=	1088	111669149720
68719476999	107374182414	cmV0	cmV0	aW50MzJfdA==	1089	94489280551
68719477000	107374182414	bG9va3Vw	bG9va3Vw	QU5ZJg==	1089	94489280554
68719477001	107374182414	c2VhcmNoRm9y	c2VhcmNoRm9y	TmFwaS5WYWx1ZSY=	1094	111669149721
68719477002	107374182414	c2VhcmNoRm9yTnVtYmVy	c2VhcmNoRm9yTnVtYmVy	aW50NjRfdA==	1095	94489280555
68719477003	107374182414	c2VhcmNoRm9y	c2VhcmNoRm9y	TmFwaS5WYWx1ZSY=	1095	111669149721
68719477004	107374182414	aXQ=	aXQ=	QU5Z	1097	94489280556
68719477005	107374182414	Y3VybENvbnN0YW50c0J5VmFsdWU=	PGdsb2JhbD4gY3VybENvbnN0YW50c0J5VmFsdWU=	c3RkLnVub3JkZXJlZF9tYXA=	1097	94489280582
68719477006	107374182414	c2VhcmNoRm9yTnVtYmVy	c2VhcmNoRm9yTnVtYmVy	aW50NjRfdA==	1097	94489280555
68719477007	107374182414	aXQ=	aXQ=	QU5Z	1098	94489280556
68719477008	107374182414	Y3VybENvbnN0YW50c0J5VmFsdWU=	PGdsb2JhbD4gY3VybENvbnN0YW50c0J5VmFsdWU=	c3RkLnVub3JkZXJlZF9tYXA=	1098	94489280582
68719477009	107374182414	PGl0ZXJhdG9yPjE=	PGl0ZXJhdG9yPjE=	c3RkLml0ZXJhdG9y	1100	94489280581
68719477010	107374182414	aXQ=	aXQ=	QU5Z	1100	94489280556
68719477011	107374182414	PGl0ZXJhdG9yPjE=	PGl0ZXJhdG9yPjE=	c3RkLml0ZXJhdG9y	1100	94489280581
68719477012	107374182414	bG9va3Vw	bG9va3Vw	QU5ZJg==	1100	94489280557
68719477013	107374182414	PGl0ZXJhdG9yPjE=	PGl0ZXJhdG9yPjE=	c3RkLml0ZXJhdG9y	1100	94489280581
68719477014	107374182414	bG9va3Vw	bG9va3Vw	QU5ZJg==	1101	94489280557
68719477015	107374182414	Y3VybENvbnN0YW50cw==	Y3VybENvbnN0YW50cw==	c3RkLnZlY3RvciY=	1101	111669149720
68719477016	107374182414	cmV0	cmV0	aW50MzJfdA==	1102	94489280551
68719477017	107374182414	bG9va3Vw	bG9va3Vw	QU5ZJg==	1102	94489280557
68719477018	107374182414	cmV0	cmV0	aW50MzJfdA==	1109	94489280551
68719476736	107374182415	ZW52	ZW52	TmFwaS5FbnY=	827	94489280513
68719476737	107374182415	b2Jq	b2Jq	TmFwaS5PYmplY3Q=	827	111669149696
68719476738	107374182415	PGl0ZXJhdG9yPjA=	PGl0ZXJhdG9yPjA=	c3RkLml0ZXJhdG9y	829	94489280662
68719476739	107374182415	Y29uc3RhbnRz	Y29uc3RhbnRz	c3RkLnZlY3RvciY=	829	111669149697
68719476740	107374182415	PGl0ZXJhdG9yPjA=	PGl0ZXJhdG9yPjA=	c3RkLml0ZXJhdG9y	829	94489280662
68719476741	107374182415	Y29uc3RhbnQ=	Y29uc3RhbnQ=	QU5ZJg==	829	94489280514
68719476742	107374182415	PGl0ZXJhdG9yPjA=	PGl0ZXJhdG9yPjA=	c3RkLml0ZXJhdG9y	829	94489280662
68719476743	107374182415	b2Jq	b2Jq	TmFwaS5PYmplY3Q=	830	111669149696
68719476744	107374182415	Y29uc3RhbnQ=	Y29uc3RhbnQ=	QU5ZJg==	831	94489280514
68719476745	107374182415	ZW52	ZW52	TmFwaS5FbnY=	831	94489280513
68719476746	107374182415	Y29uc3RhbnQ=	Y29uc3RhbnQ=	QU5ZJg==	831	94489280514
68719476747	107374182415	bmFwaV9lbnVtZXJhYmxl	PHVua25vd24+IG5hcGlfZW51bWVyYWJsZQ==	QU5Z	832	94489280661
68719476748	107374182415	bmFwaV9jb25maWd1cmFibGU=	PHVua25vd24+IG5hcGlfY29uZmlndXJhYmxl	QU5Z	832	94489280660
68719476773	107374182415	bWF5YmVUbHM=	bWF5YmVUbHM=	TmFwaS5WYWx1ZQ==	863	94489280515
68719476774	107374182415	dGhpcw==	dGhpcw==	Tm9kZUxpYmN1cmwuQ3VybCo=	863	111669149702
68719476775	107374182415	bWF5YmVUbHM=	bWF5YmVUbHM=	TmFwaS5WYWx1ZQ==	865	94489280515
68719476776	107374182415	dGxz	dGxz	TmFwaS5PYmplY3Q=	869	94489280516
68719476777	107374182415	bWF5YmVUbHM=	bWF5YmVUbHM=	TmFwaS5WYWx1ZQ==	869	94489280515
68719476778	107374182415	Z2V0Q0FDZXJ0aWZpY2F0ZXM=	Z2V0Q0FDZXJ0aWZpY2F0ZXM=	TmFwaS5GdW5jdGlvbg==	873	94489280517
68719476779	107374182415	dGxz	dGxz	TmFwaS5PYmplY3Q=	873	94489280516
68719476780	107374182415	Y2FDZXJ0aWZpY2F0ZXM=	Y2FDZXJ0aWZpY2F0ZXM=	TmFwaS5BcnJheQ==	874	94489280518
68719476781	107374182415	Z2V0Q0FDZXJ0aWZpY2F0ZXM=	Z2V0Q0FDZXJ0aWZpY2F0ZXM=	TmFwaS5GdW5jdGlvbg==	875	94489280517
68719476782	107374182415	dGhpcw==	dGhpcw==	Tm9kZUxpYmN1cmwuQ3VybCo=	875	111669149702
68719476783	107374182415	c3Rk	c3Rk	c3Rk	877	94489280659
68719476784	107374182415	c3Rk	c3Rk	c3Rk	877	94489280659
68719476785	107374182415	Y2VydHM=	PHVua25vd24+IGNlcnRz	QU5Z	877	94489280658
68719476786	107374182415	aQ==	aQ==	dWludDMyX3Q=	878	94489280519
68719476787	107374182415	aQ==	aQ==	dWludDMyX3Q=	878	94489280519
68719476788	107374182415	Y2FDZXJ0aWZpY2F0ZXM=	Y2FDZXJ0aWZpY2F0ZXM=	TmFwaS5BcnJheQ==	878	94489280518
68719476789	107374182415	aQ==	aQ==	dWludDMyX3Q=	878	94489280519
68719476790	107374182415	Y2VydA==	Y2VydA==	TmFwaS5WYWx1ZQ==	879	94489280520
68719476791	107374182415	Y2FDZXJ0aWZpY2F0ZXM=	Y2FDZXJ0aWZpY2F0ZXM=	TmFwaS5BcnJheQ==	879	94489280518
68719476792	107374182415	aQ==	aQ==	dWludDMyX3Q=	879	94489280519
68719476793	107374182415	Y2VydA==	Y2VydA==	TmFwaS5WYWx1ZQ==	880	94489280520
68719476794	107374182415	Y2VydHM=	PHVua25vd24+IGNlcnRz	QU5Z	881	94489280658
68719476795	107374182415	Y2VydA==	Y2VydA==	TmFwaS5WYWx1ZQ==	881	94489280520
68719476796	107374182415	Y2VydHM=	PHVua25vd24+IGNlcnRz	QU5Z	886	94489280658
68719476797	107374182415	aQ==	aQ==	c2l6ZV90	887	94489280521
68719476798	107374182415	aQ==	aQ==	c2l6ZV90	887	94489280521
68719476799	107374182415	Y2VydHM=	PHVua25vd24+IGNlcnRz	QU5Z	887	94489280658
68719476800	107374182415	aQ==	aQ==	c2l6ZV90	887	94489280521
68719476801	107374182415	aQ==	aQ==	c2l6ZV90	888	94489280521
68719476802	107374182415	dGhpcw==	dGhpcw==	Tm9kZUxpYmN1cmwuQ3VybCo=	889	111669149702
68719476803	107374182415	dGhpcw==	dGhpcw==	Tm9kZUxpYmN1cmwuQ3VybCo=	891	111669149702
68719476804	107374182415	Y2VydHM=	PHVua25vd24+IGNlcnRz	QU5Z	891	94489280658
68719476805	107374182415	aQ==	aQ==	c2l6ZV90	891	94489280521
68719476806	107374182415	dGhpcw==	dGhpcw==	Tm9kZUxpYmN1cmwuQ3VybCo=	897	111669149702
68719476807	107374182415	dGhpcw==	dGhpcw==	Tm9kZUxpYmN1cmwuQ3VybCo=	897	111669149702
68719476808	107374182415	dGhpcw==	dGhpcw==	Tm9kZUxpYmN1cmwuQ3VybCo=	898	111669149702
68719476809	107374182415	dGhpcw==	dGhpcw==	Tm9kZUxpYmN1cmwuQ3VybCo=	898	111669149702
68719476810	107374182415	dGhpcw==	dGhpcw==	Tm9kZUxpYmN1cmwuQ3VybCo=	899	111669149702
68719476811	107374182415	Q1VSTF9CTE9CX05PQ09QWQ==	PHVua25vd24+IENVUkxfQkxPQl9OT0NPUFk=	QU5Z	899	94489280657
68719476812	107374182415	c2l6ZQ==	c2l6ZQ==	QU5Z	904	94489280522
68719476813	107374182415	aGFuZGxlTWVtb3J5TWFw	PGdsb2JhbD4gaGFuZGxlTWVtb3J5TWFw	c3RkLnVub3JkZXJlZF9tYXA=	904	94489280656
68719476814	107374182415	aGFuZGxlVHlwZQ==	aGFuZGxlVHlwZQ==	Tm9kZUxpYmN1cmwuQ3VybEhhbmRsZVR5cGU=	904	111669149704
68719476815	107374182415	dXNhZ2U=	dXNhZ2U=	QU5Z	905	94489280523
68719476816	107374182415	c2l6ZQ==	c2l6ZQ==	QU5Z	905	94489280522
68719476817	107374182415	ZGVsdGE=	ZGVsdGE=	aW50	905	111669149705
68719476818	107374182415	dGhpcw==	dGhpcw==	Tm9kZUxpYmN1cmwuQ3VybCo=	906	111669149703
68719476819	107374182415	dXNhZ2U=	dXNhZ2U=	QU5Z	906	94489280523
68719476820	107374182415	dGhpcw==	dGhpcw==	Tm9kZUxpYmN1cmwuQ3VybCo=	907	111669149703
68719476821	107374182415	dXNhZ2U=	dXNhZ2U=	QU5Z	907	94489280523
68719476822	107374182415	dGhpcw==	dGhpcw==	Tm9kZUxpYmN1cmwuQ3VybCo=	909	111669149703
68719476823	107374182415	aGFuZGxlVHlwZQ==	aGFuZGxlVHlwZQ==	Tm9kZUxpYmN1cmwuQ3VybEhhbmRsZVR5cGU=	909	111669149704
68719476824	107374182415	ZGVsdGE=	ZGVsdGE=	aW50	909	111669149705
68719476825	107374182415	ZGF0YQ==	ZGF0YQ==	Tm9kZUxpYmN1cmwuQ3VybCo=	917	111669149708
68719476826	107374182415	Y29kZQ==	Y29kZQ==	Q1VSTGNvZGU=	926	94489280524
68719476827	107374182415	Q1VSTF9HTE9CQUxfQUxM	PHVua25vd24+IENVUkxfR0xPQkFMX0FMTA==	QU5Z	926	94489280655
68719476828	107374182415	Y29kZQ==	Y29kZQ==	Q1VSTGNvZGU=	928	94489280524
68719476829	107374182415	Q1VSTEVfT0s=	PHVua25vd24+IENVUkxFX09L	QU5Z	928	94489280633
68719476830	107374182415	ZW52	ZW52	TmFwaS5FbnY=	930	111669149710
68719476831	107374182415	Y29kZQ==	Y29kZQ==	Q1VSTGNvZGU=	930	94489280524
68719476832	107374182415	Y3VybA==	Y3VybA==	Tm9kZUxpYmN1cmwuQ3VybCo=	933	94489280525
68719476833	107374182415	PHRtcD4w	PHRtcD4w	Tm9kZUxpYmN1cmwuQ3VybA==	933	94489280654
68719476834	107374182415	PHRtcD4w	PHRtcD4w	Tm9kZUxpYmN1cmwuQ3VybA==	933	94489280654
68719476835	107374182415	ZW52	ZW52	TmFwaS5FbnY=	933	111669149710
68719476836	107374182415	ZXhwb3J0cw==	ZXhwb3J0cw==	TmFwaS5PYmplY3Q=	933	111669149711
68719476837	107374182415	PHRtcD4w	PHRtcD4w	Tm9kZUxpYmN1cmwuQ3VybA==	933	94489280654
68719476838	107374182415	ZW52	ZW52	TmFwaS5FbnY=	939	111669149710
68719476839	107374182415	Y3VybA==	Y3VybA==	Tm9kZUxpYmN1cmwuQ3VybCo=	939	94489280525
68719476840	107374182415	Y3VybEpz	Y3VybEpz	TmFwaS5PYmplY3Q=	942	94489280526
68719476841	107374182415	ZW52	ZW52	TmFwaS5FbnY=	942	111669149710
68719476842	107374182415	Z2V0VmVyc2lvbg==	Z2V0VmVyc2lvbg==	QU5Z	944	94489280527
68719476843	107374182415	bmFwaV9lbnVtZXJhYmxl	PHVua25vd24+IG5hcGlfZW51bWVyYWJsZQ==	QU5Z	945	94489280653
68719476844	107374182415	Z2V0Q291bnQ=	Z2V0Q291bnQ=	QU5Z	947	94489280528
68719476845	107374182415	bmFwaV9lbnVtZXJhYmxl	PHVua25vd24+IG5hcGlfZW51bWVyYWJsZQ==	QU5Z	948	94489280653
68719476846	107374182415	dmVyc2lvbk51bQ==	dmVyc2lvbk51bQ==	QU5Z	950	94489280529
68719476847	107374182415	bmFwaV9lbnVtZXJhYmxl	PHVua25vd24+IG5hcGlfZW51bWVyYWJsZQ==	QU5Z	952	94489280653
68719476848	107374182415	bmFwaV9jb25maWd1cmFibGU=	PHVua25vd24+IG5hcGlfY29uZmlndXJhYmxl	QU5Z	952	94489280652
68719476849	107374182415	dGhyZWFkSWQ=	dGhyZWFkSWQ=	QU5Z	954	94489280530
68719476850	107374182415	bmFwaV9lbnVtZXJhYmxl	PHVua25vd24+IG5hcGlfZW51bWVyYWJsZQ==	QU5Z	956	94489280653
68719476851	107374182415	bmFwaV9jb25maWd1cmFibGU=	PHVua25vd24+IG5hcGlfY29uZmlndXJhYmxl	QU5Z	956	94489280652
68719476852	107374182415	Y3VybEpz	Y3VybEpz	TmFwaS5PYmplY3Q=	958	94489280526
68719476853	107374182415	Z2V0VmVyc2lvbg==	Z2V0VmVyc2lvbg==	QU5Z	958	94489280527
68719476854	107374182415	Z2V0Q291bnQ=	Z2V0Q291bnQ=	QU5Z	958	94489280528
68719476855	107374182415	dmVyc2lvbk51bQ==	dmVyc2lvbk51bQ==	QU5Z	958	94489280529
68719476856	107374182415	dGhyZWFkSWQ=	dGhyZWFkSWQ=	QU5Z	958	94489280530
68719476857	107374182415	Y3VybE9wdGlvbg==	Y3VybE9wdGlvbg==	TmFwaS5PYmplY3Q=	961	94489280531
68719476858	107374182415	ZW52	ZW52	TmFwaS5FbnY=	961	111669149710
68719476859	107374182415	Y3VybE9wdGlvbg==	Y3VybE9wdGlvbg==	TmFwaS5PYmplY3Q=	962	94489280531
68719476860	107374182415	Y3VybE9wdGlvbk5vdEltcGxlbWVudGVk	PGdsb2JhbD4gY3VybE9wdGlvbk5vdEltcGxlbWVudGVk	c3RkLnZlY3Rvcg==	962	94489280651
68719476861	107374182415	Y3VybE9wdGlvbg==	Y3VybE9wdGlvbg==	TmFwaS5PYmplY3Q=	963	94489280531
68719476862	107374182415	Y3VybE9wdGlvbkh0dHBQb3N0	PGdsb2JhbD4gY3VybE9wdGlvbkh0dHBQb3N0	c3RkLnZlY3Rvcg==	963	94489280650
68719476863	107374182415	Y3VybE9wdGlvbg==	Y3VybE9wdGlvbg==	TmFwaS5PYmplY3Q=	964	94489280531
68719476864	107374182415	Y3VybE9wdGlvbkJsb2I=	PGdsb2JhbD4gY3VybE9wdGlvbkJsb2I=	c3RkLnZlY3Rvcg==	964	94489280649
68719476865	107374182415	Y3VybE9wdGlvbg==	Y3VybE9wdGlvbg==	TmFwaS5PYmplY3Q=	965	94489280531
68719476866	107374182415	Y3VybE9wdGlvbkZ1bmN0aW9u	PGdsb2JhbD4gY3VybE9wdGlvbkZ1bmN0aW9u	c3RkLnZlY3Rvcg==	965	94489280648
68719476867	107374182415	Y3VybE9wdGlvbg==	Y3VybE9wdGlvbg==	TmFwaS5PYmplY3Q=	966	94489280531
68719476868	107374182415	Y3VybE9wdGlvbkludGVnZXI=	PGdsb2JhbD4gY3VybE9wdGlvbkludGVnZXI=	c3RkLnZlY3Rvcg==	966	94489280647
68719476869	107374182415	Y3VybE9wdGlvbg==	Y3VybE9wdGlvbg==	TmFwaS5PYmplY3Q=	967	94489280531
68719476870	107374182415	Y3VybE9wdGlvbkxpbmtlZExpc3Q=	PGdsb2JhbD4gY3VybE9wdGlvbkxpbmtlZExpc3Q=	c3RkLnZlY3Rvcg==	967	94489280646
68719476871	107374182415	Y3VybE9wdGlvbg==	Y3VybE9wdGlvbg==	TmFwaS5PYmplY3Q=	968	94489280531
68719476872	107374182415	Y3VybE9wdGlvblNwZWNpZmlj	PGdsb2JhbD4gY3VybE9wdGlvblNwZWNpZmlj	c3RkLnZlY3Rvcg==	968	94489280645
68719476873	107374182415	Y3VybE9wdGlvbg==	Y3VybE9wdGlvbg==	TmFwaS5PYmplY3Q=	969	94489280531
68719476874	107374182415	Y3VybE9wdGlvblN0cmluZw==	PGdsb2JhbD4gY3VybE9wdGlvblN0cmluZw==	c3RkLnZlY3Rvcg==	969	94489280644
68719476875	107374182415	Y3VybEpz	Y3VybEpz	TmFwaS5PYmplY3Q=	970	94489280526
68719476876	107374182415	Y3VybE9wdGlvbg==	Y3VybE9wdGlvbg==	TmFwaS5PYmplY3Q=	970	94489280531
68719476877	107374182415	Y3VybEluZm8=	Y3VybEluZm8=	TmFwaS5PYmplY3Q=	973	94489280532
68719476878	107374182415	ZW52	ZW52	TmFwaS5FbnY=	973	111669149710
68719476879	107374182415	Y3VybEluZm8=	Y3VybEluZm8=	TmFwaS5PYmplY3Q=	974	94489280532
68719476880	107374182415	Y3VybEluZm9Ob3RJbXBsZW1lbnRlZA==	PGdsb2JhbD4gY3VybEluZm9Ob3RJbXBsZW1lbnRlZA==	c3RkLnZlY3Rvcg==	974	94489280643
68719476881	107374182415	Y3VybEluZm8=	Y3VybEluZm8=	TmFwaS5PYmplY3Q=	975	94489280532
68719476882	107374182415	Y3VybEluZm9Eb3VibGU=	PGdsb2JhbD4gY3VybEluZm9Eb3VibGU=	c3RkLnZlY3Rvcg==	975	94489280642
68719476883	107374182415	Y3VybEluZm8=	Y3VybEluZm8=	TmFwaS5PYmplY3Q=	976	94489280532
68719476884	107374182415	Y3VybEluZm9JbnRlZ2Vy	PGdsb2JhbD4gY3VybEluZm9JbnRlZ2Vy	c3RkLnZlY3Rvcg==	976	94489280641
68719476885	107374182415	Y3VybEluZm8=	Y3VybEluZm8=	TmFwaS5PYmplY3Q=	977	94489280532
68719476886	107374182415	Y3VybEluZm9MaW5rZWRMaXN0	PGdsb2JhbD4gY3VybEluZm9MaW5rZWRMaXN0	c3RkLnZlY3Rvcg==	977	94489280640
68719476887	107374182415	Y3VybEluZm8=	Y3VybEluZm8=	TmFwaS5PYmplY3Q=	978	94489280532
68719476888	107374182415	Y3VybEluZm9PZmZU	PGdsb2JhbD4gY3VybEluZm9PZmZU	c3RkLnZlY3Rvcg==	978	94489280639
68719476889	107374182415	Y3VybEluZm8=	Y3VybEluZm8=	TmFwaS5PYmplY3Q=	979	94489280532
68719476890	107374182415	Y3VybEluZm9Tb2NrZXQ=	PGdsb2JhbD4gY3VybEluZm9Tb2NrZXQ=	c3RkLnZlY3Rvcg==	979	94489280638
68719476891	107374182415	Y3VybEluZm8=	Y3VybEluZm8=	TmFwaS5PYmplY3Q=	980	94489280532
68719476892	107374182415	Y3VybEluZm9TdHJpbmc=	PGdsb2JhbD4gY3VybEluZm9TdHJpbmc=	c3RkLnZlY3Rvcg==	980	94489280637
68719476893	107374182415	Y3VybEpz	Y3VybEpz	TmFwaS5PYmplY3Q=	981	94489280526
68719476894	107374182415	Y3VybEluZm8=	Y3VybEluZm8=	TmFwaS5PYmplY3Q=	981	94489280532
68719476895	107374182415	Y3VybE11bHRpT3B0aW9u	Y3VybE11bHRpT3B0aW9u	TmFwaS5PYmplY3Q=	984	94489280533
68719476896	107374182415	ZW52	ZW52	TmFwaS5FbnY=	984	111669149710
68719476897	107374182415	Y3VybE11bHRpT3B0aW9u	Y3VybE11bHRpT3B0aW9u	TmFwaS5PYmplY3Q=	985	94489280533
68719476898	107374182415	Y3VybE11bHRpT3B0aW9uRnVuY3Rpb24=	PGdsb2JhbD4gY3VybE11bHRpT3B0aW9uRnVuY3Rpb24=	c3RkLnZlY3Rvcg==	985	94489280636
68719476899	107374182415	Y3VybE11bHRpT3B0aW9u	Y3VybE11bHRpT3B0aW9u	TmFwaS5PYmplY3Q=	986	94489280533
68719476900	107374182415	Y3VybE11bHRpT3B0aW9uSW50ZWdlcg==	PGdsb2JhbD4gY3VybE11bHRpT3B0aW9uSW50ZWdlcg==	c3RkLnZlY3Rvcg==	986	94489280635
68719476901	107374182415	Y3VybE11bHRpT3B0aW9u	Y3VybE11bHRpT3B0aW9u	TmFwaS5PYmplY3Q=	987	94489280533
68719476902	107374182415	Y3VybE11bHRpT3B0aW9uU3RyaW5nQXJyYXk=	PGdsb2JhbD4gY3VybE11bHRpT3B0aW9uU3RyaW5nQXJyYXk=	c3RkLnZlY3Rvcg==	987	94489280634
68719476903	107374182415	Y3VybEpz	Y3VybEpz	TmFwaS5PYmplY3Q=	988	94489280526
68719476904	107374182415	Y3VybE11bHRpT3B0aW9u	Y3VybE11bHRpT3B0aW9u	TmFwaS5PYmplY3Q=	988	94489280533
68719476905	107374182415	Y3VybENvZGU=	Y3VybENvZGU=	TmFwaS5PYmplY3Q=	991	94489280534
68719476906	107374182415	ZW52	ZW52	TmFwaS5FbnY=	991	111669149710
68719476907	107374182415	Y3VybENvZGU=	Y3VybENvZGU=	TmFwaS5PYmplY3Q=	992	94489280534
68719476908	107374182415	ZW52	ZW52	TmFwaS5FbnY=	992	111669149710
68719476909	107374182415	Q1VSTEVfT0s=	PHVua25vd24+IENVUkxFX09L	QU5Z	992	94489280633
68719476910	107374182415	Y3VybEpz	Y3VybEpz	TmFwaS5PYmplY3Q=	993	94489280526
68719476911	107374182415	Y3VybENvZGU=	Y3VybENvZGU=	TmFwaS5PYmplY3Q=	993	94489280534
68719476912	107374182415	ZXhwb3J0cw==	ZXhwb3J0cw==	TmFwaS5PYmplY3Q=	996	111669149711
68719476913	107374182415	Y3VybEpz	Y3VybEpz	TmFwaS5PYmplY3Q=	996	94489280526
68719476914	107374182415	ZXhwb3J0cw==	ZXhwb3J0cw==	TmFwaS5PYmplY3Q=	998	111669149711
68719476916	107374182415	ZW52	ZW52	TmFwaS5FbnY=	1002	94489280535
68719476917	107374182415	aW5mbw==	aW5mbw==	TmFwaS5DYWxsYmFja0luZm8m	1002	111669149713
68719476918	107374182415	dmVyc2lvbkluaXRGbGFn	dmVyc2lvbkluaXRGbGFn	c3RkLm9uY2VfZmxhZw==	1009	94489280536
68719476919	107374182415	ZW52	ZW52	TmFwaS5FbnY=	1011	94489280535
68719476920	107374182415	Y2FjaGVkVmVyc2lvbg==	Y2FjaGVkVmVyc2lvbg==	c3RkLnN0cmluZw==	1011	94489280537
68719476921	107374182415	ZW52	ZW52	TmFwaS5FbnY=	1015	94489280538
68719476922	107374182415	aW5mbw==	aW5mbw==	TmFwaS5DYWxsYmFja0luZm8m	1015	111669149715
68719476923	107374182415	Y3VybA==	Y3VybA==	QU5Z	1016	94489280539
68719476924	107374182415	aW5mbw==	aW5mbw==	TmFwaS5DYWxsYmFja0luZm8m	1016	111669149715
68719476925	107374182415	ZW52	ZW52	TmFwaS5FbnY=	1017	94489280538
68719476926	107374182415	Y3VybA==	Y3VybA==	QU5Z	1017	94489280539
68719476927	107374182415	Q1VSTF9IQU5ETEVfVFlQRV9FQVNZ	Q1VSTF9IQU5ETEVfVFlQRV9FQVNZ	QU5Z	1017	94489280631
68719476928	107374182415	ZW52	ZW52	TmFwaS5FbnY=	1021	94489280540
68719476929	107374182415	aW5mbw==	aW5mbw==	TmFwaS5DYWxsYmFja0luZm8m	1021	111669149717
68719476930	107374182415	ZW52	ZW52	TmFwaS5FbnY=	1022	94489280540
68719476931	107374182415	TElCQ1VSTF9WRVJTSU9OX05VTQ==	PHVua25vd24+IExJQkNVUkxfVkVSU0lPTl9OVU0=	QU5Z	1022	94489280630
68719476932	107374182415	ZW52	ZW52	TmFwaS5FbnY=	1026	94489280541
68719476933	107374182415	aW5mbw==	aW5mbw==	TmFwaS5DYWxsYmFja0luZm8m	1026	111669149719
68719476934	107374182415	b3Nz	b3Nz	c3RkLm9zdHJpbmdzdHJlYW0=	1028	94489280542
68719476935	107374182415	ZW52	ZW52	TmFwaS5FbnY=	1029	94489280541
68719476936	107374182415	b3Nz	b3Nz	c3RkLm9zdHJpbmdzdHJlYW0=	1029	94489280542
68719476979	107374182415	Y3VybENvbnN0YW50TWFwc0luaXRGbGFn	PGdsb2JhbD4gY3VybENvbnN0YW50TWFwc0luaXRGbGFn	c3RkLm9uY2VfZmxhZw==	1037	94489280629
68719476980	107374182415	cmV0	cmV0	aW50MzJfdA==	1077	94489280551
68719476981	107374182415	c2VhcmNoRm9y	c2VhcmNoRm9y	TmFwaS5WYWx1ZSY=	1079	111669149721
68719476982	107374182415	b3B0aW9uTmFtZQ==	b3B0aW9uTmFtZQ==	c3RkLnN0cmluZw==	1080	94489280552
68719476983	107374182415	c2VhcmNoRm9y	c2VhcmNoRm9y	TmFwaS5WYWx1ZSY=	1080	111669149721
68719476984	107374182415	b3B0aW9uTmFtZQ==	b3B0aW9uTmFtZQ==	c3RkLnN0cmluZw==	1081	94489280552
68719476985	107374182415	b3B0aW9uTmFtZQ==	b3B0aW9uTmFtZQ==	c3RkLnN0cmluZw==	1081	94489280552
68719476986	107374182415	b3B0aW9uTmFtZQ==	b3B0aW9uTmFtZQ==	c3RkLnN0cmluZw==	1081	94489280552
68719476987	107374182415	aXQ=	aXQ=	QU5Z	1083	94489280553
68719476988	107374182415	Y3VybENvbnN0YW50c0J5TmFtZQ==	PGdsb2JhbD4gY3VybENvbnN0YW50c0J5TmFtZQ==	c3RkLnVub3JkZXJlZF9tYXA=	1083	94489280584
68719476989	107374182415	b3B0aW9uTmFtZQ==	b3B0aW9uTmFtZQ==	c3RkLnN0cmluZw==	1083	94489280552
68719476990	107374182415	aXQ=	aXQ=	QU5Z	1084	94489280553
68719476991	107374182415	Y3VybENvbnN0YW50c0J5TmFtZQ==	PGdsb2JhbD4gY3VybENvbnN0YW50c0J5TmFtZQ==	c3RkLnVub3JkZXJlZF9tYXA=	1084	94489280584
68719476992	107374182415	PGl0ZXJhdG9yPjA=	PGl0ZXJhdG9yPjA=	c3RkLml0ZXJhdG9y	1087	94489280583
68719476993	107374182415	aXQ=	aXQ=	QU5Z	1087	94489280553
68719476994	107374182415	PGl0ZXJhdG9yPjA=	PGl0ZXJhdG9yPjA=	c3RkLml0ZXJhdG9y	1087	94489280583
68719476995	107374182415	bG9va3Vw	bG9va3Vw	QU5ZJg==	1087	94489280554
68719476996	107374182415	PGl0ZXJhdG9yPjA=	PGl0ZXJhdG9yPjA=	c3RkLml0ZXJhdG9y	1087	94489280583
68719476997	107374182415	bG9va3Vw	bG9va3Vw	QU5ZJg==	1088	94489280554
68719476998	107374182415	Y3VybENvbnN0YW50cw==	Y3VybENvbnN0YW50cw==	c3RkLnZlY3RvciY=	1088	111669149720
68719476999	107374182415	cmV0	cmV0	aW50MzJfdA==	1089	94489280551
68719477000	107374182415	bG9va3Vw	bG9va3Vw	QU5ZJg==	1089	94489280554
68719477001	107374182415	c2VhcmNoRm9y	c2VhcmNoRm9y	TmFwaS5WYWx1ZSY=	1094	111669149721
68719477002	107374182415	c2VhcmNoRm9yTnVtYmVy	c2VhcmNoRm9yTnVtYmVy	aW50NjRfdA==	1095	94489280555
68719477003	107374182415	c2VhcmNoRm9y	c2VhcmNoRm9y	TmFwaS5WYWx1ZSY=	1095	111669149721
68719477004	107374182415	aXQ=	aXQ=	QU5Z	1097	94489280556
68719477005	107374182415	Y3VybENvbnN0YW50c0J5VmFsdWU=	PGdsb2JhbD4gY3VybENvbnN0YW50c0J5VmFsdWU=	c3RkLnVub3JkZXJlZF9tYXA=	1097	94489280582
68719477006	107374182415	c2VhcmNoRm9yTnVtYmVy	c2VhcmNoRm9yTnVtYmVy	aW50NjRfdA==	1097	94489280555
68719477007	107374182415	aXQ=	aXQ=	QU5Z	1098	94489280556
68719477008	107374182415	Y3VybENvbnN0YW50c0J5VmFsdWU=	PGdsb2JhbD4gY3VybENvbnN0YW50c0J5VmFsdWU=	c3RkLnVub3JkZXJlZF9tYXA=	1098	94489280582
68719477009	107374182415	PGl0ZXJhdG9yPjE=	PGl0ZXJhdG9yPjE=	c3RkLml0ZXJhdG9y	1100	94489280581
68719477010	107374182415	aXQ=	aXQ=	QU5Z	1100	94489280556
68719477011	107374182415	PGl0ZXJhdG9yPjE=	PGl0ZXJhdG9yPjE=	c3RkLml0ZXJhdG9y	1100	94489280581
68719477012	107374182415	bG9va3Vw	bG9va3Vw	QU5ZJg==	1100	94489280557
68719477013	107374182415	PGl0ZXJhdG9yPjE=	PGl0ZXJhdG9yPjE=	c3RkLml0ZXJhdG9y	1100	94489280581
68719477014	107374182415	bG9va3Vw	bG9va3Vw	QU5ZJg==	1101	94489280557
68719477015	107374182415	Y3VybENvbnN0YW50cw==	Y3VybENvbnN0YW50cw==	c3RkLnZlY3RvciY=	1101	111669149720
68719477016	107374182415	cmV0	cmV0	aW50MzJfdA==	1102	94489280551
68719477017	107374182415	bG9va3Vw	bG9va3Vw	QU5ZJg==	1102	94489280557
68719477018	107374182415	cmV0	cmV0	aW50MzJfdA==	1109	94489280551
68719477019	107374182415	aGFuZGxlTWVtb3J5TWFw	aGFuZGxlTWVtb3J5TWFw	c3RkLnVub3JkZXJlZF9tYXA=	33	94489280558
68719477020	107374182415	Q1VSTF9IQU5ETEVfVFlQRV9FQVNZ	Q1VSTF9IQU5ETEVfVFlQRV9FQVNZ	QU5Z	33	94489280920
68719477021	107374182415	Q1VSTF9IQU5ETEVfVFlQRV9NVUxUSQ==	Q1VSTF9IQU5ETEVfVFlQRV9NVUxUSQ==	QU5Z	34	94489280919
68719477022	107374182415	Q1VSTF9IQU5ETEVfVFlQRV9TSEFSRQ==	Q1VSTF9IQU5ETEVfVFlQRV9TSEFSRQ==	QU5Z	35	94489280918
68719477023	107374182415	Y3VybENvbnN0YW50c0J5TmFtZQ==	Y3VybENvbnN0YW50c0J5TmFtZQ==	c3RkLnVub3JkZXJlZF9tYXA=	39	94489280559
68719477024	107374182415	PHRtcD4w	PHRtcD4w	c3RkLnVub3JkZXJlZF9tYXA=	39	94489280917
68719477025	107374182415	PHRtcD4w	PHRtcD4w	c3RkLnVub3JkZXJlZF9tYXA=	39	94489280917
68719477026	107374182415	PHRtcD4w	PHRtcD4w	c3RkLnVub3JkZXJlZF9tYXA=	39	94489280917
68719477027	107374182415	Y3VybENvbnN0YW50c0J5VmFsdWU=	Y3VybENvbnN0YW50c0J5VmFsdWU=	c3RkLnVub3JkZXJlZF9tYXA=	40	94489280560
68719477028	107374182415	PHRtcD4x	PHRtcD4x	c3RkLnVub3JkZXJlZF9tYXA=	40	94489280916
68719477029	107374182415	PHRtcD4x	PHRtcD4x	c3RkLnVub3JkZXJlZF9tYXA=	40	94489280916
68719477030	107374182415	PHRtcD4x	PHRtcD4x	c3RkLnVub3JkZXJlZF9tYXA=	40	94489280916
68719477031	107374182415	Y3VybE9wdGlvbkJsb2I=	Y3VybE9wdGlvbkJsb2I=	c3RkLnZlY3Rvcg==	42	94489280561
68719477032	107374182415	Y3VybE9wdGlvbkZ1bmN0aW9u	Y3VybE9wdGlvbkZ1bmN0aW9u	c3RkLnZlY3Rvcg==	61	94489280562
68719477033	107374182415	Q1VSTE9QVF9DSFVOS19CR05fRlVOQ1RJT04=	PHVua25vd24+IENVUkxPUFRfQ0hVTktfQkdOX0ZVTkNUSU9O	QU5Z	62	94489280915
68719477034	107374182415	Q1VSTE9QVF9DSFVOS19FTkRfRlVOQ1RJT04=	PHVua25vd24+IENVUkxPUFRfQ0hVTktfRU5EX0ZVTkNUSU9O	QU5Z	63	94489280914
68719477035	107374182415	Q1VSTE9QVF9GTk1BVENIX0ZVTkNUSU9O	PHVua25vd24+IENVUkxPUFRfRk5NQVRDSF9GVU5DVElPTg==	QU5Z	64	94489280913
68719477036	107374182415	Q1VSTE9QVF9ERUJVR0ZVTkNUSU9O	PHVua25vd24+IENVUkxPUFRfREVCVUdGVU5DVElPTg==	QU5Z	65	94489280912
68719477037	107374182415	Q1VSTE9QVF9IRUFERVJGVU5DVElPTg==	PHVua25vd24+IENVUkxPUFRfSEVBREVSRlVOQ1RJT04=	QU5Z	66	94489280911
68719477038	107374182415	Q1VSTE9QVF9QUk9HUkVTU0ZVTkNUSU9O	PHVua25vd24+IENVUkxPUFRfUFJPR1JFU1NGVU5DVElPTg==	QU5Z	77	94489280910
68719477039	107374182415	Q1VSTE9QVF9SRUFERlVOQ1RJT04=	PHVua25vd24+IENVUkxPUFRfUkVBREZVTkNUSU9O	QU5Z	78	94489280909
68719477040	107374182415	Q1VSTE9QVF9TRUVLRlVOQ1RJT04=	PHVua25vd24+IENVUkxPUFRfU0VFS0ZVTkNUSU9O	QU5Z	79	94489280908
68719477041	107374182415	Q1VSTE9QVF9XUklURUZVTkNUSU9O	PHVua25vd24+IENVUkxPUFRfV1JJVEVGVU5DVElPTg==	QU5Z	89	94489280907
68719477042	107374182415	Y3VybE9wdGlvbkh0dHBQb3N0	Y3VybE9wdGlvbkh0dHBQb3N0	c3RkLnZlY3Rvcg==	92	94489280563
68719477043	107374182415	Q3VybEh0dHBQb3N0	Q3VybEh0dHBQb3N0	Q3VybEh0dHBQb3N0	93	94489280906
68719477044	107374182415	Q3VybEh0dHBQb3N0	Q3VybEh0dHBQb3N0	Q3VybEh0dHBQb3N0	93	94489280906
68719477045	107374182415	Q3VybEh0dHBQb3N0	Q3VybEh0dHBQb3N0	Q3VybEh0dHBQb3N0	94	94489280906
68719477046	107374182415	Q3VybEh0dHBQb3N0	Q3VybEh0dHBQb3N0	Q3VybEh0dHBQb3N0	94	94489280906
68719477047	107374182415	Q3VybEh0dHBQb3N0	Q3VybEh0dHBQb3N0	Q3VybEh0dHBQb3N0	95	94489280906
68719477048	107374182415	Y3VybE9wdGlvbkludGVnZXI=	Y3VybE9wdGlvbkludGVnZXI=	c3RkLnZlY3Rvcg==	98	94489280564
68719477049	107374182415	Q1VSTE9QVF9BQ0NFUFRUSU1FT1VUX01T	PHVua25vd24+IENVUkxPUFRfQUNDRVBUVElNRU9VVF9NUw==	QU5Z	99	94489280905
68719477050	107374182415	Q1VSTE9QVF9BRERSRVNTX1NDT1BF	PHVua25vd24+IENVUkxPUFRfQUREUkVTU19TQ09QRQ==	QU5Z	100	94489280904
68719477051	107374182415	Q1VSTE9QVF9BUFBFTkQ=	PHVua25vd24+IENVUkxPUFRfQVBQRU5E	QU5Z	101	94489280903
68719477052	107374182415	Q1VSTE9QVF9BVVRPUkVGRVJFUg==	PHVua25vd24+IENVUkxPUFRfQVVUT1JFRkVSRVI=	QU5Z	102	94489280902
68719477053	107374182415	Q1VSTE9QVF9CVUZGRVJTSVpF	PHVua25vd24+IENVUkxPUFRfQlVGRkVSU0laRQ==	QU5Z	103	94489280901
68719477054	107374182415	Q1VSTE9QVF9DRVJUSU5GTw==	PHVua25vd24+IENVUkxPUFRfQ0VSVElORk8=	QU5Z	109	94489280900
68719477055	107374182415	Q1VSTE9QVF9DT05ORUNUVElNRU9VVA==	PHVua25vd24+IENVUkxPUFRfQ09OTkVDVFRJTUVPVVQ=	QU5Z	110	94489280899
68719477056	107374182415	Q1VSTE9QVF9DT05ORUNUVElNRU9VVF9NUw==	PHVua25vd24+IENVUkxPUFRfQ09OTkVDVFRJTUVPVVRfTVM=	QU5Z	111	94489280898
68719477057	107374182415	Q1VSTE9QVF9DT05ORUNUX09OTFk=	PHVua25vd24+IENVUkxPUFRfQ09OTkVDVF9PTkxZ	QU5Z	112	94489280897
68719477058	107374182415	Q1VSTE9QVF9DT09LSUVTRVNTSU9O	PHVua25vd24+IENVUkxPUFRfQ09PS0lFU0VTU0lPTg==	QU5Z	113	94489280896
68719477059	107374182415	Q1VSTE9QVF9DUkxG	PHVua25vd24+IENVUkxPUFRfQ1JMRg==	QU5Z	114	94489280895
68719477060	107374182415	Q1VSTE9QVF9ESVJMSVNUT05MWQ==	PHVua25vd24+IENVUkxPUFRfRElSTElTVE9OTFk=	QU5Z	115	94489280894
68719477061	107374182415	Q1VSTE9QVF9ETlNfQ0FDSEVfVElNRU9VVA==	PHVua25vd24+IENVUkxPUFRfRE5TX0NBQ0hFX1RJTUVPVVQ=	QU5Z	121	94489280893
68719477062	107374182415	Q1VSTE9QVF9ETlNfVVNFX0dMT0JBTF9DQUNIRQ==	PHVua25vd24+IENVUkxPUFRfRE5TX1VTRV9HTE9CQUxfQ0FDSEU=	QU5Z	127	94489280892
68719477063	107374182415	Q1VSTE9QVF9GQUlMT05FUlJPUg==	PHVua25vd24+IENVUkxPUFRfRkFJTE9ORVJST1I=	QU5Z	139	94489280891
68719477064	107374182415	Q1VSTE9QVF9GSUxFVElNRQ==	PHVua25vd24+IENVUkxPUFRfRklMRVRJTUU=	QU5Z	140	94489280890
68719477065	107374182415	Q1VSTE9QVF9GT0xMT1dMT0NBVElPTg==	PHVua25vd24+IENVUkxPUFRfRk9MTE9XTE9DQVRJT04=	QU5Z	141	94489280889
68719477066	107374182415	Q1VSTE9QVF9GT1JCSURfUkVVU0U=	PHVua25vd24+IENVUkxPUFRfRk9SQklEX1JFVVNF	QU5Z	142	94489280888
68719477067	107374182415	Q1VSTE9QVF9GUkVTSF9DT05ORUNU	PHVua25vd24+IENVUkxPUFRfRlJFU0hfQ09OTkVDVA==	QU5Z	143	94489280887
68719477068	107374182415	Q1VSTE9QVF9GVFBfQ1JFQVRFX01JU1NJTkdfRElSUw==	PHVua25vd24+IENVUkxPUFRfRlRQX0NSRUFURV9NSVNTSU5HX0RJUlM=	QU5Z	144	94489280886
68719477069	107374182415	Q1VSTE9QVF9GVFBfRklMRU1FVEhPRA==	PHVua25vd24+IENVUkxPUFRfRlRQX0ZJTEVNRVRIT0Q=	QU5Z	145	94489280885
68719477070	107374182415	Q1VSTE9QVF9GVFBfUkVTUE9OU0VfVElNRU9VVA==	PHVua25vd24+IENVUkxPUFRfRlRQX1JFU1BPTlNFX1RJTUVPVVQ=	QU5Z	146	94489280884
68719477071	107374182415	Q1VSTE9QVF9GVFBfU0tJUF9QQVNWX0lQ	PHVua25vd24+IENVUkxPUFRfRlRQX1NLSVBfUEFTVl9JUA==	QU5Z	147	94489280883
68719477072	107374182415	Q1VSTE9QVF9GVFBfVVNFX0VQUlQ=	PHVua25vd24+IENVUkxPUFRfRlRQX1VTRV9FUFJU	QU5Z	148	94489280882
68719477073	107374182415	Q1VSTE9QVF9GVFBfVVNFX0VQU1Y=	PHVua25vd24+IENVUkxPUFRfRlRQX1VTRV9FUFNW	QU5Z	149	94489280881
68719477074	107374182415	Q1VSTE9QVF9GVFBfVVNFX1BSRVQ=	PHVua25vd24+IENVUkxPUFRfRlRQX1VTRV9QUkVU	QU5Z	150	94489280880
68719477075	107374182415	Q1VSTE9QVF9HU1NBUElfREVMRUdBVElPTg==	PHVua25vd24+IENVUkxPUFRfR1NTQVBJX0RFTEVHQVRJT04=	QU5Z	151	94489280879
68719477076	107374182415	Q1VSTE9QVF9IRUFERVI=	PHVua25vd24+IENVUkxPUFRfSEVBREVS	QU5Z	161	94489280878
68719477077	107374182415	Q1VSTE9QVF9IVFRQQVVUSA==	PHVua25vd24+IENVUkxPUFRfSFRUUEFVVEg=	QU5Z	175	94489280877
68719477078	107374182415	Q1VSTE9QVF9IVFRQR0VU	PHVua25vd24+IENVUkxPUFRfSFRUUEdFVA==	QU5Z	176	94489280876
68719477079	107374182415	Q1VSTE9QVF9IVFRQUFJPWFlUVU5ORUw=	PHVua25vd24+IENVUkxPUFRfSFRUUFBST1hZVFVOTkVM	QU5Z	177	94489280875
68719477080	107374182415	Q1VSTE9QVF9IVFRQX0NPTlRFTlRfREVDT0RJTkc=	PHVua25vd24+IENVUkxPUFRfSFRUUF9DT05URU5UX0RFQ09ESU5H	QU5Z	178	94489280874
68719477081	107374182415	Q1VSTE9QVF9IVFRQX1RSQU5TRkVSX0RFQ09ESU5H	PHVua25vd24+IENVUkxPUFRfSFRUUF9UUkFOU0ZFUl9ERUNPRElORw==	QU5Z	179	94489280873
68719477082	107374182415	Q1VSTE9QVF9IVFRQX1ZFUlNJT04=	PHVua25vd24+IENVUkxPUFRfSFRUUF9WRVJTSU9O	QU5Z	180	94489280872
68719477083	107374182415	Q1VSTE9QVF9JR05PUkVfQ09OVEVOVF9MRU5HVEg=	PHVua25vd24+IENVUkxPUFRfSUdOT1JFX0NPTlRFTlRfTEVOR1RI	QU5Z	181	94489280871
68719477084	107374182415	Q1VSTE9QVF9JTkZJTEVTSVpF	PHVua25vd24+IENVUkxPUFRfSU5GSUxFU0laRQ==	QU5Z	182	94489280870
68719477085	107374182415	Q1VSTE9QVF9JUFJFU09MVkU=	PHVua25vd24+IENVUkxPUFRfSVBSRVNPTFZF	QU5Z	183	94489280869
68719477086	107374182415	Q1VSTE9QVF9MT0NBTFBPUlQ=	PHVua25vd24+IENVUkxPUFRfTE9DQUxQT1JU	QU5Z	189	94489280868
68719477087	107374182415	Q1VSTE9QVF9MT0NBTFBPUlRSQU5HRQ==	PHVua25vd24+IENVUkxPUFRfTE9DQUxQT1JUUkFOR0U=	QU5Z	190	94489280867
68719477088	107374182415	Q1VSTE9QVF9MT1dfU1BFRURfTElNSVQ=	PHVua25vd24+IENVUkxPUFRfTE9XX1NQRUVEX0xJTUlU	QU5Z	191	94489280866
68719477089	107374182415	Q1VSTE9QVF9MT1dfU1BFRURfVElNRQ==	PHVua25vd24+IENVUkxPUFRfTE9XX1NQRUVEX1RJTUU=	QU5Z	192	94489280865
68719477090	107374182415	Q1VSTE9QVF9NQVhDT05ORUNUUw==	PHVua25vd24+IENVUkxPUFRfTUFYQ09OTkVDVFM=	QU5Z	205	94489280864
68719477091	107374182415	Q1VSTE9QVF9NQVhGSUxFU0laRQ==	PHVua25vd24+IENVUkxPUFRfTUFYRklMRVNJWkU=	QU5Z	206	94489280863
68719477092	107374182415	Q1VSTE9QVF9NQVhSRURJUlM=	PHVua25vd24+IENVUkxPUFRfTUFYUkVESVJT	QU5Z	212	94489280862
68719477093	107374182415	Q1VSTE9QVF9ORVRSQw==	PHVua25vd24+IENVUkxPUFRfTkVUUkM=	QU5Z	213	94489280861
68719477094	107374182415	Q1VSTE9QVF9ORVdfRElSRUNUT1JZX1BFUk1T	PHVua25vd24+IENVUkxPUFRfTkVXX0RJUkVDVE9SWV9QRVJNUw==	QU5Z	214	94489280860
68719477095	107374182415	Q1VSTE9QVF9ORVdfRklMRV9QRVJNUw==	PHVua25vd24+IENVUkxPUFRfTkVXX0ZJTEVfUEVSTVM=	QU5Z	215	94489280859
68719477096	107374182415	Q1VSTE9QVF9OT0JPRFk=	PHVua25vd24+IENVUkxPUFRfTk9CT0RZ	QU5Z	216	94489280858
68719477097	107374182415	Q1VSTE9QVF9OT1BST0dSRVNT	PHVua25vd24+IENVUkxPUFRfTk9QUk9HUkVTUw==	QU5Z	217	94489280857
68719477098	107374182415	Q1VSTE9QVF9OT1NJR05BTA==	PHVua25vd24+IENVUkxPUFRfTk9TSUdOQUw=	QU5Z	218	94489280856
68719477099	107374182415	Q1VSTE9QVF9QT1JU	PHVua25vd24+IENVUkxPUFRfUE9SVA==	QU5Z	228	94489280855
68719477100	107374182415	Q1VSTE9QVF9QT1NU	PHVua25vd24+IENVUkxPUFRfUE9TVA==	QU5Z	229	94489280854
68719477101	107374182415	Q1VSTE9QVF9QT1NURklFTERTSVpF	PHVua25vd24+IENVUkxPUFRfUE9TVEZJRUxEU0laRQ==	QU5Z	230	94489280853
68719477102	107374182415	Q1VSTE9QVF9QT1NUUkVESVI=	PHVua25vd24+IENVUkxPUFRfUE9TVFJFRElS	QU5Z	231	94489280852
68719477103	107374182415	Q1VSTE9QVF9QUk9UT0NPTFM=	PHVua25vd24+IENVUkxPUFRfUFJPVE9DT0xT	QU5Z	232	94489280851
68719477104	107374182415	Q1VSTE9QVF9QUk9YWV9UUkFOU0ZFUl9NT0RF	PHVua25vd24+IENVUkxPUFRfUFJPWFlfVFJBTlNGRVJfTU9ERQ==	QU5Z	233	94489280850
68719477105	107374182415	Q1VSTE9QVF9QUk9YWUFVVEg=	PHVua25vd24+IENVUkxPUFRfUFJPWFlBVVRI	QU5Z	234	94489280849
68719477106	107374182415	Q1VSTE9QVF9QUk9YWVBPUlQ=	PHVua25vd24+IENVUkxPUFRfUFJPWFlQT1JU	QU5Z	235	94489280848
68719477107	107374182415	Q1VSTE9QVF9QUk9YWVRZUEU=	PHVua25vd24+IENVUkxPUFRfUFJPWFlUWVBF	QU5Z	244	94489280847
68719477108	107374182415	Q1VSTE9QVF9QVVQ=	PHVua25vd24+IENVUkxPUFRfUFVU	QU5Z	245	94489280846
68719477109	107374182415	Q1VSTE9QVF9SRUFEREFUQQ==	PHVua25vd24+IENVUkxPUFRfUkVBRERBVEE=	QU5Z	246	94489280845
68719477110	107374182415	Q1VSTE9QVF9SRURJUl9QUk9UT0NPTFM=	PHVua25vd24+IENVUkxPUFRfUkVESVJfUFJPVE9DT0xT	QU5Z	247	94489280844
68719477111	107374182415	Q1VSTE9QVF9SRVNVTUVfRlJPTQ==	PHVua25vd24+IENVUkxPUFRfUkVTVU1FX0ZST00=	QU5Z	248	94489280843
68719477112	107374182415	Q1VSTE9QVF9SVFNQX0NMSUVOVF9DU0VR	PHVua25vd24+IENVUkxPUFRfUlRTUF9DTElFTlRfQ1NFUQ==	QU5Z	249	94489280842
68719477113	107374182415	Q1VSTE9QVF9SVFNQX1JFUVVFU1Q=	PHVua25vd24+IENVUkxPUFRfUlRTUF9SRVFVRVNU	QU5Z	250	94489280841
68719477114	107374182415	Q1VSTE9QVF9SVFNQX1NFUlZFUl9DU0VR	PHVua25vd24+IENVUkxPUFRfUlRTUF9TRVJWRVJfQ1NFUQ==	QU5Z	251	94489280840
68719477115	107374182415	Q1VSTE9QVF9TQVNMX0lS	PHVua25vd24+IENVUkxPUFRfU0FTTF9JUg==	QU5Z	252	94489280839
68719477116	107374182415	Q1VSTE9QVF9TRVJWRVJfUkVTUE9OU0VfVElNRU9VVA==	PHVua25vd24+IENVUkxPUFRfU0VSVkVSX1JFU1BPTlNFX1RJTUVPVVQ=	QU5Z	254	94489280838
68719477117	107374182415	Q1VSTE9QVF9TT0NLUzVfR1NTQVBJX05FQw==	PHVua25vd24+IENVUkxPUFRfU09DS1M1X0dTU0FQSV9ORUM=	QU5Z	264	94489280837
68719477118	107374182415	Q1VSTE9QVF9TU0hfQVVUSF9UWVBFUw==	PHVua25vd24+IENVUkxPUFRfU1NIX0FVVEhfVFlQRVM=	QU5Z	265	94489280836
68719477119	107374182415	Q1VSTE9QVF9TU0xfT1BUSU9OUw==	PHVua25vd24+IENVUkxPUFRfU1NMX09QVElPTlM=	QU5Z	271	94489280835
68719477120	107374182415	Q1VSTE9QVF9TU0xFTkdJTkVfREVGQVVMVA==	PHVua25vd24+IENVUkxPUFRfU1NMRU5HSU5FX0RFRkFVTFQ=	QU5Z	272	94489280834
68719477121	107374182415	Q1VSTE9QVF9TU0xfU0VTU0lPTklEX0NBQ0hF	PHVua25vd24+IENVUkxPUFRfU1NMX1NFU1NJT05JRF9DQUNIRQ==	QU5Z	279	94489280833
68719477122	107374182415	Q1VSTE9QVF9TU0xfVkVSSUZZSE9TVA==	PHVua25vd24+IENVUkxPUFRfU1NMX1ZFUklGWUhPU1Q=	QU5Z	280	94489280832
68719477123	107374182415	Q1VSTE9QVF9TU0xfVkVSSUZZUEVFUg==	PHVua25vd24+IENVUkxPUFRfU1NMX1ZFUklGWVBFRVI=	QU5Z	281	94489280831
68719477124	107374182415	Q1VSTE9QVF9TU0xWRVJTSU9O	PHVua25vd24+IENVUkxPUFRfU1NMVkVSU0lPTg==	QU5Z	287	94489280830
68719477125	107374182415	Q1VSTE9QVF9UQ1BfS0VFUEFMSVZF	PHVua25vd24+IENVUkxPUFRfVENQX0tFRVBBTElWRQ==	QU5Z	297	94489280829
68719477126	107374182415	Q1VSTE9QVF9UQ1BfS0VFUElETEU=	PHVua25vd24+IENVUkxPUFRfVENQX0tFRVBJRExF	QU5Z	303	94489280828
68719477127	107374182415	Q1VSTE9QVF9UQ1BfS0VFUElOVFZM	PHVua25vd24+IENVUkxPUFRfVENQX0tFRVBJTlRWTA==	QU5Z	304	94489280827
68719477128	107374182415	Q1VSTE9QVF9UQ1BfTk9ERUxBWQ==	PHVua25vd24+IENVUkxPUFRfVENQX05PREVMQVk=	QU5Z	305	94489280826
68719477129	107374182415	Q1VSTE9QVF9URlRQX0JMS1NJWkU=	PHVua25vd24+IENVUkxPUFRfVEZUUF9CTEtTSVpF	QU5Z	306	94489280825
68719477130	107374182415	Q1VSTE9QVF9USU1FQ09ORElUSU9O	PHVua25vd24+IENVUkxPUFRfVElNRUNPTkRJVElPTg==	QU5Z	307	94489280824
68719477131	107374182415	Q1VSTE9QVF9USU1FT1VU	PHVua25vd24+IENVUkxPUFRfVElNRU9VVA==	QU5Z	308	94489280823
68719477132	107374182415	Q1VSTE9QVF9USU1FT1VUX01T	PHVua25vd24+IENVUkxPUFRfVElNRU9VVF9NUw==	QU5Z	309	94489280822
68719477133	107374182415	Q1VSTE9QVF9USU1FVkFMVUU=	PHVua25vd24+IENVUkxPUFRfVElNRVZBTFVF	QU5Z	310	94489280821
68719477134	107374182415	Q1VSTE9QVF9UUkFOU0ZFUlRFWFQ=	PHVua25vd24+IENVUkxPUFRfVFJBTlNGRVJURVhU	QU5Z	311	94489280820
68719477135	107374182415	Q1VSTE9QVF9UUkFOU0ZFUl9FTkNPRElORw==	PHVua25vd24+IENVUkxPUFRfVFJBTlNGRVJfRU5DT0RJTkc=	QU5Z	312	94489280819
68719477136	107374182415	Q1VSTE9QVF9VTlJFU1RSSUNURURfQVVUSA==	PHVua25vd24+IENVUkxPUFRfVU5SRVNUUklDVEVEX0FVVEg=	QU5Z	313	94489280818
68719477137	107374182415	Q1VSTE9QVF9VUExPQUQ=	PHVua25vd24+IENVUkxPUFRfVVBMT0FE	QU5Z	314	94489280817
68719477138	107374182415	Q1VSTE9QVF9VU0VfU1NM	PHVua25vd24+IENVUkxPUFRfVVNFX1NTTA==	QU5Z	324	94489280816
68719477139	107374182415	Q1VSTE9QVF9WRVJCT1NF	PHVua25vd24+IENVUkxPUFRfVkVSQk9TRQ==	QU5Z	325	94489280815
68719477140	107374182415	Q1VSTE9QVF9XSUxEQ0FSRE1BVENI	PHVua25vd24+IENVUkxPUFRfV0lMRENBUkRNQVRDSA==	QU5Z	326	94489280814
68719477141	107374182415	Q1VSTE9QVF9JTkZJTEVTSVpFX0xBUkdF	PHVua25vd24+IENVUkxPUFRfSU5GSUxFU0laRV9MQVJHRQ==	QU5Z	329	94489280813
68719477142	107374182415	Q1VSTE9QVF9NQVhGSUxFU0laRV9MQVJHRQ==	PHVua25vd24+IENVUkxPUFRfTUFYRklMRVNJWkVfTEFSR0U=	QU5Z	330	94489280812
68719477143	107374182415	Q1VSTE9QVF9NQVhfUkVDVl9TUEVFRF9MQVJHRQ==	PHVua25vd24+IENVUkxPUFRfTUFYX1JFQ1ZfU1BFRURfTEFSR0U=	QU5Z	331	94489280811
68719477144	107374182415	Q1VSTE9QVF9NQVhfU0VORF9TUEVFRF9MQVJHRQ==	PHVua25vd24+IENVUkxPUFRfTUFYX1NFTkRfU1BFRURfTEFSR0U=	QU5Z	332	94489280810
68719477145	107374182415	Q1VSTE9QVF9QT1NURklFTERTSVpFX0xBUkdF	PHVua25vd24+IENVUkxPUFRfUE9TVEZJRUxEU0laRV9MQVJHRQ==	QU5Z	333	94489280809
68719477146	107374182415	Q1VSTE9QVF9SRVNVTUVfRlJPTV9MQVJHRQ==	PHVua25vd24+IENVUkxPUFRfUkVTVU1FX0ZST01fTEFSR0U=	QU5Z	334	94489280808
68719477147	107374182415	Y3VybE9wdGlvbkxpbmtlZExpc3Q=	Y3VybE9wdGlvbkxpbmtlZExpc3Q=	c3RkLnZlY3Rvcg==	340	94489280565
68719477148	107374182415	Q1VSTE9QVF9IVFRQMjAwQUxJQVNFUw==	PHVua25vd24+IENVUkxPUFRfSFRUUDIwMEFMSUFTRVM=	QU5Z	345	94489280760
68719477149	107374182415	Q1VSTE9QVF9IVFRQSEVBREVS	PHVua25vd24+IENVUkxPUFRfSFRUUEhFQURFUg==	QU5Z	346	94489280807
68719477150	107374182415	Q1VSTE9QVF9IVFRQUE9TVA==	PHVua25vd24+IENVUkxPUFRfSFRUUFBPU1Q=	QU5Z	347	94489280806
68719477151	107374182415	Q1VSTE9QVF9NQUlMX1JDUFQ=	PHVua25vd24+IENVUkxPUFRfTUFJTF9SQ1BU	QU5Z	351	94489280805
68719477152	107374182415	Q1VSTE9QVF9QT1NUUVVPVEU=	PHVua25vd24+IENVUkxPUFRfUE9TVFFVT1RF	QU5Z	357	94489280749
68719477153	107374182415	Q1VSTE9QVF9QUkVRVU9URQ==	PHVua25vd24+IENVUkxPUFRfUFJFUVVPVEU=	QU5Z	358	94489280748
68719477154	107374182415	Q1VSTE9QVF9RVU9URQ==	PHVua25vd24+IENVUkxPUFRfUVVPVEU=	QU5Z	359	94489280743
68719477155	107374182415	Q1VSTE9QVF9SRVNPTFZF	PHVua25vd24+IENVUkxPUFRfUkVTT0xWRQ==	QU5Z	360	94489280804
68719477156	107374182415	Q1VSTE9QVF9SVFNQSEVBREVS	PHVua25vd24+IENVUkxPUFRfUlRTUEhFQURFUg==	QU5Z	361	94489280803
68719477157	107374182415	Q1VSTE9QVF9URUxORVRPUFRJT05T	PHVua25vd24+IENVUkxPUFRfVEVMTkVUT1BUSU9OUw==	QU5Z	362	94489280725
68719477158	107374182415	Y3VybE9wdGlvbk5vdEltcGxlbWVudGVk	Y3VybE9wdGlvbk5vdEltcGxlbWVudGVk	c3RkLnZlY3Rvcg==	366	94489280566
68719477159	107374182415	Q1VSTE9QVF9URUxORVRPUFRJT05T	PHVua25vd24+IENVUkxPUFRfVEVMTkVUT1BUSU9OUw==	QU5Z	368	94489280725
68719477160	107374182415	Q1VSTE9QVF9PUEVOU09DS0VURlVOQ1RJT04=	PHVua25vd24+IENVUkxPUFRfT1BFTlNPQ0tFVEZVTkNUSU9O	QU5Z	369	94489280802
68719477161	107374182415	Q1VSTE9QVF9DTE9TRVNPQ0tFVEZVTkNUSU9O	PHVua25vd24+IENVUkxPUFRfQ0xPU0VTT0NLRVRGVU5DVElPTg==	QU5Z	370	94489280801
68719477162	107374182415	Q1VSTE9QVF9TT0NLT1BURlVOQ1RJT04=	PHVua25vd24+IENVUkxPUFRfU09DS09QVEZVTkNUSU9O	QU5Z	371	94489280800
68719477163	107374182415	Q1VSTE9QVF9DT05WX0ZST01fVVRGOF9GVU5DVElPTg==	PHVua25vd24+IENVUkxPUFRfQ09OVl9GUk9NX1VURjhfRlVOQ1RJT04=	QU5Z	378	94489280799
68719477164	107374182415	Q1VSTE9QVF9DT05WX1RPX05FVFdPUktfRlVOQ1RJT04=	PHVua25vd24+IENVUkxPUFRfQ09OVl9UT19ORVRXT1JLX0ZVTkNUSU9O	QU5Z	379	94489280798
68719477165	107374182415	Q1VSTE9QVF9DT05WX0ZST01fTkVUV09SS19GVU5DVElPTg==	PHVua25vd24+IENVUkxPUFRfQ09OVl9GUk9NX05FVFdPUktfRlVOQ1RJT04=	QU5Z	380	94489280797
68719477166	107374182415	Q1VSTE9QVF9XUklURURBVEE=	PHVua25vd24+IENVUkxPUFRfV1JJVEVEQVRB	QU5Z	383	94489280796
68719477167	107374182415	Q1VSTE9QVF9IRUFERVJEQVRB	PHVua25vd24+IENVUkxPUFRfSEVBREVSREFUQQ==	QU5Z	384	94489280795
68719477168	107374182415	Q1VSTE9QVF9QUklWQVRF	PHVua25vd24+IENVUkxPUFRfUFJJVkFURQ==	QU5Z	392	94489280794
68719477169	107374182415	Q1VSTE9QVF9QUk9HUkVTU0RBVEE=	PHVua25vd24+IENVUkxPUFRfUFJPR1JFU1NEQVRB	QU5Z	393	94489280793
68719477170	107374182415	Q1VSTE9QVF9DSFVOS19EQVRB	PHVua25vd24+IENVUkxPUFRfQ0hVTktfREFUQQ==	QU5Z	399	94489280792
68719477171	107374182415	Q1VSTE9QVF9DTE9TRVNPQ0tFVERBVEE=	PHVua25vd24+IENVUkxPUFRfQ0xPU0VTT0NLRVREQVRB	QU5Z	400	94489280791
68719477172	107374182415	Q1VSTE9QVF9DT1BZUE9TVEZJRUxEUw==	PHVua25vd24+IENVUkxPUFRfQ09QWVBPU1RGSUVMRFM=	QU5Z	401	94489280790
68719477173	107374182415	Q1VSTE9QVF9ERUJVR0RBVEE=	PHVua25vd24+IENVUkxPUFRfREVCVUdEQVRB	QU5Z	402	94489280789
68719477174	107374182415	Q1VSTE9QVF9FUlJPUkJVRkZFUg==	PHVua25vd24+IENVUkxPUFRfRVJST1JCVUZGRVI=	QU5Z	403	94489280788
68719477175	107374182415	Q1VSTE9QVF9GTk1BVENIX0RBVEE=	PHVua25vd24+IENVUkxPUFRfRk5NQVRDSF9EQVRB	QU5Z	404	94489280787
68719477176	107374182415	Q1VSTE9QVF9JTlRFUkxFQVZFREFUQQ==	PHVua25vd24+IENVUkxPUFRfSU5URVJMRUFWRURBVEE=	QU5Z	405	94489280786
68719477177	107374182415	Q1VSTE9QVF9JT0NUTERBVEE=	PHVua25vd24+IENVUkxPUFRfSU9DVExEQVRB	QU5Z	406	94489280785
68719477178	107374182415	Q1VSTE9QVF9PUEVOU09DS0VUREFUQQ==	PHVua25vd24+IENVUkxPUFRfT1BFTlNPQ0tFVERBVEE=	QU5Z	410	94489280784
68719477179	107374182415	Q1VSTE9QVF9TRUVLREFUQQ==	PHVua25vd24+IENVUkxPUFRfU0VFS0RBVEE=	QU5Z	411	94489280783
68719477180	107374182415	Q1VSTE9QVF9TT0NLT1BUREFUQQ==	PHVua25vd24+IENVUkxPUFRfU09DS09QVERBVEE=	QU5Z	412	94489280782
68719477181	107374182415	Q1VSTE9QVF9TU0hfS0VZREFUQQ==	PHVua25vd24+IENVUkxPUFRfU1NIX0tFWURBVEE=	QU5Z	413	94489280781
68719477182	107374182415	Q1VSTE9QVF9TU0xfQ1RYX0RBVEE=	PHVua25vd24+IENVUkxPUFRfU1NMX0NUWF9EQVRB	QU5Z	414	94489280780
68719477183	107374182415	Q1VSTE9QVF9JTlRFUkxFQVZFRlVOQ1RJT04=	PHVua25vd24+IENVUkxPUFRfSU5URVJMRUFWRUZVTkNUSU9O	QU5Z	421	94489280779
68719477184	107374182415	Q1VSTE9QVF9TU0hfS0VZRlVOQ1RJT04=	PHVua25vd24+IENVUkxPUFRfU1NIX0tFWUZVTkNUSU9O	QU5Z	422	94489280778
68719477185	107374182415	Q1VSTE9QVF9TVERFUlI=	PHVua25vd24+IENVUkxPUFRfU1RERVJS	QU5Z	423	94489280777
68719477186	107374182415	Y3VybE9wdGlvblNwZWNpZmlj	Y3VybE9wdGlvblNwZWNpZmlj	c3RkLnZlY3Rvcg==	432	94489280567
68719477187	107374182415	Q1VSTE9QVF9TSEFSRQ==	PHVua25vd24+IENVUkxPUFRfU0hBUkU=	QU5Z	433	94489280776
68719477188	107374182415	Y3VybE9wdGlvblN0cmluZw==	Y3VybE9wdGlvblN0cmluZw==	c3RkLnZlY3Rvcg==	436	94489280568
68719477189	107374182415	Q1VSTE9QVF9BQ0NFUFRfRU5DT0RJTkc=	PHVua25vd24+IENVUkxPUFRfQUNDRVBUX0VOQ09ESU5H	QU5Z	437	94489280775
68719477190	107374182415	Q1VSTE9QVF9DQUlORk8=	PHVua25vd24+IENVUkxPUFRfQ0FJTkZP	QU5Z	443	94489280774
68719477191	107374182415	Q1VSTE9QVF9DQVBBVEg=	PHVua25vd24+IENVUkxPUFRfQ0FQQVRI	QU5Z	444	94489280773
68719477192	107374182415	Q1VSTE9QVF9DT09LSUU=	PHVua25vd24+IENVUkxPUFRfQ09PS0lF	QU5Z	445	94489280772
68719477193	107374182415	Q1VSTE9QVF9DT09LSUVGSUxF	PHVua25vd24+IENVUkxPUFRfQ09PS0lFRklMRQ==	QU5Z	446	94489280771
68719477194	107374182415	Q1VSTE9QVF9DT09LSUVKQVI=	PHVua25vd24+IENVUkxPUFRfQ09PS0lFSkFS	QU5Z	447	94489280770
68719477195	107374182415	Q1VSTE9QVF9DT09LSUVMSVNU	PHVua25vd24+IENVUkxPUFRfQ09PS0lFTElTVA==	QU5Z	448	94489280769
68719477196	107374182415	Q1VSTE9QVF9DUkxGSUxF	PHVua25vd24+IENVUkxPUFRfQ1JMRklMRQ==	QU5Z	449	94489280768
68719477197	107374182415	Q1VSTE9QVF9DVVNUT01SRVFVRVNU	PHVua25vd24+IENVUkxPUFRfQ1VTVE9NUkVRVUVTVA==	QU5Z	450	94489280767
68719477198	107374182415	Q1VSTE9QVF9ETlNfU0VSVkVSUw==	PHVua25vd24+IENVUkxPUFRfRE5TX1NFUlZFUlM=	QU5Z	462	94489280766
68719477199	107374182415	Q1VSTE9QVF9FR0RTT0NLRVQ=	PHVua25vd24+IENVUkxPUFRfRUdEU09DS0VU	QU5Z	472	94489280765
68719477200	107374182415	Q1VSTE9QVF9FTkNPRElORw==	PHVua25vd24+IENVUkxPUFRfRU5DT0RJTkc=	QU5Z	473	94489280764
68719477201	107374182415	Q1VSTE9QVF9GVFBQT1JU	PHVua25vd24+IENVUkxPUFRfRlRQUE9SVA==	QU5Z	474	94489280763
68719477202	107374182415	Q1VSTE9QVF9GVFBfQUNDT1VOVA==	PHVua25vd24+IENVUkxPUFRfRlRQX0FDQ09VTlQ=	QU5Z	475	94489280762
68719477203	107374182415	Q1VSTE9QVF9GVFBfQUxURVJOQVRJVkVfVE9fVVNFUg==	PHVua25vd24+IENVUkxPUFRfRlRQX0FMVEVSTkFUSVZFX1RPX1VTRVI=	QU5Z	476	94489280761
68719477204	107374182415	Q1VSTE9QVF9IVFRQMjAwQUxJQVNFUw==	PHVua25vd24+IENVUkxPUFRfSFRUUDIwMEFMSUFTRVM=	QU5Z	482	94489280760
68719477205	107374182415	Q1VSTE9QVF9JTlRFUkZBQ0U=	PHVua25vd24+IENVUkxPUFRfSU5URVJGQUNF	QU5Z	488	94489280759
68719477206	107374182415	Q1VSTE9QVF9JU1NVRVJDRVJU	PHVua25vd24+IENVUkxPUFRfSVNTVUVSQ0VSVA==	QU5Z	489	94489280758
68719477207	107374182415	Q1VSTE9QVF9LRVlQQVNTV0Q=	PHVua25vd24+IENVUkxPUFRfS0VZUEFTU1dE	QU5Z	490	94489280757
68719477208	107374182415	Q1VSTE9QVF9LUkJMRVZFTA==	PHVua25vd24+IENVUkxPUFRfS1JCTEVWRUw=	QU5Z	491	94489280756
68719477209	107374182415	Q1VSTE9QVF9NQUlMX0FVVEg=	PHVua25vd24+IENVUkxPUFRfTUFJTF9BVVRI	QU5Z	497	94489280755
68719477210	107374182415	Q1VSTE9QVF9NQUlMX0ZST00=	PHVua25vd24+IENVUkxPUFRfTUFJTF9GUk9N	QU5Z	498	94489280754
68719477211	107374182415	Q1VSTE9QVF9ORVRSQ19GSUxF	PHVua25vd24+IENVUkxPUFRfTkVUUkNfRklMRQ==	QU5Z	499	94489280753
68719477212	107374182415	Q1VSTE9QVF9OT1BST1hZ	PHVua25vd24+IENVUkxPUFRfTk9QUk9YWQ==	QU5Z	500	94489280752
68719477213	107374182415	Q1VSTE9QVF9QQVNTV09SRA==	PHVua25vd24+IENVUkxPUFRfUEFTU1dPUkQ=	QU5Z	501	94489280751
68719477214	107374182415	Q1VSTE9QVF9QT1NURklFTERT	PHVua25vd24+IENVUkxPUFRfUE9TVEZJRUxEUw==	QU5Z	507	94489280750
68719477215	107374182415	Q1VSTE9QVF9QT1NUUVVPVEU=	PHVua25vd24+IENVUkxPUFRfUE9TVFFVT1RF	QU5Z	508	94489280749
68719477216	107374182415	Q1VSTE9QVF9QUkVRVU9URQ==	PHVua25vd24+IENVUkxPUFRfUFJFUVVPVEU=	QU5Z	509	94489280748
68719477217	107374182415	Q1VSTE9QVF9QUk9YWQ==	PHVua25vd24+IENVUkxPUFRfUFJPWFk=	QU5Z	519	94489280747
68719477218	107374182415	Q1VSTE9QVF9QUk9YWVBBU1NXT1JE	PHVua25vd24+IENVUkxPUFRfUFJPWFlQQVNTV09SRA==	QU5Z	548	94489280746
68719477219	107374182415	Q1VSTE9QVF9QUk9YWVVTRVJOQU1F	PHVua25vd24+IENVUkxPUFRfUFJPWFlVU0VSTkFNRQ==	QU5Z	549	94489280745
68719477220	107374182415	Q1VSTE9QVF9QUk9YWVVTRVJQV0Q=	PHVua25vd24+IENVUkxPUFRfUFJPWFlVU0VSUFdE	QU5Z	550	94489280744
68719477221	107374182415	Q1VSTE9QVF9RVU9URQ==	PHVua25vd24+IENVUkxPUFRfUVVPVEU=	QU5Z	552	94489280743
68719477222	107374182415	Q1VSTE9QVF9SQU5ET01fRklMRQ==	PHVua25vd24+IENVUkxPUFRfUkFORE9NX0ZJTEU=	QU5Z	553	94489280742
68719477223	107374182415	Q1VSTE9QVF9SQU5HRQ==	PHVua25vd24+IENVUkxPUFRfUkFOR0U=	QU5Z	554	94489280741
68719477224	107374182415	Q1VSTE9QVF9SRUZFUkVS	PHVua25vd24+IENVUkxPUFRfUkVGRVJFUg==	QU5Z	560	94489280740
68719477225	107374182415	Q1VSTE9QVF9SVFNQX1NFU1NJT05fSUQ=	PHVua25vd24+IENVUkxPUFRfUlRTUF9TRVNTSU9OX0lE	QU5Z	566	94489280739
68719477226	107374182415	Q1VSTE9QVF9SVFNQX1NUUkVBTV9VUkk=	PHVua25vd24+IENVUkxPUFRfUlRTUF9TVFJFQU1fVVJJ	QU5Z	567	94489280738
68719477227	107374182415	Q1VSTE9QVF9SVFNQX1RSQU5TUE9SVA==	PHVua25vd24+IENVUkxPUFRfUlRTUF9UUkFOU1BPUlQ=	QU5Z	568	94489280737
68719477228	107374182415	Q1VSTE9QVF9TT0NLUzVfR1NTQVBJX1NFUlZJQ0U=	PHVua25vd24+IENVUkxPUFRfU09DS1M1X0dTU0FQSV9TRVJWSUNF	QU5Z	578	94489280736
68719477229	107374182415	Q1VSTE9QVF9TU0hfSE9TVF9QVUJMSUNfS0VZX01ENQ==	PHVua25vd24+IENVUkxPUFRfU1NIX0hPU1RfUFVCTElDX0tFWV9NRDU=	QU5Z	579	94489280735
68719477230	107374182415	Q1VSTE9QVF9TU0hfS05PV05IT1NUUw==	PHVua25vd24+IENVUkxPUFRfU1NIX0tOT1dOSE9TVFM=	QU5Z	580	94489280734
68719477231	107374182415	Q1VSTE9QVF9TU0hfUFJJVkFURV9LRVlGSUxF	PHVua25vd24+IENVUkxPUFRfU1NIX1BSSVZBVEVfS0VZRklMRQ==	QU5Z	581	94489280733
68719477232	107374182415	Q1VSTE9QVF9TU0hfUFVCTElDX0tFWUZJTEU=	PHVua25vd24+IENVUkxPUFRfU1NIX1BVQkxJQ19LRVlGSUxF	QU5Z	582	94489280732
68719477233	107374182415	Q1VSTE9QVF9TU0xDRVJU	PHVua25vd24+IENVUkxPUFRfU1NMQ0VSVA==	QU5Z	583	94489280731
68719477234	107374182415	Q1VSTE9QVF9TU0xDRVJUVFlQRQ==	PHVua25vd24+IENVUkxPUFRfU1NMQ0VSVFRZUEU=	QU5Z	584	94489280730
68719477235	107374182415	Q1VSTE9QVF9TU0xFTkdJTkU=	PHVua25vd24+IENVUkxPUFRfU1NMRU5HSU5F	QU5Z	585	94489280729
68719477236	107374182415	Q1VSTE9QVF9TU0xLRVk=	PHVua25vd24+IENVUkxPUFRfU1NMS0VZ	QU5Z	586	94489280728
68719477237	107374182415	Q1VSTE9QVF9TU0xLRVlUWVBF	PHVua25vd24+IENVUkxPUFRfU1NMS0VZVFlQRQ==	QU5Z	587	94489280727
68719477238	107374182415	Q1VSTE9QVF9TU0xfQ0lQSEVSX0xJU1Q=	PHVua25vd24+IENVUkxPUFRfU1NMX0NJUEhFUl9MSVNU	QU5Z	588	94489280726
68719477239	107374182415	Q1VSTE9QVF9URUxORVRPUFRJT05T	PHVua25vd24+IENVUkxPUFRfVEVMTkVUT1BUSU9OUw==	QU5Z	597	94489280725
68719477240	107374182415	Q1VSTE9QVF9UTFNBVVRIX1BBU1NXT1JE	PHVua25vd24+IENVUkxPUFRfVExTQVVUSF9QQVNTV09SRA==	QU5Z	603	94489280724
68719477241	107374182415	Q1VSTE9QVF9UTFNBVVRIX1RZUEU=	PHVua25vd24+IENVUkxPUFRfVExTQVVUSF9UWVBF	QU5Z	604	94489280723
68719477242	107374182415	Q1VSTE9QVF9UTFNBVVRIX1VTRVJOQU1F	PHVua25vd24+IENVUkxPUFRfVExTQVVUSF9VU0VSTkFNRQ==	QU5Z	605	94489280722
68719477243	107374182415	Q1VSTE9QVF9VUkw=	PHVua25vd24+IENVUkxPUFRfVVJM	QU5Z	611	94489280721
68719477244	107374182415	Q1VSTE9QVF9VU0VSQUdFTlQ=	PHVua25vd24+IENVUkxPUFRfVVNFUkFHRU5U	QU5Z	612	94489280720
68719477245	107374182415	Q1VSTE9QVF9VU0VSTkFNRQ==	PHVua25vd24+IENVUkxPUFRfVVNFUk5BTUU=	QU5Z	613	94489280719
68719477246	107374182415	Q1VSTE9QVF9VU0VSUFdE	PHVua25vd24+IENVUkxPUFRfVVNFUlBXRA==	QU5Z	614	94489280718
68719477247	107374182415	Y3VybE11bHRpT3B0aW9uRnVuY3Rpb24=	Y3VybE11bHRpT3B0aW9uRnVuY3Rpb24=	c3RkLnZlY3Rvcg==	621	94489280569
68719477248	107374182415	Y3VybE11bHRpT3B0aW9uSW50ZWdlcg==	Y3VybE11bHRpT3B0aW9uSW50ZWdlcg==	c3RkLnZlY3Rvcg==	627	94489280570
68719477249	107374182415	Q1VSTE1PUFRfQ0hVTktfTEVOR1RIX1BFTkFMVFlfU0laRQ==	PHVua25vd24+IENVUkxNT1BUX0NIVU5LX0xFTkdUSF9QRU5BTFRZX1NJWkU=	QU5Z	628	94489280717
68719477250	107374182415	Q1VSTE1PUFRfQ09OVEVOVF9MRU5HVEhfUEVOQUxUWV9TSVpF	PHVua25vd24+IENVUkxNT1BUX0NPTlRFTlRfTEVOR1RIX1BFTkFMVFlfU0laRQ==	QU5Z	629	94489280716
68719477251	107374182415	Q1VSTE1PUFRfTUFYX0hPU1RfQ09OTkVDVElPTlM=	PHVua25vd24+IENVUkxNT1BUX01BWF9IT1NUX0NPTk5FQ1RJT05T	QU5Z	636	94489280715
68719477252	107374182415	Q1VSTE1PUFRfTUFYX1RPVEFMX0NPTk5FQ1RJT05T	PHVua25vd24+IENVUkxNT1BUX01BWF9UT1RBTF9DT05ORUNUSU9OUw==	QU5Z	637	94489280714
68719477253	107374182415	Q1VSTE1PUFRfTUFYQ09OTkVDVFM=	PHVua25vd24+IENVUkxNT1BUX01BWENPTk5FQ1RT	QU5Z	638	94489280713
68719477254	107374182415	Q1VSTE1PUFRfTUFYX1BJUEVMSU5FX0xFTkdUSA==	PHVua25vd24+IENVUkxNT1BUX01BWF9QSVBFTElORV9MRU5HVEg=	QU5Z	641	94489280712
68719477255	107374182415	Q1VSTE1PUFRfUElQRUxJTklORw==	PHVua25vd24+IENVUkxNT1BUX1BJUEVMSU5JTkc=	QU5Z	642	94489280711
68719477256	107374182415	Y3VybE11bHRpT3B0aW9uTm90SW1wbGVtZW50ZWQ=	Y3VybE11bHRpT3B0aW9uTm90SW1wbGVtZW50ZWQ=	c3RkLnZlY3Rvcg==	646	94489280571
68719477257	107374182415	Q1VSTE1PUFRfU09DS0VURlVOQ1RJT04=	PHVua25vd24+IENVUkxNT1BUX1NPQ0tFVEZVTkNUSU9O	QU5Z	648	94489280710
68719477258	107374182415	Q1VSTE1PUFRfU09DS0VUREFUQQ==	PHVua25vd24+IENVUkxNT1BUX1NPQ0tFVERBVEE=	QU5Z	649	94489280709
68719477259	107374182415	Q1VSTE1PUFRfVElNRVJGVU5DVElPTg==	PHVua25vd24+IENVUkxNT1BUX1RJTUVSRlVOQ1RJT04=	QU5Z	650	94489280708
68719477260	107374182415	Q1VSTE1PUFRfVElNRVJEQVRB	PHVua25vd24+IENVUkxNT1BUX1RJTUVSREFUQQ==	QU5Z	651	94489280707
68719477261	107374182415	Y3VybE11bHRpT3B0aW9uU3RyaW5nQXJyYXk=	Y3VybE11bHRpT3B0aW9uU3RyaW5nQXJyYXk=	c3RkLnZlY3Rvcg==	662	94489280572
68719477262	107374182415	Q1VSTE1PUFRfUElQRUxJTklOR19TRVJWRVJfQkw=	PHVua25vd24+IENVUkxNT1BUX1BJUEVMSU5JTkdfU0VSVkVSX0JM	QU5Z	665	94489280706
68719477263	107374182415	Q1VSTE1PUFRfUElQRUxJTklOR19TSVRFX0JM	PHVua25vd24+IENVUkxNT1BUX1BJUEVMSU5JTkdfU0lURV9CTA==	QU5Z	666	94489280705
68719477264	107374182415	Y3VybEluZm9Eb3VibGU=	Y3VybEluZm9Eb3VibGU=	c3RkLnZlY3Rvcg==	669	94489280573
68719477265	107374182415	Q1VSTElORk9fQVBQQ09OTkVDVF9USU1F	PHVua25vd24+IENVUkxJTkZPX0FQUENPTk5FQ1RfVElNRQ==	QU5Z	670	94489280704
68719477266	107374182415	Q1VSTElORk9fQ09OTkVDVF9USU1F	PHVua25vd24+IENVUkxJTkZPX0NPTk5FQ1RfVElNRQ==	QU5Z	671	94489280703
68719477267	107374182415	Q1VSTElORk9fQ09OVEVOVF9MRU5HVEhfRE9XTkxPQUQ=	PHVua25vd24+IENVUkxJTkZPX0NPTlRFTlRfTEVOR1RIX0RPV05MT0FE	QU5Z	672	94489280702
68719477268	107374182415	Q1VSTElORk9fQ09OVEVOVF9MRU5HVEhfVVBMT0FE	PHVua25vd24+IENVUkxJTkZPX0NPTlRFTlRfTEVOR1RIX1VQTE9BRA==	QU5Z	673	94489280701
68719477269	107374182415	Q1VSTElORk9fTkFNRUxPT0tVUF9USU1F	PHVua25vd24+IENVUkxJTkZPX05BTUVMT09LVVBfVElNRQ==	QU5Z	674	94489280700
68719477270	107374182415	Q1VSTElORk9fUFJFVFJBTlNGRVJfVElNRQ==	PHVua25vd24+IENVUkxJTkZPX1BSRVRSQU5TRkVSX1RJTUU=	QU5Z	675	94489280699
68719477271	107374182415	Q1VSTElORk9fUkVESVJFQ1RfVElNRQ==	PHVua25vd24+IENVUkxJTkZPX1JFRElSRUNUX1RJTUU=	QU5Z	676	94489280698
68719477272	107374182415	Q1VSTElORk9fU0laRV9ET1dOTE9BRA==	PHVua25vd24+IENVUkxJTkZPX1NJWkVfRE9XTkxPQUQ=	QU5Z	677	94489280697
68719477273	107374182415	Q1VSTElORk9fU0laRV9VUExPQUQ=	PHVua25vd24+IENVUkxJTkZPX1NJWkVfVVBMT0FE	QU5Z	678	94489280696
68719477274	107374182415	Q1VSTElORk9fU1BFRURfRE9XTkxPQUQ=	PHVua25vd24+IENVUkxJTkZPX1NQRUVEX0RPV05MT0FE	QU5Z	679	94489280695
68719477275	107374182415	Q1VSTElORk9fU1BFRURfVVBMT0FE	PHVua25vd24+IENVUkxJTkZPX1NQRUVEX1VQTE9BRA==	QU5Z	680	94489280694
68719477276	107374182415	Q1VSTElORk9fU1RBUlRUUkFOU0ZFUl9USU1F	PHVua25vd24+IENVUkxJTkZPX1NUQVJUVFJBTlNGRVJfVElNRQ==	QU5Z	681	94489280693
68719477277	107374182415	Q1VSTElORk9fVE9UQUxfVElNRQ==	PHVua25vd24+IENVUkxJTkZPX1RPVEFMX1RJTUU=	QU5Z	682	94489280692
68719477278	107374182415	Y3VybEluZm9JbnRlZ2Vy	Y3VybEluZm9JbnRlZ2Vy	c3RkLnZlY3Rvcg==	685	94489280574
68719477279	107374182415	Q1VSTElORk9fQ09ORElUSU9OX1VOTUVU	PHVua25vd24+IENVUkxJTkZPX0NPTkRJVElPTl9VTk1FVA==	QU5Z	686	94489280691
68719477280	107374182415	Q1VSTElORk9fRklMRVRJTUU=	PHVua25vd24+IENVUkxJTkZPX0ZJTEVUSU1F	QU5Z	687	94489280690
68719477281	107374182415	Q1VSTElORk9fSEVBREVSX1NJWkU=	PHVua25vd24+IENVUkxJTkZPX0hFQURFUl9TSVpF	QU5Z	688	94489280689
68719477282	107374182415	Q1VSTElORk9fSFRUUEFVVEhfQVZBSUw=	PHVua25vd24+IENVUkxJTkZPX0hUVFBBVVRIX0FWQUlM	QU5Z	689	94489280688
68719477283	107374182415	Q1VSTElORk9fSFRUUF9DT05ORUNUQ09ERQ==	PHVua25vd24+IENVUkxJTkZPX0hUVFBfQ09OTkVDVENPREU=	QU5Z	690	94489280687
68719477284	107374182415	Q1VSTElORk9fTEFTVFNPQ0tFVA==	PHVua25vd24+IENVUkxJTkZPX0xBU1RTT0NLRVQ=	QU5Z	696	94489280686
68719477285	107374182415	Q1VSTElORk9fTE9DQUxfUE9SVA==	PHVua25vd24+IENVUkxJTkZPX0xPQ0FMX1BPUlQ=	QU5Z	697	94489280685
68719477286	107374182415	Q1VSTElORk9fTlVNX0NPTk5FQ1RT	PHVua25vd24+IENVUkxJTkZPX05VTV9DT05ORUNUUw==	QU5Z	698	94489280684
68719477287	107374182415	Q1VSTElORk9fT1NfRVJSTk8=	PHVua25vd24+IENVUkxJTkZPX09TX0VSUk5P	QU5Z	699	94489280683
68719477288	107374182415	Q1VSTElORk9fUFJJTUFSWV9QT1JU	PHVua25vd24+IENVUkxJTkZPX1BSSU1BUllfUE9SVA==	QU5Z	700	94489280682
68719477289	107374182415	Q1VSTElORk9fUFJPWFlBVVRIX0FWQUlM	PHVua25vd24+IENVUkxJTkZPX1BST1hZQVVUSF9BVkFJTA==	QU5Z	706	94489280681
68719477290	107374182415	Q1VSTElORk9fUkVESVJFQ1RfQ09VTlQ=	PHVua25vd24+IENVUkxJTkZPX1JFRElSRUNUX0NPVU5U	QU5Z	716	94489280680
68719477291	107374182415	Q1VSTElORk9fUkVRVUVTVF9TSVpF	PHVua25vd24+IENVUkxJTkZPX1JFUVVFU1RfU0laRQ==	QU5Z	717	94489280679
68719477292	107374182415	Q1VSTElORk9fUkVTUE9OU0VfQ09ERQ==	PHVua25vd24+IENVUkxJTkZPX1JFU1BPTlNFX0NPREU=	QU5Z	718	94489280678
68719477293	107374182415	Q1VSTElORk9fUlRTUF9DTElFTlRfQ1NFUQ==	PHVua25vd24+IENVUkxJTkZPX1JUU1BfQ0xJRU5UX0NTRVE=	QU5Z	719	94489280677
68719477294	107374182415	Q1VSTElORk9fUlRTUF9DU0VRX1JFQ1Y=	PHVua25vd24+IENVUkxJTkZPX1JUU1BfQ1NFUV9SRUNW	QU5Z	720	94489280676
68719477295	107374182415	Q1VSTElORk9fUlRTUF9TRVJWRVJfQ1NFUQ==	PHVua25vd24+IENVUkxJTkZPX1JUU1BfU0VSVkVSX0NTRVE=	QU5Z	721	94489280675
68719477296	107374182415	Q1VSTElORk9fU1NMX1ZFUklGWVJFU1VMVA==	PHVua25vd24+IENVUkxJTkZPX1NTTF9WRVJJRllSRVNVTFQ=	QU5Z	722	94489280674
68719477297	107374182415	Y3VybEluZm9MaW5rZWRMaXN0	Y3VybEluZm9MaW5rZWRMaXN0	c3RkLnZlY3Rvcg==	732	94489280575
68719477298	107374182415	Q1VSTElORk9fU1NMX0VOR0lORVM=	PHVua25vd24+IENVUkxJTkZPX1NTTF9FTkdJTkVT	QU5Z	733	94489280673
68719477299	107374182415	Q1VSTElORk9fQ09PS0lFTElTVA==	PHVua25vd24+IENVUkxJTkZPX0NPT0tJRUxJU1Q=	QU5Z	734	94489280672
68719477300	107374182415	Q1VSTElORk9fQ0VSVElORk8=	PHVua25vd24+IENVUkxJTkZPX0NFUlRJTkZP	QU5Z	735	94489280671
68719477301	107374182415	Y3VybEluZm9Ob3RJbXBsZW1lbnRlZA==	Y3VybEluZm9Ob3RJbXBsZW1lbnRlZA==	c3RkLnZlY3Rvcg==	738	94489280576
68719477302	107374182415	Q1VSTElORk9fUFJJVkFURQ==	PHVua25vd24+IENVUkxJTkZPX1BSSVZBVEU=	QU5Z	747	94489280670
68719477303	107374182415	Y3VybEluZm9PZmZU	Y3VybEluZm9PZmZU	c3RkLnZlY3Rvcg==	751	94489280577
68719477304	107374182415	Y3VybEluZm9Tb2NrZXQ=	Y3VybEluZm9Tb2NrZXQ=	c3RkLnZlY3Rvcg==	790	94489280578
68719477305	107374182415	Y3VybEluZm9TdHJpbmc=	Y3VybEluZm9TdHJpbmc=	c3RkLnZlY3Rvcg==	796	94489280579
68719477306	107374182415	Q1VSTElORk9fQ09OVEVOVF9UWVBF	PHVua25vd24+IENVUkxJTkZPX0NPTlRFTlRfVFlQRQ==	QU5Z	802	94489280669
68719477307	107374182415	Q1VSTElORk9fRUZGRUNUSVZFX1VSTA==	PHVua25vd24+IENVUkxJTkZPX0VGRkVDVElWRV9VUkw=	QU5Z	803	94489280668
68719477308	107374182415	Q1VSTElORk9fRlRQX0VOVFJZX1BBVEg=	PHVua25vd24+IENVUkxJTkZPX0ZUUF9FTlRSWV9QQVRI	QU5Z	809	94489280667
68719477309	107374182415	Q1VSTElORk9fTE9DQUxfSVA=	PHVua25vd24+IENVUkxJTkZPX0xPQ0FMX0lQ	QU5Z	810	94489280666
68719477310	107374182415	Q1VSTElORk9fUFJJTUFSWV9JUA==	PHVua25vd24+IENVUkxJTkZPX1BSSU1BUllfSVA=	QU5Z	811	94489280665
68719477311	107374182415	Q1VSTElORk9fUkVESVJFQ1RfVVJM	PHVua25vd24+IENVUkxJTkZPX1JFRElSRUNUX1VSTA==	QU5Z	812	94489280664
68719477312	107374182415	Q1VSTElORk9fUlRTUF9TRVNTSU9OX0lE	PHVua25vd24+IENVUkxJTkZPX1JUU1BfU0VTU0lPTl9JRA==	QU5Z	818	94489280663
68719477313	107374182416	ZnVsbE1lc3NhZ2U=	ZnVsbE1lc3NhZ2U=	c3RkLnN0cmluZw==	23	94489280921
68719477314	107374182416	bWVzc2FnZQ==	bWVzc2FnZQ==	Y2hhcio=	23	111669149724
68719477315	107374182416	YXV0b0FkZFN1ZmZpeA==	YXV0b0FkZFN1ZmZpeA==	Ym9vbA==	25	111669149726
68719477316	107374182416	ZnVsbE1lc3NhZ2U=	ZnVsbE1lc3NhZ2U=	c3RkLnN0cmluZw==	26	94489280921
68719477317	107374182416	ZnVsbE1lc3NhZ2U=	ZnVsbE1lc3NhZ2U=	c3RkLnN0cmluZw==	27	94489280921
68719477318	107374182416	Y29kZQ==	Y29kZQ==	Q1VSTGNvZGU=	27	111669149725
68719477319	107374182416	Y3VybA==	Y3VybA==	QU5Z	30	94489280922
68719477320	107374182416	ZW52	ZW52	TmFwaS5FbnY=	30	111669149723
68719477321	107374182416	Y3VybEVycm9ySW5zdGFuY2U=	Y3VybEVycm9ySW5zdGFuY2U=	QU5Z	31	94489280923
68719477322	107374182416	Y3VybA==	Y3VybA==	QU5Z	31	94489280922
68719477323	107374182416	ZW52	ZW52	TmFwaS5FbnY=	32	111669149723
68719477324	107374182416	ZnVsbE1lc3NhZ2U=	ZnVsbE1lc3NhZ2U=	c3RkLnN0cmluZw==	32	94489280921
68719477325	107374182416	ZW52	ZW52	TmFwaS5FbnY=	32	111669149723
68719477326	107374182416	Y29kZQ==	Y29kZQ==	Q1VSTGNvZGU=	32	111669149725
68719477327	107374182416	ZXJyb3I=	ZXJyb3I=	TmFwaS5FcnJvcg==	34	94489280924
68719477328	107374182416	ZW52	ZW52	TmFwaS5FbnY=	34	111669149723
68719477329	107374182416	Y3VybEVycm9ySW5zdGFuY2U=	Y3VybEVycm9ySW5zdGFuY2U=	QU5Z	34	94489280923
68719477330	107374182416	ZXJyb3I=	ZXJyb3I=	TmFwaS5FcnJvcg==	36	94489280924
68719477331	107374182417	ZnVsbE1lc3NhZ2U=	ZnVsbE1lc3NhZ2U=	c3RkLnN0cmluZw==	40	94489280925
68719477332	107374182417	bWVzc2FnZQ==	bWVzc2FnZQ==	Y2hhcio=	40	111669149729
68719477333	107374182417	YXV0b0FkZFN1ZmZpeA==	YXV0b0FkZFN1ZmZpeA==	Ym9vbA==	42	111669149731
68719477334	107374182417	ZnVsbE1lc3NhZ2U=	ZnVsbE1lc3NhZ2U=	c3RkLnN0cmluZw==	43	94489280925
68719477335	107374182417	ZnVsbE1lc3NhZ2U=	ZnVsbE1lc3NhZ2U=	c3RkLnN0cmluZw==	44	94489280925
68719477336	107374182417	Y29kZQ==	Y29kZQ==	Q1VSTE1jb2Rl	44	111669149730
68719477337	107374182417	Y3VybA==	Y3VybA==	QU5Z	47	94489280926
68719477338	107374182417	ZW52	ZW52	TmFwaS5FbnY=	47	111669149728
68719477339	107374182417	Y3VybEVycm9ySW5zdGFuY2U=	Y3VybEVycm9ySW5zdGFuY2U=	QU5Z	48	94489280927
68719477340	107374182417	Y3VybA==	Y3VybA==	QU5Z	48	94489280926
68719477341	107374182417	ZW52	ZW52	TmFwaS5FbnY=	49	111669149728
68719477342	107374182417	ZnVsbE1lc3NhZ2U=	ZnVsbE1lc3NhZ2U=	c3RkLnN0cmluZw==	49	94489280925
68719477343	107374182417	ZW52	ZW52	TmFwaS5FbnY=	49	111669149728
68719477344	107374182417	Y29kZQ==	Y29kZQ==	Q1VSTE1jb2Rl	49	111669149730
68719477345	107374182417	ZXJyb3I=	ZXJyb3I=	TmFwaS5FcnJvcg==	51	94489280928
68719477346	107374182417	ZW52	ZW52	TmFwaS5FbnY=	51	111669149728
68719477347	107374182417	Y3VybEVycm9ySW5zdGFuY2U=	Y3VybEVycm9ySW5zdGFuY2U=	QU5Z	51	94489280927
68719477348	107374182417	ZXJyb3I=	ZXJyb3I=	TmFwaS5FcnJvcg==	53	94489280928
68719477349	107374182418	ZnVsbE1lc3NhZ2U=	ZnVsbE1lc3NhZ2U=	c3RkLnN0cmluZw==	58	94489280929
68719477350	107374182418	bWVzc2FnZQ==	bWVzc2FnZQ==	Y2hhcio=	58	111669149734
68719477351	107374182418	YXV0b0FkZFN1ZmZpeA==	YXV0b0FkZFN1ZmZpeA==	Ym9vbA==	60	111669149736
68719477352	107374182418	ZnVsbE1lc3NhZ2U=	ZnVsbE1lc3NhZ2U=	c3RkLnN0cmluZw==	61	94489280929
68719477353	107374182418	ZnVsbE1lc3NhZ2U=	ZnVsbE1lc3NhZ2U=	c3RkLnN0cmluZw==	62	94489280929
68719477354	107374182418	Y29kZQ==	Y29kZQ==	Q1VSTFNIY29kZQ==	62	111669149735
68719477355	107374182418	Y3VybA==	Y3VybA==	QU5Z	65	94489280930
68719477356	107374182418	ZW52	ZW52	TmFwaS5FbnY=	65	111669149733
68719477357	107374182418	Y3VybEVycm9ySW5zdGFuY2U=	Y3VybEVycm9ySW5zdGFuY2U=	QU5Z	66	94489280931
68719477358	107374182418	Y3VybA==	Y3VybA==	QU5Z	66	94489280930
68719477359	107374182418	ZW52	ZW52	TmFwaS5FbnY=	67	111669149733
68719477360	107374182418	ZnVsbE1lc3NhZ2U=	ZnVsbE1lc3NhZ2U=	c3RkLnN0cmluZw==	67	94489280929
68719477361	107374182418	ZW52	ZW52	TmFwaS5FbnY=	67	111669149733
68719477362	107374182418	Y29kZQ==	Y29kZQ==	Q1VSTFNIY29kZQ==	67	111669149735
68719477363	107374182418	ZXJyb3I=	ZXJyb3I=	TmFwaS5FcnJvcg==	69	94489280932
68719477364	107374182418	ZW52	ZW52	TmFwaS5FbnY=	69	111669149733
68719477365	107374182418	Y3VybEVycm9ySW5zdGFuY2U=	Y3VybEVycm9ySW5zdGFuY2U=	QU5Z	69	94489280931
68719477366	107374182418	ZXJyb3I=	ZXJyb3I=	TmFwaS5FcnJvcg==	71	94489280932
68719477367	107374182419	Q3VybEVhc3lFcnJvcg==	Q3VybEVhc3lFcnJvcg==	TmFwaS5WYWx1ZQ==	75	94489280933
68719477368	107374182419	ZW52	ZW52	TmFwaS5FbnY=	75	111669149738
68719477369	107374182419	Q3VybEVhc3lFcnJvcg==	Q3VybEVhc3lFcnJvcg==	TmFwaS5WYWx1ZQ==	78	94489280933
68719477370	107374182419	Q3VybEVhc3lFcnJvcg==	Q3VybEVhc3lFcnJvcg==	TmFwaS5WYWx1ZQ==	79	94489280933
68719477371	107374182419	ZW52	ZW52	TmFwaS5FbnY=	79	111669149738
68719477372	107374182419	Q3VybEVhc3lFcnJvcg==	Q3VybEVhc3lFcnJvcg==	TmFwaS5WYWx1ZQ==	81	94489280933
68719477373	107374182419	Q3VybEVhc3lFcnJvcg==	Q3VybEVhc3lFcnJvcg==	TmFwaS5WYWx1ZQ==	82	94489280933
68719477374	107374182420	Q3VybE11bHRpRXJyb3I=	Q3VybE11bHRpRXJyb3I=	TmFwaS5WYWx1ZQ==	86	94489280934
68719477375	107374182420	ZW52	ZW52	TmFwaS5FbnY=	86	111669149740
68719477376	107374182420	Q3VybE11bHRpRXJyb3I=	Q3VybE11bHRpRXJyb3I=	TmFwaS5WYWx1ZQ==	88	94489280934
68719477377	107374182420	Q3VybE11bHRpRXJyb3I=	Q3VybE11bHRpRXJyb3I=	TmFwaS5WYWx1ZQ==	89	94489280934
68719477378	107374182420	ZW52	ZW52	TmFwaS5FbnY=	89	111669149740
68719477379	107374182420	Q3VybE11bHRpRXJyb3I=	Q3VybE11bHRpRXJyb3I=	TmFwaS5WYWx1ZQ==	91	94489280934
68719477380	107374182420	Q3VybE11bHRpRXJyb3I=	Q3VybE11bHRpRXJyb3I=	TmFwaS5WYWx1ZQ==	92	94489280934
68719477381	107374182421	Q3VybFNoYXJlZEVycm9y	Q3VybFNoYXJlZEVycm9y	TmFwaS5WYWx1ZQ==	96	94489280935
68719477382	107374182421	ZW52	ZW52	TmFwaS5FbnY=	96	111669149742
68719477383	107374182421	Q3VybFNoYXJlZEVycm9y	Q3VybFNoYXJlZEVycm9y	TmFwaS5WYWx1ZQ==	98	94489280935
68719477384	107374182421	Q3VybFNoYXJlZEVycm9y	Q3VybFNoYXJlZEVycm9y	TmFwaS5WYWx1ZQ==	99	94489280935
68719477385	107374182421	ZW52	ZW52	TmFwaS5FbnY=	99	111669149742
68719477386	107374182421	Q3VybFNoYXJlZEVycm9y	Q3VybFNoYXJlZEVycm9y	TmFwaS5WYWx1ZQ==	101	94489280935
68719477387	107374182421	Q3VybFNoYXJlZEVycm9y	Q3VybFNoYXJlZEVycm9y	TmFwaS5WYWx1ZQ==	102	94489280935
68719477313	107374182422	ZnVsbE1lc3NhZ2U=	ZnVsbE1lc3NhZ2U=	c3RkLnN0cmluZw==	23	94489280921
68719477314	107374182422	bWVzc2FnZQ==	bWVzc2FnZQ==	Y2hhcio=	23	111669149724
68719477315	107374182422	YXV0b0FkZFN1ZmZpeA==	YXV0b0FkZFN1ZmZpeA==	Ym9vbA==	25	111669149726
68719477316	107374182422	ZnVsbE1lc3NhZ2U=	ZnVsbE1lc3NhZ2U=	c3RkLnN0cmluZw==	26	94489280921
68719477317	107374182422	ZnVsbE1lc3NhZ2U=	ZnVsbE1lc3NhZ2U=	c3RkLnN0cmluZw==	27	94489280921
68719477318	107374182422	Y29kZQ==	Y29kZQ==	Q1VSTGNvZGU=	27	111669149725
68719477319	107374182422	Y3VybA==	Y3VybA==	QU5Z	30	94489280922
68719477320	107374182422	ZW52	ZW52	TmFwaS5FbnY=	30	111669149723
68719477321	107374182422	Y3VybEVycm9ySW5zdGFuY2U=	Y3VybEVycm9ySW5zdGFuY2U=	QU5Z	31	94489280923
68719477322	107374182422	Y3VybA==	Y3VybA==	QU5Z	31	94489280922
68719477323	107374182422	ZW52	ZW52	TmFwaS5FbnY=	32	111669149723
68719477324	107374182422	ZnVsbE1lc3NhZ2U=	ZnVsbE1lc3NhZ2U=	c3RkLnN0cmluZw==	32	94489280921
68719477325	107374182422	ZW52	ZW52	TmFwaS5FbnY=	32	111669149723
68719477326	107374182422	Y29kZQ==	Y29kZQ==	Q1VSTGNvZGU=	32	111669149725
68719477327	107374182422	ZXJyb3I=	ZXJyb3I=	TmFwaS5FcnJvcg==	34	94489280924
68719477328	107374182422	ZW52	ZW52	TmFwaS5FbnY=	34	111669149723
68719477329	107374182422	Y3VybEVycm9ySW5zdGFuY2U=	Y3VybEVycm9ySW5zdGFuY2U=	QU5Z	34	94489280923
68719477330	107374182422	ZXJyb3I=	ZXJyb3I=	TmFwaS5FcnJvcg==	36	94489280924
68719477331	107374182422	ZnVsbE1lc3NhZ2U=	ZnVsbE1lc3NhZ2U=	c3RkLnN0cmluZw==	40	94489280925
68719477332	107374182422	bWVzc2FnZQ==	bWVzc2FnZQ==	Y2hhcio=	40	111669149729
68719477333	107374182422	YXV0b0FkZFN1ZmZpeA==	YXV0b0FkZFN1ZmZpeA==	Ym9vbA==	42	111669149731
68719477334	107374182422	ZnVsbE1lc3NhZ2U=	ZnVsbE1lc3NhZ2U=	c3RkLnN0cmluZw==	43	94489280925
68719477335	107374182422	ZnVsbE1lc3NhZ2U=	ZnVsbE1lc3NhZ2U=	c3RkLnN0cmluZw==	44	94489280925
68719477336	107374182422	Y29kZQ==	Y29kZQ==	Q1VSTE1jb2Rl	44	111669149730
68719477337	107374182422	Y3VybA==	Y3VybA==	QU5Z	47	94489280926
68719477338	107374182422	ZW52	ZW52	TmFwaS5FbnY=	47	111669149728
68719477339	107374182422	Y3VybEVycm9ySW5zdGFuY2U=	Y3VybEVycm9ySW5zdGFuY2U=	QU5Z	48	94489280927
68719477340	107374182422	Y3VybA==	Y3VybA==	QU5Z	48	94489280926
68719477341	107374182422	ZW52	ZW52	TmFwaS5FbnY=	49	111669149728
68719477342	107374182422	ZnVsbE1lc3NhZ2U=	ZnVsbE1lc3NhZ2U=	c3RkLnN0cmluZw==	49	94489280925
68719477343	107374182422	ZW52	ZW52	TmFwaS5FbnY=	49	111669149728
68719477344	107374182422	Y29kZQ==	Y29kZQ==	Q1VSTE1jb2Rl	49	111669149730
68719477345	107374182422	ZXJyb3I=	ZXJyb3I=	TmFwaS5FcnJvcg==	51	94489280928
68719477346	107374182422	ZW52	ZW52	TmFwaS5FbnY=	51	111669149728
68719477347	107374182422	Y3VybEVycm9ySW5zdGFuY2U=	Y3VybEVycm9ySW5zdGFuY2U=	QU5Z	51	94489280927
68719477348	107374182422	ZXJyb3I=	ZXJyb3I=	TmFwaS5FcnJvcg==	53	94489280928
68719477349	107374182422	ZnVsbE1lc3NhZ2U=	ZnVsbE1lc3NhZ2U=	c3RkLnN0cmluZw==	58	94489280929
68719477350	107374182422	bWVzc2FnZQ==	bWVzc2FnZQ==	Y2hhcio=	58	111669149734
68719477351	107374182422	YXV0b0FkZFN1ZmZpeA==	YXV0b0FkZFN1ZmZpeA==	Ym9vbA==	60	111669149736
68719477352	107374182422	ZnVsbE1lc3NhZ2U=	ZnVsbE1lc3NhZ2U=	c3RkLnN0cmluZw==	61	94489280929
68719477353	107374182422	ZnVsbE1lc3NhZ2U=	ZnVsbE1lc3NhZ2U=	c3RkLnN0cmluZw==	62	94489280929
68719477354	107374182422	Y29kZQ==	Y29kZQ==	Q1VSTFNIY29kZQ==	62	111669149735
68719477355	107374182422	Y3VybA==	Y3VybA==	QU5Z	65	94489280930
68719477356	107374182422	ZW52	ZW52	TmFwaS5FbnY=	65	111669149733
68719477357	107374182422	Y3VybEVycm9ySW5zdGFuY2U=	Y3VybEVycm9ySW5zdGFuY2U=	QU5Z	66	94489280931
68719477358	107374182422	Y3VybA==	Y3VybA==	QU5Z	66	94489280930
68719477359	107374182422	ZW52	ZW52	TmFwaS5FbnY=	67	111669149733
68719477360	107374182422	ZnVsbE1lc3NhZ2U=	ZnVsbE1lc3NhZ2U=	c3RkLnN0cmluZw==	67	94489280929
68719477361	107374182422	ZW52	ZW52	TmFwaS5FbnY=	67	111669149733
68719477362	107374182422	Y29kZQ==	Y29kZQ==	Q1VSTFNIY29kZQ==	67	111669149735
68719477363	107374182422	ZXJyb3I=	ZXJyb3I=	TmFwaS5FcnJvcg==	69	94489280932
68719477364	107374182422	ZW52	ZW52	TmFwaS5FbnY=	69	111669149733
68719477365	107374182422	Y3VybEVycm9ySW5zdGFuY2U=	Y3VybEVycm9ySW5zdGFuY2U=	QU5Z	69	94489280931
68719477366	107374182422	ZXJyb3I=	ZXJyb3I=	TmFwaS5FcnJvcg==	71	94489280932
68719477367	107374182422	Q3VybEVhc3lFcnJvcg==	Q3VybEVhc3lFcnJvcg==	TmFwaS5WYWx1ZQ==	75	94489280933
68719477368	107374182422	ZW52	ZW52	TmFwaS5FbnY=	75	111669149738
68719477369	107374182422	Q3VybEVhc3lFcnJvcg==	Q3VybEVhc3lFcnJvcg==	TmFwaS5WYWx1ZQ==	78	94489280933
68719477370	107374182422	Q3VybEVhc3lFcnJvcg==	Q3VybEVhc3lFcnJvcg==	TmFwaS5WYWx1ZQ==	79	94489280933
68719477371	107374182422	ZW52	ZW52	TmFwaS5FbnY=	79	111669149738
68719477372	107374182422	Q3VybEVhc3lFcnJvcg==	Q3VybEVhc3lFcnJvcg==	TmFwaS5WYWx1ZQ==	81	94489280933
68719477373	107374182422	Q3VybEVhc3lFcnJvcg==	Q3VybEVhc3lFcnJvcg==	TmFwaS5WYWx1ZQ==	82	94489280933
68719477374	107374182422	Q3VybE11bHRpRXJyb3I=	Q3VybE11bHRpRXJyb3I=	TmFwaS5WYWx1ZQ==	86	94489280934
68719477375	107374182422	ZW52	ZW52	TmFwaS5FbnY=	86	111669149740
68719477376	107374182422	Q3VybE11bHRpRXJyb3I=	Q3VybE11bHRpRXJyb3I=	TmFwaS5WYWx1ZQ==	88	94489280934
68719477377	107374182422	Q3VybE11bHRpRXJyb3I=	Q3VybE11bHRpRXJyb3I=	TmFwaS5WYWx1ZQ==	89	94489280934
68719477378	107374182422	ZW52	ZW52	TmFwaS5FbnY=	89	111669149740
68719477379	107374182422	Q3VybE11bHRpRXJyb3I=	Q3VybE11bHRpRXJyb3I=	TmFwaS5WYWx1ZQ==	91	94489280934
68719477380	107374182422	Q3VybE11bHRpRXJyb3I=	Q3VybE11bHRpRXJyb3I=	TmFwaS5WYWx1ZQ==	92	94489280934
68719477381	107374182422	Q3VybFNoYXJlZEVycm9y	Q3VybFNoYXJlZEVycm9y	TmFwaS5WYWx1ZQ==	96	94489280935
68719477382	107374182422	ZW52	ZW52	TmFwaS5FbnY=	96	111669149742
68719477383	107374182422	Q3VybFNoYXJlZEVycm9y	Q3VybFNoYXJlZEVycm9y	TmFwaS5WYWx1ZQ==	98	94489280935
68719477384	107374182422	Q3VybFNoYXJlZEVycm9y	Q3VybFNoYXJlZEVycm9y	TmFwaS5WYWx1ZQ==	99	94489280935
68719477385	107374182422	ZW52	ZW52	TmFwaS5FbnY=	99	111669149742
68719477386	107374182422	Q3VybFNoYXJlZEVycm9y	Q3VybFNoYXJlZEVycm9y	TmFwaS5WYWx1ZQ==	101	94489280935
68719477387	107374182422	Q3VybFNoYXJlZEVycm9y	Q3VybFNoYXJlZEVycm9y	TmFwaS5WYWx1ZQ==	102	94489280935
68719477388	107374182423	dGhpcw==	dGhpcw==	Tm9kZUxpYmN1cmwuQ3VybEh0dHBQb3N0Kg==	17	111669149743
68719477389	107374182423	dGhpcw==	dGhpcw==	Tm9kZUxpYmN1cmwuQ3VybEh0dHBQb3N0Kg==	17	111669149743
68719477390	107374182424	dGhpcw==	dGhpcw==	Tm9kZUxpYmN1cmwuQ3VybEh0dHBQb3N0Kg==	19	111669149744
68719477391	107374182425	dGhpcw==	dGhpcw==	Tm9kZUxpYmN1cmwuQ3VybEh0dHBQb3N0Kg==	22	111669149745
68719477392	107374182425	dGhpcw==	dGhpcw==	Tm9kZUxpYmN1cmwuQ3VybEh0dHBQb3N0Kg==	23	111669149745
68719477393	107374182425	dGhpcw==	dGhpcw==	Tm9kZUxpYmN1cmwuQ3VybEh0dHBQb3N0Kg==	24	111669149745
68719477394	107374182425	dGhpcw==	dGhpcw==	Tm9kZUxpYmN1cmwuQ3VybEh0dHBQb3N0Kg==	25	111669149745
68719477395	107374182426	dGhpcw==	dGhpcw==	Tm9kZUxpYmN1cmwuQ3VybEh0dHBQb3N0Kg==	31	111669149746
68719477396	107374182426	dGhpcw==	dGhpcw==	Tm9kZUxpYmN1cmwuQ3VybEh0dHBQb3N0Kg==	31	111669149746
68719477397	107374182426	Q1VSTEZPUk1fQ09QWU5BTUU=	PHVua25vd24+IENVUkxGT1JNX0NPUFlOQU1F	QU5Z	31	94489280955
68719477398	107374182426	ZmllbGROYW1l	ZmllbGROYW1l	Y2hhcio=	31	111669149747
68719477399	107374182426	Q1VSTEZPUk1fTkFNRUxFTkdUSA==	PHVua25vd24+IENVUkxGT1JNX05BTUVMRU5HVEg=	QU5Z	31	94489280954
68719477400	107374182426	ZmllbGROYW1lTGVuZ3Ro	ZmllbGROYW1lTGVuZ3Ro	bG9uZw==	32	111669149748
68719477401	107374182426	Q1VSTEZPUk1fRklMRQ==	PHVua25vd24+IENVUkxGT1JNX0ZJTEU=	QU5Z	32	94489280953
68719477402	107374182426	ZmlsZU5hbWU=	ZmlsZU5hbWU=	Y2hhcio=	32	111669149749
68719477403	107374182426	Q1VSTEZPUk1fRU5E	PHVua25vd24+IENVUkxGT1JNX0VORA==	QU5Z	32	94489280952
68719477404	107374182427	dGhpcw==	dGhpcw==	Tm9kZUxpYmN1cmwuQ3VybEh0dHBQb3N0Kg==	37	111669149750
68719477405	107374182427	dGhpcw==	dGhpcw==	Tm9kZUxpYmN1cmwuQ3VybEh0dHBQb3N0Kg==	37	111669149750
68719477406	107374182427	Q1VSTEZPUk1fQ09QWU5BTUU=	PHVua25vd24+IENVUkxGT1JNX0NPUFlOQU1F	QU5Z	37	94489280951
68719477407	107374182427	ZmllbGROYW1l	ZmllbGROYW1l	Y2hhcio=	37	111669149751
68719477408	107374182427	Q1VSTEZPUk1fTkFNRUxFTkdUSA==	PHVua25vd24+IENVUkxGT1JNX05BTUVMRU5HVEg=	QU5Z	37	94489280950
68719477409	107374182427	ZmllbGROYW1lTGVuZ3Ro	ZmllbGROYW1lTGVuZ3Ro	bG9uZw==	38	111669149752
68719477410	107374182427	Q1VSTEZPUk1fRklMRQ==	PHVua25vd24+IENVUkxGT1JNX0ZJTEU=	QU5Z	38	94489280949
68719477411	107374182427	ZmlsZU5hbWU=	ZmlsZU5hbWU=	Y2hhcio=	38	111669149753
68719477412	107374182427	Q1VSTEZPUk1fQ09OVEVOVFRZUEU=	PHVua25vd24+IENVUkxGT1JNX0NPTlRFTlRUWVBF	QU5Z	38	94489280948
68719477413	107374182427	Y29udGVudFR5cGU=	Y29udGVudFR5cGU=	Y2hhcio=	38	111669149754
68719477414	107374182427	Q1VSTEZPUk1fRU5E	PHVua25vd24+IENVUkxGT1JNX0VORA==	QU5Z	39	94489280947
68719477415	107374182428	dGhpcw==	dGhpcw==	Tm9kZUxpYmN1cmwuQ3VybEh0dHBQb3N0Kg==	44	111669149755
68719477416	107374182428	dGhpcw==	dGhpcw==	Tm9kZUxpYmN1cmwuQ3VybEh0dHBQb3N0Kg==	44	111669149755
68719477417	107374182428	Q1VSTEZPUk1fQ09QWU5BTUU=	PHVua25vd24+IENVUkxGT1JNX0NPUFlOQU1F	QU5Z	44	94489280946
68719477418	107374182428	ZmllbGROYW1l	ZmllbGROYW1l	Y2hhcio=	44	111669149756
68719477419	107374182428	Q1VSTEZPUk1fTkFNRUxFTkdUSA==	PHVua25vd24+IENVUkxGT1JNX05BTUVMRU5HVEg=	QU5Z	44	94489280945
68719477420	107374182428	ZmllbGROYW1lTGVuZ3Ro	ZmllbGROYW1lTGVuZ3Ro	bG9uZw==	45	111669149757
68719477421	107374182428	Q1VSTEZPUk1fRklMRQ==	PHVua25vd24+IENVUkxGT1JNX0ZJTEU=	QU5Z	45	94489280944
68719477422	107374182428	ZmlsZU5hbWU=	ZmlsZU5hbWU=	Y2hhcio=	45	111669149758
68719477423	107374182428	Q1VSTEZPUk1fQ09OVEVOVFRZUEU=	PHVua25vd24+IENVUkxGT1JNX0NPTlRFTlRUWVBF	QU5Z	45	94489280943
68719477424	107374182428	Y29udGVudFR5cGU=	Y29udGVudFR5cGU=	Y2hhcio=	45	111669149759
68719477425	107374182428	Q1VSTEZPUk1fRklMRU5BTUU=	PHVua25vd24+IENVUkxGT1JNX0ZJTEVOQU1F	QU5Z	46	94489280942
68719477426	107374182428	bmV3RmlsZU5hbWU=	bmV3RmlsZU5hbWU=	Y2hhcio=	46	111669149760
68719477427	107374182428	Q1VSTEZPUk1fRU5E	PHVua25vd24+IENVUkxGT1JNX0VORA==	QU5Z	46	94489280941
68719477428	107374182429	dGhpcw==	dGhpcw==	Tm9kZUxpYmN1cmwuQ3VybEh0dHBQb3N0Kg==	52	111669149761
68719477429	107374182429	dGhpcw==	dGhpcw==	Tm9kZUxpYmN1cmwuQ3VybEh0dHBQb3N0Kg==	52	111669149761
68719477430	107374182429	Q1VSTEZPUk1fQ09QWU5BTUU=	PHVua25vd24+IENVUkxGT1JNX0NPUFlOQU1F	QU5Z	52	94489280940
68719477431	107374182429	ZmllbGROYW1l	ZmllbGROYW1l	Y2hhcio=	52	111669149762
68719477432	107374182429	Q1VSTEZPUk1fTkFNRUxFTkdUSA==	PHVua25vd24+IENVUkxGT1JNX05BTUVMRU5HVEg=	QU5Z	52	94489280939
68719477433	107374182429	ZmllbGROYW1lTGVuZ3Ro	ZmllbGROYW1lTGVuZ3Ro	bG9uZw==	53	111669149763
68719477434	107374182429	Q1VSTEZPUk1fQ09QWUNPTlRFTlRT	PHVua25vd24+IENVUkxGT1JNX0NPUFlDT05URU5UUw==	QU5Z	53	94489280938
68719477435	107374182429	ZmllbGRWYWx1ZQ==	ZmllbGRWYWx1ZQ==	Y2hhcio=	53	111669149764
68719477436	107374182429	Q1VSTEZPUk1fQ09OVEVOVFNMRU5HVEg=	PHVua25vd24+IENVUkxGT1JNX0NPTlRFTlRTTEVOR1RI	QU5Z	53	94489280937
68719477437	107374182429	ZmllbGRWYWx1ZUxlbmd0aA==	ZmllbGRWYWx1ZUxlbmd0aA==	bG9uZw==	54	111669149765
68719477438	107374182429	Q1VSTEZPUk1fRU5E	PHVua25vd24+IENVUkxGT1JNX0VORA==	QU5Z	54	94489280936
68719477390	107374182430	dGhpcw==	dGhpcw==	Tm9kZUxpYmN1cmwuQ3VybEh0dHBQb3N0Kg==	19	111669149744
68719477391	107374182430	dGhpcw==	dGhpcw==	Tm9kZUxpYmN1cmwuQ3VybEh0dHBQb3N0Kg==	22	111669149745
68719477392	107374182430	dGhpcw==	dGhpcw==	Tm9kZUxpYmN1cmwuQ3VybEh0dHBQb3N0Kg==	23	111669149745
68719477393	107374182430	dGhpcw==	dGhpcw==	Tm9kZUxpYmN1cmwuQ3VybEh0dHBQb3N0Kg==	24	111669149745
68719477394	107374182430	dGhpcw==	dGhpcw==	Tm9kZUxpYmN1cmwuQ3VybEh0dHBQb3N0Kg==	25	111669149745
68719477395	107374182430	dGhpcw==	dGhpcw==	Tm9kZUxpYmN1cmwuQ3VybEh0dHBQb3N0Kg==	31	111669149746
68719477396	107374182430	dGhpcw==	dGhpcw==	Tm9kZUxpYmN1cmwuQ3VybEh0dHBQb3N0Kg==	31	111669149746
68719477397	107374182430	Q1VSTEZPUk1fQ09QWU5BTUU=	PHVua25vd24+IENVUkxGT1JNX0NPUFlOQU1F	QU5Z	31	94489280955
68719477398	107374182430	ZmllbGROYW1l	ZmllbGROYW1l	Y2hhcio=	31	111669149747
68719477399	107374182430	Q1VSTEZPUk1fTkFNRUxFTkdUSA==	PHVua25vd24+IENVUkxGT1JNX05BTUVMRU5HVEg=	QU5Z	31	94489280954
68719477400	107374182430	ZmllbGROYW1lTGVuZ3Ro	ZmllbGROYW1lTGVuZ3Ro	bG9uZw==	32	111669149748
68719477401	107374182430	Q1VSTEZPUk1fRklMRQ==	PHVua25vd24+IENVUkxGT1JNX0ZJTEU=	QU5Z	32	94489280953
68719477402	107374182430	ZmlsZU5hbWU=	ZmlsZU5hbWU=	Y2hhcio=	32	111669149749
68719477403	107374182430	Q1VSTEZPUk1fRU5E	PHVua25vd24+IENVUkxGT1JNX0VORA==	QU5Z	32	94489280952
68719477404	107374182430	dGhpcw==	dGhpcw==	Tm9kZUxpYmN1cmwuQ3VybEh0dHBQb3N0Kg==	37	111669149750
68719477405	107374182430	dGhpcw==	dGhpcw==	Tm9kZUxpYmN1cmwuQ3VybEh0dHBQb3N0Kg==	37	111669149750
68719477406	107374182430	Q1VSTEZPUk1fQ09QWU5BTUU=	PHVua25vd24+IENVUkxGT1JNX0NPUFlOQU1F	QU5Z	37	94489280951
68719477407	107374182430	ZmllbGROYW1l	ZmllbGROYW1l	Y2hhcio=	37	111669149751
68719477408	107374182430	Q1VSTEZPUk1fTkFNRUxFTkdUSA==	PHVua25vd24+IENVUkxGT1JNX05BTUVMRU5HVEg=	QU5Z	37	94489280950
68719477409	107374182430	ZmllbGROYW1lTGVuZ3Ro	ZmllbGROYW1lTGVuZ3Ro	bG9uZw==	38	111669149752
68719477410	107374182430	Q1VSTEZPUk1fRklMRQ==	PHVua25vd24+IENVUkxGT1JNX0ZJTEU=	QU5Z	38	94489280949
68719477411	107374182430	ZmlsZU5hbWU=	ZmlsZU5hbWU=	Y2hhcio=	38	111669149753
68719477412	107374182430	Q1VSTEZPUk1fQ09OVEVOVFRZUEU=	PHVua25vd24+IENVUkxGT1JNX0NPTlRFTlRUWVBF	QU5Z	38	94489280948
68719477413	107374182430	Y29udGVudFR5cGU=	Y29udGVudFR5cGU=	Y2hhcio=	38	111669149754
68719477414	107374182430	Q1VSTEZPUk1fRU5E	PHVua25vd24+IENVUkxGT1JNX0VORA==	QU5Z	39	94489280947
68719477415	107374182430	dGhpcw==	dGhpcw==	Tm9kZUxpYmN1cmwuQ3VybEh0dHBQb3N0Kg==	44	111669149755
68719477416	107374182430	dGhpcw==	dGhpcw==	Tm9kZUxpYmN1cmwuQ3VybEh0dHBQb3N0Kg==	44	111669149755
68719477417	107374182430	Q1VSTEZPUk1fQ09QWU5BTUU=	PHVua25vd24+IENVUkxGT1JNX0NPUFlOQU1F	QU5Z	44	94489280946
68719477418	107374182430	ZmllbGROYW1l	ZmllbGROYW1l	Y2hhcio=	44	111669149756
68719477419	107374182430	Q1VSTEZPUk1fTkFNRUxFTkdUSA==	PHVua25vd24+IENVUkxGT1JNX05BTUVMRU5HVEg=	QU5Z	44	94489280945
68719477420	107374182430	ZmllbGROYW1lTGVuZ3Ro	ZmllbGROYW1lTGVuZ3Ro	bG9uZw==	45	111669149757
68719477421	107374182430	Q1VSTEZPUk1fRklMRQ==	PHVua25vd24+IENVUkxGT1JNX0ZJTEU=	QU5Z	45	94489280944
68719477422	107374182430	ZmlsZU5hbWU=	ZmlsZU5hbWU=	Y2hhcio=	45	111669149758
68719477423	107374182430	Q1VSTEZPUk1fQ09OVEVOVFRZUEU=	PHVua25vd24+IENVUkxGT1JNX0NPTlRFTlRUWVBF	QU5Z	45	94489280943
68719477424	107374182430	Y29udGVudFR5cGU=	Y29udGVudFR5cGU=	Y2hhcio=	45	111669149759
68719477425	107374182430	Q1VSTEZPUk1fRklMRU5BTUU=	PHVua25vd24+IENVUkxGT1JNX0ZJTEVOQU1F	QU5Z	46	94489280942
68719477426	107374182430	bmV3RmlsZU5hbWU=	bmV3RmlsZU5hbWU=	Y2hhcio=	46	111669149760
68719477427	107374182430	Q1VSTEZPUk1fRU5E	PHVua25vd24+IENVUkxGT1JNX0VORA==	QU5Z	46	94489280941
68719477428	107374182430	dGhpcw==	dGhpcw==	Tm9kZUxpYmN1cmwuQ3VybEh0dHBQb3N0Kg==	52	111669149761
68719477429	107374182430	dGhpcw==	dGhpcw==	Tm9kZUxpYmN1cmwuQ3VybEh0dHBQb3N0Kg==	52	111669149761
68719477430	107374182430	Q1VSTEZPUk1fQ09QWU5BTUU=	PHVua25vd24+IENVUkxGT1JNX0NPUFlOQU1F	QU5Z	52	94489280940
68719477431	107374182430	ZmllbGROYW1l	ZmllbGROYW1l	Y2hhcio=	52	111669149762
68719477432	107374182430	Q1VSTEZPUk1fTkFNRUxFTkdUSA==	PHVua25vd24+IENVUkxGT1JNX05BTUVMRU5HVEg=	QU5Z	52	94489280939
68719477433	107374182430	ZmllbGROYW1lTGVuZ3Ro	ZmllbGROYW1lTGVuZ3Ro	bG9uZw==	53	111669149763
68719477434	107374182430	Q1VSTEZPUk1fQ09QWUNPTlRFTlRT	PHVua25vd24+IENVUkxGT1JNX0NPUFlDT05URU5UUw==	QU5Z	53	94489280938
68719477435	107374182430	ZmllbGRWYWx1ZQ==	ZmllbGRWYWx1ZQ==	Y2hhcio=	53	111669149764
68719477436	107374182430	Q1VSTEZPUk1fQ09OVEVOVFNMRU5HVEg=	PHVua25vd24+IENVUkxGT1JNX0NPTlRFTlRTTEVOR1RI	QU5Z	53	94489280937
68719477437	107374182430	ZmllbGRWYWx1ZUxlbmd0aA==	ZmllbGRWYWx1ZUxlbmd0aA==	bG9uZw==	54	111669149765
68719477438	107374182430	Q1VSTEZPUk1fRU5E	PHVua25vd24+IENVUkxGT1JNX0VORA==	QU5Z	54	94489280936
68719477439	107374182431	ZW52	ZW52	TmFwaS5FbnY=	680	94489280956
68719477440	107374182431	aW5mbw==	aW5mbw==	TmFwaS5DYWxsYmFja0luZm8m	680	111669149767
68719477441	107374182431	ZW52	ZW52	TmFwaS5FbnY=	681	94489280956
68719477442	107374182431	PHRtcD4w	PHRtcD4w	TmFwaS5PYmplY3RXcmFw	679	94489280960
68719477443	107374182431	PHRtcD4w	PHRtcD4w	TmFwaS5PYmplY3RXcmFw	679	94489280960
68719477444	107374182431	aW5mbw==	aW5mbw==	TmFwaS5DYWxsYmFja0luZm8m	679	111669149767
68719477445	107374182431	PHRtcD4w	PHRtcD4w	TmFwaS5PYmplY3RXcmFw	679	94489280960
68719477446	107374182433	ZnVuYw==	ZnVuYw==	TmFwaS5GdW5jdGlvbg==	689	94489280957
68719477447	107374182433	ZW52	ZW52	TmFwaS5FbnY=	689	111669149770
68719477448	107374182433	ZXhwb3J0cw==	ZXhwb3J0cw==	TmFwaS5PYmplY3Q=	690	111669149771
68719477449	107374182433	ZnVuYw==	ZnVuYw==	TmFwaS5GdW5jdGlvbg==	690	94489280957
68719477450	107374182433	ZnVuYw==	ZnVuYw==	TmFwaS5GdW5jdGlvbg==	691	94489280957
68719477451	107374182434	aW5mbw==	aW5mbw==	TmFwaS5DYWxsYmFja0luZm8m	694	111669149773
68719477452	107374182435	PHRtcD4w	PHRtcD4w	TmFwaS5PYmplY3RXcmFw	696	94489280959
68719477453	107374182435	PHRtcD4w	PHRtcD4w	TmFwaS5PYmplY3RXcmFw	696	94489280959
68719477454	107374182435	aW5mbw==	aW5mbw==	TmFwaS5DYWxsYmFja0luZm8m	696	111669149775
68719477455	107374182435	PHRtcD4w	PHRtcD4w	TmFwaS5PYmplY3RXcmFw	696	94489280959
68719477456	107374182437	ZnVuYw==	ZnVuYw==	TmFwaS5GdW5jdGlvbg==	701	94489280958
68719477457	107374182437	ZW52	ZW52	TmFwaS5FbnY=	701	111669149778
68719477458	107374182437	ZXhwb3J0cw==	ZXhwb3J0cw==	TmFwaS5PYmplY3Q=	702	111669149779
68719477459	107374182437	ZnVuYw==	ZnVuYw==	TmFwaS5GdW5jdGlvbg==	702	94489280958
68719477460	107374182437	ZnVuYw==	ZnVuYw==	TmFwaS5GdW5jdGlvbg==	703	94489280958
68719477446	107374182438	ZnVuYw==	ZnVuYw==	TmFwaS5GdW5jdGlvbg==	689	94489280957
68719477447	107374182438	ZW52	ZW52	TmFwaS5FbnY=	689	111669149770
68719477448	107374182438	ZXhwb3J0cw==	ZXhwb3J0cw==	TmFwaS5PYmplY3Q=	690	111669149771
68719477449	107374182438	ZnVuYw==	ZnVuYw==	TmFwaS5GdW5jdGlvbg==	690	94489280957
68719477450	107374182438	ZnVuYw==	ZnVuYw==	TmFwaS5GdW5jdGlvbg==	691	94489280957
68719477451	107374182438	aW5mbw==	aW5mbw==	TmFwaS5DYWxsYmFja0luZm8m	694	111669149773
68719477456	107374182438	ZnVuYw==	ZnVuYw==	TmFwaS5GdW5jdGlvbg==	701	94489280958
68719477457	107374182438	ZW52	ZW52	TmFwaS5FbnY=	701	111669149778
68719477458	107374182438	ZXhwb3J0cw==	ZXhwb3J0cw==	TmFwaS5PYmplY3Q=	702	111669149779
68719477459	107374182438	ZnVuYw==	ZnVuYw==	TmFwaS5GdW5jdGlvbg==	702	94489280958
68719477460	107374182438	ZnVuYw==	ZnVuYw==	TmFwaS5GdW5jdGlvbg==	703	94489280958
68719477461	107374182439	b2Jq	b2Jq	TmFwaS5PYmplY3Q=	69	111669149781
68719477462	107374182439	a2V5	a2V5	c3RkLnN0cmluZyY=	69	111669149782
68719477463	107374182439	b2Jq	b2Jq	TmFwaS5PYmplY3Q=	69	111669149781
68719477464	107374182439	dmFsdWU=	dmFsdWU=	VFZhbHVl	69	111669149783
68719477465	107374182440	b2Jq	b2Jq	TmFwaS5PYmplY3Q=	76	111669149785
68719477466	107374182440	a2V5	a2V5	c3RkLnN0cmluZyY=	76	111669149786
68719477467	107374182440	dmFsdWU=	dmFsdWU=	TmFwaS5WYWx1ZQ==	76	111669149787
68719477468	107374182441	ZW52	ZW52	TmFwaS5FbnY=	83	94489280961
68719477469	107374182441	b2Jq	b2Jq	TmFwaS5PYmplY3Q=	83	111669149789
68719477470	107374182441	dmFsdWU=	dmFsdWU=	Y2hhcio=	84	111669149791
68719477471	107374182441	b2Jq	b2Jq	TmFwaS5PYmplY3Q=	85	111669149789
68719477472	107374182441	a2V5	a2V5	c3RkLnN0cmluZyY=	85	111669149790
68719477473	107374182441	ZW52	ZW52	TmFwaS5FbnY=	85	94489280961
68719477474	107374182441	b2Jq	b2Jq	TmFwaS5PYmplY3Q=	87	111669149789
68719477475	107374182441	a2V5	a2V5	c3RkLnN0cmluZyY=	87	111669149790
68719477476	107374182441	ZW52	ZW52	TmFwaS5FbnY=	87	94489280961
68719477477	107374182441	dmFsdWU=	dmFsdWU=	Y2hhcio=	87	111669149791
68719477478	107374182442	dmVyc2lvbkluZm8=	dmVyc2lvbkluZm8=	QU5Z	92	94489280979
68719477479	107374182442	ZW52	ZW52	TmFwaS5FbnY=	93	111669149793
68719477480	107374182442	b2Jq	b2Jq	TmFwaS5PYmplY3Q=	96	94489280962
68719477481	107374182442	ZW52	ZW52	TmFwaS5FbnY=	96	111669149793
68719477482	107374182442	YXR0cmlidXRlcw==	YXR0cmlidXRlcw==	bmFwaV9wcm9wZXJ0eV9hdHRyaWJ1dGVz	98	94489280963
68719477483	107374182442	bmFwaV9lbnVtZXJhYmxl	PHVua25vd24+IG5hcGlfZW51bWVyYWJsZQ==	QU5Z	99	94489280981
68719477484	107374182442	bmFwaV9jb25maWd1cmFibGU=	PHVua25vd24+IG5hcGlfY29uZmlndXJhYmxl	QU5Z	99	94489280980
68719477485	107374182442	cHJvdG9jb2xz	cHJvdG9jb2xz	TmFwaS5Qcm9wZXJ0eURlc2NyaXB0b3I=	101	94489280964
68719477486	107374182442	YXR0cmlidXRlcw==	YXR0cmlidXRlcw==	bmFwaV9wcm9wZXJ0eV9hdHRyaWJ1dGVz	102	94489280963
68719477487	107374182442	ZmVhdHVyZXM=	ZmVhdHVyZXM=	TmFwaS5Qcm9wZXJ0eURlc2NyaXB0b3I=	103	94489280965
68719477488	107374182442	YXR0cmlidXRlcw==	YXR0cmlidXRlcw==	bmFwaV9wcm9wZXJ0eV9hdHRyaWJ1dGVz	104	94489280963
68719477489	107374182442	b2Jq	b2Jq	TmFwaS5PYmplY3Q=	106	94489280962
68719477490	107374182442	cHJvdG9jb2xz	cHJvdG9jb2xz	TmFwaS5Qcm9wZXJ0eURlc2NyaXB0b3I=	106	94489280964
68719477491	107374182442	ZmVhdHVyZXM=	ZmVhdHVyZXM=	TmFwaS5Qcm9wZXJ0eURlc2NyaXB0b3I=	106	94489280965
68719477492	107374182442	b2Jq	b2Jq	TmFwaS5PYmplY3Q=	109	94489280962
68719477493	107374182442	ZW52	ZW52	TmFwaS5FbnY=	109	111669149793
68719477494	107374182442	dmVyc2lvbkluZm8=	dmVyc2lvbkluZm8=	QU5Z	109	94489280979
68719477495	107374182442	b2Jq	b2Jq	TmFwaS5PYmplY3Q=	110	94489280962
68719477496	107374182442	dmVyc2lvbkluZm8=	dmVyc2lvbkluZm8=	QU5Z	111	94489280979
68719477497	107374182442	ZW52	ZW52	TmFwaS5FbnY=	111	111669149793
68719477498	107374182442	dmVyc2lvbkluZm8=	dmVyc2lvbkluZm8=	QU5Z	111	94489280979
68719477499	107374182442	ZW52	ZW52	TmFwaS5FbnY=	111	111669149793
68719477500	107374182442	b2Jq	b2Jq	TmFwaS5PYmplY3Q=	112	94489280962
68719477501	107374182442	ZW52	ZW52	TmFwaS5FbnY=	112	111669149793
68719477502	107374182442	dmVyc2lvbkluZm8=	dmVyc2lvbkluZm8=	QU5Z	112	94489280979
68719477503	107374182442	b2Jq	b2Jq	TmFwaS5PYmplY3Q=	113	94489280962
68719477504	107374182442	dmVyc2lvbkluZm8=	dmVyc2lvbkluZm8=	QU5Z	114	94489280979
68719477505	107374182442	ZW52	ZW52	TmFwaS5FbnY=	114	111669149793
68719477506	107374182442	dmVyc2lvbkluZm8=	dmVyc2lvbkluZm8=	QU5Z	114	94489280979
68719477507	107374182442	ZW52	ZW52	TmFwaS5FbnY=	114	111669149793
68719477508	107374182442	b2Jq	b2Jq	TmFwaS5PYmplY3Q=	115	94489280962
68719477509	107374182442	ZW52	ZW52	TmFwaS5FbnY=	115	111669149793
68719477510	107374182442	b2Jq	b2Jq	TmFwaS5PYmplY3Q=	116	94489280962
68719477511	107374182442	dmVyc2lvbkluZm8=	dmVyc2lvbkluZm8=	QU5Z	116	94489280979
68719477512	107374182442	ZW52	ZW52	TmFwaS5FbnY=	117	111669149793
68719477513	107374182442	dmVyc2lvbkluZm8=	dmVyc2lvbkluZm8=	QU5Z	117	94489280979
68719477514	107374182442	ZW52	ZW52	TmFwaS5FbnY=	118	111669149793
68719477515	107374182442	b2Jq	b2Jq	TmFwaS5PYmplY3Q=	119	94489280962
68719477516	107374182442	dmVyc2lvbkluZm8=	dmVyc2lvbkluZm8=	QU5Z	120	94489280979
68719477517	107374182442	ZW52	ZW52	TmFwaS5FbnY=	120	111669149793
68719477518	107374182442	dmVyc2lvbkluZm8=	dmVyc2lvbkluZm8=	QU5Z	120	94489280979
68719477519	107374182442	ZW52	ZW52	TmFwaS5FbnY=	120	111669149793
68719477520	107374182442	b2Jq	b2Jq	TmFwaS5PYmplY3Q=	121	94489280962
68719477521	107374182442	ZW52	ZW52	TmFwaS5FbnY=	121	111669149793
68719477522	107374182442	dmVyc2lvbkluZm8=	dmVyc2lvbkluZm8=	QU5Z	121	94489280979
68719477523	107374182442	b2Jq	b2Jq	TmFwaS5PYmplY3Q=	122	94489280962
68719477524	107374182442	dmVyc2lvbkluZm8=	dmVyc2lvbkluZm8=	QU5Z	123	94489280979
68719477525	107374182442	ZW52	ZW52	TmFwaS5FbnY=	123	111669149793
68719477526	107374182442	dmVyc2lvbkluZm8=	dmVyc2lvbkluZm8=	QU5Z	123	94489280979
68719477527	107374182442	ZW52	ZW52	TmFwaS5FbnY=	123	111669149793
68719477528	107374182442	b2Jq	b2Jq	TmFwaS5PYmplY3Q=	124	94489280962
68719477529	107374182442	ZW52	ZW52	TmFwaS5FbnY=	125	111669149793
68719477530	107374182442	dmVyc2lvbkluZm8=	dmVyc2lvbkluZm8=	QU5Z	125	94489280979
68719477531	107374182442	b2Jq	b2Jq	TmFwaS5PYmplY3Q=	126	94489280962
68719477532	107374182442	dmVyc2lvbkluZm8=	dmVyc2lvbkluZm8=	QU5Z	126	94489280979
68719477533	107374182442	ZW52	ZW52	TmFwaS5FbnY=	127	111669149793
68719477534	107374182442	dmVyc2lvbkluZm8=	dmVyc2lvbkluZm8=	QU5Z	127	94489280979
68719477535	107374182442	ZW52	ZW52	TmFwaS5FbnY=	128	111669149793
68719477536	107374182442	b2Jq	b2Jq	TmFwaS5PYmplY3Q=	138	94489280962
68719477537	107374182442	ZW52	ZW52	TmFwaS5FbnY=	138	111669149793
68719477538	107374182442	b2Jq	b2Jq	TmFwaS5PYmplY3Q=	139	94489280962
68719477539	107374182442	ZW52	ZW52	TmFwaS5FbnY=	139	111669149793
68719477540	107374182442	ZXhwb3J0cw==	ZXhwb3J0cw==	TmFwaS5PYmplY3Q=	142	111669149794
68719477541	107374182442	b2Jq	b2Jq	TmFwaS5PYmplY3Q=	142	94489280962
68719477542	107374182443	ZW52	ZW52	TmFwaS5FbnY=	146	94489280966
68719477543	107374182443	aW5mbw==	aW5mbw==	TmFwaS5DYWxsYmFja0luZm8m	146	111669149796
68719477544	107374182443	cHJvdG9jb2xz	cHJvdG9jb2xz	Y2hhcioq	149	94489280967
68719477545	107374182443	dmVyc2lvbkluZm8=	dmVyc2lvbkluZm8=	QU5Z	149	94489280978
68719477546	107374182443	aQ==	aQ==	dW5zaWduZWQgaW50	150	94489280968
68719477547	107374182443	cHJvdG9jb2xzUmVzdWx0	cHJvdG9jb2xzUmVzdWx0	TmFwaS5BcnJheQ==	152	94489280969
68719477548	107374182443	ZW52	ZW52	TmFwaS5FbnY=	152	94489280966
68719477549	107374182443	aQ==	aQ==	dW5zaWduZWQgaW50	154	94489280968
68719477550	107374182443	cHJvdG9jb2xz	cHJvdG9jb2xz	Y2hhcioq	154	94489280967
68719477551	107374182443	aQ==	aQ==	dW5zaWduZWQgaW50	154	94489280968
68719477552	107374182443	aQ==	aQ==	dW5zaWduZWQgaW50	154	94489280968
68719477553	107374182443	cHJvdG9jb2xzUmVzdWx0	cHJvdG9jb2xzUmVzdWx0	TmFwaS5BcnJheQ==	155	94489280969
68719477554	107374182443	aQ==	aQ==	dW5zaWduZWQgaW50	155	94489280968
68719477555	107374182443	ZW52	ZW52	TmFwaS5FbnY=	155	94489280966
68719477556	107374182443	cHJvdG9jb2xz	cHJvdG9jb2xz	Y2hhcioq	155	94489280967
68719477557	107374182443	aQ==	aQ==	dW5zaWduZWQgaW50	155	94489280968
68719477558	107374182443	cHJvdG9jb2xzUmVzdWx0	cHJvdG9jb2xzUmVzdWx0	TmFwaS5BcnJheQ==	158	94489280969
68719477559	107374182444	ZW52	ZW52	TmFwaS5FbnY=	162	94489280971
68719477560	107374182444	aW5mbw==	aW5mbw==	TmFwaS5DYWxsYmFja0luZm8m	162	111669149798
68719477561	107374182444	ZmVhdHVyZXNSZXN1bHQ=	ZmVhdHVyZXNSZXN1bHQ=	TmFwaS5BcnJheQ==	164	94489280972
68719477562	107374182444	ZW52	ZW52	TmFwaS5FbnY=	164	94489280971
68719477563	107374182444	Y3VycmVudEZlYXR1cmU=	Y3VycmVudEZlYXR1cmU=	dW5zaWduZWQgaW50	166	94489280973
68719477564	107374182444	PGl0ZXJhdG9yPjA=	PGl0ZXJhdG9yPjA=	c3RkLml0ZXJhdG9y	167	94489280976
68719477565	107374182444	Q3VybFZlcnNpb25JbmZv	Q3VybFZlcnNpb25JbmZv	Q3VybFZlcnNpb25JbmZv	167	94489280977
68719477566	107374182444	PGl0ZXJhdG9yPjA=	PGl0ZXJhdG9yPjA=	c3RkLml0ZXJhdG9y	167	94489280976
68719477567	107374182444	ZmVhdA==	ZmVhdA==	QU5ZJg==	167	94489280974
68719477568	107374182444	PGl0ZXJhdG9yPjA=	PGl0ZXJhdG9yPjA=	c3RkLml0ZXJhdG9y	167	94489280976
68719477569	107374182444	dmVyc2lvbkluZm8=	dmVyc2lvbkluZm8=	QU5Z	168	94489280975
68719477570	107374182444	ZmVhdA==	ZmVhdA==	QU5ZJg==	168	94489280974
68719477571	107374182444	ZmVhdHVyZXNSZXN1bHQ=	ZmVhdHVyZXNSZXN1bHQ=	TmFwaS5BcnJheQ==	169	94489280972
68719477572	107374182444	Y3VycmVudEZlYXR1cmU=	Y3VycmVudEZlYXR1cmU=	dW5zaWduZWQgaW50	169	94489280973
68719477573	107374182444	ZW52	ZW52	TmFwaS5FbnY=	169	94489280971
68719477574	107374182444	ZmVhdA==	ZmVhdA==	QU5ZJg==	169	94489280974
68719477575	107374182444	ZmVhdHVyZXNSZXN1bHQ=	ZmVhdHVyZXNSZXN1bHQ=	TmFwaS5BcnJheQ==	173	94489280972
68719477461	107374182445	b2Jq	b2Jq	TmFwaS5PYmplY3Q=	69	111669149781
68719477462	107374182445	a2V5	a2V5	c3RkLnN0cmluZyY=	69	111669149782
68719477463	107374182445	b2Jq	b2Jq	TmFwaS5PYmplY3Q=	69	111669149781
68719477464	107374182445	dmFsdWU=	dmFsdWU=	VFZhbHVl	69	111669149783
68719477465	107374182445	b2Jq	b2Jq	TmFwaS5PYmplY3Q=	76	111669149785
68719477466	107374182445	a2V5	a2V5	c3RkLnN0cmluZyY=	76	111669149786
68719477467	107374182445	dmFsdWU=	dmFsdWU=	TmFwaS5WYWx1ZQ==	76	111669149787
68719477468	107374182445	ZW52	ZW52	TmFwaS5FbnY=	83	94489280961
68719477469	107374182445	b2Jq	b2Jq	TmFwaS5PYmplY3Q=	83	111669149789
68719477470	107374182445	dmFsdWU=	dmFsdWU=	Y2hhcio=	84	111669149791
68719477471	107374182445	b2Jq	b2Jq	TmFwaS5PYmplY3Q=	85	111669149789
68719477472	107374182445	a2V5	a2V5	c3RkLnN0cmluZyY=	85	111669149790
68719477473	107374182445	ZW52	ZW52	TmFwaS5FbnY=	85	94489280961
68719477474	107374182445	b2Jq	b2Jq	TmFwaS5PYmplY3Q=	87	111669149789
68719477475	107374182445	a2V5	a2V5	c3RkLnN0cmluZyY=	87	111669149790
68719477476	107374182445	ZW52	ZW52	TmFwaS5FbnY=	87	94489280961
68719477477	107374182445	dmFsdWU=	dmFsdWU=	Y2hhcio=	87	111669149791
68719477478	107374182445	dmVyc2lvbkluZm8=	dmVyc2lvbkluZm8=	QU5Z	92	94489280979
68719477479	107374182445	ZW52	ZW52	TmFwaS5FbnY=	93	111669149793
68719477480	107374182445	b2Jq	b2Jq	TmFwaS5PYmplY3Q=	96	94489280962
68719477481	107374182445	ZW52	ZW52	TmFwaS5FbnY=	96	111669149793
68719477482	107374182445	YXR0cmlidXRlcw==	YXR0cmlidXRlcw==	bmFwaV9wcm9wZXJ0eV9hdHRyaWJ1dGVz	98	94489280963
68719477483	107374182445	bmFwaV9lbnVtZXJhYmxl	PHVua25vd24+IG5hcGlfZW51bWVyYWJsZQ==	QU5Z	99	94489280981
68719477484	107374182445	bmFwaV9jb25maWd1cmFibGU=	PHVua25vd24+IG5hcGlfY29uZmlndXJhYmxl	QU5Z	99	94489280980
68719477485	107374182445	cHJvdG9jb2xz	cHJvdG9jb2xz	TmFwaS5Qcm9wZXJ0eURlc2NyaXB0b3I=	101	94489280964
68719477486	107374182445	YXR0cmlidXRlcw==	YXR0cmlidXRlcw==	bmFwaV9wcm9wZXJ0eV9hdHRyaWJ1dGVz	102	94489280963
68719477487	107374182445	ZmVhdHVyZXM=	ZmVhdHVyZXM=	TmFwaS5Qcm9wZXJ0eURlc2NyaXB0b3I=	103	94489280965
68719477488	107374182445	YXR0cmlidXRlcw==	YXR0cmlidXRlcw==	bmFwaV9wcm9wZXJ0eV9hdHRyaWJ1dGVz	104	94489280963
68719477489	107374182445	b2Jq	b2Jq	TmFwaS5PYmplY3Q=	106	94489280962
68719477490	107374182445	cHJvdG9jb2xz	cHJvdG9jb2xz	TmFwaS5Qcm9wZXJ0eURlc2NyaXB0b3I=	106	94489280964
68719477491	107374182445	ZmVhdHVyZXM=	ZmVhdHVyZXM=	TmFwaS5Qcm9wZXJ0eURlc2NyaXB0b3I=	106	94489280965
68719477492	107374182445	b2Jq	b2Jq	TmFwaS5PYmplY3Q=	109	94489280962
68719477493	107374182445	ZW52	ZW52	TmFwaS5FbnY=	109	111669149793
68719477494	107374182445	dmVyc2lvbkluZm8=	dmVyc2lvbkluZm8=	QU5Z	109	94489280979
68719477495	107374182445	b2Jq	b2Jq	TmFwaS5PYmplY3Q=	110	94489280962
68719477496	107374182445	dmVyc2lvbkluZm8=	dmVyc2lvbkluZm8=	QU5Z	111	94489280979
68719477497	107374182445	ZW52	ZW52	TmFwaS5FbnY=	111	111669149793
68719477498	107374182445	dmVyc2lvbkluZm8=	dmVyc2lvbkluZm8=	QU5Z	111	94489280979
68719477499	107374182445	ZW52	ZW52	TmFwaS5FbnY=	111	111669149793
68719477500	107374182445	b2Jq	b2Jq	TmFwaS5PYmplY3Q=	112	94489280962
68719477501	107374182445	ZW52	ZW52	TmFwaS5FbnY=	112	111669149793
68719477502	107374182445	dmVyc2lvbkluZm8=	dmVyc2lvbkluZm8=	QU5Z	112	94489280979
68719477503	107374182445	b2Jq	b2Jq	TmFwaS5PYmplY3Q=	113	94489280962
68719477504	107374182445	dmVyc2lvbkluZm8=	dmVyc2lvbkluZm8=	QU5Z	114	94489280979
68719477505	107374182445	ZW52	ZW52	TmFwaS5FbnY=	114	111669149793
68719477506	107374182445	dmVyc2lvbkluZm8=	dmVyc2lvbkluZm8=	QU5Z	114	94489280979
68719477507	107374182445	ZW52	ZW52	TmFwaS5FbnY=	114	111669149793
68719477508	107374182445	b2Jq	b2Jq	TmFwaS5PYmplY3Q=	115	94489280962
68719477509	107374182445	ZW52	ZW52	TmFwaS5FbnY=	115	111669149793
68719477510	107374182445	b2Jq	b2Jq	TmFwaS5PYmplY3Q=	116	94489280962
68719477511	107374182445	dmVyc2lvbkluZm8=	dmVyc2lvbkluZm8=	QU5Z	116	94489280979
68719477512	107374182445	ZW52	ZW52	TmFwaS5FbnY=	117	111669149793
68719477513	107374182445	dmVyc2lvbkluZm8=	dmVyc2lvbkluZm8=	QU5Z	117	94489280979
68719477514	107374182445	ZW52	ZW52	TmFwaS5FbnY=	118	111669149793
68719477515	107374182445	b2Jq	b2Jq	TmFwaS5PYmplY3Q=	119	94489280962
68719477516	107374182445	dmVyc2lvbkluZm8=	dmVyc2lvbkluZm8=	QU5Z	120	94489280979
68719477517	107374182445	ZW52	ZW52	TmFwaS5FbnY=	120	111669149793
68719477518	107374182445	dmVyc2lvbkluZm8=	dmVyc2lvbkluZm8=	QU5Z	120	94489280979
68719477519	107374182445	ZW52	ZW52	TmFwaS5FbnY=	120	111669149793
68719477520	107374182445	b2Jq	b2Jq	TmFwaS5PYmplY3Q=	121	94489280962
68719477521	107374182445	ZW52	ZW52	TmFwaS5FbnY=	121	111669149793
68719477522	107374182445	dmVyc2lvbkluZm8=	dmVyc2lvbkluZm8=	QU5Z	121	94489280979
68719477523	107374182445	b2Jq	b2Jq	TmFwaS5PYmplY3Q=	122	94489280962
68719477524	107374182445	dmVyc2lvbkluZm8=	dmVyc2lvbkluZm8=	QU5Z	123	94489280979
68719477525	107374182445	ZW52	ZW52	TmFwaS5FbnY=	123	111669149793
68719477526	107374182445	dmVyc2lvbkluZm8=	dmVyc2lvbkluZm8=	QU5Z	123	94489280979
68719477527	107374182445	ZW52	ZW52	TmFwaS5FbnY=	123	111669149793
68719477528	107374182445	b2Jq	b2Jq	TmFwaS5PYmplY3Q=	124	94489280962
68719477529	107374182445	ZW52	ZW52	TmFwaS5FbnY=	125	111669149793
68719477530	107374182445	dmVyc2lvbkluZm8=	dmVyc2lvbkluZm8=	QU5Z	125	94489280979
68719477531	107374182445	b2Jq	b2Jq	TmFwaS5PYmplY3Q=	126	94489280962
68719477532	107374182445	dmVyc2lvbkluZm8=	dmVyc2lvbkluZm8=	QU5Z	126	94489280979
68719477533	107374182445	ZW52	ZW52	TmFwaS5FbnY=	127	111669149793
68719477534	107374182445	dmVyc2lvbkluZm8=	dmVyc2lvbkluZm8=	QU5Z	127	94489280979
68719477535	107374182445	ZW52	ZW52	TmFwaS5FbnY=	128	111669149793
68719477536	107374182445	b2Jq	b2Jq	TmFwaS5PYmplY3Q=	138	94489280962
68719477537	107374182445	ZW52	ZW52	TmFwaS5FbnY=	138	111669149793
68719477538	107374182445	b2Jq	b2Jq	TmFwaS5PYmplY3Q=	139	94489280962
68719477539	107374182445	ZW52	ZW52	TmFwaS5FbnY=	139	111669149793
68719477540	107374182445	ZXhwb3J0cw==	ZXhwb3J0cw==	TmFwaS5PYmplY3Q=	142	111669149794
68719477541	107374182445	b2Jq	b2Jq	TmFwaS5PYmplY3Q=	142	94489280962
68719477542	107374182445	ZW52	ZW52	TmFwaS5FbnY=	146	94489280966
68719477543	107374182445	aW5mbw==	aW5mbw==	TmFwaS5DYWxsYmFja0luZm8m	146	111669149796
68719477544	107374182445	cHJvdG9jb2xz	cHJvdG9jb2xz	Y2hhcioq	149	94489280967
68719477545	107374182445	dmVyc2lvbkluZm8=	dmVyc2lvbkluZm8=	QU5Z	149	94489280978
68719477546	107374182445	aQ==	aQ==	dW5zaWduZWQgaW50	150	94489280968
68719477547	107374182445	cHJvdG9jb2xzUmVzdWx0	cHJvdG9jb2xzUmVzdWx0	TmFwaS5BcnJheQ==	152	94489280969
68719477548	107374182445	ZW52	ZW52	TmFwaS5FbnY=	152	94489280966
68719477549	107374182445	aQ==	aQ==	dW5zaWduZWQgaW50	154	94489280968
68719477550	107374182445	cHJvdG9jb2xz	cHJvdG9jb2xz	Y2hhcioq	154	94489280967
68719477551	107374182445	aQ==	aQ==	dW5zaWduZWQgaW50	154	94489280968
68719477552	107374182445	aQ==	aQ==	dW5zaWduZWQgaW50	154	94489280968
68719477553	107374182445	cHJvdG9jb2xzUmVzdWx0	cHJvdG9jb2xzUmVzdWx0	TmFwaS5BcnJheQ==	155	94489280969
68719477554	107374182445	aQ==	aQ==	dW5zaWduZWQgaW50	155	94489280968
68719477555	107374182445	ZW52	ZW52	TmFwaS5FbnY=	155	94489280966
68719477556	107374182445	cHJvdG9jb2xz	cHJvdG9jb2xz	Y2hhcioq	155	94489280967
68719477557	107374182445	aQ==	aQ==	dW5zaWduZWQgaW50	155	94489280968
68719477558	107374182445	cHJvdG9jb2xzUmVzdWx0	cHJvdG9jb2xzUmVzdWx0	TmFwaS5BcnJheQ==	158	94489280969
68719477559	107374182445	ZW52	ZW52	TmFwaS5FbnY=	162	94489280971
68719477560	107374182445	aW5mbw==	aW5mbw==	TmFwaS5DYWxsYmFja0luZm8m	162	111669149798
68719477561	107374182445	ZmVhdHVyZXNSZXN1bHQ=	ZmVhdHVyZXNSZXN1bHQ=	TmFwaS5BcnJheQ==	164	94489280972
68719477562	107374182445	ZW52	ZW52	TmFwaS5FbnY=	164	94489280971
68719477563	107374182445	Y3VycmVudEZlYXR1cmU=	Y3VycmVudEZlYXR1cmU=	dW5zaWduZWQgaW50	166	94489280973
68719477564	107374182445	PGl0ZXJhdG9yPjA=	PGl0ZXJhdG9yPjA=	c3RkLml0ZXJhdG9y	167	94489280976
68719477565	107374182445	Q3VybFZlcnNpb25JbmZv	Q3VybFZlcnNpb25JbmZv	Q3VybFZlcnNpb25JbmZv	167	94489280977
68719477566	107374182445	PGl0ZXJhdG9yPjA=	PGl0ZXJhdG9yPjA=	c3RkLml0ZXJhdG9y	167	94489280976
68719477567	107374182445	ZmVhdA==	ZmVhdA==	QU5ZJg==	167	94489280974
68719477568	107374182445	PGl0ZXJhdG9yPjA=	PGl0ZXJhdG9yPjA=	c3RkLml0ZXJhdG9y	167	94489280976
68719477569	107374182445	dmVyc2lvbkluZm8=	dmVyc2lvbkluZm8=	QU5Z	168	94489280975
68719477570	107374182445	ZmVhdA==	ZmVhdA==	QU5ZJg==	168	94489280974
68719477571	107374182445	ZmVhdHVyZXNSZXN1bHQ=	ZmVhdHVyZXNSZXN1bHQ=	TmFwaS5BcnJheQ==	169	94489280972
68719477572	107374182445	Y3VycmVudEZlYXR1cmU=	Y3VycmVudEZlYXR1cmU=	dW5zaWduZWQgaW50	169	94489280973
68719477573	107374182445	ZW52	ZW52	TmFwaS5FbnY=	169	94489280971
68719477574	107374182445	ZmVhdA==	ZmVhdA==	QU5ZJg==	169	94489280974
68719477575	107374182445	ZmVhdHVyZXNSZXN1bHQ=	ZmVhdHVyZXNSZXN1bHQ=	TmFwaS5BcnJheQ==	173	94489280972
68719477590	107374182446	c3Ry	c3Ry	QU5Z	46	94489281459
68719477591	107374182446	PHRtcD4w	PHRtcD4w	QU5Z	46	94489281458
68719477592	107374182446	PHRtcD4w	PHRtcD4w	QU5Z	46	94489281458
68719477593	107374182446	PHRtcD4w	PHRtcD4w	QU5Z	46	94489281458
68719477594	107374182446	c2xpc3Q=	c2xpc3Q=	QU5Z	47	94489281457
68719477595	107374182446	PHRtcD4x	PHRtcD4x	QU5Z	47	94489281456
68719477596	107374182446	PHRtcD4x	PHRtcD4x	QU5Z	47	94489281456
68719477597	107374182446	PHRtcD4x	PHRtcD4x	QU5Z	47	94489281456
68719477598	107374182446	bWltZQ==	bWltZQ==	QU5Z	48	94489281455
68719477599	107374182446	PHRtcD4y	PHRtcD4y	QU5Z	48	94489281454
68719477600	107374182446	PHRtcD4y	PHRtcD4y	QU5Z	48	94489281454
68719477601	107374182446	PHRtcD4y	PHRtcD4y	QU5Z	48	94489281454
68719477602	107374182446	cG9zdA==	cG9zdA==	QU5Z	49	94489281453
68719477603	107374182446	PHRtcD4z	PHRtcD4z	QU5Z	49	94489281452
68719477604	107374182446	PHRtcD4z	PHRtcD4z	QU5Z	49	94489281452
68719477605	107374182446	PHRtcD4z	PHRtcD4z	QU5Z	49	94489281452
68719477576	107374182447	PGl0ZXJhdG9yPjA=	PGl0ZXJhdG9yPjA=	c3RkLml0ZXJhdG9y	52	94489281461
68719477577	107374182447	dGhpcw==	dGhpcw==	Tm9kZUxpYmN1cmwuRWFzeS5Ub0ZyZWUq	52	111669149799
68719477578	107374182447	PGl0ZXJhdG9yPjA=	PGl0ZXJhdG9yPjA=	c3RkLml0ZXJhdG9y	52	94489281461
68719477579	107374182447	bGlzdA==	bGlzdA==	QU5ZJg==	52	94489280984
68719477580	107374182447	PGl0ZXJhdG9yPjA=	PGl0ZXJhdG9yPjA=	c3RkLml0ZXJhdG9y	52	94489281461
68719477581	107374182447	bGlzdA==	bGlzdA==	QU5ZJg==	53	94489280984
68719477582	107374182447	bGlzdA==	bGlzdA==	QU5ZJg==	53	94489280984
68719477583	107374182447	PGl0ZXJhdG9yPjE=	PGl0ZXJhdG9yPjE=	c3RkLml0ZXJhdG9y	55	94489281460
68719477584	107374182447	dGhpcw==	dGhpcw==	Tm9kZUxpYmN1cmwuRWFzeS5Ub0ZyZWUq	55	111669149799
68719477585	107374182447	PGl0ZXJhdG9yPjE=	PGl0ZXJhdG9yPjE=	c3RkLml0ZXJhdG9y	55	94489281460
68719477586	107374182447	bQ==	bQ==	QU5ZJg==	55	94489280985
68719477587	107374182447	PGl0ZXJhdG9yPjE=	PGl0ZXJhdG9yPjE=	c3RkLml0ZXJhdG9y	55	94489281460
68719477588	107374182447	bQ==	bQ==	QU5ZJg==	56	94489280985
68719477589	107374182447	bQ==	bQ==	QU5ZJg==	56	94489280985
68719477606	107374182448	ZW52	ZW52	TmFwaS5FbnY=	65	94489280986
68719477607	107374182448	aW5mbw==	aW5mbw==	TmFwaS5DYWxsYmFja0luZm8m	65	111669149801
68719477608	107374182448	Y3VybA==	Y3VybA==	Tm9kZUxpYmN1cmwuQ3VybCo=	67	94489280987
68719477609	107374182448	ZW52	ZW52	TmFwaS5FbnY=	67	94489280986
68719477610	107374182448	aXNGcm9tRHVwbGljYXRl	aXNGcm9tRHVwbGljYXRl	Ym9vbA==	69	94489280988
68719477611	107374182448	aW5mbw==	aW5mbw==	TmFwaS5DYWxsYmFja0luZm8m	71	111669149801
68719477612	107374182448	aW5mbw==	aW5mbw==	TmFwaS5DYWxsYmFja0luZm8m	71	111669149801
68719477613	107374182448	aXNGcm9tRHVwbGljYXRl	aXNGcm9tRHVwbGljYXRl	Ym9vbA==	72	94489280988
68719477614	107374182448	aW5mbw==	aW5mbw==	TmFwaS5DYWxsYmFja0luZm8m	74	111669149801
68719477615	107374182448	ZWFzeUNvbnN0cnVjdG9y	ZWFzeUNvbnN0cnVjdG9y	TmFwaS5GdW5jdGlvbg==	75	94489280989
68719477616	107374182448	Y3VybA==	Y3VybA==	Tm9kZUxpYmN1cmwuQ3VybCo=	75	94489280987
68719477617	107374182448	cG9zc2libHlBbm90aGVyRWFzeQ==	cG9zc2libHlBbm90aGVyRWFzeQ==	QU5Z	76	94489280990
68719477618	107374182448	aW5mbw==	aW5mbw==	TmFwaS5DYWxsYmFja0luZm8m	76	111669149801
68719477619	107374182448	cG9zc2libHlBbm90aGVyRWFzeQ==	cG9zc2libHlBbm90aGVyRWFzeQ==	QU5Z	78	94489280990
68719477620	107374182448	ZWFzeUNvbnN0cnVjdG9y	ZWFzeUNvbnN0cnVjdG9y	TmFwaS5GdW5jdGlvbg==	78	94489280989
68719477621	107374182448	ZW52	ZW52	TmFwaS5FbnY=	79	94489280986
68719477622	107374182448	Q1VSTEVfQkFEX0ZVTkNUSU9OX0FSR1VNRU5U	PHVua25vd24+IENVUkxFX0JBRF9GVU5DVElPTl9BUkdVTUVOVA==	QU5Z	80	94489281446
68719477623	107374182448	b3JpZw==	b3JpZw==	Tm9kZUxpYmN1cmwuRWFzeSo=	83	94489280991
68719477624	107374182448	cG9zc2libHlBbm90aGVyRWFzeQ==	cG9zc2libHlBbm90aGVyRWFzeQ==	QU5Z	83	94489280990
68719477625	107374182448	dGhpcw==	dGhpcw==	Tm9kZUxpYmN1cmwuRWFzeSo=	86	111669149800
68719477626	107374182448	b3JpZw==	b3JpZw==	Tm9kZUxpYmN1cmwuRWFzeSo=	86	94489280991
68719477627	107374182448	dGhpcw==	dGhpcw==	Tm9kZUxpYmN1cmwuRWFzeSo=	87	111669149800
68719477628	107374182448	dGhpcw==	dGhpcw==	Tm9kZUxpYmN1cmwuRWFzeSo=	89	111669149800
68719477629	107374182448	b3JpZw==	b3JpZw==	Tm9kZUxpYmN1cmwuRWFzeSo=	89	94489280991
68719477630	107374182448	aW5mbw==	aW5mbw==	TmFwaS5DYWxsYmFja0luZm8m	91	111669149801
68719477631	107374182448	bWF5YmVIYW5kbGVFeHRlcm5hbA==	bWF5YmVIYW5kbGVFeHRlcm5hbA==	QU5Z	93	94489280992
68719477632	107374182448	aW5mbw==	aW5mbw==	TmFwaS5DYWxsYmFja0luZm8m	93	111669149801
68719477633	107374182448	bWF5YmVIYW5kbGVFeHRlcm5hbA==	bWF5YmVIYW5kbGVFeHRlcm5hbA==	QU5Z	95	94489280992
68719477634	107374182448	RUFTWV9UWVBFX1RBRw==	PGdsb2JhbD4gRUFTWV9UWVBFX1RBRw==	bmFwaV90eXBlX3RhZw==	95	94489281449
68719477635	107374182448	ZW52	ZW52	TmFwaS5FbnY=	96	94489280986
68719477636	107374182448	Q1VSTEVfQkFEX0ZVTkNUSU9OX0FSR1VNRU5U	PHVua25vd24+IENVUkxFX0JBRF9GVU5DVElPTl9BUkdVTUVOVA==	QU5Z	97	94489281446
68719477637	107374182448	Y3VybEVhc3lIYW5kbGU=	Y3VybEVhc3lIYW5kbGU=	Q1VSTCo=	100	94489280993
68719477638	107374182448	bWF5YmVIYW5kbGVFeHRlcm5hbA==	bWF5YmVIYW5kbGVFeHRlcm5hbA==	QU5Z	100	94489280992
68719477639	107374182448	dGhpcw==	dGhpcw==	Tm9kZUxpYmN1cmwuRWFzeSo=	101	111669149800
68719477640	107374182448	Y3VybEVhc3lIYW5kbGU=	Y3VybEVhc3lIYW5kbGU=	Q1VSTCo=	101	94489280993
68719477641	107374182448	b3JpZ0Vhc3lQdHI=	b3JpZ0Vhc3lQdHI=	Y2hhcio=	104	94489280994
68719477642	107374182448	Y29kZQ==	Y29kZQ==	Q1VSTGNvZGU=	105	94489280995
68719477643	107374182448	Y3VybEVhc3lIYW5kbGU=	Y3VybEVhc3lIYW5kbGU=	Q1VSTCo=	105	94489280993
68719477644	107374182448	Q1VSTElORk9fUFJJVkFURQ==	PHVua25vd24+IENVUkxJTkZPX1BSSVZBVEU=	QU5Z	105	94489281448
68719477645	107374182448	b3JpZ0Vhc3lQdHI=	b3JpZ0Vhc3lQdHI=	Y2hhcio=	105	94489280994
68719477646	107374182448	Y29kZQ==	Y29kZQ==	Q1VSTGNvZGU=	107	94489280995
68719477647	107374182448	Q1VSTEVfT0s=	PHVua25vd24+IENVUkxFX09L	QU5Z	107	94489281447
68719477648	107374182448	b3JpZ0Vhc3lQdHI=	b3JpZ0Vhc3lQdHI=	Y2hhcio=	107	94489280994
68719477649	107374182448	b3JpZw==	b3JpZw==	Tm9kZUxpYmN1cmwuRWFzeSo=	108	94489280996
68719477650	107374182448	b3JpZ0Vhc3lQdHI=	b3JpZ0Vhc3lQdHI=	Y2hhcio=	108	94489280994
68719477651	107374182448	b3JpZw==	b3JpZw==	Tm9kZUxpYmN1cmwuRWFzeSo=	109	94489280996
68719477652	107374182448	dGhpcw==	dGhpcw==	Tm9kZUxpYmN1cmwuRWFzeSo=	110	111669149800
68719477653	107374182448	b3JpZw==	b3JpZw==	Tm9kZUxpYmN1cmwuRWFzeSo=	110	94489280996
68719477654	107374182448	ZW52	ZW52	TmFwaS5FbnY=	115	94489280986
68719477655	107374182448	Q1VSTEVfQkFEX0ZVTkNUSU9OX0FSR1VNRU5U	PHVua25vd24+IENVUkxFX0JBRF9GVU5DVElPTl9BUkdVTUVOVA==	QU5Z	116	94489281446
68719477656	107374182448	dGhpcw==	dGhpcw==	Tm9kZUxpYmN1cmwuRWFzeSo=	120	111669149800
68719477657	107374182448	dGhpcw==	dGhpcw==	Tm9kZUxpYmN1cmwuRWFzeSo=	121	111669149800
68719477658	107374182448	ZW52	ZW52	TmFwaS5FbnY=	122	94489280986
68719477659	107374182448	Q1VSTEVfRkFJTEVEX0lOSVQ=	PHVua25vd24+IENVUkxFX0ZBSUxFRF9JTklU	QU5Z	122	94489281445
68719477660	107374182448	Y3VybA==	Y3VybA==	Tm9kZUxpYmN1cmwuQ3VybCo=	126	94489280987
68719477661	107374182448	Q1VSTF9IQU5ETEVfVFlQRV9FQVNZ	Q1VSTF9IQU5ETEVfVFlQRV9FQVNZ	QU5Z	126	94489281444
68719477662	107374182448	dGhpcw==	dGhpcw==	Tm9kZUxpYmN1cmwuRWFzeSo=	129	111669149800
68719477663	107374182448	aXNGcm9tRHVwbGljYXRl	aXNGcm9tRHVwbGljYXRl	Ym9vbA==	129	94489280988
68719477664	107374182448	PHRtcD4w	PHRtcD4w	TmFwaS5PYmplY3RXcmFw	63	94489281451
68719477665	107374182448	PHRtcD4w	PHRtcD4w	TmFwaS5PYmplY3RXcmFw	63	94489281451
68719477666	107374182448	aW5mbw==	aW5mbw==	TmFwaS5DYWxsYmFja0luZm8m	63	111669149801
68719477667	107374182448	PHRtcD4w	PHRtcD4w	TmFwaS5PYmplY3RXcmFw	63	94489281451
68719477668	107374182448	dGhpcw==	dGhpcw==	Tm9kZUxpYmN1cmwuRWFzeSo=	63	111669149800
68719477669	107374182448	bmV4dElk	bmV4dElk	QU5Z	63	94489281450
68719477670	107374182448	dGhpcw==	dGhpcw==	Tm9kZUxpYmN1cmwuRWFzeSo=	63	111669149800
68719477671	107374182449	dGhpcw==	dGhpcw==	Tm9kZUxpYmN1cmwuRWFzeSo=	135	111669149802
68719477672	107374182449	dGhpcw==	dGhpcw==	Tm9kZUxpYmN1cmwuRWFzeSo=	136	111669149802
68719477673	107374182450	dGhpcw==	dGhpcw==	Tm9kZUxpYmN1cmwuRWFzeSo=	144	111669149803
68719477674	107374182450	dGhpcw==	dGhpcw==	Tm9kZUxpYmN1cmwuRWFzeSo=	145	111669149803
68719477675	107374182450	dGhpcw==	dGhpcw==	Tm9kZUxpYmN1cmwuRWFzeSo=	147	111669149803
68719477676	107374182450	dGhpcw==	dGhpcw==	Tm9kZUxpYmN1cmwuRWFzeSo=	148	111669149803
68719477677	107374182450	dGhpcw==	dGhpcw==	Tm9kZUxpYmN1cmwuRWFzeSo=	149	111669149803
68719477678	107374182450	Y3VybA==	Y3VybA==	QU5Z	151	94489280997
68719477679	107374182450	dGhpcw==	dGhpcw==	Tm9kZUxpYmN1cmwuRWFzeSo=	151	111669149803
68719477680	107374182450	Y3VybA==	Y3VybA==	QU5Z	152	94489280997
68719477681	107374182450	Q1VSTF9IQU5ETEVfVFlQRV9FQVNZ	Q1VSTF9IQU5ETEVfVFlQRV9FQVNZ	QU5Z	152	94489281443
68719477682	107374182450	dGhpcw==	dGhpcw==	Tm9kZUxpYmN1cmwuRWFzeSo=	154	111669149803
68719477683	107374182450	dGhpcw==	dGhpcw==	Tm9kZUxpYmN1cmwuRWFzeSo=	155	111669149803
68719477684	107374182450	dGhpcw==	dGhpcw==	Tm9kZUxpYmN1cmwuRWFzeSo=	158	111669149803
68719477685	107374182451	dGhpcw==	dGhpcw==	Tm9kZUxpYmN1cmwuRWFzeSo=	163	111669149804
68719477686	107374182451	dGhpcw==	dGhpcw==	Tm9kZUxpYmN1cmwuRWFzeSo=	164	111669149804
68719477687	107374182451	dGhpcw==	dGhpcw==	Tm9kZUxpYmN1cmwuRWFzeSo=	166	111669149804
68719477688	107374182451	dGhpcw==	dGhpcw==	Tm9kZUxpYmN1cmwuRWFzeSo=	167	111669149804
68719477689	107374182451	dGhpcw==	dGhpcw==	Tm9kZUxpYmN1cmwuRWFzeSo=	170	111669149804
68719477690	107374182451	dGhpcw==	dGhpcw==	Tm9kZUxpYmN1cmwuRWFzeSo=	171	111669149804
68719477691	107374182451	dGhpcw==	dGhpcw==	Tm9kZUxpYmN1cmwuRWFzeSo=	173	111669149804
68719477692	107374182451	dGhpcw==	dGhpcw==	Tm9kZUxpYmN1cmwuRWFzeSo=	174	111669149804
68719477693	107374182451	dGhpcw==	dGhpcw==	Tm9kZUxpYmN1cmwuRWFzeSo=	175	111669149804
68719477694	107374182452	dGhpcw==	dGhpcw==	Tm9kZUxpYmN1cmwuRWFzeSo=	179	111669149805
68719477695	107374182452	Q1VSTE9QVF9QUklWQVRF	PHVua25vd24+IENVUkxPUFRfUFJJVkFURQ==	QU5Z	179	94489281442
68719477696	107374182452	dGhpcw==	dGhpcw==	Tm9kZUxpYmN1cmwuRWFzeSo=	179	111669149805
68719477697	107374182452	dGhpcw==	dGhpcw==	Tm9kZUxpYmN1cmwuRWFzeSo=	181	111669149805
68719477698	107374182452	Q1VSTE9QVF9IRUFERVJGVU5DVElPTg==	PHVua25vd24+IENVUkxPUFRfSEVBREVSRlVOQ1RJT04=	QU5Z	181	94489281441
68719477699	107374182452	dGhpcw==	dGhpcw==	Tm9kZUxpYmN1cmwuRWFzeSo=	182	111669149805
68719477700	107374182452	Q1VSTE9QVF9IRUFERVJEQVRB	PHVua25vd24+IENVUkxPUFRfSEVBREVSREFUQQ==	QU5Z	182	94489281440
68719477701	107374182452	dGhpcw==	dGhpcw==	Tm9kZUxpYmN1cmwuRWFzeSo=	182	111669149805
68719477702	107374182452	dGhpcw==	dGhpcw==	Tm9kZUxpYmN1cmwuRWFzeSo=	184	111669149805
68719477703	107374182452	Q1VSTE9QVF9SRUFERlVOQ1RJT04=	PHVua25vd24+IENVUkxPUFRfUkVBREZVTkNUSU9O	QU5Z	184	94489281439
68719477704	107374182452	dGhpcw==	dGhpcw==	Tm9kZUxpYmN1cmwuRWFzeSo=	185	111669149805
68719477705	107374182452	Q1VSTE9QVF9SRUFEREFUQQ==	PHVua25vd24+IENVUkxPUFRfUkVBRERBVEE=	QU5Z	185	94489281438
68719477706	107374182452	dGhpcw==	dGhpcw==	Tm9kZUxpYmN1cmwuRWFzeSo=	185	111669149805
68719477707	107374182452	dGhpcw==	dGhpcw==	Tm9kZUxpYmN1cmwuRWFzeSo=	187	111669149805
68719477708	107374182452	Q1VSTE9QVF9TRUVLRlVOQ1RJT04=	PHVua25vd24+IENVUkxPUFRfU0VFS0ZVTkNUSU9O	QU5Z	187	94489281437
68719477709	107374182452	dGhpcw==	dGhpcw==	Tm9kZUxpYmN1cmwuRWFzeSo=	188	111669149805
68719477710	107374182452	Q1VSTE9QVF9TRUVLREFUQQ==	PHVua25vd24+IENVUkxPUFRfU0VFS0RBVEE=	QU5Z	188	94489281436
68719477711	107374182452	dGhpcw==	dGhpcw==	Tm9kZUxpYmN1cmwuRWFzeSo=	188	111669149805
68719477712	107374182452	dGhpcw==	dGhpcw==	Tm9kZUxpYmN1cmwuRWFzeSo=	190	111669149805
68719477713	107374182452	Q1VSTE9QVF9XUklURUZVTkNUSU9O	PHVua25vd24+IENVUkxPUFRfV1JJVEVGVU5DVElPTg==	QU5Z	190	94489281435
68719477714	107374182452	dGhpcw==	dGhpcw==	Tm9kZUxpYmN1cmwuRWFzeSo=	191	111669149805
68719477715	107374182452	Q1VSTE9QVF9XUklURURBVEE=	PHVua25vd24+IENVUkxPUFRfV1JJVEVEQVRB	QU5Z	191	94489281434
68719477716	107374182452	dGhpcw==	dGhpcw==	Tm9kZUxpYmN1cmwuRWFzeSo=	191	111669149805
68719477717	107374182452	aXNGcm9tRHVwbGljYXRl	aXNGcm9tRHVwbGljYXRl	Ym9vbA==	195	111669149806
68719477718	107374182452	dGhpcw==	dGhpcw==	Tm9kZUxpYmN1cmwuRWFzeSo=	196	111669149805
68719477719	107374182452	Q1VSTE9QVF9DSFVOS19EQVRB	PHVua25vd24+IENVUkxPUFRfQ0hVTktfREFUQQ==	QU5Z	196	94489281433
68719477720	107374182452	dGhpcw==	dGhpcw==	Tm9kZUxpYmN1cmwuRWFzeSo=	196	111669149805
68719477721	107374182452	dGhpcw==	dGhpcw==	Tm9kZUxpYmN1cmwuRWFzeSo=	197	111669149805
68719477722	107374182452	Q1VSTE9QVF9ERUJVR0RBVEE=	PHVua25vd24+IENVUkxPUFRfREVCVUdEQVRB	QU5Z	197	94489281432
68719477723	107374182452	dGhpcw==	dGhpcw==	Tm9kZUxpYmN1cmwuRWFzeSo=	197	111669149805
68719477724	107374182452	dGhpcw==	dGhpcw==	Tm9kZUxpYmN1cmwuRWFzeSo=	198	111669149805
68719477725	107374182452	Q1VSTE9QVF9GTk1BVENIX0RBVEE=	PHVua25vd24+IENVUkxPUFRfRk5NQVRDSF9EQVRB	QU5Z	198	94489281431
68719477726	107374182452	dGhpcw==	dGhpcw==	Tm9kZUxpYmN1cmwuRWFzeSo=	198	111669149805
68719477727	107374182452	dGhpcw==	dGhpcw==	Tm9kZUxpYmN1cmwuRWFzeSo=	199	111669149805
68719477728	107374182452	Q1VSTE9QVF9JTlRFUkxFQVZFREFUQQ==	PHVua25vd24+IENVUkxPUFRfSU5URVJMRUFWRURBVEE=	QU5Z	199	94489281430
68719477729	107374182452	dGhpcw==	dGhpcw==	Tm9kZUxpYmN1cmwuRWFzeSo=	199	111669149805
68719477730	107374182452	dGhpcw==	dGhpcw==	Tm9kZUxpYmN1cmwuRWFzeSo=	200	111669149805
68719477731	107374182452	Q1VSTE9QVF9QUk9HUkVTU0RBVEE=	PHVua25vd24+IENVUkxPUFRfUFJPR1JFU1NEQVRB	QU5Z	200	94489281429
68719477732	107374182452	dGhpcw==	dGhpcw==	Tm9kZUxpYmN1cmwuRWFzeSo=	200	111669149805
68719477733	107374182453	PHRtcD4w	PHRtcD4w	Tm9kZUxpYmN1cmwuRWFzeSo=	232	94489280998
68719477734	107374182453	b3JpZw==	b3JpZw==	Tm9kZUxpYmN1cmwuRWFzeSo=	232	111669149808
68719477735	107374182453	b3B0aW9u	b3B0aW9u	QU5Z	232	94489280999
68719477736	107374182453	PHRtcD4w	PHRtcD4w	QU5Z	232	
68719477737	107374182453	Y2FsbGJhY2s=	Y2FsbGJhY2s=	QU5Z	232	94489281000
68719477738	107374182453	PHRtcD4w	PHRtcD4w	QU5Z	232	
68719477739	107374182453	Y2FsbGJhY2s=	Y2FsbGJhY2s=	QU5Z	233	94489281000
68719477740	107374182453	dGhpcw==	dGhpcw==	Tm9kZUxpYmN1cmwuRWFzeSo=	234	111669149807
68719477741	107374182453	b3B0aW9u	b3B0aW9u	QU5Z	234	94489280999
68719477742	107374182453	Y2FsbGJhY2s=	Y2FsbGJhY2s=	QU5Z	234	94489281000
68719477743	107374182453	b3JpZw==	b3JpZw==	Tm9kZUxpYmN1cmwuRWFzeSo=	238	111669149808
68719477744	107374182453	dGhpcw==	dGhpcw==	Tm9kZUxpYmN1cmwuRWFzeSo=	239	111669149807
68719477745	107374182453	b3JpZw==	b3JpZw==	Tm9kZUxpYmN1cmwuRWFzeSo=	239	111669149808
68719477746	107374182453	dGhpcw==	dGhpcw==	Tm9kZUxpYmN1cmwuRWFzeSo=	241	111669149807
68719477747	107374182453	b3JpZw==	b3JpZw==	Tm9kZUxpYmN1cmwuRWFzeSo=	241	111669149808
68719477748	107374182453	dGhpcw==	dGhpcw==	Tm9kZUxpYmN1cmwuRWFzeSo=	245	111669149807
68719477749	107374182453	b3JpZw==	b3JpZw==	Tm9kZUxpYmN1cmwuRWFzeSo=	245	111669149808
68719477750	107374182454	dGhpcw==	dGhpcw==	Tm9kZUxpYmN1cmwuRWFzeSo=	249	111669149809
68719477751	107374182454	dGhpcw==	dGhpcw==	Tm9kZUxpYmN1cmwuRWFzeSo=	249	111669149809
68719477752	107374182454	ZW52	ZW52	TmFwaS5FbnY=	253	94489281001
68719477753	107374182454	dGhpcw==	dGhpcw==	Tm9kZUxpYmN1cmwuRWFzeSo=	253	111669149809
68719477754	107374182454	c2NvcGU=	c2NvcGU=	TmFwaS5IYW5kbGVTY29wZQ==	254	94489281002
68719477755	107374182454	PHRtcD4w	PHRtcD4w	TmFwaS5IYW5kbGVTY29wZQ==	254	94489281428
68719477756	107374182454	PHRtcD4w	PHRtcD4w	TmFwaS5IYW5kbGVTY29wZQ==	254	94489281428
68719477757	107374182454	ZW52	ZW52	TmFwaS5FbnY=	254	94489281001
68719477758	107374182454	PHRtcD4w	PHRtcD4w	TmFwaS5IYW5kbGVTY29wZQ==	254	94489281428
68719477759	107374182454	ZXJy	ZXJy	TmFwaS5WYWx1ZQ==	256	94489281003
68719477760	107374182454	ZW52	ZW52	TmFwaS5FbnY=	256	94489281001
68719477761	107374182454	c3RhdHVz	c3RhdHVz	aW50	257	111669149810
68719477762	107374182454	ZXJy	ZXJy	TmFwaS5WYWx1ZQ==	258	94489281003
68719477763	107374182454	ZW52	ZW52	TmFwaS5FbnY=	258	94489281001
68719477764	107374182454	dGhpcw==	dGhpcw==	Tm9kZUxpYmN1cmwuRWFzeSo=	261	111669149809
68719477765	107374182454	dGhpcw==	dGhpcw==	Tm9kZUxpYmN1cmwuRWFzeSo=	261	111669149809
68719477766	107374182454	ZXJy	ZXJy	TmFwaS5WYWx1ZQ==	261	94489281003
68719477767	107374182454	ZW52	ZW52	TmFwaS5FbnY=	261	94489281001
68719477768	107374182454	ZXZlbnRz	ZXZlbnRz	aW50	261	111669149811
68719477769	107374182454	dGhpcw==	dGhpcw==	Tm9kZUxpYmN1cmwuRWFzeSo=	262	111669149809
68719477770	107374182455	b2Jq	b2Jq	Tm9kZUxpYmN1cmwuRWFzeSpjb25zdA==	313	94489281004
68719477771	107374182455	aGFuZGxl	aGFuZGxl	dXZfcG9sbF90Kg==	313	111669149812
68719477772	107374182455	b2Jq	b2Jq	Tm9kZUxpYmN1cmwuRWFzeSpjb25zdA==	314	94489281004
68719477773	107374182455	b2Jq	b2Jq	Tm9kZUxpYmN1cmwuRWFzeSpjb25zdA==	315	94489281004
68719477774	107374182455	c3RhdHVz	c3RhdHVz	aW50	315	111669149813
68719477775	107374182455	ZXZlbnRz	ZXZlbnRz	aW50	315	111669149814
68719477776	107374182456	ZXZlbnRz	ZXZlbnRz	aW50	268	94489281007
68719477777	107374182456	VVZfUkVBREFCTEU=	PHVua25vd24+IFVWX1JFQURBQkxF	QU5Z	268	94489281427
68719477778	107374182456	VVZfV1JJVEFCTEU=	PHVua25vd24+IFVWX1dSSVRBQkxF	QU5Z	268	94489281426
68719477779	107374182456	dGhpcw==	dGhpcw==	Tm9kZUxpYmN1cmwuRWFzeSo=	270	111669149815
68719477780	107374182456	dGhpcw==	dGhpcw==	Tm9kZUxpYmN1cmwuRWFzeSo=	271	111669149815
68719477781	107374182456	Q1VSTEVfQkFEX0ZVTkNUSU9OX0FSR1VNRU5U	PHVua25vd24+IENVUkxFX0JBRF9GVU5DVElPTl9BUkdVTUVOVA==	QU5Z	271	94489281425
68719477782	107374182456	cmV0Q3VybA==	cmV0Q3VybA==	Q1VSTGNvZGU=	285	94489281006
68719477783	107374182456	dGhpcw==	dGhpcw==	Tm9kZUxpYmN1cmwuRWFzeSo=	285	111669149815
68719477784	107374182456	Q1VSTElORk9fTEFTVFNPQ0tFVA==	PHVua25vd24+IENVUkxJTkZPX0xBU1RTT0NLRVQ=	QU5Z	285	94489281424
68719477785	107374182456	c29ja2V0	c29ja2V0	bG9uZw==	285	94489281008
68719477786	107374182456	cmV0Q3VybA==	cmV0Q3VybA==	Q1VSTGNvZGU=	288	94489281006
68719477787	107374182456	Q1VSTEVfT0s=	PHVua25vd24+IENVUkxFX09L	QU5Z	288	94489281423
68719477788	107374182456	dGhpcw==	dGhpcw==	Tm9kZUxpYmN1cmwuRWFzeSo=	289	111669149815
68719477789	107374182456	cmV0Q3VybA==	cmV0Q3VybA==	Q1VSTGNvZGU=	289	94489281006
68719477790	107374182456	dGhpcw==	dGhpcw==	Tm9kZUxpYmN1cmwuRWFzeSo=	292	111669149815
68719477791	107374182456	PHRtcD4w	PHRtcD4w	dXZfcG9sbF90	292	94489281422
68719477792	107374182456	PHRtcD4w	PHRtcD4w	dXZfcG9sbF90	292	94489281422
68719477793	107374182456	PHRtcD4w	PHRtcD4w	dXZfcG9sbF90	292	94489281422
68719477794	107374182456	bG9vcA==	bG9vcA==	dXZfbG9vcF90Kg==	294	94489281009
68719477795	107374182456	bmFwaV9yZXN1bHQ=	bmFwaV9yZXN1bHQ=	QU5Z	295	94489281010
68719477796	107374182456	dGhpcw==	dGhpcw==	Tm9kZUxpYmN1cmwuRWFzeSo=	295	111669149815
68719477797	107374182456	bG9vcA==	bG9vcA==	dXZfbG9vcF90Kg==	295	94489281009
68719477798	107374182456	bmFwaV9yZXN1bHQ=	bmFwaV9yZXN1bHQ=	QU5Z	296	94489281010
68719477799	107374182456	bmFwaV9vaw==	PHVua25vd24+IG5hcGlfb2s=	QU5Z	296	94489281421
68719477800	107374182456	cmV0VXY=	cmV0VXY=	aW50	300	94489281005
68719477801	107374182456	bG9vcA==	bG9vcA==	dXZfbG9vcF90Kg==	300	94489281009
68719477802	107374182456	dGhpcw==	dGhpcw==	Tm9kZUxpYmN1cmwuRWFzeSo=	300	111669149815
68719477803	107374182456	c29ja2V0	c29ja2V0	bG9uZw==	300	94489281008
68719477804	107374182456	cmV0VXY=	cmV0VXY=	aW50	302	94489281005
68719477805	107374182456	ZXJyb3JNc2c=	ZXJyb3JNc2c=	c3RkLnN0cmluZw==	303	94489281011
68719477806	107374182456	dGhpcw==	dGhpcw==	Tm9kZUxpYmN1cmwuRWFzeSo=	306	111669149815
68719477807	107374182456	ZXJyb3JNc2c=	ZXJyb3JNc2c=	c3RkLnN0cmluZw==	306	94489281011
68719477808	107374182456	Q1VSTEVfSU5URVJGQUNFX0ZBSUxFRA==	PHVua25vd24+IENVUkxFX0lOVEVSRkFDRV9GQUlMRUQ=	QU5Z	306	94489281420
68719477809	107374182456	dGhpcw==	dGhpcw==	Tm9kZUxpYmN1cmwuRWFzeSo=	309	111669149815
68719477810	107374182456	dGhpcw==	dGhpcw==	Tm9kZUxpYmN1cmwuRWFzeSo=	309	111669149815
68719477811	107374182456	cmV0VXY=	cmV0VXY=	aW50	311	94489281005
68719477812	107374182456	dGhpcw==	dGhpcw==	Tm9kZUxpYmN1cmwuRWFzeSo=	312	111669149815
68719477813	107374182456	ZXZlbnRz	ZXZlbnRz	aW50	312	94489281007
68719477814	107374182456	dGhpcw==	dGhpcw==	Tm9kZUxpYmN1cmwuRWFzeSo=	317	111669149815
68719477815	107374182457	aGFuZGxl	aGFuZGxl	dXZfaGFuZGxlX3Qq	332	111669149816
68719477816	107374182458	cmV0VXY=	cmV0VXY=	aW50	322	94489281012
68719477817	107374182458	dGhpcw==	dGhpcw==	Tm9kZUxpYmN1cmwuRWFzeSo=	322	111669149817
68719477818	107374182458	cmV0VXY=	cmV0VXY=	aW50	324	94489281012
68719477819	107374182458	ZXJyb3JNc2c=	ZXJyb3JNc2c=	c3RkLnN0cmluZw==	325	94489281013
68719477820	107374182458	dGhpcw==	dGhpcw==	Tm9kZUxpYmN1cmwuRWFzeSo=	328	111669149817
68719477821	107374182458	ZXJyb3JNc2c=	ZXJyb3JNc2c=	c3RkLnN0cmluZw==	328	94489281013
68719477822	107374182458	Q1VSTEVfSU5URVJGQUNFX0ZBSUxFRA==	PHVua25vd24+IENVUkxFX0lOVEVSRkFDRV9GQUlMRUQ=	QU5Z	328	94489281419
68719477823	107374182458	dGhpcw==	dGhpcw==	Tm9kZUxpYmN1cmwuRWFzeSo=	331	111669149817
68719477824	107374182458	dGhpcw==	dGhpcw==	Tm9kZUxpYmN1cmwuRWFzeSo=	333	111669149817
68719477825	107374182459	c2NvcGU=	c2NvcGU=	TmFwaS5IYW5kbGVTY29wZQ==	337	94489281014
68719477826	107374182459	PHRtcD4w	PHRtcD4w	TmFwaS5IYW5kbGVTY29wZQ==	337	94489281418
68719477827	107374182459	PHRtcD4w	PHRtcD4w	TmFwaS5IYW5kbGVTY29wZQ==	337	94489281418
68719477828	107374182459	dGhpcw==	dGhpcw==	Tm9kZUxpYmN1cmwuRWFzeSo=	337	111669149818
68719477829	107374182459	PHRtcD4w	PHRtcD4w	TmFwaS5IYW5kbGVTY29wZQ==	337	94489281418
68719477830	107374182459	dGhpcw==	dGhpcw==	Tm9kZUxpYmN1cmwuRWFzeSo=	339	111669149818
68719477831	107374182459	dGhpcw==	dGhpcw==	Tm9kZUxpYmN1cmwuRWFzeSo=	340	111669149818
68719477832	107374182459	ZXJyb3I=	ZXJyb3I=	TmFwaS5FcnJvciY=	340	111669149819
68719477833	107374182459	ZXJyb3I=	ZXJyb3I=	TmFwaS5FcnJvciY=	342	111669149819
68719477834	107374182460	ZnVuYw==	ZnVuYw==	TmFwaS5GdW5jdGlvbg==	350	94489281015
68719477835	107374182460	ZW52	ZW52	TmFwaS5FbnY=	351	111669149821
68719477836	107374182460	ZXhwb3J0cw==	ZXhwb3J0cw==	TmFwaS5PYmplY3Q=	378	111669149822
68719477837	107374182460	ZnVuYw==	ZnVuYw==	TmFwaS5GdW5jdGlvbg==	378	94489281015
68719477838	107374182460	ZnVuYw==	ZnVuYw==	TmFwaS5GdW5jdGlvbg==	379	94489281015
68719477839	107374182461	aW5mbw==	aW5mbw==	TmFwaS5DYWxsYmFja0luZm8m	384	111669149824
68719477840	107374182461	dGhpcw==	dGhpcw==	Tm9kZUxpYmN1cmwuRWFzeSo=	384	111669149823
68719477841	107374182462	aW5mbw==	aW5mbw==	TmFwaS5DYWxsYmFja0luZm8m	388	111669149826
68719477842	107374182462	dGhpcw==	dGhpcw==	Tm9kZUxpYmN1cmwuRWFzeSo=	388	111669149825
68719477843	107374182463	aW5mbw==	aW5mbw==	TmFwaS5DYWxsYmFja0luZm8m	392	111669149828
68719477844	107374182463	dGhpcw==	dGhpcw==	Tm9kZUxpYmN1cmwuRWFzeSo=	392	111669149827
68719477845	107374182464	aW5mbw==	aW5mbw==	TmFwaS5DYWxsYmFja0luZm8m	396	111669149830
68719477846	107374182464	dGhpcw==	dGhpcw==	Tm9kZUxpYmN1cmwuRWFzeSo=	396	111669149829
68719477847	107374182465	aW5mbw==	aW5mbw==	TmFwaS5DYWxsYmFja0luZm8m	400	111669149832
68719477848	107374182465	dGhpcw==	dGhpcw==	Tm9kZUxpYmN1cmwuRWFzeSo=	400	111669149831
68719477849	107374182466	aW5mbw==	aW5mbw==	TmFwaS5DYWxsYmFja0luZm8m	404	111669149834
68719477850	107374182466	dGhpcw==	dGhpcw==	Tm9kZUxpYmN1cmwuRWFzeSo=	404	111669149833
68719477851	107374182466	Q1VSTFBBVVNFX1JFQ1Y=	PHVua25vd24+IENVUkxQQVVTRV9SRUNW	QU5Z	404	94489281417
68719477852	107374182467	aW5mbw==	aW5mbw==	TmFwaS5DYWxsYmFja0luZm8m	408	111669149836
68719477853	107374182467	dGhpcw==	dGhpcw==	Tm9kZUxpYmN1cmwuRWFzeSo=	408	111669149835
68719477854	107374182467	Q1VSTFBBVVNFX1NFTkQ=	PHVua25vd24+IENVUkxQQVVTRV9TRU5E	QU5Z	408	94489281416
68719477855	107374182468	ZW52	ZW52	TmFwaS5FbnY=	412	94489281016
68719477856	107374182468	aW5mbw==	aW5mbw==	TmFwaS5DYWxsYmFja0luZm8m	412	111669149838
68719477857	107374182468	c2NvcGU=	c2NvcGU=	TmFwaS5IYW5kbGVTY29wZQ==	413	94489281017
68719477858	107374182468	PHRtcD4w	PHRtcD4w	TmFwaS5IYW5kbGVTY29wZQ==	413	94489281415
68719477859	107374182468	PHRtcD4w	PHRtcD4w	TmFwaS5IYW5kbGVTY29wZQ==	413	94489281415
68719477860	107374182468	ZW52	ZW52	TmFwaS5FbnY=	413	94489281016
68719477861	107374182468	PHRtcD4w	PHRtcD4w	TmFwaS5IYW5kbGVTY29wZQ==	413	94489281415
68719477862	107374182468	aW5mbw==	aW5mbw==	TmFwaS5DYWxsYmFja0luZm8m	415	111669149838
68719477863	107374182468	ZW52	ZW52	TmFwaS5FbnY=	416	94489281016
68719477864	107374182468	ZW52	ZW52	TmFwaS5FbnY=	421	94489281016
68719477865	107374182469	ZW52	ZW52	TmFwaS5FbnY=	426	94489281019
68719477866	107374182469	aW5mbw==	aW5mbw==	TmFwaS5DYWxsYmFja0luZm8m	426	111669149840
68719477867	107374182469	Y3VybA==	Y3VybA==	QU5Z	427	94489281020
68719477868	107374182469	ZW52	ZW52	TmFwaS5FbnY=	427	94489281019
68719477869	107374182469	dGhpcw==	dGhpcw==	Tm9kZUxpYmN1cmwuRWFzeSo=	429	111669149839
68719477870	107374182469	ZW52	ZW52	TmFwaS5FbnY=	430	94489281019
68719477871	107374182469	Q1VSTEVfQkFEX0ZVTkNUSU9OX0FSR1VNRU5U	PHVua25vd24+IENVUkxFX0JBRF9GVU5DVElPTl9BUkdVTUVOVA==	QU5Z	430	94489281405
68719477872	107374182469	aW5mbw==	aW5mbw==	TmFwaS5DYWxsYmFja0luZm8m	433	111669149840
68719477873	107374182469	ZW52	ZW52	TmFwaS5FbnY=	434	94489281019
68719477874	107374182469	b3B0	b3B0	TmFwaS5WYWx1ZQ==	437	94489281021
68719477875	107374182469	aW5mbw==	aW5mbw==	TmFwaS5DYWxsYmFja0luZm8m	437	111669149840
68719477876	107374182469	dmFsdWU=	dmFsdWU=	TmFwaS5WYWx1ZQ==	438	94489281022
68719477877	107374182469	aW5mbw==	aW5mbw==	TmFwaS5DYWxsYmFja0luZm8m	438	111669149840
68719477878	107374182469	c2V0T3B0UmV0Q29kZQ==	c2V0T3B0UmV0Q29kZQ==	Q1VSTGNvZGU=	440	94489281023
68719477879	107374182469	Q1VSTEVfVU5LTk9XTl9PUFRJT04=	PHVua25vd24+IENVUkxFX1VOS05PV05fT1BUSU9O	QU5Z	440	94489281413
68719477880	107374182469	b3B0aW9uSWQ=	b3B0aW9uSWQ=	aW50	447	94489281024
68719477881	107374182469	Y3VybE9wdGlvbk5vdEltcGxlbWVudGVk	PGdsb2JhbD4gY3VybE9wdGlvbk5vdEltcGxlbWVudGVk	QU5Z	447	94489281414
68719477882	107374182469	b3B0	b3B0	TmFwaS5WYWx1ZQ==	447	94489281021
68719477883	107374182469	ZW52	ZW52	TmFwaS5FbnY=	448	94489281019
68719477884	107374182469	Q1VSTEVfVU5LTk9XTl9PUFRJT04=	PHVua25vd24+IENVUkxFX1VOS05PV05fT1BUSU9O	QU5Z	452	94489281413
68719477885	107374182469	b3B0aW9uSWQ=	b3B0aW9uSWQ=	aW50	453	94489281024
68719477886	107374182469	Y3VybE9wdGlvblNwZWNpZmlj	PGdsb2JhbD4gY3VybE9wdGlvblNwZWNpZmlj	QU5Z	453	94489281412
68719477887	107374182469	b3B0	b3B0	TmFwaS5WYWx1ZQ==	453	94489281021
68719477888	107374182469	b3B0aW9uSWQ=	b3B0aW9uSWQ=	aW50	454	94489281024
68719477889	107374182469	Q1VSTE9QVF9TSEFSRQ==	PHVua25vd24+IENVUkxPUFRfU0hBUkU=	QU5Z	455	94489281411
68719477890	107374182469	dmFsdWU=	dmFsdWU=	TmFwaS5WYWx1ZQ==	456	94489281022
68719477891	107374182469	c2V0T3B0UmV0Q29kZQ==	c2V0T3B0UmV0Q29kZQ==	Q1VSTGNvZGU=	457	94489281023
68719477892	107374182469	dGhpcw==	dGhpcw==	Tm9kZUxpYmN1cmwuRWFzeSo=	457	111669149839
68719477893	107374182469	Q1VSTE9QVF9TSEFSRQ==	PHVua25vd24+IENVUkxPUFRfU0hBUkU=	QU5Z	457	94489281411
68719477894	107374182469	TlVMTA==	PHVua25vd24+IE5VTEw=	QU5Z	457	94489281380
68719477895	107374182469	dmFsdWU=	dmFsdWU=	TmFwaS5WYWx1ZQ==	459	94489281022
68719477896	107374182469	dmFsdWU=	dmFsdWU=	TmFwaS5WYWx1ZQ==	460	94489281022
68719477897	107374182469	Y3VybA==	Y3VybA==	QU5Z	460	94489281020
68719477898	107374182469	ZW52	ZW52	TmFwaS5FbnY=	461	94489281019
68719477899	107374182469	c2hhcmU=	c2hhcmU=	Tm9kZUxpYmN1cmwuU2hhcmUq	466	94489281025
68719477900	107374182469	dmFsdWU=	dmFsdWU=	TmFwaS5WYWx1ZQ==	466	94489281022
68719477901	107374182469	c2hhcmU=	c2hhcmU=	Tm9kZUxpYmN1cmwuU2hhcmUq	468	94489281025
68719477902	107374182469	ZW52	ZW52	TmFwaS5FbnY=	469	94489281019
68719477903	107374182469	Q1VSTEVfQkFEX0ZVTkNUSU9OX0FSR1VNRU5U	PHVua25vd24+IENVUkxFX0JBRF9GVU5DVElPTl9BUkdVTUVOVA==	QU5Z	470	94489281405
68719477904	107374182469	c2V0T3B0UmV0Q29kZQ==	c2V0T3B0UmV0Q29kZQ==	Q1VSTGNvZGU=	473	94489281023
68719477905	107374182469	dGhpcw==	dGhpcw==	Tm9kZUxpYmN1cmwuRWFzeSo=	473	111669149839
68719477906	107374182469	Q1VSTE9QVF9TSEFSRQ==	PHVua25vd24+IENVUkxPUFRfU0hBUkU=	QU5Z	473	94489281411
68719477907	107374182469	c2hhcmU=	c2hhcmU=	Tm9kZUxpYmN1cmwuU2hhcmUq	473	94489281025
68719477908	107374182469	b3B0aW9uSWQ=	b3B0aW9uSWQ=	aW50	478	94489281024
68719477909	107374182469	Y3VybE9wdGlvbkxpbmtlZExpc3Q=	PGdsb2JhbD4gY3VybE9wdGlvbkxpbmtlZExpc3Q=	QU5Z	478	94489281410
68719477910	107374182469	b3B0	b3B0	TmFwaS5WYWx1ZQ==	478	94489281021
68719477911	107374182469	dmFsdWU=	dmFsdWU=	TmFwaS5WYWx1ZQ==	479	94489281022
68719477912	107374182469	c2V0T3B0UmV0Q29kZQ==	c2V0T3B0UmV0Q29kZQ==	Q1VSTGNvZGU=	480	94489281023
68719477913	107374182469	dGhpcw==	dGhpcw==	Tm9kZUxpYmN1cmwuRWFzeSo=	480	111669149839
68719477914	107374182469	b3B0aW9uSWQ=	b3B0aW9uSWQ=	aW50	480	94489281024
68719477915	107374182469	TlVMTA==	PHVua25vd24+IE5VTEw=	QU5Z	480	94489281380
68719477916	107374182469	b3B0aW9uSWQ=	b3B0aW9uSWQ=	aW50	482	94489281024
68719477917	107374182469	Q1VSTE9QVF9IVFRQUE9TVA==	PHVua25vd24+IENVUkxPUFRfSFRUUFBPU1Q=	QU5Z	482	94489281404
68719477918	107374182469	aW52YWxpZEFycmF5TXNn	aW52YWxpZEFycmF5TXNn	c3RkLnN0cmluZw==	483	94489281026
68719477919	107374182469	dmFsdWU=	dmFsdWU=	TmFwaS5WYWx1ZQ==	485	94489281022
68719477920	107374182469	ZW52	ZW52	TmFwaS5FbnY=	486	94489281019
68719477921	107374182469	aW52YWxpZEFycmF5TXNn	aW52YWxpZEFycmF5TXNn	c3RkLnN0cmluZw==	486	94489281026
68719477922	107374182469	cm93cw==	cm93cw==	TmFwaS5BcnJheQ==	489	94489281027
68719477923	107374182469	dmFsdWU=	dmFsdWU=	TmFwaS5WYWx1ZQ==	489	94489281022
68719477924	107374182469	aHR0cFBvc3Q=	aHR0cFBvc3Q=	QU5Z	490	94489281028
68719477925	107374182469	aQ==	aQ==	dWludDMyX3Q=	493	94489281029
68719477926	107374182469	bGVu	bGVu	dWludDMyX3Q=	493	94489281030
68719477927	107374182469	cm93cw==	cm93cw==	TmFwaS5BcnJheQ==	493	94489281027
68719477928	107374182469	aQ==	aQ==	dWludDMyX3Q=	493	94489281029
68719477929	107374182469	bGVu	bGVu	dWludDMyX3Q=	493	94489281030
68719477930	107374182469	aQ==	aQ==	dWludDMyX3Q=	493	94489281029
68719477931	107374182469	b2Jq	b2Jq	TmFwaS5WYWx1ZQ==	495	94489281031
68719477932	107374182469	cm93cw==	cm93cw==	TmFwaS5BcnJheQ==	495	94489281027
68719477933	107374182469	aQ==	aQ==	dWludDMyX3Q=	495	94489281029
68719477934	107374182469	b2Jq	b2Jq	TmFwaS5WYWx1ZQ==	497	94489281031
68719477935	107374182469	ZW52	ZW52	TmFwaS5FbnY=	498	94489281019
68719477936	107374182469	aW52YWxpZEFycmF5TXNn	aW52YWxpZEFycmF5TXNn	c3RkLnN0cmluZw==	498	94489281026
68719477937	107374182469	cG9zdERhdGE=	cG9zdERhdGE=	TmFwaS5PYmplY3Q=	501	94489281032
68719477938	107374182469	b2Jq	b2Jq	TmFwaS5WYWx1ZQ==	501	94489281031
68719477939	107374182469	cHJvcHM=	cHJvcHM=	TmFwaS5BcnJheQ==	502	94489281033
68719477940	107374182469	cG9zdERhdGE=	cG9zdERhdGE=	TmFwaS5PYmplY3Q=	502	94489281032
68719477941	107374182469	cG9zdERhdGFMZW5ndGg=	cG9zdERhdGFMZW5ndGg=	dWludDMyX3Q=	503	94489281034
68719477942	107374182469	cHJvcHM=	cHJvcHM=	TmFwaS5BcnJheQ==	503	94489281033
68719477943	107374182469	aGFzRmlsZQ==	aGFzRmlsZQ==	Ym9vbA==	505	94489281035
68719477944	107374182469	aGFzQ29udGVudFR5cGU=	aGFzQ29udGVudFR5cGU=	Ym9vbA==	506	94489281036
68719477945	107374182469	aGFzQ29udGVudA==	aGFzQ29udGVudA==	Ym9vbA==	507	94489281037
68719477946	107374182469	aGFzTmFtZQ==	aGFzTmFtZQ==	Ym9vbA==	508	94489281038
68719477947	107374182469	aGFzTmV3RmlsZU5hbWU=	aGFzTmV3RmlsZU5hbWU=	Ym9vbA==	509	94489281039
68719477948	107374182469	ag==	ag==	dWludDMyX3Q=	512	94489281040
68719477949	107374182469	ag==	ag==	dWludDMyX3Q=	512	94489281040
68719477950	107374182469	cG9zdERhdGFMZW5ndGg=	cG9zdERhdGFMZW5ndGg=	dWludDMyX3Q=	512	94489281034
68719477951	107374182469	ag==	ag==	dWludDMyX3Q=	512	94489281040
68719477952	107374182469	aHR0cFBvc3RJZA==	aHR0cFBvc3RJZA==	aW50MzJfdA==	513	94489281041
68719477953	107374182469	cG9zdERhdGFLZXk=	cG9zdERhdGFLZXk=	TmFwaS5WYWx1ZQ==	515	94489281042
68719477954	107374182469	cHJvcHM=	cHJvcHM=	TmFwaS5BcnJheQ==	515	94489281033
68719477955	107374182469	ag==	ag==	dWludDMyX3Q=	515	94489281040
68719477956	107374182469	cG9zdERhdGFWYWx1ZQ==	cG9zdERhdGFWYWx1ZQ==	TmFwaS5WYWx1ZQ==	516	94489281043
68719477957	107374182469	cG9zdERhdGE=	cG9zdERhdGE=	TmFwaS5PYmplY3Q=	516	94489281032
68719477958	107374182469	cG9zdERhdGFLZXk=	cG9zdERhdGFLZXk=	TmFwaS5WYWx1ZQ==	516	94489281042
68719477959	107374182469	ZmllbGROYW1l	ZmllbGROYW1l	c3RkLnN0cmluZw==	519	94489281044
68719477960	107374182469	cG9zdERhdGFLZXk=	cG9zdERhdGFLZXk=	TmFwaS5WYWx1ZQ==	519	94489281042
68719477961	107374182469	b3B0aW9uTmFtZQ==	b3B0aW9uTmFtZQ==	c3RkLnN0cmluZw==	520	94489281045
68719477962	107374182469	ZmllbGROYW1l	ZmllbGROYW1l	c3RkLnN0cmluZw==	520	94489281044
68719477963	107374182469	b3B0aW9uTmFtZQ==	b3B0aW9uTmFtZQ==	c3RkLnN0cmluZw==	521	94489281045
68719477964	107374182469	b3B0aW9uTmFtZQ==	b3B0aW9uTmFtZQ==	c3RkLnN0cmluZw==	521	94489281045
68719477965	107374182469	b3B0aW9uTmFtZQ==	b3B0aW9uTmFtZQ==	c3RkLnN0cmluZw==	521	94489281045
68719477966	107374182469	PGl0ZXJhdG9yPjA=	PGl0ZXJhdG9yPjA=	c3RkLml0ZXJhdG9y	523	94489281408
68719477967	107374182469	Y3VybE9wdGlvbkh0dHBQb3N0	PGdsb2JhbD4gY3VybE9wdGlvbkh0dHBQb3N0	QU5Z	523	94489281409
68719477968	107374182469	PGl0ZXJhdG9yPjA=	PGl0ZXJhdG9yPjA=	c3RkLml0ZXJhdG9y	523	94489281408
68719477969	107374182469	Y3VybE9wdA==	Y3VybE9wdA==	QU5ZJg==	523	94489281046
68719477970	107374182469	PGl0ZXJhdG9yPjA=	PGl0ZXJhdG9yPjA=	c3RkLml0ZXJhdG9y	523	94489281408
68719477971	107374182469	Y3VybE9wdA==	Y3VybE9wdA==	QU5ZJg==	524	94489281046
68719477972	107374182469	b3B0aW9uTmFtZQ==	b3B0aW9uTmFtZQ==	c3RkLnN0cmluZw==	524	94489281045
68719477973	107374182469	aHR0cFBvc3RJZA==	aHR0cFBvc3RJZA==	aW50MzJfdA==	525	94489281041
68719477974	107374182469	Y3VybE9wdA==	Y3VybE9wdA==	QU5ZJg==	525	94489281046
68719477975	107374182469	aHR0cFBvc3RJZA==	aHR0cFBvc3RJZA==	aW50MzJfdA==	529	94489281041
68719477976	107374182469	Q3VybEh0dHBQb3N0	Q3VybEh0dHBQb3N0	Q3VybEh0dHBQb3N0	530	94489281407
68719477977	107374182469	aGFzRmlsZQ==	aGFzRmlsZQ==	Ym9vbA==	531	94489281035
68719477978	107374182469	Q3VybEh0dHBQb3N0	Q3VybEh0dHBQb3N0	Q3VybEh0dHBQb3N0	533	94489281407
68719477979	107374182469	aGFzQ29udGVudFR5cGU=	aGFzQ29udGVudFR5cGU=	Ym9vbA==	534	94489281036
68719477980	107374182469	Q3VybEh0dHBQb3N0	Q3VybEh0dHBQb3N0	Q3VybEh0dHBQb3N0	536	94489281407
68719477981	107374182469	aGFzQ29udGVudA==	aGFzQ29udGVudA==	Ym9vbA==	537	94489281037
68719477982	107374182469	Q3VybEh0dHBQb3N0	Q3VybEh0dHBQb3N0	Q3VybEh0dHBQb3N0	539	94489281407
68719477983	107374182469	aGFzTmFtZQ==	aGFzTmFtZQ==	Ym9vbA==	540	94489281038
68719477984	107374182469	Q3VybEh0dHBQb3N0	Q3VybEh0dHBQb3N0	Q3VybEh0dHBQb3N0	542	94489281407
68719477985	107374182469	aGFzTmV3RmlsZU5hbWU=	aGFzTmV3RmlsZU5hbWU=	Ym9vbA==	543	94489281039
68719477986	107374182469	ZXJyb3JNc2c=	ZXJyb3JNc2c=	c3RkLnN0cmluZw==	546	94489281047
68719477987	107374182469	b3B0aW9uTmFtZQ==	b3B0aW9uTmFtZQ==	c3RkLnN0cmluZw==	546	94489281045
68719477988	107374182469	ZW52	ZW52	TmFwaS5FbnY=	549	94489281019
68719477989	107374182469	ZXJyb3JNc2c=	ZXJyb3JNc2c=	c3RkLnN0cmluZw==	549	94489281047
68719477990	107374182469	Q1VSTEVfQkFEX0ZVTkNUSU9OX0FSR1VNRU5U	PHVua25vd24+IENVUkxFX0JBRF9GVU5DVElPTl9BUkdVTUVOVA==	QU5Z	549	94489281405
68719477991	107374182469	cG9zdERhdGFWYWx1ZQ==	cG9zdERhdGFWYWx1ZQ==	TmFwaS5WYWx1ZQ==	553	94489281043
68719477992	107374182469	ZXJyb3JNc2c=	ZXJyb3JNc2c=	c3RkLnN0cmluZw==	554	94489281048
68719477993	107374182469	b3B0aW9uTmFtZQ==	b3B0aW9uTmFtZQ==	c3RkLnN0cmluZw==	554	94489281045
68719477994	107374182469	ZW52	ZW52	TmFwaS5FbnY=	555	94489281019
68719477995	107374182469	ZXJyb3JNc2c=	ZXJyb3JNc2c=	c3RkLnN0cmluZw==	555	94489281048
68719477996	107374182469	aGFzTmFtZQ==	aGFzTmFtZQ==	Ym9vbA==	559	94489281038
68719477997	107374182469	ZW52	ZW52	TmFwaS5FbnY=	560	94489281019
68719477998	107374182469	Q1VSTEVfQkFEX0ZVTkNUSU9OX0FSR1VNRU5U	PHVua25vd24+IENVUkxFX0JBRF9GVU5DVElPTl9BUkdVTUVOVA==	QU5Z	560	94489281405
68719477999	107374182469	ZmllbGROYW1l	ZmllbGROYW1l	c3RkLnN0cmluZw==	563	94489281049
68719478000	107374182469	cG9zdERhdGE=	cG9zdERhdGE=	TmFwaS5PYmplY3Q=	563	94489281032
68719478001	107374182469	aGFzRmlsZQ==	aGFzRmlsZQ==	Ym9vbA==	566	94489281035
68719478002	107374182469	ZmlsZQ==	ZmlsZQ==	c3RkLnN0cmluZw==	567	94489281051
68719478003	107374182469	cG9zdERhdGE=	cG9zdERhdGE=	TmFwaS5PYmplY3Q=	567	94489281032
68719478004	107374182469	aGFzQ29udGVudFR5cGU=	aGFzQ29udGVudFR5cGU=	Ym9vbA==	569	94489281036
68719478005	107374182469	Y29udGVudFR5cGU=	Y29udGVudFR5cGU=	c3RkLnN0cmluZw==	570	94489281052
68719478006	107374182469	cG9zdERhdGE=	cG9zdERhdGE=	TmFwaS5PYmplY3Q=	570	94489281032
68719478007	107374182469	aGFzTmV3RmlsZU5hbWU=	aGFzTmV3RmlsZU5hbWU=	Ym9vbA==	572	94489281039
68719478008	107374182469	ZmlsZU5hbWU=	ZmlsZU5hbWU=	c3RkLnN0cmluZw==	573	94489281053
68719478009	107374182469	cG9zdERhdGE=	cG9zdERhdGE=	TmFwaS5PYmplY3Q=	573	94489281032
68719478010	107374182469	Y3VybEZvcm1Db2Rl	Y3VybEZvcm1Db2Rl	Q1VSTEZPUk1jb2Rl	574	94489281050
68719478011	107374182469	aHR0cFBvc3Q=	aHR0cFBvc3Q=	QU5Z	574	94489281028
68719478012	107374182469	ZmllbGROYW1l	ZmllbGROYW1l	c3RkLnN0cmluZw==	574	94489281049
68719478013	107374182469	ZmllbGROYW1l	ZmllbGROYW1l	c3RkLnN0cmluZw==	574	94489281049
68719478014	107374182469	ZmlsZQ==	ZmlsZQ==	c3RkLnN0cmluZw==	574	94489281051
68719478015	107374182469	Y29udGVudFR5cGU=	Y29udGVudFR5cGU=	c3RkLnN0cmluZw==	575	94489281052
68719478016	107374182469	ZmlsZU5hbWU=	ZmlsZU5hbWU=	c3RkLnN0cmluZw==	575	94489281053
68719478017	107374182469	Y3VybEZvcm1Db2Rl	Y3VybEZvcm1Db2Rl	Q1VSTEZPUk1jb2Rl	577	94489281050
68719478018	107374182469	aHR0cFBvc3Q=	aHR0cFBvc3Q=	QU5Z	577	94489281028
68719478019	107374182469	ZmllbGROYW1l	ZmllbGROYW1l	c3RkLnN0cmluZw==	577	94489281049
68719478020	107374182469	ZmllbGROYW1l	ZmllbGROYW1l	c3RkLnN0cmluZw==	577	94489281049
68719478021	107374182469	ZmlsZQ==	ZmlsZQ==	c3RkLnN0cmluZw==	577	94489281051
68719478022	107374182469	Y29udGVudFR5cGU=	Y29udGVudFR5cGU=	c3RkLnN0cmluZw==	578	94489281052
68719478023	107374182469	Y3VybEZvcm1Db2Rl	Y3VybEZvcm1Db2Rl	Q1VSTEZPUk1jb2Rl	581	94489281050
68719478024	107374182469	aHR0cFBvc3Q=	aHR0cFBvc3Q=	QU5Z	581	94489281028
68719478025	107374182469	ZmllbGROYW1l	ZmllbGROYW1l	c3RkLnN0cmluZw==	581	94489281049
68719478026	107374182469	ZmllbGROYW1l	ZmllbGROYW1l	c3RkLnN0cmluZw==	581	94489281049
68719478027	107374182469	ZmlsZQ==	ZmlsZQ==	c3RkLnN0cmluZw==	581	94489281051
68719478028	107374182469	aGFzQ29udGVudA==	aGFzQ29udGVudA==	Ym9vbA==	584	94489281037
68719478029	107374182469	ZmllbGRWYWx1ZQ==	ZmllbGRWYWx1ZQ==	c3RkLnN0cmluZw==	585	94489281054
68719478030	107374182469	cG9zdERhdGE=	cG9zdERhdGE=	TmFwaS5PYmplY3Q=	585	94489281032
68719478031	107374182469	Y3VybEZvcm1Db2Rl	Y3VybEZvcm1Db2Rl	Q1VSTEZPUk1jb2Rl	586	94489281050
68719478032	107374182469	aHR0cFBvc3Q=	aHR0cFBvc3Q=	QU5Z	586	94489281028
68719478033	107374182469	ZmllbGROYW1l	ZmllbGROYW1l	c3RkLnN0cmluZw==	586	94489281049
68719478034	107374182469	ZmllbGROYW1l	ZmllbGROYW1l	c3RkLnN0cmluZw==	586	94489281049
68719478035	107374182469	ZmllbGRWYWx1ZQ==	ZmllbGRWYWx1ZQ==	c3RkLnN0cmluZw==	586	94489281054
68719478036	107374182469	ZmllbGRWYWx1ZQ==	ZmllbGRWYWx1ZQ==	c3RkLnN0cmluZw==	587	94489281054
68719478037	107374182469	ZW52	ZW52	TmFwaS5FbnY=	589	94489281019
68719478038	107374182469	Q1VSTEVfQkFEX0ZVTkNUSU9OX0FSR1VNRU5U	PHVua25vd24+IENVUkxFX0JBRF9GVU5DVElPTl9BUkdVTUVOVA==	QU5Z	589	94489281405
68719478039	107374182469	Y3VybEZvcm1Db2Rl	Y3VybEZvcm1Db2Rl	Q1VSTEZPUk1jb2Rl	592	94489281050
68719478040	107374182469	Q1VSTF9GT1JNQUREX09L	PHVua25vd24+IENVUkxfRk9STUFERF9PSw==	QU5Z	592	94489281406
68719478041	107374182469	ZXJyb3JNc2c=	ZXJyb3JNc2c=	c3RkLnN0cmluZw==	593	94489281055
68719478042	107374182469	ZmllbGROYW1l	ZmllbGROYW1l	c3RkLnN0cmluZw==	593	94489281049
68719478043	107374182469	ZW52	ZW52	TmFwaS5FbnY=	594	94489281019
68719478044	107374182469	ZXJyb3JNc2c=	ZXJyb3JNc2c=	c3RkLnN0cmluZw==	594	94489281055
68719478045	107374182469	Q1VSTEVfQkFEX0ZVTkNUSU9OX0FSR1VNRU5U	PHVua25vd24+IENVUkxFX0JBRF9GVU5DVElPTl9BUkdVTUVOVA==	QU5Z	594	94489281405
68719478046	107374182469	c2V0T3B0UmV0Q29kZQ==	c2V0T3B0UmV0Q29kZQ==	Q1VSTGNvZGU=	598	94489281023
68719478047	107374182469	dGhpcw==	dGhpcw==	Tm9kZUxpYmN1cmwuRWFzeSo=	598	111669149839
68719478048	107374182469	Q1VSTE9QVF9IVFRQUE9TVA==	PHVua25vd24+IENVUkxPUFRfSFRUUFBPU1Q=	QU5Z	598	94489281404
68719478049	107374182469	aHR0cFBvc3Q=	aHR0cFBvc3Q=	QU5Z	598	94489281028
68719478050	107374182469	c2V0T3B0UmV0Q29kZQ==	c2V0T3B0UmV0Q29kZQ==	Q1VSTGNvZGU=	599	94489281023
68719478051	107374182469	Q1VSTEVfT0s=	PHVua25vd24+IENVUkxFX09L	QU5Z	599	94489281375
68719478052	107374182469	dGhpcw==	dGhpcw==	Tm9kZUxpYmN1cmwuRWFzeSo=	600	111669149839
68719478053	107374182469	aHR0cFBvc3Q=	aHR0cFBvc3Q=	QU5Z	600	94489281028
68719478054	107374182469	dmFsdWU=	dmFsdWU=	TmFwaS5WYWx1ZQ==	642	94489281022
68719478055	107374182469	ZW52	ZW52	TmFwaS5FbnY=	643	94489281019
68719478056	107374182469	c2xpc3Q=	c2xpc3Q=	Tm9kZUxpYmN1cmwuY3VybF9zbGlzdCo=	647	94489281056
68719478057	107374182469	TlVMTA==	PHVua25vd24+IE5VTEw=	QU5Z	647	94489281380
68719478058	107374182469	YXJyYXk=	YXJyYXk=	TmFwaS5BcnJheQ==	648	94489281057
68719478059	107374182469	dmFsdWU=	dmFsdWU=	TmFwaS5WYWx1ZQ==	648	94489281022
68719478060	107374182469	aQ==	aQ==	dWludDMyX3Q=	650	94489281058
68719478061	107374182469	bGVu	bGVu	dWludDMyX3Q=	650	94489281059
68719478062	107374182469	YXJyYXk=	YXJyYXk=	TmFwaS5BcnJheQ==	650	94489281057
68719478063	107374182469	aQ==	aQ==	dWludDMyX3Q=	650	94489281058
68719478064	107374182469	bGVu	bGVu	dWludDMyX3Q=	650	94489281059
68719478065	107374182469	aQ==	aQ==	dWludDMyX3Q=	650	94489281058
68719478066	107374182469	aXRlbQ==	aXRlbQ==	c3RkLnN0cmluZw==	651	94489281060
68719478067	107374182469	YXJyYXk=	YXJyYXk=	TmFwaS5BcnJheQ==	651	94489281057
68719478068	107374182469	aQ==	aQ==	dWludDMyX3Q=	651	94489281058
68719478069	107374182469	c2xpc3Q=	c2xpc3Q=	Tm9kZUxpYmN1cmwuY3VybF9zbGlzdCo=	652	94489281056
68719478070	107374182469	c2xpc3Q=	c2xpc3Q=	Tm9kZUxpYmN1cmwuY3VybF9zbGlzdCo=	652	94489281056
68719478071	107374182469	aXRlbQ==	aXRlbQ==	c3RkLnN0cmluZw==	652	94489281060
68719478072	107374182469	c2V0T3B0UmV0Q29kZQ==	c2V0T3B0UmV0Q29kZQ==	Q1VSTGNvZGU=	655	94489281023
68719478073	107374182469	dGhpcw==	dGhpcw==	Tm9kZUxpYmN1cmwuRWFzeSo=	655	111669149839
68719478074	107374182469	b3B0aW9uSWQ=	b3B0aW9uSWQ=	aW50	655	94489281024
68719478075	107374182469	c2xpc3Q=	c2xpc3Q=	Tm9kZUxpYmN1cmwuY3VybF9zbGlzdCo=	655	94489281056
68719478076	107374182469	c2V0T3B0UmV0Q29kZQ==	c2V0T3B0UmV0Q29kZQ==	Q1VSTGNvZGU=	657	94489281023
68719478077	107374182469	Q1VSTEVfT0s=	PHVua25vd24+IENVUkxFX09L	QU5Z	657	94489281375
68719478078	107374182469	dGhpcw==	dGhpcw==	Tm9kZUxpYmN1cmwuRWFzeSo=	658	111669149839
68719478079	107374182469	c2xpc3Q=	c2xpc3Q=	Tm9kZUxpYmN1cmwuY3VybF9zbGlzdCo=	658	94489281056
68719478080	107374182469	b3B0aW9uSWQ=	b3B0aW9uSWQ=	aW50	663	94489281024
68719478081	107374182469	Y3VybE9wdGlvblN0cmluZw==	PGdsb2JhbD4gY3VybE9wdGlvblN0cmluZw==	QU5Z	663	94489281403
68719478082	107374182469	b3B0	b3B0	TmFwaS5WYWx1ZQ==	663	94489281021
68719478083	107374182469	dmFsdWU=	dmFsdWU=	TmFwaS5WYWx1ZQ==	664	94489281022
68719478084	107374182469	c2V0T3B0UmV0Q29kZQ==	c2V0T3B0UmV0Q29kZQ==	Q1VSTGNvZGU=	665	94489281023
68719478085	107374182469	dGhpcw==	dGhpcw==	Tm9kZUxpYmN1cmwuRWFzeSo=	665	111669149839
68719478086	107374182469	b3B0aW9uSWQ=	b3B0aW9uSWQ=	aW50	665	94489281024
68719478087	107374182469	TlVMTA==	PHVua25vd24+IE5VTEw=	QU5Z	665	94489281380
68719478088	107374182469	dmFsdWU=	dmFsdWU=	TmFwaS5WYWx1ZQ==	667	94489281022
68719478089	107374182469	ZW52	ZW52	TmFwaS5FbnY=	668	94489281019
68719478090	107374182469	dmFsdWVTdHI=	dmFsdWVTdHI=	c3RkLnN0cmluZw==	671	94489281061
68719478091	107374182469	dmFsdWU=	dmFsdWU=	TmFwaS5WYWx1ZQ==	671	94489281022
68719478092	107374182469	b3B0aW9uSWQ=	b3B0aW9uSWQ=	aW50	675	94489281024
68719478093	107374182469	Q1VSTE9QVF9QT1NURklFTERT	PHVua25vd24+IENVUkxPUFRfUE9TVEZJRUxEUw==	QU5Z	675	94489281402
68719478094	107374182469	dmFsdWVDaGFy	dmFsdWVDaGFy	c3RkLnZlY3Rvcg==	676	94489281062
68719478095	107374182469	PHRtcD4w	PHRtcD4w	c3RkLnZlY3Rvcg==	676	94489281401
68719478096	107374182469	PHRtcD4w	PHRtcD4w	c3RkLnZlY3Rvcg==	676	94489281401
68719478097	107374182469	dmFsdWVTdHI=	dmFsdWVTdHI=	c3RkLnN0cmluZw==	676	94489281061
68719478098	107374182469	dmFsdWVTdHI=	dmFsdWVTdHI=	c3RkLnN0cmluZw==	676	94489281061
68719478099	107374182469	PHRtcD4w	PHRtcD4w	c3RkLnZlY3Rvcg==	676	94489281401
68719478100	107374182469	dmFsdWVDaGFy	dmFsdWVDaGFy	c3RkLnZlY3Rvcg==	677	94489281062
68719478101	107374182469	c2V0T3B0UmV0Q29kZQ==	c2V0T3B0UmV0Q29kZQ==	Q1VSTGNvZGU=	679	94489281023
68719478102	107374182469	dGhpcw==	dGhpcw==	Tm9kZUxpYmN1cmwuRWFzeSo=	680	111669149839
68719478103	107374182469	b3B0aW9uSWQ=	b3B0aW9uSWQ=	aW50	680	94489281024
68719478104	107374182469	dmFsdWVDaGFy	dmFsdWVDaGFy	c3RkLnZlY3Rvcg==	680	94489281062
68719478105	107374182469	c2V0T3B0UmV0Q29kZQ==	c2V0T3B0UmV0Q29kZQ==	Q1VSTGNvZGU=	682	94489281023
68719478106	107374182469	Q1VSTEVfT0s=	PHVua25vd24+IENVUkxFX09L	QU5Z	682	94489281375
68719478107	107374182469	dGhpcw==	dGhpcw==	Tm9kZUxpYmN1cmwuRWFzeSo=	683	111669149839
68719478108	107374182469	dmFsdWVDaGFy	dmFsdWVDaGFy	c3RkLnZlY3Rvcg==	683	94489281062
68719478109	107374182469	c2V0T3B0UmV0Q29kZQ==	c2V0T3B0UmV0Q29kZQ==	Q1VSTGNvZGU=	687	94489281023
68719478110	107374182469	dGhpcw==	dGhpcw==	Tm9kZUxpYmN1cmwuRWFzeSo=	688	111669149839
68719478111	107374182469	b3B0aW9uSWQ=	b3B0aW9uSWQ=	aW50	688	94489281024
68719478112	107374182469	dmFsdWVTdHI=	dmFsdWVTdHI=	c3RkLnN0cmluZw==	688	94489281061
68719478113	107374182469	b3B0aW9uSWQ=	b3B0aW9uSWQ=	aW50	693	94489281024
68719478114	107374182469	Y3VybE9wdGlvbkludGVnZXI=	PGdsb2JhbD4gY3VybE9wdGlvbkludGVnZXI=	QU5Z	693	94489281400
68719478115	107374182469	b3B0	b3B0	TmFwaS5WYWx1ZQ==	693	94489281021
68719478116	107374182469	dmFsdWVOdW1iZXI=	dmFsdWVOdW1iZXI=	TmFwaS5NYXliZU9yVmFsdWU=	694	94489281063
68719478117	107374182469	dmFsdWU=	dmFsdWU=	TmFwaS5WYWx1ZQ==	694	94489281022
68719478118	107374182469	b3B0aW9uSWQ=	b3B0aW9uSWQ=	aW50	696	94489281024
68719478119	107374182469	Q1VSTE9QVF9CVUZGRVJTSVpF	PHVua25vd24+IENVUkxPUFRfQlVGRkVSU0laRQ==	QU5Z	697	94489281399
68719478120	107374182469	YnVmZmVyU2l6ZQ==	YnVmZmVyU2l6ZQ==	bG9uZ2ludA==	698	94489281064
68719478121	107374182469	dmFsdWVOdW1iZXI=	dmFsdWVOdW1iZXI=	TmFwaS5NYXliZU9yVmFsdWU=	698	94489281063
68719478122	107374182469	a01heEJ1ZmZlclNpemU=	a01heEJ1ZmZlclNpemU=	bG9uZw==	703	94489281065
68719478123	107374182469	a01pbkJ1ZmZlclNpemU=	a01pbkJ1ZmZlclNpemU=	bG9uZw==	705	94489281066
68719478124	107374182469	YnVmZmVyU2l6ZQ==	YnVmZmVyU2l6ZQ==	bG9uZ2ludA==	706	94489281064
68719478125	107374182469	a01pbkJ1ZmZlclNpemU=	a01pbkJ1ZmZlclNpemU=	bG9uZw==	706	94489281066
68719478126	107374182469	YnVmZmVyU2l6ZQ==	YnVmZmVyU2l6ZQ==	bG9uZ2ludA==	706	94489281064
68719478127	107374182469	a01heEJ1ZmZlclNpemU=	a01heEJ1ZmZlclNpemU=	bG9uZw==	706	94489281065
68719478128	107374182469	ZXJyTXNn	ZXJyTXNn	c3RkLnN0cmluZw==	707	94489281067
68719478129	107374182469	a01pbkJ1ZmZlclNpemU=	a01pbkJ1ZmZlclNpemU=	bG9uZw==	707	94489281066
68719478130	107374182469	ZW52	ZW52	TmFwaS5FbnY=	713	94489281019
68719478131	107374182469	ZXJyTXNn	ZXJyTXNn	c3RkLnN0cmluZw==	713	94489281067
68719478132	107374182469	c2V0T3B0UmV0Q29kZQ==	c2V0T3B0UmV0Q29kZQ==	Q1VSTGNvZGU=	715	94489281023
68719478133	107374182469	dGhpcw==	dGhpcw==	Tm9kZUxpYmN1cmwuRWFzeSo=	715	111669149839
68719478134	107374182469	Q1VSTE9QVF9CVUZGRVJTSVpF	PHVua25vd24+IENVUkxPUFRfQlVGRkVSU0laRQ==	QU5Z	715	94489281399
68719478135	107374182469	YnVmZmVyU2l6ZQ==	YnVmZmVyU2l6ZQ==	bG9uZ2ludA==	715	94489281064
68719478136	107374182469	Q1VSTE9QVF9JTkZJTEVTSVpFX0xBUkdF	PHVua25vd24+IENVUkxPUFRfSU5GSUxFU0laRV9MQVJHRQ==	QU5Z	718	94489281398
68719478137	107374182469	Q1VSTE9QVF9NQVhGSUxFU0laRV9MQVJHRQ==	PHVua25vd24+IENVUkxPUFRfTUFYRklMRVNJWkVfTEFSR0U=	QU5Z	719	94489281397
68719478138	107374182469	Q1VSTE9QVF9NQVhfUkVDVl9TUEVFRF9MQVJHRQ==	PHVua25vd24+IENVUkxPUFRfTUFYX1JFQ1ZfU1BFRURfTEFSR0U=	QU5Z	720	94489281396
68719478139	107374182469	Q1VSTE9QVF9NQVhfU0VORF9TUEVFRF9MQVJHRQ==	PHVua25vd24+IENVUkxPUFRfTUFYX1NFTkRfU1BFRURfTEFSR0U=	QU5Z	721	94489281395
68719478140	107374182469	Q1VSTE9QVF9QT1NURklFTERTSVpFX0xBUkdF	PHVua25vd24+IENVUkxPUFRfUE9TVEZJRUxEU0laRV9MQVJHRQ==	QU5Z	722	94489281394
68719478141	107374182469	Q1VSTE9QVF9SRVNVTUVfRlJPTV9MQVJHRQ==	PHVua25vd24+IENVUkxPUFRfUkVTVU1FX0ZST01fTEFSR0U=	QU5Z	723	94489281393
68719478142	107374182469	c2V0T3B0UmV0Q29kZQ==	c2V0T3B0UmV0Q29kZQ==	Q1VSTGNvZGU=	724	94489281023
68719478143	107374182469	dGhpcw==	dGhpcw==	Tm9kZUxpYmN1cmwuRWFzeSo=	724	111669149839
68719478144	107374182469	b3B0aW9uSWQ=	b3B0aW9uSWQ=	aW50	724	94489281024
68719478145	107374182469	dmFsdWVOdW1iZXI=	dmFsdWVOdW1iZXI=	TmFwaS5NYXliZU9yVmFsdWU=	725	94489281063
68719478146	107374182469	Q1VSTE9QVF9SRUFEREFUQQ==	PHVua25vd24+IENVUkxPUFRfUkVBRERBVEE=	QU5Z	729	94489281392
68719478147	107374182469	dGhpcw==	dGhpcw==	Tm9kZUxpYmN1cmwuRWFzeSo=	730	111669149839
68719478148	107374182469	dmFsdWVOdW1iZXI=	dmFsdWVOdW1iZXI=	TmFwaS5NYXliZU9yVmFsdWU=	730	94489281063
68719478149	107374182469	c2V0T3B0UmV0Q29kZQ==	c2V0T3B0UmV0Q29kZQ==	Q1VSTGNvZGU=	731	94489281023
68719478150	107374182469	Q1VSTEVfT0s=	PHVua25vd24+IENVUkxFX09L	QU5Z	731	94489281375
68719478151	107374182469	c2V0T3B0UmV0Q29kZQ==	c2V0T3B0UmV0Q29kZQ==	Q1VSTGNvZGU=	734	94489281023
68719478152	107374182469	dGhpcw==	dGhpcw==	Tm9kZUxpYmN1cmwuRWFzeSo=	734	111669149839
68719478153	107374182469	b3B0aW9uSWQ=	b3B0aW9uSWQ=	aW50	734	94489281024
68719478154	107374182469	dmFsdWVOdW1iZXI=	dmFsdWVOdW1iZXI=	TmFwaS5NYXliZU9yVmFsdWU=	735	94489281063
68719478155	107374182469	b3B0aW9uSWQ=	b3B0aW9uSWQ=	aW50	740	94489281024
68719478156	107374182469	Y3VybE9wdGlvbkZ1bmN0aW9u	PGdsb2JhbD4gY3VybE9wdGlvbkZ1bmN0aW9u	QU5Z	740	94489281391
68719478157	107374182469	b3B0	b3B0	TmFwaS5WYWx1ZQ==	740	94489281021
68719478158	107374182469	aXNOdWxs	aXNOdWxs	Ym9vbA==	741	94489281068
68719478159	107374182469	dmFsdWU=	dmFsdWU=	TmFwaS5WYWx1ZQ==	741	94489281022
68719478160	107374182469	dmFsdWU=	dmFsdWU=	TmFwaS5WYWx1ZQ==	743	94489281022
68719478161	107374182469	aXNOdWxs	aXNOdWxs	Ym9vbA==	743	94489281068
68719478162	107374182469	ZW52	ZW52	TmFwaS5FbnY=	744	94489281019
68719478163	107374182469	b3B0aW9uSWQ=	b3B0aW9uSWQ=	aW50	747	94489281024
68719478164	107374182469	Q1VSTE9QVF9DSFVOS19CR05fRlVOQ1RJT04=	PHVua25vd24+IENVUkxPUFRfQ0hVTktfQkdOX0ZVTkNUSU9O	QU5Z	748	94489281390
68719478165	107374182469	aXNOdWxs	aXNOdWxs	Ym9vbA==	749	94489281068
68719478166	107374182469	dGhpcw==	dGhpcw==	Tm9kZUxpYmN1cmwuRWFzeSo=	751	111669149839
68719478167	107374182469	Q1VSTE9QVF9DSFVOS19FTkRfRlVOQ1RJT04=	PHVua25vd24+IENVUkxPUFRfQ0hVTktfRU5EX0ZVTkNUSU9O	QU5Z	751	94489281388
68719478168	107374182469	dGhpcw==	dGhpcw==	Tm9kZUxpYmN1cmwuRWFzeSo=	752	111669149839
68719478169	107374182469	Q1VSTE9QVF9DSFVOS19EQVRB	PHVua25vd24+IENVUkxPUFRfQ0hVTktfREFUQQ==	QU5Z	752	94489281389
68719478170	107374182469	TlVMTA==	PHVua25vd24+IE5VTEw=	QU5Z	752	94489281380
68719478171	107374182469	dGhpcw==	dGhpcw==	Tm9kZUxpYmN1cmwuRWFzeSo=	754	111669149839
68719478172	107374182469	Q1VSTE9QVF9DSFVOS19CR05fRlVOQ1RJT04=	PHVua25vd24+IENVUkxPUFRfQ0hVTktfQkdOX0ZVTkNUSU9O	QU5Z	754	94489281390
68719478173	107374182469	c2V0T3B0UmV0Q29kZQ==	c2V0T3B0UmV0Q29kZQ==	Q1VSTGNvZGU=	755	94489281023
68719478174	107374182469	dGhpcw==	dGhpcw==	Tm9kZUxpYmN1cmwuRWFzeSo=	755	111669149839
68719478175	107374182469	Q1VSTE9QVF9DSFVOS19CR05fRlVOQ1RJT04=	PHVua25vd24+IENVUkxPUFRfQ0hVTktfQkdOX0ZVTkNUSU9O	QU5Z	755	94489281390
68719478176	107374182469	TlVMTA==	PHVua25vd24+IE5VTEw=	QU5Z	755	94489281380
68719478177	107374182469	dGhpcw==	dGhpcw==	Tm9kZUxpYmN1cmwuRWFzeSo=	759	111669149839
68719478178	107374182469	Q1VSTE9QVF9DSFVOS19CR05fRlVOQ1RJT04=	PHVua25vd24+IENVUkxPUFRfQ0hVTktfQkdOX0ZVTkNUSU9O	QU5Z	759	94489281390
68719478179	107374182469	dmFsdWU=	dmFsdWU=	TmFwaS5WYWx1ZQ==	760	94489281022
68719478180	107374182469	dGhpcw==	dGhpcw==	Tm9kZUxpYmN1cmwuRWFzeSo=	761	111669149839
68719478181	107374182469	Q1VSTE9QVF9DSFVOS19EQVRB	PHVua25vd24+IENVUkxPUFRfQ0hVTktfREFUQQ==	QU5Z	761	94489281389
68719478182	107374182469	dGhpcw==	dGhpcw==	Tm9kZUxpYmN1cmwuRWFzeSo=	761	111669149839
68719478183	107374182469	c2V0T3B0UmV0Q29kZQ==	c2V0T3B0UmV0Q29kZQ==	Q1VSTGNvZGU=	762	94489281023
68719478184	107374182469	dGhpcw==	dGhpcw==	Tm9kZUxpYmN1cmwuRWFzeSo=	762	111669149839
68719478185	107374182469	Q1VSTE9QVF9DSFVOS19CR05fRlVOQ1RJT04=	PHVua25vd24+IENVUkxPUFRfQ0hVTktfQkdOX0ZVTkNUSU9O	QU5Z	762	94489281390
68719478186	107374182469	Q1VSTE9QVF9DSFVOS19FTkRfRlVOQ1RJT04=	PHVua25vd24+IENVUkxPUFRfQ0hVTktfRU5EX0ZVTkNUSU9O	QU5Z	765	94489281388
68719478187	107374182469	aXNOdWxs	aXNOdWxs	Ym9vbA==	766	94489281068
68719478188	107374182469	dGhpcw==	dGhpcw==	Tm9kZUxpYmN1cmwuRWFzeSo=	768	111669149839
68719478189	107374182469	Q1VSTE9QVF9DSFVOS19CR05fRlVOQ1RJT04=	PHVua25vd24+IENVUkxPUFRfQ0hVTktfQkdOX0ZVTkNUSU9O	QU5Z	768	94489281390
68719478190	107374182469	dGhpcw==	dGhpcw==	Tm9kZUxpYmN1cmwuRWFzeSo=	769	111669149839
68719478191	107374182469	Q1VSTE9QVF9DSFVOS19EQVRB	PHVua25vd24+IENVUkxPUFRfQ0hVTktfREFUQQ==	QU5Z	769	94489281389
68719478192	107374182469	TlVMTA==	PHVua25vd24+IE5VTEw=	QU5Z	769	94489281380
68719478193	107374182469	dGhpcw==	dGhpcw==	Tm9kZUxpYmN1cmwuRWFzeSo=	771	111669149839
68719478194	107374182469	Q1VSTE9QVF9DSFVOS19FTkRfRlVOQ1RJT04=	PHVua25vd24+IENVUkxPUFRfQ0hVTktfRU5EX0ZVTkNUSU9O	QU5Z	771	94489281388
68719478195	107374182469	c2V0T3B0UmV0Q29kZQ==	c2V0T3B0UmV0Q29kZQ==	Q1VSTGNvZGU=	772	94489281023
68719478196	107374182469	dGhpcw==	dGhpcw==	Tm9kZUxpYmN1cmwuRWFzeSo=	772	111669149839
68719478197	107374182469	Q1VSTE9QVF9DSFVOS19FTkRfRlVOQ1RJT04=	PHVua25vd24+IENVUkxPUFRfQ0hVTktfRU5EX0ZVTkNUSU9O	QU5Z	772	94489281388
68719478198	107374182469	TlVMTA==	PHVua25vd24+IE5VTEw=	QU5Z	772	94489281380
68719478199	107374182469	dGhpcw==	dGhpcw==	Tm9kZUxpYmN1cmwuRWFzeSo=	774	111669149839
68719478200	107374182469	Q1VSTE9QVF9DSFVOS19FTkRfRlVOQ1RJT04=	PHVua25vd24+IENVUkxPUFRfQ0hVTktfRU5EX0ZVTkNUSU9O	QU5Z	774	94489281388
68719478201	107374182469	dmFsdWU=	dmFsdWU=	TmFwaS5WYWx1ZQ==	775	94489281022
68719478202	107374182469	dGhpcw==	dGhpcw==	Tm9kZUxpYmN1cmwuRWFzeSo=	776	111669149839
68719478203	107374182469	Q1VSTE9QVF9DSFVOS19EQVRB	PHVua25vd24+IENVUkxPUFRfQ0hVTktfREFUQQ==	QU5Z	776	94489281389
68719478204	107374182469	dGhpcw==	dGhpcw==	Tm9kZUxpYmN1cmwuRWFzeSo=	776	111669149839
68719478205	107374182469	c2V0T3B0UmV0Q29kZQ==	c2V0T3B0UmV0Q29kZQ==	Q1VSTGNvZGU=	777	94489281023
68719478206	107374182469	dGhpcw==	dGhpcw==	Tm9kZUxpYmN1cmwuRWFzeSo=	777	111669149839
68719478207	107374182469	Q1VSTE9QVF9DSFVOS19FTkRfRlVOQ1RJT04=	PHVua25vd24+IENVUkxPUFRfQ0hVTktfRU5EX0ZVTkNUSU9O	QU5Z	777	94489281388
68719478208	107374182469	Q1VSTE9QVF9ERUJVR0ZVTkNUSU9O	PHVua25vd24+IENVUkxPUFRfREVCVUdGVU5DVElPTg==	QU5Z	780	94489281386
68719478209	107374182469	aXNOdWxs	aXNOdWxs	Ym9vbA==	781	94489281068
68719478210	107374182469	dGhpcw==	dGhpcw==	Tm9kZUxpYmN1cmwuRWFzeSo=	782	111669149839
68719478211	107374182469	Q1VSTE9QVF9ERUJVR0ZVTkNUSU9O	PHVua25vd24+IENVUkxPUFRfREVCVUdGVU5DVElPTg==	QU5Z	782	94489281386
68719478212	107374182469	dGhpcw==	dGhpcw==	Tm9kZUxpYmN1cmwuRWFzeSo=	783	111669149839
68719478213	107374182469	Q1VSTE9QVF9ERUJVR0RBVEE=	PHVua25vd24+IENVUkxPUFRfREVCVUdEQVRB	QU5Z	783	94489281387
68719478214	107374182469	TlVMTA==	PHVua25vd24+IE5VTEw=	QU5Z	783	94489281380
68719478215	107374182469	c2V0T3B0UmV0Q29kZQ==	c2V0T3B0UmV0Q29kZQ==	Q1VSTGNvZGU=	784	94489281023
68719478216	107374182469	dGhpcw==	dGhpcw==	Tm9kZUxpYmN1cmwuRWFzeSo=	784	111669149839
68719478217	107374182469	Q1VSTE9QVF9ERUJVR0ZVTkNUSU9O	PHVua25vd24+IENVUkxPUFRfREVCVUdGVU5DVElPTg==	QU5Z	784	94489281386
68719478218	107374182469	TlVMTA==	PHVua25vd24+IE5VTEw=	QU5Z	784	94489281380
68719478219	107374182469	dGhpcw==	dGhpcw==	Tm9kZUxpYmN1cmwuRWFzeSo=	786	111669149839
68719478220	107374182469	Q1VSTE9QVF9ERUJVR0ZVTkNUSU9O	PHVua25vd24+IENVUkxPUFRfREVCVUdGVU5DVElPTg==	QU5Z	786	94489281386
68719478221	107374182469	dmFsdWU=	dmFsdWU=	TmFwaS5WYWx1ZQ==	786	94489281022
68719478222	107374182469	dGhpcw==	dGhpcw==	Tm9kZUxpYmN1cmwuRWFzeSo=	787	111669149839
68719478223	107374182469	Q1VSTE9QVF9ERUJVR0RBVEE=	PHVua25vd24+IENVUkxPUFRfREVCVUdEQVRB	QU5Z	787	94489281387
68719478224	107374182469	dGhpcw==	dGhpcw==	Tm9kZUxpYmN1cmwuRWFzeSo=	787	111669149839
68719478225	107374182469	c2V0T3B0UmV0Q29kZQ==	c2V0T3B0UmV0Q29kZQ==	Q1VSTGNvZGU=	788	94489281023
68719478226	107374182469	dGhpcw==	dGhpcw==	Tm9kZUxpYmN1cmwuRWFzeSo=	788	111669149839
68719478227	107374182469	Q1VSTE9QVF9ERUJVR0ZVTkNUSU9O	PHVua25vd24+IENVUkxPUFRfREVCVUdGVU5DVElPTg==	QU5Z	788	94489281386
68719478228	107374182469	Q1VSTE9QVF9GTk1BVENIX0ZVTkNUSU9O	PHVua25vd24+IENVUkxPUFRfRk5NQVRDSF9GVU5DVElPTg==	QU5Z	791	94489281384
68719478229	107374182469	aXNOdWxs	aXNOdWxs	Ym9vbA==	792	94489281068
68719478230	107374182469	dGhpcw==	dGhpcw==	Tm9kZUxpYmN1cmwuRWFzeSo=	793	111669149839
68719478231	107374182469	Q1VSTE9QVF9GTk1BVENIX0ZVTkNUSU9O	PHVua25vd24+IENVUkxPUFRfRk5NQVRDSF9GVU5DVElPTg==	QU5Z	793	94489281384
68719478232	107374182469	dGhpcw==	dGhpcw==	Tm9kZUxpYmN1cmwuRWFzeSo=	794	111669149839
68719478233	107374182469	Q1VSTE9QVF9GTk1BVENIX0RBVEE=	PHVua25vd24+IENVUkxPUFRfRk5NQVRDSF9EQVRB	QU5Z	794	94489281385
68719478234	107374182469	TlVMTA==	PHVua25vd24+IE5VTEw=	QU5Z	794	94489281380
68719478235	107374182469	c2V0T3B0UmV0Q29kZQ==	c2V0T3B0UmV0Q29kZQ==	Q1VSTGNvZGU=	795	94489281023
68719478236	107374182469	dGhpcw==	dGhpcw==	Tm9kZUxpYmN1cmwuRWFzeSo=	795	111669149839
68719478237	107374182469	Q1VSTE9QVF9GTk1BVENIX0ZVTkNUSU9O	PHVua25vd24+IENVUkxPUFRfRk5NQVRDSF9GVU5DVElPTg==	QU5Z	795	94489281384
68719478238	107374182469	TlVMTA==	PHVua25vd24+IE5VTEw=	QU5Z	795	94489281380
68719478239	107374182469	dGhpcw==	dGhpcw==	Tm9kZUxpYmN1cmwuRWFzeSo=	797	111669149839
68719478240	107374182469	Q1VSTE9QVF9GTk1BVENIX0ZVTkNUSU9O	PHVua25vd24+IENVUkxPUFRfRk5NQVRDSF9GVU5DVElPTg==	QU5Z	797	94489281384
68719478241	107374182469	dmFsdWU=	dmFsdWU=	TmFwaS5WYWx1ZQ==	797	94489281022
68719478242	107374182469	dGhpcw==	dGhpcw==	Tm9kZUxpYmN1cmwuRWFzeSo=	798	111669149839
68719478243	107374182469	Q1VSTE9QVF9GTk1BVENIX0RBVEE=	PHVua25vd24+IENVUkxPUFRfRk5NQVRDSF9EQVRB	QU5Z	798	94489281385
68719478244	107374182469	dGhpcw==	dGhpcw==	Tm9kZUxpYmN1cmwuRWFzeSo=	798	111669149839
68719478245	107374182469	c2V0T3B0UmV0Q29kZQ==	c2V0T3B0UmV0Q29kZQ==	Q1VSTGNvZGU=	799	94489281023
68719478246	107374182469	dGhpcw==	dGhpcw==	Tm9kZUxpYmN1cmwuRWFzeSo=	799	111669149839
68719478247	107374182469	Q1VSTE9QVF9GTk1BVENIX0ZVTkNUSU9O	PHVua25vd24+IENVUkxPUFRfRk5NQVRDSF9GVU5DVElPTg==	QU5Z	799	94489281384
68719478248	107374182469	Q1VSTE9QVF9IRUFERVJGVU5DVElPTg==	PHVua25vd24+IENVUkxPUFRfSEVBREVSRlVOQ1RJT04=	QU5Z	802	94489281383
68719478249	107374182469	c2V0T3B0UmV0Q29kZQ==	c2V0T3B0UmV0Q29kZQ==	Q1VSTGNvZGU=	803	94489281023
68719478250	107374182469	Q1VSTEVfT0s=	PHVua25vd24+IENVUkxFX09L	QU5Z	803	94489281375
68719478251	107374182469	aXNOdWxs	aXNOdWxs	Ym9vbA==	804	94489281068
68719478252	107374182469	dGhpcw==	dGhpcw==	Tm9kZUxpYmN1cmwuRWFzeSo=	805	111669149839
68719478253	107374182469	Q1VSTE9QVF9IRUFERVJGVU5DVElPTg==	PHVua25vd24+IENVUkxPUFRfSEVBREVSRlVOQ1RJT04=	QU5Z	805	94489281383
68719478254	107374182469	dGhpcw==	dGhpcw==	Tm9kZUxpYmN1cmwuRWFzeSo=	807	111669149839
68719478255	107374182469	Q1VSTE9QVF9IRUFERVJGVU5DVElPTg==	PHVua25vd24+IENVUkxPUFRfSEVBREVSRlVOQ1RJT04=	QU5Z	807	94489281383
68719478256	107374182469	dmFsdWU=	dmFsdWU=	TmFwaS5WYWx1ZQ==	807	94489281022
68719478257	107374182469	Q1VSTE9QVF9JTlRFUkxFQVZFRlVOQ1RJT04=	PHVua25vd24+IENVUkxPUFRfSU5URVJMRUFWRUZVTkNUSU9O	QU5Z	834	94489281381
68719478258	107374182469	aXNOdWxs	aXNOdWxs	Ym9vbA==	835	94489281068
68719478259	107374182469	dGhpcw==	dGhpcw==	Tm9kZUxpYmN1cmwuRWFzeSo=	836	111669149839
68719478260	107374182469	Q1VSTE9QVF9JTlRFUkxFQVZFRlVOQ1RJT04=	PHVua25vd24+IENVUkxPUFRfSU5URVJMRUFWRUZVTkNUSU9O	QU5Z	836	94489281381
68719478261	107374182469	dGhpcw==	dGhpcw==	Tm9kZUxpYmN1cmwuRWFzeSo=	837	111669149839
68719478262	107374182469	Q1VSTE9QVF9JTlRFUkxFQVZFREFUQQ==	PHVua25vd24+IENVUkxPUFRfSU5URVJMRUFWRURBVEE=	QU5Z	837	94489281382
68719478263	107374182469	TlVMTA==	PHVua25vd24+IE5VTEw=	QU5Z	837	94489281380
68719478264	107374182469	c2V0T3B0UmV0Q29kZQ==	c2V0T3B0UmV0Q29kZQ==	Q1VSTGNvZGU=	838	94489281023
68719478265	107374182469	dGhpcw==	dGhpcw==	Tm9kZUxpYmN1cmwuRWFzeSo=	838	111669149839
68719478266	107374182469	Q1VSTE9QVF9JTlRFUkxFQVZFRlVOQ1RJT04=	PHVua25vd24+IENVUkxPUFRfSU5URVJMRUFWRUZVTkNUSU9O	QU5Z	838	94489281381
68719478267	107374182469	TlVMTA==	PHVua25vd24+IE5VTEw=	QU5Z	838	94489281380
68719478268	107374182469	dGhpcw==	dGhpcw==	Tm9kZUxpYmN1cmwuRWFzeSo=	840	111669149839
68719478269	107374182469	Q1VSTE9QVF9JTlRFUkxFQVZFRlVOQ1RJT04=	PHVua25vd24+IENVUkxPUFRfSU5URVJMRUFWRUZVTkNUSU9O	QU5Z	840	94489281381
68719478270	107374182469	dmFsdWU=	dmFsdWU=	TmFwaS5WYWx1ZQ==	841	94489281022
68719478271	107374182469	dGhpcw==	dGhpcw==	Tm9kZUxpYmN1cmwuRWFzeSo=	842	111669149839
68719478272	107374182469	Q1VSTE9QVF9JTlRFUkxFQVZFREFUQQ==	PHVua25vd24+IENVUkxPUFRfSU5URVJMRUFWRURBVEE=	QU5Z	842	94489281382
68719478273	107374182469	dGhpcw==	dGhpcw==	Tm9kZUxpYmN1cmwuRWFzeSo=	842	111669149839
68719478274	107374182469	c2V0T3B0UmV0Q29kZQ==	c2V0T3B0UmV0Q29kZQ==	Q1VSTGNvZGU=	843	94489281023
68719478275	107374182469	dGhpcw==	dGhpcw==	Tm9kZUxpYmN1cmwuRWFzeSo=	844	111669149839
68719478276	107374182469	Q1VSTE9QVF9JTlRFUkxFQVZFRlVOQ1RJT04=	PHVua25vd24+IENVUkxPUFRfSU5URVJMRUFWRUZVTkNUSU9O	QU5Z	844	94489281381
68719478277	107374182469	Q1VSTE9QVF9QUk9HUkVTU0ZVTkNUSU9O	PHVua25vd24+IENVUkxPUFRfUFJPR1JFU1NGVU5DVElPTg==	QU5Z	860	94489281378
68719478278	107374182469	aXNOdWxs	aXNOdWxs	Ym9vbA==	861	94489281068
68719478279	107374182469	dGhpcw==	dGhpcw==	Tm9kZUxpYmN1cmwuRWFzeSo=	862	111669149839
68719478280	107374182469	Q1VSTE9QVF9QUk9HUkVTU0ZVTkNUSU9O	PHVua25vd24+IENVUkxPUFRfUFJPR1JFU1NGVU5DVElPTg==	QU5Z	862	94489281378
68719478281	107374182469	dGhpcw==	dGhpcw==	Tm9kZUxpYmN1cmwuRWFzeSo=	863	111669149839
68719478282	107374182469	Q1VSTE9QVF9QUk9HUkVTU0RBVEE=	PHVua25vd24+IENVUkxPUFRfUFJPR1JFU1NEQVRB	QU5Z	863	94489281379
68719478283	107374182469	TlVMTA==	PHVua25vd24+IE5VTEw=	QU5Z	863	94489281380
68719478284	107374182469	c2V0T3B0UmV0Q29kZQ==	c2V0T3B0UmV0Q29kZQ==	Q1VSTGNvZGU=	864	94489281023
68719478285	107374182469	dGhpcw==	dGhpcw==	Tm9kZUxpYmN1cmwuRWFzeSo=	864	111669149839
68719478286	107374182469	Q1VSTE9QVF9QUk9HUkVTU0ZVTkNUSU9O	PHVua25vd24+IENVUkxPUFRfUFJPR1JFU1NGVU5DVElPTg==	QU5Z	864	94489281378
68719478287	107374182469	TlVMTA==	PHVua25vd24+IE5VTEw=	QU5Z	864	94489281380
68719478288	107374182469	dGhpcw==	dGhpcw==	Tm9kZUxpYmN1cmwuRWFzeSo=	866	111669149839
68719478289	107374182469	Q1VSTE9QVF9QUk9HUkVTU0ZVTkNUSU9O	PHVua25vd24+IENVUkxPUFRfUFJPR1JFU1NGVU5DVElPTg==	QU5Z	866	94489281378
68719478290	107374182469	dmFsdWU=	dmFsdWU=	TmFwaS5WYWx1ZQ==	866	94489281022
68719478291	107374182469	dGhpcw==	dGhpcw==	Tm9kZUxpYmN1cmwuRWFzeSo=	867	111669149839
68719478292	107374182469	Q1VSTE9QVF9QUk9HUkVTU0RBVEE=	PHVua25vd24+IENVUkxPUFRfUFJPR1JFU1NEQVRB	QU5Z	867	94489281379
68719478293	107374182469	dGhpcw==	dGhpcw==	Tm9kZUxpYmN1cmwuRWFzeSo=	867	111669149839
68719478294	107374182469	c2V0T3B0UmV0Q29kZQ==	c2V0T3B0UmV0Q29kZQ==	Q1VSTGNvZGU=	868	94489281023
68719478295	107374182469	dGhpcw==	dGhpcw==	Tm9kZUxpYmN1cmwuRWFzeSo=	868	111669149839
68719478296	107374182469	Q1VSTE9QVF9QUk9HUkVTU0ZVTkNUSU9O	PHVua25vd24+IENVUkxPUFRfUFJPR1JFU1NGVU5DVElPTg==	QU5Z	868	94489281378
68719478297	107374182469	Q1VSTE9QVF9SRUFERlVOQ1RJT04=	PHVua25vd24+IENVUkxPUFRfUkVBREZVTkNUSU9O	QU5Z	871	94489281377
68719478298	107374182469	c2V0T3B0UmV0Q29kZQ==	c2V0T3B0UmV0Q29kZQ==	Q1VSTGNvZGU=	872	94489281023
68719478299	107374182469	Q1VSTEVfT0s=	PHVua25vd24+IENVUkxFX09L	QU5Z	872	94489281375
68719478300	107374182469	aXNOdWxs	aXNOdWxs	Ym9vbA==	873	94489281068
68719478301	107374182469	dGhpcw==	dGhpcw==	Tm9kZUxpYmN1cmwuRWFzeSo=	874	111669149839
68719478302	107374182469	Q1VSTE9QVF9SRUFERlVOQ1RJT04=	PHVua25vd24+IENVUkxPUFRfUkVBREZVTkNUSU9O	QU5Z	874	94489281377
68719478303	107374182469	dGhpcw==	dGhpcw==	Tm9kZUxpYmN1cmwuRWFzeSo=	876	111669149839
68719478304	107374182469	Q1VSTE9QVF9SRUFERlVOQ1RJT04=	PHVua25vd24+IENVUkxPUFRfUkVBREZVTkNUSU9O	QU5Z	876	94489281377
68719478305	107374182469	dmFsdWU=	dmFsdWU=	TmFwaS5WYWx1ZQ==	876	94489281022
68719478306	107374182469	Q1VSTE9QVF9TRUVLRlVOQ1RJT04=	PHVua25vd24+IENVUkxPUFRfU0VFS0ZVTkNUSU9O	QU5Z	894	94489281376
68719478307	107374182469	c2V0T3B0UmV0Q29kZQ==	c2V0T3B0UmV0Q29kZQ==	Q1VSTGNvZGU=	895	94489281023
68719478308	107374182469	Q1VSTEVfT0s=	PHVua25vd24+IENVUkxFX09L	QU5Z	895	94489281375
68719478309	107374182469	aXNOdWxs	aXNOdWxs	Ym9vbA==	896	94489281068
68719478310	107374182469	dGhpcw==	dGhpcw==	Tm9kZUxpYmN1cmwuRWFzeSo=	897	111669149839
68719478311	107374182469	Q1VSTE9QVF9TRUVLRlVOQ1RJT04=	PHVua25vd24+IENVUkxPUFRfU0VFS0ZVTkNUSU9O	QU5Z	897	94489281376
68719478312	107374182469	dGhpcw==	dGhpcw==	Tm9kZUxpYmN1cmwuRWFzeSo=	899	111669149839
68719478313	107374182469	Q1VSTE9QVF9TRUVLRlVOQ1RJT04=	PHVua25vd24+IENVUkxPUFRfU0VFS0ZVTkNUSU9O	QU5Z	899	94489281376
68719478314	107374182469	dmFsdWU=	dmFsdWU=	TmFwaS5WYWx1ZQ==	899	94489281022
68719478315	107374182469	Q1VSTE9QVF9XUklURUZVTkNUSU9O	PHVua25vd24+IENVUkxPUFRfV1JJVEVGVU5DVElPTg==	QU5Z	931	94489281374
68719478316	107374182469	c2V0T3B0UmV0Q29kZQ==	c2V0T3B0UmV0Q29kZQ==	Q1VSTGNvZGU=	932	94489281023
68719478317	107374182469	Q1VSTEVfT0s=	PHVua25vd24+IENVUkxFX09L	QU5Z	932	94489281375
68719478318	107374182469	aXNOdWxs	aXNOdWxs	Ym9vbA==	933	94489281068
68719478319	107374182469	dGhpcw==	dGhpcw==	Tm9kZUxpYmN1cmwuRWFzeSo=	934	111669149839
68719478320	107374182469	Q1VSTE9QVF9XUklURUZVTkNUSU9O	PHVua25vd24+IENVUkxPUFRfV1JJVEVGVU5DVElPTg==	QU5Z	934	94489281374
68719478321	107374182469	dGhpcw==	dGhpcw==	Tm9kZUxpYmN1cmwuRWFzeSo=	936	111669149839
68719478322	107374182469	Q1VSTE9QVF9XUklURUZVTkNUSU9O	PHVua25vd24+IENVUkxPUFRfV1JJVEVGVU5DVElPTg==	QU5Z	936	94489281374
68719478323	107374182469	dmFsdWU=	dmFsdWU=	TmFwaS5WYWx1ZQ==	936	94489281022
68719478324	107374182469	b3B0aW9uSWQ=	b3B0aW9uSWQ=	aW50	941	94489281024
68719478325	107374182469	Y3VybE9wdGlvbkJsb2I=	PGdsb2JhbD4gY3VybE9wdGlvbkJsb2I=	QU5Z	941	94489281373
68719478326	107374182469	b3B0	b3B0	TmFwaS5WYWx1ZQ==	941	94489281021
68719478327	107374182469	ZW52	ZW52	TmFwaS5FbnY=	965	94489281019
68719478328	107374182469	Q1VSTEVfTk9UX0JVSUxUX0lO	PHVua25vd24+IENVUkxFX05PVF9CVUlMVF9JTg==	QU5Z	965	94489281372
68719478329	107374182469	ZW52	ZW52	TmFwaS5FbnY=	968	94489281019
68719478330	107374182469	c2V0T3B0UmV0Q29kZQ==	c2V0T3B0UmV0Q29kZQ==	Q1VSTGNvZGU=	968	94489281023
68719478331	107374182470	aW5mbw==	aW5mbw==	Q1VSTElORk8=	975	94489281070
68719478332	107374182470	aW5mb0lk	aW5mb0lk	aW50	975	111669149843
68719478333	107374182470	Y29kZQ==	Y29kZQ==	Q1VSTGNvZGU=	976	94489281071
68719478334	107374182470	b2Jq	b2Jq	Tm9kZUxpYmN1cmwuRWFzeSo=	976	111669149842
68719478335	107374182470	aW5mbw==	aW5mbw==	Q1VSTElORk8=	976	94489281070
68719478336	107374182470	cmVzdWx0	cmVzdWx0	VFJlc3VsdFR5cGU=	976	94489281069
68719478337	107374182470	Y29kZQ==	Y29kZQ==	Q1VSTGNvZGU=	978	94489281071
68719478338	107374182470	Q1VSTEVfT0s=	PHVua25vd24+IENVUkxFX09L	QU5Z	978	94489281371
68719478339	107374182470	b2Jq	b2Jq	Tm9kZUxpYmN1cmwuRWFzeSo=	979	111669149842
68719478340	107374182470	Y29kZQ==	Y29kZQ==	Q1VSTGNvZGU=	979	94489281071
68719478341	107374182470	c3Rk	c3Rk	c3Rk	983	94489281370
68719478342	107374182470	cmVzdWx0	cmVzdWx0	VFJlc3VsdFR5cGU=	984	94489281069
68719478343	107374182470	b2Jq	b2Jq	Tm9kZUxpYmN1cmwuRWFzeSo=	985	111669149842
68719478344	107374182470	b2Jq	b2Jq	Tm9kZUxpYmN1cmwuRWFzeSo=	987	111669149842
68719478345	107374182470	cmVzdWx0	cmVzdWx0	VFJlc3VsdFR5cGU=	987	94489281069
68719478346	107374182470	b2Jq	b2Jq	Tm9kZUxpYmN1cmwuRWFzeSo=	989	111669149842
68719478347	107374182470	cmVzdWx0	cmVzdWx0	VFJlc3VsdFR5cGU=	989	94489281069
68719478348	107374182471	ZW52	ZW52	TmFwaS5FbnY=	995	94489281072
68719478349	107374182471	aW5mbw==	aW5mbw==	TmFwaS5DYWxsYmFja0luZm8m	995	111669149845
68719478350	107374182471	dGhpcw==	dGhpcw==	Tm9kZUxpYmN1cmwuRWFzeSo=	997	111669149844
68719478351	107374182471	ZW52	ZW52	TmFwaS5FbnY=	998	94489281072
68719478352	107374182471	Q1VSTEVfQkFEX0ZVTkNUSU9OX0FSR1VNRU5U	PHVua25vd24+IENVUkxFX0JBRF9GVU5DVElPTl9BUkdVTUVOVA==	QU5Z	998	94489281357
68719478353	107374182471	aW5mbw==	aW5mbw==	TmFwaS5DYWxsYmFja0luZm8m	1001	111669149845
68719478354	107374182471	ZW52	ZW52	TmFwaS5FbnY=	1002	94489281072
68719478355	107374182471	aW5mb1ZhbA==	aW5mb1ZhbA==	TmFwaS5WYWx1ZQ==	1005	94489281073
68719478356	107374182471	aW5mbw==	aW5mbw==	TmFwaS5DYWxsYmFja0luZm8m	1005	111669149845
68719478357	107374182471	cmV0VmFs	cmV0VmFs	TmFwaS5WYWx1ZQ==	1006	94489281074
68719478358	107374182471	ZW52	ZW52	TmFwaS5FbnY=	1006	94489281072
68719478359	107374182471	Y29kZQ==	Y29kZQ==	Q1VSTGNvZGU=	1009	94489281077
68719478360	107374182471	Q1VSTEVfT0s=	PHVua25vd24+IENVUkxFX09L	QU5Z	1009	94489281358
68719478361	107374182471	aW5mb0lk	aW5mb0lk	aW50	1012	94489281075
68719478362	107374182471	Y3VybEluZm9Ob3RJbXBsZW1lbnRlZA==	PGdsb2JhbD4gY3VybEluZm9Ob3RJbXBsZW1lbnRlZA==	QU5Z	1012	94489281369
68719478363	107374182471	aW5mb1ZhbA==	aW5mb1ZhbA==	TmFwaS5WYWx1ZQ==	1012	94489281073
68719478364	107374182471	ZW52	ZW52	TmFwaS5FbnY=	1013	94489281072
68719478365	107374182471	Q1VSTEVfVU5LTk9XTl9PUFRJT04=	PHVua25vd24+IENVUkxFX1VOS05PV05fT1BUSU9O	QU5Z	1016	94489281368
68719478366	107374182471	aW5mb0lk	aW5mb0lk	aW50	1021	94489281075
68719478367	107374182471	Y3VybEluZm9TdHJpbmc=	PGdsb2JhbD4gY3VybEluZm9TdHJpbmc=	QU5Z	1021	94489281367
68719478368	107374182471	aW5mb1ZhbA==	aW5mb1ZhbA==	TmFwaS5WYWx1ZQ==	1021	94489281073
68719478369	107374182471	cmV0VmFs	cmV0VmFs	TmFwaS5WYWx1ZQ==	1022	94489281074
68719478370	107374182471	dGhpcw==	dGhpcw==	Tm9kZUxpYmN1cmwuRWFzeSo=	1022	111669149844
68719478371	107374182471	aW5mb0lk	aW5mb0lk	aW50	1022	94489281075
68719478372	107374182471	aW5mb0lk	aW5mb0lk	aW50	1024	94489281075
68719478373	107374182471	Y3VybEluZm9PZmZU	PGdsb2JhbD4gY3VybEluZm9PZmZU	QU5Z	1024	94489281366
68719478374	107374182471	aW5mb1ZhbA==	aW5mb1ZhbA==	TmFwaS5WYWx1ZQ==	1024	94489281073
68719478375	107374182471	cmV0VmFs	cmV0VmFs	TmFwaS5WYWx1ZQ==	1025	94489281074
68719478376	107374182471	dGhpcw==	dGhpcw==	Tm9kZUxpYmN1cmwuRWFzeSo=	1025	111669149844
68719478377	107374182471	aW5mb0lk	aW5mb0lk	aW50	1025	94489281075
68719478378	107374182471	aW5mb0lk	aW5mb0lk	aW50	1027	94489281075
68719478379	107374182471	Y3VybEluZm9Eb3VibGU=	PGdsb2JhbD4gY3VybEluZm9Eb3VibGU=	QU5Z	1027	94489281365
68719478380	107374182471	aW5mb1ZhbA==	aW5mb1ZhbA==	TmFwaS5WYWx1ZQ==	1027	94489281073
68719478381	107374182471	cmV0VmFs	cmV0VmFs	TmFwaS5WYWx1ZQ==	1028	94489281074
68719478382	107374182471	dGhpcw==	dGhpcw==	Tm9kZUxpYmN1cmwuRWFzeSo=	1028	111669149844
68719478383	107374182471	aW5mb0lk	aW5mb0lk	aW50	1028	94489281075
68719478384	107374182471	aW5mb0lk	aW5mb0lk	aW50	1030	94489281075
68719478385	107374182471	Y3VybEluZm9JbnRlZ2Vy	PGdsb2JhbD4gY3VybEluZm9JbnRlZ2Vy	QU5Z	1030	94489281364
68719478386	107374182471	aW5mb1ZhbA==	aW5mb1ZhbA==	TmFwaS5WYWx1ZQ==	1030	94489281073
68719478387	107374182471	cmV0VmFs	cmV0VmFs	TmFwaS5WYWx1ZQ==	1031	94489281074
68719478388	107374182471	dGhpcw==	dGhpcw==	Tm9kZUxpYmN1cmwuRWFzeSo=	1031	111669149844
68719478389	107374182471	aW5mb0lk	aW5mb0lk	aW50	1031	94489281075
68719478390	107374182471	aW5mb0lk	aW5mb0lk	aW50	1033	94489281075
68719478391	107374182471	Y3VybEluZm9Tb2NrZXQ=	PGdsb2JhbD4gY3VybEluZm9Tb2NrZXQ=	QU5Z	1033	94489281363
68719478392	107374182471	aW5mb1ZhbA==	aW5mb1ZhbA==	TmFwaS5WYWx1ZQ==	1033	94489281073
68719478393	107374182471	Y29kZQ==	Y29kZQ==	Q1VSTGNvZGU=	1041	94489281077
68719478394	107374182471	dGhpcw==	dGhpcw==	Tm9kZUxpYmN1cmwuRWFzeSo=	1041	111669149844
68719478395	107374182471	aW5mb0lk	aW5mb0lk	aW50	1041	94489281075
68719478396	107374182471	c29ja2V0	c29ja2V0	bG9uZw==	1041	94489281078
68719478397	107374182471	Y29kZQ==	Y29kZQ==	Q1VSTGNvZGU=	1042	94489281077
68719478398	107374182471	Q1VSTEVfT0s=	PHVua25vd24+IENVUkxFX09L	QU5Z	1042	94489281358
68719478399	107374182471	cmV0VmFs	cmV0VmFs	TmFwaS5WYWx1ZQ==	1047	94489281074
68719478400	107374182471	ZW52	ZW52	TmFwaS5FbnY=	1047	94489281072
68719478401	107374182471	c29ja2V0	c29ja2V0	bG9uZw==	1047	94489281078
68719478402	107374182471	aW5mb0lk	aW5mb0lk	aW50	1050	94489281075
68719478403	107374182471	Y3VybEluZm9MaW5rZWRMaXN0	PGdsb2JhbD4gY3VybEluZm9MaW5rZWRMaXN0	QU5Z	1050	94489281362
68719478404	107374182471	aW5mb1ZhbA==	aW5mb1ZhbA==	TmFwaS5WYWx1ZQ==	1050	94489281073
68719478405	107374182471	bGlua2VkTGlzdA==	bGlua2VkTGlzdA==	Tm9kZUxpYmN1cmwuY3VybF9zbGlzdCo=	1051	94489281079
68719478406	107374182471	PHRtcD4w	PHRtcD4w	Tm9kZUxpYmN1cmwuY3VybF9zbGlzdA==	1051	94489281361
68719478407	107374182471	PHRtcD4w	PHRtcD4w	Tm9kZUxpYmN1cmwuY3VybF9zbGlzdA==	1051	94489281361
68719478408	107374182471	PHRtcD4w	PHRtcD4w	Tm9kZUxpYmN1cmwuY3VybF9zbGlzdA==	1051	94489281361
68719478409	107374182471	Y3Vycg==	Y3Vycg==	Tm9kZUxpYmN1cmwuY3VybF9zbGlzdCo=	1052	94489281080
68719478410	107374182471	PHRtcD4x	PHRtcD4x	Tm9kZUxpYmN1cmwuY3VybF9zbGlzdA==	1052	94489281360
68719478411	107374182471	PHRtcD4x	PHRtcD4x	Tm9kZUxpYmN1cmwuY3VybF9zbGlzdA==	1052	94489281360
68719478412	107374182471	PHRtcD4x	PHRtcD4x	Tm9kZUxpYmN1cmwuY3VybF9zbGlzdA==	1052	94489281360
68719478413	107374182471	Y3VybEluZm8=	Y3VybEluZm8=	Q1VSTElORk8=	1053	94489281076
68719478414	107374182471	aW5mb0lk	aW5mb0lk	aW50	1053	94489281075
68719478415	107374182471	Y3VybEluZm8=	Y3VybEluZm8=	Q1VSTElORk8=	1055	94489281076
68719478416	107374182471	Q1VSTElORk9fQ0VSVElORk8=	PHVua25vd24+IENVUkxJTkZPX0NFUlRJTkZP	QU5Z	1055	94489281359
68719478417	107374182471	Y2k=	Y2k=	Y3VybF9jZXJ0aW5mbyo=	1056	94489281081
68719478418	107374182471	Y29kZQ==	Y29kZQ==	Q1VSTGNvZGU=	1057	94489281077
68719478419	107374182471	dGhpcw==	dGhpcw==	Tm9kZUxpYmN1cmwuRWFzeSo=	1057	111669149844
68719478420	107374182471	Y3VybEluZm8=	Y3VybEluZm8=	Q1VSTElORk8=	1057	94489281076
68719478421	107374182471	Y2k=	Y2k=	Y3VybF9jZXJ0aW5mbyo=	1057	94489281081
68719478422	107374182471	Y29kZQ==	Y29kZQ==	Q1VSTGNvZGU=	1059	94489281077
68719478423	107374182471	Q1VSTEVfT0s=	PHVua25vd24+IENVUkxFX09L	QU5Z	1059	94489281358
68719478424	107374182471	Y2k=	Y2k=	Y3VybF9jZXJ0aW5mbyo=	1059	94489281081
68719478425	107374182471	YXJy	YXJy	TmFwaS5BcnJheQ==	1060	94489281082
68719478426	107374182471	ZW52	ZW52	TmFwaS5FbnY=	1060	94489281072
68719478427	107374182471	aQ==	aQ==	aW50	1062	94489281083
68719478428	107374182471	aQ==	aQ==	aW50	1062	94489281083
68719478429	107374182471	Y2k=	Y2k=	Y3VybF9jZXJ0aW5mbyo=	1062	94489281081
68719478430	107374182471	aQ==	aQ==	aW50	1062	94489281083
68719478431	107374182471	bGlua2VkTGlzdA==	bGlua2VkTGlzdA==	Tm9kZUxpYmN1cmwuY3VybF9zbGlzdCo=	1063	94489281079
68719478432	107374182471	Y2k=	Y2k=	Y3VybF9jZXJ0aW5mbyo=	1063	94489281081
68719478433	107374182471	aQ==	aQ==	aW50	1063	94489281083
68719478434	107374182471	bGlua2VkTGlzdA==	bGlua2VkTGlzdA==	Tm9kZUxpYmN1cmwuY3VybF9zbGlzdCo=	1065	94489281079
68719478435	107374182471	Y3Vycg==	Y3Vycg==	Tm9kZUxpYmN1cmwuY3VybF9zbGlzdCo=	1066	94489281080
68719478436	107374182471	bGlua2VkTGlzdA==	bGlua2VkTGlzdA==	Tm9kZUxpYmN1cmwuY3VybF9zbGlzdCo=	1066	94489281079
68719478437	107374182471	Y3Vycg==	Y3Vycg==	Tm9kZUxpYmN1cmwuY3VybF9zbGlzdCo=	1068	94489281080
68719478438	107374182471	YXJy	YXJy	TmFwaS5BcnJheQ==	1069	94489281082
68719478439	107374182471	YXJy	YXJy	TmFwaS5BcnJheQ==	1069	94489281082
68719478440	107374182471	ZW52	ZW52	TmFwaS5FbnY=	1069	94489281072
68719478441	107374182471	Y3Vycg==	Y3Vycg==	Tm9kZUxpYmN1cmwuY3VybF9zbGlzdCo=	1069	94489281080
68719478442	107374182471	Y3Vycg==	Y3Vycg==	Tm9kZUxpYmN1cmwuY3VybF9zbGlzdCo=	1070	94489281080
68719478443	107374182471	Y3Vycg==	Y3Vycg==	Tm9kZUxpYmN1cmwuY3VybF9zbGlzdCo=	1070	94489281080
68719478444	107374182471	cmV0VmFs	cmV0VmFs	TmFwaS5WYWx1ZQ==	1075	94489281074
68719478445	107374182471	YXJy	YXJy	TmFwaS5BcnJheQ==	1075	94489281082
68719478446	107374182471	Y29kZQ==	Y29kZQ==	Q1VSTGNvZGU=	1078	94489281077
68719478447	107374182471	dGhpcw==	dGhpcw==	Tm9kZUxpYmN1cmwuRWFzeSo=	1078	111669149844
68719478448	107374182471	Y3VybEluZm8=	Y3VybEluZm8=	Q1VSTElORk8=	1078	94489281076
68719478449	107374182471	bGlua2VkTGlzdA==	bGlua2VkTGlzdA==	Tm9kZUxpYmN1cmwuY3VybF9zbGlzdCo=	1078	94489281079
68719478450	107374182471	Y29kZQ==	Y29kZQ==	Q1VSTGNvZGU=	1080	94489281077
68719478451	107374182471	Q1VSTEVfT0s=	PHVua25vd24+IENVUkxFX09L	QU5Z	1080	94489281358
68719478452	107374182471	YXJy	YXJy	TmFwaS5BcnJheQ==	1081	94489281084
68719478453	107374182471	ZW52	ZW52	TmFwaS5FbnY=	1081	94489281072
68719478454	107374182471	bGlua2VkTGlzdA==	bGlua2VkTGlzdA==	Tm9kZUxpYmN1cmwuY3VybF9zbGlzdCo=	1083	94489281079
68719478455	107374182471	Y3Vycg==	Y3Vycg==	Tm9kZUxpYmN1cmwuY3VybF9zbGlzdCo=	1084	94489281080
68719478456	107374182471	bGlua2VkTGlzdA==	bGlua2VkTGlzdA==	Tm9kZUxpYmN1cmwuY3VybF9zbGlzdCo=	1084	94489281079
68719478457	107374182471	Y3Vycg==	Y3Vycg==	Tm9kZUxpYmN1cmwuY3VybF9zbGlzdCo=	1086	94489281080
68719478458	107374182471	YXJy	YXJy	TmFwaS5BcnJheQ==	1087	94489281084
68719478459	107374182471	YXJy	YXJy	TmFwaS5BcnJheQ==	1087	94489281084
68719478460	107374182471	ZW52	ZW52	TmFwaS5FbnY=	1087	94489281072
68719478461	107374182471	Y3Vycg==	Y3Vycg==	Tm9kZUxpYmN1cmwuY3VybF9zbGlzdCo=	1087	94489281080
68719478462	107374182471	Y3Vycg==	Y3Vycg==	Tm9kZUxpYmN1cmwuY3VybF9zbGlzdCo=	1088	94489281080
68719478463	107374182471	Y3Vycg==	Y3Vycg==	Tm9kZUxpYmN1cmwuY3VybF9zbGlzdCo=	1088	94489281080
68719478464	107374182471	bGlua2VkTGlzdA==	bGlua2VkTGlzdA==	Tm9kZUxpYmN1cmwuY3VybF9zbGlzdCo=	1091	94489281079
68719478465	107374182471	cmV0VmFs	cmV0VmFs	TmFwaS5WYWx1ZQ==	1094	94489281074
68719478466	107374182471	YXJy	YXJy	TmFwaS5BcnJheQ==	1094	94489281084
68719478467	107374182471	ZXJyTXNn	ZXJyTXNn	c3RkLnN0cmluZw==	1101	94489281086
68719478468	107374182471	ZQ==	ZQ==	c3RkLmV4Y2VwdGlvbiY=	1101	94489281085
68719478469	107374182471	ZXJyTXNn	ZXJyTXNn	c3RkLnN0cmluZw==	1103	94489281086
68719478470	107374182471	ZXJyTXNn	ZXJyTXNn	c3RkLnN0cmluZw==	1103	94489281086
68719478471	107374182471	ZXJyQ29kZQ==	ZXJyQ29kZQ==	c3RkLnN0cmluZw==	1103	94489281087
68719478472	107374182471	Y29kZQ==	Y29kZQ==	Q1VSTGNvZGU=	1104	94489281077
68719478473	107374182471	ZXJyQ29kZQ==	ZXJyQ29kZQ==	c3RkLnN0cmluZw==	1104	94489281087
68719478474	107374182471	ZXJyQ29kZQ==	ZXJyQ29kZQ==	c3RkLnN0cmluZw==	1104	94489281087
68719478475	107374182471	Q1VSTEVfQkFEX0ZVTkNUSU9OX0FSR1VNRU5U	PHVua25vd24+IENVUkxFX0JBRF9GVU5DVElPTl9BUkdVTUVOVA==	QU5Z	1105	94489281357
68719478476	107374182471	cmV0	cmV0	TmFwaS5PYmplY3Q=	1108	94489281088
68719478477	107374182471	ZW52	ZW52	TmFwaS5FbnY=	1108	94489281072
68719478478	107374182471	cmV0	cmV0	TmFwaS5PYmplY3Q=	1109	94489281088
68719478479	107374182471	ZW52	ZW52	TmFwaS5FbnY=	1109	94489281072
68719478480	107374182471	Y29kZQ==	Y29kZQ==	Q1VSTGNvZGU=	1109	94489281077
68719478481	107374182471	cmV0	cmV0	TmFwaS5PYmplY3Q=	1110	94489281088
68719478482	107374182471	cmV0VmFs	cmV0VmFs	TmFwaS5WYWx1ZQ==	1110	94489281074
68719478483	107374182471	cmV0	cmV0	TmFwaS5PYmplY3Q=	1111	94489281088
68719478484	107374182472	ZW52	ZW52	TmFwaS5FbnY=	1115	94489281089
68719478485	107374182472	aW5mbw==	aW5mbw==	TmFwaS5DYWxsYmFja0luZm8m	1115	111669149847
68719478486	107374182472	dGhpcw==	dGhpcw==	Tm9kZUxpYmN1cmwuRWFzeSo=	1117	111669149846
68719478487	107374182472	ZW52	ZW52	TmFwaS5FbnY=	1118	94489281089
68719478488	107374182472	bG9jYWxlR3VhcmQ=	bG9jYWxlR3VhcmQ=	TG9jYWxlR3VhcmQ=	1123	94489281090
68719478489	107374182472	PHRtcD4w	PHRtcD4w	TG9jYWxlR3VhcmQ=	1123	94489281356
68719478490	107374182472	PHRtcD4w	PHRtcD4w	TG9jYWxlR3VhcmQ=	1123	94489281356
68719478491	107374182472	PHRtcD4w	PHRtcD4w	TG9jYWxlR3VhcmQ=	1123	94489281356
68719478492	107374182472	Y29kZQ==	Y29kZQ==	Q1VSTGNvZGU=	1124	94489281091
68719478493	107374182472	dGhpcw==	dGhpcw==	Tm9kZUxpYmN1cmwuRWFzeSo=	1124	111669149846
68719478494	107374182472	ZW52	ZW52	TmFwaS5FbnY=	1126	94489281089
68719478495	107374182472	Y29kZQ==	Y29kZQ==	Q1VSTGNvZGU=	1126	94489281091
68719478496	107374182473	ZW52	ZW52	TmFwaS5FbnY=	1130	94489281092
68719478497	107374182473	aW5mbw==	aW5mbw==	TmFwaS5DYWxsYmFja0luZm8m	1130	111669149849
68719478498	107374182473	dGhpcw==	dGhpcw==	Tm9kZUxpYmN1cmwuRWFzeSo=	1132	111669149848
68719478499	107374182473	ZW52	ZW52	TmFwaS5FbnY=	1133	94489281092
68719478500	107374182473	Q1VSTEVfQkFEX0ZVTkNUSU9OX0FSR1VNRU5U	PHVua25vd24+IENVUkxFX0JBRF9GVU5DVElPTl9BUkdVTUVOVA==	QU5Z	1133	94489281355
68719478501	107374182473	dGhpcw==	dGhpcw==	Tm9kZUxpYmN1cmwuRWFzeSo=	1138	111669149848
68719478502	107374182473	dGhpcw==	dGhpcw==	Tm9kZUxpYmN1cmwuRWFzeSo=	1142	111669149848
68719478503	107374182473	Q1VSTE9QVF9VUkw=	PHVua25vd24+IENVUkxPUFRfVVJM	QU5Z	1142	94489281354
68719478504	107374182473	dGhpcw==	dGhpcw==	Tm9kZUxpYmN1cmwuRWFzeSo=	1144	111669149848
68719478505	107374182473	dGhpcw==	dGhpcw==	Tm9kZUxpYmN1cmwuRWFzeSo=	1147	111669149848
68719478506	107374182473	dGhpcw==	dGhpcw==	Tm9kZUxpYmN1cmwuRWFzeSo=	1149	111669149848
68719478507	107374182473	aW5mbw==	aW5mbw==	TmFwaS5DYWxsYmFja0luZm8m	1151	111669149849
68719478508	107374182474	ZW52	ZW52	TmFwaS5FbnY=	1155	94489281093
68719478509	107374182474	aW5mbw==	aW5mbw==	TmFwaS5DYWxsYmFja0luZm8m	1155	111669149851
68719478510	107374182474	dGhpcw==	dGhpcw==	Tm9kZUxpYmN1cmwuRWFzeSo=	1157	111669149850
68719478511	107374182474	ZW52	ZW52	TmFwaS5FbnY=	1158	94489281093
68719478512	107374182474	Q1VSTEVfQkFEX0ZVTkNUSU9OX0FSR1VNRU5U	PHVua25vd24+IENVUkxFX0JBRF9GVU5DVElPTl9BUkdVTUVOVA==	QU5Z	1158	94489281353
68719478513	107374182474	dGhpcw==	dGhpcw==	Tm9kZUxpYmN1cmwuRWFzeSo=	1161	111669149850
68719478514	107374182474	ZW52	ZW52	TmFwaS5FbnY=	1162	94489281093
68719478515	107374182474	Q1VSTEVfQkFEX0ZVTkNUSU9OX0FSR1VNRU5U	PHVua25vd24+IENVUkxFX0JBRF9GVU5DVElPTl9BUkdVTUVOVA==	QU5Z	1163	94489281353
68719478516	107374182474	dGhpcw==	dGhpcw==	Tm9kZUxpYmN1cmwuRWFzeSo=	1166	111669149850
68719478517	107374182474	ZW52	ZW52	TmFwaS5FbnY=	1167	94489281093
68719478518	107374182475	ZW52	ZW52	TmFwaS5FbnY=	1171	94489281094
68719478519	107374182475	aW5mbw==	aW5mbw==	TmFwaS5DYWxsYmFja0luZm8m	1171	111669149853
68719478520	107374182475	aW5mbw==	aW5mbw==	TmFwaS5DYWxsYmFja0luZm8m	1173	111669149853
68719478521	107374182475	aW5mbw==	aW5mbw==	TmFwaS5DYWxsYmFja0luZm8m	1173	111669149853
68719478522	107374182475	ZW52	ZW52	TmFwaS5FbnY=	1174	94489281094
68719478523	107374182475	ZXJyb3JDb2Rl	ZXJyb3JDb2Rl	aW50MzJfdA==	1177	94489281095
68719478524	107374182475	aW5mbw==	aW5mbw==	TmFwaS5DYWxsYmFja0luZm8m	1177	111669149853
68719478525	107374182475	ZXJyb3JNc2c=	ZXJyb3JNc2c=	Y2hhcio=	1178	94489281096
68719478526	107374182475	ZXJyb3JDb2Rl	ZXJyb3JDb2Rl	aW50MzJfdA==	1178	94489281095
68719478527	107374182475	ZW52	ZW52	TmFwaS5FbnY=	1180	94489281094
68719478528	107374182475	ZXJyb3JNc2c=	ZXJyb3JNc2c=	Y2hhcio=	1180	94489281096
68719478529	107374182476	ZW52	ZW52	TmFwaS5FbnY=	1185	94489281097
68719478530	107374182476	aW5mbw==	aW5mbw==	TmFwaS5DYWxsYmFja0luZm8m	1185	111669149855
68719478531	107374182476	dGhpcw==	dGhpcw==	Tm9kZUxpYmN1cmwuRWFzeSo=	1187	111669149854
68719478532	107374182476	ZW52	ZW52	TmFwaS5FbnY=	1188	94489281097
68719478533	107374182476	Q1VSTEVfQkFEX0ZVTkNUSU9OX0FSR1VNRU5U	PHVua25vd24+IENVUkxFX0JBRF9GVU5DVElPTl9BUkdVTUVOVA==	QU5Z	1188	94489281352
68719478534	107374182476	aW5mbw==	aW5mbw==	TmFwaS5DYWxsYmFja0luZm8m	1191	111669149855
68719478535	107374182476	ZW52	ZW52	TmFwaS5FbnY=	1192	94489281097
68719478536	107374182476	Q1VSTEVfQkFEX0ZVTkNUSU9OX0FSR1VNRU5U	PHVua25vd24+IENVUkxFX0JBRF9GVU5DVElPTl9BUkdVTUVOVA==	QU5Z	1192	94489281352
68719478537	107374182476	YnVm	YnVm	TmFwaS5WYWx1ZQ==	1195	94489281098
68719478538	107374182476	aW5mbw==	aW5mbw==	TmFwaS5DYWxsYmFja0luZm8m	1195	111669149855
68719478539	107374182476	YnVm	YnVm	TmFwaS5WYWx1ZQ==	1196	94489281098
68719478540	107374182476	ZW52	ZW52	TmFwaS5FbnY=	1197	94489281097
68719478541	107374182476	Q1VSTEVfQkFEX0ZVTkNUSU9OX0FSR1VNRU5U	PHVua25vd24+IENVUkxFX0JBRF9GVU5DVElPTl9BUkdVTUVOVA==	QU5Z	1197	94489281352
68719478542	107374182476	YnVmZmVy	YnVmZmVy	QnVmZmVy	1200	94489281099
68719478543	107374182476	YnVm	YnVm	TmFwaS5WYWx1ZQ==	1200	94489281098
68719478544	107374182476	YnVmQ29udGVudA==	YnVmQ29udGVudA==	Y2hhcio=	1201	94489281100
68719478545	107374182476	YnVmZmVy	YnVmZmVy	QnVmZmVy	1201	94489281099
68719478546	107374182476	YnVmTGVuZ3Ro	YnVmTGVuZ3Ro	c2l6ZV90	1202	94489281101
68719478547	107374182476	YnVmZmVy	YnVmZmVy	QnVmZmVy	1202	94489281099
68719478548	107374182476	bg==	bg==	c2l6ZV90	1203	94489281102
68719478549	107374182476	Y3VybFJldA==	Y3VybFJldA==	Q1VSTGNvZGU=	1205	94489281103
68719478550	107374182476	dGhpcw==	dGhpcw==	Tm9kZUxpYmN1cmwuRWFzeSo=	1205	111669149854
68719478551	107374182476	YnVmQ29udGVudA==	YnVmQ29udGVudA==	Y2hhcio=	1205	94489281100
68719478552	107374182476	YnVmTGVuZ3Ro	YnVmTGVuZ3Ro	c2l6ZV90	1205	94489281101
68719478553	107374182476	bg==	bg==	c2l6ZV90	1205	94489281102
68719478554	107374182476	cmV0	cmV0	TmFwaS5PYmplY3Q=	1207	94489281104
68719478555	107374182476	ZW52	ZW52	TmFwaS5FbnY=	1207	94489281097
68719478556	107374182476	cmV0	cmV0	TmFwaS5PYmplY3Q=	1208	94489281104
68719478557	107374182476	ZW52	ZW52	TmFwaS5FbnY=	1208	94489281097
68719478558	107374182476	Y3VybFJldA==	Y3VybFJldA==	Q1VSTGNvZGU=	1208	94489281103
68719478559	107374182476	cmV0	cmV0	TmFwaS5PYmplY3Q=	1209	94489281104
68719478560	107374182476	ZW52	ZW52	TmFwaS5FbnY=	1209	94489281097
68719478561	107374182476	bg==	bg==	c2l6ZV90	1209	94489281102
68719478562	107374182476	cmV0	cmV0	TmFwaS5PYmplY3Q=	1211	94489281104
68719478563	107374182477	ZW52	ZW52	TmFwaS5FbnY=	1215	94489281105
68719478564	107374182477	aW5mbw==	aW5mbw==	TmFwaS5DYWxsYmFja0luZm8m	1215	111669149857
68719478565	107374182477	dGhpcw==	dGhpcw==	Tm9kZUxpYmN1cmwuRWFzeSo=	1217	111669149856
68719478566	107374182477	ZW52	ZW52	TmFwaS5FbnY=	1218	94489281105
68719478567	107374182477	Q1VSTEVfQkFEX0ZVTkNUSU9OX0FSR1VNRU5U	PHVua25vd24+IENVUkxFX0JBRF9GVU5DVElPTl9BUkdVTUVOVA==	QU5Z	1218	94489281351
68719478568	107374182477	aW5mbw==	aW5mbw==	TmFwaS5DYWxsYmFja0luZm8m	1221	111669149857
68719478569	107374182477	ZW52	ZW52	TmFwaS5FbnY=	1222	94489281105
68719478570	107374182477	Q1VSTEVfQkFEX0ZVTkNUSU9OX0FSR1VNRU5U	PHVua25vd24+IENVUkxFX0JBRF9GVU5DVElPTl9BUkdVTUVOVA==	QU5Z	1222	94489281351
68719478571	107374182477	YnVm	YnVm	TmFwaS5WYWx1ZQ==	1225	94489281106
68719478572	107374182477	aW5mbw==	aW5mbw==	TmFwaS5DYWxsYmFja0luZm8m	1225	111669149857
68719478573	107374182477	YnVm	YnVm	TmFwaS5WYWx1ZQ==	1226	94489281106
68719478574	107374182477	ZW52	ZW52	TmFwaS5FbnY=	1227	94489281105
68719478575	107374182477	Q1VSTEVfQkFEX0ZVTkNUSU9OX0FSR1VNRU5U	PHVua25vd24+IENVUkxFX0JBRF9GVU5DVElPTl9BUkdVTUVOVA==	QU5Z	1227	94489281351
68719478576	107374182477	YnVmZmVy	YnVmZmVy	QnVmZmVy	1230	94489281107
68719478577	107374182477	YnVm	YnVm	TmFwaS5WYWx1ZQ==	1230	94489281106
68719478578	107374182477	YnVmQ29udGVudA==	YnVmQ29udGVudA==	Y2hhcio=	1231	94489281108
68719478579	107374182477	YnVmZmVy	YnVmZmVy	QnVmZmVy	1231	94489281107
68719478580	107374182477	YnVmTGVuZ3Ro	YnVmTGVuZ3Ro	c2l6ZV90	1232	94489281109
68719478581	107374182477	YnVmZmVy	YnVmZmVy	QnVmZmVy	1232	94489281107
68719478582	107374182477	bg==	bg==	c2l6ZV90	1233	94489281110
68719478583	107374182477	Y3VybFJldA==	Y3VybFJldA==	Q1VSTGNvZGU=	1235	94489281111
68719478584	107374182477	dGhpcw==	dGhpcw==	Tm9kZUxpYmN1cmwuRWFzeSo=	1235	111669149856
68719478585	107374182477	YnVmQ29udGVudA==	YnVmQ29udGVudA==	Y2hhcio=	1235	94489281108
68719478586	107374182477	YnVmTGVuZ3Ro	YnVmTGVuZ3Ro	c2l6ZV90	1235	94489281109
68719478587	107374182477	bg==	bg==	c2l6ZV90	1235	94489281110
68719478588	107374182477	cmV0	cmV0	TmFwaS5PYmplY3Q=	1237	94489281112
68719478589	107374182477	ZW52	ZW52	TmFwaS5FbnY=	1237	94489281105
68719478590	107374182477	cmV0	cmV0	TmFwaS5PYmplY3Q=	1238	94489281112
68719478591	107374182477	ZW52	ZW52	TmFwaS5FbnY=	1238	94489281105
68719478592	107374182477	Y3VybFJldA==	Y3VybFJldA==	Q1VSTGNvZGU=	1238	94489281111
68719478593	107374182477	cmV0	cmV0	TmFwaS5PYmplY3Q=	1239	94489281112
68719478594	107374182477	ZW52	ZW52	TmFwaS5FbnY=	1239	94489281105
68719478595	107374182477	bg==	bg==	c2l6ZV90	1239	94489281110
68719478596	107374182477	cmV0	cmV0	TmFwaS5PYmplY3Q=	1241	94489281112
68719478597	107374182478	ZW52	ZW52	TmFwaS5FbnY=	1245	94489281113
68719478598	107374182478	aW5mbw==	aW5mbw==	TmFwaS5DYWxsYmFja0luZm8m	1245	111669149859
68719478599	107374182478	dGhpcw==	dGhpcw==	Tm9kZUxpYmN1cmwuRWFzeSo=	1247	111669149858
68719478600	107374182478	ZW52	ZW52	TmFwaS5FbnY=	1248	94489281113
68719478601	107374182478	Q1VSTEVfQkFEX0ZVTkNUSU9OX0FSR1VNRU5U	PHVua25vd24+IENVUkxFX0JBRF9GVU5DVElPTl9BUkdVTUVOVA==	QU5Z	1248	94489281350
68719478602	107374182478	ZW52	ZW52	TmFwaS5FbnY=	1288	94489281113
68719478603	107374182478	Q1VSTEVfTk9UX0JVSUxUX0lO	PHVua25vd24+IENVUkxFX05PVF9CVUlMVF9JTg==	QU5Z	1288	94489281349
68719478604	107374182479	ZW52	ZW52	TmFwaS5FbnY=	1293	94489281114
68719478605	107374182479	aW5mbw==	aW5mbw==	TmFwaS5DYWxsYmFja0luZm8m	1293	111669149861
68719478606	107374182479	dGhpcw==	dGhpcw==	Tm9kZUxpYmN1cmwuRWFzeSo=	1295	111669149860
68719478607	107374182479	ZW52	ZW52	TmFwaS5FbnY=	1296	94489281114
68719478608	107374182479	Q1VSTEVfQkFEX0ZVTkNUSU9OX0FSR1VNRU5U	PHVua25vd24+IENVUkxFX0JBRF9GVU5DVElPTl9BUkdVTUVOVA==	QU5Z	1296	94489281348
68719478609	107374182479	ZW52	ZW52	TmFwaS5FbnY=	1334	94489281114
68719478610	107374182479	Q1VSTEVfTk9UX0JVSUxUX0lO	PHVua25vd24+IENVUkxFX05PVF9CVUlMVF9JTg==	QU5Z	1334	94489281347
68719478611	107374182480	ZW52	ZW52	TmFwaS5FbnY=	1339	94489281115
68719478612	107374182480	aW5mbw==	aW5mbw==	TmFwaS5DYWxsYmFja0luZm8m	1339	111669149863
68719478613	107374182480	dGhpcw==	dGhpcw==	Tm9kZUxpYmN1cmwuRWFzeSo=	1341	111669149862
68719478614	107374182480	ZW52	ZW52	TmFwaS5FbnY=	1342	94489281115
68719478615	107374182480	Q1VSTEVfQkFEX0ZVTkNUSU9OX0FSR1VNRU5U	PHVua25vd24+IENVUkxFX0JBRF9GVU5DVElPTl9BUkdVTUVOVA==	QU5Z	1342	94489281346
68719478616	107374182480	ZW52	ZW52	TmFwaS5FbnY=	1361	94489281115
68719478617	107374182480	Q1VSTEVfTk9UX0JVSUxUX0lO	PHVua25vd24+IENVUkxFX05PVF9CVUlMVF9JTg==	QU5Z	1361	94489281345
68719478618	107374182481	ZW52	ZW52	TmFwaS5FbnY=	1366	94489281116
68719478619	107374182481	aW5mbw==	aW5mbw==	TmFwaS5DYWxsYmFja0luZm8m	1366	111669149865
68719478620	107374182481	dGhpcw==	dGhpcw==	Tm9kZUxpYmN1cmwuRWFzeSo=	1368	111669149864
68719478621	107374182481	ZW52	ZW52	TmFwaS5FbnY=	1369	94489281116
68719478622	107374182481	Q1VSTEVfQkFEX0ZVTkNUSU9OX0FSR1VNRU5U	PHVua25vd24+IENVUkxFX0JBRF9GVU5DVElPTl9BUkdVTUVOVA==	QU5Z	1369	94489281344
68719478623	107374182481	ZW52	ZW52	TmFwaS5FbnY=	1384	94489281116
68719478624	107374182481	Q1VSTEVfTk9UX0JVSUxUX0lO	PHVua25vd24+IENVUkxFX05PVF9CVUlMVF9JTg==	QU5Z	1384	94489281343
68719478625	107374182482	ZW52	ZW52	TmFwaS5FbnY=	1389	94489281117
68719478626	107374182482	aW5mbw==	aW5mbw==	TmFwaS5DYWxsYmFja0luZm8m	1389	111669149867
68719478627	107374182482	dGhpcw==	dGhpcw==	Tm9kZUxpYmN1cmwuRWFzeSo=	1391	111669149866
68719478628	107374182482	ZW52	ZW52	TmFwaS5FbnY=	1392	94489281117
68719478629	107374182482	ZW52	ZW52	TmFwaS5FbnY=	1399	94489281117
68719478630	107374182482	Q1VSTEVfTk9UX0JVSUxUX0lO	PHVua25vd24+IENVUkxFX05PVF9CVUlMVF9JTg==	QU5Z	1399	94489281342
68719478631	107374182483	ZW52	ZW52	TmFwaS5FbnY=	1404	94489281118
68719478632	107374182483	aW5mbw==	aW5mbw==	TmFwaS5DYWxsYmFja0luZm8m	1404	111669149869
68719478633	107374182483	dGhpcw==	dGhpcw==	Tm9kZUxpYmN1cmwuRWFzeSo=	1406	111669149868
68719478634	107374182483	ZW52	ZW52	TmFwaS5FbnY=	1407	94489281118
68719478635	107374182483	aW5mbw==	aW5mbw==	TmFwaS5DYWxsYmFja0luZm8m	1410	111669149869
68719478636	107374182483	aW5mbw==	aW5mbw==	TmFwaS5DYWxsYmFja0luZm8m	1410	111669149869
68719478637	107374182483	ZW52	ZW52	TmFwaS5FbnY=	1411	94489281118
68719478638	107374182483	Yml0bWFzaw==	Yml0bWFzaw==	aW50MzJfdA==	1414	94489281119
68719478639	107374182483	aW5mbw==	aW5mbw==	TmFwaS5DYWxsYmFja0luZm8m	1414	111669149869
68719478640	107374182483	dGhpcw==	dGhpcw==	Tm9kZUxpYmN1cmwuRWFzeSo=	1415	111669149868
68719478641	107374182483	Yml0bWFzaw==	Yml0bWFzaw==	aW50MzJfdA==	1415	94489281119
68719478642	107374182483	Y29kZQ==	Y29kZQ==	Q1VSTGNvZGU=	1417	94489281120
68719478643	107374182483	dGhpcw==	dGhpcw==	Tm9kZUxpYmN1cmwuRWFzeSo=	1417	111669149868
68719478644	107374182483	Yml0bWFzaw==	Yml0bWFzaw==	aW50MzJfdA==	1417	94489281119
68719478645	107374182483	ZW52	ZW52	TmFwaS5FbnY=	1419	94489281118
68719478646	107374182483	Y29kZQ==	Y29kZQ==	Q1VSTGNvZGU=	1419	94489281120
68719478647	107374182484	ZW52	ZW52	TmFwaS5FbnY=	1423	94489281121
68719478648	107374182484	aW5mbw==	aW5mbw==	TmFwaS5DYWxsYmFja0luZm8m	1423	111669149871
68719478649	107374182484	dGhpcw==	dGhpcw==	Tm9kZUxpYmN1cmwuRWFzeSo=	1425	111669149870
68719478650	107374182484	ZW52	ZW52	TmFwaS5FbnY=	1426	94489281121
68719478651	107374182484	Y3VybA==	Y3VybA==	QU5Z	1431	94489281122
68719478652	107374182484	ZW52	ZW52	TmFwaS5FbnY=	1431	94489281121
68719478653	107374182484	Y3VybA==	Y3VybA==	QU5Z	1432	94489281122
68719478654	107374182484	aW5mbw==	aW5mbw==	TmFwaS5DYWxsYmFja0luZm8m	1432	111669149871
68719478655	107374182485	ZW52	ZW52	TmFwaS5FbnY=	1436	94489281123
68719478656	107374182485	aW5mbw==	aW5mbw==	TmFwaS5DYWxsYmFja0luZm8m	1436	111669149873
68719478657	107374182485	aW5mbw==	aW5mbw==	TmFwaS5DYWxsYmFja0luZm8m	1438	111669149873
68719478658	107374182485	ZW52	ZW52	TmFwaS5FbnY=	1439	94489281123
68719478659	107374182485	Q1VSTEVfQkFEX0ZVTkNUSU9OX0FSR1VNRU5U	PHVua25vd24+IENVUkxFX0JBRF9GVU5DVElPTl9BUkdVTUVOVA==	QU5Z	1440	94489281341
68719478660	107374182485	YXJn	YXJn	TmFwaS5WYWx1ZQ==	1443	94489281124
68719478661	107374182485	aW5mbw==	aW5mbw==	TmFwaS5DYWxsYmFja0luZm8m	1443	111669149873
68719478662	107374182485	YXJn	YXJn	TmFwaS5WYWx1ZQ==	1446	94489281124
68719478663	107374182485	dGhpcw==	dGhpcw==	Tm9kZUxpYmN1cmwuRWFzeSo=	1447	111669149872
68719478664	107374182485	dGhpcw==	dGhpcw==	Tm9kZUxpYmN1cmwuRWFzeSo=	1448	111669149872
68719478665	107374182485	aW5mbw==	aW5mbw==	TmFwaS5DYWxsYmFja0luZm8m	1449	111669149873
68719478666	107374182485	YXJn	YXJn	TmFwaS5WYWx1ZQ==	1452	94489281124
68719478667	107374182485	ZW52	ZW52	TmFwaS5FbnY=	1453	94489281123
68719478668	107374182485	dGhpcw==	dGhpcw==	Tm9kZUxpYmN1cmwuRWFzeSo=	1459	111669149872
68719478669	107374182485	YXJn	YXJn	TmFwaS5WYWx1ZQ==	1459	94489281124
68719478670	107374182485	dGhpcw==	dGhpcw==	Tm9kZUxpYmN1cmwuRWFzeSo=	1460	111669149872
68719478671	107374182485	c3Rk	c3Rk	c3Rk	1461	94489281340
68719478672	107374182485	TmFwaQ==	TmFwaQ==	TmFwaQ==	1461	94489281339
68719478673	107374182485	ZW52	ZW52	TmFwaS5FbnY=	1461	94489281123
68719478674	107374182485	aW5mbw==	aW5mbw==	TmFwaS5DYWxsYmFja0luZm8m	1463	111669149873
68719478675	107374182486	dGhpcw==	dGhpcw==	Tm9kZUxpYmN1cmwuRWFzeSo=	1467	111669149874
68719478676	107374182486	aW5mbw==	aW5mbw==	TmFwaS5DYWxsYmFja0luZm8m	1468	111669149875
68719478677	107374182487	dGhpcw==	dGhpcw==	Tm9kZUxpYmN1cmwuRWFzeSo=	1472	111669149876
68719478678	107374182487	aW5mbw==	aW5mbw==	TmFwaS5DYWxsYmFja0luZm8m	1473	111669149877
68719478679	107374182488	b2Jq	b2Jq	Tm9kZUxpYmN1cmwuRWFzeSo=	1477	94489281125
68719478680	107374182488	dXNlcmRhdGE=	dXNlcmRhdGE=	dm9pZCo=	1477	111669149882
68719478681	107374182488	b2Jq	b2Jq	Tm9kZUxpYmN1cmwuRWFzeSo=	1478	94489281125
68719478682	107374182488	cHRy	cHRy	Y2hhcio=	1478	111669149879
68719478683	107374182488	c2l6ZQ==	c2l6ZQ==	c2l6ZV90	1478	111669149880
68719478684	107374182488	bm1lbWI=	bm1lbWI=	c2l6ZV90	1478	111669149881
68719478685	107374182489	b2Jq	b2Jq	Tm9kZUxpYmN1cmwuRWFzeSo=	1482	94489281126
68719478686	107374182489	dXNlcmRhdGE=	dXNlcmRhdGE=	dm9pZCo=	1482	111669149887
68719478687	107374182489	b2Jq	b2Jq	Tm9kZUxpYmN1cmwuRWFzeSo=	1483	94489281126
68719478688	107374182489	cHRy	cHRy	Y2hhcio=	1483	111669149884
68719478689	107374182489	c2l6ZQ==	c2l6ZQ==	c2l6ZV90	1483	111669149885
68719478690	107374182489	bm1lbWI=	bm1lbWI=	c2l6ZV90	1483	111669149886
68719478691	107374182490	ZW52	ZW52	TmFwaS5FbnY=	1489	94489281127
68719478692	107374182490	c2NvcGU=	c2NvcGU=	TmFwaS5IYW5kbGVTY29wZQ==	1490	94489281128
68719478693	107374182490	PHRtcD4w	PHRtcD4w	TmFwaS5IYW5kbGVTY29wZQ==	1490	94489281338
68719478694	107374182490	PHRtcD4w	PHRtcD4w	TmFwaS5IYW5kbGVTY29wZQ==	1490	94489281338
68719478695	107374182490	ZW52	ZW52	TmFwaS5FbnY=	1490	94489281127
68719478696	107374182490	PHRtcD4w	PHRtcD4w	TmFwaS5IYW5kbGVTY29wZQ==	1490	94489281338
68719478697	107374182490	ZGF0YUxlbmd0aA==	ZGF0YUxlbmd0aA==	c2l6ZV90	1492	94489281129
68719478698	107374182490	c2l6ZQ==	c2l6ZQ==	c2l6ZV90	1492	111669149890
68719478699	107374182490	bm1lbWI=	bm1lbWI=	c2l6ZV90	1492	111669149891
68719478700	107374182490	aXQ=	aXQ=	QU5Z	1494	94489281130
68719478701	107374182490	dGhpcw==	dGhpcw==	Tm9kZUxpYmN1cmwuRWFzeSo=	1494	111669149888
68719478702	107374182490	Q1VSTE9QVF9XUklURUZVTkNUSU9O	PHVua25vd24+IENVUkxPUFRfV1JJVEVGVU5DVElPTg==	QU5Z	1494	94489281337
68719478703	107374182490	aXQ=	aXQ=	QU5Z	1495	94489281130
68719478704	107374182490	dGhpcw==	dGhpcw==	Tm9kZUxpYmN1cmwuRWFzeSo=	1495	111669149888
68719478705	107374182490	aXQ=	aXQ=	QU5Z	1495	94489281130
68719478706	107374182490	ZGF0YUxlbmd0aA==	ZGF0YUxlbmd0aA==	c2l6ZV90	1497	94489281129
68719478707	107374182490	cmV0dXJuVmFsdWU=	cmV0dXJuVmFsdWU=	aW50MzJfdA==	1501	94489281131
68719478708	107374182490	Y2I=	Y2I=	TmFwaS5GdW5jdGlvbg==	1504	94489281132
68719478709	107374182490	aXQ=	aXQ=	QU5Z	1504	94489281130
68719478710	107374182490	YnVmZmVy	YnVmZmVy	QnVmZmVy	1506	94489281133
68719478711	107374182490	ZW52	ZW52	TmFwaS5FbnY=	1506	94489281127
68719478712	107374182490	ZGF0YQ==	ZGF0YQ==	Y2hhcio=	1506	111669149889
68719478713	107374182490	ZGF0YUxlbmd0aA==	ZGF0YUxlbmd0aA==	c2l6ZV90	1506	94489281129
68719478714	107374182490	YXN5bmNDb250ZXh0	YXN5bmNDb250ZXh0	TmFwaS5Bc3luY0NvbnRleHQ=	1509	94489281134
68719478715	107374182490	PHRtcD4x	PHRtcD4x	TmFwaS5Bc3luY0NvbnRleHQ=	1509	94489281336
68719478716	107374182490	PHRtcD4x	PHRtcD4x	TmFwaS5Bc3luY0NvbnRleHQ=	1509	94489281336
68719478717	107374182490	ZW52	ZW52	TmFwaS5FbnY=	1509	94489281127
68719478718	107374182490	PHRtcD4x	PHRtcD4x	TmFwaS5Bc3luY0NvbnRleHQ=	1509	94489281336
68719478719	107374182490	cmVzdWx0	cmVzdWx0	TmFwaS5WYWx1ZQ==	1511	94489281135
68719478720	107374182490	Y2I=	Y2I=	TmFwaS5GdW5jdGlvbg==	1511	94489281132
68719478721	107374182490	dGhpcw==	dGhpcw==	Tm9kZUxpYmN1cmwuRWFzeSo=	1512	111669149888
68719478722	107374182490	YnVmZmVy	YnVmZmVy	QnVmZmVy	1512	94489281133
68719478723	107374182490	ZW52	ZW52	TmFwaS5FbnY=	1512	94489281127
68719478724	107374182490	c2l6ZQ==	c2l6ZQ==	c2l6ZV90	1512	111669149890
68719478725	107374182490	ZW52	ZW52	TmFwaS5FbnY=	1512	94489281127
68719478726	107374182490	bm1lbWI=	bm1lbWI=	c2l6ZV90	1512	111669149891
68719478727	107374182490	YXN5bmNDb250ZXh0	YXN5bmNDb250ZXh0	TmFwaS5Bc3luY0NvbnRleHQ=	1513	94489281134
68719478728	107374182490	ZW52	ZW52	TmFwaS5FbnY=	1516	94489281127
68719478729	107374182490	ZXJyb3I=	ZXJyb3I=	TmFwaS5FcnJvcg==	1517	94489281136
68719478730	107374182490	ZW52	ZW52	TmFwaS5FbnY=	1517	94489281127
68719478731	107374182490	dGhpcw==	dGhpcw==	Tm9kZUxpYmN1cmwuRWFzeSo=	1519	111669149888
68719478732	107374182490	ZXJyb3I=	ZXJyb3I=	TmFwaS5FcnJvcg==	1519	94489281136
68719478733	107374182490	cmV0dXJuVmFsdWU=	cmV0dXJuVmFsdWU=	aW50MzJfdA==	1520	94489281131
68719478734	107374182490	cmVzdWx0	cmVzdWx0	TmFwaS5WYWx1ZQ==	1523	94489281135
68719478735	107374182490	dHlwZUVycm9y	dHlwZUVycm9y	TmFwaS5UeXBlRXJyb3I=	1524	94489281137
68719478736	107374182490	ZW52	ZW52	TmFwaS5FbnY=	1525	94489281127
68719478737	107374182490	dGhpcw==	dGhpcw==	Tm9kZUxpYmN1cmwuRWFzeSo=	1527	111669149888
68719478738	107374182490	dHlwZUVycm9y	dHlwZUVycm9y	TmFwaS5UeXBlRXJyb3I=	1527	94489281137
68719478739	107374182490	cmV0dXJuVmFsdWU=	cmV0dXJuVmFsdWU=	aW50MzJfdA==	1528	94489281131
68719478740	107374182490	cmV0dXJuVmFsdWU=	cmV0dXJuVmFsdWU=	aW50MzJfdA==	1531	94489281131
68719478741	107374182490	cmVzdWx0	cmVzdWx0	TmFwaS5WYWx1ZQ==	1531	94489281135
68719478742	107374182490	ZQ==	ZQ==	TmFwaS5FcnJvciY=	1532	94489281138
68719478743	107374182490	PHRtcD4y	PHRtcD4y	TmFwaS5FcnJvcg==	1532	94489281335
68719478744	107374182490	PHRtcD4y	PHRtcD4y	TmFwaS5FcnJvcg==	1532	94489281335
68719478745	107374182490	PHRtcD4y	PHRtcD4y	TmFwaS5FcnJvcg==	1532	94489281335
68719478746	107374182490	dGhpcw==	dGhpcw==	Tm9kZUxpYmN1cmwuRWFzeSo=	1533	111669149888
68719478747	107374182490	ZQ==	ZQ==	TmFwaS5FcnJvciY=	1533	94489281138
68719478748	107374182490	cmV0dXJuVmFsdWU=	cmV0dXJuVmFsdWU=	aW50MzJfdA==	1534	94489281131
68719478749	107374182490	cmV0dXJuVmFsdWU=	cmV0dXJuVmFsdWU=	aW50MzJfdA==	1537	94489281131
68719478750	107374182490	Q1VSTF9XUklURUZVTkNfUEFVU0U=	PHVua25vd24+IENVUkxfV1JJVEVGVU5DX1BBVVNF	QU5Z	1537	94489281334
68719478751	107374182490	dGhpcw==	dGhpcw==	Tm9kZUxpYmN1cmwuRWFzeSo=	1538	111669149888
68719478752	107374182490	Q1VSTFBBVVNFX1JFQ1Y=	PHVua25vd24+IENVUkxQQVVTRV9SRUNW	QU5Z	1538	94489281333
68719478753	107374182490	cmV0dXJuVmFsdWU=	cmV0dXJuVmFsdWU=	aW50MzJfdA==	1541	94489281131
68719478754	107374182491	ZW52	ZW52	TmFwaS5FbnY=	1545	94489281139
68719478755	107374182491	c2NvcGU=	c2NvcGU=	TmFwaS5IYW5kbGVTY29wZQ==	1546	94489281140
68719478756	107374182491	PHRtcD4w	PHRtcD4w	TmFwaS5IYW5kbGVTY29wZQ==	1546	94489281332
68719478757	107374182491	PHRtcD4w	PHRtcD4w	TmFwaS5IYW5kbGVTY29wZQ==	1546	94489281332
68719478758	107374182491	ZW52	ZW52	TmFwaS5FbnY=	1546	94489281139
68719478759	107374182491	PHRtcD4w	PHRtcD4w	TmFwaS5IYW5kbGVTY29wZQ==	1546	94489281332
68719478760	107374182491	ZGF0YUxlbmd0aA==	ZGF0YUxlbmd0aA==	c2l6ZV90	1548	94489281141
68719478761	107374182491	c2l6ZQ==	c2l6ZQ==	c2l6ZV90	1548	111669149894
68719478762	107374182491	bm1lbWI=	bm1lbWI=	c2l6ZV90	1548	111669149895
68719478763	107374182491	aXQ=	aXQ=	QU5Z	1550	94489281142
68719478764	107374182491	dGhpcw==	dGhpcw==	Tm9kZUxpYmN1cmwuRWFzeSo=	1550	111669149892
68719478765	107374182491	Q1VSTE9QVF9IRUFERVJGVU5DVElPTg==	PHVua25vd24+IENVUkxPUFRfSEVBREVSRlVOQ1RJT04=	QU5Z	1550	94489281331
68719478766	107374182491	aXQ=	aXQ=	QU5Z	1551	94489281142
68719478767	107374182491	dGhpcw==	dGhpcw==	Tm9kZUxpYmN1cmwuRWFzeSo=	1551	111669149892
68719478768	107374182491	aXQ=	aXQ=	QU5Z	1551	94489281142
68719478769	107374182491	ZGF0YUxlbmd0aA==	ZGF0YUxlbmd0aA==	c2l6ZV90	1553	94489281141
68719478770	107374182491	cmV0dXJuVmFsdWU=	cmV0dXJuVmFsdWU=	aW50MzJfdA==	1557	94489281143
68719478771	107374182491	Y2I=	Y2I=	TmFwaS5GdW5jdGlvbg==	1560	94489281144
68719478772	107374182491	aXQ=	aXQ=	QU5Z	1560	94489281142
68719478773	107374182491	YnVmZmVy	YnVmZmVy	QnVmZmVy	1563	94489281145
68719478774	107374182491	ZW52	ZW52	TmFwaS5FbnY=	1563	94489281139
68719478775	107374182491	ZGF0YQ==	ZGF0YQ==	Y2hhcio=	1563	111669149893
68719478776	107374182491	ZGF0YUxlbmd0aA==	ZGF0YUxlbmd0aA==	c2l6ZV90	1563	94489281141
68719478777	107374182491	YXN5bmNDb250ZXh0	YXN5bmNDb250ZXh0	TmFwaS5Bc3luY0NvbnRleHQ=	1566	94489281146
68719478778	107374182491	PHRtcD4x	PHRtcD4x	TmFwaS5Bc3luY0NvbnRleHQ=	1566	94489281330
68719478779	107374182491	PHRtcD4x	PHRtcD4x	TmFwaS5Bc3luY0NvbnRleHQ=	1566	94489281330
68719478780	107374182491	ZW52	ZW52	TmFwaS5FbnY=	1566	94489281139
68719478781	107374182491	PHRtcD4x	PHRtcD4x	TmFwaS5Bc3luY0NvbnRleHQ=	1566	94489281330
68719478782	107374182491	cmVzdWx0	cmVzdWx0	TmFwaS5WYWx1ZQ==	1567	94489281147
68719478783	107374182491	Y2I=	Y2I=	TmFwaS5GdW5jdGlvbg==	1567	94489281144
68719478784	107374182491	dGhpcw==	dGhpcw==	Tm9kZUxpYmN1cmwuRWFzeSo=	1568	111669149892
68719478785	107374182491	YnVmZmVy	YnVmZmVy	QnVmZmVy	1568	94489281145
68719478786	107374182491	ZW52	ZW52	TmFwaS5FbnY=	1568	94489281139
68719478787	107374182491	c2l6ZQ==	c2l6ZQ==	c2l6ZV90	1568	111669149894
68719478788	107374182491	ZW52	ZW52	TmFwaS5FbnY=	1568	94489281139
68719478789	107374182491	bm1lbWI=	bm1lbWI=	c2l6ZV90	1568	111669149895
68719478790	107374182491	YXN5bmNDb250ZXh0	YXN5bmNDb250ZXh0	TmFwaS5Bc3luY0NvbnRleHQ=	1569	94489281146
68719478791	107374182491	ZW52	ZW52	TmFwaS5FbnY=	1572	94489281139
68719478792	107374182491	ZXJyb3I=	ZXJyb3I=	TmFwaS5FcnJvcg==	1573	94489281148
68719478793	107374182491	ZW52	ZW52	TmFwaS5FbnY=	1573	94489281139
68719478794	107374182491	dGhpcw==	dGhpcw==	Tm9kZUxpYmN1cmwuRWFzeSo=	1575	111669149892
68719478795	107374182491	ZXJyb3I=	ZXJyb3I=	TmFwaS5FcnJvcg==	1575	94489281148
68719478796	107374182491	cmV0dXJuVmFsdWU=	cmV0dXJuVmFsdWU=	aW50MzJfdA==	1576	94489281143
68719478797	107374182491	cmVzdWx0	cmVzdWx0	TmFwaS5WYWx1ZQ==	1579	94489281147
68719478798	107374182491	dHlwZUVycm9y	dHlwZUVycm9y	TmFwaS5UeXBlRXJyb3I=	1580	94489281149
68719478799	107374182491	ZW52	ZW52	TmFwaS5FbnY=	1581	94489281139
68719478800	107374182491	dGhpcw==	dGhpcw==	Tm9kZUxpYmN1cmwuRWFzeSo=	1583	111669149892
68719478801	107374182491	dHlwZUVycm9y	dHlwZUVycm9y	TmFwaS5UeXBlRXJyb3I=	1583	94489281149
68719478802	107374182491	cmV0dXJuVmFsdWU=	cmV0dXJuVmFsdWU=	aW50MzJfdA==	1584	94489281143
68719478803	107374182491	cmV0dXJuVmFsdWU=	cmV0dXJuVmFsdWU=	aW50MzJfdA==	1587	94489281143
68719478804	107374182491	cmVzdWx0	cmVzdWx0	TmFwaS5WYWx1ZQ==	1587	94489281147
68719478805	107374182491	ZQ==	ZQ==	TmFwaS5FcnJvciY=	1589	94489281150
68719478806	107374182491	PHRtcD4y	PHRtcD4y	TmFwaS5FcnJvcg==	1589	94489281329
68719478807	107374182491	PHRtcD4y	PHRtcD4y	TmFwaS5FcnJvcg==	1589	94489281329
68719478808	107374182491	PHRtcD4y	PHRtcD4y	TmFwaS5FcnJvcg==	1589	94489281329
68719478809	107374182491	dGhpcw==	dGhpcw==	Tm9kZUxpYmN1cmwuRWFzeSo=	1590	111669149892
68719478810	107374182491	ZQ==	ZQ==	TmFwaS5FcnJvciY=	1590	94489281150
68719478811	107374182491	cmV0dXJuVmFsdWU=	cmV0dXJuVmFsdWU=	aW50MzJfdA==	1591	94489281143
68719478812	107374182491	cmV0dXJuVmFsdWU=	cmV0dXJuVmFsdWU=	aW50MzJfdA==	1594	94489281143
68719478813	107374182492	b2Jq	b2Jq	Tm9kZUxpYmN1cmwuRWFzeSo=	1600	94489281151
68719478814	107374182492	dXNlcmRhdGE=	dXNlcmRhdGE=	dm9pZCo=	1600	111669149900
68719478815	107374182492	cmV0dXJuVmFsdWU=	cmV0dXJuVmFsdWU=	aW50MzJfdA==	1602	94489281152
68719478816	107374182492	Q1VSTF9SRUFERlVOQ19BQk9SVA==	PHVua25vd24+IENVUkxfUkVBREZVTkNfQUJPUlQ=	QU5Z	1602	94489281322
68719478817	107374182492	ZmQ=	ZmQ=	aW50MzJfdA==	1603	94489281153
68719478818	107374182492	b2Jq	b2Jq	Tm9kZUxpYmN1cmwuRWFzeSo=	1603	94489281151
68719478819	107374182492	bg==	bg==	c2l6ZV90	1604	94489281154
68719478820	107374182492	c2l6ZQ==	c2l6ZQ==	c2l6ZV90	1604	111669149898
68719478821	107374182492	bm1lbWI=	bm1lbWI=	c2l6ZV90	1604	111669149899
68719478822	107374182492	aXQ=	aXQ=	QU5Z	1606	94489281155
68719478823	107374182492	b2Jq	b2Jq	Tm9kZUxpYmN1cmwuRWFzeSo=	1606	94489281151
68719478824	107374182492	Q1VSTE9QVF9SRUFERlVOQ1RJT04=	PHVua25vd24+IENVUkxPUFRfUkVBREZVTkNUSU9O	QU5Z	1606	94489281328
68719478825	107374182492	aXQ=	aXQ=	QU5Z	1609	94489281155
68719478826	107374182492	b2Jq	b2Jq	Tm9kZUxpYmN1cmwuRWFzeSo=	1609	94489281151
68719478827	107374182492	aXQ=	aXQ=	QU5Z	1609	94489281155
68719478828	107374182492	ZW52	ZW52	TmFwaS5FbnY=	1610	94489281156
68719478829	107374182492	b2Jq	b2Jq	Tm9kZUxpYmN1cmwuRWFzeSo=	1610	94489281151
68719478830	107374182492	c2NvcGU=	c2NvcGU=	TmFwaS5IYW5kbGVTY29wZQ==	1611	94489281157
68719478831	107374182492	PHRtcD4w	PHRtcD4w	TmFwaS5IYW5kbGVTY29wZQ==	1611	94489281327
68719478832	107374182492	PHRtcD4w	PHRtcD4w	TmFwaS5IYW5kbGVTY29wZQ==	1611	94489281327
68719478833	107374182492	ZW52	ZW52	TmFwaS5FbnY=	1611	94489281156
68719478834	107374182492	PHRtcD4w	PHRtcD4w	TmFwaS5IYW5kbGVTY29wZQ==	1611	94489281327
68719478835	107374182492	Y2I=	Y2I=	TmFwaS5GdW5jdGlvbg==	1614	94489281158
68719478836	107374182492	aXQ=	aXQ=	QU5Z	1614	94489281155
68719478837	107374182492	YnVmZmVy	YnVmZmVy	QnVmZmVy	1616	94489281159
68719478838	107374182492	ZW52	ZW52	TmFwaS5FbnY=	1616	94489281156
68719478839	107374182492	bg==	bg==	c2l6ZV90	1616	94489281154
68719478840	107374182492	YXN5bmNDb250ZXh0	YXN5bmNDb250ZXh0	TmFwaS5Bc3luY0NvbnRleHQ=	1619	94489281160
68719478841	107374182492	PHRtcD4x	PHRtcD4x	TmFwaS5Bc3luY0NvbnRleHQ=	1619	94489281326
68719478842	107374182492	PHRtcD4x	PHRtcD4x	TmFwaS5Bc3luY0NvbnRleHQ=	1619	94489281326
68719478843	107374182492	ZW52	ZW52	TmFwaS5FbnY=	1619	94489281156
68719478844	107374182492	PHRtcD4x	PHRtcD4x	TmFwaS5Bc3luY0NvbnRleHQ=	1619	94489281326
68719478845	107374182492	cmVzdWx0	cmVzdWx0	TmFwaS5WYWx1ZQ==	1621	94489281161
68719478846	107374182492	Y2I=	Y2I=	TmFwaS5GdW5jdGlvbg==	1621	94489281158
68719478847	107374182492	b2Jq	b2Jq	Tm9kZUxpYmN1cmwuRWFzeSo=	1622	94489281151
68719478848	107374182492	YnVmZmVy	YnVmZmVy	QnVmZmVy	1622	94489281159
68719478849	107374182492	ZW52	ZW52	TmFwaS5FbnY=	1622	94489281156
68719478850	107374182492	c2l6ZQ==	c2l6ZQ==	c2l6ZV90	1622	111669149898
68719478851	107374182492	ZW52	ZW52	TmFwaS5FbnY=	1622	94489281156
68719478852	107374182492	bm1lbWI=	bm1lbWI=	c2l6ZV90	1622	111669149899
68719478853	107374182492	YXN5bmNDb250ZXh0	YXN5bmNDb250ZXh0	TmFwaS5Bc3luY0NvbnRleHQ=	1623	94489281160
68719478854	107374182492	ZW52	ZW52	TmFwaS5FbnY=	1626	94489281156
68719478855	107374182492	ZXJyb3I=	ZXJyb3I=	TmFwaS5FcnJvcg==	1627	94489281162
68719478856	107374182492	ZW52	ZW52	TmFwaS5FbnY=	1627	94489281156
68719478857	107374182492	b2Jq	b2Jq	Tm9kZUxpYmN1cmwuRWFzeSo=	1629	94489281151
68719478858	107374182492	ZXJyb3I=	ZXJyb3I=	TmFwaS5FcnJvcg==	1629	94489281162
68719478859	107374182492	cmV0dXJuVmFsdWU=	cmV0dXJuVmFsdWU=	aW50MzJfdA==	1630	94489281152
68719478860	107374182492	cmVzdWx0	cmVzdWx0	TmFwaS5WYWx1ZQ==	1633	94489281161
68719478861	107374182492	dHlwZUVycm9y	dHlwZUVycm9y	TmFwaS5UeXBlRXJyb3I=	1634	94489281163
68719478862	107374182492	ZW52	ZW52	TmFwaS5FbnY=	1635	94489281156
68719478863	107374182492	b2Jq	b2Jq	Tm9kZUxpYmN1cmwuRWFzeSo=	1637	94489281151
68719478864	107374182492	dHlwZUVycm9y	dHlwZUVycm9y	TmFwaS5UeXBlRXJyb3I=	1637	94489281163
68719478865	107374182492	cmV0dXJuVmFsdWU=	cmV0dXJuVmFsdWU=	aW50MzJfdA==	1638	94489281152
68719478866	107374182492	cmV0dXJuVmFsdWU=	cmV0dXJuVmFsdWU=	aW50MzJfdA==	1641	94489281152
68719478867	107374182492	cmVzdWx0	cmVzdWx0	TmFwaS5WYWx1ZQ==	1641	94489281161
68719478868	107374182492	ZGF0YQ==	ZGF0YQ==	Y2hhcio=	1643	94489281164
68719478869	107374182492	YnVmZmVy	YnVmZmVy	QnVmZmVy	1643	94489281159
68719478870	107374182492	aGFzRGF0YQ==	aGFzRGF0YQ==	Ym9vbA==	1644	94489281165
68719478871	107374182492	ZGF0YQ==	ZGF0YQ==	Y2hhcio=	1644	94489281164
68719478872	107374182492	cmV0dXJuVmFsdWU=	cmV0dXJuVmFsdWU=	aW50MzJfdA==	1644	94489281152
68719478873	107374182492	cmV0dXJuVmFsdWU=	cmV0dXJuVmFsdWU=	aW50MzJfdA==	1644	94489281152
68719478874	107374182492	Q1VSTF9SRUFERlVOQ19BQk9SVA==	PHVua25vd24+IENVUkxfUkVBREZVTkNfQUJPUlQ=	QU5Z	1644	94489281322
68719478875	107374182492	aGFzRGF0YQ==	aGFzRGF0YQ==	Ym9vbA==	1646	94489281165
68719478876	107374182492	cHRy	cHRy	Y2hhcio=	1647	111669149897
68719478877	107374182492	ZGF0YQ==	ZGF0YQ==	Y2hhcio=	1647	94489281164
68719478878	107374182492	cmV0dXJuVmFsdWU=	cmV0dXJuVmFsdWU=	aW50MzJfdA==	1647	94489281152
68719478879	107374182492	ZQ==	ZQ==	TmFwaS5FcnJvciY=	1650	94489281166
68719478880	107374182492	PHRtcD4y	PHRtcD4y	TmFwaS5FcnJvcg==	1650	94489281325
68719478881	107374182492	PHRtcD4y	PHRtcD4y	TmFwaS5FcnJvcg==	1650	94489281325
68719478882	107374182492	PHRtcD4y	PHRtcD4y	TmFwaS5FcnJvcg==	1650	94489281325
68719478883	107374182492	b2Jq	b2Jq	Tm9kZUxpYmN1cmwuRWFzeSo=	1651	94489281151
68719478884	107374182492	ZQ==	ZQ==	TmFwaS5FcnJvciY=	1651	94489281166
68719478885	107374182492	cmV0dXJuVmFsdWU=	cmV0dXJuVmFsdWU=	aW50MzJfdA==	1652	94489281152
68719478886	107374182492	ZmQ=	ZmQ=	aW50MzJfdA==	1657	94489281153
68719478887	107374182492	Q1VSTF9SRUFERlVOQ19BQk9SVA==	PHVua25vd24+IENVUkxfUkVBREZVTkNfQUJPUlQ=	QU5Z	1658	94489281322
68719478888	107374182492	b2Zmc2V0	b2Zmc2V0	Y3VybF9vZmZfdA==	1662	94489281167
68719478889	107374182492	b2Jq	b2Jq	Tm9kZUxpYmN1cmwuRWFzeSo=	1662	94489281151
68719478890	107374182492	b2Zmc2V0	b2Zmc2V0	Y3VybF9vZmZfdA==	1663	94489281167
68719478891	107374182492	b2Jq	b2Jq	Tm9kZUxpYmN1cmwuRWFzeSo=	1664	94489281151
68719478892	107374182492	bg==	bg==	c2l6ZV90	1664	94489281154
68719478893	107374182492	bG9vcA==	bG9vcA==	dXZfbG9vcF90Kg==	1669	94489281169
68719478894	107374182492	bmFwaV9yZXN1bHQ=	bmFwaV9yZXN1bHQ=	QU5Z	1670	94489281170
68719478895	107374182492	b2Jq	b2Jq	Tm9kZUxpYmN1cmwuRWFzeSo=	1670	94489281151
68719478896	107374182492	bG9vcA==	bG9vcA==	dXZfbG9vcF90Kg==	1670	94489281169
68719478897	107374182492	bmFwaV9yZXN1bHQ=	bmFwaV9yZXN1bHQ=	QU5Z	1672	94489281170
68719478898	107374182492	bmFwaV9vaw==	PHVua25vd24+IG5hcGlfb2s=	QU5Z	1672	94489281324
68719478899	107374182492	Q1VSTF9SRUFERlVOQ19BQk9SVA==	PHVua25vd24+IENVUkxfUkVBREZVTkNfQUJPUlQ=	QU5Z	1673	94489281322
68719478900	107374182492	cmV0dXJuVmFsdWU=	cmV0dXJuVmFsdWU=	aW50MzJfdA==	1677	94489281152
68719478901	107374182492	bG9vcA==	bG9vcA==	dXZfbG9vcF90Kg==	1677	94489281169
68719478902	107374182492	cmVhZFJlcQ==	cmVhZFJlcQ==	dXZfZnNfdA==	1677	94489281168
68719478903	107374182492	ZmQ=	ZmQ=	aW50MzJfdA==	1677	94489281153
68719478904	107374182492	cHRy	cHRy	Y2hhcio=	1677	111669149897
68719478905	107374182492	bg==	bg==	c2l6ZV90	1677	94489281154
68719478906	107374182492	b2Zmc2V0	b2Zmc2V0	Y3VybF9vZmZfdA==	1677	94489281167
68719478907	107374182492	TlVMTA==	PHVua25vd24+IE5VTEw=	QU5Z	1677	94489281323
68719478908	107374182492	cmVhZFJlcQ==	cmVhZFJlcQ==	dXZfZnNfdA==	1683	94489281168
68719478909	107374182492	cmV0dXJuVmFsdWU=	cmV0dXJuVmFsdWU=	aW50MzJfdA==	1686	94489281152
68719478910	107374182492	Q1VSTF9SRUFERlVOQ19BQk9SVA==	PHVua25vd24+IENVUkxfUkVBREZVTkNfQUJPUlQ=	QU5Z	1687	94489281322
68719478911	107374182492	cmV0dXJuVmFsdWU=	cmV0dXJuVmFsdWU=	aW50MzJfdA==	1690	94489281152
68719478912	107374182492	Q1VSTF9SRUFERlVOQ19QQVVTRQ==	PHVua25vd24+IENVUkxfUkVBREZVTkNfUEFVU0U=	QU5Z	1690	94489281321
68719478913	107374182492	b2Jq	b2Jq	Tm9kZUxpYmN1cmwuRWFzeSo=	1691	94489281151
68719478914	107374182492	Q1VSTFBBVVNFX1NFTkQ=	PHVua25vd24+IENVUkxQQVVTRV9TRU5E	QU5Z	1691	94489281320
68719478915	107374182492	cmV0dXJuVmFsdWU=	cmV0dXJuVmFsdWU=	aW50MzJfdA==	1694	94489281152
68719478916	107374182493	b2Jq	b2Jq	Tm9kZUxpYmN1cmwuRWFzeSo=	1698	94489281171
68719478917	107374182493	dXNlcmRhdGE=	dXNlcmRhdGE=	dm9pZCo=	1698	111669149902
68719478918	107374182493	cmV0dXJuVmFsdWU=	cmV0dXJuVmFsdWU=	aW50MzJfdA==	1700	94489281172
68719478919	107374182493	Q1VSTF9TRUVLRlVOQ19GQUlM	PHVua25vd24+IENVUkxfU0VFS0ZVTkNfRkFJTA==	QU5Z	1700	94489281319
68719478920	107374182493	cmVhZEl0	cmVhZEl0	QU5Z	1702	94489281173
68719478921	107374182493	b2Jq	b2Jq	Tm9kZUxpYmN1cmwuRWFzeSo=	1702	94489281171
68719478922	107374182493	Q1VSTE9QVF9SRUFERlVOQ1RJT04=	PHVua25vd24+IENVUkxPUFRfUkVBREZVTkNUSU9O	QU5Z	1702	94489281318
68719478923	107374182493	cmVhZEl0	cmVhZEl0	QU5Z	1705	94489281173
68719478924	107374182493	b2Jq	b2Jq	Tm9kZUxpYmN1cmwuRWFzeSo=	1705	94489281171
68719478925	107374182493	c2Vla0l0	c2Vla0l0	QU5Z	1706	94489281174
68719478926	107374182493	b2Jq	b2Jq	Tm9kZUxpYmN1cmwuRWFzeSo=	1706	94489281171
68719478927	107374182493	Q1VSTE9QVF9TRUVLRlVOQ1RJT04=	PHVua25vd24+IENVUkxPUFRfU0VFS0ZVTkNUSU9O	QU5Z	1706	94489281317
68719478928	107374182493	c2Vla0l0	c2Vla0l0	QU5Z	1708	94489281174
68719478929	107374182493	b2Jq	b2Jq	Tm9kZUxpYmN1cmwuRWFzeSo=	1708	94489281171
68719478930	107374182493	c2Vla0l0	c2Vla0l0	QU5Z	1708	94489281174
68719478931	107374182493	ZW52	ZW52	TmFwaS5FbnY=	1709	94489281175
68719478932	107374182493	b2Jq	b2Jq	Tm9kZUxpYmN1cmwuRWFzeSo=	1709	94489281171
68719478933	107374182493	c2NvcGU=	c2NvcGU=	TmFwaS5IYW5kbGVTY29wZQ==	1710	94489281176
68719478934	107374182493	PHRtcD4w	PHRtcD4w	TmFwaS5IYW5kbGVTY29wZQ==	1710	94489281316
68719478935	107374182493	PHRtcD4w	PHRtcD4w	TmFwaS5IYW5kbGVTY29wZQ==	1710	94489281316
68719478936	107374182493	ZW52	ZW52	TmFwaS5FbnY=	1710	94489281175
68719478937	107374182493	PHRtcD4w	PHRtcD4w	TmFwaS5IYW5kbGVTY29wZQ==	1710	94489281316
68719478938	107374182493	Y2I=	Y2I=	TmFwaS5GdW5jdGlvbg==	1713	94489281177
68719478939	107374182493	c2Vla0l0	c2Vla0l0	QU5Z	1713	94489281174
68719478940	107374182493	YXN5bmNDb250ZXh0	YXN5bmNDb250ZXh0	TmFwaS5Bc3luY0NvbnRleHQ=	1716	94489281178
68719478941	107374182493	PHRtcD4x	PHRtcD4x	TmFwaS5Bc3luY0NvbnRleHQ=	1716	94489281315
68719478942	107374182493	PHRtcD4x	PHRtcD4x	TmFwaS5Bc3luY0NvbnRleHQ=	1716	94489281315
68719478943	107374182493	ZW52	ZW52	TmFwaS5FbnY=	1716	94489281175
68719478944	107374182493	PHRtcD4x	PHRtcD4x	TmFwaS5Bc3luY0NvbnRleHQ=	1716	94489281315
68719478945	107374182493	cmVzdWx0	cmVzdWx0	TmFwaS5WYWx1ZQ==	1718	94489281179
68719478946	107374182493	Y2I=	Y2I=	TmFwaS5GdW5jdGlvbg==	1719	94489281177
68719478947	107374182493	b2Jq	b2Jq	Tm9kZUxpYmN1cmwuRWFzeSo=	1719	94489281171
68719478948	107374182493	ZW52	ZW52	TmFwaS5FbnY=	1720	94489281175
68719478949	107374182493	b2Zmc2V0	b2Zmc2V0	Y3VybF9vZmZfdA==	1720	111669149903
68719478950	107374182493	ZW52	ZW52	TmFwaS5FbnY=	1721	94489281175
68719478951	107374182493	b3JpZ2lu	b3JpZ2lu	aW50	1721	111669149904
68719478952	107374182493	YXN5bmNDb250ZXh0	YXN5bmNDb250ZXh0	TmFwaS5Bc3luY0NvbnRleHQ=	1722	94489281178
68719478953	107374182493	ZW52	ZW52	TmFwaS5FbnY=	1725	94489281175
68719478954	107374182493	ZXJyb3I=	ZXJyb3I=	TmFwaS5FcnJvcg==	1726	94489281180
68719478955	107374182493	ZW52	ZW52	TmFwaS5FbnY=	1726	94489281175
68719478956	107374182493	b2Jq	b2Jq	Tm9kZUxpYmN1cmwuRWFzeSo=	1728	94489281171
68719478957	107374182493	ZXJyb3I=	ZXJyb3I=	TmFwaS5FcnJvcg==	1728	94489281180
68719478958	107374182493	cmV0dXJuVmFsdWU=	cmV0dXJuVmFsdWU=	aW50MzJfdA==	1729	94489281172
68719478959	107374182493	cmVzdWx0	cmVzdWx0	TmFwaS5WYWx1ZQ==	1732	94489281179
68719478960	107374182493	dHlwZUVycm9y	dHlwZUVycm9y	TmFwaS5UeXBlRXJyb3I=	1733	94489281181
68719478961	107374182493	ZW52	ZW52	TmFwaS5FbnY=	1734	94489281175
68719478962	107374182493	b2Jq	b2Jq	Tm9kZUxpYmN1cmwuRWFzeSo=	1736	94489281171
68719478963	107374182493	dHlwZUVycm9y	dHlwZUVycm9y	TmFwaS5UeXBlRXJyb3I=	1736	94489281181
68719478964	107374182493	cmV0dXJuVmFsdWU=	cmV0dXJuVmFsdWU=	aW50MzJfdA==	1737	94489281172
68719478965	107374182493	cmV0dXJuVmFsdWU=	cmV0dXJuVmFsdWU=	aW50MzJfdA==	1740	94489281172
68719478966	107374182493	cmVzdWx0	cmVzdWx0	TmFwaS5WYWx1ZQ==	1740	94489281179
68719478967	107374182493	ZQ==	ZQ==	TmFwaS5FcnJvciY=	1742	94489281182
68719478968	107374182493	PHRtcD4y	PHRtcD4y	TmFwaS5FcnJvcg==	1742	94489281314
68719478969	107374182493	PHRtcD4y	PHRtcD4y	TmFwaS5FcnJvcg==	1742	94489281314
68719478970	107374182493	PHRtcD4y	PHRtcD4y	TmFwaS5FcnJvcg==	1742	94489281314
68719478971	107374182493	b2Jq	b2Jq	Tm9kZUxpYmN1cmwuRWFzeSo=	1743	94489281171
68719478972	107374182493	ZQ==	ZQ==	TmFwaS5FcnJvciY=	1743	94489281182
68719478973	107374182493	cmV0dXJuVmFsdWU=	cmV0dXJuVmFsdWU=	aW50MzJfdA==	1744	94489281172
68719478974	107374182493	cmV0dXJuVmFsdWU=	cmV0dXJuVmFsdWU=	aW50MzJfdA==	1749	94489281172
68719478975	107374182493	Q1VSTF9TRUVLRlVOQ19DQU5UU0VFSw==	PHVua25vd24+IENVUkxfU0VFS0ZVTkNfQ0FOVFNFRUs=	QU5Z	1749	94489281313
68719478976	107374182493	b2Jq	b2Jq	Tm9kZUxpYmN1cmwuRWFzeSo=	1754	94489281171
68719478977	107374182493	b2Zmc2V0	b2Zmc2V0	Y3VybF9vZmZfdA==	1754	111669149903
68719478978	107374182493	cmV0dXJuVmFsdWU=	cmV0dXJuVmFsdWU=	aW50MzJfdA==	1755	94489281172
68719478979	107374182493	Q1VSTF9TRUVLRlVOQ19PSw==	PHVua25vd24+IENVUkxfU0VFS0ZVTkNfT0s=	QU5Z	1755	94489281312
68719478980	107374182493	cmV0dXJuVmFsdWU=	cmV0dXJuVmFsdWU=	aW50MzJfdA==	1758	94489281172
68719478981	107374182494	b2Jq	b2Jq	Tm9kZUxpYmN1cmwuRWFzeSo=	1762	94489281183
68719478982	107374182494	cHRy	cHRy	dm9pZCo=	1762	111669149907
68719478983	107374182494	b2Jq	b2Jq	Tm9kZUxpYmN1cmwuRWFzeSo=	1764	94489281183
68719478984	107374182494	aXQ=	aXQ=	QU5Z	1767	94489281184
68719478985	107374182494	b2Jq	b2Jq	Tm9kZUxpYmN1cmwuRWFzeSo=	1767	94489281183
68719478986	107374182494	Q1VSTE9QVF9DSFVOS19CR05fRlVOQ1RJT04=	PHVua25vd24+IENVUkxPUFRfQ0hVTktfQkdOX0ZVTkNUSU9O	QU5Z	1767	94489281311
68719478987	107374182494	aXQ=	aXQ=	QU5Z	1768	94489281184
68719478988	107374182494	b2Jq	b2Jq	Tm9kZUxpYmN1cmwuRWFzeSo=	1768	94489281183
68719478989	107374182494	cmV0dXJuVmFsdWU=	cmV0dXJuVmFsdWU=	aW50MzJfdA==	1770	94489281185
68719478990	107374182494	Q1VSTF9DSFVOS19CR05fRlVOQ19GQUlM	PHVua25vd24+IENVUkxfQ0hVTktfQkdOX0ZVTkNfRkFJTA==	QU5Z	1770	94489281310
68719478991	107374182494	ZW52	ZW52	TmFwaS5FbnY=	1773	94489281186
68719478992	107374182494	b2Jq	b2Jq	Tm9kZUxpYmN1cmwuRWFzeSo=	1773	94489281183
68719478993	107374182494	c2NvcGU=	c2NvcGU=	TmFwaS5IYW5kbGVTY29wZQ==	1774	94489281187
68719478994	107374182494	PHRtcD4w	PHRtcD4w	TmFwaS5IYW5kbGVTY29wZQ==	1774	94489281309
68719478995	107374182494	PHRtcD4w	PHRtcD4w	TmFwaS5IYW5kbGVTY29wZQ==	1774	94489281309
68719478996	107374182494	ZW52	ZW52	TmFwaS5FbnY=	1774	94489281186
68719478997	107374182494	PHRtcD4w	PHRtcD4w	TmFwaS5IYW5kbGVTY29wZQ==	1774	94489281309
68719478998	107374182494	Y2I=	Y2I=	TmFwaS5GdW5jdGlvbg==	1776	94489281188
68719478999	107374182494	aXQ=	aXQ=	QU5Z	1776	94489281184
68719479000	107374182494	ZmlsZUluZm9PYmo=	ZmlsZUluZm9PYmo=	TmFwaS5PYmplY3Q=	1778	94489281189
68719479001	107374182494	ZW52	ZW52	TmFwaS5FbnY=	1778	94489281186
68719479002	107374182494	dHJhbnNmZXJJbmZv	dHJhbnNmZXJJbmZv	Y3VybF9maWxlaW5mbyo=	1778	111669149906
68719479003	107374182494	cmVtYWluc0FyZw==	cmVtYWluc0FyZw==	TmFwaS5OdW1iZXI=	1779	94489281190
68719479004	107374182494	ZW52	ZW52	TmFwaS5FbnY=	1779	94489281186
68719479005	107374182494	cmVtYWlucw==	cmVtYWlucw==	aW50	1779	111669149908
68719479006	107374182494	YXN5bmNDb250ZXh0	YXN5bmNDb250ZXh0	TmFwaS5Bc3luY0NvbnRleHQ=	1782	94489281191
68719479007	107374182494	PHRtcD4x	PHRtcD4x	TmFwaS5Bc3luY0NvbnRleHQ=	1782	94489281308
68719479008	107374182494	PHRtcD4x	PHRtcD4x	TmFwaS5Bc3luY0NvbnRleHQ=	1782	94489281308
68719479009	107374182494	ZW52	ZW52	TmFwaS5FbnY=	1782	94489281186
68719479010	107374182494	PHRtcD4x	PHRtcD4x	TmFwaS5Bc3luY0NvbnRleHQ=	1782	94489281308
68719479011	107374182494	cmVzdWx0	cmVzdWx0	TmFwaS5WYWx1ZQ==	1784	94489281192
68719479012	107374182494	Y2I=	Y2I=	TmFwaS5GdW5jdGlvbg==	1784	94489281188
68719479013	107374182494	b2Jq	b2Jq	Tm9kZUxpYmN1cmwuRWFzeSo=	1784	94489281183
68719479014	107374182494	ZmlsZUluZm9PYmo=	ZmlsZUluZm9PYmo=	TmFwaS5PYmplY3Q=	1784	94489281189
68719479015	107374182494	cmVtYWluc0FyZw==	cmVtYWluc0FyZw==	TmFwaS5OdW1iZXI=	1784	94489281190
68719479016	107374182494	YXN5bmNDb250ZXh0	YXN5bmNDb250ZXh0	TmFwaS5Bc3luY0NvbnRleHQ=	1784	94489281191
68719479017	107374182494	ZW52	ZW52	TmFwaS5FbnY=	1787	94489281186
68719479018	107374182494	ZXJyb3I=	ZXJyb3I=	TmFwaS5FcnJvcg==	1788	94489281193
68719479019	107374182494	ZW52	ZW52	TmFwaS5FbnY=	1788	94489281186
68719479020	107374182494	b2Jq	b2Jq	Tm9kZUxpYmN1cmwuRWFzeSo=	1789	94489281183
68719479021	107374182494	ZXJyb3I=	ZXJyb3I=	TmFwaS5FcnJvcg==	1789	94489281193
68719479022	107374182494	cmV0dXJuVmFsdWU=	cmV0dXJuVmFsdWU=	aW50MzJfdA==	1790	94489281185
68719479023	107374182494	cmVzdWx0	cmVzdWx0	TmFwaS5WYWx1ZQ==	1793	94489281192
68719479024	107374182494	cmVzdWx0	cmVzdWx0	TmFwaS5WYWx1ZQ==	1793	94489281192
68719479025	107374182494	dHlwZUVycm9y	dHlwZUVycm9y	TmFwaS5UeXBlRXJyb3I=	1794	94489281194
68719479026	107374182494	ZW52	ZW52	TmFwaS5FbnY=	1795	94489281186
68719479027	107374182494	b2Jq	b2Jq	Tm9kZUxpYmN1cmwuRWFzeSo=	1796	94489281183
68719479028	107374182494	dHlwZUVycm9y	dHlwZUVycm9y	TmFwaS5UeXBlRXJyb3I=	1796	94489281194
68719479029	107374182494	cmV0dXJuVmFsdWU=	cmV0dXJuVmFsdWU=	aW50MzJfdA==	1798	94489281185
68719479030	107374182494	cmVzdWx0	cmVzdWx0	TmFwaS5WYWx1ZQ==	1798	94489281192
68719479031	107374182494	cmV0dXJuVmFsdWU=	cmV0dXJuVmFsdWU=	aW50MzJfdA==	1801	94489281185
68719479032	107374182494	ZQ==	ZQ==	TmFwaS5FcnJvciY=	1803	94489281195
68719479033	107374182494	PHRtcD4y	PHRtcD4y	TmFwaS5FcnJvcg==	1803	94489281307
68719479034	107374182494	PHRtcD4y	PHRtcD4y	TmFwaS5FcnJvcg==	1803	94489281307
68719479035	107374182494	PHRtcD4y	PHRtcD4y	TmFwaS5FcnJvcg==	1803	94489281307
68719479036	107374182494	b2Jq	b2Jq	Tm9kZUxpYmN1cmwuRWFzeSo=	1804	94489281183
68719479037	107374182494	ZQ==	ZQ==	TmFwaS5FcnJvciY=	1804	94489281195
68719479038	107374182494	cmV0dXJuVmFsdWU=	cmV0dXJuVmFsdWU=	aW50MzJfdA==	1805	94489281185
68719479039	107374182495	b2Jq	b2Jq	Tm9kZUxpYmN1cmwuRWFzeSo=	1810	94489281196
68719479040	107374182495	cHRy	cHRy	dm9pZCo=	1810	111669149910
68719479041	107374182495	b2Jq	b2Jq	Tm9kZUxpYmN1cmwuRWFzeSo=	1812	94489281196
68719479042	107374182495	aXQ=	aXQ=	QU5Z	1815	94489281197
68719479043	107374182495	b2Jq	b2Jq	Tm9kZUxpYmN1cmwuRWFzeSo=	1815	94489281196
68719479044	107374182495	Q1VSTE9QVF9DSFVOS19FTkRfRlVOQ1RJT04=	PHVua25vd24+IENVUkxPUFRfQ0hVTktfRU5EX0ZVTkNUSU9O	QU5Z	1815	94489281306
68719479045	107374182495	aXQ=	aXQ=	QU5Z	1816	94489281197
68719479046	107374182495	b2Jq	b2Jq	Tm9kZUxpYmN1cmwuRWFzeSo=	1816	94489281196
68719479047	107374182495	cmV0dXJuVmFsdWU=	cmV0dXJuVmFsdWU=	aW50MzJfdA==	1818	94489281198
68719479048	107374182495	Q1VSTF9DSFVOS19FTkRfRlVOQ19GQUlM	PHVua25vd24+IENVUkxfQ0hVTktfRU5EX0ZVTkNfRkFJTA==	QU5Z	1818	94489281305
68719479049	107374182495	ZW52	ZW52	TmFwaS5FbnY=	1821	94489281199
68719479050	107374182495	b2Jq	b2Jq	Tm9kZUxpYmN1cmwuRWFzeSo=	1821	94489281196
68719479051	107374182495	c2NvcGU=	c2NvcGU=	TmFwaS5IYW5kbGVTY29wZQ==	1822	94489281200
68719479052	107374182495	PHRtcD4w	PHRtcD4w	TmFwaS5IYW5kbGVTY29wZQ==	1822	94489281304
68719479053	107374182495	PHRtcD4w	PHRtcD4w	TmFwaS5IYW5kbGVTY29wZQ==	1822	94489281304
68719479054	107374182495	ZW52	ZW52	TmFwaS5FbnY=	1822	94489281199
68719479055	107374182495	PHRtcD4w	PHRtcD4w	TmFwaS5IYW5kbGVTY29wZQ==	1822	94489281304
68719479056	107374182495	Y2I=	Y2I=	TmFwaS5GdW5jdGlvbg==	1824	94489281201
68719479057	107374182495	aXQ=	aXQ=	QU5Z	1824	94489281197
68719479058	107374182495	YXN5bmNDb250ZXh0	YXN5bmNDb250ZXh0	TmFwaS5Bc3luY0NvbnRleHQ=	1827	94489281202
68719479059	107374182495	PHRtcD4x	PHRtcD4x	TmFwaS5Bc3luY0NvbnRleHQ=	1827	94489281303
68719479060	107374182495	PHRtcD4x	PHRtcD4x	TmFwaS5Bc3luY0NvbnRleHQ=	1827	94489281303
68719479061	107374182495	ZW52	ZW52	TmFwaS5FbnY=	1827	94489281199
68719479062	107374182495	PHRtcD4x	PHRtcD4x	TmFwaS5Bc3luY0NvbnRleHQ=	1827	94489281303
68719479063	107374182495	cmVzdWx0	cmVzdWx0	TmFwaS5WYWx1ZQ==	1829	94489281203
68719479064	107374182495	Y2I=	Y2I=	TmFwaS5GdW5jdGlvbg==	1829	94489281201
68719479065	107374182495	b2Jq	b2Jq	Tm9kZUxpYmN1cmwuRWFzeSo=	1829	94489281196
68719479066	107374182495	YXN5bmNDb250ZXh0	YXN5bmNDb250ZXh0	TmFwaS5Bc3luY0NvbnRleHQ=	1829	94489281202
68719479067	107374182495	ZW52	ZW52	TmFwaS5FbnY=	1832	94489281199
68719479068	107374182495	ZXJyb3I=	ZXJyb3I=	TmFwaS5FcnJvcg==	1833	94489281204
68719479069	107374182495	ZW52	ZW52	TmFwaS5FbnY=	1833	94489281199
68719479070	107374182495	b2Jq	b2Jq	Tm9kZUxpYmN1cmwuRWFzeSo=	1834	94489281196
68719479071	107374182495	ZXJyb3I=	ZXJyb3I=	TmFwaS5FcnJvcg==	1834	94489281204
68719479072	107374182495	cmV0dXJuVmFsdWU=	cmV0dXJuVmFsdWU=	aW50MzJfdA==	1835	94489281198
68719479073	107374182495	cmVzdWx0	cmVzdWx0	TmFwaS5WYWx1ZQ==	1838	94489281203
68719479074	107374182495	cmVzdWx0	cmVzdWx0	TmFwaS5WYWx1ZQ==	1838	94489281203
68719479075	107374182495	dHlwZUVycm9y	dHlwZUVycm9y	TmFwaS5UeXBlRXJyb3I=	1839	94489281205
68719479076	107374182495	ZW52	ZW52	TmFwaS5FbnY=	1840	94489281199
68719479077	107374182495	b2Jq	b2Jq	Tm9kZUxpYmN1cmwuRWFzeSo=	1841	94489281196
68719479078	107374182495	dHlwZUVycm9y	dHlwZUVycm9y	TmFwaS5UeXBlRXJyb3I=	1841	94489281205
68719479079	107374182495	cmV0dXJuVmFsdWU=	cmV0dXJuVmFsdWU=	aW50MzJfdA==	1843	94489281198
68719479080	107374182495	cmVzdWx0	cmVzdWx0	TmFwaS5WYWx1ZQ==	1843	94489281203
68719479081	107374182495	cmV0dXJuVmFsdWU=	cmV0dXJuVmFsdWU=	aW50MzJfdA==	1846	94489281198
68719479082	107374182495	ZQ==	ZQ==	TmFwaS5FcnJvciY=	1848	94489281206
68719479083	107374182495	PHRtcD4y	PHRtcD4y	TmFwaS5FcnJvcg==	1848	94489281302
68719479084	107374182495	PHRtcD4y	PHRtcD4y	TmFwaS5FcnJvcg==	1848	94489281302
68719479085	107374182495	PHRtcD4y	PHRtcD4y	TmFwaS5FcnJvcg==	1848	94489281302
68719479086	107374182495	b2Jq	b2Jq	Tm9kZUxpYmN1cmwuRWFzeSo=	1849	94489281196
68719479087	107374182495	ZQ==	ZQ==	TmFwaS5FcnJvciY=	1849	94489281206
68719479088	107374182495	cmV0dXJuVmFsdWU=	cmV0dXJuVmFsdWU=	aW50MzJfdA==	1850	94489281198
68719479089	107374182496	b2Jq	b2Jq	Tm9kZUxpYmN1cmwuRWFzeSo=	1855	94489281207
68719479090	107374182496	dXNlcnB0cg==	dXNlcnB0cg==	dm9pZCo=	1855	111669149916
68719479091	107374182496	b2Jq	b2Jq	Tm9kZUxpYmN1cmwuRWFzeSo=	1857	94489281207
68719479092	107374182496	aXQ=	aXQ=	QU5Z	1860	94489281208
68719479093	107374182496	b2Jq	b2Jq	Tm9kZUxpYmN1cmwuRWFzeSo=	1860	94489281207
68719479094	107374182496	Q1VSTE9QVF9ERUJVR0ZVTkNUSU9O	PHVua25vd24+IENVUkxPUFRfREVCVUdGVU5DVElPTg==	QU5Z	1860	94489281301
68719479095	107374182496	aXQ=	aXQ=	QU5Z	1861	94489281208
68719479096	107374182496	b2Jq	b2Jq	Tm9kZUxpYmN1cmwuRWFzeSo=	1861	94489281207
68719479097	107374182496	cmV0dXJuVmFsdWU=	cmV0dXJuVmFsdWU=	aW50MzJfdA==	1863	94489281209
68719479098	107374182496	ZW52	ZW52	TmFwaS5FbnY=	1866	94489281210
68719479099	107374182496	b2Jq	b2Jq	Tm9kZUxpYmN1cmwuRWFzeSo=	1866	94489281207
68719479100	107374182496	c2NvcGU=	c2NvcGU=	TmFwaS5IYW5kbGVTY29wZQ==	1867	94489281211
68719479101	107374182496	PHRtcD4w	PHRtcD4w	TmFwaS5IYW5kbGVTY29wZQ==	1867	94489281300
68719479102	107374182496	PHRtcD4w	PHRtcD4w	TmFwaS5IYW5kbGVTY29wZQ==	1867	94489281300
68719479103	107374182496	ZW52	ZW52	TmFwaS5FbnY=	1867	94489281210
68719479104	107374182496	PHRtcD4w	PHRtcD4w	TmFwaS5IYW5kbGVTY29wZQ==	1867	94489281300
68719479105	107374182496	Y2I=	Y2I=	TmFwaS5GdW5jdGlvbg==	1869	94489281212
68719479106	107374182496	aXQ=	aXQ=	QU5Z	1869	94489281208
68719479107	107374182496	dHlwZUFyZw==	dHlwZUFyZw==	TmFwaS5OdW1iZXI=	1871	94489281213
68719479108	107374182496	ZW52	ZW52	TmFwaS5FbnY=	1871	94489281210
68719479109	107374182496	dHlwZQ==	dHlwZQ==	Y3VybF9pbmZvdHlwZQ==	1871	111669149913
68719479110	107374182496	YnVmZmVyQXJn	YnVmZmVyQXJn	QnVmZmVy	1872	94489281214
68719479111	107374182496	ZW52	ZW52	TmFwaS5FbnY=	1872	94489281210
68719479112	107374182496	ZGF0YQ==	ZGF0YQ==	Y2hhcio=	1872	111669149914
68719479113	107374182496	c2l6ZQ==	c2l6ZQ==	c2l6ZV90	1872	111669149915
68719479114	107374182496	YXN5bmNDb250ZXh0	YXN5bmNDb250ZXh0	TmFwaS5Bc3luY0NvbnRleHQ=	1875	94489281215
68719479115	107374182496	PHRtcD4x	PHRtcD4x	TmFwaS5Bc3luY0NvbnRleHQ=	1875	94489281299
68719479116	107374182496	PHRtcD4x	PHRtcD4x	TmFwaS5Bc3luY0NvbnRleHQ=	1875	94489281299
68719479117	107374182496	ZW52	ZW52	TmFwaS5FbnY=	1875	94489281210
68719479118	107374182496	PHRtcD4x	PHRtcD4x	TmFwaS5Bc3luY0NvbnRleHQ=	1875	94489281299
68719479119	107374182496	cmVzdWx0	cmVzdWx0	TmFwaS5WYWx1ZQ==	1877	94489281216
68719479120	107374182496	Y2I=	Y2I=	TmFwaS5GdW5jdGlvbg==	1877	94489281212
68719479121	107374182496	b2Jq	b2Jq	Tm9kZUxpYmN1cmwuRWFzeSo=	1877	94489281207
68719479122	107374182496	dHlwZUFyZw==	dHlwZUFyZw==	TmFwaS5OdW1iZXI=	1877	94489281213
68719479123	107374182496	YnVmZmVyQXJn	YnVmZmVyQXJn	QnVmZmVy	1877	94489281214
68719479124	107374182496	YXN5bmNDb250ZXh0	YXN5bmNDb250ZXh0	TmFwaS5Bc3luY0NvbnRleHQ=	1877	94489281215
68719479125	107374182496	ZW52	ZW52	TmFwaS5FbnY=	1880	94489281210
68719479126	107374182496	ZXJyb3I=	ZXJyb3I=	TmFwaS5FcnJvcg==	1881	94489281217
68719479127	107374182496	ZW52	ZW52	TmFwaS5FbnY=	1881	94489281210
68719479128	107374182496	b2Jq	b2Jq	Tm9kZUxpYmN1cmwuRWFzeSo=	1882	94489281207
68719479129	107374182496	ZXJyb3I=	ZXJyb3I=	TmFwaS5FcnJvcg==	1882	94489281217
68719479130	107374182496	cmV0dXJuVmFsdWU=	cmV0dXJuVmFsdWU=	aW50MzJfdA==	1883	94489281209
68719479131	107374182496	cmVzdWx0	cmVzdWx0	TmFwaS5WYWx1ZQ==	1886	94489281216
68719479132	107374182496	cmVzdWx0	cmVzdWx0	TmFwaS5WYWx1ZQ==	1886	94489281216
68719479133	107374182496	dHlwZUVycm9y	dHlwZUVycm9y	TmFwaS5UeXBlRXJyb3I=	1887	94489281218
68719479134	107374182496	ZW52	ZW52	TmFwaS5FbnY=	1888	94489281210
68719479135	107374182496	b2Jq	b2Jq	Tm9kZUxpYmN1cmwuRWFzeSo=	1889	94489281207
68719479136	107374182496	dHlwZUVycm9y	dHlwZUVycm9y	TmFwaS5UeXBlRXJyb3I=	1889	94489281218
68719479137	107374182496	cmV0dXJuVmFsdWU=	cmV0dXJuVmFsdWU=	aW50MzJfdA==	1891	94489281209
68719479138	107374182496	cmVzdWx0	cmVzdWx0	TmFwaS5WYWx1ZQ==	1891	94489281216
68719479139	107374182496	cmV0dXJuVmFsdWU=	cmV0dXJuVmFsdWU=	aW50MzJfdA==	1894	94489281209
68719479140	107374182496	ZQ==	ZQ==	TmFwaS5FcnJvciY=	1896	94489281219
68719479141	107374182496	PHRtcD4y	PHRtcD4y	TmFwaS5FcnJvcg==	1896	94489281298
68719479142	107374182496	PHRtcD4y	PHRtcD4y	TmFwaS5FcnJvcg==	1896	94489281298
68719479143	107374182496	PHRtcD4y	PHRtcD4y	TmFwaS5FcnJvcg==	1896	94489281298
68719479144	107374182496	b2Jq	b2Jq	Tm9kZUxpYmN1cmwuRWFzeSo=	1897	94489281207
68719479145	107374182496	ZQ==	ZQ==	TmFwaS5FcnJvciY=	1897	94489281219
68719479146	107374182496	cmV0dXJuVmFsdWU=	cmV0dXJuVmFsdWU=	aW50MzJfdA==	1898	94489281209
68719479147	107374182497	b2Jq	b2Jq	Tm9kZUxpYmN1cmwuRWFzeSo=	1903	94489281220
68719479148	107374182497	cHRy	cHRy	dm9pZCo=	1903	111669149918
68719479149	107374182497	b2Jq	b2Jq	Tm9kZUxpYmN1cmwuRWFzeSo=	1905	94489281220
68719479150	107374182497	aXQ=	aXQ=	QU5Z	1908	94489281221
68719479151	107374182497	b2Jq	b2Jq	Tm9kZUxpYmN1cmwuRWFzeSo=	1908	94489281220
68719479152	107374182497	Q1VSTE9QVF9GTk1BVENIX0ZVTkNUSU9O	PHVua25vd24+IENVUkxPUFRfRk5NQVRDSF9GVU5DVElPTg==	QU5Z	1908	94489281297
68719479153	107374182497	aXQ=	aXQ=	QU5Z	1909	94489281221
68719479154	107374182497	b2Jq	b2Jq	Tm9kZUxpYmN1cmwuRWFzeSo=	1909	94489281220
68719479155	107374182497	cmV0dXJuVmFsdWU=	cmV0dXJuVmFsdWU=	aW50MzJfdA==	1911	94489281222
68719479156	107374182497	Q1VSTF9GTk1BVENIRlVOQ19GQUlM	PHVua25vd24+IENVUkxfRk5NQVRDSEZVTkNfRkFJTA==	QU5Z	1911	94489281296
68719479157	107374182497	ZW52	ZW52	TmFwaS5FbnY=	1914	94489281223
68719479158	107374182497	b2Jq	b2Jq	Tm9kZUxpYmN1cmwuRWFzeSo=	1914	94489281220
68719479159	107374182497	c2NvcGU=	c2NvcGU=	TmFwaS5IYW5kbGVTY29wZQ==	1915	94489281224
68719479160	107374182497	PHRtcD4w	PHRtcD4w	TmFwaS5IYW5kbGVTY29wZQ==	1915	94489281295
68719479161	107374182497	PHRtcD4w	PHRtcD4w	TmFwaS5IYW5kbGVTY29wZQ==	1915	94489281295
68719479162	107374182497	ZW52	ZW52	TmFwaS5FbnY=	1915	94489281223
68719479163	107374182497	PHRtcD4w	PHRtcD4w	TmFwaS5IYW5kbGVTY29wZQ==	1915	94489281295
68719479164	107374182497	Y2I=	Y2I=	TmFwaS5GdW5jdGlvbg==	1917	94489281225
68719479165	107374182497	aXQ=	aXQ=	QU5Z	1917	94489281221
68719479166	107374182497	cGF0dGVyblN0cg==	cGF0dGVyblN0cg==	TmFwaS5TdHJpbmc=	1919	94489281226
68719479167	107374182497	ZW52	ZW52	TmFwaS5FbnY=	1919	94489281223
68719479168	107374182497	cGF0dGVybg==	cGF0dGVybg==	Y2hhcio=	1919	111669149919
68719479169	107374182497	c3RyaW5nU3Ry	c3RyaW5nU3Ry	TmFwaS5TdHJpbmc=	1920	94489281227
68719479170	107374182497	ZW52	ZW52	TmFwaS5FbnY=	1920	94489281223
68719479171	107374182497	c3RyaW5n	c3RyaW5n	Y2hhcio=	1920	111669149920
68719479172	107374182497	YXN5bmNDb250ZXh0	YXN5bmNDb250ZXh0	TmFwaS5Bc3luY0NvbnRleHQ=	1923	94489281228
68719479173	107374182497	PHRtcD4x	PHRtcD4x	TmFwaS5Bc3luY0NvbnRleHQ=	1923	94489281294
68719479174	107374182497	PHRtcD4x	PHRtcD4x	TmFwaS5Bc3luY0NvbnRleHQ=	1923	94489281294
68719479175	107374182497	ZW52	ZW52	TmFwaS5FbnY=	1923	94489281223
68719479176	107374182497	PHRtcD4x	PHRtcD4x	TmFwaS5Bc3luY0NvbnRleHQ=	1923	94489281294
68719479177	107374182497	cmVzdWx0	cmVzdWx0	TmFwaS5WYWx1ZQ==	1925	94489281229
68719479178	107374182497	Y2I=	Y2I=	TmFwaS5GdW5jdGlvbg==	1925	94489281225
68719479179	107374182497	b2Jq	b2Jq	Tm9kZUxpYmN1cmwuRWFzeSo=	1925	94489281220
68719479180	107374182497	cGF0dGVyblN0cg==	cGF0dGVyblN0cg==	TmFwaS5TdHJpbmc=	1925	94489281226
68719479181	107374182497	c3RyaW5nU3Ry	c3RyaW5nU3Ry	TmFwaS5TdHJpbmc=	1925	94489281227
68719479182	107374182497	YXN5bmNDb250ZXh0	YXN5bmNDb250ZXh0	TmFwaS5Bc3luY0NvbnRleHQ=	1925	94489281228
68719479183	107374182497	ZW52	ZW52	TmFwaS5FbnY=	1928	94489281223
68719479184	107374182497	ZXJyb3I=	ZXJyb3I=	TmFwaS5FcnJvcg==	1929	94489281230
68719479185	107374182497	ZW52	ZW52	TmFwaS5FbnY=	1929	94489281223
68719479186	107374182497	b2Jq	b2Jq	Tm9kZUxpYmN1cmwuRWFzeSo=	1930	94489281220
68719479187	107374182497	ZXJyb3I=	ZXJyb3I=	TmFwaS5FcnJvcg==	1930	94489281230
68719479188	107374182497	cmV0dXJuVmFsdWU=	cmV0dXJuVmFsdWU=	aW50MzJfdA==	1931	94489281222
68719479189	107374182497	cmVzdWx0	cmVzdWx0	TmFwaS5WYWx1ZQ==	1934	94489281229
68719479190	107374182497	cmVzdWx0	cmVzdWx0	TmFwaS5WYWx1ZQ==	1934	94489281229
68719479191	107374182497	dHlwZUVycm9y	dHlwZUVycm9y	TmFwaS5UeXBlRXJyb3I=	1935	94489281231
68719479192	107374182497	ZW52	ZW52	TmFwaS5FbnY=	1936	94489281223
68719479193	107374182497	b2Jq	b2Jq	Tm9kZUxpYmN1cmwuRWFzeSo=	1937	94489281220
68719479194	107374182497	dHlwZUVycm9y	dHlwZUVycm9y	TmFwaS5UeXBlRXJyb3I=	1937	94489281231
68719479195	107374182497	cmV0dXJuVmFsdWU=	cmV0dXJuVmFsdWU=	aW50MzJfdA==	1939	94489281222
68719479196	107374182497	cmVzdWx0	cmVzdWx0	TmFwaS5WYWx1ZQ==	1939	94489281229
68719479197	107374182497	cmV0dXJuVmFsdWU=	cmV0dXJuVmFsdWU=	aW50MzJfdA==	1942	94489281222
68719479198	107374182497	ZQ==	ZQ==	TmFwaS5FcnJvciY=	1944	94489281232
68719479199	107374182497	PHRtcD4y	PHRtcD4y	TmFwaS5FcnJvcg==	1944	94489281293
68719479200	107374182497	PHRtcD4y	PHRtcD4y	TmFwaS5FcnJvcg==	1944	94489281293
68719479201	107374182497	PHRtcD4y	PHRtcD4y	TmFwaS5FcnJvcg==	1944	94489281293
68719479202	107374182497	b2Jq	b2Jq	Tm9kZUxpYmN1cmwuRWFzeSo=	1945	94489281220
68719479203	107374182497	ZQ==	ZQ==	TmFwaS5FcnJvciY=	1945	94489281232
68719479204	107374182497	cmV0dXJuVmFsdWU=	cmV0dXJuVmFsdWU=	aW50MzJfdA==	1946	94489281222
68719479205	107374182498	b2Jq	b2Jq	Tm9kZUxpYmN1cmwuRWFzeSo=	1951	94489281233
68719479206	107374182498	Y2xpZW50cA==	Y2xpZW50cA==	dm9pZCo=	1951	111669149922
68719479207	107374182498	b2Jq	b2Jq	Tm9kZUxpYmN1cmwuRWFzeSo=	1952	94489281233
68719479208	107374182498	cmV0dXJuVmFsdWU=	cmV0dXJuVmFsdWU=	aW50MzJfdA==	1955	94489281234
68719479209	107374182498	b2Jq	b2Jq	Tm9kZUxpYmN1cmwuRWFzeSo=	1961	94489281233
68719479210	107374182498	cmV0dXJuVmFsdWU=	cmV0dXJuVmFsdWU=	aW50MzJfdA==	1962	94489281234
68719479211	107374182498	aXQ=	aXQ=	QU5Z	1966	94489281235
68719479212	107374182498	b2Jq	b2Jq	Tm9kZUxpYmN1cmwuRWFzeSo=	1966	94489281233
68719479213	107374182498	Q1VSTE9QVF9QUk9HUkVTU0ZVTkNUSU9O	PHVua25vd24+IENVUkxPUFRfUFJPR1JFU1NGVU5DVElPTg==	QU5Z	1966	94489281292
68719479214	107374182498	aXQ=	aXQ=	QU5Z	1967	94489281235
68719479215	107374182498	b2Jq	b2Jq	Tm9kZUxpYmN1cmwuRWFzeSo=	1967	94489281233
68719479216	107374182498	aXQ=	aXQ=	QU5Z	1967	94489281235
68719479217	107374182498	ZW52	ZW52	TmFwaS5FbnY=	1972	94489281236
68719479218	107374182498	b2Jq	b2Jq	Tm9kZUxpYmN1cmwuRWFzeSo=	1972	94489281233
68719479219	107374182498	c2NvcGU=	c2NvcGU=	TmFwaS5IYW5kbGVTY29wZQ==	1973	94489281237
68719479220	107374182498	PHRtcD4w	PHRtcD4w	TmFwaS5IYW5kbGVTY29wZQ==	1973	94489281291
68719479221	107374182498	PHRtcD4w	PHRtcD4w	TmFwaS5IYW5kbGVTY29wZQ==	1973	94489281291
68719479222	107374182498	ZW52	ZW52	TmFwaS5FbnY=	1973	94489281236
68719479223	107374182498	PHRtcD4w	PHRtcD4w	TmFwaS5IYW5kbGVTY29wZQ==	1973	94489281291
68719479224	107374182498	Y2I=	Y2I=	TmFwaS5GdW5jdGlvbg==	1975	94489281238
68719479225	107374182498	aXQ=	aXQ=	QU5Z	1975	94489281235
68719479226	107374182498	YXN5bmNDb250ZXh0	YXN5bmNDb250ZXh0	TmFwaS5Bc3luY0NvbnRleHQ=	1979	94489281239
68719479227	107374182498	PHRtcD4x	PHRtcD4x	TmFwaS5Bc3luY0NvbnRleHQ=	1979	94489281290
68719479228	107374182498	PHRtcD4x	PHRtcD4x	TmFwaS5Bc3luY0NvbnRleHQ=	1979	94489281290
68719479229	107374182498	ZW52	ZW52	TmFwaS5FbnY=	1979	94489281236
68719479230	107374182498	PHRtcD4x	PHRtcD4x	TmFwaS5Bc3luY0NvbnRleHQ=	1979	94489281290
68719479231	107374182498	cmVzdWx0	cmVzdWx0	TmFwaS5WYWx1ZQ==	1981	94489281240
68719479232	107374182498	Y2I=	Y2I=	TmFwaS5GdW5jdGlvbg==	1982	94489281238
68719479233	107374182498	b2Jq	b2Jq	Tm9kZUxpYmN1cmwuRWFzeSo=	1982	94489281233
68719479234	107374182498	ZW52	ZW52	TmFwaS5FbnY=	1983	94489281236
68719479235	107374182498	ZGx0b3RhbA==	ZGx0b3RhbA==	ZG91Ymxl	1983	111669149923
68719479236	107374182498	ZW52	ZW52	TmFwaS5FbnY=	1983	94489281236
68719479237	107374182498	ZGxub3c=	ZGxub3c=	ZG91Ymxl	1983	111669149924
68719479238	107374182498	ZW52	ZW52	TmFwaS5FbnY=	1984	94489281236
68719479239	107374182498	dWx0b3RhbA==	dWx0b3RhbA==	ZG91Ymxl	1984	111669149925
68719479240	107374182498	ZW52	ZW52	TmFwaS5FbnY=	1984	94489281236
68719479241	107374182498	dWxub3c=	dWxub3c=	ZG91Ymxl	1984	111669149926
68719479242	107374182498	YXN5bmNDb250ZXh0	YXN5bmNDb250ZXh0	TmFwaS5Bc3luY0NvbnRleHQ=	1985	94489281239
68719479243	107374182498	ZW52	ZW52	TmFwaS5FbnY=	1988	94489281236
68719479244	107374182498	ZXJyb3I=	ZXJyb3I=	TmFwaS5FcnJvcg==	1989	94489281241
68719479245	107374182498	ZW52	ZW52	TmFwaS5FbnY=	1989	94489281236
68719479246	107374182498	b2Jq	b2Jq	Tm9kZUxpYmN1cmwuRWFzeSo=	1991	94489281233
68719479247	107374182498	ZXJyb3I=	ZXJyb3I=	TmFwaS5FcnJvcg==	1991	94489281241
68719479248	107374182498	cmVzdWx0	cmVzdWx0	TmFwaS5WYWx1ZQ==	1992	94489281240
68719479249	107374182498	cmV0dXJuVmFsdWU=	cmV0dXJuVmFsdWU=	aW50MzJfdA==	1993	94489281234
68719479250	107374182498	cmVzdWx0	cmVzdWx0	TmFwaS5WYWx1ZQ==	1993	94489281240
68719479251	107374182498	cmVzdWx0	cmVzdWx0	TmFwaS5WYWx1ZQ==	1994	94489281240
68719479252	107374182498	dHlwZUVycm9y	dHlwZUVycm9y	TmFwaS5UeXBlRXJyb3I=	1995	94489281242
68719479253	107374182498	ZW52	ZW52	TmFwaS5FbnY=	1996	94489281236
68719479254	107374182498	b2Jq	b2Jq	Tm9kZUxpYmN1cmwuRWFzeSo=	1997	94489281233
68719479255	107374182498	dHlwZUVycm9y	dHlwZUVycm9y	TmFwaS5UeXBlRXJyb3I=	1997	94489281242
68719479256	107374182498	ZQ==	ZQ==	TmFwaS5FcnJvciY=	2000	94489281243
68719479257	107374182498	PHRtcD4y	PHRtcD4y	TmFwaS5FcnJvcg==	2000	94489281289
68719479258	107374182498	PHRtcD4y	PHRtcD4y	TmFwaS5FcnJvcg==	2000	94489281289
68719479259	107374182498	PHRtcD4y	PHRtcD4y	TmFwaS5FcnJvcg==	2000	94489281289
68719479260	107374182498	b2Jq	b2Jq	Tm9kZUxpYmN1cmwuRWFzeSo=	2001	94489281233
68719479261	107374182498	ZQ==	ZQ==	TmFwaS5FcnJvciY=	2001	94489281243
68719479262	107374182498	cmV0dXJuVmFsdWU=	cmV0dXJuVmFsdWU=	aW50MzJfdA==	2007	94489281234
68719479263	107374182498	b2Jq	b2Jq	Tm9kZUxpYmN1cmwuRWFzeSo=	2009	94489281233
68719479264	107374182498	cmV0dXJuVmFsdWU=	cmV0dXJuVmFsdWU=	aW50MzJfdA==	2012	94489281234
68719479265	107374182499	b2Jq	b2Jq	Tm9kZUxpYmN1cmwuRWFzeSo=	2017	94489281244
68719479266	107374182499	Y2xpZW50cA==	Y2xpZW50cA==	dm9pZCo=	2017	111669149928
68719479267	107374182499	b2Jq	b2Jq	Tm9kZUxpYmN1cmwuRWFzeSo=	2018	94489281244
68719479268	107374182499	cmV0dXJuVmFsdWU=	cmV0dXJuVmFsdWU=	aW50MzJfdA==	2021	94489281245
68719479269	107374182499	b2Jq	b2Jq	Tm9kZUxpYmN1cmwuRWFzeSo=	2024	94489281244
68719479270	107374182499	cmV0dXJuVmFsdWU=	cmV0dXJuVmFsdWU=	aW50MzJfdA==	2025	94489281245
68719479271	107374182499	aXQ=	aXQ=	QU5Z	2033	94489281246
68719479272	107374182499	b2Jq	b2Jq	Tm9kZUxpYmN1cmwuRWFzeSo=	2033	94489281244
68719479273	107374182499	aXQ=	aXQ=	QU5Z	2036	94489281246
68719479274	107374182499	b2Jq	b2Jq	Tm9kZUxpYmN1cmwuRWFzeSo=	2036	94489281244
68719479275	107374182499	ZW52	ZW52	TmFwaS5FbnY=	2039	94489281247
68719479276	107374182499	b2Jq	b2Jq	Tm9kZUxpYmN1cmwuRWFzeSo=	2039	94489281244
68719479277	107374182499	c2NvcGU=	c2NvcGU=	TmFwaS5IYW5kbGVTY29wZQ==	2040	94489281248
68719479278	107374182499	PHRtcD4w	PHRtcD4w	TmFwaS5IYW5kbGVTY29wZQ==	2040	94489281288
68719479279	107374182499	PHRtcD4w	PHRtcD4w	TmFwaS5IYW5kbGVTY29wZQ==	2040	94489281288
68719479280	107374182499	ZW52	ZW52	TmFwaS5FbnY=	2040	94489281247
68719479281	107374182499	PHRtcD4w	PHRtcD4w	TmFwaS5IYW5kbGVTY29wZQ==	2040	94489281288
68719479282	107374182499	Y2I=	Y2I=	TmFwaS5GdW5jdGlvbg==	2042	94489281249
68719479283	107374182499	aXQ=	aXQ=	QU5Z	2042	94489281246
68719479284	107374182499	YXN5bmNDb250ZXh0	YXN5bmNDb250ZXh0	TmFwaS5Bc3luY0NvbnRleHQ=	2046	94489281250
68719479285	107374182499	PHRtcD4x	PHRtcD4x	TmFwaS5Bc3luY0NvbnRleHQ=	2046	94489281287
68719479286	107374182499	PHRtcD4x	PHRtcD4x	TmFwaS5Bc3luY0NvbnRleHQ=	2046	94489281287
68719479287	107374182499	ZW52	ZW52	TmFwaS5FbnY=	2046	94489281247
68719479288	107374182499	PHRtcD4x	PHRtcD4x	TmFwaS5Bc3luY0NvbnRleHQ=	2046	94489281287
68719479289	107374182499	cmVzdWx0	cmVzdWx0	TmFwaS5WYWx1ZQ==	2049	94489281251
68719479290	107374182499	Y2I=	Y2I=	TmFwaS5GdW5jdGlvbg==	2049	94489281249
68719479291	107374182499	b2Jq	b2Jq	Tm9kZUxpYmN1cmwuRWFzeSo=	2049	94489281244
68719479292	107374182499	ZW52	ZW52	TmFwaS5FbnY=	2050	94489281247
68719479293	107374182499	ZGx0b3RhbA==	ZGx0b3RhbA==	Y3VybF9vZmZfdA==	2050	111669149929
68719479294	107374182499	ZW52	ZW52	TmFwaS5FbnY=	2051	94489281247
68719479295	107374182499	ZGxub3c=	ZGxub3c=	Y3VybF9vZmZfdA==	2051	111669149930
68719479296	107374182499	ZW52	ZW52	TmFwaS5FbnY=	2052	94489281247
68719479297	107374182499	dWx0b3RhbA==	dWx0b3RhbA==	Y3VybF9vZmZfdA==	2052	111669149931
68719479298	107374182499	ZW52	ZW52	TmFwaS5FbnY=	2053	94489281247
68719479299	107374182499	dWxub3c=	dWxub3c=	Y3VybF9vZmZfdA==	2053	111669149932
68719479300	107374182499	YXN5bmNDb250ZXh0	YXN5bmNDb250ZXh0	TmFwaS5Bc3luY0NvbnRleHQ=	2054	94489281250
68719479301	107374182499	ZW52	ZW52	TmFwaS5FbnY=	2057	94489281247
68719479302	107374182499	ZXJyb3I=	ZXJyb3I=	TmFwaS5FcnJvcg==	2058	94489281252
68719479303	107374182499	ZW52	ZW52	TmFwaS5FbnY=	2058	94489281247
68719479304	107374182499	b2Jq	b2Jq	Tm9kZUxpYmN1cmwuRWFzeSo=	2059	94489281244
68719479305	107374182499	ZXJyb3I=	ZXJyb3I=	TmFwaS5FcnJvcg==	2059	94489281252
68719479306	107374182499	cmVzdWx0	cmVzdWx0	TmFwaS5WYWx1ZQ==	2060	94489281251
68719479307	107374182499	cmVzdWx0	cmVzdWx0	TmFwaS5WYWx1ZQ==	2060	94489281251
68719479308	107374182499	dHlwZUVycm9y	dHlwZUVycm9y	TmFwaS5UeXBlRXJyb3I=	2061	94489281253
68719479309	107374182499	ZW52	ZW52	TmFwaS5FbnY=	2062	94489281247
68719479310	107374182499	b2Jq	b2Jq	Tm9kZUxpYmN1cmwuRWFzeSo=	2063	94489281244
68719479311	107374182499	dHlwZUVycm9y	dHlwZUVycm9y	TmFwaS5UeXBlRXJyb3I=	2063	94489281253
68719479312	107374182499	cmV0dXJuVmFsdWU=	cmV0dXJuVmFsdWU=	aW50MzJfdA==	2065	94489281245
68719479313	107374182499	cmVzdWx0	cmVzdWx0	TmFwaS5WYWx1ZQ==	2065	94489281251
68719479314	107374182499	ZQ==	ZQ==	TmFwaS5FcnJvciY=	2068	94489281254
68719479315	107374182499	PHRtcD4y	PHRtcD4y	TmFwaS5FcnJvcg==	2068	94489281286
68719479316	107374182499	PHRtcD4y	PHRtcD4y	TmFwaS5FcnJvcg==	2068	94489281286
68719479317	107374182499	PHRtcD4y	PHRtcD4y	TmFwaS5FcnJvcg==	2068	94489281286
68719479318	107374182499	b2Jq	b2Jq	Tm9kZUxpYmN1cmwuRWFzeSo=	2069	94489281244
68719479319	107374182499	ZQ==	ZQ==	TmFwaS5FcnJvciY=	2069	94489281254
68719479320	107374182499	cmV0dXJuVmFsdWU=	cmV0dXJuVmFsdWU=	aW50MzJfdA==	2075	94489281245
68719479321	107374182499	b2Jq	b2Jq	Tm9kZUxpYmN1cmwuRWFzeSo=	2077	94489281244
68719479322	107374182499	cmV0dXJuVmFsdWU=	cmV0dXJuVmFsdWU=	aW50MzJfdA==	2080	94489281245
68719479323	107374182504	b2Jq	b2Jq	Tm9kZUxpYmN1cmwuRWFzeSo=	2463	94489281255
68719479324	107374182504	dXNlcmRhdGE=	dXNlcmRhdGE=	dm9pZCo=	2463	111669149955
68719479325	107374182504	b2Jq	b2Jq	Tm9kZUxpYmN1cmwuRWFzeSo=	2465	94489281255
68719479326	107374182504	aXQ=	aXQ=	QU5Z	2468	94489281256
68719479327	107374182504	b2Jq	b2Jq	Tm9kZUxpYmN1cmwuRWFzeSo=	2468	94489281255
68719479328	107374182504	Q1VSTE9QVF9JTlRFUkxFQVZFRlVOQ1RJT04=	PHVua25vd24+IENVUkxPUFRfSU5URVJMRUFWRUZVTkNUSU9O	QU5Z	2468	94489281285
68719479329	107374182504	aXQ=	aXQ=	QU5Z	2469	94489281256
68719479330	107374182504	b2Jq	b2Jq	Tm9kZUxpYmN1cmwuRWFzeSo=	2469	94489281255
68719479331	107374182504	cmVhbFNpemU=	cmVhbFNpemU=	c2l6ZV90	2471	94489281257
68719479332	107374182504	c2l6ZQ==	c2l6ZQ==	c2l6ZV90	2471	111669149953
68719479333	107374182504	bm1lbWI=	bm1lbWI=	c2l6ZV90	2471	111669149954
68719479334	107374182504	cmV0dXJuVmFsdWU=	cmV0dXJuVmFsdWU=	c2l6ZV90	2472	94489281258
68719479335	107374182504	cmVhbFNpemU=	cmVhbFNpemU=	c2l6ZV90	2472	94489281257
68719479336	107374182504	ZW52	ZW52	TmFwaS5FbnY=	2475	94489281259
68719479337	107374182504	b2Jq	b2Jq	Tm9kZUxpYmN1cmwuRWFzeSo=	2475	94489281255
68719479338	107374182504	c2NvcGU=	c2NvcGU=	TmFwaS5IYW5kbGVTY29wZQ==	2476	94489281260
68719479339	107374182504	PHRtcD4w	PHRtcD4w	TmFwaS5IYW5kbGVTY29wZQ==	2476	94489281284
68719479340	107374182504	PHRtcD4w	PHRtcD4w	TmFwaS5IYW5kbGVTY29wZQ==	2476	94489281284
68719479341	107374182504	ZW52	ZW52	TmFwaS5FbnY=	2476	94489281259
68719479342	107374182504	PHRtcD4w	PHRtcD4w	TmFwaS5IYW5kbGVTY29wZQ==	2476	94489281284
68719479343	107374182504	Y2I=	Y2I=	TmFwaS5GdW5jdGlvbg==	2478	94489281261
68719479344	107374182504	aXQ=	aXQ=	QU5Z	2478	94489281256
68719479345	107374182504	YnVmZmVyQXJn	YnVmZmVyQXJn	QnVmZmVy	2480	94489281262
68719479346	107374182504	ZW52	ZW52	TmFwaS5FbnY=	2480	94489281259
68719479347	107374182504	cHRy	cHRy	dm9pZCo=	2480	111669149952
68719479348	107374182504	cmVhbFNpemU=	cmVhbFNpemU=	c2l6ZV90	2480	94489281257
68719479349	107374182504	c2l6ZUFyZw==	c2l6ZUFyZw==	TmFwaS5OdW1iZXI=	2481	94489281263
68719479350	107374182504	ZW52	ZW52	TmFwaS5FbnY=	2481	94489281259
68719479351	107374182504	c2l6ZQ==	c2l6ZQ==	c2l6ZV90	2481	111669149953
68719479352	107374182504	bm1lbWJBcmc=	bm1lbWJBcmc=	TmFwaS5OdW1iZXI=	2482	94489281264
68719479353	107374182504	ZW52	ZW52	TmFwaS5FbnY=	2482	94489281259
68719479354	107374182504	bm1lbWI=	bm1lbWI=	c2l6ZV90	2482	111669149954
68719479355	107374182504	YXN5bmNDb250ZXh0	YXN5bmNDb250ZXh0	TmFwaS5Bc3luY0NvbnRleHQ=	2484	94489281265
68719479356	107374182504	PHRtcD4x	PHRtcD4x	TmFwaS5Bc3luY0NvbnRleHQ=	2484	94489281283
68719479357	107374182504	PHRtcD4x	PHRtcD4x	TmFwaS5Bc3luY0NvbnRleHQ=	2484	94489281283
68719479358	107374182504	ZW52	ZW52	TmFwaS5FbnY=	2484	94489281259
68719479359	107374182504	PHRtcD4x	PHRtcD4x	TmFwaS5Bc3luY0NvbnRleHQ=	2484	94489281283
68719479360	107374182504	cmVzdWx0	cmVzdWx0	TmFwaS5WYWx1ZQ==	2486	94489281266
68719479361	107374182504	Y2I=	Y2I=	TmFwaS5GdW5jdGlvbg==	2487	94489281261
68719479362	107374182504	b2Jq	b2Jq	Tm9kZUxpYmN1cmwuRWFzeSo=	2487	94489281255
68719479363	107374182504	YnVmZmVyQXJn	YnVmZmVyQXJn	QnVmZmVy	2487	94489281262
68719479364	107374182504	c2l6ZUFyZw==	c2l6ZUFyZw==	TmFwaS5OdW1iZXI=	2487	94489281263
68719479365	107374182504	bm1lbWJBcmc=	bm1lbWJBcmc=	TmFwaS5OdW1iZXI=	2487	94489281264
68719479366	107374182504	YXN5bmNDb250ZXh0	YXN5bmNDb250ZXh0	TmFwaS5Bc3luY0NvbnRleHQ=	2487	94489281265
68719479367	107374182504	ZW52	ZW52	TmFwaS5FbnY=	2489	94489281259
68719479368	107374182504	ZXJyb3I=	ZXJyb3I=	TmFwaS5FcnJvcg==	2490	94489281267
68719479369	107374182504	ZW52	ZW52	TmFwaS5FbnY=	2490	94489281259
68719479370	107374182504	b2Jq	b2Jq	Tm9kZUxpYmN1cmwuRWFzeSo=	2491	94489281255
68719479371	107374182504	ZXJyb3I=	ZXJyb3I=	TmFwaS5FcnJvcg==	2491	94489281267
68719479372	107374182504	cmVzdWx0	cmVzdWx0	TmFwaS5WYWx1ZQ==	2495	94489281266
68719479373	107374182504	cmVzdWx0	cmVzdWx0	TmFwaS5WYWx1ZQ==	2495	94489281266
68719479374	107374182504	dHlwZUVycm9y	dHlwZUVycm9y	TmFwaS5UeXBlRXJyb3I=	2496	94489281268
68719479375	107374182504	ZW52	ZW52	TmFwaS5FbnY=	2497	94489281259
68719479376	107374182504	b2Jq	b2Jq	Tm9kZUxpYmN1cmwuRWFzeSo=	2498	94489281255
68719479377	107374182504	dHlwZUVycm9y	dHlwZUVycm9y	TmFwaS5UeXBlRXJyb3I=	2498	94489281268
68719479378	107374182504	cmV0dXJuVmFsdWU=	cmV0dXJuVmFsdWU=	c2l6ZV90	2501	94489281258
68719479379	107374182504	cmVzdWx0	cmVzdWx0	TmFwaS5WYWx1ZQ==	2501	94489281266
68719479380	107374182504	ZQ==	ZQ==	TmFwaS5FcnJvciY=	2504	94489281269
68719479381	107374182504	PHRtcD4y	PHRtcD4y	TmFwaS5FcnJvcg==	2504	94489281282
68719479382	107374182504	PHRtcD4y	PHRtcD4y	TmFwaS5FcnJvcg==	2504	94489281282
68719479383	107374182504	PHRtcD4y	PHRtcD4y	TmFwaS5FcnJvcg==	2504	94489281282
68719479384	107374182504	b2Jq	b2Jq	Tm9kZUxpYmN1cmwuRWFzeSo=	2505	94489281255
68719479385	107374182504	ZQ==	ZQ==	TmFwaS5FcnJvciY=	2505	94489281269
68719479386	107374182504	cmV0dXJuVmFsdWU=	cmV0dXJuVmFsdWU=	c2l6ZV90	2509	94489281258
68719479387	107374182506	c2NvcGU=	c2NvcGU=	TmFwaS5Fc2NhcGFibGVIYW5kbGVTY29wZQ==	2568	94489281270
68719479388	107374182506	PHRtcD4w	PHRtcD4w	TmFwaS5Fc2NhcGFibGVIYW5kbGVTY29wZQ==	2568	94489281281
68719479389	107374182506	PHRtcD4w	PHRtcD4w	TmFwaS5Fc2NhcGFibGVIYW5kbGVTY29wZQ==	2568	94489281281
68719479390	107374182506	ZW52	ZW52	TmFwaS5FbnY=	2568	111669149962
68719479391	107374182506	PHRtcD4w	PHRtcD4w	TmFwaS5Fc2NhcGFibGVIYW5kbGVTY29wZQ==	2568	94489281281
68719479392	107374182506	Y3VybEVhc3lIYW5kbGU=	Y3VybEVhc3lIYW5kbGU=	TmFwaS5FeHRlcm5hbA==	2570	94489281271
68719479393	107374182506	ZW52	ZW52	TmFwaS5FbnY=	2570	111669149962
68719479394	107374182506	aGFuZGxl	aGFuZGxl	Q1VSTCo=	2570	111669149963
68719479395	107374182506	Y3VybA==	Y3VybA==	QU5Z	2572	94489281272
68719479396	107374182506	ZW52	ZW52	TmFwaS5FbnY=	2572	111669149962
68719479397	107374182506	bmV3SW5zdGFuY2U=	bmV3SW5zdGFuY2U=	QU5Z	2573	94489281273
68719479398	107374182506	Y3VybA==	Y3VybA==	QU5Z	2573	94489281272
68719479399	107374182506	Y3VybEVhc3lIYW5kbGU=	Y3VybEVhc3lIYW5kbGU=	TmFwaS5FeHRlcm5hbA==	2573	94489281271
68719479400	107374182506	c2NvcGU=	c2NvcGU=	TmFwaS5Fc2NhcGFibGVIYW5kbGVTY29wZQ==	2575	94489281270
68719479401	107374182506	bmV3SW5zdGFuY2U=	bmV3SW5zdGFuY2U=	QU5Z	2575	94489281273
68719479402	107374182507	c3Ry	c3Ry	Y2hhcio=	2603	111669149964
68719479403	107374182507	c3Ry	c3Ry	Y2hhcio=	2603	111669149964
68719479404	107374182507	ZW52	ZW52	TmFwaS5FbnY=	2603	94489281279
68719479405	107374182507	c3Ry	c3Ry	Y2hhcio=	2603	111669149964
68719479406	107374182507	ZW52	ZW52	TmFwaS5FbnY=	2603	94489281279
68719479407	107374182508	c2NvcGU=	c2NvcGU=	TmFwaS5Fc2NhcGFibGVIYW5kbGVTY29wZQ==	2600	94489281274
68719479408	107374182508	PHRtcD4w	PHRtcD4w	TmFwaS5Fc2NhcGFibGVIYW5kbGVTY29wZQ==	2600	94489281280
68719479409	107374182508	PHRtcD4w	PHRtcD4w	TmFwaS5Fc2NhcGFibGVIYW5kbGVTY29wZQ==	2600	94489281280
68719479410	107374182508	ZW52	ZW52	TmFwaS5FbnY=	2600	111669149966
68719479411	107374182508	PHRtcD4w	PHRtcD4w	TmFwaS5Fc2NhcGFibGVIYW5kbGVTY29wZQ==	2600	94489281280
68719479412	107374182508	bnVsbFZhbHVlSWZJbnZhbGlkU3RyaW5n	bnVsbFZhbHVlSWZJbnZhbGlkU3RyaW5n	c3RkLmZ1bmN0aW9u	2602	94489281275
68719479413	107374182508	b2Jq	b2Jq	TmFwaS5PYmplY3Q=	2606	94489281276
68719479414	107374182508	ZW52	ZW52	TmFwaS5FbnY=	2606	111669149966
68719479415	107374182508	b2Jq	b2Jq	TmFwaS5PYmplY3Q=	2608	94489281276
68719479416	107374182508	bnVsbFZhbHVlSWZJbnZhbGlkU3RyaW5n	bnVsbFZhbHVlSWZJbnZhbGlkU3RyaW5n	c3RkLmZ1bmN0aW9u	2608	94489281275
68719479417	107374182508	ZmlsZUluZm8=	ZmlsZUluZm8=	Y3VybF9maWxlaW5mbyo=	2608	111669149967
68719479418	107374182508	b2Jq	b2Jq	TmFwaS5PYmplY3Q=	2609	94489281276
68719479419	107374182508	ZW52	ZW52	TmFwaS5FbnY=	2609	111669149966
68719479420	107374182508	ZmlsZUluZm8=	ZmlsZUluZm8=	Y3VybF9maWxlaW5mbyo=	2609	111669149967
68719479421	107374182508	b2Jq	b2Jq	TmFwaS5PYmplY3Q=	2611	94489281276
68719479422	107374182508	ZmlsZUluZm8=	ZmlsZUluZm8=	Y3VybF9maWxlaW5mbyo=	2611	111669149967
68719479423	107374182508	ZW52	ZW52	TmFwaS5FbnY=	2612	111669149966
68719479424	107374182508	ZmlsZUluZm8=	ZmlsZUluZm8=	Y3VybF9maWxlaW5mbyo=	2612	111669149967
68719479425	107374182508	ZW52	ZW52	TmFwaS5FbnY=	2613	111669149966
68719479426	107374182508	b2Jq	b2Jq	TmFwaS5PYmplY3Q=	2614	94489281276
68719479427	107374182508	ZW52	ZW52	TmFwaS5FbnY=	2614	111669149966
68719479428	107374182508	ZmlsZUluZm8=	ZmlsZUluZm8=	Y3VybF9maWxlaW5mbyo=	2614	111669149967
68719479429	107374182508	b2Jq	b2Jq	TmFwaS5PYmplY3Q=	2615	94489281276
68719479430	107374182508	ZW52	ZW52	TmFwaS5FbnY=	2615	111669149966
68719479431	107374182508	ZmlsZUluZm8=	ZmlsZUluZm8=	Y3VybF9maWxlaW5mbyo=	2615	111669149967
68719479432	107374182508	b2Jq	b2Jq	TmFwaS5PYmplY3Q=	2616	94489281276
68719479433	107374182508	ZW52	ZW52	TmFwaS5FbnY=	2616	111669149966
68719479434	107374182508	ZmlsZUluZm8=	ZmlsZUluZm8=	Y3VybF9maWxlaW5mbyo=	2616	111669149967
68719479435	107374182508	b2Jq	b2Jq	TmFwaS5PYmplY3Q=	2617	94489281276
68719479436	107374182508	ZW52	ZW52	TmFwaS5FbnY=	2617	111669149966
68719479437	107374182508	ZmlsZUluZm8=	ZmlsZUluZm8=	Y3VybF9maWxlaW5mbyo=	2617	111669149967
68719479438	107374182508	b2Jq	b2Jq	TmFwaS5PYmplY3Q=	2618	94489281276
68719479439	107374182508	ZW52	ZW52	TmFwaS5FbnY=	2618	111669149966
68719479440	107374182508	ZmlsZUluZm8=	ZmlsZUluZm8=	Y3VybF9maWxlaW5mbyo=	2618	111669149967
68719479441	107374182508	c3RyaW5ncw==	c3RyaW5ncw==	TmFwaS5PYmplY3Q=	2620	94489281277
68719479442	107374182508	ZW52	ZW52	TmFwaS5FbnY=	2620	111669149966
68719479443	107374182508	c3RyaW5ncw==	c3RyaW5ncw==	TmFwaS5PYmplY3Q=	2621	94489281277
68719479444	107374182508	bnVsbFZhbHVlSWZJbnZhbGlkU3RyaW5n	bnVsbFZhbHVlSWZJbnZhbGlkU3RyaW5n	c3RkLmZ1bmN0aW9u	2621	94489281275
68719479445	107374182508	ZmlsZUluZm8=	ZmlsZUluZm8=	Y3VybF9maWxlaW5mbyo=	2621	111669149967
68719479446	107374182508	c3RyaW5ncw==	c3RyaW5ncw==	TmFwaS5PYmplY3Q=	2622	94489281277
68719479447	107374182508	bnVsbFZhbHVlSWZJbnZhbGlkU3RyaW5n	bnVsbFZhbHVlSWZJbnZhbGlkU3RyaW5n	c3RkLmZ1bmN0aW9u	2622	94489281275
68719479448	107374182508	ZmlsZUluZm8=	ZmlsZUluZm8=	Y3VybF9maWxlaW5mbyo=	2622	111669149967
68719479449	107374182508	c3RyaW5ncw==	c3RyaW5ncw==	TmFwaS5PYmplY3Q=	2623	94489281277
68719479450	107374182508	bnVsbFZhbHVlSWZJbnZhbGlkU3RyaW5n	bnVsbFZhbHVlSWZJbnZhbGlkU3RyaW5n	c3RkLmZ1bmN0aW9u	2623	94489281275
68719479451	107374182508	ZmlsZUluZm8=	ZmlsZUluZm8=	Y3VybF9maWxlaW5mbyo=	2623	111669149967
68719479452	107374182508	c3RyaW5ncw==	c3RyaW5ncw==	TmFwaS5PYmplY3Q=	2624	94489281277
68719479453	107374182508	bnVsbFZhbHVlSWZJbnZhbGlkU3RyaW5n	bnVsbFZhbHVlSWZJbnZhbGlkU3RyaW5n	c3RkLmZ1bmN0aW9u	2624	94489281275
68719479454	107374182508	ZmlsZUluZm8=	ZmlsZUluZm8=	Y3VybF9maWxlaW5mbyo=	2624	111669149967
68719479455	107374182508	c3RyaW5ncw==	c3RyaW5ncw==	TmFwaS5PYmplY3Q=	2625	94489281277
68719479456	107374182508	bnVsbFZhbHVlSWZJbnZhbGlkU3RyaW5n	bnVsbFZhbHVlSWZJbnZhbGlkU3RyaW5n	c3RkLmZ1bmN0aW9u	2625	94489281275
68719479457	107374182508	ZmlsZUluZm8=	ZmlsZUluZm8=	Y3VybF9maWxlaW5mbyo=	2625	111669149967
68719479458	107374182508	b2Jq	b2Jq	TmFwaS5PYmplY3Q=	2627	94489281276
68719479459	107374182508	c3RyaW5ncw==	c3RyaW5ncw==	TmFwaS5PYmplY3Q=	2627	94489281277
68719479460	107374182508	c2NvcGU=	c2NvcGU=	TmFwaS5Fc2NhcGFibGVIYW5kbGVTY29wZQ==	2629	94489281274
68719479461	107374182508	b2Jq	b2Jq	TmFwaS5PYmplY3Q=	2629	94489281276
68719477576	107374182509	PGl0ZXJhdG9yPjA=	PGl0ZXJhdG9yPjA=	c3RkLml0ZXJhdG9y	52	94489281461
68719477577	107374182509	dGhpcw==	dGhpcw==	Tm9kZUxpYmN1cmwuRWFzeS5Ub0ZyZWUq	52	111669149799
68719477578	107374182509	PGl0ZXJhdG9yPjA=	PGl0ZXJhdG9yPjA=	c3RkLml0ZXJhdG9y	52	94489281461
68719477579	107374182509	bGlzdA==	bGlzdA==	QU5ZJg==	52	94489280984
68719477580	107374182509	PGl0ZXJhdG9yPjA=	PGl0ZXJhdG9yPjA=	c3RkLml0ZXJhdG9y	52	94489281461
68719477581	107374182509	bGlzdA==	bGlzdA==	QU5ZJg==	53	94489280984
68719477582	107374182509	bGlzdA==	bGlzdA==	QU5ZJg==	53	94489280984
68719477583	107374182509	PGl0ZXJhdG9yPjE=	PGl0ZXJhdG9yPjE=	c3RkLml0ZXJhdG9y	55	94489281460
68719477584	107374182509	dGhpcw==	dGhpcw==	Tm9kZUxpYmN1cmwuRWFzeS5Ub0ZyZWUq	55	111669149799
68719477585	107374182509	PGl0ZXJhdG9yPjE=	PGl0ZXJhdG9yPjE=	c3RkLml0ZXJhdG9y	55	94489281460
68719477586	107374182509	bQ==	bQ==	QU5ZJg==	55	94489280985
68719477587	107374182509	PGl0ZXJhdG9yPjE=	PGl0ZXJhdG9yPjE=	c3RkLml0ZXJhdG9y	55	94489281460
68719477588	107374182509	bQ==	bQ==	QU5ZJg==	56	94489280985
68719477589	107374182509	bQ==	bQ==	QU5ZJg==	56	94489280985
68719477590	107374182509	c3Ry	c3Ry	QU5Z	46	94489281459
68719477591	107374182509	PHRtcD4w	PHRtcD4w	QU5Z	46	94489281458
68719477592	107374182509	PHRtcD4w	PHRtcD4w	QU5Z	46	94489281458
68719477593	107374182509	PHRtcD4w	PHRtcD4w	QU5Z	46	94489281458
68719477594	107374182509	c2xpc3Q=	c2xpc3Q=	QU5Z	47	94489281457
68719477595	107374182509	PHRtcD4x	PHRtcD4x	QU5Z	47	94489281456
68719477596	107374182509	PHRtcD4x	PHRtcD4x	QU5Z	47	94489281456
68719477597	107374182509	PHRtcD4x	PHRtcD4x	QU5Z	47	94489281456
68719477598	107374182509	bWltZQ==	bWltZQ==	QU5Z	48	94489281455
68719477599	107374182509	PHRtcD4y	PHRtcD4y	QU5Z	48	94489281454
68719477600	107374182509	PHRtcD4y	PHRtcD4y	QU5Z	48	94489281454
68719477601	107374182509	PHRtcD4y	PHRtcD4y	QU5Z	48	94489281454
68719477602	107374182509	cG9zdA==	cG9zdA==	QU5Z	49	94489281453
68719477603	107374182509	PHRtcD4z	PHRtcD4z	QU5Z	49	94489281452
68719477604	107374182509	PHRtcD4z	PHRtcD4z	QU5Z	49	94489281452
68719477605	107374182509	PHRtcD4z	PHRtcD4z	QU5Z	49	94489281452
68719477671	107374182509	dGhpcw==	dGhpcw==	Tm9kZUxpYmN1cmwuRWFzeSo=	135	111669149802
68719477672	107374182509	dGhpcw==	dGhpcw==	Tm9kZUxpYmN1cmwuRWFzeSo=	136	111669149802
68719477673	107374182509	dGhpcw==	dGhpcw==	Tm9kZUxpYmN1cmwuRWFzeSo=	144	111669149803
68719477674	107374182509	dGhpcw==	dGhpcw==	Tm9kZUxpYmN1cmwuRWFzeSo=	145	111669149803
68719477675	107374182509	dGhpcw==	dGhpcw==	Tm9kZUxpYmN1cmwuRWFzeSo=	147	111669149803
68719477676	107374182509	dGhpcw==	dGhpcw==	Tm9kZUxpYmN1cmwuRWFzeSo=	148	111669149803
68719477677	107374182509	dGhpcw==	dGhpcw==	Tm9kZUxpYmN1cmwuRWFzeSo=	149	111669149803
68719477678	107374182509	Y3VybA==	Y3VybA==	QU5Z	151	94489280997
68719477679	107374182509	dGhpcw==	dGhpcw==	Tm9kZUxpYmN1cmwuRWFzeSo=	151	111669149803
68719477680	107374182509	Y3VybA==	Y3VybA==	QU5Z	152	94489280997
68719477681	107374182509	Q1VSTF9IQU5ETEVfVFlQRV9FQVNZ	Q1VSTF9IQU5ETEVfVFlQRV9FQVNZ	QU5Z	152	94489281443
68719477682	107374182509	dGhpcw==	dGhpcw==	Tm9kZUxpYmN1cmwuRWFzeSo=	154	111669149803
68719477683	107374182509	dGhpcw==	dGhpcw==	Tm9kZUxpYmN1cmwuRWFzeSo=	155	111669149803
68719477684	107374182509	dGhpcw==	dGhpcw==	Tm9kZUxpYmN1cmwuRWFzeSo=	158	111669149803
68719477685	107374182509	dGhpcw==	dGhpcw==	Tm9kZUxpYmN1cmwuRWFzeSo=	163	111669149804
68719477686	107374182509	dGhpcw==	dGhpcw==	Tm9kZUxpYmN1cmwuRWFzeSo=	164	111669149804
68719477687	107374182509	dGhpcw==	dGhpcw==	Tm9kZUxpYmN1cmwuRWFzeSo=	166	111669149804
68719477688	107374182509	dGhpcw==	dGhpcw==	Tm9kZUxpYmN1cmwuRWFzeSo=	167	111669149804
68719477689	107374182509	dGhpcw==	dGhpcw==	Tm9kZUxpYmN1cmwuRWFzeSo=	170	111669149804
68719477690	107374182509	dGhpcw==	dGhpcw==	Tm9kZUxpYmN1cmwuRWFzeSo=	171	111669149804
68719477691	107374182509	dGhpcw==	dGhpcw==	Tm9kZUxpYmN1cmwuRWFzeSo=	173	111669149804
68719477692	107374182509	dGhpcw==	dGhpcw==	Tm9kZUxpYmN1cmwuRWFzeSo=	174	111669149804
68719477693	107374182509	dGhpcw==	dGhpcw==	Tm9kZUxpYmN1cmwuRWFzeSo=	175	111669149804
68719477694	107374182509	dGhpcw==	dGhpcw==	Tm9kZUxpYmN1cmwuRWFzeSo=	179	111669149805
68719477695	107374182509	Q1VSTE9QVF9QUklWQVRF	PHVua25vd24+IENVUkxPUFRfUFJJVkFURQ==	QU5Z	179	94489281442
68719477696	107374182509	dGhpcw==	dGhpcw==	Tm9kZUxpYmN1cmwuRWFzeSo=	179	111669149805
68719477697	107374182509	dGhpcw==	dGhpcw==	Tm9kZUxpYmN1cmwuRWFzeSo=	181	111669149805
68719477698	107374182509	Q1VSTE9QVF9IRUFERVJGVU5DVElPTg==	PHVua25vd24+IENVUkxPUFRfSEVBREVSRlVOQ1RJT04=	QU5Z	181	94489281441
68719477699	107374182509	dGhpcw==	dGhpcw==	Tm9kZUxpYmN1cmwuRWFzeSo=	182	111669149805
68719477700	107374182509	Q1VSTE9QVF9IRUFERVJEQVRB	PHVua25vd24+IENVUkxPUFRfSEVBREVSREFUQQ==	QU5Z	182	94489281440
68719477701	107374182509	dGhpcw==	dGhpcw==	Tm9kZUxpYmN1cmwuRWFzeSo=	182	111669149805
68719477702	107374182509	dGhpcw==	dGhpcw==	Tm9kZUxpYmN1cmwuRWFzeSo=	184	111669149805
68719477703	107374182509	Q1VSTE9QVF9SRUFERlVOQ1RJT04=	PHVua25vd24+IENVUkxPUFRfUkVBREZVTkNUSU9O	QU5Z	184	94489281439
68719477704	107374182509	dGhpcw==	dGhpcw==	Tm9kZUxpYmN1cmwuRWFzeSo=	185	111669149805
68719477705	107374182509	Q1VSTE9QVF9SRUFEREFUQQ==	PHVua25vd24+IENVUkxPUFRfUkVBRERBVEE=	QU5Z	185	94489281438
68719477706	107374182509	dGhpcw==	dGhpcw==	Tm9kZUxpYmN1cmwuRWFzeSo=	185	111669149805
68719477707	107374182509	dGhpcw==	dGhpcw==	Tm9kZUxpYmN1cmwuRWFzeSo=	187	111669149805
68719477708	107374182509	Q1VSTE9QVF9TRUVLRlVOQ1RJT04=	PHVua25vd24+IENVUkxPUFRfU0VFS0ZVTkNUSU9O	QU5Z	187	94489281437
68719477709	107374182509	dGhpcw==	dGhpcw==	Tm9kZUxpYmN1cmwuRWFzeSo=	188	111669149805
68719477710	107374182509	Q1VSTE9QVF9TRUVLREFUQQ==	PHVua25vd24+IENVUkxPUFRfU0VFS0RBVEE=	QU5Z	188	94489281436
68719477711	107374182509	dGhpcw==	dGhpcw==	Tm9kZUxpYmN1cmwuRWFzeSo=	188	111669149805
68719477712	107374182509	dGhpcw==	dGhpcw==	Tm9kZUxpYmN1cmwuRWFzeSo=	190	111669149805
68719477713	107374182509	Q1VSTE9QVF9XUklURUZVTkNUSU9O	PHVua25vd24+IENVUkxPUFRfV1JJVEVGVU5DVElPTg==	QU5Z	190	94489281435
68719477714	107374182509	dGhpcw==	dGhpcw==	Tm9kZUxpYmN1cmwuRWFzeSo=	191	111669149805
68719477715	107374182509	Q1VSTE9QVF9XUklURURBVEE=	PHVua25vd24+IENVUkxPUFRfV1JJVEVEQVRB	QU5Z	191	94489281434
68719477716	107374182509	dGhpcw==	dGhpcw==	Tm9kZUxpYmN1cmwuRWFzeSo=	191	111669149805
68719477717	107374182509	aXNGcm9tRHVwbGljYXRl	aXNGcm9tRHVwbGljYXRl	Ym9vbA==	195	111669149806
68719477718	107374182509	dGhpcw==	dGhpcw==	Tm9kZUxpYmN1cmwuRWFzeSo=	196	111669149805
68719477719	107374182509	Q1VSTE9QVF9DSFVOS19EQVRB	PHVua25vd24+IENVUkxPUFRfQ0hVTktfREFUQQ==	QU5Z	196	94489281433
68719477720	107374182509	dGhpcw==	dGhpcw==	Tm9kZUxpYmN1cmwuRWFzeSo=	196	111669149805
68719477721	107374182509	dGhpcw==	dGhpcw==	Tm9kZUxpYmN1cmwuRWFzeSo=	197	111669149805
68719477722	107374182509	Q1VSTE9QVF9ERUJVR0RBVEE=	PHVua25vd24+IENVUkxPUFRfREVCVUdEQVRB	QU5Z	197	94489281432
68719477723	107374182509	dGhpcw==	dGhpcw==	Tm9kZUxpYmN1cmwuRWFzeSo=	197	111669149805
68719477724	107374182509	dGhpcw==	dGhpcw==	Tm9kZUxpYmN1cmwuRWFzeSo=	198	111669149805
68719477725	107374182509	Q1VSTE9QVF9GTk1BVENIX0RBVEE=	PHVua25vd24+IENVUkxPUFRfRk5NQVRDSF9EQVRB	QU5Z	198	94489281431
68719477726	107374182509	dGhpcw==	dGhpcw==	Tm9kZUxpYmN1cmwuRWFzeSo=	198	111669149805
68719477727	107374182509	dGhpcw==	dGhpcw==	Tm9kZUxpYmN1cmwuRWFzeSo=	199	111669149805
68719477728	107374182509	Q1VSTE9QVF9JTlRFUkxFQVZFREFUQQ==	PHVua25vd24+IENVUkxPUFRfSU5URVJMRUFWRURBVEE=	QU5Z	199	94489281430
68719477729	107374182509	dGhpcw==	dGhpcw==	Tm9kZUxpYmN1cmwuRWFzeSo=	199	111669149805
68719477730	107374182509	dGhpcw==	dGhpcw==	Tm9kZUxpYmN1cmwuRWFzeSo=	200	111669149805
68719477731	107374182509	Q1VSTE9QVF9QUk9HUkVTU0RBVEE=	PHVua25vd24+IENVUkxPUFRfUFJPR1JFU1NEQVRB	QU5Z	200	94489281429
68719477732	107374182509	dGhpcw==	dGhpcw==	Tm9kZUxpYmN1cmwuRWFzeSo=	200	111669149805
68719477733	107374182509	PHRtcD4w	PHRtcD4w	Tm9kZUxpYmN1cmwuRWFzeSo=	232	94489280998
68719477734	107374182509	b3JpZw==	b3JpZw==	Tm9kZUxpYmN1cmwuRWFzeSo=	232	111669149808
68719477735	107374182509	b3B0aW9u	b3B0aW9u	QU5Z	232	94489280999
68719477736	107374182509	PHRtcD4w	PHRtcD4w	QU5Z	232	
68719477737	107374182509	Y2FsbGJhY2s=	Y2FsbGJhY2s=	QU5Z	232	94489281000
68719477738	107374182509	PHRtcD4w	PHRtcD4w	QU5Z	232	
68719477739	107374182509	Y2FsbGJhY2s=	Y2FsbGJhY2s=	QU5Z	233	94489281000
68719477740	107374182509	dGhpcw==	dGhpcw==	Tm9kZUxpYmN1cmwuRWFzeSo=	234	111669149807
68719477741	107374182509	b3B0aW9u	b3B0aW9u	QU5Z	234	94489280999
68719477742	107374182509	Y2FsbGJhY2s=	Y2FsbGJhY2s=	QU5Z	234	94489281000
68719477743	107374182509	b3JpZw==	b3JpZw==	Tm9kZUxpYmN1cmwuRWFzeSo=	238	111669149808
68719477744	107374182509	dGhpcw==	dGhpcw==	Tm9kZUxpYmN1cmwuRWFzeSo=	239	111669149807
68719477745	107374182509	b3JpZw==	b3JpZw==	Tm9kZUxpYmN1cmwuRWFzeSo=	239	111669149808
68719477746	107374182509	dGhpcw==	dGhpcw==	Tm9kZUxpYmN1cmwuRWFzeSo=	241	111669149807
68719477747	107374182509	b3JpZw==	b3JpZw==	Tm9kZUxpYmN1cmwuRWFzeSo=	241	111669149808
68719477748	107374182509	dGhpcw==	dGhpcw==	Tm9kZUxpYmN1cmwuRWFzeSo=	245	111669149807
68719477749	107374182509	b3JpZw==	b3JpZw==	Tm9kZUxpYmN1cmwuRWFzeSo=	245	111669149808
68719477750	107374182509	dGhpcw==	dGhpcw==	Tm9kZUxpYmN1cmwuRWFzeSo=	249	111669149809
68719477751	107374182509	dGhpcw==	dGhpcw==	Tm9kZUxpYmN1cmwuRWFzeSo=	249	111669149809
68719477752	107374182509	ZW52	ZW52	TmFwaS5FbnY=	253	94489281001
68719477753	107374182509	dGhpcw==	dGhpcw==	Tm9kZUxpYmN1cmwuRWFzeSo=	253	111669149809
68719477754	107374182509	c2NvcGU=	c2NvcGU=	TmFwaS5IYW5kbGVTY29wZQ==	254	94489281002
68719477755	107374182509	PHRtcD4w	PHRtcD4w	TmFwaS5IYW5kbGVTY29wZQ==	254	94489281428
68719477756	107374182509	PHRtcD4w	PHRtcD4w	TmFwaS5IYW5kbGVTY29wZQ==	254	94489281428
68719477757	107374182509	ZW52	ZW52	TmFwaS5FbnY=	254	94489281001
68719477758	107374182509	PHRtcD4w	PHRtcD4w	TmFwaS5IYW5kbGVTY29wZQ==	254	94489281428
68719477759	107374182509	ZXJy	ZXJy	TmFwaS5WYWx1ZQ==	256	94489281003
68719477760	107374182509	ZW52	ZW52	TmFwaS5FbnY=	256	94489281001
68719477761	107374182509	c3RhdHVz	c3RhdHVz	aW50	257	111669149810
68719477762	107374182509	ZXJy	ZXJy	TmFwaS5WYWx1ZQ==	258	94489281003
68719477763	107374182509	ZW52	ZW52	TmFwaS5FbnY=	258	94489281001
68719477764	107374182509	dGhpcw==	dGhpcw==	Tm9kZUxpYmN1cmwuRWFzeSo=	261	111669149809
68719477765	107374182509	dGhpcw==	dGhpcw==	Tm9kZUxpYmN1cmwuRWFzeSo=	261	111669149809
68719477766	107374182509	ZXJy	ZXJy	TmFwaS5WYWx1ZQ==	261	94489281003
68719477767	107374182509	ZW52	ZW52	TmFwaS5FbnY=	261	94489281001
68719477768	107374182509	ZXZlbnRz	ZXZlbnRz	aW50	261	111669149811
68719477769	107374182509	dGhpcw==	dGhpcw==	Tm9kZUxpYmN1cmwuRWFzeSo=	262	111669149809
68719477776	107374182509	ZXZlbnRz	ZXZlbnRz	aW50	268	94489281007
68719477777	107374182509	VVZfUkVBREFCTEU=	PHVua25vd24+IFVWX1JFQURBQkxF	QU5Z	268	94489281427
68719477778	107374182509	VVZfV1JJVEFCTEU=	PHVua25vd24+IFVWX1dSSVRBQkxF	QU5Z	268	94489281426
68719477779	107374182509	dGhpcw==	dGhpcw==	Tm9kZUxpYmN1cmwuRWFzeSo=	270	111669149815
68719477780	107374182509	dGhpcw==	dGhpcw==	Tm9kZUxpYmN1cmwuRWFzeSo=	271	111669149815
68719477781	107374182509	Q1VSTEVfQkFEX0ZVTkNUSU9OX0FSR1VNRU5U	PHVua25vd24+IENVUkxFX0JBRF9GVU5DVElPTl9BUkdVTUVOVA==	QU5Z	271	94489281425
68719477782	107374182509	cmV0Q3VybA==	cmV0Q3VybA==	Q1VSTGNvZGU=	285	94489281006
68719477783	107374182509	dGhpcw==	dGhpcw==	Tm9kZUxpYmN1cmwuRWFzeSo=	285	111669149815
68719477784	107374182509	Q1VSTElORk9fTEFTVFNPQ0tFVA==	PHVua25vd24+IENVUkxJTkZPX0xBU1RTT0NLRVQ=	QU5Z	285	94489281424
68719477785	107374182509	c29ja2V0	c29ja2V0	bG9uZw==	285	94489281008
68719477786	107374182509	cmV0Q3VybA==	cmV0Q3VybA==	Q1VSTGNvZGU=	288	94489281006
68719477787	107374182509	Q1VSTEVfT0s=	PHVua25vd24+IENVUkxFX09L	QU5Z	288	94489281423
68719477788	107374182509	dGhpcw==	dGhpcw==	Tm9kZUxpYmN1cmwuRWFzeSo=	289	111669149815
68719477789	107374182509	cmV0Q3VybA==	cmV0Q3VybA==	Q1VSTGNvZGU=	289	94489281006
68719477790	107374182509	dGhpcw==	dGhpcw==	Tm9kZUxpYmN1cmwuRWFzeSo=	292	111669149815
68719477791	107374182509	PHRtcD4w	PHRtcD4w	dXZfcG9sbF90	292	94489281422
68719477792	107374182509	PHRtcD4w	PHRtcD4w	dXZfcG9sbF90	292	94489281422
68719477793	107374182509	PHRtcD4w	PHRtcD4w	dXZfcG9sbF90	292	94489281422
68719477794	107374182509	bG9vcA==	bG9vcA==	dXZfbG9vcF90Kg==	294	94489281009
68719477795	107374182509	bmFwaV9yZXN1bHQ=	bmFwaV9yZXN1bHQ=	QU5Z	295	94489281010
68719477796	107374182509	dGhpcw==	dGhpcw==	Tm9kZUxpYmN1cmwuRWFzeSo=	295	111669149815
68719477797	107374182509	bG9vcA==	bG9vcA==	dXZfbG9vcF90Kg==	295	94489281009
68719477798	107374182509	bmFwaV9yZXN1bHQ=	bmFwaV9yZXN1bHQ=	QU5Z	296	94489281010
68719477799	107374182509	bmFwaV9vaw==	PHVua25vd24+IG5hcGlfb2s=	QU5Z	296	94489281421
68719477800	107374182509	cmV0VXY=	cmV0VXY=	aW50	300	94489281005
68719477801	107374182509	bG9vcA==	bG9vcA==	dXZfbG9vcF90Kg==	300	94489281009
68719477802	107374182509	dGhpcw==	dGhpcw==	Tm9kZUxpYmN1cmwuRWFzeSo=	300	111669149815
68719477803	107374182509	c29ja2V0	c29ja2V0	bG9uZw==	300	94489281008
68719477804	107374182509	cmV0VXY=	cmV0VXY=	aW50	302	94489281005
68719477805	107374182509	ZXJyb3JNc2c=	ZXJyb3JNc2c=	c3RkLnN0cmluZw==	303	94489281011
68719477806	107374182509	dGhpcw==	dGhpcw==	Tm9kZUxpYmN1cmwuRWFzeSo=	306	111669149815
68719477807	107374182509	ZXJyb3JNc2c=	ZXJyb3JNc2c=	c3RkLnN0cmluZw==	306	94489281011
68719477808	107374182509	Q1VSTEVfSU5URVJGQUNFX0ZBSUxFRA==	PHVua25vd24+IENVUkxFX0lOVEVSRkFDRV9GQUlMRUQ=	QU5Z	306	94489281420
68719477809	107374182509	dGhpcw==	dGhpcw==	Tm9kZUxpYmN1cmwuRWFzeSo=	309	111669149815
68719477810	107374182509	dGhpcw==	dGhpcw==	Tm9kZUxpYmN1cmwuRWFzeSo=	309	111669149815
68719477811	107374182509	cmV0VXY=	cmV0VXY=	aW50	311	94489281005
68719477812	107374182509	dGhpcw==	dGhpcw==	Tm9kZUxpYmN1cmwuRWFzeSo=	312	111669149815
68719477813	107374182509	ZXZlbnRz	ZXZlbnRz	aW50	312	94489281007
68719477814	107374182509	dGhpcw==	dGhpcw==	Tm9kZUxpYmN1cmwuRWFzeSo=	317	111669149815
68719477816	107374182509	cmV0VXY=	cmV0VXY=	aW50	322	94489281012
68719477817	107374182509	dGhpcw==	dGhpcw==	Tm9kZUxpYmN1cmwuRWFzeSo=	322	111669149817
68719477818	107374182509	cmV0VXY=	cmV0VXY=	aW50	324	94489281012
68719477819	107374182509	ZXJyb3JNc2c=	ZXJyb3JNc2c=	c3RkLnN0cmluZw==	325	94489281013
68719477820	107374182509	dGhpcw==	dGhpcw==	Tm9kZUxpYmN1cmwuRWFzeSo=	328	111669149817
68719477821	107374182509	ZXJyb3JNc2c=	ZXJyb3JNc2c=	c3RkLnN0cmluZw==	328	94489281013
68719477822	107374182509	Q1VSTEVfSU5URVJGQUNFX0ZBSUxFRA==	PHVua25vd24+IENVUkxFX0lOVEVSRkFDRV9GQUlMRUQ=	QU5Z	328	94489281419
68719477823	107374182509	dGhpcw==	dGhpcw==	Tm9kZUxpYmN1cmwuRWFzeSo=	331	111669149817
68719477824	107374182509	dGhpcw==	dGhpcw==	Tm9kZUxpYmN1cmwuRWFzeSo=	333	111669149817
68719477825	107374182509	c2NvcGU=	c2NvcGU=	TmFwaS5IYW5kbGVTY29wZQ==	337	94489281014
68719477826	107374182509	PHRtcD4w	PHRtcD4w	TmFwaS5IYW5kbGVTY29wZQ==	337	94489281418
68719477827	107374182509	PHRtcD4w	PHRtcD4w	TmFwaS5IYW5kbGVTY29wZQ==	337	94489281418
68719477828	107374182509	dGhpcw==	dGhpcw==	Tm9kZUxpYmN1cmwuRWFzeSo=	337	111669149818
68719477829	107374182509	PHRtcD4w	PHRtcD4w	TmFwaS5IYW5kbGVTY29wZQ==	337	94489281418
68719477830	107374182509	dGhpcw==	dGhpcw==	Tm9kZUxpYmN1cmwuRWFzeSo=	339	111669149818
68719477831	107374182509	dGhpcw==	dGhpcw==	Tm9kZUxpYmN1cmwuRWFzeSo=	340	111669149818
68719477832	107374182509	ZXJyb3I=	ZXJyb3I=	TmFwaS5FcnJvciY=	340	111669149819
68719477833	107374182509	ZXJyb3I=	ZXJyb3I=	TmFwaS5FcnJvciY=	342	111669149819
68719477834	107374182509	ZnVuYw==	ZnVuYw==	TmFwaS5GdW5jdGlvbg==	350	94489281015
68719477835	107374182509	ZW52	ZW52	TmFwaS5FbnY=	351	111669149821
68719477836	107374182509	ZXhwb3J0cw==	ZXhwb3J0cw==	TmFwaS5PYmplY3Q=	378	111669149822
68719477837	107374182509	ZnVuYw==	ZnVuYw==	TmFwaS5GdW5jdGlvbg==	378	94489281015
68719477838	107374182509	ZnVuYw==	ZnVuYw==	TmFwaS5GdW5jdGlvbg==	379	94489281015
68719477839	107374182509	aW5mbw==	aW5mbw==	TmFwaS5DYWxsYmFja0luZm8m	384	111669149824
68719477840	107374182509	dGhpcw==	dGhpcw==	Tm9kZUxpYmN1cmwuRWFzeSo=	384	111669149823
68719477841	107374182509	aW5mbw==	aW5mbw==	TmFwaS5DYWxsYmFja0luZm8m	388	111669149826
68719477842	107374182509	dGhpcw==	dGhpcw==	Tm9kZUxpYmN1cmwuRWFzeSo=	388	111669149825
68719477843	107374182509	aW5mbw==	aW5mbw==	TmFwaS5DYWxsYmFja0luZm8m	392	111669149828
68719477844	107374182509	dGhpcw==	dGhpcw==	Tm9kZUxpYmN1cmwuRWFzeSo=	392	111669149827
68719477845	107374182509	aW5mbw==	aW5mbw==	TmFwaS5DYWxsYmFja0luZm8m	396	111669149830
68719477846	107374182509	dGhpcw==	dGhpcw==	Tm9kZUxpYmN1cmwuRWFzeSo=	396	111669149829
68719477847	107374182509	aW5mbw==	aW5mbw==	TmFwaS5DYWxsYmFja0luZm8m	400	111669149832
68719477848	107374182509	dGhpcw==	dGhpcw==	Tm9kZUxpYmN1cmwuRWFzeSo=	400	111669149831
68719477849	107374182509	aW5mbw==	aW5mbw==	TmFwaS5DYWxsYmFja0luZm8m	404	111669149834
68719477850	107374182509	dGhpcw==	dGhpcw==	Tm9kZUxpYmN1cmwuRWFzeSo=	404	111669149833
68719477851	107374182509	Q1VSTFBBVVNFX1JFQ1Y=	PHVua25vd24+IENVUkxQQVVTRV9SRUNW	QU5Z	404	94489281417
68719477852	107374182509	aW5mbw==	aW5mbw==	TmFwaS5DYWxsYmFja0luZm8m	408	111669149836
68719477853	107374182509	dGhpcw==	dGhpcw==	Tm9kZUxpYmN1cmwuRWFzeSo=	408	111669149835
68719477854	107374182509	Q1VSTFBBVVNFX1NFTkQ=	PHVua25vd24+IENVUkxQQVVTRV9TRU5E	QU5Z	408	94489281416
68719477855	107374182509	ZW52	ZW52	TmFwaS5FbnY=	412	94489281016
68719477856	107374182509	aW5mbw==	aW5mbw==	TmFwaS5DYWxsYmFja0luZm8m	412	111669149838
68719477857	107374182509	c2NvcGU=	c2NvcGU=	TmFwaS5IYW5kbGVTY29wZQ==	413	94489281017
68719477858	107374182509	PHRtcD4w	PHRtcD4w	TmFwaS5IYW5kbGVTY29wZQ==	413	94489281415
68719477859	107374182509	PHRtcD4w	PHRtcD4w	TmFwaS5IYW5kbGVTY29wZQ==	413	94489281415
68719477860	107374182509	ZW52	ZW52	TmFwaS5FbnY=	413	94489281016
68719477861	107374182509	PHRtcD4w	PHRtcD4w	TmFwaS5IYW5kbGVTY29wZQ==	413	94489281415
68719477862	107374182509	aW5mbw==	aW5mbw==	TmFwaS5DYWxsYmFja0luZm8m	415	111669149838
68719477863	107374182509	ZW52	ZW52	TmFwaS5FbnY=	416	94489281016
68719477864	107374182509	ZW52	ZW52	TmFwaS5FbnY=	421	94489281016
68719477865	107374182509	ZW52	ZW52	TmFwaS5FbnY=	426	94489281019
68719477866	107374182509	aW5mbw==	aW5mbw==	TmFwaS5DYWxsYmFja0luZm8m	426	111669149840
68719477867	107374182509	Y3VybA==	Y3VybA==	QU5Z	427	94489281020
68719477868	107374182509	ZW52	ZW52	TmFwaS5FbnY=	427	94489281019
68719477869	107374182509	dGhpcw==	dGhpcw==	Tm9kZUxpYmN1cmwuRWFzeSo=	429	111669149839
68719477870	107374182509	ZW52	ZW52	TmFwaS5FbnY=	430	94489281019
68719477871	107374182509	Q1VSTEVfQkFEX0ZVTkNUSU9OX0FSR1VNRU5U	PHVua25vd24+IENVUkxFX0JBRF9GVU5DVElPTl9BUkdVTUVOVA==	QU5Z	430	94489281405
68719477872	107374182509	aW5mbw==	aW5mbw==	TmFwaS5DYWxsYmFja0luZm8m	433	111669149840
68719477873	107374182509	ZW52	ZW52	TmFwaS5FbnY=	434	94489281019
68719477874	107374182509	b3B0	b3B0	TmFwaS5WYWx1ZQ==	437	94489281021
68719477875	107374182509	aW5mbw==	aW5mbw==	TmFwaS5DYWxsYmFja0luZm8m	437	111669149840
68719477876	107374182509	dmFsdWU=	dmFsdWU=	TmFwaS5WYWx1ZQ==	438	94489281022
68719477877	107374182509	aW5mbw==	aW5mbw==	TmFwaS5DYWxsYmFja0luZm8m	438	111669149840
68719477878	107374182509	c2V0T3B0UmV0Q29kZQ==	c2V0T3B0UmV0Q29kZQ==	Q1VSTGNvZGU=	440	94489281023
68719477879	107374182509	Q1VSTEVfVU5LTk9XTl9PUFRJT04=	PHVua25vd24+IENVUkxFX1VOS05PV05fT1BUSU9O	QU5Z	440	94489281413
68719477880	107374182509	b3B0aW9uSWQ=	b3B0aW9uSWQ=	aW50	447	94489281024
68719477881	107374182509	Y3VybE9wdGlvbk5vdEltcGxlbWVudGVk	PGdsb2JhbD4gY3VybE9wdGlvbk5vdEltcGxlbWVudGVk	QU5Z	447	94489281414
68719477882	107374182509	b3B0	b3B0	TmFwaS5WYWx1ZQ==	447	94489281021
68719477883	107374182509	ZW52	ZW52	TmFwaS5FbnY=	448	94489281019
68719477884	107374182509	Q1VSTEVfVU5LTk9XTl9PUFRJT04=	PHVua25vd24+IENVUkxFX1VOS05PV05fT1BUSU9O	QU5Z	452	94489281413
68719477885	107374182509	b3B0aW9uSWQ=	b3B0aW9uSWQ=	aW50	453	94489281024
68719477886	107374182509	Y3VybE9wdGlvblNwZWNpZmlj	PGdsb2JhbD4gY3VybE9wdGlvblNwZWNpZmlj	QU5Z	453	94489281412
68719477887	107374182509	b3B0	b3B0	TmFwaS5WYWx1ZQ==	453	94489281021
68719477888	107374182509	b3B0aW9uSWQ=	b3B0aW9uSWQ=	aW50	454	94489281024
68719477889	107374182509	Q1VSTE9QVF9TSEFSRQ==	PHVua25vd24+IENVUkxPUFRfU0hBUkU=	QU5Z	455	94489281411
68719477890	107374182509	dmFsdWU=	dmFsdWU=	TmFwaS5WYWx1ZQ==	456	94489281022
68719477891	107374182509	c2V0T3B0UmV0Q29kZQ==	c2V0T3B0UmV0Q29kZQ==	Q1VSTGNvZGU=	457	94489281023
68719477892	107374182509	dGhpcw==	dGhpcw==	Tm9kZUxpYmN1cmwuRWFzeSo=	457	111669149839
68719477893	107374182509	Q1VSTE9QVF9TSEFSRQ==	PHVua25vd24+IENVUkxPUFRfU0hBUkU=	QU5Z	457	94489281411
68719477894	107374182509	TlVMTA==	PHVua25vd24+IE5VTEw=	QU5Z	457	94489281380
68719477895	107374182509	dmFsdWU=	dmFsdWU=	TmFwaS5WYWx1ZQ==	459	94489281022
68719477896	107374182509	dmFsdWU=	dmFsdWU=	TmFwaS5WYWx1ZQ==	460	94489281022
68719477897	107374182509	Y3VybA==	Y3VybA==	QU5Z	460	94489281020
68719477898	107374182509	ZW52	ZW52	TmFwaS5FbnY=	461	94489281019
68719477899	107374182509	c2hhcmU=	c2hhcmU=	Tm9kZUxpYmN1cmwuU2hhcmUq	466	94489281025
68719477900	107374182509	dmFsdWU=	dmFsdWU=	TmFwaS5WYWx1ZQ==	466	94489281022
68719477901	107374182509	c2hhcmU=	c2hhcmU=	Tm9kZUxpYmN1cmwuU2hhcmUq	468	94489281025
68719477902	107374182509	ZW52	ZW52	TmFwaS5FbnY=	469	94489281019
68719477903	107374182509	Q1VSTEVfQkFEX0ZVTkNUSU9OX0FSR1VNRU5U	PHVua25vd24+IENVUkxFX0JBRF9GVU5DVElPTl9BUkdVTUVOVA==	QU5Z	470	94489281405
68719477904	107374182509	c2V0T3B0UmV0Q29kZQ==	c2V0T3B0UmV0Q29kZQ==	Q1VSTGNvZGU=	473	94489281023
68719477905	107374182509	dGhpcw==	dGhpcw==	Tm9kZUxpYmN1cmwuRWFzeSo=	473	111669149839
68719477906	107374182509	Q1VSTE9QVF9TSEFSRQ==	PHVua25vd24+IENVUkxPUFRfU0hBUkU=	QU5Z	473	94489281411
68719477907	107374182509	c2hhcmU=	c2hhcmU=	Tm9kZUxpYmN1cmwuU2hhcmUq	473	94489281025
68719477908	107374182509	b3B0aW9uSWQ=	b3B0aW9uSWQ=	aW50	478	94489281024
68719477909	107374182509	Y3VybE9wdGlvbkxpbmtlZExpc3Q=	PGdsb2JhbD4gY3VybE9wdGlvbkxpbmtlZExpc3Q=	QU5Z	478	94489281410
68719477910	107374182509	b3B0	b3B0	TmFwaS5WYWx1ZQ==	478	94489281021
68719477911	107374182509	dmFsdWU=	dmFsdWU=	TmFwaS5WYWx1ZQ==	479	94489281022
68719477912	107374182509	c2V0T3B0UmV0Q29kZQ==	c2V0T3B0UmV0Q29kZQ==	Q1VSTGNvZGU=	480	94489281023
68719477913	107374182509	dGhpcw==	dGhpcw==	Tm9kZUxpYmN1cmwuRWFzeSo=	480	111669149839
68719477914	107374182509	b3B0aW9uSWQ=	b3B0aW9uSWQ=	aW50	480	94489281024
68719477915	107374182509	TlVMTA==	PHVua25vd24+IE5VTEw=	QU5Z	480	94489281380
68719477916	107374182509	b3B0aW9uSWQ=	b3B0aW9uSWQ=	aW50	482	94489281024
68719477917	107374182509	Q1VSTE9QVF9IVFRQUE9TVA==	PHVua25vd24+IENVUkxPUFRfSFRUUFBPU1Q=	QU5Z	482	94489281404
68719477918	107374182509	aW52YWxpZEFycmF5TXNn	aW52YWxpZEFycmF5TXNn	c3RkLnN0cmluZw==	483	94489281026
68719477919	107374182509	dmFsdWU=	dmFsdWU=	TmFwaS5WYWx1ZQ==	485	94489281022
68719477920	107374182509	ZW52	ZW52	TmFwaS5FbnY=	486	94489281019
68719477921	107374182509	aW52YWxpZEFycmF5TXNn	aW52YWxpZEFycmF5TXNn	c3RkLnN0cmluZw==	486	94489281026
68719477922	107374182509	cm93cw==	cm93cw==	TmFwaS5BcnJheQ==	489	94489281027
68719477923	107374182509	dmFsdWU=	dmFsdWU=	TmFwaS5WYWx1ZQ==	489	94489281022
68719477924	107374182509	aHR0cFBvc3Q=	aHR0cFBvc3Q=	QU5Z	490	94489281028
68719477925	107374182509	aQ==	aQ==	dWludDMyX3Q=	493	94489281029
68719477926	107374182509	bGVu	bGVu	dWludDMyX3Q=	493	94489281030
68719477927	107374182509	cm93cw==	cm93cw==	TmFwaS5BcnJheQ==	493	94489281027
68719477928	107374182509	aQ==	aQ==	dWludDMyX3Q=	493	94489281029
68719477929	107374182509	bGVu	bGVu	dWludDMyX3Q=	493	94489281030
68719477930	107374182509	aQ==	aQ==	dWludDMyX3Q=	493	94489281029
68719477931	107374182509	b2Jq	b2Jq	TmFwaS5WYWx1ZQ==	495	94489281031
68719477932	107374182509	cm93cw==	cm93cw==	TmFwaS5BcnJheQ==	495	94489281027
68719477933	107374182509	aQ==	aQ==	dWludDMyX3Q=	495	94489281029
68719477934	107374182509	b2Jq	b2Jq	TmFwaS5WYWx1ZQ==	497	94489281031
68719477935	107374182509	ZW52	ZW52	TmFwaS5FbnY=	498	94489281019
68719477936	107374182509	aW52YWxpZEFycmF5TXNn	aW52YWxpZEFycmF5TXNn	c3RkLnN0cmluZw==	498	94489281026
68719477937	107374182509	cG9zdERhdGE=	cG9zdERhdGE=	TmFwaS5PYmplY3Q=	501	94489281032
68719477938	107374182509	b2Jq	b2Jq	TmFwaS5WYWx1ZQ==	501	94489281031
68719477939	107374182509	cHJvcHM=	cHJvcHM=	TmFwaS5BcnJheQ==	502	94489281033
68719477940	107374182509	cG9zdERhdGE=	cG9zdERhdGE=	TmFwaS5PYmplY3Q=	502	94489281032
68719477941	107374182509	cG9zdERhdGFMZW5ndGg=	cG9zdERhdGFMZW5ndGg=	dWludDMyX3Q=	503	94489281034
68719477942	107374182509	cHJvcHM=	cHJvcHM=	TmFwaS5BcnJheQ==	503	94489281033
68719477943	107374182509	aGFzRmlsZQ==	aGFzRmlsZQ==	Ym9vbA==	505	94489281035
68719477944	107374182509	aGFzQ29udGVudFR5cGU=	aGFzQ29udGVudFR5cGU=	Ym9vbA==	506	94489281036
68719477945	107374182509	aGFzQ29udGVudA==	aGFzQ29udGVudA==	Ym9vbA==	507	94489281037
68719477946	107374182509	aGFzTmFtZQ==	aGFzTmFtZQ==	Ym9vbA==	508	94489281038
68719477947	107374182509	aGFzTmV3RmlsZU5hbWU=	aGFzTmV3RmlsZU5hbWU=	Ym9vbA==	509	94489281039
68719477948	107374182509	ag==	ag==	dWludDMyX3Q=	512	94489281040
68719477949	107374182509	ag==	ag==	dWludDMyX3Q=	512	94489281040
68719477950	107374182509	cG9zdERhdGFMZW5ndGg=	cG9zdERhdGFMZW5ndGg=	dWludDMyX3Q=	512	94489281034
68719477951	107374182509	ag==	ag==	dWludDMyX3Q=	512	94489281040
68719477952	107374182509	aHR0cFBvc3RJZA==	aHR0cFBvc3RJZA==	aW50MzJfdA==	513	94489281041
68719477953	107374182509	cG9zdERhdGFLZXk=	cG9zdERhdGFLZXk=	TmFwaS5WYWx1ZQ==	515	94489281042
68719477954	107374182509	cHJvcHM=	cHJvcHM=	TmFwaS5BcnJheQ==	515	94489281033
68719477955	107374182509	ag==	ag==	dWludDMyX3Q=	515	94489281040
68719477956	107374182509	cG9zdERhdGFWYWx1ZQ==	cG9zdERhdGFWYWx1ZQ==	TmFwaS5WYWx1ZQ==	516	94489281043
68719477957	107374182509	cG9zdERhdGE=	cG9zdERhdGE=	TmFwaS5PYmplY3Q=	516	94489281032
68719477958	107374182509	cG9zdERhdGFLZXk=	cG9zdERhdGFLZXk=	TmFwaS5WYWx1ZQ==	516	94489281042
68719477959	107374182509	ZmllbGROYW1l	ZmllbGROYW1l	c3RkLnN0cmluZw==	519	94489281044
68719477960	107374182509	cG9zdERhdGFLZXk=	cG9zdERhdGFLZXk=	TmFwaS5WYWx1ZQ==	519	94489281042
68719477961	107374182509	b3B0aW9uTmFtZQ==	b3B0aW9uTmFtZQ==	c3RkLnN0cmluZw==	520	94489281045
68719477962	107374182509	ZmllbGROYW1l	ZmllbGROYW1l	c3RkLnN0cmluZw==	520	94489281044
68719477963	107374182509	b3B0aW9uTmFtZQ==	b3B0aW9uTmFtZQ==	c3RkLnN0cmluZw==	521	94489281045
68719477964	107374182509	b3B0aW9uTmFtZQ==	b3B0aW9uTmFtZQ==	c3RkLnN0cmluZw==	521	94489281045
68719477965	107374182509	b3B0aW9uTmFtZQ==	b3B0aW9uTmFtZQ==	c3RkLnN0cmluZw==	521	94489281045
68719477966	107374182509	PGl0ZXJhdG9yPjA=	PGl0ZXJhdG9yPjA=	c3RkLml0ZXJhdG9y	523	94489281408
68719477967	107374182509	Y3VybE9wdGlvbkh0dHBQb3N0	PGdsb2JhbD4gY3VybE9wdGlvbkh0dHBQb3N0	QU5Z	523	94489281409
68719477968	107374182509	PGl0ZXJhdG9yPjA=	PGl0ZXJhdG9yPjA=	c3RkLml0ZXJhdG9y	523	94489281408
68719477969	107374182509	Y3VybE9wdA==	Y3VybE9wdA==	QU5ZJg==	523	94489281046
68719477970	107374182509	PGl0ZXJhdG9yPjA=	PGl0ZXJhdG9yPjA=	c3RkLml0ZXJhdG9y	523	94489281408
68719477971	107374182509	Y3VybE9wdA==	Y3VybE9wdA==	QU5ZJg==	524	94489281046
68719477972	107374182509	b3B0aW9uTmFtZQ==	b3B0aW9uTmFtZQ==	c3RkLnN0cmluZw==	524	94489281045
68719477973	107374182509	aHR0cFBvc3RJZA==	aHR0cFBvc3RJZA==	aW50MzJfdA==	525	94489281041
68719477974	107374182509	Y3VybE9wdA==	Y3VybE9wdA==	QU5ZJg==	525	94489281046
68719477975	107374182509	aHR0cFBvc3RJZA==	aHR0cFBvc3RJZA==	aW50MzJfdA==	529	94489281041
68719477976	107374182509	Q3VybEh0dHBQb3N0	Q3VybEh0dHBQb3N0	Q3VybEh0dHBQb3N0	530	94489281407
68719477977	107374182509	aGFzRmlsZQ==	aGFzRmlsZQ==	Ym9vbA==	531	94489281035
68719477978	107374182509	Q3VybEh0dHBQb3N0	Q3VybEh0dHBQb3N0	Q3VybEh0dHBQb3N0	533	94489281407
68719477979	107374182509	aGFzQ29udGVudFR5cGU=	aGFzQ29udGVudFR5cGU=	Ym9vbA==	534	94489281036
68719477980	107374182509	Q3VybEh0dHBQb3N0	Q3VybEh0dHBQb3N0	Q3VybEh0dHBQb3N0	536	94489281407
68719477981	107374182509	aGFzQ29udGVudA==	aGFzQ29udGVudA==	Ym9vbA==	537	94489281037
68719477982	107374182509	Q3VybEh0dHBQb3N0	Q3VybEh0dHBQb3N0	Q3VybEh0dHBQb3N0	539	94489281407
68719477983	107374182509	aGFzTmFtZQ==	aGFzTmFtZQ==	Ym9vbA==	540	94489281038
68719477984	107374182509	Q3VybEh0dHBQb3N0	Q3VybEh0dHBQb3N0	Q3VybEh0dHBQb3N0	542	94489281407
68719477985	107374182509	aGFzTmV3RmlsZU5hbWU=	aGFzTmV3RmlsZU5hbWU=	Ym9vbA==	543	94489281039
68719477986	107374182509	ZXJyb3JNc2c=	ZXJyb3JNc2c=	c3RkLnN0cmluZw==	546	94489281047
68719477987	107374182509	b3B0aW9uTmFtZQ==	b3B0aW9uTmFtZQ==	c3RkLnN0cmluZw==	546	94489281045
68719477988	107374182509	ZW52	ZW52	TmFwaS5FbnY=	549	94489281019
68719477989	107374182509	ZXJyb3JNc2c=	ZXJyb3JNc2c=	c3RkLnN0cmluZw==	549	94489281047
68719477990	107374182509	Q1VSTEVfQkFEX0ZVTkNUSU9OX0FSR1VNRU5U	PHVua25vd24+IENVUkxFX0JBRF9GVU5DVElPTl9BUkdVTUVOVA==	QU5Z	549	94489281405
68719477991	107374182509	cG9zdERhdGFWYWx1ZQ==	cG9zdERhdGFWYWx1ZQ==	TmFwaS5WYWx1ZQ==	553	94489281043
68719477992	107374182509	ZXJyb3JNc2c=	ZXJyb3JNc2c=	c3RkLnN0cmluZw==	554	94489281048
68719477993	107374182509	b3B0aW9uTmFtZQ==	b3B0aW9uTmFtZQ==	c3RkLnN0cmluZw==	554	94489281045
68719477994	107374182509	ZW52	ZW52	TmFwaS5FbnY=	555	94489281019
68719477995	107374182509	ZXJyb3JNc2c=	ZXJyb3JNc2c=	c3RkLnN0cmluZw==	555	94489281048
68719477996	107374182509	aGFzTmFtZQ==	aGFzTmFtZQ==	Ym9vbA==	559	94489281038
68719477997	107374182509	ZW52	ZW52	TmFwaS5FbnY=	560	94489281019
68719477998	107374182509	Q1VSTEVfQkFEX0ZVTkNUSU9OX0FSR1VNRU5U	PHVua25vd24+IENVUkxFX0JBRF9GVU5DVElPTl9BUkdVTUVOVA==	QU5Z	560	94489281405
68719477999	107374182509	ZmllbGROYW1l	ZmllbGROYW1l	c3RkLnN0cmluZw==	563	94489281049
68719478000	107374182509	cG9zdERhdGE=	cG9zdERhdGE=	TmFwaS5PYmplY3Q=	563	94489281032
68719478001	107374182509	aGFzRmlsZQ==	aGFzRmlsZQ==	Ym9vbA==	566	94489281035
68719478002	107374182509	ZmlsZQ==	ZmlsZQ==	c3RkLnN0cmluZw==	567	94489281051
68719478003	107374182509	cG9zdERhdGE=	cG9zdERhdGE=	TmFwaS5PYmplY3Q=	567	94489281032
68719478004	107374182509	aGFzQ29udGVudFR5cGU=	aGFzQ29udGVudFR5cGU=	Ym9vbA==	569	94489281036
68719478005	107374182509	Y29udGVudFR5cGU=	Y29udGVudFR5cGU=	c3RkLnN0cmluZw==	570	94489281052
68719478006	107374182509	cG9zdERhdGE=	cG9zdERhdGE=	TmFwaS5PYmplY3Q=	570	94489281032
68719478007	107374182509	aGFzTmV3RmlsZU5hbWU=	aGFzTmV3RmlsZU5hbWU=	Ym9vbA==	572	94489281039
68719478008	107374182509	ZmlsZU5hbWU=	ZmlsZU5hbWU=	c3RkLnN0cmluZw==	573	94489281053
68719478009	107374182509	cG9zdERhdGE=	cG9zdERhdGE=	TmFwaS5PYmplY3Q=	573	94489281032
68719478010	107374182509	Y3VybEZvcm1Db2Rl	Y3VybEZvcm1Db2Rl	Q1VSTEZPUk1jb2Rl	574	94489281050
68719478011	107374182509	aHR0cFBvc3Q=	aHR0cFBvc3Q=	QU5Z	574	94489281028
68719478012	107374182509	ZmllbGROYW1l	ZmllbGROYW1l	c3RkLnN0cmluZw==	574	94489281049
68719478013	107374182509	ZmllbGROYW1l	ZmllbGROYW1l	c3RkLnN0cmluZw==	574	94489281049
68719478014	107374182509	ZmlsZQ==	ZmlsZQ==	c3RkLnN0cmluZw==	574	94489281051
68719478015	107374182509	Y29udGVudFR5cGU=	Y29udGVudFR5cGU=	c3RkLnN0cmluZw==	575	94489281052
68719478016	107374182509	ZmlsZU5hbWU=	ZmlsZU5hbWU=	c3RkLnN0cmluZw==	575	94489281053
68719478017	107374182509	Y3VybEZvcm1Db2Rl	Y3VybEZvcm1Db2Rl	Q1VSTEZPUk1jb2Rl	577	94489281050
68719478018	107374182509	aHR0cFBvc3Q=	aHR0cFBvc3Q=	QU5Z	577	94489281028
68719478019	107374182509	ZmllbGROYW1l	ZmllbGROYW1l	c3RkLnN0cmluZw==	577	94489281049
68719478020	107374182509	ZmllbGROYW1l	ZmllbGROYW1l	c3RkLnN0cmluZw==	577	94489281049
68719478021	107374182509	ZmlsZQ==	ZmlsZQ==	c3RkLnN0cmluZw==	577	94489281051
68719478022	107374182509	Y29udGVudFR5cGU=	Y29udGVudFR5cGU=	c3RkLnN0cmluZw==	578	94489281052
68719478023	107374182509	Y3VybEZvcm1Db2Rl	Y3VybEZvcm1Db2Rl	Q1VSTEZPUk1jb2Rl	581	94489281050
68719478024	107374182509	aHR0cFBvc3Q=	aHR0cFBvc3Q=	QU5Z	581	94489281028
68719478025	107374182509	ZmllbGROYW1l	ZmllbGROYW1l	c3RkLnN0cmluZw==	581	94489281049
68719478026	107374182509	ZmllbGROYW1l	ZmllbGROYW1l	c3RkLnN0cmluZw==	581	94489281049
68719478027	107374182509	ZmlsZQ==	ZmlsZQ==	c3RkLnN0cmluZw==	581	94489281051
68719478028	107374182509	aGFzQ29udGVudA==	aGFzQ29udGVudA==	Ym9vbA==	584	94489281037
68719478029	107374182509	ZmllbGRWYWx1ZQ==	ZmllbGRWYWx1ZQ==	c3RkLnN0cmluZw==	585	94489281054
68719478030	107374182509	cG9zdERhdGE=	cG9zdERhdGE=	TmFwaS5PYmplY3Q=	585	94489281032
68719478031	107374182509	Y3VybEZvcm1Db2Rl	Y3VybEZvcm1Db2Rl	Q1VSTEZPUk1jb2Rl	586	94489281050
68719478032	107374182509	aHR0cFBvc3Q=	aHR0cFBvc3Q=	QU5Z	586	94489281028
68719478033	107374182509	ZmllbGROYW1l	ZmllbGROYW1l	c3RkLnN0cmluZw==	586	94489281049
68719478034	107374182509	ZmllbGROYW1l	ZmllbGROYW1l	c3RkLnN0cmluZw==	586	94489281049
68719478035	107374182509	ZmllbGRWYWx1ZQ==	ZmllbGRWYWx1ZQ==	c3RkLnN0cmluZw==	586	94489281054
68719478036	107374182509	ZmllbGRWYWx1ZQ==	ZmllbGRWYWx1ZQ==	c3RkLnN0cmluZw==	587	94489281054
68719478037	107374182509	ZW52	ZW52	TmFwaS5FbnY=	589	94489281019
68719478038	107374182509	Q1VSTEVfQkFEX0ZVTkNUSU9OX0FSR1VNRU5U	PHVua25vd24+IENVUkxFX0JBRF9GVU5DVElPTl9BUkdVTUVOVA==	QU5Z	589	94489281405
68719478039	107374182509	Y3VybEZvcm1Db2Rl	Y3VybEZvcm1Db2Rl	Q1VSTEZPUk1jb2Rl	592	94489281050
68719478040	107374182509	Q1VSTF9GT1JNQUREX09L	PHVua25vd24+IENVUkxfRk9STUFERF9PSw==	QU5Z	592	94489281406
68719478041	107374182509	ZXJyb3JNc2c=	ZXJyb3JNc2c=	c3RkLnN0cmluZw==	593	94489281055
68719478042	107374182509	ZmllbGROYW1l	ZmllbGROYW1l	c3RkLnN0cmluZw==	593	94489281049
68719478043	107374182509	ZW52	ZW52	TmFwaS5FbnY=	594	94489281019
68719478044	107374182509	ZXJyb3JNc2c=	ZXJyb3JNc2c=	c3RkLnN0cmluZw==	594	94489281055
68719478045	107374182509	Q1VSTEVfQkFEX0ZVTkNUSU9OX0FSR1VNRU5U	PHVua25vd24+IENVUkxFX0JBRF9GVU5DVElPTl9BUkdVTUVOVA==	QU5Z	594	94489281405
68719478046	107374182509	c2V0T3B0UmV0Q29kZQ==	c2V0T3B0UmV0Q29kZQ==	Q1VSTGNvZGU=	598	94489281023
68719478047	107374182509	dGhpcw==	dGhpcw==	Tm9kZUxpYmN1cmwuRWFzeSo=	598	111669149839
68719478048	107374182509	Q1VSTE9QVF9IVFRQUE9TVA==	PHVua25vd24+IENVUkxPUFRfSFRUUFBPU1Q=	QU5Z	598	94489281404
68719478049	107374182509	aHR0cFBvc3Q=	aHR0cFBvc3Q=	QU5Z	598	94489281028
68719478050	107374182509	c2V0T3B0UmV0Q29kZQ==	c2V0T3B0UmV0Q29kZQ==	Q1VSTGNvZGU=	599	94489281023
68719478051	107374182509	Q1VSTEVfT0s=	PHVua25vd24+IENVUkxFX09L	QU5Z	599	94489281375
68719478052	107374182509	dGhpcw==	dGhpcw==	Tm9kZUxpYmN1cmwuRWFzeSo=	600	111669149839
68719478053	107374182509	aHR0cFBvc3Q=	aHR0cFBvc3Q=	QU5Z	600	94489281028
68719478054	107374182509	dmFsdWU=	dmFsdWU=	TmFwaS5WYWx1ZQ==	642	94489281022
68719478055	107374182509	ZW52	ZW52	TmFwaS5FbnY=	643	94489281019
68719478056	107374182509	c2xpc3Q=	c2xpc3Q=	Tm9kZUxpYmN1cmwuY3VybF9zbGlzdCo=	647	94489281056
68719478057	107374182509	TlVMTA==	PHVua25vd24+IE5VTEw=	QU5Z	647	94489281380
68719478058	107374182509	YXJyYXk=	YXJyYXk=	TmFwaS5BcnJheQ==	648	94489281057
68719478059	107374182509	dmFsdWU=	dmFsdWU=	TmFwaS5WYWx1ZQ==	648	94489281022
68719478060	107374182509	aQ==	aQ==	dWludDMyX3Q=	650	94489281058
68719478061	107374182509	bGVu	bGVu	dWludDMyX3Q=	650	94489281059
68719478062	107374182509	YXJyYXk=	YXJyYXk=	TmFwaS5BcnJheQ==	650	94489281057
68719478063	107374182509	aQ==	aQ==	dWludDMyX3Q=	650	94489281058
68719478064	107374182509	bGVu	bGVu	dWludDMyX3Q=	650	94489281059
68719478065	107374182509	aQ==	aQ==	dWludDMyX3Q=	650	94489281058
68719478066	107374182509	aXRlbQ==	aXRlbQ==	c3RkLnN0cmluZw==	651	94489281060
68719478067	107374182509	YXJyYXk=	YXJyYXk=	TmFwaS5BcnJheQ==	651	94489281057
68719478068	107374182509	aQ==	aQ==	dWludDMyX3Q=	651	94489281058
68719478069	107374182509	c2xpc3Q=	c2xpc3Q=	Tm9kZUxpYmN1cmwuY3VybF9zbGlzdCo=	652	94489281056
68719478070	107374182509	c2xpc3Q=	c2xpc3Q=	Tm9kZUxpYmN1cmwuY3VybF9zbGlzdCo=	652	94489281056
68719478071	107374182509	aXRlbQ==	aXRlbQ==	c3RkLnN0cmluZw==	652	94489281060
68719478072	107374182509	c2V0T3B0UmV0Q29kZQ==	c2V0T3B0UmV0Q29kZQ==	Q1VSTGNvZGU=	655	94489281023
68719478073	107374182509	dGhpcw==	dGhpcw==	Tm9kZUxpYmN1cmwuRWFzeSo=	655	111669149839
68719478074	107374182509	b3B0aW9uSWQ=	b3B0aW9uSWQ=	aW50	655	94489281024
68719478075	107374182509	c2xpc3Q=	c2xpc3Q=	Tm9kZUxpYmN1cmwuY3VybF9zbGlzdCo=	655	94489281056
68719478076	107374182509	c2V0T3B0UmV0Q29kZQ==	c2V0T3B0UmV0Q29kZQ==	Q1VSTGNvZGU=	657	94489281023
68719478077	107374182509	Q1VSTEVfT0s=	PHVua25vd24+IENVUkxFX09L	QU5Z	657	94489281375
68719478078	107374182509	dGhpcw==	dGhpcw==	Tm9kZUxpYmN1cmwuRWFzeSo=	658	111669149839
68719478079	107374182509	c2xpc3Q=	c2xpc3Q=	Tm9kZUxpYmN1cmwuY3VybF9zbGlzdCo=	658	94489281056
68719478080	107374182509	b3B0aW9uSWQ=	b3B0aW9uSWQ=	aW50	663	94489281024
68719478081	107374182509	Y3VybE9wdGlvblN0cmluZw==	PGdsb2JhbD4gY3VybE9wdGlvblN0cmluZw==	QU5Z	663	94489281403
68719478082	107374182509	b3B0	b3B0	TmFwaS5WYWx1ZQ==	663	94489281021
68719478083	107374182509	dmFsdWU=	dmFsdWU=	TmFwaS5WYWx1ZQ==	664	94489281022
68719478084	107374182509	c2V0T3B0UmV0Q29kZQ==	c2V0T3B0UmV0Q29kZQ==	Q1VSTGNvZGU=	665	94489281023
68719478085	107374182509	dGhpcw==	dGhpcw==	Tm9kZUxpYmN1cmwuRWFzeSo=	665	111669149839
68719478086	107374182509	b3B0aW9uSWQ=	b3B0aW9uSWQ=	aW50	665	94489281024
68719478087	107374182509	TlVMTA==	PHVua25vd24+IE5VTEw=	QU5Z	665	94489281380
68719478088	107374182509	dmFsdWU=	dmFsdWU=	TmFwaS5WYWx1ZQ==	667	94489281022
68719478089	107374182509	ZW52	ZW52	TmFwaS5FbnY=	668	94489281019
68719478090	107374182509	dmFsdWVTdHI=	dmFsdWVTdHI=	c3RkLnN0cmluZw==	671	94489281061
68719478091	107374182509	dmFsdWU=	dmFsdWU=	TmFwaS5WYWx1ZQ==	671	94489281022
68719478092	107374182509	b3B0aW9uSWQ=	b3B0aW9uSWQ=	aW50	675	94489281024
68719478093	107374182509	Q1VSTE9QVF9QT1NURklFTERT	PHVua25vd24+IENVUkxPUFRfUE9TVEZJRUxEUw==	QU5Z	675	94489281402
68719478094	107374182509	dmFsdWVDaGFy	dmFsdWVDaGFy	c3RkLnZlY3Rvcg==	676	94489281062
68719478095	107374182509	PHRtcD4w	PHRtcD4w	c3RkLnZlY3Rvcg==	676	94489281401
68719478096	107374182509	PHRtcD4w	PHRtcD4w	c3RkLnZlY3Rvcg==	676	94489281401
68719478097	107374182509	dmFsdWVTdHI=	dmFsdWVTdHI=	c3RkLnN0cmluZw==	676	94489281061
68719478098	107374182509	dmFsdWVTdHI=	dmFsdWVTdHI=	c3RkLnN0cmluZw==	676	94489281061
68719478099	107374182509	PHRtcD4w	PHRtcD4w	c3RkLnZlY3Rvcg==	676	94489281401
68719478100	107374182509	dmFsdWVDaGFy	dmFsdWVDaGFy	c3RkLnZlY3Rvcg==	677	94489281062
68719478101	107374182509	c2V0T3B0UmV0Q29kZQ==	c2V0T3B0UmV0Q29kZQ==	Q1VSTGNvZGU=	679	94489281023
68719478102	107374182509	dGhpcw==	dGhpcw==	Tm9kZUxpYmN1cmwuRWFzeSo=	680	111669149839
68719478103	107374182509	b3B0aW9uSWQ=	b3B0aW9uSWQ=	aW50	680	94489281024
68719478104	107374182509	dmFsdWVDaGFy	dmFsdWVDaGFy	c3RkLnZlY3Rvcg==	680	94489281062
68719478105	107374182509	c2V0T3B0UmV0Q29kZQ==	c2V0T3B0UmV0Q29kZQ==	Q1VSTGNvZGU=	682	94489281023
68719478106	107374182509	Q1VSTEVfT0s=	PHVua25vd24+IENVUkxFX09L	QU5Z	682	94489281375
68719478107	107374182509	dGhpcw==	dGhpcw==	Tm9kZUxpYmN1cmwuRWFzeSo=	683	111669149839
68719478108	107374182509	dmFsdWVDaGFy	dmFsdWVDaGFy	c3RkLnZlY3Rvcg==	683	94489281062
68719478109	107374182509	c2V0T3B0UmV0Q29kZQ==	c2V0T3B0UmV0Q29kZQ==	Q1VSTGNvZGU=	687	94489281023
68719478110	107374182509	dGhpcw==	dGhpcw==	Tm9kZUxpYmN1cmwuRWFzeSo=	688	111669149839
68719478111	107374182509	b3B0aW9uSWQ=	b3B0aW9uSWQ=	aW50	688	94489281024
68719478112	107374182509	dmFsdWVTdHI=	dmFsdWVTdHI=	c3RkLnN0cmluZw==	688	94489281061
68719478113	107374182509	b3B0aW9uSWQ=	b3B0aW9uSWQ=	aW50	693	94489281024
68719478114	107374182509	Y3VybE9wdGlvbkludGVnZXI=	PGdsb2JhbD4gY3VybE9wdGlvbkludGVnZXI=	QU5Z	693	94489281400
68719478115	107374182509	b3B0	b3B0	TmFwaS5WYWx1ZQ==	693	94489281021
68719478116	107374182509	dmFsdWVOdW1iZXI=	dmFsdWVOdW1iZXI=	TmFwaS5NYXliZU9yVmFsdWU=	694	94489281063
68719478117	107374182509	dmFsdWU=	dmFsdWU=	TmFwaS5WYWx1ZQ==	694	94489281022
68719478118	107374182509	b3B0aW9uSWQ=	b3B0aW9uSWQ=	aW50	696	94489281024
68719478119	107374182509	Q1VSTE9QVF9CVUZGRVJTSVpF	PHVua25vd24+IENVUkxPUFRfQlVGRkVSU0laRQ==	QU5Z	697	94489281399
68719478120	107374182509	YnVmZmVyU2l6ZQ==	YnVmZmVyU2l6ZQ==	bG9uZ2ludA==	698	94489281064
68719478121	107374182509	dmFsdWVOdW1iZXI=	dmFsdWVOdW1iZXI=	TmFwaS5NYXliZU9yVmFsdWU=	698	94489281063
68719478122	107374182509	a01heEJ1ZmZlclNpemU=	a01heEJ1ZmZlclNpemU=	bG9uZw==	703	94489281065
68719478123	107374182509	a01pbkJ1ZmZlclNpemU=	a01pbkJ1ZmZlclNpemU=	bG9uZw==	705	94489281066
68719478124	107374182509	YnVmZmVyU2l6ZQ==	YnVmZmVyU2l6ZQ==	bG9uZ2ludA==	706	94489281064
68719478125	107374182509	a01pbkJ1ZmZlclNpemU=	a01pbkJ1ZmZlclNpemU=	bG9uZw==	706	94489281066
68719478126	107374182509	YnVmZmVyU2l6ZQ==	YnVmZmVyU2l6ZQ==	bG9uZ2ludA==	706	94489281064
68719478127	107374182509	a01heEJ1ZmZlclNpemU=	a01heEJ1ZmZlclNpemU=	bG9uZw==	706	94489281065
68719478128	107374182509	ZXJyTXNn	ZXJyTXNn	c3RkLnN0cmluZw==	707	94489281067
68719478129	107374182509	a01pbkJ1ZmZlclNpemU=	a01pbkJ1ZmZlclNpemU=	bG9uZw==	707	94489281066
68719478130	107374182509	ZW52	ZW52	TmFwaS5FbnY=	713	94489281019
68719478131	107374182509	ZXJyTXNn	ZXJyTXNn	c3RkLnN0cmluZw==	713	94489281067
68719478132	107374182509	c2V0T3B0UmV0Q29kZQ==	c2V0T3B0UmV0Q29kZQ==	Q1VSTGNvZGU=	715	94489281023
68719478133	107374182509	dGhpcw==	dGhpcw==	Tm9kZUxpYmN1cmwuRWFzeSo=	715	111669149839
68719478134	107374182509	Q1VSTE9QVF9CVUZGRVJTSVpF	PHVua25vd24+IENVUkxPUFRfQlVGRkVSU0laRQ==	QU5Z	715	94489281399
68719478135	107374182509	YnVmZmVyU2l6ZQ==	YnVmZmVyU2l6ZQ==	bG9uZ2ludA==	715	94489281064
68719478136	107374182509	Q1VSTE9QVF9JTkZJTEVTSVpFX0xBUkdF	PHVua25vd24+IENVUkxPUFRfSU5GSUxFU0laRV9MQVJHRQ==	QU5Z	718	94489281398
68719478137	107374182509	Q1VSTE9QVF9NQVhGSUxFU0laRV9MQVJHRQ==	PHVua25vd24+IENVUkxPUFRfTUFYRklMRVNJWkVfTEFSR0U=	QU5Z	719	94489281397
68719478138	107374182509	Q1VSTE9QVF9NQVhfUkVDVl9TUEVFRF9MQVJHRQ==	PHVua25vd24+IENVUkxPUFRfTUFYX1JFQ1ZfU1BFRURfTEFSR0U=	QU5Z	720	94489281396
68719478139	107374182509	Q1VSTE9QVF9NQVhfU0VORF9TUEVFRF9MQVJHRQ==	PHVua25vd24+IENVUkxPUFRfTUFYX1NFTkRfU1BFRURfTEFSR0U=	QU5Z	721	94489281395
68719478140	107374182509	Q1VSTE9QVF9QT1NURklFTERTSVpFX0xBUkdF	PHVua25vd24+IENVUkxPUFRfUE9TVEZJRUxEU0laRV9MQVJHRQ==	QU5Z	722	94489281394
68719478141	107374182509	Q1VSTE9QVF9SRVNVTUVfRlJPTV9MQVJHRQ==	PHVua25vd24+IENVUkxPUFRfUkVTVU1FX0ZST01fTEFSR0U=	QU5Z	723	94489281393
68719478142	107374182509	c2V0T3B0UmV0Q29kZQ==	c2V0T3B0UmV0Q29kZQ==	Q1VSTGNvZGU=	724	94489281023
68719478143	107374182509	dGhpcw==	dGhpcw==	Tm9kZUxpYmN1cmwuRWFzeSo=	724	111669149839
68719478144	107374182509	b3B0aW9uSWQ=	b3B0aW9uSWQ=	aW50	724	94489281024
68719478145	107374182509	dmFsdWVOdW1iZXI=	dmFsdWVOdW1iZXI=	TmFwaS5NYXliZU9yVmFsdWU=	725	94489281063
68719478146	107374182509	Q1VSTE9QVF9SRUFEREFUQQ==	PHVua25vd24+IENVUkxPUFRfUkVBRERBVEE=	QU5Z	729	94489281392
68719478147	107374182509	dGhpcw==	dGhpcw==	Tm9kZUxpYmN1cmwuRWFzeSo=	730	111669149839
68719478148	107374182509	dmFsdWVOdW1iZXI=	dmFsdWVOdW1iZXI=	TmFwaS5NYXliZU9yVmFsdWU=	730	94489281063
68719478149	107374182509	c2V0T3B0UmV0Q29kZQ==	c2V0T3B0UmV0Q29kZQ==	Q1VSTGNvZGU=	731	94489281023
68719478150	107374182509	Q1VSTEVfT0s=	PHVua25vd24+IENVUkxFX09L	QU5Z	731	94489281375
68719478151	107374182509	c2V0T3B0UmV0Q29kZQ==	c2V0T3B0UmV0Q29kZQ==	Q1VSTGNvZGU=	734	94489281023
68719478152	107374182509	dGhpcw==	dGhpcw==	Tm9kZUxpYmN1cmwuRWFzeSo=	734	111669149839
68719478153	107374182509	b3B0aW9uSWQ=	b3B0aW9uSWQ=	aW50	734	94489281024
68719478154	107374182509	dmFsdWVOdW1iZXI=	dmFsdWVOdW1iZXI=	TmFwaS5NYXliZU9yVmFsdWU=	735	94489281063
68719478155	107374182509	b3B0aW9uSWQ=	b3B0aW9uSWQ=	aW50	740	94489281024
68719478156	107374182509	Y3VybE9wdGlvbkZ1bmN0aW9u	PGdsb2JhbD4gY3VybE9wdGlvbkZ1bmN0aW9u	QU5Z	740	94489281391
68719478157	107374182509	b3B0	b3B0	TmFwaS5WYWx1ZQ==	740	94489281021
68719478158	107374182509	aXNOdWxs	aXNOdWxs	Ym9vbA==	741	94489281068
68719478159	107374182509	dmFsdWU=	dmFsdWU=	TmFwaS5WYWx1ZQ==	741	94489281022
68719478160	107374182509	dmFsdWU=	dmFsdWU=	TmFwaS5WYWx1ZQ==	743	94489281022
68719478161	107374182509	aXNOdWxs	aXNOdWxs	Ym9vbA==	743	94489281068
68719478162	107374182509	ZW52	ZW52	TmFwaS5FbnY=	744	94489281019
68719478163	107374182509	b3B0aW9uSWQ=	b3B0aW9uSWQ=	aW50	747	94489281024
68719478164	107374182509	Q1VSTE9QVF9DSFVOS19CR05fRlVOQ1RJT04=	PHVua25vd24+IENVUkxPUFRfQ0hVTktfQkdOX0ZVTkNUSU9O	QU5Z	748	94489281390
68719478165	107374182509	aXNOdWxs	aXNOdWxs	Ym9vbA==	749	94489281068
68719478166	107374182509	dGhpcw==	dGhpcw==	Tm9kZUxpYmN1cmwuRWFzeSo=	751	111669149839
68719478167	107374182509	Q1VSTE9QVF9DSFVOS19FTkRfRlVOQ1RJT04=	PHVua25vd24+IENVUkxPUFRfQ0hVTktfRU5EX0ZVTkNUSU9O	QU5Z	751	94489281388
68719478168	107374182509	dGhpcw==	dGhpcw==	Tm9kZUxpYmN1cmwuRWFzeSo=	752	111669149839
68719478169	107374182509	Q1VSTE9QVF9DSFVOS19EQVRB	PHVua25vd24+IENVUkxPUFRfQ0hVTktfREFUQQ==	QU5Z	752	94489281389
68719478170	107374182509	TlVMTA==	PHVua25vd24+IE5VTEw=	QU5Z	752	94489281380
68719478171	107374182509	dGhpcw==	dGhpcw==	Tm9kZUxpYmN1cmwuRWFzeSo=	754	111669149839
68719478172	107374182509	Q1VSTE9QVF9DSFVOS19CR05fRlVOQ1RJT04=	PHVua25vd24+IENVUkxPUFRfQ0hVTktfQkdOX0ZVTkNUSU9O	QU5Z	754	94489281390
68719478173	107374182509	c2V0T3B0UmV0Q29kZQ==	c2V0T3B0UmV0Q29kZQ==	Q1VSTGNvZGU=	755	94489281023
68719478174	107374182509	dGhpcw==	dGhpcw==	Tm9kZUxpYmN1cmwuRWFzeSo=	755	111669149839
68719478175	107374182509	Q1VSTE9QVF9DSFVOS19CR05fRlVOQ1RJT04=	PHVua25vd24+IENVUkxPUFRfQ0hVTktfQkdOX0ZVTkNUSU9O	QU5Z	755	94489281390
68719478176	107374182509	TlVMTA==	PHVua25vd24+IE5VTEw=	QU5Z	755	94489281380
68719478177	107374182509	dGhpcw==	dGhpcw==	Tm9kZUxpYmN1cmwuRWFzeSo=	759	111669149839
68719478178	107374182509	Q1VSTE9QVF9DSFVOS19CR05fRlVOQ1RJT04=	PHVua25vd24+IENVUkxPUFRfQ0hVTktfQkdOX0ZVTkNUSU9O	QU5Z	759	94489281390
68719478179	107374182509	dmFsdWU=	dmFsdWU=	TmFwaS5WYWx1ZQ==	760	94489281022
68719478180	107374182509	dGhpcw==	dGhpcw==	Tm9kZUxpYmN1cmwuRWFzeSo=	761	111669149839
68719478181	107374182509	Q1VSTE9QVF9DSFVOS19EQVRB	PHVua25vd24+IENVUkxPUFRfQ0hVTktfREFUQQ==	QU5Z	761	94489281389
68719478182	107374182509	dGhpcw==	dGhpcw==	Tm9kZUxpYmN1cmwuRWFzeSo=	761	111669149839
68719478183	107374182509	c2V0T3B0UmV0Q29kZQ==	c2V0T3B0UmV0Q29kZQ==	Q1VSTGNvZGU=	762	94489281023
68719478184	107374182509	dGhpcw==	dGhpcw==	Tm9kZUxpYmN1cmwuRWFzeSo=	762	111669149839
68719478185	107374182509	Q1VSTE9QVF9DSFVOS19CR05fRlVOQ1RJT04=	PHVua25vd24+IENVUkxPUFRfQ0hVTktfQkdOX0ZVTkNUSU9O	QU5Z	762	94489281390
68719478186	107374182509	Q1VSTE9QVF9DSFVOS19FTkRfRlVOQ1RJT04=	PHVua25vd24+IENVUkxPUFRfQ0hVTktfRU5EX0ZVTkNUSU9O	QU5Z	765	94489281388
68719478187	107374182509	aXNOdWxs	aXNOdWxs	Ym9vbA==	766	94489281068
68719478188	107374182509	dGhpcw==	dGhpcw==	Tm9kZUxpYmN1cmwuRWFzeSo=	768	111669149839
68719478189	107374182509	Q1VSTE9QVF9DSFVOS19CR05fRlVOQ1RJT04=	PHVua25vd24+IENVUkxPUFRfQ0hVTktfQkdOX0ZVTkNUSU9O	QU5Z	768	94489281390
68719478190	107374182509	dGhpcw==	dGhpcw==	Tm9kZUxpYmN1cmwuRWFzeSo=	769	111669149839
68719478191	107374182509	Q1VSTE9QVF9DSFVOS19EQVRB	PHVua25vd24+IENVUkxPUFRfQ0hVTktfREFUQQ==	QU5Z	769	94489281389
68719478192	107374182509	TlVMTA==	PHVua25vd24+IE5VTEw=	QU5Z	769	94489281380
68719478193	107374182509	dGhpcw==	dGhpcw==	Tm9kZUxpYmN1cmwuRWFzeSo=	771	111669149839
68719478194	107374182509	Q1VSTE9QVF9DSFVOS19FTkRfRlVOQ1RJT04=	PHVua25vd24+IENVUkxPUFRfQ0hVTktfRU5EX0ZVTkNUSU9O	QU5Z	771	94489281388
68719478195	107374182509	c2V0T3B0UmV0Q29kZQ==	c2V0T3B0UmV0Q29kZQ==	Q1VSTGNvZGU=	772	94489281023
68719478196	107374182509	dGhpcw==	dGhpcw==	Tm9kZUxpYmN1cmwuRWFzeSo=	772	111669149839
68719478197	107374182509	Q1VSTE9QVF9DSFVOS19FTkRfRlVOQ1RJT04=	PHVua25vd24+IENVUkxPUFRfQ0hVTktfRU5EX0ZVTkNUSU9O	QU5Z	772	94489281388
68719478198	107374182509	TlVMTA==	PHVua25vd24+IE5VTEw=	QU5Z	772	94489281380
68719478199	107374182509	dGhpcw==	dGhpcw==	Tm9kZUxpYmN1cmwuRWFzeSo=	774	111669149839
68719478200	107374182509	Q1VSTE9QVF9DSFVOS19FTkRfRlVOQ1RJT04=	PHVua25vd24+IENVUkxPUFRfQ0hVTktfRU5EX0ZVTkNUSU9O	QU5Z	774	94489281388
68719478201	107374182509	dmFsdWU=	dmFsdWU=	TmFwaS5WYWx1ZQ==	775	94489281022
68719478202	107374182509	dGhpcw==	dGhpcw==	Tm9kZUxpYmN1cmwuRWFzeSo=	776	111669149839
68719478203	107374182509	Q1VSTE9QVF9DSFVOS19EQVRB	PHVua25vd24+IENVUkxPUFRfQ0hVTktfREFUQQ==	QU5Z	776	94489281389
68719478204	107374182509	dGhpcw==	dGhpcw==	Tm9kZUxpYmN1cmwuRWFzeSo=	776	111669149839
68719478205	107374182509	c2V0T3B0UmV0Q29kZQ==	c2V0T3B0UmV0Q29kZQ==	Q1VSTGNvZGU=	777	94489281023
68719478206	107374182509	dGhpcw==	dGhpcw==	Tm9kZUxpYmN1cmwuRWFzeSo=	777	111669149839
68719478207	107374182509	Q1VSTE9QVF9DSFVOS19FTkRfRlVOQ1RJT04=	PHVua25vd24+IENVUkxPUFRfQ0hVTktfRU5EX0ZVTkNUSU9O	QU5Z	777	94489281388
68719478208	107374182509	Q1VSTE9QVF9ERUJVR0ZVTkNUSU9O	PHVua25vd24+IENVUkxPUFRfREVCVUdGVU5DVElPTg==	QU5Z	780	94489281386
68719478209	107374182509	aXNOdWxs	aXNOdWxs	Ym9vbA==	781	94489281068
68719478210	107374182509	dGhpcw==	dGhpcw==	Tm9kZUxpYmN1cmwuRWFzeSo=	782	111669149839
68719478211	107374182509	Q1VSTE9QVF9ERUJVR0ZVTkNUSU9O	PHVua25vd24+IENVUkxPUFRfREVCVUdGVU5DVElPTg==	QU5Z	782	94489281386
68719478212	107374182509	dGhpcw==	dGhpcw==	Tm9kZUxpYmN1cmwuRWFzeSo=	783	111669149839
68719478213	107374182509	Q1VSTE9QVF9ERUJVR0RBVEE=	PHVua25vd24+IENVUkxPUFRfREVCVUdEQVRB	QU5Z	783	94489281387
68719478214	107374182509	TlVMTA==	PHVua25vd24+IE5VTEw=	QU5Z	783	94489281380
68719478215	107374182509	c2V0T3B0UmV0Q29kZQ==	c2V0T3B0UmV0Q29kZQ==	Q1VSTGNvZGU=	784	94489281023
68719478216	107374182509	dGhpcw==	dGhpcw==	Tm9kZUxpYmN1cmwuRWFzeSo=	784	111669149839
68719478217	107374182509	Q1VSTE9QVF9ERUJVR0ZVTkNUSU9O	PHVua25vd24+IENVUkxPUFRfREVCVUdGVU5DVElPTg==	QU5Z	784	94489281386
68719478218	107374182509	TlVMTA==	PHVua25vd24+IE5VTEw=	QU5Z	784	94489281380
68719478219	107374182509	dGhpcw==	dGhpcw==	Tm9kZUxpYmN1cmwuRWFzeSo=	786	111669149839
68719478220	107374182509	Q1VSTE9QVF9ERUJVR0ZVTkNUSU9O	PHVua25vd24+IENVUkxPUFRfREVCVUdGVU5DVElPTg==	QU5Z	786	94489281386
68719478221	107374182509	dmFsdWU=	dmFsdWU=	TmFwaS5WYWx1ZQ==	786	94489281022
68719478222	107374182509	dGhpcw==	dGhpcw==	Tm9kZUxpYmN1cmwuRWFzeSo=	787	111669149839
68719478223	107374182509	Q1VSTE9QVF9ERUJVR0RBVEE=	PHVua25vd24+IENVUkxPUFRfREVCVUdEQVRB	QU5Z	787	94489281387
68719478224	107374182509	dGhpcw==	dGhpcw==	Tm9kZUxpYmN1cmwuRWFzeSo=	787	111669149839
68719478225	107374182509	c2V0T3B0UmV0Q29kZQ==	c2V0T3B0UmV0Q29kZQ==	Q1VSTGNvZGU=	788	94489281023
68719478226	107374182509	dGhpcw==	dGhpcw==	Tm9kZUxpYmN1cmwuRWFzeSo=	788	111669149839
68719478227	107374182509	Q1VSTE9QVF9ERUJVR0ZVTkNUSU9O	PHVua25vd24+IENVUkxPUFRfREVCVUdGVU5DVElPTg==	QU5Z	788	94489281386
68719478228	107374182509	Q1VSTE9QVF9GTk1BVENIX0ZVTkNUSU9O	PHVua25vd24+IENVUkxPUFRfRk5NQVRDSF9GVU5DVElPTg==	QU5Z	791	94489281384
68719478229	107374182509	aXNOdWxs	aXNOdWxs	Ym9vbA==	792	94489281068
68719478230	107374182509	dGhpcw==	dGhpcw==	Tm9kZUxpYmN1cmwuRWFzeSo=	793	111669149839
68719478231	107374182509	Q1VSTE9QVF9GTk1BVENIX0ZVTkNUSU9O	PHVua25vd24+IENVUkxPUFRfRk5NQVRDSF9GVU5DVElPTg==	QU5Z	793	94489281384
68719478232	107374182509	dGhpcw==	dGhpcw==	Tm9kZUxpYmN1cmwuRWFzeSo=	794	111669149839
68719478233	107374182509	Q1VSTE9QVF9GTk1BVENIX0RBVEE=	PHVua25vd24+IENVUkxPUFRfRk5NQVRDSF9EQVRB	QU5Z	794	94489281385
68719478234	107374182509	TlVMTA==	PHVua25vd24+IE5VTEw=	QU5Z	794	94489281380
68719478235	107374182509	c2V0T3B0UmV0Q29kZQ==	c2V0T3B0UmV0Q29kZQ==	Q1VSTGNvZGU=	795	94489281023
68719478236	107374182509	dGhpcw==	dGhpcw==	Tm9kZUxpYmN1cmwuRWFzeSo=	795	111669149839
68719478237	107374182509	Q1VSTE9QVF9GTk1BVENIX0ZVTkNUSU9O	PHVua25vd24+IENVUkxPUFRfRk5NQVRDSF9GVU5DVElPTg==	QU5Z	795	94489281384
68719478238	107374182509	TlVMTA==	PHVua25vd24+IE5VTEw=	QU5Z	795	94489281380
68719478239	107374182509	dGhpcw==	dGhpcw==	Tm9kZUxpYmN1cmwuRWFzeSo=	797	111669149839
68719478240	107374182509	Q1VSTE9QVF9GTk1BVENIX0ZVTkNUSU9O	PHVua25vd24+IENVUkxPUFRfRk5NQVRDSF9GVU5DVElPTg==	QU5Z	797	94489281384
68719478241	107374182509	dmFsdWU=	dmFsdWU=	TmFwaS5WYWx1ZQ==	797	94489281022
68719478242	107374182509	dGhpcw==	dGhpcw==	Tm9kZUxpYmN1cmwuRWFzeSo=	798	111669149839
68719478243	107374182509	Q1VSTE9QVF9GTk1BVENIX0RBVEE=	PHVua25vd24+IENVUkxPUFRfRk5NQVRDSF9EQVRB	QU5Z	798	94489281385
68719478244	107374182509	dGhpcw==	dGhpcw==	Tm9kZUxpYmN1cmwuRWFzeSo=	798	111669149839
68719478245	107374182509	c2V0T3B0UmV0Q29kZQ==	c2V0T3B0UmV0Q29kZQ==	Q1VSTGNvZGU=	799	94489281023
68719478246	107374182509	dGhpcw==	dGhpcw==	Tm9kZUxpYmN1cmwuRWFzeSo=	799	111669149839
68719478247	107374182509	Q1VSTE9QVF9GTk1BVENIX0ZVTkNUSU9O	PHVua25vd24+IENVUkxPUFRfRk5NQVRDSF9GVU5DVElPTg==	QU5Z	799	94489281384
68719478248	107374182509	Q1VSTE9QVF9IRUFERVJGVU5DVElPTg==	PHVua25vd24+IENVUkxPUFRfSEVBREVSRlVOQ1RJT04=	QU5Z	802	94489281383
68719478249	107374182509	c2V0T3B0UmV0Q29kZQ==	c2V0T3B0UmV0Q29kZQ==	Q1VSTGNvZGU=	803	94489281023
68719478250	107374182509	Q1VSTEVfT0s=	PHVua25vd24+IENVUkxFX09L	QU5Z	803	94489281375
68719478251	107374182509	aXNOdWxs	aXNOdWxs	Ym9vbA==	804	94489281068
68719478252	107374182509	dGhpcw==	dGhpcw==	Tm9kZUxpYmN1cmwuRWFzeSo=	805	111669149839
68719478253	107374182509	Q1VSTE9QVF9IRUFERVJGVU5DVElPTg==	PHVua25vd24+IENVUkxPUFRfSEVBREVSRlVOQ1RJT04=	QU5Z	805	94489281383
68719478254	107374182509	dGhpcw==	dGhpcw==	Tm9kZUxpYmN1cmwuRWFzeSo=	807	111669149839
68719478255	107374182509	Q1VSTE9QVF9IRUFERVJGVU5DVElPTg==	PHVua25vd24+IENVUkxPUFRfSEVBREVSRlVOQ1RJT04=	QU5Z	807	94489281383
68719478256	107374182509	dmFsdWU=	dmFsdWU=	TmFwaS5WYWx1ZQ==	807	94489281022
68719478257	107374182509	Q1VSTE9QVF9JTlRFUkxFQVZFRlVOQ1RJT04=	PHVua25vd24+IENVUkxPUFRfSU5URVJMRUFWRUZVTkNUSU9O	QU5Z	834	94489281381
68719478258	107374182509	aXNOdWxs	aXNOdWxs	Ym9vbA==	835	94489281068
68719478259	107374182509	dGhpcw==	dGhpcw==	Tm9kZUxpYmN1cmwuRWFzeSo=	836	111669149839
68719478260	107374182509	Q1VSTE9QVF9JTlRFUkxFQVZFRlVOQ1RJT04=	PHVua25vd24+IENVUkxPUFRfSU5URVJMRUFWRUZVTkNUSU9O	QU5Z	836	94489281381
68719478261	107374182509	dGhpcw==	dGhpcw==	Tm9kZUxpYmN1cmwuRWFzeSo=	837	111669149839
68719478262	107374182509	Q1VSTE9QVF9JTlRFUkxFQVZFREFUQQ==	PHVua25vd24+IENVUkxPUFRfSU5URVJMRUFWRURBVEE=	QU5Z	837	94489281382
68719478263	107374182509	TlVMTA==	PHVua25vd24+IE5VTEw=	QU5Z	837	94489281380
68719478264	107374182509	c2V0T3B0UmV0Q29kZQ==	c2V0T3B0UmV0Q29kZQ==	Q1VSTGNvZGU=	838	94489281023
68719478265	107374182509	dGhpcw==	dGhpcw==	Tm9kZUxpYmN1cmwuRWFzeSo=	838	111669149839
68719478266	107374182509	Q1VSTE9QVF9JTlRFUkxFQVZFRlVOQ1RJT04=	PHVua25vd24+IENVUkxPUFRfSU5URVJMRUFWRUZVTkNUSU9O	QU5Z	838	94489281381
68719478267	107374182509	TlVMTA==	PHVua25vd24+IE5VTEw=	QU5Z	838	94489281380
68719478268	107374182509	dGhpcw==	dGhpcw==	Tm9kZUxpYmN1cmwuRWFzeSo=	840	111669149839
68719478269	107374182509	Q1VSTE9QVF9JTlRFUkxFQVZFRlVOQ1RJT04=	PHVua25vd24+IENVUkxPUFRfSU5URVJMRUFWRUZVTkNUSU9O	QU5Z	840	94489281381
68719478270	107374182509	dmFsdWU=	dmFsdWU=	TmFwaS5WYWx1ZQ==	841	94489281022
68719478271	107374182509	dGhpcw==	dGhpcw==	Tm9kZUxpYmN1cmwuRWFzeSo=	842	111669149839
68719478272	107374182509	Q1VSTE9QVF9JTlRFUkxFQVZFREFUQQ==	PHVua25vd24+IENVUkxPUFRfSU5URVJMRUFWRURBVEE=	QU5Z	842	94489281382
68719478273	107374182509	dGhpcw==	dGhpcw==	Tm9kZUxpYmN1cmwuRWFzeSo=	842	111669149839
68719478274	107374182509	c2V0T3B0UmV0Q29kZQ==	c2V0T3B0UmV0Q29kZQ==	Q1VSTGNvZGU=	843	94489281023
68719478275	107374182509	dGhpcw==	dGhpcw==	Tm9kZUxpYmN1cmwuRWFzeSo=	844	111669149839
68719478276	107374182509	Q1VSTE9QVF9JTlRFUkxFQVZFRlVOQ1RJT04=	PHVua25vd24+IENVUkxPUFRfSU5URVJMRUFWRUZVTkNUSU9O	QU5Z	844	94489281381
68719478277	107374182509	Q1VSTE9QVF9QUk9HUkVTU0ZVTkNUSU9O	PHVua25vd24+IENVUkxPUFRfUFJPR1JFU1NGVU5DVElPTg==	QU5Z	860	94489281378
68719478278	107374182509	aXNOdWxs	aXNOdWxs	Ym9vbA==	861	94489281068
68719478279	107374182509	dGhpcw==	dGhpcw==	Tm9kZUxpYmN1cmwuRWFzeSo=	862	111669149839
68719478280	107374182509	Q1VSTE9QVF9QUk9HUkVTU0ZVTkNUSU9O	PHVua25vd24+IENVUkxPUFRfUFJPR1JFU1NGVU5DVElPTg==	QU5Z	862	94489281378
68719478281	107374182509	dGhpcw==	dGhpcw==	Tm9kZUxpYmN1cmwuRWFzeSo=	863	111669149839
68719478282	107374182509	Q1VSTE9QVF9QUk9HUkVTU0RBVEE=	PHVua25vd24+IENVUkxPUFRfUFJPR1JFU1NEQVRB	QU5Z	863	94489281379
68719478283	107374182509	TlVMTA==	PHVua25vd24+IE5VTEw=	QU5Z	863	94489281380
68719478284	107374182509	c2V0T3B0UmV0Q29kZQ==	c2V0T3B0UmV0Q29kZQ==	Q1VSTGNvZGU=	864	94489281023
68719478285	107374182509	dGhpcw==	dGhpcw==	Tm9kZUxpYmN1cmwuRWFzeSo=	864	111669149839
68719478286	107374182509	Q1VSTE9QVF9QUk9HUkVTU0ZVTkNUSU9O	PHVua25vd24+IENVUkxPUFRfUFJPR1JFU1NGVU5DVElPTg==	QU5Z	864	94489281378
68719478287	107374182509	TlVMTA==	PHVua25vd24+IE5VTEw=	QU5Z	864	94489281380
68719478288	107374182509	dGhpcw==	dGhpcw==	Tm9kZUxpYmN1cmwuRWFzeSo=	866	111669149839
68719478289	107374182509	Q1VSTE9QVF9QUk9HUkVTU0ZVTkNUSU9O	PHVua25vd24+IENVUkxPUFRfUFJPR1JFU1NGVU5DVElPTg==	QU5Z	866	94489281378
68719478290	107374182509	dmFsdWU=	dmFsdWU=	TmFwaS5WYWx1ZQ==	866	94489281022
68719478291	107374182509	dGhpcw==	dGhpcw==	Tm9kZUxpYmN1cmwuRWFzeSo=	867	111669149839
68719478292	107374182509	Q1VSTE9QVF9QUk9HUkVTU0RBVEE=	PHVua25vd24+IENVUkxPUFRfUFJPR1JFU1NEQVRB	QU5Z	867	94489281379
68719478293	107374182509	dGhpcw==	dGhpcw==	Tm9kZUxpYmN1cmwuRWFzeSo=	867	111669149839
68719478294	107374182509	c2V0T3B0UmV0Q29kZQ==	c2V0T3B0UmV0Q29kZQ==	Q1VSTGNvZGU=	868	94489281023
68719478295	107374182509	dGhpcw==	dGhpcw==	Tm9kZUxpYmN1cmwuRWFzeSo=	868	111669149839
68719478296	107374182509	Q1VSTE9QVF9QUk9HUkVTU0ZVTkNUSU9O	PHVua25vd24+IENVUkxPUFRfUFJPR1JFU1NGVU5DVElPTg==	QU5Z	868	94489281378
68719478297	107374182509	Q1VSTE9QVF9SRUFERlVOQ1RJT04=	PHVua25vd24+IENVUkxPUFRfUkVBREZVTkNUSU9O	QU5Z	871	94489281377
68719478298	107374182509	c2V0T3B0UmV0Q29kZQ==	c2V0T3B0UmV0Q29kZQ==	Q1VSTGNvZGU=	872	94489281023
68719478299	107374182509	Q1VSTEVfT0s=	PHVua25vd24+IENVUkxFX09L	QU5Z	872	94489281375
68719478300	107374182509	aXNOdWxs	aXNOdWxs	Ym9vbA==	873	94489281068
68719478301	107374182509	dGhpcw==	dGhpcw==	Tm9kZUxpYmN1cmwuRWFzeSo=	874	111669149839
68719478302	107374182509	Q1VSTE9QVF9SRUFERlVOQ1RJT04=	PHVua25vd24+IENVUkxPUFRfUkVBREZVTkNUSU9O	QU5Z	874	94489281377
68719478303	107374182509	dGhpcw==	dGhpcw==	Tm9kZUxpYmN1cmwuRWFzeSo=	876	111669149839
68719478304	107374182509	Q1VSTE9QVF9SRUFERlVOQ1RJT04=	PHVua25vd24+IENVUkxPUFRfUkVBREZVTkNUSU9O	QU5Z	876	94489281377
68719478305	107374182509	dmFsdWU=	dmFsdWU=	TmFwaS5WYWx1ZQ==	876	94489281022
68719478306	107374182509	Q1VSTE9QVF9TRUVLRlVOQ1RJT04=	PHVua25vd24+IENVUkxPUFRfU0VFS0ZVTkNUSU9O	QU5Z	894	94489281376
68719478307	107374182509	c2V0T3B0UmV0Q29kZQ==	c2V0T3B0UmV0Q29kZQ==	Q1VSTGNvZGU=	895	94489281023
68719478308	107374182509	Q1VSTEVfT0s=	PHVua25vd24+IENVUkxFX09L	QU5Z	895	94489281375
68719478309	107374182509	aXNOdWxs	aXNOdWxs	Ym9vbA==	896	94489281068
68719478310	107374182509	dGhpcw==	dGhpcw==	Tm9kZUxpYmN1cmwuRWFzeSo=	897	111669149839
68719478311	107374182509	Q1VSTE9QVF9TRUVLRlVOQ1RJT04=	PHVua25vd24+IENVUkxPUFRfU0VFS0ZVTkNUSU9O	QU5Z	897	94489281376
68719478312	107374182509	dGhpcw==	dGhpcw==	Tm9kZUxpYmN1cmwuRWFzeSo=	899	111669149839
68719478313	107374182509	Q1VSTE9QVF9TRUVLRlVOQ1RJT04=	PHVua25vd24+IENVUkxPUFRfU0VFS0ZVTkNUSU9O	QU5Z	899	94489281376
68719478314	107374182509	dmFsdWU=	dmFsdWU=	TmFwaS5WYWx1ZQ==	899	94489281022
68719478315	107374182509	Q1VSTE9QVF9XUklURUZVTkNUSU9O	PHVua25vd24+IENVUkxPUFRfV1JJVEVGVU5DVElPTg==	QU5Z	931	94489281374
68719478316	107374182509	c2V0T3B0UmV0Q29kZQ==	c2V0T3B0UmV0Q29kZQ==	Q1VSTGNvZGU=	932	94489281023
68719478317	107374182509	Q1VSTEVfT0s=	PHVua25vd24+IENVUkxFX09L	QU5Z	932	94489281375
68719478318	107374182509	aXNOdWxs	aXNOdWxs	Ym9vbA==	933	94489281068
68719478319	107374182509	dGhpcw==	dGhpcw==	Tm9kZUxpYmN1cmwuRWFzeSo=	934	111669149839
68719478320	107374182509	Q1VSTE9QVF9XUklURUZVTkNUSU9O	PHVua25vd24+IENVUkxPUFRfV1JJVEVGVU5DVElPTg==	QU5Z	934	94489281374
68719478321	107374182509	dGhpcw==	dGhpcw==	Tm9kZUxpYmN1cmwuRWFzeSo=	936	111669149839
68719478322	107374182509	Q1VSTE9QVF9XUklURUZVTkNUSU9O	PHVua25vd24+IENVUkxPUFRfV1JJVEVGVU5DVElPTg==	QU5Z	936	94489281374
68719478323	107374182509	dmFsdWU=	dmFsdWU=	TmFwaS5WYWx1ZQ==	936	94489281022
68719478324	107374182509	b3B0aW9uSWQ=	b3B0aW9uSWQ=	aW50	941	94489281024
68719478325	107374182509	Y3VybE9wdGlvbkJsb2I=	PGdsb2JhbD4gY3VybE9wdGlvbkJsb2I=	QU5Z	941	94489281373
68719478326	107374182509	b3B0	b3B0	TmFwaS5WYWx1ZQ==	941	94489281021
68719478327	107374182509	ZW52	ZW52	TmFwaS5FbnY=	965	94489281019
68719478328	107374182509	Q1VSTEVfTk9UX0JVSUxUX0lO	PHVua25vd24+IENVUkxFX05PVF9CVUlMVF9JTg==	QU5Z	965	94489281372
68719478329	107374182509	ZW52	ZW52	TmFwaS5FbnY=	968	94489281019
68719478330	107374182509	c2V0T3B0UmV0Q29kZQ==	c2V0T3B0UmV0Q29kZQ==	Q1VSTGNvZGU=	968	94489281023
68719478331	107374182509	aW5mbw==	aW5mbw==	Q1VSTElORk8=	975	94489281070
68719478332	107374182509	aW5mb0lk	aW5mb0lk	aW50	975	111669149843
68719478333	107374182509	Y29kZQ==	Y29kZQ==	Q1VSTGNvZGU=	976	94489281071
68719478334	107374182509	b2Jq	b2Jq	Tm9kZUxpYmN1cmwuRWFzeSo=	976	111669149842
68719478335	107374182509	aW5mbw==	aW5mbw==	Q1VSTElORk8=	976	94489281070
68719478336	107374182509	cmVzdWx0	cmVzdWx0	VFJlc3VsdFR5cGU=	976	94489281069
68719478337	107374182509	Y29kZQ==	Y29kZQ==	Q1VSTGNvZGU=	978	94489281071
68719478338	107374182509	Q1VSTEVfT0s=	PHVua25vd24+IENVUkxFX09L	QU5Z	978	94489281371
68719478339	107374182509	b2Jq	b2Jq	Tm9kZUxpYmN1cmwuRWFzeSo=	979	111669149842
68719478340	107374182509	Y29kZQ==	Y29kZQ==	Q1VSTGNvZGU=	979	94489281071
68719478341	107374182509	c3Rk	c3Rk	c3Rk	983	94489281370
68719478342	107374182509	cmVzdWx0	cmVzdWx0	VFJlc3VsdFR5cGU=	984	94489281069
68719478343	107374182509	b2Jq	b2Jq	Tm9kZUxpYmN1cmwuRWFzeSo=	985	111669149842
68719478344	107374182509	b2Jq	b2Jq	Tm9kZUxpYmN1cmwuRWFzeSo=	987	111669149842
68719478345	107374182509	cmVzdWx0	cmVzdWx0	VFJlc3VsdFR5cGU=	987	94489281069
68719478346	107374182509	b2Jq	b2Jq	Tm9kZUxpYmN1cmwuRWFzeSo=	989	111669149842
68719478347	107374182509	cmVzdWx0	cmVzdWx0	VFJlc3VsdFR5cGU=	989	94489281069
68719478348	107374182509	ZW52	ZW52	TmFwaS5FbnY=	995	94489281072
68719478349	107374182509	aW5mbw==	aW5mbw==	TmFwaS5DYWxsYmFja0luZm8m	995	111669149845
68719478350	107374182509	dGhpcw==	dGhpcw==	Tm9kZUxpYmN1cmwuRWFzeSo=	997	111669149844
68719478351	107374182509	ZW52	ZW52	TmFwaS5FbnY=	998	94489281072
68719478352	107374182509	Q1VSTEVfQkFEX0ZVTkNUSU9OX0FSR1VNRU5U	PHVua25vd24+IENVUkxFX0JBRF9GVU5DVElPTl9BUkdVTUVOVA==	QU5Z	998	94489281357
68719478353	107374182509	aW5mbw==	aW5mbw==	TmFwaS5DYWxsYmFja0luZm8m	1001	111669149845
68719478354	107374182509	ZW52	ZW52	TmFwaS5FbnY=	1002	94489281072
68719478355	107374182509	aW5mb1ZhbA==	aW5mb1ZhbA==	TmFwaS5WYWx1ZQ==	1005	94489281073
68719478356	107374182509	aW5mbw==	aW5mbw==	TmFwaS5DYWxsYmFja0luZm8m	1005	111669149845
68719478357	107374182509	cmV0VmFs	cmV0VmFs	TmFwaS5WYWx1ZQ==	1006	94489281074
68719478358	107374182509	ZW52	ZW52	TmFwaS5FbnY=	1006	94489281072
68719478359	107374182509	Y29kZQ==	Y29kZQ==	Q1VSTGNvZGU=	1009	94489281077
68719478360	107374182509	Q1VSTEVfT0s=	PHVua25vd24+IENVUkxFX09L	QU5Z	1009	94489281358
68719478361	107374182509	aW5mb0lk	aW5mb0lk	aW50	1012	94489281075
68719478362	107374182509	Y3VybEluZm9Ob3RJbXBsZW1lbnRlZA==	PGdsb2JhbD4gY3VybEluZm9Ob3RJbXBsZW1lbnRlZA==	QU5Z	1012	94489281369
68719478363	107374182509	aW5mb1ZhbA==	aW5mb1ZhbA==	TmFwaS5WYWx1ZQ==	1012	94489281073
68719478364	107374182509	ZW52	ZW52	TmFwaS5FbnY=	1013	94489281072
68719478365	107374182509	Q1VSTEVfVU5LTk9XTl9PUFRJT04=	PHVua25vd24+IENVUkxFX1VOS05PV05fT1BUSU9O	QU5Z	1016	94489281368
68719478366	107374182509	aW5mb0lk	aW5mb0lk	aW50	1021	94489281075
68719478367	107374182509	Y3VybEluZm9TdHJpbmc=	PGdsb2JhbD4gY3VybEluZm9TdHJpbmc=	QU5Z	1021	94489281367
68719478368	107374182509	aW5mb1ZhbA==	aW5mb1ZhbA==	TmFwaS5WYWx1ZQ==	1021	94489281073
68719478369	107374182509	cmV0VmFs	cmV0VmFs	TmFwaS5WYWx1ZQ==	1022	94489281074
68719478370	107374182509	dGhpcw==	dGhpcw==	Tm9kZUxpYmN1cmwuRWFzeSo=	1022	111669149844
68719478371	107374182509	aW5mb0lk	aW5mb0lk	aW50	1022	94489281075
68719478372	107374182509	aW5mb0lk	aW5mb0lk	aW50	1024	94489281075
68719478373	107374182509	Y3VybEluZm9PZmZU	PGdsb2JhbD4gY3VybEluZm9PZmZU	QU5Z	1024	94489281366
68719478374	107374182509	aW5mb1ZhbA==	aW5mb1ZhbA==	TmFwaS5WYWx1ZQ==	1024	94489281073
68719478375	107374182509	cmV0VmFs	cmV0VmFs	TmFwaS5WYWx1ZQ==	1025	94489281074
68719478376	107374182509	dGhpcw==	dGhpcw==	Tm9kZUxpYmN1cmwuRWFzeSo=	1025	111669149844
68719478377	107374182509	aW5mb0lk	aW5mb0lk	aW50	1025	94489281075
68719478378	107374182509	aW5mb0lk	aW5mb0lk	aW50	1027	94489281075
68719478379	107374182509	Y3VybEluZm9Eb3VibGU=	PGdsb2JhbD4gY3VybEluZm9Eb3VibGU=	QU5Z	1027	94489281365
68719478380	107374182509	aW5mb1ZhbA==	aW5mb1ZhbA==	TmFwaS5WYWx1ZQ==	1027	94489281073
68719478381	107374182509	cmV0VmFs	cmV0VmFs	TmFwaS5WYWx1ZQ==	1028	94489281074
68719478382	107374182509	dGhpcw==	dGhpcw==	Tm9kZUxpYmN1cmwuRWFzeSo=	1028	111669149844
68719478383	107374182509	aW5mb0lk	aW5mb0lk	aW50	1028	94489281075
68719478384	107374182509	aW5mb0lk	aW5mb0lk	aW50	1030	94489281075
68719478385	107374182509	Y3VybEluZm9JbnRlZ2Vy	PGdsb2JhbD4gY3VybEluZm9JbnRlZ2Vy	QU5Z	1030	94489281364
68719478386	107374182509	aW5mb1ZhbA==	aW5mb1ZhbA==	TmFwaS5WYWx1ZQ==	1030	94489281073
68719478387	107374182509	cmV0VmFs	cmV0VmFs	TmFwaS5WYWx1ZQ==	1031	94489281074
68719478388	107374182509	dGhpcw==	dGhpcw==	Tm9kZUxpYmN1cmwuRWFzeSo=	1031	111669149844
68719478389	107374182509	aW5mb0lk	aW5mb0lk	aW50	1031	94489281075
68719478390	107374182509	aW5mb0lk	aW5mb0lk	aW50	1033	94489281075
68719478391	107374182509	Y3VybEluZm9Tb2NrZXQ=	PGdsb2JhbD4gY3VybEluZm9Tb2NrZXQ=	QU5Z	1033	94489281363
68719478392	107374182509	aW5mb1ZhbA==	aW5mb1ZhbA==	TmFwaS5WYWx1ZQ==	1033	94489281073
68719478393	107374182509	Y29kZQ==	Y29kZQ==	Q1VSTGNvZGU=	1041	94489281077
68719478394	107374182509	dGhpcw==	dGhpcw==	Tm9kZUxpYmN1cmwuRWFzeSo=	1041	111669149844
68719478395	107374182509	aW5mb0lk	aW5mb0lk	aW50	1041	94489281075
68719478396	107374182509	c29ja2V0	c29ja2V0	bG9uZw==	1041	94489281078
68719478397	107374182509	Y29kZQ==	Y29kZQ==	Q1VSTGNvZGU=	1042	94489281077
68719478398	107374182509	Q1VSTEVfT0s=	PHVua25vd24+IENVUkxFX09L	QU5Z	1042	94489281358
68719478399	107374182509	cmV0VmFs	cmV0VmFs	TmFwaS5WYWx1ZQ==	1047	94489281074
68719478400	107374182509	ZW52	ZW52	TmFwaS5FbnY=	1047	94489281072
68719478401	107374182509	c29ja2V0	c29ja2V0	bG9uZw==	1047	94489281078
68719478402	107374182509	aW5mb0lk	aW5mb0lk	aW50	1050	94489281075
68719478403	107374182509	Y3VybEluZm9MaW5rZWRMaXN0	PGdsb2JhbD4gY3VybEluZm9MaW5rZWRMaXN0	QU5Z	1050	94489281362
68719478404	107374182509	aW5mb1ZhbA==	aW5mb1ZhbA==	TmFwaS5WYWx1ZQ==	1050	94489281073
68719478405	107374182509	bGlua2VkTGlzdA==	bGlua2VkTGlzdA==	Tm9kZUxpYmN1cmwuY3VybF9zbGlzdCo=	1051	94489281079
68719478406	107374182509	PHRtcD4w	PHRtcD4w	Tm9kZUxpYmN1cmwuY3VybF9zbGlzdA==	1051	94489281361
68719478407	107374182509	PHRtcD4w	PHRtcD4w	Tm9kZUxpYmN1cmwuY3VybF9zbGlzdA==	1051	94489281361
68719478408	107374182509	PHRtcD4w	PHRtcD4w	Tm9kZUxpYmN1cmwuY3VybF9zbGlzdA==	1051	94489281361
68719478409	107374182509	Y3Vycg==	Y3Vycg==	Tm9kZUxpYmN1cmwuY3VybF9zbGlzdCo=	1052	94489281080
68719478410	107374182509	PHRtcD4x	PHRtcD4x	Tm9kZUxpYmN1cmwuY3VybF9zbGlzdA==	1052	94489281360
68719478411	107374182509	PHRtcD4x	PHRtcD4x	Tm9kZUxpYmN1cmwuY3VybF9zbGlzdA==	1052	94489281360
68719478412	107374182509	PHRtcD4x	PHRtcD4x	Tm9kZUxpYmN1cmwuY3VybF9zbGlzdA==	1052	94489281360
68719478413	107374182509	Y3VybEluZm8=	Y3VybEluZm8=	Q1VSTElORk8=	1053	94489281076
68719478414	107374182509	aW5mb0lk	aW5mb0lk	aW50	1053	94489281075
68719478415	107374182509	Y3VybEluZm8=	Y3VybEluZm8=	Q1VSTElORk8=	1055	94489281076
68719478416	107374182509	Q1VSTElORk9fQ0VSVElORk8=	PHVua25vd24+IENVUkxJTkZPX0NFUlRJTkZP	QU5Z	1055	94489281359
68719478417	107374182509	Y2k=	Y2k=	Y3VybF9jZXJ0aW5mbyo=	1056	94489281081
68719478418	107374182509	Y29kZQ==	Y29kZQ==	Q1VSTGNvZGU=	1057	94489281077
68719478419	107374182509	dGhpcw==	dGhpcw==	Tm9kZUxpYmN1cmwuRWFzeSo=	1057	111669149844
68719478420	107374182509	Y3VybEluZm8=	Y3VybEluZm8=	Q1VSTElORk8=	1057	94489281076
68719478421	107374182509	Y2k=	Y2k=	Y3VybF9jZXJ0aW5mbyo=	1057	94489281081
68719478422	107374182509	Y29kZQ==	Y29kZQ==	Q1VSTGNvZGU=	1059	94489281077
68719478423	107374182509	Q1VSTEVfT0s=	PHVua25vd24+IENVUkxFX09L	QU5Z	1059	94489281358
68719478424	107374182509	Y2k=	Y2k=	Y3VybF9jZXJ0aW5mbyo=	1059	94489281081
68719478425	107374182509	YXJy	YXJy	TmFwaS5BcnJheQ==	1060	94489281082
68719478426	107374182509	ZW52	ZW52	TmFwaS5FbnY=	1060	94489281072
68719478427	107374182509	aQ==	aQ==	aW50	1062	94489281083
68719478428	107374182509	aQ==	aQ==	aW50	1062	94489281083
68719478429	107374182509	Y2k=	Y2k=	Y3VybF9jZXJ0aW5mbyo=	1062	94489281081
68719478430	107374182509	aQ==	aQ==	aW50	1062	94489281083
68719478431	107374182509	bGlua2VkTGlzdA==	bGlua2VkTGlzdA==	Tm9kZUxpYmN1cmwuY3VybF9zbGlzdCo=	1063	94489281079
68719478432	107374182509	Y2k=	Y2k=	Y3VybF9jZXJ0aW5mbyo=	1063	94489281081
68719478433	107374182509	aQ==	aQ==	aW50	1063	94489281083
68719478434	107374182509	bGlua2VkTGlzdA==	bGlua2VkTGlzdA==	Tm9kZUxpYmN1cmwuY3VybF9zbGlzdCo=	1065	94489281079
68719478435	107374182509	Y3Vycg==	Y3Vycg==	Tm9kZUxpYmN1cmwuY3VybF9zbGlzdCo=	1066	94489281080
68719478436	107374182509	bGlua2VkTGlzdA==	bGlua2VkTGlzdA==	Tm9kZUxpYmN1cmwuY3VybF9zbGlzdCo=	1066	94489281079
68719478437	107374182509	Y3Vycg==	Y3Vycg==	Tm9kZUxpYmN1cmwuY3VybF9zbGlzdCo=	1068	94489281080
68719478438	107374182509	YXJy	YXJy	TmFwaS5BcnJheQ==	1069	94489281082
68719478439	107374182509	YXJy	YXJy	TmFwaS5BcnJheQ==	1069	94489281082
68719478440	107374182509	ZW52	ZW52	TmFwaS5FbnY=	1069	94489281072
68719478441	107374182509	Y3Vycg==	Y3Vycg==	Tm9kZUxpYmN1cmwuY3VybF9zbGlzdCo=	1069	94489281080
68719478442	107374182509	Y3Vycg==	Y3Vycg==	Tm9kZUxpYmN1cmwuY3VybF9zbGlzdCo=	1070	94489281080
68719478443	107374182509	Y3Vycg==	Y3Vycg==	Tm9kZUxpYmN1cmwuY3VybF9zbGlzdCo=	1070	94489281080
68719478444	107374182509	cmV0VmFs	cmV0VmFs	TmFwaS5WYWx1ZQ==	1075	94489281074
68719478445	107374182509	YXJy	YXJy	TmFwaS5BcnJheQ==	1075	94489281082
68719478446	107374182509	Y29kZQ==	Y29kZQ==	Q1VSTGNvZGU=	1078	94489281077
68719478447	107374182509	dGhpcw==	dGhpcw==	Tm9kZUxpYmN1cmwuRWFzeSo=	1078	111669149844
68719478448	107374182509	Y3VybEluZm8=	Y3VybEluZm8=	Q1VSTElORk8=	1078	94489281076
68719478449	107374182509	bGlua2VkTGlzdA==	bGlua2VkTGlzdA==	Tm9kZUxpYmN1cmwuY3VybF9zbGlzdCo=	1078	94489281079
68719478450	107374182509	Y29kZQ==	Y29kZQ==	Q1VSTGNvZGU=	1080	94489281077
68719478451	107374182509	Q1VSTEVfT0s=	PHVua25vd24+IENVUkxFX09L	QU5Z	1080	94489281358
68719478452	107374182509	YXJy	YXJy	TmFwaS5BcnJheQ==	1081	94489281084
68719478453	107374182509	ZW52	ZW52	TmFwaS5FbnY=	1081	94489281072
68719478454	107374182509	bGlua2VkTGlzdA==	bGlua2VkTGlzdA==	Tm9kZUxpYmN1cmwuY3VybF9zbGlzdCo=	1083	94489281079
68719478455	107374182509	Y3Vycg==	Y3Vycg==	Tm9kZUxpYmN1cmwuY3VybF9zbGlzdCo=	1084	94489281080
68719478456	107374182509	bGlua2VkTGlzdA==	bGlua2VkTGlzdA==	Tm9kZUxpYmN1cmwuY3VybF9zbGlzdCo=	1084	94489281079
68719478457	107374182509	Y3Vycg==	Y3Vycg==	Tm9kZUxpYmN1cmwuY3VybF9zbGlzdCo=	1086	94489281080
68719478458	107374182509	YXJy	YXJy	TmFwaS5BcnJheQ==	1087	94489281084
68719478459	107374182509	YXJy	YXJy	TmFwaS5BcnJheQ==	1087	94489281084
68719478460	107374182509	ZW52	ZW52	TmFwaS5FbnY=	1087	94489281072
68719478461	107374182509	Y3Vycg==	Y3Vycg==	Tm9kZUxpYmN1cmwuY3VybF9zbGlzdCo=	1087	94489281080
68719478462	107374182509	Y3Vycg==	Y3Vycg==	Tm9kZUxpYmN1cmwuY3VybF9zbGlzdCo=	1088	94489281080
68719478463	107374182509	Y3Vycg==	Y3Vycg==	Tm9kZUxpYmN1cmwuY3VybF9zbGlzdCo=	1088	94489281080
68719478464	107374182509	bGlua2VkTGlzdA==	bGlua2VkTGlzdA==	Tm9kZUxpYmN1cmwuY3VybF9zbGlzdCo=	1091	94489281079
68719478465	107374182509	cmV0VmFs	cmV0VmFs	TmFwaS5WYWx1ZQ==	1094	94489281074
68719478466	107374182509	YXJy	YXJy	TmFwaS5BcnJheQ==	1094	94489281084
68719478467	107374182509	ZXJyTXNn	ZXJyTXNn	c3RkLnN0cmluZw==	1101	94489281086
68719478468	107374182509	ZQ==	ZQ==	c3RkLmV4Y2VwdGlvbiY=	1101	94489281085
68719478469	107374182509	ZXJyTXNn	ZXJyTXNn	c3RkLnN0cmluZw==	1103	94489281086
68719478470	107374182509	ZXJyTXNn	ZXJyTXNn	c3RkLnN0cmluZw==	1103	94489281086
68719478471	107374182509	ZXJyQ29kZQ==	ZXJyQ29kZQ==	c3RkLnN0cmluZw==	1103	94489281087
68719478472	107374182509	Y29kZQ==	Y29kZQ==	Q1VSTGNvZGU=	1104	94489281077
68719478473	107374182509	ZXJyQ29kZQ==	ZXJyQ29kZQ==	c3RkLnN0cmluZw==	1104	94489281087
68719478474	107374182509	ZXJyQ29kZQ==	ZXJyQ29kZQ==	c3RkLnN0cmluZw==	1104	94489281087
68719478475	107374182509	Q1VSTEVfQkFEX0ZVTkNUSU9OX0FSR1VNRU5U	PHVua25vd24+IENVUkxFX0JBRF9GVU5DVElPTl9BUkdVTUVOVA==	QU5Z	1105	94489281357
68719478476	107374182509	cmV0	cmV0	TmFwaS5PYmplY3Q=	1108	94489281088
68719478477	107374182509	ZW52	ZW52	TmFwaS5FbnY=	1108	94489281072
68719478478	107374182509	cmV0	cmV0	TmFwaS5PYmplY3Q=	1109	94489281088
68719478479	107374182509	ZW52	ZW52	TmFwaS5FbnY=	1109	94489281072
68719478480	107374182509	Y29kZQ==	Y29kZQ==	Q1VSTGNvZGU=	1109	94489281077
68719478481	107374182509	cmV0	cmV0	TmFwaS5PYmplY3Q=	1110	94489281088
68719478482	107374182509	cmV0VmFs	cmV0VmFs	TmFwaS5WYWx1ZQ==	1110	94489281074
68719478483	107374182509	cmV0	cmV0	TmFwaS5PYmplY3Q=	1111	94489281088
68719478484	107374182509	ZW52	ZW52	TmFwaS5FbnY=	1115	94489281089
68719478485	107374182509	aW5mbw==	aW5mbw==	TmFwaS5DYWxsYmFja0luZm8m	1115	111669149847
68719478486	107374182509	dGhpcw==	dGhpcw==	Tm9kZUxpYmN1cmwuRWFzeSo=	1117	111669149846
68719478487	107374182509	ZW52	ZW52	TmFwaS5FbnY=	1118	94489281089
68719478488	107374182509	bG9jYWxlR3VhcmQ=	bG9jYWxlR3VhcmQ=	TG9jYWxlR3VhcmQ=	1123	94489281090
68719478489	107374182509	PHRtcD4w	PHRtcD4w	TG9jYWxlR3VhcmQ=	1123	94489281356
68719478490	107374182509	PHRtcD4w	PHRtcD4w	TG9jYWxlR3VhcmQ=	1123	94489281356
68719478491	107374182509	PHRtcD4w	PHRtcD4w	TG9jYWxlR3VhcmQ=	1123	94489281356
68719478492	107374182509	Y29kZQ==	Y29kZQ==	Q1VSTGNvZGU=	1124	94489281091
68719478493	107374182509	dGhpcw==	dGhpcw==	Tm9kZUxpYmN1cmwuRWFzeSo=	1124	111669149846
68719478494	107374182509	ZW52	ZW52	TmFwaS5FbnY=	1126	94489281089
68719478495	107374182509	Y29kZQ==	Y29kZQ==	Q1VSTGNvZGU=	1126	94489281091
68719478496	107374182509	ZW52	ZW52	TmFwaS5FbnY=	1130	94489281092
68719478497	107374182509	aW5mbw==	aW5mbw==	TmFwaS5DYWxsYmFja0luZm8m	1130	111669149849
68719478498	107374182509	dGhpcw==	dGhpcw==	Tm9kZUxpYmN1cmwuRWFzeSo=	1132	111669149848
68719478499	107374182509	ZW52	ZW52	TmFwaS5FbnY=	1133	94489281092
68719478500	107374182509	Q1VSTEVfQkFEX0ZVTkNUSU9OX0FSR1VNRU5U	PHVua25vd24+IENVUkxFX0JBRF9GVU5DVElPTl9BUkdVTUVOVA==	QU5Z	1133	94489281355
68719478501	107374182509	dGhpcw==	dGhpcw==	Tm9kZUxpYmN1cmwuRWFzeSo=	1138	111669149848
68719478502	107374182509	dGhpcw==	dGhpcw==	Tm9kZUxpYmN1cmwuRWFzeSo=	1142	111669149848
68719478503	107374182509	Q1VSTE9QVF9VUkw=	PHVua25vd24+IENVUkxPUFRfVVJM	QU5Z	1142	94489281354
68719478504	107374182509	dGhpcw==	dGhpcw==	Tm9kZUxpYmN1cmwuRWFzeSo=	1144	111669149848
68719478505	107374182509	dGhpcw==	dGhpcw==	Tm9kZUxpYmN1cmwuRWFzeSo=	1147	111669149848
68719478506	107374182509	dGhpcw==	dGhpcw==	Tm9kZUxpYmN1cmwuRWFzeSo=	1149	111669149848
68719478507	107374182509	aW5mbw==	aW5mbw==	TmFwaS5DYWxsYmFja0luZm8m	1151	111669149849
68719478508	107374182509	ZW52	ZW52	TmFwaS5FbnY=	1155	94489281093
68719478509	107374182509	aW5mbw==	aW5mbw==	TmFwaS5DYWxsYmFja0luZm8m	1155	111669149851
68719478510	107374182509	dGhpcw==	dGhpcw==	Tm9kZUxpYmN1cmwuRWFzeSo=	1157	111669149850
68719478511	107374182509	ZW52	ZW52	TmFwaS5FbnY=	1158	94489281093
68719478512	107374182509	Q1VSTEVfQkFEX0ZVTkNUSU9OX0FSR1VNRU5U	PHVua25vd24+IENVUkxFX0JBRF9GVU5DVElPTl9BUkdVTUVOVA==	QU5Z	1158	94489281353
68719478513	107374182509	dGhpcw==	dGhpcw==	Tm9kZUxpYmN1cmwuRWFzeSo=	1161	111669149850
68719478514	107374182509	ZW52	ZW52	TmFwaS5FbnY=	1162	94489281093
68719478515	107374182509	Q1VSTEVfQkFEX0ZVTkNUSU9OX0FSR1VNRU5U	PHVua25vd24+IENVUkxFX0JBRF9GVU5DVElPTl9BUkdVTUVOVA==	QU5Z	1163	94489281353
68719478516	107374182509	dGhpcw==	dGhpcw==	Tm9kZUxpYmN1cmwuRWFzeSo=	1166	111669149850
68719478517	107374182509	ZW52	ZW52	TmFwaS5FbnY=	1167	94489281093
68719478518	107374182509	ZW52	ZW52	TmFwaS5FbnY=	1171	94489281094
68719478519	107374182509	aW5mbw==	aW5mbw==	TmFwaS5DYWxsYmFja0luZm8m	1171	111669149853
68719478520	107374182509	aW5mbw==	aW5mbw==	TmFwaS5DYWxsYmFja0luZm8m	1173	111669149853
68719478521	107374182509	aW5mbw==	aW5mbw==	TmFwaS5DYWxsYmFja0luZm8m	1173	111669149853
68719478522	107374182509	ZW52	ZW52	TmFwaS5FbnY=	1174	94489281094
68719478523	107374182509	ZXJyb3JDb2Rl	ZXJyb3JDb2Rl	aW50MzJfdA==	1177	94489281095
68719478524	107374182509	aW5mbw==	aW5mbw==	TmFwaS5DYWxsYmFja0luZm8m	1177	111669149853
68719478525	107374182509	ZXJyb3JNc2c=	ZXJyb3JNc2c=	Y2hhcio=	1178	94489281096
68719478526	107374182509	ZXJyb3JDb2Rl	ZXJyb3JDb2Rl	aW50MzJfdA==	1178	94489281095
68719478527	107374182509	ZW52	ZW52	TmFwaS5FbnY=	1180	94489281094
68719478528	107374182509	ZXJyb3JNc2c=	ZXJyb3JNc2c=	Y2hhcio=	1180	94489281096
68719478529	107374182509	ZW52	ZW52	TmFwaS5FbnY=	1185	94489281097
68719478530	107374182509	aW5mbw==	aW5mbw==	TmFwaS5DYWxsYmFja0luZm8m	1185	111669149855
68719478531	107374182509	dGhpcw==	dGhpcw==	Tm9kZUxpYmN1cmwuRWFzeSo=	1187	111669149854
68719478532	107374182509	ZW52	ZW52	TmFwaS5FbnY=	1188	94489281097
68719478533	107374182509	Q1VSTEVfQkFEX0ZVTkNUSU9OX0FSR1VNRU5U	PHVua25vd24+IENVUkxFX0JBRF9GVU5DVElPTl9BUkdVTUVOVA==	QU5Z	1188	94489281352
68719478534	107374182509	aW5mbw==	aW5mbw==	TmFwaS5DYWxsYmFja0luZm8m	1191	111669149855
68719478535	107374182509	ZW52	ZW52	TmFwaS5FbnY=	1192	94489281097
68719478536	107374182509	Q1VSTEVfQkFEX0ZVTkNUSU9OX0FSR1VNRU5U	PHVua25vd24+IENVUkxFX0JBRF9GVU5DVElPTl9BUkdVTUVOVA==	QU5Z	1192	94489281352
68719478537	107374182509	YnVm	YnVm	TmFwaS5WYWx1ZQ==	1195	94489281098
68719478538	107374182509	aW5mbw==	aW5mbw==	TmFwaS5DYWxsYmFja0luZm8m	1195	111669149855
68719478539	107374182509	YnVm	YnVm	TmFwaS5WYWx1ZQ==	1196	94489281098
68719478540	107374182509	ZW52	ZW52	TmFwaS5FbnY=	1197	94489281097
68719478541	107374182509	Q1VSTEVfQkFEX0ZVTkNUSU9OX0FSR1VNRU5U	PHVua25vd24+IENVUkxFX0JBRF9GVU5DVElPTl9BUkdVTUVOVA==	QU5Z	1197	94489281352
68719478542	107374182509	YnVmZmVy	YnVmZmVy	QnVmZmVy	1200	94489281099
68719478543	107374182509	YnVm	YnVm	TmFwaS5WYWx1ZQ==	1200	94489281098
68719478544	107374182509	YnVmQ29udGVudA==	YnVmQ29udGVudA==	Y2hhcio=	1201	94489281100
68719478545	107374182509	YnVmZmVy	YnVmZmVy	QnVmZmVy	1201	94489281099
68719478546	107374182509	YnVmTGVuZ3Ro	YnVmTGVuZ3Ro	c2l6ZV90	1202	94489281101
68719478547	107374182509	YnVmZmVy	YnVmZmVy	QnVmZmVy	1202	94489281099
68719478548	107374182509	bg==	bg==	c2l6ZV90	1203	94489281102
68719478549	107374182509	Y3VybFJldA==	Y3VybFJldA==	Q1VSTGNvZGU=	1205	94489281103
68719478550	107374182509	dGhpcw==	dGhpcw==	Tm9kZUxpYmN1cmwuRWFzeSo=	1205	111669149854
68719478551	107374182509	YnVmQ29udGVudA==	YnVmQ29udGVudA==	Y2hhcio=	1205	94489281100
68719478552	107374182509	YnVmTGVuZ3Ro	YnVmTGVuZ3Ro	c2l6ZV90	1205	94489281101
68719478553	107374182509	bg==	bg==	c2l6ZV90	1205	94489281102
68719478554	107374182509	cmV0	cmV0	TmFwaS5PYmplY3Q=	1207	94489281104
68719478555	107374182509	ZW52	ZW52	TmFwaS5FbnY=	1207	94489281097
68719478556	107374182509	cmV0	cmV0	TmFwaS5PYmplY3Q=	1208	94489281104
68719478557	107374182509	ZW52	ZW52	TmFwaS5FbnY=	1208	94489281097
68719478558	107374182509	Y3VybFJldA==	Y3VybFJldA==	Q1VSTGNvZGU=	1208	94489281103
68719478559	107374182509	cmV0	cmV0	TmFwaS5PYmplY3Q=	1209	94489281104
68719478560	107374182509	ZW52	ZW52	TmFwaS5FbnY=	1209	94489281097
68719478561	107374182509	bg==	bg==	c2l6ZV90	1209	94489281102
68719478562	107374182509	cmV0	cmV0	TmFwaS5PYmplY3Q=	1211	94489281104
68719478563	107374182509	ZW52	ZW52	TmFwaS5FbnY=	1215	94489281105
68719478564	107374182509	aW5mbw==	aW5mbw==	TmFwaS5DYWxsYmFja0luZm8m	1215	111669149857
68719478565	107374182509	dGhpcw==	dGhpcw==	Tm9kZUxpYmN1cmwuRWFzeSo=	1217	111669149856
68719478566	107374182509	ZW52	ZW52	TmFwaS5FbnY=	1218	94489281105
68719478567	107374182509	Q1VSTEVfQkFEX0ZVTkNUSU9OX0FSR1VNRU5U	PHVua25vd24+IENVUkxFX0JBRF9GVU5DVElPTl9BUkdVTUVOVA==	QU5Z	1218	94489281351
68719478568	107374182509	aW5mbw==	aW5mbw==	TmFwaS5DYWxsYmFja0luZm8m	1221	111669149857
68719478569	107374182509	ZW52	ZW52	TmFwaS5FbnY=	1222	94489281105
68719478570	107374182509	Q1VSTEVfQkFEX0ZVTkNUSU9OX0FSR1VNRU5U	PHVua25vd24+IENVUkxFX0JBRF9GVU5DVElPTl9BUkdVTUVOVA==	QU5Z	1222	94489281351
68719478571	107374182509	YnVm	YnVm	TmFwaS5WYWx1ZQ==	1225	94489281106
68719478572	107374182509	aW5mbw==	aW5mbw==	TmFwaS5DYWxsYmFja0luZm8m	1225	111669149857
68719478573	107374182509	YnVm	YnVm	TmFwaS5WYWx1ZQ==	1226	94489281106
68719478574	107374182509	ZW52	ZW52	TmFwaS5FbnY=	1227	94489281105
68719478575	107374182509	Q1VSTEVfQkFEX0ZVTkNUSU9OX0FSR1VNRU5U	PHVua25vd24+IENVUkxFX0JBRF9GVU5DVElPTl9BUkdVTUVOVA==	QU5Z	1227	94489281351
68719478576	107374182509	YnVmZmVy	YnVmZmVy	QnVmZmVy	1230	94489281107
68719478577	107374182509	YnVm	YnVm	TmFwaS5WYWx1ZQ==	1230	94489281106
68719478578	107374182509	YnVmQ29udGVudA==	YnVmQ29udGVudA==	Y2hhcio=	1231	94489281108
68719478579	107374182509	YnVmZmVy	YnVmZmVy	QnVmZmVy	1231	94489281107
68719478580	107374182509	YnVmTGVuZ3Ro	YnVmTGVuZ3Ro	c2l6ZV90	1232	94489281109
68719478581	107374182509	YnVmZmVy	YnVmZmVy	QnVmZmVy	1232	94489281107
68719478582	107374182509	bg==	bg==	c2l6ZV90	1233	94489281110
68719478583	107374182509	Y3VybFJldA==	Y3VybFJldA==	Q1VSTGNvZGU=	1235	94489281111
68719478584	107374182509	dGhpcw==	dGhpcw==	Tm9kZUxpYmN1cmwuRWFzeSo=	1235	111669149856
68719478585	107374182509	YnVmQ29udGVudA==	YnVmQ29udGVudA==	Y2hhcio=	1235	94489281108
68719478586	107374182509	YnVmTGVuZ3Ro	YnVmTGVuZ3Ro	c2l6ZV90	1235	94489281109
68719478587	107374182509	bg==	bg==	c2l6ZV90	1235	94489281110
68719478588	107374182509	cmV0	cmV0	TmFwaS5PYmplY3Q=	1237	94489281112
68719478589	107374182509	ZW52	ZW52	TmFwaS5FbnY=	1237	94489281105
68719478590	107374182509	cmV0	cmV0	TmFwaS5PYmplY3Q=	1238	94489281112
68719478591	107374182509	ZW52	ZW52	TmFwaS5FbnY=	1238	94489281105
68719478592	107374182509	Y3VybFJldA==	Y3VybFJldA==	Q1VSTGNvZGU=	1238	94489281111
68719478593	107374182509	cmV0	cmV0	TmFwaS5PYmplY3Q=	1239	94489281112
68719478594	107374182509	ZW52	ZW52	TmFwaS5FbnY=	1239	94489281105
68719478595	107374182509	bg==	bg==	c2l6ZV90	1239	94489281110
68719478596	107374182509	cmV0	cmV0	TmFwaS5PYmplY3Q=	1241	94489281112
68719478597	107374182509	ZW52	ZW52	TmFwaS5FbnY=	1245	94489281113
68719478598	107374182509	aW5mbw==	aW5mbw==	TmFwaS5DYWxsYmFja0luZm8m	1245	111669149859
68719478599	107374182509	dGhpcw==	dGhpcw==	Tm9kZUxpYmN1cmwuRWFzeSo=	1247	111669149858
68719478600	107374182509	ZW52	ZW52	TmFwaS5FbnY=	1248	94489281113
68719478601	107374182509	Q1VSTEVfQkFEX0ZVTkNUSU9OX0FSR1VNRU5U	PHVua25vd24+IENVUkxFX0JBRF9GVU5DVElPTl9BUkdVTUVOVA==	QU5Z	1248	94489281350
68719478602	107374182509	ZW52	ZW52	TmFwaS5FbnY=	1288	94489281113
68719478603	107374182509	Q1VSTEVfTk9UX0JVSUxUX0lO	PHVua25vd24+IENVUkxFX05PVF9CVUlMVF9JTg==	QU5Z	1288	94489281349
68719478604	107374182509	ZW52	ZW52	TmFwaS5FbnY=	1293	94489281114
68719478605	107374182509	aW5mbw==	aW5mbw==	TmFwaS5DYWxsYmFja0luZm8m	1293	111669149861
68719478606	107374182509	dGhpcw==	dGhpcw==	Tm9kZUxpYmN1cmwuRWFzeSo=	1295	111669149860
68719478607	107374182509	ZW52	ZW52	TmFwaS5FbnY=	1296	94489281114
68719478608	107374182509	Q1VSTEVfQkFEX0ZVTkNUSU9OX0FSR1VNRU5U	PHVua25vd24+IENVUkxFX0JBRF9GVU5DVElPTl9BUkdVTUVOVA==	QU5Z	1296	94489281348
68719478609	107374182509	ZW52	ZW52	TmFwaS5FbnY=	1334	94489281114
68719478610	107374182509	Q1VSTEVfTk9UX0JVSUxUX0lO	PHVua25vd24+IENVUkxFX05PVF9CVUlMVF9JTg==	QU5Z	1334	94489281347
68719478611	107374182509	ZW52	ZW52	TmFwaS5FbnY=	1339	94489281115
68719478612	107374182509	aW5mbw==	aW5mbw==	TmFwaS5DYWxsYmFja0luZm8m	1339	111669149863
68719478613	107374182509	dGhpcw==	dGhpcw==	Tm9kZUxpYmN1cmwuRWFzeSo=	1341	111669149862
68719478614	107374182509	ZW52	ZW52	TmFwaS5FbnY=	1342	94489281115
68719478615	107374182509	Q1VSTEVfQkFEX0ZVTkNUSU9OX0FSR1VNRU5U	PHVua25vd24+IENVUkxFX0JBRF9GVU5DVElPTl9BUkdVTUVOVA==	QU5Z	1342	94489281346
68719478616	107374182509	ZW52	ZW52	TmFwaS5FbnY=	1361	94489281115
68719478617	107374182509	Q1VSTEVfTk9UX0JVSUxUX0lO	PHVua25vd24+IENVUkxFX05PVF9CVUlMVF9JTg==	QU5Z	1361	94489281345
68719478618	107374182509	ZW52	ZW52	TmFwaS5FbnY=	1366	94489281116
68719478619	107374182509	aW5mbw==	aW5mbw==	TmFwaS5DYWxsYmFja0luZm8m	1366	111669149865
68719478620	107374182509	dGhpcw==	dGhpcw==	Tm9kZUxpYmN1cmwuRWFzeSo=	1368	111669149864
68719478621	107374182509	ZW52	ZW52	TmFwaS5FbnY=	1369	94489281116
68719478622	107374182509	Q1VSTEVfQkFEX0ZVTkNUSU9OX0FSR1VNRU5U	PHVua25vd24+IENVUkxFX0JBRF9GVU5DVElPTl9BUkdVTUVOVA==	QU5Z	1369	94489281344
68719478623	107374182509	ZW52	ZW52	TmFwaS5FbnY=	1384	94489281116
68719478624	107374182509	Q1VSTEVfTk9UX0JVSUxUX0lO	PHVua25vd24+IENVUkxFX05PVF9CVUlMVF9JTg==	QU5Z	1384	94489281343
68719478625	107374182509	ZW52	ZW52	TmFwaS5FbnY=	1389	94489281117
68719478626	107374182509	aW5mbw==	aW5mbw==	TmFwaS5DYWxsYmFja0luZm8m	1389	111669149867
68719478627	107374182509	dGhpcw==	dGhpcw==	Tm9kZUxpYmN1cmwuRWFzeSo=	1391	111669149866
68719478628	107374182509	ZW52	ZW52	TmFwaS5FbnY=	1392	94489281117
68719478629	107374182509	ZW52	ZW52	TmFwaS5FbnY=	1399	94489281117
68719478630	107374182509	Q1VSTEVfTk9UX0JVSUxUX0lO	PHVua25vd24+IENVUkxFX05PVF9CVUlMVF9JTg==	QU5Z	1399	94489281342
68719478631	107374182509	ZW52	ZW52	TmFwaS5FbnY=	1404	94489281118
68719478632	107374182509	aW5mbw==	aW5mbw==	TmFwaS5DYWxsYmFja0luZm8m	1404	111669149869
68719478633	107374182509	dGhpcw==	dGhpcw==	Tm9kZUxpYmN1cmwuRWFzeSo=	1406	111669149868
68719478634	107374182509	ZW52	ZW52	TmFwaS5FbnY=	1407	94489281118
68719478635	107374182509	aW5mbw==	aW5mbw==	TmFwaS5DYWxsYmFja0luZm8m	1410	111669149869
68719478636	107374182509	aW5mbw==	aW5mbw==	TmFwaS5DYWxsYmFja0luZm8m	1410	111669149869
68719478637	107374182509	ZW52	ZW52	TmFwaS5FbnY=	1411	94489281118
68719478638	107374182509	Yml0bWFzaw==	Yml0bWFzaw==	aW50MzJfdA==	1414	94489281119
68719478639	107374182509	aW5mbw==	aW5mbw==	TmFwaS5DYWxsYmFja0luZm8m	1414	111669149869
68719478640	107374182509	dGhpcw==	dGhpcw==	Tm9kZUxpYmN1cmwuRWFzeSo=	1415	111669149868
68719478641	107374182509	Yml0bWFzaw==	Yml0bWFzaw==	aW50MzJfdA==	1415	94489281119
68719478642	107374182509	Y29kZQ==	Y29kZQ==	Q1VSTGNvZGU=	1417	94489281120
68719478643	107374182509	dGhpcw==	dGhpcw==	Tm9kZUxpYmN1cmwuRWFzeSo=	1417	111669149868
68719478644	107374182509	Yml0bWFzaw==	Yml0bWFzaw==	aW50MzJfdA==	1417	94489281119
68719478645	107374182509	ZW52	ZW52	TmFwaS5FbnY=	1419	94489281118
68719478646	107374182509	Y29kZQ==	Y29kZQ==	Q1VSTGNvZGU=	1419	94489281120
68719478647	107374182509	ZW52	ZW52	TmFwaS5FbnY=	1423	94489281121
68719478648	107374182509	aW5mbw==	aW5mbw==	TmFwaS5DYWxsYmFja0luZm8m	1423	111669149871
68719478649	107374182509	dGhpcw==	dGhpcw==	Tm9kZUxpYmN1cmwuRWFzeSo=	1425	111669149870
68719478650	107374182509	ZW52	ZW52	TmFwaS5FbnY=	1426	94489281121
68719478651	107374182509	Y3VybA==	Y3VybA==	QU5Z	1431	94489281122
68719478652	107374182509	ZW52	ZW52	TmFwaS5FbnY=	1431	94489281121
68719478653	107374182509	Y3VybA==	Y3VybA==	QU5Z	1432	94489281122
68719478654	107374182509	aW5mbw==	aW5mbw==	TmFwaS5DYWxsYmFja0luZm8m	1432	111669149871
68719478655	107374182509	ZW52	ZW52	TmFwaS5FbnY=	1436	94489281123
68719478656	107374182509	aW5mbw==	aW5mbw==	TmFwaS5DYWxsYmFja0luZm8m	1436	111669149873
68719478657	107374182509	aW5mbw==	aW5mbw==	TmFwaS5DYWxsYmFja0luZm8m	1438	111669149873
68719478658	107374182509	ZW52	ZW52	TmFwaS5FbnY=	1439	94489281123
68719478659	107374182509	Q1VSTEVfQkFEX0ZVTkNUSU9OX0FSR1VNRU5U	PHVua25vd24+IENVUkxFX0JBRF9GVU5DVElPTl9BUkdVTUVOVA==	QU5Z	1440	94489281341
68719478660	107374182509	YXJn	YXJn	TmFwaS5WYWx1ZQ==	1443	94489281124
68719478661	107374182509	aW5mbw==	aW5mbw==	TmFwaS5DYWxsYmFja0luZm8m	1443	111669149873
68719478662	107374182509	YXJn	YXJn	TmFwaS5WYWx1ZQ==	1446	94489281124
68719478663	107374182509	dGhpcw==	dGhpcw==	Tm9kZUxpYmN1cmwuRWFzeSo=	1447	111669149872
68719478664	107374182509	dGhpcw==	dGhpcw==	Tm9kZUxpYmN1cmwuRWFzeSo=	1448	111669149872
68719478665	107374182509	aW5mbw==	aW5mbw==	TmFwaS5DYWxsYmFja0luZm8m	1449	111669149873
68719478666	107374182509	YXJn	YXJn	TmFwaS5WYWx1ZQ==	1452	94489281124
68719478667	107374182509	ZW52	ZW52	TmFwaS5FbnY=	1453	94489281123
68719478668	107374182509	dGhpcw==	dGhpcw==	Tm9kZUxpYmN1cmwuRWFzeSo=	1459	111669149872
68719478669	107374182509	YXJn	YXJn	TmFwaS5WYWx1ZQ==	1459	94489281124
68719478670	107374182509	dGhpcw==	dGhpcw==	Tm9kZUxpYmN1cmwuRWFzeSo=	1460	111669149872
68719478671	107374182509	c3Rk	c3Rk	c3Rk	1461	94489281340
68719478672	107374182509	TmFwaQ==	TmFwaQ==	TmFwaQ==	1461	94489281339
68719478673	107374182509	ZW52	ZW52	TmFwaS5FbnY=	1461	94489281123
68719478674	107374182509	aW5mbw==	aW5mbw==	TmFwaS5DYWxsYmFja0luZm8m	1463	111669149873
68719478675	107374182509	dGhpcw==	dGhpcw==	Tm9kZUxpYmN1cmwuRWFzeSo=	1467	111669149874
68719478676	107374182509	aW5mbw==	aW5mbw==	TmFwaS5DYWxsYmFja0luZm8m	1468	111669149875
68719478677	107374182509	dGhpcw==	dGhpcw==	Tm9kZUxpYmN1cmwuRWFzeSo=	1472	111669149876
68719478678	107374182509	aW5mbw==	aW5mbw==	TmFwaS5DYWxsYmFja0luZm8m	1473	111669149877
68719478679	107374182509	b2Jq	b2Jq	Tm9kZUxpYmN1cmwuRWFzeSo=	1477	94489281125
68719478680	107374182509	dXNlcmRhdGE=	dXNlcmRhdGE=	dm9pZCo=	1477	111669149882
68719478681	107374182509	b2Jq	b2Jq	Tm9kZUxpYmN1cmwuRWFzeSo=	1478	94489281125
68719478682	107374182509	cHRy	cHRy	Y2hhcio=	1478	111669149879
68719478683	107374182509	c2l6ZQ==	c2l6ZQ==	c2l6ZV90	1478	111669149880
68719478684	107374182509	bm1lbWI=	bm1lbWI=	c2l6ZV90	1478	111669149881
68719478685	107374182509	b2Jq	b2Jq	Tm9kZUxpYmN1cmwuRWFzeSo=	1482	94489281126
68719478686	107374182509	dXNlcmRhdGE=	dXNlcmRhdGE=	dm9pZCo=	1482	111669149887
68719478687	107374182509	b2Jq	b2Jq	Tm9kZUxpYmN1cmwuRWFzeSo=	1483	94489281126
68719478688	107374182509	cHRy	cHRy	Y2hhcio=	1483	111669149884
68719478689	107374182509	c2l6ZQ==	c2l6ZQ==	c2l6ZV90	1483	111669149885
68719478690	107374182509	bm1lbWI=	bm1lbWI=	c2l6ZV90	1483	111669149886
68719478691	107374182509	ZW52	ZW52	TmFwaS5FbnY=	1489	94489281127
68719478692	107374182509	c2NvcGU=	c2NvcGU=	TmFwaS5IYW5kbGVTY29wZQ==	1490	94489281128
68719478693	107374182509	PHRtcD4w	PHRtcD4w	TmFwaS5IYW5kbGVTY29wZQ==	1490	94489281338
68719478694	107374182509	PHRtcD4w	PHRtcD4w	TmFwaS5IYW5kbGVTY29wZQ==	1490	94489281338
68719478695	107374182509	ZW52	ZW52	TmFwaS5FbnY=	1490	94489281127
68719478696	107374182509	PHRtcD4w	PHRtcD4w	TmFwaS5IYW5kbGVTY29wZQ==	1490	94489281338
68719478697	107374182509	ZGF0YUxlbmd0aA==	ZGF0YUxlbmd0aA==	c2l6ZV90	1492	94489281129
68719478698	107374182509	c2l6ZQ==	c2l6ZQ==	c2l6ZV90	1492	111669149890
68719478699	107374182509	bm1lbWI=	bm1lbWI=	c2l6ZV90	1492	111669149891
68719478700	107374182509	aXQ=	aXQ=	QU5Z	1494	94489281130
68719478701	107374182509	dGhpcw==	dGhpcw==	Tm9kZUxpYmN1cmwuRWFzeSo=	1494	111669149888
68719478702	107374182509	Q1VSTE9QVF9XUklURUZVTkNUSU9O	PHVua25vd24+IENVUkxPUFRfV1JJVEVGVU5DVElPTg==	QU5Z	1494	94489281337
68719478703	107374182509	aXQ=	aXQ=	QU5Z	1495	94489281130
68719478704	107374182509	dGhpcw==	dGhpcw==	Tm9kZUxpYmN1cmwuRWFzeSo=	1495	111669149888
68719478705	107374182509	aXQ=	aXQ=	QU5Z	1495	94489281130
68719478706	107374182509	ZGF0YUxlbmd0aA==	ZGF0YUxlbmd0aA==	c2l6ZV90	1497	94489281129
68719478707	107374182509	cmV0dXJuVmFsdWU=	cmV0dXJuVmFsdWU=	aW50MzJfdA==	1501	94489281131
68719478708	107374182509	Y2I=	Y2I=	TmFwaS5GdW5jdGlvbg==	1504	94489281132
68719478709	107374182509	aXQ=	aXQ=	QU5Z	1504	94489281130
68719478710	107374182509	YnVmZmVy	YnVmZmVy	QnVmZmVy	1506	94489281133
68719478711	107374182509	ZW52	ZW52	TmFwaS5FbnY=	1506	94489281127
68719478712	107374182509	ZGF0YQ==	ZGF0YQ==	Y2hhcio=	1506	111669149889
68719478713	107374182509	ZGF0YUxlbmd0aA==	ZGF0YUxlbmd0aA==	c2l6ZV90	1506	94489281129
68719478714	107374182509	YXN5bmNDb250ZXh0	YXN5bmNDb250ZXh0	TmFwaS5Bc3luY0NvbnRleHQ=	1509	94489281134
68719478715	107374182509	PHRtcD4x	PHRtcD4x	TmFwaS5Bc3luY0NvbnRleHQ=	1509	94489281336
68719478716	107374182509	PHRtcD4x	PHRtcD4x	TmFwaS5Bc3luY0NvbnRleHQ=	1509	94489281336
68719478717	107374182509	ZW52	ZW52	TmFwaS5FbnY=	1509	94489281127
68719478718	107374182509	PHRtcD4x	PHRtcD4x	TmFwaS5Bc3luY0NvbnRleHQ=	1509	94489281336
68719478719	107374182509	cmVzdWx0	cmVzdWx0	TmFwaS5WYWx1ZQ==	1511	94489281135
68719478720	107374182509	Y2I=	Y2I=	TmFwaS5GdW5jdGlvbg==	1511	94489281132
68719478721	107374182509	dGhpcw==	dGhpcw==	Tm9kZUxpYmN1cmwuRWFzeSo=	1512	111669149888
68719478722	107374182509	YnVmZmVy	YnVmZmVy	QnVmZmVy	1512	94489281133
68719478723	107374182509	ZW52	ZW52	TmFwaS5FbnY=	1512	94489281127
68719478724	107374182509	c2l6ZQ==	c2l6ZQ==	c2l6ZV90	1512	111669149890
68719478725	107374182509	ZW52	ZW52	TmFwaS5FbnY=	1512	94489281127
68719478726	107374182509	bm1lbWI=	bm1lbWI=	c2l6ZV90	1512	111669149891
68719478727	107374182509	YXN5bmNDb250ZXh0	YXN5bmNDb250ZXh0	TmFwaS5Bc3luY0NvbnRleHQ=	1513	94489281134
68719478728	107374182509	ZW52	ZW52	TmFwaS5FbnY=	1516	94489281127
68719478729	107374182509	ZXJyb3I=	ZXJyb3I=	TmFwaS5FcnJvcg==	1517	94489281136
68719478730	107374182509	ZW52	ZW52	TmFwaS5FbnY=	1517	94489281127
68719478731	107374182509	dGhpcw==	dGhpcw==	Tm9kZUxpYmN1cmwuRWFzeSo=	1519	111669149888
68719478732	107374182509	ZXJyb3I=	ZXJyb3I=	TmFwaS5FcnJvcg==	1519	94489281136
68719478733	107374182509	cmV0dXJuVmFsdWU=	cmV0dXJuVmFsdWU=	aW50MzJfdA==	1520	94489281131
68719478734	107374182509	cmVzdWx0	cmVzdWx0	TmFwaS5WYWx1ZQ==	1523	94489281135
68719478735	107374182509	dHlwZUVycm9y	dHlwZUVycm9y	TmFwaS5UeXBlRXJyb3I=	1524	94489281137
68719478736	107374182509	ZW52	ZW52	TmFwaS5FbnY=	1525	94489281127
68719478737	107374182509	dGhpcw==	dGhpcw==	Tm9kZUxpYmN1cmwuRWFzeSo=	1527	111669149888
68719478738	107374182509	dHlwZUVycm9y	dHlwZUVycm9y	TmFwaS5UeXBlRXJyb3I=	1527	94489281137
68719478739	107374182509	cmV0dXJuVmFsdWU=	cmV0dXJuVmFsdWU=	aW50MzJfdA==	1528	94489281131
68719478740	107374182509	cmV0dXJuVmFsdWU=	cmV0dXJuVmFsdWU=	aW50MzJfdA==	1531	94489281131
68719478741	107374182509	cmVzdWx0	cmVzdWx0	TmFwaS5WYWx1ZQ==	1531	94489281135
68719478742	107374182509	ZQ==	ZQ==	TmFwaS5FcnJvciY=	1532	94489281138
68719478743	107374182509	PHRtcD4y	PHRtcD4y	TmFwaS5FcnJvcg==	1532	94489281335
68719478744	107374182509	PHRtcD4y	PHRtcD4y	TmFwaS5FcnJvcg==	1532	94489281335
68719478745	107374182509	PHRtcD4y	PHRtcD4y	TmFwaS5FcnJvcg==	1532	94489281335
68719478746	107374182509	dGhpcw==	dGhpcw==	Tm9kZUxpYmN1cmwuRWFzeSo=	1533	111669149888
68719478747	107374182509	ZQ==	ZQ==	TmFwaS5FcnJvciY=	1533	94489281138
68719478748	107374182509	cmV0dXJuVmFsdWU=	cmV0dXJuVmFsdWU=	aW50MzJfdA==	1534	94489281131
68719478749	107374182509	cmV0dXJuVmFsdWU=	cmV0dXJuVmFsdWU=	aW50MzJfdA==	1537	94489281131
68719478750	107374182509	Q1VSTF9XUklURUZVTkNfUEFVU0U=	PHVua25vd24+IENVUkxfV1JJVEVGVU5DX1BBVVNF	QU5Z	1537	94489281334
68719478751	107374182509	dGhpcw==	dGhpcw==	Tm9kZUxpYmN1cmwuRWFzeSo=	1538	111669149888
68719478752	107374182509	Q1VSTFBBVVNFX1JFQ1Y=	PHVua25vd24+IENVUkxQQVVTRV9SRUNW	QU5Z	1538	94489281333
68719478753	107374182509	cmV0dXJuVmFsdWU=	cmV0dXJuVmFsdWU=	aW50MzJfdA==	1541	94489281131
68719478754	107374182509	ZW52	ZW52	TmFwaS5FbnY=	1545	94489281139
68719478755	107374182509	c2NvcGU=	c2NvcGU=	TmFwaS5IYW5kbGVTY29wZQ==	1546	94489281140
68719478756	107374182509	PHRtcD4w	PHRtcD4w	TmFwaS5IYW5kbGVTY29wZQ==	1546	94489281332
68719478757	107374182509	PHRtcD4w	PHRtcD4w	TmFwaS5IYW5kbGVTY29wZQ==	1546	94489281332
68719478758	107374182509	ZW52	ZW52	TmFwaS5FbnY=	1546	94489281139
68719478759	107374182509	PHRtcD4w	PHRtcD4w	TmFwaS5IYW5kbGVTY29wZQ==	1546	94489281332
68719478760	107374182509	ZGF0YUxlbmd0aA==	ZGF0YUxlbmd0aA==	c2l6ZV90	1548	94489281141
68719478761	107374182509	c2l6ZQ==	c2l6ZQ==	c2l6ZV90	1548	111669149894
68719478762	107374182509	bm1lbWI=	bm1lbWI=	c2l6ZV90	1548	111669149895
68719478763	107374182509	aXQ=	aXQ=	QU5Z	1550	94489281142
68719478764	107374182509	dGhpcw==	dGhpcw==	Tm9kZUxpYmN1cmwuRWFzeSo=	1550	111669149892
68719478765	107374182509	Q1VSTE9QVF9IRUFERVJGVU5DVElPTg==	PHVua25vd24+IENVUkxPUFRfSEVBREVSRlVOQ1RJT04=	QU5Z	1550	94489281331
68719478766	107374182509	aXQ=	aXQ=	QU5Z	1551	94489281142
68719478767	107374182509	dGhpcw==	dGhpcw==	Tm9kZUxpYmN1cmwuRWFzeSo=	1551	111669149892
68719478768	107374182509	aXQ=	aXQ=	QU5Z	1551	94489281142
68719478769	107374182509	ZGF0YUxlbmd0aA==	ZGF0YUxlbmd0aA==	c2l6ZV90	1553	94489281141
68719478770	107374182509	cmV0dXJuVmFsdWU=	cmV0dXJuVmFsdWU=	aW50MzJfdA==	1557	94489281143
68719478771	107374182509	Y2I=	Y2I=	TmFwaS5GdW5jdGlvbg==	1560	94489281144
68719478772	107374182509	aXQ=	aXQ=	QU5Z	1560	94489281142
68719478773	107374182509	YnVmZmVy	YnVmZmVy	QnVmZmVy	1563	94489281145
68719478774	107374182509	ZW52	ZW52	TmFwaS5FbnY=	1563	94489281139
68719478775	107374182509	ZGF0YQ==	ZGF0YQ==	Y2hhcio=	1563	111669149893
68719478776	107374182509	ZGF0YUxlbmd0aA==	ZGF0YUxlbmd0aA==	c2l6ZV90	1563	94489281141
68719478777	107374182509	YXN5bmNDb250ZXh0	YXN5bmNDb250ZXh0	TmFwaS5Bc3luY0NvbnRleHQ=	1566	94489281146
68719478778	107374182509	PHRtcD4x	PHRtcD4x	TmFwaS5Bc3luY0NvbnRleHQ=	1566	94489281330
68719478779	107374182509	PHRtcD4x	PHRtcD4x	TmFwaS5Bc3luY0NvbnRleHQ=	1566	94489281330
68719478780	107374182509	ZW52	ZW52	TmFwaS5FbnY=	1566	94489281139
68719478781	107374182509	PHRtcD4x	PHRtcD4x	TmFwaS5Bc3luY0NvbnRleHQ=	1566	94489281330
68719478782	107374182509	cmVzdWx0	cmVzdWx0	TmFwaS5WYWx1ZQ==	1567	94489281147
68719478783	107374182509	Y2I=	Y2I=	TmFwaS5GdW5jdGlvbg==	1567	94489281144
68719478784	107374182509	dGhpcw==	dGhpcw==	Tm9kZUxpYmN1cmwuRWFzeSo=	1568	111669149892
68719478785	107374182509	YnVmZmVy	YnVmZmVy	QnVmZmVy	1568	94489281145
68719478786	107374182509	ZW52	ZW52	TmFwaS5FbnY=	1568	94489281139
68719478787	107374182509	c2l6ZQ==	c2l6ZQ==	c2l6ZV90	1568	111669149894
68719478788	107374182509	ZW52	ZW52	TmFwaS5FbnY=	1568	94489281139
68719478789	107374182509	bm1lbWI=	bm1lbWI=	c2l6ZV90	1568	111669149895
68719478790	107374182509	YXN5bmNDb250ZXh0	YXN5bmNDb250ZXh0	TmFwaS5Bc3luY0NvbnRleHQ=	1569	94489281146
68719478791	107374182509	ZW52	ZW52	TmFwaS5FbnY=	1572	94489281139
68719478792	107374182509	ZXJyb3I=	ZXJyb3I=	TmFwaS5FcnJvcg==	1573	94489281148
68719478793	107374182509	ZW52	ZW52	TmFwaS5FbnY=	1573	94489281139
68719478794	107374182509	dGhpcw==	dGhpcw==	Tm9kZUxpYmN1cmwuRWFzeSo=	1575	111669149892
68719478795	107374182509	ZXJyb3I=	ZXJyb3I=	TmFwaS5FcnJvcg==	1575	94489281148
68719478796	107374182509	cmV0dXJuVmFsdWU=	cmV0dXJuVmFsdWU=	aW50MzJfdA==	1576	94489281143
68719478797	107374182509	cmVzdWx0	cmVzdWx0	TmFwaS5WYWx1ZQ==	1579	94489281147
68719478798	107374182509	dHlwZUVycm9y	dHlwZUVycm9y	TmFwaS5UeXBlRXJyb3I=	1580	94489281149
68719478799	107374182509	ZW52	ZW52	TmFwaS5FbnY=	1581	94489281139
68719478800	107374182509	dGhpcw==	dGhpcw==	Tm9kZUxpYmN1cmwuRWFzeSo=	1583	111669149892
68719478801	107374182509	dHlwZUVycm9y	dHlwZUVycm9y	TmFwaS5UeXBlRXJyb3I=	1583	94489281149
68719478802	107374182509	cmV0dXJuVmFsdWU=	cmV0dXJuVmFsdWU=	aW50MzJfdA==	1584	94489281143
68719478803	107374182509	cmV0dXJuVmFsdWU=	cmV0dXJuVmFsdWU=	aW50MzJfdA==	1587	94489281143
68719478804	107374182509	cmVzdWx0	cmVzdWx0	TmFwaS5WYWx1ZQ==	1587	94489281147
68719478805	107374182509	ZQ==	ZQ==	TmFwaS5FcnJvciY=	1589	94489281150
68719478806	107374182509	PHRtcD4y	PHRtcD4y	TmFwaS5FcnJvcg==	1589	94489281329
68719478807	107374182509	PHRtcD4y	PHRtcD4y	TmFwaS5FcnJvcg==	1589	94489281329
68719478808	107374182509	PHRtcD4y	PHRtcD4y	TmFwaS5FcnJvcg==	1589	94489281329
68719478809	107374182509	dGhpcw==	dGhpcw==	Tm9kZUxpYmN1cmwuRWFzeSo=	1590	111669149892
68719478810	107374182509	ZQ==	ZQ==	TmFwaS5FcnJvciY=	1590	94489281150
68719478811	107374182509	cmV0dXJuVmFsdWU=	cmV0dXJuVmFsdWU=	aW50MzJfdA==	1591	94489281143
68719478812	107374182509	cmV0dXJuVmFsdWU=	cmV0dXJuVmFsdWU=	aW50MzJfdA==	1594	94489281143
68719478813	107374182509	b2Jq	b2Jq	Tm9kZUxpYmN1cmwuRWFzeSo=	1600	94489281151
68719478814	107374182509	dXNlcmRhdGE=	dXNlcmRhdGE=	dm9pZCo=	1600	111669149900
68719478815	107374182509	cmV0dXJuVmFsdWU=	cmV0dXJuVmFsdWU=	aW50MzJfdA==	1602	94489281152
68719478816	107374182509	Q1VSTF9SRUFERlVOQ19BQk9SVA==	PHVua25vd24+IENVUkxfUkVBREZVTkNfQUJPUlQ=	QU5Z	1602	94489281322
68719478817	107374182509	ZmQ=	ZmQ=	aW50MzJfdA==	1603	94489281153
68719478818	107374182509	b2Jq	b2Jq	Tm9kZUxpYmN1cmwuRWFzeSo=	1603	94489281151
68719478819	107374182509	bg==	bg==	c2l6ZV90	1604	94489281154
68719478820	107374182509	c2l6ZQ==	c2l6ZQ==	c2l6ZV90	1604	111669149898
68719478821	107374182509	bm1lbWI=	bm1lbWI=	c2l6ZV90	1604	111669149899
68719478822	107374182509	aXQ=	aXQ=	QU5Z	1606	94489281155
68719478823	107374182509	b2Jq	b2Jq	Tm9kZUxpYmN1cmwuRWFzeSo=	1606	94489281151
68719478824	107374182509	Q1VSTE9QVF9SRUFERlVOQ1RJT04=	PHVua25vd24+IENVUkxPUFRfUkVBREZVTkNUSU9O	QU5Z	1606	94489281328
68719478825	107374182509	aXQ=	aXQ=	QU5Z	1609	94489281155
68719478826	107374182509	b2Jq	b2Jq	Tm9kZUxpYmN1cmwuRWFzeSo=	1609	94489281151
68719478827	107374182509	aXQ=	aXQ=	QU5Z	1609	94489281155
68719478828	107374182509	ZW52	ZW52	TmFwaS5FbnY=	1610	94489281156
68719478829	107374182509	b2Jq	b2Jq	Tm9kZUxpYmN1cmwuRWFzeSo=	1610	94489281151
68719478830	107374182509	c2NvcGU=	c2NvcGU=	TmFwaS5IYW5kbGVTY29wZQ==	1611	94489281157
68719478831	107374182509	PHRtcD4w	PHRtcD4w	TmFwaS5IYW5kbGVTY29wZQ==	1611	94489281327
68719478832	107374182509	PHRtcD4w	PHRtcD4w	TmFwaS5IYW5kbGVTY29wZQ==	1611	94489281327
68719478833	107374182509	ZW52	ZW52	TmFwaS5FbnY=	1611	94489281156
68719478834	107374182509	PHRtcD4w	PHRtcD4w	TmFwaS5IYW5kbGVTY29wZQ==	1611	94489281327
68719478835	107374182509	Y2I=	Y2I=	TmFwaS5GdW5jdGlvbg==	1614	94489281158
68719478836	107374182509	aXQ=	aXQ=	QU5Z	1614	94489281155
68719478837	107374182509	YnVmZmVy	YnVmZmVy	QnVmZmVy	1616	94489281159
68719478838	107374182509	ZW52	ZW52	TmFwaS5FbnY=	1616	94489281156
68719478839	107374182509	bg==	bg==	c2l6ZV90	1616	94489281154
68719478840	107374182509	YXN5bmNDb250ZXh0	YXN5bmNDb250ZXh0	TmFwaS5Bc3luY0NvbnRleHQ=	1619	94489281160
68719478841	107374182509	PHRtcD4x	PHRtcD4x	TmFwaS5Bc3luY0NvbnRleHQ=	1619	94489281326
68719478842	107374182509	PHRtcD4x	PHRtcD4x	TmFwaS5Bc3luY0NvbnRleHQ=	1619	94489281326
68719478843	107374182509	ZW52	ZW52	TmFwaS5FbnY=	1619	94489281156
68719478844	107374182509	PHRtcD4x	PHRtcD4x	TmFwaS5Bc3luY0NvbnRleHQ=	1619	94489281326
68719478845	107374182509	cmVzdWx0	cmVzdWx0	TmFwaS5WYWx1ZQ==	1621	94489281161
68719478846	107374182509	Y2I=	Y2I=	TmFwaS5GdW5jdGlvbg==	1621	94489281158
68719478847	107374182509	b2Jq	b2Jq	Tm9kZUxpYmN1cmwuRWFzeSo=	1622	94489281151
68719478848	107374182509	YnVmZmVy	YnVmZmVy	QnVmZmVy	1622	94489281159
68719478849	107374182509	ZW52	ZW52	TmFwaS5FbnY=	1622	94489281156
68719478850	107374182509	c2l6ZQ==	c2l6ZQ==	c2l6ZV90	1622	111669149898
68719478851	107374182509	ZW52	ZW52	TmFwaS5FbnY=	1622	94489281156
68719478852	107374182509	bm1lbWI=	bm1lbWI=	c2l6ZV90	1622	111669149899
68719478853	107374182509	YXN5bmNDb250ZXh0	YXN5bmNDb250ZXh0	TmFwaS5Bc3luY0NvbnRleHQ=	1623	94489281160
68719478854	107374182509	ZW52	ZW52	TmFwaS5FbnY=	1626	94489281156
68719478855	107374182509	ZXJyb3I=	ZXJyb3I=	TmFwaS5FcnJvcg==	1627	94489281162
68719478856	107374182509	ZW52	ZW52	TmFwaS5FbnY=	1627	94489281156
68719478857	107374182509	b2Jq	b2Jq	Tm9kZUxpYmN1cmwuRWFzeSo=	1629	94489281151
68719478858	107374182509	ZXJyb3I=	ZXJyb3I=	TmFwaS5FcnJvcg==	1629	94489281162
68719478859	107374182509	cmV0dXJuVmFsdWU=	cmV0dXJuVmFsdWU=	aW50MzJfdA==	1630	94489281152
68719478860	107374182509	cmVzdWx0	cmVzdWx0	TmFwaS5WYWx1ZQ==	1633	94489281161
68719478861	107374182509	dHlwZUVycm9y	dHlwZUVycm9y	TmFwaS5UeXBlRXJyb3I=	1634	94489281163
68719478862	107374182509	ZW52	ZW52	TmFwaS5FbnY=	1635	94489281156
68719478863	107374182509	b2Jq	b2Jq	Tm9kZUxpYmN1cmwuRWFzeSo=	1637	94489281151
68719478864	107374182509	dHlwZUVycm9y	dHlwZUVycm9y	TmFwaS5UeXBlRXJyb3I=	1637	94489281163
68719478865	107374182509	cmV0dXJuVmFsdWU=	cmV0dXJuVmFsdWU=	aW50MzJfdA==	1638	94489281152
68719478866	107374182509	cmV0dXJuVmFsdWU=	cmV0dXJuVmFsdWU=	aW50MzJfdA==	1641	94489281152
68719478867	107374182509	cmVzdWx0	cmVzdWx0	TmFwaS5WYWx1ZQ==	1641	94489281161
68719478868	107374182509	ZGF0YQ==	ZGF0YQ==	Y2hhcio=	1643	94489281164
68719478869	107374182509	YnVmZmVy	YnVmZmVy	QnVmZmVy	1643	94489281159
68719478870	107374182509	aGFzRGF0YQ==	aGFzRGF0YQ==	Ym9vbA==	1644	94489281165
68719478871	107374182509	ZGF0YQ==	ZGF0YQ==	Y2hhcio=	1644	94489281164
68719478872	107374182509	cmV0dXJuVmFsdWU=	cmV0dXJuVmFsdWU=	aW50MzJfdA==	1644	94489281152
68719478873	107374182509	cmV0dXJuVmFsdWU=	cmV0dXJuVmFsdWU=	aW50MzJfdA==	1644	94489281152
68719478874	107374182509	Q1VSTF9SRUFERlVOQ19BQk9SVA==	PHVua25vd24+IENVUkxfUkVBREZVTkNfQUJPUlQ=	QU5Z	1644	94489281322
68719478875	107374182509	aGFzRGF0YQ==	aGFzRGF0YQ==	Ym9vbA==	1646	94489281165
68719478876	107374182509	cHRy	cHRy	Y2hhcio=	1647	111669149897
68719478877	107374182509	ZGF0YQ==	ZGF0YQ==	Y2hhcio=	1647	94489281164
68719478878	107374182509	cmV0dXJuVmFsdWU=	cmV0dXJuVmFsdWU=	aW50MzJfdA==	1647	94489281152
68719478879	107374182509	ZQ==	ZQ==	TmFwaS5FcnJvciY=	1650	94489281166
68719478880	107374182509	PHRtcD4y	PHRtcD4y	TmFwaS5FcnJvcg==	1650	94489281325
68719478881	107374182509	PHRtcD4y	PHRtcD4y	TmFwaS5FcnJvcg==	1650	94489281325
68719478882	107374182509	PHRtcD4y	PHRtcD4y	TmFwaS5FcnJvcg==	1650	94489281325
68719478883	107374182509	b2Jq	b2Jq	Tm9kZUxpYmN1cmwuRWFzeSo=	1651	94489281151
68719478884	107374182509	ZQ==	ZQ==	TmFwaS5FcnJvciY=	1651	94489281166
68719478885	107374182509	cmV0dXJuVmFsdWU=	cmV0dXJuVmFsdWU=	aW50MzJfdA==	1652	94489281152
68719478886	107374182509	ZmQ=	ZmQ=	aW50MzJfdA==	1657	94489281153
68719478887	107374182509	Q1VSTF9SRUFERlVOQ19BQk9SVA==	PHVua25vd24+IENVUkxfUkVBREZVTkNfQUJPUlQ=	QU5Z	1658	94489281322
68719478888	107374182509	b2Zmc2V0	b2Zmc2V0	Y3VybF9vZmZfdA==	1662	94489281167
68719478889	107374182509	b2Jq	b2Jq	Tm9kZUxpYmN1cmwuRWFzeSo=	1662	94489281151
68719478890	107374182509	b2Zmc2V0	b2Zmc2V0	Y3VybF9vZmZfdA==	1663	94489281167
68719478891	107374182509	b2Jq	b2Jq	Tm9kZUxpYmN1cmwuRWFzeSo=	1664	94489281151
68719478892	107374182509	bg==	bg==	c2l6ZV90	1664	94489281154
68719478893	107374182509	bG9vcA==	bG9vcA==	dXZfbG9vcF90Kg==	1669	94489281169
68719478894	107374182509	bmFwaV9yZXN1bHQ=	bmFwaV9yZXN1bHQ=	QU5Z	1670	94489281170
68719478895	107374182509	b2Jq	b2Jq	Tm9kZUxpYmN1cmwuRWFzeSo=	1670	94489281151
68719478896	107374182509	bG9vcA==	bG9vcA==	dXZfbG9vcF90Kg==	1670	94489281169
68719478897	107374182509	bmFwaV9yZXN1bHQ=	bmFwaV9yZXN1bHQ=	QU5Z	1672	94489281170
68719478898	107374182509	bmFwaV9vaw==	PHVua25vd24+IG5hcGlfb2s=	QU5Z	1672	94489281324
68719478899	107374182509	Q1VSTF9SRUFERlVOQ19BQk9SVA==	PHVua25vd24+IENVUkxfUkVBREZVTkNfQUJPUlQ=	QU5Z	1673	94489281322
68719478900	107374182509	cmV0dXJuVmFsdWU=	cmV0dXJuVmFsdWU=	aW50MzJfdA==	1677	94489281152
68719478901	107374182509	bG9vcA==	bG9vcA==	dXZfbG9vcF90Kg==	1677	94489281169
68719478902	107374182509	cmVhZFJlcQ==	cmVhZFJlcQ==	dXZfZnNfdA==	1677	94489281168
68719478903	107374182509	ZmQ=	ZmQ=	aW50MzJfdA==	1677	94489281153
68719478904	107374182509	cHRy	cHRy	Y2hhcio=	1677	111669149897
68719478905	107374182509	bg==	bg==	c2l6ZV90	1677	94489281154
68719478906	107374182509	b2Zmc2V0	b2Zmc2V0	Y3VybF9vZmZfdA==	1677	94489281167
68719478907	107374182509	TlVMTA==	PHVua25vd24+IE5VTEw=	QU5Z	1677	94489281323
68719478908	107374182509	cmVhZFJlcQ==	cmVhZFJlcQ==	dXZfZnNfdA==	1683	94489281168
68719478909	107374182509	cmV0dXJuVmFsdWU=	cmV0dXJuVmFsdWU=	aW50MzJfdA==	1686	94489281152
68719478910	107374182509	Q1VSTF9SRUFERlVOQ19BQk9SVA==	PHVua25vd24+IENVUkxfUkVBREZVTkNfQUJPUlQ=	QU5Z	1687	94489281322
68719478911	107374182509	cmV0dXJuVmFsdWU=	cmV0dXJuVmFsdWU=	aW50MzJfdA==	1690	94489281152
68719478912	107374182509	Q1VSTF9SRUFERlVOQ19QQVVTRQ==	PHVua25vd24+IENVUkxfUkVBREZVTkNfUEFVU0U=	QU5Z	1690	94489281321
68719478913	107374182509	b2Jq	b2Jq	Tm9kZUxpYmN1cmwuRWFzeSo=	1691	94489281151
68719478914	107374182509	Q1VSTFBBVVNFX1NFTkQ=	PHVua25vd24+IENVUkxQQVVTRV9TRU5E	QU5Z	1691	94489281320
68719478915	107374182509	cmV0dXJuVmFsdWU=	cmV0dXJuVmFsdWU=	aW50MzJfdA==	1694	94489281152
68719478916	107374182509	b2Jq	b2Jq	Tm9kZUxpYmN1cmwuRWFzeSo=	1698	94489281171
68719478917	107374182509	dXNlcmRhdGE=	dXNlcmRhdGE=	dm9pZCo=	1698	111669149902
68719478918	107374182509	cmV0dXJuVmFsdWU=	cmV0dXJuVmFsdWU=	aW50MzJfdA==	1700	94489281172
68719478919	107374182509	Q1VSTF9TRUVLRlVOQ19GQUlM	PHVua25vd24+IENVUkxfU0VFS0ZVTkNfRkFJTA==	QU5Z	1700	94489281319
68719478920	107374182509	cmVhZEl0	cmVhZEl0	QU5Z	1702	94489281173
68719478921	107374182509	b2Jq	b2Jq	Tm9kZUxpYmN1cmwuRWFzeSo=	1702	94489281171
68719478922	107374182509	Q1VSTE9QVF9SRUFERlVOQ1RJT04=	PHVua25vd24+IENVUkxPUFRfUkVBREZVTkNUSU9O	QU5Z	1702	94489281318
68719478923	107374182509	cmVhZEl0	cmVhZEl0	QU5Z	1705	94489281173
68719478924	107374182509	b2Jq	b2Jq	Tm9kZUxpYmN1cmwuRWFzeSo=	1705	94489281171
68719478925	107374182509	c2Vla0l0	c2Vla0l0	QU5Z	1706	94489281174
68719478926	107374182509	b2Jq	b2Jq	Tm9kZUxpYmN1cmwuRWFzeSo=	1706	94489281171
68719478927	107374182509	Q1VSTE9QVF9TRUVLRlVOQ1RJT04=	PHVua25vd24+IENVUkxPUFRfU0VFS0ZVTkNUSU9O	QU5Z	1706	94489281317
68719478928	107374182509	c2Vla0l0	c2Vla0l0	QU5Z	1708	94489281174
68719478929	107374182509	b2Jq	b2Jq	Tm9kZUxpYmN1cmwuRWFzeSo=	1708	94489281171
68719478930	107374182509	c2Vla0l0	c2Vla0l0	QU5Z	1708	94489281174
68719478931	107374182509	ZW52	ZW52	TmFwaS5FbnY=	1709	94489281175
68719478932	107374182509	b2Jq	b2Jq	Tm9kZUxpYmN1cmwuRWFzeSo=	1709	94489281171
68719478933	107374182509	c2NvcGU=	c2NvcGU=	TmFwaS5IYW5kbGVTY29wZQ==	1710	94489281176
68719478934	107374182509	PHRtcD4w	PHRtcD4w	TmFwaS5IYW5kbGVTY29wZQ==	1710	94489281316
68719478935	107374182509	PHRtcD4w	PHRtcD4w	TmFwaS5IYW5kbGVTY29wZQ==	1710	94489281316
68719478936	107374182509	ZW52	ZW52	TmFwaS5FbnY=	1710	94489281175
68719478937	107374182509	PHRtcD4w	PHRtcD4w	TmFwaS5IYW5kbGVTY29wZQ==	1710	94489281316
68719478938	107374182509	Y2I=	Y2I=	TmFwaS5GdW5jdGlvbg==	1713	94489281177
68719478939	107374182509	c2Vla0l0	c2Vla0l0	QU5Z	1713	94489281174
68719478940	107374182509	YXN5bmNDb250ZXh0	YXN5bmNDb250ZXh0	TmFwaS5Bc3luY0NvbnRleHQ=	1716	94489281178
68719478941	107374182509	PHRtcD4x	PHRtcD4x	TmFwaS5Bc3luY0NvbnRleHQ=	1716	94489281315
68719478942	107374182509	PHRtcD4x	PHRtcD4x	TmFwaS5Bc3luY0NvbnRleHQ=	1716	94489281315
68719478943	107374182509	ZW52	ZW52	TmFwaS5FbnY=	1716	94489281175
68719478944	107374182509	PHRtcD4x	PHRtcD4x	TmFwaS5Bc3luY0NvbnRleHQ=	1716	94489281315
68719478945	107374182509	cmVzdWx0	cmVzdWx0	TmFwaS5WYWx1ZQ==	1718	94489281179
68719478946	107374182509	Y2I=	Y2I=	TmFwaS5GdW5jdGlvbg==	1719	94489281177
68719478947	107374182509	b2Jq	b2Jq	Tm9kZUxpYmN1cmwuRWFzeSo=	1719	94489281171
68719478948	107374182509	ZW52	ZW52	TmFwaS5FbnY=	1720	94489281175
68719478949	107374182509	b2Zmc2V0	b2Zmc2V0	Y3VybF9vZmZfdA==	1720	111669149903
68719478950	107374182509	ZW52	ZW52	TmFwaS5FbnY=	1721	94489281175
68719478951	107374182509	b3JpZ2lu	b3JpZ2lu	aW50	1721	111669149904
68719478952	107374182509	YXN5bmNDb250ZXh0	YXN5bmNDb250ZXh0	TmFwaS5Bc3luY0NvbnRleHQ=	1722	94489281178
68719478953	107374182509	ZW52	ZW52	TmFwaS5FbnY=	1725	94489281175
68719478954	107374182509	ZXJyb3I=	ZXJyb3I=	TmFwaS5FcnJvcg==	1726	94489281180
68719478955	107374182509	ZW52	ZW52	TmFwaS5FbnY=	1726	94489281175
68719478956	107374182509	b2Jq	b2Jq	Tm9kZUxpYmN1cmwuRWFzeSo=	1728	94489281171
68719478957	107374182509	ZXJyb3I=	ZXJyb3I=	TmFwaS5FcnJvcg==	1728	94489281180
68719478958	107374182509	cmV0dXJuVmFsdWU=	cmV0dXJuVmFsdWU=	aW50MzJfdA==	1729	94489281172
68719478959	107374182509	cmVzdWx0	cmVzdWx0	TmFwaS5WYWx1ZQ==	1732	94489281179
68719478960	107374182509	dHlwZUVycm9y	dHlwZUVycm9y	TmFwaS5UeXBlRXJyb3I=	1733	94489281181
68719478961	107374182509	ZW52	ZW52	TmFwaS5FbnY=	1734	94489281175
68719478962	107374182509	b2Jq	b2Jq	Tm9kZUxpYmN1cmwuRWFzeSo=	1736	94489281171
68719478963	107374182509	dHlwZUVycm9y	dHlwZUVycm9y	TmFwaS5UeXBlRXJyb3I=	1736	94489281181
68719478964	107374182509	cmV0dXJuVmFsdWU=	cmV0dXJuVmFsdWU=	aW50MzJfdA==	1737	94489281172
68719478965	107374182509	cmV0dXJuVmFsdWU=	cmV0dXJuVmFsdWU=	aW50MzJfdA==	1740	94489281172
68719478966	107374182509	cmVzdWx0	cmVzdWx0	TmFwaS5WYWx1ZQ==	1740	94489281179
68719478967	107374182509	ZQ==	ZQ==	TmFwaS5FcnJvciY=	1742	94489281182
68719478968	107374182509	PHRtcD4y	PHRtcD4y	TmFwaS5FcnJvcg==	1742	94489281314
68719478969	107374182509	PHRtcD4y	PHRtcD4y	TmFwaS5FcnJvcg==	1742	94489281314
68719478970	107374182509	PHRtcD4y	PHRtcD4y	TmFwaS5FcnJvcg==	1742	94489281314
68719478971	107374182509	b2Jq	b2Jq	Tm9kZUxpYmN1cmwuRWFzeSo=	1743	94489281171
68719478972	107374182509	ZQ==	ZQ==	TmFwaS5FcnJvciY=	1743	94489281182
68719478973	107374182509	cmV0dXJuVmFsdWU=	cmV0dXJuVmFsdWU=	aW50MzJfdA==	1744	94489281172
68719478974	107374182509	cmV0dXJuVmFsdWU=	cmV0dXJuVmFsdWU=	aW50MzJfdA==	1749	94489281172
68719478975	107374182509	Q1VSTF9TRUVLRlVOQ19DQU5UU0VFSw==	PHVua25vd24+IENVUkxfU0VFS0ZVTkNfQ0FOVFNFRUs=	QU5Z	1749	94489281313
68719478976	107374182509	b2Jq	b2Jq	Tm9kZUxpYmN1cmwuRWFzeSo=	1754	94489281171
68719478977	107374182509	b2Zmc2V0	b2Zmc2V0	Y3VybF9vZmZfdA==	1754	111669149903
68719478978	107374182509	cmV0dXJuVmFsdWU=	cmV0dXJuVmFsdWU=	aW50MzJfdA==	1755	94489281172
68719478979	107374182509	Q1VSTF9TRUVLRlVOQ19PSw==	PHVua25vd24+IENVUkxfU0VFS0ZVTkNfT0s=	QU5Z	1755	94489281312
68719478980	107374182509	cmV0dXJuVmFsdWU=	cmV0dXJuVmFsdWU=	aW50MzJfdA==	1758	94489281172
68719478981	107374182509	b2Jq	b2Jq	Tm9kZUxpYmN1cmwuRWFzeSo=	1762	94489281183
68719478982	107374182509	cHRy	cHRy	dm9pZCo=	1762	111669149907
68719478983	107374182509	b2Jq	b2Jq	Tm9kZUxpYmN1cmwuRWFzeSo=	1764	94489281183
68719478984	107374182509	aXQ=	aXQ=	QU5Z	1767	94489281184
68719478985	107374182509	b2Jq	b2Jq	Tm9kZUxpYmN1cmwuRWFzeSo=	1767	94489281183
68719478986	107374182509	Q1VSTE9QVF9DSFVOS19CR05fRlVOQ1RJT04=	PHVua25vd24+IENVUkxPUFRfQ0hVTktfQkdOX0ZVTkNUSU9O	QU5Z	1767	94489281311
68719478987	107374182509	aXQ=	aXQ=	QU5Z	1768	94489281184
68719478988	107374182509	b2Jq	b2Jq	Tm9kZUxpYmN1cmwuRWFzeSo=	1768	94489281183
68719478989	107374182509	cmV0dXJuVmFsdWU=	cmV0dXJuVmFsdWU=	aW50MzJfdA==	1770	94489281185
68719478990	107374182509	Q1VSTF9DSFVOS19CR05fRlVOQ19GQUlM	PHVua25vd24+IENVUkxfQ0hVTktfQkdOX0ZVTkNfRkFJTA==	QU5Z	1770	94489281310
68719478991	107374182509	ZW52	ZW52	TmFwaS5FbnY=	1773	94489281186
68719478992	107374182509	b2Jq	b2Jq	Tm9kZUxpYmN1cmwuRWFzeSo=	1773	94489281183
68719478993	107374182509	c2NvcGU=	c2NvcGU=	TmFwaS5IYW5kbGVTY29wZQ==	1774	94489281187
68719478994	107374182509	PHRtcD4w	PHRtcD4w	TmFwaS5IYW5kbGVTY29wZQ==	1774	94489281309
68719478995	107374182509	PHRtcD4w	PHRtcD4w	TmFwaS5IYW5kbGVTY29wZQ==	1774	94489281309
68719478996	107374182509	ZW52	ZW52	TmFwaS5FbnY=	1774	94489281186
68719478997	107374182509	PHRtcD4w	PHRtcD4w	TmFwaS5IYW5kbGVTY29wZQ==	1774	94489281309
68719478998	107374182509	Y2I=	Y2I=	TmFwaS5GdW5jdGlvbg==	1776	94489281188
68719478999	107374182509	aXQ=	aXQ=	QU5Z	1776	94489281184
68719479000	107374182509	ZmlsZUluZm9PYmo=	ZmlsZUluZm9PYmo=	TmFwaS5PYmplY3Q=	1778	94489281189
68719479001	107374182509	ZW52	ZW52	TmFwaS5FbnY=	1778	94489281186
68719479002	107374182509	dHJhbnNmZXJJbmZv	dHJhbnNmZXJJbmZv	Y3VybF9maWxlaW5mbyo=	1778	111669149906
68719479003	107374182509	cmVtYWluc0FyZw==	cmVtYWluc0FyZw==	TmFwaS5OdW1iZXI=	1779	94489281190
68719479004	107374182509	ZW52	ZW52	TmFwaS5FbnY=	1779	94489281186
68719479005	107374182509	cmVtYWlucw==	cmVtYWlucw==	aW50	1779	111669149908
68719479006	107374182509	YXN5bmNDb250ZXh0	YXN5bmNDb250ZXh0	TmFwaS5Bc3luY0NvbnRleHQ=	1782	94489281191
68719479007	107374182509	PHRtcD4x	PHRtcD4x	TmFwaS5Bc3luY0NvbnRleHQ=	1782	94489281308
68719479008	107374182509	PHRtcD4x	PHRtcD4x	TmFwaS5Bc3luY0NvbnRleHQ=	1782	94489281308
68719479009	107374182509	ZW52	ZW52	TmFwaS5FbnY=	1782	94489281186
68719479010	107374182509	PHRtcD4x	PHRtcD4x	TmFwaS5Bc3luY0NvbnRleHQ=	1782	94489281308
68719479011	107374182509	cmVzdWx0	cmVzdWx0	TmFwaS5WYWx1ZQ==	1784	94489281192
68719479012	107374182509	Y2I=	Y2I=	TmFwaS5GdW5jdGlvbg==	1784	94489281188
68719479013	107374182509	b2Jq	b2Jq	Tm9kZUxpYmN1cmwuRWFzeSo=	1784	94489281183
68719479014	107374182509	ZmlsZUluZm9PYmo=	ZmlsZUluZm9PYmo=	TmFwaS5PYmplY3Q=	1784	94489281189
68719479015	107374182509	cmVtYWluc0FyZw==	cmVtYWluc0FyZw==	TmFwaS5OdW1iZXI=	1784	94489281190
68719479016	107374182509	YXN5bmNDb250ZXh0	YXN5bmNDb250ZXh0	TmFwaS5Bc3luY0NvbnRleHQ=	1784	94489281191
68719479017	107374182509	ZW52	ZW52	TmFwaS5FbnY=	1787	94489281186
68719479018	107374182509	ZXJyb3I=	ZXJyb3I=	TmFwaS5FcnJvcg==	1788	94489281193
68719479019	107374182509	ZW52	ZW52	TmFwaS5FbnY=	1788	94489281186
68719479020	107374182509	b2Jq	b2Jq	Tm9kZUxpYmN1cmwuRWFzeSo=	1789	94489281183
68719479021	107374182509	ZXJyb3I=	ZXJyb3I=	TmFwaS5FcnJvcg==	1789	94489281193
68719479022	107374182509	cmV0dXJuVmFsdWU=	cmV0dXJuVmFsdWU=	aW50MzJfdA==	1790	94489281185
68719479023	107374182509	cmVzdWx0	cmVzdWx0	TmFwaS5WYWx1ZQ==	1793	94489281192
68719479024	107374182509	cmVzdWx0	cmVzdWx0	TmFwaS5WYWx1ZQ==	1793	94489281192
68719479025	107374182509	dHlwZUVycm9y	dHlwZUVycm9y	TmFwaS5UeXBlRXJyb3I=	1794	94489281194
68719479026	107374182509	ZW52	ZW52	TmFwaS5FbnY=	1795	94489281186
68719479027	107374182509	b2Jq	b2Jq	Tm9kZUxpYmN1cmwuRWFzeSo=	1796	94489281183
68719479028	107374182509	dHlwZUVycm9y	dHlwZUVycm9y	TmFwaS5UeXBlRXJyb3I=	1796	94489281194
68719479029	107374182509	cmV0dXJuVmFsdWU=	cmV0dXJuVmFsdWU=	aW50MzJfdA==	1798	94489281185
68719479030	107374182509	cmVzdWx0	cmVzdWx0	TmFwaS5WYWx1ZQ==	1798	94489281192
68719479031	107374182509	cmV0dXJuVmFsdWU=	cmV0dXJuVmFsdWU=	aW50MzJfdA==	1801	94489281185
68719479032	107374182509	ZQ==	ZQ==	TmFwaS5FcnJvciY=	1803	94489281195
68719479033	107374182509	PHRtcD4y	PHRtcD4y	TmFwaS5FcnJvcg==	1803	94489281307
68719479034	107374182509	PHRtcD4y	PHRtcD4y	TmFwaS5FcnJvcg==	1803	94489281307
68719479035	107374182509	PHRtcD4y	PHRtcD4y	TmFwaS5FcnJvcg==	1803	94489281307
68719479036	107374182509	b2Jq	b2Jq	Tm9kZUxpYmN1cmwuRWFzeSo=	1804	94489281183
68719479037	107374182509	ZQ==	ZQ==	TmFwaS5FcnJvciY=	1804	94489281195
68719479038	107374182509	cmV0dXJuVmFsdWU=	cmV0dXJuVmFsdWU=	aW50MzJfdA==	1805	94489281185
68719479039	107374182509	b2Jq	b2Jq	Tm9kZUxpYmN1cmwuRWFzeSo=	1810	94489281196
68719479040	107374182509	cHRy	cHRy	dm9pZCo=	1810	111669149910
68719479041	107374182509	b2Jq	b2Jq	Tm9kZUxpYmN1cmwuRWFzeSo=	1812	94489281196
68719479042	107374182509	aXQ=	aXQ=	QU5Z	1815	94489281197
68719479043	107374182509	b2Jq	b2Jq	Tm9kZUxpYmN1cmwuRWFzeSo=	1815	94489281196
68719479044	107374182509	Q1VSTE9QVF9DSFVOS19FTkRfRlVOQ1RJT04=	PHVua25vd24+IENVUkxPUFRfQ0hVTktfRU5EX0ZVTkNUSU9O	QU5Z	1815	94489281306
68719479045	107374182509	aXQ=	aXQ=	QU5Z	1816	94489281197
68719479046	107374182509	b2Jq	b2Jq	Tm9kZUxpYmN1cmwuRWFzeSo=	1816	94489281196
68719479047	107374182509	cmV0dXJuVmFsdWU=	cmV0dXJuVmFsdWU=	aW50MzJfdA==	1818	94489281198
68719479048	107374182509	Q1VSTF9DSFVOS19FTkRfRlVOQ19GQUlM	PHVua25vd24+IENVUkxfQ0hVTktfRU5EX0ZVTkNfRkFJTA==	QU5Z	1818	94489281305
68719479049	107374182509	ZW52	ZW52	TmFwaS5FbnY=	1821	94489281199
68719479050	107374182509	b2Jq	b2Jq	Tm9kZUxpYmN1cmwuRWFzeSo=	1821	94489281196
68719479051	107374182509	c2NvcGU=	c2NvcGU=	TmFwaS5IYW5kbGVTY29wZQ==	1822	94489281200
68719479052	107374182509	PHRtcD4w	PHRtcD4w	TmFwaS5IYW5kbGVTY29wZQ==	1822	94489281304
68719479053	107374182509	PHRtcD4w	PHRtcD4w	TmFwaS5IYW5kbGVTY29wZQ==	1822	94489281304
68719479054	107374182509	ZW52	ZW52	TmFwaS5FbnY=	1822	94489281199
68719479055	107374182509	PHRtcD4w	PHRtcD4w	TmFwaS5IYW5kbGVTY29wZQ==	1822	94489281304
68719479056	107374182509	Y2I=	Y2I=	TmFwaS5GdW5jdGlvbg==	1824	94489281201
68719479057	107374182509	aXQ=	aXQ=	QU5Z	1824	94489281197
68719479058	107374182509	YXN5bmNDb250ZXh0	YXN5bmNDb250ZXh0	TmFwaS5Bc3luY0NvbnRleHQ=	1827	94489281202
68719479059	107374182509	PHRtcD4x	PHRtcD4x	TmFwaS5Bc3luY0NvbnRleHQ=	1827	94489281303
68719479060	107374182509	PHRtcD4x	PHRtcD4x	TmFwaS5Bc3luY0NvbnRleHQ=	1827	94489281303
68719479061	107374182509	ZW52	ZW52	TmFwaS5FbnY=	1827	94489281199
68719479062	107374182509	PHRtcD4x	PHRtcD4x	TmFwaS5Bc3luY0NvbnRleHQ=	1827	94489281303
68719479063	107374182509	cmVzdWx0	cmVzdWx0	TmFwaS5WYWx1ZQ==	1829	94489281203
68719479064	107374182509	Y2I=	Y2I=	TmFwaS5GdW5jdGlvbg==	1829	94489281201
68719479065	107374182509	b2Jq	b2Jq	Tm9kZUxpYmN1cmwuRWFzeSo=	1829	94489281196
68719479066	107374182509	YXN5bmNDb250ZXh0	YXN5bmNDb250ZXh0	TmFwaS5Bc3luY0NvbnRleHQ=	1829	94489281202
68719479067	107374182509	ZW52	ZW52	TmFwaS5FbnY=	1832	94489281199
68719479068	107374182509	ZXJyb3I=	ZXJyb3I=	TmFwaS5FcnJvcg==	1833	94489281204
68719479069	107374182509	ZW52	ZW52	TmFwaS5FbnY=	1833	94489281199
68719479070	107374182509	b2Jq	b2Jq	Tm9kZUxpYmN1cmwuRWFzeSo=	1834	94489281196
68719479071	107374182509	ZXJyb3I=	ZXJyb3I=	TmFwaS5FcnJvcg==	1834	94489281204
68719479072	107374182509	cmV0dXJuVmFsdWU=	cmV0dXJuVmFsdWU=	aW50MzJfdA==	1835	94489281198
68719479073	107374182509	cmVzdWx0	cmVzdWx0	TmFwaS5WYWx1ZQ==	1838	94489281203
68719479074	107374182509	cmVzdWx0	cmVzdWx0	TmFwaS5WYWx1ZQ==	1838	94489281203
68719479075	107374182509	dHlwZUVycm9y	dHlwZUVycm9y	TmFwaS5UeXBlRXJyb3I=	1839	94489281205
68719479076	107374182509	ZW52	ZW52	TmFwaS5FbnY=	1840	94489281199
68719479077	107374182509	b2Jq	b2Jq	Tm9kZUxpYmN1cmwuRWFzeSo=	1841	94489281196
68719479078	107374182509	dHlwZUVycm9y	dHlwZUVycm9y	TmFwaS5UeXBlRXJyb3I=	1841	94489281205
68719479079	107374182509	cmV0dXJuVmFsdWU=	cmV0dXJuVmFsdWU=	aW50MzJfdA==	1843	94489281198
68719479080	107374182509	cmVzdWx0	cmVzdWx0	TmFwaS5WYWx1ZQ==	1843	94489281203
68719479081	107374182509	cmV0dXJuVmFsdWU=	cmV0dXJuVmFsdWU=	aW50MzJfdA==	1846	94489281198
68719479082	107374182509	ZQ==	ZQ==	TmFwaS5FcnJvciY=	1848	94489281206
68719479083	107374182509	PHRtcD4y	PHRtcD4y	TmFwaS5FcnJvcg==	1848	94489281302
68719479084	107374182509	PHRtcD4y	PHRtcD4y	TmFwaS5FcnJvcg==	1848	94489281302
68719479085	107374182509	PHRtcD4y	PHRtcD4y	TmFwaS5FcnJvcg==	1848	94489281302
68719479086	107374182509	b2Jq	b2Jq	Tm9kZUxpYmN1cmwuRWFzeSo=	1849	94489281196
68719479087	107374182509	ZQ==	ZQ==	TmFwaS5FcnJvciY=	1849	94489281206
68719479088	107374182509	cmV0dXJuVmFsdWU=	cmV0dXJuVmFsdWU=	aW50MzJfdA==	1850	94489281198
68719479089	107374182509	b2Jq	b2Jq	Tm9kZUxpYmN1cmwuRWFzeSo=	1855	94489281207
68719479090	107374182509	dXNlcnB0cg==	dXNlcnB0cg==	dm9pZCo=	1855	111669149916
68719479091	107374182509	b2Jq	b2Jq	Tm9kZUxpYmN1cmwuRWFzeSo=	1857	94489281207
68719479092	107374182509	aXQ=	aXQ=	QU5Z	1860	94489281208
68719479093	107374182509	b2Jq	b2Jq	Tm9kZUxpYmN1cmwuRWFzeSo=	1860	94489281207
68719479094	107374182509	Q1VSTE9QVF9ERUJVR0ZVTkNUSU9O	PHVua25vd24+IENVUkxPUFRfREVCVUdGVU5DVElPTg==	QU5Z	1860	94489281301
68719479095	107374182509	aXQ=	aXQ=	QU5Z	1861	94489281208
68719479096	107374182509	b2Jq	b2Jq	Tm9kZUxpYmN1cmwuRWFzeSo=	1861	94489281207
68719479097	107374182509	cmV0dXJuVmFsdWU=	cmV0dXJuVmFsdWU=	aW50MzJfdA==	1863	94489281209
68719479098	107374182509	ZW52	ZW52	TmFwaS5FbnY=	1866	94489281210
68719479099	107374182509	b2Jq	b2Jq	Tm9kZUxpYmN1cmwuRWFzeSo=	1866	94489281207
68719479100	107374182509	c2NvcGU=	c2NvcGU=	TmFwaS5IYW5kbGVTY29wZQ==	1867	94489281211
68719479101	107374182509	PHRtcD4w	PHRtcD4w	TmFwaS5IYW5kbGVTY29wZQ==	1867	94489281300
68719479102	107374182509	PHRtcD4w	PHRtcD4w	TmFwaS5IYW5kbGVTY29wZQ==	1867	94489281300
68719479103	107374182509	ZW52	ZW52	TmFwaS5FbnY=	1867	94489281210
68719479104	107374182509	PHRtcD4w	PHRtcD4w	TmFwaS5IYW5kbGVTY29wZQ==	1867	94489281300
68719479105	107374182509	Y2I=	Y2I=	TmFwaS5GdW5jdGlvbg==	1869	94489281212
68719479106	107374182509	aXQ=	aXQ=	QU5Z	1869	94489281208
68719479107	107374182509	dHlwZUFyZw==	dHlwZUFyZw==	TmFwaS5OdW1iZXI=	1871	94489281213
68719479108	107374182509	ZW52	ZW52	TmFwaS5FbnY=	1871	94489281210
68719479109	107374182509	dHlwZQ==	dHlwZQ==	Y3VybF9pbmZvdHlwZQ==	1871	111669149913
68719479110	107374182509	YnVmZmVyQXJn	YnVmZmVyQXJn	QnVmZmVy	1872	94489281214
68719479111	107374182509	ZW52	ZW52	TmFwaS5FbnY=	1872	94489281210
68719479112	107374182509	ZGF0YQ==	ZGF0YQ==	Y2hhcio=	1872	111669149914
68719479113	107374182509	c2l6ZQ==	c2l6ZQ==	c2l6ZV90	1872	111669149915
68719479114	107374182509	YXN5bmNDb250ZXh0	YXN5bmNDb250ZXh0	TmFwaS5Bc3luY0NvbnRleHQ=	1875	94489281215
68719479115	107374182509	PHRtcD4x	PHRtcD4x	TmFwaS5Bc3luY0NvbnRleHQ=	1875	94489281299
68719479116	107374182509	PHRtcD4x	PHRtcD4x	TmFwaS5Bc3luY0NvbnRleHQ=	1875	94489281299
68719479117	107374182509	ZW52	ZW52	TmFwaS5FbnY=	1875	94489281210
68719479118	107374182509	PHRtcD4x	PHRtcD4x	TmFwaS5Bc3luY0NvbnRleHQ=	1875	94489281299
68719479119	107374182509	cmVzdWx0	cmVzdWx0	TmFwaS5WYWx1ZQ==	1877	94489281216
68719479120	107374182509	Y2I=	Y2I=	TmFwaS5GdW5jdGlvbg==	1877	94489281212
68719479121	107374182509	b2Jq	b2Jq	Tm9kZUxpYmN1cmwuRWFzeSo=	1877	94489281207
68719479122	107374182509	dHlwZUFyZw==	dHlwZUFyZw==	TmFwaS5OdW1iZXI=	1877	94489281213
68719479123	107374182509	YnVmZmVyQXJn	YnVmZmVyQXJn	QnVmZmVy	1877	94489281214
68719479124	107374182509	YXN5bmNDb250ZXh0	YXN5bmNDb250ZXh0	TmFwaS5Bc3luY0NvbnRleHQ=	1877	94489281215
68719479125	107374182509	ZW52	ZW52	TmFwaS5FbnY=	1880	94489281210
68719479126	107374182509	ZXJyb3I=	ZXJyb3I=	TmFwaS5FcnJvcg==	1881	94489281217
68719479127	107374182509	ZW52	ZW52	TmFwaS5FbnY=	1881	94489281210
68719479128	107374182509	b2Jq	b2Jq	Tm9kZUxpYmN1cmwuRWFzeSo=	1882	94489281207
68719479129	107374182509	ZXJyb3I=	ZXJyb3I=	TmFwaS5FcnJvcg==	1882	94489281217
68719479130	107374182509	cmV0dXJuVmFsdWU=	cmV0dXJuVmFsdWU=	aW50MzJfdA==	1883	94489281209
68719479131	107374182509	cmVzdWx0	cmVzdWx0	TmFwaS5WYWx1ZQ==	1886	94489281216
68719479132	107374182509	cmVzdWx0	cmVzdWx0	TmFwaS5WYWx1ZQ==	1886	94489281216
68719479133	107374182509	dHlwZUVycm9y	dHlwZUVycm9y	TmFwaS5UeXBlRXJyb3I=	1887	94489281218
68719479134	107374182509	ZW52	ZW52	TmFwaS5FbnY=	1888	94489281210
68719479135	107374182509	b2Jq	b2Jq	Tm9kZUxpYmN1cmwuRWFzeSo=	1889	94489281207
68719479136	107374182509	dHlwZUVycm9y	dHlwZUVycm9y	TmFwaS5UeXBlRXJyb3I=	1889	94489281218
68719479137	107374182509	cmV0dXJuVmFsdWU=	cmV0dXJuVmFsdWU=	aW50MzJfdA==	1891	94489281209
68719479138	107374182509	cmVzdWx0	cmVzdWx0	TmFwaS5WYWx1ZQ==	1891	94489281216
68719479139	107374182509	cmV0dXJuVmFsdWU=	cmV0dXJuVmFsdWU=	aW50MzJfdA==	1894	94489281209
68719479140	107374182509	ZQ==	ZQ==	TmFwaS5FcnJvciY=	1896	94489281219
68719479141	107374182509	PHRtcD4y	PHRtcD4y	TmFwaS5FcnJvcg==	1896	94489281298
68719479142	107374182509	PHRtcD4y	PHRtcD4y	TmFwaS5FcnJvcg==	1896	94489281298
68719479143	107374182509	PHRtcD4y	PHRtcD4y	TmFwaS5FcnJvcg==	1896	94489281298
68719479144	107374182509	b2Jq	b2Jq	Tm9kZUxpYmN1cmwuRWFzeSo=	1897	94489281207
68719479145	107374182509	ZQ==	ZQ==	TmFwaS5FcnJvciY=	1897	94489281219
68719479146	107374182509	cmV0dXJuVmFsdWU=	cmV0dXJuVmFsdWU=	aW50MzJfdA==	1898	94489281209
68719479147	107374182509	b2Jq	b2Jq	Tm9kZUxpYmN1cmwuRWFzeSo=	1903	94489281220
68719479148	107374182509	cHRy	cHRy	dm9pZCo=	1903	111669149918
68719479149	107374182509	b2Jq	b2Jq	Tm9kZUxpYmN1cmwuRWFzeSo=	1905	94489281220
68719479150	107374182509	aXQ=	aXQ=	QU5Z	1908	94489281221
68719479151	107374182509	b2Jq	b2Jq	Tm9kZUxpYmN1cmwuRWFzeSo=	1908	94489281220
68719479152	107374182509	Q1VSTE9QVF9GTk1BVENIX0ZVTkNUSU9O	PHVua25vd24+IENVUkxPUFRfRk5NQVRDSF9GVU5DVElPTg==	QU5Z	1908	94489281297
68719479153	107374182509	aXQ=	aXQ=	QU5Z	1909	94489281221
68719479154	107374182509	b2Jq	b2Jq	Tm9kZUxpYmN1cmwuRWFzeSo=	1909	94489281220
68719479155	107374182509	cmV0dXJuVmFsdWU=	cmV0dXJuVmFsdWU=	aW50MzJfdA==	1911	94489281222
68719479156	107374182509	Q1VSTF9GTk1BVENIRlVOQ19GQUlM	PHVua25vd24+IENVUkxfRk5NQVRDSEZVTkNfRkFJTA==	QU5Z	1911	94489281296
68719479157	107374182509	ZW52	ZW52	TmFwaS5FbnY=	1914	94489281223
68719479158	107374182509	b2Jq	b2Jq	Tm9kZUxpYmN1cmwuRWFzeSo=	1914	94489281220
68719479159	107374182509	c2NvcGU=	c2NvcGU=	TmFwaS5IYW5kbGVTY29wZQ==	1915	94489281224
68719479160	107374182509	PHRtcD4w	PHRtcD4w	TmFwaS5IYW5kbGVTY29wZQ==	1915	94489281295
68719479161	107374182509	PHRtcD4w	PHRtcD4w	TmFwaS5IYW5kbGVTY29wZQ==	1915	94489281295
68719479162	107374182509	ZW52	ZW52	TmFwaS5FbnY=	1915	94489281223
68719479163	107374182509	PHRtcD4w	PHRtcD4w	TmFwaS5IYW5kbGVTY29wZQ==	1915	94489281295
68719479164	107374182509	Y2I=	Y2I=	TmFwaS5GdW5jdGlvbg==	1917	94489281225
68719479165	107374182509	aXQ=	aXQ=	QU5Z	1917	94489281221
68719479166	107374182509	cGF0dGVyblN0cg==	cGF0dGVyblN0cg==	TmFwaS5TdHJpbmc=	1919	94489281226
68719479167	107374182509	ZW52	ZW52	TmFwaS5FbnY=	1919	94489281223
68719479168	107374182509	cGF0dGVybg==	cGF0dGVybg==	Y2hhcio=	1919	111669149919
68719479169	107374182509	c3RyaW5nU3Ry	c3RyaW5nU3Ry	TmFwaS5TdHJpbmc=	1920	94489281227
68719479170	107374182509	ZW52	ZW52	TmFwaS5FbnY=	1920	94489281223
68719479171	107374182509	c3RyaW5n	c3RyaW5n	Y2hhcio=	1920	111669149920
68719479172	107374182509	YXN5bmNDb250ZXh0	YXN5bmNDb250ZXh0	TmFwaS5Bc3luY0NvbnRleHQ=	1923	94489281228
68719479173	107374182509	PHRtcD4x	PHRtcD4x	TmFwaS5Bc3luY0NvbnRleHQ=	1923	94489281294
68719479174	107374182509	PHRtcD4x	PHRtcD4x	TmFwaS5Bc3luY0NvbnRleHQ=	1923	94489281294
68719479175	107374182509	ZW52	ZW52	TmFwaS5FbnY=	1923	94489281223
68719479176	107374182509	PHRtcD4x	PHRtcD4x	TmFwaS5Bc3luY0NvbnRleHQ=	1923	94489281294
68719479177	107374182509	cmVzdWx0	cmVzdWx0	TmFwaS5WYWx1ZQ==	1925	94489281229
68719479178	107374182509	Y2I=	Y2I=	TmFwaS5GdW5jdGlvbg==	1925	94489281225
68719479179	107374182509	b2Jq	b2Jq	Tm9kZUxpYmN1cmwuRWFzeSo=	1925	94489281220
68719479180	107374182509	cGF0dGVyblN0cg==	cGF0dGVyblN0cg==	TmFwaS5TdHJpbmc=	1925	94489281226
68719479181	107374182509	c3RyaW5nU3Ry	c3RyaW5nU3Ry	TmFwaS5TdHJpbmc=	1925	94489281227
68719479182	107374182509	YXN5bmNDb250ZXh0	YXN5bmNDb250ZXh0	TmFwaS5Bc3luY0NvbnRleHQ=	1925	94489281228
68719479183	107374182509	ZW52	ZW52	TmFwaS5FbnY=	1928	94489281223
68719479184	107374182509	ZXJyb3I=	ZXJyb3I=	TmFwaS5FcnJvcg==	1929	94489281230
68719479185	107374182509	ZW52	ZW52	TmFwaS5FbnY=	1929	94489281223
68719479186	107374182509	b2Jq	b2Jq	Tm9kZUxpYmN1cmwuRWFzeSo=	1930	94489281220
68719479187	107374182509	ZXJyb3I=	ZXJyb3I=	TmFwaS5FcnJvcg==	1930	94489281230
68719479188	107374182509	cmV0dXJuVmFsdWU=	cmV0dXJuVmFsdWU=	aW50MzJfdA==	1931	94489281222
68719479189	107374182509	cmVzdWx0	cmVzdWx0	TmFwaS5WYWx1ZQ==	1934	94489281229
68719479190	107374182509	cmVzdWx0	cmVzdWx0	TmFwaS5WYWx1ZQ==	1934	94489281229
68719479191	107374182509	dHlwZUVycm9y	dHlwZUVycm9y	TmFwaS5UeXBlRXJyb3I=	1935	94489281231
68719479192	107374182509	ZW52	ZW52	TmFwaS5FbnY=	1936	94489281223
68719479193	107374182509	b2Jq	b2Jq	Tm9kZUxpYmN1cmwuRWFzeSo=	1937	94489281220
68719479194	107374182509	dHlwZUVycm9y	dHlwZUVycm9y	TmFwaS5UeXBlRXJyb3I=	1937	94489281231
68719479195	107374182509	cmV0dXJuVmFsdWU=	cmV0dXJuVmFsdWU=	aW50MzJfdA==	1939	94489281222
68719479196	107374182509	cmVzdWx0	cmVzdWx0	TmFwaS5WYWx1ZQ==	1939	94489281229
68719479197	107374182509	cmV0dXJuVmFsdWU=	cmV0dXJuVmFsdWU=	aW50MzJfdA==	1942	94489281222
68719479198	107374182509	ZQ==	ZQ==	TmFwaS5FcnJvciY=	1944	94489281232
68719479199	107374182509	PHRtcD4y	PHRtcD4y	TmFwaS5FcnJvcg==	1944	94489281293
68719479200	107374182509	PHRtcD4y	PHRtcD4y	TmFwaS5FcnJvcg==	1944	94489281293
68719479201	107374182509	PHRtcD4y	PHRtcD4y	TmFwaS5FcnJvcg==	1944	94489281293
68719479202	107374182509	b2Jq	b2Jq	Tm9kZUxpYmN1cmwuRWFzeSo=	1945	94489281220
68719479203	107374182509	ZQ==	ZQ==	TmFwaS5FcnJvciY=	1945	94489281232
68719479204	107374182509	cmV0dXJuVmFsdWU=	cmV0dXJuVmFsdWU=	aW50MzJfdA==	1946	94489281222
68719479205	107374182509	b2Jq	b2Jq	Tm9kZUxpYmN1cmwuRWFzeSo=	1951	94489281233
68719479206	107374182509	Y2xpZW50cA==	Y2xpZW50cA==	dm9pZCo=	1951	111669149922
68719479207	107374182509	b2Jq	b2Jq	Tm9kZUxpYmN1cmwuRWFzeSo=	1952	94489281233
68719479208	107374182509	cmV0dXJuVmFsdWU=	cmV0dXJuVmFsdWU=	aW50MzJfdA==	1955	94489281234
68719479209	107374182509	b2Jq	b2Jq	Tm9kZUxpYmN1cmwuRWFzeSo=	1961	94489281233
68719479210	107374182509	cmV0dXJuVmFsdWU=	cmV0dXJuVmFsdWU=	aW50MzJfdA==	1962	94489281234
68719479211	107374182509	aXQ=	aXQ=	QU5Z	1966	94489281235
68719479212	107374182509	b2Jq	b2Jq	Tm9kZUxpYmN1cmwuRWFzeSo=	1966	94489281233
68719479213	107374182509	Q1VSTE9QVF9QUk9HUkVTU0ZVTkNUSU9O	PHVua25vd24+IENVUkxPUFRfUFJPR1JFU1NGVU5DVElPTg==	QU5Z	1966	94489281292
68719479214	107374182509	aXQ=	aXQ=	QU5Z	1967	94489281235
68719479215	107374182509	b2Jq	b2Jq	Tm9kZUxpYmN1cmwuRWFzeSo=	1967	94489281233
68719479216	107374182509	aXQ=	aXQ=	QU5Z	1967	94489281235
68719479217	107374182509	ZW52	ZW52	TmFwaS5FbnY=	1972	94489281236
68719479218	107374182509	b2Jq	b2Jq	Tm9kZUxpYmN1cmwuRWFzeSo=	1972	94489281233
68719479219	107374182509	c2NvcGU=	c2NvcGU=	TmFwaS5IYW5kbGVTY29wZQ==	1973	94489281237
68719479220	107374182509	PHRtcD4w	PHRtcD4w	TmFwaS5IYW5kbGVTY29wZQ==	1973	94489281291
68719479221	107374182509	PHRtcD4w	PHRtcD4w	TmFwaS5IYW5kbGVTY29wZQ==	1973	94489281291
68719479222	107374182509	ZW52	ZW52	TmFwaS5FbnY=	1973	94489281236
68719479223	107374182509	PHRtcD4w	PHRtcD4w	TmFwaS5IYW5kbGVTY29wZQ==	1973	94489281291
68719479224	107374182509	Y2I=	Y2I=	TmFwaS5GdW5jdGlvbg==	1975	94489281238
68719479225	107374182509	aXQ=	aXQ=	QU5Z	1975	94489281235
68719479226	107374182509	YXN5bmNDb250ZXh0	YXN5bmNDb250ZXh0	TmFwaS5Bc3luY0NvbnRleHQ=	1979	94489281239
68719479227	107374182509	PHRtcD4x	PHRtcD4x	TmFwaS5Bc3luY0NvbnRleHQ=	1979	94489281290
68719479228	107374182509	PHRtcD4x	PHRtcD4x	TmFwaS5Bc3luY0NvbnRleHQ=	1979	94489281290
68719479229	107374182509	ZW52	ZW52	TmFwaS5FbnY=	1979	94489281236
68719479230	107374182509	PHRtcD4x	PHRtcD4x	TmFwaS5Bc3luY0NvbnRleHQ=	1979	94489281290
68719479231	107374182509	cmVzdWx0	cmVzdWx0	TmFwaS5WYWx1ZQ==	1981	94489281240
68719479232	107374182509	Y2I=	Y2I=	TmFwaS5GdW5jdGlvbg==	1982	94489281238
68719479233	107374182509	b2Jq	b2Jq	Tm9kZUxpYmN1cmwuRWFzeSo=	1982	94489281233
68719479234	107374182509	ZW52	ZW52	TmFwaS5FbnY=	1983	94489281236
68719479235	107374182509	ZGx0b3RhbA==	ZGx0b3RhbA==	ZG91Ymxl	1983	111669149923
68719479236	107374182509	ZW52	ZW52	TmFwaS5FbnY=	1983	94489281236
68719479237	107374182509	ZGxub3c=	ZGxub3c=	ZG91Ymxl	1983	111669149924
68719479238	107374182509	ZW52	ZW52	TmFwaS5FbnY=	1984	94489281236
68719479239	107374182509	dWx0b3RhbA==	dWx0b3RhbA==	ZG91Ymxl	1984	111669149925
68719479240	107374182509	ZW52	ZW52	TmFwaS5FbnY=	1984	94489281236
68719479241	107374182509	dWxub3c=	dWxub3c=	ZG91Ymxl	1984	111669149926
68719479242	107374182509	YXN5bmNDb250ZXh0	YXN5bmNDb250ZXh0	TmFwaS5Bc3luY0NvbnRleHQ=	1985	94489281239
68719479243	107374182509	ZW52	ZW52	TmFwaS5FbnY=	1988	94489281236
68719479244	107374182509	ZXJyb3I=	ZXJyb3I=	TmFwaS5FcnJvcg==	1989	94489281241
68719479245	107374182509	ZW52	ZW52	TmFwaS5FbnY=	1989	94489281236
68719479246	107374182509	b2Jq	b2Jq	Tm9kZUxpYmN1cmwuRWFzeSo=	1991	94489281233
68719479247	107374182509	ZXJyb3I=	ZXJyb3I=	TmFwaS5FcnJvcg==	1991	94489281241
68719479248	107374182509	cmVzdWx0	cmVzdWx0	TmFwaS5WYWx1ZQ==	1992	94489281240
68719479249	107374182509	cmV0dXJuVmFsdWU=	cmV0dXJuVmFsdWU=	aW50MzJfdA==	1993	94489281234
68719479250	107374182509	cmVzdWx0	cmVzdWx0	TmFwaS5WYWx1ZQ==	1993	94489281240
68719479251	107374182509	cmVzdWx0	cmVzdWx0	TmFwaS5WYWx1ZQ==	1994	94489281240
68719479252	107374182509	dHlwZUVycm9y	dHlwZUVycm9y	TmFwaS5UeXBlRXJyb3I=	1995	94489281242
68719479253	107374182509	ZW52	ZW52	TmFwaS5FbnY=	1996	94489281236
68719479254	107374182509	b2Jq	b2Jq	Tm9kZUxpYmN1cmwuRWFzeSo=	1997	94489281233
68719479255	107374182509	dHlwZUVycm9y	dHlwZUVycm9y	TmFwaS5UeXBlRXJyb3I=	1997	94489281242
68719479256	107374182509	ZQ==	ZQ==	TmFwaS5FcnJvciY=	2000	94489281243
68719479257	107374182509	PHRtcD4y	PHRtcD4y	TmFwaS5FcnJvcg==	2000	94489281289
68719479258	107374182509	PHRtcD4y	PHRtcD4y	TmFwaS5FcnJvcg==	2000	94489281289
68719479259	107374182509	PHRtcD4y	PHRtcD4y	TmFwaS5FcnJvcg==	2000	94489281289
68719479260	107374182509	b2Jq	b2Jq	Tm9kZUxpYmN1cmwuRWFzeSo=	2001	94489281233
68719479261	107374182509	ZQ==	ZQ==	TmFwaS5FcnJvciY=	2001	94489281243
68719479262	107374182509	cmV0dXJuVmFsdWU=	cmV0dXJuVmFsdWU=	aW50MzJfdA==	2007	94489281234
68719479263	107374182509	b2Jq	b2Jq	Tm9kZUxpYmN1cmwuRWFzeSo=	2009	94489281233
68719479264	107374182509	cmV0dXJuVmFsdWU=	cmV0dXJuVmFsdWU=	aW50MzJfdA==	2012	94489281234
68719479265	107374182509	b2Jq	b2Jq	Tm9kZUxpYmN1cmwuRWFzeSo=	2017	94489281244
68719479266	107374182509	Y2xpZW50cA==	Y2xpZW50cA==	dm9pZCo=	2017	111669149928
68719479267	107374182509	b2Jq	b2Jq	Tm9kZUxpYmN1cmwuRWFzeSo=	2018	94489281244
68719479268	107374182509	cmV0dXJuVmFsdWU=	cmV0dXJuVmFsdWU=	aW50MzJfdA==	2021	94489281245
68719479269	107374182509	b2Jq	b2Jq	Tm9kZUxpYmN1cmwuRWFzeSo=	2024	94489281244
68719479270	107374182509	cmV0dXJuVmFsdWU=	cmV0dXJuVmFsdWU=	aW50MzJfdA==	2025	94489281245
68719479271	107374182509	aXQ=	aXQ=	QU5Z	2033	94489281246
68719479272	107374182509	b2Jq	b2Jq	Tm9kZUxpYmN1cmwuRWFzeSo=	2033	94489281244
68719479273	107374182509	aXQ=	aXQ=	QU5Z	2036	94489281246
68719479274	107374182509	b2Jq	b2Jq	Tm9kZUxpYmN1cmwuRWFzeSo=	2036	94489281244
68719479275	107374182509	ZW52	ZW52	TmFwaS5FbnY=	2039	94489281247
68719479276	107374182509	b2Jq	b2Jq	Tm9kZUxpYmN1cmwuRWFzeSo=	2039	94489281244
68719479277	107374182509	c2NvcGU=	c2NvcGU=	TmFwaS5IYW5kbGVTY29wZQ==	2040	94489281248
68719479278	107374182509	PHRtcD4w	PHRtcD4w	TmFwaS5IYW5kbGVTY29wZQ==	2040	94489281288
68719479279	107374182509	PHRtcD4w	PHRtcD4w	TmFwaS5IYW5kbGVTY29wZQ==	2040	94489281288
68719479280	107374182509	ZW52	ZW52	TmFwaS5FbnY=	2040	94489281247
68719479281	107374182509	PHRtcD4w	PHRtcD4w	TmFwaS5IYW5kbGVTY29wZQ==	2040	94489281288
68719479282	107374182509	Y2I=	Y2I=	TmFwaS5GdW5jdGlvbg==	2042	94489281249
68719479283	107374182509	aXQ=	aXQ=	QU5Z	2042	94489281246
68719479284	107374182509	YXN5bmNDb250ZXh0	YXN5bmNDb250ZXh0	TmFwaS5Bc3luY0NvbnRleHQ=	2046	94489281250
68719479285	107374182509	PHRtcD4x	PHRtcD4x	TmFwaS5Bc3luY0NvbnRleHQ=	2046	94489281287
68719479286	107374182509	PHRtcD4x	PHRtcD4x	TmFwaS5Bc3luY0NvbnRleHQ=	2046	94489281287
68719479287	107374182509	ZW52	ZW52	TmFwaS5FbnY=	2046	94489281247
68719479288	107374182509	PHRtcD4x	PHRtcD4x	TmFwaS5Bc3luY0NvbnRleHQ=	2046	94489281287
68719479289	107374182509	cmVzdWx0	cmVzdWx0	TmFwaS5WYWx1ZQ==	2049	94489281251
68719479290	107374182509	Y2I=	Y2I=	TmFwaS5GdW5jdGlvbg==	2049	94489281249
68719479291	107374182509	b2Jq	b2Jq	Tm9kZUxpYmN1cmwuRWFzeSo=	2049	94489281244
68719479292	107374182509	ZW52	ZW52	TmFwaS5FbnY=	2050	94489281247
68719479293	107374182509	ZGx0b3RhbA==	ZGx0b3RhbA==	Y3VybF9vZmZfdA==	2050	111669149929
68719479294	107374182509	ZW52	ZW52	TmFwaS5FbnY=	2051	94489281247
68719479295	107374182509	ZGxub3c=	ZGxub3c=	Y3VybF9vZmZfdA==	2051	111669149930
68719479296	107374182509	ZW52	ZW52	TmFwaS5FbnY=	2052	94489281247
68719479297	107374182509	dWx0b3RhbA==	dWx0b3RhbA==	Y3VybF9vZmZfdA==	2052	111669149931
68719479298	107374182509	ZW52	ZW52	TmFwaS5FbnY=	2053	94489281247
68719479299	107374182509	dWxub3c=	dWxub3c=	Y3VybF9vZmZfdA==	2053	111669149932
68719479300	107374182509	YXN5bmNDb250ZXh0	YXN5bmNDb250ZXh0	TmFwaS5Bc3luY0NvbnRleHQ=	2054	94489281250
68719479301	107374182509	ZW52	ZW52	TmFwaS5FbnY=	2057	94489281247
68719479302	107374182509	ZXJyb3I=	ZXJyb3I=	TmFwaS5FcnJvcg==	2058	94489281252
68719479303	107374182509	ZW52	ZW52	TmFwaS5FbnY=	2058	94489281247
68719479304	107374182509	b2Jq	b2Jq	Tm9kZUxpYmN1cmwuRWFzeSo=	2059	94489281244
68719479305	107374182509	ZXJyb3I=	ZXJyb3I=	TmFwaS5FcnJvcg==	2059	94489281252
68719479306	107374182509	cmVzdWx0	cmVzdWx0	TmFwaS5WYWx1ZQ==	2060	94489281251
68719479307	107374182509	cmVzdWx0	cmVzdWx0	TmFwaS5WYWx1ZQ==	2060	94489281251
68719479308	107374182509	dHlwZUVycm9y	dHlwZUVycm9y	TmFwaS5UeXBlRXJyb3I=	2061	94489281253
68719479309	107374182509	ZW52	ZW52	TmFwaS5FbnY=	2062	94489281247
68719479310	107374182509	b2Jq	b2Jq	Tm9kZUxpYmN1cmwuRWFzeSo=	2063	94489281244
68719479311	107374182509	dHlwZUVycm9y	dHlwZUVycm9y	TmFwaS5UeXBlRXJyb3I=	2063	94489281253
68719479312	107374182509	cmV0dXJuVmFsdWU=	cmV0dXJuVmFsdWU=	aW50MzJfdA==	2065	94489281245
68719479313	107374182509	cmVzdWx0	cmVzdWx0	TmFwaS5WYWx1ZQ==	2065	94489281251
68719479314	107374182509	ZQ==	ZQ==	TmFwaS5FcnJvciY=	2068	94489281254
68719479315	107374182509	PHRtcD4y	PHRtcD4y	TmFwaS5FcnJvcg==	2068	94489281286
68719479316	107374182509	PHRtcD4y	PHRtcD4y	TmFwaS5FcnJvcg==	2068	94489281286
68719479317	107374182509	PHRtcD4y	PHRtcD4y	TmFwaS5FcnJvcg==	2068	94489281286
68719479318	107374182509	b2Jq	b2Jq	Tm9kZUxpYmN1cmwuRWFzeSo=	2069	94489281244
68719479319	107374182509	ZQ==	ZQ==	TmFwaS5FcnJvciY=	2069	94489281254
68719479320	107374182509	cmV0dXJuVmFsdWU=	cmV0dXJuVmFsdWU=	aW50MzJfdA==	2075	94489281245
68719479321	107374182509	b2Jq	b2Jq	Tm9kZUxpYmN1cmwuRWFzeSo=	2077	94489281244
68719479322	107374182509	cmV0dXJuVmFsdWU=	cmV0dXJuVmFsdWU=	aW50MzJfdA==	2080	94489281245
68719479323	107374182509	b2Jq	b2Jq	Tm9kZUxpYmN1cmwuRWFzeSo=	2463	94489281255
68719479324	107374182509	dXNlcmRhdGE=	dXNlcmRhdGE=	dm9pZCo=	2463	111669149955
68719479325	107374182509	b2Jq	b2Jq	Tm9kZUxpYmN1cmwuRWFzeSo=	2465	94489281255
68719479326	107374182509	aXQ=	aXQ=	QU5Z	2468	94489281256
68719479327	107374182509	b2Jq	b2Jq	Tm9kZUxpYmN1cmwuRWFzeSo=	2468	94489281255
68719479328	107374182509	Q1VSTE9QVF9JTlRFUkxFQVZFRlVOQ1RJT04=	PHVua25vd24+IENVUkxPUFRfSU5URVJMRUFWRUZVTkNUSU9O	QU5Z	2468	94489281285
68719479329	107374182509	aXQ=	aXQ=	QU5Z	2469	94489281256
68719479330	107374182509	b2Jq	b2Jq	Tm9kZUxpYmN1cmwuRWFzeSo=	2469	94489281255
68719479331	107374182509	cmVhbFNpemU=	cmVhbFNpemU=	c2l6ZV90	2471	94489281257
68719479332	107374182509	c2l6ZQ==	c2l6ZQ==	c2l6ZV90	2471	111669149953
68719479333	107374182509	bm1lbWI=	bm1lbWI=	c2l6ZV90	2471	111669149954
68719479334	107374182509	cmV0dXJuVmFsdWU=	cmV0dXJuVmFsdWU=	c2l6ZV90	2472	94489281258
68719479335	107374182509	cmVhbFNpemU=	cmVhbFNpemU=	c2l6ZV90	2472	94489281257
68719479336	107374182509	ZW52	ZW52	TmFwaS5FbnY=	2475	94489281259
68719479337	107374182509	b2Jq	b2Jq	Tm9kZUxpYmN1cmwuRWFzeSo=	2475	94489281255
68719479338	107374182509	c2NvcGU=	c2NvcGU=	TmFwaS5IYW5kbGVTY29wZQ==	2476	94489281260
68719479339	107374182509	PHRtcD4w	PHRtcD4w	TmFwaS5IYW5kbGVTY29wZQ==	2476	94489281284
68719479340	107374182509	PHRtcD4w	PHRtcD4w	TmFwaS5IYW5kbGVTY29wZQ==	2476	94489281284
68719479341	107374182509	ZW52	ZW52	TmFwaS5FbnY=	2476	94489281259
68719479342	107374182509	PHRtcD4w	PHRtcD4w	TmFwaS5IYW5kbGVTY29wZQ==	2476	94489281284
68719479343	107374182509	Y2I=	Y2I=	TmFwaS5GdW5jdGlvbg==	2478	94489281261
68719479344	107374182509	aXQ=	aXQ=	QU5Z	2478	94489281256
68719479345	107374182509	YnVmZmVyQXJn	YnVmZmVyQXJn	QnVmZmVy	2480	94489281262
68719479346	107374182509	ZW52	ZW52	TmFwaS5FbnY=	2480	94489281259
68719479347	107374182509	cHRy	cHRy	dm9pZCo=	2480	111669149952
68719479348	107374182509	cmVhbFNpemU=	cmVhbFNpemU=	c2l6ZV90	2480	94489281257
68719479349	107374182509	c2l6ZUFyZw==	c2l6ZUFyZw==	TmFwaS5OdW1iZXI=	2481	94489281263
68719479350	107374182509	ZW52	ZW52	TmFwaS5FbnY=	2481	94489281259
68719479351	107374182509	c2l6ZQ==	c2l6ZQ==	c2l6ZV90	2481	111669149953
68719479352	107374182509	bm1lbWJBcmc=	bm1lbWJBcmc=	TmFwaS5OdW1iZXI=	2482	94489281264
68719479353	107374182509	ZW52	ZW52	TmFwaS5FbnY=	2482	94489281259
68719479354	107374182509	bm1lbWI=	bm1lbWI=	c2l6ZV90	2482	111669149954
68719479355	107374182509	YXN5bmNDb250ZXh0	YXN5bmNDb250ZXh0	TmFwaS5Bc3luY0NvbnRleHQ=	2484	94489281265
68719479356	107374182509	PHRtcD4x	PHRtcD4x	TmFwaS5Bc3luY0NvbnRleHQ=	2484	94489281283
68719479357	107374182509	PHRtcD4x	PHRtcD4x	TmFwaS5Bc3luY0NvbnRleHQ=	2484	94489281283
68719479358	107374182509	ZW52	ZW52	TmFwaS5FbnY=	2484	94489281259
68719479359	107374182509	PHRtcD4x	PHRtcD4x	TmFwaS5Bc3luY0NvbnRleHQ=	2484	94489281283
68719479360	107374182509	cmVzdWx0	cmVzdWx0	TmFwaS5WYWx1ZQ==	2486	94489281266
68719479361	107374182509	Y2I=	Y2I=	TmFwaS5GdW5jdGlvbg==	2487	94489281261
68719479362	107374182509	b2Jq	b2Jq	Tm9kZUxpYmN1cmwuRWFzeSo=	2487	94489281255
68719479363	107374182509	YnVmZmVyQXJn	YnVmZmVyQXJn	QnVmZmVy	2487	94489281262
68719479364	107374182509	c2l6ZUFyZw==	c2l6ZUFyZw==	TmFwaS5OdW1iZXI=	2487	94489281263
68719479365	107374182509	bm1lbWJBcmc=	bm1lbWJBcmc=	TmFwaS5OdW1iZXI=	2487	94489281264
68719479366	107374182509	YXN5bmNDb250ZXh0	YXN5bmNDb250ZXh0	TmFwaS5Bc3luY0NvbnRleHQ=	2487	94489281265
68719479367	107374182509	ZW52	ZW52	TmFwaS5FbnY=	2489	94489281259
68719479368	107374182509	ZXJyb3I=	ZXJyb3I=	TmFwaS5FcnJvcg==	2490	94489281267
68719479369	107374182509	ZW52	ZW52	TmFwaS5FbnY=	2490	94489281259
68719479370	107374182509	b2Jq	b2Jq	Tm9kZUxpYmN1cmwuRWFzeSo=	2491	94489281255
68719479371	107374182509	ZXJyb3I=	ZXJyb3I=	TmFwaS5FcnJvcg==	2491	94489281267
68719479372	107374182509	cmVzdWx0	cmVzdWx0	TmFwaS5WYWx1ZQ==	2495	94489281266
68719479373	107374182509	cmVzdWx0	cmVzdWx0	TmFwaS5WYWx1ZQ==	2495	94489281266
68719479374	107374182509	dHlwZUVycm9y	dHlwZUVycm9y	TmFwaS5UeXBlRXJyb3I=	2496	94489281268
68719479375	107374182509	ZW52	ZW52	TmFwaS5FbnY=	2497	94489281259
68719479376	107374182509	b2Jq	b2Jq	Tm9kZUxpYmN1cmwuRWFzeSo=	2498	94489281255
68719479377	107374182509	dHlwZUVycm9y	dHlwZUVycm9y	TmFwaS5UeXBlRXJyb3I=	2498	94489281268
68719479378	107374182509	cmV0dXJuVmFsdWU=	cmV0dXJuVmFsdWU=	c2l6ZV90	2501	94489281258
68719479379	107374182509	cmVzdWx0	cmVzdWx0	TmFwaS5WYWx1ZQ==	2501	94489281266
68719479380	107374182509	ZQ==	ZQ==	TmFwaS5FcnJvciY=	2504	94489281269
68719479381	107374182509	PHRtcD4y	PHRtcD4y	TmFwaS5FcnJvcg==	2504	94489281282
68719479382	107374182509	PHRtcD4y	PHRtcD4y	TmFwaS5FcnJvcg==	2504	94489281282
68719479383	107374182509	PHRtcD4y	PHRtcD4y	TmFwaS5FcnJvcg==	2504	94489281282
68719479384	107374182509	b2Jq	b2Jq	Tm9kZUxpYmN1cmwuRWFzeSo=	2505	94489281255
68719479385	107374182509	ZQ==	ZQ==	TmFwaS5FcnJvciY=	2505	94489281269
68719479386	107374182509	cmV0dXJuVmFsdWU=	cmV0dXJuVmFsdWU=	c2l6ZV90	2509	94489281258
68719479387	107374182509	c2NvcGU=	c2NvcGU=	TmFwaS5Fc2NhcGFibGVIYW5kbGVTY29wZQ==	2568	94489281270
68719479388	107374182509	PHRtcD4w	PHRtcD4w	TmFwaS5Fc2NhcGFibGVIYW5kbGVTY29wZQ==	2568	94489281281
68719479389	107374182509	PHRtcD4w	PHRtcD4w	TmFwaS5Fc2NhcGFibGVIYW5kbGVTY29wZQ==	2568	94489281281
68719479390	107374182509	ZW52	ZW52	TmFwaS5FbnY=	2568	111669149962
68719479391	107374182509	PHRtcD4w	PHRtcD4w	TmFwaS5Fc2NhcGFibGVIYW5kbGVTY29wZQ==	2568	94489281281
68719479392	107374182509	Y3VybEVhc3lIYW5kbGU=	Y3VybEVhc3lIYW5kbGU=	TmFwaS5FeHRlcm5hbA==	2570	94489281271
68719479393	107374182509	ZW52	ZW52	TmFwaS5FbnY=	2570	111669149962
68719479394	107374182509	aGFuZGxl	aGFuZGxl	Q1VSTCo=	2570	111669149963
68719479395	107374182509	Y3VybA==	Y3VybA==	QU5Z	2572	94489281272
68719479396	107374182509	ZW52	ZW52	TmFwaS5FbnY=	2572	111669149962
68719479397	107374182509	bmV3SW5zdGFuY2U=	bmV3SW5zdGFuY2U=	QU5Z	2573	94489281273
68719479398	107374182509	Y3VybA==	Y3VybA==	QU5Z	2573	94489281272
68719479399	107374182509	Y3VybEVhc3lIYW5kbGU=	Y3VybEVhc3lIYW5kbGU=	TmFwaS5FeHRlcm5hbA==	2573	94489281271
68719479400	107374182509	c2NvcGU=	c2NvcGU=	TmFwaS5Fc2NhcGFibGVIYW5kbGVTY29wZQ==	2575	94489281270
68719479401	107374182509	bmV3SW5zdGFuY2U=	bmV3SW5zdGFuY2U=	QU5Z	2575	94489281273
68719479407	107374182509	c2NvcGU=	c2NvcGU=	TmFwaS5Fc2NhcGFibGVIYW5kbGVTY29wZQ==	2600	94489281274
68719479408	107374182509	PHRtcD4w	PHRtcD4w	TmFwaS5Fc2NhcGFibGVIYW5kbGVTY29wZQ==	2600	94489281280
68719479409	107374182509	PHRtcD4w	PHRtcD4w	TmFwaS5Fc2NhcGFibGVIYW5kbGVTY29wZQ==	2600	94489281280
68719479410	107374182509	ZW52	ZW52	TmFwaS5FbnY=	2600	111669149966
68719479411	107374182509	PHRtcD4w	PHRtcD4w	TmFwaS5Fc2NhcGFibGVIYW5kbGVTY29wZQ==	2600	94489281280
68719479412	107374182509	bnVsbFZhbHVlSWZJbnZhbGlkU3RyaW5n	bnVsbFZhbHVlSWZJbnZhbGlkU3RyaW5n	c3RkLmZ1bmN0aW9u	2602	94489281275
68719479413	107374182509	b2Jq	b2Jq	TmFwaS5PYmplY3Q=	2606	94489281276
68719479414	107374182509	ZW52	ZW52	TmFwaS5FbnY=	2606	111669149966
68719479415	107374182509	b2Jq	b2Jq	TmFwaS5PYmplY3Q=	2608	94489281276
68719479416	107374182509	bnVsbFZhbHVlSWZJbnZhbGlkU3RyaW5n	bnVsbFZhbHVlSWZJbnZhbGlkU3RyaW5n	c3RkLmZ1bmN0aW9u	2608	94489281275
68719479417	107374182509	ZmlsZUluZm8=	ZmlsZUluZm8=	Y3VybF9maWxlaW5mbyo=	2608	111669149967
68719479418	107374182509	b2Jq	b2Jq	TmFwaS5PYmplY3Q=	2609	94489281276
68719479419	107374182509	ZW52	ZW52	TmFwaS5FbnY=	2609	111669149966
68719479420	107374182509	ZmlsZUluZm8=	ZmlsZUluZm8=	Y3VybF9maWxlaW5mbyo=	2609	111669149967
68719479421	107374182509	b2Jq	b2Jq	TmFwaS5PYmplY3Q=	2611	94489281276
68719479422	107374182509	ZmlsZUluZm8=	ZmlsZUluZm8=	Y3VybF9maWxlaW5mbyo=	2611	111669149967
68719479423	107374182509	ZW52	ZW52	TmFwaS5FbnY=	2612	111669149966
68719479424	107374182509	ZmlsZUluZm8=	ZmlsZUluZm8=	Y3VybF9maWxlaW5mbyo=	2612	111669149967
68719479425	107374182509	ZW52	ZW52	TmFwaS5FbnY=	2613	111669149966
68719479426	107374182509	b2Jq	b2Jq	TmFwaS5PYmplY3Q=	2614	94489281276
68719479427	107374182509	ZW52	ZW52	TmFwaS5FbnY=	2614	111669149966
68719479428	107374182509	ZmlsZUluZm8=	ZmlsZUluZm8=	Y3VybF9maWxlaW5mbyo=	2614	111669149967
68719479429	107374182509	b2Jq	b2Jq	TmFwaS5PYmplY3Q=	2615	94489281276
68719479430	107374182509	ZW52	ZW52	TmFwaS5FbnY=	2615	111669149966
68719479431	107374182509	ZmlsZUluZm8=	ZmlsZUluZm8=	Y3VybF9maWxlaW5mbyo=	2615	111669149967
68719479432	107374182509	b2Jq	b2Jq	TmFwaS5PYmplY3Q=	2616	94489281276
68719479433	107374182509	ZW52	ZW52	TmFwaS5FbnY=	2616	111669149966
68719479434	107374182509	ZmlsZUluZm8=	ZmlsZUluZm8=	Y3VybF9maWxlaW5mbyo=	2616	111669149967
68719479435	107374182509	b2Jq	b2Jq	TmFwaS5PYmplY3Q=	2617	94489281276
68719479436	107374182509	ZW52	ZW52	TmFwaS5FbnY=	2617	111669149966
68719479437	107374182509	ZmlsZUluZm8=	ZmlsZUluZm8=	Y3VybF9maWxlaW5mbyo=	2617	111669149967
68719479438	107374182509	b2Jq	b2Jq	TmFwaS5PYmplY3Q=	2618	94489281276
68719479439	107374182509	ZW52	ZW52	TmFwaS5FbnY=	2618	111669149966
68719479440	107374182509	ZmlsZUluZm8=	ZmlsZUluZm8=	Y3VybF9maWxlaW5mbyo=	2618	111669149967
68719479441	107374182509	c3RyaW5ncw==	c3RyaW5ncw==	TmFwaS5PYmplY3Q=	2620	94489281277
68719479442	107374182509	ZW52	ZW52	TmFwaS5FbnY=	2620	111669149966
68719479443	107374182509	c3RyaW5ncw==	c3RyaW5ncw==	TmFwaS5PYmplY3Q=	2621	94489281277
68719479444	107374182509	bnVsbFZhbHVlSWZJbnZhbGlkU3RyaW5n	bnVsbFZhbHVlSWZJbnZhbGlkU3RyaW5n	c3RkLmZ1bmN0aW9u	2621	94489281275
68719479445	107374182509	ZmlsZUluZm8=	ZmlsZUluZm8=	Y3VybF9maWxlaW5mbyo=	2621	111669149967
68719479446	107374182509	c3RyaW5ncw==	c3RyaW5ncw==	TmFwaS5PYmplY3Q=	2622	94489281277
68719479447	107374182509	bnVsbFZhbHVlSWZJbnZhbGlkU3RyaW5n	bnVsbFZhbHVlSWZJbnZhbGlkU3RyaW5n	c3RkLmZ1bmN0aW9u	2622	94489281275
68719479448	107374182509	ZmlsZUluZm8=	ZmlsZUluZm8=	Y3VybF9maWxlaW5mbyo=	2622	111669149967
68719479449	107374182509	c3RyaW5ncw==	c3RyaW5ncw==	TmFwaS5PYmplY3Q=	2623	94489281277
68719479450	107374182509	bnVsbFZhbHVlSWZJbnZhbGlkU3RyaW5n	bnVsbFZhbHVlSWZJbnZhbGlkU3RyaW5n	c3RkLmZ1bmN0aW9u	2623	94489281275
68719479451	107374182509	ZmlsZUluZm8=	ZmlsZUluZm8=	Y3VybF9maWxlaW5mbyo=	2623	111669149967
68719479452	107374182509	c3RyaW5ncw==	c3RyaW5ncw==	TmFwaS5PYmplY3Q=	2624	94489281277
68719479453	107374182509	bnVsbFZhbHVlSWZJbnZhbGlkU3RyaW5n	bnVsbFZhbHVlSWZJbnZhbGlkU3RyaW5n	c3RkLmZ1bmN0aW9u	2624	94489281275
68719479454	107374182509	ZmlsZUluZm8=	ZmlsZUluZm8=	Y3VybF9maWxlaW5mbyo=	2624	111669149967
68719479455	107374182509	c3RyaW5ncw==	c3RyaW5ncw==	TmFwaS5PYmplY3Q=	2625	94489281277
68719479456	107374182509	bnVsbFZhbHVlSWZJbnZhbGlkU3RyaW5n	bnVsbFZhbHVlSWZJbnZhbGlkU3RyaW5n	c3RkLmZ1bmN0aW9u	2625	94489281275
68719479457	107374182509	ZmlsZUluZm8=	ZmlsZUluZm8=	Y3VybF9maWxlaW5mbyo=	2625	111669149967
68719479458	107374182509	b2Jq	b2Jq	TmFwaS5PYmplY3Q=	2627	94489281276
68719479459	107374182509	c3RyaW5ncw==	c3RyaW5ncw==	TmFwaS5PYmplY3Q=	2627	94489281277
68719479460	107374182509	c2NvcGU=	c2NvcGU=	TmFwaS5Fc2NhcGFibGVIYW5kbGVTY29wZQ==	2629	94489281274
68719479461	107374182509	b2Jq	b2Jq	TmFwaS5PYmplY3Q=	2629	94489281276
68719479462	107374182509	RUFTWV9UWVBFX1RBRw==	RUFTWV9UWVBFX1RBRw==	bmFwaV90eXBlX3RhZw==	39	94489281278
68719479463	107374182510	ZW52	ZW52	TmFwaS5FbnY=	19	94489281462
68719479464	107374182510	aW5mbw==	aW5mbw==	TmFwaS5DYWxsYmFja0luZm8m	19	111669149969
68719479465	107374182510	aW5mbw==	aW5mbw==	TmFwaS5DYWxsYmFja0luZm8m	21	111669149969
68719479466	107374182510	ZW52	ZW52	TmFwaS5FbnY=	22	94489281462
68719479467	107374182510	aW5mbw==	aW5mbw==	TmFwaS5DYWxsYmFja0luZm8m	26	111669149969
68719479468	107374182510	ZW52	ZW52	TmFwaS5FbnY=	27	94489281462
68719479469	107374182510	aW5mbw==	aW5mbw==	TmFwaS5DYWxsYmFja0luZm8m	32	111669149969
68719479470	107374182510	ZW52	ZW52	TmFwaS5FbnY=	33	94489281462
68719479471	107374182510	bWF5YmVIZWFkZXJzRXh0ZXJuYWw=	bWF5YmVIZWFkZXJzRXh0ZXJuYWw=	QU5Z	36	94489281463
68719479472	107374182510	aW5mbw==	aW5mbw==	TmFwaS5DYWxsYmFja0luZm8m	36	111669149969
68719479473	107374182510	bWF5YmVIZWFkZXJzRXh0ZXJuYWw=	bWF5YmVIZWFkZXJzRXh0ZXJuYWw=	QU5Z	38	94489281463
68719479474	107374182510	SFRUUDJfUFVTSF9GUkFNRV9IRUFERVJTX1RZUEVfVEFH	PGdsb2JhbD4gSFRUUDJfUFVTSF9GUkFNRV9IRUFERVJTX1RZUEVfVEFH	bmFwaV90eXBlX3RhZw==	38	94489281477
68719479475	107374182510	ZW52	ZW52	TmFwaS5FbnY=	39	94489281462
68719479476	107374182510	dGhpcw==	dGhpcw==	Tm9kZUxpYmN1cmwuSHR0cDJQdXNoRnJhbWVIZWFkZXJzKg==	42	111669149968
68719479477	107374182510	bWF5YmVIZWFkZXJzRXh0ZXJuYWw=	bWF5YmVIZWFkZXJzRXh0ZXJuYWw=	QU5Z	42	94489281463
68719479478	107374182510	dGhpcw==	dGhpcw==	Tm9kZUxpYmN1cmwuSHR0cDJQdXNoRnJhbWVIZWFkZXJzKg==	43	111669149968
68719479479	107374182510	aW5mbw==	aW5mbw==	TmFwaS5DYWxsYmFja0luZm8m	43	111669149969
68719479480	107374182510	PHRtcD4w	PHRtcD4w	TmFwaS5PYmplY3RXcmFw	18	94489281478
68719479481	107374182510	PHRtcD4w	PHRtcD4w	TmFwaS5PYmplY3RXcmFw	18	94489281478
68719479482	107374182510	aW5mbw==	aW5mbw==	TmFwaS5DYWxsYmFja0luZm8m	18	111669149969
68719479483	107374182510	PHRtcD4w	PHRtcD4w	TmFwaS5PYmplY3RXcmFw	18	94489281478
68719479484	107374182511	ZnVuYw==	ZnVuYw==	TmFwaS5GdW5jdGlvbg==	49	94489281464
68719479485	107374182511	ZW52	ZW52	TmFwaS5FbnY=	50	111669149971
68719479486	107374182511	bmFwaV9lbnVtZXJhYmxl	PHVua25vd24+IG5hcGlfZW51bWVyYWJsZQ==	QU5Z	58	94489281476
68719479487	107374182511	bmFwaV9jb25maWd1cmFibGU=	PHVua25vd24+IG5hcGlfY29uZmlndXJhYmxl	QU5Z	58	94489281475
68719479488	107374182511	ZnVuYw==	ZnVuYw==	TmFwaS5GdW5jdGlvbg==	59	94489281464
68719479489	107374182512	ZW52	ZW52	TmFwaS5FbnY=	63	94489281465
68719479490	107374182512	aW5mbw==	aW5mbw==	TmFwaS5DYWxsYmFja0luZm8m	63	111669149974
68719479491	107374182512	aW5mbw==	aW5mbw==	TmFwaS5DYWxsYmFja0luZm8m	65	111669149974
68719479492	107374182512	ZW52	ZW52	TmFwaS5FbnY=	66	94489281465
68719479493	107374182512	dmFsdWU=	dmFsdWU=	TmFwaS5WYWx1ZQ==	69	94489281466
68719479494	107374182512	aW5mbw==	aW5mbw==	TmFwaS5DYWxsYmFja0luZm8m	69	111669149974
68719479495	107374182512	dmFsdWU=	dmFsdWU=	TmFwaS5WYWx1ZQ==	71	94489281466
68719479496	107374182512	ZW52	ZW52	TmFwaS5FbnY=	72	94489281465
68719479497	107374182512	aW5kZXg=	aW5kZXg=	dWludDMyX3Q=	75	94489281467
68719479498	107374182512	dmFsdWU=	dmFsdWU=	TmFwaS5WYWx1ZQ==	75	94489281466
68719479499	107374182512	cmVzdWx0	cmVzdWx0	Y2hhcio=	76	94489281468
68719479500	107374182512	dGhpcw==	dGhpcw==	Tm9kZUxpYmN1cmwuSHR0cDJQdXNoRnJhbWVIZWFkZXJzKg==	76	111669149973
68719479501	107374182512	aW5kZXg=	aW5kZXg=	dWludDMyX3Q=	76	94489281467
68719479502	107374182512	cmVzdWx0	cmVzdWx0	Y2hhcio=	78	94489281468
68719479503	107374182512	ZW52	ZW52	TmFwaS5FbnY=	79	94489281465
68719479504	107374182512	ZW52	ZW52	TmFwaS5FbnY=	82	94489281465
68719479505	107374182512	cmVzdWx0	cmVzdWx0	Y2hhcio=	82	94489281468
68719479506	107374182513	ZW52	ZW52	TmFwaS5FbnY=	86	94489281469
68719479507	107374182513	aW5mbw==	aW5mbw==	TmFwaS5DYWxsYmFja0luZm8m	86	111669149976
68719479508	107374182513	aW5mbw==	aW5mbw==	TmFwaS5DYWxsYmFja0luZm8m	88	111669149976
68719479509	107374182513	ZW52	ZW52	TmFwaS5FbnY=	89	94489281469
68719479510	107374182513	dmFsdWU=	dmFsdWU=	TmFwaS5WYWx1ZQ==	92	94489281470
68719479511	107374182513	aW5mbw==	aW5mbw==	TmFwaS5DYWxsYmFja0luZm8m	92	111669149976
68719479512	107374182513	dmFsdWU=	dmFsdWU=	TmFwaS5WYWx1ZQ==	94	94489281470
68719479513	107374182513	ZW52	ZW52	TmFwaS5FbnY=	95	94489281469
68719479514	107374182513	bmFtZQ==	bmFtZQ==	c3RkLnN0cmluZw==	98	94489281471
68719479515	107374182513	dmFsdWU=	dmFsdWU=	TmFwaS5WYWx1ZQ==	98	94489281470
68719479516	107374182513	cmVzdWx0	cmVzdWx0	Y2hhcio=	99	94489281472
68719479517	107374182513	dGhpcw==	dGhpcw==	Tm9kZUxpYmN1cmwuSHR0cDJQdXNoRnJhbWVIZWFkZXJzKg==	99	111669149975
68719479518	107374182513	bmFtZQ==	bmFtZQ==	c3RkLnN0cmluZw==	99	94489281471
68719479519	107374182513	cmVzdWx0	cmVzdWx0	Y2hhcio=	101	94489281472
68719479520	107374182513	ZW52	ZW52	TmFwaS5FbnY=	102	94489281469
68719479521	107374182513	ZW52	ZW52	TmFwaS5FbnY=	105	94489281469
68719479522	107374182513	cmVzdWx0	cmVzdWx0	Y2hhcio=	105	94489281472
68719479523	107374182514	ZW52	ZW52	TmFwaS5FbnY=	109	94489281473
68719479524	107374182514	aW5mbw==	aW5mbw==	TmFwaS5DYWxsYmFja0luZm8m	109	111669149978
68719479525	107374182514	ZW52	ZW52	TmFwaS5FbnY=	110	94489281473
68719479526	107374182514	dGhpcw==	dGhpcw==	Tm9kZUxpYmN1cmwuSHR0cDJQdXNoRnJhbWVIZWFkZXJzKg==	110	111669149977
68719479484	107374182515	ZnVuYw==	ZnVuYw==	TmFwaS5GdW5jdGlvbg==	49	94489281464
68719479485	107374182515	ZW52	ZW52	TmFwaS5FbnY=	50	111669149971
68719479486	107374182515	bmFwaV9lbnVtZXJhYmxl	PHVua25vd24+IG5hcGlfZW51bWVyYWJsZQ==	QU5Z	58	94489281476
68719479487	107374182515	bmFwaV9jb25maWd1cmFibGU=	PHVua25vd24+IG5hcGlfY29uZmlndXJhYmxl	QU5Z	58	94489281475
68719479488	107374182515	ZnVuYw==	ZnVuYw==	TmFwaS5GdW5jdGlvbg==	59	94489281464
68719479489	107374182515	ZW52	ZW52	TmFwaS5FbnY=	63	94489281465
68719479490	107374182515	aW5mbw==	aW5mbw==	TmFwaS5DYWxsYmFja0luZm8m	63	111669149974
68719479491	107374182515	aW5mbw==	aW5mbw==	TmFwaS5DYWxsYmFja0luZm8m	65	111669149974
68719479492	107374182515	ZW52	ZW52	TmFwaS5FbnY=	66	94489281465
68719479493	107374182515	dmFsdWU=	dmFsdWU=	TmFwaS5WYWx1ZQ==	69	94489281466
68719479494	107374182515	aW5mbw==	aW5mbw==	TmFwaS5DYWxsYmFja0luZm8m	69	111669149974
68719479495	107374182515	dmFsdWU=	dmFsdWU=	TmFwaS5WYWx1ZQ==	71	94489281466
68719479496	107374182515	ZW52	ZW52	TmFwaS5FbnY=	72	94489281465
68719479497	107374182515	aW5kZXg=	aW5kZXg=	dWludDMyX3Q=	75	94489281467
68719479498	107374182515	dmFsdWU=	dmFsdWU=	TmFwaS5WYWx1ZQ==	75	94489281466
68719479499	107374182515	cmVzdWx0	cmVzdWx0	Y2hhcio=	76	94489281468
68719479500	107374182515	dGhpcw==	dGhpcw==	Tm9kZUxpYmN1cmwuSHR0cDJQdXNoRnJhbWVIZWFkZXJzKg==	76	111669149973
68719479501	107374182515	aW5kZXg=	aW5kZXg=	dWludDMyX3Q=	76	94489281467
68719479502	107374182515	cmVzdWx0	cmVzdWx0	Y2hhcio=	78	94489281468
68719479503	107374182515	ZW52	ZW52	TmFwaS5FbnY=	79	94489281465
68719479504	107374182515	ZW52	ZW52	TmFwaS5FbnY=	82	94489281465
68719479505	107374182515	cmVzdWx0	cmVzdWx0	Y2hhcio=	82	94489281468
68719479506	107374182515	ZW52	ZW52	TmFwaS5FbnY=	86	94489281469
68719479507	107374182515	aW5mbw==	aW5mbw==	TmFwaS5DYWxsYmFja0luZm8m	86	111669149976
68719479508	107374182515	aW5mbw==	aW5mbw==	TmFwaS5DYWxsYmFja0luZm8m	88	111669149976
68719479509	107374182515	ZW52	ZW52	TmFwaS5FbnY=	89	94489281469
68719479510	107374182515	dmFsdWU=	dmFsdWU=	TmFwaS5WYWx1ZQ==	92	94489281470
68719479511	107374182515	aW5mbw==	aW5mbw==	TmFwaS5DYWxsYmFja0luZm8m	92	111669149976
68719479512	107374182515	dmFsdWU=	dmFsdWU=	TmFwaS5WYWx1ZQ==	94	94489281470
68719479513	107374182515	ZW52	ZW52	TmFwaS5FbnY=	95	94489281469
68719479514	107374182515	bmFtZQ==	bmFtZQ==	c3RkLnN0cmluZw==	98	94489281471
68719479515	107374182515	dmFsdWU=	dmFsdWU=	TmFwaS5WYWx1ZQ==	98	94489281470
68719479516	107374182515	cmVzdWx0	cmVzdWx0	Y2hhcio=	99	94489281472
68719479517	107374182515	dGhpcw==	dGhpcw==	Tm9kZUxpYmN1cmwuSHR0cDJQdXNoRnJhbWVIZWFkZXJzKg==	99	111669149975
68719479518	107374182515	bmFtZQ==	bmFtZQ==	c3RkLnN0cmluZw==	99	94489281471
68719479519	107374182515	cmVzdWx0	cmVzdWx0	Y2hhcio=	101	94489281472
68719479520	107374182515	ZW52	ZW52	TmFwaS5FbnY=	102	94489281469
68719479521	107374182515	ZW52	ZW52	TmFwaS5FbnY=	105	94489281469
68719479522	107374182515	cmVzdWx0	cmVzdWx0	Y2hhcio=	105	94489281472
68719479523	107374182515	ZW52	ZW52	TmFwaS5FbnY=	109	94489281473
68719479524	107374182515	aW5mbw==	aW5mbw==	TmFwaS5DYWxsYmFja0luZm8m	109	111669149978
68719479525	107374182515	ZW52	ZW52	TmFwaS5FbnY=	110	94489281473
68719479526	107374182515	dGhpcw==	dGhpcw==	Tm9kZUxpYmN1cmwuSHR0cDJQdXNoRnJhbWVIZWFkZXJzKg==	110	111669149977
68719479527	107374182515	SFRUUDJfUFVTSF9GUkFNRV9IRUFERVJTX1RZUEVfVEFH	SFRUUDJfUFVTSF9GUkFNRV9IRUFERVJTX1RZUEVfVEFH	bmFwaV90eXBlX3RhZw==	15	94489281474
68719479528	107374182516	ZW52	ZW52	TmFwaS5FbnY=	43	94489281479
68719479529	107374182516	aW5mbw==	aW5mbw==	TmFwaS5DYWxsYmFja0luZm8m	43	111669149980
68719479530	107374182516	Y3VybA==	Y3VybA==	QU5Z	44	94489281480
68719479531	107374182516	ZW52	ZW52	TmFwaS5FbnY=	44	94489281479
68719479532	107374182516	c2hvdWxkVXNlTm90aWZpY2F0aW9uc0FwaQ==	c2hvdWxkVXNlTm90aWZpY2F0aW9uc0FwaQ==	Ym9vbA==	49	94489281481
68719479533	107374182516	aW5mbw==	aW5mbw==	TmFwaS5DYWxsYmFja0luZm8m	52	111669149980
68719479534	107374182516	aW5mbw==	aW5mbw==	TmFwaS5DYWxsYmFja0luZm8m	52	111669149980
68719479535	107374182516	b3B0aW9ucw==	b3B0aW9ucw==	TmFwaS5PYmplY3Q=	53	94489281482
68719479536	107374182516	aW5mbw==	aW5mbw==	TmFwaS5DYWxsYmFja0luZm8m	53	111669149980
68719479537	107374182516	b3B0aW9ucw==	b3B0aW9ucw==	TmFwaS5PYmplY3Q=	54	94489281482
68719479538	107374182516	dmFsdWU=	dmFsdWU=	TmFwaS5WYWx1ZQ==	55	94489281483
68719479539	107374182516	b3B0aW9ucw==	b3B0aW9ucw==	TmFwaS5PYmplY3Q=	55	94489281482
68719479540	107374182516	dmFsdWU=	dmFsdWU=	TmFwaS5WYWx1ZQ==	56	94489281483
68719479541	107374182516	c2hvdWxkVXNlTm90aWZpY2F0aW9uc0FwaQ==	c2hvdWxkVXNlTm90aWZpY2F0aW9uc0FwaQ==	Ym9vbA==	57	94489281481
68719479542	107374182516	dmFsdWU=	dmFsdWU=	TmFwaS5WYWx1ZQ==	57	94489281483
68719479543	107374182516	dGhpcw==	dGhpcw==	Tm9kZUxpYmN1cmwuTXVsdGkq	63	111669149979
68719479544	107374182516	dGhpcw==	dGhpcw==	Tm9kZUxpYmN1cmwuTXVsdGkq	64	111669149979
68719479545	107374182516	dGhpcw==	dGhpcw==	Tm9kZUxpYmN1cmwuTXVsdGkq	67	111669149979
68719479546	107374182516	Q1VSTE1PUFRfU09DS0VURlVOQ1RJT04=	PHVua25vd24+IENVUkxNT1BUX1NPQ0tFVEZVTkNUSU9O	QU5Z	67	94489281663
68719479547	107374182516	dGhpcw==	dGhpcw==	Tm9kZUxpYmN1cmwuTXVsdGkq	68	111669149979
68719479548	107374182516	Q1VSTE1PUFRfU09DS0VUREFUQQ==	PHVua25vd24+IENVUkxNT1BUX1NPQ0tFVERBVEE=	QU5Z	68	94489281662
68719479549	107374182516	dGhpcw==	dGhpcw==	Tm9kZUxpYmN1cmwuTXVsdGkq	68	111669149979
68719479550	107374182516	dGhpcw==	dGhpcw==	Tm9kZUxpYmN1cmwuTXVsdGkq	69	111669149979
68719479551	107374182516	Q1VSTE1PUFRfVElNRVJGVU5DVElPTg==	PHVua25vd24+IENVUkxNT1BUX1RJTUVSRlVOQ1RJT04=	QU5Z	69	94489281661
68719479552	107374182516	dGhpcw==	dGhpcw==	Tm9kZUxpYmN1cmwuTXVsdGkq	70	111669149979
68719479553	107374182516	Q1VSTE1PUFRfVElNRVJEQVRB	PHVua25vd24+IENVUkxNT1BUX1RJTUVSREFUQQ==	QU5Z	70	94489281660
68719479554	107374182516	dGhpcw==	dGhpcw==	Tm9kZUxpYmN1cmwuTXVsdGkq	70	111669149979
68719479555	107374182516	bG9vcA==	bG9vcA==	dXZfbG9vcF90Kg==	72	94489281484
68719479556	107374182516	bmFwaV9yZXN1bHQ=	bmFwaV9yZXN1bHQ=	QU5Z	73	94489281485
68719479557	107374182516	ZW52	ZW52	TmFwaS5FbnY=	73	94489281479
68719479558	107374182516	bG9vcA==	bG9vcA==	dXZfbG9vcF90Kg==	73	94489281484
68719479559	107374182516	bmFwaV9yZXN1bHQ=	bmFwaV9yZXN1bHQ=	QU5Z	74	94489281485
68719479560	107374182516	bmFwaV9vaw==	PHVua25vd24+IG5hcGlfb2s=	QU5Z	74	94489281659
68719479561	107374182516	bG9vcA==	bG9vcA==	dXZfbG9vcF90Kg==	76	94489281484
68719479562	107374182516	dGhpcw==	dGhpcw==	Tm9kZUxpYmN1cmwuTXVsdGkq	76	111669149979
68719479563	107374182516	dGhpcw==	dGhpcw==	Tm9kZUxpYmN1cmwuTXVsdGkq	77	111669149979
68719479564	107374182516	dGhpcw==	dGhpcw==	Tm9kZUxpYmN1cmwuTXVsdGkq	77	111669149979
68719479565	107374182516	dGhpcw==	dGhpcw==	Tm9kZUxpYmN1cmwuTXVsdGkq	79	111669149979
68719479566	107374182516	c2hvdWxkVXNlTm90aWZpY2F0aW9uc0FwaQ==	c2hvdWxkVXNlTm90aWZpY2F0aW9uc0FwaQ==	Ym9vbA==	82	94489281481
68719479567	107374182516	ZW52	ZW52	TmFwaS5FbnY=	104	94489281479
68719479568	107374182516	dGhpcw==	dGhpcw==	Tm9kZUxpYmN1cmwuTXVsdGkq	104	111669149979
68719479569	107374182516	dGhpcw==	dGhpcw==	Tm9kZUxpYmN1cmwuTXVsdGkq	104	111669149979
68719479570	107374182516	Y3VybA==	Y3VybA==	QU5Z	106	94489281480
68719479571	107374182516	Q1VSTF9IQU5ETEVfVFlQRV9NVUxUSQ==	Q1VSTF9IQU5ETEVfVFlQRV9NVUxUSQ==	QU5Z	106	94489281658
68719479572	107374182516	PHRtcD4w	PHRtcD4w	TmFwaS5PYmplY3RXcmFw	41	94489281665
68719479573	107374182516	PHRtcD4w	PHRtcD4w	TmFwaS5PYmplY3RXcmFw	41	94489281665
68719479574	107374182516	aW5mbw==	aW5mbw==	TmFwaS5DYWxsYmFja0luZm8m	41	111669149980
68719479575	107374182516	PHRtcD4w	PHRtcD4w	TmFwaS5PYmplY3RXcmFw	41	94489281665
68719479576	107374182516	dGhpcw==	dGhpcw==	Tm9kZUxpYmN1cmwuTXVsdGkq	41	111669149979
68719479577	107374182516	bmV4dElk	bmV4dElk	QU5Z	41	94489281664
68719479578	107374182517	bXVsdGk=	bXVsdGk=	Tm9kZUxpYmN1cmwuTXVsdGkq	110	94489281486
68719479579	107374182517	ZGF0YQ==	ZGF0YQ==	dm9pZCo=	110	111669149983
68719479580	107374182517	bXVsdGk=	bXVsdGk=	Tm9kZUxpYmN1cmwuTXVsdGkq	113	94489281486
68719479581	107374182518	dGltZXI=	dGltZXI=	dXZfdGltZXJfdCo=	128	94489281487
68719479582	107374182518	aGFuZGxl	aGFuZGxl	dXZfaGFuZGxlX3Qq	128	111669149984
68719479583	107374182518	bXVsdGk=	bXVsdGk=	Tm9kZUxpYmN1cmwuTXVsdGkq	129	94489281488
68719479584	107374182518	dGltZXI=	dGltZXI=	dXZfdGltZXJfdCo=	129	94489281487
68719479585	107374182518	bXVsdGk=	bXVsdGk=	Tm9kZUxpYmN1cmwuTXVsdGkq	130	94489281488
68719479586	107374182518	bXVsdGk=	bXVsdGk=	Tm9kZUxpYmN1cmwuTXVsdGkq	132	94489281488
68719479587	107374182519	dGhpcw==	dGhpcw==	Tm9kZUxpYmN1cmwuTXVsdGkq	117	111669149985
68719479588	107374182519	dGltZW91dEhhbmRsZQ==	dGltZW91dEhhbmRsZQ==	dXZfaGFuZGxlX3Qq	121	94489281489
68719479589	107374182519	dGhpcw==	dGhpcw==	Tm9kZUxpYmN1cmwuTXVsdGkq	121	111669149985
68719479590	107374182519	dGltZW91dEhhbmRsZQ==	dGltZW91dEhhbmRsZQ==	dXZfaGFuZGxlX3Qq	122	94489281489
68719479591	107374182519	dGhpcw==	dGhpcw==	Tm9kZUxpYmN1cmwuTXVsdGkq	126	111669149985
68719479592	107374182519	dGltZW91dEhhbmRsZQ==	dGltZW91dEhhbmRsZQ==	dXZfaGFuZGxlX3Qq	127	94489281489
68719479593	107374182519	dGhpcw==	dGhpcw==	Tm9kZUxpYmN1cmwuTXVsdGkq	134	111669149985
68719479594	107374182520	dGhpcw==	dGhpcw==	Tm9kZUxpYmN1cmwuTXVsdGkq	143	111669149986
68719479595	107374182520	dGhpcw==	dGhpcw==	Tm9kZUxpYmN1cmwuTXVsdGkq	144	111669149986
68719479596	107374182521	dGhpcw==	dGhpcw==	Tm9kZUxpYmN1cmwuTXVsdGkq	149	111669149987
68719479597	107374182521	dGhpcw==	dGhpcw==	Tm9kZUxpYmN1cmwuTXVsdGkq	153	111669149987
68719479598	107374182521	dGhpcw==	dGhpcw==	Tm9kZUxpYmN1cmwuTXVsdGkq	156	111669149987
68719479599	107374182521	Y3VybA==	Y3VybA==	QU5Z	158	94489281490
68719479600	107374182521	dGhpcw==	dGhpcw==	Tm9kZUxpYmN1cmwuTXVsdGkq	158	111669149987
68719479601	107374182521	dGhpcw==	dGhpcw==	Tm9kZUxpYmN1cmwuTXVsdGkq	161	111669149987
68719479602	107374182521	dGhpcw==	dGhpcw==	Tm9kZUxpYmN1cmwuTXVsdGkq	162	111669149987
68719479603	107374182521	dGhpcw==	dGhpcw==	Tm9kZUxpYmN1cmwuTXVsdGkq	165	111669149987
68719479604	107374182521	Y29kZQ==	Y29kZQ==	Q1VSTE1jb2Rl	166	94489281491
68719479605	107374182521	dGhpcw==	dGhpcw==	Tm9kZUxpYmN1cmwuTXVsdGkq	166	111669149987
68719479606	107374182521	Y29kZQ==	Y29kZQ==	Q1VSTE1jb2Rl	167	94489281491
68719479607	107374182521	Q1VSTE1fT0s=	PHVua25vd24+IENVUkxNX09L	QU5Z	167	94489281657
68719479608	107374182521	dGhpcw==	dGhpcw==	Tm9kZUxpYmN1cmwuTXVsdGkq	168	111669149987
68719479609	107374182521	Y3VybA==	Y3VybA==	QU5Z	171	94489281490
68719479610	107374182521	Q1VSTF9IQU5ETEVfVFlQRV9NVUxUSQ==	Q1VSTF9IQU5ETEVfVFlQRV9NVUxUSQ==	QU5Z	171	94489281656
68719479611	107374182522	dGhpcw==	dGhpcw==	Tm9kZUxpYmN1cmwuTXVsdGkq	176	111669149988
68719479612	107374182523	ZnVuYw==	ZnVuYw==	TmFwaS5GdW5jdGlvbg==	182	94489281492
68719479613	107374182523	ZW52	ZW52	TmFwaS5FbnY=	183	111669149990
68719479614	107374182523	ZXhwb3J0cw==	ZXhwb3J0cw==	TmFwaS5PYmplY3Q=	196	111669149991
68719479615	107374182523	ZnVuYw==	ZnVuYw==	TmFwaS5GdW5jdGlvbg==	196	94489281492
68719479616	107374182523	ZnVuYw==	ZnVuYw==	TmFwaS5GdW5jdGlvbg==	198	94489281492
68719479617	107374182524	ZW52	ZW52	TmFwaS5FbnY=	202	94489281493
68719479618	107374182524	aW5mbw==	aW5mbw==	TmFwaS5DYWxsYmFja0luZm8m	202	111669149993
68719479619	107374182524	dGhpcw==	dGhpcw==	Tm9kZUxpYmN1cmwuTXVsdGkq	204	111669149992
68719479620	107374182524	ZW52	ZW52	TmFwaS5FbnY=	205	94489281493
68719479621	107374182524	Q1VSTE1fQkFEX0hBTkRMRQ==	PHVua25vd24+IENVUkxNX0JBRF9IQU5ETEU=	QU5Z	205	94489281655
68719479622	107374182524	aW5mbw==	aW5mbw==	TmFwaS5DYWxsYmFja0luZm8m	208	111669149993
68719479623	107374182524	ZW52	ZW52	TmFwaS5FbnY=	209	94489281493
68719479624	107374182524	b3B0	b3B0	TmFwaS5WYWx1ZQ==	212	94489281494
68719479625	107374182524	aW5mbw==	aW5mbw==	TmFwaS5DYWxsYmFja0luZm8m	212	111669149993
68719479626	107374182524	dmFsdWU=	dmFsdWU=	TmFwaS5WYWx1ZQ==	213	94489281495
68719479627	107374182524	aW5mbw==	aW5mbw==	TmFwaS5DYWxsYmFja0luZm8m	213	111669149993
68719479628	107374182524	c2V0T3B0UmV0Q29kZQ==	c2V0T3B0UmV0Q29kZQ==	Q1VSTE1jb2Rl	215	94489281496
68719479629	107374182524	Q1VSTE1fVU5LTk9XTl9PUFRJT04=	PHVua25vd24+IENVUkxNX1VOS05PV05fT1BUSU9O	QU5Z	215	94489281654
68719479630	107374182524	b3B0aW9uSWQ=	b3B0aW9uSWQ=	aW50	220	94489281497
68719479631	107374182524	Y3VybE11bHRpT3B0aW9uTm90SW1wbGVtZW50ZWQ=	PGdsb2JhbD4gY3VybE11bHRpT3B0aW9uTm90SW1wbGVtZW50ZWQ=	QU5Z	220	94489281653
68719479632	107374182524	b3B0	b3B0	TmFwaS5WYWx1ZQ==	220	94489281494
68719479633	107374182524	ZW52	ZW52	TmFwaS5FbnY=	221	94489281493
68719479634	107374182524	b3B0aW9uSWQ=	b3B0aW9uSWQ=	aW50	224	94489281497
68719479635	107374182524	Y3VybE11bHRpT3B0aW9uU3RyaW5nQXJyYXk=	PGdsb2JhbD4gY3VybE11bHRpT3B0aW9uU3RyaW5nQXJyYXk=	QU5Z	224	94489281652
68719479636	107374182524	b3B0	b3B0	TmFwaS5WYWx1ZQ==	224	94489281494
68719479637	107374182524	dmFsdWU=	dmFsdWU=	TmFwaS5WYWx1ZQ==	225	94489281495
68719479638	107374182524	c2V0T3B0UmV0Q29kZQ==	c2V0T3B0UmV0Q29kZQ==	Q1VSTE1jb2Rl	226	94489281496
68719479639	107374182524	dGhpcw==	dGhpcw==	Tm9kZUxpYmN1cmwuTXVsdGkq	226	111669149992
68719479640	107374182524	b3B0aW9uSWQ=	b3B0aW9uSWQ=	aW50	226	94489281497
68719479641	107374182524	dmFsdWU=	dmFsdWU=	TmFwaS5WYWx1ZQ==	229	94489281495
68719479642	107374182524	ZW52	ZW52	TmFwaS5FbnY=	230	94489281493
68719479643	107374182524	Q1VSTE1fQkFEX0ZVTkNUSU9OX0FSR1VNRU5U	PHVua25vd24+IENVUkxNX0JBRF9GVU5DVElPTl9BUkdVTUVOVA==	QU5Z	230	94489281646
68719479644	107374182524	YXJyYXk=	YXJyYXk=	TmFwaS5BcnJheQ==	233	94489281498
68719479645	107374182524	dmFsdWU=	dmFsdWU=	TmFwaS5WYWx1ZQ==	233	94489281495
68719479646	107374182524	YXJyYXlMZW5ndGg=	YXJyYXlMZW5ndGg=	dWludDMyX3Q=	234	94489281499
68719479647	107374182524	YXJyYXk=	YXJyYXk=	TmFwaS5BcnJheQ==	234	94489281498
68719479648	107374182524	c3Rk	c3Rk	c3Rk	235	94489281651
68719479649	107374182524	c3Rk	c3Rk	c3Rk	235	94489281651
68719479650	107374182524	c3RyaW5ncw==	PHVua25vd24+IHN0cmluZ3M=	QU5Z	235	94489281649
68719479651	107374182524	Y1N0cmluZ3M=	Y1N0cmluZ3M=	c3RkLnZlY3Rvcg==	236	94489281500
68719479652	107374182524	PHRtcD4w	PHRtcD4w	c3RkLnZlY3Rvcg==	236	94489281650
68719479653	107374182524	PHRtcD4w	PHRtcD4w	c3RkLnZlY3Rvcg==	236	94489281650
68719479654	107374182524	PHRtcD4w	PHRtcD4w	c3RkLnZlY3Rvcg==	236	94489281650
68719479655	107374182524	aQ==	aQ==	dWludDMyX3Q=	238	94489281501
68719479656	107374182524	aQ==	aQ==	dWludDMyX3Q=	238	94489281501
68719479657	107374182524	YXJyYXlMZW5ndGg=	YXJyYXlMZW5ndGg=	dWludDMyX3Q=	238	94489281499
68719479658	107374182524	aQ==	aQ==	dWludDMyX3Q=	238	94489281501
68719479659	107374182524	ZWxlbWVudA==	ZWxlbWVudA==	TmFwaS5WYWx1ZQ==	239	94489281502
68719479660	107374182524	YXJyYXk=	YXJyYXk=	TmFwaS5BcnJheQ==	239	94489281498
68719479661	107374182524	aQ==	aQ==	dWludDMyX3Q=	239	94489281501
68719479662	107374182524	ZWxlbWVudA==	ZWxlbWVudA==	TmFwaS5WYWx1ZQ==	241	94489281502
68719479663	107374182524	ZW52	ZW52	TmFwaS5FbnY=	242	94489281493
68719479664	107374182524	Q1VSTE1fQkFEX0ZVTkNUSU9OX0FSR1VNRU5U	PHVua25vd24+IENVUkxNX0JBRF9GVU5DVElPTl9BUkdVTUVOVA==	QU5Z	243	94489281646
68719479665	107374182524	c3RyaW5ncw==	PHVua25vd24+IHN0cmluZ3M=	QU5Z	246	94489281649
68719479666	107374182524	ZWxlbWVudA==	ZWxlbWVudA==	TmFwaS5WYWx1ZQ==	246	94489281502
68719479667	107374182524	Y1N0cmluZ3M=	Y1N0cmluZ3M=	c3RkLnZlY3Rvcg==	247	94489281500
68719479668	107374182524	c3RyaW5ncw==	PHVua25vd24+IHN0cmluZ3M=	QU5Z	247	94489281649
68719479669	107374182524	Y1N0cmluZ3M=	Y1N0cmluZ3M=	c3RkLnZlY3Rvcg==	250	94489281500
68719479670	107374182524	c2V0T3B0UmV0Q29kZQ==	c2V0T3B0UmV0Q29kZQ==	Q1VSTE1jb2Rl	252	94489281496
68719479671	107374182524	dGhpcw==	dGhpcw==	Tm9kZUxpYmN1cmwuTXVsdGkq	252	111669149992
68719479672	107374182524	b3B0aW9uSWQ=	b3B0aW9uSWQ=	aW50	252	94489281497
68719479673	107374182524	Y1N0cmluZ3M=	Y1N0cmluZ3M=	c3RkLnZlY3Rvcg==	252	94489281500
68719479674	107374182524	b3B0aW9uSWQ=	b3B0aW9uSWQ=	aW50	256	94489281497
68719479675	107374182524	Y3VybE11bHRpT3B0aW9uSW50ZWdlcg==	PGdsb2JhbD4gY3VybE11bHRpT3B0aW9uSW50ZWdlcg==	QU5Z	256	94489281648
68719479676	107374182524	b3B0	b3B0	TmFwaS5WYWx1ZQ==	256	94489281494
68719479677	107374182524	dmFsdWU=	dmFsdWU=	TmFwaS5WYWx1ZQ==	258	94489281495
68719479678	107374182524	ZW52	ZW52	TmFwaS5FbnY=	259	94489281493
68719479679	107374182524	Q1VSTE1fQkFEX0ZVTkNUSU9OX0FSR1VNRU5U	PHVua25vd24+IENVUkxNX0JBRF9GVU5DVElPTl9BUkdVTUVOVA==	QU5Z	259	94489281646
68719479680	107374182524	dmFs	dmFs	aW50MzJfdA==	262	94489281503
68719479681	107374182524	dmFsdWU=	dmFsdWU=	TmFwaS5WYWx1ZQ==	262	94489281495
68719479682	107374182524	c2V0T3B0UmV0Q29kZQ==	c2V0T3B0UmV0Q29kZQ==	Q1VSTE1jb2Rl	264	94489281496
68719479683	107374182524	dGhpcw==	dGhpcw==	Tm9kZUxpYmN1cmwuTXVsdGkq	264	111669149992
68719479684	107374182524	b3B0aW9uSWQ=	b3B0aW9uSWQ=	aW50	264	94489281497
68719479685	107374182524	dmFs	dmFs	aW50MzJfdA==	264	94489281503
68719479686	107374182524	b3B0aW9uSWQ=	b3B0aW9uSWQ=	aW50	265	94489281497
68719479687	107374182524	Y3VybE11bHRpT3B0aW9uRnVuY3Rpb24=	PGdsb2JhbD4gY3VybE11bHRpT3B0aW9uRnVuY3Rpb24=	QU5Z	265	94489281647
68719479688	107374182524	b3B0	b3B0	TmFwaS5WYWx1ZQ==	265	94489281494
68719479689	107374182524	aXNOdWxs	aXNOdWxs	Ym9vbA==	266	94489281504
68719479690	107374182524	dmFsdWU=	dmFsdWU=	TmFwaS5WYWx1ZQ==	266	94489281495
68719479691	107374182524	dmFsdWU=	dmFsdWU=	TmFwaS5WYWx1ZQ==	268	94489281495
68719479692	107374182524	aXNOdWxs	aXNOdWxs	Ym9vbA==	268	94489281504
68719479693	107374182524	ZW52	ZW52	TmFwaS5FbnY=	269	94489281493
68719479694	107374182524	Q1VSTE1fQkFEX0ZVTkNUSU9OX0FSR1VNRU5U	PHVua25vd24+IENVUkxNX0JBRF9GVU5DVElPTl9BUkdVTUVOVA==	QU5Z	270	94489281646
68719479695	107374182524	b3B0aW9uSWQ=	b3B0aW9uSWQ=	aW50	273	94489281497
68719479696	107374182524	ZW52	ZW52	TmFwaS5FbnY=	294	94489281493
68719479697	107374182524	c2V0T3B0UmV0Q29kZQ==	c2V0T3B0UmV0Q29kZQ==	Q1VSTE1jb2Rl	294	94489281496
68719479698	107374182525	ZW52	ZW52	TmFwaS5FbnY=	298	94489281505
68719479699	107374182525	aW5mbw==	aW5mbw==	TmFwaS5DYWxsYmFja0luZm8m	298	111669149995
68719479700	107374182525	Y3VybA==	Y3VybA==	QU5Z	299	94489281506
68719479701	107374182525	ZW52	ZW52	TmFwaS5FbnY=	299	94489281505
68719479702	107374182525	dGhpcw==	dGhpcw==	Tm9kZUxpYmN1cmwuTXVsdGkq	301	111669149994
68719479703	107374182525	ZW52	ZW52	TmFwaS5FbnY=	302	94489281505
68719479704	107374182525	Q1VSTE1fQkFEX0hBTkRMRQ==	PHVua25vd24+IENVUkxNX0JBRF9IQU5ETEU=	QU5Z	302	94489281645
68719479705	107374182525	aW5mbw==	aW5mbw==	TmFwaS5DYWxsYmFja0luZm8m	305	111669149995
68719479706	107374182525	ZW52	ZW52	TmFwaS5FbnY=	306	94489281505
68719479707	107374182525	Q1VSTE1fQkFEX0ZVTkNUSU9OX0FSR1VNRU5U	PHVua25vd24+IENVUkxNX0JBRF9GVU5DVElPTl9BUkdVTUVOVA==	QU5Z	306	94489281644
68719479708	107374182525	aW5mbw==	aW5mbw==	TmFwaS5DYWxsYmFja0luZm8m	309	111669149995
68719479709	107374182525	aW5mbw==	aW5mbw==	TmFwaS5DYWxsYmFja0luZm8m	310	111669149995
68719479710	107374182525	Y3VybA==	Y3VybA==	QU5Z	310	94489281506
68719479711	107374182525	ZW52	ZW52	TmFwaS5FbnY=	311	94489281505
68719479712	107374182525	Q1VSTE1fQkFEX0ZVTkNUSU9OX0FSR1VNRU5U	PHVua25vd24+IENVUkxNX0JBRF9GVU5DVElPTl9BUkdVTUVOVA==	QU5Z	311	94489281644
68719479713	107374182525	b2Jq	b2Jq	TmFwaS5PYmplY3Q=	314	94489281507
68719479714	107374182525	aW5mbw==	aW5mbw==	TmFwaS5DYWxsYmFja0luZm8m	314	111669149995
68719479715	107374182525	ZWFzeQ==	ZWFzeQ==	Tm9kZUxpYmN1cmwuRWFzeSo=	315	94489281508
68719479716	107374182525	b2Jq	b2Jq	TmFwaS5PYmplY3Q=	315	94489281507
68719479717	107374182525	ZWFzeQ==	ZWFzeQ==	Tm9kZUxpYmN1cmwuRWFzeSo=	317	94489281508
68719479718	107374182525	ZWFzeQ==	ZWFzeQ==	Tm9kZUxpYmN1cmwuRWFzeSo=	317	94489281508
68719479719	107374182525	ZW52	ZW52	TmFwaS5FbnY=	318	94489281505
68719479720	107374182525	Q1VSTE1fQkFEX0VBU1lfSEFORExF	PHVua25vd24+IENVUkxNX0JBRF9FQVNZX0hBTkRMRQ==	QU5Z	318	94489281643
68719479721	107374182525	ZWFzeQ==	ZWFzeQ==	Tm9kZUxpYmN1cmwuRWFzeSo=	321	94489281508
68719479722	107374182525	ZW52	ZW52	TmFwaS5FbnY=	322	94489281505
68719479723	107374182525	Q1VSTE1fQURERURfQUxSRUFEWQ==	PHVua25vd24+IENVUkxNX0FEREVEX0FMUkVBRFk=	QU5Z	322	94489281642
68719479724	107374182525	ZWFzeQ==	ZWFzeQ==	Tm9kZUxpYmN1cmwuRWFzeSo=	328	94489281508
68719479725	107374182525	bG9jYWxlR3VhcmQ=	bG9jYWxlR3VhcmQ=	TG9jYWxlR3VhcmQ=	331	94489281509
68719479726	107374182525	PHRtcD4w	PHRtcD4w	TG9jYWxlR3VhcmQ=	331	94489281641
68719479727	107374182525	PHRtcD4w	PHRtcD4w	TG9jYWxlR3VhcmQ=	331	94489281641
68719479728	107374182525	PHRtcD4w	PHRtcD4w	TG9jYWxlR3VhcmQ=	331	94489281641
68719479729	107374182525	Y29kZQ==	Y29kZQ==	Q1VSTE1jb2Rl	332	94489281510
68719479730	107374182525	dGhpcw==	dGhpcw==	Tm9kZUxpYmN1cmwuTXVsdGkq	332	111669149994
68719479731	107374182525	ZWFzeQ==	ZWFzeQ==	Tm9kZUxpYmN1cmwuRWFzeSo=	332	94489281508
68719479732	107374182525	Y29kZQ==	Y29kZQ==	Q1VSTE1jb2Rl	334	94489281510
68719479733	107374182525	Q1VSTE1fT0s=	PHVua25vd24+IENVUkxNX09L	QU5Z	334	94489281640
68719479734	107374182525	ZW52	ZW52	TmFwaS5FbnY=	335	94489281505
68719479735	107374182525	Y29kZQ==	Y29kZQ==	Q1VSTE1jb2Rl	335	94489281510
68719479736	107374182525	dGhpcw==	dGhpcw==	Tm9kZUxpYmN1cmwuTXVsdGkq	338	111669149994
68719479737	107374182525	ZWFzeQ==	ZWFzeQ==	Tm9kZUxpYmN1cmwuRWFzeSo=	339	94489281508
68719479738	107374182525	ZW52	ZW52	TmFwaS5FbnY=	341	94489281505
68719479739	107374182525	Y29kZQ==	Y29kZQ==	Q1VSTE1jb2Rl	341	94489281510
68719479740	107374182526	ZW52	ZW52	TmFwaS5FbnY=	345	94489281511
68719479741	107374182526	aW5mbw==	aW5mbw==	TmFwaS5DYWxsYmFja0luZm8m	345	111669149997
68719479742	107374182526	Y3VybA==	Y3VybA==	QU5Z	346	94489281512
68719479743	107374182526	ZW52	ZW52	TmFwaS5FbnY=	346	94489281511
68719479744	107374182526	dGhpcw==	dGhpcw==	Tm9kZUxpYmN1cmwuTXVsdGkq	348	111669149996
68719479745	107374182526	ZW52	ZW52	TmFwaS5FbnY=	349	94489281511
68719479746	107374182526	Q1VSTE1fQkFEX0hBTkRMRQ==	PHVua25vd24+IENVUkxNX0JBRF9IQU5ETEU=	QU5Z	349	94489281639
68719479747	107374182526	aW5mbw==	aW5mbw==	TmFwaS5DYWxsYmFja0luZm8m	352	111669149997
68719479748	107374182526	ZW52	ZW52	TmFwaS5FbnY=	353	94489281511
68719479749	107374182526	Q1VSTE1fQkFEX0ZVTkNUSU9OX0FSR1VNRU5U	PHVua25vd24+IENVUkxNX0JBRF9GVU5DVElPTl9BUkdVTUVOVA==	QU5Z	353	94489281638
68719479750	107374182526	aW5mbw==	aW5mbw==	TmFwaS5DYWxsYmFja0luZm8m	356	111669149997
68719479751	107374182526	aW5mbw==	aW5mbw==	TmFwaS5DYWxsYmFja0luZm8m	357	111669149997
68719479752	107374182526	Y3VybA==	Y3VybA==	QU5Z	357	94489281512
68719479753	107374182526	ZW52	ZW52	TmFwaS5FbnY=	358	94489281511
68719479754	107374182526	Q1VSTE1fQkFEX0ZVTkNUSU9OX0FSR1VNRU5U	PHVua25vd24+IENVUkxNX0JBRF9GVU5DVElPTl9BUkdVTUVOVA==	QU5Z	358	94489281638
68719479755	107374182526	b2Jq	b2Jq	TmFwaS5PYmplY3Q=	361	94489281513
68719479756	107374182526	aW5mbw==	aW5mbw==	TmFwaS5DYWxsYmFja0luZm8m	361	111669149997
68719479757	107374182526	ZWFzeQ==	ZWFzeQ==	Tm9kZUxpYmN1cmwuRWFzeSo=	362	94489281514
68719479758	107374182526	b2Jq	b2Jq	TmFwaS5PYmplY3Q=	362	94489281513
68719479759	107374182526	ZWFzeQ==	ZWFzeQ==	Tm9kZUxpYmN1cmwuRWFzeSo=	364	94489281514
68719479760	107374182526	ZWFzeQ==	ZWFzeQ==	Tm9kZUxpYmN1cmwuRWFzeSo=	364	94489281514
68719479761	107374182526	ZW52	ZW52	TmFwaS5FbnY=	365	94489281511
68719479762	107374182526	Q1VSTE1fQkFEX0VBU1lfSEFORExF	PHVua25vd24+IENVUkxNX0JBRF9FQVNZX0hBTkRMRQ==	QU5Z	365	94489281637
68719479763	107374182526	Y29kZQ==	Y29kZQ==	Q1VSTE1jb2Rl	371	94489281515
68719479764	107374182526	dGhpcw==	dGhpcw==	Tm9kZUxpYmN1cmwuTXVsdGkq	371	111669149996
68719479765	107374182526	ZWFzeQ==	ZWFzeQ==	Tm9kZUxpYmN1cmwuRWFzeSo=	371	94489281514
68719479766	107374182526	Y29kZQ==	Y29kZQ==	Q1VSTE1jb2Rl	373	94489281515
68719479767	107374182526	Q1VSTE1fT0s=	PHVua25vd24+IENVUkxNX09L	QU5Z	373	94489281636
68719479768	107374182526	ZW52	ZW52	TmFwaS5FbnY=	374	94489281511
68719479769	107374182526	Y29kZQ==	Y29kZQ==	Q1VSTE1jb2Rl	374	94489281515
68719479770	107374182526	dGhpcw==	dGhpcw==	Tm9kZUxpYmN1cmwuTXVsdGkq	377	111669149996
68719479771	107374182526	ZWFzeQ==	ZWFzeQ==	Tm9kZUxpYmN1cmwuRWFzeSo=	378	94489281514
68719479772	107374182526	ZW52	ZW52	TmFwaS5FbnY=	380	94489281511
68719479773	107374182526	Y29kZQ==	Y29kZQ==	Q1VSTE1jb2Rl	380	94489281515
68719479774	107374182527	ZW52	ZW52	TmFwaS5FbnY=	384	94489281516
68719479775	107374182527	aW5mbw==	aW5mbw==	TmFwaS5DYWxsYmFja0luZm8m	384	111669149999
68719479776	107374182527	Y3VybA==	Y3VybA==	QU5Z	385	94489281517
68719479777	107374182527	ZW52	ZW52	TmFwaS5FbnY=	385	94489281516
68719479778	107374182527	dGhpcw==	dGhpcw==	Tm9kZUxpYmN1cmwuTXVsdGkq	387	111669149998
68719479779	107374182527	ZW52	ZW52	TmFwaS5FbnY=	388	94489281516
68719479780	107374182527	Q1VSTE1fQkFEX0hBTkRMRQ==	PHVua25vd24+IENVUkxNX0JBRF9IQU5ETEU=	QU5Z	388	94489281635
68719479781	107374182527	aW5mbw==	aW5mbw==	TmFwaS5DYWxsYmFja0luZm8m	391	111669149999
68719479782	107374182527	ZW52	ZW52	TmFwaS5FbnY=	392	94489281516
68719479783	107374182527	Q1VSTE1fQkFEX0ZVTkNUSU9OX0FSR1VNRU5U	PHVua25vd24+IENVUkxNX0JBRF9GVU5DVElPTl9BUkdVTUVOVA==	QU5Z	392	94489281634
68719479784	107374182527	aW5mbw==	aW5mbw==	TmFwaS5DYWxsYmFja0luZm8m	395	111669149999
68719479785	107374182527	aW5mbw==	aW5mbw==	TmFwaS5DYWxsYmFja0luZm8m	396	111669149999
68719479786	107374182527	Y3VybA==	Y3VybA==	QU5Z	396	94489281517
68719479787	107374182527	ZW52	ZW52	TmFwaS5FbnY=	397	94489281516
68719479788	107374182527	Q1VSTE1fQkFEX0ZVTkNUSU9OX0FSR1VNRU5U	PHVua25vd24+IENVUkxNX0JBRF9GVU5DVElPTl9BUkdVTUVOVA==	QU5Z	397	94489281634
68719479789	107374182527	b2Jq	b2Jq	TmFwaS5PYmplY3Q=	400	94489281518
68719479790	107374182527	aW5mbw==	aW5mbw==	TmFwaS5DYWxsYmFja0luZm8m	400	111669149999
68719479791	107374182527	ZWFzeQ==	ZWFzeQ==	Tm9kZUxpYmN1cmwuRWFzeSo=	401	94489281519
68719479792	107374182527	b2Jq	b2Jq	TmFwaS5PYmplY3Q=	401	94489281518
68719479793	107374182527	ZWFzeQ==	ZWFzeQ==	Tm9kZUxpYmN1cmwuRWFzeSo=	403	94489281519
68719479794	107374182527	ZWFzeQ==	ZWFzeQ==	Tm9kZUxpYmN1cmwuRWFzeSo=	403	94489281519
68719479795	107374182527	ZW52	ZW52	TmFwaS5FbnY=	404	94489281516
68719479796	107374182527	Q1VSTE1fQkFEX0VBU1lfSEFORExF	PHVua25vd24+IENVUkxNX0JBRF9FQVNZX0hBTkRMRQ==	QU5Z	404	94489281633
68719479797	107374182527	ZWFzeQ==	ZWFzeQ==	Tm9kZUxpYmN1cmwuRWFzeSo=	407	94489281519
68719479798	107374182527	ZW52	ZW52	TmFwaS5FbnY=	408	94489281516
68719479799	107374182527	Q1VSTE1fQURERURfQUxSRUFEWQ==	PHVua25vd24+IENVUkxNX0FEREVEX0FMUkVBRFk=	QU5Z	408	94489281632
68719479800	107374182527	ZGVmZXJyZWQ=	ZGVmZXJyZWQ=	QU5Z	414	94489281520
68719479801	107374182527	ZW52	ZW52	TmFwaS5FbnY=	414	94489281516
68719479802	107374182527	ZWFzeQ==	ZWFzeQ==	Tm9kZUxpYmN1cmwuRWFzeSo=	417	94489281519
68719479803	107374182527	bG9jYWxlR3VhcmQ=	bG9jYWxlR3VhcmQ=	TG9jYWxlR3VhcmQ=	420	94489281521
68719479804	107374182527	PHRtcD4w	PHRtcD4w	TG9jYWxlR3VhcmQ=	420	94489281631
68719479805	107374182527	PHRtcD4w	PHRtcD4w	TG9jYWxlR3VhcmQ=	420	94489281631
68719479806	107374182527	PHRtcD4w	PHRtcD4w	TG9jYWxlR3VhcmQ=	420	94489281631
68719479807	107374182527	Y29kZQ==	Y29kZQ==	Q1VSTE1jb2Rl	421	94489281522
68719479808	107374182527	dGhpcw==	dGhpcw==	Tm9kZUxpYmN1cmwuTXVsdGkq	421	111669149998
68719479809	107374182527	ZWFzeQ==	ZWFzeQ==	Tm9kZUxpYmN1cmwuRWFzeSo=	421	94489281519
68719479810	107374182527	Y29kZQ==	Y29kZQ==	Q1VSTE1jb2Rl	423	94489281522
68719479811	107374182527	Q1VSTE1fT0s=	PHVua25vd24+IENVUkxNX09L	QU5Z	423	94489281630
68719479812	107374182527	ZW52	ZW52	TmFwaS5FbnY=	424	94489281516
68719479813	107374182527	Y29kZQ==	Y29kZQ==	Q1VSTE1jb2Rl	424	94489281522
68719479814	107374182527	dGhpcw==	dGhpcw==	Tm9kZUxpYmN1cmwuTXVsdGkq	427	111669149998
68719479815	107374182527	ZWFzeQ==	ZWFzeQ==	Tm9kZUxpYmN1cmwuRWFzeSo=	428	94489281519
68719479816	107374182527	dGhpcw==	dGhpcw==	Tm9kZUxpYmN1cmwuTXVsdGkq	431	111669149998
68719479817	107374182527	ZWFzeQ==	ZWFzeQ==	Tm9kZUxpYmN1cmwuRWFzeSo=	431	94489281519
68719479818	107374182527	c3Rk	c3Rk	c3Rk	431	94489281629
68719479819	107374182527	TmFwaQ==	TmFwaQ==	TmFwaQ==	431	94489281628
68719479820	107374182527	ZGVmZXJyZWQ=	ZGVmZXJyZWQ=	QU5Z	431	94489281520
68719479821	107374182527	dGhpcw==	dGhpcw==	Tm9kZUxpYmN1cmwuTXVsdGkq	434	111669149998
68719479822	107374182527	ZWFzeQ==	ZWFzeQ==	Tm9kZUxpYmN1cmwuRWFzeSo=	434	94489281519
68719479823	107374182528	ZW52	ZW52	TmFwaS5FbnY=	438	94489281523
68719479824	107374182528	aW5mbw==	aW5mbw==	TmFwaS5DYWxsYmFja0luZm8m	438	111669150001
68719479825	107374182528	aW5mbw==	aW5mbw==	TmFwaS5DYWxsYmFja0luZm8m	440	111669150001
68719479826	107374182528	ZW52	ZW52	TmFwaS5FbnY=	441	94489281523
68719479827	107374182528	Q1VSTE1fQkFEX0ZVTkNUSU9OX0FSR1VNRU5U	PHVua25vd24+IENVUkxNX0JBRF9GVU5DVElPTl9BUkdVTUVOVA==	QU5Z	444	94489281627
68719479828	107374182528	YXJn	YXJn	TmFwaS5WYWx1ZQ==	447	94489281524
68719479829	107374182528	aW5mbw==	aW5mbw==	TmFwaS5DYWxsYmFja0luZm8m	447	111669150001
68719479830	107374182528	aXNOdWxs	aXNOdWxs	Ym9vbA==	448	94489281525
68719479831	107374182528	YXJn	YXJn	TmFwaS5WYWx1ZQ==	448	94489281524
68719479832	107374182528	YXJn	YXJn	TmFwaS5WYWx1ZQ==	450	94489281524
68719479833	107374182528	aXNOdWxs	aXNOdWxs	Ym9vbA==	450	94489281525
68719479834	107374182528	ZW52	ZW52	TmFwaS5FbnY=	451	94489281523
68719479835	107374182528	Q1VSTE1fQkFEX0ZVTkNUSU9OX0FSR1VNRU5U	PHVua25vd24+IENVUkxNX0JBRF9GVU5DVElPTl9BUkdVTUVOVA==	QU5Z	454	94489281627
68719479836	107374182528	aXNOdWxs	aXNOdWxs	Ym9vbA==	457	94489281525
68719479837	107374182528	dGhpcw==	dGhpcw==	Tm9kZUxpYmN1cmwuTXVsdGkq	458	111669150000
68719479838	107374182528	dGhpcw==	dGhpcw==	Tm9kZUxpYmN1cmwuTXVsdGkq	460	111669150000
68719479839	107374182528	YXJn	YXJn	TmFwaS5WYWx1ZQ==	460	94489281524
68719479840	107374182528	aW5mbw==	aW5mbw==	TmFwaS5DYWxsYmFja0luZm8m	463	111669150001
68719479841	107374182529	ZW52	ZW52	TmFwaS5FbnY=	467	94489281526
68719479842	107374182529	aW5mbw==	aW5mbw==	TmFwaS5DYWxsYmFja0luZm8m	467	111669150003
68719479843	107374182529	dGhpcw==	dGhpcw==	Tm9kZUxpYmN1cmwuTXVsdGkq	469	111669150002
68719479844	107374182529	ZW52	ZW52	TmFwaS5FbnY=	470	94489281526
68719479845	107374182529	Q1VSTE1fQkFEX0hBTkRMRQ==	PHVua25vd24+IENVUkxNX0JBRF9IQU5ETEU=	QU5Z	470	94489281626
68719479846	107374182529	ZW52	ZW52	TmFwaS5FbnY=	473	94489281526
68719479847	107374182529	dGhpcw==	dGhpcw==	Tm9kZUxpYmN1cmwuTXVsdGkq	473	111669150002
68719479848	107374182530	ZW52	ZW52	TmFwaS5FbnY=	477	94489281527
68719479849	107374182530	aW5mbw==	aW5mbw==	TmFwaS5DYWxsYmFja0luZm8m	477	111669150005
68719479850	107374182530	dGhpcw==	dGhpcw==	Tm9kZUxpYmN1cmwuTXVsdGkq	479	111669150004
68719479851	107374182530	ZW52	ZW52	TmFwaS5FbnY=	480	94489281527
68719479852	107374182530	Q1VSTE1fQkFEX0hBTkRMRQ==	PHVua25vd24+IENVUkxNX0JBRF9IQU5ETEU=	QU5Z	480	94489281625
68719479853	107374182530	dGhpcw==	dGhpcw==	Tm9kZUxpYmN1cmwuTXVsdGkq	485	111669150004
68719479854	107374182530	ZW52	ZW52	TmFwaS5FbnY=	487	94489281527
68719479855	107374182531	aW5mbw==	aW5mbw==	TmFwaS5DYWxsYmFja0luZm8m	491	111669150007
68719479856	107374182531	dGhpcw==	dGhpcw==	Tm9kZUxpYmN1cmwuTXVsdGkq	491	111669150006
68719479857	107374182532	ZW52	ZW52	TmFwaS5FbnY=	495	94489281528
68719479858	107374182532	aW5mbw==	aW5mbw==	TmFwaS5DYWxsYmFja0luZm8m	495	111669150009
68719479859	107374182532	aW5mbw==	aW5mbw==	TmFwaS5DYWxsYmFja0luZm8m	497	111669150009
68719479860	107374182532	aW5mbw==	aW5mbw==	TmFwaS5DYWxsYmFja0luZm8m	497	111669150009
68719479861	107374182532	ZW52	ZW52	TmFwaS5FbnY=	498	94489281528
68719479862	107374182532	Q1VSTE1fQkFEX0ZVTkNUSU9OX0FSR1VNRU5U	PHVua25vd24+IENVUkxNX0JBRF9GVU5DVElPTl9BUkdVTUVOVA==	QU5Z	498	94489281624
68719479863	107374182532	ZXJyb3JDb2Rl	ZXJyb3JDb2Rl	aW50MzJfdA==	501	94489281529
68719479864	107374182532	aW5mbw==	aW5mbw==	TmFwaS5DYWxsYmFja0luZm8m	501	111669150009
68719479865	107374182532	ZXJyb3JNc2c=	ZXJyb3JNc2c=	Y2hhcio=	502	94489281530
68719479866	107374182532	ZXJyb3JDb2Rl	ZXJyb3JDb2Rl	aW50MzJfdA==	502	94489281529
68719479867	107374182532	ZW52	ZW52	TmFwaS5FbnY=	504	94489281528
68719479868	107374182532	ZXJyb3JNc2c=	ZXJyb3JNc2c=	Y2hhcio=	504	94489281530
68719479869	107374182533	dGhpcw==	dGhpcw==	Tm9kZUxpYmN1cmwuTXVsdGkq	509	111669150010
68719479870	107374182533	bXNnc0xlZnQ=	bXNnc0xlZnQ=	aW50	511	94489281531
68719479871	107374182533	bXNn	bXNn	Q1VSTE1zZyo=	512	94489281532
68719479872	107374182533	dGhpcw==	dGhpcw==	Tm9kZUxpYmN1cmwuTXVsdGkq	514	111669150010
68719479873	107374182533	bXNn	bXNn	Q1VSTE1zZyo=	514	94489281532
68719479874	107374182533	dGhpcw==	dGhpcw==	Tm9kZUxpYmN1cmwuTXVsdGkq	514	111669150010
68719479875	107374182533	bXNnc0xlZnQ=	bXNnc0xlZnQ=	aW50	514	94489281531
68719479876	107374182533	bXNn	bXNn	Q1VSTE1zZyo=	518	94489281532
68719479877	107374182533	Q1VSTE1TR19ET05F	PHVua25vd24+IENVUkxNU0dfRE9ORQ==	QU5Z	518	94489281623
68719479878	107374182533	ZWFzeQ==	ZWFzeQ==	Q1VSTCo=	519	94489281533
68719479879	107374182533	bXNn	bXNn	Q1VSTE1zZyo=	519	94489281532
68719479880	107374182533	cmVzdWx0	cmVzdWx0	Q1VSTGNvZGU=	520	94489281534
68719479881	107374182533	bXNn	bXNn	Q1VSTE1zZyo=	520	94489281532
68719479882	107374182533	dGhpcw==	dGhpcw==	Tm9kZUxpYmN1cmwuTXVsdGkq	522	111669150010
68719479883	107374182533	ZWFzeQ==	ZWFzeQ==	Q1VSTCo=	522	94489281533
68719479884	107374182533	cmVzdWx0	cmVzdWx0	Q1VSTGNvZGU=	522	94489281534
68719479885	107374182534	dGhpcw==	dGhpcw==	Tm9kZUxpYmN1cmwuTXVsdGkq	528	111669150011
68719479886	107374182534	ZW52	ZW52	TmFwaS5FbnY=	530	94489281535
68719479887	107374182534	c2NvcGU=	c2NvcGU=	TmFwaS5IYW5kbGVTY29wZQ==	531	94489281536
68719479888	107374182534	PHRtcD4w	PHRtcD4w	TmFwaS5IYW5kbGVTY29wZQ==	531	94489281622
68719479889	107374182534	PHRtcD4w	PHRtcD4w	TmFwaS5IYW5kbGVTY29wZQ==	531	94489281622
68719479890	107374182534	ZW52	ZW52	TmFwaS5FbnY=	531	94489281535
68719479891	107374182534	PHRtcD4w	PHRtcD4w	TmFwaS5IYW5kbGVTY29wZQ==	531	94489281622
68719479892	107374182534	cHRy	cHRy	Y2hhcio=	536	94489281537
68719479893	107374182534	Y29kZQ==	Y29kZQ==	Q1VSTGNvZGU=	537	94489281538
68719479894	107374182534	ZWFzeQ==	ZWFzeQ==	Q1VSTCo=	537	111669150012
68719479895	107374182534	Q1VSTElORk9fUFJJVkFURQ==	PHVua25vd24+IENVUkxJTkZPX1BSSVZBVEU=	QU5Z	537	94489281621
68719479896	107374182534	cHRy	cHRy	Y2hhcio=	537	94489281537
68719479897	107374182534	Y29kZQ==	Y29kZQ==	Q1VSTGNvZGU=	538	94489281538
68719479898	107374182534	Q1VSTEVfT0s=	PHVua25vd24+IENVUkxFX09L	QU5Z	538	94489281619
68719479899	107374182534	cHRy	cHRy	Y2hhcio=	540	94489281537
68719479900	107374182534	ZWFzeU9iag==	ZWFzeU9iag==	Tm9kZUxpYmN1cmwuRWFzeSo=	541	94489281539
68719479901	107374182534	cHRy	cHRy	Y2hhcio=	541	94489281537
68719479902	107374182534	aGFzRXJyb3I=	aGFzRXJyb3I=	Ym9vbA==	543	94489281540
68719479903	107374182534	ZWFzeU9iag==	ZWFzeU9iag==	Tm9kZUxpYmN1cmwuRWFzeSo=	543	94489281539
68719479904	107374182534	c3RhdHVzQ29kZQ==	c3RhdHVzQ29kZQ==	Q1VSTGNvZGU=	546	94489281541
68719479905	107374182534	aGFuZGxlQ29kZQ==	aGFuZGxlQ29kZQ==	Q1VSTGNvZGU=	546	111669150013
68719479906	107374182534	Q1VSTEVfT0s=	PHVua25vd24+IENVUkxFX09L	QU5Z	546	94489281619
68719479907	107374182534	aGFzRXJyb3I=	aGFzRXJyb3I=	Ym9vbA==	546	94489281540
68719479908	107374182534	Q1VSTEVfQUJPUlRFRF9CWV9DQUxMQkFDSw==	PHVua25vd24+IENVUkxFX0FCT1JURURfQllfQ0FMTEJBQ0s=	QU5Z	546	94489281620
68719479909	107374182534	aGFuZGxlQ29kZQ==	aGFuZGxlQ29kZQ==	Q1VSTGNvZGU=	546	111669150013
68719479910	107374182534	cHJvbWlzZUl0	cHJvbWlzZUl0	QU5Z	549	94489281542
68719479911	107374182534	dGhpcw==	dGhpcw==	Tm9kZUxpYmN1cmwuTXVsdGkq	549	111669150011
68719479912	107374182534	ZWFzeQ==	ZWFzeQ==	Q1VSTCo=	549	111669150012
68719479913	107374182534	cHJvbWlzZUl0	cHJvbWlzZUl0	QU5Z	550	94489281542
68719479914	107374182534	dGhpcw==	dGhpcw==	Tm9kZUxpYmN1cmwuTXVsdGkq	550	111669150011
68719479915	107374182534	ZGVmZXJyZWQ=	ZGVmZXJyZWQ=	QU5Z	555	94489281543
68719479916	107374182534	cHJvbWlzZUl0	cHJvbWlzZUl0	QU5Z	555	94489281542
68719479917	107374182534	c3RhdHVzQ29kZQ==	c3RhdHVzQ29kZQ==	Q1VSTGNvZGU=	557	94489281541
68719479918	107374182534	Q1VSTEVfT0s=	PHVua25vd24+IENVUkxFX09L	QU5Z	557	94489281619
68719479919	107374182534	aGFzRXJyb3I=	aGFzRXJyb3I=	Ym9vbA==	557	94489281540
68719479920	107374182534	aGFzRXJyb3I=	aGFzRXJyb3I=	Ym9vbA==	559	94489281540
68719479921	107374182534	ZXJyb3I=	ZXJyb3I=	TmFwaS5FcnJvcg==	560	94489281544
68719479922	107374182534	ZW52	ZW52	TmFwaS5FbnY=	561	94489281535
68719479923	107374182534	Q1VSTEVfQUJPUlRFRF9CWV9DQUxMQkFDSw==	PHVua25vd24+IENVUkxFX0FCT1JURURfQllfQ0FMTEJBQ0s=	QU5Z	561	94489281620
68719479924	107374182534	ZXJyb3JWYWx1ZQ==	ZXJyb3JWYWx1ZQ==	TmFwaS5PYmplY3Q=	563	94489281545
68719479925	107374182534	ZXJyb3I=	ZXJyb3I=	TmFwaS5FcnJvcg==	563	94489281544
68719479926	107374182534	ZXJyb3JWYWx1ZQ==	ZXJyb3JWYWx1ZQ==	TmFwaS5PYmplY3Q=	564	94489281545
68719479927	107374182534	ZWFzeU9iag==	ZWFzeU9iag==	Tm9kZUxpYmN1cmwuRWFzeSo=	564	94489281539
68719479928	107374182534	ZGVmZXJyZWQ=	ZGVmZXJyZWQ=	QU5Z	565	94489281543
68719479929	107374182534	ZXJyb3JWYWx1ZQ==	ZXJyb3JWYWx1ZQ==	TmFwaS5PYmplY3Q=	565	94489281545
68719479930	107374182534	ZXJyb3I=	ZXJyb3I=	TmFwaS5FcnJvcg==	567	94489281546
68719479931	107374182534	ZW52	ZW52	TmFwaS5FbnY=	567	94489281535
68719479932	107374182534	c3RhdHVzQ29kZQ==	c3RhdHVzQ29kZQ==	Q1VSTGNvZGU=	567	94489281541
68719479933	107374182534	ZGVmZXJyZWQ=	ZGVmZXJyZWQ=	QU5Z	568	94489281543
68719479934	107374182534	ZXJyb3I=	ZXJyb3I=	TmFwaS5FcnJvcg==	568	94489281546
68719479935	107374182534	ZGVmZXJyZWQ=	ZGVmZXJyZWQ=	QU5Z	572	94489281543
68719479936	107374182534	ZWFzeU9iag==	ZWFzeU9iag==	Tm9kZUxpYmN1cmwuRWFzeSo=	572	94489281539
68719479937	107374182534	dGhpcw==	dGhpcw==	Tm9kZUxpYmN1cmwuTXVsdGkq	576	111669150011
68719479938	107374182534	cHJvbWlzZUl0	cHJvbWlzZUl0	QU5Z	576	94489281542
68719479939	107374182534	Y2FsbGJhY2s=	Y2FsbGJhY2s=	TmFwaS5GdW5jdGlvbg==	580	94489281547
68719479940	107374182534	dGhpcw==	dGhpcw==	Tm9kZUxpYmN1cmwuTXVsdGkq	580	111669150011
68719479941	107374182534	ZXJyb3I=	ZXJyb3I=	TmFwaS5WYWx1ZQ==	583	94489281548
68719479942	107374182534	ZW52	ZW52	TmFwaS5FbnY=	583	94489281535
68719479943	107374182534	ZXJyb3JDb2Rl	ZXJyb3JDb2Rl	TmFwaS5OdW1iZXI=	584	94489281549
68719479944	107374182534	ZW52	ZW52	TmFwaS5FbnY=	584	94489281535
68719479945	107374182534	c3RhdHVzQ29kZQ==	c3RhdHVzQ29kZQ==	Q1VSTGNvZGU=	584	94489281541
68719479946	107374182534	c3RhdHVzQ29kZQ==	c3RhdHVzQ29kZQ==	Q1VSTGNvZGU=	586	94489281541
68719479947	107374182534	Q1VSTEVfT0s=	PHVua25vd24+IENVUkxFX09L	QU5Z	586	94489281619
68719479948	107374182534	aGFzRXJyb3I=	aGFzRXJyb3I=	Ym9vbA==	586	94489281540
68719479949	107374182534	ZXJyb3I=	ZXJyb3I=	TmFwaS5WYWx1ZQ==	587	94489281548
68719479950	107374182534	aGFzRXJyb3I=	aGFzRXJyb3I=	Ym9vbA==	587	94489281540
68719479951	107374182534	ZWFzeU9iag==	ZWFzeU9iag==	Tm9kZUxpYmN1cmwuRWFzeSo=	587	94489281539
68719479952	107374182534	ZW52	ZW52	TmFwaS5FbnY=	588	94489281535
68719479953	107374182534	c3RhdHVzQ29kZQ==	c3RhdHVzQ29kZQ==	Q1VSTGNvZGU=	588	94489281541
68719479954	107374182534	Y2FsbGJhY2s=	Y2FsbGJhY2s=	TmFwaS5GdW5jdGlvbg==	595	94489281547
68719479955	107374182534	dGhpcw==	dGhpcw==	Tm9kZUxpYmN1cmwuTXVsdGkq	595	111669150011
68719479956	107374182534	ZXJyb3I=	ZXJyb3I=	TmFwaS5WYWx1ZQ==	595	94489281548
68719479957	107374182534	ZWFzeU9iag==	ZWFzeU9iag==	Tm9kZUxpYmN1cmwuRWFzeSo=	595	94489281539
68719479958	107374182534	ZXJyb3JDb2Rl	ZXJyb3JDb2Rl	TmFwaS5OdW1iZXI=	595	94489281549
68719479959	107374182534			TmFwaS5FcnJvciY=		94489281550
68719479960	107374182534	PHRtcD4x	PHRtcD4x	TmFwaS5FcnJvcg==	597	94489281618
68719479961	107374182534	PHRtcD4x	PHRtcD4x	TmFwaS5FcnJvcg==	597	94489281618
68719479962	107374182534	PHRtcD4x	PHRtcD4x	TmFwaS5FcnJvcg==	597	94489281618
68719479963	107374182534	dGhpcw==	dGhpcw==	Tm9kZUxpYmN1cmwuTXVsdGkq	602	111669150011
68719479964	107374182535	aXQ=	aXQ=	QU5Z	608	94489281551
68719479965	107374182535	bXVsdGk=	bXVsdGk=	Tm9kZUxpYmN1cmwuTXVsdGkq	608	111669150016
68719479966	107374182535	c29ja2Zk	c29ja2Zk	Y3VybF9zb2NrZXRfdA==	608	111669150015
68719479967	107374182535	aXQ=	aXQ=	QU5Z	615	94489281551
68719479968	107374182535	bXVsdGk=	bXVsdGk=	Tm9kZUxpYmN1cmwuTXVsdGkq	615	111669150016
68719479969	107374182535	aXQ=	aXQ=	QU5Z	618	94489281551
68719479970	107374182535	Y3R4	Y3R4	Tm9kZUxpYmN1cmwuTXVsdGkuQ3VybFNvY2tldENvbnRleHQq	621	94489281552
68719479971	107374182535	PHRtcD4w	PHRtcD4w	Tm9kZUxpYmN1cmwuTXVsdGkuQ3VybFNvY2tldENvbnRleHQ=	621	94489281617
68719479972	107374182535	PHRtcD4w	PHRtcD4w	Tm9kZUxpYmN1cmwuTXVsdGkuQ3VybFNvY2tldENvbnRleHQ=	621	94489281617
68719479973	107374182535	PHRtcD4w	PHRtcD4w	Tm9kZUxpYmN1cmwuTXVsdGkuQ3VybFNvY2tldENvbnRleHQ=	621	94489281617
68719479974	107374182535	c3Rk	c3Rk	c3Rk	621	94489281615
68719479975	107374182535	Y3R4	Y3R4	Tm9kZUxpYmN1cmwuTXVsdGkuQ3VybFNvY2tldENvbnRleHQq	623	94489281552
68719479976	107374182535	Y3R4	Y3R4	Tm9kZUxpYmN1cmwuTXVsdGkuQ3VybFNvY2tldENvbnRleHQq	625	94489281552
68719479977	107374182535	c29ja2Zk	c29ja2Zk	Y3VybF9zb2NrZXRfdA==	625	111669150015
68719479978	107374182535	Y3R4	Y3R4	Tm9kZUxpYmN1cmwuTXVsdGkuQ3VybFNvY2tldENvbnRleHQq	626	94489281552
68719479979	107374182535	bXVsdGk=	bXVsdGk=	Tm9kZUxpYmN1cmwuTXVsdGkq	626	111669150016
68719479980	107374182535	bG9vcA==	bG9vcA==	dXZfbG9vcF90Kg==	628	94489281553
68719479981	107374182535	bmFwaV9yZXN1bHQ=	bmFwaV9yZXN1bHQ=	QU5Z	629	94489281554
68719479982	107374182535	bXVsdGk=	bXVsdGk=	Tm9kZUxpYmN1cmwuTXVsdGkq	629	111669150016
68719479983	107374182535	bG9vcA==	bG9vcA==	dXZfbG9vcF90Kg==	629	94489281553
68719479984	107374182535	bmFwaV9yZXN1bHQ=	bmFwaV9yZXN1bHQ=	QU5Z	630	94489281554
68719479985	107374182535	bmFwaV9vaw==	PHVua25vd24+IG5hcGlfb2s=	QU5Z	630	94489281616
68719479986	107374182535	cmVzdWx0	cmVzdWx0	aW50	636	94489281555
68719479987	107374182535	bG9vcA==	bG9vcA==	dXZfbG9vcF90Kg==	636	94489281553
68719479988	107374182535	Y3R4	Y3R4	Tm9kZUxpYmN1cmwuTXVsdGkuQ3VybFNvY2tldENvbnRleHQq	636	94489281552
68719479989	107374182535	c29ja2Zk	c29ja2Zk	Y3VybF9zb2NrZXRfdA==	636	111669150015
68719479990	107374182535	cmVzdWx0	cmVzdWx0	aW50	637	94489281555
68719479991	107374182535	ZXJyb3JNZXNzYWdl	ZXJyb3JNZXNzYWdl	QU5Z	638	94489281556
68719479992	107374182535	cmVzdWx0	cmVzdWx0	aW50	639	94489281555
68719479993	107374182535	c3Rk	c3Rk	c3Rk	640	94489281615
68719479994	107374182535	ZXJyb3JNZXNzYWdl	ZXJyb3JNZXNzYWdl	QU5Z	640	94489281556
68719479995	107374182535	c3Rk	c3Rk	c3Rk	640	94489281615
68719479996	107374182535	Y3R4	Y3R4	Tm9kZUxpYmN1cmwuTXVsdGkuQ3VybFNvY2tldENvbnRleHQq	651	94489281552
68719479997	107374182535	Y3R4	Y3R4	Tm9kZUxpYmN1cmwuTXVsdGkuQ3VybFNvY2tldENvbnRleHQq	651	94489281552
68719479998	107374182535	bXVsdGk=	bXVsdGk=	Tm9kZUxpYmN1cmwuTXVsdGkq	652	111669150016
68719479999	107374182535	c29ja2Zk	c29ja2Zk	Y3VybF9zb2NrZXRfdA==	652	111669150015
68719480000	107374182535	Y3R4	Y3R4	Tm9kZUxpYmN1cmwuTXVsdGkuQ3VybFNvY2tldENvbnRleHQq	652	94489281552
68719480001	107374182535	Y3R4	Y3R4	Tm9kZUxpYmN1cmwuTXVsdGkuQ3VybFNvY2tldENvbnRleHQq	654	94489281552
68719480002	107374182536	Y3R4	Y3R4	Tm9kZUxpYmN1cmwuTXVsdGkuQ3VybFNvY2tldENvbnRleHQq	667	94489281557
68719480003	107374182536	aGFuZGxl	aGFuZGxl	dXZfaGFuZGxlX3Qq	667	111669150017
68719480004	107374182536	Y3R4	Y3R4	Tm9kZUxpYmN1cmwuTXVsdGkuQ3VybFNvY2tldENvbnRleHQq	670	94489281557
68719480005	107374182537	aGFuZGxl	aGFuZGxl	QU5Z	658	94489281558
68719480006	107374182537	Y3R4	Y3R4	Tm9kZUxpYmN1cmwuTXVsdGkuQ3VybFNvY2tldENvbnRleHQq	658	111669150019
68719480007	107374182537	aXQ=	aXQ=	QU5Z	660	94489281559
68719480008	107374182537	Y3R4	Y3R4	Tm9kZUxpYmN1cmwuTXVsdGkuQ3VybFNvY2tldENvbnRleHQq	660	111669150019
68719480009	107374182537	Y3R4	Y3R4	Tm9kZUxpYmN1cmwuTXVsdGkuQ3VybFNvY2tldENvbnRleHQq	660	111669150019
68719480010	107374182537	aXQ=	aXQ=	QU5Z	661	94489281559
68719480011	107374182537	Y3R4	Y3R4	Tm9kZUxpYmN1cmwuTXVsdGkuQ3VybFNvY2tldENvbnRleHQq	661	111669150019
68719480012	107374182537	Y3R4	Y3R4	Tm9kZUxpYmN1cmwuTXVsdGkuQ3VybFNvY2tldENvbnRleHQq	662	111669150019
68719480013	107374182537	aXQ=	aXQ=	QU5Z	662	94489281559
68719480014	107374182537	aGFuZGxl	aGFuZGxl	QU5Z	665	94489281558
68719480015	107374182537	aGFuZGxl	aGFuZGxl	QU5Z	666	94489281558
68719480016	107374182538	Y3R4	Y3R4	Tm9kZUxpYmN1cmwuTXVsdGkuQ3VybFNvY2tldENvbnRleHQq	677	94489281560
68719480017	107374182538	b2Jq	b2Jq	Tm9kZUxpYmN1cmwuTXVsdGkq	678	94489281561
68719480018	107374182538	dXNlcnA=	dXNlcnA=	dm9pZCo=	678	111669150024
68719480019	107374182538	YWN0aW9u	YWN0aW9u	aW50	680	111669150023
68719480020	107374182538	Q1VSTF9QT0xMX0lO	PHVua25vd24+IENVUkxfUE9MTF9JTg==	QU5Z	680	94489281612
68719480021	107374182538	YWN0aW9u	YWN0aW9u	aW50	680	111669150023
68719480022	107374182538	Q1VSTF9QT0xMX09VVA==	PHVua25vd24+IENVUkxfUE9MTF9PVVQ=	QU5Z	680	94489281610
68719480023	107374182538	YWN0aW9u	YWN0aW9u	aW50	680	111669150023
68719480024	107374182538	Q1VSTF9QT0xMX0lOT1VU	PHVua25vd24+IENVUkxfUE9MTF9JTk9VVA==	QU5Z	680	94489281614
68719480025	107374182538	YWN0aW9u	YWN0aW9u	aW50	681	111669150023
68719480026	107374182538	Q1VSTF9QT0xMX05PTkU=	PHVua25vd24+IENVUkxfUE9MTF9OT05F	QU5Z	681	94489281613
68719480027	107374182538	c29ja2V0cA==	c29ja2V0cA==	dm9pZCo=	683	111669150025
68719480028	107374182538	Y3R4	Y3R4	Tm9kZUxpYmN1cmwuTXVsdGkuQ3VybFNvY2tldENvbnRleHQq	684	94489281560
68719480029	107374182538	c29ja2V0cA==	c29ja2V0cA==	dm9pZCo=	684	111669150025
68719480030	107374182538	Y3R4	Y3R4	Tm9kZUxpYmN1cmwuTXVsdGkuQ3VybFNvY2tldENvbnRleHQq	686	94489281560
68719480031	107374182538	cw==	cw==	Y3VybF9zb2NrZXRfdA==	686	111669150022
68719480032	107374182538	b2Jq	b2Jq	Tm9kZUxpYmN1cmwuTXVsdGkq	686	94489281561
68719480033	107374182538	Y3R4	Y3R4	Tm9kZUxpYmN1cmwuTXVsdGkuQ3VybFNvY2tldENvbnRleHQq	689	94489281560
68719480034	107374182538	b2Jq	b2Jq	Tm9kZUxpYmN1cmwuTXVsdGkq	691	94489281561
68719480035	107374182538	cw==	cw==	Y3VybF9zb2NrZXRfdA==	691	111669150022
68719480036	107374182538	Y3R4	Y3R4	Tm9kZUxpYmN1cmwuTXVsdGkuQ3VybFNvY2tldENvbnRleHQq	691	94489281560
68719480037	107374182538	ZXZlbnRz	ZXZlbnRz	aW50	694	94489281562
68719480038	107374182538	YWN0aW9u	YWN0aW9u	aW50	696	111669150023
68719480039	107374182538	Q1VSTF9QT0xMX0lO	PHVua25vd24+IENVUkxfUE9MTF9JTg==	QU5Z	696	94489281612
68719480040	107374182538	ZXZlbnRz	ZXZlbnRz	aW50	696	94489281562
68719480041	107374182538	VVZfV1JJVEFCTEU=	PHVua25vd24+IFVWX1dSSVRBQkxF	QU5Z	696	94489281611
68719480042	107374182538	YWN0aW9u	YWN0aW9u	aW50	697	111669150023
68719480043	107374182538	Q1VSTF9QT0xMX09VVA==	PHVua25vd24+IENVUkxfUE9MTF9PVVQ=	QU5Z	697	94489281610
68719480044	107374182538	ZXZlbnRz	ZXZlbnRz	aW50	697	94489281562
68719480045	107374182538	VVZfUkVBREFCTEU=	PHVua25vd24+IFVWX1JFQURBQkxF	QU5Z	697	94489281609
68719480046	107374182538	Y3R4	Y3R4	Tm9kZUxpYmN1cmwuTXVsdGkuQ3VybFNvY2tldENvbnRleHQq	702	94489281560
68719480047	107374182538	ZXZlbnRz	ZXZlbnRz	aW50	702	94489281562
68719480048	107374182538	YWN0aW9u	YWN0aW9u	aW50	705	111669150023
68719480049	107374182538	Q1VSTF9QT0xMX1JFTU9WRQ==	PHVua25vd24+IENVUkxfUE9MTF9SRU1PVkU=	QU5Z	705	94489281608
68719480050	107374182538	c29ja2V0cA==	c29ja2V0cA==	dm9pZCo=	706	111669150025
68719480051	107374182538	Y3R4	Y3R4	Tm9kZUxpYmN1cmwuTXVsdGkuQ3VybFNvY2tldENvbnRleHQq	707	94489281560
68719480052	107374182538	c29ja2V0cA==	c29ja2V0cA==	dm9pZCo=	707	111669150025
68719480053	107374182538	Y3R4	Y3R4	Tm9kZUxpYmN1cmwuTXVsdGkuQ3VybFNvY2tldENvbnRleHQq	712	94489281560
68719480054	107374182538	Y3R4	Y3R4	Tm9kZUxpYmN1cmwuTXVsdGkuQ3VybFNvY2tldENvbnRleHQq	714	94489281560
68719480055	107374182538	b2Jq	b2Jq	Tm9kZUxpYmN1cmwuTXVsdGkq	715	94489281561
68719480056	107374182538	cw==	cw==	Y3VybF9zb2NrZXRfdA==	715	111669150022
68719480057	107374182539	b2Jq	b2Jq	Tm9kZUxpYmN1cmwuTXVsdGkq	732	94489281563
68719480058	107374182539	dXNlcnA=	dXNlcnA=	dm9pZCo=	732	111669150029
68719480059	107374182539	b2Jq	b2Jq	Tm9kZUxpYmN1cmwuTXVsdGkq	734	94489281563
68719480060	107374182539	dGltZW91dE1z	dGltZW91dE1z	bG9uZw==	738	111669150028
68719480061	107374182539	dXZTdG9w	dXZTdG9w	aW50	739	94489281564
68719480062	107374182539	b2Jq	b2Jq	Tm9kZUxpYmN1cmwuTXVsdGkq	739	94489281563
68719480063	107374182539	dXZTdG9w	dXZTdG9w	aW50	740	94489281564
68719480064	107374182539	dGltZW91dE1z	dGltZW91dE1z	bG9uZw==	745	111669150028
68719480065	107374182539	b2Jq	b2Jq	Tm9kZUxpYmN1cmwuTXVsdGkq	746	94489281563
68719480066	107374182539	dGltZW91dE1z	dGltZW91dE1z	bG9uZw==	746	111669150028
68719480067	107374182540	cmV0dXJuVmFsdWU=	cmV0dXJuVmFsdWU=	aW50	761	94489281565
68719480068	107374182540	Q1VSTF9QVVNIX0RFTlk=	PHVua25vd24+IENVUkxfUFVTSF9ERU5Z	QU5Z	761	94489281606
68719480069	107374182540	b2Jq	b2Jq	Tm9kZUxpYmN1cmwuTXVsdGkq	763	94489281566
68719480070	107374182540	dXNlclB0cg==	dXNlclB0cg==	dm9pZCo=	763	111669150035
68719480071	107374182540	b2Jq	b2Jq	Tm9kZUxpYmN1cmwuTXVsdGkq	764	94489281566
68719480072	107374182540	b2Jq	b2Jq	Tm9kZUxpYmN1cmwuTXVsdGkq	765	94489281566
68719480073	107374182540	aXQ=	aXQ=	QU5Z	767	94489281567
68719480074	107374182540	b2Jq	b2Jq	Tm9kZUxpYmN1cmwuTXVsdGkq	767	94489281566
68719480075	107374182540	Q1VSTE1PUFRfUFVTSEZVTkNUSU9O	PHVua25vd24+IENVUkxNT1BUX1BVU0hGVU5DVElPTg==	QU5Z	767	94489281607
68719480076	107374182540	aXQ=	aXQ=	QU5Z	768	94489281567
68719480077	107374182540	b2Jq	b2Jq	Tm9kZUxpYmN1cmwuTXVsdGkq	768	94489281566
68719480078	107374182540	aXQ=	aXQ=	QU5Z	770	94489281567
68719480079	107374182540	Q1VSTF9QVVNIX0RFTlk=	PHVua25vd24+IENVUkxfUFVTSF9ERU5Z	QU5Z	771	94489281606
68719480080	107374182540	cGFyZW50RWFzeVB0cg==	cGFyZW50RWFzeVB0cg==	Y2hhcio=	774	94489281568
68719480081	107374182540	Y29kZQ==	Y29kZQ==	Q1VSTGNvZGU=	775	94489281569
68719480082	107374182540	cGFyZW50	cGFyZW50	Q1VSTCo=	775	111669150031
68719480083	107374182540	Q1VSTElORk9fUFJJVkFURQ==	PHVua25vd24+IENVUkxJTkZPX1BSSVZBVEU=	QU5Z	775	94489281605
68719480084	107374182540	cGFyZW50RWFzeVB0cg==	cGFyZW50RWFzeVB0cg==	Y2hhcio=	775	94489281568
68719480085	107374182540	Y29kZQ==	Y29kZQ==	Q1VSTGNvZGU=	776	94489281569
68719480086	107374182540	Q1VSTEVfT0s=	PHVua25vd24+IENVUkxFX09L	QU5Z	776	94489281604
68719480087	107374182540	cGFyZW50RWFzeVB0cg==	cGFyZW50RWFzeVB0cg==	Y2hhcio=	778	94489281568
68719480088	107374182540	cGFyZW50RWFzeU9iag==	cGFyZW50RWFzeU9iag==	Tm9kZUxpYmN1cmwuRWFzeSo=	780	94489281570
68719480089	107374182540	cGFyZW50RWFzeVB0cg==	cGFyZW50RWFzeVB0cg==	Y2hhcio=	780	94489281568
68719480090	107374182540	cGFyZW50RWFzeU9iag==	cGFyZW50RWFzeU9iag==	Tm9kZUxpYmN1cmwuRWFzeSo=	781	94489281570
68719480091	107374182540	ZW52	ZW52	TmFwaS5FbnY=	784	94489281571
68719480092	107374182540	aXQ=	aXQ=	QU5Z	784	94489281567
68719480093	107374182540	c2NvcGU=	c2NvcGU=	TmFwaS5IYW5kbGVTY29wZQ==	785	94489281572
68719480094	107374182540	PHRtcD4w	PHRtcD4w	TmFwaS5IYW5kbGVTY29wZQ==	785	94489281603
68719480095	107374182540	PHRtcD4w	PHRtcD4w	TmFwaS5IYW5kbGVTY29wZQ==	785	94489281603
68719480096	107374182540	ZW52	ZW52	TmFwaS5FbnY=	785	94489281571
68719480097	107374182540	PHRtcD4w	PHRtcD4w	TmFwaS5IYW5kbGVTY29wZQ==	785	94489281603
68719480098	107374182540	Y3VybA==	Y3VybA==	QU5Z	786	94489281573
68719480099	107374182540	ZW52	ZW52	TmFwaS5FbnY=	786	94489281571
68719480100	107374182540	cGFyZW50RWFzeUpzT2Jq	cGFyZW50RWFzeUpzT2Jq	TmFwaS5PYmplY3Q=	789	94489281574
68719480101	107374182540	cGFyZW50RWFzeU9iag==	cGFyZW50RWFzeU9iag==	Tm9kZUxpYmN1cmwuRWFzeSo=	789	94489281570
68719480102	107374182540	Y2hpbGRFYXN5SnNPYmo=	Y2hpbGRFYXN5SnNPYmo=	TmFwaS5PYmplY3Q=	790	94489281575
68719480103	107374182540	ZW52	ZW52	TmFwaS5FbnY=	790	94489281571
68719480104	107374182540	Y2hpbGQ=	Y2hpbGQ=	Q1VSTCo=	790	111669150032
68719480105	107374182540	aGVhZGVyc0V4dGVybmFs	aGVhZGVyc0V4dGVybmFs	QU5Z	792	94489281576
68719480106	107374182540	ZW52	ZW52	TmFwaS5FbnY=	792	94489281571
68719480107	107374182540	aGVhZGVycw==	aGVhZGVycw==	Y3VybF9wdXNoaGVhZGVycyo=	792	111669150034
68719480108	107374182540	aGVhZGVyc0V4dGVybmFs	aGVhZGVyc0V4dGVybmFs	QU5Z	793	94489281576
68719480109	107374182540	SFRUUDJfUFVTSF9GUkFNRV9IRUFERVJTX1RZUEVfVEFH	PGdsb2JhbD4gSFRUUDJfUFVTSF9GUkFNRV9IRUFERVJTX1RZUEVfVEFH	QU5Z	793	94489281602
68719480110	107374182540	aHR0cDJQdXNoRnJhbWVKc09iag==	aHR0cDJQdXNoRnJhbWVKc09iag==	QU5Z	795	94489281577
68719480111	107374182540	Y3VybA==	Y3VybA==	QU5Z	795	94489281573
68719480112	107374182540	aGVhZGVyc0V4dGVybmFs	aGVhZGVyc0V4dGVybmFs	QU5Z	796	94489281576
68719480113	107374182540	ZW52	ZW52	TmFwaS5FbnY=	797	94489281571
68719480114	107374182540	bnVtYmVyT2ZIZWFkZXJz	bnVtYmVyT2ZIZWFkZXJz	c2l6ZV90	797	111669150033
68719480115	107374182540	Y2FsbGJhY2s=	Y2FsbGJhY2s=	TmFwaS5GdW5jdGlvbg==	800	94489281578
68719480116	107374182540	aXQ=	aXQ=	QU5Z	800	94489281567
68719480117	107374182540	YXN5bmNDb250ZXh0	YXN5bmNDb250ZXh0	TmFwaS5Bc3luY0NvbnRleHQ=	803	94489281579
68719480118	107374182540	PHRtcD4x	PHRtcD4x	TmFwaS5Bc3luY0NvbnRleHQ=	803	94489281601
68719480119	107374182540	PHRtcD4x	PHRtcD4x	TmFwaS5Bc3luY0NvbnRleHQ=	803	94489281601
68719480120	107374182540	ZW52	ZW52	TmFwaS5FbnY=	803	94489281571
68719480121	107374182540	PHRtcD4x	PHRtcD4x	TmFwaS5Bc3luY0NvbnRleHQ=	803	94489281601
68719480122	107374182540	cmV0dXJuVmFsdWVDYWxsYmFjaw==	cmV0dXJuVmFsdWVDYWxsYmFjaw==	TmFwaS5WYWx1ZQ==	805	94489281580
68719480123	107374182540	Y2FsbGJhY2s=	Y2FsbGJhY2s=	TmFwaS5GdW5jdGlvbg==	805	94489281578
68719480124	107374182540	b2Jq	b2Jq	Tm9kZUxpYmN1cmwuTXVsdGkq	805	94489281566
68719480125	107374182540	cGFyZW50RWFzeUpzT2Jq	cGFyZW50RWFzeUpzT2Jq	TmFwaS5PYmplY3Q=	807	94489281574
68719480126	107374182540	Y2hpbGRFYXN5SnNPYmo=	Y2hpbGRFYXN5SnNPYmo=	TmFwaS5PYmplY3Q=	808	94489281575
68719480127	107374182540	aHR0cDJQdXNoRnJhbWVKc09iag==	aHR0cDJQdXNoRnJhbWVKc09iag==	QU5Z	809	94489281577
68719480128	107374182540	YXN5bmNDb250ZXh0	YXN5bmNDb250ZXh0	TmFwaS5Bc3luY0NvbnRleHQ=	811	94489281579
68719480129	107374182540	cmV0dXJuVmFsdWVDYWxsYmFjaw==	cmV0dXJuVmFsdWVDYWxsYmFjaw==	TmFwaS5WYWx1ZQ==	813	94489281580
68719480130	107374182540	cmV0dXJuVmFsdWVDYWxsYmFjaw==	cmV0dXJuVmFsdWVDYWxsYmFjaw==	TmFwaS5WYWx1ZQ==	813	94489281580
68719480131	107374182540	cmV0dXJuVmFsdWU=	cmV0dXJuVmFsdWU=	aW50	814	94489281565
68719480132	107374182540	cmV0dXJuVmFsdWVDYWxsYmFjaw==	cmV0dXJuVmFsdWVDYWxsYmFjaw==	TmFwaS5WYWx1ZQ==	814	94489281580
68719480133	107374182540			TmFwaS5FcnJvciY=		94489281581
68719480134	107374182540	PHRtcD4y	PHRtcD4y	TmFwaS5FcnJvcg==	816	94489281600
68719480135	107374182540	PHRtcD4y	PHRtcD4y	TmFwaS5FcnJvcg==	816	94489281600
68719480136	107374182540	PHRtcD4y	PHRtcD4y	TmFwaS5FcnJvcg==	816	94489281600
68719480137	107374182540	cmV0dXJuVmFsdWU=	cmV0dXJuVmFsdWU=	aW50	819	94489281565
68719480138	107374182540	cmV0dXJuVmFsdWU=	cmV0dXJuVmFsdWU=	aW50	822	94489281565
68719480139	107374182541	b2Jq	b2Jq	Tm9kZUxpYmN1cmwuTXVsdGkq	841	94489281582
68719480140	107374182541	dGltZXI=	dGltZXI=	dXZfdGltZXJfdCo=	841	111669150037
68719480141	107374182541	bG9jYWxlR3VhcmQ=	bG9jYWxlR3VhcmQ=	TG9jYWxlR3VhcmQ=	846	94489281583
68719480142	107374182541	PHRtcD4w	PHRtcD4w	TG9jYWxlR3VhcmQ=	846	94489281599
68719480143	107374182541	PHRtcD4w	PHRtcD4w	TG9jYWxlR3VhcmQ=	846	94489281599
68719480144	107374182541	PHRtcD4w	PHRtcD4w	TG9jYWxlR3VhcmQ=	846	94489281599
68719480145	107374182541	Y29kZQ==	Y29kZQ==	Q1VSTE1jb2Rl	847	94489281584
68719480146	107374182541	b2Jq	b2Jq	Tm9kZUxpYmN1cmwuTXVsdGkq	847	94489281582
68719480147	107374182541	Q1VSTF9TT0NLRVRfVElNRU9VVA==	PHVua25vd24+IENVUkxfU09DS0VUX1RJTUVPVVQ=	QU5Z	847	94489281598
68719480148	107374182541	b2Jq	b2Jq	Tm9kZUxpYmN1cmwuTXVsdGkq	847	94489281582
68719480149	107374182541	Q1VSTE1fT0s=	PHVua25vd24+IENVUkxNX09L	QU5Z	849	94489281597
68719480150	107374182541	Y29kZQ==	Y29kZQ==	Q1VSTE1jb2Rl	849	94489281584
68719480151	107374182541	b2Jq	b2Jq	Tm9kZUxpYmN1cmwuTXVsdGkq	854	94489281582
68719480152	107374182541	b2Jq	b2Jq	Tm9kZUxpYmN1cmwuTXVsdGkq	855	94489281582
68719480153	107374182542	ZmxhZ3M=	ZmxhZ3M=	aW50	860	94489281585
68719480154	107374182542	c3RhdHVz	c3RhdHVz	aW50	864	111669150041
68719480155	107374182542	ZmxhZ3M=	ZmxhZ3M=	aW50	864	94489281585
68719480156	107374182542	Q1VSTF9DU0VMRUNUX0VSUg==	PHVua25vd24+IENVUkxfQ1NFTEVDVF9FUlI=	QU5Z	864	94489281596
68719480157	107374182542	ZXZlbnRz	ZXZlbnRz	aW50	865	111669150042
68719480158	107374182542	VVZfUkVBREFCTEU=	PHVua25vd24+IFVWX1JFQURBQkxF	QU5Z	865	94489281595
68719480159	107374182542	ZmxhZ3M=	ZmxhZ3M=	aW50	865	94489281585
68719480160	107374182542	Q1VSTF9DU0VMRUNUX0lO	PHVua25vd24+IENVUkxfQ1NFTEVDVF9JTg==	QU5Z	865	94489281594
68719480161	107374182542	ZXZlbnRz	ZXZlbnRz	aW50	866	111669150042
68719480162	107374182542	VVZfV1JJVEFCTEU=	PHVua25vd24+IFVWX1dSSVRBQkxF	QU5Z	866	94489281593
68719480163	107374182542	ZmxhZ3M=	ZmxhZ3M=	aW50	866	94489281585
68719480164	107374182542	Q1VSTF9DU0VMRUNUX09VVA==	PHVua25vd24+IENVUkxfQ1NFTEVDVF9PVVQ=	QU5Z	866	94489281592
68719480165	107374182542	Y3R4	Y3R4	Tm9kZUxpYmN1cmwuTXVsdGkuQ3VybFNvY2tldENvbnRleHQq	868	94489281587
68719480166	107374182542	aGFuZGxl	aGFuZGxl	dXZfcG9sbF90Kg==	868	111669150040
68719480167	107374182542	bG9jYWxlR3VhcmQ=	bG9jYWxlR3VhcmQ=	TG9jYWxlR3VhcmQ=	873	94489281588
68719480168	107374182542	PHRtcD4w	PHRtcD4w	TG9jYWxlR3VhcmQ=	873	94489281591
68719480169	107374182542	PHRtcD4w	PHRtcD4w	TG9jYWxlR3VhcmQ=	873	94489281591
68719480170	107374182542	PHRtcD4w	PHRtcD4w	TG9jYWxlR3VhcmQ=	873	94489281591
68719480171	107374182542	Y29kZQ==	Y29kZQ==	Q1VSTE1jb2Rl	881	94489281586
68719480172	107374182542	Y3R4	Y3R4	Tm9kZUxpYmN1cmwuTXVsdGkuQ3VybFNvY2tldENvbnRleHQq	882	94489281587
68719480173	107374182542	Y3R4	Y3R4	Tm9kZUxpYmN1cmwuTXVsdGkuQ3VybFNvY2tldENvbnRleHQq	882	94489281587
68719480174	107374182542	ZmxhZ3M=	ZmxhZ3M=	aW50	882	94489281585
68719480175	107374182542	Y3R4	Y3R4	Tm9kZUxpYmN1cmwuTXVsdGkuQ3VybFNvY2tldENvbnRleHQq	882	94489281587
68719480176	107374182542	Y29kZQ==	Y29kZQ==	Q1VSTE1jb2Rl	883	94489281586
68719480177	107374182542	Q1VSTE1fQ0FMTF9NVUxUSV9QRVJGT1JN	PHVua25vd24+IENVUkxNX0NBTExfTVVMVElfUEVSRk9STQ==	QU5Z	883	94489281590
68719480178	107374182542	Y29kZQ==	Y29kZQ==	Q1VSTE1jb2Rl	885	94489281586
68719480179	107374182542	Q1VSTE1fT0s=	PHVua25vd24+IENVUkxNX09L	QU5Z	885	94489281589
68719480180	107374182542	Y3R4	Y3R4	Tm9kZUxpYmN1cmwuTXVsdGkuQ3VybFNvY2tldENvbnRleHQq	888	94489281587
68719480181	107374182542	Y3R4	Y3R4	Tm9kZUxpYmN1cmwuTXVsdGkuQ3VybFNvY2tldENvbnRleHQq	889	94489281587
68719479578	107374182543	bXVsdGk=	bXVsdGk=	Tm9kZUxpYmN1cmwuTXVsdGkq	110	94489281486
68719479579	107374182543	ZGF0YQ==	ZGF0YQ==	dm9pZCo=	110	111669149983
68719479580	107374182543	bXVsdGk=	bXVsdGk=	Tm9kZUxpYmN1cmwuTXVsdGkq	113	94489281486
68719479587	107374182543	dGhpcw==	dGhpcw==	Tm9kZUxpYmN1cmwuTXVsdGkq	117	111669149985
68719479588	107374182543	dGltZW91dEhhbmRsZQ==	dGltZW91dEhhbmRsZQ==	dXZfaGFuZGxlX3Qq	121	94489281489
68719479589	107374182543	dGhpcw==	dGhpcw==	Tm9kZUxpYmN1cmwuTXVsdGkq	121	111669149985
68719479590	107374182543	dGltZW91dEhhbmRsZQ==	dGltZW91dEhhbmRsZQ==	dXZfaGFuZGxlX3Qq	122	94489281489
68719479591	107374182543	dGhpcw==	dGhpcw==	Tm9kZUxpYmN1cmwuTXVsdGkq	126	111669149985
68719479592	107374182543	dGltZW91dEhhbmRsZQ==	dGltZW91dEhhbmRsZQ==	dXZfaGFuZGxlX3Qq	127	94489281489
68719479593	107374182543	dGhpcw==	dGhpcw==	Tm9kZUxpYmN1cmwuTXVsdGkq	134	111669149985
68719479594	107374182543	dGhpcw==	dGhpcw==	Tm9kZUxpYmN1cmwuTXVsdGkq	143	111669149986
68719479595	107374182543	dGhpcw==	dGhpcw==	Tm9kZUxpYmN1cmwuTXVsdGkq	144	111669149986
68719479596	107374182543	dGhpcw==	dGhpcw==	Tm9kZUxpYmN1cmwuTXVsdGkq	149	111669149987
68719479597	107374182543	dGhpcw==	dGhpcw==	Tm9kZUxpYmN1cmwuTXVsdGkq	153	111669149987
68719479598	107374182543	dGhpcw==	dGhpcw==	Tm9kZUxpYmN1cmwuTXVsdGkq	156	111669149987
68719479599	107374182543	Y3VybA==	Y3VybA==	QU5Z	158	94489281490
68719479600	107374182543	dGhpcw==	dGhpcw==	Tm9kZUxpYmN1cmwuTXVsdGkq	158	111669149987
68719479601	107374182543	dGhpcw==	dGhpcw==	Tm9kZUxpYmN1cmwuTXVsdGkq	161	111669149987
68719479602	107374182543	dGhpcw==	dGhpcw==	Tm9kZUxpYmN1cmwuTXVsdGkq	162	111669149987
68719479603	107374182543	dGhpcw==	dGhpcw==	Tm9kZUxpYmN1cmwuTXVsdGkq	165	111669149987
68719479604	107374182543	Y29kZQ==	Y29kZQ==	Q1VSTE1jb2Rl	166	94489281491
68719479605	107374182543	dGhpcw==	dGhpcw==	Tm9kZUxpYmN1cmwuTXVsdGkq	166	111669149987
68719479606	107374182543	Y29kZQ==	Y29kZQ==	Q1VSTE1jb2Rl	167	94489281491
68719479607	107374182543	Q1VSTE1fT0s=	PHVua25vd24+IENVUkxNX09L	QU5Z	167	94489281657
68719479608	107374182543	dGhpcw==	dGhpcw==	Tm9kZUxpYmN1cmwuTXVsdGkq	168	111669149987
68719479609	107374182543	Y3VybA==	Y3VybA==	QU5Z	171	94489281490
68719479610	107374182543	Q1VSTF9IQU5ETEVfVFlQRV9NVUxUSQ==	Q1VSTF9IQU5ETEVfVFlQRV9NVUxUSQ==	QU5Z	171	94489281656
68719479611	107374182543	dGhpcw==	dGhpcw==	Tm9kZUxpYmN1cmwuTXVsdGkq	176	111669149988
68719479612	107374182543	ZnVuYw==	ZnVuYw==	TmFwaS5GdW5jdGlvbg==	182	94489281492
68719479613	107374182543	ZW52	ZW52	TmFwaS5FbnY=	183	111669149990
68719479614	107374182543	ZXhwb3J0cw==	ZXhwb3J0cw==	TmFwaS5PYmplY3Q=	196	111669149991
68719479615	107374182543	ZnVuYw==	ZnVuYw==	TmFwaS5GdW5jdGlvbg==	196	94489281492
68719479616	107374182543	ZnVuYw==	ZnVuYw==	TmFwaS5GdW5jdGlvbg==	198	94489281492
68719479617	107374182543	ZW52	ZW52	TmFwaS5FbnY=	202	94489281493
68719479618	107374182543	aW5mbw==	aW5mbw==	TmFwaS5DYWxsYmFja0luZm8m	202	111669149993
68719479619	107374182543	dGhpcw==	dGhpcw==	Tm9kZUxpYmN1cmwuTXVsdGkq	204	111669149992
68719479620	107374182543	ZW52	ZW52	TmFwaS5FbnY=	205	94489281493
68719479621	107374182543	Q1VSTE1fQkFEX0hBTkRMRQ==	PHVua25vd24+IENVUkxNX0JBRF9IQU5ETEU=	QU5Z	205	94489281655
68719479622	107374182543	aW5mbw==	aW5mbw==	TmFwaS5DYWxsYmFja0luZm8m	208	111669149993
68719479623	107374182543	ZW52	ZW52	TmFwaS5FbnY=	209	94489281493
68719479624	107374182543	b3B0	b3B0	TmFwaS5WYWx1ZQ==	212	94489281494
68719479625	107374182543	aW5mbw==	aW5mbw==	TmFwaS5DYWxsYmFja0luZm8m	212	111669149993
68719479626	107374182543	dmFsdWU=	dmFsdWU=	TmFwaS5WYWx1ZQ==	213	94489281495
68719479627	107374182543	aW5mbw==	aW5mbw==	TmFwaS5DYWxsYmFja0luZm8m	213	111669149993
68719479628	107374182543	c2V0T3B0UmV0Q29kZQ==	c2V0T3B0UmV0Q29kZQ==	Q1VSTE1jb2Rl	215	94489281496
68719479629	107374182543	Q1VSTE1fVU5LTk9XTl9PUFRJT04=	PHVua25vd24+IENVUkxNX1VOS05PV05fT1BUSU9O	QU5Z	215	94489281654
68719479630	107374182543	b3B0aW9uSWQ=	b3B0aW9uSWQ=	aW50	220	94489281497
68719479631	107374182543	Y3VybE11bHRpT3B0aW9uTm90SW1wbGVtZW50ZWQ=	PGdsb2JhbD4gY3VybE11bHRpT3B0aW9uTm90SW1wbGVtZW50ZWQ=	QU5Z	220	94489281653
68719479632	107374182543	b3B0	b3B0	TmFwaS5WYWx1ZQ==	220	94489281494
68719479633	107374182543	ZW52	ZW52	TmFwaS5FbnY=	221	94489281493
68719479634	107374182543	b3B0aW9uSWQ=	b3B0aW9uSWQ=	aW50	224	94489281497
68719479635	107374182543	Y3VybE11bHRpT3B0aW9uU3RyaW5nQXJyYXk=	PGdsb2JhbD4gY3VybE11bHRpT3B0aW9uU3RyaW5nQXJyYXk=	QU5Z	224	94489281652
68719479636	107374182543	b3B0	b3B0	TmFwaS5WYWx1ZQ==	224	94489281494
68719479637	107374182543	dmFsdWU=	dmFsdWU=	TmFwaS5WYWx1ZQ==	225	94489281495
68719479638	107374182543	c2V0T3B0UmV0Q29kZQ==	c2V0T3B0UmV0Q29kZQ==	Q1VSTE1jb2Rl	226	94489281496
68719479639	107374182543	dGhpcw==	dGhpcw==	Tm9kZUxpYmN1cmwuTXVsdGkq	226	111669149992
68719479640	107374182543	b3B0aW9uSWQ=	b3B0aW9uSWQ=	aW50	226	94489281497
68719479641	107374182543	dmFsdWU=	dmFsdWU=	TmFwaS5WYWx1ZQ==	229	94489281495
68719479642	107374182543	ZW52	ZW52	TmFwaS5FbnY=	230	94489281493
68719479643	107374182543	Q1VSTE1fQkFEX0ZVTkNUSU9OX0FSR1VNRU5U	PHVua25vd24+IENVUkxNX0JBRF9GVU5DVElPTl9BUkdVTUVOVA==	QU5Z	230	94489281646
68719479644	107374182543	YXJyYXk=	YXJyYXk=	TmFwaS5BcnJheQ==	233	94489281498
68719479645	107374182543	dmFsdWU=	dmFsdWU=	TmFwaS5WYWx1ZQ==	233	94489281495
68719479646	107374182543	YXJyYXlMZW5ndGg=	YXJyYXlMZW5ndGg=	dWludDMyX3Q=	234	94489281499
68719479647	107374182543	YXJyYXk=	YXJyYXk=	TmFwaS5BcnJheQ==	234	94489281498
68719479648	107374182543	c3Rk	c3Rk	c3Rk	235	94489281651
68719479649	107374182543	c3Rk	c3Rk	c3Rk	235	94489281651
68719479650	107374182543	c3RyaW5ncw==	PHVua25vd24+IHN0cmluZ3M=	QU5Z	235	94489281649
68719479651	107374182543	Y1N0cmluZ3M=	Y1N0cmluZ3M=	c3RkLnZlY3Rvcg==	236	94489281500
68719479652	107374182543	PHRtcD4w	PHRtcD4w	c3RkLnZlY3Rvcg==	236	94489281650
68719479653	107374182543	PHRtcD4w	PHRtcD4w	c3RkLnZlY3Rvcg==	236	94489281650
68719479654	107374182543	PHRtcD4w	PHRtcD4w	c3RkLnZlY3Rvcg==	236	94489281650
68719479655	107374182543	aQ==	aQ==	dWludDMyX3Q=	238	94489281501
68719479656	107374182543	aQ==	aQ==	dWludDMyX3Q=	238	94489281501
68719479657	107374182543	YXJyYXlMZW5ndGg=	YXJyYXlMZW5ndGg=	dWludDMyX3Q=	238	94489281499
68719479658	107374182543	aQ==	aQ==	dWludDMyX3Q=	238	94489281501
68719479659	107374182543	ZWxlbWVudA==	ZWxlbWVudA==	TmFwaS5WYWx1ZQ==	239	94489281502
68719479660	107374182543	YXJyYXk=	YXJyYXk=	TmFwaS5BcnJheQ==	239	94489281498
68719479661	107374182543	aQ==	aQ==	dWludDMyX3Q=	239	94489281501
68719479662	107374182543	ZWxlbWVudA==	ZWxlbWVudA==	TmFwaS5WYWx1ZQ==	241	94489281502
68719479663	107374182543	ZW52	ZW52	TmFwaS5FbnY=	242	94489281493
68719479664	107374182543	Q1VSTE1fQkFEX0ZVTkNUSU9OX0FSR1VNRU5U	PHVua25vd24+IENVUkxNX0JBRF9GVU5DVElPTl9BUkdVTUVOVA==	QU5Z	243	94489281646
68719479665	107374182543	c3RyaW5ncw==	PHVua25vd24+IHN0cmluZ3M=	QU5Z	246	94489281649
68719479666	107374182543	ZWxlbWVudA==	ZWxlbWVudA==	TmFwaS5WYWx1ZQ==	246	94489281502
68719479667	107374182543	Y1N0cmluZ3M=	Y1N0cmluZ3M=	c3RkLnZlY3Rvcg==	247	94489281500
68719479668	107374182543	c3RyaW5ncw==	PHVua25vd24+IHN0cmluZ3M=	QU5Z	247	94489281649
68719479669	107374182543	Y1N0cmluZ3M=	Y1N0cmluZ3M=	c3RkLnZlY3Rvcg==	250	94489281500
68719479670	107374182543	c2V0T3B0UmV0Q29kZQ==	c2V0T3B0UmV0Q29kZQ==	Q1VSTE1jb2Rl	252	94489281496
68719479671	107374182543	dGhpcw==	dGhpcw==	Tm9kZUxpYmN1cmwuTXVsdGkq	252	111669149992
68719479672	107374182543	b3B0aW9uSWQ=	b3B0aW9uSWQ=	aW50	252	94489281497
68719479673	107374182543	Y1N0cmluZ3M=	Y1N0cmluZ3M=	c3RkLnZlY3Rvcg==	252	94489281500
68719479674	107374182543	b3B0aW9uSWQ=	b3B0aW9uSWQ=	aW50	256	94489281497
68719479675	107374182543	Y3VybE11bHRpT3B0aW9uSW50ZWdlcg==	PGdsb2JhbD4gY3VybE11bHRpT3B0aW9uSW50ZWdlcg==	QU5Z	256	94489281648
68719479676	107374182543	b3B0	b3B0	TmFwaS5WYWx1ZQ==	256	94489281494
68719479677	107374182543	dmFsdWU=	dmFsdWU=	TmFwaS5WYWx1ZQ==	258	94489281495
68719479678	107374182543	ZW52	ZW52	TmFwaS5FbnY=	259	94489281493
68719479679	107374182543	Q1VSTE1fQkFEX0ZVTkNUSU9OX0FSR1VNRU5U	PHVua25vd24+IENVUkxNX0JBRF9GVU5DVElPTl9BUkdVTUVOVA==	QU5Z	259	94489281646
68719479680	107374182543	dmFs	dmFs	aW50MzJfdA==	262	94489281503
68719479681	107374182543	dmFsdWU=	dmFsdWU=	TmFwaS5WYWx1ZQ==	262	94489281495
68719479682	107374182543	c2V0T3B0UmV0Q29kZQ==	c2V0T3B0UmV0Q29kZQ==	Q1VSTE1jb2Rl	264	94489281496
68719479683	107374182543	dGhpcw==	dGhpcw==	Tm9kZUxpYmN1cmwuTXVsdGkq	264	111669149992
68719479684	107374182543	b3B0aW9uSWQ=	b3B0aW9uSWQ=	aW50	264	94489281497
68719479685	107374182543	dmFs	dmFs	aW50MzJfdA==	264	94489281503
68719479686	107374182543	b3B0aW9uSWQ=	b3B0aW9uSWQ=	aW50	265	94489281497
68719479687	107374182543	Y3VybE11bHRpT3B0aW9uRnVuY3Rpb24=	PGdsb2JhbD4gY3VybE11bHRpT3B0aW9uRnVuY3Rpb24=	QU5Z	265	94489281647
68719479688	107374182543	b3B0	b3B0	TmFwaS5WYWx1ZQ==	265	94489281494
68719479689	107374182543	aXNOdWxs	aXNOdWxs	Ym9vbA==	266	94489281504
68719479690	107374182543	dmFsdWU=	dmFsdWU=	TmFwaS5WYWx1ZQ==	266	94489281495
68719479691	107374182543	dmFsdWU=	dmFsdWU=	TmFwaS5WYWx1ZQ==	268	94489281495
68719479692	107374182543	aXNOdWxs	aXNOdWxs	Ym9vbA==	268	94489281504
68719479693	107374182543	ZW52	ZW52	TmFwaS5FbnY=	269	94489281493
68719479694	107374182543	Q1VSTE1fQkFEX0ZVTkNUSU9OX0FSR1VNRU5U	PHVua25vd24+IENVUkxNX0JBRF9GVU5DVElPTl9BUkdVTUVOVA==	QU5Z	270	94489281646
68719479695	107374182543	b3B0aW9uSWQ=	b3B0aW9uSWQ=	aW50	273	94489281497
68719479696	107374182543	ZW52	ZW52	TmFwaS5FbnY=	294	94489281493
68719479697	107374182543	c2V0T3B0UmV0Q29kZQ==	c2V0T3B0UmV0Q29kZQ==	Q1VSTE1jb2Rl	294	94489281496
68719479698	107374182543	ZW52	ZW52	TmFwaS5FbnY=	298	94489281505
68719479699	107374182543	aW5mbw==	aW5mbw==	TmFwaS5DYWxsYmFja0luZm8m	298	111669149995
68719479700	107374182543	Y3VybA==	Y3VybA==	QU5Z	299	94489281506
68719479701	107374182543	ZW52	ZW52	TmFwaS5FbnY=	299	94489281505
68719479702	107374182543	dGhpcw==	dGhpcw==	Tm9kZUxpYmN1cmwuTXVsdGkq	301	111669149994
68719479703	107374182543	ZW52	ZW52	TmFwaS5FbnY=	302	94489281505
68719479704	107374182543	Q1VSTE1fQkFEX0hBTkRMRQ==	PHVua25vd24+IENVUkxNX0JBRF9IQU5ETEU=	QU5Z	302	94489281645
68719479705	107374182543	aW5mbw==	aW5mbw==	TmFwaS5DYWxsYmFja0luZm8m	305	111669149995
68719479706	107374182543	ZW52	ZW52	TmFwaS5FbnY=	306	94489281505
68719479707	107374182543	Q1VSTE1fQkFEX0ZVTkNUSU9OX0FSR1VNRU5U	PHVua25vd24+IENVUkxNX0JBRF9GVU5DVElPTl9BUkdVTUVOVA==	QU5Z	306	94489281644
68719479708	107374182543	aW5mbw==	aW5mbw==	TmFwaS5DYWxsYmFja0luZm8m	309	111669149995
68719479709	107374182543	aW5mbw==	aW5mbw==	TmFwaS5DYWxsYmFja0luZm8m	310	111669149995
68719479710	107374182543	Y3VybA==	Y3VybA==	QU5Z	310	94489281506
68719479711	107374182543	ZW52	ZW52	TmFwaS5FbnY=	311	94489281505
68719479712	107374182543	Q1VSTE1fQkFEX0ZVTkNUSU9OX0FSR1VNRU5U	PHVua25vd24+IENVUkxNX0JBRF9GVU5DVElPTl9BUkdVTUVOVA==	QU5Z	311	94489281644
68719479713	107374182543	b2Jq	b2Jq	TmFwaS5PYmplY3Q=	314	94489281507
68719479714	107374182543	aW5mbw==	aW5mbw==	TmFwaS5DYWxsYmFja0luZm8m	314	111669149995
68719479715	107374182543	ZWFzeQ==	ZWFzeQ==	Tm9kZUxpYmN1cmwuRWFzeSo=	315	94489281508
68719479716	107374182543	b2Jq	b2Jq	TmFwaS5PYmplY3Q=	315	94489281507
68719479717	107374182543	ZWFzeQ==	ZWFzeQ==	Tm9kZUxpYmN1cmwuRWFzeSo=	317	94489281508
68719479718	107374182543	ZWFzeQ==	ZWFzeQ==	Tm9kZUxpYmN1cmwuRWFzeSo=	317	94489281508
68719479719	107374182543	ZW52	ZW52	TmFwaS5FbnY=	318	94489281505
68719479720	107374182543	Q1VSTE1fQkFEX0VBU1lfSEFORExF	PHVua25vd24+IENVUkxNX0JBRF9FQVNZX0hBTkRMRQ==	QU5Z	318	94489281643
68719479721	107374182543	ZWFzeQ==	ZWFzeQ==	Tm9kZUxpYmN1cmwuRWFzeSo=	321	94489281508
68719479722	107374182543	ZW52	ZW52	TmFwaS5FbnY=	322	94489281505
68719479723	107374182543	Q1VSTE1fQURERURfQUxSRUFEWQ==	PHVua25vd24+IENVUkxNX0FEREVEX0FMUkVBRFk=	QU5Z	322	94489281642
68719479724	107374182543	ZWFzeQ==	ZWFzeQ==	Tm9kZUxpYmN1cmwuRWFzeSo=	328	94489281508
68719479725	107374182543	bG9jYWxlR3VhcmQ=	bG9jYWxlR3VhcmQ=	TG9jYWxlR3VhcmQ=	331	94489281509
68719479726	107374182543	PHRtcD4w	PHRtcD4w	TG9jYWxlR3VhcmQ=	331	94489281641
68719479727	107374182543	PHRtcD4w	PHRtcD4w	TG9jYWxlR3VhcmQ=	331	94489281641
68719479728	107374182543	PHRtcD4w	PHRtcD4w	TG9jYWxlR3VhcmQ=	331	94489281641
68719479729	107374182543	Y29kZQ==	Y29kZQ==	Q1VSTE1jb2Rl	332	94489281510
68719479730	107374182543	dGhpcw==	dGhpcw==	Tm9kZUxpYmN1cmwuTXVsdGkq	332	111669149994
68719479731	107374182543	ZWFzeQ==	ZWFzeQ==	Tm9kZUxpYmN1cmwuRWFzeSo=	332	94489281508
68719479732	107374182543	Y29kZQ==	Y29kZQ==	Q1VSTE1jb2Rl	334	94489281510
68719479733	107374182543	Q1VSTE1fT0s=	PHVua25vd24+IENVUkxNX09L	QU5Z	334	94489281640
68719479734	107374182543	ZW52	ZW52	TmFwaS5FbnY=	335	94489281505
68719479735	107374182543	Y29kZQ==	Y29kZQ==	Q1VSTE1jb2Rl	335	94489281510
68719479736	107374182543	dGhpcw==	dGhpcw==	Tm9kZUxpYmN1cmwuTXVsdGkq	338	111669149994
68719479737	107374182543	ZWFzeQ==	ZWFzeQ==	Tm9kZUxpYmN1cmwuRWFzeSo=	339	94489281508
68719479738	107374182543	ZW52	ZW52	TmFwaS5FbnY=	341	94489281505
68719479739	107374182543	Y29kZQ==	Y29kZQ==	Q1VSTE1jb2Rl	341	94489281510
68719479740	107374182543	ZW52	ZW52	TmFwaS5FbnY=	345	94489281511
68719479741	107374182543	aW5mbw==	aW5mbw==	TmFwaS5DYWxsYmFja0luZm8m	345	111669149997
68719479742	107374182543	Y3VybA==	Y3VybA==	QU5Z	346	94489281512
68719479743	107374182543	ZW52	ZW52	TmFwaS5FbnY=	346	94489281511
68719479744	107374182543	dGhpcw==	dGhpcw==	Tm9kZUxpYmN1cmwuTXVsdGkq	348	111669149996
68719479745	107374182543	ZW52	ZW52	TmFwaS5FbnY=	349	94489281511
68719479746	107374182543	Q1VSTE1fQkFEX0hBTkRMRQ==	PHVua25vd24+IENVUkxNX0JBRF9IQU5ETEU=	QU5Z	349	94489281639
68719479747	107374182543	aW5mbw==	aW5mbw==	TmFwaS5DYWxsYmFja0luZm8m	352	111669149997
68719479748	107374182543	ZW52	ZW52	TmFwaS5FbnY=	353	94489281511
68719479749	107374182543	Q1VSTE1fQkFEX0ZVTkNUSU9OX0FSR1VNRU5U	PHVua25vd24+IENVUkxNX0JBRF9GVU5DVElPTl9BUkdVTUVOVA==	QU5Z	353	94489281638
68719479750	107374182543	aW5mbw==	aW5mbw==	TmFwaS5DYWxsYmFja0luZm8m	356	111669149997
68719479751	107374182543	aW5mbw==	aW5mbw==	TmFwaS5DYWxsYmFja0luZm8m	357	111669149997
68719479752	107374182543	Y3VybA==	Y3VybA==	QU5Z	357	94489281512
68719479753	107374182543	ZW52	ZW52	TmFwaS5FbnY=	358	94489281511
68719479754	107374182543	Q1VSTE1fQkFEX0ZVTkNUSU9OX0FSR1VNRU5U	PHVua25vd24+IENVUkxNX0JBRF9GVU5DVElPTl9BUkdVTUVOVA==	QU5Z	358	94489281638
68719479755	107374182543	b2Jq	b2Jq	TmFwaS5PYmplY3Q=	361	94489281513
68719479756	107374182543	aW5mbw==	aW5mbw==	TmFwaS5DYWxsYmFja0luZm8m	361	111669149997
68719479757	107374182543	ZWFzeQ==	ZWFzeQ==	Tm9kZUxpYmN1cmwuRWFzeSo=	362	94489281514
68719479758	107374182543	b2Jq	b2Jq	TmFwaS5PYmplY3Q=	362	94489281513
68719479759	107374182543	ZWFzeQ==	ZWFzeQ==	Tm9kZUxpYmN1cmwuRWFzeSo=	364	94489281514
68719479760	107374182543	ZWFzeQ==	ZWFzeQ==	Tm9kZUxpYmN1cmwuRWFzeSo=	364	94489281514
68719479761	107374182543	ZW52	ZW52	TmFwaS5FbnY=	365	94489281511
68719479762	107374182543	Q1VSTE1fQkFEX0VBU1lfSEFORExF	PHVua25vd24+IENVUkxNX0JBRF9FQVNZX0hBTkRMRQ==	QU5Z	365	94489281637
68719479763	107374182543	Y29kZQ==	Y29kZQ==	Q1VSTE1jb2Rl	371	94489281515
68719479764	107374182543	dGhpcw==	dGhpcw==	Tm9kZUxpYmN1cmwuTXVsdGkq	371	111669149996
68719479765	107374182543	ZWFzeQ==	ZWFzeQ==	Tm9kZUxpYmN1cmwuRWFzeSo=	371	94489281514
68719479766	107374182543	Y29kZQ==	Y29kZQ==	Q1VSTE1jb2Rl	373	94489281515
68719479767	107374182543	Q1VSTE1fT0s=	PHVua25vd24+IENVUkxNX09L	QU5Z	373	94489281636
68719479768	107374182543	ZW52	ZW52	TmFwaS5FbnY=	374	94489281511
68719479769	107374182543	Y29kZQ==	Y29kZQ==	Q1VSTE1jb2Rl	374	94489281515
68719479770	107374182543	dGhpcw==	dGhpcw==	Tm9kZUxpYmN1cmwuTXVsdGkq	377	111669149996
68719479771	107374182543	ZWFzeQ==	ZWFzeQ==	Tm9kZUxpYmN1cmwuRWFzeSo=	378	94489281514
68719479772	107374182543	ZW52	ZW52	TmFwaS5FbnY=	380	94489281511
68719479773	107374182543	Y29kZQ==	Y29kZQ==	Q1VSTE1jb2Rl	380	94489281515
68719479774	107374182543	ZW52	ZW52	TmFwaS5FbnY=	384	94489281516
68719479775	107374182543	aW5mbw==	aW5mbw==	TmFwaS5DYWxsYmFja0luZm8m	384	111669149999
68719479776	107374182543	Y3VybA==	Y3VybA==	QU5Z	385	94489281517
68719479777	107374182543	ZW52	ZW52	TmFwaS5FbnY=	385	94489281516
68719479778	107374182543	dGhpcw==	dGhpcw==	Tm9kZUxpYmN1cmwuTXVsdGkq	387	111669149998
68719479779	107374182543	ZW52	ZW52	TmFwaS5FbnY=	388	94489281516
68719479780	107374182543	Q1VSTE1fQkFEX0hBTkRMRQ==	PHVua25vd24+IENVUkxNX0JBRF9IQU5ETEU=	QU5Z	388	94489281635
68719479781	107374182543	aW5mbw==	aW5mbw==	TmFwaS5DYWxsYmFja0luZm8m	391	111669149999
68719479782	107374182543	ZW52	ZW52	TmFwaS5FbnY=	392	94489281516
68719479783	107374182543	Q1VSTE1fQkFEX0ZVTkNUSU9OX0FSR1VNRU5U	PHVua25vd24+IENVUkxNX0JBRF9GVU5DVElPTl9BUkdVTUVOVA==	QU5Z	392	94489281634
68719479784	107374182543	aW5mbw==	aW5mbw==	TmFwaS5DYWxsYmFja0luZm8m	395	111669149999
68719479785	107374182543	aW5mbw==	aW5mbw==	TmFwaS5DYWxsYmFja0luZm8m	396	111669149999
68719479786	107374182543	Y3VybA==	Y3VybA==	QU5Z	396	94489281517
68719479787	107374182543	ZW52	ZW52	TmFwaS5FbnY=	397	94489281516
68719479788	107374182543	Q1VSTE1fQkFEX0ZVTkNUSU9OX0FSR1VNRU5U	PHVua25vd24+IENVUkxNX0JBRF9GVU5DVElPTl9BUkdVTUVOVA==	QU5Z	397	94489281634
68719479789	107374182543	b2Jq	b2Jq	TmFwaS5PYmplY3Q=	400	94489281518
68719479790	107374182543	aW5mbw==	aW5mbw==	TmFwaS5DYWxsYmFja0luZm8m	400	111669149999
68719479791	107374182543	ZWFzeQ==	ZWFzeQ==	Tm9kZUxpYmN1cmwuRWFzeSo=	401	94489281519
68719479792	107374182543	b2Jq	b2Jq	TmFwaS5PYmplY3Q=	401	94489281518
68719479793	107374182543	ZWFzeQ==	ZWFzeQ==	Tm9kZUxpYmN1cmwuRWFzeSo=	403	94489281519
68719479794	107374182543	ZWFzeQ==	ZWFzeQ==	Tm9kZUxpYmN1cmwuRWFzeSo=	403	94489281519
68719479795	107374182543	ZW52	ZW52	TmFwaS5FbnY=	404	94489281516
68719479796	107374182543	Q1VSTE1fQkFEX0VBU1lfSEFORExF	PHVua25vd24+IENVUkxNX0JBRF9FQVNZX0hBTkRMRQ==	QU5Z	404	94489281633
68719479797	107374182543	ZWFzeQ==	ZWFzeQ==	Tm9kZUxpYmN1cmwuRWFzeSo=	407	94489281519
68719479798	107374182543	ZW52	ZW52	TmFwaS5FbnY=	408	94489281516
68719479799	107374182543	Q1VSTE1fQURERURfQUxSRUFEWQ==	PHVua25vd24+IENVUkxNX0FEREVEX0FMUkVBRFk=	QU5Z	408	94489281632
68719479800	107374182543	ZGVmZXJyZWQ=	ZGVmZXJyZWQ=	QU5Z	414	94489281520
68719479801	107374182543	ZW52	ZW52	TmFwaS5FbnY=	414	94489281516
68719479802	107374182543	ZWFzeQ==	ZWFzeQ==	Tm9kZUxpYmN1cmwuRWFzeSo=	417	94489281519
68719479803	107374182543	bG9jYWxlR3VhcmQ=	bG9jYWxlR3VhcmQ=	TG9jYWxlR3VhcmQ=	420	94489281521
68719479804	107374182543	PHRtcD4w	PHRtcD4w	TG9jYWxlR3VhcmQ=	420	94489281631
68719479805	107374182543	PHRtcD4w	PHRtcD4w	TG9jYWxlR3VhcmQ=	420	94489281631
68719479806	107374182543	PHRtcD4w	PHRtcD4w	TG9jYWxlR3VhcmQ=	420	94489281631
68719479807	107374182543	Y29kZQ==	Y29kZQ==	Q1VSTE1jb2Rl	421	94489281522
68719479808	107374182543	dGhpcw==	dGhpcw==	Tm9kZUxpYmN1cmwuTXVsdGkq	421	111669149998
68719479809	107374182543	ZWFzeQ==	ZWFzeQ==	Tm9kZUxpYmN1cmwuRWFzeSo=	421	94489281519
68719479810	107374182543	Y29kZQ==	Y29kZQ==	Q1VSTE1jb2Rl	423	94489281522
68719479811	107374182543	Q1VSTE1fT0s=	PHVua25vd24+IENVUkxNX09L	QU5Z	423	94489281630
68719479812	107374182543	ZW52	ZW52	TmFwaS5FbnY=	424	94489281516
68719479813	107374182543	Y29kZQ==	Y29kZQ==	Q1VSTE1jb2Rl	424	94489281522
68719479814	107374182543	dGhpcw==	dGhpcw==	Tm9kZUxpYmN1cmwuTXVsdGkq	427	111669149998
68719479815	107374182543	ZWFzeQ==	ZWFzeQ==	Tm9kZUxpYmN1cmwuRWFzeSo=	428	94489281519
68719479816	107374182543	dGhpcw==	dGhpcw==	Tm9kZUxpYmN1cmwuTXVsdGkq	431	111669149998
68719479817	107374182543	ZWFzeQ==	ZWFzeQ==	Tm9kZUxpYmN1cmwuRWFzeSo=	431	94489281519
68719479818	107374182543	c3Rk	c3Rk	c3Rk	431	94489281629
68719479819	107374182543	TmFwaQ==	TmFwaQ==	TmFwaQ==	431	94489281628
68719479820	107374182543	ZGVmZXJyZWQ=	ZGVmZXJyZWQ=	QU5Z	431	94489281520
68719479821	107374182543	dGhpcw==	dGhpcw==	Tm9kZUxpYmN1cmwuTXVsdGkq	434	111669149998
68719479822	107374182543	ZWFzeQ==	ZWFzeQ==	Tm9kZUxpYmN1cmwuRWFzeSo=	434	94489281519
68719479823	107374182543	ZW52	ZW52	TmFwaS5FbnY=	438	94489281523
68719479824	107374182543	aW5mbw==	aW5mbw==	TmFwaS5DYWxsYmFja0luZm8m	438	111669150001
68719479825	107374182543	aW5mbw==	aW5mbw==	TmFwaS5DYWxsYmFja0luZm8m	440	111669150001
68719479826	107374182543	ZW52	ZW52	TmFwaS5FbnY=	441	94489281523
68719479827	107374182543	Q1VSTE1fQkFEX0ZVTkNUSU9OX0FSR1VNRU5U	PHVua25vd24+IENVUkxNX0JBRF9GVU5DVElPTl9BUkdVTUVOVA==	QU5Z	444	94489281627
68719479828	107374182543	YXJn	YXJn	TmFwaS5WYWx1ZQ==	447	94489281524
68719479829	107374182543	aW5mbw==	aW5mbw==	TmFwaS5DYWxsYmFja0luZm8m	447	111669150001
68719479830	107374182543	aXNOdWxs	aXNOdWxs	Ym9vbA==	448	94489281525
68719479831	107374182543	YXJn	YXJn	TmFwaS5WYWx1ZQ==	448	94489281524
68719479832	107374182543	YXJn	YXJn	TmFwaS5WYWx1ZQ==	450	94489281524
68719479833	107374182543	aXNOdWxs	aXNOdWxs	Ym9vbA==	450	94489281525
68719479834	107374182543	ZW52	ZW52	TmFwaS5FbnY=	451	94489281523
68719479835	107374182543	Q1VSTE1fQkFEX0ZVTkNUSU9OX0FSR1VNRU5U	PHVua25vd24+IENVUkxNX0JBRF9GVU5DVElPTl9BUkdVTUVOVA==	QU5Z	454	94489281627
68719479836	107374182543	aXNOdWxs	aXNOdWxs	Ym9vbA==	457	94489281525
68719479837	107374182543	dGhpcw==	dGhpcw==	Tm9kZUxpYmN1cmwuTXVsdGkq	458	111669150000
68719479838	107374182543	dGhpcw==	dGhpcw==	Tm9kZUxpYmN1cmwuTXVsdGkq	460	111669150000
68719479839	107374182543	YXJn	YXJn	TmFwaS5WYWx1ZQ==	460	94489281524
68719479840	107374182543	aW5mbw==	aW5mbw==	TmFwaS5DYWxsYmFja0luZm8m	463	111669150001
68719479841	107374182543	ZW52	ZW52	TmFwaS5FbnY=	467	94489281526
68719479842	107374182543	aW5mbw==	aW5mbw==	TmFwaS5DYWxsYmFja0luZm8m	467	111669150003
68719479843	107374182543	dGhpcw==	dGhpcw==	Tm9kZUxpYmN1cmwuTXVsdGkq	469	111669150002
68719479844	107374182543	ZW52	ZW52	TmFwaS5FbnY=	470	94489281526
68719479845	107374182543	Q1VSTE1fQkFEX0hBTkRMRQ==	PHVua25vd24+IENVUkxNX0JBRF9IQU5ETEU=	QU5Z	470	94489281626
68719479846	107374182543	ZW52	ZW52	TmFwaS5FbnY=	473	94489281526
68719479847	107374182543	dGhpcw==	dGhpcw==	Tm9kZUxpYmN1cmwuTXVsdGkq	473	111669150002
68719479848	107374182543	ZW52	ZW52	TmFwaS5FbnY=	477	94489281527
68719479849	107374182543	aW5mbw==	aW5mbw==	TmFwaS5DYWxsYmFja0luZm8m	477	111669150005
68719479850	107374182543	dGhpcw==	dGhpcw==	Tm9kZUxpYmN1cmwuTXVsdGkq	479	111669150004
68719479851	107374182543	ZW52	ZW52	TmFwaS5FbnY=	480	94489281527
68719479852	107374182543	Q1VSTE1fQkFEX0hBTkRMRQ==	PHVua25vd24+IENVUkxNX0JBRF9IQU5ETEU=	QU5Z	480	94489281625
68719479853	107374182543	dGhpcw==	dGhpcw==	Tm9kZUxpYmN1cmwuTXVsdGkq	485	111669150004
68719479854	107374182543	ZW52	ZW52	TmFwaS5FbnY=	487	94489281527
68719479855	107374182543	aW5mbw==	aW5mbw==	TmFwaS5DYWxsYmFja0luZm8m	491	111669150007
68719479856	107374182543	dGhpcw==	dGhpcw==	Tm9kZUxpYmN1cmwuTXVsdGkq	491	111669150006
68719479857	107374182543	ZW52	ZW52	TmFwaS5FbnY=	495	94489281528
68719479858	107374182543	aW5mbw==	aW5mbw==	TmFwaS5DYWxsYmFja0luZm8m	495	111669150009
68719479859	107374182543	aW5mbw==	aW5mbw==	TmFwaS5DYWxsYmFja0luZm8m	497	111669150009
68719479860	107374182543	aW5mbw==	aW5mbw==	TmFwaS5DYWxsYmFja0luZm8m	497	111669150009
68719479861	107374182543	ZW52	ZW52	TmFwaS5FbnY=	498	94489281528
68719479862	107374182543	Q1VSTE1fQkFEX0ZVTkNUSU9OX0FSR1VNRU5U	PHVua25vd24+IENVUkxNX0JBRF9GVU5DVElPTl9BUkdVTUVOVA==	QU5Z	498	94489281624
68719479863	107374182543	ZXJyb3JDb2Rl	ZXJyb3JDb2Rl	aW50MzJfdA==	501	94489281529
68719479864	107374182543	aW5mbw==	aW5mbw==	TmFwaS5DYWxsYmFja0luZm8m	501	111669150009
68719479865	107374182543	ZXJyb3JNc2c=	ZXJyb3JNc2c=	Y2hhcio=	502	94489281530
68719479866	107374182543	ZXJyb3JDb2Rl	ZXJyb3JDb2Rl	aW50MzJfdA==	502	94489281529
68719479867	107374182543	ZW52	ZW52	TmFwaS5FbnY=	504	94489281528
68719479868	107374182543	ZXJyb3JNc2c=	ZXJyb3JNc2c=	Y2hhcio=	504	94489281530
68719479869	107374182543	dGhpcw==	dGhpcw==	Tm9kZUxpYmN1cmwuTXVsdGkq	509	111669150010
68719479870	107374182543	bXNnc0xlZnQ=	bXNnc0xlZnQ=	aW50	511	94489281531
68719479871	107374182543	bXNn	bXNn	Q1VSTE1zZyo=	512	94489281532
68719479872	107374182543	dGhpcw==	dGhpcw==	Tm9kZUxpYmN1cmwuTXVsdGkq	514	111669150010
68719479873	107374182543	bXNn	bXNn	Q1VSTE1zZyo=	514	94489281532
68719479874	107374182543	dGhpcw==	dGhpcw==	Tm9kZUxpYmN1cmwuTXVsdGkq	514	111669150010
68719479875	107374182543	bXNnc0xlZnQ=	bXNnc0xlZnQ=	aW50	514	94489281531
68719479876	107374182543	bXNn	bXNn	Q1VSTE1zZyo=	518	94489281532
68719479877	107374182543	Q1VSTE1TR19ET05F	PHVua25vd24+IENVUkxNU0dfRE9ORQ==	QU5Z	518	94489281623
68719479878	107374182543	ZWFzeQ==	ZWFzeQ==	Q1VSTCo=	519	94489281533
68719479879	107374182543	bXNn	bXNn	Q1VSTE1zZyo=	519	94489281532
68719479880	107374182543	cmVzdWx0	cmVzdWx0	Q1VSTGNvZGU=	520	94489281534
68719479881	107374182543	bXNn	bXNn	Q1VSTE1zZyo=	520	94489281532
68719479882	107374182543	dGhpcw==	dGhpcw==	Tm9kZUxpYmN1cmwuTXVsdGkq	522	111669150010
68719479883	107374182543	ZWFzeQ==	ZWFzeQ==	Q1VSTCo=	522	94489281533
68719479884	107374182543	cmVzdWx0	cmVzdWx0	Q1VSTGNvZGU=	522	94489281534
68719479885	107374182543	dGhpcw==	dGhpcw==	Tm9kZUxpYmN1cmwuTXVsdGkq	528	111669150011
68719479886	107374182543	ZW52	ZW52	TmFwaS5FbnY=	530	94489281535
68719479887	107374182543	c2NvcGU=	c2NvcGU=	TmFwaS5IYW5kbGVTY29wZQ==	531	94489281536
68719479888	107374182543	PHRtcD4w	PHRtcD4w	TmFwaS5IYW5kbGVTY29wZQ==	531	94489281622
68719479889	107374182543	PHRtcD4w	PHRtcD4w	TmFwaS5IYW5kbGVTY29wZQ==	531	94489281622
68719479890	107374182543	ZW52	ZW52	TmFwaS5FbnY=	531	94489281535
68719479891	107374182543	PHRtcD4w	PHRtcD4w	TmFwaS5IYW5kbGVTY29wZQ==	531	94489281622
68719479892	107374182543	cHRy	cHRy	Y2hhcio=	536	94489281537
68719479893	107374182543	Y29kZQ==	Y29kZQ==	Q1VSTGNvZGU=	537	94489281538
68719479894	107374182543	ZWFzeQ==	ZWFzeQ==	Q1VSTCo=	537	111669150012
68719479895	107374182543	Q1VSTElORk9fUFJJVkFURQ==	PHVua25vd24+IENVUkxJTkZPX1BSSVZBVEU=	QU5Z	537	94489281621
68719479896	107374182543	cHRy	cHRy	Y2hhcio=	537	94489281537
68719479897	107374182543	Y29kZQ==	Y29kZQ==	Q1VSTGNvZGU=	538	94489281538
68719479898	107374182543	Q1VSTEVfT0s=	PHVua25vd24+IENVUkxFX09L	QU5Z	538	94489281619
68719479899	107374182543	cHRy	cHRy	Y2hhcio=	540	94489281537
68719479900	107374182543	ZWFzeU9iag==	ZWFzeU9iag==	Tm9kZUxpYmN1cmwuRWFzeSo=	541	94489281539
68719479901	107374182543	cHRy	cHRy	Y2hhcio=	541	94489281537
68719479902	107374182543	aGFzRXJyb3I=	aGFzRXJyb3I=	Ym9vbA==	543	94489281540
68719479903	107374182543	ZWFzeU9iag==	ZWFzeU9iag==	Tm9kZUxpYmN1cmwuRWFzeSo=	543	94489281539
68719479904	107374182543	c3RhdHVzQ29kZQ==	c3RhdHVzQ29kZQ==	Q1VSTGNvZGU=	546	94489281541
68719479905	107374182543	aGFuZGxlQ29kZQ==	aGFuZGxlQ29kZQ==	Q1VSTGNvZGU=	546	111669150013
68719479906	107374182543	Q1VSTEVfT0s=	PHVua25vd24+IENVUkxFX09L	QU5Z	546	94489281619
68719479907	107374182543	aGFzRXJyb3I=	aGFzRXJyb3I=	Ym9vbA==	546	94489281540
68719479908	107374182543	Q1VSTEVfQUJPUlRFRF9CWV9DQUxMQkFDSw==	PHVua25vd24+IENVUkxFX0FCT1JURURfQllfQ0FMTEJBQ0s=	QU5Z	546	94489281620
68719479909	107374182543	aGFuZGxlQ29kZQ==	aGFuZGxlQ29kZQ==	Q1VSTGNvZGU=	546	111669150013
68719479910	107374182543	cHJvbWlzZUl0	cHJvbWlzZUl0	QU5Z	549	94489281542
68719479911	107374182543	dGhpcw==	dGhpcw==	Tm9kZUxpYmN1cmwuTXVsdGkq	549	111669150011
68719479912	107374182543	ZWFzeQ==	ZWFzeQ==	Q1VSTCo=	549	111669150012
68719479913	107374182543	cHJvbWlzZUl0	cHJvbWlzZUl0	QU5Z	550	94489281542
68719479914	107374182543	dGhpcw==	dGhpcw==	Tm9kZUxpYmN1cmwuTXVsdGkq	550	111669150011
68719479915	107374182543	ZGVmZXJyZWQ=	ZGVmZXJyZWQ=	QU5Z	555	94489281543
68719479916	107374182543	cHJvbWlzZUl0	cHJvbWlzZUl0	QU5Z	555	94489281542
68719479917	107374182543	c3RhdHVzQ29kZQ==	c3RhdHVzQ29kZQ==	Q1VSTGNvZGU=	557	94489281541
68719479918	107374182543	Q1VSTEVfT0s=	PHVua25vd24+IENVUkxFX09L	QU5Z	557	94489281619
68719479919	107374182543	aGFzRXJyb3I=	aGFzRXJyb3I=	Ym9vbA==	557	94489281540
68719479920	107374182543	aGFzRXJyb3I=	aGFzRXJyb3I=	Ym9vbA==	559	94489281540
68719479921	107374182543	ZXJyb3I=	ZXJyb3I=	TmFwaS5FcnJvcg==	560	94489281544
68719479922	107374182543	ZW52	ZW52	TmFwaS5FbnY=	561	94489281535
68719479923	107374182543	Q1VSTEVfQUJPUlRFRF9CWV9DQUxMQkFDSw==	PHVua25vd24+IENVUkxFX0FCT1JURURfQllfQ0FMTEJBQ0s=	QU5Z	561	94489281620
68719479924	107374182543	ZXJyb3JWYWx1ZQ==	ZXJyb3JWYWx1ZQ==	TmFwaS5PYmplY3Q=	563	94489281545
68719479925	107374182543	ZXJyb3I=	ZXJyb3I=	TmFwaS5FcnJvcg==	563	94489281544
68719479926	107374182543	ZXJyb3JWYWx1ZQ==	ZXJyb3JWYWx1ZQ==	TmFwaS5PYmplY3Q=	564	94489281545
68719479927	107374182543	ZWFzeU9iag==	ZWFzeU9iag==	Tm9kZUxpYmN1cmwuRWFzeSo=	564	94489281539
68719479928	107374182543	ZGVmZXJyZWQ=	ZGVmZXJyZWQ=	QU5Z	565	94489281543
68719479929	107374182543	ZXJyb3JWYWx1ZQ==	ZXJyb3JWYWx1ZQ==	TmFwaS5PYmplY3Q=	565	94489281545
68719479930	107374182543	ZXJyb3I=	ZXJyb3I=	TmFwaS5FcnJvcg==	567	94489281546
68719479931	107374182543	ZW52	ZW52	TmFwaS5FbnY=	567	94489281535
68719479932	107374182543	c3RhdHVzQ29kZQ==	c3RhdHVzQ29kZQ==	Q1VSTGNvZGU=	567	94489281541
68719479933	107374182543	ZGVmZXJyZWQ=	ZGVmZXJyZWQ=	QU5Z	568	94489281543
68719479934	107374182543	ZXJyb3I=	ZXJyb3I=	TmFwaS5FcnJvcg==	568	94489281546
68719479935	107374182543	ZGVmZXJyZWQ=	ZGVmZXJyZWQ=	QU5Z	572	94489281543
68719479936	107374182543	ZWFzeU9iag==	ZWFzeU9iag==	Tm9kZUxpYmN1cmwuRWFzeSo=	572	94489281539
68719479937	107374182543	dGhpcw==	dGhpcw==	Tm9kZUxpYmN1cmwuTXVsdGkq	576	111669150011
68719479938	107374182543	cHJvbWlzZUl0	cHJvbWlzZUl0	QU5Z	576	94489281542
68719479939	107374182543	Y2FsbGJhY2s=	Y2FsbGJhY2s=	TmFwaS5GdW5jdGlvbg==	580	94489281547
68719479940	107374182543	dGhpcw==	dGhpcw==	Tm9kZUxpYmN1cmwuTXVsdGkq	580	111669150011
68719479941	107374182543	ZXJyb3I=	ZXJyb3I=	TmFwaS5WYWx1ZQ==	583	94489281548
68719479942	107374182543	ZW52	ZW52	TmFwaS5FbnY=	583	94489281535
68719479943	107374182543	ZXJyb3JDb2Rl	ZXJyb3JDb2Rl	TmFwaS5OdW1iZXI=	584	94489281549
68719479944	107374182543	ZW52	ZW52	TmFwaS5FbnY=	584	94489281535
68719479945	107374182543	c3RhdHVzQ29kZQ==	c3RhdHVzQ29kZQ==	Q1VSTGNvZGU=	584	94489281541
68719479946	107374182543	c3RhdHVzQ29kZQ==	c3RhdHVzQ29kZQ==	Q1VSTGNvZGU=	586	94489281541
68719479947	107374182543	Q1VSTEVfT0s=	PHVua25vd24+IENVUkxFX09L	QU5Z	586	94489281619
68719479948	107374182543	aGFzRXJyb3I=	aGFzRXJyb3I=	Ym9vbA==	586	94489281540
68719479949	107374182543	ZXJyb3I=	ZXJyb3I=	TmFwaS5WYWx1ZQ==	587	94489281548
68719479950	107374182543	aGFzRXJyb3I=	aGFzRXJyb3I=	Ym9vbA==	587	94489281540
68719479951	107374182543	ZWFzeU9iag==	ZWFzeU9iag==	Tm9kZUxpYmN1cmwuRWFzeSo=	587	94489281539
68719479952	107374182543	ZW52	ZW52	TmFwaS5FbnY=	588	94489281535
68719479953	107374182543	c3RhdHVzQ29kZQ==	c3RhdHVzQ29kZQ==	Q1VSTGNvZGU=	588	94489281541
68719479954	107374182543	Y2FsbGJhY2s=	Y2FsbGJhY2s=	TmFwaS5GdW5jdGlvbg==	595	94489281547
68719479955	107374182543	dGhpcw==	dGhpcw==	Tm9kZUxpYmN1cmwuTXVsdGkq	595	111669150011
68719479956	107374182543	ZXJyb3I=	ZXJyb3I=	TmFwaS5WYWx1ZQ==	595	94489281548
68719479957	107374182543	ZWFzeU9iag==	ZWFzeU9iag==	Tm9kZUxpYmN1cmwuRWFzeSo=	595	94489281539
68719479958	107374182543	ZXJyb3JDb2Rl	ZXJyb3JDb2Rl	TmFwaS5OdW1iZXI=	595	94489281549
68719479959	107374182543			TmFwaS5FcnJvciY=		94489281550
68719479960	107374182543	PHRtcD4x	PHRtcD4x	TmFwaS5FcnJvcg==	597	94489281618
68719479961	107374182543	PHRtcD4x	PHRtcD4x	TmFwaS5FcnJvcg==	597	94489281618
68719479962	107374182543	PHRtcD4x	PHRtcD4x	TmFwaS5FcnJvcg==	597	94489281618
68719479963	107374182543	dGhpcw==	dGhpcw==	Tm9kZUxpYmN1cmwuTXVsdGkq	602	111669150011
68719479964	107374182543	aXQ=	aXQ=	QU5Z	608	94489281551
68719479965	107374182543	bXVsdGk=	bXVsdGk=	Tm9kZUxpYmN1cmwuTXVsdGkq	608	111669150016
68719479966	107374182543	c29ja2Zk	c29ja2Zk	Y3VybF9zb2NrZXRfdA==	608	111669150015
68719479967	107374182543	aXQ=	aXQ=	QU5Z	615	94489281551
68719479968	107374182543	bXVsdGk=	bXVsdGk=	Tm9kZUxpYmN1cmwuTXVsdGkq	615	111669150016
68719479969	107374182543	aXQ=	aXQ=	QU5Z	618	94489281551
68719479970	107374182543	Y3R4	Y3R4	Tm9kZUxpYmN1cmwuTXVsdGkuQ3VybFNvY2tldENvbnRleHQq	621	94489281552
68719479971	107374182543	PHRtcD4w	PHRtcD4w	Tm9kZUxpYmN1cmwuTXVsdGkuQ3VybFNvY2tldENvbnRleHQ=	621	94489281617
68719479972	107374182543	PHRtcD4w	PHRtcD4w	Tm9kZUxpYmN1cmwuTXVsdGkuQ3VybFNvY2tldENvbnRleHQ=	621	94489281617
68719479973	107374182543	PHRtcD4w	PHRtcD4w	Tm9kZUxpYmN1cmwuTXVsdGkuQ3VybFNvY2tldENvbnRleHQ=	621	94489281617
68719479974	107374182543	c3Rk	c3Rk	c3Rk	621	94489281615
68719479975	107374182543	Y3R4	Y3R4	Tm9kZUxpYmN1cmwuTXVsdGkuQ3VybFNvY2tldENvbnRleHQq	623	94489281552
68719479976	107374182543	Y3R4	Y3R4	Tm9kZUxpYmN1cmwuTXVsdGkuQ3VybFNvY2tldENvbnRleHQq	625	94489281552
68719479977	107374182543	c29ja2Zk	c29ja2Zk	Y3VybF9zb2NrZXRfdA==	625	111669150015
68719479978	107374182543	Y3R4	Y3R4	Tm9kZUxpYmN1cmwuTXVsdGkuQ3VybFNvY2tldENvbnRleHQq	626	94489281552
68719479979	107374182543	bXVsdGk=	bXVsdGk=	Tm9kZUxpYmN1cmwuTXVsdGkq	626	111669150016
68719479980	107374182543	bG9vcA==	bG9vcA==	dXZfbG9vcF90Kg==	628	94489281553
68719479981	107374182543	bmFwaV9yZXN1bHQ=	bmFwaV9yZXN1bHQ=	QU5Z	629	94489281554
68719479982	107374182543	bXVsdGk=	bXVsdGk=	Tm9kZUxpYmN1cmwuTXVsdGkq	629	111669150016
68719479983	107374182543	bG9vcA==	bG9vcA==	dXZfbG9vcF90Kg==	629	94489281553
68719479984	107374182543	bmFwaV9yZXN1bHQ=	bmFwaV9yZXN1bHQ=	QU5Z	630	94489281554
68719479985	107374182543	bmFwaV9vaw==	PHVua25vd24+IG5hcGlfb2s=	QU5Z	630	94489281616
68719479986	107374182543	cmVzdWx0	cmVzdWx0	aW50	636	94489281555
68719479987	107374182543	bG9vcA==	bG9vcA==	dXZfbG9vcF90Kg==	636	94489281553
68719479988	107374182543	Y3R4	Y3R4	Tm9kZUxpYmN1cmwuTXVsdGkuQ3VybFNvY2tldENvbnRleHQq	636	94489281552
68719479989	107374182543	c29ja2Zk	c29ja2Zk	Y3VybF9zb2NrZXRfdA==	636	111669150015
68719479990	107374182543	cmVzdWx0	cmVzdWx0	aW50	637	94489281555
68719479991	107374182543	ZXJyb3JNZXNzYWdl	ZXJyb3JNZXNzYWdl	QU5Z	638	94489281556
68719479992	107374182543	cmVzdWx0	cmVzdWx0	aW50	639	94489281555
68719479993	107374182543	c3Rk	c3Rk	c3Rk	640	94489281615
68719479994	107374182543	ZXJyb3JNZXNzYWdl	ZXJyb3JNZXNzYWdl	QU5Z	640	94489281556
68719479995	107374182543	c3Rk	c3Rk	c3Rk	640	94489281615
68719479996	107374182543	Y3R4	Y3R4	Tm9kZUxpYmN1cmwuTXVsdGkuQ3VybFNvY2tldENvbnRleHQq	651	94489281552
68719479997	107374182543	Y3R4	Y3R4	Tm9kZUxpYmN1cmwuTXVsdGkuQ3VybFNvY2tldENvbnRleHQq	651	94489281552
68719479998	107374182543	bXVsdGk=	bXVsdGk=	Tm9kZUxpYmN1cmwuTXVsdGkq	652	111669150016
68719479999	107374182543	c29ja2Zk	c29ja2Zk	Y3VybF9zb2NrZXRfdA==	652	111669150015
68719480000	107374182543	Y3R4	Y3R4	Tm9kZUxpYmN1cmwuTXVsdGkuQ3VybFNvY2tldENvbnRleHQq	652	94489281552
68719480001	107374182543	Y3R4	Y3R4	Tm9kZUxpYmN1cmwuTXVsdGkuQ3VybFNvY2tldENvbnRleHQq	654	94489281552
68719480005	107374182543	aGFuZGxl	aGFuZGxl	QU5Z	658	94489281558
68719480006	107374182543	Y3R4	Y3R4	Tm9kZUxpYmN1cmwuTXVsdGkuQ3VybFNvY2tldENvbnRleHQq	658	111669150019
68719480007	107374182543	aXQ=	aXQ=	QU5Z	660	94489281559
68719480008	107374182543	Y3R4	Y3R4	Tm9kZUxpYmN1cmwuTXVsdGkuQ3VybFNvY2tldENvbnRleHQq	660	111669150019
68719480009	107374182543	Y3R4	Y3R4	Tm9kZUxpYmN1cmwuTXVsdGkuQ3VybFNvY2tldENvbnRleHQq	660	111669150019
68719480010	107374182543	aXQ=	aXQ=	QU5Z	661	94489281559
68719480011	107374182543	Y3R4	Y3R4	Tm9kZUxpYmN1cmwuTXVsdGkuQ3VybFNvY2tldENvbnRleHQq	661	111669150019
68719480012	107374182543	Y3R4	Y3R4	Tm9kZUxpYmN1cmwuTXVsdGkuQ3VybFNvY2tldENvbnRleHQq	662	111669150019
68719480013	107374182543	aXQ=	aXQ=	QU5Z	662	94489281559
68719480014	107374182543	aGFuZGxl	aGFuZGxl	QU5Z	665	94489281558
68719480015	107374182543	aGFuZGxl	aGFuZGxl	QU5Z	666	94489281558
68719480016	107374182543	Y3R4	Y3R4	Tm9kZUxpYmN1cmwuTXVsdGkuQ3VybFNvY2tldENvbnRleHQq	677	94489281560
68719480017	107374182543	b2Jq	b2Jq	Tm9kZUxpYmN1cmwuTXVsdGkq	678	94489281561
68719480018	107374182543	dXNlcnA=	dXNlcnA=	dm9pZCo=	678	111669150024
68719480019	107374182543	YWN0aW9u	YWN0aW9u	aW50	680	111669150023
68719480020	107374182543	Q1VSTF9QT0xMX0lO	PHVua25vd24+IENVUkxfUE9MTF9JTg==	QU5Z	680	94489281612
68719480021	107374182543	YWN0aW9u	YWN0aW9u	aW50	680	111669150023
68719480022	107374182543	Q1VSTF9QT0xMX09VVA==	PHVua25vd24+IENVUkxfUE9MTF9PVVQ=	QU5Z	680	94489281610
68719480023	107374182543	YWN0aW9u	YWN0aW9u	aW50	680	111669150023
68719480024	107374182543	Q1VSTF9QT0xMX0lOT1VU	PHVua25vd24+IENVUkxfUE9MTF9JTk9VVA==	QU5Z	680	94489281614
68719480025	107374182543	YWN0aW9u	YWN0aW9u	aW50	681	111669150023
68719480026	107374182543	Q1VSTF9QT0xMX05PTkU=	PHVua25vd24+IENVUkxfUE9MTF9OT05F	QU5Z	681	94489281613
68719480027	107374182543	c29ja2V0cA==	c29ja2V0cA==	dm9pZCo=	683	111669150025
68719480028	107374182543	Y3R4	Y3R4	Tm9kZUxpYmN1cmwuTXVsdGkuQ3VybFNvY2tldENvbnRleHQq	684	94489281560
68719480029	107374182543	c29ja2V0cA==	c29ja2V0cA==	dm9pZCo=	684	111669150025
68719480030	107374182543	Y3R4	Y3R4	Tm9kZUxpYmN1cmwuTXVsdGkuQ3VybFNvY2tldENvbnRleHQq	686	94489281560
68719480031	107374182543	cw==	cw==	Y3VybF9zb2NrZXRfdA==	686	111669150022
68719480032	107374182543	b2Jq	b2Jq	Tm9kZUxpYmN1cmwuTXVsdGkq	686	94489281561
68719480033	107374182543	Y3R4	Y3R4	Tm9kZUxpYmN1cmwuTXVsdGkuQ3VybFNvY2tldENvbnRleHQq	689	94489281560
68719480034	107374182543	b2Jq	b2Jq	Tm9kZUxpYmN1cmwuTXVsdGkq	691	94489281561
68719480035	107374182543	cw==	cw==	Y3VybF9zb2NrZXRfdA==	691	111669150022
68719480036	107374182543	Y3R4	Y3R4	Tm9kZUxpYmN1cmwuTXVsdGkuQ3VybFNvY2tldENvbnRleHQq	691	94489281560
68719480037	107374182543	ZXZlbnRz	ZXZlbnRz	aW50	694	94489281562
68719480038	107374182543	YWN0aW9u	YWN0aW9u	aW50	696	111669150023
68719480039	107374182543	Q1VSTF9QT0xMX0lO	PHVua25vd24+IENVUkxfUE9MTF9JTg==	QU5Z	696	94489281612
68719480040	107374182543	ZXZlbnRz	ZXZlbnRz	aW50	696	94489281562
68719480041	107374182543	VVZfV1JJVEFCTEU=	PHVua25vd24+IFVWX1dSSVRBQkxF	QU5Z	696	94489281611
68719480042	107374182543	YWN0aW9u	YWN0aW9u	aW50	697	111669150023
68719480043	107374182543	Q1VSTF9QT0xMX09VVA==	PHVua25vd24+IENVUkxfUE9MTF9PVVQ=	QU5Z	697	94489281610
68719480044	107374182543	ZXZlbnRz	ZXZlbnRz	aW50	697	94489281562
68719480045	107374182543	VVZfUkVBREFCTEU=	PHVua25vd24+IFVWX1JFQURBQkxF	QU5Z	697	94489281609
68719480046	107374182543	Y3R4	Y3R4	Tm9kZUxpYmN1cmwuTXVsdGkuQ3VybFNvY2tldENvbnRleHQq	702	94489281560
68719480047	107374182543	ZXZlbnRz	ZXZlbnRz	aW50	702	94489281562
68719480048	107374182543	YWN0aW9u	YWN0aW9u	aW50	705	111669150023
68719480049	107374182543	Q1VSTF9QT0xMX1JFTU9WRQ==	PHVua25vd24+IENVUkxfUE9MTF9SRU1PVkU=	QU5Z	705	94489281608
68719480050	107374182543	c29ja2V0cA==	c29ja2V0cA==	dm9pZCo=	706	111669150025
68719480051	107374182543	Y3R4	Y3R4	Tm9kZUxpYmN1cmwuTXVsdGkuQ3VybFNvY2tldENvbnRleHQq	707	94489281560
68719480052	107374182543	c29ja2V0cA==	c29ja2V0cA==	dm9pZCo=	707	111669150025
68719480053	107374182543	Y3R4	Y3R4	Tm9kZUxpYmN1cmwuTXVsdGkuQ3VybFNvY2tldENvbnRleHQq	712	94489281560
68719480054	107374182543	Y3R4	Y3R4	Tm9kZUxpYmN1cmwuTXVsdGkuQ3VybFNvY2tldENvbnRleHQq	714	94489281560
68719480055	107374182543	b2Jq	b2Jq	Tm9kZUxpYmN1cmwuTXVsdGkq	715	94489281561
68719480056	107374182543	cw==	cw==	Y3VybF9zb2NrZXRfdA==	715	111669150022
68719480057	107374182543	b2Jq	b2Jq	Tm9kZUxpYmN1cmwuTXVsdGkq	732	94489281563
68719480058	107374182543	dXNlcnA=	dXNlcnA=	dm9pZCo=	732	111669150029
68719480059	107374182543	b2Jq	b2Jq	Tm9kZUxpYmN1cmwuTXVsdGkq	734	94489281563
68719480060	107374182543	dGltZW91dE1z	dGltZW91dE1z	bG9uZw==	738	111669150028
68719480061	107374182543	dXZTdG9w	dXZTdG9w	aW50	739	94489281564
68719480062	107374182543	b2Jq	b2Jq	Tm9kZUxpYmN1cmwuTXVsdGkq	739	94489281563
68719480063	107374182543	dXZTdG9w	dXZTdG9w	aW50	740	94489281564
68719480064	107374182543	dGltZW91dE1z	dGltZW91dE1z	bG9uZw==	745	111669150028
68719480065	107374182543	b2Jq	b2Jq	Tm9kZUxpYmN1cmwuTXVsdGkq	746	94489281563
68719480066	107374182543	dGltZW91dE1z	dGltZW91dE1z	bG9uZw==	746	111669150028
68719480067	107374182543	cmV0dXJuVmFsdWU=	cmV0dXJuVmFsdWU=	aW50	761	94489281565
68719480068	107374182543	Q1VSTF9QVVNIX0RFTlk=	PHVua25vd24+IENVUkxfUFVTSF9ERU5Z	QU5Z	761	94489281606
68719480069	107374182543	b2Jq	b2Jq	Tm9kZUxpYmN1cmwuTXVsdGkq	763	94489281566
68719480070	107374182543	dXNlclB0cg==	dXNlclB0cg==	dm9pZCo=	763	111669150035
68719480071	107374182543	b2Jq	b2Jq	Tm9kZUxpYmN1cmwuTXVsdGkq	764	94489281566
68719480072	107374182543	b2Jq	b2Jq	Tm9kZUxpYmN1cmwuTXVsdGkq	765	94489281566
68719480073	107374182543	aXQ=	aXQ=	QU5Z	767	94489281567
68719480074	107374182543	b2Jq	b2Jq	Tm9kZUxpYmN1cmwuTXVsdGkq	767	94489281566
68719480075	107374182543	Q1VSTE1PUFRfUFVTSEZVTkNUSU9O	PHVua25vd24+IENVUkxNT1BUX1BVU0hGVU5DVElPTg==	QU5Z	767	94489281607
68719480076	107374182543	aXQ=	aXQ=	QU5Z	768	94489281567
68719480077	107374182543	b2Jq	b2Jq	Tm9kZUxpYmN1cmwuTXVsdGkq	768	94489281566
68719480078	107374182543	aXQ=	aXQ=	QU5Z	770	94489281567
68719480079	107374182543	Q1VSTF9QVVNIX0RFTlk=	PHVua25vd24+IENVUkxfUFVTSF9ERU5Z	QU5Z	771	94489281606
68719480080	107374182543	cGFyZW50RWFzeVB0cg==	cGFyZW50RWFzeVB0cg==	Y2hhcio=	774	94489281568
68719480081	107374182543	Y29kZQ==	Y29kZQ==	Q1VSTGNvZGU=	775	94489281569
68719480082	107374182543	cGFyZW50	cGFyZW50	Q1VSTCo=	775	111669150031
68719480083	107374182543	Q1VSTElORk9fUFJJVkFURQ==	PHVua25vd24+IENVUkxJTkZPX1BSSVZBVEU=	QU5Z	775	94489281605
68719480084	107374182543	cGFyZW50RWFzeVB0cg==	cGFyZW50RWFzeVB0cg==	Y2hhcio=	775	94489281568
68719480085	107374182543	Y29kZQ==	Y29kZQ==	Q1VSTGNvZGU=	776	94489281569
68719480086	107374182543	Q1VSTEVfT0s=	PHVua25vd24+IENVUkxFX09L	QU5Z	776	94489281604
68719480087	107374182543	cGFyZW50RWFzeVB0cg==	cGFyZW50RWFzeVB0cg==	Y2hhcio=	778	94489281568
68719480088	107374182543	cGFyZW50RWFzeU9iag==	cGFyZW50RWFzeU9iag==	Tm9kZUxpYmN1cmwuRWFzeSo=	780	94489281570
68719480089	107374182543	cGFyZW50RWFzeVB0cg==	cGFyZW50RWFzeVB0cg==	Y2hhcio=	780	94489281568
68719480090	107374182543	cGFyZW50RWFzeU9iag==	cGFyZW50RWFzeU9iag==	Tm9kZUxpYmN1cmwuRWFzeSo=	781	94489281570
68719480091	107374182543	ZW52	ZW52	TmFwaS5FbnY=	784	94489281571
68719480092	107374182543	aXQ=	aXQ=	QU5Z	784	94489281567
68719480093	107374182543	c2NvcGU=	c2NvcGU=	TmFwaS5IYW5kbGVTY29wZQ==	785	94489281572
68719480094	107374182543	PHRtcD4w	PHRtcD4w	TmFwaS5IYW5kbGVTY29wZQ==	785	94489281603
68719480095	107374182543	PHRtcD4w	PHRtcD4w	TmFwaS5IYW5kbGVTY29wZQ==	785	94489281603
68719480096	107374182543	ZW52	ZW52	TmFwaS5FbnY=	785	94489281571
68719480097	107374182543	PHRtcD4w	PHRtcD4w	TmFwaS5IYW5kbGVTY29wZQ==	785	94489281603
68719480098	107374182543	Y3VybA==	Y3VybA==	QU5Z	786	94489281573
68719480099	107374182543	ZW52	ZW52	TmFwaS5FbnY=	786	94489281571
68719480100	107374182543	cGFyZW50RWFzeUpzT2Jq	cGFyZW50RWFzeUpzT2Jq	TmFwaS5PYmplY3Q=	789	94489281574
68719480101	107374182543	cGFyZW50RWFzeU9iag==	cGFyZW50RWFzeU9iag==	Tm9kZUxpYmN1cmwuRWFzeSo=	789	94489281570
68719480102	107374182543	Y2hpbGRFYXN5SnNPYmo=	Y2hpbGRFYXN5SnNPYmo=	TmFwaS5PYmplY3Q=	790	94489281575
68719480103	107374182543	ZW52	ZW52	TmFwaS5FbnY=	790	94489281571
68719480104	107374182543	Y2hpbGQ=	Y2hpbGQ=	Q1VSTCo=	790	111669150032
68719480105	107374182543	aGVhZGVyc0V4dGVybmFs	aGVhZGVyc0V4dGVybmFs	QU5Z	792	94489281576
68719480106	107374182543	ZW52	ZW52	TmFwaS5FbnY=	792	94489281571
68719480107	107374182543	aGVhZGVycw==	aGVhZGVycw==	Y3VybF9wdXNoaGVhZGVycyo=	792	111669150034
68719480108	107374182543	aGVhZGVyc0V4dGVybmFs	aGVhZGVyc0V4dGVybmFs	QU5Z	793	94489281576
68719480109	107374182543	SFRUUDJfUFVTSF9GUkFNRV9IRUFERVJTX1RZUEVfVEFH	PGdsb2JhbD4gSFRUUDJfUFVTSF9GUkFNRV9IRUFERVJTX1RZUEVfVEFH	QU5Z	793	94489281602
68719480110	107374182543	aHR0cDJQdXNoRnJhbWVKc09iag==	aHR0cDJQdXNoRnJhbWVKc09iag==	QU5Z	795	94489281577
68719480111	107374182543	Y3VybA==	Y3VybA==	QU5Z	795	94489281573
68719480112	107374182543	aGVhZGVyc0V4dGVybmFs	aGVhZGVyc0V4dGVybmFs	QU5Z	796	94489281576
68719480113	107374182543	ZW52	ZW52	TmFwaS5FbnY=	797	94489281571
68719480114	107374182543	bnVtYmVyT2ZIZWFkZXJz	bnVtYmVyT2ZIZWFkZXJz	c2l6ZV90	797	111669150033
68719480115	107374182543	Y2FsbGJhY2s=	Y2FsbGJhY2s=	TmFwaS5GdW5jdGlvbg==	800	94489281578
68719480116	107374182543	aXQ=	aXQ=	QU5Z	800	94489281567
68719480117	107374182543	YXN5bmNDb250ZXh0	YXN5bmNDb250ZXh0	TmFwaS5Bc3luY0NvbnRleHQ=	803	94489281579
68719480118	107374182543	PHRtcD4x	PHRtcD4x	TmFwaS5Bc3luY0NvbnRleHQ=	803	94489281601
68719480119	107374182543	PHRtcD4x	PHRtcD4x	TmFwaS5Bc3luY0NvbnRleHQ=	803	94489281601
68719480120	107374182543	ZW52	ZW52	TmFwaS5FbnY=	803	94489281571
68719480121	107374182543	PHRtcD4x	PHRtcD4x	TmFwaS5Bc3luY0NvbnRleHQ=	803	94489281601
68719480122	107374182543	cmV0dXJuVmFsdWVDYWxsYmFjaw==	cmV0dXJuVmFsdWVDYWxsYmFjaw==	TmFwaS5WYWx1ZQ==	805	94489281580
68719480123	107374182543	Y2FsbGJhY2s=	Y2FsbGJhY2s=	TmFwaS5GdW5jdGlvbg==	805	94489281578
68719480124	107374182543	b2Jq	b2Jq	Tm9kZUxpYmN1cmwuTXVsdGkq	805	94489281566
68719480125	107374182543	cGFyZW50RWFzeUpzT2Jq	cGFyZW50RWFzeUpzT2Jq	TmFwaS5PYmplY3Q=	807	94489281574
68719480126	107374182543	Y2hpbGRFYXN5SnNPYmo=	Y2hpbGRFYXN5SnNPYmo=	TmFwaS5PYmplY3Q=	808	94489281575
68719480127	107374182543	aHR0cDJQdXNoRnJhbWVKc09iag==	aHR0cDJQdXNoRnJhbWVKc09iag==	QU5Z	809	94489281577
68719480128	107374182543	YXN5bmNDb250ZXh0	YXN5bmNDb250ZXh0	TmFwaS5Bc3luY0NvbnRleHQ=	811	94489281579
68719480129	107374182543	cmV0dXJuVmFsdWVDYWxsYmFjaw==	cmV0dXJuVmFsdWVDYWxsYmFjaw==	TmFwaS5WYWx1ZQ==	813	94489281580
68719480130	107374182543	cmV0dXJuVmFsdWVDYWxsYmFjaw==	cmV0dXJuVmFsdWVDYWxsYmFjaw==	TmFwaS5WYWx1ZQ==	813	94489281580
68719480131	107374182543	cmV0dXJuVmFsdWU=	cmV0dXJuVmFsdWU=	aW50	814	94489281565
68719480132	107374182543	cmV0dXJuVmFsdWVDYWxsYmFjaw==	cmV0dXJuVmFsdWVDYWxsYmFjaw==	TmFwaS5WYWx1ZQ==	814	94489281580
68719480133	107374182543			TmFwaS5FcnJvciY=		94489281581
68719480134	107374182543	PHRtcD4y	PHRtcD4y	TmFwaS5FcnJvcg==	816	94489281600
68719480135	107374182543	PHRtcD4y	PHRtcD4y	TmFwaS5FcnJvcg==	816	94489281600
68719480136	107374182543	PHRtcD4y	PHRtcD4y	TmFwaS5FcnJvcg==	816	94489281600
68719480137	107374182543	cmV0dXJuVmFsdWU=	cmV0dXJuVmFsdWU=	aW50	819	94489281565
68719480138	107374182543	cmV0dXJuVmFsdWU=	cmV0dXJuVmFsdWU=	aW50	822	94489281565
68719480139	107374182543	b2Jq	b2Jq	Tm9kZUxpYmN1cmwuTXVsdGkq	841	94489281582
68719480140	107374182543	dGltZXI=	dGltZXI=	dXZfdGltZXJfdCo=	841	111669150037
68719480141	107374182543	bG9jYWxlR3VhcmQ=	bG9jYWxlR3VhcmQ=	TG9jYWxlR3VhcmQ=	846	94489281583
68719480142	107374182543	PHRtcD4w	PHRtcD4w	TG9jYWxlR3VhcmQ=	846	94489281599
68719480143	107374182543	PHRtcD4w	PHRtcD4w	TG9jYWxlR3VhcmQ=	846	94489281599
68719480144	107374182543	PHRtcD4w	PHRtcD4w	TG9jYWxlR3VhcmQ=	846	94489281599
68719480145	107374182543	Y29kZQ==	Y29kZQ==	Q1VSTE1jb2Rl	847	94489281584
68719480146	107374182543	b2Jq	b2Jq	Tm9kZUxpYmN1cmwuTXVsdGkq	847	94489281582
68719480147	107374182543	Q1VSTF9TT0NLRVRfVElNRU9VVA==	PHVua25vd24+IENVUkxfU09DS0VUX1RJTUVPVVQ=	QU5Z	847	94489281598
68719480148	107374182543	b2Jq	b2Jq	Tm9kZUxpYmN1cmwuTXVsdGkq	847	94489281582
68719480149	107374182543	Q1VSTE1fT0s=	PHVua25vd24+IENVUkxNX09L	QU5Z	849	94489281597
68719480150	107374182543	Y29kZQ==	Y29kZQ==	Q1VSTE1jb2Rl	849	94489281584
68719480151	107374182543	b2Jq	b2Jq	Tm9kZUxpYmN1cmwuTXVsdGkq	854	94489281582
68719480152	107374182543	b2Jq	b2Jq	Tm9kZUxpYmN1cmwuTXVsdGkq	855	94489281582
68719480153	107374182543	ZmxhZ3M=	ZmxhZ3M=	aW50	860	94489281585
68719480154	107374182543	c3RhdHVz	c3RhdHVz	aW50	864	111669150041
68719480155	107374182543	ZmxhZ3M=	ZmxhZ3M=	aW50	864	94489281585
68719480156	107374182543	Q1VSTF9DU0VMRUNUX0VSUg==	PHVua25vd24+IENVUkxfQ1NFTEVDVF9FUlI=	QU5Z	864	94489281596
68719480157	107374182543	ZXZlbnRz	ZXZlbnRz	aW50	865	111669150042
68719480158	107374182543	VVZfUkVBREFCTEU=	PHVua25vd24+IFVWX1JFQURBQkxF	QU5Z	865	94489281595
68719480159	107374182543	ZmxhZ3M=	ZmxhZ3M=	aW50	865	94489281585
68719480160	107374182543	Q1VSTF9DU0VMRUNUX0lO	PHVua25vd24+IENVUkxfQ1NFTEVDVF9JTg==	QU5Z	865	94489281594
68719480161	107374182543	ZXZlbnRz	ZXZlbnRz	aW50	866	111669150042
68719480162	107374182543	VVZfV1JJVEFCTEU=	PHVua25vd24+IFVWX1dSSVRBQkxF	QU5Z	866	94489281593
68719480163	107374182543	ZmxhZ3M=	ZmxhZ3M=	aW50	866	94489281585
68719480164	107374182543	Q1VSTF9DU0VMRUNUX09VVA==	PHVua25vd24+IENVUkxfQ1NFTEVDVF9PVVQ=	QU5Z	866	94489281592
68719480165	107374182543	Y3R4	Y3R4	Tm9kZUxpYmN1cmwuTXVsdGkuQ3VybFNvY2tldENvbnRleHQq	868	94489281587
68719480166	107374182543	aGFuZGxl	aGFuZGxl	dXZfcG9sbF90Kg==	868	111669150040
68719480167	107374182543	bG9jYWxlR3VhcmQ=	bG9jYWxlR3VhcmQ=	TG9jYWxlR3VhcmQ=	873	94489281588
68719480168	107374182543	PHRtcD4w	PHRtcD4w	TG9jYWxlR3VhcmQ=	873	94489281591
68719480169	107374182543	PHRtcD4w	PHRtcD4w	TG9jYWxlR3VhcmQ=	873	94489281591
68719480170	107374182543	PHRtcD4w	PHRtcD4w	TG9jYWxlR3VhcmQ=	873	94489281591
68719480171	107374182543	Y29kZQ==	Y29kZQ==	Q1VSTE1jb2Rl	881	94489281586
68719480172	107374182543	Y3R4	Y3R4	Tm9kZUxpYmN1cmwuTXVsdGkuQ3VybFNvY2tldENvbnRleHQq	882	94489281587
68719480173	107374182543	Y3R4	Y3R4	Tm9kZUxpYmN1cmwuTXVsdGkuQ3VybFNvY2tldENvbnRleHQq	882	94489281587
68719480174	107374182543	ZmxhZ3M=	ZmxhZ3M=	aW50	882	94489281585
68719480175	107374182543	Y3R4	Y3R4	Tm9kZUxpYmN1cmwuTXVsdGkuQ3VybFNvY2tldENvbnRleHQq	882	94489281587
68719480176	107374182543	Y29kZQ==	Y29kZQ==	Q1VSTE1jb2Rl	883	94489281586
68719480177	107374182543	Q1VSTE1fQ0FMTF9NVUxUSV9QRVJGT1JN	PHVua25vd24+IENVUkxNX0NBTExfTVVMVElfUEVSRk9STQ==	QU5Z	883	94489281590
68719480178	107374182543	Y29kZQ==	Y29kZQ==	Q1VSTE1jb2Rl	885	94489281586
68719480179	107374182543	Q1VSTE1fT0s=	PHVua25vd24+IENVUkxNX09L	QU5Z	885	94489281589
68719480180	107374182543	Y3R4	Y3R4	Tm9kZUxpYmN1cmwuTXVsdGkuQ3VybFNvY2tldENvbnRleHQq	888	94489281587
68719480181	107374182543	Y3R4	Y3R4	Tm9kZUxpYmN1cmwuTXVsdGkuQ3VybFNvY2tldENvbnRleHQq	889	94489281587
68719480182	107374182544	ZW52	ZW52	TmFwaS5FbnY=	32	94489281666
68719480183	107374182544	aW5mbw==	aW5mbw==	TmFwaS5DYWxsYmFja0luZm8m	32	111669150044
68719480184	107374182544	Y3VybA==	Y3VybA==	QU5Z	33	94489281667
68719480185	107374182544	dGhpcw==	dGhpcw==	Tm9kZUxpYmN1cmwuU2hhcmUq	33	111669150043
68719480186	107374182544	aW5mbw==	aW5mbw==	TmFwaS5DYWxsYmFja0luZm8m	36	111669150044
68719480187	107374182544	ZW52	ZW52	TmFwaS5FbnY=	37	94489281666
68719480188	107374182544	dGhpcw==	dGhpcw==	Tm9kZUxpYmN1cmwuU2hhcmUq	40	111669150043
68719480189	107374182544	dGhpcw==	dGhpcw==	Tm9kZUxpYmN1cmwuU2hhcmUq	42	111669150043
68719480190	107374182544	ZW52	ZW52	TmFwaS5FbnY=	43	94489281666
68719480191	107374182544	Q1VSTFNIRV9OT01FTQ==	PHVua25vd24+IENVUkxTSEVfTk9NRU0=	QU5Z	43	94489281699
68719480192	107374182544	Y3VybA==	Y3VybA==	QU5Z	46	94489281667
68719480193	107374182544	Q1VSTF9IQU5ETEVfVFlQRV9TSEFSRQ==	Q1VSTF9IQU5ETEVfVFlQRV9TSEFSRQ==	QU5Z	46	94489281698
68719480194	107374182544	PHRtcD4w	PHRtcD4w	TmFwaS5PYmplY3RXcmFw	30	94489281701
68719480195	107374182544	PHRtcD4w	PHRtcD4w	TmFwaS5PYmplY3RXcmFw	30	94489281701
68719480196	107374182544	aW5mbw==	aW5mbw==	TmFwaS5DYWxsYmFja0luZm8m	30	111669150044
68719480197	107374182544	PHRtcD4w	PHRtcD4w	TmFwaS5PYmplY3RXcmFw	30	94489281701
68719480198	107374182544	dGhpcw==	dGhpcw==	Tm9kZUxpYmN1cmwuU2hhcmUq	30	111669150043
68719480199	107374182544	dGhpcw==	dGhpcw==	Tm9kZUxpYmN1cmwuU2hhcmUq	30	111669150043
68719480200	107374182544	bmV4dElk	bmV4dElk	QU5Z	30	94489281700
68719480201	107374182545	dGhpcw==	dGhpcw==	Tm9kZUxpYmN1cmwuU2hhcmUq	51	111669150045
68719480202	107374182545	dGhpcw==	dGhpcw==	Tm9kZUxpYmN1cmwuU2hhcmUq	52	111669150045
68719480203	107374182546	dGhpcw==	dGhpcw==	Tm9kZUxpYmN1cmwuU2hhcmUq	58	111669150046
68719480204	107374182546	dGhpcw==	dGhpcw==	Tm9kZUxpYmN1cmwuU2hhcmUq	59	111669150046
68719480205	107374182546	dGhpcw==	dGhpcw==	Tm9kZUxpYmN1cmwuU2hhcmUq	61	111669150046
68719480206	107374182546	Y29kZQ==	Y29kZQ==	Q1VSTFNIY29kZQ==	63	94489281668
68719480207	107374182546	dGhpcw==	dGhpcw==	Tm9kZUxpYmN1cmwuU2hhcmUq	63	111669150046
68719480208	107374182546	Y29kZQ==	Y29kZQ==	Q1VSTFNIY29kZQ==	64	94489281668
68719480209	107374182546	Q1VSTFNIRV9PSw==	PHVua25vd24+IENVUkxTSEVfT0s=	QU5Z	64	94489281697
68719480210	107374182546	Y3VybA==	Y3VybA==	QU5Z	66	94489281669
68719480211	107374182546	dGhpcw==	dGhpcw==	Tm9kZUxpYmN1cmwuU2hhcmUq	66	111669150046
68719480212	107374182546	Y3VybA==	Y3VybA==	QU5Z	67	94489281669
68719480213	107374182546	Q1VSTF9IQU5ETEVfVFlQRV9TSEFSRQ==	Q1VSTF9IQU5ETEVfVFlQRV9TSEFSRQ==	QU5Z	67	94489281696
68719480214	107374182547	c2NvcGU=	c2NvcGU=	TmFwaS5IYW5kbGVTY29wZQ==	71	94489281670
68719480215	107374182547	PHRtcD4w	PHRtcD4w	TmFwaS5IYW5kbGVTY29wZQ==	71	94489281695
68719480216	107374182547	PHRtcD4w	PHRtcD4w	TmFwaS5IYW5kbGVTY29wZQ==	71	94489281695
68719480217	107374182547	ZW52	ZW52	TmFwaS5FbnY=	71	111669150048
68719480218	107374182547	PHRtcD4w	PHRtcD4w	TmFwaS5IYW5kbGVTY29wZQ==	71	94489281695
68719480219	107374182547	ZnVuYw==	ZnVuYw==	TmFwaS5GdW5jdGlvbg==	74	94489281671
68719480220	107374182547	ZW52	ZW52	TmFwaS5FbnY=	75	111669150048
68719480221	107374182547	ZXhwb3J0cw==	ZXhwb3J0cw==	TmFwaS5PYmplY3Q=	82	111669150049
68719480222	107374182547	ZnVuYw==	ZnVuYw==	TmFwaS5GdW5jdGlvbg==	82	94489281671
68719480223	107374182547	ZnVuYw==	ZnVuYw==	TmFwaS5GdW5jdGlvbg==	83	94489281671
68719480224	107374182548	ZW52	ZW52	TmFwaS5FbnY=	87	94489281672
68719480225	107374182548	aW5mbw==	aW5mbw==	TmFwaS5DYWxsYmFja0luZm8m	87	111669150051
68719480226	107374182548	c2NvcGU=	c2NvcGU=	TmFwaS5IYW5kbGVTY29wZQ==	88	94489281673
68719480227	107374182548	PHRtcD4w	PHRtcD4w	TmFwaS5IYW5kbGVTY29wZQ==	88	94489281694
68719480228	107374182548	PHRtcD4w	PHRtcD4w	TmFwaS5IYW5kbGVTY29wZQ==	88	94489281694
68719480229	107374182548	ZW52	ZW52	TmFwaS5FbnY=	88	94489281672
68719480230	107374182548	PHRtcD4w	PHRtcD4w	TmFwaS5IYW5kbGVTY29wZQ==	88	94489281694
68719480231	107374182548	dGhpcw==	dGhpcw==	Tm9kZUxpYmN1cmwuU2hhcmUq	90	111669150050
68719480232	107374182548	ZW52	ZW52	TmFwaS5FbnY=	91	94489281672
68719480233	107374182548	Q1VSTFNIRV9JTlZBTElE	PHVua25vd24+IENVUkxTSEVfSU5WQUxJRA==	QU5Z	91	94489281693
68719480234	107374182548	aW5mbw==	aW5mbw==	TmFwaS5DYWxsYmFja0luZm8m	94	111669150051
68719480235	107374182548	ZW52	ZW52	TmFwaS5FbnY=	95	94489281672
68719480236	107374182548	b3B0	b3B0	TmFwaS5WYWx1ZQ==	98	94489281674
68719480237	107374182548	aW5mbw==	aW5mbw==	TmFwaS5DYWxsYmFja0luZm8m	98	111669150051
68719480238	107374182548	dmFsdWU=	dmFsdWU=	TmFwaS5WYWx1ZQ==	99	94489281675
68719480239	107374182548	aW5mbw==	aW5mbw==	TmFwaS5DYWxsYmFja0luZm8m	99	111669150051
68719480240	107374182548	dmFsdWU=	dmFsdWU=	TmFwaS5WYWx1ZQ==	101	94489281675
68719480241	107374182548	ZW52	ZW52	TmFwaS5FbnY=	102	94489281672
68719480242	107374182548	c2V0T3B0UmV0Q29kZQ==	c2V0T3B0UmV0Q29kZQ==	Q1VSTFNIY29kZQ==	105	94489281676
68719480243	107374182548	Q1VSTFNIRV9CQURfT1BUSU9O	PHVua25vd24+IENVUkxTSEVfQkFEX09QVElPTg==	QU5Z	105	94489281692
68719480244	107374182548	b3B0aW9uSWQ=	b3B0aW9uSWQ=	aW50MzJfdA==	106	94489281677
68719480245	107374182548	b3B0	b3B0	TmFwaS5WYWx1ZQ==	109	94489281674
68719480246	107374182548	b3B0aW9uSWQ=	b3B0aW9uSWQ=	aW50MzJfdA==	110	94489281677
68719480247	107374182548	b3B0	b3B0	TmFwaS5WYWx1ZQ==	110	94489281674
68719480248	107374182548	b3B0	b3B0	TmFwaS5WYWx1ZQ==	111	94489281674
68719480249	107374182548	b3B0aW9uU3RyaW5n	b3B0aW9uU3RyaW5n	c3RkLnN0cmluZw==	112	94489281678
68719480250	107374182548	b3B0	b3B0	TmFwaS5WYWx1ZQ==	112	94489281674
68719480251	107374182548	b3B0aW9uU3RyaW5n	b3B0aW9uU3RyaW5n	c3RkLnN0cmluZw==	114	94489281678
68719480252	107374182548	b3B0aW9uSWQ=	b3B0aW9uSWQ=	aW50MzJfdA==	115	94489281677
68719480253	107374182548	Q1VSTFNIT1BUX1NIQVJF	PHVua25vd24+IENVUkxTSE9QVF9TSEFSRQ==	QU5Z	115	94489281691
68719480254	107374182548	b3B0aW9uU3RyaW5n	b3B0aW9uU3RyaW5n	c3RkLnN0cmluZw==	116	94489281678
68719480255	107374182548	b3B0aW9uSWQ=	b3B0aW9uSWQ=	aW50MzJfdA==	117	94489281677
68719480256	107374182548	Q1VSTFNIT1BUX1VOU0hBUkU=	PHVua25vd24+IENVUkxTSE9QVF9VTlNIQVJF	QU5Z	117	94489281690
68719480257	107374182548	b3B0aW9uVmFsdWU=	b3B0aW9uVmFsdWU=	aW50MzJfdA==	121	94489281679
68719480258	107374182548	dmFsdWU=	dmFsdWU=	TmFwaS5WYWx1ZQ==	121	94489281675
68719480259	107374182548	c2V0T3B0UmV0Q29kZQ==	c2V0T3B0UmV0Q29kZQ==	Q1VSTFNIY29kZQ==	122	94489281676
68719480260	107374182548	dGhpcw==	dGhpcw==	Tm9kZUxpYmN1cmwuU2hhcmUq	122	111669150050
68719480261	107374182548	b3B0aW9uSWQ=	b3B0aW9uSWQ=	aW50MzJfdA==	122	94489281677
68719480262	107374182548	b3B0aW9uVmFsdWU=	b3B0aW9uVmFsdWU=	aW50MzJfdA==	122	94489281679
68719480263	107374182548	ZW52	ZW52	TmFwaS5FbnY=	124	94489281672
68719480264	107374182548	c2V0T3B0UmV0Q29kZQ==	c2V0T3B0UmV0Q29kZQ==	Q1VSTFNIY29kZQ==	124	94489281676
68719480265	107374182549	ZW52	ZW52	TmFwaS5FbnY=	128	94489281680
68719480266	107374182549	aW5mbw==	aW5mbw==	TmFwaS5DYWxsYmFja0luZm8m	128	111669150053
68719480267	107374182549	c2NvcGU=	c2NvcGU=	TmFwaS5IYW5kbGVTY29wZQ==	129	94489281681
68719480268	107374182549	PHRtcD4w	PHRtcD4w	TmFwaS5IYW5kbGVTY29wZQ==	129	94489281689
68719480269	107374182549	PHRtcD4w	PHRtcD4w	TmFwaS5IYW5kbGVTY29wZQ==	129	94489281689
68719480270	107374182549	ZW52	ZW52	TmFwaS5FbnY=	129	94489281680
68719480271	107374182549	PHRtcD4w	PHRtcD4w	TmFwaS5IYW5kbGVTY29wZQ==	129	94489281689
68719480272	107374182549	dGhpcw==	dGhpcw==	Tm9kZUxpYmN1cmwuU2hhcmUq	131	111669150052
68719480273	107374182549	ZW52	ZW52	TmFwaS5FbnY=	132	94489281680
68719480274	107374182549	Q1VSTFNIRV9JTlZBTElE	PHVua25vd24+IENVUkxTSEVfSU5WQUxJRA==	QU5Z	132	94489281688
68719480275	107374182549	dGhpcw==	dGhpcw==	Tm9kZUxpYmN1cmwuU2hhcmUq	135	111669150052
68719480276	107374182549	ZW52	ZW52	TmFwaS5FbnY=	137	94489281680
68719480277	107374182550	ZW52	ZW52	TmFwaS5FbnY=	141	94489281682
68719480278	107374182550	aW5mbw==	aW5mbw==	TmFwaS5DYWxsYmFja0luZm8m	141	111669150055
68719480279	107374182550	c2NvcGU=	c2NvcGU=	TmFwaS5IYW5kbGVTY29wZQ==	142	94489281683
68719480280	107374182550	PHRtcD4w	PHRtcD4w	TmFwaS5IYW5kbGVTY29wZQ==	142	94489281687
68719480281	107374182550	PHRtcD4w	PHRtcD4w	TmFwaS5IYW5kbGVTY29wZQ==	142	94489281687
68719480282	107374182550	ZW52	ZW52	TmFwaS5FbnY=	142	94489281682
68719480283	107374182550	PHRtcD4w	PHRtcD4w	TmFwaS5IYW5kbGVTY29wZQ==	142	94489281687
68719480284	107374182550	aW5mbw==	aW5mbw==	TmFwaS5DYWxsYmFja0luZm8m	144	111669150055
68719480285	107374182550	ZW52	ZW52	TmFwaS5FbnY=	145	94489281682
68719480286	107374182550	ZXJyQ29kZQ==	ZXJyQ29kZQ==	TmFwaS5WYWx1ZQ==	148	94489281684
68719480287	107374182550	aW5mbw==	aW5mbw==	TmFwaS5DYWxsYmFja0luZm8m	148	111669150055
68719480288	107374182550	ZXJyQ29kZQ==	ZXJyQ29kZQ==	TmFwaS5WYWx1ZQ==	150	94489281684
68719480289	107374182550	ZW52	ZW52	TmFwaS5FbnY=	151	94489281682
68719480290	107374182550	Y29kZQ==	Y29kZQ==	aW50MzJfdA==	154	94489281685
68719480291	107374182550	ZXJyQ29kZQ==	ZXJyQ29kZQ==	TmFwaS5WYWx1ZQ==	154	94489281684
68719480292	107374182550	ZXJyb3JNc2c=	ZXJyb3JNc2c=	Y2hhcio=	155	94489281686
68719480293	107374182550	Y29kZQ==	Y29kZQ==	aW50MzJfdA==	155	94489281685
68719480294	107374182550	ZW52	ZW52	TmFwaS5FbnY=	157	94489281682
68719480295	107374182550	ZXJyb3JNc2c=	ZXJyb3JNc2c=	Y2hhcio=	157	94489281686
68719480201	107374182551	dGhpcw==	dGhpcw==	Tm9kZUxpYmN1cmwuU2hhcmUq	51	111669150045
68719480202	107374182551	dGhpcw==	dGhpcw==	Tm9kZUxpYmN1cmwuU2hhcmUq	52	111669150045
68719480203	107374182551	dGhpcw==	dGhpcw==	Tm9kZUxpYmN1cmwuU2hhcmUq	58	111669150046
68719480204	107374182551	dGhpcw==	dGhpcw==	Tm9kZUxpYmN1cmwuU2hhcmUq	59	111669150046
68719480205	107374182551	dGhpcw==	dGhpcw==	Tm9kZUxpYmN1cmwuU2hhcmUq	61	111669150046
68719480206	107374182551	Y29kZQ==	Y29kZQ==	Q1VSTFNIY29kZQ==	63	94489281668
68719480207	107374182551	dGhpcw==	dGhpcw==	Tm9kZUxpYmN1cmwuU2hhcmUq	63	111669150046
68719480208	107374182551	Y29kZQ==	Y29kZQ==	Q1VSTFNIY29kZQ==	64	94489281668
68719480209	107374182551	Q1VSTFNIRV9PSw==	PHVua25vd24+IENVUkxTSEVfT0s=	QU5Z	64	94489281697
68719480210	107374182551	Y3VybA==	Y3VybA==	QU5Z	66	94489281669
68719480211	107374182551	dGhpcw==	dGhpcw==	Tm9kZUxpYmN1cmwuU2hhcmUq	66	111669150046
68719480212	107374182551	Y3VybA==	Y3VybA==	QU5Z	67	94489281669
68719480213	107374182551	Q1VSTF9IQU5ETEVfVFlQRV9TSEFSRQ==	Q1VSTF9IQU5ETEVfVFlQRV9TSEFSRQ==	QU5Z	67	94489281696
68719480214	107374182551	c2NvcGU=	c2NvcGU=	TmFwaS5IYW5kbGVTY29wZQ==	71	94489281670
68719480215	107374182551	PHRtcD4w	PHRtcD4w	TmFwaS5IYW5kbGVTY29wZQ==	71	94489281695
68719480216	107374182551	PHRtcD4w	PHRtcD4w	TmFwaS5IYW5kbGVTY29wZQ==	71	94489281695
68719480217	107374182551	ZW52	ZW52	TmFwaS5FbnY=	71	111669150048
68719480218	107374182551	PHRtcD4w	PHRtcD4w	TmFwaS5IYW5kbGVTY29wZQ==	71	94489281695
68719480219	107374182551	ZnVuYw==	ZnVuYw==	TmFwaS5GdW5jdGlvbg==	74	94489281671
68719480220	107374182551	ZW52	ZW52	TmFwaS5FbnY=	75	111669150048
68719480221	107374182551	ZXhwb3J0cw==	ZXhwb3J0cw==	TmFwaS5PYmplY3Q=	82	111669150049
68719480222	107374182551	ZnVuYw==	ZnVuYw==	TmFwaS5GdW5jdGlvbg==	82	94489281671
68719480223	107374182551	ZnVuYw==	ZnVuYw==	TmFwaS5GdW5jdGlvbg==	83	94489281671
68719480224	107374182551	ZW52	ZW52	TmFwaS5FbnY=	87	94489281672
68719480225	107374182551	aW5mbw==	aW5mbw==	TmFwaS5DYWxsYmFja0luZm8m	87	111669150051
68719480226	107374182551	c2NvcGU=	c2NvcGU=	TmFwaS5IYW5kbGVTY29wZQ==	88	94489281673
68719480227	107374182551	PHRtcD4w	PHRtcD4w	TmFwaS5IYW5kbGVTY29wZQ==	88	94489281694
68719480228	107374182551	PHRtcD4w	PHRtcD4w	TmFwaS5IYW5kbGVTY29wZQ==	88	94489281694
68719480229	107374182551	ZW52	ZW52	TmFwaS5FbnY=	88	94489281672
68719480230	107374182551	PHRtcD4w	PHRtcD4w	TmFwaS5IYW5kbGVTY29wZQ==	88	94489281694
68719480231	107374182551	dGhpcw==	dGhpcw==	Tm9kZUxpYmN1cmwuU2hhcmUq	90	111669150050
68719480232	107374182551	ZW52	ZW52	TmFwaS5FbnY=	91	94489281672
68719480233	107374182551	Q1VSTFNIRV9JTlZBTElE	PHVua25vd24+IENVUkxTSEVfSU5WQUxJRA==	QU5Z	91	94489281693
68719480234	107374182551	aW5mbw==	aW5mbw==	TmFwaS5DYWxsYmFja0luZm8m	94	111669150051
68719480235	107374182551	ZW52	ZW52	TmFwaS5FbnY=	95	94489281672
68719480236	107374182551	b3B0	b3B0	TmFwaS5WYWx1ZQ==	98	94489281674
68719480237	107374182551	aW5mbw==	aW5mbw==	TmFwaS5DYWxsYmFja0luZm8m	98	111669150051
68719480238	107374182551	dmFsdWU=	dmFsdWU=	TmFwaS5WYWx1ZQ==	99	94489281675
68719480239	107374182551	aW5mbw==	aW5mbw==	TmFwaS5DYWxsYmFja0luZm8m	99	111669150051
68719480240	107374182551	dmFsdWU=	dmFsdWU=	TmFwaS5WYWx1ZQ==	101	94489281675
68719480241	107374182551	ZW52	ZW52	TmFwaS5FbnY=	102	94489281672
68719480242	107374182551	c2V0T3B0UmV0Q29kZQ==	c2V0T3B0UmV0Q29kZQ==	Q1VSTFNIY29kZQ==	105	94489281676
68719480243	107374182551	Q1VSTFNIRV9CQURfT1BUSU9O	PHVua25vd24+IENVUkxTSEVfQkFEX09QVElPTg==	QU5Z	105	94489281692
68719480244	107374182551	b3B0aW9uSWQ=	b3B0aW9uSWQ=	aW50MzJfdA==	106	94489281677
68719480245	107374182551	b3B0	b3B0	TmFwaS5WYWx1ZQ==	109	94489281674
68719480246	107374182551	b3B0aW9uSWQ=	b3B0aW9uSWQ=	aW50MzJfdA==	110	94489281677
68719480247	107374182551	b3B0	b3B0	TmFwaS5WYWx1ZQ==	110	94489281674
68719480248	107374182551	b3B0	b3B0	TmFwaS5WYWx1ZQ==	111	94489281674
68719480249	107374182551	b3B0aW9uU3RyaW5n	b3B0aW9uU3RyaW5n	c3RkLnN0cmluZw==	112	94489281678
68719480250	107374182551	b3B0	b3B0	TmFwaS5WYWx1ZQ==	112	94489281674
68719480251	107374182551	b3B0aW9uU3RyaW5n	b3B0aW9uU3RyaW5n	c3RkLnN0cmluZw==	114	94489281678
68719480252	107374182551	b3B0aW9uSWQ=	b3B0aW9uSWQ=	aW50MzJfdA==	115	94489281677
68719480253	107374182551	Q1VSTFNIT1BUX1NIQVJF	PHVua25vd24+IENVUkxTSE9QVF9TSEFSRQ==	QU5Z	115	94489281691
68719480254	107374182551	b3B0aW9uU3RyaW5n	b3B0aW9uU3RyaW5n	c3RkLnN0cmluZw==	116	94489281678
68719480255	107374182551	b3B0aW9uSWQ=	b3B0aW9uSWQ=	aW50MzJfdA==	117	94489281677
68719480256	107374182551	Q1VSTFNIT1BUX1VOU0hBUkU=	PHVua25vd24+IENVUkxTSE9QVF9VTlNIQVJF	QU5Z	117	94489281690
68719480257	107374182551	b3B0aW9uVmFsdWU=	b3B0aW9uVmFsdWU=	aW50MzJfdA==	121	94489281679
68719480258	107374182551	dmFsdWU=	dmFsdWU=	TmFwaS5WYWx1ZQ==	121	94489281675
68719480259	107374182551	c2V0T3B0UmV0Q29kZQ==	c2V0T3B0UmV0Q29kZQ==	Q1VSTFNIY29kZQ==	122	94489281676
68719480260	107374182551	dGhpcw==	dGhpcw==	Tm9kZUxpYmN1cmwuU2hhcmUq	122	111669150050
68719480261	107374182551	b3B0aW9uSWQ=	b3B0aW9uSWQ=	aW50MzJfdA==	122	94489281677
68719480262	107374182551	b3B0aW9uVmFsdWU=	b3B0aW9uVmFsdWU=	aW50MzJfdA==	122	94489281679
68719480263	107374182551	ZW52	ZW52	TmFwaS5FbnY=	124	94489281672
68719480264	107374182551	c2V0T3B0UmV0Q29kZQ==	c2V0T3B0UmV0Q29kZQ==	Q1VSTFNIY29kZQ==	124	94489281676
68719480265	107374182551	ZW52	ZW52	TmFwaS5FbnY=	128	94489281680
68719480266	107374182551	aW5mbw==	aW5mbw==	TmFwaS5DYWxsYmFja0luZm8m	128	111669150053
68719480267	107374182551	c2NvcGU=	c2NvcGU=	TmFwaS5IYW5kbGVTY29wZQ==	129	94489281681
68719480268	107374182551	PHRtcD4w	PHRtcD4w	TmFwaS5IYW5kbGVTY29wZQ==	129	94489281689
68719480269	107374182551	PHRtcD4w	PHRtcD4w	TmFwaS5IYW5kbGVTY29wZQ==	129	94489281689
68719480270	107374182551	ZW52	ZW52	TmFwaS5FbnY=	129	94489281680
68719480271	107374182551	PHRtcD4w	PHRtcD4w	TmFwaS5IYW5kbGVTY29wZQ==	129	94489281689
68719480272	107374182551	dGhpcw==	dGhpcw==	Tm9kZUxpYmN1cmwuU2hhcmUq	131	111669150052
68719480273	107374182551	ZW52	ZW52	TmFwaS5FbnY=	132	94489281680
68719480274	107374182551	Q1VSTFNIRV9JTlZBTElE	PHVua25vd24+IENVUkxTSEVfSU5WQUxJRA==	QU5Z	132	94489281688
68719480275	107374182551	dGhpcw==	dGhpcw==	Tm9kZUxpYmN1cmwuU2hhcmUq	135	111669150052
68719480276	107374182551	ZW52	ZW52	TmFwaS5FbnY=	137	94489281680
68719480277	107374182551	ZW52	ZW52	TmFwaS5FbnY=	141	94489281682
68719480278	107374182551	aW5mbw==	aW5mbw==	TmFwaS5DYWxsYmFja0luZm8m	141	111669150055
68719480279	107374182551	c2NvcGU=	c2NvcGU=	TmFwaS5IYW5kbGVTY29wZQ==	142	94489281683
68719480280	107374182551	PHRtcD4w	PHRtcD4w	TmFwaS5IYW5kbGVTY29wZQ==	142	94489281687
68719480281	107374182551	PHRtcD4w	PHRtcD4w	TmFwaS5IYW5kbGVTY29wZQ==	142	94489281687
68719480282	107374182551	ZW52	ZW52	TmFwaS5FbnY=	142	94489281682
68719480283	107374182551	PHRtcD4w	PHRtcD4w	TmFwaS5IYW5kbGVTY29wZQ==	142	94489281687
68719480284	107374182551	aW5mbw==	aW5mbw==	TmFwaS5DYWxsYmFja0luZm8m	144	111669150055
68719480285	107374182551	ZW52	ZW52	TmFwaS5FbnY=	145	94489281682
68719480286	107374182551	ZXJyQ29kZQ==	ZXJyQ29kZQ==	TmFwaS5WYWx1ZQ==	148	94489281684
68719480287	107374182551	aW5mbw==	aW5mbw==	TmFwaS5DYWxsYmFja0luZm8m	148	111669150055
68719480288	107374182551	ZXJyQ29kZQ==	ZXJyQ29kZQ==	TmFwaS5WYWx1ZQ==	150	94489281684
68719480289	107374182551	ZW52	ZW52	TmFwaS5FbnY=	151	94489281682
68719480290	107374182551	Y29kZQ==	Y29kZQ==	aW50MzJfdA==	154	94489281685
68719480291	107374182551	ZXJyQ29kZQ==	ZXJyQ29kZQ==	TmFwaS5WYWx1ZQ==	154	94489281684
68719480292	107374182551	ZXJyb3JNc2c=	ZXJyb3JNc2c=	Y2hhcio=	155	94489281686
68719480293	107374182551	Y29kZQ==	Y29kZQ==	aW50MzJfdA==	155	94489281685
68719480294	107374182551	ZW52	ZW52	TmFwaS5FbnY=	157	94489281682
68719480295	107374182551	ZXJyb3JNc2c=	ZXJyb3JNc2c=	Y2hhcio=	157	94489281686
68719480296	107374182552	ZW52	ZW52	TmFwaS5FbnY=	32	111669150056
68719480297	107374182552	ZXhwb3J0cw==	ZXhwb3J0cw==	TmFwaS5PYmplY3Q=	32	111669150057
68719480298	107374182552	ZXhwb3J0cw==	ZXhwb3J0cw==	TmFwaS5PYmplY3Q=	33	111669150057
68719480299	107374182553	ZW52	ZW52	bmFwaV9lbnY=	37	111669150058
68719480300	107374182553	ZXhwb3J0cw==	ZXhwb3J0cw==	bmFwaV92YWx1ZQ==	37	111669150059
68719480296	107374182554	ZW52	ZW52	TmFwaS5FbnY=	32	111669150056
68719480297	107374182554	ZXhwb3J0cw==	ZXhwb3J0cw==	TmFwaS5PYmplY3Q=	32	111669150057
68719480298	107374182554	ZXhwb3J0cw==	ZXhwb3J0cw==	TmFwaS5PYmplY3Q=	33	111669150057
68719480299	107374182554	ZW52	ZW52	bmFwaV9lbnY=	37	111669150058
68719480300	107374182554	ZXhwb3J0cw==	ZXhwb3J0cw==	bmFwaV92YWx1ZQ==	37	111669150059
68719480301	107374182555	Q1VSTF9IQU5ETEVfVFlQRV9FQVNZ	Q1VSTF9IQU5ETEVfVFlQRV9FQVNZ	QU5Z	28	94489281782
68719480302	107374182555	Q1VSTF9IQU5ETEVfVFlQRV9NVUxUSQ==	Q1VSTF9IQU5ETEVfVFlQRV9NVUxUSQ==	QU5Z	29	94489281781
68719480303	107374182555	Q1VSTF9IQU5ETEVfVFlQRV9TSEFSRQ==	Q1VSTF9IQU5ETEVfVFlQRV9TSEFSRQ==	QU5Z	30	94489281780
68719480304	107374182556	c291cmNlVmVjdG9y	c291cmNlVmVjdG9y	QU5Z	62	94489281760
68719480305	107374182556	PHRtcD4w	PHRtcD4w	QU5Z	62	94489281759
68719480306	107374182556	PHRtcD4w	PHRtcD4w	QU5Z	62	94489281759
68719480307	107374182556	PHRtcD4w	PHRtcD4w	QU5Z	62	94489281759
68719480308	107374182557	RWFzeUNvbnN0cnVjdG9y	RWFzeUNvbnN0cnVjdG9y	RnVuY3Rpb25SZWZlcmVuY2U=	85	94489281756
68719480309	107374182557	PHRtcD4w	PHRtcD4w	QU5Z	85	94489281755
68719480310	107374182557	PHRtcD4w	PHRtcD4w	QU5Z	85	94489281755
68719480311	107374182557	PHRtcD4w	PHRtcD4w	QU5Z	85	94489281755
68719480312	107374182557	TXVsdGlDb25zdHJ1Y3Rvcg==	TXVsdGlDb25zdHJ1Y3Rvcg==	RnVuY3Rpb25SZWZlcmVuY2U=	86	94489281754
68719480313	107374182557	PHRtcD4x	PHRtcD4x	QU5Z	86	94489281753
68719480314	107374182557	PHRtcD4x	PHRtcD4x	QU5Z	86	94489281753
68719480315	107374182557	PHRtcD4x	PHRtcD4x	QU5Z	86	94489281753
68719480316	107374182557	U2hhcmVDb25zdHJ1Y3Rvcg==	U2hhcmVDb25zdHJ1Y3Rvcg==	RnVuY3Rpb25SZWZlcmVuY2U=	87	94489281752
68719480317	107374182557	PHRtcD4y	PHRtcD4y	QU5Z	87	94489281751
68719480318	107374182557	PHRtcD4y	PHRtcD4y	QU5Z	87	94489281751
68719480319	107374182557	PHRtcD4y	PHRtcD4y	QU5Z	87	94489281751
68719480320	107374182557	SHR0cDJQdXNoRnJhbWVIZWFkZXJzQ29uc3RydWN0b3I=	SHR0cDJQdXNoRnJhbWVIZWFkZXJzQ29uc3RydWN0b3I=	RnVuY3Rpb25SZWZlcmVuY2U=	88	94489281750
68719480321	107374182557	PHRtcD4z	PHRtcD4z	QU5Z	88	94489281749
68719480322	107374182557	PHRtcD4z	PHRtcD4z	QU5Z	88	94489281749
68719480323	107374182557	PHRtcD4z	PHRtcD4z	QU5Z	88	94489281749
68719480324	107374182557	Q3VybEVhc3lFcnJvckNvbnN0cnVjdG9y	Q3VybEVhc3lFcnJvckNvbnN0cnVjdG9y	RnVuY3Rpb25SZWZlcmVuY2U=	89	94489281748
68719480325	107374182557	PHRtcD40	PHRtcD40	QU5Z	89	94489281747
68719480326	107374182557	PHRtcD40	PHRtcD40	QU5Z	89	94489281747
68719480327	107374182557	PHRtcD40	PHRtcD40	QU5Z	89	94489281747
68719480328	107374182557	Q3VybE11bHRpRXJyb3JDb25zdHJ1Y3Rvcg==	Q3VybE11bHRpRXJyb3JDb25zdHJ1Y3Rvcg==	RnVuY3Rpb25SZWZlcmVuY2U=	90	94489281746
68719480329	107374182557	PHRtcD41	PHRtcD41	QU5Z	90	94489281745
68719480330	107374182557	PHRtcD41	PHRtcD41	QU5Z	90	94489281745
68719480331	107374182557	PHRtcD41	PHRtcD41	QU5Z	90	94489281745
68719480332	107374182557	Q3VybFNoYXJlZEVycm9yQ29uc3RydWN0b3I=	Q3VybFNoYXJlZEVycm9yQ29uc3RydWN0b3I=	RnVuY3Rpb25SZWZlcmVuY2U=	91	94489281744
68719480333	107374182557	PHRtcD42	PHRtcD42	QU5Z	91	94489281743
68719480334	107374182557	PHRtcD42	PHRtcD42	QU5Z	91	94489281743
68719480335	107374182557	PHRtcD42	PHRtcD42	QU5Z	91	94489281743
68719480336	107374182557	Q3VybE1pbWVDb25zdHJ1Y3Rvcg==	Q3VybE1pbWVDb25zdHJ1Y3Rvcg==	RnVuY3Rpb25SZWZlcmVuY2U=	92	94489281742
68719480337	107374182557	PHRtcD43	PHRtcD43	QU5Z	92	94489281741
68719480338	107374182557	PHRtcD43	PHRtcD43	QU5Z	92	94489281741
68719480339	107374182557	PHRtcD43	PHRtcD43	QU5Z	92	94489281741
68719480340	107374182557	Q3VybE1pbWVQYXJ0Q29uc3RydWN0b3I=	Q3VybE1pbWVQYXJ0Q29uc3RydWN0b3I=	RnVuY3Rpb25SZWZlcmVuY2U=	93	94489281740
68719480341	107374182557	PHRtcD44	PHRtcD44	QU5Z	93	94489281739
68719480342	107374182557	PHRtcD44	PHRtcD44	QU5Z	93	94489281739
68719480343	107374182557	PHRtcD44	PHRtcD44	QU5Z	93	94489281739
68719480344	107374182557	ZW52	ZW52	RW52	94	94489281738
68719480345	107374182557	PHRtcD45	PHRtcD45	QU5Z	94	94489281737
68719480346	107374182557	PHRtcD45	PHRtcD45	QU5Z	94	94489281737
68719480347	107374182557	PHRtcD45	PHRtcD45	QU5Z	94	94489281737
68719480348	107374182557	SW5pdA==	SW5pdA==	SW5pdA==	101	94489281736
68719480349	107374182557	PHRtcD4xMA==	PHRtcD4xMA==	QU5Z	101	94489281735
68719480350	107374182557	PHRtcD4xMA==	PHRtcD4xMA==	QU5Z	101	94489281735
68719480351	107374182557	PHRtcD4xMA==	PHRtcD4xMA==	QU5Z	101	94489281735
68719480352	107374182557	R2V0VmVyc2lvbg==	R2V0VmVyc2lvbg==	R2V0VmVyc2lvbg==	104	94489281734
68719480353	107374182557	PHRtcD4xMQ==	PHRtcD4xMQ==	QU5Z	104	94489281733
68719480354	107374182557	PHRtcD4xMQ==	PHRtcD4xMQ==	QU5Z	104	94489281733
68719480355	107374182557	PHRtcD4xMQ==	PHRtcD4xMQ==	QU5Z	104	94489281733
68719480356	107374182557	R2V0Q291bnQ=	R2V0Q291bnQ=	R2V0Q291bnQ=	105	94489281732
68719480357	107374182557	PHRtcD4xMg==	PHRtcD4xMg==	QU5Z	105	94489281731
68719480358	107374182557	PHRtcD4xMg==	PHRtcD4xMg==	QU5Z	105	94489281731
68719480359	107374182557	PHRtcD4xMg==	PHRtcD4xMg==	QU5Z	105	94489281731
68719480360	107374182557	R2V0VmVyc2lvbk51bQ==	R2V0VmVyc2lvbk51bQ==	R2V0VmVyc2lvbk51bQ==	106	94489281730
68719480361	107374182557	PHRtcD4xMw==	PHRtcD4xMw==	QU5Z	106	94489281729
68719480362	107374182557	PHRtcD4xMw==	PHRtcD4xMw==	QU5Z	106	94489281729
68719480363	107374182557	PHRtcD4xMw==	PHRtcD4xMw==	QU5Z	106	94489281729
68719480364	107374182557	R2V0VGhyZWFkSWQ=	R2V0VGhyZWFkSWQ=	R2V0VGhyZWFkSWQ=	107	94489281728
68719480365	107374182557	PHRtcD4xNA==	PHRtcD4xNA==	QU5Z	107	94489281727
68719480366	107374182557	PHRtcD4xNA==	PHRtcD4xNA==	QU5Z	107	94489281727
68719480367	107374182557	PHRtcD4xNA==	PHRtcD4xNA==	QU5Z	107	94489281727
68719480368	107374182557	YWN0aXZlSGFuZGxlQ291bnQ=	YWN0aXZlSGFuZGxlQ291bnQ=	QU5Z	111	94489281726
68719480369	107374182557	Q1VSTF9IQU5ETEVfVFlQRV9FQVNZ	Q1VSTF9IQU5ETEVfVFlQRV9FQVNZ	QU5Z	112	94489281725
68719480370	107374182557	Q1VSTF9IQU5ETEVfVFlQRV9NVUxUSQ==	Q1VSTF9IQU5ETEVfVFlQRV9NVUxUSQ==	QU5Z	112	94489281724
68719480371	107374182557	Q1VSTF9IQU5ETEVfVFlQRV9TSEFSRQ==	Q1VSTF9IQU5ETEVfVFlQRV9TSEFSRQ==	QU5Z	112	94489281723
68719480301	107374182558	Q1VSTF9IQU5ETEVfVFlQRV9FQVNZ	Q1VSTF9IQU5ETEVfVFlQRV9FQVNZ	QU5Z	28	94489281782
68719480302	107374182558	Q1VSTF9IQU5ETEVfVFlQRV9NVUxUSQ==	Q1VSTF9IQU5ETEVfVFlQRV9NVUxUSQ==	QU5Z	29	94489281781
68719480303	107374182558	Q1VSTF9IQU5ETEVfVFlQRV9TSEFSRQ==	Q1VSTF9IQU5ETEVfVFlQRV9TSEFSRQ==	QU5Z	30	94489281780
68719480304	107374182558	c291cmNlVmVjdG9y	c291cmNlVmVjdG9y	QU5Z	62	94489281760
68719480305	107374182558	PHRtcD4w	PHRtcD4w	QU5Z	62	94489281759
68719480306	107374182558	PHRtcD4w	PHRtcD4w	QU5Z	62	94489281759
68719480307	107374182558	PHRtcD4w	PHRtcD4w	QU5Z	62	94489281759
68719480308	107374182558	RWFzeUNvbnN0cnVjdG9y	RWFzeUNvbnN0cnVjdG9y	RnVuY3Rpb25SZWZlcmVuY2U=	85	94489281756
68719480309	107374182558	PHRtcD4w	PHRtcD4w	QU5Z	85	94489281755
68719480310	107374182558	PHRtcD4w	PHRtcD4w	QU5Z	85	94489281755
68719480311	107374182558	PHRtcD4w	PHRtcD4w	QU5Z	85	94489281755
68719480312	107374182558	TXVsdGlDb25zdHJ1Y3Rvcg==	TXVsdGlDb25zdHJ1Y3Rvcg==	RnVuY3Rpb25SZWZlcmVuY2U=	86	94489281754
68719480313	107374182558	PHRtcD4x	PHRtcD4x	QU5Z	86	94489281753
68719480314	107374182558	PHRtcD4x	PHRtcD4x	QU5Z	86	94489281753
68719480315	107374182558	PHRtcD4x	PHRtcD4x	QU5Z	86	94489281753
68719480316	107374182558	U2hhcmVDb25zdHJ1Y3Rvcg==	U2hhcmVDb25zdHJ1Y3Rvcg==	RnVuY3Rpb25SZWZlcmVuY2U=	87	94489281752
68719480317	107374182558	PHRtcD4y	PHRtcD4y	QU5Z	87	94489281751
68719480318	107374182558	PHRtcD4y	PHRtcD4y	QU5Z	87	94489281751
68719480319	107374182558	PHRtcD4y	PHRtcD4y	QU5Z	87	94489281751
68719480320	107374182558	SHR0cDJQdXNoRnJhbWVIZWFkZXJzQ29uc3RydWN0b3I=	SHR0cDJQdXNoRnJhbWVIZWFkZXJzQ29uc3RydWN0b3I=	RnVuY3Rpb25SZWZlcmVuY2U=	88	94489281750
68719480321	107374182558	PHRtcD4z	PHRtcD4z	QU5Z	88	94489281749
68719480322	107374182558	PHRtcD4z	PHRtcD4z	QU5Z	88	94489281749
68719480323	107374182558	PHRtcD4z	PHRtcD4z	QU5Z	88	94489281749
68719480324	107374182558	Q3VybEVhc3lFcnJvckNvbnN0cnVjdG9y	Q3VybEVhc3lFcnJvckNvbnN0cnVjdG9y	RnVuY3Rpb25SZWZlcmVuY2U=	89	94489281748
68719480325	107374182558	PHRtcD40	PHRtcD40	QU5Z	89	94489281747
68719480326	107374182558	PHRtcD40	PHRtcD40	QU5Z	89	94489281747
68719480327	107374182558	PHRtcD40	PHRtcD40	QU5Z	89	94489281747
68719480328	107374182558	Q3VybE11bHRpRXJyb3JDb25zdHJ1Y3Rvcg==	Q3VybE11bHRpRXJyb3JDb25zdHJ1Y3Rvcg==	RnVuY3Rpb25SZWZlcmVuY2U=	90	94489281746
68719480329	107374182558	PHRtcD41	PHRtcD41	QU5Z	90	94489281745
68719480330	107374182558	PHRtcD41	PHRtcD41	QU5Z	90	94489281745
68719480331	107374182558	PHRtcD41	PHRtcD41	QU5Z	90	94489281745
68719480332	107374182558	Q3VybFNoYXJlZEVycm9yQ29uc3RydWN0b3I=	Q3VybFNoYXJlZEVycm9yQ29uc3RydWN0b3I=	RnVuY3Rpb25SZWZlcmVuY2U=	91	94489281744
68719480333	107374182558	PHRtcD42	PHRtcD42	QU5Z	91	94489281743
68719480334	107374182558	PHRtcD42	PHRtcD42	QU5Z	91	94489281743
68719480335	107374182558	PHRtcD42	PHRtcD42	QU5Z	91	94489281743
68719480336	107374182558	Q3VybE1pbWVDb25zdHJ1Y3Rvcg==	Q3VybE1pbWVDb25zdHJ1Y3Rvcg==	RnVuY3Rpb25SZWZlcmVuY2U=	92	94489281742
68719480337	107374182558	PHRtcD43	PHRtcD43	QU5Z	92	94489281741
68719480338	107374182558	PHRtcD43	PHRtcD43	QU5Z	92	94489281741
68719480339	107374182558	PHRtcD43	PHRtcD43	QU5Z	92	94489281741
68719480340	107374182558	Q3VybE1pbWVQYXJ0Q29uc3RydWN0b3I=	Q3VybE1pbWVQYXJ0Q29uc3RydWN0b3I=	RnVuY3Rpb25SZWZlcmVuY2U=	93	94489281740
68719480341	107374182558	PHRtcD44	PHRtcD44	QU5Z	93	94489281739
68719480342	107374182558	PHRtcD44	PHRtcD44	QU5Z	93	94489281739
68719480343	107374182558	PHRtcD44	PHRtcD44	QU5Z	93	94489281739
68719480344	107374182558	ZW52	ZW52	RW52	94	94489281738
68719480345	107374182558	PHRtcD45	PHRtcD45	QU5Z	94	94489281737
68719480346	107374182558	PHRtcD45	PHRtcD45	QU5Z	94	94489281737
68719480347	107374182558	PHRtcD45	PHRtcD45	QU5Z	94	94489281737
68719480348	107374182558	SW5pdA==	SW5pdA==	SW5pdA==	101	94489281736
68719480349	107374182558	PHRtcD4xMA==	PHRtcD4xMA==	QU5Z	101	94489281735
68719480350	107374182558	PHRtcD4xMA==	PHRtcD4xMA==	QU5Z	101	94489281735
68719480351	107374182558	PHRtcD4xMA==	PHRtcD4xMA==	QU5Z	101	94489281735
68719480352	107374182558	R2V0VmVyc2lvbg==	R2V0VmVyc2lvbg==	R2V0VmVyc2lvbg==	104	94489281734
68719480353	107374182558	PHRtcD4xMQ==	PHRtcD4xMQ==	QU5Z	104	94489281733
68719480354	107374182558	PHRtcD4xMQ==	PHRtcD4xMQ==	QU5Z	104	94489281733
68719480355	107374182558	PHRtcD4xMQ==	PHRtcD4xMQ==	QU5Z	104	94489281733
68719480356	107374182558	R2V0Q291bnQ=	R2V0Q291bnQ=	R2V0Q291bnQ=	105	94489281732
68719480357	107374182558	PHRtcD4xMg==	PHRtcD4xMg==	QU5Z	105	94489281731
68719480358	107374182558	PHRtcD4xMg==	PHRtcD4xMg==	QU5Z	105	94489281731
68719480359	107374182558	PHRtcD4xMg==	PHRtcD4xMg==	QU5Z	105	94489281731
68719480360	107374182558	R2V0VmVyc2lvbk51bQ==	R2V0VmVyc2lvbk51bQ==	R2V0VmVyc2lvbk51bQ==	106	94489281730
68719480361	107374182558	PHRtcD4xMw==	PHRtcD4xMw==	QU5Z	106	94489281729
68719480362	107374182558	PHRtcD4xMw==	PHRtcD4xMw==	QU5Z	106	94489281729
68719480363	107374182558	PHRtcD4xMw==	PHRtcD4xMw==	QU5Z	106	94489281729
68719480364	107374182558	R2V0VGhyZWFkSWQ=	R2V0VGhyZWFkSWQ=	R2V0VGhyZWFkSWQ=	107	94489281728
68719480365	107374182558	PHRtcD4xNA==	PHRtcD4xNA==	QU5Z	107	94489281727
68719480366	107374182558	PHRtcD4xNA==	PHRtcD4xNA==	QU5Z	107	94489281727
68719480367	107374182558	PHRtcD4xNA==	PHRtcD4xNA==	QU5Z	107	94489281727
68719480368	107374182558	YWN0aXZlSGFuZGxlQ291bnQ=	YWN0aXZlSGFuZGxlQ291bnQ=	QU5Z	111	94489281726
68719480369	107374182558	Q1VSTF9IQU5ETEVfVFlQRV9FQVNZ	Q1VSTF9IQU5ETEVfVFlQRV9FQVNZ	QU5Z	112	94489281725
68719480370	107374182558	Q1VSTF9IQU5ETEVfVFlQRV9NVUxUSQ==	Q1VSTF9IQU5ETEVfVFlQRV9NVUxUSQ==	QU5Z	112	94489281724
68719480371	107374182558	Q1VSTF9IQU5ETEVfVFlQRV9TSEFSRQ==	Q1VSTF9IQU5ETEVfVFlQRV9TSEFSRQ==	QU5Z	112	94489281723
68719476749	107374182558	dGhpcw==	dGhpcw==	Tm9kZUxpYmN1cmwuQ3VybCo=	837	111669149698
68719476750	107374182558	dGhpcw==	dGhpcw==	Tm9kZUxpYmN1cmwuQ3VybCo=	839	111669149698
68719476751	107374182558	ZW52	ZW52	TmFwaS5FbnY=	839	111669149699
68719476752	107374182558	ZXhwb3J0cw==	ZXhwb3J0cw==	TmFwaS5PYmplY3Q=	839	111669149700
68719476753	107374182558	dGhpcw==	dGhpcw==	Tm9kZUxpYmN1cmwuQ3VybCo=	840	111669149698
68719476754	107374182558	ZW52	ZW52	TmFwaS5FbnY=	840	111669149699
68719476755	107374182558	ZXhwb3J0cw==	ZXhwb3J0cw==	TmFwaS5PYmplY3Q=	840	111669149700
68719476756	107374182558	dGhpcw==	dGhpcw==	Tm9kZUxpYmN1cmwuQ3VybCo=	841	111669149698
68719476757	107374182558	ZW52	ZW52	TmFwaS5FbnY=	841	111669149699
68719476758	107374182558	ZXhwb3J0cw==	ZXhwb3J0cw==	TmFwaS5PYmplY3Q=	841	111669149700
68719476759	107374182558	dGhpcw==	dGhpcw==	Tm9kZUxpYmN1cmwuQ3VybCo=	842	111669149698
68719476760	107374182558	ZW52	ZW52	TmFwaS5FbnY=	843	111669149699
68719476761	107374182558	ZXhwb3J0cw==	ZXhwb3J0cw==	TmFwaS5PYmplY3Q=	843	111669149700
68719476762	107374182558	dGhpcw==	dGhpcw==	Tm9kZUxpYmN1cmwuQ3VybCo=	850	111669149698
68719476763	107374182558	ZW52	ZW52	TmFwaS5FbnY=	850	111669149699
68719476764	107374182558	dGhpcw==	dGhpcw==	Tm9kZUxpYmN1cmwuQ3VybCo=	851	111669149698
68719476765	107374182558	ZW52	ZW52	TmFwaS5FbnY=	851	111669149699
68719476766	107374182558	dGhpcw==	dGhpcw==	Tm9kZUxpYmN1cmwuQ3VybCo=	852	111669149698
68719476767	107374182558	ZW52	ZW52	TmFwaS5FbnY=	852	111669149699
68719476768	107374182558	ZW52	ZW52	TmFwaS5FbnY=	854	111669149699
68719476769	107374182558	ZXhwb3J0cw==	ZXhwb3J0cw==	TmFwaS5PYmplY3Q=	854	111669149700
68719476770	107374182558	dGhpcw==	dGhpcw==	Tm9kZUxpYmN1cmwuQ3VybCo=	836	111669149698
68719476771	107374182558	ZW52	ZW52	TmFwaS5FbnY=	836	111669149699
68719476772	107374182558	dGhpcw==	dGhpcw==	Tm9kZUxpYmN1cmwuQ3VybCo=	836	111669149698
68719480372	107374182558	Y3VybE9wdGlvbkJsb2I=	Y3VybE9wdGlvbkJsb2I=	c3RkLnZlY3Rvcg==	38	94489281702
68719480373	107374182558	PHRtcD4w	PHRtcD4w	c3RkLnZlY3Rvcg==	38	94489281779
68719480374	107374182558	PHRtcD4w	PHRtcD4w	c3RkLnZlY3Rvcg==	38	94489281779
68719480375	107374182558	PHRtcD4w	PHRtcD4w	c3RkLnZlY3Rvcg==	38	94489281779
68719480376	107374182558	Y3VybE9wdGlvbkZ1bmN0aW9u	Y3VybE9wdGlvbkZ1bmN0aW9u	c3RkLnZlY3Rvcg==	39	94489281703
68719480377	107374182558	PHRtcD4x	PHRtcD4x	c3RkLnZlY3Rvcg==	39	94489281778
68719480378	107374182558	PHRtcD4x	PHRtcD4x	c3RkLnZlY3Rvcg==	39	94489281778
68719480379	107374182558	PHRtcD4x	PHRtcD4x	c3RkLnZlY3Rvcg==	39	94489281778
68719480380	107374182558	Y3VybE9wdGlvbkh0dHBQb3N0	Y3VybE9wdGlvbkh0dHBQb3N0	c3RkLnZlY3Rvcg==	40	94489281704
68719480381	107374182558	PHRtcD4y	PHRtcD4y	c3RkLnZlY3Rvcg==	40	94489281777
68719480382	107374182558	PHRtcD4y	PHRtcD4y	c3RkLnZlY3Rvcg==	40	94489281777
68719480383	107374182558	PHRtcD4y	PHRtcD4y	c3RkLnZlY3Rvcg==	40	94489281777
68719480384	107374182558	Y3VybE9wdGlvbkludGVnZXI=	Y3VybE9wdGlvbkludGVnZXI=	c3RkLnZlY3Rvcg==	41	94489281705
68719480385	107374182558	PHRtcD4z	PHRtcD4z	c3RkLnZlY3Rvcg==	41	94489281776
68719480386	107374182558	PHRtcD4z	PHRtcD4z	c3RkLnZlY3Rvcg==	41	94489281776
68719480387	107374182558	PHRtcD4z	PHRtcD4z	c3RkLnZlY3Rvcg==	41	94489281776
68719480388	107374182558	Y3VybE9wdGlvbkxpbmtlZExpc3Q=	Y3VybE9wdGlvbkxpbmtlZExpc3Q=	c3RkLnZlY3Rvcg==	42	94489281706
68719480389	107374182558	PHRtcD40	PHRtcD40	c3RkLnZlY3Rvcg==	42	94489281775
68719480390	107374182558	PHRtcD40	PHRtcD40	c3RkLnZlY3Rvcg==	42	94489281775
68719480391	107374182558	PHRtcD40	PHRtcD40	c3RkLnZlY3Rvcg==	42	94489281775
68719480392	107374182558	Y3VybE9wdGlvbk5vdEltcGxlbWVudGVk	Y3VybE9wdGlvbk5vdEltcGxlbWVudGVk	c3RkLnZlY3Rvcg==	43	94489281707
68719480393	107374182558	PHRtcD41	PHRtcD41	c3RkLnZlY3Rvcg==	43	94489281774
68719480394	107374182558	PHRtcD41	PHRtcD41	c3RkLnZlY3Rvcg==	43	94489281774
68719480395	107374182558	PHRtcD41	PHRtcD41	c3RkLnZlY3Rvcg==	43	94489281774
68719480396	107374182558	Y3VybE9wdGlvblNwZWNpZmlj	Y3VybE9wdGlvblNwZWNpZmlj	c3RkLnZlY3Rvcg==	44	94489281708
68719480397	107374182558	PHRtcD42	PHRtcD42	c3RkLnZlY3Rvcg==	44	94489281773
68719480398	107374182558	PHRtcD42	PHRtcD42	c3RkLnZlY3Rvcg==	44	94489281773
68719480399	107374182558	PHRtcD42	PHRtcD42	c3RkLnZlY3Rvcg==	44	94489281773
68719480400	107374182558	Y3VybE9wdGlvblN0cmluZw==	Y3VybE9wdGlvblN0cmluZw==	c3RkLnZlY3Rvcg==	45	94489281709
68719480401	107374182558	PHRtcD43	PHRtcD43	c3RkLnZlY3Rvcg==	45	94489281772
68719480402	107374182558	PHRtcD43	PHRtcD43	c3RkLnZlY3Rvcg==	45	94489281772
68719480403	107374182558	PHRtcD43	PHRtcD43	c3RkLnZlY3Rvcg==	45	94489281772
68719480404	107374182558	Y3VybEluZm9Eb3VibGU=	Y3VybEluZm9Eb3VibGU=	c3RkLnZlY3Rvcg==	47	94489281710
68719480405	107374182558	PHRtcD44	PHRtcD44	c3RkLnZlY3Rvcg==	47	94489281771
68719480406	107374182558	PHRtcD44	PHRtcD44	c3RkLnZlY3Rvcg==	47	94489281771
68719480407	107374182558	PHRtcD44	PHRtcD44	c3RkLnZlY3Rvcg==	47	94489281771
68719480408	107374182558	Y3VybEluZm9JbnRlZ2Vy	Y3VybEluZm9JbnRlZ2Vy	c3RkLnZlY3Rvcg==	48	94489281711
68719480409	107374182558	PHRtcD45	PHRtcD45	c3RkLnZlY3Rvcg==	48	94489281770
68719480410	107374182558	PHRtcD45	PHRtcD45	c3RkLnZlY3Rvcg==	48	94489281770
68719480411	107374182558	PHRtcD45	PHRtcD45	c3RkLnZlY3Rvcg==	48	94489281770
68719480412	107374182558	Y3VybEluZm9MaW5rZWRMaXN0	Y3VybEluZm9MaW5rZWRMaXN0	c3RkLnZlY3Rvcg==	49	94489281712
68719480413	107374182558	PHRtcD4xMA==	PHRtcD4xMA==	c3RkLnZlY3Rvcg==	49	94489281769
68719480414	107374182558	PHRtcD4xMA==	PHRtcD4xMA==	c3RkLnZlY3Rvcg==	49	94489281769
68719480415	107374182558	PHRtcD4xMA==	PHRtcD4xMA==	c3RkLnZlY3Rvcg==	49	94489281769
68719480416	107374182558	Y3VybEluZm9Ob3RJbXBsZW1lbnRlZA==	Y3VybEluZm9Ob3RJbXBsZW1lbnRlZA==	c3RkLnZlY3Rvcg==	50	94489281713
68719480417	107374182558	PHRtcD4xMQ==	PHRtcD4xMQ==	c3RkLnZlY3Rvcg==	50	94489281768
68719480418	107374182558	PHRtcD4xMQ==	PHRtcD4xMQ==	c3RkLnZlY3Rvcg==	50	94489281768
68719480419	107374182558	PHRtcD4xMQ==	PHRtcD4xMQ==	c3RkLnZlY3Rvcg==	50	94489281768
68719480420	107374182558	Y3VybEluZm9PZmZU	Y3VybEluZm9PZmZU	c3RkLnZlY3Rvcg==	51	94489281714
68719480421	107374182558	PHRtcD4xMg==	PHRtcD4xMg==	c3RkLnZlY3Rvcg==	51	94489281767
68719480422	107374182558	PHRtcD4xMg==	PHRtcD4xMg==	c3RkLnZlY3Rvcg==	51	94489281767
68719480423	107374182558	PHRtcD4xMg==	PHRtcD4xMg==	c3RkLnZlY3Rvcg==	51	94489281767
68719480424	107374182558	Y3VybEluZm9Tb2NrZXQ=	Y3VybEluZm9Tb2NrZXQ=	c3RkLnZlY3Rvcg==	52	94489281715
68719480425	107374182558	PHRtcD4xMw==	PHRtcD4xMw==	c3RkLnZlY3Rvcg==	52	94489281766
68719480426	107374182558	PHRtcD4xMw==	PHRtcD4xMw==	c3RkLnZlY3Rvcg==	52	94489281766
68719480427	107374182558	PHRtcD4xMw==	PHRtcD4xMw==	c3RkLnZlY3Rvcg==	52	94489281766
68719480428	107374182558	Y3VybEluZm9TdHJpbmc=	Y3VybEluZm9TdHJpbmc=	c3RkLnZlY3Rvcg==	53	94489281716
68719480429	107374182558	PHRtcD4xNA==	PHRtcD4xNA==	c3RkLnZlY3Rvcg==	53	94489281765
68719480430	107374182558	PHRtcD4xNA==	PHRtcD4xNA==	c3RkLnZlY3Rvcg==	53	94489281765
68719480431	107374182558	PHRtcD4xNA==	PHRtcD4xNA==	c3RkLnZlY3Rvcg==	53	94489281765
68719480432	107374182558	Y3VybE11bHRpT3B0aW9uRnVuY3Rpb24=	Y3VybE11bHRpT3B0aW9uRnVuY3Rpb24=	c3RkLnZlY3Rvcg==	55	94489281717
68719480433	107374182558	PHRtcD4xNQ==	PHRtcD4xNQ==	c3RkLnZlY3Rvcg==	55	94489281764
68719480434	107374182558	PHRtcD4xNQ==	PHRtcD4xNQ==	c3RkLnZlY3Rvcg==	55	94489281764
68719480435	107374182558	PHRtcD4xNQ==	PHRtcD4xNQ==	c3RkLnZlY3Rvcg==	55	94489281764
68719480436	107374182558	Y3VybE11bHRpT3B0aW9uSW50ZWdlcg==	Y3VybE11bHRpT3B0aW9uSW50ZWdlcg==	c3RkLnZlY3Rvcg==	56	94489281718
68719480437	107374182558	PHRtcD4xNg==	PHRtcD4xNg==	c3RkLnZlY3Rvcg==	56	94489281763
68719480438	107374182558	PHRtcD4xNg==	PHRtcD4xNg==	c3RkLnZlY3Rvcg==	56	94489281763
68719480439	107374182558	PHRtcD4xNg==	PHRtcD4xNg==	c3RkLnZlY3Rvcg==	56	94489281763
68719480440	107374182558	Y3VybE11bHRpT3B0aW9uTm90SW1wbGVtZW50ZWQ=	Y3VybE11bHRpT3B0aW9uTm90SW1wbGVtZW50ZWQ=	c3RkLnZlY3Rvcg==	57	94489281719
68719480441	107374182558	PHRtcD4xNw==	PHRtcD4xNw==	c3RkLnZlY3Rvcg==	57	94489281762
68719480442	107374182558	PHRtcD4xNw==	PHRtcD4xNw==	c3RkLnZlY3Rvcg==	57	94489281762
68719480443	107374182558	PHRtcD4xNw==	PHRtcD4xNw==	c3RkLnZlY3Rvcg==	57	94489281762
68719480444	107374182558	Y3VybE11bHRpT3B0aW9uU3RyaW5nQXJyYXk=	Y3VybE11bHRpT3B0aW9uU3RyaW5nQXJyYXk=	c3RkLnZlY3Rvcg==	58	94489281720
68719480445	107374182558	PHRtcD4xOA==	PHRtcD4xOA==	c3RkLnZlY3Rvcg==	58	94489281761
68719480446	107374182558	PHRtcD4xOA==	PHRtcD4xOA==	c3RkLnZlY3Rvcg==	58	94489281761
68719480447	107374182558	PHRtcD4xOA==	PHRtcD4xOA==	c3RkLnZlY3Rvcg==	58	94489281761
68719480448	107374182558	Y3VybENvbnN0YW50c0J5TmFtZQ==	Y3VybENvbnN0YW50c0J5TmFtZQ==	c3RkLnVub3JkZXJlZF9tYXA=	71	94489281721
68719480449	107374182558	PHRtcD4xOQ==	PHRtcD4xOQ==	c3RkLnVub3JkZXJlZF9tYXA=	71	94489281758
68719480450	107374182558	PHRtcD4xOQ==	PHRtcD4xOQ==	c3RkLnVub3JkZXJlZF9tYXA=	71	94489281758
68719480451	107374182558	PHRtcD4xOQ==	PHRtcD4xOQ==	c3RkLnVub3JkZXJlZF9tYXA=	71	94489281758
68719480452	107374182558	Y3VybENvbnN0YW50c0J5VmFsdWU=	Y3VybENvbnN0YW50c0J5VmFsdWU=	c3RkLnVub3JkZXJlZF9tYXA=	72	94489281722
68719480453	107374182558	PHRtcD4yMA==	PHRtcD4yMA==	c3RkLnVub3JkZXJlZF9tYXA=	72	94489281757
68719480454	107374182558	PHRtcD4yMA==	PHRtcD4yMA==	c3RkLnVub3JkZXJlZF9tYXA=	72	94489281757
68719480455	107374182558	PHRtcD4yMA==	PHRtcD4yMA==	c3RkLnVub3JkZXJlZF9tYXA=	72	94489281757
68719480456	107374182559	TmV3	TmV3	TmV3	19	94489281790
68719480457	107374182559	PHRtcD4w	PHRtcD4w	QU5Z	19	94489281792
68719480458	107374182559	PHRtcD4w	PHRtcD4w	QU5Z	19	94489281792
68719480459	107374182559	PHRtcD4w	PHRtcD4w	QU5Z	19	94489281792
68719480460	107374182559	TmV3	TmV3	TmV3	21	94489281790
68719480461	107374182559	PHRtcD4x	PHRtcD4x	QU5Z	21	94489281791
68719480462	107374182559	PHRtcD4x	PHRtcD4x	QU5Z	21	94489281791
68719480463	107374182559	PHRtcD4x	PHRtcD4x	QU5Z	21	94489281791
68719480464	107374182559	TmV3	TmV3	TmV3	23	94489281790
68719480465	107374182559	PHRtcD4y	PHRtcD4y	QU5Z	23	94489281789
68719480466	107374182559	PHRtcD4y	PHRtcD4y	QU5Z	23	94489281789
68719480467	107374182559	PHRtcD4y	PHRtcD4y	QU5Z	23	94489281789
68719480468	107374182559	SW5pdEN1cmxFYXN5RXJyb3I=	SW5pdEN1cmxFYXN5RXJyb3I=	SW5pdEN1cmxFYXN5RXJyb3I=	26	94489281788
68719480469	107374182559	PHRtcD4z	PHRtcD4z	QU5Z	26	94489281787
68719480470	107374182559	PHRtcD4z	PHRtcD4z	QU5Z	26	94489281787
68719480471	107374182559	PHRtcD4z	PHRtcD4z	QU5Z	26	94489281787
68719480472	107374182559	SW5pdEN1cmxNdWx0aUVycm9y	SW5pdEN1cmxNdWx0aUVycm9y	SW5pdEN1cmxNdWx0aUVycm9y	27	94489281786
68719480473	107374182559	PHRtcD40	PHRtcD40	QU5Z	27	94489281785
68719480474	107374182559	PHRtcD40	PHRtcD40	QU5Z	27	94489281785
68719480475	107374182559	PHRtcD40	PHRtcD40	QU5Z	27	94489281785
68719480476	107374182559	SW5pdEN1cmxTaGFyZWRFcnJvcg==	SW5pdEN1cmxTaGFyZWRFcnJvcg==	SW5pdEN1cmxTaGFyZWRFcnJvcg==	28	94489281784
68719480477	107374182559	PHRtcD41	PHRtcD41	QU5Z	28	94489281783
68719480478	107374182559	PHRtcD41	PHRtcD41	QU5Z	28	94489281783
68719480479	107374182559	PHRtcD41	PHRtcD41	QU5Z	28	94489281783
68719480456	107374182560	TmV3	TmV3	TmV3	19	94489281790
68719480457	107374182560	PHRtcD4w	PHRtcD4w	QU5Z	19	94489281792
68719480458	107374182560	PHRtcD4w	PHRtcD4w	QU5Z	19	94489281792
68719480459	107374182560	PHRtcD4w	PHRtcD4w	QU5Z	19	94489281792
68719480460	107374182560	TmV3	TmV3	TmV3	21	94489281790
68719480461	107374182560	PHRtcD4x	PHRtcD4x	QU5Z	21	94489281791
68719480462	107374182560	PHRtcD4x	PHRtcD4x	QU5Z	21	94489281791
68719480463	107374182560	PHRtcD4x	PHRtcD4x	QU5Z	21	94489281791
68719480464	107374182560	TmV3	TmV3	TmV3	23	94489281790
68719480465	107374182560	PHRtcD4y	PHRtcD4y	QU5Z	23	94489281789
68719480466	107374182560	PHRtcD4y	PHRtcD4y	QU5Z	23	94489281789
68719480467	107374182560	PHRtcD4y	PHRtcD4y	QU5Z	23	94489281789
68719480468	107374182560	SW5pdEN1cmxFYXN5RXJyb3I=	SW5pdEN1cmxFYXN5RXJyb3I=	SW5pdEN1cmxFYXN5RXJyb3I=	26	94489281788
68719480469	107374182560	PHRtcD4z	PHRtcD4z	QU5Z	26	94489281787
68719480470	107374182560	PHRtcD4z	PHRtcD4z	QU5Z	26	94489281787
68719480471	107374182560	PHRtcD4z	PHRtcD4z	QU5Z	26	94489281787
68719480472	107374182560	SW5pdEN1cmxNdWx0aUVycm9y	SW5pdEN1cmxNdWx0aUVycm9y	SW5pdEN1cmxNdWx0aUVycm9y	27	94489281786
68719480473	107374182560	PHRtcD40	PHRtcD40	QU5Z	27	94489281785
68719480474	107374182560	PHRtcD40	PHRtcD40	QU5Z	27	94489281785
68719480475	107374182560	PHRtcD40	PHRtcD40	QU5Z	27	94489281785
68719480476	107374182560	SW5pdEN1cmxTaGFyZWRFcnJvcg==	SW5pdEN1cmxTaGFyZWRFcnJvcg==	SW5pdEN1cmxTaGFyZWRFcnJvcg==	28	94489281784
68719480477	107374182560	PHRtcD41	PHRtcD41	QU5Z	28	94489281783
68719480478	107374182560	PHRtcD41	PHRtcD41	QU5Z	28	94489281783
68719480479	107374182560	PHRtcD41	PHRtcD41	QU5Z	28	94489281783
68719480480	107374182561	b3BlcmF0b3IgPQ==	b3BlcmF0b3I9	b3BlcmF0b3I9	19	94489281794
68719480481	107374182561	PHRtcD4w	PHRtcD4w	QU5Z	19	94489281793
68719480482	107374182561	PHRtcD4w	PHRtcD4w	QU5Z	19	94489281793
68719480483	107374182561	PHRtcD4w	PHRtcD4w	QU5Z	19	94489281793
68719480480	107374182562	b3BlcmF0b3IgPQ==	b3BlcmF0b3I9	b3BlcmF0b3I9	19	94489281794
68719480481	107374182562	PHRtcD4w	PHRtcD4w	QU5Z	19	94489281793
68719480482	107374182562	PHRtcD4w	PHRtcD4w	QU5Z	19	94489281793
68719480483	107374182562	PHRtcD4w	PHRtcD4w	QU5Z	19	94489281793
68719477388	107374182562	dGhpcw==	dGhpcw==	Tm9kZUxpYmN1cmwuQ3VybEh0dHBQb3N0Kg==	17	111669149743
68719477389	107374182562	dGhpcw==	dGhpcw==	Tm9kZUxpYmN1cmwuQ3VybEh0dHBQb3N0Kg==	17	111669149743
68719480484	107374182563	SW5pdA==	SW5pdA==	SW5pdA==	30	94489281828
68719480485	107374182563	PHRtcD4w	PHRtcD4w	QU5Z	30	94489281827
68719480486	107374182563	PHRtcD4w	PHRtcD4w	QU5Z	30	94489281827
68719480487	107374182563	PHRtcD4w	PHRtcD4w	QU5Z	30	94489281827
68719480488	107374182563	U2V0TmFtZQ==	U2V0TmFtZQ==	U2V0TmFtZQ==	33	94489281826
68719480489	107374182563	PHRtcD4x	PHRtcD4x	QU5Z	33	94489281825
68719480490	107374182563	PHRtcD4x	PHRtcD4x	QU5Z	33	94489281825
68719480491	107374182563	PHRtcD4x	PHRtcD4x	QU5Z	33	94489281825
68719480492	107374182563	U2V0RGF0YQ==	U2V0RGF0YQ==	U2V0RGF0YQ==	34	94489281824
68719480493	107374182563	PHRtcD4y	PHRtcD4y	QU5Z	34	94489281823
68719480494	107374182563	PHRtcD4y	PHRtcD4y	QU5Z	34	94489281823
68719480495	107374182563	PHRtcD4y	PHRtcD4y	QU5Z	34	94489281823
68719480496	107374182563	U2V0RmlsZURhdGE=	U2V0RmlsZURhdGE=	U2V0RmlsZURhdGE=	35	94489281822
68719480497	107374182563	PHRtcD4z	PHRtcD4z	QU5Z	35	94489281821
68719480498	107374182563	PHRtcD4z	PHRtcD4z	QU5Z	35	94489281821
68719480499	107374182563	PHRtcD4z	PHRtcD4z	QU5Z	35	94489281821
68719480500	107374182563	U2V0VHlwZQ==	U2V0VHlwZQ==	U2V0VHlwZQ==	36	94489281820
68719480501	107374182563	PHRtcD40	PHRtcD40	QU5Z	36	94489281819
68719480502	107374182563	PHRtcD40	PHRtcD40	QU5Z	36	94489281819
68719480503	107374182563	PHRtcD40	PHRtcD40	QU5Z	36	94489281819
68719480504	107374182563	U2V0RmlsZU5hbWU=	U2V0RmlsZU5hbWU=	U2V0RmlsZU5hbWU=	37	94489281818
68719480505	107374182563	PHRtcD41	PHRtcD41	QU5Z	37	94489281817
68719480506	107374182563	PHRtcD41	PHRtcD41	QU5Z	37	94489281817
68719480507	107374182563	PHRtcD41	PHRtcD41	QU5Z	37	94489281817
68719480508	107374182563	U2V0RW5jb2Rlcg==	U2V0RW5jb2Rlcg==	U2V0RW5jb2Rlcg==	40	94489281816
68719480509	107374182563	PHRtcD42	PHRtcD42	QU5Z	40	94489281815
68719480510	107374182563	PHRtcD42	PHRtcD42	QU5Z	40	94489281815
68719480511	107374182563	PHRtcD42	PHRtcD42	QU5Z	40	94489281815
68719480512	107374182563	U2V0SGVhZGVycw==	U2V0SGVhZGVycw==	U2V0SGVhZGVycw==	41	94489281814
68719480513	107374182563	PHRtcD43	PHRtcD43	QU5Z	41	94489281813
68719480514	107374182563	PHRtcD43	PHRtcD43	QU5Z	41	94489281813
68719480515	107374182563	PHRtcD43	PHRtcD43	QU5Z	41	94489281813
68719480516	107374182563	U2V0U3VicGFydHM=	U2V0U3VicGFydHM=	U2V0U3VicGFydHM=	42	94489281812
68719480517	107374182563	PHRtcD44	PHRtcD44	QU5Z	42	94489281811
68719480518	107374182563	PHRtcD44	PHRtcD44	QU5Z	42	94489281811
68719480519	107374182563	PHRtcD44	PHRtcD44	QU5Z	42	94489281811
68719480520	107374182563	U2V0RGF0YUNhbGxiYWNr	U2V0RGF0YUNhbGxiYWNr	U2V0RGF0YUNhbGxiYWNr	45	94489281810
68719480521	107374182563	PHRtcD45	PHRtcD45	QU5Z	45	94489281809
68719480522	107374182563	PHRtcD45	PHRtcD45	QU5Z	45	94489281809
68719480523	107374182563	PHRtcD45	PHRtcD45	QU5Z	45	94489281809
68719480524	107374182563	ZWFzeQ==	ZWFzeQ==	Tm9kZUxpYmN1cmwuRWFzeSo=	50	94489281808
68719480525	107374182563	PHRtcD4xMA==	PHRtcD4xMA==	QU5Z	50	94489281807
68719480526	107374182563	PHRtcD4xMA==	PHRtcD4xMA==	QU5Z	50	94489281807
68719480527	107374182563	PHRtcD4xMA==	PHRtcD4xMA==	QU5Z	50	94489281807
68719480528	107374182563	cmVhZENhbGxiYWNr	cmVhZENhbGxiYWNr	RnVuY3Rpb25SZWZlcmVuY2U=	53	94489281806
68719480529	107374182563	PHRtcD4xMQ==	PHRtcD4xMQ==	QU5Z	53	94489281805
68719480530	107374182563	PHRtcD4xMQ==	PHRtcD4xMQ==	QU5Z	53	94489281805
68719480531	107374182563	PHRtcD4xMQ==	PHRtcD4xMQ==	QU5Z	53	94489281805
68719480532	107374182563	c2Vla0NhbGxiYWNr	c2Vla0NhbGxiYWNr	RnVuY3Rpb25SZWZlcmVuY2U=	54	94489281804
68719480533	107374182563	PHRtcD4xMg==	PHRtcD4xMg==	QU5Z	54	94489281803
68719480534	107374182563	PHRtcD4xMg==	PHRtcD4xMg==	QU5Z	54	94489281803
68719480535	107374182563	PHRtcD4xMg==	PHRtcD4xMg==	QU5Z	54	94489281803
68719480536	107374182563	ZnJlZUNhbGxiYWNr	ZnJlZUNhbGxiYWNr	RnVuY3Rpb25SZWZlcmVuY2U=	55	94489281802
68719480537	107374182563	PHRtcD4xMw==	PHRtcD4xMw==	QU5Z	55	94489281801
68719480538	107374182563	PHRtcD4xMw==	PHRtcD4xMw==	QU5Z	55	94489281801
68719480539	107374182563	PHRtcD4xMw==	PHRtcD4xMw==	QU5Z	55	94489281801
68719480540	107374182563	c2VsZlJlZg==	c2VsZlJlZg==	T2JqZWN0UmVmZXJlbmNl	58	94489281800
68719480541	107374182563	PHRtcD4xNA==	PHRtcD4xNA==	QU5Z	58	94489281799
68719480542	107374182563	PHRtcD4xNA==	PHRtcD4xNA==	QU5Z	58	94489281799
68719480543	107374182563	PHRtcD4xNA==	PHRtcD4xNA==	QU5Z	58	94489281799
68719480544	107374182566	SW5pdA==	SW5pdA==	SW5pdA==	80	94489281798
68719480545	107374182566	PHRtcD4w	PHRtcD4w	QU5Z	80	94489281797
68719480546	107374182566	PHRtcD4w	PHRtcD4w	QU5Z	80	94489281797
68719480547	107374182566	PHRtcD4w	PHRtcD4w	QU5Z	80	94489281797
68719480548	107374182566	QWRkUGFydA==	QWRkUGFydA==	QWRkUGFydA==	83	94489281796
68719480549	107374182566	PHRtcD4x	PHRtcD4x	QU5Z	83	94489281795
68719480550	107374182566	PHRtcD4x	PHRtcD4x	QU5Z	83	94489281795
68719480551	107374182566	PHRtcD4x	PHRtcD4x	QU5Z	83	94489281795
68719480484	107374182569	SW5pdA==	SW5pdA==	SW5pdA==	30	94489281828
68719480485	107374182569	PHRtcD4w	PHRtcD4w	QU5Z	30	94489281827
68719480486	107374182569	PHRtcD4w	PHRtcD4w	QU5Z	30	94489281827
68719480487	107374182569	PHRtcD4w	PHRtcD4w	QU5Z	30	94489281827
68719480488	107374182569	U2V0TmFtZQ==	U2V0TmFtZQ==	U2V0TmFtZQ==	33	94489281826
68719480489	107374182569	PHRtcD4x	PHRtcD4x	QU5Z	33	94489281825
68719480490	107374182569	PHRtcD4x	PHRtcD4x	QU5Z	33	94489281825
68719480491	107374182569	PHRtcD4x	PHRtcD4x	QU5Z	33	94489281825
68719480492	107374182569	U2V0RGF0YQ==	U2V0RGF0YQ==	U2V0RGF0YQ==	34	94489281824
68719480493	107374182569	PHRtcD4y	PHRtcD4y	QU5Z	34	94489281823
68719480494	107374182569	PHRtcD4y	PHRtcD4y	QU5Z	34	94489281823
68719480495	107374182569	PHRtcD4y	PHRtcD4y	QU5Z	34	94489281823
68719480496	107374182569	U2V0RmlsZURhdGE=	U2V0RmlsZURhdGE=	U2V0RmlsZURhdGE=	35	94489281822
68719480497	107374182569	PHRtcD4z	PHRtcD4z	QU5Z	35	94489281821
68719480498	107374182569	PHRtcD4z	PHRtcD4z	QU5Z	35	94489281821
68719480499	107374182569	PHRtcD4z	PHRtcD4z	QU5Z	35	94489281821
68719480500	107374182569	U2V0VHlwZQ==	U2V0VHlwZQ==	U2V0VHlwZQ==	36	94489281820
68719480501	107374182569	PHRtcD40	PHRtcD40	QU5Z	36	94489281819
68719480502	107374182569	PHRtcD40	PHRtcD40	QU5Z	36	94489281819
68719480503	107374182569	PHRtcD40	PHRtcD40	QU5Z	36	94489281819
68719480504	107374182569	U2V0RmlsZU5hbWU=	U2V0RmlsZU5hbWU=	U2V0RmlsZU5hbWU=	37	94489281818
68719480505	107374182569	PHRtcD41	PHRtcD41	QU5Z	37	94489281817
68719480506	107374182569	PHRtcD41	PHRtcD41	QU5Z	37	94489281817
68719480507	107374182569	PHRtcD41	PHRtcD41	QU5Z	37	94489281817
68719480508	107374182569	U2V0RW5jb2Rlcg==	U2V0RW5jb2Rlcg==	U2V0RW5jb2Rlcg==	40	94489281816
68719480509	107374182569	PHRtcD42	PHRtcD42	QU5Z	40	94489281815
68719480510	107374182569	PHRtcD42	PHRtcD42	QU5Z	40	94489281815
68719480511	107374182569	PHRtcD42	PHRtcD42	QU5Z	40	94489281815
68719480512	107374182569	U2V0SGVhZGVycw==	U2V0SGVhZGVycw==	U2V0SGVhZGVycw==	41	94489281814
68719480513	107374182569	PHRtcD43	PHRtcD43	QU5Z	41	94489281813
68719480514	107374182569	PHRtcD43	PHRtcD43	QU5Z	41	94489281813
68719480515	107374182569	PHRtcD43	PHRtcD43	QU5Z	41	94489281813
68719480516	107374182569	U2V0U3VicGFydHM=	U2V0U3VicGFydHM=	U2V0U3VicGFydHM=	42	94489281812
68719480517	107374182569	PHRtcD44	PHRtcD44	QU5Z	42	94489281811
68719480518	107374182569	PHRtcD44	PHRtcD44	QU5Z	42	94489281811
68719480519	107374182569	PHRtcD44	PHRtcD44	QU5Z	42	94489281811
68719480520	107374182569	U2V0RGF0YUNhbGxiYWNr	U2V0RGF0YUNhbGxiYWNr	U2V0RGF0YUNhbGxiYWNr	45	94489281810
68719480521	107374182569	PHRtcD45	PHRtcD45	QU5Z	45	94489281809
68719480522	107374182569	PHRtcD45	PHRtcD45	QU5Z	45	94489281809
68719480523	107374182569	PHRtcD45	PHRtcD45	QU5Z	45	94489281809
68719480524	107374182569	ZWFzeQ==	ZWFzeQ==	Tm9kZUxpYmN1cmwuRWFzeSo=	50	94489281808
68719480525	107374182569	PHRtcD4xMA==	PHRtcD4xMA==	QU5Z	50	94489281807
68719480526	107374182569	PHRtcD4xMA==	PHRtcD4xMA==	QU5Z	50	94489281807
68719480527	107374182569	PHRtcD4xMA==	PHRtcD4xMA==	QU5Z	50	94489281807
68719480528	107374182569	cmVhZENhbGxiYWNr	cmVhZENhbGxiYWNr	RnVuY3Rpb25SZWZlcmVuY2U=	53	94489281806
68719480529	107374182569	PHRtcD4xMQ==	PHRtcD4xMQ==	QU5Z	53	94489281805
68719480530	107374182569	PHRtcD4xMQ==	PHRtcD4xMQ==	QU5Z	53	94489281805
68719480531	107374182569	PHRtcD4xMQ==	PHRtcD4xMQ==	QU5Z	53	94489281805
68719480532	107374182569	c2Vla0NhbGxiYWNr	c2Vla0NhbGxiYWNr	RnVuY3Rpb25SZWZlcmVuY2U=	54	94489281804
68719480533	107374182569	PHRtcD4xMg==	PHRtcD4xMg==	QU5Z	54	94489281803
68719480534	107374182569	PHRtcD4xMg==	PHRtcD4xMg==	QU5Z	54	94489281803
68719480535	107374182569	PHRtcD4xMg==	PHRtcD4xMg==	QU5Z	54	94489281803
68719480536	107374182569	ZnJlZUNhbGxiYWNr	ZnJlZUNhbGxiYWNr	RnVuY3Rpb25SZWZlcmVuY2U=	55	94489281802
68719480537	107374182569	PHRtcD4xMw==	PHRtcD4xMw==	QU5Z	55	94489281801
68719480538	107374182569	PHRtcD4xMw==	PHRtcD4xMw==	QU5Z	55	94489281801
68719480539	107374182569	PHRtcD4xMw==	PHRtcD4xMw==	QU5Z	55	94489281801
68719480540	107374182569	c2VsZlJlZg==	c2VsZlJlZg==	T2JqZWN0UmVmZXJlbmNl	58	94489281800
68719480541	107374182569	PHRtcD4xNA==	PHRtcD4xNA==	QU5Z	58	94489281799
68719480542	107374182569	PHRtcD4xNA==	PHRtcD4xNA==	QU5Z	58	94489281799
68719480543	107374182569	PHRtcD4xNA==	PHRtcD4xNA==	QU5Z	58	94489281799
68719477452	107374182569	PHRtcD4w	PHRtcD4w	TmFwaS5PYmplY3RXcmFw	696	94489280959
68719477453	107374182569	PHRtcD4w	PHRtcD4w	TmFwaS5PYmplY3RXcmFw	696	94489280959
68719477454	107374182569	aW5mbw==	aW5mbw==	TmFwaS5DYWxsYmFja0luZm8m	696	111669149775
68719477455	107374182569	PHRtcD4w	PHRtcD4w	TmFwaS5PYmplY3RXcmFw	696	94489280959
68719480544	107374182569	SW5pdA==	SW5pdA==	SW5pdA==	80	94489281798
68719480545	107374182569	PHRtcD4w	PHRtcD4w	QU5Z	80	94489281797
68719480546	107374182569	PHRtcD4w	PHRtcD4w	QU5Z	80	94489281797
68719480547	107374182569	PHRtcD4w	PHRtcD4w	QU5Z	80	94489281797
68719480548	107374182569	QWRkUGFydA==	QWRkUGFydA==	QWRkUGFydA==	83	94489281796
68719480549	107374182569	PHRtcD4x	PHRtcD4x	QU5Z	83	94489281795
68719480550	107374182569	PHRtcD4x	PHRtcD4x	QU5Z	83	94489281795
68719480551	107374182569	PHRtcD4x	PHRtcD4x	QU5Z	83	94489281795
68719477606	107374182569	ZW52	ZW52	TmFwaS5FbnY=	65	94489280986
68719477607	107374182569	aW5mbw==	aW5mbw==	TmFwaS5DYWxsYmFja0luZm8m	65	111669149801
68719477608	107374182569	Y3VybA==	Y3VybA==	Tm9kZUxpYmN1cmwuQ3VybCo=	67	94489280987
68719477609	107374182569	ZW52	ZW52	TmFwaS5FbnY=	67	94489280986
68719477610	107374182569	aXNGcm9tRHVwbGljYXRl	aXNGcm9tRHVwbGljYXRl	Ym9vbA==	69	94489280988
68719477611	107374182569	aW5mbw==	aW5mbw==	TmFwaS5DYWxsYmFja0luZm8m	71	111669149801
68719477612	107374182569	aW5mbw==	aW5mbw==	TmFwaS5DYWxsYmFja0luZm8m	71	111669149801
68719477613	107374182569	aXNGcm9tRHVwbGljYXRl	aXNGcm9tRHVwbGljYXRl	Ym9vbA==	72	94489280988
68719477614	107374182569	aW5mbw==	aW5mbw==	TmFwaS5DYWxsYmFja0luZm8m	74	111669149801
68719477615	107374182569	ZWFzeUNvbnN0cnVjdG9y	ZWFzeUNvbnN0cnVjdG9y	TmFwaS5GdW5jdGlvbg==	75	94489280989
68719477616	107374182569	Y3VybA==	Y3VybA==	Tm9kZUxpYmN1cmwuQ3VybCo=	75	94489280987
68719477617	107374182569	cG9zc2libHlBbm90aGVyRWFzeQ==	cG9zc2libHlBbm90aGVyRWFzeQ==	QU5Z	76	94489280990
68719477618	107374182569	aW5mbw==	aW5mbw==	TmFwaS5DYWxsYmFja0luZm8m	76	111669149801
68719477619	107374182569	cG9zc2libHlBbm90aGVyRWFzeQ==	cG9zc2libHlBbm90aGVyRWFzeQ==	QU5Z	78	94489280990
68719477620	107374182569	ZWFzeUNvbnN0cnVjdG9y	ZWFzeUNvbnN0cnVjdG9y	TmFwaS5GdW5jdGlvbg==	78	94489280989
68719477621	107374182569	ZW52	ZW52	TmFwaS5FbnY=	79	94489280986
68719477622	107374182569	Q1VSTEVfQkFEX0ZVTkNUSU9OX0FSR1VNRU5U	PHVua25vd24+IENVUkxFX0JBRF9GVU5DVElPTl9BUkdVTUVOVA==	QU5Z	80	94489281446
68719477623	107374182569	b3JpZw==	b3JpZw==	Tm9kZUxpYmN1cmwuRWFzeSo=	83	94489280991
68719477624	107374182569	cG9zc2libHlBbm90aGVyRWFzeQ==	cG9zc2libHlBbm90aGVyRWFzeQ==	QU5Z	83	94489280990
68719477625	107374182569	dGhpcw==	dGhpcw==	Tm9kZUxpYmN1cmwuRWFzeSo=	86	111669149800
68719477626	107374182569	b3JpZw==	b3JpZw==	Tm9kZUxpYmN1cmwuRWFzeSo=	86	94489280991
68719477627	107374182569	dGhpcw==	dGhpcw==	Tm9kZUxpYmN1cmwuRWFzeSo=	87	111669149800
68719477628	107374182569	dGhpcw==	dGhpcw==	Tm9kZUxpYmN1cmwuRWFzeSo=	89	111669149800
68719477629	107374182569	b3JpZw==	b3JpZw==	Tm9kZUxpYmN1cmwuRWFzeSo=	89	94489280991
68719477630	107374182569	aW5mbw==	aW5mbw==	TmFwaS5DYWxsYmFja0luZm8m	91	111669149801
68719477631	107374182569	bWF5YmVIYW5kbGVFeHRlcm5hbA==	bWF5YmVIYW5kbGVFeHRlcm5hbA==	QU5Z	93	94489280992
68719477632	107374182569	aW5mbw==	aW5mbw==	TmFwaS5DYWxsYmFja0luZm8m	93	111669149801
68719477633	107374182569	bWF5YmVIYW5kbGVFeHRlcm5hbA==	bWF5YmVIYW5kbGVFeHRlcm5hbA==	QU5Z	95	94489280992
68719477634	107374182569	RUFTWV9UWVBFX1RBRw==	PGdsb2JhbD4gRUFTWV9UWVBFX1RBRw==	bmFwaV90eXBlX3RhZw==	95	94489281449
68719477635	107374182569	ZW52	ZW52	TmFwaS5FbnY=	96	94489280986
68719477636	107374182569	Q1VSTEVfQkFEX0ZVTkNUSU9OX0FSR1VNRU5U	PHVua25vd24+IENVUkxFX0JBRF9GVU5DVElPTl9BUkdVTUVOVA==	QU5Z	97	94489281446
68719477637	107374182569	Y3VybEVhc3lIYW5kbGU=	Y3VybEVhc3lIYW5kbGU=	Q1VSTCo=	100	94489280993
68719477638	107374182569	bWF5YmVIYW5kbGVFeHRlcm5hbA==	bWF5YmVIYW5kbGVFeHRlcm5hbA==	QU5Z	100	94489280992
68719477639	107374182569	dGhpcw==	dGhpcw==	Tm9kZUxpYmN1cmwuRWFzeSo=	101	111669149800
68719477640	107374182569	Y3VybEVhc3lIYW5kbGU=	Y3VybEVhc3lIYW5kbGU=	Q1VSTCo=	101	94489280993
68719477641	107374182569	b3JpZ0Vhc3lQdHI=	b3JpZ0Vhc3lQdHI=	Y2hhcio=	104	94489280994
68719477642	107374182569	Y29kZQ==	Y29kZQ==	Q1VSTGNvZGU=	105	94489280995
68719477643	107374182569	Y3VybEVhc3lIYW5kbGU=	Y3VybEVhc3lIYW5kbGU=	Q1VSTCo=	105	94489280993
68719477644	107374182569	Q1VSTElORk9fUFJJVkFURQ==	PHVua25vd24+IENVUkxJTkZPX1BSSVZBVEU=	QU5Z	105	94489281448
68719477645	107374182569	b3JpZ0Vhc3lQdHI=	b3JpZ0Vhc3lQdHI=	Y2hhcio=	105	94489280994
68719477646	107374182569	Y29kZQ==	Y29kZQ==	Q1VSTGNvZGU=	107	94489280995
68719477647	107374182569	Q1VSTEVfT0s=	PHVua25vd24+IENVUkxFX09L	QU5Z	107	94489281447
68719477648	107374182569	b3JpZ0Vhc3lQdHI=	b3JpZ0Vhc3lQdHI=	Y2hhcio=	107	94489280994
68719477649	107374182569	b3JpZw==	b3JpZw==	Tm9kZUxpYmN1cmwuRWFzeSo=	108	94489280996
68719477650	107374182569	b3JpZ0Vhc3lQdHI=	b3JpZ0Vhc3lQdHI=	Y2hhcio=	108	94489280994
68719477651	107374182569	b3JpZw==	b3JpZw==	Tm9kZUxpYmN1cmwuRWFzeSo=	109	94489280996
68719477652	107374182569	dGhpcw==	dGhpcw==	Tm9kZUxpYmN1cmwuRWFzeSo=	110	111669149800
68719477653	107374182569	b3JpZw==	b3JpZw==	Tm9kZUxpYmN1cmwuRWFzeSo=	110	94489280996
68719477654	107374182569	ZW52	ZW52	TmFwaS5FbnY=	115	94489280986
68719477655	107374182569	Q1VSTEVfQkFEX0ZVTkNUSU9OX0FSR1VNRU5U	PHVua25vd24+IENVUkxFX0JBRF9GVU5DVElPTl9BUkdVTUVOVA==	QU5Z	116	94489281446
68719477656	107374182569	dGhpcw==	dGhpcw==	Tm9kZUxpYmN1cmwuRWFzeSo=	120	111669149800
68719477657	107374182569	dGhpcw==	dGhpcw==	Tm9kZUxpYmN1cmwuRWFzeSo=	121	111669149800
68719477658	107374182569	ZW52	ZW52	TmFwaS5FbnY=	122	94489280986
68719477659	107374182569	Q1VSTEVfRkFJTEVEX0lOSVQ=	PHVua25vd24+IENVUkxFX0ZBSUxFRF9JTklU	QU5Z	122	94489281445
68719477660	107374182569	Y3VybA==	Y3VybA==	Tm9kZUxpYmN1cmwuQ3VybCo=	126	94489280987
68719477661	107374182569	Q1VSTF9IQU5ETEVfVFlQRV9FQVNZ	Q1VSTF9IQU5ETEVfVFlQRV9FQVNZ	QU5Z	126	94489281444
68719477662	107374182569	dGhpcw==	dGhpcw==	Tm9kZUxpYmN1cmwuRWFzeSo=	129	111669149800
68719477663	107374182569	aXNGcm9tRHVwbGljYXRl	aXNGcm9tRHVwbGljYXRl	Ym9vbA==	129	94489280988
68719477664	107374182569	PHRtcD4w	PHRtcD4w	TmFwaS5PYmplY3RXcmFw	63	94489281451
68719477665	107374182569	PHRtcD4w	PHRtcD4w	TmFwaS5PYmplY3RXcmFw	63	94489281451
68719477666	107374182569	aW5mbw==	aW5mbw==	TmFwaS5DYWxsYmFja0luZm8m	63	111669149801
68719477667	107374182569	PHRtcD4w	PHRtcD4w	TmFwaS5PYmplY3RXcmFw	63	94489281451
68719477668	107374182569	dGhpcw==	dGhpcw==	Tm9kZUxpYmN1cmwuRWFzeSo=	63	111669149800
68719477669	107374182569	bmV4dElk	bmV4dElk	QU5Z	63	94489281450
68719477670	107374182569	dGhpcw==	dGhpcw==	Tm9kZUxpYmN1cmwuRWFzeSo=	63	111669149800
68719477439	107374182569	ZW52	ZW52	TmFwaS5FbnY=	680	94489280956
68719477440	107374182569	aW5mbw==	aW5mbw==	TmFwaS5DYWxsYmFja0luZm8m	680	111669149767
68719477441	107374182569	ZW52	ZW52	TmFwaS5FbnY=	681	94489280956
68719477442	107374182569	PHRtcD4w	PHRtcD4w	TmFwaS5PYmplY3RXcmFw	679	94489280960
68719477443	107374182569	PHRtcD4w	PHRtcD4w	TmFwaS5PYmplY3RXcmFw	679	94489280960
68719477444	107374182569	aW5mbw==	aW5mbw==	TmFwaS5DYWxsYmFja0luZm8m	679	111669149767
68719477445	107374182569	PHRtcD4w	PHRtcD4w	TmFwaS5PYmplY3RXcmFw	679	94489280960
68719480552	107374182570	ZmVhdHVyZXM=	ZmVhdHVyZXM=	QU5Z	26	94489281834
68719480553	107374182570	PHRtcD4w	PHRtcD4w	QU5Z	26	94489281833
68719480554	107374182570	PHRtcD4w	PHRtcD4w	QU5Z	26	94489281833
68719480555	107374182570	PHRtcD4w	PHRtcD4w	QU5Z	26	94489281833
68719480556	107374182570	R2V0UHJvdG9jb2xz	R2V0UHJvdG9jb2xz	R2V0UHJvdG9jb2xz	38	94489281832
68719480557	107374182570	PHRtcD4x	PHRtcD4x	QU5Z	38	94489281831
68719480558	107374182570	PHRtcD4x	PHRtcD4x	QU5Z	38	94489281831
68719480559	107374182570	PHRtcD4x	PHRtcD4x	QU5Z	38	94489281831
68719480560	107374182570	R2V0RmVhdHVyZXM=	R2V0RmVhdHVyZXM=	R2V0RmVhdHVyZXM=	39	94489281830
68719480561	107374182570	PHRtcD4y	PHRtcD4y	QU5Z	39	94489281829
68719480562	107374182570	PHRtcD4y	PHRtcD4y	QU5Z	39	94489281829
68719480563	107374182570	PHRtcD4y	PHRtcD4y	QU5Z	39	94489281829
68719480552	107374182571	ZmVhdHVyZXM=	ZmVhdHVyZXM=	QU5Z	26	94489281834
68719480553	107374182571	PHRtcD4w	PHRtcD4w	QU5Z	26	94489281833
68719480554	107374182571	PHRtcD4w	PHRtcD4w	QU5Z	26	94489281833
68719480555	107374182571	PHRtcD4w	PHRtcD4w	QU5Z	26	94489281833
68719480556	107374182571	R2V0UHJvdG9jb2xz	R2V0UHJvdG9jb2xz	R2V0UHJvdG9jb2xz	38	94489281832
68719480557	107374182571	PHRtcD4x	PHRtcD4x	QU5Z	38	94489281831
68719480558	107374182571	PHRtcD4x	PHRtcD4x	QU5Z	38	94489281831
68719480559	107374182571	PHRtcD4x	PHRtcD4x	QU5Z	38	94489281831
68719480560	107374182571	R2V0RmVhdHVyZXM=	R2V0RmVhdHVyZXM=	R2V0RmVhdHVyZXM=	39	94489281830
68719480561	107374182571	PHRtcD4y	PHRtcD4y	QU5Z	39	94489281829
68719480562	107374182571	PHRtcD4y	PHRtcD4y	QU5Z	39	94489281829
68719480563	107374182571	PHRtcD4y	PHRtcD4y	QU5Z	39	94489281829
68719480569	107374182572	SW5pdA==	SW5pdA==	SW5pdA==	33	94489281915
68719480570	107374182572	PHRtcD4w	PHRtcD4w	QU5Z	33	94489281914
68719480571	107374182572	PHRtcD4w	PHRtcD4w	QU5Z	33	94489281914
68719480572	107374182572	PHRtcD4w	PHRtcD4w	QU5Z	33	94489281914
68719480573	107374182572	RGVidWdMb2c=	RGVidWdMb2c=	RGVidWdMb2c=	35	94489281913
68719480574	107374182572	PHRtcD4x	PHRtcD4x	QU5Z	35	94489281912
68719480575	107374182572	PHRtcD4x	PHRtcD4x	QU5Z	35	94489281912
68719480576	107374182572	PHRtcD4x	PHRtcD4x	QU5Z	35	94489281912
68719480577	107374182572	U2V0T3B0	U2V0T3B0	U2V0T3B0	36	94489281911
68719480578	107374182572	PHRtcD4y	PHRtcD4y	QU5Z	36	94489281910
68719480579	107374182572	PHRtcD4y	PHRtcD4y	QU5Z	36	94489281910
68719480580	107374182572	PHRtcD4y	PHRtcD4y	QU5Z	36	94489281910
68719480581	107374182572	R2V0SW5mbw==	R2V0SW5mbw==	R2V0SW5mbw==	37	94489281909
68719480582	107374182572	PHRtcD4z	PHRtcD4z	QU5Z	37	94489281908
68719480583	107374182572	PHRtcD4z	PHRtcD4z	QU5Z	37	94489281908
68719480584	107374182572	PHRtcD4z	PHRtcD4z	QU5Z	37	94489281908
68719480585	107374182572	U2VuZA==	U2VuZA==	U2VuZA==	38	94489281907
68719480586	107374182572	PHRtcD40	PHRtcD40	QU5Z	38	94489281906
68719480587	107374182572	PHRtcD40	PHRtcD40	QU5Z	38	94489281906
68719480588	107374182572	PHRtcD40	PHRtcD40	QU5Z	38	94489281906
68719480589	107374182572	UmVjdg==	UmVjdg==	UmVjdg==	39	94489281905
68719480590	107374182572	PHRtcD41	PHRtcD41	QU5Z	39	94489281904
68719480591	107374182572	PHRtcD41	PHRtcD41	QU5Z	39	94489281904
68719480592	107374182572	PHRtcD41	PHRtcD41	QU5Z	39	94489281904
68719480593	107374182572	V3NSZWN2	V3NSZWN2	V3NSZWN2	40	94489281903
68719480594	107374182572	PHRtcD42	PHRtcD42	QU5Z	40	94489281902
68719480595	107374182572	PHRtcD42	PHRtcD42	QU5Z	40	94489281902
68719480596	107374182572	PHRtcD42	PHRtcD42	QU5Z	40	94489281902
68719480597	107374182572	V3NTZW5k	V3NTZW5k	V3NTZW5k	41	94489281901
68719480598	107374182572	PHRtcD43	PHRtcD43	QU5Z	41	94489281900
68719480599	107374182572	PHRtcD43	PHRtcD43	QU5Z	41	94489281900
68719480600	107374182572	PHRtcD43	PHRtcD43	QU5Z	41	94489281900
68719480601	107374182572	V3NNZXRh	V3NNZXRh	V3NNZXRh	42	94489281899
68719480602	107374182572	PHRtcD44	PHRtcD44	QU5Z	42	94489281898
68719480603	107374182572	PHRtcD44	PHRtcD44	QU5Z	42	94489281898
68719480604	107374182572	PHRtcD44	PHRtcD44	QU5Z	42	94489281898
68719480605	107374182572	V3NTdGFydEZyYW1l	V3NTdGFydEZyYW1l	V3NTdGFydEZyYW1l	43	94489281897
68719480606	107374182572	PHRtcD45	PHRtcD45	QU5Z	43	94489281896
68719480607	107374182572	PHRtcD45	PHRtcD45	QU5Z	43	94489281896
68719480608	107374182572	PHRtcD45	PHRtcD45	QU5Z	43	94489281896
68719480609	107374182572	UGVyZm9ybQ==	UGVyZm9ybQ==	UGVyZm9ybQ==	44	94489281895
68719480610	107374182572	PHRtcD4xMA==	PHRtcD4xMA==	QU5Z	44	94489281894
68719480611	107374182572	PHRtcD4xMA==	PHRtcD4xMA==	QU5Z	44	94489281894
68719480612	107374182572	PHRtcD4xMA==	PHRtcD4xMA==	QU5Z	44	94489281894
68719480613	107374182572	VXBrZWVw	VXBrZWVw	VXBrZWVw	45	94489281893
68719480614	107374182572	PHRtcD4xMQ==	PHRtcD4xMQ==	QU5Z	45	94489281892
68719480615	107374182572	PHRtcD4xMQ==	PHRtcD4xMQ==	QU5Z	45	94489281892
68719480616	107374182572	PHRtcD4xMQ==	PHRtcD4xMQ==	QU5Z	45	94489281892
68719480617	107374182572	UGF1c2U=	UGF1c2U=	UGF1c2U=	46	94489281891
68719480618	107374182572	PHRtcD4xMg==	PHRtcD4xMg==	QU5Z	46	94489281890
68719480619	107374182572	PHRtcD4xMg==	PHRtcD4xMg==	QU5Z	46	94489281890
68719480620	107374182572	PHRtcD4xMg==	PHRtcD4xMg==	QU5Z	46	94489281890
68719480621	107374182572	UmVzZXQ=	UmVzZXQ=	UmVzZXQ=	47	94489281889
68719480622	107374182572	PHRtcD4xMw==	PHRtcD4xMw==	QU5Z	47	94489281888
68719480623	107374182572	PHRtcD4xMw==	PHRtcD4xMw==	QU5Z	47	94489281888
68719480624	107374182572	PHRtcD4xMw==	PHRtcD4xMw==	QU5Z	47	94489281888
68719480625	107374182572	RHVwSGFuZGxl	RHVwSGFuZGxl	RHVwSGFuZGxl	48	94489281887
68719480626	107374182572	PHRtcD4xNA==	PHRtcD4xNA==	QU5Z	48	94489281886
68719480627	107374182572	PHRtcD4xNA==	PHRtcD4xNA==	QU5Z	48	94489281886
68719480628	107374182572	PHRtcD4xNA==	PHRtcD4xNA==	QU5Z	48	94489281886
68719480629	107374182572	T25Tb2NrZXRFdmVudA==	T25Tb2NrZXRFdmVudA==	T25Tb2NrZXRFdmVudA==	49	94489281885
68719480630	107374182572	PHRtcD4xNQ==	PHRtcD4xNQ==	QU5Z	49	94489281884
68719480631	107374182572	PHRtcD4xNQ==	PHRtcD4xNQ==	QU5Z	49	94489281884
68719480632	107374182572	PHRtcD4xNQ==	PHRtcD4xNQ==	QU5Z	49	94489281884
68719480633	107374182572	TW9uaXRvclNvY2tldEV2ZW50cw==	TW9uaXRvclNvY2tldEV2ZW50cw==	TW9uaXRvclNvY2tldEV2ZW50cw==	50	94489281883
68719480634	107374182572	PHRtcD4xNg==	PHRtcD4xNg==	QU5Z	50	94489281882
68719480635	107374182572	PHRtcD4xNg==	PHRtcD4xNg==	QU5Z	50	94489281882
68719480636	107374182572	PHRtcD4xNg==	PHRtcD4xNg==	QU5Z	50	94489281882
68719480637	107374182572	VW5tb25pdG9yU29ja2V0RXZlbnRz	VW5tb25pdG9yU29ja2V0RXZlbnRz	VW5tb25pdG9yU29ja2V0RXZlbnRz	51	94489281881
68719480638	107374182572	PHRtcD4xNw==	PHRtcD4xNw==	QU5Z	51	94489281880
68719480639	107374182572	PHRtcD4xNw==	PHRtcD4xNw==	QU5Z	51	94489281880
68719480640	107374182572	PHRtcD4xNw==	PHRtcD4xNw==	QU5Z	51	94489281880
68719480641	107374182572	Q2xvc2U=	Q2xvc2U=	Q2xvc2U=	52	94489281879
68719480642	107374182572	PHRtcD4xOA==	PHRtcD4xOA==	QU5Z	52	94489281878
68719480643	107374182572	PHRtcD4xOA==	PHRtcD4xOA==	QU5Z	52	94489281878
68719480644	107374182572	PHRtcD4xOA==	PHRtcD4xOA==	QU5Z	52	94489281878
68719480645	107374182572	U3RyRXJyb3I=	U3RyRXJyb3I=	U3RyRXJyb3I=	54	94489281877
68719480646	107374182572	PHRtcD4xOQ==	PHRtcD4xOQ==	QU5Z	54	94489281876
68719480647	107374182572	PHRtcD4xOQ==	PHRtcD4xOQ==	QU5Z	54	94489281876
68719480648	107374182572	PHRtcD4xOQ==	PHRtcD4xOQ==	QU5Z	54	94489281876
68719480649	107374182572	R2V0dGVySWQ=	R2V0dGVySWQ=	R2V0dGVySWQ=	60	94489281875
68719480650	107374182572	PHRtcD4yMA==	PHRtcD4yMA==	QU5Z	60	94489281874
68719480651	107374182572	PHRtcD4yMA==	PHRtcD4yMA==	QU5Z	60	94489281874
68719480652	107374182572	PHRtcD4yMA==	PHRtcD4yMA==	QU5Z	60	94489281874
68719480653	107374182572	R2V0dGVySXNJbnNpZGVNdWx0aUhhbmRsZQ==	R2V0dGVySXNJbnNpZGVNdWx0aUhhbmRsZQ==	R2V0dGVySXNJbnNpZGVNdWx0aUhhbmRsZQ==	61	94489281873
68719480654	107374182572	PHRtcD4yMQ==	PHRtcD4yMQ==	QU5Z	61	94489281872
68719480655	107374182572	PHRtcD4yMQ==	PHRtcD4yMQ==	QU5Z	61	94489281872
68719480656	107374182572	PHRtcD4yMQ==	PHRtcD4yMQ==	QU5Z	61	94489281872
68719480657	107374182572	R2V0dGVySXNNb25pdG9yaW5nU29ja2V0cw==	R2V0dGVySXNNb25pdG9yaW5nU29ja2V0cw==	R2V0dGVySXNNb25pdG9yaW5nU29ja2V0cw==	62	94489281871
68719480658	107374182572	PHRtcD4yMg==	PHRtcD4yMg==	QU5Z	62	94489281870
68719480659	107374182572	PHRtcD4yMg==	PHRtcD4yMg==	QU5Z	62	94489281870
68719480660	107374182572	PHRtcD4yMg==	PHRtcD4yMg==	QU5Z	62	94489281870
68719480661	107374182572	R2V0dGVySXNPcGVu	R2V0dGVySXNPcGVu	R2V0dGVySXNPcGVu	63	94489281869
68719480662	107374182572	PHRtcD4yMw==	PHRtcD4yMw==	QU5Z	63	94489281868
68719480663	107374182572	PHRtcD4yMw==	PHRtcD4yMw==	QU5Z	63	94489281868
68719480664	107374182572	PHRtcD4yMw==	PHRtcD4yMw==	QU5Z	63	94489281868
68719480665	107374182572	R2V0dGVyUGF1c2VGbGFncw==	R2V0dGVyUGF1c2VGbGFncw==	R2V0dGVyUGF1c2VGbGFncw==	64	94489281867
68719480666	107374182572	PHRtcD4yNA==	PHRtcD4yNA==	QU5Z	64	94489281866
68719480667	107374182572	PHRtcD4yNA==	PHRtcD4yNA==	QU5Z	64	94489281866
68719480668	107374182572	PHRtcD4yNA==	PHRtcD4yNA==	QU5Z	64	94489281866
68719480669	107374182572	R2V0dGVySXNQYXVzZWRSZWN2	R2V0dGVySXNQYXVzZWRSZWN2	R2V0dGVySXNQYXVzZWRSZWN2	65	94489281865
68719480670	107374182572	PHRtcD4yNQ==	PHRtcD4yNQ==	QU5Z	65	94489281864
68719480671	107374182572	PHRtcD4yNQ==	PHRtcD4yNQ==	QU5Z	65	94489281864
68719480672	107374182572	PHRtcD4yNQ==	PHRtcD4yNQ==	QU5Z	65	94489281864
68719480673	107374182572	R2V0dGVySXNQYXVzZWRTZW5k	R2V0dGVySXNQYXVzZWRTZW5k	R2V0dGVySXNQYXVzZWRTZW5k	66	94489281863
68719480674	107374182572	PHRtcD4yNg==	PHRtcD4yNg==	QU5Z	66	94489281862
68719480675	107374182572	PHRtcD4yNg==	PHRtcD4yNg==	QU5Z	66	94489281862
68719480676	107374182572	PHRtcD4yNg==	PHRtcD4yNg==	QU5Z	66	94489281862
68719480677	107374182572	aXNJbnNpZGVNdWx0aUhhbmRsZQ==	aXNJbnNpZGVNdWx0aUhhbmRsZQ==	Ym9vbA==	70	94489281861
68719480678	107374182572	aXNPcGVu	aXNPcGVu	Ym9vbA==	71	94489281860
68719480679	107374182572	cGF1c2VTdGF0ZQ==	cGF1c2VTdGF0ZQ==	QU5Z	72	94489281859
68719480680	107374182572	Y2FsbGJhY2tFcnJvcg==	Y2FsbGJhY2tFcnJvcg==	T2JqZWN0UmVmZXJlbmNl	76	94489281858
68719480681	107374182572	PHRtcD4yNw==	PHRtcD4yNw==	QU5Z	76	94489281857
68719480682	107374182572	PHRtcD4yNw==	PHRtcD4yNw==	QU5Z	76	94489281857
68719480683	107374182572	PHRtcD4yNw==	PHRtcD4yNw==	QU5Z	76	94489281857
68719480684	107374182572	RnJvbUNVUkxIYW5kbGU=	RnJvbUNVUkxIYW5kbGU=	RnJvbUNVUkxIYW5kbGU=	79	94489281856
68719480685	107374182572	PHRtcD4yOA==	PHRtcD4yOA==	QU5Z	79	94489281855
68719480686	107374182572	PHRtcD4yOA==	PHRtcD4yOA==	QU5Z	79	94489281855
68719480687	107374182572	PHRtcD4yOA==	PHRtcD4yOA==	QU5Z	79	94489281855
68719480688	107374182572	Q2FsbGJhY2tzTWFw	Q2FsbGJhY2tzTWFw	Q2FsbGJhY2tzTWFw	99	94489281854
68719480689	107374182572	PHRtcD4yOQ==	PHRtcD4yOQ==	QU5Z	99	94489281853
68719480690	107374182572	PHRtcD4yOQ==	PHRtcD4yOQ==	QU5Z	99	94489281853
68719480691	107374182572	PHRtcD4yOQ==	PHRtcD4yOQ==	QU5Z	99	94489281853
68719480692	107374182572	Y2JPblNvY2tldEV2ZW50	Y2JPblNvY2tldEV2ZW50	RnVuY3Rpb25SZWZlcmVuY2U=	101	94489281852
68719480693	107374182572	PHRtcD4zMA==	PHRtcD4zMA==	QU5Z	101	94489281851
68719480694	107374182572	PHRtcD4zMA==	PHRtcD4zMA==	QU5Z	101	94489281851
68719480695	107374182572	PHRtcD4zMA==	PHRtcD4zMA==	QU5Z	101	94489281851
68719480696	107374182572	Y2JPblNvY2tldEV2ZW50QXN5bmNDb250ZXh0	Y2JPblNvY2tldEV2ZW50QXN5bmNDb250ZXh0	QU5Z	102	94489281850
68719480697	107374182572	PHRtcD4zMQ==	PHRtcD4zMQ==	QU5Z	102	94489281849
68719480698	107374182572	PHRtcD4zMQ==	PHRtcD4zMQ==	QU5Z	102	94489281849
68719480699	107374182572	PHRtcD4zMQ==	PHRtcD4zMQ==	QU5Z	102	94489281849
68719480700	107374182572	c29ja2V0UG9sbEhhbmRsZQ==	c29ja2V0UG9sbEhhbmRsZQ==	QU5Z	105	94489281848
68719480701	107374182572	aXNNb25pdG9yaW5nU29ja2V0cw==	aXNNb25pdG9yaW5nU29ja2V0cw==	Ym9vbA==	106	94489281847
68719480702	107374182572	aXNDYlByb2dyZXNzQWxyZWFkeUFib3J0ZWQ=	aXNDYlByb2dyZXNzQWxyZWFkeUFib3J0ZWQ=	Ym9vbA==	109	94489281846
68719480703	107374182572	cmVhZERhdGFGaWxlRGVzY3JpcHRvcg==	cmVhZERhdGFGaWxlRGVzY3JpcHRvcg==	QU5Z	112	94489281845
68719480704	107374182572	cmVhZERhdGFPZmZzZXQ=	cmVhZERhdGFPZmZzZXQ=	QU5Z	113	94489281844
68719480705	107374182572	dG9GcmVl	dG9GcmVl	QU5Z	116	94489281843
68719480706	107374182572	aHN0c1JlYWRDYWNoZQ==	aHN0c1JlYWRDYWNoZQ==	QU5Z	119	94489281842
68719480707	107374182572	PHRtcD4zMg==	PHRtcD4zMg==	QU5Z	119	94489281841
68719480708	107374182572	PHRtcD4zMg==	PHRtcD4zMg==	QU5Z	119	94489281841
68719480709	107374182572	PHRtcD4zMg==	PHRtcD4zMg==	QU5Z	119	94489281841
68719480710	107374182572	d2FzSHN0c1JlYWRDYWNoZVNldA==	d2FzSHN0c1JlYWRDYWNoZVNldA==	Ym9vbA==	120	94489281840
68719480711	107374182572	bmV4dElk	bmV4dElk	QU5Z	123	94489281839
68719480712	107374182572	PHRtcD4zMw==	PHRtcD4zMw==	QU5Z	123	94489281838
68719480713	107374182572	PHRtcD4zMw==	PHRtcD4zMw==	QU5Z	123	94489281838
68719480714	107374182572	PHRtcD4zMw==	PHRtcD4zMw==	QU5Z	123	94489281838
68719480715	107374182572	Q3JlYXRlVjhPYmplY3RGcm9tQ3VybEZpbGVJbmZv	Q3JlYXRlVjhPYmplY3RGcm9tQ3VybEZpbGVJbmZv	Q3JlYXRlVjhPYmplY3RGcm9tQ3VybEZpbGVJbmZv	153	94489281837
68719480716	107374182572	PHRtcD4zNA==	PHRtcD4zNA==	QU5Z	153	94489281836
68719480717	107374182572	PHRtcD4zNA==	PHRtcD4zNA==	QU5Z	153	94489281836
68719480718	107374182572	PHRtcD4zNA==	PHRtcD4zNA==	QU5Z	153	94489281836
68719480564	107374182573	dGhpcw==	dGhpcw==	Tm9kZUxpYmN1cmwuRWFzeSo=	57	111669150068
68719480564	107374182576	dGhpcw==	dGhpcw==	Tm9kZUxpYmN1cmwuRWFzeSo=	57	111669150068
68719480565	107374182576	R2V0SW5mb1RtcGw=	R2V0SW5mb1RtcGw=	R2V0SW5mb1RtcGw=	152	94489281917
68719480566	107374182576	PHRtcD4w	PHRtcD4w	QU5Z	152	94489281916
68719480567	107374182576	PHRtcD4w	PHRtcD4w	QU5Z	152	94489281916
68719480568	107374182576	PHRtcD4w	PHRtcD4w	QU5Z	152	94489281916
68719480569	107374182576	SW5pdA==	SW5pdA==	SW5pdA==	33	94489281915
68719480570	107374182576	PHRtcD4w	PHRtcD4w	QU5Z	33	94489281914
68719480571	107374182576	PHRtcD4w	PHRtcD4w	QU5Z	33	94489281914
68719480572	107374182576	PHRtcD4w	PHRtcD4w	QU5Z	33	94489281914
68719480573	107374182576	RGVidWdMb2c=	RGVidWdMb2c=	RGVidWdMb2c=	35	94489281913
68719480574	107374182576	PHRtcD4x	PHRtcD4x	QU5Z	35	94489281912
68719480575	107374182576	PHRtcD4x	PHRtcD4x	QU5Z	35	94489281912
68719480576	107374182576	PHRtcD4x	PHRtcD4x	QU5Z	35	94489281912
68719480577	107374182576	U2V0T3B0	U2V0T3B0	U2V0T3B0	36	94489281911
68719480578	107374182576	PHRtcD4y	PHRtcD4y	QU5Z	36	94489281910
68719480579	107374182576	PHRtcD4y	PHRtcD4y	QU5Z	36	94489281910
68719480580	107374182576	PHRtcD4y	PHRtcD4y	QU5Z	36	94489281910
68719480581	107374182576	R2V0SW5mbw==	R2V0SW5mbw==	R2V0SW5mbw==	37	94489281909
68719480582	107374182576	PHRtcD4z	PHRtcD4z	QU5Z	37	94489281908
68719480583	107374182576	PHRtcD4z	PHRtcD4z	QU5Z	37	94489281908
68719480584	107374182576	PHRtcD4z	PHRtcD4z	QU5Z	37	94489281908
68719480585	107374182576	U2VuZA==	U2VuZA==	U2VuZA==	38	94489281907
68719480586	107374182576	PHRtcD40	PHRtcD40	QU5Z	38	94489281906
68719480587	107374182576	PHRtcD40	PHRtcD40	QU5Z	38	94489281906
68719480588	107374182576	PHRtcD40	PHRtcD40	QU5Z	38	94489281906
68719480589	107374182576	UmVjdg==	UmVjdg==	UmVjdg==	39	94489281905
68719480590	107374182576	PHRtcD41	PHRtcD41	QU5Z	39	94489281904
68719480591	107374182576	PHRtcD41	PHRtcD41	QU5Z	39	94489281904
68719480592	107374182576	PHRtcD41	PHRtcD41	QU5Z	39	94489281904
68719480593	107374182576	V3NSZWN2	V3NSZWN2	V3NSZWN2	40	94489281903
68719480594	107374182576	PHRtcD42	PHRtcD42	QU5Z	40	94489281902
68719480595	107374182576	PHRtcD42	PHRtcD42	QU5Z	40	94489281902
68719480596	107374182576	PHRtcD42	PHRtcD42	QU5Z	40	94489281902
68719480597	107374182576	V3NTZW5k	V3NTZW5k	V3NTZW5k	41	94489281901
68719480598	107374182576	PHRtcD43	PHRtcD43	QU5Z	41	94489281900
68719480599	107374182576	PHRtcD43	PHRtcD43	QU5Z	41	94489281900
68719480600	107374182576	PHRtcD43	PHRtcD43	QU5Z	41	94489281900
68719480601	107374182576	V3NNZXRh	V3NNZXRh	V3NNZXRh	42	94489281899
68719480602	107374182576	PHRtcD44	PHRtcD44	QU5Z	42	94489281898
68719480603	107374182576	PHRtcD44	PHRtcD44	QU5Z	42	94489281898
68719480604	107374182576	PHRtcD44	PHRtcD44	QU5Z	42	94489281898
68719480605	107374182576	V3NTdGFydEZyYW1l	V3NTdGFydEZyYW1l	V3NTdGFydEZyYW1l	43	94489281897
68719480606	107374182576	PHRtcD45	PHRtcD45	QU5Z	43	94489281896
68719480607	107374182576	PHRtcD45	PHRtcD45	QU5Z	43	94489281896
68719480608	107374182576	PHRtcD45	PHRtcD45	QU5Z	43	94489281896
68719480609	107374182576	UGVyZm9ybQ==	UGVyZm9ybQ==	UGVyZm9ybQ==	44	94489281895
68719480610	107374182576	PHRtcD4xMA==	PHRtcD4xMA==	QU5Z	44	94489281894
68719480611	107374182576	PHRtcD4xMA==	PHRtcD4xMA==	QU5Z	44	94489281894
68719480612	107374182576	PHRtcD4xMA==	PHRtcD4xMA==	QU5Z	44	94489281894
68719480613	107374182576	VXBrZWVw	VXBrZWVw	VXBrZWVw	45	94489281893
68719480614	107374182576	PHRtcD4xMQ==	PHRtcD4xMQ==	QU5Z	45	94489281892
68719480615	107374182576	PHRtcD4xMQ==	PHRtcD4xMQ==	QU5Z	45	94489281892
68719480616	107374182576	PHRtcD4xMQ==	PHRtcD4xMQ==	QU5Z	45	94489281892
68719480617	107374182576	UGF1c2U=	UGF1c2U=	UGF1c2U=	46	94489281891
68719480618	107374182576	PHRtcD4xMg==	PHRtcD4xMg==	QU5Z	46	94489281890
68719480619	107374182576	PHRtcD4xMg==	PHRtcD4xMg==	QU5Z	46	94489281890
68719480620	107374182576	PHRtcD4xMg==	PHRtcD4xMg==	QU5Z	46	94489281890
68719480621	107374182576	UmVzZXQ=	UmVzZXQ=	UmVzZXQ=	47	94489281889
68719480622	107374182576	PHRtcD4xMw==	PHRtcD4xMw==	QU5Z	47	94489281888
68719480623	107374182576	PHRtcD4xMw==	PHRtcD4xMw==	QU5Z	47	94489281888
68719480624	107374182576	PHRtcD4xMw==	PHRtcD4xMw==	QU5Z	47	94489281888
68719480625	107374182576	RHVwSGFuZGxl	RHVwSGFuZGxl	RHVwSGFuZGxl	48	94489281887
68719480626	107374182576	PHRtcD4xNA==	PHRtcD4xNA==	QU5Z	48	94489281886
68719480627	107374182576	PHRtcD4xNA==	PHRtcD4xNA==	QU5Z	48	94489281886
68719480628	107374182576	PHRtcD4xNA==	PHRtcD4xNA==	QU5Z	48	94489281886
68719480629	107374182576	T25Tb2NrZXRFdmVudA==	T25Tb2NrZXRFdmVudA==	T25Tb2NrZXRFdmVudA==	49	94489281885
68719480630	107374182576	PHRtcD4xNQ==	PHRtcD4xNQ==	QU5Z	49	94489281884
68719480631	107374182576	PHRtcD4xNQ==	PHRtcD4xNQ==	QU5Z	49	94489281884
68719480632	107374182576	PHRtcD4xNQ==	PHRtcD4xNQ==	QU5Z	49	94489281884
68719480633	107374182576	TW9uaXRvclNvY2tldEV2ZW50cw==	TW9uaXRvclNvY2tldEV2ZW50cw==	TW9uaXRvclNvY2tldEV2ZW50cw==	50	94489281883
68719480634	107374182576	PHRtcD4xNg==	PHRtcD4xNg==	QU5Z	50	94489281882
68719480635	107374182576	PHRtcD4xNg==	PHRtcD4xNg==	QU5Z	50	94489281882
68719480636	107374182576	PHRtcD4xNg==	PHRtcD4xNg==	QU5Z	50	94489281882
68719480637	107374182576	VW5tb25pdG9yU29ja2V0RXZlbnRz	VW5tb25pdG9yU29ja2V0RXZlbnRz	VW5tb25pdG9yU29ja2V0RXZlbnRz	51	94489281881
68719480638	107374182576	PHRtcD4xNw==	PHRtcD4xNw==	QU5Z	51	94489281880
68719480639	107374182576	PHRtcD4xNw==	PHRtcD4xNw==	QU5Z	51	94489281880
68719480640	107374182576	PHRtcD4xNw==	PHRtcD4xNw==	QU5Z	51	94489281880
68719480641	107374182576	Q2xvc2U=	Q2xvc2U=	Q2xvc2U=	52	94489281879
68719480642	107374182576	PHRtcD4xOA==	PHRtcD4xOA==	QU5Z	52	94489281878
68719480643	107374182576	PHRtcD4xOA==	PHRtcD4xOA==	QU5Z	52	94489281878
68719480644	107374182576	PHRtcD4xOA==	PHRtcD4xOA==	QU5Z	52	94489281878
68719480645	107374182576	U3RyRXJyb3I=	U3RyRXJyb3I=	U3RyRXJyb3I=	54	94489281877
68719480646	107374182576	PHRtcD4xOQ==	PHRtcD4xOQ==	QU5Z	54	94489281876
68719480647	107374182576	PHRtcD4xOQ==	PHRtcD4xOQ==	QU5Z	54	94489281876
68719480648	107374182576	PHRtcD4xOQ==	PHRtcD4xOQ==	QU5Z	54	94489281876
68719480649	107374182576	R2V0dGVySWQ=	R2V0dGVySWQ=	R2V0dGVySWQ=	60	94489281875
68719480650	107374182576	PHRtcD4yMA==	PHRtcD4yMA==	QU5Z	60	94489281874
68719480651	107374182576	PHRtcD4yMA==	PHRtcD4yMA==	QU5Z	60	94489281874
68719480652	107374182576	PHRtcD4yMA==	PHRtcD4yMA==	QU5Z	60	94489281874
68719480653	107374182576	R2V0dGVySXNJbnNpZGVNdWx0aUhhbmRsZQ==	R2V0dGVySXNJbnNpZGVNdWx0aUhhbmRsZQ==	R2V0dGVySXNJbnNpZGVNdWx0aUhhbmRsZQ==	61	94489281873
68719480654	107374182576	PHRtcD4yMQ==	PHRtcD4yMQ==	QU5Z	61	94489281872
68719480655	107374182576	PHRtcD4yMQ==	PHRtcD4yMQ==	QU5Z	61	94489281872
68719480656	107374182576	PHRtcD4yMQ==	PHRtcD4yMQ==	QU5Z	61	94489281872
68719480657	107374182576	R2V0dGVySXNNb25pdG9yaW5nU29ja2V0cw==	R2V0dGVySXNNb25pdG9yaW5nU29ja2V0cw==	R2V0dGVySXNNb25pdG9yaW5nU29ja2V0cw==	62	94489281871
68719480658	107374182576	PHRtcD4yMg==	PHRtcD4yMg==	QU5Z	62	94489281870
68719480659	107374182576	PHRtcD4yMg==	PHRtcD4yMg==	QU5Z	62	94489281870
68719480660	107374182576	PHRtcD4yMg==	PHRtcD4yMg==	QU5Z	62	94489281870
68719480661	107374182576	R2V0dGVySXNPcGVu	R2V0dGVySXNPcGVu	R2V0dGVySXNPcGVu	63	94489281869
68719480662	107374182576	PHRtcD4yMw==	PHRtcD4yMw==	QU5Z	63	94489281868
68719480663	107374182576	PHRtcD4yMw==	PHRtcD4yMw==	QU5Z	63	94489281868
68719480664	107374182576	PHRtcD4yMw==	PHRtcD4yMw==	QU5Z	63	94489281868
68719480665	107374182576	R2V0dGVyUGF1c2VGbGFncw==	R2V0dGVyUGF1c2VGbGFncw==	R2V0dGVyUGF1c2VGbGFncw==	64	94489281867
68719480666	107374182576	PHRtcD4yNA==	PHRtcD4yNA==	QU5Z	64	94489281866
68719480667	107374182576	PHRtcD4yNA==	PHRtcD4yNA==	QU5Z	64	94489281866
68719480668	107374182576	PHRtcD4yNA==	PHRtcD4yNA==	QU5Z	64	94489281866
68719480669	107374182576	R2V0dGVySXNQYXVzZWRSZWN2	R2V0dGVySXNQYXVzZWRSZWN2	R2V0dGVySXNQYXVzZWRSZWN2	65	94489281865
68719480670	107374182576	PHRtcD4yNQ==	PHRtcD4yNQ==	QU5Z	65	94489281864
68719480671	107374182576	PHRtcD4yNQ==	PHRtcD4yNQ==	QU5Z	65	94489281864
68719480672	107374182576	PHRtcD4yNQ==	PHRtcD4yNQ==	QU5Z	65	94489281864
68719480673	107374182576	R2V0dGVySXNQYXVzZWRTZW5k	R2V0dGVySXNQYXVzZWRTZW5k	R2V0dGVySXNQYXVzZWRTZW5k	66	94489281863
68719480674	107374182576	PHRtcD4yNg==	PHRtcD4yNg==	QU5Z	66	94489281862
68719480675	107374182576	PHRtcD4yNg==	PHRtcD4yNg==	QU5Z	66	94489281862
68719480676	107374182576	PHRtcD4yNg==	PHRtcD4yNg==	QU5Z	66	94489281862
68719480677	107374182576	aXNJbnNpZGVNdWx0aUhhbmRsZQ==	aXNJbnNpZGVNdWx0aUhhbmRsZQ==	Ym9vbA==	70	94489281861
68719480678	107374182576	aXNPcGVu	aXNPcGVu	Ym9vbA==	71	94489281860
68719480679	107374182576	cGF1c2VTdGF0ZQ==	cGF1c2VTdGF0ZQ==	QU5Z	72	94489281859
68719480680	107374182576	Y2FsbGJhY2tFcnJvcg==	Y2FsbGJhY2tFcnJvcg==	T2JqZWN0UmVmZXJlbmNl	76	94489281858
68719480681	107374182576	PHRtcD4yNw==	PHRtcD4yNw==	QU5Z	76	94489281857
68719480682	107374182576	PHRtcD4yNw==	PHRtcD4yNw==	QU5Z	76	94489281857
68719480683	107374182576	PHRtcD4yNw==	PHRtcD4yNw==	QU5Z	76	94489281857
68719480684	107374182576	RnJvbUNVUkxIYW5kbGU=	RnJvbUNVUkxIYW5kbGU=	RnJvbUNVUkxIYW5kbGU=	79	94489281856
68719480685	107374182576	PHRtcD4yOA==	PHRtcD4yOA==	QU5Z	79	94489281855
68719480686	107374182576	PHRtcD4yOA==	PHRtcD4yOA==	QU5Z	79	94489281855
68719480687	107374182576	PHRtcD4yOA==	PHRtcD4yOA==	QU5Z	79	94489281855
68719480688	107374182576	Q2FsbGJhY2tzTWFw	Q2FsbGJhY2tzTWFw	Q2FsbGJhY2tzTWFw	99	94489281854
68719480689	107374182576	PHRtcD4yOQ==	PHRtcD4yOQ==	QU5Z	99	94489281853
68719480690	107374182576	PHRtcD4yOQ==	PHRtcD4yOQ==	QU5Z	99	94489281853
68719480691	107374182576	PHRtcD4yOQ==	PHRtcD4yOQ==	QU5Z	99	94489281853
68719480692	107374182576	Y2JPblNvY2tldEV2ZW50	Y2JPblNvY2tldEV2ZW50	RnVuY3Rpb25SZWZlcmVuY2U=	101	94489281852
68719480693	107374182576	PHRtcD4zMA==	PHRtcD4zMA==	QU5Z	101	94489281851
68719480694	107374182576	PHRtcD4zMA==	PHRtcD4zMA==	QU5Z	101	94489281851
68719480695	107374182576	PHRtcD4zMA==	PHRtcD4zMA==	QU5Z	101	94489281851
68719480696	107374182576	Y2JPblNvY2tldEV2ZW50QXN5bmNDb250ZXh0	Y2JPblNvY2tldEV2ZW50QXN5bmNDb250ZXh0	QU5Z	102	94489281850
68719480697	107374182576	PHRtcD4zMQ==	PHRtcD4zMQ==	QU5Z	102	94489281849
68719480698	107374182576	PHRtcD4zMQ==	PHRtcD4zMQ==	QU5Z	102	94489281849
68719480699	107374182576	PHRtcD4zMQ==	PHRtcD4zMQ==	QU5Z	102	94489281849
68719480700	107374182576	c29ja2V0UG9sbEhhbmRsZQ==	c29ja2V0UG9sbEhhbmRsZQ==	QU5Z	105	94489281848
68719480701	107374182576	aXNNb25pdG9yaW5nU29ja2V0cw==	aXNNb25pdG9yaW5nU29ja2V0cw==	Ym9vbA==	106	94489281847
68719480702	107374182576	aXNDYlByb2dyZXNzQWxyZWFkeUFib3J0ZWQ=	aXNDYlByb2dyZXNzQWxyZWFkeUFib3J0ZWQ=	Ym9vbA==	109	94489281846
68719480703	107374182576	cmVhZERhdGFGaWxlRGVzY3JpcHRvcg==	cmVhZERhdGFGaWxlRGVzY3JpcHRvcg==	QU5Z	112	94489281845
68719480704	107374182576	cmVhZERhdGFPZmZzZXQ=	cmVhZERhdGFPZmZzZXQ=	QU5Z	113	94489281844
68719480705	107374182576	dG9GcmVl	dG9GcmVl	QU5Z	116	94489281843
68719480706	107374182576	aHN0c1JlYWRDYWNoZQ==	aHN0c1JlYWRDYWNoZQ==	QU5Z	119	94489281842
68719480707	107374182576	PHRtcD4zMg==	PHRtcD4zMg==	QU5Z	119	94489281841
68719480708	107374182576	PHRtcD4zMg==	PHRtcD4zMg==	QU5Z	119	94489281841
68719480709	107374182576	PHRtcD4zMg==	PHRtcD4zMg==	QU5Z	119	94489281841
68719480710	107374182576	d2FzSHN0c1JlYWRDYWNoZVNldA==	d2FzSHN0c1JlYWRDYWNoZVNldA==	Ym9vbA==	120	94489281840
68719480711	107374182576	bmV4dElk	bmV4dElk	QU5Z	123	94489281839
68719480712	107374182576	PHRtcD4zMw==	PHRtcD4zMw==	QU5Z	123	94489281838
68719480713	107374182576	PHRtcD4zMw==	PHRtcD4zMw==	QU5Z	123	94489281838
68719480714	107374182576	PHRtcD4zMw==	PHRtcD4zMw==	QU5Z	123	94489281838
68719480715	107374182576	Q3JlYXRlVjhPYmplY3RGcm9tQ3VybEZpbGVJbmZv	Q3JlYXRlVjhPYmplY3RGcm9tQ3VybEZpbGVJbmZv	Q3JlYXRlVjhPYmplY3RGcm9tQ3VybEZpbGVJbmZv	153	94489281837
68719480716	107374182576	PHRtcD4zNA==	PHRtcD4zNA==	QU5Z	153	94489281836
68719480717	107374182576	PHRtcD4zNA==	PHRtcD4zNA==	QU5Z	153	94489281836
68719480718	107374182576	PHRtcD4zNA==	PHRtcD4zNA==	QU5Z	153	94489281836
68719479528	107374182576	ZW52	ZW52	TmFwaS5FbnY=	43	94489281479
68719479529	107374182576	aW5mbw==	aW5mbw==	TmFwaS5DYWxsYmFja0luZm8m	43	111669149980
68719479530	107374182576	Y3VybA==	Y3VybA==	QU5Z	44	94489281480
68719479531	107374182576	ZW52	ZW52	TmFwaS5FbnY=	44	94489281479
68719479532	107374182576	c2hvdWxkVXNlTm90aWZpY2F0aW9uc0FwaQ==	c2hvdWxkVXNlTm90aWZpY2F0aW9uc0FwaQ==	Ym9vbA==	49	94489281481
68719479533	107374182576	aW5mbw==	aW5mbw==	TmFwaS5DYWxsYmFja0luZm8m	52	111669149980
68719479534	107374182576	aW5mbw==	aW5mbw==	TmFwaS5DYWxsYmFja0luZm8m	52	111669149980
68719479535	107374182576	b3B0aW9ucw==	b3B0aW9ucw==	TmFwaS5PYmplY3Q=	53	94489281482
68719479536	107374182576	aW5mbw==	aW5mbw==	TmFwaS5DYWxsYmFja0luZm8m	53	111669149980
68719479537	107374182576	b3B0aW9ucw==	b3B0aW9ucw==	TmFwaS5PYmplY3Q=	54	94489281482
68719479538	107374182576	dmFsdWU=	dmFsdWU=	TmFwaS5WYWx1ZQ==	55	94489281483
68719479539	107374182576	b3B0aW9ucw==	b3B0aW9ucw==	TmFwaS5PYmplY3Q=	55	94489281482
68719479540	107374182576	dmFsdWU=	dmFsdWU=	TmFwaS5WYWx1ZQ==	56	94489281483
68719479541	107374182576	c2hvdWxkVXNlTm90aWZpY2F0aW9uc0FwaQ==	c2hvdWxkVXNlTm90aWZpY2F0aW9uc0FwaQ==	Ym9vbA==	57	94489281481
68719479542	107374182576	dmFsdWU=	dmFsdWU=	TmFwaS5WYWx1ZQ==	57	94489281483
68719479543	107374182576	dGhpcw==	dGhpcw==	Tm9kZUxpYmN1cmwuTXVsdGkq	63	111669149979
68719479544	107374182576	dGhpcw==	dGhpcw==	Tm9kZUxpYmN1cmwuTXVsdGkq	64	111669149979
68719479545	107374182576	dGhpcw==	dGhpcw==	Tm9kZUxpYmN1cmwuTXVsdGkq	67	111669149979
68719479546	107374182576	Q1VSTE1PUFRfU09DS0VURlVOQ1RJT04=	PHVua25vd24+IENVUkxNT1BUX1NPQ0tFVEZVTkNUSU9O	QU5Z	67	94489281663
68719479547	107374182576	dGhpcw==	dGhpcw==	Tm9kZUxpYmN1cmwuTXVsdGkq	68	111669149979
68719479548	107374182576	Q1VSTE1PUFRfU09DS0VUREFUQQ==	PHVua25vd24+IENVUkxNT1BUX1NPQ0tFVERBVEE=	QU5Z	68	94489281662
68719479549	107374182576	dGhpcw==	dGhpcw==	Tm9kZUxpYmN1cmwuTXVsdGkq	68	111669149979
68719479550	107374182576	dGhpcw==	dGhpcw==	Tm9kZUxpYmN1cmwuTXVsdGkq	69	111669149979
68719479551	107374182576	Q1VSTE1PUFRfVElNRVJGVU5DVElPTg==	PHVua25vd24+IENVUkxNT1BUX1RJTUVSRlVOQ1RJT04=	QU5Z	69	94489281661
68719479552	107374182576	dGhpcw==	dGhpcw==	Tm9kZUxpYmN1cmwuTXVsdGkq	70	111669149979
68719479553	107374182576	Q1VSTE1PUFRfVElNRVJEQVRB	PHVua25vd24+IENVUkxNT1BUX1RJTUVSREFUQQ==	QU5Z	70	94489281660
68719479554	107374182576	dGhpcw==	dGhpcw==	Tm9kZUxpYmN1cmwuTXVsdGkq	70	111669149979
68719479555	107374182576	bG9vcA==	bG9vcA==	dXZfbG9vcF90Kg==	72	94489281484
68719479556	107374182576	bmFwaV9yZXN1bHQ=	bmFwaV9yZXN1bHQ=	QU5Z	73	94489281485
68719479557	107374182576	ZW52	ZW52	TmFwaS5FbnY=	73	94489281479
68719479558	107374182576	bG9vcA==	bG9vcA==	dXZfbG9vcF90Kg==	73	94489281484
68719479559	107374182576	bmFwaV9yZXN1bHQ=	bmFwaV9yZXN1bHQ=	QU5Z	74	94489281485
68719479560	107374182576	bmFwaV9vaw==	PHVua25vd24+IG5hcGlfb2s=	QU5Z	74	94489281659
68719479561	107374182576	bG9vcA==	bG9vcA==	dXZfbG9vcF90Kg==	76	94489281484
68719479562	107374182576	dGhpcw==	dGhpcw==	Tm9kZUxpYmN1cmwuTXVsdGkq	76	111669149979
68719479563	107374182576	dGhpcw==	dGhpcw==	Tm9kZUxpYmN1cmwuTXVsdGkq	77	111669149979
68719479564	107374182576	dGhpcw==	dGhpcw==	Tm9kZUxpYmN1cmwuTXVsdGkq	77	111669149979
68719479565	107374182576	dGhpcw==	dGhpcw==	Tm9kZUxpYmN1cmwuTXVsdGkq	79	111669149979
68719479566	107374182576	c2hvdWxkVXNlTm90aWZpY2F0aW9uc0FwaQ==	c2hvdWxkVXNlTm90aWZpY2F0aW9uc0FwaQ==	Ym9vbA==	82	94489281481
68719479567	107374182576	ZW52	ZW52	TmFwaS5FbnY=	104	94489281479
68719479568	107374182576	dGhpcw==	dGhpcw==	Tm9kZUxpYmN1cmwuTXVsdGkq	104	111669149979
68719479569	107374182576	dGhpcw==	dGhpcw==	Tm9kZUxpYmN1cmwuTXVsdGkq	104	111669149979
68719479570	107374182576	Y3VybA==	Y3VybA==	QU5Z	106	94489281480
68719479571	107374182576	Q1VSTF9IQU5ETEVfVFlQRV9NVUxUSQ==	Q1VSTF9IQU5ETEVfVFlQRV9NVUxUSQ==	QU5Z	106	94489281658
68719479572	107374182576	PHRtcD4w	PHRtcD4w	TmFwaS5PYmplY3RXcmFw	41	94489281665
68719479573	107374182576	PHRtcD4w	PHRtcD4w	TmFwaS5PYmplY3RXcmFw	41	94489281665
68719479574	107374182576	aW5mbw==	aW5mbw==	TmFwaS5DYWxsYmFja0luZm8m	41	111669149980
68719479575	107374182576	PHRtcD4w	PHRtcD4w	TmFwaS5PYmplY3RXcmFw	41	94489281665
68719479576	107374182576	dGhpcw==	dGhpcw==	Tm9kZUxpYmN1cmwuTXVsdGkq	41	111669149979
68719479577	107374182576	bmV4dElk	bmV4dElk	QU5Z	41	94489281664
68719480719	107374182577	SW5pdA==	SW5pdA==	SW5pdA==	20	94489281926
68719480720	107374182577	PHRtcD4w	PHRtcD4w	QU5Z	20	94489281925
68719480721	107374182577	PHRtcD4w	PHRtcD4w	QU5Z	20	94489281925
68719480722	107374182577	PHRtcD4w	PHRtcD4w	QU5Z	20	94489281925
68719480723	107374182577	R2V0QnlJbmRleA==	R2V0QnlJbmRleA==	R2V0QnlJbmRleA==	31	94489281924
68719480724	107374182577	PHRtcD4x	PHRtcD4x	QU5Z	31	94489281923
68719480725	107374182577	PHRtcD4x	PHRtcD4x	QU5Z	31	94489281923
68719480726	107374182577	PHRtcD4x	PHRtcD4x	QU5Z	31	94489281923
68719480727	107374182577	R2V0QnlOYW1l	R2V0QnlOYW1l	R2V0QnlOYW1l	32	94489281922
68719480728	107374182577	PHRtcD4y	PHRtcD4y	QU5Z	32	94489281921
68719480729	107374182577	PHRtcD4y	PHRtcD4y	QU5Z	32	94489281921
68719480730	107374182577	PHRtcD4y	PHRtcD4y	QU5Z	32	94489281921
68719480731	107374182577	R2V0TnVtYmVyT2ZIZWFkZXJz	R2V0TnVtYmVyT2ZIZWFkZXJz	R2V0TnVtYmVyT2ZIZWFkZXJz	35	94489281920
68719480732	107374182577	PHRtcD4z	PHRtcD4z	QU5Z	35	94489281919
68719480733	107374182577	PHRtcD4z	PHRtcD4z	QU5Z	35	94489281919
68719480734	107374182577	PHRtcD4z	PHRtcD4z	QU5Z	35	94489281919
68719480719	107374182580	SW5pdA==	SW5pdA==	SW5pdA==	20	94489281926
68719480720	107374182580	PHRtcD4w	PHRtcD4w	QU5Z	20	94489281925
68719480721	107374182580	PHRtcD4w	PHRtcD4w	QU5Z	20	94489281925
68719480722	107374182580	PHRtcD4w	PHRtcD4w	QU5Z	20	94489281925
68719480723	107374182580	R2V0QnlJbmRleA==	R2V0QnlJbmRleA==	R2V0QnlJbmRleA==	31	94489281924
68719480724	107374182580	PHRtcD4x	PHRtcD4x	QU5Z	31	94489281923
68719480725	107374182580	PHRtcD4x	PHRtcD4x	QU5Z	31	94489281923
68719480726	107374182580	PHRtcD4x	PHRtcD4x	QU5Z	31	94489281923
68719480727	107374182580	R2V0QnlOYW1l	R2V0QnlOYW1l	R2V0QnlOYW1l	32	94489281922
68719480728	107374182580	PHRtcD4y	PHRtcD4y	QU5Z	32	94489281921
68719480729	107374182580	PHRtcD4y	PHRtcD4y	QU5Z	32	94489281921
68719480730	107374182580	PHRtcD4y	PHRtcD4y	QU5Z	32	94489281921
68719480731	107374182580	R2V0TnVtYmVyT2ZIZWFkZXJz	R2V0TnVtYmVyT2ZIZWFkZXJz	R2V0TnVtYmVyT2ZIZWFkZXJz	35	94489281920
68719480732	107374182580	PHRtcD4z	PHRtcD4z	QU5Z	35	94489281919
68719480733	107374182580	PHRtcD4z	PHRtcD4z	QU5Z	35	94489281919
68719480734	107374182580	PHRtcD4z	PHRtcD4z	QU5Z	35	94489281919
68719479463	107374182580	ZW52	ZW52	TmFwaS5FbnY=	19	94489281462
68719479464	107374182580	aW5mbw==	aW5mbw==	TmFwaS5DYWxsYmFja0luZm8m	19	111669149969
68719479465	107374182580	aW5mbw==	aW5mbw==	TmFwaS5DYWxsYmFja0luZm8m	21	111669149969
68719479466	107374182580	ZW52	ZW52	TmFwaS5FbnY=	22	94489281462
68719479467	107374182580	aW5mbw==	aW5mbw==	TmFwaS5DYWxsYmFja0luZm8m	26	111669149969
68719479468	107374182580	ZW52	ZW52	TmFwaS5FbnY=	27	94489281462
68719479469	107374182580	aW5mbw==	aW5mbw==	TmFwaS5DYWxsYmFja0luZm8m	32	111669149969
68719479470	107374182580	ZW52	ZW52	TmFwaS5FbnY=	33	94489281462
68719479471	107374182580	bWF5YmVIZWFkZXJzRXh0ZXJuYWw=	bWF5YmVIZWFkZXJzRXh0ZXJuYWw=	QU5Z	36	94489281463
68719479472	107374182580	aW5mbw==	aW5mbw==	TmFwaS5DYWxsYmFja0luZm8m	36	111669149969
68719479473	107374182580	bWF5YmVIZWFkZXJzRXh0ZXJuYWw=	bWF5YmVIZWFkZXJzRXh0ZXJuYWw=	QU5Z	38	94489281463
68719479474	107374182580	SFRUUDJfUFVTSF9GUkFNRV9IRUFERVJTX1RZUEVfVEFH	PGdsb2JhbD4gSFRUUDJfUFVTSF9GUkFNRV9IRUFERVJTX1RZUEVfVEFH	bmFwaV90eXBlX3RhZw==	38	94489281477
68719479475	107374182580	ZW52	ZW52	TmFwaS5FbnY=	39	94489281462
68719479476	107374182580	dGhpcw==	dGhpcw==	Tm9kZUxpYmN1cmwuSHR0cDJQdXNoRnJhbWVIZWFkZXJzKg==	42	111669149968
68719479477	107374182580	bWF5YmVIZWFkZXJzRXh0ZXJuYWw=	bWF5YmVIZWFkZXJzRXh0ZXJuYWw=	QU5Z	42	94489281463
68719479478	107374182580	dGhpcw==	dGhpcw==	Tm9kZUxpYmN1cmwuSHR0cDJQdXNoRnJhbWVIZWFkZXJzKg==	43	111669149968
68719479479	107374182580	aW5mbw==	aW5mbw==	TmFwaS5DYWxsYmFja0luZm8m	43	111669149969
68719479480	107374182580	PHRtcD4w	PHRtcD4w	TmFwaS5PYmplY3RXcmFw	18	94489281478
68719479481	107374182580	PHRtcD4w	PHRtcD4w	TmFwaS5PYmplY3RXcmFw	18	94489281478
68719479482	107374182580	aW5mbw==	aW5mbw==	TmFwaS5DYWxsYmFja0luZm8m	18	111669149969
68719479483	107374182580	PHRtcD4w	PHRtcD4w	TmFwaS5PYmplY3RXcmFw	18	94489281478
68719480735	107374182581	Z2xvYmFsTG9jYWxlTmFtZQ==	Z2xvYmFsTG9jYWxlTmFtZQ==	Y2hhcio=	42	94489281927
68719480736	107374182581	TENfQUxM	PHVua25vd24+IExDX0FMTA==	QU5Z	42	94489281940
68719480737	107374182581	TlVMTA==	PHVua25vd24+IE5VTEw=	QU5Z	42	94489281939
68719480738	107374182581	bmVlZHNMb2NhbGU=	bmVlZHNMb2NhbGU=	Ym9vbA==	43	94489281938
68719480739	107374182581	Z2xvYmFsTG9jYWxlTmFtZQ==	Z2xvYmFsTG9jYWxlTmFtZQ==	Y2hhcio=	43	94489281927
68719480740	107374182581	Z2xvYmFsTG9jYWxlTmFtZQ==	Z2xvYmFsTG9jYWxlTmFtZQ==	Y2hhcio=	43	94489281927
68719480743	107374182582	dGhyZWFkTG9jYWxl	dGhyZWFkTG9jYWxl	QU5Z	50	94489281937
68719480744	107374182582	aXNJbml0aWFsaXplZA==	aXNJbml0aWFsaXplZA==	Ym9vbA==	51	94489281936
68719480741	107374182583	dGhpcw==	dGhpcw==	TG9jYWxlR3VhcmQuVGhyZWFkTG9jYWxlU3RhdGUq	54	111669150077
68719480742	107374182583	dGhpcw==	dGhpcw==	TG9jYWxlR3VhcmQuVGhyZWFkTG9jYWxlU3RhdGUq	55	111669150077
68719480745	107374182584	bmVlZHNMb2NhbGU=	bmVlZHNMb2NhbGU=	Ym9vbA==	38	94489281929
68719480746	107374182584	Y2hlY2tGbGFn	Y2hlY2tGbGFn	c3RkLm9uY2VfZmxhZw==	40	94489281928
68719480747	107374182584	bmVlZHNMb2NhbGU=	bmVlZHNMb2NhbGU=	Ym9vbA==	46	94489281929
68719480748	107374182585	c3RhdGU=	c3RhdGU=	TG9jYWxlR3VhcmQuVGhyZWFkTG9jYWxlU3RhdGU=	61	94489281930
68719480749	107374182585	PHRtcD4w	PHRtcD4w	TG9jYWxlR3VhcmQuVGhyZWFkTG9jYWxlU3RhdGU=	61	94489281935
68719480750	107374182585	PHRtcD4w	PHRtcD4w	TG9jYWxlR3VhcmQuVGhyZWFkTG9jYWxlU3RhdGU=	61	94489281935
68719480751	107374182585	PHRtcD4w	PHRtcD4w	TG9jYWxlR3VhcmQuVGhyZWFkTG9jYWxlU3RhdGU=	61	94489281935
68719480752	107374182585	c3RhdGU=	c3RhdGU=	TG9jYWxlR3VhcmQuVGhyZWFkTG9jYWxlU3RhdGU=	62	94489281930
68719480753	107374182586	c3RhdGU=	c3RhdGU=	TG9jYWxlR3VhcmQuVGhyZWFkTG9jYWxlU3RhdGUm	71	94489281931
68719480754	107374182586	c3RhdGU=	c3RhdGU=	TG9jYWxlR3VhcmQuVGhyZWFkTG9jYWxlU3RhdGUm	74	94489281931
68719480755	107374182586	Y3VycmVudExvY2FsZQ==	Y3VycmVudExvY2FsZQ==	bG9jYWxlX3Q=	75	94489281932
68719480756	107374182586	Y3VycmVudExvY2FsZQ==	Y3VycmVudExvY2FsZQ==	bG9jYWxlX3Q=	78	94489281932
68719480757	107374182586	TENfR0xPQkFMX0xPQ0FMRQ==	PHVua25vd24+IExDX0dMT0JBTF9MT0NBTEU=	QU5Z	78	94489281934
68719480758	107374182586	c3RhdGU=	c3RhdGU=	TG9jYWxlR3VhcmQuVGhyZWFkTG9jYWxlU3RhdGUm	79	94489281931
68719480759	107374182586	TENfQUxMX01BU0s=	PHVua25vd24+IExDX0FMTF9NQVNL	QU5Z	79	94489281933
68719480760	107374182586	c3RhdGU=	c3RhdGU=	TG9jYWxlR3VhcmQuVGhyZWFkTG9jYWxlU3RhdGUm	80	94489281931
68719480761	107374182586	c3RhdGU=	c3RhdGU=	TG9jYWxlR3VhcmQuVGhyZWFkTG9jYWxlU3RhdGUm	81	94489281931
68719480762	107374182586	c3RhdGU=	c3RhdGU=	TG9jYWxlR3VhcmQuVGhyZWFkTG9jYWxlU3RhdGUm	82	94489281931
68719480735	107374182590	Z2xvYmFsTG9jYWxlTmFtZQ==	Z2xvYmFsTG9jYWxlTmFtZQ==	Y2hhcio=	42	94489281927
68719480736	107374182590	TENfQUxM	PHVua25vd24+IExDX0FMTA==	QU5Z	42	94489281940
68719480737	107374182590	TlVMTA==	PHVua25vd24+IE5VTEw=	QU5Z	42	94489281939
68719480738	107374182590	bmVlZHNMb2NhbGU=	bmVlZHNMb2NhbGU=	Ym9vbA==	43	94489281938
68719480739	107374182590	Z2xvYmFsTG9jYWxlTmFtZQ==	Z2xvYmFsTG9jYWxlTmFtZQ==	Y2hhcio=	43	94489281927
68719480740	107374182590	Z2xvYmFsTG9jYWxlTmFtZQ==	Z2xvYmFsTG9jYWxlTmFtZQ==	Y2hhcio=	43	94489281927
68719480741	107374182590	dGhpcw==	dGhpcw==	TG9jYWxlR3VhcmQuVGhyZWFkTG9jYWxlU3RhdGUq	54	111669150077
68719480742	107374182590	dGhpcw==	dGhpcw==	TG9jYWxlR3VhcmQuVGhyZWFkTG9jYWxlU3RhdGUq	55	111669150077
68719480743	107374182590	dGhyZWFkTG9jYWxl	dGhyZWFkTG9jYWxl	QU5Z	50	94489281937
68719480744	107374182590	aXNJbml0aWFsaXplZA==	aXNJbml0aWFsaXplZA==	Ym9vbA==	51	94489281936
68719480745	107374182590	bmVlZHNMb2NhbGU=	bmVlZHNMb2NhbGU=	Ym9vbA==	38	94489281929
68719480746	107374182590	Y2hlY2tGbGFn	Y2hlY2tGbGFn	c3RkLm9uY2VfZmxhZw==	40	94489281928
68719480747	107374182590	bmVlZHNMb2NhbGU=	bmVlZHNMb2NhbGU=	Ym9vbA==	46	94489281929
68719480748	107374182590	c3RhdGU=	c3RhdGU=	TG9jYWxlR3VhcmQuVGhyZWFkTG9jYWxlU3RhdGU=	61	94489281930
68719480749	107374182590	PHRtcD4w	PHRtcD4w	TG9jYWxlR3VhcmQuVGhyZWFkTG9jYWxlU3RhdGU=	61	94489281935
68719480750	107374182590	PHRtcD4w	PHRtcD4w	TG9jYWxlR3VhcmQuVGhyZWFkTG9jYWxlU3RhdGU=	61	94489281935
68719480751	107374182590	PHRtcD4w	PHRtcD4w	TG9jYWxlR3VhcmQuVGhyZWFkTG9jYWxlU3RhdGU=	61	94489281935
68719480752	107374182590	c3RhdGU=	c3RhdGU=	TG9jYWxlR3VhcmQuVGhyZWFkTG9jYWxlU3RhdGU=	62	94489281930
68719480753	107374182590	c3RhdGU=	c3RhdGU=	TG9jYWxlR3VhcmQuVGhyZWFkTG9jYWxlU3RhdGUm	71	94489281931
68719480754	107374182590	c3RhdGU=	c3RhdGU=	TG9jYWxlR3VhcmQuVGhyZWFkTG9jYWxlU3RhdGUm	74	94489281931
68719480755	107374182590	Y3VycmVudExvY2FsZQ==	Y3VycmVudExvY2FsZQ==	bG9jYWxlX3Q=	75	94489281932
68719480756	107374182590	Y3VycmVudExvY2FsZQ==	Y3VycmVudExvY2FsZQ==	bG9jYWxlX3Q=	78	94489281932
68719480757	107374182590	TENfR0xPQkFMX0xPQ0FMRQ==	PHVua25vd24+IExDX0dMT0JBTF9MT0NBTEU=	QU5Z	78	94489281934
68719480758	107374182590	c3RhdGU=	c3RhdGU=	TG9jYWxlR3VhcmQuVGhyZWFkTG9jYWxlU3RhdGUm	79	94489281931
68719480759	107374182590	TENfQUxMX01BU0s=	PHVua25vd24+IExDX0FMTF9NQVNL	QU5Z	79	94489281933
68719480760	107374182590	c3RhdGU=	c3RhdGU=	TG9jYWxlR3VhcmQuVGhyZWFkTG9jYWxlU3RhdGUm	80	94489281931
68719480761	107374182590	c3RhdGU=	c3RhdGU=	TG9jYWxlR3VhcmQuVGhyZWFkTG9jYWxlU3RhdGUm	81	94489281931
68719480762	107374182590	c3RhdGU=	c3RhdGU=	TG9jYWxlR3VhcmQuVGhyZWFkTG9jYWxlU3RhdGUm	82	94489281931
68719480763	107374182591	bXVsdGk=	bXVsdGk=	Tm9kZUxpYmN1cmwuTXVsdGkq	60	94489281979
68719480764	107374182591	PHRtcD4w	PHRtcD4w	QU5Z	60	94489281978
68719480765	107374182591	PHRtcD4w	PHRtcD4w	QU5Z	60	94489281978
68719480766	107374182591	PHRtcD4w	PHRtcD4w	QU5Z	60	94489281978
68719480768	107374182592	SW5pdA==	SW5pdA==	SW5pdA==	31	94489281977
68719480769	107374182592	PHRtcD4w	PHRtcD4w	QU5Z	31	94489281976
68719480770	107374182592	PHRtcD4w	PHRtcD4w	QU5Z	31	94489281976
68719480771	107374182592	PHRtcD4w	PHRtcD4w	QU5Z	31	94489281976
68719480772	107374182592	U2V0T3B0	U2V0T3B0	U2V0T3B0	34	94489281975
68719480773	107374182592	PHRtcD4x	PHRtcD4x	QU5Z	34	94489281974
68719480774	107374182592	PHRtcD4x	PHRtcD4x	QU5Z	34	94489281974
68719480775	107374182592	PHRtcD4x	PHRtcD4x	QU5Z	34	94489281974
68719480776	107374182592	QWRkSGFuZGxl	QWRkSGFuZGxl	QWRkSGFuZGxl	35	94489281973
68719480777	107374182592	PHRtcD4y	PHRtcD4y	QU5Z	35	94489281972
68719480778	107374182592	PHRtcD4y	PHRtcD4y	QU5Z	35	94489281972
68719480779	107374182592	PHRtcD4y	PHRtcD4y	QU5Z	35	94489281972
68719480780	107374182592	UmVtb3ZlSGFuZGxl	UmVtb3ZlSGFuZGxl	UmVtb3ZlSGFuZGxl	36	94489281971
68719480781	107374182592	PHRtcD4z	PHRtcD4z	QU5Z	36	94489281970
68719480782	107374182592	PHRtcD4z	PHRtcD4z	QU5Z	36	94489281970
68719480783	107374182592	PHRtcD4z	PHRtcD4z	QU5Z	36	94489281970
68719480784	107374182592	UGVyZm9ybQ==	UGVyZm9ybQ==	UGVyZm9ybQ==	37	94489281969
68719480785	107374182592	PHRtcD40	PHRtcD40	QU5Z	37	94489281968
68719480786	107374182592	PHRtcD40	PHRtcD40	QU5Z	37	94489281968
68719480787	107374182592	PHRtcD40	PHRtcD40	QU5Z	37	94489281968
68719480788	107374182592	T25NZXNzYWdl	T25NZXNzYWdl	T25NZXNzYWdl	38	94489281967
68719480789	107374182592	PHRtcD41	PHRtcD41	QU5Z	38	94489281966
68719480790	107374182592	PHRtcD41	PHRtcD41	QU5Z	38	94489281966
68719480791	107374182592	PHRtcD41	PHRtcD41	QU5Z	38	94489281966
68719480792	107374182592	R2V0Q291bnQ=	R2V0Q291bnQ=	R2V0Q291bnQ=	39	94489281965
68719480793	107374182592	PHRtcD42	PHRtcD42	QU5Z	39	94489281964
68719480794	107374182592	PHRtcD42	PHRtcD42	QU5Z	39	94489281964
68719480795	107374182592	PHRtcD42	PHRtcD42	QU5Z	39	94489281964
68719480796	107374182592	Q2xvc2U=	Q2xvc2U=	Q2xvc2U=	40	94489281963
68719480797	107374182592	PHRtcD43	PHRtcD43	QU5Z	40	94489281962
68719480798	107374182592	PHRtcD43	PHRtcD43	QU5Z	40	94489281962
68719480799	107374182592	PHRtcD43	PHRtcD43	QU5Z	40	94489281962
68719480800	107374182592	R2V0dGVySWQ=	R2V0dGVySWQ=	R2V0dGVySWQ=	41	94489281961
68719480801	107374182592	PHRtcD44	PHRtcD44	QU5Z	41	94489281960
68719480802	107374182592	PHRtcD44	PHRtcD44	QU5Z	41	94489281960
68719480803	107374182592	PHRtcD44	PHRtcD44	QU5Z	41	94489281960
68719480804	107374182592	U3RyRXJyb3I=	U3RyRXJyb3I=	U3RyRXJyb3I=	44	94489281959
68719480805	107374182592	PHRtcD45	PHRtcD45	QU5Z	44	94489281958
68719480806	107374182592	PHRtcD45	PHRtcD45	QU5Z	44	94489281958
68719480807	107374182592	PHRtcD45	PHRtcD45	QU5Z	44	94489281958
68719480808	107374182592	aXNPcGVu	aXNPcGVu	Ym9vbA==	51	94489281957
68719480809	107374182592	YW1vdW50T2ZIYW5kbGVz	YW1vdW50T2ZIYW5kbGVz	aW50	52	94489281956
68719480810	107374182592	cnVubmluZ0hhbmRsZXM=	cnVubmluZ0hhbmRsZXM=	aW50	53	94489281955
68719480811	107374182592	Q3JlYXRlQ3VybFNvY2tldENvbnRleHQ=	Q3JlYXRlQ3VybFNvY2tldENvbnRleHQ=	Q3JlYXRlQ3VybFNvY2tldENvbnRleHQ=	71	94489281954
68719480812	107374182592	PHRtcD4xMA==	PHRtcD4xMA==	QU5Z	71	94489281953
68719480813	107374182592	PHRtcD4xMA==	PHRtcD4xMA==	QU5Z	71	94489281953
68719480814	107374182592	PHRtcD4xMA==	PHRtcD4xMA==	QU5Z	71	94489281953
68719480815	107374182592	Q2FsbGJhY2tzTWFw	Q2FsbGJhY2tzTWFw	Q2FsbGJhY2tzTWFw	75	94489281952
68719480816	107374182592	PHRtcD4xMQ==	PHRtcD4xMQ==	QU5Z	75	94489281951
68719480817	107374182592	PHRtcD4xMQ==	PHRtcD4xMQ==	QU5Z	75	94489281951
68719480818	107374182592	PHRtcD4xMQ==	PHRtcD4xMQ==	QU5Z	75	94489281951
68719480819	107374182592	Y2JPbk1lc3NhZ2U=	Y2JPbk1lc3NhZ2U=	RnVuY3Rpb25SZWZlcmVuY2U=	77	94489281950
68719480820	107374182592	PHRtcD4xMg==	PHRtcD4xMg==	QU5Z	77	94489281949
68719480821	107374182592	PHRtcD4xMg==	PHRtcD4xMg==	QU5Z	77	94489281949
68719480822	107374182592	PHRtcD4xMg==	PHRtcD4xMg==	QU5Z	77	94489281949
68719480823	107374182592	aGFuZGxlUHJvbWlzZU1hcA==	aGFuZGxlUHJvbWlzZU1hcA==	QU5Z	80	94489281948
68719480824	107374182592	PHRtcD4xMw==	PHRtcD4xMw==	QU5Z	80	94489281947
68719480825	107374182592	PHRtcD4xMw==	PHRtcD4xMw==	QU5Z	80	94489281947
68719480826	107374182592	PHRtcD4xMw==	PHRtcD4xMw==	QU5Z	80	94489281947
68719480827	107374182592	dGltZXJDbG9zZWQ=	dGltZXJDbG9zZWQ=	Ym9vbA==	84	94489281946
68719480828	107374182592	c29ja2V0Q29udGV4dE1hcA==	c29ja2V0Q29udGV4dE1hcA==	QU5Z	88	94489281945
68719480829	107374182592	PHRtcD4xNA==	PHRtcD4xNA==	QU5Z	88	94489281944
68719480830	107374182592	PHRtcD4xNA==	PHRtcD4xNA==	QU5Z	88	94489281944
68719480831	107374182592	PHRtcD4xNA==	PHRtcD4xNA==	QU5Z	88	94489281944
68719480832	107374182592	dXNlTm90aWZpY2F0aW9uc0FwaQ==	dXNlTm90aWZpY2F0aW9uc0FwaQ==	Ym9vbA==	91	94489281943
68719480833	107374182592	bmV4dElk	bmV4dElk	QU5Z	94	94489281942
68719480834	107374182592	PHRtcD4xNQ==	PHRtcD4xNQ==	QU5Z	94	94489281941
68719480835	107374182592	PHRtcD4xNQ==	PHRtcD4xNQ==	QU5Z	94	94489281941
68719480836	107374182592	PHRtcD4xNQ==	PHRtcD4xNQ==	QU5Z	94	94489281941
68719480767	107374182593	dGhpcw==	dGhpcw==	Tm9kZUxpYmN1cmwuTXVsdGkq	47	111669150084
68719480763	107374182596	bXVsdGk=	bXVsdGk=	Tm9kZUxpYmN1cmwuTXVsdGkq	60	94489281979
68719480764	107374182596	PHRtcD4w	PHRtcD4w	QU5Z	60	94489281978
68719480765	107374182596	PHRtcD4w	PHRtcD4w	QU5Z	60	94489281978
68719480766	107374182596	PHRtcD4w	PHRtcD4w	QU5Z	60	94489281978
68719480767	107374182596	dGhpcw==	dGhpcw==	Tm9kZUxpYmN1cmwuTXVsdGkq	47	111669150084
68719480768	107374182596	SW5pdA==	SW5pdA==	SW5pdA==	31	94489281977
68719480769	107374182596	PHRtcD4w	PHRtcD4w	QU5Z	31	94489281976
68719480770	107374182596	PHRtcD4w	PHRtcD4w	QU5Z	31	94489281976
68719480771	107374182596	PHRtcD4w	PHRtcD4w	QU5Z	31	94489281976
68719480772	107374182596	U2V0T3B0	U2V0T3B0	U2V0T3B0	34	94489281975
68719480773	107374182596	PHRtcD4x	PHRtcD4x	QU5Z	34	94489281974
68719480774	107374182596	PHRtcD4x	PHRtcD4x	QU5Z	34	94489281974
68719480775	107374182596	PHRtcD4x	PHRtcD4x	QU5Z	34	94489281974
68719480776	107374182596	QWRkSGFuZGxl	QWRkSGFuZGxl	QWRkSGFuZGxl	35	94489281973
68719480777	107374182596	PHRtcD4y	PHRtcD4y	QU5Z	35	94489281972
68719480778	107374182596	PHRtcD4y	PHRtcD4y	QU5Z	35	94489281972
68719480779	107374182596	PHRtcD4y	PHRtcD4y	QU5Z	35	94489281972
68719480780	107374182596	UmVtb3ZlSGFuZGxl	UmVtb3ZlSGFuZGxl	UmVtb3ZlSGFuZGxl	36	94489281971
68719480781	107374182596	PHRtcD4z	PHRtcD4z	QU5Z	36	94489281970
68719480782	107374182596	PHRtcD4z	PHRtcD4z	QU5Z	36	94489281970
68719480783	107374182596	PHRtcD4z	PHRtcD4z	QU5Z	36	94489281970
68719480784	107374182596	UGVyZm9ybQ==	UGVyZm9ybQ==	UGVyZm9ybQ==	37	94489281969
68719480785	107374182596	PHRtcD40	PHRtcD40	QU5Z	37	94489281968
68719480786	107374182596	PHRtcD40	PHRtcD40	QU5Z	37	94489281968
68719480787	107374182596	PHRtcD40	PHRtcD40	QU5Z	37	94489281968
68719480788	107374182596	T25NZXNzYWdl	T25NZXNzYWdl	T25NZXNzYWdl	38	94489281967
68719480789	107374182596	PHRtcD41	PHRtcD41	QU5Z	38	94489281966
68719480790	107374182596	PHRtcD41	PHRtcD41	QU5Z	38	94489281966
68719480791	107374182596	PHRtcD41	PHRtcD41	QU5Z	38	94489281966
68719480792	107374182596	R2V0Q291bnQ=	R2V0Q291bnQ=	R2V0Q291bnQ=	39	94489281965
68719480793	107374182596	PHRtcD42	PHRtcD42	QU5Z	39	94489281964
68719480794	107374182596	PHRtcD42	PHRtcD42	QU5Z	39	94489281964
68719480795	107374182596	PHRtcD42	PHRtcD42	QU5Z	39	94489281964
68719480796	107374182596	Q2xvc2U=	Q2xvc2U=	Q2xvc2U=	40	94489281963
68719480797	107374182596	PHRtcD43	PHRtcD43	QU5Z	40	94489281962
68719480798	107374182596	PHRtcD43	PHRtcD43	QU5Z	40	94489281962
68719480799	107374182596	PHRtcD43	PHRtcD43	QU5Z	40	94489281962
68719480800	107374182596	R2V0dGVySWQ=	R2V0dGVySWQ=	R2V0dGVySWQ=	41	94489281961
68719480801	107374182596	PHRtcD44	PHRtcD44	QU5Z	41	94489281960
68719480802	107374182596	PHRtcD44	PHRtcD44	QU5Z	41	94489281960
68719480803	107374182596	PHRtcD44	PHRtcD44	QU5Z	41	94489281960
68719480804	107374182596	U3RyRXJyb3I=	U3RyRXJyb3I=	U3RyRXJyb3I=	44	94489281959
68719480805	107374182596	PHRtcD45	PHRtcD45	QU5Z	44	94489281958
68719480806	107374182596	PHRtcD45	PHRtcD45	QU5Z	44	94489281958
68719480807	107374182596	PHRtcD45	PHRtcD45	QU5Z	44	94489281958
68719480808	107374182596	aXNPcGVu	aXNPcGVu	Ym9vbA==	51	94489281957
68719480809	107374182596	YW1vdW50T2ZIYW5kbGVz	YW1vdW50T2ZIYW5kbGVz	aW50	52	94489281956
68719480810	107374182596	cnVubmluZ0hhbmRsZXM=	cnVubmluZ0hhbmRsZXM=	aW50	53	94489281955
68719480811	107374182596	Q3JlYXRlQ3VybFNvY2tldENvbnRleHQ=	Q3JlYXRlQ3VybFNvY2tldENvbnRleHQ=	Q3JlYXRlQ3VybFNvY2tldENvbnRleHQ=	71	94489281954
68719480812	107374182596	PHRtcD4xMA==	PHRtcD4xMA==	QU5Z	71	94489281953
68719480813	107374182596	PHRtcD4xMA==	PHRtcD4xMA==	QU5Z	71	94489281953
68719480814	107374182596	PHRtcD4xMA==	PHRtcD4xMA==	QU5Z	71	94489281953
68719480815	107374182596	Q2FsbGJhY2tzTWFw	Q2FsbGJhY2tzTWFw	Q2FsbGJhY2tzTWFw	75	94489281952
68719480816	107374182596	PHRtcD4xMQ==	PHRtcD4xMQ==	QU5Z	75	94489281951
68719480817	107374182596	PHRtcD4xMQ==	PHRtcD4xMQ==	QU5Z	75	94489281951
68719480818	107374182596	PHRtcD4xMQ==	PHRtcD4xMQ==	QU5Z	75	94489281951
68719480819	107374182596	Y2JPbk1lc3NhZ2U=	Y2JPbk1lc3NhZ2U=	RnVuY3Rpb25SZWZlcmVuY2U=	77	94489281950
68719480820	107374182596	PHRtcD4xMg==	PHRtcD4xMg==	QU5Z	77	94489281949
68719480821	107374182596	PHRtcD4xMg==	PHRtcD4xMg==	QU5Z	77	94489281949
68719480822	107374182596	PHRtcD4xMg==	PHRtcD4xMg==	QU5Z	77	94489281949
68719480823	107374182596	aGFuZGxlUHJvbWlzZU1hcA==	aGFuZGxlUHJvbWlzZU1hcA==	QU5Z	80	94489281948
68719480824	107374182596	PHRtcD4xMw==	PHRtcD4xMw==	QU5Z	80	94489281947
68719480825	107374182596	PHRtcD4xMw==	PHRtcD4xMw==	QU5Z	80	94489281947
68719480826	107374182596	PHRtcD4xMw==	PHRtcD4xMw==	QU5Z	80	94489281947
68719480827	107374182596	dGltZXJDbG9zZWQ=	dGltZXJDbG9zZWQ=	Ym9vbA==	84	94489281946
68719480828	107374182596	c29ja2V0Q29udGV4dE1hcA==	c29ja2V0Q29udGV4dE1hcA==	QU5Z	88	94489281945
68719480829	107374182596	PHRtcD4xNA==	PHRtcD4xNA==	QU5Z	88	94489281944
68719480830	107374182596	PHRtcD4xNA==	PHRtcD4xNA==	QU5Z	88	94489281944
68719480831	107374182596	PHRtcD4xNA==	PHRtcD4xNA==	QU5Z	88	94489281944
68719480832	107374182596	dXNlTm90aWZpY2F0aW9uc0FwaQ==	dXNlTm90aWZpY2F0aW9uc0FwaQ==	Ym9vbA==	91	94489281943
68719480833	107374182596	bmV4dElk	bmV4dElk	QU5Z	94	94489281942
68719480834	107374182596	PHRtcD4xNQ==	PHRtcD4xNQ==	QU5Z	94	94489281941
68719480835	107374182596	PHRtcD4xNQ==	PHRtcD4xNQ==	QU5Z	94	94489281941
68719480836	107374182596	PHRtcD4xNQ==	PHRtcD4xNQ==	QU5Z	94	94489281941
68719480838	107374182597	SW5pdA==	SW5pdA==	SW5pdA==	27	94489281989
68719480839	107374182597	PHRtcD4w	PHRtcD4w	QU5Z	27	94489281988
68719480840	107374182597	PHRtcD4w	PHRtcD4w	QU5Z	27	94489281988
68719480841	107374182597	PHRtcD4w	PHRtcD4w	QU5Z	27	94489281988
68719480842	107374182597	U2V0T3B0	U2V0T3B0	U2V0T3B0	32	94489281987
68719480843	107374182597	PHRtcD4x	PHRtcD4x	QU5Z	32	94489281986
68719480844	107374182597	PHRtcD4x	PHRtcD4x	QU5Z	32	94489281986
68719480845	107374182597	PHRtcD4x	PHRtcD4x	QU5Z	32	94489281986
68719480846	107374182597	Q2xvc2U=	Q2xvc2U=	Q2xvc2U=	33	94489281985
68719480847	107374182597	PHRtcD4y	PHRtcD4y	QU5Z	33	94489281984
68719480848	107374182597	PHRtcD4y	PHRtcD4y	QU5Z	33	94489281984
68719480849	107374182597	PHRtcD4y	PHRtcD4y	QU5Z	33	94489281984
68719480850	107374182597	U3RyRXJyb3I=	U3RyRXJyb3I=	U3RyRXJyb3I=	36	94489281983
68719480851	107374182597	PHRtcD4z	PHRtcD4z	QU5Z	36	94489281982
68719480852	107374182597	PHRtcD4z	PHRtcD4z	QU5Z	36	94489281982
68719480853	107374182597	PHRtcD4z	PHRtcD4z	QU5Z	36	94489281982
68719480854	107374182597	bmV4dElk	bmV4dElk	QU5Z	51	94489281981
68719480855	107374182597	PHRtcD40	PHRtcD40	QU5Z	51	94489281980
68719480856	107374182597	PHRtcD40	PHRtcD40	QU5Z	51	94489281980
68719480857	107374182597	PHRtcD40	PHRtcD40	QU5Z	51	94489281980
68719480837	107374182598	dGhpcw==	dGhpcw==	Tm9kZUxpYmN1cmwuU2hhcmUq	39	111669150089
68719480837	107374182601	dGhpcw==	dGhpcw==	Tm9kZUxpYmN1cmwuU2hhcmUq	39	111669150089
68719480838	107374182601	SW5pdA==	SW5pdA==	SW5pdA==	27	94489281989
68719480839	107374182601	PHRtcD4w	PHRtcD4w	QU5Z	27	94489281988
68719480840	107374182601	PHRtcD4w	PHRtcD4w	QU5Z	27	94489281988
68719480841	107374182601	PHRtcD4w	PHRtcD4w	QU5Z	27	94489281988
68719480842	107374182601	U2V0T3B0	U2V0T3B0	U2V0T3B0	32	94489281987
68719480843	107374182601	PHRtcD4x	PHRtcD4x	QU5Z	32	94489281986
68719480844	107374182601	PHRtcD4x	PHRtcD4x	QU5Z	32	94489281986
68719480845	107374182601	PHRtcD4x	PHRtcD4x	QU5Z	32	94489281986
68719480846	107374182601	Q2xvc2U=	Q2xvc2U=	Q2xvc2U=	33	94489281985
68719480847	107374182601	PHRtcD4y	PHRtcD4y	QU5Z	33	94489281984
68719480848	107374182601	PHRtcD4y	PHRtcD4y	QU5Z	33	94489281984
68719480849	107374182601	PHRtcD4y	PHRtcD4y	QU5Z	33	94489281984
68719480850	107374182601	U3RyRXJyb3I=	U3RyRXJyb3I=	U3RyRXJyb3I=	36	94489281983
68719480851	107374182601	PHRtcD4z	PHRtcD4z	QU5Z	36	94489281982
68719480852	107374182601	PHRtcD4z	PHRtcD4z	QU5Z	36	94489281982
68719480853	107374182601	PHRtcD4z	PHRtcD4z	QU5Z	36	94489281982
68719480854	107374182601	bmV4dElk	bmV4dElk	QU5Z	51	94489281981
68719480855	107374182601	PHRtcD40	PHRtcD40	QU5Z	51	94489281980
68719480856	107374182601	PHRtcD40	PHRtcD40	QU5Z	51	94489281980
68719480857	107374182601	PHRtcD40	PHRtcD40	QU5Z	51	94489281980
68719480182	107374182601	ZW52	ZW52	TmFwaS5FbnY=	32	94489281666
68719480183	107374182601	aW5mbw==	aW5mbw==	TmFwaS5DYWxsYmFja0luZm8m	32	111669150044
68719480184	107374182601	Y3VybA==	Y3VybA==	QU5Z	33	94489281667
68719480185	107374182601	dGhpcw==	dGhpcw==	Tm9kZUxpYmN1cmwuU2hhcmUq	33	111669150043
68719480186	107374182601	aW5mbw==	aW5mbw==	TmFwaS5DYWxsYmFja0luZm8m	36	111669150044
68719480187	107374182601	ZW52	ZW52	TmFwaS5FbnY=	37	94489281666
68719480188	107374182601	dGhpcw==	dGhpcw==	Tm9kZUxpYmN1cmwuU2hhcmUq	40	111669150043
68719480189	107374182601	dGhpcw==	dGhpcw==	Tm9kZUxpYmN1cmwuU2hhcmUq	42	111669150043
68719480190	107374182601	ZW52	ZW52	TmFwaS5FbnY=	43	94489281666
68719480191	107374182601	Q1VSTFNIRV9OT01FTQ==	PHVua25vd24+IENVUkxTSEVfTk9NRU0=	QU5Z	43	94489281699
68719480192	107374182601	Y3VybA==	Y3VybA==	QU5Z	46	94489281667
68719480193	107374182601	Q1VSTF9IQU5ETEVfVFlQRV9TSEFSRQ==	Q1VSTF9IQU5ETEVfVFlQRV9TSEFSRQ==	QU5Z	46	94489281698
68719480194	107374182601	PHRtcD4w	PHRtcD4w	TmFwaS5PYmplY3RXcmFw	30	94489281701
68719480195	107374182601	PHRtcD4w	PHRtcD4w	TmFwaS5PYmplY3RXcmFw	30	94489281701
68719480196	107374182601	aW5mbw==	aW5mbw==	TmFwaS5DYWxsYmFja0luZm8m	30	111669150044
68719480197	107374182601	PHRtcD4w	PHRtcD4w	TmFwaS5PYmplY3RXcmFw	30	94489281701
68719480198	107374182601	dGhpcw==	dGhpcw==	Tm9kZUxpYmN1cmwuU2hhcmUq	30	111669150043
68719480199	107374182601	dGhpcw==	dGhpcw==	Tm9kZUxpYmN1cmwuU2hhcmUq	30	111669150043
68719480200	107374182601	bmV4dElk	bmV4dElk	QU5Z	30	94489281700
