68719476736	107374182400	ZGVzY3JpcHRpb24=	ZGVzY3JpcHRpb24=	Y2hhcio=	57	94489280512
68719476737	107374182400	bWVzc2FnZQ==	bWVzc2FnZQ==	c3RkLnN0cmluZw==	58	94489280513
68719476738	107374182400	bWVzc2FnZQ==	bWVzc2FnZQ==	c3RkLnN0cmluZw==	59	94489280513
68719476739	107374182400	ZGVzY3JpcHRpb24=	ZGVzY3JpcHRpb24=	Y2hhcio=	59	94489280512
68719476740	107374182400	bWVzc2FnZQ==	bWVzc2FnZQ==	c3RkLnN0cmluZw==	60	94489280513
68719476741	107374182400	Y29kZQ==	Y29kZQ==	Y21fZXJyb3I=	60	111669149697
68719476742	107374182400	ZXJy	ZXJy	TmFwaS5FcnJvcg==	61	94489280514
68719476743	107374182400	ZW52	ZW52	TmFwaS5FbnY=	61	111669149696
68719476744	107374182400	bWVzc2FnZQ==	bWVzc2FnZQ==	c3RkLnN0cmluZw==	61	94489280513
68719476745	107374182400	ZXJy	ZXJy	TmFwaS5FcnJvcg==	62	94489280514
68719476746	107374182400	ZW52	ZW52	TmFwaS5FbnY=	62	111669149696
68719476747	107374182400	Y29kZQ==	Y29kZQ==	Y21fZXJyb3I=	62	111669149697
68719476748	107374182400	ZXJy	ZXJy	TmFwaS5FcnJvcg==	63	94489280514
68719476749	107374182400	ZW52	ZW52	TmFwaS5FbnY=	63	111669149696
68719476750	107374182400	ZGVzY3JpcHRpb24=	ZGVzY3JpcHRpb24=	Y2hhcio=	63	94489280512
68719476751	107374182400	ZXJy	ZXJy	TmFwaS5FcnJvcg==	64	94489280514
68719476752	107374182401	dmFsdWU=	dmFsdWU=	TmFwaS5WYWx1ZSY=	70	111669149699
68719476753	107374182401	bG9zc2xlc3M=	bG9zc2xlc3M=	Ym9vbA==	71	94489280515
68719476754	107374182401	b3V0	b3V0	dWludDY0X3Qq	72	111669149701
68719476755	107374182401	dmFsdWU=	dmFsdWU=	TmFwaS5WYWx1ZSY=	72	111669149699
68719476756	107374182401	bG9zc2xlc3M=	bG9zc2xlc3M=	Ym9vbA==	72	94489280515
68719476757	107374182401	bG9zc2xlc3M=	bG9zc2xlc3M=	Ym9vbA==	73	94489280515
68719476758	107374182401	ZW52	ZW52	TmFwaS5FbnY=	74	111669149698
68719476759	107374182401	bmFtZQ==	bmFtZQ==	Y2hhcio=	74	111669149700
68719476760	107374182401	dmFsdWU=	dmFsdWU=	TmFwaS5WYWx1ZSY=	79	111669149699
68719476761	107374182401	ZA==	ZA==	ZG91Ymxl	80	94489280516
68719476762	107374182401	dmFsdWU=	dmFsdWU=	TmFwaS5WYWx1ZSY=	80	111669149699
68719476763	107374182401	ZA==	ZA==	ZG91Ymxl	81	94489280516
68719476764	107374182401	ZA==	ZA==	ZG91Ymxl	81	94489280516
68719476765	107374182401	ZA==	ZA==	ZG91Ymxl	81	94489280516
68719476766	107374182401	ZA==	ZA==	ZG91Ymxl	81	94489280516
68719476767	107374182401	ZW52	ZW52	TmFwaS5FbnY=	82	111669149698
68719476768	107374182401	bmFtZQ==	bmFtZQ==	Y2hhcio=	82	111669149700
68719476769	107374182401	b3V0	b3V0	dWludDY0X3Qq	86	111669149701
68719476770	107374182401	ZA==	ZA==	ZG91Ymxl	86	94489280516
68719476771	107374182401	ZW52	ZW52	TmFwaS5FbnY=	89	111669149698
68719476772	107374182401	bmFtZQ==	bmFtZQ==	Y2hhcio=	89	111669149700
68719476773	107374182402	dmFsdWU=	dmFsdWU=	TmFwaS5WYWx1ZSY=	94	111669149703
68719476774	107374182402	bG9zc2xlc3M=	bG9zc2xlc3M=	Ym9vbA==	95	94489280517
68719476775	107374182402	b3V0	b3V0	aW50NjRfdCo=	96	111669149705
68719476776	107374182402	dmFsdWU=	dmFsdWU=	TmFwaS5WYWx1ZSY=	96	111669149703
68719476777	107374182402	bG9zc2xlc3M=	bG9zc2xlc3M=	Ym9vbA==	96	94489280517
68719476778	107374182402	bG9zc2xlc3M=	bG9zc2xlc3M=	Ym9vbA==	97	94489280517
68719476779	107374182402	ZW52	ZW52	TmFwaS5FbnY=	98	111669149702
68719476780	107374182402	bmFtZQ==	bmFtZQ==	Y2hhcio=	98	111669149704
68719476781	107374182402	dmFsdWU=	dmFsdWU=	TmFwaS5WYWx1ZSY=	103	111669149703
68719476782	107374182402	b3V0	b3V0	aW50NjRfdCo=	104	111669149705
68719476783	107374182402	dmFsdWU=	dmFsdWU=	TmFwaS5WYWx1ZSY=	104	111669149703
68719476784	107374182402	ZW52	ZW52	TmFwaS5FbnY=	107	111669149702
68719476785	107374182402	bmFtZQ==	bmFtZQ==	Y2hhcio=	107	111669149704
68719476786	107374182403	dmFsdWU=	dmFsdWU=	TmFwaS5WYWx1ZSY=	115	111669149707
68719476787	107374182403	dmFsdWU=	dmFsdWU=	TmFwaS5WYWx1ZSY=	115	111669149707
68719476788	107374182403	bmFwaV91aW50OF9hcnJheQ==	PHVua25vd24+IG5hcGlfdWludDhfYXJyYXk=	QU5Z	115	94489281049
68719476789	107374182403	ZW52	ZW52	TmFwaS5FbnY=	116	111669149706
68719476790	107374182403	bmFtZQ==	bmFtZQ==	Y2hhcio=	116	111669149708
68719476791	107374182403	YXJyYXk=	YXJyYXk=	TmFwaS5VaW50OEFycmF5	119	94489280518
68719476792	107374182403	dmFsdWU=	dmFsdWU=	TmFwaS5WYWx1ZSY=	119	111669149707
68719476793	107374182403	ZXhhY3RfbGVuZ3Ro	ZXhhY3RfbGVuZ3Ro	cHRyZGlmZl90	120	111669149711
68719476794	107374182403	YXJyYXk=	YXJyYXk=	TmFwaS5VaW50OEFycmF5	120	94489280518
68719476795	107374182403	ZXhhY3RfbGVuZ3Ro	ZXhhY3RfbGVuZ3Ro	cHRyZGlmZl90	120	111669149711
68719476796	107374182403	ZW52	ZW52	TmFwaS5FbnY=	121	111669149706
68719476797	107374182403	bmFtZQ==	bmFtZQ==	Y2hhcio=	122	111669149708
68719476798	107374182403	ZXhhY3RfbGVuZ3Ro	ZXhhY3RfbGVuZ3Ro	cHRyZGlmZl90	122	111669149711
68719476799	107374182403	ZGF0YQ==	ZGF0YQ==	dWludDhfdCoq	126	111669149709
68719476800	107374182403	YXJyYXk=	YXJyYXk=	TmFwaS5VaW50OEFycmF5	126	94489280518
68719476801	107374182403	bGVuZ3Ro	bGVuZ3Ro	c2l6ZV90Kg==	127	111669149710
68719476802	107374182403	YXJyYXk=	YXJyYXk=	TmFwaS5VaW50OEFycmF5	127	94489280518
68719476803	107374182404	ZGF0YQ==	ZGF0YQ==	dWludDhfdCo=	133	94489280519
68719476804	107374182404	bGVuZ3Ro	bGVuZ3Ro	c2l6ZV90	134	94489280520
68719476805	107374182404	ZW52	ZW52	TmFwaS5FbnY=	135	111669149712
68719476806	107374182404	dmFsdWU=	dmFsdWU=	TmFwaS5WYWx1ZSY=	135	111669149713
68719476807	107374182404	bmFtZQ==	bmFtZQ==	Y2hhcio=	135	111669149714
68719476808	107374182404	ZGF0YQ==	ZGF0YQ==	dWludDhfdCo=	135	94489280519
68719476809	107374182404	bGVuZ3Ro	bGVuZ3Ro	c2l6ZV90	135	94489280520
68719476810	107374182404	Q01fSEFTSF9TSVpF	PHVua25vd24+IENNX0hBU0hfU0laRQ==	QU5Z	135	94489281048
68719476811	107374182404	aGFzaA==	aGFzaA==	Y21faGFzaCoq	138	111669149715
68719476812	107374182404	ZGF0YQ==	ZGF0YQ==	dWludDhfdCo=	138	94489280519
68719476813	107374182405	dmFsdWU=	dmFsdWU=	TmFwaS5WYWx1ZSY=	144	111669149717
68719476814	107374182405	dmFsdWU=	dmFsdWU=	TmFwaS5WYWx1ZSY=	144	111669149717
68719476815	107374182405	aGFzaA==	aGFzaA==	Y21faGFzaCoq	145	111669149719
68719476816	107374182405	ZW52	ZW52	TmFwaS5FbnY=	148	111669149716
68719476817	107374182405	dmFsdWU=	dmFsdWU=	TmFwaS5WYWx1ZSY=	148	111669149717
68719476818	107374182405	bmFtZQ==	bmFtZQ==	Y2hhcio=	148	111669149718
68719476819	107374182405	aGFzaA==	aGFzaA==	Y21faGFzaCoq	148	111669149719
68719476820	107374182406	dmFsdWU=	dmFsdWU=	TmFwaS5WYWx1ZSY=	153	111669149721
68719476821	107374182406	ZW52	ZW52	TmFwaS5FbnY=	154	111669149720
68719476822	107374182406	bmFtZQ==	bmFtZQ==	Y2hhcio=	154	111669149722
68719476823	107374182406	b3V0	b3V0	c3RkLnN0cmluZyo=	157	111669149723
68719476824	107374182406	dmFsdWU=	dmFsdWU=	TmFwaS5WYWx1ZSY=	157	111669149721
68719476825	107374182407	dmFsdWU=	dmFsdWU=	TmFwaS5WYWx1ZSY=	163	111669149725
68719476826	107374182407	dmFsdWU=	dmFsdWU=	TmFwaS5WYWx1ZSY=	163	111669149725
68719476827	107374182407	cHJlc2VudA==	cHJlc2VudA==	Ym9vbCo=	164	111669149728
68719476828	107374182407	cHJlc2VudA==	cHJlc2VudA==	Ym9vbCo=	167	111669149728
68719476829	107374182407	ZW52	ZW52	TmFwaS5FbnY=	168	111669149724
68719476830	107374182407	dmFsdWU=	dmFsdWU=	TmFwaS5WYWx1ZSY=	168	111669149725
68719476831	107374182407	bmFtZQ==	bmFtZQ==	Y2hhcio=	168	111669149726
68719476832	107374182407	b3V0	b3V0	c3RkLnN0cmluZyo=	168	111669149727
68719476833	107374182408	dmFsdWU=	dmFsdWU=	TmFwaS5WYWx1ZSY=	173	111669149730
68719476834	107374182408	ZW52	ZW52	TmFwaS5FbnY=	174	111669149729
68719476835	107374182408	bmFtZQ==	bmFtZQ==	Y2hhcio=	174	111669149731
68719476836	107374182408	b3V0	b3V0	aW50MzJfdCo=	177	111669149732
68719476837	107374182408	dmFsdWU=	dmFsdWU=	TmFwaS5WYWx1ZSY=	177	111669149730
68719476839	107374182409	SW5pdA==	SW5pdA==	SW5pdA==	183	94489281047
68719476840	107374182409	PHRtcD4w	PHRtcD4w	QU5Z	183	94489281046
68719476841	107374182409	PHRtcD4w	PHRtcD4w	QU5Z	183	94489281046
68719476842	107374182409	PHRtcD4w	PHRtcD4w	QU5Z	183	94489281046
68719476843	107374182409	TmV3SW5zdGFuY2U=	TmV3SW5zdGFuY2U=	TmV3SW5zdGFuY2U=	184	94489281045
68719476844	107374182409	PHRtcD4x	PHRtcD4x	QU5Z	184	94489281044
68719476845	107374182409	PHRtcD4x	PHRtcD4x	QU5Z	184	94489281044
68719476846	107374182409	PHRtcD4x	PHRtcD4x	QU5Z	184	94489281044
68719476847	107374182409	SXNFbXB0eQ==	SXNFbXB0eQ==	SXNFbXB0eQ==	199	94489281043
68719476848	107374182409	PHRtcD4y	PHRtcD4y	QU5Z	199	94489281042
68719476849	107374182409	PHRtcD4y	PHRtcD4y	QU5Z	199	94489281042
68719476850	107374182409	PHRtcD4y	PHRtcD4y	QU5Z	199	94489281042
68719476851	107374182409	SXNKc29ucnBjTWFjaGluZQ==	SXNKc29ucnBjTWFjaGluZQ==	SXNKc29ucnBjTWFjaGluZQ==	200	94489281041
68719476852	107374182409	PHRtcD4z	PHRtcD4z	QU5Z	200	94489281040
68719476853	107374182409	PHRtcD4z	PHRtcD4z	QU5Z	200	94489281040
68719476854	107374182409	PHRtcD4z	PHRtcD4z	QU5Z	200	94489281040
68719476855	107374182409	Q3JlYXRl	Q3JlYXRl	Q3JlYXRl	201	94489281039
68719476856	107374182409	PHRtcD40	PHRtcD40	QU5Z	201	94489281038
68719476857	107374182409	PHRtcD40	PHRtcD40	QU5Z	201	94489281038
68719476858	107374182409	PHRtcD40	PHRtcD40	QU5Z	201	94489281038
68719476859	107374182409	TG9hZA==	TG9hZA==	TG9hZA==	202	94489281037
68719476860	107374182409	PHRtcD41	PHRtcD41	QU5Z	202	94489281036
68719476861	107374182409	PHRtcD41	PHRtcD41	QU5Z	202	94489281036
68719476862	107374182409	PHRtcD41	PHRtcD41	QU5Z	202	94489281036
68719476863	107374182409	Q2xvbmVFbXB0eQ==	Q2xvbmVFbXB0eQ==	Q2xvbmVFbXB0eQ==	203	94489281035
68719476864	107374182409	PHRtcD42	PHRtcD42	QU5Z	203	94489281034
68719476865	107374182409	PHRtcD42	PHRtcD42	QU5Z	203	94489281034
68719476866	107374182409	PHRtcD42	PHRtcD42	QU5Z	203	94489281034
68719476867	107374182409	U3RvcmU=	U3RvcmU=	U3RvcmU=	204	94489281033
68719476868	107374182409	PHRtcD43	PHRtcD43	QU5Z	204	94489281032
68719476869	107374182409	PHRtcD43	PHRtcD43	QU5Z	204	94489281032
68719476870	107374182409	PHRtcD43	PHRtcD43	QU5Z	204	94489281032
68719476871	107374182409	RGVzdHJveQ==	RGVzdHJveQ==	RGVzdHJveQ==	205	94489281031
68719476872	107374182409	PHRtcD44	PHRtcD44	QU5Z	205	94489281030
68719476873	107374182409	PHRtcD44	PHRtcD44	QU5Z	205	94489281030
68719476874	107374182409	PHRtcD44	PHRtcD44	QU5Z	205	94489281030
68719476875	107374182409	R2V0RGVmYXVsdENvbmZpZw==	R2V0RGVmYXVsdENvbmZpZw==	R2V0RGVmYXVsdENvbmZpZw==	206	94489281029
68719476876	107374182409	PHRtcD45	PHRtcD45	QU5Z	206	94489281028
68719476877	107374182409	PHRtcD45	PHRtcD45	QU5Z	206	94489281028
68719476878	107374182409	PHRtcD45	PHRtcD45	QU5Z	206	94489281028
68719476879	107374182409	R2V0UmVnQWRkcmVzcw==	R2V0UmVnQWRkcmVzcw==	R2V0UmVnQWRkcmVzcw==	207	94489281027
68719476880	107374182409	PHRtcD4xMA==	PHRtcD4xMA==	QU5Z	207	94489281026
68719476881	107374182409	PHRtcD4xMA==	PHRtcD4xMA==	QU5Z	207	94489281026
68719476882	107374182409	PHRtcD4xMA==	PHRtcD4xMA==	QU5Z	207	94489281026
68719476883	107374182409	U2V0UnVudGltZUNvbmZpZw==	U2V0UnVudGltZUNvbmZpZw==	U2V0UnVudGltZUNvbmZpZw==	208	94489281025
68719476884	107374182409	PHRtcD4xMQ==	PHRtcD4xMQ==	QU5Z	208	94489281024
68719476885	107374182409	PHRtcD4xMQ==	PHRtcD4xMQ==	QU5Z	208	94489281024
68719476886	107374182409	PHRtcD4xMQ==	PHRtcD4xMQ==	QU5Z	208	94489281024
68719476887	107374182409	R2V0UnVudGltZUNvbmZpZw==	R2V0UnVudGltZUNvbmZpZw==	R2V0UnVudGltZUNvbmZpZw==	209	94489281023
68719476888	107374182409	PHRtcD4xMg==	PHRtcD4xMg==	QU5Z	209	94489281022
68719476889	107374182409	PHRtcD4xMg==	PHRtcD4xMg==	QU5Z	209	94489281022
68719476890	107374182409	PHRtcD4xMg==	PHRtcD4xMg==	QU5Z	209	94489281022
68719476891	107374182409	UmVwbGFjZU1lbW9yeVJhbmdl	UmVwbGFjZU1lbW9yeVJhbmdl	UmVwbGFjZU1lbW9yeVJhbmdl	210	94489281021
68719476892	107374182409	PHRtcD4xMw==	PHRtcD4xMw==	QU5Z	210	94489281020
68719476893	107374182409	PHRtcD4xMw==	PHRtcD4xMw==	QU5Z	210	94489281020
68719476894	107374182409	PHRtcD4xMw==	PHRtcD4xMw==	QU5Z	210	94489281020
68719476895	107374182409	R2V0SW5pdGlhbENvbmZpZw==	R2V0SW5pdGlhbENvbmZpZw==	R2V0SW5pdGlhbENvbmZpZw==	211	94489281019
68719476896	107374182409	PHRtcD4xNA==	PHRtcD4xNA==	QU5Z	211	94489281018
68719476897	107374182409	PHRtcD4xNA==	PHRtcD4xNA==	QU5Z	211	94489281018
68719476898	107374182409	PHRtcD4xNA==	PHRtcD4xNA==	QU5Z	211	94489281018
68719476899	107374182409	R2V0QWRkcmVzc1Jhbmdlcw==	R2V0QWRkcmVzc1Jhbmdlcw==	R2V0QWRkcmVzc1Jhbmdlcw==	212	94489281017
68719476900	107374182409	PHRtcD4xNQ==	PHRtcD4xNQ==	QU5Z	212	94489281016
68719476901	107374182409	PHRtcD4xNQ==	PHRtcD4xNQ==	QU5Z	212	94489281016
68719476902	107374182409	PHRtcD4xNQ==	PHRtcD4xNQ==	QU5Z	212	94489281016
68719476903	107374182409	R2V0Um9vdEhhc2g=	R2V0Um9vdEhhc2g=	R2V0Um9vdEhhc2g=	213	94489281015
68719476904	107374182409	PHRtcD4xNg==	PHRtcD4xNg==	QU5Z	213	94489281014
68719476905	107374182409	PHRtcD4xNg==	PHRtcD4xNg==	QU5Z	213	94489281014
68719476906	107374182409	PHRtcD4xNg==	PHRtcD4xNg==	QU5Z	213	94489281014
68719476907	107374182409	UmVhZFJldmVydFJvb3RIYXNo	UmVhZFJldmVydFJvb3RIYXNo	UmVhZFJldmVydFJvb3RIYXNo	214	94489281013
68719476908	107374182409	PHRtcD4xNw==	PHRtcD4xNw==	QU5Z	214	94489281012
68719476909	107374182409	PHRtcD4xNw==	PHRtcD4xNw==	QU5Z	214	94489281012
68719476910	107374182409	PHRtcD4xNw==	PHRtcD4xNw==	QU5Z	214	94489281012
68719476911	107374182409	V3JpdGVSZXZlcnRSb290SGFzaA==	V3JpdGVSZXZlcnRSb290SGFzaA==	V3JpdGVSZXZlcnRSb290SGFzaA==	215	94489281011
68719476912	107374182409	PHRtcD4xOA==	PHRtcD4xOA==	QU5Z	215	94489281010
68719476913	107374182409	PHRtcD4xOA==	PHRtcD4xOA==	QU5Z	215	94489281010
68719476914	107374182409	PHRtcD4xOA==	PHRtcD4xOA==	QU5Z	215	94489281010
68719476915	107374182409	R2V0QWRkcmVzc05hbWU=	R2V0QWRkcmVzc05hbWU=	R2V0QWRkcmVzc05hbWU=	216	94489281009
68719476916	107374182409	PHRtcD4xOQ==	PHRtcD4xOQ==	QU5Z	216	94489281008
68719476917	107374182409	PHRtcD4xOQ==	PHRtcD4xOQ==	QU5Z	216	94489281008
68719476918	107374182409	PHRtcD4xOQ==	PHRtcD4xOQ==	QU5Z	216	94489281008
68719476919	107374182409	R2V0UHJvb2Y=	R2V0UHJvb2Y=	R2V0UHJvb2Y=	217	94489281007
68719476920	107374182409	PHRtcD4yMA==	PHRtcD4yMA==	QU5Z	217	94489281006
68719476921	107374182409	PHRtcD4yMA==	PHRtcD4yMA==	QU5Z	217	94489281006
68719476922	107374182409	PHRtcD4yMA==	PHRtcD4yMA==	QU5Z	217	94489281006
68719476923	107374182409	UmVhZFdvcmQ=	UmVhZFdvcmQ=	UmVhZFdvcmQ=	218	94489281005
68719476924	107374182409	PHRtcD4yMQ==	PHRtcD4yMQ==	QU5Z	218	94489281004
68719476925	107374182409	PHRtcD4yMQ==	PHRtcD4yMQ==	QU5Z	218	94489281004
68719476926	107374182409	PHRtcD4yMQ==	PHRtcD4yMQ==	QU5Z	218	94489281004
68719476927	107374182409	UmVhZFJlZw==	UmVhZFJlZw==	UmVhZFJlZw==	219	94489281003
68719476928	107374182409	PHRtcD4yMg==	PHRtcD4yMg==	QU5Z	219	94489281002
68719476929	107374182409	PHRtcD4yMg==	PHRtcD4yMg==	QU5Z	219	94489281002
68719476930	107374182409	PHRtcD4yMg==	PHRtcD4yMg==	QU5Z	219	94489281002
68719476931	107374182409	V3JpdGVSZWc=	V3JpdGVSZWc=	V3JpdGVSZWc=	220	94489281001
68719476932	107374182409	PHRtcD4yMw==	PHRtcD4yMw==	QU5Z	220	94489281000
68719476933	107374182409	PHRtcD4yMw==	PHRtcD4yMw==	QU5Z	220	94489281000
68719476934	107374182409	PHRtcD4yMw==	PHRtcD4yMw==	QU5Z	220	94489281000
68719476935	107374182409	UmVhZE1lbW9yeQ==	UmVhZE1lbW9yeQ==	UmVhZE1lbW9yeQ==	221	94489280999
68719476936	107374182409	PHRtcD4yNA==	PHRtcD4yNA==	QU5Z	221	94489280998
68719476937	107374182409	PHRtcD4yNA==	PHRtcD4yNA==	QU5Z	221	94489280998
68719476938	107374182409	PHRtcD4yNA==	PHRtcD4yNA==	QU5Z	221	94489280998
68719476939	107374182409	V3JpdGVNZW1vcnk=	V3JpdGVNZW1vcnk=	V3JpdGVNZW1vcnk=	222	94489280997
68719476940	107374182409	PHRtcD4yNQ==	PHRtcD4yNQ==	QU5Z	222	94489280996
68719476941	107374182409	PHRtcD4yNQ==	PHRtcD4yNQ==	QU5Z	222	94489280996
68719476942	107374182409	PHRtcD4yNQ==	PHRtcD4yNQ==	QU5Z	222	94489280996
68719476943	107374182409	UmVhZFZpcnR1YWxNZW1vcnk=	UmVhZFZpcnR1YWxNZW1vcnk=	UmVhZFZpcnR1YWxNZW1vcnk=	223	94489280995
68719476944	107374182409	PHRtcD4yNg==	PHRtcD4yNg==	QU5Z	223	94489280994
68719476945	107374182409	PHRtcD4yNg==	PHRtcD4yNg==	QU5Z	223	94489280994
68719476946	107374182409	PHRtcD4yNg==	PHRtcD4yNg==	QU5Z	223	94489280994
68719476947	107374182409	V3JpdGVWaXJ0dWFsTWVtb3J5	V3JpdGVWaXJ0dWFsTWVtb3J5	V3JpdGVWaXJ0dWFsTWVtb3J5	224	94489280993
68719476948	107374182409	PHRtcD4yNw==	PHRtcD4yNw==	QU5Z	224	94489280992
68719476949	107374182409	PHRtcD4yNw==	PHRtcD4yNw==	QU5Z	224	94489280992
68719476950	107374182409	PHRtcD4yNw==	PHRtcD4yNw==	QU5Z	224	94489280992
68719476951	107374182409	VHJhbnNsYXRlVmlydHVhbEFkZHJlc3M=	VHJhbnNsYXRlVmlydHVhbEFkZHJlc3M=	VHJhbnNsYXRlVmlydHVhbEFkZHJlc3M=	225	94489280991
68719476952	107374182409	PHRtcD4yOA==	PHRtcD4yOA==	QU5Z	225	94489280990
68719476953	107374182409	PHRtcD4yOA==	PHRtcD4yOA==	QU5Z	225	94489280990
68719476954	107374182409	PHRtcD4yOA==	PHRtcD4yOA==	QU5Z	225	94489280990
68719476955	107374182409	UmVhZENvbnNvbGVPdXRwdXQ=	UmVhZENvbnNvbGVPdXRwdXQ=	UmVhZENvbnNvbGVPdXRwdXQ=	226	94489280989
68719476956	107374182409	PHRtcD4yOQ==	PHRtcD4yOQ==	QU5Z	226	94489280988
68719476957	107374182409	PHRtcD4yOQ==	PHRtcD4yOQ==	QU5Z	226	94489280988
68719476958	107374182409	PHRtcD4yOQ==	PHRtcD4yOQ==	QU5Z	226	94489280988
68719476959	107374182409	V3JpdGVDb25zb2xlSW5wdXQ=	V3JpdGVDb25zb2xlSW5wdXQ=	V3JpdGVDb25zb2xlSW5wdXQ=	227	94489280987
68719476960	107374182409	PHRtcD4zMA==	PHRtcD4zMA==	QU5Z	227	94489280986
68719476961	107374182409	PHRtcD4zMA==	PHRtcD4zMA==	QU5Z	227	94489280986
68719476962	107374182409	PHRtcD4zMA==	PHRtcD4zMA==	QU5Z	227	94489280986
68719476963	107374182409	UnVu	UnVu	UnVu	228	94489280985
68719476964	107374182409	PHRtcD4zMQ==	PHRtcD4zMQ==	QU5Z	228	94489280984
68719476965	107374182409	PHRtcD4zMQ==	PHRtcD4zMQ==	QU5Z	228	94489280984
68719476966	107374182409	PHRtcD4zMQ==	PHRtcD4zMQ==	QU5Z	228	94489280984
68719476967	107374182409	UnVuVWFyY2g=	UnVuVWFyY2g=	UnVuVWFyY2g=	229	94489280983
68719476968	107374182409	PHRtcD4zMg==	PHRtcD4zMg==	QU5Z	229	94489280982
68719476969	107374182409	PHRtcD4zMg==	PHRtcD4zMg==	QU5Z	229	94489280982
68719476970	107374182409	PHRtcD4zMg==	PHRtcD4zMg==	QU5Z	229	94489280982
68719476971	107374182409	UmVzZXRVYXJjaA==	UmVzZXRVYXJjaA==	UmVzZXRVYXJjaA==	230	94489280981
68719476972	107374182409	PHRtcD4zMw==	PHRtcD4zMw==	QU5Z	230	94489280980
68719476973	107374182409	PHRtcD4zMw==	PHRtcD4zMw==	QU5Z	230	94489280980
68719476974	107374182409	PHRtcD4zMw==	PHRtcD4zMw==	QU5Z	230	94489280980
68719476975	107374182409	UmVjZWl2ZUNtaW9SZXF1ZXN0	UmVjZWl2ZUNtaW9SZXF1ZXN0	UmVjZWl2ZUNtaW9SZXF1ZXN0	231	94489280979
68719476976	107374182409	PHRtcD4zNA==	PHRtcD4zNA==	QU5Z	231	94489280978
68719476977	107374182409	PHRtcD4zNA==	PHRtcD4zNA==	QU5Z	231	94489280978
68719476978	107374182409	PHRtcD4zNA==	PHRtcD4zNA==	QU5Z	231	94489280978
68719476979	107374182409	U2VuZENtaW9SZXNwb25zZQ==	U2VuZENtaW9SZXNwb25zZQ==	U2VuZENtaW9SZXNwb25zZQ==	232	94489280977
68719476980	107374182409	PHRtcD4zNQ==	PHRtcD4zNQ==	QU5Z	232	94489280976
68719476981	107374182409	PHRtcD4zNQ==	PHRtcD4zNQ==	QU5Z	232	94489280976
68719476982	107374182409	PHRtcD4zNQ==	PHRtcD4zNQ==	QU5Z	232	94489280976
68719476983	107374182409	TG9nU3RlcA==	TG9nU3RlcA==	TG9nU3RlcA==	233	94489280975
68719476984	107374182409	PHRtcD4zNg==	PHRtcD4zNg==	QU5Z	233	94489280974
68719476985	107374182409	PHRtcD4zNg==	PHRtcD4zNg==	QU5Z	233	94489280974
68719476986	107374182409	PHRtcD4zNg==	PHRtcD4zNg==	QU5Z	233	94489280974
68719476987	107374182409	TG9nU3RlcFVhcmNo	TG9nU3RlcFVhcmNo	TG9nU3RlcFVhcmNo	234	94489280973
68719476988	107374182409	PHRtcD4zNw==	PHRtcD4zNw==	QU5Z	234	94489280972
68719476989	107374182409	PHRtcD4zNw==	PHRtcD4zNw==	QU5Z	234	94489280972
68719476990	107374182409	PHRtcD4zNw==	PHRtcD4zNw==	QU5Z	234	94489280972
68719476991	107374182409	TG9nUmVzZXRVYXJjaA==	TG9nUmVzZXRVYXJjaA==	TG9nUmVzZXRVYXJjaA==	235	94489280971
68719476992	107374182409	PHRtcD4zOA==	PHRtcD4zOA==	QU5Z	235	94489280970
68719476993	107374182409	PHRtcD4zOA==	PHRtcD4zOA==	QU5Z	235	94489280970
68719476994	107374182409	PHRtcD4zOA==	PHRtcD4zOA==	QU5Z	235	94489280970
68719476995	107374182409	TG9nU2VuZENtaW9SZXNwb25zZQ==	TG9nU2VuZENtaW9SZXNwb25zZQ==	TG9nU2VuZENtaW9SZXNwb25zZQ==	236	94489280969
68719476996	107374182409	PHRtcD4zOQ==	PHRtcD4zOQ==	QU5Z	236	94489280968
68719476997	107374182409	PHRtcD4zOQ==	PHRtcD4zOQ==	QU5Z	236	94489280968
68719476998	107374182409	PHRtcD4zOQ==	PHRtcD4zOQ==	QU5Z	236	94489280968
68719476999	107374182409	VmVyaWZ5U3RlcFVhcmNo	VmVyaWZ5U3RlcFVhcmNo	VmVyaWZ5U3RlcFVhcmNo	237	94489280967
68719477000	107374182409	PHRtcD40MA==	PHRtcD40MA==	QU5Z	237	94489280966
68719477001	107374182409	PHRtcD40MA==	PHRtcD40MA==	QU5Z	237	94489280966
68719477002	107374182409	PHRtcD40MA==	PHRtcD40MA==	QU5Z	237	94489280966
68719477003	107374182409	VmVyaWZ5UmVzZXRVYXJjaA==	VmVyaWZ5UmVzZXRVYXJjaA==	VmVyaWZ5UmVzZXRVYXJjaA==	238	94489280965
68719477004	107374182409	PHRtcD40MQ==	PHRtcD40MQ==	QU5Z	238	94489280964
68719477005	107374182409	PHRtcD40MQ==	PHRtcD40MQ==	QU5Z	238	94489280964
68719477006	107374182409	PHRtcD40MQ==	PHRtcD40MQ==	QU5Z	238	94489280964
68719477007	107374182409	VmVyaWZ5U2VuZENtaW9SZXNwb25zZQ==	VmVyaWZ5U2VuZENtaW9SZXNwb25zZQ==	VmVyaWZ5U2VuZENtaW9SZXNwb25zZQ==	239	94489280963
68719477008	107374182409	PHRtcD40Mg==	PHRtcD40Mg==	QU5Z	239	94489280962
68719477009	107374182409	PHRtcD40Mg==	PHRtcD40Mg==	QU5Z	239	94489280962
68719477010	107374182409	PHRtcD40Mg==	PHRtcD40Mg==	QU5Z	239	94489280962
68719477011	107374182409	VmVyaWZ5SGFzaFRyZWU=	VmVyaWZ5SGFzaFRyZWU=	VmVyaWZ5SGFzaFRyZWU=	240	94489280961
68719477012	107374182409	PHRtcD40Mw==	PHRtcD40Mw==	QU5Z	240	94489280960
68719477013	107374182409	PHRtcD40Mw==	PHRtcD40Mw==	QU5Z	240	94489280960
68719477014	107374182409	PHRtcD40Mw==	PHRtcD40Mw==	QU5Z	240	94489280960
68719477015	107374182409	R2V0SGFzaFRyZWVTdGF0cw==	R2V0SGFzaFRyZWVTdGF0cw==	R2V0SGFzaFRyZWVTdGF0cw==	241	94489280959
68719477016	107374182409	PHRtcD40NA==	PHRtcD40NA==	QU5Z	241	94489280958
68719477017	107374182409	PHRtcD40NA==	PHRtcD40NA==	QU5Z	241	94489280958
68719477018	107374182409	PHRtcD40NA==	PHRtcD40NA==	QU5Z	241	94489280958
68719477019	107374182409	V3JpdGVXb3Jk	V3JpdGVXb3Jk	V3JpdGVXb3Jk	242	94489280957
68719477020	107374182409	PHRtcD40NQ==	PHRtcD40NQ==	QU5Z	242	94489280956
68719477021	107374182409	PHRtcD40NQ==	PHRtcD40NQ==	QU5Z	242	94489280956
68719477022	107374182409	PHRtcD40NQ==	PHRtcD40NQ==	QU5Z	242	94489280956
68719477023	107374182409	R2V0Tm9kZUhhc2g=	R2V0Tm9kZUhhc2g=	R2V0Tm9kZUhhc2g=	243	94489280955
68719477024	107374182409	PHRtcD40Ng==	PHRtcD40Ng==	QU5Z	243	94489280954
68719477025	107374182409	PHRtcD40Ng==	PHRtcD40Ng==	QU5Z	243	94489280954
68719477026	107374182409	PHRtcD40Ng==	PHRtcD40Ng==	QU5Z	243	94489280954
68719477027	107374182409	Q2xvbmVTdG9yZWQ=	Q2xvbmVTdG9yZWQ=	Q2xvbmVTdG9yZWQ=	244	94489280953
68719477028	107374182409	PHRtcD40Nw==	PHRtcD40Nw==	QU5Z	244	94489280952
68719477029	107374182409	PHRtcD40Nw==	PHRtcD40Nw==	QU5Z	244	94489280952
68719477030	107374182409	PHRtcD40Nw==	PHRtcD40Nw==	QU5Z	244	94489280952
68719477031	107374182409	UmVuYW1lU3RvcmVk	UmVuYW1lU3RvcmVk	UmVuYW1lU3RvcmVk	245	94489280951
68719477032	107374182409	PHRtcD40OA==	PHRtcD40OA==	QU5Z	245	94489280950
68719477033	107374182409	PHRtcD40OA==	PHRtcD40OA==	QU5Z	245	94489280950
68719477034	107374182409	PHRtcD40OA==	PHRtcD40OA==	QU5Z	245	94489280950
68719477035	107374182409	UmVtb3ZlU3RvcmVk	UmVtb3ZlU3RvcmVk	UmVtb3ZlU3RvcmVk	246	94489280949
68719477036	107374182409	PHRtcD40OQ==	PHRtcD40OQ==	QU5Z	246	94489280948
68719477037	107374182409	PHRtcD40OQ==	PHRtcD40OQ==	QU5Z	246	94489280948
68719477038	107374182409	PHRtcD40OQ==	PHRtcD40OQ==	QU5Z	246	94489280948
68719477039	107374182409	U3luY1N0b3JlZA==	U3luY1N0b3JlZA==	U3luY1N0b3JlZA==	247	94489280947
68719477040	107374182409	PHRtcD41MA==	PHRtcD41MA==	QU5Z	247	94489280946
68719477041	107374182409	PHRtcD41MA==	PHRtcD41MA==	QU5Z	247	94489280946
68719477042	107374182409	PHRtcD41MA==	PHRtcD41MA==	QU5Z	247	94489280946
68719477043	107374182409	SnNvbnJwY0Zvcms=	SnNvbnJwY0Zvcms=	SnNvbnJwY0Zvcms=	249	94489280945
68719477044	107374182409	PHRtcD41MQ==	PHRtcD41MQ==	QU5Z	249	94489280944
68719477045	107374182409	PHRtcD41MQ==	PHRtcD41MQ==	QU5Z	249	94489280944
68719477046	107374182409	PHRtcD41MQ==	PHRtcD41MQ==	QU5Z	249	94489280944
68719477047	107374182409	SnNvbnJwY1NodXRkb3duU2VydmVy	SnNvbnJwY1NodXRkb3duU2VydmVy	SnNvbnJwY1NodXRkb3duU2VydmVy	250	94489280943
68719477048	107374182409	PHRtcD41Mg==	PHRtcD41Mg==	QU5Z	250	94489280942
68719477049	107374182409	PHRtcD41Mg==	PHRtcD41Mg==	QU5Z	250	94489280942
68719477050	107374182409	PHRtcD41Mg==	PHRtcD41Mg==	QU5Z	250	94489280942
68719477051	107374182409	SnNvbnJwY1JlYmluZFNlcnZlcg==	SnNvbnJwY1JlYmluZFNlcnZlcg==	SnNvbnJwY1JlYmluZFNlcnZlcg==	251	94489280941
68719477052	107374182409	PHRtcD41Mw==	PHRtcD41Mw==	QU5Z	251	94489280940
68719477053	107374182409	PHRtcD41Mw==	PHRtcD41Mw==	QU5Z	251	94489280940
68719477054	107374182409	PHRtcD41Mw==	PHRtcD41Mw==	QU5Z	251	94489280940
68719477055	107374182409	SnNvbnJwY0dldFNlcnZlclZlcnNpb24=	SnNvbnJwY0dldFNlcnZlclZlcnNpb24=	SnNvbnJwY0dldFNlcnZlclZlcnNpb24=	252	94489280939
68719477056	107374182409	PHRtcD41NA==	PHRtcD41NA==	QU5Z	252	94489280938
68719477057	107374182409	PHRtcD41NA==	PHRtcD41NA==	QU5Z	252	94489280938
68719477058	107374182409	PHRtcD41NA==	PHRtcD41NA==	QU5Z	252	94489280938
68719477059	107374182409	SnNvbnJwY0VtYW5jaXBhdGVTZXJ2ZXI=	SnNvbnJwY0VtYW5jaXBhdGVTZXJ2ZXI=	SnNvbnJwY0VtYW5jaXBhdGVTZXJ2ZXI=	253	94489280937
68719477060	107374182409	PHRtcD41NQ==	PHRtcD41NQ==	QU5Z	253	94489280936
68719477061	107374182409	PHRtcD41NQ==	PHRtcD41NQ==	QU5Z	253	94489280936
68719477062	107374182409	PHRtcD41NQ==	PHRtcD41NQ==	QU5Z	253	94489280936
68719477063	107374182409	SnNvbnJwY1NldFRpbWVvdXQ=	SnNvbnJwY1NldFRpbWVvdXQ=	SnNvbnJwY1NldFRpbWVvdXQ=	254	94489280935
68719477064	107374182409	PHRtcD41Ng==	PHRtcD41Ng==	QU5Z	254	94489280934
68719477065	107374182409	PHRtcD41Ng==	PHRtcD41Ng==	QU5Z	254	94489280934
68719477066	107374182409	PHRtcD41Ng==	PHRtcD41Ng==	QU5Z	254	94489280934
68719477067	107374182409	SnNvbnJwY0dldFRpbWVvdXQ=	SnNvbnJwY0dldFRpbWVvdXQ=	SnNvbnJwY0dldFRpbWVvdXQ=	255	94489280933
68719477068	107374182409	PHRtcD41Nw==	PHRtcD41Nw==	QU5Z	255	94489280932
68719477069	107374182409	PHRtcD41Nw==	PHRtcD41Nw==	QU5Z	255	94489280932
68719477070	107374182409	PHRtcD41Nw==	PHRtcD41Nw==	QU5Z	255	94489280932
68719477071	107374182409	SnNvbnJwY1NldENsZWFudXBDYWxs	SnNvbnJwY1NldENsZWFudXBDYWxs	SnNvbnJwY1NldENsZWFudXBDYWxs	256	94489280931
68719477072	107374182409	PHRtcD41OA==	PHRtcD41OA==	QU5Z	256	94489280930
68719477073	107374182409	PHRtcD41OA==	PHRtcD41OA==	QU5Z	256	94489280930
68719477074	107374182409	PHRtcD41OA==	PHRtcD41OA==	QU5Z	256	94489280930
68719477075	107374182409	SnNvbnJwY0dldENsZWFudXBDYWxs	SnNvbnJwY0dldENsZWFudXBDYWxs	SnNvbnJwY0dldENsZWFudXBDYWxs	257	94489280929
68719477076	107374182409	PHRtcD41OQ==	PHRtcD41OQ==	QU5Z	257	94489280928
68719477077	107374182409	PHRtcD41OQ==	PHRtcD41OQ==	QU5Z	257	94489280928
68719477078	107374182409	PHRtcD41OQ==	PHRtcD41OQ==	QU5Z	257	94489280928
68719477079	107374182409	SnNvbnJwY0dldFNlcnZlckFkZHJlc3M=	SnNvbnJwY0dldFNlcnZlckFkZHJlc3M=	SnNvbnJwY0dldFNlcnZlckFkZHJlc3M=	258	94489280927
68719477080	107374182409	PHRtcD42MA==	PHRtcD42MA==	QU5Z	258	94489280926
68719477081	107374182409	PHRtcD42MA==	PHRtcD42MA==	QU5Z	258	94489280926
68719477082	107374182409	PHRtcD42MA==	PHRtcD42MA==	QU5Z	258	94489280926
68719477083	107374182409	SnNvbnJwY0RlbGF5TmV4dFJlcXVlc3Q=	SnNvbnJwY0RlbGF5TmV4dFJlcXVlc3Q=	SnNvbnJwY0RlbGF5TmV4dFJlcXVlc3Q=	259	94489280925
68719477084	107374182409	PHRtcD42MQ==	PHRtcD42MQ==	QU5Z	259	94489280924
68719477085	107374182409	PHRtcD42MQ==	PHRtcD42MQ==	QU5Z	259	94489280924
68719477086	107374182409	PHRtcD42MQ==	PHRtcD42MQ==	QU5Z	259	94489280924
68719477087	107374182409	bWFjaGluZV8=	bWFjaGluZV8=	QU5Z	261	94489280923
68719476838	107374182414	dGhpcw==	dGhpcw==	TWFjaGluZSo=	194	111669149741
68719477088	107374182415	ZW52	ZW52	TmFwaS5FbnY=	265	94489280521
68719477089	107374182415	aW5mbw==	aW5mbw==	TmFwaS5DYWxsYmFja0luZm8m	265	111669149743
68719477090	107374182415	aW5mbw==	aW5mbw==	TmFwaS5DYWxsYmFja0luZm8m	266	111669149743
68719477091	107374182415	aW5mbw==	aW5mbw==	TmFwaS5DYWxsYmFja0luZm8m	266	111669149743
68719477092	107374182415	ZW52	ZW52	TmFwaS5FbnY=	267	94489280521
68719477093	107374182415	dGhpcw==	dGhpcw==	TWFjaGluZSo=	271	111669149742
68719477094	107374182415	aW5mbw==	aW5mbw==	TmFwaS5DYWxsYmFja0luZm8m	271	111669149743
68719477095	107374182415	PHRtcD4w	PHRtcD4w	TmFwaS5PYmplY3RXcmFw	264	94489280922
68719477096	107374182415	PHRtcD4w	PHRtcD4w	TmFwaS5PYmplY3RXcmFw	264	94489280922
68719477097	107374182415	aW5mbw==	aW5mbw==	TmFwaS5DYWxsYmFja0luZm8m	264	111669149743
68719477098	107374182415	PHRtcD4w	PHRtcD4w	TmFwaS5PYmplY3RXcmFw	264	94489280922
68719477099	107374182416	dGhpcw==	dGhpcw==	TWFjaGluZSo=	275	111669149744
68719477100	107374182416	dGhpcw==	dGhpcw==	TWFjaGluZSo=	276	111669149744
68719477101	107374182416	dGhpcw==	dGhpcw==	TWFjaGluZSo=	277	111669149744
68719477102	107374182417	Y3Rvcg==	Y3Rvcg==	TmFwaS5GdW5jdGlvblJlZmVyZW5jZSo=	282	94489280522
68719477103	107374182417	ZW52	ZW52	TmFwaS5FbnY=	282	111669149746
68719477104	107374182417	Y3Rvcg==	Y3Rvcg==	TmFwaS5GdW5jdGlvblJlZmVyZW5jZSo=	283	94489280522
68719477105	107374182417	ZW52	ZW52	TmFwaS5FbnY=	283	111669149746
68719477106	107374182417	bQ==	bQ==	Y21fbWFjaGluZSo=	283	111669149747
68719477107	107374182418	ZW52	ZW52	TmFwaS5FbnY=	298	94489280523
68719477108	107374182418	aW5mbw==	aW5mbw==	TmFwaS5DYWxsYmFja0luZm8m	298	111669149749
68719477109	107374182418	eWVz	eWVz	Ym9vbA==	299	94489280524
68719477110	107374182418	ZW52	ZW52	TmFwaS5FbnY=	300	
68719477111	107374182418	cmNfXw==	Q0hFQ0tfQ00oZW52LCBjbV9pc19lbXB0eShtYWNoaW5lXywgJnllcykp	Y21fZXJyb3I=	300	94489280525
68719477112	107374182418	dGhpcw==	dGhpcw==	TWFjaGluZSo=	300	111669149748
68719477113	107374182418	eWVz	eWVz	Ym9vbA==	300	94489280524
68719477114	107374182418	cmNfXw==	cmNfXw==	Y21fZXJyb3I=	300	94489280525
68719477115	107374182418	Q01fRVJST1JfT0s=	PHVua25vd24+IENNX0VSUk9SX09L	QU5Z	300	94489280921
68719477116	107374182418	ZW52	ZW52	TmFwaS5FbnY=	300	94489280523
68719477117	107374182418	cmNfXw==	cmNfXw==	Y21fZXJyb3I=	300	94489280525
68719477118	107374182418	ZW52	ZW52	TmFwaS5FbnY=	300	94489280523
68719477119	107374182418	ZW52	ZW52	TmFwaS5FbnY=	301	94489280523
68719477120	107374182418	eWVz	eWVz	Ym9vbA==	301	94489280524
68719477121	107374182419	ZW52	ZW52	TmFwaS5FbnY=	305	94489280526
68719477122	107374182419	aW5mbw==	aW5mbw==	TmFwaS5DYWxsYmFja0luZm8m	305	111669149751
68719477123	107374182419	eWVz	eWVz	Ym9vbA==	306	94489280527
68719477124	107374182419	ZW52	ZW52	TmFwaS5FbnY=	307	
68719477125	107374182419	cmNfXw==	Q0hFQ0tfQ00oZW52LCBjbV9pc19qc29ucnBjX21hY2hpbmUobWFjaGluZV8sICZ5ZXMpKQ==	Y21fZXJyb3I=	307	94489280528
68719477126	107374182419	dGhpcw==	dGhpcw==	TWFjaGluZSo=	307	111669149750
68719477127	107374182419	eWVz	eWVz	Ym9vbA==	307	94489280527
68719477128	107374182419	cmNfXw==	cmNfXw==	Y21fZXJyb3I=	307	94489280528
68719477129	107374182419	Q01fRVJST1JfT0s=	PHVua25vd24+IENNX0VSUk9SX09L	QU5Z	307	94489280920
68719477130	107374182419	ZW52	ZW52	TmFwaS5FbnY=	307	94489280526
68719477131	107374182419	cmNfXw==	cmNfXw==	Y21fZXJyb3I=	307	94489280528
68719477132	107374182419	ZW52	ZW52	TmFwaS5FbnY=	307	94489280526
68719477133	107374182419	ZW52	ZW52	TmFwaS5FbnY=	308	94489280526
68719477134	107374182419	eWVz	eWVz	Ym9vbA==	308	94489280527
68719477135	107374182420	ZW52	ZW52	TmFwaS5FbnY=	312	94489280529
68719477136	107374182420	aW5mbw==	aW5mbw==	TmFwaS5DYWxsYmFja0luZm8m	312	111669149753
68719477137	107374182420	aGFzX3J1bnRpbWVfY29uZmln	aGFzX3J1bnRpbWVfY29uZmln	Ym9vbA==	315	94489280532
68719477138	107374182420	aGFzX2Rpcg==	aGFzX2Rpcg==	Ym9vbA==	317	94489280534
68719477139	107374182420	ZW52	ZW52	TmFwaS5FbnY=	318	94489280529
68719477140	107374182420	aW5mbw==	aW5mbw==	TmFwaS5DYWxsYmFja0luZm8m	318	111669149753
68719477141	107374182420	Y29uZmln	Y29uZmln	c3RkLnN0cmluZw==	318	94489280530
68719477142	107374182420	ZW52	ZW52	TmFwaS5FbnY=	319	94489280529
68719477143	107374182420	aW5mbw==	aW5mbw==	TmFwaS5DYWxsYmFja0luZm8m	319	111669149753
68719477144	107374182420	cnVudGltZV9jb25maWc=	cnVudGltZV9jb25maWc=	c3RkLnN0cmluZw==	319	94489280531
68719477145	107374182420	aGFzX3J1bnRpbWVfY29uZmln	aGFzX3J1bnRpbWVfY29uZmln	Ym9vbA==	319	94489280532
68719477146	107374182420	ZW52	ZW52	TmFwaS5FbnY=	320	94489280529
68719477147	107374182420	aW5mbw==	aW5mbw==	TmFwaS5DYWxsYmFja0luZm8m	320	111669149753
68719477148	107374182420	ZGly	ZGly	c3RkLnN0cmluZw==	320	94489280533
68719477149	107374182420	aGFzX2Rpcg==	aGFzX2Rpcg==	Ym9vbA==	320	94489280534
68719477150	107374182420	ZW52	ZW52	TmFwaS5FbnY=	321	94489280529
68719477151	107374182420	ZW52	ZW52	TmFwaS5FbnY=	323	
68719477152	107374182420	cmNfXw==	Q0hFQ0tfQ00oZW52LCBjbV9jcmVhdGUobWFjaGluZV8sIGNvbmZpZy5jX3N0cigpLCBoYXNfcnVudGltZV9jb25maWcgPyBydW50aW1lX2NvbmZpZy5jX3N0cigpIDogbnVsbHB0ciwKICAgICAgICAgICAgICAgICAgICAgIGhhc19kaXIgPyBkaXIuY19zdHIoKSA6IG51bGxwdHIpKQ==	Y21fZXJyb3I=	323	94489280535
68719477153	107374182420	dGhpcw==	dGhpcw==	TWFjaGluZSo=	323	111669149752
68719477154	107374182420	Y29uZmln	Y29uZmln	c3RkLnN0cmluZw==	323	94489280530
68719477155	107374182420	aGFzX3J1bnRpbWVfY29uZmln	aGFzX3J1bnRpbWVfY29uZmln	Ym9vbA==	323	94489280532
68719477156	107374182420	cnVudGltZV9jb25maWc=	cnVudGltZV9jb25maWc=	c3RkLnN0cmluZw==	323	94489280531
68719477157	107374182420	aGFzX2Rpcg==	aGFzX2Rpcg==	Ym9vbA==	323	94489280534
68719477158	107374182420	ZGly	ZGly	c3RkLnN0cmluZw==	323	94489280533
68719477159	107374182420	cmNfXw==	cmNfXw==	Y21fZXJyb3I=	323	94489280535
68719477160	107374182420	Q01fRVJST1JfT0s=	PHVua25vd24+IENNX0VSUk9SX09L	QU5Z	323	94489280919
68719477161	107374182420	ZW52	ZW52	TmFwaS5FbnY=	323	94489280529
68719477162	107374182420	cmNfXw==	cmNfXw==	Y21fZXJyb3I=	323	94489280535
68719477163	107374182420	ZW52	ZW52	TmFwaS5FbnY=	323	94489280529
68719477164	107374182420	ZW52	ZW52	TmFwaS5FbnY=	325	94489280529
68719477165	107374182421	ZW52	ZW52	TmFwaS5FbnY=	329	94489280536
68719477166	107374182421	aW5mbw==	aW5mbw==	TmFwaS5DYWxsYmFja0luZm8m	329	111669149755
68719477167	107374182421	aGFzX3J1bnRpbWVfY29uZmln	aGFzX3J1bnRpbWVfY29uZmln	Ym9vbA==	332	94489280539
68719477168	107374182421	c2hhcmluZw==	c2hhcmluZw==	aW50MzJfdA==	333	94489280540
68719477169	107374182421	Q01fU0hBUklOR19OT05F	PHVua25vd24+IENNX1NIQVJJTkdfTk9ORQ==	QU5Z	333	94489280918
68719477170	107374182421	ZW52	ZW52	TmFwaS5FbnY=	334	94489280536
68719477171	107374182421	aW5mbw==	aW5mbw==	TmFwaS5DYWxsYmFja0luZm8m	334	111669149755
68719477172	107374182421	ZGly	ZGly	c3RkLnN0cmluZw==	334	94489280537
68719477173	107374182421	ZW52	ZW52	TmFwaS5FbnY=	335	94489280536
68719477174	107374182421	aW5mbw==	aW5mbw==	TmFwaS5DYWxsYmFja0luZm8m	335	111669149755
68719477175	107374182421	cnVudGltZV9jb25maWc=	cnVudGltZV9jb25maWc=	c3RkLnN0cmluZw==	335	94489280538
68719477176	107374182421	aGFzX3J1bnRpbWVfY29uZmln	aGFzX3J1bnRpbWVfY29uZmln	Ym9vbA==	335	94489280539
68719477177	107374182421	aW5mbw==	aW5mbw==	TmFwaS5DYWxsYmFja0luZm8m	336	111669149755
68719477178	107374182421	ZW52	ZW52	TmFwaS5FbnY=	336	94489280536
68719477179	107374182421	aW5mbw==	aW5mbw==	TmFwaS5DYWxsYmFja0luZm8m	336	111669149755
68719477180	107374182421	c2hhcmluZw==	c2hhcmluZw==	aW50MzJfdA==	336	94489280540
68719477181	107374182421	ZW52	ZW52	TmFwaS5FbnY=	337	94489280536
68719477182	107374182421	ZW52	ZW52	TmFwaS5FbnY=	339	
68719477183	107374182421	cmNfXw==	Q0hFQ0tfQ00oZW52LCBjbV9sb2FkKG1hY2hpbmVfLCBkaXIuY19zdHIoKSwgaGFzX3J1bnRpbWVfY29uZmlnID8gcnVudGltZV9jb25maWcuY19zdHIoKSA6IG51bGxwdHIsCiAgICAgICAgICAgICAgICAgICAgICBzdGF0aWNfY2FzdDxjbV9zaGFyaW5nX21vZGU+KHNoYXJpbmcpKSk=	Y21fZXJyb3I=	339	94489280541
68719477184	107374182421	dGhpcw==	dGhpcw==	TWFjaGluZSo=	339	111669149754
68719477185	107374182421	ZGly	ZGly	c3RkLnN0cmluZw==	339	94489280537
68719477186	107374182421	aGFzX3J1bnRpbWVfY29uZmln	aGFzX3J1bnRpbWVfY29uZmln	Ym9vbA==	339	94489280539
68719477187	107374182421	cnVudGltZV9jb25maWc=	cnVudGltZV9jb25maWc=	c3RkLnN0cmluZw==	339	94489280538
68719477188	107374182421	c2hhcmluZw==	c2hhcmluZw==	aW50MzJfdA==	339	94489280540
68719477189	107374182421	cmNfXw==	cmNfXw==	Y21fZXJyb3I=	339	94489280541
68719477190	107374182421	Q01fRVJST1JfT0s=	PHVua25vd24+IENNX0VSUk9SX09L	QU5Z	339	94489280917
68719477191	107374182421	ZW52	ZW52	TmFwaS5FbnY=	339	94489280536
68719477192	107374182421	cmNfXw==	cmNfXw==	Y21fZXJyb3I=	339	94489280541
68719477193	107374182421	ZW52	ZW52	TmFwaS5FbnY=	339	94489280536
68719477194	107374182421	ZW52	ZW52	TmFwaS5FbnY=	341	94489280536
68719477195	107374182422	ZW52	ZW52	TmFwaS5FbnY=	345	94489280542
68719477196	107374182422	aW5mbw==	aW5mbw==	TmFwaS5DYWxsYmFja0luZm8m	345	111669149757
68719477197	107374182422	bmV3X20=	bmV3X20=	Y21fbWFjaGluZSo=	346	94489280543
68719477198	107374182422	ZW52	ZW52	TmFwaS5FbnY=	347	
68719477199	107374182422	cmNfXw==	Q0hFQ0tfQ00oZW52LCBjbV9jbG9uZV9lbXB0eShtYWNoaW5lXywgJm5ld19tKSk=	Y21fZXJyb3I=	347	94489280544
68719477200	107374182422	dGhpcw==	dGhpcw==	TWFjaGluZSo=	347	111669149756
68719477201	107374182422	bmV3X20=	bmV3X20=	Y21fbWFjaGluZSo=	347	94489280543
68719477202	107374182422	cmNfXw==	cmNfXw==	Y21fZXJyb3I=	347	94489280544
68719477203	107374182422	Q01fRVJST1JfT0s=	PHVua25vd24+IENNX0VSUk9SX09L	QU5Z	347	94489280916
68719477204	107374182422	ZW52	ZW52	TmFwaS5FbnY=	347	94489280542
68719477205	107374182422	cmNfXw==	cmNfXw==	Y21fZXJyb3I=	347	94489280544
68719477206	107374182422	ZW52	ZW52	TmFwaS5FbnY=	347	94489280542
68719477207	107374182422	ZW52	ZW52	TmFwaS5FbnY=	348	94489280542
68719477208	107374182422	bmV3X20=	bmV3X20=	Y21fbWFjaGluZSo=	348	94489280543
68719477209	107374182423	ZW52	ZW52	TmFwaS5FbnY=	352	94489280545
68719477210	107374182423	aW5mbw==	aW5mbw==	TmFwaS5DYWxsYmFja0luZm8m	352	111669149759
68719477211	107374182423	c2hhcmluZw==	c2hhcmluZw==	aW50MzJfdA==	354	94489280547
68719477212	107374182423	Q01fU0hBUklOR19BTEw=	PHVua25vd24+IENNX1NIQVJJTkdfQUxM	QU5Z	354	94489280915
68719477213	107374182423	ZW52	ZW52	TmFwaS5FbnY=	355	94489280545
68719477214	107374182423	aW5mbw==	aW5mbw==	TmFwaS5DYWxsYmFja0luZm8m	355	111669149759
68719477215	107374182423	ZGly	ZGly	c3RkLnN0cmluZw==	355	94489280546
68719477216	107374182423	aW5mbw==	aW5mbw==	TmFwaS5DYWxsYmFja0luZm8m	356	111669149759
68719477217	107374182423	ZW52	ZW52	TmFwaS5FbnY=	356	94489280545
68719477218	107374182423	aW5mbw==	aW5mbw==	TmFwaS5DYWxsYmFja0luZm8m	356	111669149759
68719477219	107374182423	c2hhcmluZw==	c2hhcmluZw==	aW50MzJfdA==	356	94489280547
68719477220	107374182423	ZW52	ZW52	TmFwaS5FbnY=	357	94489280545
68719477221	107374182423	ZW52	ZW52	TmFwaS5FbnY=	359	
68719477222	107374182423	cmNfXw==	Q0hFQ0tfQ00oZW52LCBjbV9zdG9yZShtYWNoaW5lXywgZGlyLmNfc3RyKCksIHN0YXRpY19jYXN0PGNtX3NoYXJpbmdfbW9kZT4oc2hhcmluZykpKQ==	Y21fZXJyb3I=	359	94489280548
68719477223	107374182423	dGhpcw==	dGhpcw==	TWFjaGluZSo=	359	111669149758
68719477224	107374182423	ZGly	ZGly	c3RkLnN0cmluZw==	359	94489280546
68719477225	107374182423	c2hhcmluZw==	c2hhcmluZw==	aW50MzJfdA==	359	94489280547
68719477226	107374182423	cmNfXw==	cmNfXw==	Y21fZXJyb3I=	359	94489280548
68719477227	107374182423	Q01fRVJST1JfT0s=	PHVua25vd24+IENNX0VSUk9SX09L	QU5Z	359	94489280914
68719477228	107374182423	ZW52	ZW52	TmFwaS5FbnY=	359	94489280545
68719477229	107374182423	cmNfXw==	cmNfXw==	Y21fZXJyb3I=	359	94489280548
68719477230	107374182423	ZW52	ZW52	TmFwaS5FbnY=	359	94489280545
68719477231	107374182423	ZW52	ZW52	TmFwaS5FbnY=	360	94489280545
68719477232	107374182424	ZW52	ZW52	TmFwaS5FbnY=	364	94489280549
68719477233	107374182424	aW5mbw==	aW5mbw==	TmFwaS5DYWxsYmFja0luZm8m	364	111669149761
68719477234	107374182424	ZW52	ZW52	TmFwaS5FbnY=	365	
68719477235	107374182424	dGhpcw==	dGhpcw==	TWFjaGluZSo=	365	
68719477236	107374182424	cmNfXw==	Q0hFQ0tfQ00oZW52LCBjbV9kZXN0cm95KG1hY2hpbmVfKSk=	Y21fZXJyb3I=	365	94489280550
68719477237	107374182424	dGhpcw==	dGhpcw==	TWFjaGluZSo=	365	111669149760
68719477238	107374182424	cmNfXw==	cmNfXw==	Y21fZXJyb3I=	365	94489280550
68719477239	107374182424	Q01fRVJST1JfT0s=	PHVua25vd24+IENNX0VSUk9SX09L	QU5Z	365	94489280913
68719477240	107374182424	ZW52	ZW52	TmFwaS5FbnY=	365	94489280549
68719477241	107374182424	cmNfXw==	cmNfXw==	Y21fZXJyb3I=	365	94489280550
68719477242	107374182424	ZW52	ZW52	TmFwaS5FbnY=	365	94489280549
68719477243	107374182424	ZW52	ZW52	TmFwaS5FbnY=	366	94489280549
68719477244	107374182425	ZW52	ZW52	TmFwaS5FbnY=	370	94489280551
68719477245	107374182425	aW5mbw==	aW5mbw==	TmFwaS5DYWxsYmFja0luZm8m	370	111669149763
68719477246	107374182425	Y29uZmln	Y29uZmln	Y2hhcio=	371	94489280552
68719477247	107374182425	ZW52	ZW52	TmFwaS5FbnY=	372	
68719477248	107374182425	cmNfXw==	Q0hFQ0tfQ00oZW52LCBjbV9nZXRfZGVmYXVsdF9jb25maWcobWFjaGluZV8sICZjb25maWcpKQ==	Y21fZXJyb3I=	372	94489280553
68719477249	107374182425	dGhpcw==	dGhpcw==	TWFjaGluZSo=	372	111669149762
68719477250	107374182425	Y29uZmln	Y29uZmln	Y2hhcio=	372	94489280552
68719477251	107374182425	cmNfXw==	cmNfXw==	Y21fZXJyb3I=	372	94489280553
68719477252	107374182425	Q01fRVJST1JfT0s=	PHVua25vd24+IENNX0VSUk9SX09L	QU5Z	372	94489280912
68719477253	107374182425	ZW52	ZW52	TmFwaS5FbnY=	372	94489280551
68719477254	107374182425	cmNfXw==	cmNfXw==	Y21fZXJyb3I=	372	94489280553
68719477255	107374182425	ZW52	ZW52	TmFwaS5FbnY=	372	94489280551
68719477256	107374182425	ZW52	ZW52	TmFwaS5FbnY=	373	94489280551
68719477257	107374182425	Y29uZmln	Y29uZmln	Y2hhcio=	373	94489280552
68719477258	107374182426	ZW52	ZW52	TmFwaS5FbnY=	377	94489280554
68719477259	107374182426	aW5mbw==	aW5mbw==	TmFwaS5DYWxsYmFja0luZm8m	377	111669149765
68719477260	107374182426	cmVn	cmVn	aW50MzJfdA==	378	94489280555
68719477261	107374182426	ZW52	ZW52	TmFwaS5FbnY=	379	94489280554
68719477262	107374182426	aW5mbw==	aW5mbw==	TmFwaS5DYWxsYmFja0luZm8m	379	111669149765
68719477263	107374182426	cmVn	cmVn	aW50MzJfdA==	379	94489280555
68719477264	107374182426	ZW52	ZW52	TmFwaS5FbnY=	380	94489280554
68719477265	107374182426	dmFs	dmFs	dWludDY0X3Q=	382	94489280556
68719477266	107374182426	ZW52	ZW52	TmFwaS5FbnY=	383	
68719477267	107374182426	cmNfXw==	Q0hFQ0tfQ00oZW52LCBjbV9nZXRfcmVnX2FkZHJlc3MobWFjaGluZV8sIHN0YXRpY19jYXN0PGNtX3JlZz4ocmVnKSwgJnZhbCkp	Y21fZXJyb3I=	383	94489280557
68719477268	107374182426	dGhpcw==	dGhpcw==	TWFjaGluZSo=	383	111669149764
68719477269	107374182426	cmVn	cmVn	aW50MzJfdA==	383	94489280555
68719477270	107374182426	dmFs	dmFs	dWludDY0X3Q=	383	94489280556
68719477271	107374182426	cmNfXw==	cmNfXw==	Y21fZXJyb3I=	383	94489280557
68719477272	107374182426	Q01fRVJST1JfT0s=	PHVua25vd24+IENNX0VSUk9SX09L	QU5Z	383	94489280911
68719477273	107374182426	ZW52	ZW52	TmFwaS5FbnY=	383	94489280554
68719477274	107374182426	cmNfXw==	cmNfXw==	Y21fZXJyb3I=	383	94489280557
68719477275	107374182426	ZW52	ZW52	TmFwaS5FbnY=	383	94489280554
68719477276	107374182426	ZW52	ZW52	TmFwaS5FbnY=	384	94489280554
68719477277	107374182426	dmFs	dmFs	dWludDY0X3Q=	384	94489280556
68719477278	107374182427	ZW52	ZW52	TmFwaS5FbnY=	388	94489280558
68719477279	107374182427	aW5mbw==	aW5mbw==	TmFwaS5DYWxsYmFja0luZm8m	388	111669149767
68719477280	107374182427	ZW52	ZW52	TmFwaS5FbnY=	390	94489280558
68719477281	107374182427	aW5mbw==	aW5mbw==	TmFwaS5DYWxsYmFja0luZm8m	390	111669149767
68719477282	107374182427	cnVudGltZV9jb25maWc=	cnVudGltZV9jb25maWc=	c3RkLnN0cmluZw==	390	94489280559
68719477283	107374182427	ZW52	ZW52	TmFwaS5FbnY=	391	94489280558
68719477284	107374182427	ZW52	ZW52	TmFwaS5FbnY=	393	
68719477285	107374182427	cmNfXw==	Q0hFQ0tfQ00oZW52LCBjbV9zZXRfcnVudGltZV9jb25maWcobWFjaGluZV8sIHJ1bnRpbWVfY29uZmlnLmNfc3RyKCkpKQ==	Y21fZXJyb3I=	393	94489280560
68719477286	107374182427	dGhpcw==	dGhpcw==	TWFjaGluZSo=	393	111669149766
68719477287	107374182427	cnVudGltZV9jb25maWc=	cnVudGltZV9jb25maWc=	c3RkLnN0cmluZw==	393	94489280559
68719477288	107374182427	cmNfXw==	cmNfXw==	Y21fZXJyb3I=	393	94489280560
68719477289	107374182427	Q01fRVJST1JfT0s=	PHVua25vd24+IENNX0VSUk9SX09L	QU5Z	393	94489280910
68719477290	107374182427	ZW52	ZW52	TmFwaS5FbnY=	393	94489280558
68719477291	107374182427	cmNfXw==	cmNfXw==	Y21fZXJyb3I=	393	94489280560
68719477292	107374182427	ZW52	ZW52	TmFwaS5FbnY=	393	94489280558
68719477293	107374182427	ZW52	ZW52	TmFwaS5FbnY=	394	94489280558
68719477294	107374182428	ZW52	ZW52	TmFwaS5FbnY=	398	94489280561
68719477295	107374182428	aW5mbw==	aW5mbw==	TmFwaS5DYWxsYmFja0luZm8m	398	111669149769
68719477296	107374182428	cnVudGltZV9jb25maWc=	cnVudGltZV9jb25maWc=	Y2hhcio=	399	94489280562
68719477297	107374182428	ZW52	ZW52	TmFwaS5FbnY=	400	
68719477298	107374182428	cmNfXw==	Q0hFQ0tfQ00oZW52LCBjbV9nZXRfcnVudGltZV9jb25maWcobWFjaGluZV8sICZydW50aW1lX2NvbmZpZykp	Y21fZXJyb3I=	400	94489280563
68719477299	107374182428	dGhpcw==	dGhpcw==	TWFjaGluZSo=	400	111669149768
68719477300	107374182428	cnVudGltZV9jb25maWc=	cnVudGltZV9jb25maWc=	Y2hhcio=	400	94489280562
68719477301	107374182428	cmNfXw==	cmNfXw==	Y21fZXJyb3I=	400	94489280563
68719477302	107374182428	Q01fRVJST1JfT0s=	PHVua25vd24+IENNX0VSUk9SX09L	QU5Z	400	94489280909
68719477303	107374182428	ZW52	ZW52	TmFwaS5FbnY=	400	94489280561
68719477304	107374182428	cmNfXw==	cmNfXw==	Y21fZXJyb3I=	400	94489280563
68719477305	107374182428	ZW52	ZW52	TmFwaS5FbnY=	400	94489280561
68719477306	107374182428	ZW52	ZW52	TmFwaS5FbnY=	401	94489280561
68719477307	107374182428	cnVudGltZV9jb25maWc=	cnVudGltZV9jb25maWc=	Y2hhcio=	401	94489280562
68719477308	107374182429	ZW52	ZW52	TmFwaS5FbnY=	405	94489280564
68719477309	107374182429	aW5mbw==	aW5mbw==	TmFwaS5DYWxsYmFja0luZm8m	405	111669149771
68719477310	107374182429	ZW52	ZW52	TmFwaS5FbnY=	407	94489280564
68719477311	107374182429	aW5mbw==	aW5mbw==	TmFwaS5DYWxsYmFja0luZm8m	407	111669149771
68719477312	107374182429	cmFuZ2VfY29uZmln	cmFuZ2VfY29uZmln	c3RkLnN0cmluZw==	407	94489280565
68719477313	107374182429	ZW52	ZW52	TmFwaS5FbnY=	408	94489280564
68719477314	107374182429	ZW52	ZW52	TmFwaS5FbnY=	410	
68719477315	107374182429	cmNfXw==	Q0hFQ0tfQ00oZW52LCBjbV9yZXBsYWNlX21lbW9yeV9yYW5nZShtYWNoaW5lXywgcmFuZ2VfY29uZmlnLmNfc3RyKCkpKQ==	Y21fZXJyb3I=	410	94489280566
68719477316	107374182429	dGhpcw==	dGhpcw==	TWFjaGluZSo=	410	111669149770
68719477317	107374182429	cmFuZ2VfY29uZmln	cmFuZ2VfY29uZmln	c3RkLnN0cmluZw==	410	94489280565
68719477318	107374182429	cmNfXw==	cmNfXw==	Y21fZXJyb3I=	410	94489280566
68719477319	107374182429	Q01fRVJST1JfT0s=	PHVua25vd24+IENNX0VSUk9SX09L	QU5Z	410	94489280908
68719477320	107374182429	ZW52	ZW52	TmFwaS5FbnY=	410	94489280564
68719477321	107374182429	cmNfXw==	cmNfXw==	Y21fZXJyb3I=	410	94489280566
68719477322	107374182429	ZW52	ZW52	TmFwaS5FbnY=	410	94489280564
68719477323	107374182429	ZW52	ZW52	TmFwaS5FbnY=	411	94489280564
68719477324	107374182430	ZW52	ZW52	TmFwaS5FbnY=	415	94489280567
68719477325	107374182430	aW5mbw==	aW5mbw==	TmFwaS5DYWxsYmFja0luZm8m	415	111669149773
68719477326	107374182430	Y29uZmln	Y29uZmln	Y2hhcio=	416	94489280568
68719477327	107374182430	ZW52	ZW52	TmFwaS5FbnY=	417	
68719477328	107374182430	cmNfXw==	Q0hFQ0tfQ00oZW52LCBjbV9nZXRfaW5pdGlhbF9jb25maWcobWFjaGluZV8sICZjb25maWcpKQ==	Y21fZXJyb3I=	417	94489280569
68719477329	107374182430	dGhpcw==	dGhpcw==	TWFjaGluZSo=	417	111669149772
68719477330	107374182430	Y29uZmln	Y29uZmln	Y2hhcio=	417	94489280568
68719477331	107374182430	cmNfXw==	cmNfXw==	Y21fZXJyb3I=	417	94489280569
68719477332	107374182430	Q01fRVJST1JfT0s=	PHVua25vd24+IENNX0VSUk9SX09L	QU5Z	417	94489280907
68719477333	107374182430	ZW52	ZW52	TmFwaS5FbnY=	417	94489280567
68719477334	107374182430	cmNfXw==	cmNfXw==	Y21fZXJyb3I=	417	94489280569
68719477335	107374182430	ZW52	ZW52	TmFwaS5FbnY=	417	94489280567
68719477336	107374182430	ZW52	ZW52	TmFwaS5FbnY=	418	94489280567
68719477337	107374182430	Y29uZmln	Y29uZmln	Y2hhcio=	418	94489280568
68719477338	107374182431	ZW52	ZW52	TmFwaS5FbnY=	422	94489280570
68719477339	107374182431	aW5mbw==	aW5mbw==	TmFwaS5DYWxsYmFja0luZm8m	422	111669149775
68719477340	107374182431	cmFuZ2Vz	cmFuZ2Vz	Y2hhcio=	423	94489280571
68719477341	107374182431	ZW52	ZW52	TmFwaS5FbnY=	424	
68719477342	107374182431	cmNfXw==	Q0hFQ0tfQ00oZW52LCBjbV9nZXRfYWRkcmVzc19yYW5nZXMobWFjaGluZV8sICZyYW5nZXMpKQ==	Y21fZXJyb3I=	424	94489280572
68719477343	107374182431	dGhpcw==	dGhpcw==	TWFjaGluZSo=	424	111669149774
68719477344	107374182431	cmFuZ2Vz	cmFuZ2Vz	Y2hhcio=	424	94489280571
68719477345	107374182431	cmNfXw==	cmNfXw==	Y21fZXJyb3I=	424	94489280572
68719477346	107374182431	Q01fRVJST1JfT0s=	PHVua25vd24+IENNX0VSUk9SX09L	QU5Z	424	94489280906
68719477347	107374182431	ZW52	ZW52	TmFwaS5FbnY=	424	94489280570
68719477348	107374182431	cmNfXw==	cmNfXw==	Y21fZXJyb3I=	424	94489280572
68719477349	107374182431	ZW52	ZW52	TmFwaS5FbnY=	424	94489280570
68719477350	107374182431	ZW52	ZW52	TmFwaS5FbnY=	425	94489280570
68719477351	107374182431	cmFuZ2Vz	cmFuZ2Vz	Y2hhcio=	425	94489280571
68719477352	107374182432	ZW52	ZW52	TmFwaS5FbnY=	429	94489280573
68719477353	107374182432	aW5mbw==	aW5mbw==	TmFwaS5DYWxsYmFja0luZm8m	429	111669149777
68719477354	107374182432	aGFzaA==	aGFzaA==	Y21faGFzaA==	430	94489280574
68719477355	107374182432	PHRtcD4w	PHRtcD4w	Y21faGFzaA==	430	94489280905
68719477356	107374182432	PHRtcD4w	PHRtcD4w	Y21faGFzaA==	430	94489280905
68719477357	107374182432	PHRtcD4w	PHRtcD4w	Y21faGFzaA==	430	94489280905
68719477358	107374182432	ZW52	ZW52	TmFwaS5FbnY=	431	
68719477359	107374182432	cmNfXw==	Q0hFQ0tfQ00oZW52LCBjbV9nZXRfcm9vdF9oYXNoKG1hY2hpbmVfLCAmaGFzaCkp	Y21fZXJyb3I=	431	94489280575
68719477360	107374182432	dGhpcw==	dGhpcw==	TWFjaGluZSo=	431	111669149776
68719477361	107374182432	aGFzaA==	aGFzaA==	Y21faGFzaA==	431	94489280574
68719477362	107374182432	cmNfXw==	cmNfXw==	Y21fZXJyb3I=	431	94489280575
68719477363	107374182432	Q01fRVJST1JfT0s=	PHVua25vd24+IENNX0VSUk9SX09L	QU5Z	431	94489280904
68719477364	107374182432	ZW52	ZW52	TmFwaS5FbnY=	431	94489280573
68719477365	107374182432	cmNfXw==	cmNfXw==	Y21fZXJyb3I=	431	94489280575
68719477366	107374182432	ZW52	ZW52	TmFwaS5FbnY=	431	94489280573
68719477367	107374182432	ZW52	ZW52	TmFwaS5FbnY=	432	94489280573
68719477368	107374182432	aGFzaA==	aGFzaA==	Y21faGFzaA==	432	94489280574
68719477369	107374182432	Q01fSEFTSF9TSVpF	PHVua25vd24+IENNX0hBU0hfU0laRQ==	QU5Z	432	94489280903
68719477370	107374182433	ZW52	ZW52	TmFwaS5FbnY=	436	94489280576
68719477371	107374182433	aW5mbw==	aW5mbw==	TmFwaS5DYWxsYmFja0luZm8m	436	111669149779
68719477372	107374182433	aGFzaA==	aGFzaA==	Y21faGFzaA==	437	94489280577
68719477373	107374182433	PHRtcD4w	PHRtcD4w	Y21faGFzaA==	437	94489280902
68719477374	107374182433	PHRtcD4w	PHRtcD4w	Y21faGFzaA==	437	94489280902
68719477375	107374182433	PHRtcD4w	PHRtcD4w	Y21faGFzaA==	437	94489280902
68719477376	107374182433	ZW52	ZW52	TmFwaS5FbnY=	438	
68719477377	107374182433	cmNfXw==	Q0hFQ0tfQ00oZW52LCBjbV9yZWFkX3JldmVydF9yb290X2hhc2gobWFjaGluZV8sICZoYXNoKSk=	Y21fZXJyb3I=	438	94489280578
68719477378	107374182433	dGhpcw==	dGhpcw==	TWFjaGluZSo=	438	111669149778
68719477379	107374182433	aGFzaA==	aGFzaA==	Y21faGFzaA==	438	94489280577
68719477380	107374182433	cmNfXw==	cmNfXw==	Y21fZXJyb3I=	438	94489280578
68719477381	107374182433	Q01fRVJST1JfT0s=	PHVua25vd24+IENNX0VSUk9SX09L	QU5Z	438	94489280901
68719477382	107374182433	ZW52	ZW52	TmFwaS5FbnY=	438	94489280576
68719477383	107374182433	cmNfXw==	cmNfXw==	Y21fZXJyb3I=	438	94489280578
68719477384	107374182433	ZW52	ZW52	TmFwaS5FbnY=	438	94489280576
68719477385	107374182433	ZW52	ZW52	TmFwaS5FbnY=	439	94489280576
68719477386	107374182433	aGFzaA==	aGFzaA==	Y21faGFzaA==	439	94489280577
68719477387	107374182433	Q01fSEFTSF9TSVpF	PHVua25vd24+IENNX0hBU0hfU0laRQ==	QU5Z	439	94489280900
68719477388	107374182434	ZW52	ZW52	TmFwaS5FbnY=	443	94489280579
68719477389	107374182434	aW5mbw==	aW5mbw==	TmFwaS5DYWxsYmFja0luZm8m	443	111669149781
68719477390	107374182434	aGFzaA==	aGFzaA==	Y21faGFzaCo=	444	94489280580
68719477391	107374182434	ZW52	ZW52	TmFwaS5FbnY=	445	94489280579
68719477392	107374182434	aW5mbw==	aW5mbw==	TmFwaS5DYWxsYmFja0luZm8m	445	111669149781
68719477393	107374182434	aGFzaA==	aGFzaA==	Y21faGFzaCo=	445	94489280580
68719477394	107374182434	ZW52	ZW52	TmFwaS5FbnY=	446	94489280579
68719477395	107374182434	ZW52	ZW52	TmFwaS5FbnY=	448	
68719477396	107374182434	cmNfXw==	Q0hFQ0tfQ00oZW52LCBjbV93cml0ZV9yZXZlcnRfcm9vdF9oYXNoKG1hY2hpbmVfLCBoYXNoKSk=	Y21fZXJyb3I=	448	94489280581
68719477397	107374182434	dGhpcw==	dGhpcw==	TWFjaGluZSo=	448	111669149780
68719477398	107374182434	aGFzaA==	aGFzaA==	Y21faGFzaCo=	448	94489280580
68719477399	107374182434	cmNfXw==	cmNfXw==	Y21fZXJyb3I=	448	94489280581
68719477400	107374182434	Q01fRVJST1JfT0s=	PHVua25vd24+IENNX0VSUk9SX09L	QU5Z	448	94489280899
68719477401	107374182434	ZW52	ZW52	TmFwaS5FbnY=	448	94489280579
68719477402	107374182434	cmNfXw==	cmNfXw==	Y21fZXJyb3I=	448	94489280581
68719477403	107374182434	ZW52	ZW52	TmFwaS5FbnY=	448	94489280579
68719477404	107374182434	ZW52	ZW52	TmFwaS5FbnY=	449	94489280579
68719477405	107374182435	ZW52	ZW52	TmFwaS5FbnY=	453	94489280582
68719477406	107374182435	aW5mbw==	aW5mbw==	TmFwaS5DYWxsYmFja0luZm8m	453	111669149783
68719477407	107374182435	cGFkZHI=	cGFkZHI=	dWludDY0X3Q=	454	94489280583
68719477408	107374182435	ZW52	ZW52	TmFwaS5FbnY=	455	94489280582
68719477409	107374182435	aW5mbw==	aW5mbw==	TmFwaS5DYWxsYmFja0luZm8m	455	111669149783
68719477410	107374182435	cGFkZHI=	cGFkZHI=	dWludDY0X3Q=	455	94489280583
68719477411	107374182435	ZW52	ZW52	TmFwaS5FbnY=	456	94489280582
68719477412	107374182435	bmFtZQ==	bmFtZQ==	Y2hhcio=	458	94489280584
68719477413	107374182435	ZW52	ZW52	TmFwaS5FbnY=	459	
68719477414	107374182435	cmNfXw==	Q0hFQ0tfQ00oZW52LCBjbV9nZXRfYWRkcmVzc19uYW1lKG1hY2hpbmVfLCBwYWRkciwgJm5hbWUpKQ==	Y21fZXJyb3I=	459	94489280585
68719477415	107374182435	dGhpcw==	dGhpcw==	TWFjaGluZSo=	459	111669149782
68719477416	107374182435	cGFkZHI=	cGFkZHI=	dWludDY0X3Q=	459	94489280583
68719477417	107374182435	bmFtZQ==	bmFtZQ==	Y2hhcio=	459	94489280584
68719477418	107374182435	cmNfXw==	cmNfXw==	Y21fZXJyb3I=	459	94489280585
68719477419	107374182435	Q01fRVJST1JfT0s=	PHVua25vd24+IENNX0VSUk9SX09L	QU5Z	459	94489280898
68719477420	107374182435	ZW52	ZW52	TmFwaS5FbnY=	459	94489280582
68719477421	107374182435	cmNfXw==	cmNfXw==	Y21fZXJyb3I=	459	94489280585
68719477422	107374182435	ZW52	ZW52	TmFwaS5FbnY=	459	94489280582
68719477423	107374182435	ZW52	ZW52	TmFwaS5FbnY=	460	94489280582
68719477424	107374182435	bmFtZQ==	bmFtZQ==	Y2hhcio=	460	94489280584
68719477425	107374182436	ZW52	ZW52	TmFwaS5FbnY=	464	94489280586
68719477426	107374182436	aW5mbw==	aW5mbw==	TmFwaS5DYWxsYmFja0luZm8m	464	111669149785
68719477427	107374182436	YWRkcmVzcw==	YWRkcmVzcw==	dWludDY0X3Q=	465	94489280587
68719477428	107374182436	bG9nMl9zaXpl	bG9nMl9zaXpl	aW50MzJfdA==	466	94489280588
68719477429	107374182436	ZW52	ZW52	TmFwaS5FbnY=	467	94489280586
68719477430	107374182436	aW5mbw==	aW5mbw==	TmFwaS5DYWxsYmFja0luZm8m	467	111669149785
68719477431	107374182436	YWRkcmVzcw==	YWRkcmVzcw==	dWludDY0X3Q=	467	94489280587
68719477432	107374182436	ZW52	ZW52	TmFwaS5FbnY=	467	94489280586
68719477433	107374182436	aW5mbw==	aW5mbw==	TmFwaS5DYWxsYmFja0luZm8m	467	111669149785
68719477434	107374182436	bG9nMl9zaXpl	bG9nMl9zaXpl	aW50MzJfdA==	467	94489280588
68719477435	107374182436	ZW52	ZW52	TmFwaS5FbnY=	468	94489280586
68719477436	107374182436	bG9nMl9yb290X3NpemU=	bG9nMl9yb290X3NpemU=	aW50MzJfdA==	470	94489280589
68719477437	107374182436	Q01fSEFTSF9UUkVFX0xPRzJfUk9PVF9TSVpF	PHVua25vd24+IENNX0hBU0hfVFJFRV9MT0cyX1JPT1RfU0laRQ==	QU5Z	470	94489280897
68719477438	107374182436	aW5mbw==	aW5mbw==	TmFwaS5DYWxsYmFja0luZm8m	471	111669149785
68719477439	107374182436	ZW52	ZW52	TmFwaS5FbnY=	471	94489280586
68719477440	107374182436	aW5mbw==	aW5mbw==	TmFwaS5DYWxsYmFja0luZm8m	471	111669149785
68719477441	107374182436	bG9nMl9yb290X3NpemU=	bG9nMl9yb290X3NpemU=	aW50MzJfdA==	471	94489280589
68719477442	107374182436	ZW52	ZW52	TmFwaS5FbnY=	472	94489280586
68719477443	107374182436	cHJvb2Y=	cHJvb2Y=	Y2hhcio=	474	94489280590
68719477444	107374182436	ZW52	ZW52	TmFwaS5FbnY=	475	
68719477445	107374182436	cmNfXw==	Q0hFQ0tfQ00oZW52LCBjbV9nZXRfcHJvb2YobWFjaGluZV8sIGFkZHJlc3MsIGxvZzJfc2l6ZSwgbG9nMl9yb290X3NpemUsICZwcm9vZikp	Y21fZXJyb3I=	475	94489280591
68719477446	107374182436	dGhpcw==	dGhpcw==	TWFjaGluZSo=	475	111669149784
68719477447	107374182436	YWRkcmVzcw==	YWRkcmVzcw==	dWludDY0X3Q=	475	94489280587
68719477448	107374182436	bG9nMl9zaXpl	bG9nMl9zaXpl	aW50MzJfdA==	475	94489280588
68719477449	107374182436	bG9nMl9yb290X3NpemU=	bG9nMl9yb290X3NpemU=	aW50MzJfdA==	475	94489280589
68719477450	107374182436	cHJvb2Y=	cHJvb2Y=	Y2hhcio=	475	94489280590
68719477451	107374182436	cmNfXw==	cmNfXw==	Y21fZXJyb3I=	475	94489280591
68719477452	107374182436	Q01fRVJST1JfT0s=	PHVua25vd24+IENNX0VSUk9SX09L	QU5Z	475	94489280896
68719477453	107374182436	ZW52	ZW52	TmFwaS5FbnY=	475	94489280586
68719477454	107374182436	cmNfXw==	cmNfXw==	Y21fZXJyb3I=	475	94489280591
68719477455	107374182436	ZW52	ZW52	TmFwaS5FbnY=	475	94489280586
68719477456	107374182436	ZW52	ZW52	TmFwaS5FbnY=	476	94489280586
68719477457	107374182436	cHJvb2Y=	cHJvb2Y=	Y2hhcio=	476	94489280590
68719477458	107374182437	ZW52	ZW52	TmFwaS5FbnY=	480	94489280592
68719477459	107374182437	aW5mbw==	aW5mbw==	TmFwaS5DYWxsYmFja0luZm8m	480	111669149787
68719477460	107374182437	YWRkcmVzcw==	YWRkcmVzcw==	dWludDY0X3Q=	481	94489280593
68719477461	107374182437	ZW52	ZW52	TmFwaS5FbnY=	482	94489280592
68719477462	107374182437	aW5mbw==	aW5mbw==	TmFwaS5DYWxsYmFja0luZm8m	482	111669149787
68719477463	107374182437	YWRkcmVzcw==	YWRkcmVzcw==	dWludDY0X3Q=	482	94489280593
68719477464	107374182437	ZW52	ZW52	TmFwaS5FbnY=	483	94489280592
68719477465	107374182437	dmFs	dmFs	dWludDY0X3Q=	485	94489280594
68719477466	107374182437	ZW52	ZW52	TmFwaS5FbnY=	486	
68719477467	107374182437	cmNfXw==	Q0hFQ0tfQ00oZW52LCBjbV9yZWFkX3dvcmQobWFjaGluZV8sIGFkZHJlc3MsICZ2YWwpKQ==	Y21fZXJyb3I=	486	94489280595
68719477468	107374182437	dGhpcw==	dGhpcw==	TWFjaGluZSo=	486	111669149786
68719477469	107374182437	YWRkcmVzcw==	YWRkcmVzcw==	dWludDY0X3Q=	486	94489280593
68719477470	107374182437	dmFs	dmFs	dWludDY0X3Q=	486	94489280594
68719477471	107374182437	cmNfXw==	cmNfXw==	Y21fZXJyb3I=	486	94489280595
68719477472	107374182437	Q01fRVJST1JfT0s=	PHVua25vd24+IENNX0VSUk9SX09L	QU5Z	486	94489280895
68719477473	107374182437	ZW52	ZW52	TmFwaS5FbnY=	486	94489280592
68719477474	107374182437	cmNfXw==	cmNfXw==	Y21fZXJyb3I=	486	94489280595
68719477475	107374182437	ZW52	ZW52	TmFwaS5FbnY=	486	94489280592
68719477476	107374182437	ZW52	ZW52	TmFwaS5FbnY=	487	94489280592
68719477477	107374182437	dmFs	dmFs	dWludDY0X3Q=	487	94489280594
68719477478	107374182438	ZW52	ZW52	TmFwaS5FbnY=	491	94489280596
68719477479	107374182438	aW5mbw==	aW5mbw==	TmFwaS5DYWxsYmFja0luZm8m	491	111669149789
68719477480	107374182438	cmVn	cmVn	aW50MzJfdA==	492	94489280597
68719477481	107374182438	ZW52	ZW52	TmFwaS5FbnY=	493	94489280596
68719477482	107374182438	aW5mbw==	aW5mbw==	TmFwaS5DYWxsYmFja0luZm8m	493	111669149789
68719477483	107374182438	cmVn	cmVn	aW50MzJfdA==	493	94489280597
68719477484	107374182438	ZW52	ZW52	TmFwaS5FbnY=	494	94489280596
68719477485	107374182438	dmFs	dmFs	dWludDY0X3Q=	496	94489280598
68719477486	107374182438	ZW52	ZW52	TmFwaS5FbnY=	497	
68719477487	107374182438	cmNfXw==	Q0hFQ0tfQ00oZW52LCBjbV9yZWFkX3JlZyhtYWNoaW5lXywgc3RhdGljX2Nhc3Q8Y21fcmVnPihyZWcpLCAmdmFsKSk=	Y21fZXJyb3I=	497	94489280599
68719477488	107374182438	dGhpcw==	dGhpcw==	TWFjaGluZSo=	497	111669149788
68719477489	107374182438	cmVn	cmVn	aW50MzJfdA==	497	94489280597
68719477490	107374182438	dmFs	dmFs	dWludDY0X3Q=	497	94489280598
68719477491	107374182438	cmNfXw==	cmNfXw==	Y21fZXJyb3I=	497	94489280599
68719477492	107374182438	Q01fRVJST1JfT0s=	PHVua25vd24+IENNX0VSUk9SX09L	QU5Z	497	94489280894
68719477493	107374182438	ZW52	ZW52	TmFwaS5FbnY=	497	94489280596
68719477494	107374182438	cmNfXw==	cmNfXw==	Y21fZXJyb3I=	497	94489280599
68719477495	107374182438	ZW52	ZW52	TmFwaS5FbnY=	497	94489280596
68719477496	107374182438	ZW52	ZW52	TmFwaS5FbnY=	498	94489280596
68719477497	107374182438	dmFs	dmFs	dWludDY0X3Q=	498	94489280598
68719477498	107374182439	ZW52	ZW52	TmFwaS5FbnY=	502	94489280600
68719477499	107374182439	aW5mbw==	aW5mbw==	TmFwaS5DYWxsYmFja0luZm8m	502	111669149791
68719477500	107374182439	cmVn	cmVn	aW50MzJfdA==	503	94489280601
68719477501	107374182439	dmFs	dmFs	dWludDY0X3Q=	504	94489280602
68719477502	107374182439	ZW52	ZW52	TmFwaS5FbnY=	505	94489280600
68719477503	107374182439	aW5mbw==	aW5mbw==	TmFwaS5DYWxsYmFja0luZm8m	505	111669149791
68719477504	107374182439	cmVn	cmVn	aW50MzJfdA==	505	94489280601
68719477505	107374182439	ZW52	ZW52	TmFwaS5FbnY=	505	94489280600
68719477506	107374182439	aW5mbw==	aW5mbw==	TmFwaS5DYWxsYmFja0luZm8m	505	111669149791
68719477507	107374182439	dmFs	dmFs	dWludDY0X3Q=	505	94489280602
68719477508	107374182439	ZW52	ZW52	TmFwaS5FbnY=	506	94489280600
68719477509	107374182439	ZW52	ZW52	TmFwaS5FbnY=	508	
68719477510	107374182439	cmNfXw==	Q0hFQ0tfQ00oZW52LCBjbV93cml0ZV9yZWcobWFjaGluZV8sIHN0YXRpY19jYXN0PGNtX3JlZz4ocmVnKSwgdmFsKSk=	Y21fZXJyb3I=	508	94489280603
68719477511	107374182439	dGhpcw==	dGhpcw==	TWFjaGluZSo=	508	111669149790
68719477512	107374182439	cmVn	cmVn	aW50MzJfdA==	508	94489280601
68719477513	107374182439	dmFs	dmFs	dWludDY0X3Q=	508	94489280602
68719477514	107374182439	cmNfXw==	cmNfXw==	Y21fZXJyb3I=	508	94489280603
68719477515	107374182439	Q01fRVJST1JfT0s=	PHVua25vd24+IENNX0VSUk9SX09L	QU5Z	508	94489280893
68719477516	107374182439	ZW52	ZW52	TmFwaS5FbnY=	508	94489280600
68719477517	107374182439	cmNfXw==	cmNfXw==	Y21fZXJyb3I=	508	94489280603
68719477518	107374182439	ZW52	ZW52	TmFwaS5FbnY=	508	94489280600
68719477519	107374182439	ZW52	ZW52	TmFwaS5FbnY=	509	94489280600
68719477520	107374182440	ZW52	ZW52	TmFwaS5FbnY=	513	94489280604
68719477521	107374182440	aW5mbw==	aW5mbw==	TmFwaS5DYWxsYmFja0luZm8m	513	111669149793
68719477522	107374182440	YWRkcmVzcw==	YWRkcmVzcw==	dWludDY0X3Q=	514	94489280605
68719477523	107374182440	bGVuZ3Ro	bGVuZ3Ro	dWludDY0X3Q=	515	94489280606
68719477524	107374182440	ZW52	ZW52	TmFwaS5FbnY=	516	94489280604
68719477525	107374182440	aW5mbw==	aW5mbw==	TmFwaS5DYWxsYmFja0luZm8m	516	111669149793
68719477526	107374182440	YWRkcmVzcw==	YWRkcmVzcw==	dWludDY0X3Q=	516	94489280605
68719477527	107374182440	ZW52	ZW52	TmFwaS5FbnY=	516	94489280604
68719477528	107374182440	aW5mbw==	aW5mbw==	TmFwaS5DYWxsYmFja0luZm8m	516	111669149793
68719477529	107374182440	bGVuZ3Ro	bGVuZ3Ro	dWludDY0X3Q=	516	94489280606
68719477530	107374182440	ZW52	ZW52	TmFwaS5FbnY=	517	94489280604
68719477531	107374182440	bGVuZ3Ro	bGVuZ3Ro	dWludDY0X3Q=	519	94489280606
68719477532	107374182440	U0laRV9NQVg=	PHVua25vd24+IFNJWkVfTUFY	QU5Z	519	94489280892
68719477533	107374182440	ZW52	ZW52	TmFwaS5FbnY=	520	94489280604
68719477534	107374182440	ZW52	ZW52	TmFwaS5FbnY=	521	94489280604
68719477535	107374182440	ZGF0YQ==	ZGF0YQ==	TmFwaS5CdWZmZXI=	523	94489280607
68719477536	107374182440	ZW52	ZW52	TmFwaS5FbnY=	523	94489280604
68719477537	107374182440	bGVuZ3Ro	bGVuZ3Ro	dWludDY0X3Q=	523	94489280606
68719477538	107374182440	ZW52	ZW52	TmFwaS5FbnY=	524	
68719477539	107374182440	cmNfXw==	Q0hFQ0tfQ00oZW52LCBjbV9yZWFkX21lbW9yeShtYWNoaW5lXywgYWRkcmVzcywgZGF0YS5EYXRhKCksIGxlbmd0aCkp	Y21fZXJyb3I=	524	94489280608
68719477540	107374182440	dGhpcw==	dGhpcw==	TWFjaGluZSo=	524	111669149792
68719477541	107374182440	YWRkcmVzcw==	YWRkcmVzcw==	dWludDY0X3Q=	524	94489280605
68719477542	107374182440	ZGF0YQ==	ZGF0YQ==	TmFwaS5CdWZmZXI=	524	94489280607
68719477543	107374182440	bGVuZ3Ro	bGVuZ3Ro	dWludDY0X3Q=	524	94489280606
68719477544	107374182440	cmNfXw==	cmNfXw==	Y21fZXJyb3I=	524	94489280608
68719477545	107374182440	Q01fRVJST1JfT0s=	PHVua25vd24+IENNX0VSUk9SX09L	QU5Z	524	94489280891
68719477546	107374182440	ZW52	ZW52	TmFwaS5FbnY=	524	94489280604
68719477547	107374182440	cmNfXw==	cmNfXw==	Y21fZXJyb3I=	524	94489280608
68719477548	107374182440	ZW52	ZW52	TmFwaS5FbnY=	524	94489280604
68719477549	107374182440	ZGF0YQ==	ZGF0YQ==	TmFwaS5CdWZmZXI=	525	94489280607
68719477550	107374182441	ZW52	ZW52	TmFwaS5FbnY=	529	94489280609
68719477551	107374182441	aW5mbw==	aW5mbw==	TmFwaS5DYWxsYmFja0luZm8m	529	111669149795
68719477552	107374182441	YWRkcmVzcw==	YWRkcmVzcw==	dWludDY0X3Q=	530	94489280610
68719477553	107374182441	ZGF0YQ==	ZGF0YQ==	dWludDhfdCo=	531	94489280611
68719477554	107374182441	bGVuZ3Ro	bGVuZ3Ro	c2l6ZV90	532	94489280612
68719477555	107374182441	ZW52	ZW52	TmFwaS5FbnY=	533	94489280609
68719477556	107374182441	aW5mbw==	aW5mbw==	TmFwaS5DYWxsYmFja0luZm8m	533	111669149795
68719477557	107374182441	YWRkcmVzcw==	YWRkcmVzcw==	dWludDY0X3Q=	533	94489280610
68719477558	107374182441	ZW52	ZW52	TmFwaS5FbnY=	533	94489280609
68719477559	107374182441	aW5mbw==	aW5mbw==	TmFwaS5DYWxsYmFja0luZm8m	533	111669149795
68719477560	107374182441	ZGF0YQ==	ZGF0YQ==	dWludDhfdCo=	533	94489280611
68719477561	107374182441	bGVuZ3Ro	bGVuZ3Ro	c2l6ZV90	533	94489280612
68719477562	107374182441	ZW52	ZW52	TmFwaS5FbnY=	534	94489280609
68719477563	107374182441	ZW52	ZW52	TmFwaS5FbnY=	536	
68719477564	107374182441	cmNfXw==	Q0hFQ0tfQ00oZW52LCBjbV93cml0ZV9tZW1vcnkobWFjaGluZV8sIGFkZHJlc3MsIGRhdGEsIGxlbmd0aCkp	Y21fZXJyb3I=	536	94489280613
68719477565	107374182441	dGhpcw==	dGhpcw==	TWFjaGluZSo=	536	111669149794
68719477566	107374182441	YWRkcmVzcw==	YWRkcmVzcw==	dWludDY0X3Q=	536	94489280610
68719477567	107374182441	ZGF0YQ==	ZGF0YQ==	dWludDhfdCo=	536	94489280611
68719477568	107374182441	bGVuZ3Ro	bGVuZ3Ro	c2l6ZV90	536	94489280612
68719477569	107374182441	cmNfXw==	cmNfXw==	Y21fZXJyb3I=	536	94489280613
68719477570	107374182441	Q01fRVJST1JfT0s=	PHVua25vd24+IENNX0VSUk9SX09L	QU5Z	536	94489280890
68719477571	107374182441	ZW52	ZW52	TmFwaS5FbnY=	536	94489280609
68719477572	107374182441	cmNfXw==	cmNfXw==	Y21fZXJyb3I=	536	94489280613
68719477573	107374182441	ZW52	ZW52	TmFwaS5FbnY=	536	94489280609
68719477574	107374182441	ZW52	ZW52	TmFwaS5FbnY=	537	94489280609
68719477575	107374182442	ZW52	ZW52	TmFwaS5FbnY=	541	94489280614
68719477576	107374182442	aW5mbw==	aW5mbw==	TmFwaS5DYWxsYmFja0luZm8m	541	111669149797
68719477577	107374182442	YWRkcmVzcw==	YWRkcmVzcw==	dWludDY0X3Q=	542	94489280615
68719477578	107374182442	bGVuZ3Ro	bGVuZ3Ro	dWludDY0X3Q=	543	94489280616
68719477579	107374182442	ZW52	ZW52	TmFwaS5FbnY=	544	94489280614
68719477580	107374182442	aW5mbw==	aW5mbw==	TmFwaS5DYWxsYmFja0luZm8m	544	111669149797
68719477581	107374182442	YWRkcmVzcw==	YWRkcmVzcw==	dWludDY0X3Q=	544	94489280615
68719477582	107374182442	ZW52	ZW52	TmFwaS5FbnY=	544	94489280614
68719477583	107374182442	aW5mbw==	aW5mbw==	TmFwaS5DYWxsYmFja0luZm8m	544	111669149797
68719477584	107374182442	bGVuZ3Ro	bGVuZ3Ro	dWludDY0X3Q=	544	94489280616
68719477585	107374182442	ZW52	ZW52	TmFwaS5FbnY=	545	94489280614
68719477586	107374182442	bGVuZ3Ro	bGVuZ3Ro	dWludDY0X3Q=	547	94489280616
68719477587	107374182442	U0laRV9NQVg=	PHVua25vd24+IFNJWkVfTUFY	QU5Z	547	94489280889
68719477588	107374182442	ZW52	ZW52	TmFwaS5FbnY=	548	94489280614
68719477589	107374182442	ZW52	ZW52	TmFwaS5FbnY=	549	94489280614
68719477590	107374182442	ZGF0YQ==	ZGF0YQ==	TmFwaS5CdWZmZXI=	551	94489280617
68719477591	107374182442	ZW52	ZW52	TmFwaS5FbnY=	551	94489280614
68719477592	107374182442	bGVuZ3Ro	bGVuZ3Ro	dWludDY0X3Q=	551	94489280616
68719477593	107374182442	ZW52	ZW52	TmFwaS5FbnY=	552	
68719477594	107374182442	cmNfXw==	Q0hFQ0tfQ00oZW52LCBjbV9yZWFkX3ZpcnR1YWxfbWVtb3J5KG1hY2hpbmVfLCBhZGRyZXNzLCBkYXRhLkRhdGEoKSwgbGVuZ3RoKSk=	Y21fZXJyb3I=	552	94489280618
68719477595	107374182442	dGhpcw==	dGhpcw==	TWFjaGluZSo=	552	111669149796
68719477596	107374182442	YWRkcmVzcw==	YWRkcmVzcw==	dWludDY0X3Q=	552	94489280615
68719477597	107374182442	ZGF0YQ==	ZGF0YQ==	TmFwaS5CdWZmZXI=	552	94489280617
68719477598	107374182442	bGVuZ3Ro	bGVuZ3Ro	dWludDY0X3Q=	552	94489280616
68719477599	107374182442	cmNfXw==	cmNfXw==	Y21fZXJyb3I=	552	94489280618
68719477600	107374182442	Q01fRVJST1JfT0s=	PHVua25vd24+IENNX0VSUk9SX09L	QU5Z	552	94489280888
68719477601	107374182442	ZW52	ZW52	TmFwaS5FbnY=	552	94489280614
68719477602	107374182442	cmNfXw==	cmNfXw==	Y21fZXJyb3I=	552	94489280618
68719477603	107374182442	ZW52	ZW52	TmFwaS5FbnY=	552	94489280614
68719477604	107374182442	ZGF0YQ==	ZGF0YQ==	TmFwaS5CdWZmZXI=	553	94489280617
68719477605	107374182443	ZW52	ZW52	TmFwaS5FbnY=	557	94489280619
68719477606	107374182443	aW5mbw==	aW5mbw==	TmFwaS5DYWxsYmFja0luZm8m	557	111669149799
68719477607	107374182443	YWRkcmVzcw==	YWRkcmVzcw==	dWludDY0X3Q=	558	94489280620
68719477608	107374182443	ZGF0YQ==	ZGF0YQ==	dWludDhfdCo=	559	94489280621
68719477609	107374182443	bGVuZ3Ro	bGVuZ3Ro	c2l6ZV90	560	94489280622
68719477610	107374182443	ZW52	ZW52	TmFwaS5FbnY=	561	94489280619
68719477611	107374182443	aW5mbw==	aW5mbw==	TmFwaS5DYWxsYmFja0luZm8m	561	111669149799
68719477612	107374182443	YWRkcmVzcw==	YWRkcmVzcw==	dWludDY0X3Q=	561	94489280620
68719477613	107374182443	ZW52	ZW52	TmFwaS5FbnY=	561	94489280619
68719477614	107374182443	aW5mbw==	aW5mbw==	TmFwaS5DYWxsYmFja0luZm8m	561	111669149799
68719477615	107374182443	ZGF0YQ==	ZGF0YQ==	dWludDhfdCo=	561	94489280621
68719477616	107374182443	bGVuZ3Ro	bGVuZ3Ro	c2l6ZV90	561	94489280622
68719477617	107374182443	ZW52	ZW52	TmFwaS5FbnY=	562	94489280619
68719477618	107374182443	ZW52	ZW52	TmFwaS5FbnY=	564	
68719477619	107374182443	cmNfXw==	Q0hFQ0tfQ00oZW52LCBjbV93cml0ZV92aXJ0dWFsX21lbW9yeShtYWNoaW5lXywgYWRkcmVzcywgZGF0YSwgbGVuZ3RoKSk=	Y21fZXJyb3I=	564	94489280623
68719477620	107374182443	dGhpcw==	dGhpcw==	TWFjaGluZSo=	564	111669149798
68719477621	107374182443	YWRkcmVzcw==	YWRkcmVzcw==	dWludDY0X3Q=	564	94489280620
68719477622	107374182443	ZGF0YQ==	ZGF0YQ==	dWludDhfdCo=	564	94489280621
68719477623	107374182443	bGVuZ3Ro	bGVuZ3Ro	c2l6ZV90	564	94489280622
68719477624	107374182443	cmNfXw==	cmNfXw==	Y21fZXJyb3I=	564	94489280623
68719477625	107374182443	Q01fRVJST1JfT0s=	PHVua25vd24+IENNX0VSUk9SX09L	QU5Z	564	94489280887
68719477626	107374182443	ZW52	ZW52	TmFwaS5FbnY=	564	94489280619
68719477627	107374182443	cmNfXw==	cmNfXw==	Y21fZXJyb3I=	564	94489280623
68719477628	107374182443	ZW52	ZW52	TmFwaS5FbnY=	564	94489280619
68719477629	107374182443	ZW52	ZW52	TmFwaS5FbnY=	565	94489280619
68719477630	107374182444	ZW52	ZW52	TmFwaS5FbnY=	569	94489280624
68719477631	107374182444	aW5mbw==	aW5mbw==	TmFwaS5DYWxsYmFja0luZm8m	569	111669149801
68719477632	107374182444	dmFkZHI=	dmFkZHI=	dWludDY0X3Q=	570	94489280625
68719477633	107374182444	ZW52	ZW52	TmFwaS5FbnY=	571	94489280624
68719477634	107374182444	aW5mbw==	aW5mbw==	TmFwaS5DYWxsYmFja0luZm8m	571	111669149801
68719477635	107374182444	dmFkZHI=	dmFkZHI=	dWludDY0X3Q=	571	94489280625
68719477636	107374182444	ZW52	ZW52	TmFwaS5FbnY=	572	94489280624
68719477637	107374182444	cGFkZHI=	cGFkZHI=	dWludDY0X3Q=	574	94489280626
68719477638	107374182444	ZW52	ZW52	TmFwaS5FbnY=	575	
68719477639	107374182444	cmNfXw==	Q0hFQ0tfQ00oZW52LCBjbV90cmFuc2xhdGVfdmlydHVhbF9hZGRyZXNzKG1hY2hpbmVfLCB2YWRkciwgJnBhZGRyKSk=	Y21fZXJyb3I=	575	94489280627
68719477640	107374182444	dGhpcw==	dGhpcw==	TWFjaGluZSo=	575	111669149800
68719477641	107374182444	dmFkZHI=	dmFkZHI=	dWludDY0X3Q=	575	94489280625
68719477642	107374182444	cGFkZHI=	cGFkZHI=	dWludDY0X3Q=	575	94489280626
68719477643	107374182444	cmNfXw==	cmNfXw==	Y21fZXJyb3I=	575	94489280627
68719477644	107374182444	Q01fRVJST1JfT0s=	PHVua25vd24+IENNX0VSUk9SX09L	QU5Z	575	94489280886
68719477645	107374182444	ZW52	ZW52	TmFwaS5FbnY=	575	94489280624
68719477646	107374182444	cmNfXw==	cmNfXw==	Y21fZXJyb3I=	575	94489280627
68719477647	107374182444	ZW52	ZW52	TmFwaS5FbnY=	575	94489280624
68719477648	107374182444	ZW52	ZW52	TmFwaS5FbnY=	576	94489280624
68719477649	107374182444	cGFkZHI=	cGFkZHI=	dWludDY0X3Q=	576	94489280626
68719477650	107374182445	ZW52	ZW52	TmFwaS5FbnY=	583	94489280628
68719477651	107374182445	aW5mbw==	aW5mbw==	TmFwaS5DYWxsYmFja0luZm8m	583	111669149803
68719477652	107374182445	bWF4X2xlbmd0aA==	bWF4X2xlbmd0aA==	dWludDY0X3Q=	584	94489280629
68719477653	107374182445	ZW52	ZW52	TmFwaS5FbnY=	585	94489280628
68719477654	107374182445	aW5mbw==	aW5mbw==	TmFwaS5DYWxsYmFja0luZm8m	585	111669149803
68719477655	107374182445	bWF4X2xlbmd0aA==	bWF4X2xlbmd0aA==	dWludDY0X3Q=	585	94489280629
68719477656	107374182445	ZW52	ZW52	TmFwaS5FbnY=	586	94489280628
68719477657	107374182445	cmVhZF9sZW5ndGg=	cmVhZF9sZW5ndGg=	dWludDY0X3Q=	588	94489280630
68719477658	107374182445	bWF4X2xlbmd0aA==	bWF4X2xlbmd0aA==	dWludDY0X3Q=	589	94489280629
68719477659	107374182445	ZW52	ZW52	TmFwaS5FbnY=	590	
68719477660	107374182445	cmNfXw==	Q0hFQ0tfQ00oZW52LCBjbV9yZWFkX2NvbnNvbGVfb3V0cHV0KG1hY2hpbmVfLCBudWxscHRyLCAwLCAmbWF4X2xlbmd0aCkp	Y21fZXJyb3I=	590	94489280631
68719477661	107374182445	dGhpcw==	dGhpcw==	TWFjaGluZSo=	590	111669149802
68719477662	107374182445	bWF4X2xlbmd0aA==	bWF4X2xlbmd0aA==	dWludDY0X3Q=	590	94489280629
68719477663	107374182445	cmNfXw==	cmNfXw==	Y21fZXJyb3I=	590	94489280631
68719477664	107374182445	Q01fRVJST1JfT0s=	PHVua25vd24+IENNX0VSUk9SX09L	QU5Z	590	94489280884
68719477665	107374182445	ZW52	ZW52	TmFwaS5FbnY=	590	94489280628
68719477666	107374182445	cmNfXw==	cmNfXw==	Y21fZXJyb3I=	590	94489280631
68719477667	107374182445	ZW52	ZW52	TmFwaS5FbnY=	590	94489280628
68719477668	107374182445	bWF4X2xlbmd0aA==	bWF4X2xlbmd0aA==	dWludDY0X3Q=	591	94489280629
68719477669	107374182445	ZW52	ZW52	TmFwaS5FbnY=	592	94489280628
68719477670	107374182445	bWF4X2xlbmd0aA==	bWF4X2xlbmd0aA==	dWludDY0X3Q=	595	94489280629
68719477671	107374182445	U0laRV9NQVg=	PHVua25vd24+IFNJWkVfTUFY	QU5Z	595	94489280885
68719477672	107374182445	ZW52	ZW52	TmFwaS5FbnY=	596	94489280628
68719477673	107374182445	ZW52	ZW52	TmFwaS5FbnY=	597	94489280628
68719477674	107374182445	ZGF0YQ==	ZGF0YQ==	TmFwaS5CdWZmZXI=	599	94489280632
68719477675	107374182445	ZW52	ZW52	TmFwaS5FbnY=	599	94489280628
68719477676	107374182445	bWF4X2xlbmd0aA==	bWF4X2xlbmd0aA==	dWludDY0X3Q=	599	94489280629
68719477677	107374182445	ZW52	ZW52	TmFwaS5FbnY=	600	
68719477678	107374182445	cmNfXw==	Q0hFQ0tfQ00oZW52LCBjbV9yZWFkX2NvbnNvbGVfb3V0cHV0KG1hY2hpbmVfLCBkYXRhLkRhdGEoKSwgbWF4X2xlbmd0aCwgJnJlYWRfbGVuZ3RoKSk=	Y21fZXJyb3I=	600	94489280633
68719477679	107374182445	dGhpcw==	dGhpcw==	TWFjaGluZSo=	600	111669149802
68719477680	107374182445	ZGF0YQ==	ZGF0YQ==	TmFwaS5CdWZmZXI=	600	94489280632
68719477681	107374182445	bWF4X2xlbmd0aA==	bWF4X2xlbmd0aA==	dWludDY0X3Q=	600	94489280629
68719477682	107374182445	cmVhZF9sZW5ndGg=	cmVhZF9sZW5ndGg=	dWludDY0X3Q=	600	94489280630
68719477683	107374182445	cmNfXw==	cmNfXw==	Y21fZXJyb3I=	600	94489280633
68719477684	107374182445	Q01fRVJST1JfT0s=	PHVua25vd24+IENNX0VSUk9SX09L	QU5Z	600	94489280884
68719477685	107374182445	ZW52	ZW52	TmFwaS5FbnY=	600	94489280628
68719477686	107374182445	cmNfXw==	cmNfXw==	Y21fZXJyb3I=	600	94489280633
68719477687	107374182445	ZW52	ZW52	TmFwaS5FbnY=	600	94489280628
68719477688	107374182445	cmVhZF9sZW5ndGg=	cmVhZF9sZW5ndGg=	dWludDY0X3Q=	601	94489280630
68719477689	107374182445	bWF4X2xlbmd0aA==	bWF4X2xlbmd0aA==	dWludDY0X3Q=	601	94489280629
68719477690	107374182445	ZGF0YQ==	ZGF0YQ==	TmFwaS5CdWZmZXI=	602	94489280632
68719477691	107374182445	ZW52	ZW52	TmFwaS5FbnY=	604	94489280628
68719477692	107374182445	ZGF0YQ==	ZGF0YQ==	TmFwaS5CdWZmZXI=	604	94489280632
68719477693	107374182445	cmVhZF9sZW5ndGg=	cmVhZF9sZW5ndGg=	dWludDY0X3Q=	604	94489280630
68719477694	107374182446	ZW52	ZW52	TmFwaS5FbnY=	610	94489280634
68719477695	107374182446	aW5mbw==	aW5mbw==	TmFwaS5DYWxsYmFja0luZm8m	610	111669149805
68719477696	107374182446	ZGF0YQ==	ZGF0YQ==	dWludDhfdCo=	611	94489280635
68719477697	107374182446	bGVuZ3Ro	bGVuZ3Ro	c2l6ZV90	612	94489280636
68719477698	107374182446	ZW52	ZW52	TmFwaS5FbnY=	613	94489280634
68719477699	107374182446	aW5mbw==	aW5mbw==	TmFwaS5DYWxsYmFja0luZm8m	613	111669149805
68719477700	107374182446	ZGF0YQ==	ZGF0YQ==	dWludDhfdCo=	613	94489280635
68719477701	107374182446	bGVuZ3Ro	bGVuZ3Ro	c2l6ZV90	613	94489280636
68719477702	107374182446	ZW52	ZW52	TmFwaS5FbnY=	614	94489280634
68719477703	107374182446	d3JpdHRlbl9sZW5ndGg=	d3JpdHRlbl9sZW5ndGg=	dWludDY0X3Q=	616	94489280637
68719477704	107374182446	ZW52	ZW52	TmFwaS5FbnY=	617	
68719477705	107374182446	cmNfXw==	Q0hFQ0tfQ00oZW52LCBjbV93cml0ZV9jb25zb2xlX2lucHV0KG1hY2hpbmVfLCBkYXRhLCBsZW5ndGgsICZ3cml0dGVuX2xlbmd0aCkp	Y21fZXJyb3I=	617	94489280638
68719477706	107374182446	dGhpcw==	dGhpcw==	TWFjaGluZSo=	617	111669149804
68719477707	107374182446	ZGF0YQ==	ZGF0YQ==	dWludDhfdCo=	617	94489280635
68719477708	107374182446	bGVuZ3Ro	bGVuZ3Ro	c2l6ZV90	617	94489280636
68719477709	107374182446	d3JpdHRlbl9sZW5ndGg=	d3JpdHRlbl9sZW5ndGg=	dWludDY0X3Q=	617	94489280637
68719477710	107374182446	cmNfXw==	cmNfXw==	Y21fZXJyb3I=	617	94489280638
68719477711	107374182446	Q01fRVJST1JfT0s=	PHVua25vd24+IENNX0VSUk9SX09L	QU5Z	617	94489280883
68719477712	107374182446	ZW52	ZW52	TmFwaS5FbnY=	617	94489280634
68719477713	107374182446	cmNfXw==	cmNfXw==	Y21fZXJyb3I=	617	94489280638
68719477714	107374182446	ZW52	ZW52	TmFwaS5FbnY=	617	94489280634
68719477715	107374182446	ZW52	ZW52	TmFwaS5FbnY=	618	94489280634
68719477716	107374182446	d3JpdHRlbl9sZW5ndGg=	d3JpdHRlbl9sZW5ndGg=	dWludDY0X3Q=	618	94489280637
68719477717	107374182447	ZW52	ZW52	TmFwaS5FbnY=	622	94489280639
68719477718	107374182447	aW5mbw==	aW5mbw==	TmFwaS5DYWxsYmFja0luZm8m	622	111669149807
68719477719	107374182447	bWN5Y2xlX2VuZA==	bWN5Y2xlX2VuZA==	dWludDY0X3Q=	623	94489280640
68719477720	107374182447	ZW52	ZW52	TmFwaS5FbnY=	624	94489280639
68719477721	107374182447	aW5mbw==	aW5mbw==	TmFwaS5DYWxsYmFja0luZm8m	624	111669149807
68719477722	107374182447	bWN5Y2xlX2VuZA==	bWN5Y2xlX2VuZA==	dWludDY0X3Q=	624	94489280640
68719477723	107374182447	ZW52	ZW52	TmFwaS5FbnY=	625	94489280639
68719477724	107374182447	YnJlYWtfcmVhc29u	YnJlYWtfcmVhc29u	Y21fYnJlYWtfcmVhc29u	627	94489280641
68719477725	107374182447	Q01fQlJFQUtfUkVBU09OX0ZBSUxFRA==	PHVua25vd24+IENNX0JSRUFLX1JFQVNPTl9GQUlMRUQ=	QU5Z	627	94489280882
68719477726	107374182447	ZW52	ZW52	TmFwaS5FbnY=	628	
68719477727	107374182447	cmNfXw==	Q0hFQ0tfQ00oZW52LCBjbV9ydW4obWFjaGluZV8sIG1jeWNsZV9lbmQsICZicmVha19yZWFzb24pKQ==	Y21fZXJyb3I=	628	94489280642
68719477728	107374182447	dGhpcw==	dGhpcw==	TWFjaGluZSo=	628	111669149806
68719477729	107374182447	bWN5Y2xlX2VuZA==	bWN5Y2xlX2VuZA==	dWludDY0X3Q=	628	94489280640
68719477730	107374182447	YnJlYWtfcmVhc29u	YnJlYWtfcmVhc29u	Y21fYnJlYWtfcmVhc29u	628	94489280641
68719477731	107374182447	cmNfXw==	cmNfXw==	Y21fZXJyb3I=	628	94489280642
68719477732	107374182447	Q01fRVJST1JfT0s=	PHVua25vd24+IENNX0VSUk9SX09L	QU5Z	628	94489280881
68719477733	107374182447	ZW52	ZW52	TmFwaS5FbnY=	628	94489280639
68719477734	107374182447	cmNfXw==	cmNfXw==	Y21fZXJyb3I=	628	94489280642
68719477735	107374182447	ZW52	ZW52	TmFwaS5FbnY=	628	94489280639
68719477736	107374182447	ZW52	ZW52	TmFwaS5FbnY=	629	94489280639
68719477737	107374182447	YnJlYWtfcmVhc29u	YnJlYWtfcmVhc29u	Y21fYnJlYWtfcmVhc29u	629	94489280641
68719477738	107374182448	ZW52	ZW52	TmFwaS5FbnY=	633	94489280643
68719477739	107374182448	aW5mbw==	aW5mbw==	TmFwaS5DYWxsYmFja0luZm8m	633	111669149809
68719477740	107374182448	dWFyY2hfY3ljbGVfZW5k	dWFyY2hfY3ljbGVfZW5k	dWludDY0X3Q=	634	94489280644
68719477741	107374182448	ZW52	ZW52	TmFwaS5FbnY=	635	94489280643
68719477742	107374182448	aW5mbw==	aW5mbw==	TmFwaS5DYWxsYmFja0luZm8m	635	111669149809
68719477743	107374182448	dWFyY2hfY3ljbGVfZW5k	dWFyY2hfY3ljbGVfZW5k	dWludDY0X3Q=	635	94489280644
68719477744	107374182448	ZW52	ZW52	TmFwaS5FbnY=	636	94489280643
68719477745	107374182448	YnJlYWtfcmVhc29u	YnJlYWtfcmVhc29u	Y21fdWFyY2hfYnJlYWtfcmVhc29u	638	94489280645
68719477746	107374182448	Q01fVUFSQ0hfQlJFQUtfUkVBU09OX0ZBSUxFRA==	PHVua25vd24+IENNX1VBUkNIX0JSRUFLX1JFQVNPTl9GQUlMRUQ=	QU5Z	638	94489280880
68719477747	107374182448	ZW52	ZW52	TmFwaS5FbnY=	639	
68719477748	107374182448	cmNfXw==	Q0hFQ0tfQ00oZW52LCBjbV9ydW5fdWFyY2gobWFjaGluZV8sIHVhcmNoX2N5Y2xlX2VuZCwgJmJyZWFrX3JlYXNvbikp	Y21fZXJyb3I=	639	94489280646
68719477749	107374182448	dGhpcw==	dGhpcw==	TWFjaGluZSo=	639	111669149808
68719477750	107374182448	dWFyY2hfY3ljbGVfZW5k	dWFyY2hfY3ljbGVfZW5k	dWludDY0X3Q=	639	94489280644
68719477751	107374182448	YnJlYWtfcmVhc29u	YnJlYWtfcmVhc29u	Y21fdWFyY2hfYnJlYWtfcmVhc29u	639	94489280645
68719477752	107374182448	cmNfXw==	cmNfXw==	Y21fZXJyb3I=	639	94489280646
68719477753	107374182448	Q01fRVJST1JfT0s=	PHVua25vd24+IENNX0VSUk9SX09L	QU5Z	639	94489280879
68719477754	107374182448	ZW52	ZW52	TmFwaS5FbnY=	639	94489280643
68719477755	107374182448	cmNfXw==	cmNfXw==	Y21fZXJyb3I=	639	94489280646
68719477756	107374182448	ZW52	ZW52	TmFwaS5FbnY=	639	94489280643
68719477757	107374182448	ZW52	ZW52	TmFwaS5FbnY=	640	94489280643
68719477758	107374182448	YnJlYWtfcmVhc29u	YnJlYWtfcmVhc29u	Y21fdWFyY2hfYnJlYWtfcmVhc29u	640	94489280645
68719477759	107374182449	ZW52	ZW52	TmFwaS5FbnY=	644	94489280647
68719477760	107374182449	aW5mbw==	aW5mbw==	TmFwaS5DYWxsYmFja0luZm8m	644	111669149811
68719477761	107374182449	ZW52	ZW52	TmFwaS5FbnY=	645	
68719477762	107374182449	dGhpcw==	dGhpcw==	TWFjaGluZSo=	645	
68719477763	107374182449	cmNfXw==	Q0hFQ0tfQ00oZW52LCBjbV9yZXNldF91YXJjaChtYWNoaW5lXykp	Y21fZXJyb3I=	645	94489280648
68719477764	107374182449	dGhpcw==	dGhpcw==	TWFjaGluZSo=	645	111669149810
68719477765	107374182449	cmNfXw==	cmNfXw==	Y21fZXJyb3I=	645	94489280648
68719477766	107374182449	Q01fRVJST1JfT0s=	PHVua25vd24+IENNX0VSUk9SX09L	QU5Z	645	94489280878
68719477767	107374182449	ZW52	ZW52	TmFwaS5FbnY=	645	94489280647
68719477768	107374182449	cmNfXw==	cmNfXw==	Y21fZXJyb3I=	645	94489280648
68719477769	107374182449	ZW52	ZW52	TmFwaS5FbnY=	645	94489280647
68719477770	107374182449	ZW52	ZW52	TmFwaS5FbnY=	646	94489280647
68719477771	107374182450	ZW52	ZW52	TmFwaS5FbnY=	650	94489280649
68719477772	107374182450	aW5mbw==	aW5mbw==	TmFwaS5DYWxsYmFja0luZm8m	650	111669149813
68719477773	107374182450	Y21k	Y21k	dWludDhfdA==	651	94489280650
68719477774	107374182450	cmVhc29u	cmVhc29u	dWludDE2X3Q=	652	94489280651
68719477775	107374182450	c3Rk	c3Rk	c3Rk	653	94489280877
68719477776	107374182450	dWludDhfdA==	PHVua25vd24+IHVpbnQ4X3Q=	QU5Z	653	94489280876
68719477777	107374182450	Q01JT19CVUZGRVJfU0laRQ==	PGdsb2JhbD4gQ01JT19CVUZGRVJfU0laRQ==	c2l6ZV90	653	94489280875
68719477778	107374182450	bGVuZ3Ro	bGVuZ3Ro	dWludDY0X3Q=	654	94489280652
68719477779	107374182450	ZGF0YQ==	PHVua25vd24+IGRhdGE=	QU5Z	654	94489280873
68719477780	107374182450	ZW52	ZW52	TmFwaS5FbnY=	655	
68719477781	107374182450	cmNfXw==	Q0hFQ0tfQ00oZW52LCBjbV9yZWNlaXZlX2NtaW9fcmVxdWVzdChtYWNoaW5lXywgJmNtZCwgJnJlYXNvbiwgZGF0YS5kYXRhKCksICZsZW5ndGgpKQ==	Y21fZXJyb3I=	655	94489280653
68719477782	107374182450	dGhpcw==	dGhpcw==	TWFjaGluZSo=	655	111669149812
68719477783	107374182450	Y21k	Y21k	dWludDhfdA==	655	94489280650
68719477784	107374182450	cmVhc29u	cmVhc29u	dWludDE2X3Q=	655	94489280651
68719477785	107374182450	ZGF0YQ==	PHVua25vd24+IGRhdGE=	QU5Z	655	94489280873
68719477786	107374182450	bGVuZ3Ro	bGVuZ3Ro	dWludDY0X3Q=	655	94489280652
68719477787	107374182450	cmNfXw==	cmNfXw==	Y21fZXJyb3I=	655	94489280653
68719477788	107374182450	Q01fRVJST1JfT0s=	PHVua25vd24+IENNX0VSUk9SX09L	QU5Z	655	94489280874
68719477789	107374182450	ZW52	ZW52	TmFwaS5FbnY=	655	94489280649
68719477790	107374182450	cmNfXw==	cmNfXw==	Y21fZXJyb3I=	655	94489280653
68719477791	107374182450	ZW52	ZW52	TmFwaS5FbnY=	655	94489280649
68719477792	107374182450	cmVzdWx0	cmVzdWx0	TmFwaS5PYmplY3Q=	656	94489280654
68719477793	107374182450	ZW52	ZW52	TmFwaS5FbnY=	656	94489280649
68719477794	107374182450	cmVzdWx0	cmVzdWx0	TmFwaS5PYmplY3Q=	657	94489280654
68719477795	107374182450	ZW52	ZW52	TmFwaS5FbnY=	657	94489280649
68719477796	107374182450	Y21k	Y21k	dWludDhfdA==	657	94489280650
68719477797	107374182450	cmVzdWx0	cmVzdWx0	TmFwaS5PYmplY3Q=	658	94489280654
68719477798	107374182450	ZW52	ZW52	TmFwaS5FbnY=	658	94489280649
68719477799	107374182450	cmVhc29u	cmVhc29u	dWludDE2X3Q=	658	94489280651
68719477800	107374182450	cmVzdWx0	cmVzdWx0	TmFwaS5PYmplY3Q=	659	94489280654
68719477801	107374182450	ZW52	ZW52	TmFwaS5FbnY=	659	94489280649
68719477802	107374182450	ZGF0YQ==	PHVua25vd24+IGRhdGE=	QU5Z	659	94489280873
68719477803	107374182450	bGVuZ3Ro	bGVuZ3Ro	dWludDY0X3Q=	659	94489280652
68719477804	107374182450	cmVzdWx0	cmVzdWx0	TmFwaS5PYmplY3Q=	660	94489280654
68719477805	107374182451	ZW52	ZW52	TmFwaS5FbnY=	664	94489280655
68719477806	107374182451	aW5mbw==	aW5mbw==	TmFwaS5DYWxsYmFja0luZm8m	664	111669149815
68719477807	107374182451	cmVhc29u	cmVhc29u	aW50MzJfdA==	665	94489280656
68719477808	107374182451	ZGF0YQ==	ZGF0YQ==	dWludDhfdCo=	666	94489280657
68719477809	107374182451	bGVuZ3Ro	bGVuZ3Ro	c2l6ZV90	667	94489280658
68719477810	107374182451	cmV2ZXJ0X3Jvb3RfaGFzaA==	cmV2ZXJ0X3Jvb3RfaGFzaA==	Y21faGFzaCo=	668	94489280659
68719477811	107374182451	ZW52	ZW52	TmFwaS5FbnY=	669	94489280655
68719477812	107374182451	aW5mbw==	aW5mbw==	TmFwaS5DYWxsYmFja0luZm8m	669	111669149815
68719477813	107374182451	cmVhc29u	cmVhc29u	aW50MzJfdA==	669	94489280656
68719477814	107374182451	ZW52	ZW52	TmFwaS5FbnY=	669	94489280655
68719477815	107374182451	aW5mbw==	aW5mbw==	TmFwaS5DYWxsYmFja0luZm8m	669	111669149815
68719477816	107374182451	ZGF0YQ==	ZGF0YQ==	dWludDhfdCo=	669	94489280657
68719477817	107374182451	bGVuZ3Ro	bGVuZ3Ro	c2l6ZV90	669	94489280658
68719477818	107374182451	ZW52	ZW52	TmFwaS5FbnY=	670	94489280655
68719477819	107374182451	aW5mbw==	aW5mbw==	TmFwaS5DYWxsYmFja0luZm8m	670	111669149815
68719477820	107374182451	cmV2ZXJ0X3Jvb3RfaGFzaA==	cmV2ZXJ0X3Jvb3RfaGFzaA==	Y21faGFzaCo=	670	94489280659
68719477821	107374182451	ZW52	ZW52	TmFwaS5FbnY=	671	94489280655
68719477822	107374182451	ZW52	ZW52	TmFwaS5FbnY=	673	
68719477823	107374182451	cmNfXw==	Q0hFQ0tfQ00oZW52LCBjbV9zZW5kX2NtaW9fcmVzcG9uc2UobWFjaGluZV8sIHN0YXRpY19jYXN0PHVpbnQxNl90PihyZWFzb24pLCBkYXRhLCBsZW5ndGgsIHJldmVydF9yb290X2hhc2gpKQ==	Y21fZXJyb3I=	673	94489280660
68719477824	107374182451	dGhpcw==	dGhpcw==	TWFjaGluZSo=	673	111669149814
68719477825	107374182451	cmVhc29u	cmVhc29u	aW50MzJfdA==	673	94489280656
68719477826	107374182451	ZGF0YQ==	ZGF0YQ==	dWludDhfdCo=	673	94489280657
68719477827	107374182451	bGVuZ3Ro	bGVuZ3Ro	c2l6ZV90	673	94489280658
68719477828	107374182451	cmV2ZXJ0X3Jvb3RfaGFzaA==	cmV2ZXJ0X3Jvb3RfaGFzaA==	Y21faGFzaCo=	673	94489280659
68719477829	107374182451	cmNfXw==	cmNfXw==	Y21fZXJyb3I=	673	94489280660
68719477830	107374182451	Q01fRVJST1JfT0s=	PHVua25vd24+IENNX0VSUk9SX09L	QU5Z	673	94489280872
68719477831	107374182451	ZW52	ZW52	TmFwaS5FbnY=	673	94489280655
68719477832	107374182451	cmNfXw==	cmNfXw==	Y21fZXJyb3I=	673	94489280660
68719477833	107374182451	ZW52	ZW52	TmFwaS5FbnY=	673	94489280655
68719477834	107374182451	ZW52	ZW52	TmFwaS5FbnY=	674	94489280655
68719477835	107374182452	ZW52	ZW52	TmFwaS5FbnY=	678	94489280661
68719477836	107374182452	aW5mbw==	aW5mbw==	TmFwaS5DYWxsYmFja0luZm8m	678	111669149817
68719477837	107374182452	bWN5Y2xlX2NvdW50	bWN5Y2xlX2NvdW50	dWludDY0X3Q=	679	94489280662
68719477838	107374182452	ZW52	ZW52	TmFwaS5FbnY=	681	94489280661
68719477839	107374182452	aW5mbw==	aW5mbw==	TmFwaS5DYWxsYmFja0luZm8m	681	111669149817
68719477840	107374182452	bWN5Y2xlX2NvdW50	bWN5Y2xlX2NvdW50	dWludDY0X3Q=	681	94489280662
68719477841	107374182452	ZW52	ZW52	TmFwaS5FbnY=	681	94489280661
68719477842	107374182452	aW5mbw==	aW5mbw==	TmFwaS5DYWxsYmFja0luZm8m	681	111669149817
68719477843	107374182452	bG9nX2ZpbGVuYW1l	bG9nX2ZpbGVuYW1l	c3RkLnN0cmluZw==	681	94489280663
68719477844	107374182452	ZW52	ZW52	TmFwaS5FbnY=	682	94489280661
68719477845	107374182452	YnJlYWtfcmVhc29u	YnJlYWtfcmVhc29u	Y21fYnJlYWtfcmVhc29u	684	94489280664
68719477846	107374182452	Q01fQlJFQUtfUkVBU09OX0ZBSUxFRA==	PHVua25vd24+IENNX0JSRUFLX1JFQVNPTl9GQUlMRUQ=	QU5Z	684	94489280871
68719477847	107374182452	ZW52	ZW52	TmFwaS5FbnY=	685	
68719477848	107374182452	cmNfXw==	Q0hFQ0tfQ00oZW52LCBjbV9sb2dfc3RlcChtYWNoaW5lXywgbWN5Y2xlX2NvdW50LCBsb2dfZmlsZW5hbWUuY19zdHIoKSwgJmJyZWFrX3JlYXNvbikp	Y21fZXJyb3I=	685	94489280665
68719477849	107374182452	dGhpcw==	dGhpcw==	TWFjaGluZSo=	685	111669149816
68719477850	107374182452	bWN5Y2xlX2NvdW50	bWN5Y2xlX2NvdW50	dWludDY0X3Q=	685	94489280662
68719477851	107374182452	bG9nX2ZpbGVuYW1l	bG9nX2ZpbGVuYW1l	c3RkLnN0cmluZw==	685	94489280663
68719477852	107374182452	YnJlYWtfcmVhc29u	YnJlYWtfcmVhc29u	Y21fYnJlYWtfcmVhc29u	685	94489280664
68719477853	107374182452	cmNfXw==	cmNfXw==	Y21fZXJyb3I=	685	94489280665
68719477854	107374182452	Q01fRVJST1JfT0s=	PHVua25vd24+IENNX0VSUk9SX09L	QU5Z	685	94489280870
68719477855	107374182452	ZW52	ZW52	TmFwaS5FbnY=	685	94489280661
68719477856	107374182452	cmNfXw==	cmNfXw==	Y21fZXJyb3I=	685	94489280665
68719477857	107374182452	ZW52	ZW52	TmFwaS5FbnY=	685	94489280661
68719477858	107374182452	ZW52	ZW52	TmFwaS5FbnY=	686	94489280661
68719477859	107374182452	YnJlYWtfcmVhc29u	YnJlYWtfcmVhc29u	Y21fYnJlYWtfcmVhc29u	686	94489280664
68719477860	107374182453	ZW52	ZW52	TmFwaS5FbnY=	690	94489280666
68719477861	107374182453	aW5mbw==	aW5mbw==	TmFwaS5DYWxsYmFja0luZm8m	690	111669149819
68719477862	107374182453	bG9nX3R5cGU=	bG9nX3R5cGU=	aW50MzJfdA==	691	94489280667
68719477863	107374182453	ZW52	ZW52	TmFwaS5FbnY=	692	94489280666
68719477864	107374182453	aW5mbw==	aW5mbw==	TmFwaS5DYWxsYmFja0luZm8m	692	111669149819
68719477865	107374182453	bG9nX3R5cGU=	bG9nX3R5cGU=	aW50MzJfdA==	692	94489280667
68719477866	107374182453	ZW52	ZW52	TmFwaS5FbnY=	693	94489280666
68719477867	107374182453	bG9n	bG9n	Y2hhcio=	695	94489280668
68719477868	107374182453	ZW52	ZW52	TmFwaS5FbnY=	696	
68719477869	107374182453	cmNfXw==	Q0hFQ0tfQ00oZW52LCBjbV9sb2dfc3RlcF91YXJjaChtYWNoaW5lXywgbG9nX3R5cGUsICZsb2cpKQ==	Y21fZXJyb3I=	696	94489280669
68719477870	107374182453	dGhpcw==	dGhpcw==	TWFjaGluZSo=	696	111669149818
68719477871	107374182453	bG9nX3R5cGU=	bG9nX3R5cGU=	aW50MzJfdA==	696	94489280667
68719477872	107374182453	bG9n	bG9n	Y2hhcio=	696	94489280668
68719477873	107374182453	cmNfXw==	cmNfXw==	Y21fZXJyb3I=	696	94489280669
68719477874	107374182453	Q01fRVJST1JfT0s=	PHVua25vd24+IENNX0VSUk9SX09L	QU5Z	696	94489280869
68719477875	107374182453	ZW52	ZW52	TmFwaS5FbnY=	696	94489280666
68719477876	107374182453	cmNfXw==	cmNfXw==	Y21fZXJyb3I=	696	94489280669
68719477877	107374182453	ZW52	ZW52	TmFwaS5FbnY=	696	94489280666
68719477878	107374182453	ZW52	ZW52	TmFwaS5FbnY=	697	94489280666
68719477879	107374182453	bG9n	bG9n	Y2hhcio=	697	94489280668
68719477880	107374182454	ZW52	ZW52	TmFwaS5FbnY=	701	94489280670
68719477881	107374182454	aW5mbw==	aW5mbw==	TmFwaS5DYWxsYmFja0luZm8m	701	111669149821
68719477882	107374182454	bG9nX3R5cGU=	bG9nX3R5cGU=	aW50MzJfdA==	702	94489280671
68719477883	107374182454	ZW52	ZW52	TmFwaS5FbnY=	703	94489280670
68719477884	107374182454	aW5mbw==	aW5mbw==	TmFwaS5DYWxsYmFja0luZm8m	703	111669149821
68719477885	107374182454	bG9nX3R5cGU=	bG9nX3R5cGU=	aW50MzJfdA==	703	94489280671
68719477886	107374182454	ZW52	ZW52	TmFwaS5FbnY=	704	94489280670
68719477887	107374182454	bG9n	bG9n	Y2hhcio=	706	94489280672
68719477888	107374182454	ZW52	ZW52	TmFwaS5FbnY=	707	
68719477889	107374182454	cmNfXw==	Q0hFQ0tfQ00oZW52LCBjbV9sb2dfcmVzZXRfdWFyY2gobWFjaGluZV8sIGxvZ190eXBlLCAmbG9nKSk=	Y21fZXJyb3I=	707	94489280673
68719477890	107374182454	dGhpcw==	dGhpcw==	TWFjaGluZSo=	707	111669149820
68719477891	107374182454	bG9nX3R5cGU=	bG9nX3R5cGU=	aW50MzJfdA==	707	94489280671
68719477892	107374182454	bG9n	bG9n	Y2hhcio=	707	94489280672
68719477893	107374182454	cmNfXw==	cmNfXw==	Y21fZXJyb3I=	707	94489280673
68719477894	107374182454	Q01fRVJST1JfT0s=	PHVua25vd24+IENNX0VSUk9SX09L	QU5Z	707	94489280868
68719477895	107374182454	ZW52	ZW52	TmFwaS5FbnY=	707	94489280670
68719477896	107374182454	cmNfXw==	cmNfXw==	Y21fZXJyb3I=	707	94489280673
68719477897	107374182454	ZW52	ZW52	TmFwaS5FbnY=	707	94489280670
68719477898	107374182454	ZW52	ZW52	TmFwaS5FbnY=	708	94489280670
68719477899	107374182454	bG9n	bG9n	Y2hhcio=	708	94489280672
68719477900	107374182455	ZW52	ZW52	TmFwaS5FbnY=	712	94489280674
68719477901	107374182455	aW5mbw==	aW5mbw==	TmFwaS5DYWxsYmFja0luZm8m	712	111669149823
68719477902	107374182455	cmVhc29u	cmVhc29u	aW50MzJfdA==	713	94489280675
68719477903	107374182455	ZGF0YQ==	ZGF0YQ==	dWludDhfdCo=	714	94489280676
68719477904	107374182455	bGVuZ3Ro	bGVuZ3Ro	c2l6ZV90	715	94489280677
68719477905	107374182455	cmV2ZXJ0X3Jvb3RfaGFzaA==	cmV2ZXJ0X3Jvb3RfaGFzaA==	Y21faGFzaCo=	716	94489280678
68719477906	107374182455	bG9nX3R5cGU=	bG9nX3R5cGU=	aW50MzJfdA==	717	94489280679
68719477907	107374182455	ZW52	ZW52	TmFwaS5FbnY=	718	94489280674
68719477908	107374182455	aW5mbw==	aW5mbw==	TmFwaS5DYWxsYmFja0luZm8m	718	111669149823
68719477909	107374182455	cmVhc29u	cmVhc29u	aW50MzJfdA==	718	94489280675
68719477910	107374182455	ZW52	ZW52	TmFwaS5FbnY=	718	94489280674
68719477911	107374182455	aW5mbw==	aW5mbw==	TmFwaS5DYWxsYmFja0luZm8m	718	111669149823
68719477912	107374182455	ZGF0YQ==	ZGF0YQ==	dWludDhfdCo=	718	94489280676
68719477913	107374182455	bGVuZ3Ro	bGVuZ3Ro	c2l6ZV90	718	94489280677
68719477914	107374182455	ZW52	ZW52	TmFwaS5FbnY=	719	94489280674
68719477915	107374182455	aW5mbw==	aW5mbw==	TmFwaS5DYWxsYmFja0luZm8m	719	111669149823
68719477916	107374182455	cmV2ZXJ0X3Jvb3RfaGFzaA==	cmV2ZXJ0X3Jvb3RfaGFzaA==	Y21faGFzaCo=	719	94489280678
68719477917	107374182455	ZW52	ZW52	TmFwaS5FbnY=	719	94489280674
68719477918	107374182455	aW5mbw==	aW5mbw==	TmFwaS5DYWxsYmFja0luZm8m	719	111669149823
68719477919	107374182455	bG9nX3R5cGU=	bG9nX3R5cGU=	aW50MzJfdA==	719	94489280679
68719477920	107374182455	ZW52	ZW52	TmFwaS5FbnY=	720	94489280674
68719477921	107374182455	bG9n	bG9n	Y2hhcio=	722	94489280680
68719477922	107374182455	ZW52	ZW52	TmFwaS5FbnY=	723	
68719477923	107374182455	cmNfXw==	Q0hFQ0tfQ00oZW52LCBjbV9sb2dfc2VuZF9jbWlvX3Jlc3BvbnNlKG1hY2hpbmVfLCBzdGF0aWNfY2FzdDx1aW50MTZfdD4ocmVhc29uKSwgZGF0YSwgbGVuZ3RoLCByZXZlcnRfcm9vdF9oYXNoLAogICAgICAgICAgICAgICAgICAgICAgbG9nX3R5cGUsICZsb2cpKQ==	Y21fZXJyb3I=	723	94489280681
68719477924	107374182455	dGhpcw==	dGhpcw==	TWFjaGluZSo=	723	111669149822
68719477925	107374182455	cmVhc29u	cmVhc29u	aW50MzJfdA==	723	94489280675
68719477926	107374182455	ZGF0YQ==	ZGF0YQ==	dWludDhfdCo=	723	94489280676
68719477927	107374182455	bGVuZ3Ro	bGVuZ3Ro	c2l6ZV90	723	94489280677
68719477928	107374182455	cmV2ZXJ0X3Jvb3RfaGFzaA==	cmV2ZXJ0X3Jvb3RfaGFzaA==	Y21faGFzaCo=	723	94489280678
68719477929	107374182455	bG9nX3R5cGU=	bG9nX3R5cGU=	aW50MzJfdA==	723	94489280679
68719477930	107374182455	bG9n	bG9n	Y2hhcio=	723	94489280680
68719477931	107374182455	cmNfXw==	cmNfXw==	Y21fZXJyb3I=	723	94489280681
68719477932	107374182455	Q01fRVJST1JfT0s=	PHVua25vd24+IENNX0VSUk9SX09L	QU5Z	723	94489280867
68719477933	107374182455	ZW52	ZW52	TmFwaS5FbnY=	723	94489280674
68719477934	107374182455	cmNfXw==	cmNfXw==	Y21fZXJyb3I=	723	94489280681
68719477935	107374182455	ZW52	ZW52	TmFwaS5FbnY=	723	94489280674
68719477936	107374182455	ZW52	ZW52	TmFwaS5FbnY=	725	94489280674
68719477937	107374182455	bG9n	bG9n	Y2hhcio=	725	94489280680
68719477938	107374182456	cm9vdF9oYXNoX2JlZm9yZQ==	cm9vdF9oYXNoX2JlZm9yZQ==	Y21faGFzaCo=	733	94489280682
68719477939	107374182456	bWN5Y2xlX2NvdW50	bWN5Y2xlX2NvdW50	dWludDY0X3Q=	735	94489280684
68719477940	107374182456	ZW52	ZW52	TmFwaS5FbnY=	736	111669149824
68719477941	107374182456	aW5mbw==	aW5mbw==	TmFwaS5DYWxsYmFja0luZm8m	736	111669149825
68719477942	107374182456	YmFzZQ==	YmFzZQ==	c2l6ZV90	736	111669149826
68719477943	107374182456	cm9vdF9oYXNoX2JlZm9yZQ==	cm9vdF9oYXNoX2JlZm9yZQ==	Y21faGFzaCo=	736	94489280682
68719477944	107374182456	ZW52	ZW52	TmFwaS5FbnY=	737	111669149824
68719477945	107374182456	aW5mbw==	aW5mbw==	TmFwaS5DYWxsYmFja0luZm8m	737	111669149825
68719477946	107374182456	YmFzZQ==	YmFzZQ==	c2l6ZV90	737	111669149826
68719477947	107374182456	bG9nX2ZpbGVuYW1l	bG9nX2ZpbGVuYW1l	c3RkLnN0cmluZw==	737	94489280683
68719477948	107374182456	ZW52	ZW52	TmFwaS5FbnY=	738	111669149824
68719477949	107374182456	aW5mbw==	aW5mbw==	TmFwaS5DYWxsYmFja0luZm8m	738	111669149825
68719477950	107374182456	YmFzZQ==	YmFzZQ==	c2l6ZV90	738	111669149826
68719477951	107374182456	bWN5Y2xlX2NvdW50	bWN5Y2xlX2NvdW50	dWludDY0X3Q=	738	94489280684
68719477952	107374182456	ZW52	ZW52	TmFwaS5FbnY=	739	111669149824
68719477953	107374182456	b2J0YWluZWRfcm9vdF9oYXNo	b2J0YWluZWRfcm9vdF9oYXNo	Y21faGFzaA==	741	94489280685
68719477954	107374182456	PHRtcD4w	PHRtcD4w	Y21faGFzaA==	741	94489280866
68719477955	107374182456	PHRtcD4w	PHRtcD4w	Y21faGFzaA==	741	94489280866
68719477956	107374182456	PHRtcD4w	PHRtcD4w	Y21faGFzaA==	741	94489280866
68719477957	107374182456	ZW52	ZW52	TmFwaS5FbnY=	742	
68719477958	107374182456	cmNfXw==	Q0hFQ0tfQ00oZW52LCBjbV92ZXJpZnlfc3RlcChyb290X2hhc2hfYmVmb3JlLCBsb2dfZmlsZW5hbWUuY19zdHIoKSwgbWN5Y2xlX2NvdW50LCAmb2J0YWluZWRfcm9vdF9oYXNoKSk=	Y21fZXJyb3I=	742	94489280686
68719477959	107374182456	cm9vdF9oYXNoX2JlZm9yZQ==	cm9vdF9oYXNoX2JlZm9yZQ==	Y21faGFzaCo=	742	94489280682
68719477960	107374182456	bG9nX2ZpbGVuYW1l	bG9nX2ZpbGVuYW1l	c3RkLnN0cmluZw==	742	94489280683
68719477961	107374182456	bWN5Y2xlX2NvdW50	bWN5Y2xlX2NvdW50	dWludDY0X3Q=	742	94489280684
68719477962	107374182456	b2J0YWluZWRfcm9vdF9oYXNo	b2J0YWluZWRfcm9vdF9oYXNo	Y21faGFzaA==	742	94489280685
68719477963	107374182456	cmNfXw==	cmNfXw==	Y21fZXJyb3I=	742	94489280686
68719477964	107374182456	Q01fRVJST1JfT0s=	PHVua25vd24+IENNX0VSUk9SX09L	QU5Z	742	94489280865
68719477965	107374182456	ZW52	ZW52	TmFwaS5FbnY=	742	111669149824
68719477966	107374182456	cmNfXw==	cmNfXw==	Y21fZXJyb3I=	742	94489280686
68719477967	107374182456	ZW52	ZW52	TmFwaS5FbnY=	742	111669149824
68719477968	107374182456	ZW52	ZW52	TmFwaS5FbnY=	743	111669149824
68719477969	107374182456	b2J0YWluZWRfcm9vdF9oYXNo	b2J0YWluZWRfcm9vdF9oYXNo	Y21faGFzaA==	743	94489280685
68719477970	107374182456	Q01fSEFTSF9TSVpF	PHVua25vd24+IENNX0hBU0hfU0laRQ==	QU5Z	743	94489280864
68719477971	107374182457	cm9vdF9oYXNoX2JlZm9yZQ==	cm9vdF9oYXNoX2JlZm9yZQ==	Y21faGFzaCo=	747	94489280687
68719477972	107374182457	ZW52	ZW52	TmFwaS5FbnY=	749	111669149827
68719477973	107374182457	aW5mbw==	aW5mbw==	TmFwaS5DYWxsYmFja0luZm8m	749	111669149829
68719477974	107374182457	YmFzZQ==	YmFzZQ==	c2l6ZV90	749	111669149830
68719477975	107374182457	cm9vdF9oYXNoX2JlZm9yZQ==	cm9vdF9oYXNoX2JlZm9yZQ==	Y21faGFzaCo=	749	94489280687
68719477976	107374182457	ZW52	ZW52	TmFwaS5FbnY=	750	111669149827
68719477977	107374182457	aW5mbw==	aW5mbw==	TmFwaS5DYWxsYmFja0luZm8m	750	111669149829
68719477978	107374182457	YmFzZQ==	YmFzZQ==	c2l6ZV90	750	111669149830
68719477979	107374182457	bG9n	bG9n	c3RkLnN0cmluZw==	750	94489280688
68719477980	107374182457	ZW52	ZW52	TmFwaS5FbnY=	751	111669149827
68719477981	107374182457	b2J0YWluZWRfcm9vdF9oYXNo	b2J0YWluZWRfcm9vdF9oYXNo	Y21faGFzaA==	753	94489280689
68719477982	107374182457	PHRtcD4w	PHRtcD4w	Y21faGFzaA==	753	94489280863
68719477983	107374182457	PHRtcD4w	PHRtcD4w	Y21faGFzaA==	753	94489280863
68719477984	107374182457	PHRtcD4w	PHRtcD4w	Y21faGFzaA==	753	94489280863
68719477985	107374182457	ZW52	ZW52	TmFwaS5FbnY=	754	
68719477986	107374182457	cmNfXw==	Q0hFQ0tfQ00oZW52LCBjbV92ZXJpZnlfc3RlcF91YXJjaChtLCByb290X2hhc2hfYmVmb3JlLCBsb2cuY19zdHIoKSwgJm9idGFpbmVkX3Jvb3RfaGFzaCkp	Y21fZXJyb3I=	754	94489280690
68719477987	107374182457	bQ==	bQ==	Y21fbWFjaGluZSo=	754	111669149828
68719477988	107374182457	cm9vdF9oYXNoX2JlZm9yZQ==	cm9vdF9oYXNoX2JlZm9yZQ==	Y21faGFzaCo=	754	94489280687
68719477989	107374182457	bG9n	bG9n	c3RkLnN0cmluZw==	754	94489280688
68719477990	107374182457	b2J0YWluZWRfcm9vdF9oYXNo	b2J0YWluZWRfcm9vdF9oYXNo	Y21faGFzaA==	754	94489280689
68719477991	107374182457	cmNfXw==	cmNfXw==	Y21fZXJyb3I=	754	94489280690
68719477992	107374182457	Q01fRVJST1JfT0s=	PHVua25vd24+IENNX0VSUk9SX09L	QU5Z	754	94489280862
68719477993	107374182457	ZW52	ZW52	TmFwaS5FbnY=	754	111669149827
68719477994	107374182457	cmNfXw==	cmNfXw==	Y21fZXJyb3I=	754	94489280690
68719477995	107374182457	ZW52	ZW52	TmFwaS5FbnY=	754	111669149827
68719477996	107374182457	ZW52	ZW52	TmFwaS5FbnY=	755	111669149827
68719477997	107374182457	b2J0YWluZWRfcm9vdF9oYXNo	b2J0YWluZWRfcm9vdF9oYXNo	Y21faGFzaA==	755	94489280689
68719477998	107374182457	Q01fSEFTSF9TSVpF	PHVua25vd24+IENNX0hBU0hfU0laRQ==	QU5Z	755	94489280861
68719477999	107374182458	cm9vdF9oYXNoX2JlZm9yZQ==	cm9vdF9oYXNoX2JlZm9yZQ==	Y21faGFzaCo=	759	94489280691
68719478000	107374182458	ZW52	ZW52	TmFwaS5FbnY=	761	111669149831
68719478001	107374182458	aW5mbw==	aW5mbw==	TmFwaS5DYWxsYmFja0luZm8m	761	111669149833
68719478002	107374182458	YmFzZQ==	YmFzZQ==	c2l6ZV90	761	111669149834
68719478003	107374182458	cm9vdF9oYXNoX2JlZm9yZQ==	cm9vdF9oYXNoX2JlZm9yZQ==	Y21faGFzaCo=	761	94489280691
68719478004	107374182458	ZW52	ZW52	TmFwaS5FbnY=	762	111669149831
68719478005	107374182458	aW5mbw==	aW5mbw==	TmFwaS5DYWxsYmFja0luZm8m	762	111669149833
68719478006	107374182458	YmFzZQ==	YmFzZQ==	c2l6ZV90	762	111669149834
68719478007	107374182458	bG9n	bG9n	c3RkLnN0cmluZw==	762	94489280692
68719478008	107374182458	ZW52	ZW52	TmFwaS5FbnY=	763	111669149831
68719478009	107374182458	b2J0YWluZWRfcm9vdF9oYXNo	b2J0YWluZWRfcm9vdF9oYXNo	Y21faGFzaA==	765	94489280693
68719478010	107374182458	PHRtcD4w	PHRtcD4w	Y21faGFzaA==	765	94489280860
68719478011	107374182458	PHRtcD4w	PHRtcD4w	Y21faGFzaA==	765	94489280860
68719478012	107374182458	PHRtcD4w	PHRtcD4w	Y21faGFzaA==	765	94489280860
68719478013	107374182458	ZW52	ZW52	TmFwaS5FbnY=	766	
68719478014	107374182458	cmNfXw==	Q0hFQ0tfQ00oZW52LCBjbV92ZXJpZnlfcmVzZXRfdWFyY2gobSwgcm9vdF9oYXNoX2JlZm9yZSwgbG9nLmNfc3RyKCksICZvYnRhaW5lZF9yb290X2hhc2gpKQ==	Y21fZXJyb3I=	766	94489280694
68719478015	107374182458	bQ==	bQ==	Y21fbWFjaGluZSo=	766	111669149832
68719478016	107374182458	cm9vdF9oYXNoX2JlZm9yZQ==	cm9vdF9oYXNoX2JlZm9yZQ==	Y21faGFzaCo=	766	94489280691
68719478017	107374182458	bG9n	bG9n	c3RkLnN0cmluZw==	766	94489280692
68719478018	107374182458	b2J0YWluZWRfcm9vdF9oYXNo	b2J0YWluZWRfcm9vdF9oYXNo	Y21faGFzaA==	766	94489280693
68719478019	107374182458	cmNfXw==	cmNfXw==	Y21fZXJyb3I=	766	94489280694
68719478020	107374182458	Q01fRVJST1JfT0s=	PHVua25vd24+IENNX0VSUk9SX09L	QU5Z	766	94489280859
68719478021	107374182458	ZW52	ZW52	TmFwaS5FbnY=	766	111669149831
68719478022	107374182458	cmNfXw==	cmNfXw==	Y21fZXJyb3I=	766	94489280694
68719478023	107374182458	ZW52	ZW52	TmFwaS5FbnY=	766	111669149831
68719478024	107374182458	ZW52	ZW52	TmFwaS5FbnY=	767	111669149831
68719478025	107374182458	b2J0YWluZWRfcm9vdF9oYXNo	b2J0YWluZWRfcm9vdF9oYXNo	Y21faGFzaA==	767	94489280693
68719478026	107374182458	Q01fSEFTSF9TSVpF	PHVua25vd24+IENNX0hBU0hfU0laRQ==	QU5Z	767	94489280858
68719478027	107374182459	cmVhc29u	cmVhc29u	aW50MzJfdA==	771	94489280695
68719478028	107374182459	ZGF0YQ==	ZGF0YQ==	dWludDhfdCo=	772	94489280696
68719478029	107374182459	bGVuZ3Ro	bGVuZ3Ro	c2l6ZV90	773	94489280697
68719478030	107374182459	cm9vdF9oYXNoX2JlZm9yZQ==	cm9vdF9oYXNoX2JlZm9yZQ==	Y21faGFzaCo=	774	94489280698
68719478031	107374182459	cmV2ZXJ0X3Jvb3RfaGFzaA==	cmV2ZXJ0X3Jvb3RfaGFzaA==	Y21faGFzaCo=	776	94489280700
68719478032	107374182459	ZW52	ZW52	TmFwaS5FbnY=	777	111669149835
68719478033	107374182459	aW5mbw==	aW5mbw==	TmFwaS5DYWxsYmFja0luZm8m	777	111669149837
68719478034	107374182459	YmFzZQ==	YmFzZQ==	c2l6ZV90	777	111669149838
68719478035	107374182459	cmVhc29u	cmVhc29u	aW50MzJfdA==	777	94489280695
68719478036	107374182459	ZW52	ZW52	TmFwaS5FbnY=	777	111669149835
68719478037	107374182459	aW5mbw==	aW5mbw==	TmFwaS5DYWxsYmFja0luZm8m	777	111669149837
68719478038	107374182459	YmFzZQ==	YmFzZQ==	c2l6ZV90	777	111669149838
68719478039	107374182459	ZGF0YQ==	ZGF0YQ==	dWludDhfdCo=	777	94489280696
68719478040	107374182459	bGVuZ3Ro	bGVuZ3Ro	c2l6ZV90	777	94489280697
68719478041	107374182459	ZW52	ZW52	TmFwaS5FbnY=	778	111669149835
68719478042	107374182459	aW5mbw==	aW5mbw==	TmFwaS5DYWxsYmFja0luZm8m	778	111669149837
68719478043	107374182459	YmFzZQ==	YmFzZQ==	c2l6ZV90	778	111669149838
68719478044	107374182459	cm9vdF9oYXNoX2JlZm9yZQ==	cm9vdF9oYXNoX2JlZm9yZQ==	Y21faGFzaCo=	778	94489280698
68719478045	107374182459	ZW52	ZW52	TmFwaS5FbnY=	779	111669149835
68719478046	107374182459	aW5mbw==	aW5mbw==	TmFwaS5DYWxsYmFja0luZm8m	779	111669149837
68719478047	107374182459	YmFzZQ==	YmFzZQ==	c2l6ZV90	779	111669149838
68719478048	107374182459	bG9n	bG9n	c3RkLnN0cmluZw==	779	94489280699
68719478049	107374182459	ZW52	ZW52	TmFwaS5FbnY=	780	111669149835
68719478050	107374182459	aW5mbw==	aW5mbw==	TmFwaS5DYWxsYmFja0luZm8m	780	111669149837
68719478051	107374182459	YmFzZQ==	YmFzZQ==	c2l6ZV90	780	111669149838
68719478052	107374182459	cmV2ZXJ0X3Jvb3RfaGFzaA==	cmV2ZXJ0X3Jvb3RfaGFzaA==	Y21faGFzaCo=	780	94489280700
68719478053	107374182459	ZW52	ZW52	TmFwaS5FbnY=	781	111669149835
68719478054	107374182459	b2J0YWluZWRfcm9vdF9oYXNo	b2J0YWluZWRfcm9vdF9oYXNo	Y21faGFzaA==	783	94489280701
68719478055	107374182459	PHRtcD4w	PHRtcD4w	Y21faGFzaA==	783	94489280857
68719478056	107374182459	PHRtcD4w	PHRtcD4w	Y21faGFzaA==	783	94489280857
68719478057	107374182459	PHRtcD4w	PHRtcD4w	Y21faGFzaA==	783	94489280857
68719478058	107374182459	ZW52	ZW52	TmFwaS5FbnY=	784	
68719478059	107374182459	cmNfXw==	Q0hFQ0tfQ00oZW52LCBjbV92ZXJpZnlfc2VuZF9jbWlvX3Jlc3BvbnNlKG0sIHN0YXRpY19jYXN0PHVpbnQxNl90PihyZWFzb24pLCBkYXRhLCBsZW5ndGgsIHJvb3RfaGFzaF9iZWZvcmUsCiAgICAgICAgICAgICAgICAgICAgICBsb2cuY19zdHIoKSwgcmV2ZXJ0X3Jvb3RfaGFzaCwgJm9idGFpbmVkX3Jvb3RfaGFzaCkp	Y21fZXJyb3I=	784	94489280702
68719478060	107374182459	bQ==	bQ==	Y21fbWFjaGluZSo=	784	111669149836
68719478061	107374182459	cmVhc29u	cmVhc29u	aW50MzJfdA==	784	94489280695
68719478062	107374182459	ZGF0YQ==	ZGF0YQ==	dWludDhfdCo=	784	94489280696
68719478063	107374182459	bGVuZ3Ro	bGVuZ3Ro	c2l6ZV90	784	94489280697
68719478064	107374182459	cm9vdF9oYXNoX2JlZm9yZQ==	cm9vdF9oYXNoX2JlZm9yZQ==	Y21faGFzaCo=	784	94489280698
68719478065	107374182459	bG9n	bG9n	c3RkLnN0cmluZw==	784	94489280699
68719478066	107374182459	cmV2ZXJ0X3Jvb3RfaGFzaA==	cmV2ZXJ0X3Jvb3RfaGFzaA==	Y21faGFzaCo=	784	94489280700
68719478067	107374182459	b2J0YWluZWRfcm9vdF9oYXNo	b2J0YWluZWRfcm9vdF9oYXNo	Y21faGFzaA==	784	94489280701
68719478068	107374182459	cmNfXw==	cmNfXw==	Y21fZXJyb3I=	784	94489280702
68719478069	107374182459	Q01fRVJST1JfT0s=	PHVua25vd24+IENNX0VSUk9SX09L	QU5Z	784	94489280856
68719478070	107374182459	ZW52	ZW52	TmFwaS5FbnY=	784	111669149835
68719478071	107374182459	cmNfXw==	cmNfXw==	Y21fZXJyb3I=	784	94489280702
68719478072	107374182459	ZW52	ZW52	TmFwaS5FbnY=	784	111669149835
68719478073	107374182459	ZW52	ZW52	TmFwaS5FbnY=	786	111669149835
68719478074	107374182459	b2J0YWluZWRfcm9vdF9oYXNo	b2J0YWluZWRfcm9vdF9oYXNo	Y21faGFzaA==	786	94489280701
68719478075	107374182459	Q01fSEFTSF9TSVpF	PHVua25vd24+IENNX0hBU0hfU0laRQ==	QU5Z	786	94489280855
68719478076	107374182460	aW5mbw==	aW5mbw==	TmFwaS5DYWxsYmFja0luZm8m	790	111669149840
68719478077	107374182460	dGhpcw==	dGhpcw==	TWFjaGluZSo=	790	111669149839
68719478078	107374182460	aW5mbw==	aW5mbw==	TmFwaS5DYWxsYmFja0luZm8m	790	111669149840
68719478079	107374182461	aW5mbw==	aW5mbw==	TmFwaS5DYWxsYmFja0luZm8m	794	111669149842
68719478080	107374182461	dGhpcw==	dGhpcw==	TWFjaGluZSo=	794	111669149841
68719478081	107374182461	aW5mbw==	aW5mbw==	TmFwaS5DYWxsYmFja0luZm8m	794	111669149842
68719478082	107374182462	aW5mbw==	aW5mbw==	TmFwaS5DYWxsYmFja0luZm8m	798	111669149844
68719478083	107374182462	dGhpcw==	dGhpcw==	TWFjaGluZSo=	798	111669149843
68719478084	107374182462	aW5mbw==	aW5mbw==	TmFwaS5DYWxsYmFja0luZm8m	798	111669149844
68719478085	107374182463	ZW52	ZW52	TmFwaS5FbnY=	802	94489280703
68719478086	107374182463	aW5mbw==	aW5mbw==	TmFwaS5DYWxsYmFja0luZm8m	802	111669149846
68719478087	107374182463	cmVzdWx0	cmVzdWx0	Ym9vbA==	803	94489280704
68719478088	107374182463	ZW52	ZW52	TmFwaS5FbnY=	804	
68719478089	107374182463	cmNfXw==	Q0hFQ0tfQ00oZW52LCBjbV92ZXJpZnlfaGFzaF90cmVlKG1hY2hpbmVfLCAmcmVzdWx0KSk=	Y21fZXJyb3I=	804	94489280705
68719478090	107374182463	dGhpcw==	dGhpcw==	TWFjaGluZSo=	804	111669149845
68719478091	107374182463	cmVzdWx0	cmVzdWx0	Ym9vbA==	804	94489280704
68719478092	107374182463	cmNfXw==	cmNfXw==	Y21fZXJyb3I=	804	94489280705
68719478093	107374182463	Q01fRVJST1JfT0s=	PHVua25vd24+IENNX0VSUk9SX09L	QU5Z	804	94489280854
68719478094	107374182463	ZW52	ZW52	TmFwaS5FbnY=	804	94489280703
68719478095	107374182463	cmNfXw==	cmNfXw==	Y21fZXJyb3I=	804	94489280705
68719478096	107374182463	ZW52	ZW52	TmFwaS5FbnY=	804	94489280703
68719478097	107374182463	ZW52	ZW52	TmFwaS5FbnY=	805	94489280703
68719478098	107374182463	cmVzdWx0	cmVzdWx0	Ym9vbA==	805	94489280704
68719478099	107374182464	ZW52	ZW52	TmFwaS5FbnY=	809	94489280706
68719478100	107374182464	aW5mbw==	aW5mbw==	TmFwaS5DYWxsYmFja0luZm8m	809	111669149848
68719478101	107374182464	Y2xlYXI=	Y2xlYXI=	Ym9vbA==	810	94489280707
68719478102	107374182464	aW5mbw==	aW5mbw==	TmFwaS5DYWxsYmFja0luZm8m	810	111669149848
68719478103	107374182464	aW5mbw==	aW5mbw==	TmFwaS5DYWxsYmFja0luZm8m	810	111669149848
68719478104	107374182464	c3RhdHM=	c3RhdHM=	Y2hhcio=	811	94489280708
68719478105	107374182464	ZW52	ZW52	TmFwaS5FbnY=	812	
68719478106	107374182464	cmNfXw==	Q0hFQ0tfQ00oZW52LCBjbV9nZXRfaGFzaF90cmVlX3N0YXRzKG1hY2hpbmVfLCBjbGVhciwgJnN0YXRzKSk=	Y21fZXJyb3I=	812	94489280709
68719478107	107374182464	dGhpcw==	dGhpcw==	TWFjaGluZSo=	812	111669149847
68719478108	107374182464	Y2xlYXI=	Y2xlYXI=	Ym9vbA==	812	94489280707
68719478109	107374182464	c3RhdHM=	c3RhdHM=	Y2hhcio=	812	94489280708
68719478110	107374182464	cmNfXw==	cmNfXw==	Y21fZXJyb3I=	812	94489280709
68719478111	107374182464	Q01fRVJST1JfT0s=	PHVua25vd24+IENNX0VSUk9SX09L	QU5Z	812	94489280853
68719478112	107374182464	ZW52	ZW52	TmFwaS5FbnY=	812	94489280706
68719478113	107374182464	cmNfXw==	cmNfXw==	Y21fZXJyb3I=	812	94489280709
68719478114	107374182464	ZW52	ZW52	TmFwaS5FbnY=	812	94489280706
68719478115	107374182464	ZW52	ZW52	TmFwaS5FbnY=	813	94489280706
68719478116	107374182464	c3RhdHM=	c3RhdHM=	Y2hhcio=	813	94489280708
68719478117	107374182465	ZW52	ZW52	TmFwaS5FbnY=	817	94489280710
68719478118	107374182465	aW5mbw==	aW5mbw==	TmFwaS5DYWxsYmFja0luZm8m	817	111669149850
68719478119	107374182465	YWRkcmVzcw==	YWRkcmVzcw==	dWludDY0X3Q=	818	94489280711
68719478120	107374182465	dmFs	dmFs	dWludDY0X3Q=	819	94489280712
68719478121	107374182465	ZW52	ZW52	TmFwaS5FbnY=	820	94489280710
68719478122	107374182465	aW5mbw==	aW5mbw==	TmFwaS5DYWxsYmFja0luZm8m	820	111669149850
68719478123	107374182465	YWRkcmVzcw==	YWRkcmVzcw==	dWludDY0X3Q=	820	94489280711
68719478124	107374182465	ZW52	ZW52	TmFwaS5FbnY=	820	94489280710
68719478125	107374182465	aW5mbw==	aW5mbw==	TmFwaS5DYWxsYmFja0luZm8m	820	111669149850
68719478126	107374182465	dmFs	dmFs	dWludDY0X3Q=	820	94489280712
68719478127	107374182465	ZW52	ZW52	TmFwaS5FbnY=	821	94489280710
68719478128	107374182465	ZW52	ZW52	TmFwaS5FbnY=	823	
68719478129	107374182465	cmNfXw==	Q0hFQ0tfQ00oZW52LCBjbV93cml0ZV93b3JkKG1hY2hpbmVfLCBhZGRyZXNzLCB2YWwpKQ==	Y21fZXJyb3I=	823	94489280713
68719478130	107374182465	dGhpcw==	dGhpcw==	TWFjaGluZSo=	823	111669149849
68719478131	107374182465	YWRkcmVzcw==	YWRkcmVzcw==	dWludDY0X3Q=	823	94489280711
68719478132	107374182465	dmFs	dmFs	dWludDY0X3Q=	823	94489280712
68719478133	107374182465	cmNfXw==	cmNfXw==	Y21fZXJyb3I=	823	94489280713
68719478134	107374182465	Q01fRVJST1JfT0s=	PHVua25vd24+IENNX0VSUk9SX09L	QU5Z	823	94489280852
68719478135	107374182465	ZW52	ZW52	TmFwaS5FbnY=	823	94489280710
68719478136	107374182465	cmNfXw==	cmNfXw==	Y21fZXJyb3I=	823	94489280713
68719478137	107374182465	ZW52	ZW52	TmFwaS5FbnY=	823	94489280710
68719478138	107374182465	ZW52	ZW52	TmFwaS5FbnY=	824	94489280710
68719478139	107374182466	ZW52	ZW52	TmFwaS5FbnY=	828	94489280714
68719478140	107374182466	aW5mbw==	aW5mbw==	TmFwaS5DYWxsYmFja0luZm8m	828	111669149852
68719478141	107374182466	YWRkcmVzcw==	YWRkcmVzcw==	dWludDY0X3Q=	829	94489280715
68719478142	107374182466	bG9nMl9zaXpl	bG9nMl9zaXpl	aW50MzJfdA==	830	94489280716
68719478143	107374182466	ZW52	ZW52	TmFwaS5FbnY=	831	94489280714
68719478144	107374182466	aW5mbw==	aW5mbw==	TmFwaS5DYWxsYmFja0luZm8m	831	111669149852
68719478145	107374182466	YWRkcmVzcw==	YWRkcmVzcw==	dWludDY0X3Q=	831	94489280715
68719478146	107374182466	ZW52	ZW52	TmFwaS5FbnY=	831	94489280714
68719478147	107374182466	aW5mbw==	aW5mbw==	TmFwaS5DYWxsYmFja0luZm8m	831	111669149852
68719478148	107374182466	bG9nMl9zaXpl	bG9nMl9zaXpl	aW50MzJfdA==	831	94489280716
68719478149	107374182466	ZW52	ZW52	TmFwaS5FbnY=	832	94489280714
68719478150	107374182466	aGFzaA==	aGFzaA==	Y21faGFzaA==	834	94489280717
68719478151	107374182466	PHRtcD4w	PHRtcD4w	Y21faGFzaA==	834	94489280851
68719478152	107374182466	PHRtcD4w	PHRtcD4w	Y21faGFzaA==	834	94489280851
68719478153	107374182466	PHRtcD4w	PHRtcD4w	Y21faGFzaA==	834	94489280851
68719478154	107374182466	ZW52	ZW52	TmFwaS5FbnY=	835	
68719478155	107374182466	cmNfXw==	Q0hFQ0tfQ00oZW52LCBjbV9nZXRfbm9kZV9oYXNoKG1hY2hpbmVfLCBhZGRyZXNzLCBsb2cyX3NpemUsICZoYXNoKSk=	Y21fZXJyb3I=	835	94489280718
68719478156	107374182466	dGhpcw==	dGhpcw==	TWFjaGluZSo=	835	111669149851
68719478157	107374182466	YWRkcmVzcw==	YWRkcmVzcw==	dWludDY0X3Q=	835	94489280715
68719478158	107374182466	bG9nMl9zaXpl	bG9nMl9zaXpl	aW50MzJfdA==	835	94489280716
68719478159	107374182466	aGFzaA==	aGFzaA==	Y21faGFzaA==	835	94489280717
68719478160	107374182466	cmNfXw==	cmNfXw==	Y21fZXJyb3I=	835	94489280718
68719478161	107374182466	Q01fRVJST1JfT0s=	PHVua25vd24+IENNX0VSUk9SX09L	QU5Z	835	94489280850
68719478162	107374182466	ZW52	ZW52	TmFwaS5FbnY=	835	94489280714
68719478163	107374182466	cmNfXw==	cmNfXw==	Y21fZXJyb3I=	835	94489280718
68719478164	107374182466	ZW52	ZW52	TmFwaS5FbnY=	835	94489280714
68719478165	107374182466	ZW52	ZW52	TmFwaS5FbnY=	836	94489280714
68719478166	107374182466	aGFzaA==	aGFzaA==	Y21faGFzaA==	836	94489280717
68719478167	107374182466	Q01fSEFTSF9TSVpF	PHVua25vd24+IENNX0hBU0hfU0laRQ==	QU5Z	836	94489280849
68719478168	107374182467	ZW52	ZW52	TmFwaS5FbnY=	840	94489280719
68719478169	107374182467	aW5mbw==	aW5mbw==	TmFwaS5DYWxsYmFja0luZm8m	840	111669149854
68719478170	107374182467	ZW52	ZW52	TmFwaS5FbnY=	843	94489280719
68719478171	107374182467	aW5mbw==	aW5mbw==	TmFwaS5DYWxsYmFja0luZm8m	843	111669149854
68719478172	107374182467	ZnJvbV9kaXI=	ZnJvbV9kaXI=	c3RkLnN0cmluZw==	843	94489280720
68719478173	107374182467	ZW52	ZW52	TmFwaS5FbnY=	843	94489280719
68719478174	107374182467	aW5mbw==	aW5mbw==	TmFwaS5DYWxsYmFja0luZm8m	843	111669149854
68719478175	107374182467	dG9fZGly	dG9fZGly	c3RkLnN0cmluZw==	843	94489280721
68719478176	107374182467	ZW52	ZW52	TmFwaS5FbnY=	844	94489280719
68719478177	107374182467	ZW52	ZW52	TmFwaS5FbnY=	846	
68719478178	107374182467	cmNfXw==	Q0hFQ0tfQ00oZW52LCBjbV9jbG9uZV9zdG9yZWQobWFjaGluZV8sIGZyb21fZGlyLmNfc3RyKCksIHRvX2Rpci5jX3N0cigpKSk=	Y21fZXJyb3I=	846	94489280722
68719478179	107374182467	dGhpcw==	dGhpcw==	TWFjaGluZSo=	846	111669149853
68719478180	107374182467	ZnJvbV9kaXI=	ZnJvbV9kaXI=	c3RkLnN0cmluZw==	846	94489280720
68719478181	107374182467	dG9fZGly	dG9fZGly	c3RkLnN0cmluZw==	846	94489280721
68719478182	107374182467	cmNfXw==	cmNfXw==	Y21fZXJyb3I=	846	94489280722
68719478183	107374182467	Q01fRVJST1JfT0s=	PHVua25vd24+IENNX0VSUk9SX09L	QU5Z	846	94489280848
68719478184	107374182467	ZW52	ZW52	TmFwaS5FbnY=	846	94489280719
68719478185	107374182467	cmNfXw==	cmNfXw==	Y21fZXJyb3I=	846	94489280722
68719478186	107374182467	ZW52	ZW52	TmFwaS5FbnY=	846	94489280719
68719478187	107374182467	ZW52	ZW52	TmFwaS5FbnY=	847	94489280719
68719478188	107374182468	ZW52	ZW52	TmFwaS5FbnY=	851	94489280723
68719478189	107374182468	aW5mbw==	aW5mbw==	TmFwaS5DYWxsYmFja0luZm8m	851	111669149856
68719478190	107374182468	ZW52	ZW52	TmFwaS5FbnY=	854	94489280723
68719478191	107374182468	aW5mbw==	aW5mbw==	TmFwaS5DYWxsYmFja0luZm8m	854	111669149856
68719478192	107374182468	ZnJvbV9kaXI=	ZnJvbV9kaXI=	c3RkLnN0cmluZw==	854	94489280724
68719478193	107374182468	ZW52	ZW52	TmFwaS5FbnY=	854	94489280723
68719478194	107374182468	aW5mbw==	aW5mbw==	TmFwaS5DYWxsYmFja0luZm8m	854	111669149856
68719478195	107374182468	dG9fZGly	dG9fZGly	c3RkLnN0cmluZw==	854	94489280725
68719478196	107374182468	ZW52	ZW52	TmFwaS5FbnY=	855	94489280723
68719478197	107374182468	ZW52	ZW52	TmFwaS5FbnY=	857	
68719478198	107374182468	cmNfXw==	Q0hFQ0tfQ00oZW52LCBjbV9yZW5hbWVfc3RvcmVkKG1hY2hpbmVfLCBmcm9tX2Rpci5jX3N0cigpLCB0b19kaXIuY19zdHIoKSkp	Y21fZXJyb3I=	857	94489280726
68719478199	107374182468	dGhpcw==	dGhpcw==	TWFjaGluZSo=	857	111669149855
68719478200	107374182468	ZnJvbV9kaXI=	ZnJvbV9kaXI=	c3RkLnN0cmluZw==	857	94489280724
68719478201	107374182468	dG9fZGly	dG9fZGly	c3RkLnN0cmluZw==	857	94489280725
68719478202	107374182468	cmNfXw==	cmNfXw==	Y21fZXJyb3I=	857	94489280726
68719478203	107374182468	Q01fRVJST1JfT0s=	PHVua25vd24+IENNX0VSUk9SX09L	QU5Z	857	94489280847
68719478204	107374182468	ZW52	ZW52	TmFwaS5FbnY=	857	94489280723
68719478205	107374182468	cmNfXw==	cmNfXw==	Y21fZXJyb3I=	857	94489280726
68719478206	107374182468	ZW52	ZW52	TmFwaS5FbnY=	857	94489280723
68719478207	107374182468	ZW52	ZW52	TmFwaS5FbnY=	858	94489280723
68719478208	107374182469	ZW52	ZW52	TmFwaS5FbnY=	862	94489280727
68719478209	107374182469	aW5mbw==	aW5mbw==	TmFwaS5DYWxsYmFja0luZm8m	862	111669149858
68719478210	107374182469	ZW52	ZW52	TmFwaS5FbnY=	864	94489280727
68719478211	107374182469	aW5mbw==	aW5mbw==	TmFwaS5DYWxsYmFja0luZm8m	864	111669149858
68719478212	107374182469	ZGly	ZGly	c3RkLnN0cmluZw==	864	94489280728
68719478213	107374182469	ZW52	ZW52	TmFwaS5FbnY=	865	94489280727
68719478214	107374182469	ZW52	ZW52	TmFwaS5FbnY=	867	
68719478215	107374182469	cmNfXw==	Q0hFQ0tfQ00oZW52LCBjbV9yZW1vdmVfc3RvcmVkKG1hY2hpbmVfLCBkaXIuY19zdHIoKSkp	Y21fZXJyb3I=	867	94489280729
68719478216	107374182469	dGhpcw==	dGhpcw==	TWFjaGluZSo=	867	111669149857
68719478217	107374182469	ZGly	ZGly	c3RkLnN0cmluZw==	867	94489280728
68719478218	107374182469	cmNfXw==	cmNfXw==	Y21fZXJyb3I=	867	94489280729
68719478219	107374182469	Q01fRVJST1JfT0s=	PHVua25vd24+IENNX0VSUk9SX09L	QU5Z	867	94489280846
68719478220	107374182469	ZW52	ZW52	TmFwaS5FbnY=	867	94489280727
68719478221	107374182469	cmNfXw==	cmNfXw==	Y21fZXJyb3I=	867	94489280729
68719478222	107374182469	ZW52	ZW52	TmFwaS5FbnY=	867	94489280727
68719478223	107374182469	ZW52	ZW52	TmFwaS5FbnY=	868	94489280727
68719478224	107374182470	ZW52	ZW52	TmFwaS5FbnY=	872	94489280730
68719478225	107374182470	aW5mbw==	aW5mbw==	TmFwaS5DYWxsYmFja0luZm8m	872	111669149860
68719478226	107374182470	ZW52	ZW52	TmFwaS5FbnY=	874	94489280730
68719478227	107374182470	aW5mbw==	aW5mbw==	TmFwaS5DYWxsYmFja0luZm8m	874	111669149860
68719478228	107374182470	ZGly	ZGly	c3RkLnN0cmluZw==	874	94489280731
68719478229	107374182470	ZW52	ZW52	TmFwaS5FbnY=	875	94489280730
68719478230	107374182470	ZW52	ZW52	TmFwaS5FbnY=	877	
68719478231	107374182470	cmNfXw==	Q0hFQ0tfQ00oZW52LCBjbV9zeW5jX3N0b3JlZChtYWNoaW5lXywgZGlyLmNfc3RyKCkpKQ==	Y21fZXJyb3I=	877	94489280732
68719478232	107374182470	dGhpcw==	dGhpcw==	TWFjaGluZSo=	877	111669149859
68719478233	107374182470	ZGly	ZGly	c3RkLnN0cmluZw==	877	94489280731
68719478234	107374182470	cmNfXw==	cmNfXw==	Y21fZXJyb3I=	877	94489280732
68719478235	107374182470	Q01fRVJST1JfT0s=	PHVua25vd24+IENNX0VSUk9SX09L	QU5Z	877	94489280845
68719478236	107374182470	ZW52	ZW52	TmFwaS5FbnY=	877	94489280730
68719478237	107374182470	cmNfXw==	cmNfXw==	Y21fZXJyb3I=	877	94489280732
68719478238	107374182470	ZW52	ZW52	TmFwaS5FbnY=	877	94489280730
68719478239	107374182470	ZW52	ZW52	TmFwaS5FbnY=	878	94489280730
68719478240	107374182471	ZW52	ZW52	TmFwaS5FbnY=	882	94489280733
68719478241	107374182471	aW5mbw==	aW5mbw==	TmFwaS5DYWxsYmFja0luZm8m	882	111669149862
68719478242	107374182471	Zm9ya2VkX20=	Zm9ya2VkX20=	Y21fbWFjaGluZSo=	883	94489280734
68719478243	107374182471	YWRkcmVzcw==	YWRkcmVzcw==	Y2hhcio=	884	94489280735
68719478244	107374182471	cGlk	cGlk	dWludDMyX3Q=	885	94489280736
68719478245	107374182471	ZW52	ZW52	TmFwaS5FbnY=	886	
68719478246	107374182471	cmNfXw==	Q0hFQ0tfQ00oZW52LCBjbV9qc29ucnBjX2Zvcmtfc2VydmVyKG1hY2hpbmVfLCAmZm9ya2VkX20sICZhZGRyZXNzLCAmcGlkKSk=	Y21fZXJyb3I=	886	94489280737
68719478247	107374182471	dGhpcw==	dGhpcw==	TWFjaGluZSo=	886	111669149861
68719478248	107374182471	Zm9ya2VkX20=	Zm9ya2VkX20=	Y21fbWFjaGluZSo=	886	94489280734
68719478249	107374182471	YWRkcmVzcw==	YWRkcmVzcw==	Y2hhcio=	886	94489280735
68719478250	107374182471	cGlk	cGlk	dWludDMyX3Q=	886	94489280736
68719478251	107374182471	cmNfXw==	cmNfXw==	Y21fZXJyb3I=	886	94489280737
68719478252	107374182471	Q01fRVJST1JfT0s=	PHVua25vd24+IENNX0VSUk9SX09L	QU5Z	886	94489280844
68719478253	107374182471	ZW52	ZW52	TmFwaS5FbnY=	886	94489280733
68719478254	107374182471	cmNfXw==	cmNfXw==	Y21fZXJyb3I=	886	94489280737
68719478255	107374182471	ZW52	ZW52	TmFwaS5FbnY=	886	94489280733
68719478256	107374182471	cmVzdWx0	cmVzdWx0	TmFwaS5PYmplY3Q=	887	94489280738
68719478257	107374182471	ZW52	ZW52	TmFwaS5FbnY=	887	94489280733
68719478258	107374182471	cmVzdWx0	cmVzdWx0	TmFwaS5PYmplY3Q=	888	94489280738
68719478259	107374182471	ZW52	ZW52	TmFwaS5FbnY=	888	94489280733
68719478260	107374182471	Zm9ya2VkX20=	Zm9ya2VkX20=	Y21fbWFjaGluZSo=	888	94489280734
68719478261	107374182471	cmVzdWx0	cmVzdWx0	TmFwaS5PYmplY3Q=	889	94489280738
68719478262	107374182471	ZW52	ZW52	TmFwaS5FbnY=	889	94489280733
68719478263	107374182471	YWRkcmVzcw==	YWRkcmVzcw==	Y2hhcio=	889	94489280735
68719478264	107374182471	cmVzdWx0	cmVzdWx0	TmFwaS5PYmplY3Q=	890	94489280738
68719478265	107374182471	ZW52	ZW52	TmFwaS5FbnY=	890	94489280733
68719478266	107374182471	cGlk	cGlk	dWludDMyX3Q=	890	94489280736
68719478267	107374182471	cmVzdWx0	cmVzdWx0	TmFwaS5PYmplY3Q=	891	94489280738
68719478268	107374182472	ZW52	ZW52	TmFwaS5FbnY=	895	94489280739
68719478269	107374182472	aW5mbw==	aW5mbw==	TmFwaS5DYWxsYmFja0luZm8m	895	111669149864
68719478270	107374182472	ZW52	ZW52	TmFwaS5FbnY=	896	
68719478271	107374182472	dGhpcw==	dGhpcw==	TWFjaGluZSo=	896	
68719478272	107374182472	cmNfXw==	Q0hFQ0tfQ00oZW52LCBjbV9qc29ucnBjX3NodXRkb3duX3NlcnZlcihtYWNoaW5lXykp	Y21fZXJyb3I=	896	94489280740
68719478273	107374182472	dGhpcw==	dGhpcw==	TWFjaGluZSo=	896	111669149863
68719478274	107374182472	cmNfXw==	cmNfXw==	Y21fZXJyb3I=	896	94489280740
68719478275	107374182472	Q01fRVJST1JfT0s=	PHVua25vd24+IENNX0VSUk9SX09L	QU5Z	896	94489280843
68719478276	107374182472	ZW52	ZW52	TmFwaS5FbnY=	896	94489280739
68719478277	107374182472	cmNfXw==	cmNfXw==	Y21fZXJyb3I=	896	94489280740
68719478278	107374182472	ZW52	ZW52	TmFwaS5FbnY=	896	94489280739
68719478279	107374182472	ZW52	ZW52	TmFwaS5FbnY=	897	94489280739
68719478280	107374182473	ZW52	ZW52	TmFwaS5FbnY=	901	94489280741
68719478281	107374182473	aW5mbw==	aW5mbw==	TmFwaS5DYWxsYmFja0luZm8m	901	111669149866
68719478282	107374182473	ZW52	ZW52	TmFwaS5FbnY=	903	94489280741
68719478283	107374182473	aW5mbw==	aW5mbw==	TmFwaS5DYWxsYmFja0luZm8m	903	111669149866
68719478284	107374182473	YWRkcmVzcw==	YWRkcmVzcw==	c3RkLnN0cmluZw==	903	94489280742
68719478285	107374182473	ZW52	ZW52	TmFwaS5FbnY=	904	94489280741
68719478286	107374182473	YWRkcmVzc19ib3VuZA==	YWRkcmVzc19ib3VuZA==	Y2hhcio=	906	94489280743
68719478287	107374182473	ZW52	ZW52	TmFwaS5FbnY=	907	
68719478288	107374182473	cmNfXw==	Q0hFQ0tfQ00oZW52LCBjbV9qc29ucnBjX3JlYmluZF9zZXJ2ZXIobWFjaGluZV8sIGFkZHJlc3MuY19zdHIoKSwgJmFkZHJlc3NfYm91bmQpKQ==	Y21fZXJyb3I=	907	94489280744
68719478289	107374182473	dGhpcw==	dGhpcw==	TWFjaGluZSo=	907	111669149865
68719478290	107374182473	YWRkcmVzcw==	YWRkcmVzcw==	c3RkLnN0cmluZw==	907	94489280742
68719478291	107374182473	YWRkcmVzc19ib3VuZA==	YWRkcmVzc19ib3VuZA==	Y2hhcio=	907	94489280743
68719478292	107374182473	cmNfXw==	cmNfXw==	Y21fZXJyb3I=	907	94489280744
68719478293	107374182473	Q01fRVJST1JfT0s=	PHVua25vd24+IENNX0VSUk9SX09L	QU5Z	907	94489280842
68719478294	107374182473	ZW52	ZW52	TmFwaS5FbnY=	907	94489280741
68719478295	107374182473	cmNfXw==	cmNfXw==	Y21fZXJyb3I=	907	94489280744
68719478296	107374182473	ZW52	ZW52	TmFwaS5FbnY=	907	94489280741
68719478297	107374182473	ZW52	ZW52	TmFwaS5FbnY=	908	94489280741
68719478298	107374182473	YWRkcmVzc19ib3VuZA==	YWRkcmVzc19ib3VuZA==	Y2hhcio=	908	94489280743
68719478299	107374182474	ZW52	ZW52	TmFwaS5FbnY=	912	94489280745
68719478300	107374182474	aW5mbw==	aW5mbw==	TmFwaS5DYWxsYmFja0luZm8m	912	111669149868
68719478301	107374182474	dmVyc2lvbg==	dmVyc2lvbg==	Y2hhcio=	913	94489280746
68719478302	107374182474	ZW52	ZW52	TmFwaS5FbnY=	914	
68719478303	107374182474	cmNfXw==	Q0hFQ0tfQ00oZW52LCBjbV9qc29ucnBjX2dldF9zZXJ2ZXJfdmVyc2lvbihtYWNoaW5lXywgJnZlcnNpb24pKQ==	Y21fZXJyb3I=	914	94489280747
68719478304	107374182474	dGhpcw==	dGhpcw==	TWFjaGluZSo=	914	111669149867
68719478305	107374182474	dmVyc2lvbg==	dmVyc2lvbg==	Y2hhcio=	914	94489280746
68719478306	107374182474	cmNfXw==	cmNfXw==	Y21fZXJyb3I=	914	94489280747
68719478307	107374182474	Q01fRVJST1JfT0s=	PHVua25vd24+IENNX0VSUk9SX09L	QU5Z	914	94489280841
68719478308	107374182474	ZW52	ZW52	TmFwaS5FbnY=	914	94489280745
68719478309	107374182474	cmNfXw==	cmNfXw==	Y21fZXJyb3I=	914	94489280747
68719478310	107374182474	ZW52	ZW52	TmFwaS5FbnY=	914	94489280745
68719478311	107374182474	ZW52	ZW52	TmFwaS5FbnY=	915	94489280745
68719478312	107374182474	dmVyc2lvbg==	dmVyc2lvbg==	Y2hhcio=	915	94489280746
68719478313	107374182475	ZW52	ZW52	TmFwaS5FbnY=	919	94489280748
68719478314	107374182475	aW5mbw==	aW5mbw==	TmFwaS5DYWxsYmFja0luZm8m	919	111669149870
68719478315	107374182475	ZW52	ZW52	TmFwaS5FbnY=	920	
68719478316	107374182475	dGhpcw==	dGhpcw==	TWFjaGluZSo=	920	
68719478317	107374182475	cmNfXw==	Q0hFQ0tfQ00oZW52LCBjbV9qc29ucnBjX2VtYW5jaXBhdGVfc2VydmVyKG1hY2hpbmVfKSk=	Y21fZXJyb3I=	920	94489280749
68719478318	107374182475	dGhpcw==	dGhpcw==	TWFjaGluZSo=	920	111669149869
68719478319	107374182475	cmNfXw==	cmNfXw==	Y21fZXJyb3I=	920	94489280749
68719478320	107374182475	Q01fRVJST1JfT0s=	PHVua25vd24+IENNX0VSUk9SX09L	QU5Z	920	94489280840
68719478321	107374182475	ZW52	ZW52	TmFwaS5FbnY=	920	94489280748
68719478322	107374182475	cmNfXw==	cmNfXw==	Y21fZXJyb3I=	920	94489280749
68719478323	107374182475	ZW52	ZW52	TmFwaS5FbnY=	920	94489280748
68719478324	107374182475	ZW52	ZW52	TmFwaS5FbnY=	921	94489280748
68719478325	107374182476	ZW52	ZW52	TmFwaS5FbnY=	925	94489280750
68719478326	107374182476	aW5mbw==	aW5mbw==	TmFwaS5DYWxsYmFja0luZm8m	925	111669149872
68719478327	107374182476	bXM=	bXM=	aW50NjRfdA==	926	94489280751
68719478328	107374182476	ZW52	ZW52	TmFwaS5FbnY=	927	94489280750
68719478329	107374182476	aW5mbw==	aW5mbw==	TmFwaS5DYWxsYmFja0luZm8m	927	111669149872
68719478330	107374182476	bXM=	bXM=	aW50NjRfdA==	927	94489280751
68719478331	107374182476	ZW52	ZW52	TmFwaS5FbnY=	928	94489280750
68719478332	107374182476	ZW52	ZW52	TmFwaS5FbnY=	930	
68719478333	107374182476	cmNfXw==	Q0hFQ0tfQ00oZW52LCBjbV9qc29ucnBjX3NldF90aW1lb3V0KG1hY2hpbmVfLCBtcykp	Y21fZXJyb3I=	930	94489280752
68719478334	107374182476	dGhpcw==	dGhpcw==	TWFjaGluZSo=	930	111669149871
68719478335	107374182476	bXM=	bXM=	aW50NjRfdA==	930	94489280751
68719478336	107374182476	cmNfXw==	cmNfXw==	Y21fZXJyb3I=	930	94489280752
68719478337	107374182476	Q01fRVJST1JfT0s=	PHVua25vd24+IENNX0VSUk9SX09L	QU5Z	930	94489280839
68719478338	107374182476	ZW52	ZW52	TmFwaS5FbnY=	930	94489280750
68719478339	107374182476	cmNfXw==	cmNfXw==	Y21fZXJyb3I=	930	94489280752
68719478340	107374182476	ZW52	ZW52	TmFwaS5FbnY=	930	94489280750
68719478341	107374182476	ZW52	ZW52	TmFwaS5FbnY=	931	94489280750
68719478342	107374182477	ZW52	ZW52	TmFwaS5FbnY=	935	94489280753
68719478343	107374182477	aW5mbw==	aW5mbw==	TmFwaS5DYWxsYmFja0luZm8m	935	111669149874
68719478344	107374182477	bXM=	bXM=	aW50NjRfdA==	936	94489280754
68719478345	107374182477	ZW52	ZW52	TmFwaS5FbnY=	937	
68719478346	107374182477	cmNfXw==	Q0hFQ0tfQ00oZW52LCBjbV9qc29ucnBjX2dldF90aW1lb3V0KG1hY2hpbmVfLCAmbXMpKQ==	Y21fZXJyb3I=	937	94489280755
68719478347	107374182477	dGhpcw==	dGhpcw==	TWFjaGluZSo=	937	111669149873
68719478348	107374182477	bXM=	bXM=	aW50NjRfdA==	937	94489280754
68719478349	107374182477	cmNfXw==	cmNfXw==	Y21fZXJyb3I=	937	94489280755
68719478350	107374182477	Q01fRVJST1JfT0s=	PHVua25vd24+IENNX0VSUk9SX09L	QU5Z	937	94489280838
68719478351	107374182477	ZW52	ZW52	TmFwaS5FbnY=	937	94489280753
68719478352	107374182477	cmNfXw==	cmNfXw==	Y21fZXJyb3I=	937	94489280755
68719478353	107374182477	ZW52	ZW52	TmFwaS5FbnY=	937	94489280753
68719478354	107374182477	ZW52	ZW52	TmFwaS5FbnY=	938	94489280753
68719478355	107374182477	bXM=	bXM=	aW50NjRfdA==	938	94489280754
68719478356	107374182478	ZW52	ZW52	TmFwaS5FbnY=	942	94489280756
68719478357	107374182478	aW5mbw==	aW5mbw==	TmFwaS5DYWxsYmFja0luZm8m	942	111669149876
68719478358	107374182478	Y2FsbA==	Y2FsbA==	aW50MzJfdA==	943	94489280757
68719478359	107374182478	ZW52	ZW52	TmFwaS5FbnY=	944	94489280756
68719478360	107374182478	aW5mbw==	aW5mbw==	TmFwaS5DYWxsYmFja0luZm8m	944	111669149876
68719478361	107374182478	Y2FsbA==	Y2FsbA==	aW50MzJfdA==	944	94489280757
68719478362	107374182478	ZW52	ZW52	TmFwaS5FbnY=	945	94489280756
68719478363	107374182478	ZW52	ZW52	TmFwaS5FbnY=	947	
68719478364	107374182478	cmNfXw==	Q0hFQ0tfQ00oZW52LCBjbV9qc29ucnBjX3NldF9jbGVhbnVwX2NhbGwobWFjaGluZV8sIHN0YXRpY19jYXN0PGNtX2pzb25ycGNfY2xlYW51cF9jYWxsPihjYWxsKSkp	Y21fZXJyb3I=	947	94489280758
68719478365	107374182478	dGhpcw==	dGhpcw==	TWFjaGluZSo=	947	111669149875
68719478366	107374182478	Y2FsbA==	Y2FsbA==	aW50MzJfdA==	947	94489280757
68719478367	107374182478	cmNfXw==	cmNfXw==	Y21fZXJyb3I=	947	94489280758
68719478368	107374182478	Q01fRVJST1JfT0s=	PHVua25vd24+IENNX0VSUk9SX09L	QU5Z	947	94489280837
68719478369	107374182478	ZW52	ZW52	TmFwaS5FbnY=	947	94489280756
68719478370	107374182478	cmNfXw==	cmNfXw==	Y21fZXJyb3I=	947	94489280758
68719478371	107374182478	ZW52	ZW52	TmFwaS5FbnY=	947	94489280756
68719478372	107374182478	ZW52	ZW52	TmFwaS5FbnY=	948	94489280756
68719478373	107374182479	ZW52	ZW52	TmFwaS5FbnY=	952	94489280759
68719478374	107374182479	aW5mbw==	aW5mbw==	TmFwaS5DYWxsYmFja0luZm8m	952	111669149878
68719478375	107374182479	Y2FsbA==	Y2FsbA==	Y21fanNvbnJwY19jbGVhbnVwX2NhbGw=	953	94489280760
68719478376	107374182479	Q01fSlNPTlJQQ19OT1RISU5H	PHVua25vd24+IENNX0pTT05SUENfTk9USElORw==	QU5Z	953	94489280836
68719478377	107374182479	ZW52	ZW52	TmFwaS5FbnY=	954	
68719478378	107374182479	cmNfXw==	Q0hFQ0tfQ00oZW52LCBjbV9qc29ucnBjX2dldF9jbGVhbnVwX2NhbGwobWFjaGluZV8sICZjYWxsKSk=	Y21fZXJyb3I=	954	94489280761
68719478379	107374182479	dGhpcw==	dGhpcw==	TWFjaGluZSo=	954	111669149877
68719478380	107374182479	Y2FsbA==	Y2FsbA==	Y21fanNvbnJwY19jbGVhbnVwX2NhbGw=	954	94489280760
68719478381	107374182479	cmNfXw==	cmNfXw==	Y21fZXJyb3I=	954	94489280761
68719478382	107374182479	Q01fRVJST1JfT0s=	PHVua25vd24+IENNX0VSUk9SX09L	QU5Z	954	94489280835
68719478383	107374182479	ZW52	ZW52	TmFwaS5FbnY=	954	94489280759
68719478384	107374182479	cmNfXw==	cmNfXw==	Y21fZXJyb3I=	954	94489280761
68719478385	107374182479	ZW52	ZW52	TmFwaS5FbnY=	954	94489280759
68719478386	107374182479	ZW52	ZW52	TmFwaS5FbnY=	955	94489280759
68719478387	107374182479	Y2FsbA==	Y2FsbA==	Y21fanNvbnJwY19jbGVhbnVwX2NhbGw=	955	94489280760
68719478388	107374182480	ZW52	ZW52	TmFwaS5FbnY=	959	94489280762
68719478389	107374182480	aW5mbw==	aW5mbw==	TmFwaS5DYWxsYmFja0luZm8m	959	111669149880
68719478390	107374182480	YWRkcmVzcw==	YWRkcmVzcw==	Y2hhcio=	960	94489280763
68719478391	107374182480	ZW52	ZW52	TmFwaS5FbnY=	961	
68719478392	107374182480	cmNfXw==	Q0hFQ0tfQ00oZW52LCBjbV9qc29ucnBjX2dldF9zZXJ2ZXJfYWRkcmVzcyhtYWNoaW5lXywgJmFkZHJlc3MpKQ==	Y21fZXJyb3I=	961	94489280764
68719478393	107374182480	dGhpcw==	dGhpcw==	TWFjaGluZSo=	961	111669149879
68719478394	107374182480	YWRkcmVzcw==	YWRkcmVzcw==	Y2hhcio=	961	94489280763
68719478395	107374182480	cmNfXw==	cmNfXw==	Y21fZXJyb3I=	961	94489280764
68719478396	107374182480	Q01fRVJST1JfT0s=	PHVua25vd24+IENNX0VSUk9SX09L	QU5Z	961	94489280834
68719478397	107374182480	ZW52	ZW52	TmFwaS5FbnY=	961	94489280762
68719478398	107374182480	cmNfXw==	cmNfXw==	Y21fZXJyb3I=	961	94489280764
68719478399	107374182480	ZW52	ZW52	TmFwaS5FbnY=	961	94489280762
68719478400	107374182480	ZW52	ZW52	TmFwaS5FbnY=	962	94489280762
68719478401	107374182480	YWRkcmVzcw==	YWRkcmVzcw==	Y2hhcio=	962	94489280763
68719478402	107374182481	ZW52	ZW52	TmFwaS5FbnY=	966	94489280765
68719478403	107374182481	aW5mbw==	aW5mbw==	TmFwaS5DYWxsYmFja0luZm8m	966	111669149882
68719478404	107374182481	bXM=	bXM=	dWludDY0X3Q=	967	94489280766
68719478405	107374182481	ZW52	ZW52	TmFwaS5FbnY=	968	94489280765
68719478406	107374182481	aW5mbw==	aW5mbw==	TmFwaS5DYWxsYmFja0luZm8m	968	111669149882
68719478407	107374182481	bXM=	bXM=	dWludDY0X3Q=	968	94489280766
68719478408	107374182481	ZW52	ZW52	TmFwaS5FbnY=	969	94489280765
68719478409	107374182481	ZW52	ZW52	TmFwaS5FbnY=	971	
68719478410	107374182481	cmNfXw==	Q0hFQ0tfQ00oZW52LCBjbV9qc29ucnBjX2RlbGF5X25leHRfcmVxdWVzdChtYWNoaW5lXywgbXMpKQ==	Y21fZXJyb3I=	971	94489280767
68719478411	107374182481	dGhpcw==	dGhpcw==	TWFjaGluZSo=	971	111669149881
68719478412	107374182481	bXM=	bXM=	dWludDY0X3Q=	971	94489280766
68719478413	107374182481	cmNfXw==	cmNfXw==	Y21fZXJyb3I=	971	94489280767
68719478414	107374182481	Q01fRVJST1JfT0s=	PHVua25vd24+IENNX0VSUk9SX09L	QU5Z	971	94489280833
68719478415	107374182481	ZW52	ZW52	TmFwaS5FbnY=	971	94489280765
68719478416	107374182481	cmNfXw==	cmNfXw==	Y21fZXJyb3I=	971	94489280767
68719478417	107374182481	ZW52	ZW52	TmFwaS5FbnY=	971	94489280765
68719478418	107374182481	ZW52	ZW52	TmFwaS5FbnY=	972	94489280765
68719478419	107374182482	ZnVuYw==	ZnVuYw==	TmFwaS5GdW5jdGlvbg==	976	94489280768
68719478420	107374182482	ZW52	ZW52	TmFwaS5FbnY=	976	111669149884
68719478421	107374182482	Y3Rvcg==	Y3Rvcg==	TmFwaS5GdW5jdGlvblJlZmVyZW5jZSoq	1039	94489280769
68719478422	107374182482	PHRtcD4w	PHRtcD4w	TmFwaS5GdW5jdGlvblJlZmVyZW5jZQ==	1039	94489280832
68719478423	107374182482	PHRtcD4w	PHRtcD4w	TmFwaS5GdW5jdGlvblJlZmVyZW5jZQ==	1039	94489280832
68719478424	107374182482	PHRtcD4w	PHRtcD4w	TmFwaS5GdW5jdGlvblJlZmVyZW5jZQ==	1039	94489280832
68719478425	107374182482	Y3Rvcg==	Y3Rvcg==	TmFwaS5GdW5jdGlvblJlZmVyZW5jZSoq	1040	94489280769
68719478426	107374182482	ZnVuYw==	ZnVuYw==	TmFwaS5GdW5jdGlvbg==	1040	94489280768
68719478427	107374182482	ZW52	ZW52	TmFwaS5FbnY=	1041	111669149884
68719478428	107374182482	Y3Rvcg==	Y3Rvcg==	TmFwaS5GdW5jdGlvblJlZmVyZW5jZSoq	1041	94489280769
68719478429	107374182482	ZXhwb3J0cw==	ZXhwb3J0cw==	TmFwaS5PYmplY3Q=	1042	111669149885
68719478430	107374182482	ZnVuYw==	ZnVuYw==	TmFwaS5GdW5jdGlvbg==	1042	94489280768
68719478431	107374182482	ZXhwb3J0cw==	ZXhwb3J0cw==	TmFwaS5PYmplY3Q=	1043	111669149885
68719478432	107374182483	aW5mbw==	aW5mbw==	TmFwaS5DYWxsYmFja0luZm8m	1051	111669149886
68719478433	107374182484	aW5mbw==	aW5mbw==	TmFwaS5DYWxsYmFja0luZm8m	1055	111669149887
68719478434	107374182485	ZW52	ZW52	TmFwaS5FbnY=	1065	94489280770
68719478435	107374182485	aW5mbw==	aW5mbw==	TmFwaS5DYWxsYmFja0luZm8m	1065	111669149888
68719478436	107374182485	dmVyc2lvbg==	dmVyc2lvbg==	Y2hhcio=	1066	94489280771
68719478437	107374182485	dmVyc2lvbg==	dmVyc2lvbg==	Y2hhcio=	1067	94489280771
68719478438	107374182485	PHRtcD4w	PHRtcD4w	c3RyaW5nX3ZpZXc=	1067	94489280831
68719478439	107374182485	PHRtcD4w	PHRtcD4w	c3RyaW5nX3ZpZXc=	1067	94489280831
68719478440	107374182485	dmVyc2lvbg==	dmVyc2lvbg==	Y2hhcio=	1067	94489280771
68719478441	107374182485	PHRtcD4w	PHRtcD4w	c3RyaW5nX3ZpZXc=	1067	94489280831
68719478442	107374182485	ZW52	ZW52	TmFwaS5FbnY=	1068	94489280770
68719478443	107374182485	ZW52	ZW52	TmFwaS5FbnY=	1070	94489280770
68719478444	107374182485	dmVyc2lvbg==	dmVyc2lvbg==	Y2hhcio=	1070	94489280771
68719478445	107374182486	ZW52	ZW52	TmFwaS5FbnY=	1074	94489280772
68719478446	107374182486	aW5mbw==	aW5mbw==	TmFwaS5DYWxsYmFja0luZm8m	1074	111669149889
68719478447	107374182486	bmV3X20=	bmV3X20=	Y21fbWFjaGluZSo=	1075	94489280773
68719478448	107374182486	ZW52	ZW52	TmFwaS5FbnY=	1076	
68719478449	107374182486	bmV3X20=	bmV3X20=	Y21fbWFjaGluZSo=	1076	
68719478450	107374182486	cmNfXw==	Q0hFQ0tfQ00oZW52LCBjbV9uZXcoJm5ld19tKSk=	Y21fZXJyb3I=	1076	94489280774
68719478451	107374182486	bmV3X20=	bmV3X20=	Y21fbWFjaGluZSo=	1076	94489280773
68719478452	107374182486	cmNfXw==	cmNfXw==	Y21fZXJyb3I=	1076	94489280774
68719478453	107374182486	Q01fRVJST1JfT0s=	PHVua25vd24+IENNX0VSUk9SX09L	QU5Z	1076	94489280830
68719478454	107374182486	ZW52	ZW52	TmFwaS5FbnY=	1076	94489280772
68719478455	107374182486	cmNfXw==	cmNfXw==	Y21fZXJyb3I=	1076	94489280774
68719478456	107374182486	ZW52	ZW52	TmFwaS5FbnY=	1076	94489280772
68719478457	107374182486	ZW52	ZW52	TmFwaS5FbnY=	1077	94489280772
68719478458	107374182486	bmV3X20=	bmV3X20=	Y21fbWFjaGluZSo=	1077	94489280773
68719478459	107374182487	ZW52	ZW52	TmFwaS5FbnY=	1081	94489280775
68719478460	107374182487	aW5mbw==	aW5mbw==	TmFwaS5DYWxsYmFja0luZm8m	1081	111669149890
68719478461	107374182487	aGFzX3J1bnRpbWVfY29uZmln	aGFzX3J1bnRpbWVfY29uZmln	Ym9vbA==	1084	94489280778
68719478462	107374182487	ZW52	ZW52	TmFwaS5FbnY=	1085	94489280775
68719478463	107374182487	aW5mbw==	aW5mbw==	TmFwaS5DYWxsYmFja0luZm8m	1085	111669149890
68719478464	107374182487	Y29uZmln	Y29uZmln	c3RkLnN0cmluZw==	1085	94489280776
68719478465	107374182487	ZW52	ZW52	TmFwaS5FbnY=	1086	94489280775
68719478466	107374182487	aW5mbw==	aW5mbw==	TmFwaS5DYWxsYmFja0luZm8m	1086	111669149890
68719478467	107374182487	cnVudGltZV9jb25maWc=	cnVudGltZV9jb25maWc=	c3RkLnN0cmluZw==	1086	94489280777
68719478468	107374182487	aGFzX3J1bnRpbWVfY29uZmln	aGFzX3J1bnRpbWVfY29uZmln	Ym9vbA==	1086	94489280778
68719478469	107374182487	ZW52	ZW52	TmFwaS5FbnY=	1087	94489280775
68719478470	107374182487	aGFzX2Rpcg==	aGFzX2Rpcg==	Ym9vbA==	1090	94489280780
68719478471	107374182487	ZW52	ZW52	TmFwaS5FbnY=	1091	94489280775
68719478472	107374182487	aW5mbw==	aW5mbw==	TmFwaS5DYWxsYmFja0luZm8m	1091	111669149890
68719478473	107374182487	ZGly	ZGly	c3RkLnN0cmluZw==	1091	94489280779
68719478474	107374182487	aGFzX2Rpcg==	aGFzX2Rpcg==	Ym9vbA==	1091	94489280780
68719478475	107374182487	ZW52	ZW52	TmFwaS5FbnY=	1092	94489280775
68719478476	107374182487	bmV3X20=	bmV3X20=	Y21fbWFjaGluZSo=	1094	94489280781
68719478477	107374182487	ZW52	ZW52	TmFwaS5FbnY=	1095	
68719478478	107374182487	cmNfXw==	Q0hFQ0tfQ00oZW52LCBjbV9jcmVhdGVfbmV3KGNvbmZpZy5jX3N0cigpLCBoYXNfcnVudGltZV9jb25maWcgPyBydW50aW1lX2NvbmZpZy5jX3N0cigpIDogbnVsbHB0ciwKICAgICAgICAgICAgICAgICAgICAgIGhhc19kaXIgPyBkaXIuY19zdHIoKSA6IG51bGxwdHIsICZuZXdfbSkp	Y21fZXJyb3I=	1095	94489280782
68719478479	107374182487	Y29uZmln	Y29uZmln	c3RkLnN0cmluZw==	1095	94489280776
68719478480	107374182487	aGFzX3J1bnRpbWVfY29uZmln	aGFzX3J1bnRpbWVfY29uZmln	Ym9vbA==	1095	94489280778
68719478481	107374182487	cnVudGltZV9jb25maWc=	cnVudGltZV9jb25maWc=	c3RkLnN0cmluZw==	1095	94489280777
68719478482	107374182487	aGFzX2Rpcg==	aGFzX2Rpcg==	Ym9vbA==	1095	94489280780
68719478483	107374182487	ZGly	ZGly	c3RkLnN0cmluZw==	1095	94489280779
68719478484	107374182487	bmV3X20=	bmV3X20=	Y21fbWFjaGluZSo=	1095	94489280781
68719478485	107374182487	cmNfXw==	cmNfXw==	Y21fZXJyb3I=	1095	94489280782
68719478486	107374182487	Q01fRVJST1JfT0s=	PHVua25vd24+IENNX0VSUk9SX09L	QU5Z	1095	94489280829
68719478487	107374182487	ZW52	ZW52	TmFwaS5FbnY=	1095	94489280775
68719478488	107374182487	cmNfXw==	cmNfXw==	Y21fZXJyb3I=	1095	94489280782
68719478489	107374182487	ZW52	ZW52	TmFwaS5FbnY=	1095	94489280775
68719478490	107374182487	ZW52	ZW52	TmFwaS5FbnY=	1097	94489280775
68719478491	107374182487	bmV3X20=	bmV3X20=	Y21fbWFjaGluZSo=	1097	94489280781
68719478492	107374182488	ZW52	ZW52	TmFwaS5FbnY=	1101	94489280783
68719478493	107374182488	aW5mbw==	aW5mbw==	TmFwaS5DYWxsYmFja0luZm8m	1101	111669149891
68719478494	107374182488	aGFzX3J1bnRpbWVfY29uZmln	aGFzX3J1bnRpbWVfY29uZmln	Ym9vbA==	1104	94489280786
68719478495	107374182488	ZW52	ZW52	TmFwaS5FbnY=	1105	94489280783
68719478496	107374182488	aW5mbw==	aW5mbw==	TmFwaS5DYWxsYmFja0luZm8m	1105	111669149891
68719478497	107374182488	ZGly	ZGly	c3RkLnN0cmluZw==	1105	94489280784
68719478498	107374182488	ZW52	ZW52	TmFwaS5FbnY=	1106	94489280783
68719478499	107374182488	aW5mbw==	aW5mbw==	TmFwaS5DYWxsYmFja0luZm8m	1106	111669149891
68719478500	107374182488	cnVudGltZV9jb25maWc=	cnVudGltZV9jb25maWc=	c3RkLnN0cmluZw==	1106	94489280785
68719478501	107374182488	aGFzX3J1bnRpbWVfY29uZmln	aGFzX3J1bnRpbWVfY29uZmln	Ym9vbA==	1106	94489280786
68719478502	107374182488	ZW52	ZW52	TmFwaS5FbnY=	1107	94489280783
68719478503	107374182488	c2hhcmluZw==	c2hhcmluZw==	aW50MzJfdA==	1109	94489280787
68719478504	107374182488	Q01fU0hBUklOR19OT05F	PHVua25vd24+IENNX1NIQVJJTkdfTk9ORQ==	QU5Z	1109	94489280828
68719478505	107374182488	aW5mbw==	aW5mbw==	TmFwaS5DYWxsYmFja0luZm8m	1110	111669149891
68719478506	107374182488	ZW52	ZW52	TmFwaS5FbnY=	1110	94489280783
68719478507	107374182488	aW5mbw==	aW5mbw==	TmFwaS5DYWxsYmFja0luZm8m	1110	111669149891
68719478508	107374182488	c2hhcmluZw==	c2hhcmluZw==	aW50MzJfdA==	1110	94489280787
68719478509	107374182488	ZW52	ZW52	TmFwaS5FbnY=	1111	94489280783
68719478510	107374182488	bmV3X20=	bmV3X20=	Y21fbWFjaGluZSo=	1113	94489280788
68719478511	107374182488	ZW52	ZW52	TmFwaS5FbnY=	1114	
68719478512	107374182488	cmNfXw==	Q0hFQ0tfQ00oZW52LCBjbV9sb2FkX25ldyhkaXIuY19zdHIoKSwgaGFzX3J1bnRpbWVfY29uZmlnID8gcnVudGltZV9jb25maWcuY19zdHIoKSA6IG51bGxwdHIsCiAgICAgICAgICAgICAgICAgICAgICBzdGF0aWNfY2FzdDxjbV9zaGFyaW5nX21vZGU+KHNoYXJpbmcpLCAmbmV3X20pKQ==	Y21fZXJyb3I=	1114	94489280789
68719478513	107374182488	ZGly	ZGly	c3RkLnN0cmluZw==	1114	94489280784
68719478514	107374182488	aGFzX3J1bnRpbWVfY29uZmln	aGFzX3J1bnRpbWVfY29uZmln	Ym9vbA==	1114	94489280786
68719478515	107374182488	cnVudGltZV9jb25maWc=	cnVudGltZV9jb25maWc=	c3RkLnN0cmluZw==	1114	94489280785
68719478516	107374182488	c2hhcmluZw==	c2hhcmluZw==	aW50MzJfdA==	1114	94489280787
68719478517	107374182488	bmV3X20=	bmV3X20=	Y21fbWFjaGluZSo=	1114	94489280788
68719478518	107374182488	cmNfXw==	cmNfXw==	Y21fZXJyb3I=	1114	94489280789
68719478519	107374182488	Q01fRVJST1JfT0s=	PHVua25vd24+IENNX0VSUk9SX09L	QU5Z	1114	94489280827
68719478520	107374182488	ZW52	ZW52	TmFwaS5FbnY=	1114	94489280783
68719478521	107374182488	cmNfXw==	cmNfXw==	Y21fZXJyb3I=	1114	94489280789
68719478522	107374182488	ZW52	ZW52	TmFwaS5FbnY=	1114	94489280783
68719478523	107374182488	ZW52	ZW52	TmFwaS5FbnY=	1116	94489280783
68719478524	107374182488	bmV3X20=	bmV3X20=	Y21fbWFjaGluZSo=	1116	94489280788
68719478525	107374182489	ZW52	ZW52	TmFwaS5FbnY=	1120	94489280790
68719478526	107374182489	aW5mbw==	aW5mbw==	TmFwaS5DYWxsYmFja0luZm8m	1120	111669149892
68719478527	107374182489	Y29uZmln	Y29uZmln	Y2hhcio=	1121	94489280791
68719478528	107374182489	ZW52	ZW52	TmFwaS5FbnY=	1122	
68719478529	107374182489	cmNfXw==	Q0hFQ0tfQ00oZW52LCBjbV9nZXRfZGVmYXVsdF9jb25maWcobnVsbHB0ciwgJmNvbmZpZykp	Y21fZXJyb3I=	1122	94489280792
68719478530	107374182489	Y29uZmln	Y29uZmln	Y2hhcio=	1122	94489280791
68719478531	107374182489	cmNfXw==	cmNfXw==	Y21fZXJyb3I=	1122	94489280792
68719478532	107374182489	Q01fRVJST1JfT0s=	PHVua25vd24+IENNX0VSUk9SX09L	QU5Z	1122	94489280826
68719478533	107374182489	ZW52	ZW52	TmFwaS5FbnY=	1122	94489280790
68719478534	107374182489	cmNfXw==	cmNfXw==	Y21fZXJyb3I=	1122	94489280792
68719478535	107374182489	ZW52	ZW52	TmFwaS5FbnY=	1122	94489280790
68719478536	107374182489	ZW52	ZW52	TmFwaS5FbnY=	1123	94489280790
68719478537	107374182489	Y29uZmln	Y29uZmln	Y2hhcio=	1123	94489280791
68719478538	107374182490	ZW52	ZW52	TmFwaS5FbnY=	1127	94489280793
68719478539	107374182490	aW5mbw==	aW5mbw==	TmFwaS5DYWxsYmFja0luZm8m	1127	111669149893
68719478540	107374182490	cmVn	cmVn	aW50MzJfdA==	1128	94489280794
68719478541	107374182490	ZW52	ZW52	TmFwaS5FbnY=	1129	94489280793
68719478542	107374182490	aW5mbw==	aW5mbw==	TmFwaS5DYWxsYmFja0luZm8m	1129	111669149893
68719478543	107374182490	cmVn	cmVn	aW50MzJfdA==	1129	94489280794
68719478544	107374182490	ZW52	ZW52	TmFwaS5FbnY=	1130	94489280793
68719478545	107374182490	dmFs	dmFs	dWludDY0X3Q=	1132	94489280795
68719478546	107374182490	ZW52	ZW52	TmFwaS5FbnY=	1133	
68719478547	107374182490	cmNfXw==	Q0hFQ0tfQ00oZW52LCBjbV9nZXRfcmVnX2FkZHJlc3MobnVsbHB0ciwgc3RhdGljX2Nhc3Q8Y21fcmVnPihyZWcpLCAmdmFsKSk=	Y21fZXJyb3I=	1133	94489280796
68719478548	107374182490	cmVn	cmVn	aW50MzJfdA==	1133	94489280794
68719478549	107374182490	dmFs	dmFs	dWludDY0X3Q=	1133	94489280795
68719478550	107374182490	cmNfXw==	cmNfXw==	Y21fZXJyb3I=	1133	94489280796
68719478551	107374182490	Q01fRVJST1JfT0s=	PHVua25vd24+IENNX0VSUk9SX09L	QU5Z	1133	94489280825
68719478552	107374182490	ZW52	ZW52	TmFwaS5FbnY=	1133	94489280793
68719478553	107374182490	cmNfXw==	cmNfXw==	Y21fZXJyb3I=	1133	94489280796
68719478554	107374182490	ZW52	ZW52	TmFwaS5FbnY=	1133	94489280793
68719478555	107374182490	ZW52	ZW52	TmFwaS5FbnY=	1134	94489280793
68719478556	107374182490	dmFs	dmFs	dWludDY0X3Q=	1134	94489280795
68719478557	107374182491	ZW52	ZW52	TmFwaS5FbnY=	1138	94489280797
68719478558	107374182491	aW5mbw==	aW5mbw==	TmFwaS5DYWxsYmFja0luZm8m	1138	111669149894
68719478559	107374182491	cGFkZHI=	cGFkZHI=	dWludDY0X3Q=	1139	94489280798
68719478560	107374182491	ZW52	ZW52	TmFwaS5FbnY=	1140	94489280797
68719478561	107374182491	aW5mbw==	aW5mbw==	TmFwaS5DYWxsYmFja0luZm8m	1140	111669149894
68719478562	107374182491	cGFkZHI=	cGFkZHI=	dWludDY0X3Q=	1140	94489280798
68719478563	107374182491	ZW52	ZW52	TmFwaS5FbnY=	1141	94489280797
68719478564	107374182491	bmFtZQ==	bmFtZQ==	Y2hhcio=	1143	94489280799
68719478565	107374182491	ZW52	ZW52	TmFwaS5FbnY=	1144	
68719478566	107374182491	cmNfXw==	Q0hFQ0tfQ00oZW52LCBjbV9nZXRfYWRkcmVzc19uYW1lKG51bGxwdHIsIHBhZGRyLCAmbmFtZSkp	Y21fZXJyb3I=	1144	94489280800
68719478567	107374182491	cGFkZHI=	cGFkZHI=	dWludDY0X3Q=	1144	94489280798
68719478568	107374182491	bmFtZQ==	bmFtZQ==	Y2hhcio=	1144	94489280799
68719478569	107374182491	cmNfXw==	cmNfXw==	Y21fZXJyb3I=	1144	94489280800
68719478570	107374182491	Q01fRVJST1JfT0s=	PHVua25vd24+IENNX0VSUk9SX09L	QU5Z	1144	94489280824
68719478571	107374182491	ZW52	ZW52	TmFwaS5FbnY=	1144	94489280797
68719478572	107374182491	cmNfXw==	cmNfXw==	Y21fZXJyb3I=	1144	94489280800
68719478573	107374182491	ZW52	ZW52	TmFwaS5FbnY=	1144	94489280797
68719478574	107374182491	ZW52	ZW52	TmFwaS5FbnY=	1145	94489280797
68719478575	107374182491	bmFtZQ==	bmFtZQ==	Y2hhcio=	1145	94489280799
68719478576	107374182492	aW5mbw==	aW5mbw==	TmFwaS5DYWxsYmFja0luZm8m	1149	111669149895
68719478577	107374182492	aW5mbw==	aW5mbw==	TmFwaS5DYWxsYmFja0luZm8m	1149	111669149895
68719478578	107374182493	aW5mbw==	aW5mbw==	TmFwaS5DYWxsYmFja0luZm8m	1153	111669149896
68719478579	107374182493	aW5mbw==	aW5mbw==	TmFwaS5DYWxsYmFja0luZm8m	1153	111669149896
68719478580	107374182494	aW5mbw==	aW5mbw==	TmFwaS5DYWxsYmFja0luZm8m	1157	111669149897
68719478581	107374182494	aW5mbw==	aW5mbw==	TmFwaS5DYWxsYmFja0luZm8m	1157	111669149897
68719478582	107374182495	aW5mbw==	aW5mbw==	TmFwaS5DYWxsYmFja0luZm8m	1161	111669149898
68719478583	107374182495	aW5mbw==	aW5mbw==	TmFwaS5DYWxsYmFja0luZm8m	1161	111669149898
68719478584	107374182496	dGhpcw==	dGhpcw==	c2NvcGVkX2NsZWFyX2Nsb2V4ZWMq	1172	111669149899
68719478585	107374182496	dGhpcw==	dGhpcw==	c2NvcGVkX2NsZWFyX2Nsb2V4ZWMq	1172	111669149899
68719478586	107374182496	Rl9HRVRGRA==	PHVua25vd24+IEZfR0VURkQ=	QU5Z	1172	94489280823
68719478587	107374182496	dGhpcw==	dGhpcw==	c2NvcGVkX2NsZWFyX2Nsb2V4ZWMq	1173	111669149899
68719478588	107374182496	dGhpcw==	dGhpcw==	c2NvcGVkX2NsZWFyX2Nsb2V4ZWMq	1173	111669149899
68719478589	107374182496	RkRfQ0xPRVhFQw==	PHVua25vd24+IEZEX0NMT0VYRUM=	QU5Z	1173	94489280821
68719478590	107374182496	dGhpcw==	dGhpcw==	c2NvcGVkX2NsZWFyX2Nsb2V4ZWMq	1174	111669149899
68719478591	107374182496	Rl9TRVRGRA==	PHVua25vd24+IEZfU0VURkQ=	QU5Z	1174	94489280822
68719478592	107374182496	dGhpcw==	dGhpcw==	c2NvcGVkX2NsZWFyX2Nsb2V4ZWMq	1174	111669149899
68719478593	107374182496	RkRfQ0xPRVhFQw==	PHVua25vd24+IEZEX0NMT0VYRUM=	QU5Z	1174	94489280821
68719478594	107374182496	dGhpcw==	dGhpcw==	c2NvcGVkX2NsZWFyX2Nsb2V4ZWMq	1171	111669149899
68719478595	107374182496	ZmQ=	ZmQ=	aW50	1171	111669149900
68719478596	107374182497	dGhpcw==	dGhpcw==	c2NvcGVkX2NsZWFyX2Nsb2V4ZWMq	1178	111669149901
68719478597	107374182497	dGhpcw==	dGhpcw==	c2NvcGVkX2NsZWFyX2Nsb2V4ZWMq	1178	111669149901
68719478598	107374182497	RkRfQ0xPRVhFQw==	PHVua25vd24+IEZEX0NMT0VYRUM=	QU5Z	1178	94489280820
68719478599	107374182497	dGhpcw==	dGhpcw==	c2NvcGVkX2NsZWFyX2Nsb2V4ZWMq	1179	111669149901
68719478600	107374182497	Rl9TRVRGRA==	PHVua25vd24+IEZfU0VURkQ=	QU5Z	1179	94489280819
68719478601	107374182497	dGhpcw==	dGhpcw==	c2NvcGVkX2NsZWFyX2Nsb2V4ZWMq	1179	111669149901
68719478602	107374182502	ZW52	ZW52	TmFwaS5FbnY=	1194	94489280801
68719478603	107374182502	aW5mbw==	aW5mbw==	TmFwaS5DYWxsYmFja0luZm8m	1194	111669149910
68719478604	107374182502	c3Bhd25fdGltZW91dF9tcw==	c3Bhd25fdGltZW91dF9tcw==	aW50NjRfdA==	1196	94489280803
68719478605	107374182502	ZW52	ZW52	TmFwaS5FbnY=	1197	94489280801
68719478606	107374182502	aW5mbw==	aW5mbw==	TmFwaS5DYWxsYmFja0luZm8m	1197	111669149910
68719478607	107374182502	YWRkcmVzcw==	YWRkcmVzcw==	c3RkLnN0cmluZw==	1197	94489280802
68719478608	107374182502	aW5mbw==	aW5mbw==	TmFwaS5DYWxsYmFja0luZm8m	1198	111669149910
68719478609	107374182502	ZW52	ZW52	TmFwaS5FbnY=	1198	94489280801
68719478610	107374182502	aW5mbw==	aW5mbw==	TmFwaS5DYWxsYmFja0luZm8m	1198	111669149910
68719478611	107374182502	c3Bhd25fdGltZW91dF9tcw==	c3Bhd25fdGltZW91dF9tcw==	aW50NjRfdA==	1198	94489280803
68719478612	107374182502	ZW52	ZW52	TmFwaS5FbnY=	1199	94489280801
68719478613	107374182502	bmV3X20=	bmV3X20=	Y21fbWFjaGluZSo=	1201	94489280804
68719478614	107374182502	Ym91bmRfYWRkcmVzcw==	Ym91bmRfYWRkcmVzcw==	Y2hhcio=	1202	94489280805
68719478615	107374182502	cGlk	cGlk	dWludDMyX3Q=	1203	94489280806
68719478616	107374182502	Z3VhcmQ=	Z3VhcmQ=	c2NvcGVkX2NsZWFyX2Nsb2V4ZWM=	1206	94489280807
68719478617	107374182502	PHRtcD4w	PHRtcD4w	c2NvcGVkX2NsZWFyX2Nsb2V4ZWM=	1206	94489280818
68719478618	107374182502	PHRtcD4w	PHRtcD4w	c2NvcGVkX2NsZWFyX2Nsb2V4ZWM=	1206	94489280818
68719478619	107374182502	PHRtcD4w	PHRtcD4w	c2NvcGVkX2NsZWFyX2Nsb2V4ZWM=	1206	94489280818
68719478620	107374182502	ZW52	ZW52	TmFwaS5FbnY=	1208	
68719478621	107374182502	cmNfXw==	Q0hFQ0tfQ00oZW52LCBjbV9qc29ucnBjX3NwYXduX3NlcnZlcihhZGRyZXNzLmNfc3RyKCksIHNwYXduX3RpbWVvdXRfbXMsICZuZXdfbSwgJmJvdW5kX2FkZHJlc3MsICZwaWQpKQ==	Y21fZXJyb3I=	1208	94489280808
68719478622	107374182502	YWRkcmVzcw==	YWRkcmVzcw==	c3RkLnN0cmluZw==	1208	94489280802
68719478623	107374182502	c3Bhd25fdGltZW91dF9tcw==	c3Bhd25fdGltZW91dF9tcw==	aW50NjRfdA==	1208	94489280803
68719478624	107374182502	bmV3X20=	bmV3X20=	Y21fbWFjaGluZSo=	1208	94489280804
68719478625	107374182502	Ym91bmRfYWRkcmVzcw==	Ym91bmRfYWRkcmVzcw==	Y2hhcio=	1208	94489280805
68719478626	107374182502	cGlk	cGlk	dWludDMyX3Q=	1208	94489280806
68719478627	107374182502	cmNfXw==	cmNfXw==	Y21fZXJyb3I=	1208	94489280808
68719478628	107374182502	Q01fRVJST1JfT0s=	PHVua25vd24+IENNX0VSUk9SX09L	QU5Z	1208	94489280817
68719478629	107374182502	ZW52	ZW52	TmFwaS5FbnY=	1208	94489280801
68719478630	107374182502	cmNfXw==	cmNfXw==	Y21fZXJyb3I=	1208	94489280808
68719478631	107374182502	ZW52	ZW52	TmFwaS5FbnY=	1208	94489280801
68719478632	107374182502	cmVzdWx0	cmVzdWx0	TmFwaS5PYmplY3Q=	1210	94489280809
68719478633	107374182502	ZW52	ZW52	TmFwaS5FbnY=	1210	94489280801
68719478634	107374182502	cmVzdWx0	cmVzdWx0	TmFwaS5PYmplY3Q=	1211	94489280809
68719478635	107374182502	ZW52	ZW52	TmFwaS5FbnY=	1211	94489280801
68719478636	107374182502	bmV3X20=	bmV3X20=	Y21fbWFjaGluZSo=	1211	94489280804
68719478637	107374182502	cmVzdWx0	cmVzdWx0	TmFwaS5PYmplY3Q=	1212	94489280809
68719478638	107374182502	ZW52	ZW52	TmFwaS5FbnY=	1212	94489280801
68719478639	107374182502	Ym91bmRfYWRkcmVzcw==	Ym91bmRfYWRkcmVzcw==	Y2hhcio=	1212	94489280805
68719478640	107374182502	cmVzdWx0	cmVzdWx0	TmFwaS5PYmplY3Q=	1213	94489280809
68719478641	107374182502	ZW52	ZW52	TmFwaS5FbnY=	1213	94489280801
68719478642	107374182502	cGlk	cGlk	dWludDMyX3Q=	1213	94489280806
68719478643	107374182502	cmVzdWx0	cmVzdWx0	TmFwaS5PYmplY3Q=	1214	94489280809
68719478644	107374182503	ZW52	ZW52	TmFwaS5FbnY=	1218	94489280810
68719478645	107374182503	aW5mbw==	aW5mbw==	TmFwaS5DYWxsYmFja0luZm8m	1218	111669149911
68719478646	107374182503	Y29ubmVjdF90aW1lb3V0X21z	Y29ubmVjdF90aW1lb3V0X21z	aW50NjRfdA==	1220	94489280812
68719478647	107374182503	ZW52	ZW52	TmFwaS5FbnY=	1221	94489280810
68719478648	107374182503	aW5mbw==	aW5mbw==	TmFwaS5DYWxsYmFja0luZm8m	1221	111669149911
68719478649	107374182503	YWRkcmVzcw==	YWRkcmVzcw==	c3RkLnN0cmluZw==	1221	94489280811
68719478650	107374182503	aW5mbw==	aW5mbw==	TmFwaS5DYWxsYmFja0luZm8m	1222	111669149911
68719478651	107374182503	ZW52	ZW52	TmFwaS5FbnY=	1222	94489280810
68719478652	107374182503	aW5mbw==	aW5mbw==	TmFwaS5DYWxsYmFja0luZm8m	1222	111669149911
68719478653	107374182503	Y29ubmVjdF90aW1lb3V0X21z	Y29ubmVjdF90aW1lb3V0X21z	aW50NjRfdA==	1222	94489280812
68719478654	107374182503	ZW52	ZW52	TmFwaS5FbnY=	1223	94489280810
68719478655	107374182503	bmV3X20=	bmV3X20=	Y21fbWFjaGluZSo=	1225	94489280813
68719478656	107374182503	ZW52	ZW52	TmFwaS5FbnY=	1226	
68719478657	107374182503	cmNfXw==	Q0hFQ0tfQ00oZW52LCBjbV9qc29ucnBjX2Nvbm5lY3Rfc2VydmVyKGFkZHJlc3MuY19zdHIoKSwgY29ubmVjdF90aW1lb3V0X21zLCAmbmV3X20pKQ==	Y21fZXJyb3I=	1226	94489280814
68719478658	107374182503	YWRkcmVzcw==	YWRkcmVzcw==	c3RkLnN0cmluZw==	1226	94489280811
68719478659	107374182503	Y29ubmVjdF90aW1lb3V0X21z	Y29ubmVjdF90aW1lb3V0X21z	aW50NjRfdA==	1226	94489280812
68719478660	107374182503	bmV3X20=	bmV3X20=	Y21fbWFjaGluZSo=	1226	94489280813
68719478661	107374182503	cmNfXw==	cmNfXw==	Y21fZXJyb3I=	1226	94489280814
68719478662	107374182503	Q01fRVJST1JfT0s=	PHVua25vd24+IENNX0VSUk9SX09L	QU5Z	1226	94489280816
68719478663	107374182503	ZW52	ZW52	TmFwaS5FbnY=	1226	94489280810
68719478664	107374182503	cmNfXw==	cmNfXw==	Y21fZXJyb3I=	1226	94489280814
68719478665	107374182503	ZW52	ZW52	TmFwaS5FbnY=	1226	94489280810
68719478666	107374182503	ZW52	ZW52	TmFwaS5FbnY=	1227	94489280810
68719478667	107374182503	bmV3X20=	bmV3X20=	Y21fbWFjaGluZSo=	1227	94489280813
68719478668	107374182504	ZW52	ZW52	TmFwaS5FbnY=	1231	111669149912
68719478669	107374182504	ZXhwb3J0cw==	ZXhwb3J0cw==	TmFwaS5PYmplY3Q=	1231	111669149913
68719478670	107374182504	ZXhwb3J0cw==	ZXhwb3J0cw==	TmFwaS5PYmplY3Q=	1232	111669149913
68719478671	107374182504	ZW52	ZW52	TmFwaS5FbnY=	1232	111669149912
68719478672	107374182504	ZXhwb3J0cw==	ZXhwb3J0cw==	TmFwaS5PYmplY3Q=	1233	111669149913
68719478673	107374182504	ZW52	ZW52	TmFwaS5FbnY=	1233	111669149912
68719478674	107374182504	ZXhwb3J0cw==	ZXhwb3J0cw==	TmFwaS5PYmplY3Q=	1234	111669149913
68719478675	107374182504	ZW52	ZW52	TmFwaS5FbnY=	1234	111669149912
68719478676	107374182504	ZXhwb3J0cw==	ZXhwb3J0cw==	TmFwaS5PYmplY3Q=	1235	111669149913
68719478677	107374182504	ZW52	ZW52	TmFwaS5FbnY=	1235	111669149912
68719478678	107374182504	ZXhwb3J0cw==	ZXhwb3J0cw==	TmFwaS5PYmplY3Q=	1236	111669149913
68719478679	107374182504	ZW52	ZW52	TmFwaS5FbnY=	1236	111669149912
68719478680	107374182504	ZXhwb3J0cw==	ZXhwb3J0cw==	TmFwaS5PYmplY3Q=	1237	111669149913
68719478681	107374182504	ZW52	ZW52	TmFwaS5FbnY=	1237	111669149912
68719478682	107374182504	ZXhwb3J0cw==	ZXhwb3J0cw==	TmFwaS5PYmplY3Q=	1238	111669149913
68719478683	107374182504	ZW52	ZW52	TmFwaS5FbnY=	1238	111669149912
68719478684	107374182504	ZXhwb3J0cw==	ZXhwb3J0cw==	TmFwaS5PYmplY3Q=	1239	111669149913
68719478685	107374182504	ZW52	ZW52	TmFwaS5FbnY=	1239	111669149912
68719478686	107374182504	ZXhwb3J0cw==	ZXhwb3J0cw==	TmFwaS5PYmplY3Q=	1240	111669149913
68719478687	107374182504	ZW52	ZW52	TmFwaS5FbnY=	1240	111669149912
68719478688	107374182504	ZXhwb3J0cw==	ZXhwb3J0cw==	TmFwaS5PYmplY3Q=	1241	111669149913
68719478689	107374182504	ZW52	ZW52	TmFwaS5FbnY=	1241	111669149912
68719478690	107374182504	ZXhwb3J0cw==	ZXhwb3J0cw==	TmFwaS5PYmplY3Q=	1242	111669149913
68719478691	107374182504	ZW52	ZW52	TmFwaS5FbnY=	1242	111669149912
68719478692	107374182504	ZXhwb3J0cw==	ZXhwb3J0cw==	TmFwaS5PYmplY3Q=	1243	111669149913
68719478693	107374182504	ZW52	ZW52	TmFwaS5FbnY=	1243	111669149912
68719478694	107374182504	ZXhwb3J0cw==	ZXhwb3J0cw==	TmFwaS5PYmplY3Q=	1244	111669149913
68719478695	107374182504	ZW52	ZW52	TmFwaS5FbnY=	1244	111669149912
68719478696	107374182504	ZXhwb3J0cw==	ZXhwb3J0cw==	TmFwaS5PYmplY3Q=	1245	111669149913
68719478697	107374182504	ZW52	ZW52	TmFwaS5FbnY=	1245	111669149912
68719478698	107374182504	ZXhwb3J0cw==	ZXhwb3J0cw==	TmFwaS5PYmplY3Q=	1246	111669149913
68719478699	107374182504	ZW52	ZW52	TmFwaS5FbnY=	1246	111669149912
68719478700	107374182504	ZXhwb3J0cw==	ZXhwb3J0cw==	TmFwaS5PYmplY3Q=	1247	111669149913
68719478701	107374182505	ZW52	ZW52	bmFwaV9lbnY=	1252	111669149914
68719478702	107374182505	ZXhwb3J0cw==	ZXhwb3J0cw==	bmFwaV92YWx1ZQ==	1252	111669149915
68719478701	107374182506	ZW52	ZW52	bmFwaV9lbnY=	1252	111669149914
68719478702	107374182506	ZXhwb3J0cw==	ZXhwb3J0cw==	bmFwaV92YWx1ZQ==	1252	111669149915
68719476736	107374182506	ZGVzY3JpcHRpb24=	ZGVzY3JpcHRpb24=	Y2hhcio=	57	94489280512
68719476737	107374182506	bWVzc2FnZQ==	bWVzc2FnZQ==	c3RkLnN0cmluZw==	58	94489280513
68719476738	107374182506	bWVzc2FnZQ==	bWVzc2FnZQ==	c3RkLnN0cmluZw==	59	94489280513
68719476739	107374182506	ZGVzY3JpcHRpb24=	ZGVzY3JpcHRpb24=	Y2hhcio=	59	94489280512
68719476740	107374182506	bWVzc2FnZQ==	bWVzc2FnZQ==	c3RkLnN0cmluZw==	60	94489280513
68719476741	107374182506	Y29kZQ==	Y29kZQ==	Y21fZXJyb3I=	60	111669149697
68719476742	107374182506	ZXJy	ZXJy	TmFwaS5FcnJvcg==	61	94489280514
68719476743	107374182506	ZW52	ZW52	TmFwaS5FbnY=	61	111669149696
68719476744	107374182506	bWVzc2FnZQ==	bWVzc2FnZQ==	c3RkLnN0cmluZw==	61	94489280513
68719476745	107374182506	ZXJy	ZXJy	TmFwaS5FcnJvcg==	62	94489280514
68719476746	107374182506	ZW52	ZW52	TmFwaS5FbnY=	62	111669149696
68719476747	107374182506	Y29kZQ==	Y29kZQ==	Y21fZXJyb3I=	62	111669149697
68719476748	107374182506	ZXJy	ZXJy	TmFwaS5FcnJvcg==	63	94489280514
68719476749	107374182506	ZW52	ZW52	TmFwaS5FbnY=	63	111669149696
68719476750	107374182506	ZGVzY3JpcHRpb24=	ZGVzY3JpcHRpb24=	Y2hhcio=	63	94489280512
68719476751	107374182506	ZXJy	ZXJy	TmFwaS5FcnJvcg==	64	94489280514
68719476752	107374182506	dmFsdWU=	dmFsdWU=	TmFwaS5WYWx1ZSY=	70	111669149699
68719476753	107374182506	bG9zc2xlc3M=	bG9zc2xlc3M=	Ym9vbA==	71	94489280515
68719476754	107374182506	b3V0	b3V0	dWludDY0X3Qq	72	111669149701
68719476755	107374182506	dmFsdWU=	dmFsdWU=	TmFwaS5WYWx1ZSY=	72	111669149699
68719476756	107374182506	bG9zc2xlc3M=	bG9zc2xlc3M=	Ym9vbA==	72	94489280515
68719476757	107374182506	bG9zc2xlc3M=	bG9zc2xlc3M=	Ym9vbA==	73	94489280515
68719476758	107374182506	ZW52	ZW52	TmFwaS5FbnY=	74	111669149698
68719476759	107374182506	bmFtZQ==	bmFtZQ==	Y2hhcio=	74	111669149700
68719476760	107374182506	dmFsdWU=	dmFsdWU=	TmFwaS5WYWx1ZSY=	79	111669149699
68719476761	107374182506	ZA==	ZA==	ZG91Ymxl	80	94489280516
68719476762	107374182506	dmFsdWU=	dmFsdWU=	TmFwaS5WYWx1ZSY=	80	111669149699
68719476763	107374182506	ZA==	ZA==	ZG91Ymxl	81	94489280516
68719476764	107374182506	ZA==	ZA==	ZG91Ymxl	81	94489280516
68719476765	107374182506	ZA==	ZA==	ZG91Ymxl	81	94489280516
68719476766	107374182506	ZA==	ZA==	ZG91Ymxl	81	94489280516
68719476767	107374182506	ZW52	ZW52	TmFwaS5FbnY=	82	111669149698
68719476768	107374182506	bmFtZQ==	bmFtZQ==	Y2hhcio=	82	111669149700
68719476769	107374182506	b3V0	b3V0	dWludDY0X3Qq	86	111669149701
68719476770	107374182506	ZA==	ZA==	ZG91Ymxl	86	94489280516
68719476771	107374182506	ZW52	ZW52	TmFwaS5FbnY=	89	111669149698
68719476772	107374182506	bmFtZQ==	bmFtZQ==	Y2hhcio=	89	111669149700
68719476773	107374182506	dmFsdWU=	dmFsdWU=	TmFwaS5WYWx1ZSY=	94	111669149703
68719476774	107374182506	bG9zc2xlc3M=	bG9zc2xlc3M=	Ym9vbA==	95	94489280517
68719476775	107374182506	b3V0	b3V0	aW50NjRfdCo=	96	111669149705
68719476776	107374182506	dmFsdWU=	dmFsdWU=	TmFwaS5WYWx1ZSY=	96	111669149703
68719476777	107374182506	bG9zc2xlc3M=	bG9zc2xlc3M=	Ym9vbA==	96	94489280517
68719476778	107374182506	bG9zc2xlc3M=	bG9zc2xlc3M=	Ym9vbA==	97	94489280517
68719476779	107374182506	ZW52	ZW52	TmFwaS5FbnY=	98	111669149702
68719476780	107374182506	bmFtZQ==	bmFtZQ==	Y2hhcio=	98	111669149704
68719476781	107374182506	dmFsdWU=	dmFsdWU=	TmFwaS5WYWx1ZSY=	103	111669149703
68719476782	107374182506	b3V0	b3V0	aW50NjRfdCo=	104	111669149705
68719476783	107374182506	dmFsdWU=	dmFsdWU=	TmFwaS5WYWx1ZSY=	104	111669149703
68719476784	107374182506	ZW52	ZW52	TmFwaS5FbnY=	107	111669149702
68719476785	107374182506	bmFtZQ==	bmFtZQ==	Y2hhcio=	107	111669149704
68719476786	107374182506	dmFsdWU=	dmFsdWU=	TmFwaS5WYWx1ZSY=	115	111669149707
68719476787	107374182506	dmFsdWU=	dmFsdWU=	TmFwaS5WYWx1ZSY=	115	111669149707
68719476788	107374182506	bmFwaV91aW50OF9hcnJheQ==	PHVua25vd24+IG5hcGlfdWludDhfYXJyYXk=	QU5Z	115	94489281049
68719476789	107374182506	ZW52	ZW52	TmFwaS5FbnY=	116	111669149706
68719476790	107374182506	bmFtZQ==	bmFtZQ==	Y2hhcio=	116	111669149708
68719476791	107374182506	YXJyYXk=	YXJyYXk=	TmFwaS5VaW50OEFycmF5	119	94489280518
68719476792	107374182506	dmFsdWU=	dmFsdWU=	TmFwaS5WYWx1ZSY=	119	111669149707
68719476793	107374182506	ZXhhY3RfbGVuZ3Ro	ZXhhY3RfbGVuZ3Ro	cHRyZGlmZl90	120	111669149711
68719476794	107374182506	YXJyYXk=	YXJyYXk=	TmFwaS5VaW50OEFycmF5	120	94489280518
68719476795	107374182506	ZXhhY3RfbGVuZ3Ro	ZXhhY3RfbGVuZ3Ro	cHRyZGlmZl90	120	111669149711
68719476796	107374182506	ZW52	ZW52	TmFwaS5FbnY=	121	111669149706
68719476797	107374182506	bmFtZQ==	bmFtZQ==	Y2hhcio=	122	111669149708
68719476798	107374182506	ZXhhY3RfbGVuZ3Ro	ZXhhY3RfbGVuZ3Ro	cHRyZGlmZl90	122	111669149711
68719476799	107374182506	ZGF0YQ==	ZGF0YQ==	dWludDhfdCoq	126	111669149709
68719476800	107374182506	YXJyYXk=	YXJyYXk=	TmFwaS5VaW50OEFycmF5	126	94489280518
68719476801	107374182506	bGVuZ3Ro	bGVuZ3Ro	c2l6ZV90Kg==	127	111669149710
68719476802	107374182506	YXJyYXk=	YXJyYXk=	TmFwaS5VaW50OEFycmF5	127	94489280518
68719476803	107374182506	ZGF0YQ==	ZGF0YQ==	dWludDhfdCo=	133	94489280519
68719476804	107374182506	bGVuZ3Ro	bGVuZ3Ro	c2l6ZV90	134	94489280520
68719476805	107374182506	ZW52	ZW52	TmFwaS5FbnY=	135	111669149712
68719476806	107374182506	dmFsdWU=	dmFsdWU=	TmFwaS5WYWx1ZSY=	135	111669149713
68719476807	107374182506	bmFtZQ==	bmFtZQ==	Y2hhcio=	135	111669149714
68719476808	107374182506	ZGF0YQ==	ZGF0YQ==	dWludDhfdCo=	135	94489280519
68719476809	107374182506	bGVuZ3Ro	bGVuZ3Ro	c2l6ZV90	135	94489280520
68719476810	107374182506	Q01fSEFTSF9TSVpF	PHVua25vd24+IENNX0hBU0hfU0laRQ==	QU5Z	135	94489281048
68719476811	107374182506	aGFzaA==	aGFzaA==	Y21faGFzaCoq	138	111669149715
68719476812	107374182506	ZGF0YQ==	ZGF0YQ==	dWludDhfdCo=	138	94489280519
68719476813	107374182506	dmFsdWU=	dmFsdWU=	TmFwaS5WYWx1ZSY=	144	111669149717
68719476814	107374182506	dmFsdWU=	dmFsdWU=	TmFwaS5WYWx1ZSY=	144	111669149717
68719476815	107374182506	aGFzaA==	aGFzaA==	Y21faGFzaCoq	145	111669149719
68719476816	107374182506	ZW52	ZW52	TmFwaS5FbnY=	148	111669149716
68719476817	107374182506	dmFsdWU=	dmFsdWU=	TmFwaS5WYWx1ZSY=	148	111669149717
68719476818	107374182506	bmFtZQ==	bmFtZQ==	Y2hhcio=	148	111669149718
68719476819	107374182506	aGFzaA==	aGFzaA==	Y21faGFzaCoq	148	111669149719
68719476820	107374182506	dmFsdWU=	dmFsdWU=	TmFwaS5WYWx1ZSY=	153	111669149721
68719476821	107374182506	ZW52	ZW52	TmFwaS5FbnY=	154	111669149720
68719476822	107374182506	bmFtZQ==	bmFtZQ==	Y2hhcio=	154	111669149722
68719476823	107374182506	b3V0	b3V0	c3RkLnN0cmluZyo=	157	111669149723
68719476824	107374182506	dmFsdWU=	dmFsdWU=	TmFwaS5WYWx1ZSY=	157	111669149721
68719476825	107374182506	dmFsdWU=	dmFsdWU=	TmFwaS5WYWx1ZSY=	163	111669149725
68719476826	107374182506	dmFsdWU=	dmFsdWU=	TmFwaS5WYWx1ZSY=	163	111669149725
68719476827	107374182506	cHJlc2VudA==	cHJlc2VudA==	Ym9vbCo=	164	111669149728
68719476828	107374182506	cHJlc2VudA==	cHJlc2VudA==	Ym9vbCo=	167	111669149728
68719476829	107374182506	ZW52	ZW52	TmFwaS5FbnY=	168	111669149724
68719476830	107374182506	dmFsdWU=	dmFsdWU=	TmFwaS5WYWx1ZSY=	168	111669149725
68719476831	107374182506	bmFtZQ==	bmFtZQ==	Y2hhcio=	168	111669149726
68719476832	107374182506	b3V0	b3V0	c3RkLnN0cmluZyo=	168	111669149727
68719476833	107374182506	dmFsdWU=	dmFsdWU=	TmFwaS5WYWx1ZSY=	173	111669149730
68719476834	107374182506	ZW52	ZW52	TmFwaS5FbnY=	174	111669149729
68719476835	107374182506	bmFtZQ==	bmFtZQ==	Y2hhcio=	174	111669149731
68719476836	107374182506	b3V0	b3V0	aW50MzJfdCo=	177	111669149732
68719476837	107374182506	dmFsdWU=	dmFsdWU=	TmFwaS5WYWx1ZSY=	177	111669149730
68719476838	107374182506	dGhpcw==	dGhpcw==	TWFjaGluZSo=	194	111669149741
68719476839	107374182506	SW5pdA==	SW5pdA==	SW5pdA==	183	94489281047
68719476840	107374182506	PHRtcD4w	PHRtcD4w	QU5Z	183	94489281046
68719476841	107374182506	PHRtcD4w	PHRtcD4w	QU5Z	183	94489281046
68719476842	107374182506	PHRtcD4w	PHRtcD4w	QU5Z	183	94489281046
68719476843	107374182506	TmV3SW5zdGFuY2U=	TmV3SW5zdGFuY2U=	TmV3SW5zdGFuY2U=	184	94489281045
68719476844	107374182506	PHRtcD4x	PHRtcD4x	QU5Z	184	94489281044
68719476845	107374182506	PHRtcD4x	PHRtcD4x	QU5Z	184	94489281044
68719476846	107374182506	PHRtcD4x	PHRtcD4x	QU5Z	184	94489281044
68719476847	107374182506	SXNFbXB0eQ==	SXNFbXB0eQ==	SXNFbXB0eQ==	199	94489281043
68719476848	107374182506	PHRtcD4y	PHRtcD4y	QU5Z	199	94489281042
68719476849	107374182506	PHRtcD4y	PHRtcD4y	QU5Z	199	94489281042
68719476850	107374182506	PHRtcD4y	PHRtcD4y	QU5Z	199	94489281042
68719476851	107374182506	SXNKc29ucnBjTWFjaGluZQ==	SXNKc29ucnBjTWFjaGluZQ==	SXNKc29ucnBjTWFjaGluZQ==	200	94489281041
68719476852	107374182506	PHRtcD4z	PHRtcD4z	QU5Z	200	94489281040
68719476853	107374182506	PHRtcD4z	PHRtcD4z	QU5Z	200	94489281040
68719476854	107374182506	PHRtcD4z	PHRtcD4z	QU5Z	200	94489281040
68719476855	107374182506	Q3JlYXRl	Q3JlYXRl	Q3JlYXRl	201	94489281039
68719476856	107374182506	PHRtcD40	PHRtcD40	QU5Z	201	94489281038
68719476857	107374182506	PHRtcD40	PHRtcD40	QU5Z	201	94489281038
68719476858	107374182506	PHRtcD40	PHRtcD40	QU5Z	201	94489281038
68719476859	107374182506	TG9hZA==	TG9hZA==	TG9hZA==	202	94489281037
68719476860	107374182506	PHRtcD41	PHRtcD41	QU5Z	202	94489281036
68719476861	107374182506	PHRtcD41	PHRtcD41	QU5Z	202	94489281036
68719476862	107374182506	PHRtcD41	PHRtcD41	QU5Z	202	94489281036
68719476863	107374182506	Q2xvbmVFbXB0eQ==	Q2xvbmVFbXB0eQ==	Q2xvbmVFbXB0eQ==	203	94489281035
68719476864	107374182506	PHRtcD42	PHRtcD42	QU5Z	203	94489281034
68719476865	107374182506	PHRtcD42	PHRtcD42	QU5Z	203	94489281034
68719476866	107374182506	PHRtcD42	PHRtcD42	QU5Z	203	94489281034
68719476867	107374182506	U3RvcmU=	U3RvcmU=	U3RvcmU=	204	94489281033
68719476868	107374182506	PHRtcD43	PHRtcD43	QU5Z	204	94489281032
68719476869	107374182506	PHRtcD43	PHRtcD43	QU5Z	204	94489281032
68719476870	107374182506	PHRtcD43	PHRtcD43	QU5Z	204	94489281032
68719476871	107374182506	RGVzdHJveQ==	RGVzdHJveQ==	RGVzdHJveQ==	205	94489281031
68719476872	107374182506	PHRtcD44	PHRtcD44	QU5Z	205	94489281030
68719476873	107374182506	PHRtcD44	PHRtcD44	QU5Z	205	94489281030
68719476874	107374182506	PHRtcD44	PHRtcD44	QU5Z	205	94489281030
68719476875	107374182506	R2V0RGVmYXVsdENvbmZpZw==	R2V0RGVmYXVsdENvbmZpZw==	R2V0RGVmYXVsdENvbmZpZw==	206	94489281029
68719476876	107374182506	PHRtcD45	PHRtcD45	QU5Z	206	94489281028
68719476877	107374182506	PHRtcD45	PHRtcD45	QU5Z	206	94489281028
68719476878	107374182506	PHRtcD45	PHRtcD45	QU5Z	206	94489281028
68719476879	107374182506	R2V0UmVnQWRkcmVzcw==	R2V0UmVnQWRkcmVzcw==	R2V0UmVnQWRkcmVzcw==	207	94489281027
68719476880	107374182506	PHRtcD4xMA==	PHRtcD4xMA==	QU5Z	207	94489281026
68719476881	107374182506	PHRtcD4xMA==	PHRtcD4xMA==	QU5Z	207	94489281026
68719476882	107374182506	PHRtcD4xMA==	PHRtcD4xMA==	QU5Z	207	94489281026
68719476883	107374182506	U2V0UnVudGltZUNvbmZpZw==	U2V0UnVudGltZUNvbmZpZw==	U2V0UnVudGltZUNvbmZpZw==	208	94489281025
68719476884	107374182506	PHRtcD4xMQ==	PHRtcD4xMQ==	QU5Z	208	94489281024
68719476885	107374182506	PHRtcD4xMQ==	PHRtcD4xMQ==	QU5Z	208	94489281024
68719476886	107374182506	PHRtcD4xMQ==	PHRtcD4xMQ==	QU5Z	208	94489281024
68719476887	107374182506	R2V0UnVudGltZUNvbmZpZw==	R2V0UnVudGltZUNvbmZpZw==	R2V0UnVudGltZUNvbmZpZw==	209	94489281023
68719476888	107374182506	PHRtcD4xMg==	PHRtcD4xMg==	QU5Z	209	94489281022
68719476889	107374182506	PHRtcD4xMg==	PHRtcD4xMg==	QU5Z	209	94489281022
68719476890	107374182506	PHRtcD4xMg==	PHRtcD4xMg==	QU5Z	209	94489281022
68719476891	107374182506	UmVwbGFjZU1lbW9yeVJhbmdl	UmVwbGFjZU1lbW9yeVJhbmdl	UmVwbGFjZU1lbW9yeVJhbmdl	210	94489281021
68719476892	107374182506	PHRtcD4xMw==	PHRtcD4xMw==	QU5Z	210	94489281020
68719476893	107374182506	PHRtcD4xMw==	PHRtcD4xMw==	QU5Z	210	94489281020
68719476894	107374182506	PHRtcD4xMw==	PHRtcD4xMw==	QU5Z	210	94489281020
68719476895	107374182506	R2V0SW5pdGlhbENvbmZpZw==	R2V0SW5pdGlhbENvbmZpZw==	R2V0SW5pdGlhbENvbmZpZw==	211	94489281019
68719476896	107374182506	PHRtcD4xNA==	PHRtcD4xNA==	QU5Z	211	94489281018
68719476897	107374182506	PHRtcD4xNA==	PHRtcD4xNA==	QU5Z	211	94489281018
68719476898	107374182506	PHRtcD4xNA==	PHRtcD4xNA==	QU5Z	211	94489281018
68719476899	107374182506	R2V0QWRkcmVzc1Jhbmdlcw==	R2V0QWRkcmVzc1Jhbmdlcw==	R2V0QWRkcmVzc1Jhbmdlcw==	212	94489281017
68719476900	107374182506	PHRtcD4xNQ==	PHRtcD4xNQ==	QU5Z	212	94489281016
68719476901	107374182506	PHRtcD4xNQ==	PHRtcD4xNQ==	QU5Z	212	94489281016
68719476902	107374182506	PHRtcD4xNQ==	PHRtcD4xNQ==	QU5Z	212	94489281016
68719476903	107374182506	R2V0Um9vdEhhc2g=	R2V0Um9vdEhhc2g=	R2V0Um9vdEhhc2g=	213	94489281015
68719476904	107374182506	PHRtcD4xNg==	PHRtcD4xNg==	QU5Z	213	94489281014
68719476905	107374182506	PHRtcD4xNg==	PHRtcD4xNg==	QU5Z	213	94489281014
68719476906	107374182506	PHRtcD4xNg==	PHRtcD4xNg==	QU5Z	213	94489281014
68719476907	107374182506	UmVhZFJldmVydFJvb3RIYXNo	UmVhZFJldmVydFJvb3RIYXNo	UmVhZFJldmVydFJvb3RIYXNo	214	94489281013
68719476908	107374182506	PHRtcD4xNw==	PHRtcD4xNw==	QU5Z	214	94489281012
68719476909	107374182506	PHRtcD4xNw==	PHRtcD4xNw==	QU5Z	214	94489281012
68719476910	107374182506	PHRtcD4xNw==	PHRtcD4xNw==	QU5Z	214	94489281012
68719476911	107374182506	V3JpdGVSZXZlcnRSb290SGFzaA==	V3JpdGVSZXZlcnRSb290SGFzaA==	V3JpdGVSZXZlcnRSb290SGFzaA==	215	94489281011
68719476912	107374182506	PHRtcD4xOA==	PHRtcD4xOA==	QU5Z	215	94489281010
68719476913	107374182506	PHRtcD4xOA==	PHRtcD4xOA==	QU5Z	215	94489281010
68719476914	107374182506	PHRtcD4xOA==	PHRtcD4xOA==	QU5Z	215	94489281010
68719476915	107374182506	R2V0QWRkcmVzc05hbWU=	R2V0QWRkcmVzc05hbWU=	R2V0QWRkcmVzc05hbWU=	216	94489281009
68719476916	107374182506	PHRtcD4xOQ==	PHRtcD4xOQ==	QU5Z	216	94489281008
68719476917	107374182506	PHRtcD4xOQ==	PHRtcD4xOQ==	QU5Z	216	94489281008
68719476918	107374182506	PHRtcD4xOQ==	PHRtcD4xOQ==	QU5Z	216	94489281008
68719476919	107374182506	R2V0UHJvb2Y=	R2V0UHJvb2Y=	R2V0UHJvb2Y=	217	94489281007
68719476920	107374182506	PHRtcD4yMA==	PHRtcD4yMA==	QU5Z	217	94489281006
68719476921	107374182506	PHRtcD4yMA==	PHRtcD4yMA==	QU5Z	217	94489281006
68719476922	107374182506	PHRtcD4yMA==	PHRtcD4yMA==	QU5Z	217	94489281006
68719476923	107374182506	UmVhZFdvcmQ=	UmVhZFdvcmQ=	UmVhZFdvcmQ=	218	94489281005
68719476924	107374182506	PHRtcD4yMQ==	PHRtcD4yMQ==	QU5Z	218	94489281004
68719476925	107374182506	PHRtcD4yMQ==	PHRtcD4yMQ==	QU5Z	218	94489281004
68719476926	107374182506	PHRtcD4yMQ==	PHRtcD4yMQ==	QU5Z	218	94489281004
68719476927	107374182506	UmVhZFJlZw==	UmVhZFJlZw==	UmVhZFJlZw==	219	94489281003
68719476928	107374182506	PHRtcD4yMg==	PHRtcD4yMg==	QU5Z	219	94489281002
68719476929	107374182506	PHRtcD4yMg==	PHRtcD4yMg==	QU5Z	219	94489281002
68719476930	107374182506	PHRtcD4yMg==	PHRtcD4yMg==	QU5Z	219	94489281002
68719476931	107374182506	V3JpdGVSZWc=	V3JpdGVSZWc=	V3JpdGVSZWc=	220	94489281001
68719476932	107374182506	PHRtcD4yMw==	PHRtcD4yMw==	QU5Z	220	94489281000
68719476933	107374182506	PHRtcD4yMw==	PHRtcD4yMw==	QU5Z	220	94489281000
68719476934	107374182506	PHRtcD4yMw==	PHRtcD4yMw==	QU5Z	220	94489281000
68719476935	107374182506	UmVhZE1lbW9yeQ==	UmVhZE1lbW9yeQ==	UmVhZE1lbW9yeQ==	221	94489280999
68719476936	107374182506	PHRtcD4yNA==	PHRtcD4yNA==	QU5Z	221	94489280998
68719476937	107374182506	PHRtcD4yNA==	PHRtcD4yNA==	QU5Z	221	94489280998
68719476938	107374182506	PHRtcD4yNA==	PHRtcD4yNA==	QU5Z	221	94489280998
68719476939	107374182506	V3JpdGVNZW1vcnk=	V3JpdGVNZW1vcnk=	V3JpdGVNZW1vcnk=	222	94489280997
68719476940	107374182506	PHRtcD4yNQ==	PHRtcD4yNQ==	QU5Z	222	94489280996
68719476941	107374182506	PHRtcD4yNQ==	PHRtcD4yNQ==	QU5Z	222	94489280996
68719476942	107374182506	PHRtcD4yNQ==	PHRtcD4yNQ==	QU5Z	222	94489280996
68719476943	107374182506	UmVhZFZpcnR1YWxNZW1vcnk=	UmVhZFZpcnR1YWxNZW1vcnk=	UmVhZFZpcnR1YWxNZW1vcnk=	223	94489280995
68719476944	107374182506	PHRtcD4yNg==	PHRtcD4yNg==	QU5Z	223	94489280994
68719476945	107374182506	PHRtcD4yNg==	PHRtcD4yNg==	QU5Z	223	94489280994
68719476946	107374182506	PHRtcD4yNg==	PHRtcD4yNg==	QU5Z	223	94489280994
68719476947	107374182506	V3JpdGVWaXJ0dWFsTWVtb3J5	V3JpdGVWaXJ0dWFsTWVtb3J5	V3JpdGVWaXJ0dWFsTWVtb3J5	224	94489280993
68719476948	107374182506	PHRtcD4yNw==	PHRtcD4yNw==	QU5Z	224	94489280992
68719476949	107374182506	PHRtcD4yNw==	PHRtcD4yNw==	QU5Z	224	94489280992
68719476950	107374182506	PHRtcD4yNw==	PHRtcD4yNw==	QU5Z	224	94489280992
68719476951	107374182506	VHJhbnNsYXRlVmlydHVhbEFkZHJlc3M=	VHJhbnNsYXRlVmlydHVhbEFkZHJlc3M=	VHJhbnNsYXRlVmlydHVhbEFkZHJlc3M=	225	94489280991
68719476952	107374182506	PHRtcD4yOA==	PHRtcD4yOA==	QU5Z	225	94489280990
68719476953	107374182506	PHRtcD4yOA==	PHRtcD4yOA==	QU5Z	225	94489280990
68719476954	107374182506	PHRtcD4yOA==	PHRtcD4yOA==	QU5Z	225	94489280990
68719476955	107374182506	UmVhZENvbnNvbGVPdXRwdXQ=	UmVhZENvbnNvbGVPdXRwdXQ=	UmVhZENvbnNvbGVPdXRwdXQ=	226	94489280989
68719476956	107374182506	PHRtcD4yOQ==	PHRtcD4yOQ==	QU5Z	226	94489280988
68719476957	107374182506	PHRtcD4yOQ==	PHRtcD4yOQ==	QU5Z	226	94489280988
68719476958	107374182506	PHRtcD4yOQ==	PHRtcD4yOQ==	QU5Z	226	94489280988
68719476959	107374182506	V3JpdGVDb25zb2xlSW5wdXQ=	V3JpdGVDb25zb2xlSW5wdXQ=	V3JpdGVDb25zb2xlSW5wdXQ=	227	94489280987
68719476960	107374182506	PHRtcD4zMA==	PHRtcD4zMA==	QU5Z	227	94489280986
68719476961	107374182506	PHRtcD4zMA==	PHRtcD4zMA==	QU5Z	227	94489280986
68719476962	107374182506	PHRtcD4zMA==	PHRtcD4zMA==	QU5Z	227	94489280986
68719476963	107374182506	UnVu	UnVu	UnVu	228	94489280985
68719476964	107374182506	PHRtcD4zMQ==	PHRtcD4zMQ==	QU5Z	228	94489280984
68719476965	107374182506	PHRtcD4zMQ==	PHRtcD4zMQ==	QU5Z	228	94489280984
68719476966	107374182506	PHRtcD4zMQ==	PHRtcD4zMQ==	QU5Z	228	94489280984
68719476967	107374182506	UnVuVWFyY2g=	UnVuVWFyY2g=	UnVuVWFyY2g=	229	94489280983
68719476968	107374182506	PHRtcD4zMg==	PHRtcD4zMg==	QU5Z	229	94489280982
68719476969	107374182506	PHRtcD4zMg==	PHRtcD4zMg==	QU5Z	229	94489280982
68719476970	107374182506	PHRtcD4zMg==	PHRtcD4zMg==	QU5Z	229	94489280982
68719476971	107374182506	UmVzZXRVYXJjaA==	UmVzZXRVYXJjaA==	UmVzZXRVYXJjaA==	230	94489280981
68719476972	107374182506	PHRtcD4zMw==	PHRtcD4zMw==	QU5Z	230	94489280980
68719476973	107374182506	PHRtcD4zMw==	PHRtcD4zMw==	QU5Z	230	94489280980
68719476974	107374182506	PHRtcD4zMw==	PHRtcD4zMw==	QU5Z	230	94489280980
68719476975	107374182506	UmVjZWl2ZUNtaW9SZXF1ZXN0	UmVjZWl2ZUNtaW9SZXF1ZXN0	UmVjZWl2ZUNtaW9SZXF1ZXN0	231	94489280979
68719476976	107374182506	PHRtcD4zNA==	PHRtcD4zNA==	QU5Z	231	94489280978
68719476977	107374182506	PHRtcD4zNA==	PHRtcD4zNA==	QU5Z	231	94489280978
68719476978	107374182506	PHRtcD4zNA==	PHRtcD4zNA==	QU5Z	231	94489280978
68719476979	107374182506	U2VuZENtaW9SZXNwb25zZQ==	U2VuZENtaW9SZXNwb25zZQ==	U2VuZENtaW9SZXNwb25zZQ==	232	94489280977
68719476980	107374182506	PHRtcD4zNQ==	PHRtcD4zNQ==	QU5Z	232	94489280976
68719476981	107374182506	PHRtcD4zNQ==	PHRtcD4zNQ==	QU5Z	232	94489280976
68719476982	107374182506	PHRtcD4zNQ==	PHRtcD4zNQ==	QU5Z	232	94489280976
68719476983	107374182506	TG9nU3RlcA==	TG9nU3RlcA==	TG9nU3RlcA==	233	94489280975
68719476984	107374182506	PHRtcD4zNg==	PHRtcD4zNg==	QU5Z	233	94489280974
68719476985	107374182506	PHRtcD4zNg==	PHRtcD4zNg==	QU5Z	233	94489280974
68719476986	107374182506	PHRtcD4zNg==	PHRtcD4zNg==	QU5Z	233	94489280974
68719476987	107374182506	TG9nU3RlcFVhcmNo	TG9nU3RlcFVhcmNo	TG9nU3RlcFVhcmNo	234	94489280973
68719476988	107374182506	PHRtcD4zNw==	PHRtcD4zNw==	QU5Z	234	94489280972
68719476989	107374182506	PHRtcD4zNw==	PHRtcD4zNw==	QU5Z	234	94489280972
68719476990	107374182506	PHRtcD4zNw==	PHRtcD4zNw==	QU5Z	234	94489280972
68719476991	107374182506	TG9nUmVzZXRVYXJjaA==	TG9nUmVzZXRVYXJjaA==	TG9nUmVzZXRVYXJjaA==	235	94489280971
68719476992	107374182506	PHRtcD4zOA==	PHRtcD4zOA==	QU5Z	235	94489280970
68719476993	107374182506	PHRtcD4zOA==	PHRtcD4zOA==	QU5Z	235	94489280970
68719476994	107374182506	PHRtcD4zOA==	PHRtcD4zOA==	QU5Z	235	94489280970
68719476995	107374182506	TG9nU2VuZENtaW9SZXNwb25zZQ==	TG9nU2VuZENtaW9SZXNwb25zZQ==	TG9nU2VuZENtaW9SZXNwb25zZQ==	236	94489280969
68719476996	107374182506	PHRtcD4zOQ==	PHRtcD4zOQ==	QU5Z	236	94489280968
68719476997	107374182506	PHRtcD4zOQ==	PHRtcD4zOQ==	QU5Z	236	94489280968
68719476998	107374182506	PHRtcD4zOQ==	PHRtcD4zOQ==	QU5Z	236	94489280968
68719476999	107374182506	VmVyaWZ5U3RlcFVhcmNo	VmVyaWZ5U3RlcFVhcmNo	VmVyaWZ5U3RlcFVhcmNo	237	94489280967
68719477000	107374182506	PHRtcD40MA==	PHRtcD40MA==	QU5Z	237	94489280966
68719477001	107374182506	PHRtcD40MA==	PHRtcD40MA==	QU5Z	237	94489280966
68719477002	107374182506	PHRtcD40MA==	PHRtcD40MA==	QU5Z	237	94489280966
68719477003	107374182506	VmVyaWZ5UmVzZXRVYXJjaA==	VmVyaWZ5UmVzZXRVYXJjaA==	VmVyaWZ5UmVzZXRVYXJjaA==	238	94489280965
68719477004	107374182506	PHRtcD40MQ==	PHRtcD40MQ==	QU5Z	238	94489280964
68719477005	107374182506	PHRtcD40MQ==	PHRtcD40MQ==	QU5Z	238	94489280964
68719477006	107374182506	PHRtcD40MQ==	PHRtcD40MQ==	QU5Z	238	94489280964
68719477007	107374182506	VmVyaWZ5U2VuZENtaW9SZXNwb25zZQ==	VmVyaWZ5U2VuZENtaW9SZXNwb25zZQ==	VmVyaWZ5U2VuZENtaW9SZXNwb25zZQ==	239	94489280963
68719477008	107374182506	PHRtcD40Mg==	PHRtcD40Mg==	QU5Z	239	94489280962
68719477009	107374182506	PHRtcD40Mg==	PHRtcD40Mg==	QU5Z	239	94489280962
68719477010	107374182506	PHRtcD40Mg==	PHRtcD40Mg==	QU5Z	239	94489280962
68719477011	107374182506	VmVyaWZ5SGFzaFRyZWU=	VmVyaWZ5SGFzaFRyZWU=	VmVyaWZ5SGFzaFRyZWU=	240	94489280961
68719477012	107374182506	PHRtcD40Mw==	PHRtcD40Mw==	QU5Z	240	94489280960
68719477013	107374182506	PHRtcD40Mw==	PHRtcD40Mw==	QU5Z	240	94489280960
68719477014	107374182506	PHRtcD40Mw==	PHRtcD40Mw==	QU5Z	240	94489280960
68719477015	107374182506	R2V0SGFzaFRyZWVTdGF0cw==	R2V0SGFzaFRyZWVTdGF0cw==	R2V0SGFzaFRyZWVTdGF0cw==	241	94489280959
68719477016	107374182506	PHRtcD40NA==	PHRtcD40NA==	QU5Z	241	94489280958
68719477017	107374182506	PHRtcD40NA==	PHRtcD40NA==	QU5Z	241	94489280958
68719477018	107374182506	PHRtcD40NA==	PHRtcD40NA==	QU5Z	241	94489280958
68719477019	107374182506	V3JpdGVXb3Jk	V3JpdGVXb3Jk	V3JpdGVXb3Jk	242	94489280957
68719477020	107374182506	PHRtcD40NQ==	PHRtcD40NQ==	QU5Z	242	94489280956
68719477021	107374182506	PHRtcD40NQ==	PHRtcD40NQ==	QU5Z	242	94489280956
68719477022	107374182506	PHRtcD40NQ==	PHRtcD40NQ==	QU5Z	242	94489280956
68719477023	107374182506	R2V0Tm9kZUhhc2g=	R2V0Tm9kZUhhc2g=	R2V0Tm9kZUhhc2g=	243	94489280955
68719477024	107374182506	PHRtcD40Ng==	PHRtcD40Ng==	QU5Z	243	94489280954
68719477025	107374182506	PHRtcD40Ng==	PHRtcD40Ng==	QU5Z	243	94489280954
68719477026	107374182506	PHRtcD40Ng==	PHRtcD40Ng==	QU5Z	243	94489280954
68719477027	107374182506	Q2xvbmVTdG9yZWQ=	Q2xvbmVTdG9yZWQ=	Q2xvbmVTdG9yZWQ=	244	94489280953
68719477028	107374182506	PHRtcD40Nw==	PHRtcD40Nw==	QU5Z	244	94489280952
68719477029	107374182506	PHRtcD40Nw==	PHRtcD40Nw==	QU5Z	244	94489280952
68719477030	107374182506	PHRtcD40Nw==	PHRtcD40Nw==	QU5Z	244	94489280952
68719477031	107374182506	UmVuYW1lU3RvcmVk	UmVuYW1lU3RvcmVk	UmVuYW1lU3RvcmVk	245	94489280951
68719477032	107374182506	PHRtcD40OA==	PHRtcD40OA==	QU5Z	245	94489280950
68719477033	107374182506	PHRtcD40OA==	PHRtcD40OA==	QU5Z	245	94489280950
68719477034	107374182506	PHRtcD40OA==	PHRtcD40OA==	QU5Z	245	94489280950
68719477035	107374182506	UmVtb3ZlU3RvcmVk	UmVtb3ZlU3RvcmVk	UmVtb3ZlU3RvcmVk	246	94489280949
68719477036	107374182506	PHRtcD40OQ==	PHRtcD40OQ==	QU5Z	246	94489280948
68719477037	107374182506	PHRtcD40OQ==	PHRtcD40OQ==	QU5Z	246	94489280948
68719477038	107374182506	PHRtcD40OQ==	PHRtcD40OQ==	QU5Z	246	94489280948
68719477039	107374182506	U3luY1N0b3JlZA==	U3luY1N0b3JlZA==	U3luY1N0b3JlZA==	247	94489280947
68719477040	107374182506	PHRtcD41MA==	PHRtcD41MA==	QU5Z	247	94489280946
68719477041	107374182506	PHRtcD41MA==	PHRtcD41MA==	QU5Z	247	94489280946
68719477042	107374182506	PHRtcD41MA==	PHRtcD41MA==	QU5Z	247	94489280946
68719477043	107374182506	SnNvbnJwY0Zvcms=	SnNvbnJwY0Zvcms=	SnNvbnJwY0Zvcms=	249	94489280945
68719477044	107374182506	PHRtcD41MQ==	PHRtcD41MQ==	QU5Z	249	94489280944
68719477045	107374182506	PHRtcD41MQ==	PHRtcD41MQ==	QU5Z	249	94489280944
68719477046	107374182506	PHRtcD41MQ==	PHRtcD41MQ==	QU5Z	249	94489280944
68719477047	107374182506	SnNvbnJwY1NodXRkb3duU2VydmVy	SnNvbnJwY1NodXRkb3duU2VydmVy	SnNvbnJwY1NodXRkb3duU2VydmVy	250	94489280943
68719477048	107374182506	PHRtcD41Mg==	PHRtcD41Mg==	QU5Z	250	94489280942
68719477049	107374182506	PHRtcD41Mg==	PHRtcD41Mg==	QU5Z	250	94489280942
68719477050	107374182506	PHRtcD41Mg==	PHRtcD41Mg==	QU5Z	250	94489280942
68719477051	107374182506	SnNvbnJwY1JlYmluZFNlcnZlcg==	SnNvbnJwY1JlYmluZFNlcnZlcg==	SnNvbnJwY1JlYmluZFNlcnZlcg==	251	94489280941
68719477052	107374182506	PHRtcD41Mw==	PHRtcD41Mw==	QU5Z	251	94489280940
68719477053	107374182506	PHRtcD41Mw==	PHRtcD41Mw==	QU5Z	251	94489280940
68719477054	107374182506	PHRtcD41Mw==	PHRtcD41Mw==	QU5Z	251	94489280940
68719477055	107374182506	SnNvbnJwY0dldFNlcnZlclZlcnNpb24=	SnNvbnJwY0dldFNlcnZlclZlcnNpb24=	SnNvbnJwY0dldFNlcnZlclZlcnNpb24=	252	94489280939
68719477056	107374182506	PHRtcD41NA==	PHRtcD41NA==	QU5Z	252	94489280938
68719477057	107374182506	PHRtcD41NA==	PHRtcD41NA==	QU5Z	252	94489280938
68719477058	107374182506	PHRtcD41NA==	PHRtcD41NA==	QU5Z	252	94489280938
68719477059	107374182506	SnNvbnJwY0VtYW5jaXBhdGVTZXJ2ZXI=	SnNvbnJwY0VtYW5jaXBhdGVTZXJ2ZXI=	SnNvbnJwY0VtYW5jaXBhdGVTZXJ2ZXI=	253	94489280937
68719477060	107374182506	PHRtcD41NQ==	PHRtcD41NQ==	QU5Z	253	94489280936
68719477061	107374182506	PHRtcD41NQ==	PHRtcD41NQ==	QU5Z	253	94489280936
68719477062	107374182506	PHRtcD41NQ==	PHRtcD41NQ==	QU5Z	253	94489280936
68719477063	107374182506	SnNvbnJwY1NldFRpbWVvdXQ=	SnNvbnJwY1NldFRpbWVvdXQ=	SnNvbnJwY1NldFRpbWVvdXQ=	254	94489280935
68719477064	107374182506	PHRtcD41Ng==	PHRtcD41Ng==	QU5Z	254	94489280934
68719477065	107374182506	PHRtcD41Ng==	PHRtcD41Ng==	QU5Z	254	94489280934
68719477066	107374182506	PHRtcD41Ng==	PHRtcD41Ng==	QU5Z	254	94489280934
68719477067	107374182506	SnNvbnJwY0dldFRpbWVvdXQ=	SnNvbnJwY0dldFRpbWVvdXQ=	SnNvbnJwY0dldFRpbWVvdXQ=	255	94489280933
68719477068	107374182506	PHRtcD41Nw==	PHRtcD41Nw==	QU5Z	255	94489280932
68719477069	107374182506	PHRtcD41Nw==	PHRtcD41Nw==	QU5Z	255	94489280932
68719477070	107374182506	PHRtcD41Nw==	PHRtcD41Nw==	QU5Z	255	94489280932
68719477071	107374182506	SnNvbnJwY1NldENsZWFudXBDYWxs	SnNvbnJwY1NldENsZWFudXBDYWxs	SnNvbnJwY1NldENsZWFudXBDYWxs	256	94489280931
68719477072	107374182506	PHRtcD41OA==	PHRtcD41OA==	QU5Z	256	94489280930
68719477073	107374182506	PHRtcD41OA==	PHRtcD41OA==	QU5Z	256	94489280930
68719477074	107374182506	PHRtcD41OA==	PHRtcD41OA==	QU5Z	256	94489280930
68719477075	107374182506	SnNvbnJwY0dldENsZWFudXBDYWxs	SnNvbnJwY0dldENsZWFudXBDYWxs	SnNvbnJwY0dldENsZWFudXBDYWxs	257	94489280929
68719477076	107374182506	PHRtcD41OQ==	PHRtcD41OQ==	QU5Z	257	94489280928
68719477077	107374182506	PHRtcD41OQ==	PHRtcD41OQ==	QU5Z	257	94489280928
68719477078	107374182506	PHRtcD41OQ==	PHRtcD41OQ==	QU5Z	257	94489280928
68719477079	107374182506	SnNvbnJwY0dldFNlcnZlckFkZHJlc3M=	SnNvbnJwY0dldFNlcnZlckFkZHJlc3M=	SnNvbnJwY0dldFNlcnZlckFkZHJlc3M=	258	94489280927
68719477080	107374182506	PHRtcD42MA==	PHRtcD42MA==	QU5Z	258	94489280926
68719477081	107374182506	PHRtcD42MA==	PHRtcD42MA==	QU5Z	258	94489280926
68719477082	107374182506	PHRtcD42MA==	PHRtcD42MA==	QU5Z	258	94489280926
68719477083	107374182506	SnNvbnJwY0RlbGF5TmV4dFJlcXVlc3Q=	SnNvbnJwY0RlbGF5TmV4dFJlcXVlc3Q=	SnNvbnJwY0RlbGF5TmV4dFJlcXVlc3Q=	259	94489280925
68719477084	107374182506	PHRtcD42MQ==	PHRtcD42MQ==	QU5Z	259	94489280924
68719477085	107374182506	PHRtcD42MQ==	PHRtcD42MQ==	QU5Z	259	94489280924
68719477086	107374182506	PHRtcD42MQ==	PHRtcD42MQ==	QU5Z	259	94489280924
68719477087	107374182506	bWFjaGluZV8=	bWFjaGluZV8=	QU5Z	261	94489280923
68719477088	107374182506	ZW52	ZW52	TmFwaS5FbnY=	265	94489280521
68719477089	107374182506	aW5mbw==	aW5mbw==	TmFwaS5DYWxsYmFja0luZm8m	265	111669149743
68719477090	107374182506	aW5mbw==	aW5mbw==	TmFwaS5DYWxsYmFja0luZm8m	266	111669149743
68719477091	107374182506	aW5mbw==	aW5mbw==	TmFwaS5DYWxsYmFja0luZm8m	266	111669149743
68719477092	107374182506	ZW52	ZW52	TmFwaS5FbnY=	267	94489280521
68719477093	107374182506	dGhpcw==	dGhpcw==	TWFjaGluZSo=	271	111669149742
68719477094	107374182506	aW5mbw==	aW5mbw==	TmFwaS5DYWxsYmFja0luZm8m	271	111669149743
68719477095	107374182506	PHRtcD4w	PHRtcD4w	TmFwaS5PYmplY3RXcmFw	264	94489280922
68719477096	107374182506	PHRtcD4w	PHRtcD4w	TmFwaS5PYmplY3RXcmFw	264	94489280922
68719477097	107374182506	aW5mbw==	aW5mbw==	TmFwaS5DYWxsYmFja0luZm8m	264	111669149743
68719477098	107374182506	PHRtcD4w	PHRtcD4w	TmFwaS5PYmplY3RXcmFw	264	94489280922
68719477099	107374182506	dGhpcw==	dGhpcw==	TWFjaGluZSo=	275	111669149744
68719477100	107374182506	dGhpcw==	dGhpcw==	TWFjaGluZSo=	276	111669149744
68719477101	107374182506	dGhpcw==	dGhpcw==	TWFjaGluZSo=	277	111669149744
68719477102	107374182506	Y3Rvcg==	Y3Rvcg==	TmFwaS5GdW5jdGlvblJlZmVyZW5jZSo=	282	94489280522
68719477103	107374182506	ZW52	ZW52	TmFwaS5FbnY=	282	111669149746
68719477104	107374182506	Y3Rvcg==	Y3Rvcg==	TmFwaS5GdW5jdGlvblJlZmVyZW5jZSo=	283	94489280522
68719477105	107374182506	ZW52	ZW52	TmFwaS5FbnY=	283	111669149746
68719477106	107374182506	bQ==	bQ==	Y21fbWFjaGluZSo=	283	111669149747
68719477107	107374182506	ZW52	ZW52	TmFwaS5FbnY=	298	94489280523
68719477108	107374182506	aW5mbw==	aW5mbw==	TmFwaS5DYWxsYmFja0luZm8m	298	111669149749
68719477109	107374182506	eWVz	eWVz	Ym9vbA==	299	94489280524
68719477110	107374182506	ZW52	ZW52	TmFwaS5FbnY=	300	
68719477111	107374182506	cmNfXw==	Q0hFQ0tfQ00oZW52LCBjbV9pc19lbXB0eShtYWNoaW5lXywgJnllcykp	Y21fZXJyb3I=	300	94489280525
68719477112	107374182506	dGhpcw==	dGhpcw==	TWFjaGluZSo=	300	111669149748
68719477113	107374182506	eWVz	eWVz	Ym9vbA==	300	94489280524
68719477114	107374182506	cmNfXw==	cmNfXw==	Y21fZXJyb3I=	300	94489280525
68719477115	107374182506	Q01fRVJST1JfT0s=	PHVua25vd24+IENNX0VSUk9SX09L	QU5Z	300	94489280921
68719477116	107374182506	ZW52	ZW52	TmFwaS5FbnY=	300	94489280523
68719477117	107374182506	cmNfXw==	cmNfXw==	Y21fZXJyb3I=	300	94489280525
68719477118	107374182506	ZW52	ZW52	TmFwaS5FbnY=	300	94489280523
68719477119	107374182506	ZW52	ZW52	TmFwaS5FbnY=	301	94489280523
68719477120	107374182506	eWVz	eWVz	Ym9vbA==	301	94489280524
68719477121	107374182506	ZW52	ZW52	TmFwaS5FbnY=	305	94489280526
68719477122	107374182506	aW5mbw==	aW5mbw==	TmFwaS5DYWxsYmFja0luZm8m	305	111669149751
68719477123	107374182506	eWVz	eWVz	Ym9vbA==	306	94489280527
68719477124	107374182506	ZW52	ZW52	TmFwaS5FbnY=	307	
68719477125	107374182506	cmNfXw==	Q0hFQ0tfQ00oZW52LCBjbV9pc19qc29ucnBjX21hY2hpbmUobWFjaGluZV8sICZ5ZXMpKQ==	Y21fZXJyb3I=	307	94489280528
68719477126	107374182506	dGhpcw==	dGhpcw==	TWFjaGluZSo=	307	111669149750
68719477127	107374182506	eWVz	eWVz	Ym9vbA==	307	94489280527
68719477128	107374182506	cmNfXw==	cmNfXw==	Y21fZXJyb3I=	307	94489280528
68719477129	107374182506	Q01fRVJST1JfT0s=	PHVua25vd24+IENNX0VSUk9SX09L	QU5Z	307	94489280920
68719477130	107374182506	ZW52	ZW52	TmFwaS5FbnY=	307	94489280526
68719477131	107374182506	cmNfXw==	cmNfXw==	Y21fZXJyb3I=	307	94489280528
68719477132	107374182506	ZW52	ZW52	TmFwaS5FbnY=	307	94489280526
68719477133	107374182506	ZW52	ZW52	TmFwaS5FbnY=	308	94489280526
68719477134	107374182506	eWVz	eWVz	Ym9vbA==	308	94489280527
68719477135	107374182506	ZW52	ZW52	TmFwaS5FbnY=	312	94489280529
68719477136	107374182506	aW5mbw==	aW5mbw==	TmFwaS5DYWxsYmFja0luZm8m	312	111669149753
68719477137	107374182506	aGFzX3J1bnRpbWVfY29uZmln	aGFzX3J1bnRpbWVfY29uZmln	Ym9vbA==	315	94489280532
68719477138	107374182506	aGFzX2Rpcg==	aGFzX2Rpcg==	Ym9vbA==	317	94489280534
68719477139	107374182506	ZW52	ZW52	TmFwaS5FbnY=	318	94489280529
68719477140	107374182506	aW5mbw==	aW5mbw==	TmFwaS5DYWxsYmFja0luZm8m	318	111669149753
68719477141	107374182506	Y29uZmln	Y29uZmln	c3RkLnN0cmluZw==	318	94489280530
68719477142	107374182506	ZW52	ZW52	TmFwaS5FbnY=	319	94489280529
68719477143	107374182506	aW5mbw==	aW5mbw==	TmFwaS5DYWxsYmFja0luZm8m	319	111669149753
68719477144	107374182506	cnVudGltZV9jb25maWc=	cnVudGltZV9jb25maWc=	c3RkLnN0cmluZw==	319	94489280531
68719477145	107374182506	aGFzX3J1bnRpbWVfY29uZmln	aGFzX3J1bnRpbWVfY29uZmln	Ym9vbA==	319	94489280532
68719477146	107374182506	ZW52	ZW52	TmFwaS5FbnY=	320	94489280529
68719477147	107374182506	aW5mbw==	aW5mbw==	TmFwaS5DYWxsYmFja0luZm8m	320	111669149753
68719477148	107374182506	ZGly	ZGly	c3RkLnN0cmluZw==	320	94489280533
68719477149	107374182506	aGFzX2Rpcg==	aGFzX2Rpcg==	Ym9vbA==	320	94489280534
68719477150	107374182506	ZW52	ZW52	TmFwaS5FbnY=	321	94489280529
68719477151	107374182506	ZW52	ZW52	TmFwaS5FbnY=	323	
68719477152	107374182506	cmNfXw==	Q0hFQ0tfQ00oZW52LCBjbV9jcmVhdGUobWFjaGluZV8sIGNvbmZpZy5jX3N0cigpLCBoYXNfcnVudGltZV9jb25maWcgPyBydW50aW1lX2NvbmZpZy5jX3N0cigpIDogbnVsbHB0ciwKICAgICAgICAgICAgICAgICAgICAgIGhhc19kaXIgPyBkaXIuY19zdHIoKSA6IG51bGxwdHIpKQ==	Y21fZXJyb3I=	323	94489280535
68719477153	107374182506	dGhpcw==	dGhpcw==	TWFjaGluZSo=	323	111669149752
68719477154	107374182506	Y29uZmln	Y29uZmln	c3RkLnN0cmluZw==	323	94489280530
68719477155	107374182506	aGFzX3J1bnRpbWVfY29uZmln	aGFzX3J1bnRpbWVfY29uZmln	Ym9vbA==	323	94489280532
68719477156	107374182506	cnVudGltZV9jb25maWc=	cnVudGltZV9jb25maWc=	c3RkLnN0cmluZw==	323	94489280531
68719477157	107374182506	aGFzX2Rpcg==	aGFzX2Rpcg==	Ym9vbA==	323	94489280534
68719477158	107374182506	ZGly	ZGly	c3RkLnN0cmluZw==	323	94489280533
68719477159	107374182506	cmNfXw==	cmNfXw==	Y21fZXJyb3I=	323	94489280535
68719477160	107374182506	Q01fRVJST1JfT0s=	PHVua25vd24+IENNX0VSUk9SX09L	QU5Z	323	94489280919
68719477161	107374182506	ZW52	ZW52	TmFwaS5FbnY=	323	94489280529
68719477162	107374182506	cmNfXw==	cmNfXw==	Y21fZXJyb3I=	323	94489280535
68719477163	107374182506	ZW52	ZW52	TmFwaS5FbnY=	323	94489280529
68719477164	107374182506	ZW52	ZW52	TmFwaS5FbnY=	325	94489280529
68719477165	107374182506	ZW52	ZW52	TmFwaS5FbnY=	329	94489280536
68719477166	107374182506	aW5mbw==	aW5mbw==	TmFwaS5DYWxsYmFja0luZm8m	329	111669149755
68719477167	107374182506	aGFzX3J1bnRpbWVfY29uZmln	aGFzX3J1bnRpbWVfY29uZmln	Ym9vbA==	332	94489280539
68719477168	107374182506	c2hhcmluZw==	c2hhcmluZw==	aW50MzJfdA==	333	94489280540
68719477169	107374182506	Q01fU0hBUklOR19OT05F	PHVua25vd24+IENNX1NIQVJJTkdfTk9ORQ==	QU5Z	333	94489280918
68719477170	107374182506	ZW52	ZW52	TmFwaS5FbnY=	334	94489280536
68719477171	107374182506	aW5mbw==	aW5mbw==	TmFwaS5DYWxsYmFja0luZm8m	334	111669149755
68719477172	107374182506	ZGly	ZGly	c3RkLnN0cmluZw==	334	94489280537
68719477173	107374182506	ZW52	ZW52	TmFwaS5FbnY=	335	94489280536
68719477174	107374182506	aW5mbw==	aW5mbw==	TmFwaS5DYWxsYmFja0luZm8m	335	111669149755
68719477175	107374182506	cnVudGltZV9jb25maWc=	cnVudGltZV9jb25maWc=	c3RkLnN0cmluZw==	335	94489280538
68719477176	107374182506	aGFzX3J1bnRpbWVfY29uZmln	aGFzX3J1bnRpbWVfY29uZmln	Ym9vbA==	335	94489280539
68719477177	107374182506	aW5mbw==	aW5mbw==	TmFwaS5DYWxsYmFja0luZm8m	336	111669149755
68719477178	107374182506	ZW52	ZW52	TmFwaS5FbnY=	336	94489280536
68719477179	107374182506	aW5mbw==	aW5mbw==	TmFwaS5DYWxsYmFja0luZm8m	336	111669149755
68719477180	107374182506	c2hhcmluZw==	c2hhcmluZw==	aW50MzJfdA==	336	94489280540
68719477181	107374182506	ZW52	ZW52	TmFwaS5FbnY=	337	94489280536
68719477182	107374182506	ZW52	ZW52	TmFwaS5FbnY=	339	
68719477183	107374182506	cmNfXw==	Q0hFQ0tfQ00oZW52LCBjbV9sb2FkKG1hY2hpbmVfLCBkaXIuY19zdHIoKSwgaGFzX3J1bnRpbWVfY29uZmlnID8gcnVudGltZV9jb25maWcuY19zdHIoKSA6IG51bGxwdHIsCiAgICAgICAgICAgICAgICAgICAgICBzdGF0aWNfY2FzdDxjbV9zaGFyaW5nX21vZGU+KHNoYXJpbmcpKSk=	Y21fZXJyb3I=	339	94489280541
68719477184	107374182506	dGhpcw==	dGhpcw==	TWFjaGluZSo=	339	111669149754
68719477185	107374182506	ZGly	ZGly	c3RkLnN0cmluZw==	339	94489280537
68719477186	107374182506	aGFzX3J1bnRpbWVfY29uZmln	aGFzX3J1bnRpbWVfY29uZmln	Ym9vbA==	339	94489280539
68719477187	107374182506	cnVudGltZV9jb25maWc=	cnVudGltZV9jb25maWc=	c3RkLnN0cmluZw==	339	94489280538
68719477188	107374182506	c2hhcmluZw==	c2hhcmluZw==	aW50MzJfdA==	339	94489280540
68719477189	107374182506	cmNfXw==	cmNfXw==	Y21fZXJyb3I=	339	94489280541
68719477190	107374182506	Q01fRVJST1JfT0s=	PHVua25vd24+IENNX0VSUk9SX09L	QU5Z	339	94489280917
68719477191	107374182506	ZW52	ZW52	TmFwaS5FbnY=	339	94489280536
68719477192	107374182506	cmNfXw==	cmNfXw==	Y21fZXJyb3I=	339	94489280541
68719477193	107374182506	ZW52	ZW52	TmFwaS5FbnY=	339	94489280536
68719477194	107374182506	ZW52	ZW52	TmFwaS5FbnY=	341	94489280536
68719477195	107374182506	ZW52	ZW52	TmFwaS5FbnY=	345	94489280542
68719477196	107374182506	aW5mbw==	aW5mbw==	TmFwaS5DYWxsYmFja0luZm8m	345	111669149757
68719477197	107374182506	bmV3X20=	bmV3X20=	Y21fbWFjaGluZSo=	346	94489280543
68719477198	107374182506	ZW52	ZW52	TmFwaS5FbnY=	347	
68719477199	107374182506	cmNfXw==	Q0hFQ0tfQ00oZW52LCBjbV9jbG9uZV9lbXB0eShtYWNoaW5lXywgJm5ld19tKSk=	Y21fZXJyb3I=	347	94489280544
68719477200	107374182506	dGhpcw==	dGhpcw==	TWFjaGluZSo=	347	111669149756
68719477201	107374182506	bmV3X20=	bmV3X20=	Y21fbWFjaGluZSo=	347	94489280543
68719477202	107374182506	cmNfXw==	cmNfXw==	Y21fZXJyb3I=	347	94489280544
68719477203	107374182506	Q01fRVJST1JfT0s=	PHVua25vd24+IENNX0VSUk9SX09L	QU5Z	347	94489280916
68719477204	107374182506	ZW52	ZW52	TmFwaS5FbnY=	347	94489280542
68719477205	107374182506	cmNfXw==	cmNfXw==	Y21fZXJyb3I=	347	94489280544
68719477206	107374182506	ZW52	ZW52	TmFwaS5FbnY=	347	94489280542
68719477207	107374182506	ZW52	ZW52	TmFwaS5FbnY=	348	94489280542
68719477208	107374182506	bmV3X20=	bmV3X20=	Y21fbWFjaGluZSo=	348	94489280543
68719477209	107374182506	ZW52	ZW52	TmFwaS5FbnY=	352	94489280545
68719477210	107374182506	aW5mbw==	aW5mbw==	TmFwaS5DYWxsYmFja0luZm8m	352	111669149759
68719477211	107374182506	c2hhcmluZw==	c2hhcmluZw==	aW50MzJfdA==	354	94489280547
68719477212	107374182506	Q01fU0hBUklOR19BTEw=	PHVua25vd24+IENNX1NIQVJJTkdfQUxM	QU5Z	354	94489280915
68719477213	107374182506	ZW52	ZW52	TmFwaS5FbnY=	355	94489280545
68719477214	107374182506	aW5mbw==	aW5mbw==	TmFwaS5DYWxsYmFja0luZm8m	355	111669149759
68719477215	107374182506	ZGly	ZGly	c3RkLnN0cmluZw==	355	94489280546
68719477216	107374182506	aW5mbw==	aW5mbw==	TmFwaS5DYWxsYmFja0luZm8m	356	111669149759
68719477217	107374182506	ZW52	ZW52	TmFwaS5FbnY=	356	94489280545
68719477218	107374182506	aW5mbw==	aW5mbw==	TmFwaS5DYWxsYmFja0luZm8m	356	111669149759
68719477219	107374182506	c2hhcmluZw==	c2hhcmluZw==	aW50MzJfdA==	356	94489280547
68719477220	107374182506	ZW52	ZW52	TmFwaS5FbnY=	357	94489280545
68719477221	107374182506	ZW52	ZW52	TmFwaS5FbnY=	359	
68719477222	107374182506	cmNfXw==	Q0hFQ0tfQ00oZW52LCBjbV9zdG9yZShtYWNoaW5lXywgZGlyLmNfc3RyKCksIHN0YXRpY19jYXN0PGNtX3NoYXJpbmdfbW9kZT4oc2hhcmluZykpKQ==	Y21fZXJyb3I=	359	94489280548
68719477223	107374182506	dGhpcw==	dGhpcw==	TWFjaGluZSo=	359	111669149758
68719477224	107374182506	ZGly	ZGly	c3RkLnN0cmluZw==	359	94489280546
68719477225	107374182506	c2hhcmluZw==	c2hhcmluZw==	aW50MzJfdA==	359	94489280547
68719477226	107374182506	cmNfXw==	cmNfXw==	Y21fZXJyb3I=	359	94489280548
68719477227	107374182506	Q01fRVJST1JfT0s=	PHVua25vd24+IENNX0VSUk9SX09L	QU5Z	359	94489280914
68719477228	107374182506	ZW52	ZW52	TmFwaS5FbnY=	359	94489280545
68719477229	107374182506	cmNfXw==	cmNfXw==	Y21fZXJyb3I=	359	94489280548
68719477230	107374182506	ZW52	ZW52	TmFwaS5FbnY=	359	94489280545
68719477231	107374182506	ZW52	ZW52	TmFwaS5FbnY=	360	94489280545
68719477232	107374182506	ZW52	ZW52	TmFwaS5FbnY=	364	94489280549
68719477233	107374182506	aW5mbw==	aW5mbw==	TmFwaS5DYWxsYmFja0luZm8m	364	111669149761
68719477234	107374182506	ZW52	ZW52	TmFwaS5FbnY=	365	
68719477235	107374182506	dGhpcw==	dGhpcw==	TWFjaGluZSo=	365	
68719477236	107374182506	cmNfXw==	Q0hFQ0tfQ00oZW52LCBjbV9kZXN0cm95KG1hY2hpbmVfKSk=	Y21fZXJyb3I=	365	94489280550
68719477237	107374182506	dGhpcw==	dGhpcw==	TWFjaGluZSo=	365	111669149760
68719477238	107374182506	cmNfXw==	cmNfXw==	Y21fZXJyb3I=	365	94489280550
68719477239	107374182506	Q01fRVJST1JfT0s=	PHVua25vd24+IENNX0VSUk9SX09L	QU5Z	365	94489280913
68719477240	107374182506	ZW52	ZW52	TmFwaS5FbnY=	365	94489280549
68719477241	107374182506	cmNfXw==	cmNfXw==	Y21fZXJyb3I=	365	94489280550
68719477242	107374182506	ZW52	ZW52	TmFwaS5FbnY=	365	94489280549
68719477243	107374182506	ZW52	ZW52	TmFwaS5FbnY=	366	94489280549
68719477244	107374182506	ZW52	ZW52	TmFwaS5FbnY=	370	94489280551
68719477245	107374182506	aW5mbw==	aW5mbw==	TmFwaS5DYWxsYmFja0luZm8m	370	111669149763
68719477246	107374182506	Y29uZmln	Y29uZmln	Y2hhcio=	371	94489280552
68719477247	107374182506	ZW52	ZW52	TmFwaS5FbnY=	372	
68719477248	107374182506	cmNfXw==	Q0hFQ0tfQ00oZW52LCBjbV9nZXRfZGVmYXVsdF9jb25maWcobWFjaGluZV8sICZjb25maWcpKQ==	Y21fZXJyb3I=	372	94489280553
68719477249	107374182506	dGhpcw==	dGhpcw==	TWFjaGluZSo=	372	111669149762
68719477250	107374182506	Y29uZmln	Y29uZmln	Y2hhcio=	372	94489280552
68719477251	107374182506	cmNfXw==	cmNfXw==	Y21fZXJyb3I=	372	94489280553
68719477252	107374182506	Q01fRVJST1JfT0s=	PHVua25vd24+IENNX0VSUk9SX09L	QU5Z	372	94489280912
68719477253	107374182506	ZW52	ZW52	TmFwaS5FbnY=	372	94489280551
68719477254	107374182506	cmNfXw==	cmNfXw==	Y21fZXJyb3I=	372	94489280553
68719477255	107374182506	ZW52	ZW52	TmFwaS5FbnY=	372	94489280551
68719477256	107374182506	ZW52	ZW52	TmFwaS5FbnY=	373	94489280551
68719477257	107374182506	Y29uZmln	Y29uZmln	Y2hhcio=	373	94489280552
68719477258	107374182506	ZW52	ZW52	TmFwaS5FbnY=	377	94489280554
68719477259	107374182506	aW5mbw==	aW5mbw==	TmFwaS5DYWxsYmFja0luZm8m	377	111669149765
68719477260	107374182506	cmVn	cmVn	aW50MzJfdA==	378	94489280555
68719477261	107374182506	ZW52	ZW52	TmFwaS5FbnY=	379	94489280554
68719477262	107374182506	aW5mbw==	aW5mbw==	TmFwaS5DYWxsYmFja0luZm8m	379	111669149765
68719477263	107374182506	cmVn	cmVn	aW50MzJfdA==	379	94489280555
68719477264	107374182506	ZW52	ZW52	TmFwaS5FbnY=	380	94489280554
68719477265	107374182506	dmFs	dmFs	dWludDY0X3Q=	382	94489280556
68719477266	107374182506	ZW52	ZW52	TmFwaS5FbnY=	383	
68719477267	107374182506	cmNfXw==	Q0hFQ0tfQ00oZW52LCBjbV9nZXRfcmVnX2FkZHJlc3MobWFjaGluZV8sIHN0YXRpY19jYXN0PGNtX3JlZz4ocmVnKSwgJnZhbCkp	Y21fZXJyb3I=	383	94489280557
68719477268	107374182506	dGhpcw==	dGhpcw==	TWFjaGluZSo=	383	111669149764
68719477269	107374182506	cmVn	cmVn	aW50MzJfdA==	383	94489280555
68719477270	107374182506	dmFs	dmFs	dWludDY0X3Q=	383	94489280556
68719477271	107374182506	cmNfXw==	cmNfXw==	Y21fZXJyb3I=	383	94489280557
68719477272	107374182506	Q01fRVJST1JfT0s=	PHVua25vd24+IENNX0VSUk9SX09L	QU5Z	383	94489280911
68719477273	107374182506	ZW52	ZW52	TmFwaS5FbnY=	383	94489280554
68719477274	107374182506	cmNfXw==	cmNfXw==	Y21fZXJyb3I=	383	94489280557
68719477275	107374182506	ZW52	ZW52	TmFwaS5FbnY=	383	94489280554
68719477276	107374182506	ZW52	ZW52	TmFwaS5FbnY=	384	94489280554
68719477277	107374182506	dmFs	dmFs	dWludDY0X3Q=	384	94489280556
68719477278	107374182506	ZW52	ZW52	TmFwaS5FbnY=	388	94489280558
68719477279	107374182506	aW5mbw==	aW5mbw==	TmFwaS5DYWxsYmFja0luZm8m	388	111669149767
68719477280	107374182506	ZW52	ZW52	TmFwaS5FbnY=	390	94489280558
68719477281	107374182506	aW5mbw==	aW5mbw==	TmFwaS5DYWxsYmFja0luZm8m	390	111669149767
68719477282	107374182506	cnVudGltZV9jb25maWc=	cnVudGltZV9jb25maWc=	c3RkLnN0cmluZw==	390	94489280559
68719477283	107374182506	ZW52	ZW52	TmFwaS5FbnY=	391	94489280558
68719477284	107374182506	ZW52	ZW52	TmFwaS5FbnY=	393	
68719477285	107374182506	cmNfXw==	Q0hFQ0tfQ00oZW52LCBjbV9zZXRfcnVudGltZV9jb25maWcobWFjaGluZV8sIHJ1bnRpbWVfY29uZmlnLmNfc3RyKCkpKQ==	Y21fZXJyb3I=	393	94489280560
68719477286	107374182506	dGhpcw==	dGhpcw==	TWFjaGluZSo=	393	111669149766
68719477287	107374182506	cnVudGltZV9jb25maWc=	cnVudGltZV9jb25maWc=	c3RkLnN0cmluZw==	393	94489280559
68719477288	107374182506	cmNfXw==	cmNfXw==	Y21fZXJyb3I=	393	94489280560
68719477289	107374182506	Q01fRVJST1JfT0s=	PHVua25vd24+IENNX0VSUk9SX09L	QU5Z	393	94489280910
68719477290	107374182506	ZW52	ZW52	TmFwaS5FbnY=	393	94489280558
68719477291	107374182506	cmNfXw==	cmNfXw==	Y21fZXJyb3I=	393	94489280560
68719477292	107374182506	ZW52	ZW52	TmFwaS5FbnY=	393	94489280558
68719477293	107374182506	ZW52	ZW52	TmFwaS5FbnY=	394	94489280558
68719477294	107374182506	ZW52	ZW52	TmFwaS5FbnY=	398	94489280561
68719477295	107374182506	aW5mbw==	aW5mbw==	TmFwaS5DYWxsYmFja0luZm8m	398	111669149769
68719477296	107374182506	cnVudGltZV9jb25maWc=	cnVudGltZV9jb25maWc=	Y2hhcio=	399	94489280562
68719477297	107374182506	ZW52	ZW52	TmFwaS5FbnY=	400	
68719477298	107374182506	cmNfXw==	Q0hFQ0tfQ00oZW52LCBjbV9nZXRfcnVudGltZV9jb25maWcobWFjaGluZV8sICZydW50aW1lX2NvbmZpZykp	Y21fZXJyb3I=	400	94489280563
68719477299	107374182506	dGhpcw==	dGhpcw==	TWFjaGluZSo=	400	111669149768
68719477300	107374182506	cnVudGltZV9jb25maWc=	cnVudGltZV9jb25maWc=	Y2hhcio=	400	94489280562
68719477301	107374182506	cmNfXw==	cmNfXw==	Y21fZXJyb3I=	400	94489280563
68719477302	107374182506	Q01fRVJST1JfT0s=	PHVua25vd24+IENNX0VSUk9SX09L	QU5Z	400	94489280909
68719477303	107374182506	ZW52	ZW52	TmFwaS5FbnY=	400	94489280561
68719477304	107374182506	cmNfXw==	cmNfXw==	Y21fZXJyb3I=	400	94489280563
68719477305	107374182506	ZW52	ZW52	TmFwaS5FbnY=	400	94489280561
68719477306	107374182506	ZW52	ZW52	TmFwaS5FbnY=	401	94489280561
68719477307	107374182506	cnVudGltZV9jb25maWc=	cnVudGltZV9jb25maWc=	Y2hhcio=	401	94489280562
68719477308	107374182506	ZW52	ZW52	TmFwaS5FbnY=	405	94489280564
68719477309	107374182506	aW5mbw==	aW5mbw==	TmFwaS5DYWxsYmFja0luZm8m	405	111669149771
68719477310	107374182506	ZW52	ZW52	TmFwaS5FbnY=	407	94489280564
68719477311	107374182506	aW5mbw==	aW5mbw==	TmFwaS5DYWxsYmFja0luZm8m	407	111669149771
68719477312	107374182506	cmFuZ2VfY29uZmln	cmFuZ2VfY29uZmln	c3RkLnN0cmluZw==	407	94489280565
68719477313	107374182506	ZW52	ZW52	TmFwaS5FbnY=	408	94489280564
68719477314	107374182506	ZW52	ZW52	TmFwaS5FbnY=	410	
68719477315	107374182506	cmNfXw==	Q0hFQ0tfQ00oZW52LCBjbV9yZXBsYWNlX21lbW9yeV9yYW5nZShtYWNoaW5lXywgcmFuZ2VfY29uZmlnLmNfc3RyKCkpKQ==	Y21fZXJyb3I=	410	94489280566
68719477316	107374182506	dGhpcw==	dGhpcw==	TWFjaGluZSo=	410	111669149770
68719477317	107374182506	cmFuZ2VfY29uZmln	cmFuZ2VfY29uZmln	c3RkLnN0cmluZw==	410	94489280565
68719477318	107374182506	cmNfXw==	cmNfXw==	Y21fZXJyb3I=	410	94489280566
68719477319	107374182506	Q01fRVJST1JfT0s=	PHVua25vd24+IENNX0VSUk9SX09L	QU5Z	410	94489280908
68719477320	107374182506	ZW52	ZW52	TmFwaS5FbnY=	410	94489280564
68719477321	107374182506	cmNfXw==	cmNfXw==	Y21fZXJyb3I=	410	94489280566
68719477322	107374182506	ZW52	ZW52	TmFwaS5FbnY=	410	94489280564
68719477323	107374182506	ZW52	ZW52	TmFwaS5FbnY=	411	94489280564
68719477324	107374182506	ZW52	ZW52	TmFwaS5FbnY=	415	94489280567
68719477325	107374182506	aW5mbw==	aW5mbw==	TmFwaS5DYWxsYmFja0luZm8m	415	111669149773
68719477326	107374182506	Y29uZmln	Y29uZmln	Y2hhcio=	416	94489280568
68719477327	107374182506	ZW52	ZW52	TmFwaS5FbnY=	417	
68719477328	107374182506	cmNfXw==	Q0hFQ0tfQ00oZW52LCBjbV9nZXRfaW5pdGlhbF9jb25maWcobWFjaGluZV8sICZjb25maWcpKQ==	Y21fZXJyb3I=	417	94489280569
68719477329	107374182506	dGhpcw==	dGhpcw==	TWFjaGluZSo=	417	111669149772
68719477330	107374182506	Y29uZmln	Y29uZmln	Y2hhcio=	417	94489280568
68719477331	107374182506	cmNfXw==	cmNfXw==	Y21fZXJyb3I=	417	94489280569
68719477332	107374182506	Q01fRVJST1JfT0s=	PHVua25vd24+IENNX0VSUk9SX09L	QU5Z	417	94489280907
68719477333	107374182506	ZW52	ZW52	TmFwaS5FbnY=	417	94489280567
68719477334	107374182506	cmNfXw==	cmNfXw==	Y21fZXJyb3I=	417	94489280569
68719477335	107374182506	ZW52	ZW52	TmFwaS5FbnY=	417	94489280567
68719477336	107374182506	ZW52	ZW52	TmFwaS5FbnY=	418	94489280567
68719477337	107374182506	Y29uZmln	Y29uZmln	Y2hhcio=	418	94489280568
68719477338	107374182506	ZW52	ZW52	TmFwaS5FbnY=	422	94489280570
68719477339	107374182506	aW5mbw==	aW5mbw==	TmFwaS5DYWxsYmFja0luZm8m	422	111669149775
68719477340	107374182506	cmFuZ2Vz	cmFuZ2Vz	Y2hhcio=	423	94489280571
68719477341	107374182506	ZW52	ZW52	TmFwaS5FbnY=	424	
68719477342	107374182506	cmNfXw==	Q0hFQ0tfQ00oZW52LCBjbV9nZXRfYWRkcmVzc19yYW5nZXMobWFjaGluZV8sICZyYW5nZXMpKQ==	Y21fZXJyb3I=	424	94489280572
68719477343	107374182506	dGhpcw==	dGhpcw==	TWFjaGluZSo=	424	111669149774
68719477344	107374182506	cmFuZ2Vz	cmFuZ2Vz	Y2hhcio=	424	94489280571
68719477345	107374182506	cmNfXw==	cmNfXw==	Y21fZXJyb3I=	424	94489280572
68719477346	107374182506	Q01fRVJST1JfT0s=	PHVua25vd24+IENNX0VSUk9SX09L	QU5Z	424	94489280906
68719477347	107374182506	ZW52	ZW52	TmFwaS5FbnY=	424	94489280570
68719477348	107374182506	cmNfXw==	cmNfXw==	Y21fZXJyb3I=	424	94489280572
68719477349	107374182506	ZW52	ZW52	TmFwaS5FbnY=	424	94489280570
68719477350	107374182506	ZW52	ZW52	TmFwaS5FbnY=	425	94489280570
68719477351	107374182506	cmFuZ2Vz	cmFuZ2Vz	Y2hhcio=	425	94489280571
68719477352	107374182506	ZW52	ZW52	TmFwaS5FbnY=	429	94489280573
68719477353	107374182506	aW5mbw==	aW5mbw==	TmFwaS5DYWxsYmFja0luZm8m	429	111669149777
68719477354	107374182506	aGFzaA==	aGFzaA==	Y21faGFzaA==	430	94489280574
68719477355	107374182506	PHRtcD4w	PHRtcD4w	Y21faGFzaA==	430	94489280905
68719477356	107374182506	PHRtcD4w	PHRtcD4w	Y21faGFzaA==	430	94489280905
68719477357	107374182506	PHRtcD4w	PHRtcD4w	Y21faGFzaA==	430	94489280905
68719477358	107374182506	ZW52	ZW52	TmFwaS5FbnY=	431	
68719477359	107374182506	cmNfXw==	Q0hFQ0tfQ00oZW52LCBjbV9nZXRfcm9vdF9oYXNoKG1hY2hpbmVfLCAmaGFzaCkp	Y21fZXJyb3I=	431	94489280575
68719477360	107374182506	dGhpcw==	dGhpcw==	TWFjaGluZSo=	431	111669149776
68719477361	107374182506	aGFzaA==	aGFzaA==	Y21faGFzaA==	431	94489280574
68719477362	107374182506	cmNfXw==	cmNfXw==	Y21fZXJyb3I=	431	94489280575
68719477363	107374182506	Q01fRVJST1JfT0s=	PHVua25vd24+IENNX0VSUk9SX09L	QU5Z	431	94489280904
68719477364	107374182506	ZW52	ZW52	TmFwaS5FbnY=	431	94489280573
68719477365	107374182506	cmNfXw==	cmNfXw==	Y21fZXJyb3I=	431	94489280575
68719477366	107374182506	ZW52	ZW52	TmFwaS5FbnY=	431	94489280573
68719477367	107374182506	ZW52	ZW52	TmFwaS5FbnY=	432	94489280573
68719477368	107374182506	aGFzaA==	aGFzaA==	Y21faGFzaA==	432	94489280574
68719477369	107374182506	Q01fSEFTSF9TSVpF	PHVua25vd24+IENNX0hBU0hfU0laRQ==	QU5Z	432	94489280903
68719477370	107374182506	ZW52	ZW52	TmFwaS5FbnY=	436	94489280576
68719477371	107374182506	aW5mbw==	aW5mbw==	TmFwaS5DYWxsYmFja0luZm8m	436	111669149779
68719477372	107374182506	aGFzaA==	aGFzaA==	Y21faGFzaA==	437	94489280577
68719477373	107374182506	PHRtcD4w	PHRtcD4w	Y21faGFzaA==	437	94489280902
68719477374	107374182506	PHRtcD4w	PHRtcD4w	Y21faGFzaA==	437	94489280902
68719477375	107374182506	PHRtcD4w	PHRtcD4w	Y21faGFzaA==	437	94489280902
68719477376	107374182506	ZW52	ZW52	TmFwaS5FbnY=	438	
68719477377	107374182506	cmNfXw==	Q0hFQ0tfQ00oZW52LCBjbV9yZWFkX3JldmVydF9yb290X2hhc2gobWFjaGluZV8sICZoYXNoKSk=	Y21fZXJyb3I=	438	94489280578
68719477378	107374182506	dGhpcw==	dGhpcw==	TWFjaGluZSo=	438	111669149778
68719477379	107374182506	aGFzaA==	aGFzaA==	Y21faGFzaA==	438	94489280577
68719477380	107374182506	cmNfXw==	cmNfXw==	Y21fZXJyb3I=	438	94489280578
68719477381	107374182506	Q01fRVJST1JfT0s=	PHVua25vd24+IENNX0VSUk9SX09L	QU5Z	438	94489280901
68719477382	107374182506	ZW52	ZW52	TmFwaS5FbnY=	438	94489280576
68719477383	107374182506	cmNfXw==	cmNfXw==	Y21fZXJyb3I=	438	94489280578
68719477384	107374182506	ZW52	ZW52	TmFwaS5FbnY=	438	94489280576
68719477385	107374182506	ZW52	ZW52	TmFwaS5FbnY=	439	94489280576
68719477386	107374182506	aGFzaA==	aGFzaA==	Y21faGFzaA==	439	94489280577
68719477387	107374182506	Q01fSEFTSF9TSVpF	PHVua25vd24+IENNX0hBU0hfU0laRQ==	QU5Z	439	94489280900
68719477388	107374182506	ZW52	ZW52	TmFwaS5FbnY=	443	94489280579
68719477389	107374182506	aW5mbw==	aW5mbw==	TmFwaS5DYWxsYmFja0luZm8m	443	111669149781
68719477390	107374182506	aGFzaA==	aGFzaA==	Y21faGFzaCo=	444	94489280580
68719477391	107374182506	ZW52	ZW52	TmFwaS5FbnY=	445	94489280579
68719477392	107374182506	aW5mbw==	aW5mbw==	TmFwaS5DYWxsYmFja0luZm8m	445	111669149781
68719477393	107374182506	aGFzaA==	aGFzaA==	Y21faGFzaCo=	445	94489280580
68719477394	107374182506	ZW52	ZW52	TmFwaS5FbnY=	446	94489280579
68719477395	107374182506	ZW52	ZW52	TmFwaS5FbnY=	448	
68719477396	107374182506	cmNfXw==	Q0hFQ0tfQ00oZW52LCBjbV93cml0ZV9yZXZlcnRfcm9vdF9oYXNoKG1hY2hpbmVfLCBoYXNoKSk=	Y21fZXJyb3I=	448	94489280581
68719477397	107374182506	dGhpcw==	dGhpcw==	TWFjaGluZSo=	448	111669149780
68719477398	107374182506	aGFzaA==	aGFzaA==	Y21faGFzaCo=	448	94489280580
68719477399	107374182506	cmNfXw==	cmNfXw==	Y21fZXJyb3I=	448	94489280581
68719477400	107374182506	Q01fRVJST1JfT0s=	PHVua25vd24+IENNX0VSUk9SX09L	QU5Z	448	94489280899
68719477401	107374182506	ZW52	ZW52	TmFwaS5FbnY=	448	94489280579
68719477402	107374182506	cmNfXw==	cmNfXw==	Y21fZXJyb3I=	448	94489280581
68719477403	107374182506	ZW52	ZW52	TmFwaS5FbnY=	448	94489280579
68719477404	107374182506	ZW52	ZW52	TmFwaS5FbnY=	449	94489280579
68719477405	107374182506	ZW52	ZW52	TmFwaS5FbnY=	453	94489280582
68719477406	107374182506	aW5mbw==	aW5mbw==	TmFwaS5DYWxsYmFja0luZm8m	453	111669149783
68719477407	107374182506	cGFkZHI=	cGFkZHI=	dWludDY0X3Q=	454	94489280583
68719477408	107374182506	ZW52	ZW52	TmFwaS5FbnY=	455	94489280582
68719477409	107374182506	aW5mbw==	aW5mbw==	TmFwaS5DYWxsYmFja0luZm8m	455	111669149783
68719477410	107374182506	cGFkZHI=	cGFkZHI=	dWludDY0X3Q=	455	94489280583
68719477411	107374182506	ZW52	ZW52	TmFwaS5FbnY=	456	94489280582
68719477412	107374182506	bmFtZQ==	bmFtZQ==	Y2hhcio=	458	94489280584
68719477413	107374182506	ZW52	ZW52	TmFwaS5FbnY=	459	
68719477414	107374182506	cmNfXw==	Q0hFQ0tfQ00oZW52LCBjbV9nZXRfYWRkcmVzc19uYW1lKG1hY2hpbmVfLCBwYWRkciwgJm5hbWUpKQ==	Y21fZXJyb3I=	459	94489280585
68719477415	107374182506	dGhpcw==	dGhpcw==	TWFjaGluZSo=	459	111669149782
68719477416	107374182506	cGFkZHI=	cGFkZHI=	dWludDY0X3Q=	459	94489280583
68719477417	107374182506	bmFtZQ==	bmFtZQ==	Y2hhcio=	459	94489280584
68719477418	107374182506	cmNfXw==	cmNfXw==	Y21fZXJyb3I=	459	94489280585
68719477419	107374182506	Q01fRVJST1JfT0s=	PHVua25vd24+IENNX0VSUk9SX09L	QU5Z	459	94489280898
68719477420	107374182506	ZW52	ZW52	TmFwaS5FbnY=	459	94489280582
68719477421	107374182506	cmNfXw==	cmNfXw==	Y21fZXJyb3I=	459	94489280585
68719477422	107374182506	ZW52	ZW52	TmFwaS5FbnY=	459	94489280582
68719477423	107374182506	ZW52	ZW52	TmFwaS5FbnY=	460	94489280582
68719477424	107374182506	bmFtZQ==	bmFtZQ==	Y2hhcio=	460	94489280584
68719477425	107374182506	ZW52	ZW52	TmFwaS5FbnY=	464	94489280586
68719477426	107374182506	aW5mbw==	aW5mbw==	TmFwaS5DYWxsYmFja0luZm8m	464	111669149785
68719477427	107374182506	YWRkcmVzcw==	YWRkcmVzcw==	dWludDY0X3Q=	465	94489280587
68719477428	107374182506	bG9nMl9zaXpl	bG9nMl9zaXpl	aW50MzJfdA==	466	94489280588
68719477429	107374182506	ZW52	ZW52	TmFwaS5FbnY=	467	94489280586
68719477430	107374182506	aW5mbw==	aW5mbw==	TmFwaS5DYWxsYmFja0luZm8m	467	111669149785
68719477431	107374182506	YWRkcmVzcw==	YWRkcmVzcw==	dWludDY0X3Q=	467	94489280587
68719477432	107374182506	ZW52	ZW52	TmFwaS5FbnY=	467	94489280586
68719477433	107374182506	aW5mbw==	aW5mbw==	TmFwaS5DYWxsYmFja0luZm8m	467	111669149785
68719477434	107374182506	bG9nMl9zaXpl	bG9nMl9zaXpl	aW50MzJfdA==	467	94489280588
68719477435	107374182506	ZW52	ZW52	TmFwaS5FbnY=	468	94489280586
68719477436	107374182506	bG9nMl9yb290X3NpemU=	bG9nMl9yb290X3NpemU=	aW50MzJfdA==	470	94489280589
68719477437	107374182506	Q01fSEFTSF9UUkVFX0xPRzJfUk9PVF9TSVpF	PHVua25vd24+IENNX0hBU0hfVFJFRV9MT0cyX1JPT1RfU0laRQ==	QU5Z	470	94489280897
68719477438	107374182506	aW5mbw==	aW5mbw==	TmFwaS5DYWxsYmFja0luZm8m	471	111669149785
68719477439	107374182506	ZW52	ZW52	TmFwaS5FbnY=	471	94489280586
68719477440	107374182506	aW5mbw==	aW5mbw==	TmFwaS5DYWxsYmFja0luZm8m	471	111669149785
68719477441	107374182506	bG9nMl9yb290X3NpemU=	bG9nMl9yb290X3NpemU=	aW50MzJfdA==	471	94489280589
68719477442	107374182506	ZW52	ZW52	TmFwaS5FbnY=	472	94489280586
68719477443	107374182506	cHJvb2Y=	cHJvb2Y=	Y2hhcio=	474	94489280590
68719477444	107374182506	ZW52	ZW52	TmFwaS5FbnY=	475	
68719477445	107374182506	cmNfXw==	Q0hFQ0tfQ00oZW52LCBjbV9nZXRfcHJvb2YobWFjaGluZV8sIGFkZHJlc3MsIGxvZzJfc2l6ZSwgbG9nMl9yb290X3NpemUsICZwcm9vZikp	Y21fZXJyb3I=	475	94489280591
68719477446	107374182506	dGhpcw==	dGhpcw==	TWFjaGluZSo=	475	111669149784
68719477447	107374182506	YWRkcmVzcw==	YWRkcmVzcw==	dWludDY0X3Q=	475	94489280587
68719477448	107374182506	bG9nMl9zaXpl	bG9nMl9zaXpl	aW50MzJfdA==	475	94489280588
68719477449	107374182506	bG9nMl9yb290X3NpemU=	bG9nMl9yb290X3NpemU=	aW50MzJfdA==	475	94489280589
68719477450	107374182506	cHJvb2Y=	cHJvb2Y=	Y2hhcio=	475	94489280590
68719477451	107374182506	cmNfXw==	cmNfXw==	Y21fZXJyb3I=	475	94489280591
68719477452	107374182506	Q01fRVJST1JfT0s=	PHVua25vd24+IENNX0VSUk9SX09L	QU5Z	475	94489280896
68719477453	107374182506	ZW52	ZW52	TmFwaS5FbnY=	475	94489280586
68719477454	107374182506	cmNfXw==	cmNfXw==	Y21fZXJyb3I=	475	94489280591
68719477455	107374182506	ZW52	ZW52	TmFwaS5FbnY=	475	94489280586
68719477456	107374182506	ZW52	ZW52	TmFwaS5FbnY=	476	94489280586
68719477457	107374182506	cHJvb2Y=	cHJvb2Y=	Y2hhcio=	476	94489280590
68719477458	107374182506	ZW52	ZW52	TmFwaS5FbnY=	480	94489280592
68719477459	107374182506	aW5mbw==	aW5mbw==	TmFwaS5DYWxsYmFja0luZm8m	480	111669149787
68719477460	107374182506	YWRkcmVzcw==	YWRkcmVzcw==	dWludDY0X3Q=	481	94489280593
68719477461	107374182506	ZW52	ZW52	TmFwaS5FbnY=	482	94489280592
68719477462	107374182506	aW5mbw==	aW5mbw==	TmFwaS5DYWxsYmFja0luZm8m	482	111669149787
68719477463	107374182506	YWRkcmVzcw==	YWRkcmVzcw==	dWludDY0X3Q=	482	94489280593
68719477464	107374182506	ZW52	ZW52	TmFwaS5FbnY=	483	94489280592
68719477465	107374182506	dmFs	dmFs	dWludDY0X3Q=	485	94489280594
68719477466	107374182506	ZW52	ZW52	TmFwaS5FbnY=	486	
68719477467	107374182506	cmNfXw==	Q0hFQ0tfQ00oZW52LCBjbV9yZWFkX3dvcmQobWFjaGluZV8sIGFkZHJlc3MsICZ2YWwpKQ==	Y21fZXJyb3I=	486	94489280595
68719477468	107374182506	dGhpcw==	dGhpcw==	TWFjaGluZSo=	486	111669149786
68719477469	107374182506	YWRkcmVzcw==	YWRkcmVzcw==	dWludDY0X3Q=	486	94489280593
68719477470	107374182506	dmFs	dmFs	dWludDY0X3Q=	486	94489280594
68719477471	107374182506	cmNfXw==	cmNfXw==	Y21fZXJyb3I=	486	94489280595
68719477472	107374182506	Q01fRVJST1JfT0s=	PHVua25vd24+IENNX0VSUk9SX09L	QU5Z	486	94489280895
68719477473	107374182506	ZW52	ZW52	TmFwaS5FbnY=	486	94489280592
68719477474	107374182506	cmNfXw==	cmNfXw==	Y21fZXJyb3I=	486	94489280595
68719477475	107374182506	ZW52	ZW52	TmFwaS5FbnY=	486	94489280592
68719477476	107374182506	ZW52	ZW52	TmFwaS5FbnY=	487	94489280592
68719477477	107374182506	dmFs	dmFs	dWludDY0X3Q=	487	94489280594
68719477478	107374182506	ZW52	ZW52	TmFwaS5FbnY=	491	94489280596
68719477479	107374182506	aW5mbw==	aW5mbw==	TmFwaS5DYWxsYmFja0luZm8m	491	111669149789
68719477480	107374182506	cmVn	cmVn	aW50MzJfdA==	492	94489280597
68719477481	107374182506	ZW52	ZW52	TmFwaS5FbnY=	493	94489280596
68719477482	107374182506	aW5mbw==	aW5mbw==	TmFwaS5DYWxsYmFja0luZm8m	493	111669149789
68719477483	107374182506	cmVn	cmVn	aW50MzJfdA==	493	94489280597
68719477484	107374182506	ZW52	ZW52	TmFwaS5FbnY=	494	94489280596
68719477485	107374182506	dmFs	dmFs	dWludDY0X3Q=	496	94489280598
68719477486	107374182506	ZW52	ZW52	TmFwaS5FbnY=	497	
68719477487	107374182506	cmNfXw==	Q0hFQ0tfQ00oZW52LCBjbV9yZWFkX3JlZyhtYWNoaW5lXywgc3RhdGljX2Nhc3Q8Y21fcmVnPihyZWcpLCAmdmFsKSk=	Y21fZXJyb3I=	497	94489280599
68719477488	107374182506	dGhpcw==	dGhpcw==	TWFjaGluZSo=	497	111669149788
68719477489	107374182506	cmVn	cmVn	aW50MzJfdA==	497	94489280597
68719477490	107374182506	dmFs	dmFs	dWludDY0X3Q=	497	94489280598
68719477491	107374182506	cmNfXw==	cmNfXw==	Y21fZXJyb3I=	497	94489280599
68719477492	107374182506	Q01fRVJST1JfT0s=	PHVua25vd24+IENNX0VSUk9SX09L	QU5Z	497	94489280894
68719477493	107374182506	ZW52	ZW52	TmFwaS5FbnY=	497	94489280596
68719477494	107374182506	cmNfXw==	cmNfXw==	Y21fZXJyb3I=	497	94489280599
68719477495	107374182506	ZW52	ZW52	TmFwaS5FbnY=	497	94489280596
68719477496	107374182506	ZW52	ZW52	TmFwaS5FbnY=	498	94489280596
68719477497	107374182506	dmFs	dmFs	dWludDY0X3Q=	498	94489280598
68719477498	107374182506	ZW52	ZW52	TmFwaS5FbnY=	502	94489280600
68719477499	107374182506	aW5mbw==	aW5mbw==	TmFwaS5DYWxsYmFja0luZm8m	502	111669149791
68719477500	107374182506	cmVn	cmVn	aW50MzJfdA==	503	94489280601
68719477501	107374182506	dmFs	dmFs	dWludDY0X3Q=	504	94489280602
68719477502	107374182506	ZW52	ZW52	TmFwaS5FbnY=	505	94489280600
68719477503	107374182506	aW5mbw==	aW5mbw==	TmFwaS5DYWxsYmFja0luZm8m	505	111669149791
68719477504	107374182506	cmVn	cmVn	aW50MzJfdA==	505	94489280601
68719477505	107374182506	ZW52	ZW52	TmFwaS5FbnY=	505	94489280600
68719477506	107374182506	aW5mbw==	aW5mbw==	TmFwaS5DYWxsYmFja0luZm8m	505	111669149791
68719477507	107374182506	dmFs	dmFs	dWludDY0X3Q=	505	94489280602
68719477508	107374182506	ZW52	ZW52	TmFwaS5FbnY=	506	94489280600
68719477509	107374182506	ZW52	ZW52	TmFwaS5FbnY=	508	
68719477510	107374182506	cmNfXw==	Q0hFQ0tfQ00oZW52LCBjbV93cml0ZV9yZWcobWFjaGluZV8sIHN0YXRpY19jYXN0PGNtX3JlZz4ocmVnKSwgdmFsKSk=	Y21fZXJyb3I=	508	94489280603
68719477511	107374182506	dGhpcw==	dGhpcw==	TWFjaGluZSo=	508	111669149790
68719477512	107374182506	cmVn	cmVn	aW50MzJfdA==	508	94489280601
68719477513	107374182506	dmFs	dmFs	dWludDY0X3Q=	508	94489280602
68719477514	107374182506	cmNfXw==	cmNfXw==	Y21fZXJyb3I=	508	94489280603
68719477515	107374182506	Q01fRVJST1JfT0s=	PHVua25vd24+IENNX0VSUk9SX09L	QU5Z	508	94489280893
68719477516	107374182506	ZW52	ZW52	TmFwaS5FbnY=	508	94489280600
68719477517	107374182506	cmNfXw==	cmNfXw==	Y21fZXJyb3I=	508	94489280603
68719477518	107374182506	ZW52	ZW52	TmFwaS5FbnY=	508	94489280600
68719477519	107374182506	ZW52	ZW52	TmFwaS5FbnY=	509	94489280600
68719477520	107374182506	ZW52	ZW52	TmFwaS5FbnY=	513	94489280604
68719477521	107374182506	aW5mbw==	aW5mbw==	TmFwaS5DYWxsYmFja0luZm8m	513	111669149793
68719477522	107374182506	YWRkcmVzcw==	YWRkcmVzcw==	dWludDY0X3Q=	514	94489280605
68719477523	107374182506	bGVuZ3Ro	bGVuZ3Ro	dWludDY0X3Q=	515	94489280606
68719477524	107374182506	ZW52	ZW52	TmFwaS5FbnY=	516	94489280604
68719477525	107374182506	aW5mbw==	aW5mbw==	TmFwaS5DYWxsYmFja0luZm8m	516	111669149793
68719477526	107374182506	YWRkcmVzcw==	YWRkcmVzcw==	dWludDY0X3Q=	516	94489280605
68719477527	107374182506	ZW52	ZW52	TmFwaS5FbnY=	516	94489280604
68719477528	107374182506	aW5mbw==	aW5mbw==	TmFwaS5DYWxsYmFja0luZm8m	516	111669149793
68719477529	107374182506	bGVuZ3Ro	bGVuZ3Ro	dWludDY0X3Q=	516	94489280606
68719477530	107374182506	ZW52	ZW52	TmFwaS5FbnY=	517	94489280604
68719477531	107374182506	bGVuZ3Ro	bGVuZ3Ro	dWludDY0X3Q=	519	94489280606
68719477532	107374182506	U0laRV9NQVg=	PHVua25vd24+IFNJWkVfTUFY	QU5Z	519	94489280892
68719477533	107374182506	ZW52	ZW52	TmFwaS5FbnY=	520	94489280604
68719477534	107374182506	ZW52	ZW52	TmFwaS5FbnY=	521	94489280604
68719477535	107374182506	ZGF0YQ==	ZGF0YQ==	TmFwaS5CdWZmZXI=	523	94489280607
68719477536	107374182506	ZW52	ZW52	TmFwaS5FbnY=	523	94489280604
68719477537	107374182506	bGVuZ3Ro	bGVuZ3Ro	dWludDY0X3Q=	523	94489280606
68719477538	107374182506	ZW52	ZW52	TmFwaS5FbnY=	524	
68719477539	107374182506	cmNfXw==	Q0hFQ0tfQ00oZW52LCBjbV9yZWFkX21lbW9yeShtYWNoaW5lXywgYWRkcmVzcywgZGF0YS5EYXRhKCksIGxlbmd0aCkp	Y21fZXJyb3I=	524	94489280608
68719477540	107374182506	dGhpcw==	dGhpcw==	TWFjaGluZSo=	524	111669149792
68719477541	107374182506	YWRkcmVzcw==	YWRkcmVzcw==	dWludDY0X3Q=	524	94489280605
68719477542	107374182506	ZGF0YQ==	ZGF0YQ==	TmFwaS5CdWZmZXI=	524	94489280607
68719477543	107374182506	bGVuZ3Ro	bGVuZ3Ro	dWludDY0X3Q=	524	94489280606
68719477544	107374182506	cmNfXw==	cmNfXw==	Y21fZXJyb3I=	524	94489280608
68719477545	107374182506	Q01fRVJST1JfT0s=	PHVua25vd24+IENNX0VSUk9SX09L	QU5Z	524	94489280891
68719477546	107374182506	ZW52	ZW52	TmFwaS5FbnY=	524	94489280604
68719477547	107374182506	cmNfXw==	cmNfXw==	Y21fZXJyb3I=	524	94489280608
68719477548	107374182506	ZW52	ZW52	TmFwaS5FbnY=	524	94489280604
68719477549	107374182506	ZGF0YQ==	ZGF0YQ==	TmFwaS5CdWZmZXI=	525	94489280607
68719477550	107374182506	ZW52	ZW52	TmFwaS5FbnY=	529	94489280609
68719477551	107374182506	aW5mbw==	aW5mbw==	TmFwaS5DYWxsYmFja0luZm8m	529	111669149795
68719477552	107374182506	YWRkcmVzcw==	YWRkcmVzcw==	dWludDY0X3Q=	530	94489280610
68719477553	107374182506	ZGF0YQ==	ZGF0YQ==	dWludDhfdCo=	531	94489280611
68719477554	107374182506	bGVuZ3Ro	bGVuZ3Ro	c2l6ZV90	532	94489280612
68719477555	107374182506	ZW52	ZW52	TmFwaS5FbnY=	533	94489280609
68719477556	107374182506	aW5mbw==	aW5mbw==	TmFwaS5DYWxsYmFja0luZm8m	533	111669149795
68719477557	107374182506	YWRkcmVzcw==	YWRkcmVzcw==	dWludDY0X3Q=	533	94489280610
68719477558	107374182506	ZW52	ZW52	TmFwaS5FbnY=	533	94489280609
68719477559	107374182506	aW5mbw==	aW5mbw==	TmFwaS5DYWxsYmFja0luZm8m	533	111669149795
68719477560	107374182506	ZGF0YQ==	ZGF0YQ==	dWludDhfdCo=	533	94489280611
68719477561	107374182506	bGVuZ3Ro	bGVuZ3Ro	c2l6ZV90	533	94489280612
68719477562	107374182506	ZW52	ZW52	TmFwaS5FbnY=	534	94489280609
68719477563	107374182506	ZW52	ZW52	TmFwaS5FbnY=	536	
68719477564	107374182506	cmNfXw==	Q0hFQ0tfQ00oZW52LCBjbV93cml0ZV9tZW1vcnkobWFjaGluZV8sIGFkZHJlc3MsIGRhdGEsIGxlbmd0aCkp	Y21fZXJyb3I=	536	94489280613
68719477565	107374182506	dGhpcw==	dGhpcw==	TWFjaGluZSo=	536	111669149794
68719477566	107374182506	YWRkcmVzcw==	YWRkcmVzcw==	dWludDY0X3Q=	536	94489280610
68719477567	107374182506	ZGF0YQ==	ZGF0YQ==	dWludDhfdCo=	536	94489280611
68719477568	107374182506	bGVuZ3Ro	bGVuZ3Ro	c2l6ZV90	536	94489280612
68719477569	107374182506	cmNfXw==	cmNfXw==	Y21fZXJyb3I=	536	94489280613
68719477570	107374182506	Q01fRVJST1JfT0s=	PHVua25vd24+IENNX0VSUk9SX09L	QU5Z	536	94489280890
68719477571	107374182506	ZW52	ZW52	TmFwaS5FbnY=	536	94489280609
68719477572	107374182506	cmNfXw==	cmNfXw==	Y21fZXJyb3I=	536	94489280613
68719477573	107374182506	ZW52	ZW52	TmFwaS5FbnY=	536	94489280609
68719477574	107374182506	ZW52	ZW52	TmFwaS5FbnY=	537	94489280609
68719477575	107374182506	ZW52	ZW52	TmFwaS5FbnY=	541	94489280614
68719477576	107374182506	aW5mbw==	aW5mbw==	TmFwaS5DYWxsYmFja0luZm8m	541	111669149797
68719477577	107374182506	YWRkcmVzcw==	YWRkcmVzcw==	dWludDY0X3Q=	542	94489280615
68719477578	107374182506	bGVuZ3Ro	bGVuZ3Ro	dWludDY0X3Q=	543	94489280616
68719477579	107374182506	ZW52	ZW52	TmFwaS5FbnY=	544	94489280614
68719477580	107374182506	aW5mbw==	aW5mbw==	TmFwaS5DYWxsYmFja0luZm8m	544	111669149797
68719477581	107374182506	YWRkcmVzcw==	YWRkcmVzcw==	dWludDY0X3Q=	544	94489280615
68719477582	107374182506	ZW52	ZW52	TmFwaS5FbnY=	544	94489280614
68719477583	107374182506	aW5mbw==	aW5mbw==	TmFwaS5DYWxsYmFja0luZm8m	544	111669149797
68719477584	107374182506	bGVuZ3Ro	bGVuZ3Ro	dWludDY0X3Q=	544	94489280616
68719477585	107374182506	ZW52	ZW52	TmFwaS5FbnY=	545	94489280614
68719477586	107374182506	bGVuZ3Ro	bGVuZ3Ro	dWludDY0X3Q=	547	94489280616
68719477587	107374182506	U0laRV9NQVg=	PHVua25vd24+IFNJWkVfTUFY	QU5Z	547	94489280889
68719477588	107374182506	ZW52	ZW52	TmFwaS5FbnY=	548	94489280614
68719477589	107374182506	ZW52	ZW52	TmFwaS5FbnY=	549	94489280614
68719477590	107374182506	ZGF0YQ==	ZGF0YQ==	TmFwaS5CdWZmZXI=	551	94489280617
68719477591	107374182506	ZW52	ZW52	TmFwaS5FbnY=	551	94489280614
68719477592	107374182506	bGVuZ3Ro	bGVuZ3Ro	dWludDY0X3Q=	551	94489280616
68719477593	107374182506	ZW52	ZW52	TmFwaS5FbnY=	552	
68719477594	107374182506	cmNfXw==	Q0hFQ0tfQ00oZW52LCBjbV9yZWFkX3ZpcnR1YWxfbWVtb3J5KG1hY2hpbmVfLCBhZGRyZXNzLCBkYXRhLkRhdGEoKSwgbGVuZ3RoKSk=	Y21fZXJyb3I=	552	94489280618
68719477595	107374182506	dGhpcw==	dGhpcw==	TWFjaGluZSo=	552	111669149796
68719477596	107374182506	YWRkcmVzcw==	YWRkcmVzcw==	dWludDY0X3Q=	552	94489280615
68719477597	107374182506	ZGF0YQ==	ZGF0YQ==	TmFwaS5CdWZmZXI=	552	94489280617
68719477598	107374182506	bGVuZ3Ro	bGVuZ3Ro	dWludDY0X3Q=	552	94489280616
68719477599	107374182506	cmNfXw==	cmNfXw==	Y21fZXJyb3I=	552	94489280618
68719477600	107374182506	Q01fRVJST1JfT0s=	PHVua25vd24+IENNX0VSUk9SX09L	QU5Z	552	94489280888
68719477601	107374182506	ZW52	ZW52	TmFwaS5FbnY=	552	94489280614
68719477602	107374182506	cmNfXw==	cmNfXw==	Y21fZXJyb3I=	552	94489280618
68719477603	107374182506	ZW52	ZW52	TmFwaS5FbnY=	552	94489280614
68719477604	107374182506	ZGF0YQ==	ZGF0YQ==	TmFwaS5CdWZmZXI=	553	94489280617
68719477605	107374182506	ZW52	ZW52	TmFwaS5FbnY=	557	94489280619
68719477606	107374182506	aW5mbw==	aW5mbw==	TmFwaS5DYWxsYmFja0luZm8m	557	111669149799
68719477607	107374182506	YWRkcmVzcw==	YWRkcmVzcw==	dWludDY0X3Q=	558	94489280620
68719477608	107374182506	ZGF0YQ==	ZGF0YQ==	dWludDhfdCo=	559	94489280621
68719477609	107374182506	bGVuZ3Ro	bGVuZ3Ro	c2l6ZV90	560	94489280622
68719477610	107374182506	ZW52	ZW52	TmFwaS5FbnY=	561	94489280619
68719477611	107374182506	aW5mbw==	aW5mbw==	TmFwaS5DYWxsYmFja0luZm8m	561	111669149799
68719477612	107374182506	YWRkcmVzcw==	YWRkcmVzcw==	dWludDY0X3Q=	561	94489280620
68719477613	107374182506	ZW52	ZW52	TmFwaS5FbnY=	561	94489280619
68719477614	107374182506	aW5mbw==	aW5mbw==	TmFwaS5DYWxsYmFja0luZm8m	561	111669149799
68719477615	107374182506	ZGF0YQ==	ZGF0YQ==	dWludDhfdCo=	561	94489280621
68719477616	107374182506	bGVuZ3Ro	bGVuZ3Ro	c2l6ZV90	561	94489280622
68719477617	107374182506	ZW52	ZW52	TmFwaS5FbnY=	562	94489280619
68719477618	107374182506	ZW52	ZW52	TmFwaS5FbnY=	564	
68719477619	107374182506	cmNfXw==	Q0hFQ0tfQ00oZW52LCBjbV93cml0ZV92aXJ0dWFsX21lbW9yeShtYWNoaW5lXywgYWRkcmVzcywgZGF0YSwgbGVuZ3RoKSk=	Y21fZXJyb3I=	564	94489280623
68719477620	107374182506	dGhpcw==	dGhpcw==	TWFjaGluZSo=	564	111669149798
68719477621	107374182506	YWRkcmVzcw==	YWRkcmVzcw==	dWludDY0X3Q=	564	94489280620
68719477622	107374182506	ZGF0YQ==	ZGF0YQ==	dWludDhfdCo=	564	94489280621
68719477623	107374182506	bGVuZ3Ro	bGVuZ3Ro	c2l6ZV90	564	94489280622
68719477624	107374182506	cmNfXw==	cmNfXw==	Y21fZXJyb3I=	564	94489280623
68719477625	107374182506	Q01fRVJST1JfT0s=	PHVua25vd24+IENNX0VSUk9SX09L	QU5Z	564	94489280887
68719477626	107374182506	ZW52	ZW52	TmFwaS5FbnY=	564	94489280619
68719477627	107374182506	cmNfXw==	cmNfXw==	Y21fZXJyb3I=	564	94489280623
68719477628	107374182506	ZW52	ZW52	TmFwaS5FbnY=	564	94489280619
68719477629	107374182506	ZW52	ZW52	TmFwaS5FbnY=	565	94489280619
68719477630	107374182506	ZW52	ZW52	TmFwaS5FbnY=	569	94489280624
68719477631	107374182506	aW5mbw==	aW5mbw==	TmFwaS5DYWxsYmFja0luZm8m	569	111669149801
68719477632	107374182506	dmFkZHI=	dmFkZHI=	dWludDY0X3Q=	570	94489280625
68719477633	107374182506	ZW52	ZW52	TmFwaS5FbnY=	571	94489280624
68719477634	107374182506	aW5mbw==	aW5mbw==	TmFwaS5DYWxsYmFja0luZm8m	571	111669149801
68719477635	107374182506	dmFkZHI=	dmFkZHI=	dWludDY0X3Q=	571	94489280625
68719477636	107374182506	ZW52	ZW52	TmFwaS5FbnY=	572	94489280624
68719477637	107374182506	cGFkZHI=	cGFkZHI=	dWludDY0X3Q=	574	94489280626
68719477638	107374182506	ZW52	ZW52	TmFwaS5FbnY=	575	
68719477639	107374182506	cmNfXw==	Q0hFQ0tfQ00oZW52LCBjbV90cmFuc2xhdGVfdmlydHVhbF9hZGRyZXNzKG1hY2hpbmVfLCB2YWRkciwgJnBhZGRyKSk=	Y21fZXJyb3I=	575	94489280627
68719477640	107374182506	dGhpcw==	dGhpcw==	TWFjaGluZSo=	575	111669149800
68719477641	107374182506	dmFkZHI=	dmFkZHI=	dWludDY0X3Q=	575	94489280625
68719477642	107374182506	cGFkZHI=	cGFkZHI=	dWludDY0X3Q=	575	94489280626
68719477643	107374182506	cmNfXw==	cmNfXw==	Y21fZXJyb3I=	575	94489280627
68719477644	107374182506	Q01fRVJST1JfT0s=	PHVua25vd24+IENNX0VSUk9SX09L	QU5Z	575	94489280886
68719477645	107374182506	ZW52	ZW52	TmFwaS5FbnY=	575	94489280624
68719477646	107374182506	cmNfXw==	cmNfXw==	Y21fZXJyb3I=	575	94489280627
68719477647	107374182506	ZW52	ZW52	TmFwaS5FbnY=	575	94489280624
68719477648	107374182506	ZW52	ZW52	TmFwaS5FbnY=	576	94489280624
68719477649	107374182506	cGFkZHI=	cGFkZHI=	dWludDY0X3Q=	576	94489280626
68719477650	107374182506	ZW52	ZW52	TmFwaS5FbnY=	583	94489280628
68719477651	107374182506	aW5mbw==	aW5mbw==	TmFwaS5DYWxsYmFja0luZm8m	583	111669149803
68719477652	107374182506	bWF4X2xlbmd0aA==	bWF4X2xlbmd0aA==	dWludDY0X3Q=	584	94489280629
68719477653	107374182506	ZW52	ZW52	TmFwaS5FbnY=	585	94489280628
68719477654	107374182506	aW5mbw==	aW5mbw==	TmFwaS5DYWxsYmFja0luZm8m	585	111669149803
68719477655	107374182506	bWF4X2xlbmd0aA==	bWF4X2xlbmd0aA==	dWludDY0X3Q=	585	94489280629
68719477656	107374182506	ZW52	ZW52	TmFwaS5FbnY=	586	94489280628
68719477657	107374182506	cmVhZF9sZW5ndGg=	cmVhZF9sZW5ndGg=	dWludDY0X3Q=	588	94489280630
68719477658	107374182506	bWF4X2xlbmd0aA==	bWF4X2xlbmd0aA==	dWludDY0X3Q=	589	94489280629
68719477659	107374182506	ZW52	ZW52	TmFwaS5FbnY=	590	
68719477660	107374182506	cmNfXw==	Q0hFQ0tfQ00oZW52LCBjbV9yZWFkX2NvbnNvbGVfb3V0cHV0KG1hY2hpbmVfLCBudWxscHRyLCAwLCAmbWF4X2xlbmd0aCkp	Y21fZXJyb3I=	590	94489280631
68719477661	107374182506	dGhpcw==	dGhpcw==	TWFjaGluZSo=	590	111669149802
68719477662	107374182506	bWF4X2xlbmd0aA==	bWF4X2xlbmd0aA==	dWludDY0X3Q=	590	94489280629
68719477663	107374182506	cmNfXw==	cmNfXw==	Y21fZXJyb3I=	590	94489280631
68719477664	107374182506	Q01fRVJST1JfT0s=	PHVua25vd24+IENNX0VSUk9SX09L	QU5Z	590	94489280884
68719477665	107374182506	ZW52	ZW52	TmFwaS5FbnY=	590	94489280628
68719477666	107374182506	cmNfXw==	cmNfXw==	Y21fZXJyb3I=	590	94489280631
68719477667	107374182506	ZW52	ZW52	TmFwaS5FbnY=	590	94489280628
68719477668	107374182506	bWF4X2xlbmd0aA==	bWF4X2xlbmd0aA==	dWludDY0X3Q=	591	94489280629
68719477669	107374182506	ZW52	ZW52	TmFwaS5FbnY=	592	94489280628
68719477670	107374182506	bWF4X2xlbmd0aA==	bWF4X2xlbmd0aA==	dWludDY0X3Q=	595	94489280629
68719477671	107374182506	U0laRV9NQVg=	PHVua25vd24+IFNJWkVfTUFY	QU5Z	595	94489280885
68719477672	107374182506	ZW52	ZW52	TmFwaS5FbnY=	596	94489280628
68719477673	107374182506	ZW52	ZW52	TmFwaS5FbnY=	597	94489280628
68719477674	107374182506	ZGF0YQ==	ZGF0YQ==	TmFwaS5CdWZmZXI=	599	94489280632
68719477675	107374182506	ZW52	ZW52	TmFwaS5FbnY=	599	94489280628
68719477676	107374182506	bWF4X2xlbmd0aA==	bWF4X2xlbmd0aA==	dWludDY0X3Q=	599	94489280629
68719477677	107374182506	ZW52	ZW52	TmFwaS5FbnY=	600	
68719477678	107374182506	cmNfXw==	Q0hFQ0tfQ00oZW52LCBjbV9yZWFkX2NvbnNvbGVfb3V0cHV0KG1hY2hpbmVfLCBkYXRhLkRhdGEoKSwgbWF4X2xlbmd0aCwgJnJlYWRfbGVuZ3RoKSk=	Y21fZXJyb3I=	600	94489280633
68719477679	107374182506	dGhpcw==	dGhpcw==	TWFjaGluZSo=	600	111669149802
68719477680	107374182506	ZGF0YQ==	ZGF0YQ==	TmFwaS5CdWZmZXI=	600	94489280632
68719477681	107374182506	bWF4X2xlbmd0aA==	bWF4X2xlbmd0aA==	dWludDY0X3Q=	600	94489280629
68719477682	107374182506	cmVhZF9sZW5ndGg=	cmVhZF9sZW5ndGg=	dWludDY0X3Q=	600	94489280630
68719477683	107374182506	cmNfXw==	cmNfXw==	Y21fZXJyb3I=	600	94489280633
68719477684	107374182506	Q01fRVJST1JfT0s=	PHVua25vd24+IENNX0VSUk9SX09L	QU5Z	600	94489280884
68719477685	107374182506	ZW52	ZW52	TmFwaS5FbnY=	600	94489280628
68719477686	107374182506	cmNfXw==	cmNfXw==	Y21fZXJyb3I=	600	94489280633
68719477687	107374182506	ZW52	ZW52	TmFwaS5FbnY=	600	94489280628
68719477688	107374182506	cmVhZF9sZW5ndGg=	cmVhZF9sZW5ndGg=	dWludDY0X3Q=	601	94489280630
68719477689	107374182506	bWF4X2xlbmd0aA==	bWF4X2xlbmd0aA==	dWludDY0X3Q=	601	94489280629
68719477690	107374182506	ZGF0YQ==	ZGF0YQ==	TmFwaS5CdWZmZXI=	602	94489280632
68719477691	107374182506	ZW52	ZW52	TmFwaS5FbnY=	604	94489280628
68719477692	107374182506	ZGF0YQ==	ZGF0YQ==	TmFwaS5CdWZmZXI=	604	94489280632
68719477693	107374182506	cmVhZF9sZW5ndGg=	cmVhZF9sZW5ndGg=	dWludDY0X3Q=	604	94489280630
68719477694	107374182506	ZW52	ZW52	TmFwaS5FbnY=	610	94489280634
68719477695	107374182506	aW5mbw==	aW5mbw==	TmFwaS5DYWxsYmFja0luZm8m	610	111669149805
68719477696	107374182506	ZGF0YQ==	ZGF0YQ==	dWludDhfdCo=	611	94489280635
68719477697	107374182506	bGVuZ3Ro	bGVuZ3Ro	c2l6ZV90	612	94489280636
68719477698	107374182506	ZW52	ZW52	TmFwaS5FbnY=	613	94489280634
68719477699	107374182506	aW5mbw==	aW5mbw==	TmFwaS5DYWxsYmFja0luZm8m	613	111669149805
68719477700	107374182506	ZGF0YQ==	ZGF0YQ==	dWludDhfdCo=	613	94489280635
68719477701	107374182506	bGVuZ3Ro	bGVuZ3Ro	c2l6ZV90	613	94489280636
68719477702	107374182506	ZW52	ZW52	TmFwaS5FbnY=	614	94489280634
68719477703	107374182506	d3JpdHRlbl9sZW5ndGg=	d3JpdHRlbl9sZW5ndGg=	dWludDY0X3Q=	616	94489280637
68719477704	107374182506	ZW52	ZW52	TmFwaS5FbnY=	617	
68719477705	107374182506	cmNfXw==	Q0hFQ0tfQ00oZW52LCBjbV93cml0ZV9jb25zb2xlX2lucHV0KG1hY2hpbmVfLCBkYXRhLCBsZW5ndGgsICZ3cml0dGVuX2xlbmd0aCkp	Y21fZXJyb3I=	617	94489280638
68719477706	107374182506	dGhpcw==	dGhpcw==	TWFjaGluZSo=	617	111669149804
68719477707	107374182506	ZGF0YQ==	ZGF0YQ==	dWludDhfdCo=	617	94489280635
68719477708	107374182506	bGVuZ3Ro	bGVuZ3Ro	c2l6ZV90	617	94489280636
68719477709	107374182506	d3JpdHRlbl9sZW5ndGg=	d3JpdHRlbl9sZW5ndGg=	dWludDY0X3Q=	617	94489280637
68719477710	107374182506	cmNfXw==	cmNfXw==	Y21fZXJyb3I=	617	94489280638
68719477711	107374182506	Q01fRVJST1JfT0s=	PHVua25vd24+IENNX0VSUk9SX09L	QU5Z	617	94489280883
68719477712	107374182506	ZW52	ZW52	TmFwaS5FbnY=	617	94489280634
68719477713	107374182506	cmNfXw==	cmNfXw==	Y21fZXJyb3I=	617	94489280638
68719477714	107374182506	ZW52	ZW52	TmFwaS5FbnY=	617	94489280634
68719477715	107374182506	ZW52	ZW52	TmFwaS5FbnY=	618	94489280634
68719477716	107374182506	d3JpdHRlbl9sZW5ndGg=	d3JpdHRlbl9sZW5ndGg=	dWludDY0X3Q=	618	94489280637
68719477717	107374182506	ZW52	ZW52	TmFwaS5FbnY=	622	94489280639
68719477718	107374182506	aW5mbw==	aW5mbw==	TmFwaS5DYWxsYmFja0luZm8m	622	111669149807
68719477719	107374182506	bWN5Y2xlX2VuZA==	bWN5Y2xlX2VuZA==	dWludDY0X3Q=	623	94489280640
68719477720	107374182506	ZW52	ZW52	TmFwaS5FbnY=	624	94489280639
68719477721	107374182506	aW5mbw==	aW5mbw==	TmFwaS5DYWxsYmFja0luZm8m	624	111669149807
68719477722	107374182506	bWN5Y2xlX2VuZA==	bWN5Y2xlX2VuZA==	dWludDY0X3Q=	624	94489280640
68719477723	107374182506	ZW52	ZW52	TmFwaS5FbnY=	625	94489280639
68719477724	107374182506	YnJlYWtfcmVhc29u	YnJlYWtfcmVhc29u	Y21fYnJlYWtfcmVhc29u	627	94489280641
68719477725	107374182506	Q01fQlJFQUtfUkVBU09OX0ZBSUxFRA==	PHVua25vd24+IENNX0JSRUFLX1JFQVNPTl9GQUlMRUQ=	QU5Z	627	94489280882
68719477726	107374182506	ZW52	ZW52	TmFwaS5FbnY=	628	
68719477727	107374182506	cmNfXw==	Q0hFQ0tfQ00oZW52LCBjbV9ydW4obWFjaGluZV8sIG1jeWNsZV9lbmQsICZicmVha19yZWFzb24pKQ==	Y21fZXJyb3I=	628	94489280642
68719477728	107374182506	dGhpcw==	dGhpcw==	TWFjaGluZSo=	628	111669149806
68719477729	107374182506	bWN5Y2xlX2VuZA==	bWN5Y2xlX2VuZA==	dWludDY0X3Q=	628	94489280640
68719477730	107374182506	YnJlYWtfcmVhc29u	YnJlYWtfcmVhc29u	Y21fYnJlYWtfcmVhc29u	628	94489280641
68719477731	107374182506	cmNfXw==	cmNfXw==	Y21fZXJyb3I=	628	94489280642
68719477732	107374182506	Q01fRVJST1JfT0s=	PHVua25vd24+IENNX0VSUk9SX09L	QU5Z	628	94489280881
68719477733	107374182506	ZW52	ZW52	TmFwaS5FbnY=	628	94489280639
68719477734	107374182506	cmNfXw==	cmNfXw==	Y21fZXJyb3I=	628	94489280642
68719477735	107374182506	ZW52	ZW52	TmFwaS5FbnY=	628	94489280639
68719477736	107374182506	ZW52	ZW52	TmFwaS5FbnY=	629	94489280639
68719477737	107374182506	YnJlYWtfcmVhc29u	YnJlYWtfcmVhc29u	Y21fYnJlYWtfcmVhc29u	629	94489280641
68719477738	107374182506	ZW52	ZW52	TmFwaS5FbnY=	633	94489280643
68719477739	107374182506	aW5mbw==	aW5mbw==	TmFwaS5DYWxsYmFja0luZm8m	633	111669149809
68719477740	107374182506	dWFyY2hfY3ljbGVfZW5k	dWFyY2hfY3ljbGVfZW5k	dWludDY0X3Q=	634	94489280644
68719477741	107374182506	ZW52	ZW52	TmFwaS5FbnY=	635	94489280643
68719477742	107374182506	aW5mbw==	aW5mbw==	TmFwaS5DYWxsYmFja0luZm8m	635	111669149809
68719477743	107374182506	dWFyY2hfY3ljbGVfZW5k	dWFyY2hfY3ljbGVfZW5k	dWludDY0X3Q=	635	94489280644
68719477744	107374182506	ZW52	ZW52	TmFwaS5FbnY=	636	94489280643
68719477745	107374182506	YnJlYWtfcmVhc29u	YnJlYWtfcmVhc29u	Y21fdWFyY2hfYnJlYWtfcmVhc29u	638	94489280645
68719477746	107374182506	Q01fVUFSQ0hfQlJFQUtfUkVBU09OX0ZBSUxFRA==	PHVua25vd24+IENNX1VBUkNIX0JSRUFLX1JFQVNPTl9GQUlMRUQ=	QU5Z	638	94489280880
68719477747	107374182506	ZW52	ZW52	TmFwaS5FbnY=	639	
68719477748	107374182506	cmNfXw==	Q0hFQ0tfQ00oZW52LCBjbV9ydW5fdWFyY2gobWFjaGluZV8sIHVhcmNoX2N5Y2xlX2VuZCwgJmJyZWFrX3JlYXNvbikp	Y21fZXJyb3I=	639	94489280646
68719477749	107374182506	dGhpcw==	dGhpcw==	TWFjaGluZSo=	639	111669149808
68719477750	107374182506	dWFyY2hfY3ljbGVfZW5k	dWFyY2hfY3ljbGVfZW5k	dWludDY0X3Q=	639	94489280644
68719477751	107374182506	YnJlYWtfcmVhc29u	YnJlYWtfcmVhc29u	Y21fdWFyY2hfYnJlYWtfcmVhc29u	639	94489280645
68719477752	107374182506	cmNfXw==	cmNfXw==	Y21fZXJyb3I=	639	94489280646
68719477753	107374182506	Q01fRVJST1JfT0s=	PHVua25vd24+IENNX0VSUk9SX09L	QU5Z	639	94489280879
68719477754	107374182506	ZW52	ZW52	TmFwaS5FbnY=	639	94489280643
68719477755	107374182506	cmNfXw==	cmNfXw==	Y21fZXJyb3I=	639	94489280646
68719477756	107374182506	ZW52	ZW52	TmFwaS5FbnY=	639	94489280643
68719477757	107374182506	ZW52	ZW52	TmFwaS5FbnY=	640	94489280643
68719477758	107374182506	YnJlYWtfcmVhc29u	YnJlYWtfcmVhc29u	Y21fdWFyY2hfYnJlYWtfcmVhc29u	640	94489280645
68719477759	107374182506	ZW52	ZW52	TmFwaS5FbnY=	644	94489280647
68719477760	107374182506	aW5mbw==	aW5mbw==	TmFwaS5DYWxsYmFja0luZm8m	644	111669149811
68719477761	107374182506	ZW52	ZW52	TmFwaS5FbnY=	645	
68719477762	107374182506	dGhpcw==	dGhpcw==	TWFjaGluZSo=	645	
68719477763	107374182506	cmNfXw==	Q0hFQ0tfQ00oZW52LCBjbV9yZXNldF91YXJjaChtYWNoaW5lXykp	Y21fZXJyb3I=	645	94489280648
68719477764	107374182506	dGhpcw==	dGhpcw==	TWFjaGluZSo=	645	111669149810
68719477765	107374182506	cmNfXw==	cmNfXw==	Y21fZXJyb3I=	645	94489280648
68719477766	107374182506	Q01fRVJST1JfT0s=	PHVua25vd24+IENNX0VSUk9SX09L	QU5Z	645	94489280878
68719477767	107374182506	ZW52	ZW52	TmFwaS5FbnY=	645	94489280647
68719477768	107374182506	cmNfXw==	cmNfXw==	Y21fZXJyb3I=	645	94489280648
68719477769	107374182506	ZW52	ZW52	TmFwaS5FbnY=	645	94489280647
68719477770	107374182506	ZW52	ZW52	TmFwaS5FbnY=	646	94489280647
68719477771	107374182506	ZW52	ZW52	TmFwaS5FbnY=	650	94489280649
68719477772	107374182506	aW5mbw==	aW5mbw==	TmFwaS5DYWxsYmFja0luZm8m	650	111669149813
68719477773	107374182506	Y21k	Y21k	dWludDhfdA==	651	94489280650
68719477774	107374182506	cmVhc29u	cmVhc29u	dWludDE2X3Q=	652	94489280651
68719477775	107374182506	c3Rk	c3Rk	c3Rk	653	94489280877
68719477776	107374182506	dWludDhfdA==	PHVua25vd24+IHVpbnQ4X3Q=	QU5Z	653	94489280876
68719477777	107374182506	Q01JT19CVUZGRVJfU0laRQ==	PGdsb2JhbD4gQ01JT19CVUZGRVJfU0laRQ==	c2l6ZV90	653	94489280875
68719477778	107374182506	bGVuZ3Ro	bGVuZ3Ro	dWludDY0X3Q=	654	94489280652
68719477779	107374182506	ZGF0YQ==	PHVua25vd24+IGRhdGE=	QU5Z	654	94489280873
68719477780	107374182506	ZW52	ZW52	TmFwaS5FbnY=	655	
68719477781	107374182506	cmNfXw==	Q0hFQ0tfQ00oZW52LCBjbV9yZWNlaXZlX2NtaW9fcmVxdWVzdChtYWNoaW5lXywgJmNtZCwgJnJlYXNvbiwgZGF0YS5kYXRhKCksICZsZW5ndGgpKQ==	Y21fZXJyb3I=	655	94489280653
68719477782	107374182506	dGhpcw==	dGhpcw==	TWFjaGluZSo=	655	111669149812
68719477783	107374182506	Y21k	Y21k	dWludDhfdA==	655	94489280650
68719477784	107374182506	cmVhc29u	cmVhc29u	dWludDE2X3Q=	655	94489280651
68719477785	107374182506	ZGF0YQ==	PHVua25vd24+IGRhdGE=	QU5Z	655	94489280873
68719477786	107374182506	bGVuZ3Ro	bGVuZ3Ro	dWludDY0X3Q=	655	94489280652
68719477787	107374182506	cmNfXw==	cmNfXw==	Y21fZXJyb3I=	655	94489280653
68719477788	107374182506	Q01fRVJST1JfT0s=	PHVua25vd24+IENNX0VSUk9SX09L	QU5Z	655	94489280874
68719477789	107374182506	ZW52	ZW52	TmFwaS5FbnY=	655	94489280649
68719477790	107374182506	cmNfXw==	cmNfXw==	Y21fZXJyb3I=	655	94489280653
68719477791	107374182506	ZW52	ZW52	TmFwaS5FbnY=	655	94489280649
68719477792	107374182506	cmVzdWx0	cmVzdWx0	TmFwaS5PYmplY3Q=	656	94489280654
68719477793	107374182506	ZW52	ZW52	TmFwaS5FbnY=	656	94489280649
68719477794	107374182506	cmVzdWx0	cmVzdWx0	TmFwaS5PYmplY3Q=	657	94489280654
68719477795	107374182506	ZW52	ZW52	TmFwaS5FbnY=	657	94489280649
68719477796	107374182506	Y21k	Y21k	dWludDhfdA==	657	94489280650
68719477797	107374182506	cmVzdWx0	cmVzdWx0	TmFwaS5PYmplY3Q=	658	94489280654
68719477798	107374182506	ZW52	ZW52	TmFwaS5FbnY=	658	94489280649
68719477799	107374182506	cmVhc29u	cmVhc29u	dWludDE2X3Q=	658	94489280651
68719477800	107374182506	cmVzdWx0	cmVzdWx0	TmFwaS5PYmplY3Q=	659	94489280654
68719477801	107374182506	ZW52	ZW52	TmFwaS5FbnY=	659	94489280649
68719477802	107374182506	ZGF0YQ==	PHVua25vd24+IGRhdGE=	QU5Z	659	94489280873
68719477803	107374182506	bGVuZ3Ro	bGVuZ3Ro	dWludDY0X3Q=	659	94489280652
68719477804	107374182506	cmVzdWx0	cmVzdWx0	TmFwaS5PYmplY3Q=	660	94489280654
68719477805	107374182506	ZW52	ZW52	TmFwaS5FbnY=	664	94489280655
68719477806	107374182506	aW5mbw==	aW5mbw==	TmFwaS5DYWxsYmFja0luZm8m	664	111669149815
68719477807	107374182506	cmVhc29u	cmVhc29u	aW50MzJfdA==	665	94489280656
68719477808	107374182506	ZGF0YQ==	ZGF0YQ==	dWludDhfdCo=	666	94489280657
68719477809	107374182506	bGVuZ3Ro	bGVuZ3Ro	c2l6ZV90	667	94489280658
68719477810	107374182506	cmV2ZXJ0X3Jvb3RfaGFzaA==	cmV2ZXJ0X3Jvb3RfaGFzaA==	Y21faGFzaCo=	668	94489280659
68719477811	107374182506	ZW52	ZW52	TmFwaS5FbnY=	669	94489280655
68719477812	107374182506	aW5mbw==	aW5mbw==	TmFwaS5DYWxsYmFja0luZm8m	669	111669149815
68719477813	107374182506	cmVhc29u	cmVhc29u	aW50MzJfdA==	669	94489280656
68719477814	107374182506	ZW52	ZW52	TmFwaS5FbnY=	669	94489280655
68719477815	107374182506	aW5mbw==	aW5mbw==	TmFwaS5DYWxsYmFja0luZm8m	669	111669149815
68719477816	107374182506	ZGF0YQ==	ZGF0YQ==	dWludDhfdCo=	669	94489280657
68719477817	107374182506	bGVuZ3Ro	bGVuZ3Ro	c2l6ZV90	669	94489280658
68719477818	107374182506	ZW52	ZW52	TmFwaS5FbnY=	670	94489280655
68719477819	107374182506	aW5mbw==	aW5mbw==	TmFwaS5DYWxsYmFja0luZm8m	670	111669149815
68719477820	107374182506	cmV2ZXJ0X3Jvb3RfaGFzaA==	cmV2ZXJ0X3Jvb3RfaGFzaA==	Y21faGFzaCo=	670	94489280659
68719477821	107374182506	ZW52	ZW52	TmFwaS5FbnY=	671	94489280655
68719477822	107374182506	ZW52	ZW52	TmFwaS5FbnY=	673	
68719477823	107374182506	cmNfXw==	Q0hFQ0tfQ00oZW52LCBjbV9zZW5kX2NtaW9fcmVzcG9uc2UobWFjaGluZV8sIHN0YXRpY19jYXN0PHVpbnQxNl90PihyZWFzb24pLCBkYXRhLCBsZW5ndGgsIHJldmVydF9yb290X2hhc2gpKQ==	Y21fZXJyb3I=	673	94489280660
68719477824	107374182506	dGhpcw==	dGhpcw==	TWFjaGluZSo=	673	111669149814
68719477825	107374182506	cmVhc29u	cmVhc29u	aW50MzJfdA==	673	94489280656
68719477826	107374182506	ZGF0YQ==	ZGF0YQ==	dWludDhfdCo=	673	94489280657
68719477827	107374182506	bGVuZ3Ro	bGVuZ3Ro	c2l6ZV90	673	94489280658
68719477828	107374182506	cmV2ZXJ0X3Jvb3RfaGFzaA==	cmV2ZXJ0X3Jvb3RfaGFzaA==	Y21faGFzaCo=	673	94489280659
68719477829	107374182506	cmNfXw==	cmNfXw==	Y21fZXJyb3I=	673	94489280660
68719477830	107374182506	Q01fRVJST1JfT0s=	PHVua25vd24+IENNX0VSUk9SX09L	QU5Z	673	94489280872
68719477831	107374182506	ZW52	ZW52	TmFwaS5FbnY=	673	94489280655
68719477832	107374182506	cmNfXw==	cmNfXw==	Y21fZXJyb3I=	673	94489280660
68719477833	107374182506	ZW52	ZW52	TmFwaS5FbnY=	673	94489280655
68719477834	107374182506	ZW52	ZW52	TmFwaS5FbnY=	674	94489280655
68719477835	107374182506	ZW52	ZW52	TmFwaS5FbnY=	678	94489280661
68719477836	107374182506	aW5mbw==	aW5mbw==	TmFwaS5DYWxsYmFja0luZm8m	678	111669149817
68719477837	107374182506	bWN5Y2xlX2NvdW50	bWN5Y2xlX2NvdW50	dWludDY0X3Q=	679	94489280662
68719477838	107374182506	ZW52	ZW52	TmFwaS5FbnY=	681	94489280661
68719477839	107374182506	aW5mbw==	aW5mbw==	TmFwaS5DYWxsYmFja0luZm8m	681	111669149817
68719477840	107374182506	bWN5Y2xlX2NvdW50	bWN5Y2xlX2NvdW50	dWludDY0X3Q=	681	94489280662
68719477841	107374182506	ZW52	ZW52	TmFwaS5FbnY=	681	94489280661
68719477842	107374182506	aW5mbw==	aW5mbw==	TmFwaS5DYWxsYmFja0luZm8m	681	111669149817
68719477843	107374182506	bG9nX2ZpbGVuYW1l	bG9nX2ZpbGVuYW1l	c3RkLnN0cmluZw==	681	94489280663
68719477844	107374182506	ZW52	ZW52	TmFwaS5FbnY=	682	94489280661
68719477845	107374182506	YnJlYWtfcmVhc29u	YnJlYWtfcmVhc29u	Y21fYnJlYWtfcmVhc29u	684	94489280664
68719477846	107374182506	Q01fQlJFQUtfUkVBU09OX0ZBSUxFRA==	PHVua25vd24+IENNX0JSRUFLX1JFQVNPTl9GQUlMRUQ=	QU5Z	684	94489280871
68719477847	107374182506	ZW52	ZW52	TmFwaS5FbnY=	685	
68719477848	107374182506	cmNfXw==	Q0hFQ0tfQ00oZW52LCBjbV9sb2dfc3RlcChtYWNoaW5lXywgbWN5Y2xlX2NvdW50LCBsb2dfZmlsZW5hbWUuY19zdHIoKSwgJmJyZWFrX3JlYXNvbikp	Y21fZXJyb3I=	685	94489280665
68719477849	107374182506	dGhpcw==	dGhpcw==	TWFjaGluZSo=	685	111669149816
68719477850	107374182506	bWN5Y2xlX2NvdW50	bWN5Y2xlX2NvdW50	dWludDY0X3Q=	685	94489280662
68719477851	107374182506	bG9nX2ZpbGVuYW1l	bG9nX2ZpbGVuYW1l	c3RkLnN0cmluZw==	685	94489280663
68719477852	107374182506	YnJlYWtfcmVhc29u	YnJlYWtfcmVhc29u	Y21fYnJlYWtfcmVhc29u	685	94489280664
68719477853	107374182506	cmNfXw==	cmNfXw==	Y21fZXJyb3I=	685	94489280665
68719477854	107374182506	Q01fRVJST1JfT0s=	PHVua25vd24+IENNX0VSUk9SX09L	QU5Z	685	94489280870
68719477855	107374182506	ZW52	ZW52	TmFwaS5FbnY=	685	94489280661
68719477856	107374182506	cmNfXw==	cmNfXw==	Y21fZXJyb3I=	685	94489280665
68719477857	107374182506	ZW52	ZW52	TmFwaS5FbnY=	685	94489280661
68719477858	107374182506	ZW52	ZW52	TmFwaS5FbnY=	686	94489280661
68719477859	107374182506	YnJlYWtfcmVhc29u	YnJlYWtfcmVhc29u	Y21fYnJlYWtfcmVhc29u	686	94489280664
68719477860	107374182506	ZW52	ZW52	TmFwaS5FbnY=	690	94489280666
68719477861	107374182506	aW5mbw==	aW5mbw==	TmFwaS5DYWxsYmFja0luZm8m	690	111669149819
68719477862	107374182506	bG9nX3R5cGU=	bG9nX3R5cGU=	aW50MzJfdA==	691	94489280667
68719477863	107374182506	ZW52	ZW52	TmFwaS5FbnY=	692	94489280666
68719477864	107374182506	aW5mbw==	aW5mbw==	TmFwaS5DYWxsYmFja0luZm8m	692	111669149819
68719477865	107374182506	bG9nX3R5cGU=	bG9nX3R5cGU=	aW50MzJfdA==	692	94489280667
68719477866	107374182506	ZW52	ZW52	TmFwaS5FbnY=	693	94489280666
68719477867	107374182506	bG9n	bG9n	Y2hhcio=	695	94489280668
68719477868	107374182506	ZW52	ZW52	TmFwaS5FbnY=	696	
68719477869	107374182506	cmNfXw==	Q0hFQ0tfQ00oZW52LCBjbV9sb2dfc3RlcF91YXJjaChtYWNoaW5lXywgbG9nX3R5cGUsICZsb2cpKQ==	Y21fZXJyb3I=	696	94489280669
68719477870	107374182506	dGhpcw==	dGhpcw==	TWFjaGluZSo=	696	111669149818
68719477871	107374182506	bG9nX3R5cGU=	bG9nX3R5cGU=	aW50MzJfdA==	696	94489280667
68719477872	107374182506	bG9n	bG9n	Y2hhcio=	696	94489280668
68719477873	107374182506	cmNfXw==	cmNfXw==	Y21fZXJyb3I=	696	94489280669
68719477874	107374182506	Q01fRVJST1JfT0s=	PHVua25vd24+IENNX0VSUk9SX09L	QU5Z	696	94489280869
68719477875	107374182506	ZW52	ZW52	TmFwaS5FbnY=	696	94489280666
68719477876	107374182506	cmNfXw==	cmNfXw==	Y21fZXJyb3I=	696	94489280669
68719477877	107374182506	ZW52	ZW52	TmFwaS5FbnY=	696	94489280666
68719477878	107374182506	ZW52	ZW52	TmFwaS5FbnY=	697	94489280666
68719477879	107374182506	bG9n	bG9n	Y2hhcio=	697	94489280668
68719477880	107374182506	ZW52	ZW52	TmFwaS5FbnY=	701	94489280670
68719477881	107374182506	aW5mbw==	aW5mbw==	TmFwaS5DYWxsYmFja0luZm8m	701	111669149821
68719477882	107374182506	bG9nX3R5cGU=	bG9nX3R5cGU=	aW50MzJfdA==	702	94489280671
68719477883	107374182506	ZW52	ZW52	TmFwaS5FbnY=	703	94489280670
68719477884	107374182506	aW5mbw==	aW5mbw==	TmFwaS5DYWxsYmFja0luZm8m	703	111669149821
68719477885	107374182506	bG9nX3R5cGU=	bG9nX3R5cGU=	aW50MzJfdA==	703	94489280671
68719477886	107374182506	ZW52	ZW52	TmFwaS5FbnY=	704	94489280670
68719477887	107374182506	bG9n	bG9n	Y2hhcio=	706	94489280672
68719477888	107374182506	ZW52	ZW52	TmFwaS5FbnY=	707	
68719477889	107374182506	cmNfXw==	Q0hFQ0tfQ00oZW52LCBjbV9sb2dfcmVzZXRfdWFyY2gobWFjaGluZV8sIGxvZ190eXBlLCAmbG9nKSk=	Y21fZXJyb3I=	707	94489280673
68719477890	107374182506	dGhpcw==	dGhpcw==	TWFjaGluZSo=	707	111669149820
68719477891	107374182506	bG9nX3R5cGU=	bG9nX3R5cGU=	aW50MzJfdA==	707	94489280671
68719477892	107374182506	bG9n	bG9n	Y2hhcio=	707	94489280672
68719477893	107374182506	cmNfXw==	cmNfXw==	Y21fZXJyb3I=	707	94489280673
68719477894	107374182506	Q01fRVJST1JfT0s=	PHVua25vd24+IENNX0VSUk9SX09L	QU5Z	707	94489280868
68719477895	107374182506	ZW52	ZW52	TmFwaS5FbnY=	707	94489280670
68719477896	107374182506	cmNfXw==	cmNfXw==	Y21fZXJyb3I=	707	94489280673
68719477897	107374182506	ZW52	ZW52	TmFwaS5FbnY=	707	94489280670
68719477898	107374182506	ZW52	ZW52	TmFwaS5FbnY=	708	94489280670
68719477899	107374182506	bG9n	bG9n	Y2hhcio=	708	94489280672
68719477900	107374182506	ZW52	ZW52	TmFwaS5FbnY=	712	94489280674
68719477901	107374182506	aW5mbw==	aW5mbw==	TmFwaS5DYWxsYmFja0luZm8m	712	111669149823
68719477902	107374182506	cmVhc29u	cmVhc29u	aW50MzJfdA==	713	94489280675
68719477903	107374182506	ZGF0YQ==	ZGF0YQ==	dWludDhfdCo=	714	94489280676
68719477904	107374182506	bGVuZ3Ro	bGVuZ3Ro	c2l6ZV90	715	94489280677
68719477905	107374182506	cmV2ZXJ0X3Jvb3RfaGFzaA==	cmV2ZXJ0X3Jvb3RfaGFzaA==	Y21faGFzaCo=	716	94489280678
68719477906	107374182506	bG9nX3R5cGU=	bG9nX3R5cGU=	aW50MzJfdA==	717	94489280679
68719477907	107374182506	ZW52	ZW52	TmFwaS5FbnY=	718	94489280674
68719477908	107374182506	aW5mbw==	aW5mbw==	TmFwaS5DYWxsYmFja0luZm8m	718	111669149823
68719477909	107374182506	cmVhc29u	cmVhc29u	aW50MzJfdA==	718	94489280675
68719477910	107374182506	ZW52	ZW52	TmFwaS5FbnY=	718	94489280674
68719477911	107374182506	aW5mbw==	aW5mbw==	TmFwaS5DYWxsYmFja0luZm8m	718	111669149823
68719477912	107374182506	ZGF0YQ==	ZGF0YQ==	dWludDhfdCo=	718	94489280676
68719477913	107374182506	bGVuZ3Ro	bGVuZ3Ro	c2l6ZV90	718	94489280677
68719477914	107374182506	ZW52	ZW52	TmFwaS5FbnY=	719	94489280674
68719477915	107374182506	aW5mbw==	aW5mbw==	TmFwaS5DYWxsYmFja0luZm8m	719	111669149823
68719477916	107374182506	cmV2ZXJ0X3Jvb3RfaGFzaA==	cmV2ZXJ0X3Jvb3RfaGFzaA==	Y21faGFzaCo=	719	94489280678
68719477917	107374182506	ZW52	ZW52	TmFwaS5FbnY=	719	94489280674
68719477918	107374182506	aW5mbw==	aW5mbw==	TmFwaS5DYWxsYmFja0luZm8m	719	111669149823
68719477919	107374182506	bG9nX3R5cGU=	bG9nX3R5cGU=	aW50MzJfdA==	719	94489280679
68719477920	107374182506	ZW52	ZW52	TmFwaS5FbnY=	720	94489280674
68719477921	107374182506	bG9n	bG9n	Y2hhcio=	722	94489280680
68719477922	107374182506	ZW52	ZW52	TmFwaS5FbnY=	723	
68719477923	107374182506	cmNfXw==	Q0hFQ0tfQ00oZW52LCBjbV9sb2dfc2VuZF9jbWlvX3Jlc3BvbnNlKG1hY2hpbmVfLCBzdGF0aWNfY2FzdDx1aW50MTZfdD4ocmVhc29uKSwgZGF0YSwgbGVuZ3RoLCByZXZlcnRfcm9vdF9oYXNoLAogICAgICAgICAgICAgICAgICAgICAgbG9nX3R5cGUsICZsb2cpKQ==	Y21fZXJyb3I=	723	94489280681
68719477924	107374182506	dGhpcw==	dGhpcw==	TWFjaGluZSo=	723	111669149822
68719477925	107374182506	cmVhc29u	cmVhc29u	aW50MzJfdA==	723	94489280675
68719477926	107374182506	ZGF0YQ==	ZGF0YQ==	dWludDhfdCo=	723	94489280676
68719477927	107374182506	bGVuZ3Ro	bGVuZ3Ro	c2l6ZV90	723	94489280677
68719477928	107374182506	cmV2ZXJ0X3Jvb3RfaGFzaA==	cmV2ZXJ0X3Jvb3RfaGFzaA==	Y21faGFzaCo=	723	94489280678
68719477929	107374182506	bG9nX3R5cGU=	bG9nX3R5cGU=	aW50MzJfdA==	723	94489280679
68719477930	107374182506	bG9n	bG9n	Y2hhcio=	723	94489280680
68719477931	107374182506	cmNfXw==	cmNfXw==	Y21fZXJyb3I=	723	94489280681
68719477932	107374182506	Q01fRVJST1JfT0s=	PHVua25vd24+IENNX0VSUk9SX09L	QU5Z	723	94489280867
68719477933	107374182506	ZW52	ZW52	TmFwaS5FbnY=	723	94489280674
68719477934	107374182506	cmNfXw==	cmNfXw==	Y21fZXJyb3I=	723	94489280681
68719477935	107374182506	ZW52	ZW52	TmFwaS5FbnY=	723	94489280674
68719477936	107374182506	ZW52	ZW52	TmFwaS5FbnY=	725	94489280674
68719477937	107374182506	bG9n	bG9n	Y2hhcio=	725	94489280680
68719477938	107374182506	cm9vdF9oYXNoX2JlZm9yZQ==	cm9vdF9oYXNoX2JlZm9yZQ==	Y21faGFzaCo=	733	94489280682
68719477939	107374182506	bWN5Y2xlX2NvdW50	bWN5Y2xlX2NvdW50	dWludDY0X3Q=	735	94489280684
68719477940	107374182506	ZW52	ZW52	TmFwaS5FbnY=	736	111669149824
68719477941	107374182506	aW5mbw==	aW5mbw==	TmFwaS5DYWxsYmFja0luZm8m	736	111669149825
68719477942	107374182506	YmFzZQ==	YmFzZQ==	c2l6ZV90	736	111669149826
68719477943	107374182506	cm9vdF9oYXNoX2JlZm9yZQ==	cm9vdF9oYXNoX2JlZm9yZQ==	Y21faGFzaCo=	736	94489280682
68719477944	107374182506	ZW52	ZW52	TmFwaS5FbnY=	737	111669149824
68719477945	107374182506	aW5mbw==	aW5mbw==	TmFwaS5DYWxsYmFja0luZm8m	737	111669149825
68719477946	107374182506	YmFzZQ==	YmFzZQ==	c2l6ZV90	737	111669149826
68719477947	107374182506	bG9nX2ZpbGVuYW1l	bG9nX2ZpbGVuYW1l	c3RkLnN0cmluZw==	737	94489280683
68719477948	107374182506	ZW52	ZW52	TmFwaS5FbnY=	738	111669149824
68719477949	107374182506	aW5mbw==	aW5mbw==	TmFwaS5DYWxsYmFja0luZm8m	738	111669149825
68719477950	107374182506	YmFzZQ==	YmFzZQ==	c2l6ZV90	738	111669149826
68719477951	107374182506	bWN5Y2xlX2NvdW50	bWN5Y2xlX2NvdW50	dWludDY0X3Q=	738	94489280684
68719477952	107374182506	ZW52	ZW52	TmFwaS5FbnY=	739	111669149824
68719477953	107374182506	b2J0YWluZWRfcm9vdF9oYXNo	b2J0YWluZWRfcm9vdF9oYXNo	Y21faGFzaA==	741	94489280685
68719477954	107374182506	PHRtcD4w	PHRtcD4w	Y21faGFzaA==	741	94489280866
68719477955	107374182506	PHRtcD4w	PHRtcD4w	Y21faGFzaA==	741	94489280866
68719477956	107374182506	PHRtcD4w	PHRtcD4w	Y21faGFzaA==	741	94489280866
68719477957	107374182506	ZW52	ZW52	TmFwaS5FbnY=	742	
68719477958	107374182506	cmNfXw==	Q0hFQ0tfQ00oZW52LCBjbV92ZXJpZnlfc3RlcChyb290X2hhc2hfYmVmb3JlLCBsb2dfZmlsZW5hbWUuY19zdHIoKSwgbWN5Y2xlX2NvdW50LCAmb2J0YWluZWRfcm9vdF9oYXNoKSk=	Y21fZXJyb3I=	742	94489280686
68719477959	107374182506	cm9vdF9oYXNoX2JlZm9yZQ==	cm9vdF9oYXNoX2JlZm9yZQ==	Y21faGFzaCo=	742	94489280682
68719477960	107374182506	bG9nX2ZpbGVuYW1l	bG9nX2ZpbGVuYW1l	c3RkLnN0cmluZw==	742	94489280683
68719477961	107374182506	bWN5Y2xlX2NvdW50	bWN5Y2xlX2NvdW50	dWludDY0X3Q=	742	94489280684
68719477962	107374182506	b2J0YWluZWRfcm9vdF9oYXNo	b2J0YWluZWRfcm9vdF9oYXNo	Y21faGFzaA==	742	94489280685
68719477963	107374182506	cmNfXw==	cmNfXw==	Y21fZXJyb3I=	742	94489280686
68719477964	107374182506	Q01fRVJST1JfT0s=	PHVua25vd24+IENNX0VSUk9SX09L	QU5Z	742	94489280865
68719477965	107374182506	ZW52	ZW52	TmFwaS5FbnY=	742	111669149824
68719477966	107374182506	cmNfXw==	cmNfXw==	Y21fZXJyb3I=	742	94489280686
68719477967	107374182506	ZW52	ZW52	TmFwaS5FbnY=	742	111669149824
68719477968	107374182506	ZW52	ZW52	TmFwaS5FbnY=	743	111669149824
68719477969	107374182506	b2J0YWluZWRfcm9vdF9oYXNo	b2J0YWluZWRfcm9vdF9oYXNo	Y21faGFzaA==	743	94489280685
68719477970	107374182506	Q01fSEFTSF9TSVpF	PHVua25vd24+IENNX0hBU0hfU0laRQ==	QU5Z	743	94489280864
68719477971	107374182506	cm9vdF9oYXNoX2JlZm9yZQ==	cm9vdF9oYXNoX2JlZm9yZQ==	Y21faGFzaCo=	747	94489280687
68719477972	107374182506	ZW52	ZW52	TmFwaS5FbnY=	749	111669149827
68719477973	107374182506	aW5mbw==	aW5mbw==	TmFwaS5DYWxsYmFja0luZm8m	749	111669149829
68719477974	107374182506	YmFzZQ==	YmFzZQ==	c2l6ZV90	749	111669149830
68719477975	107374182506	cm9vdF9oYXNoX2JlZm9yZQ==	cm9vdF9oYXNoX2JlZm9yZQ==	Y21faGFzaCo=	749	94489280687
68719477976	107374182506	ZW52	ZW52	TmFwaS5FbnY=	750	111669149827
68719477977	107374182506	aW5mbw==	aW5mbw==	TmFwaS5DYWxsYmFja0luZm8m	750	111669149829
68719477978	107374182506	YmFzZQ==	YmFzZQ==	c2l6ZV90	750	111669149830
68719477979	107374182506	bG9n	bG9n	c3RkLnN0cmluZw==	750	94489280688
68719477980	107374182506	ZW52	ZW52	TmFwaS5FbnY=	751	111669149827
68719477981	107374182506	b2J0YWluZWRfcm9vdF9oYXNo	b2J0YWluZWRfcm9vdF9oYXNo	Y21faGFzaA==	753	94489280689
68719477982	107374182506	PHRtcD4w	PHRtcD4w	Y21faGFzaA==	753	94489280863
68719477983	107374182506	PHRtcD4w	PHRtcD4w	Y21faGFzaA==	753	94489280863
68719477984	107374182506	PHRtcD4w	PHRtcD4w	Y21faGFzaA==	753	94489280863
68719477985	107374182506	ZW52	ZW52	TmFwaS5FbnY=	754	
68719477986	107374182506	cmNfXw==	Q0hFQ0tfQ00oZW52LCBjbV92ZXJpZnlfc3RlcF91YXJjaChtLCByb290X2hhc2hfYmVmb3JlLCBsb2cuY19zdHIoKSwgJm9idGFpbmVkX3Jvb3RfaGFzaCkp	Y21fZXJyb3I=	754	94489280690
68719477987	107374182506	bQ==	bQ==	Y21fbWFjaGluZSo=	754	111669149828
68719477988	107374182506	cm9vdF9oYXNoX2JlZm9yZQ==	cm9vdF9oYXNoX2JlZm9yZQ==	Y21faGFzaCo=	754	94489280687
68719477989	107374182506	bG9n	bG9n	c3RkLnN0cmluZw==	754	94489280688
68719477990	107374182506	b2J0YWluZWRfcm9vdF9oYXNo	b2J0YWluZWRfcm9vdF9oYXNo	Y21faGFzaA==	754	94489280689
68719477991	107374182506	cmNfXw==	cmNfXw==	Y21fZXJyb3I=	754	94489280690
68719477992	107374182506	Q01fRVJST1JfT0s=	PHVua25vd24+IENNX0VSUk9SX09L	QU5Z	754	94489280862
68719477993	107374182506	ZW52	ZW52	TmFwaS5FbnY=	754	111669149827
68719477994	107374182506	cmNfXw==	cmNfXw==	Y21fZXJyb3I=	754	94489280690
68719477995	107374182506	ZW52	ZW52	TmFwaS5FbnY=	754	111669149827
68719477996	107374182506	ZW52	ZW52	TmFwaS5FbnY=	755	111669149827
68719477997	107374182506	b2J0YWluZWRfcm9vdF9oYXNo	b2J0YWluZWRfcm9vdF9oYXNo	Y21faGFzaA==	755	94489280689
68719477998	107374182506	Q01fSEFTSF9TSVpF	PHVua25vd24+IENNX0hBU0hfU0laRQ==	QU5Z	755	94489280861
68719477999	107374182506	cm9vdF9oYXNoX2JlZm9yZQ==	cm9vdF9oYXNoX2JlZm9yZQ==	Y21faGFzaCo=	759	94489280691
68719478000	107374182506	ZW52	ZW52	TmFwaS5FbnY=	761	111669149831
68719478001	107374182506	aW5mbw==	aW5mbw==	TmFwaS5DYWxsYmFja0luZm8m	761	111669149833
68719478002	107374182506	YmFzZQ==	YmFzZQ==	c2l6ZV90	761	111669149834
68719478003	107374182506	cm9vdF9oYXNoX2JlZm9yZQ==	cm9vdF9oYXNoX2JlZm9yZQ==	Y21faGFzaCo=	761	94489280691
68719478004	107374182506	ZW52	ZW52	TmFwaS5FbnY=	762	111669149831
68719478005	107374182506	aW5mbw==	aW5mbw==	TmFwaS5DYWxsYmFja0luZm8m	762	111669149833
68719478006	107374182506	YmFzZQ==	YmFzZQ==	c2l6ZV90	762	111669149834
68719478007	107374182506	bG9n	bG9n	c3RkLnN0cmluZw==	762	94489280692
68719478008	107374182506	ZW52	ZW52	TmFwaS5FbnY=	763	111669149831
68719478009	107374182506	b2J0YWluZWRfcm9vdF9oYXNo	b2J0YWluZWRfcm9vdF9oYXNo	Y21faGFzaA==	765	94489280693
68719478010	107374182506	PHRtcD4w	PHRtcD4w	Y21faGFzaA==	765	94489280860
68719478011	107374182506	PHRtcD4w	PHRtcD4w	Y21faGFzaA==	765	94489280860
68719478012	107374182506	PHRtcD4w	PHRtcD4w	Y21faGFzaA==	765	94489280860
68719478013	107374182506	ZW52	ZW52	TmFwaS5FbnY=	766	
68719478014	107374182506	cmNfXw==	Q0hFQ0tfQ00oZW52LCBjbV92ZXJpZnlfcmVzZXRfdWFyY2gobSwgcm9vdF9oYXNoX2JlZm9yZSwgbG9nLmNfc3RyKCksICZvYnRhaW5lZF9yb290X2hhc2gpKQ==	Y21fZXJyb3I=	766	94489280694
68719478015	107374182506	bQ==	bQ==	Y21fbWFjaGluZSo=	766	111669149832
68719478016	107374182506	cm9vdF9oYXNoX2JlZm9yZQ==	cm9vdF9oYXNoX2JlZm9yZQ==	Y21faGFzaCo=	766	94489280691
68719478017	107374182506	bG9n	bG9n	c3RkLnN0cmluZw==	766	94489280692
68719478018	107374182506	b2J0YWluZWRfcm9vdF9oYXNo	b2J0YWluZWRfcm9vdF9oYXNo	Y21faGFzaA==	766	94489280693
68719478019	107374182506	cmNfXw==	cmNfXw==	Y21fZXJyb3I=	766	94489280694
68719478020	107374182506	Q01fRVJST1JfT0s=	PHVua25vd24+IENNX0VSUk9SX09L	QU5Z	766	94489280859
68719478021	107374182506	ZW52	ZW52	TmFwaS5FbnY=	766	111669149831
68719478022	107374182506	cmNfXw==	cmNfXw==	Y21fZXJyb3I=	766	94489280694
68719478023	107374182506	ZW52	ZW52	TmFwaS5FbnY=	766	111669149831
68719478024	107374182506	ZW52	ZW52	TmFwaS5FbnY=	767	111669149831
68719478025	107374182506	b2J0YWluZWRfcm9vdF9oYXNo	b2J0YWluZWRfcm9vdF9oYXNo	Y21faGFzaA==	767	94489280693
68719478026	107374182506	Q01fSEFTSF9TSVpF	PHVua25vd24+IENNX0hBU0hfU0laRQ==	QU5Z	767	94489280858
68719478027	107374182506	cmVhc29u	cmVhc29u	aW50MzJfdA==	771	94489280695
68719478028	107374182506	ZGF0YQ==	ZGF0YQ==	dWludDhfdCo=	772	94489280696
68719478029	107374182506	bGVuZ3Ro	bGVuZ3Ro	c2l6ZV90	773	94489280697
68719478030	107374182506	cm9vdF9oYXNoX2JlZm9yZQ==	cm9vdF9oYXNoX2JlZm9yZQ==	Y21faGFzaCo=	774	94489280698
68719478031	107374182506	cmV2ZXJ0X3Jvb3RfaGFzaA==	cmV2ZXJ0X3Jvb3RfaGFzaA==	Y21faGFzaCo=	776	94489280700
68719478032	107374182506	ZW52	ZW52	TmFwaS5FbnY=	777	111669149835
68719478033	107374182506	aW5mbw==	aW5mbw==	TmFwaS5DYWxsYmFja0luZm8m	777	111669149837
68719478034	107374182506	YmFzZQ==	YmFzZQ==	c2l6ZV90	777	111669149838
68719478035	107374182506	cmVhc29u	cmVhc29u	aW50MzJfdA==	777	94489280695
68719478036	107374182506	ZW52	ZW52	TmFwaS5FbnY=	777	111669149835
68719478037	107374182506	aW5mbw==	aW5mbw==	TmFwaS5DYWxsYmFja0luZm8m	777	111669149837
68719478038	107374182506	YmFzZQ==	YmFzZQ==	c2l6ZV90	777	111669149838
68719478039	107374182506	ZGF0YQ==	ZGF0YQ==	dWludDhfdCo=	777	94489280696
68719478040	107374182506	bGVuZ3Ro	bGVuZ3Ro	c2l6ZV90	777	94489280697
68719478041	107374182506	ZW52	ZW52	TmFwaS5FbnY=	778	111669149835
68719478042	107374182506	aW5mbw==	aW5mbw==	TmFwaS5DYWxsYmFja0luZm8m	778	111669149837
68719478043	107374182506	YmFzZQ==	YmFzZQ==	c2l6ZV90	778	111669149838
68719478044	107374182506	cm9vdF9oYXNoX2JlZm9yZQ==	cm9vdF9oYXNoX2JlZm9yZQ==	Y21faGFzaCo=	778	94489280698
68719478045	107374182506	ZW52	ZW52	TmFwaS5FbnY=	779	111669149835
68719478046	107374182506	aW5mbw==	aW5mbw==	TmFwaS5DYWxsYmFja0luZm8m	779	111669149837
68719478047	107374182506	YmFzZQ==	YmFzZQ==	c2l6ZV90	779	111669149838
68719478048	107374182506	bG9n	bG9n	c3RkLnN0cmluZw==	779	94489280699
68719478049	107374182506	ZW52	ZW52	TmFwaS5FbnY=	780	111669149835
68719478050	107374182506	aW5mbw==	aW5mbw==	TmFwaS5DYWxsYmFja0luZm8m	780	111669149837
68719478051	107374182506	YmFzZQ==	YmFzZQ==	c2l6ZV90	780	111669149838
68719478052	107374182506	cmV2ZXJ0X3Jvb3RfaGFzaA==	cmV2ZXJ0X3Jvb3RfaGFzaA==	Y21faGFzaCo=	780	94489280700
68719478053	107374182506	ZW52	ZW52	TmFwaS5FbnY=	781	111669149835
68719478054	107374182506	b2J0YWluZWRfcm9vdF9oYXNo	b2J0YWluZWRfcm9vdF9oYXNo	Y21faGFzaA==	783	94489280701
68719478055	107374182506	PHRtcD4w	PHRtcD4w	Y21faGFzaA==	783	94489280857
68719478056	107374182506	PHRtcD4w	PHRtcD4w	Y21faGFzaA==	783	94489280857
68719478057	107374182506	PHRtcD4w	PHRtcD4w	Y21faGFzaA==	783	94489280857
68719478058	107374182506	ZW52	ZW52	TmFwaS5FbnY=	784	
68719478059	107374182506	cmNfXw==	Q0hFQ0tfQ00oZW52LCBjbV92ZXJpZnlfc2VuZF9jbWlvX3Jlc3BvbnNlKG0sIHN0YXRpY19jYXN0PHVpbnQxNl90PihyZWFzb24pLCBkYXRhLCBsZW5ndGgsIHJvb3RfaGFzaF9iZWZvcmUsCiAgICAgICAgICAgICAgICAgICAgICBsb2cuY19zdHIoKSwgcmV2ZXJ0X3Jvb3RfaGFzaCwgJm9idGFpbmVkX3Jvb3RfaGFzaCkp	Y21fZXJyb3I=	784	94489280702
68719478060	107374182506	bQ==	bQ==	Y21fbWFjaGluZSo=	784	111669149836
68719478061	107374182506	cmVhc29u	cmVhc29u	aW50MzJfdA==	784	94489280695
68719478062	107374182506	ZGF0YQ==	ZGF0YQ==	dWludDhfdCo=	784	94489280696
68719478063	107374182506	bGVuZ3Ro	bGVuZ3Ro	c2l6ZV90	784	94489280697
68719478064	107374182506	cm9vdF9oYXNoX2JlZm9yZQ==	cm9vdF9oYXNoX2JlZm9yZQ==	Y21faGFzaCo=	784	94489280698
68719478065	107374182506	bG9n	bG9n	c3RkLnN0cmluZw==	784	94489280699
68719478066	107374182506	cmV2ZXJ0X3Jvb3RfaGFzaA==	cmV2ZXJ0X3Jvb3RfaGFzaA==	Y21faGFzaCo=	784	94489280700
68719478067	107374182506	b2J0YWluZWRfcm9vdF9oYXNo	b2J0YWluZWRfcm9vdF9oYXNo	Y21faGFzaA==	784	94489280701
68719478068	107374182506	cmNfXw==	cmNfXw==	Y21fZXJyb3I=	784	94489280702
68719478069	107374182506	Q01fRVJST1JfT0s=	PHVua25vd24+IENNX0VSUk9SX09L	QU5Z	784	94489280856
68719478070	107374182506	ZW52	ZW52	TmFwaS5FbnY=	784	111669149835
68719478071	107374182506	cmNfXw==	cmNfXw==	Y21fZXJyb3I=	784	94489280702
68719478072	107374182506	ZW52	ZW52	TmFwaS5FbnY=	784	111669149835
68719478073	107374182506	ZW52	ZW52	TmFwaS5FbnY=	786	111669149835
68719478074	107374182506	b2J0YWluZWRfcm9vdF9oYXNo	b2J0YWluZWRfcm9vdF9oYXNo	Y21faGFzaA==	786	94489280701
68719478075	107374182506	Q01fSEFTSF9TSVpF	PHVua25vd24+IENNX0hBU0hfU0laRQ==	QU5Z	786	94489280855
68719478076	107374182506	aW5mbw==	aW5mbw==	TmFwaS5DYWxsYmFja0luZm8m	790	111669149840
68719478077	107374182506	dGhpcw==	dGhpcw==	TWFjaGluZSo=	790	111669149839
68719478078	107374182506	aW5mbw==	aW5mbw==	TmFwaS5DYWxsYmFja0luZm8m	790	111669149840
68719478079	107374182506	aW5mbw==	aW5mbw==	TmFwaS5DYWxsYmFja0luZm8m	794	111669149842
68719478080	107374182506	dGhpcw==	dGhpcw==	TWFjaGluZSo=	794	111669149841
68719478081	107374182506	aW5mbw==	aW5mbw==	TmFwaS5DYWxsYmFja0luZm8m	794	111669149842
68719478082	107374182506	aW5mbw==	aW5mbw==	TmFwaS5DYWxsYmFja0luZm8m	798	111669149844
68719478083	107374182506	dGhpcw==	dGhpcw==	TWFjaGluZSo=	798	111669149843
68719478084	107374182506	aW5mbw==	aW5mbw==	TmFwaS5DYWxsYmFja0luZm8m	798	111669149844
68719478085	107374182506	ZW52	ZW52	TmFwaS5FbnY=	802	94489280703
68719478086	107374182506	aW5mbw==	aW5mbw==	TmFwaS5DYWxsYmFja0luZm8m	802	111669149846
68719478087	107374182506	cmVzdWx0	cmVzdWx0	Ym9vbA==	803	94489280704
68719478088	107374182506	ZW52	ZW52	TmFwaS5FbnY=	804	
68719478089	107374182506	cmNfXw==	Q0hFQ0tfQ00oZW52LCBjbV92ZXJpZnlfaGFzaF90cmVlKG1hY2hpbmVfLCAmcmVzdWx0KSk=	Y21fZXJyb3I=	804	94489280705
68719478090	107374182506	dGhpcw==	dGhpcw==	TWFjaGluZSo=	804	111669149845
68719478091	107374182506	cmVzdWx0	cmVzdWx0	Ym9vbA==	804	94489280704
68719478092	107374182506	cmNfXw==	cmNfXw==	Y21fZXJyb3I=	804	94489280705
68719478093	107374182506	Q01fRVJST1JfT0s=	PHVua25vd24+IENNX0VSUk9SX09L	QU5Z	804	94489280854
68719478094	107374182506	ZW52	ZW52	TmFwaS5FbnY=	804	94489280703
68719478095	107374182506	cmNfXw==	cmNfXw==	Y21fZXJyb3I=	804	94489280705
68719478096	107374182506	ZW52	ZW52	TmFwaS5FbnY=	804	94489280703
68719478097	107374182506	ZW52	ZW52	TmFwaS5FbnY=	805	94489280703
68719478098	107374182506	cmVzdWx0	cmVzdWx0	Ym9vbA==	805	94489280704
68719478099	107374182506	ZW52	ZW52	TmFwaS5FbnY=	809	94489280706
68719478100	107374182506	aW5mbw==	aW5mbw==	TmFwaS5DYWxsYmFja0luZm8m	809	111669149848
68719478101	107374182506	Y2xlYXI=	Y2xlYXI=	Ym9vbA==	810	94489280707
68719478102	107374182506	aW5mbw==	aW5mbw==	TmFwaS5DYWxsYmFja0luZm8m	810	111669149848
68719478103	107374182506	aW5mbw==	aW5mbw==	TmFwaS5DYWxsYmFja0luZm8m	810	111669149848
68719478104	107374182506	c3RhdHM=	c3RhdHM=	Y2hhcio=	811	94489280708
68719478105	107374182506	ZW52	ZW52	TmFwaS5FbnY=	812	
68719478106	107374182506	cmNfXw==	Q0hFQ0tfQ00oZW52LCBjbV9nZXRfaGFzaF90cmVlX3N0YXRzKG1hY2hpbmVfLCBjbGVhciwgJnN0YXRzKSk=	Y21fZXJyb3I=	812	94489280709
68719478107	107374182506	dGhpcw==	dGhpcw==	TWFjaGluZSo=	812	111669149847
68719478108	107374182506	Y2xlYXI=	Y2xlYXI=	Ym9vbA==	812	94489280707
68719478109	107374182506	c3RhdHM=	c3RhdHM=	Y2hhcio=	812	94489280708
68719478110	107374182506	cmNfXw==	cmNfXw==	Y21fZXJyb3I=	812	94489280709
68719478111	107374182506	Q01fRVJST1JfT0s=	PHVua25vd24+IENNX0VSUk9SX09L	QU5Z	812	94489280853
68719478112	107374182506	ZW52	ZW52	TmFwaS5FbnY=	812	94489280706
68719478113	107374182506	cmNfXw==	cmNfXw==	Y21fZXJyb3I=	812	94489280709
68719478114	107374182506	ZW52	ZW52	TmFwaS5FbnY=	812	94489280706
68719478115	107374182506	ZW52	ZW52	TmFwaS5FbnY=	813	94489280706
68719478116	107374182506	c3RhdHM=	c3RhdHM=	Y2hhcio=	813	94489280708
68719478117	107374182506	ZW52	ZW52	TmFwaS5FbnY=	817	94489280710
68719478118	107374182506	aW5mbw==	aW5mbw==	TmFwaS5DYWxsYmFja0luZm8m	817	111669149850
68719478119	107374182506	YWRkcmVzcw==	YWRkcmVzcw==	dWludDY0X3Q=	818	94489280711
68719478120	107374182506	dmFs	dmFs	dWludDY0X3Q=	819	94489280712
68719478121	107374182506	ZW52	ZW52	TmFwaS5FbnY=	820	94489280710
68719478122	107374182506	aW5mbw==	aW5mbw==	TmFwaS5DYWxsYmFja0luZm8m	820	111669149850
68719478123	107374182506	YWRkcmVzcw==	YWRkcmVzcw==	dWludDY0X3Q=	820	94489280711
68719478124	107374182506	ZW52	ZW52	TmFwaS5FbnY=	820	94489280710
68719478125	107374182506	aW5mbw==	aW5mbw==	TmFwaS5DYWxsYmFja0luZm8m	820	111669149850
68719478126	107374182506	dmFs	dmFs	dWludDY0X3Q=	820	94489280712
68719478127	107374182506	ZW52	ZW52	TmFwaS5FbnY=	821	94489280710
68719478128	107374182506	ZW52	ZW52	TmFwaS5FbnY=	823	
68719478129	107374182506	cmNfXw==	Q0hFQ0tfQ00oZW52LCBjbV93cml0ZV93b3JkKG1hY2hpbmVfLCBhZGRyZXNzLCB2YWwpKQ==	Y21fZXJyb3I=	823	94489280713
68719478130	107374182506	dGhpcw==	dGhpcw==	TWFjaGluZSo=	823	111669149849
68719478131	107374182506	YWRkcmVzcw==	YWRkcmVzcw==	dWludDY0X3Q=	823	94489280711
68719478132	107374182506	dmFs	dmFs	dWludDY0X3Q=	823	94489280712
68719478133	107374182506	cmNfXw==	cmNfXw==	Y21fZXJyb3I=	823	94489280713
68719478134	107374182506	Q01fRVJST1JfT0s=	PHVua25vd24+IENNX0VSUk9SX09L	QU5Z	823	94489280852
68719478135	107374182506	ZW52	ZW52	TmFwaS5FbnY=	823	94489280710
68719478136	107374182506	cmNfXw==	cmNfXw==	Y21fZXJyb3I=	823	94489280713
68719478137	107374182506	ZW52	ZW52	TmFwaS5FbnY=	823	94489280710
68719478138	107374182506	ZW52	ZW52	TmFwaS5FbnY=	824	94489280710
68719478139	107374182506	ZW52	ZW52	TmFwaS5FbnY=	828	94489280714
68719478140	107374182506	aW5mbw==	aW5mbw==	TmFwaS5DYWxsYmFja0luZm8m	828	111669149852
68719478141	107374182506	YWRkcmVzcw==	YWRkcmVzcw==	dWludDY0X3Q=	829	94489280715
68719478142	107374182506	bG9nMl9zaXpl	bG9nMl9zaXpl	aW50MzJfdA==	830	94489280716
68719478143	107374182506	ZW52	ZW52	TmFwaS5FbnY=	831	94489280714
68719478144	107374182506	aW5mbw==	aW5mbw==	TmFwaS5DYWxsYmFja0luZm8m	831	111669149852
68719478145	107374182506	YWRkcmVzcw==	YWRkcmVzcw==	dWludDY0X3Q=	831	94489280715
68719478146	107374182506	ZW52	ZW52	TmFwaS5FbnY=	831	94489280714
68719478147	107374182506	aW5mbw==	aW5mbw==	TmFwaS5DYWxsYmFja0luZm8m	831	111669149852
68719478148	107374182506	bG9nMl9zaXpl	bG9nMl9zaXpl	aW50MzJfdA==	831	94489280716
68719478149	107374182506	ZW52	ZW52	TmFwaS5FbnY=	832	94489280714
68719478150	107374182506	aGFzaA==	aGFzaA==	Y21faGFzaA==	834	94489280717
68719478151	107374182506	PHRtcD4w	PHRtcD4w	Y21faGFzaA==	834	94489280851
68719478152	107374182506	PHRtcD4w	PHRtcD4w	Y21faGFzaA==	834	94489280851
68719478153	107374182506	PHRtcD4w	PHRtcD4w	Y21faGFzaA==	834	94489280851
68719478154	107374182506	ZW52	ZW52	TmFwaS5FbnY=	835	
68719478155	107374182506	cmNfXw==	Q0hFQ0tfQ00oZW52LCBjbV9nZXRfbm9kZV9oYXNoKG1hY2hpbmVfLCBhZGRyZXNzLCBsb2cyX3NpemUsICZoYXNoKSk=	Y21fZXJyb3I=	835	94489280718
68719478156	107374182506	dGhpcw==	dGhpcw==	TWFjaGluZSo=	835	111669149851
68719478157	107374182506	YWRkcmVzcw==	YWRkcmVzcw==	dWludDY0X3Q=	835	94489280715
68719478158	107374182506	bG9nMl9zaXpl	bG9nMl9zaXpl	aW50MzJfdA==	835	94489280716
68719478159	107374182506	aGFzaA==	aGFzaA==	Y21faGFzaA==	835	94489280717
68719478160	107374182506	cmNfXw==	cmNfXw==	Y21fZXJyb3I=	835	94489280718
68719478161	107374182506	Q01fRVJST1JfT0s=	PHVua25vd24+IENNX0VSUk9SX09L	QU5Z	835	94489280850
68719478162	107374182506	ZW52	ZW52	TmFwaS5FbnY=	835	94489280714
68719478163	107374182506	cmNfXw==	cmNfXw==	Y21fZXJyb3I=	835	94489280718
68719478164	107374182506	ZW52	ZW52	TmFwaS5FbnY=	835	94489280714
68719478165	107374182506	ZW52	ZW52	TmFwaS5FbnY=	836	94489280714
68719478166	107374182506	aGFzaA==	aGFzaA==	Y21faGFzaA==	836	94489280717
68719478167	107374182506	Q01fSEFTSF9TSVpF	PHVua25vd24+IENNX0hBU0hfU0laRQ==	QU5Z	836	94489280849
68719478168	107374182506	ZW52	ZW52	TmFwaS5FbnY=	840	94489280719
68719478169	107374182506	aW5mbw==	aW5mbw==	TmFwaS5DYWxsYmFja0luZm8m	840	111669149854
68719478170	107374182506	ZW52	ZW52	TmFwaS5FbnY=	843	94489280719
68719478171	107374182506	aW5mbw==	aW5mbw==	TmFwaS5DYWxsYmFja0luZm8m	843	111669149854
68719478172	107374182506	ZnJvbV9kaXI=	ZnJvbV9kaXI=	c3RkLnN0cmluZw==	843	94489280720
68719478173	107374182506	ZW52	ZW52	TmFwaS5FbnY=	843	94489280719
68719478174	107374182506	aW5mbw==	aW5mbw==	TmFwaS5DYWxsYmFja0luZm8m	843	111669149854
68719478175	107374182506	dG9fZGly	dG9fZGly	c3RkLnN0cmluZw==	843	94489280721
68719478176	107374182506	ZW52	ZW52	TmFwaS5FbnY=	844	94489280719
68719478177	107374182506	ZW52	ZW52	TmFwaS5FbnY=	846	
68719478178	107374182506	cmNfXw==	Q0hFQ0tfQ00oZW52LCBjbV9jbG9uZV9zdG9yZWQobWFjaGluZV8sIGZyb21fZGlyLmNfc3RyKCksIHRvX2Rpci5jX3N0cigpKSk=	Y21fZXJyb3I=	846	94489280722
68719478179	107374182506	dGhpcw==	dGhpcw==	TWFjaGluZSo=	846	111669149853
68719478180	107374182506	ZnJvbV9kaXI=	ZnJvbV9kaXI=	c3RkLnN0cmluZw==	846	94489280720
68719478181	107374182506	dG9fZGly	dG9fZGly	c3RkLnN0cmluZw==	846	94489280721
68719478182	107374182506	cmNfXw==	cmNfXw==	Y21fZXJyb3I=	846	94489280722
68719478183	107374182506	Q01fRVJST1JfT0s=	PHVua25vd24+IENNX0VSUk9SX09L	QU5Z	846	94489280848
68719478184	107374182506	ZW52	ZW52	TmFwaS5FbnY=	846	94489280719
68719478185	107374182506	cmNfXw==	cmNfXw==	Y21fZXJyb3I=	846	94489280722
68719478186	107374182506	ZW52	ZW52	TmFwaS5FbnY=	846	94489280719
68719478187	107374182506	ZW52	ZW52	TmFwaS5FbnY=	847	94489280719
68719478188	107374182506	ZW52	ZW52	TmFwaS5FbnY=	851	94489280723
68719478189	107374182506	aW5mbw==	aW5mbw==	TmFwaS5DYWxsYmFja0luZm8m	851	111669149856
68719478190	107374182506	ZW52	ZW52	TmFwaS5FbnY=	854	94489280723
68719478191	107374182506	aW5mbw==	aW5mbw==	TmFwaS5DYWxsYmFja0luZm8m	854	111669149856
68719478192	107374182506	ZnJvbV9kaXI=	ZnJvbV9kaXI=	c3RkLnN0cmluZw==	854	94489280724
68719478193	107374182506	ZW52	ZW52	TmFwaS5FbnY=	854	94489280723
68719478194	107374182506	aW5mbw==	aW5mbw==	TmFwaS5DYWxsYmFja0luZm8m	854	111669149856
68719478195	107374182506	dG9fZGly	dG9fZGly	c3RkLnN0cmluZw==	854	94489280725
68719478196	107374182506	ZW52	ZW52	TmFwaS5FbnY=	855	94489280723
68719478197	107374182506	ZW52	ZW52	TmFwaS5FbnY=	857	
68719478198	107374182506	cmNfXw==	Q0hFQ0tfQ00oZW52LCBjbV9yZW5hbWVfc3RvcmVkKG1hY2hpbmVfLCBmcm9tX2Rpci5jX3N0cigpLCB0b19kaXIuY19zdHIoKSkp	Y21fZXJyb3I=	857	94489280726
68719478199	107374182506	dGhpcw==	dGhpcw==	TWFjaGluZSo=	857	111669149855
68719478200	107374182506	ZnJvbV9kaXI=	ZnJvbV9kaXI=	c3RkLnN0cmluZw==	857	94489280724
68719478201	107374182506	dG9fZGly	dG9fZGly	c3RkLnN0cmluZw==	857	94489280725
68719478202	107374182506	cmNfXw==	cmNfXw==	Y21fZXJyb3I=	857	94489280726
68719478203	107374182506	Q01fRVJST1JfT0s=	PHVua25vd24+IENNX0VSUk9SX09L	QU5Z	857	94489280847
68719478204	107374182506	ZW52	ZW52	TmFwaS5FbnY=	857	94489280723
68719478205	107374182506	cmNfXw==	cmNfXw==	Y21fZXJyb3I=	857	94489280726
68719478206	107374182506	ZW52	ZW52	TmFwaS5FbnY=	857	94489280723
68719478207	107374182506	ZW52	ZW52	TmFwaS5FbnY=	858	94489280723
68719478208	107374182506	ZW52	ZW52	TmFwaS5FbnY=	862	94489280727
68719478209	107374182506	aW5mbw==	aW5mbw==	TmFwaS5DYWxsYmFja0luZm8m	862	111669149858
68719478210	107374182506	ZW52	ZW52	TmFwaS5FbnY=	864	94489280727
68719478211	107374182506	aW5mbw==	aW5mbw==	TmFwaS5DYWxsYmFja0luZm8m	864	111669149858
68719478212	107374182506	ZGly	ZGly	c3RkLnN0cmluZw==	864	94489280728
68719478213	107374182506	ZW52	ZW52	TmFwaS5FbnY=	865	94489280727
68719478214	107374182506	ZW52	ZW52	TmFwaS5FbnY=	867	
68719478215	107374182506	cmNfXw==	Q0hFQ0tfQ00oZW52LCBjbV9yZW1vdmVfc3RvcmVkKG1hY2hpbmVfLCBkaXIuY19zdHIoKSkp	Y21fZXJyb3I=	867	94489280729
68719478216	107374182506	dGhpcw==	dGhpcw==	TWFjaGluZSo=	867	111669149857
68719478217	107374182506	ZGly	ZGly	c3RkLnN0cmluZw==	867	94489280728
68719478218	107374182506	cmNfXw==	cmNfXw==	Y21fZXJyb3I=	867	94489280729
68719478219	107374182506	Q01fRVJST1JfT0s=	PHVua25vd24+IENNX0VSUk9SX09L	QU5Z	867	94489280846
68719478220	107374182506	ZW52	ZW52	TmFwaS5FbnY=	867	94489280727
68719478221	107374182506	cmNfXw==	cmNfXw==	Y21fZXJyb3I=	867	94489280729
68719478222	107374182506	ZW52	ZW52	TmFwaS5FbnY=	867	94489280727
68719478223	107374182506	ZW52	ZW52	TmFwaS5FbnY=	868	94489280727
68719478224	107374182506	ZW52	ZW52	TmFwaS5FbnY=	872	94489280730
68719478225	107374182506	aW5mbw==	aW5mbw==	TmFwaS5DYWxsYmFja0luZm8m	872	111669149860
68719478226	107374182506	ZW52	ZW52	TmFwaS5FbnY=	874	94489280730
68719478227	107374182506	aW5mbw==	aW5mbw==	TmFwaS5DYWxsYmFja0luZm8m	874	111669149860
68719478228	107374182506	ZGly	ZGly	c3RkLnN0cmluZw==	874	94489280731
68719478229	107374182506	ZW52	ZW52	TmFwaS5FbnY=	875	94489280730
68719478230	107374182506	ZW52	ZW52	TmFwaS5FbnY=	877	
68719478231	107374182506	cmNfXw==	Q0hFQ0tfQ00oZW52LCBjbV9zeW5jX3N0b3JlZChtYWNoaW5lXywgZGlyLmNfc3RyKCkpKQ==	Y21fZXJyb3I=	877	94489280732
68719478232	107374182506	dGhpcw==	dGhpcw==	TWFjaGluZSo=	877	111669149859
68719478233	107374182506	ZGly	ZGly	c3RkLnN0cmluZw==	877	94489280731
68719478234	107374182506	cmNfXw==	cmNfXw==	Y21fZXJyb3I=	877	94489280732
68719478235	107374182506	Q01fRVJST1JfT0s=	PHVua25vd24+IENNX0VSUk9SX09L	QU5Z	877	94489280845
68719478236	107374182506	ZW52	ZW52	TmFwaS5FbnY=	877	94489280730
68719478237	107374182506	cmNfXw==	cmNfXw==	Y21fZXJyb3I=	877	94489280732
68719478238	107374182506	ZW52	ZW52	TmFwaS5FbnY=	877	94489280730
68719478239	107374182506	ZW52	ZW52	TmFwaS5FbnY=	878	94489280730
68719478240	107374182506	ZW52	ZW52	TmFwaS5FbnY=	882	94489280733
68719478241	107374182506	aW5mbw==	aW5mbw==	TmFwaS5DYWxsYmFja0luZm8m	882	111669149862
68719478242	107374182506	Zm9ya2VkX20=	Zm9ya2VkX20=	Y21fbWFjaGluZSo=	883	94489280734
68719478243	107374182506	YWRkcmVzcw==	YWRkcmVzcw==	Y2hhcio=	884	94489280735
68719478244	107374182506	cGlk	cGlk	dWludDMyX3Q=	885	94489280736
68719478245	107374182506	ZW52	ZW52	TmFwaS5FbnY=	886	
68719478246	107374182506	cmNfXw==	Q0hFQ0tfQ00oZW52LCBjbV9qc29ucnBjX2Zvcmtfc2VydmVyKG1hY2hpbmVfLCAmZm9ya2VkX20sICZhZGRyZXNzLCAmcGlkKSk=	Y21fZXJyb3I=	886	94489280737
68719478247	107374182506	dGhpcw==	dGhpcw==	TWFjaGluZSo=	886	111669149861
68719478248	107374182506	Zm9ya2VkX20=	Zm9ya2VkX20=	Y21fbWFjaGluZSo=	886	94489280734
68719478249	107374182506	YWRkcmVzcw==	YWRkcmVzcw==	Y2hhcio=	886	94489280735
68719478250	107374182506	cGlk	cGlk	dWludDMyX3Q=	886	94489280736
68719478251	107374182506	cmNfXw==	cmNfXw==	Y21fZXJyb3I=	886	94489280737
68719478252	107374182506	Q01fRVJST1JfT0s=	PHVua25vd24+IENNX0VSUk9SX09L	QU5Z	886	94489280844
68719478253	107374182506	ZW52	ZW52	TmFwaS5FbnY=	886	94489280733
68719478254	107374182506	cmNfXw==	cmNfXw==	Y21fZXJyb3I=	886	94489280737
68719478255	107374182506	ZW52	ZW52	TmFwaS5FbnY=	886	94489280733
68719478256	107374182506	cmVzdWx0	cmVzdWx0	TmFwaS5PYmplY3Q=	887	94489280738
68719478257	107374182506	ZW52	ZW52	TmFwaS5FbnY=	887	94489280733
68719478258	107374182506	cmVzdWx0	cmVzdWx0	TmFwaS5PYmplY3Q=	888	94489280738
68719478259	107374182506	ZW52	ZW52	TmFwaS5FbnY=	888	94489280733
68719478260	107374182506	Zm9ya2VkX20=	Zm9ya2VkX20=	Y21fbWFjaGluZSo=	888	94489280734
68719478261	107374182506	cmVzdWx0	cmVzdWx0	TmFwaS5PYmplY3Q=	889	94489280738
68719478262	107374182506	ZW52	ZW52	TmFwaS5FbnY=	889	94489280733
68719478263	107374182506	YWRkcmVzcw==	YWRkcmVzcw==	Y2hhcio=	889	94489280735
68719478264	107374182506	cmVzdWx0	cmVzdWx0	TmFwaS5PYmplY3Q=	890	94489280738
68719478265	107374182506	ZW52	ZW52	TmFwaS5FbnY=	890	94489280733
68719478266	107374182506	cGlk	cGlk	dWludDMyX3Q=	890	94489280736
68719478267	107374182506	cmVzdWx0	cmVzdWx0	TmFwaS5PYmplY3Q=	891	94489280738
68719478268	107374182506	ZW52	ZW52	TmFwaS5FbnY=	895	94489280739
68719478269	107374182506	aW5mbw==	aW5mbw==	TmFwaS5DYWxsYmFja0luZm8m	895	111669149864
68719478270	107374182506	ZW52	ZW52	TmFwaS5FbnY=	896	
68719478271	107374182506	dGhpcw==	dGhpcw==	TWFjaGluZSo=	896	
68719478272	107374182506	cmNfXw==	Q0hFQ0tfQ00oZW52LCBjbV9qc29ucnBjX3NodXRkb3duX3NlcnZlcihtYWNoaW5lXykp	Y21fZXJyb3I=	896	94489280740
68719478273	107374182506	dGhpcw==	dGhpcw==	TWFjaGluZSo=	896	111669149863
68719478274	107374182506	cmNfXw==	cmNfXw==	Y21fZXJyb3I=	896	94489280740
68719478275	107374182506	Q01fRVJST1JfT0s=	PHVua25vd24+IENNX0VSUk9SX09L	QU5Z	896	94489280843
68719478276	107374182506	ZW52	ZW52	TmFwaS5FbnY=	896	94489280739
68719478277	107374182506	cmNfXw==	cmNfXw==	Y21fZXJyb3I=	896	94489280740
68719478278	107374182506	ZW52	ZW52	TmFwaS5FbnY=	896	94489280739
68719478279	107374182506	ZW52	ZW52	TmFwaS5FbnY=	897	94489280739
68719478280	107374182506	ZW52	ZW52	TmFwaS5FbnY=	901	94489280741
68719478281	107374182506	aW5mbw==	aW5mbw==	TmFwaS5DYWxsYmFja0luZm8m	901	111669149866
68719478282	107374182506	ZW52	ZW52	TmFwaS5FbnY=	903	94489280741
68719478283	107374182506	aW5mbw==	aW5mbw==	TmFwaS5DYWxsYmFja0luZm8m	903	111669149866
68719478284	107374182506	YWRkcmVzcw==	YWRkcmVzcw==	c3RkLnN0cmluZw==	903	94489280742
68719478285	107374182506	ZW52	ZW52	TmFwaS5FbnY=	904	94489280741
68719478286	107374182506	YWRkcmVzc19ib3VuZA==	YWRkcmVzc19ib3VuZA==	Y2hhcio=	906	94489280743
68719478287	107374182506	ZW52	ZW52	TmFwaS5FbnY=	907	
68719478288	107374182506	cmNfXw==	Q0hFQ0tfQ00oZW52LCBjbV9qc29ucnBjX3JlYmluZF9zZXJ2ZXIobWFjaGluZV8sIGFkZHJlc3MuY19zdHIoKSwgJmFkZHJlc3NfYm91bmQpKQ==	Y21fZXJyb3I=	907	94489280744
68719478289	107374182506	dGhpcw==	dGhpcw==	TWFjaGluZSo=	907	111669149865
68719478290	107374182506	YWRkcmVzcw==	YWRkcmVzcw==	c3RkLnN0cmluZw==	907	94489280742
68719478291	107374182506	YWRkcmVzc19ib3VuZA==	YWRkcmVzc19ib3VuZA==	Y2hhcio=	907	94489280743
68719478292	107374182506	cmNfXw==	cmNfXw==	Y21fZXJyb3I=	907	94489280744
68719478293	107374182506	Q01fRVJST1JfT0s=	PHVua25vd24+IENNX0VSUk9SX09L	QU5Z	907	94489280842
68719478294	107374182506	ZW52	ZW52	TmFwaS5FbnY=	907	94489280741
68719478295	107374182506	cmNfXw==	cmNfXw==	Y21fZXJyb3I=	907	94489280744
68719478296	107374182506	ZW52	ZW52	TmFwaS5FbnY=	907	94489280741
68719478297	107374182506	ZW52	ZW52	TmFwaS5FbnY=	908	94489280741
68719478298	107374182506	YWRkcmVzc19ib3VuZA==	YWRkcmVzc19ib3VuZA==	Y2hhcio=	908	94489280743
68719478299	107374182506	ZW52	ZW52	TmFwaS5FbnY=	912	94489280745
68719478300	107374182506	aW5mbw==	aW5mbw==	TmFwaS5DYWxsYmFja0luZm8m	912	111669149868
68719478301	107374182506	dmVyc2lvbg==	dmVyc2lvbg==	Y2hhcio=	913	94489280746
68719478302	107374182506	ZW52	ZW52	TmFwaS5FbnY=	914	
68719478303	107374182506	cmNfXw==	Q0hFQ0tfQ00oZW52LCBjbV9qc29ucnBjX2dldF9zZXJ2ZXJfdmVyc2lvbihtYWNoaW5lXywgJnZlcnNpb24pKQ==	Y21fZXJyb3I=	914	94489280747
68719478304	107374182506	dGhpcw==	dGhpcw==	TWFjaGluZSo=	914	111669149867
68719478305	107374182506	dmVyc2lvbg==	dmVyc2lvbg==	Y2hhcio=	914	94489280746
68719478306	107374182506	cmNfXw==	cmNfXw==	Y21fZXJyb3I=	914	94489280747
68719478307	107374182506	Q01fRVJST1JfT0s=	PHVua25vd24+IENNX0VSUk9SX09L	QU5Z	914	94489280841
68719478308	107374182506	ZW52	ZW52	TmFwaS5FbnY=	914	94489280745
68719478309	107374182506	cmNfXw==	cmNfXw==	Y21fZXJyb3I=	914	94489280747
68719478310	107374182506	ZW52	ZW52	TmFwaS5FbnY=	914	94489280745
68719478311	107374182506	ZW52	ZW52	TmFwaS5FbnY=	915	94489280745
68719478312	107374182506	dmVyc2lvbg==	dmVyc2lvbg==	Y2hhcio=	915	94489280746
68719478313	107374182506	ZW52	ZW52	TmFwaS5FbnY=	919	94489280748
68719478314	107374182506	aW5mbw==	aW5mbw==	TmFwaS5DYWxsYmFja0luZm8m	919	111669149870
68719478315	107374182506	ZW52	ZW52	TmFwaS5FbnY=	920	
68719478316	107374182506	dGhpcw==	dGhpcw==	TWFjaGluZSo=	920	
68719478317	107374182506	cmNfXw==	Q0hFQ0tfQ00oZW52LCBjbV9qc29ucnBjX2VtYW5jaXBhdGVfc2VydmVyKG1hY2hpbmVfKSk=	Y21fZXJyb3I=	920	94489280749
68719478318	107374182506	dGhpcw==	dGhpcw==	TWFjaGluZSo=	920	111669149869
68719478319	107374182506	cmNfXw==	cmNfXw==	Y21fZXJyb3I=	920	94489280749
68719478320	107374182506	Q01fRVJST1JfT0s=	PHVua25vd24+IENNX0VSUk9SX09L	QU5Z	920	94489280840
68719478321	107374182506	ZW52	ZW52	TmFwaS5FbnY=	920	94489280748
68719478322	107374182506	cmNfXw==	cmNfXw==	Y21fZXJyb3I=	920	94489280749
68719478323	107374182506	ZW52	ZW52	TmFwaS5FbnY=	920	94489280748
68719478324	107374182506	ZW52	ZW52	TmFwaS5FbnY=	921	94489280748
68719478325	107374182506	ZW52	ZW52	TmFwaS5FbnY=	925	94489280750
68719478326	107374182506	aW5mbw==	aW5mbw==	TmFwaS5DYWxsYmFja0luZm8m	925	111669149872
68719478327	107374182506	bXM=	bXM=	aW50NjRfdA==	926	94489280751
68719478328	107374182506	ZW52	ZW52	TmFwaS5FbnY=	927	94489280750
68719478329	107374182506	aW5mbw==	aW5mbw==	TmFwaS5DYWxsYmFja0luZm8m	927	111669149872
68719478330	107374182506	bXM=	bXM=	aW50NjRfdA==	927	94489280751
68719478331	107374182506	ZW52	ZW52	TmFwaS5FbnY=	928	94489280750
68719478332	107374182506	ZW52	ZW52	TmFwaS5FbnY=	930	
68719478333	107374182506	cmNfXw==	Q0hFQ0tfQ00oZW52LCBjbV9qc29ucnBjX3NldF90aW1lb3V0KG1hY2hpbmVfLCBtcykp	Y21fZXJyb3I=	930	94489280752
68719478334	107374182506	dGhpcw==	dGhpcw==	TWFjaGluZSo=	930	111669149871
68719478335	107374182506	bXM=	bXM=	aW50NjRfdA==	930	94489280751
68719478336	107374182506	cmNfXw==	cmNfXw==	Y21fZXJyb3I=	930	94489280752
68719478337	107374182506	Q01fRVJST1JfT0s=	PHVua25vd24+IENNX0VSUk9SX09L	QU5Z	930	94489280839
68719478338	107374182506	ZW52	ZW52	TmFwaS5FbnY=	930	94489280750
68719478339	107374182506	cmNfXw==	cmNfXw==	Y21fZXJyb3I=	930	94489280752
68719478340	107374182506	ZW52	ZW52	TmFwaS5FbnY=	930	94489280750
68719478341	107374182506	ZW52	ZW52	TmFwaS5FbnY=	931	94489280750
68719478342	107374182506	ZW52	ZW52	TmFwaS5FbnY=	935	94489280753
68719478343	107374182506	aW5mbw==	aW5mbw==	TmFwaS5DYWxsYmFja0luZm8m	935	111669149874
68719478344	107374182506	bXM=	bXM=	aW50NjRfdA==	936	94489280754
68719478345	107374182506	ZW52	ZW52	TmFwaS5FbnY=	937	
68719478346	107374182506	cmNfXw==	Q0hFQ0tfQ00oZW52LCBjbV9qc29ucnBjX2dldF90aW1lb3V0KG1hY2hpbmVfLCAmbXMpKQ==	Y21fZXJyb3I=	937	94489280755
68719478347	107374182506	dGhpcw==	dGhpcw==	TWFjaGluZSo=	937	111669149873
68719478348	107374182506	bXM=	bXM=	aW50NjRfdA==	937	94489280754
68719478349	107374182506	cmNfXw==	cmNfXw==	Y21fZXJyb3I=	937	94489280755
68719478350	107374182506	Q01fRVJST1JfT0s=	PHVua25vd24+IENNX0VSUk9SX09L	QU5Z	937	94489280838
68719478351	107374182506	ZW52	ZW52	TmFwaS5FbnY=	937	94489280753
68719478352	107374182506	cmNfXw==	cmNfXw==	Y21fZXJyb3I=	937	94489280755
68719478353	107374182506	ZW52	ZW52	TmFwaS5FbnY=	937	94489280753
68719478354	107374182506	ZW52	ZW52	TmFwaS5FbnY=	938	94489280753
68719478355	107374182506	bXM=	bXM=	aW50NjRfdA==	938	94489280754
68719478356	107374182506	ZW52	ZW52	TmFwaS5FbnY=	942	94489280756
68719478357	107374182506	aW5mbw==	aW5mbw==	TmFwaS5DYWxsYmFja0luZm8m	942	111669149876
68719478358	107374182506	Y2FsbA==	Y2FsbA==	aW50MzJfdA==	943	94489280757
68719478359	107374182506	ZW52	ZW52	TmFwaS5FbnY=	944	94489280756
68719478360	107374182506	aW5mbw==	aW5mbw==	TmFwaS5DYWxsYmFja0luZm8m	944	111669149876
68719478361	107374182506	Y2FsbA==	Y2FsbA==	aW50MzJfdA==	944	94489280757
68719478362	107374182506	ZW52	ZW52	TmFwaS5FbnY=	945	94489280756
68719478363	107374182506	ZW52	ZW52	TmFwaS5FbnY=	947	
68719478364	107374182506	cmNfXw==	Q0hFQ0tfQ00oZW52LCBjbV9qc29ucnBjX3NldF9jbGVhbnVwX2NhbGwobWFjaGluZV8sIHN0YXRpY19jYXN0PGNtX2pzb25ycGNfY2xlYW51cF9jYWxsPihjYWxsKSkp	Y21fZXJyb3I=	947	94489280758
68719478365	107374182506	dGhpcw==	dGhpcw==	TWFjaGluZSo=	947	111669149875
68719478366	107374182506	Y2FsbA==	Y2FsbA==	aW50MzJfdA==	947	94489280757
68719478367	107374182506	cmNfXw==	cmNfXw==	Y21fZXJyb3I=	947	94489280758
68719478368	107374182506	Q01fRVJST1JfT0s=	PHVua25vd24+IENNX0VSUk9SX09L	QU5Z	947	94489280837
68719478369	107374182506	ZW52	ZW52	TmFwaS5FbnY=	947	94489280756
68719478370	107374182506	cmNfXw==	cmNfXw==	Y21fZXJyb3I=	947	94489280758
68719478371	107374182506	ZW52	ZW52	TmFwaS5FbnY=	947	94489280756
68719478372	107374182506	ZW52	ZW52	TmFwaS5FbnY=	948	94489280756
68719478373	107374182506	ZW52	ZW52	TmFwaS5FbnY=	952	94489280759
68719478374	107374182506	aW5mbw==	aW5mbw==	TmFwaS5DYWxsYmFja0luZm8m	952	111669149878
68719478375	107374182506	Y2FsbA==	Y2FsbA==	Y21fanNvbnJwY19jbGVhbnVwX2NhbGw=	953	94489280760
68719478376	107374182506	Q01fSlNPTlJQQ19OT1RISU5H	PHVua25vd24+IENNX0pTT05SUENfTk9USElORw==	QU5Z	953	94489280836
68719478377	107374182506	ZW52	ZW52	TmFwaS5FbnY=	954	
68719478378	107374182506	cmNfXw==	Q0hFQ0tfQ00oZW52LCBjbV9qc29ucnBjX2dldF9jbGVhbnVwX2NhbGwobWFjaGluZV8sICZjYWxsKSk=	Y21fZXJyb3I=	954	94489280761
68719478379	107374182506	dGhpcw==	dGhpcw==	TWFjaGluZSo=	954	111669149877
68719478380	107374182506	Y2FsbA==	Y2FsbA==	Y21fanNvbnJwY19jbGVhbnVwX2NhbGw=	954	94489280760
68719478381	107374182506	cmNfXw==	cmNfXw==	Y21fZXJyb3I=	954	94489280761
68719478382	107374182506	Q01fRVJST1JfT0s=	PHVua25vd24+IENNX0VSUk9SX09L	QU5Z	954	94489280835
68719478383	107374182506	ZW52	ZW52	TmFwaS5FbnY=	954	94489280759
68719478384	107374182506	cmNfXw==	cmNfXw==	Y21fZXJyb3I=	954	94489280761
68719478385	107374182506	ZW52	ZW52	TmFwaS5FbnY=	954	94489280759
68719478386	107374182506	ZW52	ZW52	TmFwaS5FbnY=	955	94489280759
68719478387	107374182506	Y2FsbA==	Y2FsbA==	Y21fanNvbnJwY19jbGVhbnVwX2NhbGw=	955	94489280760
68719478388	107374182506	ZW52	ZW52	TmFwaS5FbnY=	959	94489280762
68719478389	107374182506	aW5mbw==	aW5mbw==	TmFwaS5DYWxsYmFja0luZm8m	959	111669149880
68719478390	107374182506	YWRkcmVzcw==	YWRkcmVzcw==	Y2hhcio=	960	94489280763
68719478391	107374182506	ZW52	ZW52	TmFwaS5FbnY=	961	
68719478392	107374182506	cmNfXw==	Q0hFQ0tfQ00oZW52LCBjbV9qc29ucnBjX2dldF9zZXJ2ZXJfYWRkcmVzcyhtYWNoaW5lXywgJmFkZHJlc3MpKQ==	Y21fZXJyb3I=	961	94489280764
68719478393	107374182506	dGhpcw==	dGhpcw==	TWFjaGluZSo=	961	111669149879
68719478394	107374182506	YWRkcmVzcw==	YWRkcmVzcw==	Y2hhcio=	961	94489280763
68719478395	107374182506	cmNfXw==	cmNfXw==	Y21fZXJyb3I=	961	94489280764
68719478396	107374182506	Q01fRVJST1JfT0s=	PHVua25vd24+IENNX0VSUk9SX09L	QU5Z	961	94489280834
68719478397	107374182506	ZW52	ZW52	TmFwaS5FbnY=	961	94489280762
68719478398	107374182506	cmNfXw==	cmNfXw==	Y21fZXJyb3I=	961	94489280764
68719478399	107374182506	ZW52	ZW52	TmFwaS5FbnY=	961	94489280762
68719478400	107374182506	ZW52	ZW52	TmFwaS5FbnY=	962	94489280762
68719478401	107374182506	YWRkcmVzcw==	YWRkcmVzcw==	Y2hhcio=	962	94489280763
68719478402	107374182506	ZW52	ZW52	TmFwaS5FbnY=	966	94489280765
68719478403	107374182506	aW5mbw==	aW5mbw==	TmFwaS5DYWxsYmFja0luZm8m	966	111669149882
68719478404	107374182506	bXM=	bXM=	dWludDY0X3Q=	967	94489280766
68719478405	107374182506	ZW52	ZW52	TmFwaS5FbnY=	968	94489280765
68719478406	107374182506	aW5mbw==	aW5mbw==	TmFwaS5DYWxsYmFja0luZm8m	968	111669149882
68719478407	107374182506	bXM=	bXM=	dWludDY0X3Q=	968	94489280766
68719478408	107374182506	ZW52	ZW52	TmFwaS5FbnY=	969	94489280765
68719478409	107374182506	ZW52	ZW52	TmFwaS5FbnY=	971	
68719478410	107374182506	cmNfXw==	Q0hFQ0tfQ00oZW52LCBjbV9qc29ucnBjX2RlbGF5X25leHRfcmVxdWVzdChtYWNoaW5lXywgbXMpKQ==	Y21fZXJyb3I=	971	94489280767
68719478411	107374182506	dGhpcw==	dGhpcw==	TWFjaGluZSo=	971	111669149881
68719478412	107374182506	bXM=	bXM=	dWludDY0X3Q=	971	94489280766
68719478413	107374182506	cmNfXw==	cmNfXw==	Y21fZXJyb3I=	971	94489280767
68719478414	107374182506	Q01fRVJST1JfT0s=	PHVua25vd24+IENNX0VSUk9SX09L	QU5Z	971	94489280833
68719478415	107374182506	ZW52	ZW52	TmFwaS5FbnY=	971	94489280765
68719478416	107374182506	cmNfXw==	cmNfXw==	Y21fZXJyb3I=	971	94489280767
68719478417	107374182506	ZW52	ZW52	TmFwaS5FbnY=	971	94489280765
68719478418	107374182506	ZW52	ZW52	TmFwaS5FbnY=	972	94489280765
68719478419	107374182506	ZnVuYw==	ZnVuYw==	TmFwaS5GdW5jdGlvbg==	976	94489280768
68719478420	107374182506	ZW52	ZW52	TmFwaS5FbnY=	976	111669149884
68719478421	107374182506	Y3Rvcg==	Y3Rvcg==	TmFwaS5GdW5jdGlvblJlZmVyZW5jZSoq	1039	94489280769
68719478422	107374182506	PHRtcD4w	PHRtcD4w	TmFwaS5GdW5jdGlvblJlZmVyZW5jZQ==	1039	94489280832
68719478423	107374182506	PHRtcD4w	PHRtcD4w	TmFwaS5GdW5jdGlvblJlZmVyZW5jZQ==	1039	94489280832
68719478424	107374182506	PHRtcD4w	PHRtcD4w	TmFwaS5GdW5jdGlvblJlZmVyZW5jZQ==	1039	94489280832
68719478425	107374182506	Y3Rvcg==	Y3Rvcg==	TmFwaS5GdW5jdGlvblJlZmVyZW5jZSoq	1040	94489280769
68719478426	107374182506	ZnVuYw==	ZnVuYw==	TmFwaS5GdW5jdGlvbg==	1040	94489280768
68719478427	107374182506	ZW52	ZW52	TmFwaS5FbnY=	1041	111669149884
68719478428	107374182506	Y3Rvcg==	Y3Rvcg==	TmFwaS5GdW5jdGlvblJlZmVyZW5jZSoq	1041	94489280769
68719478429	107374182506	ZXhwb3J0cw==	ZXhwb3J0cw==	TmFwaS5PYmplY3Q=	1042	111669149885
68719478430	107374182506	ZnVuYw==	ZnVuYw==	TmFwaS5GdW5jdGlvbg==	1042	94489280768
68719478431	107374182506	ZXhwb3J0cw==	ZXhwb3J0cw==	TmFwaS5PYmplY3Q=	1043	111669149885
68719478432	107374182506	aW5mbw==	aW5mbw==	TmFwaS5DYWxsYmFja0luZm8m	1051	111669149886
68719478433	107374182506	aW5mbw==	aW5mbw==	TmFwaS5DYWxsYmFja0luZm8m	1055	111669149887
68719478434	107374182506	ZW52	ZW52	TmFwaS5FbnY=	1065	94489280770
68719478435	107374182506	aW5mbw==	aW5mbw==	TmFwaS5DYWxsYmFja0luZm8m	1065	111669149888
68719478436	107374182506	dmVyc2lvbg==	dmVyc2lvbg==	Y2hhcio=	1066	94489280771
68719478437	107374182506	dmVyc2lvbg==	dmVyc2lvbg==	Y2hhcio=	1067	94489280771
68719478438	107374182506	PHRtcD4w	PHRtcD4w	c3RyaW5nX3ZpZXc=	1067	94489280831
68719478439	107374182506	PHRtcD4w	PHRtcD4w	c3RyaW5nX3ZpZXc=	1067	94489280831
68719478440	107374182506	dmVyc2lvbg==	dmVyc2lvbg==	Y2hhcio=	1067	94489280771
68719478441	107374182506	PHRtcD4w	PHRtcD4w	c3RyaW5nX3ZpZXc=	1067	94489280831
68719478442	107374182506	ZW52	ZW52	TmFwaS5FbnY=	1068	94489280770
68719478443	107374182506	ZW52	ZW52	TmFwaS5FbnY=	1070	94489280770
68719478444	107374182506	dmVyc2lvbg==	dmVyc2lvbg==	Y2hhcio=	1070	94489280771
68719478445	107374182506	ZW52	ZW52	TmFwaS5FbnY=	1074	94489280772
68719478446	107374182506	aW5mbw==	aW5mbw==	TmFwaS5DYWxsYmFja0luZm8m	1074	111669149889
68719478447	107374182506	bmV3X20=	bmV3X20=	Y21fbWFjaGluZSo=	1075	94489280773
68719478448	107374182506	ZW52	ZW52	TmFwaS5FbnY=	1076	
68719478449	107374182506	bmV3X20=	bmV3X20=	Y21fbWFjaGluZSo=	1076	
68719478450	107374182506	cmNfXw==	Q0hFQ0tfQ00oZW52LCBjbV9uZXcoJm5ld19tKSk=	Y21fZXJyb3I=	1076	94489280774
68719478451	107374182506	bmV3X20=	bmV3X20=	Y21fbWFjaGluZSo=	1076	94489280773
68719478452	107374182506	cmNfXw==	cmNfXw==	Y21fZXJyb3I=	1076	94489280774
68719478453	107374182506	Q01fRVJST1JfT0s=	PHVua25vd24+IENNX0VSUk9SX09L	QU5Z	1076	94489280830
68719478454	107374182506	ZW52	ZW52	TmFwaS5FbnY=	1076	94489280772
68719478455	107374182506	cmNfXw==	cmNfXw==	Y21fZXJyb3I=	1076	94489280774
68719478456	107374182506	ZW52	ZW52	TmFwaS5FbnY=	1076	94489280772
68719478457	107374182506	ZW52	ZW52	TmFwaS5FbnY=	1077	94489280772
68719478458	107374182506	bmV3X20=	bmV3X20=	Y21fbWFjaGluZSo=	1077	94489280773
68719478459	107374182506	ZW52	ZW52	TmFwaS5FbnY=	1081	94489280775
68719478460	107374182506	aW5mbw==	aW5mbw==	TmFwaS5DYWxsYmFja0luZm8m	1081	111669149890
68719478461	107374182506	aGFzX3J1bnRpbWVfY29uZmln	aGFzX3J1bnRpbWVfY29uZmln	Ym9vbA==	1084	94489280778
68719478462	107374182506	ZW52	ZW52	TmFwaS5FbnY=	1085	94489280775
68719478463	107374182506	aW5mbw==	aW5mbw==	TmFwaS5DYWxsYmFja0luZm8m	1085	111669149890
68719478464	107374182506	Y29uZmln	Y29uZmln	c3RkLnN0cmluZw==	1085	94489280776
68719478465	107374182506	ZW52	ZW52	TmFwaS5FbnY=	1086	94489280775
68719478466	107374182506	aW5mbw==	aW5mbw==	TmFwaS5DYWxsYmFja0luZm8m	1086	111669149890
68719478467	107374182506	cnVudGltZV9jb25maWc=	cnVudGltZV9jb25maWc=	c3RkLnN0cmluZw==	1086	94489280777
68719478468	107374182506	aGFzX3J1bnRpbWVfY29uZmln	aGFzX3J1bnRpbWVfY29uZmln	Ym9vbA==	1086	94489280778
68719478469	107374182506	ZW52	ZW52	TmFwaS5FbnY=	1087	94489280775
68719478470	107374182506	aGFzX2Rpcg==	aGFzX2Rpcg==	Ym9vbA==	1090	94489280780
68719478471	107374182506	ZW52	ZW52	TmFwaS5FbnY=	1091	94489280775
68719478472	107374182506	aW5mbw==	aW5mbw==	TmFwaS5DYWxsYmFja0luZm8m	1091	111669149890
68719478473	107374182506	ZGly	ZGly	c3RkLnN0cmluZw==	1091	94489280779
68719478474	107374182506	aGFzX2Rpcg==	aGFzX2Rpcg==	Ym9vbA==	1091	94489280780
68719478475	107374182506	ZW52	ZW52	TmFwaS5FbnY=	1092	94489280775
68719478476	107374182506	bmV3X20=	bmV3X20=	Y21fbWFjaGluZSo=	1094	94489280781
68719478477	107374182506	ZW52	ZW52	TmFwaS5FbnY=	1095	
68719478478	107374182506	cmNfXw==	Q0hFQ0tfQ00oZW52LCBjbV9jcmVhdGVfbmV3KGNvbmZpZy5jX3N0cigpLCBoYXNfcnVudGltZV9jb25maWcgPyBydW50aW1lX2NvbmZpZy5jX3N0cigpIDogbnVsbHB0ciwKICAgICAgICAgICAgICAgICAgICAgIGhhc19kaXIgPyBkaXIuY19zdHIoKSA6IG51bGxwdHIsICZuZXdfbSkp	Y21fZXJyb3I=	1095	94489280782
68719478479	107374182506	Y29uZmln	Y29uZmln	c3RkLnN0cmluZw==	1095	94489280776
68719478480	107374182506	aGFzX3J1bnRpbWVfY29uZmln	aGFzX3J1bnRpbWVfY29uZmln	Ym9vbA==	1095	94489280778
68719478481	107374182506	cnVudGltZV9jb25maWc=	cnVudGltZV9jb25maWc=	c3RkLnN0cmluZw==	1095	94489280777
68719478482	107374182506	aGFzX2Rpcg==	aGFzX2Rpcg==	Ym9vbA==	1095	94489280780
68719478483	107374182506	ZGly	ZGly	c3RkLnN0cmluZw==	1095	94489280779
68719478484	107374182506	bmV3X20=	bmV3X20=	Y21fbWFjaGluZSo=	1095	94489280781
68719478485	107374182506	cmNfXw==	cmNfXw==	Y21fZXJyb3I=	1095	94489280782
68719478486	107374182506	Q01fRVJST1JfT0s=	PHVua25vd24+IENNX0VSUk9SX09L	QU5Z	1095	94489280829
68719478487	107374182506	ZW52	ZW52	TmFwaS5FbnY=	1095	94489280775
68719478488	107374182506	cmNfXw==	cmNfXw==	Y21fZXJyb3I=	1095	94489280782
68719478489	107374182506	ZW52	ZW52	TmFwaS5FbnY=	1095	94489280775
68719478490	107374182506	ZW52	ZW52	TmFwaS5FbnY=	1097	94489280775
68719478491	107374182506	bmV3X20=	bmV3X20=	Y21fbWFjaGluZSo=	1097	94489280781
68719478492	107374182506	ZW52	ZW52	TmFwaS5FbnY=	1101	94489280783
68719478493	107374182506	aW5mbw==	aW5mbw==	TmFwaS5DYWxsYmFja0luZm8m	1101	111669149891
68719478494	107374182506	aGFzX3J1bnRpbWVfY29uZmln	aGFzX3J1bnRpbWVfY29uZmln	Ym9vbA==	1104	94489280786
68719478495	107374182506	ZW52	ZW52	TmFwaS5FbnY=	1105	94489280783
68719478496	107374182506	aW5mbw==	aW5mbw==	TmFwaS5DYWxsYmFja0luZm8m	1105	111669149891
68719478497	107374182506	ZGly	ZGly	c3RkLnN0cmluZw==	1105	94489280784
68719478498	107374182506	ZW52	ZW52	TmFwaS5FbnY=	1106	94489280783
68719478499	107374182506	aW5mbw==	aW5mbw==	TmFwaS5DYWxsYmFja0luZm8m	1106	111669149891
68719478500	107374182506	cnVudGltZV9jb25maWc=	cnVudGltZV9jb25maWc=	c3RkLnN0cmluZw==	1106	94489280785
68719478501	107374182506	aGFzX3J1bnRpbWVfY29uZmln	aGFzX3J1bnRpbWVfY29uZmln	Ym9vbA==	1106	94489280786
68719478502	107374182506	ZW52	ZW52	TmFwaS5FbnY=	1107	94489280783
68719478503	107374182506	c2hhcmluZw==	c2hhcmluZw==	aW50MzJfdA==	1109	94489280787
68719478504	107374182506	Q01fU0hBUklOR19OT05F	PHVua25vd24+IENNX1NIQVJJTkdfTk9ORQ==	QU5Z	1109	94489280828
68719478505	107374182506	aW5mbw==	aW5mbw==	TmFwaS5DYWxsYmFja0luZm8m	1110	111669149891
68719478506	107374182506	ZW52	ZW52	TmFwaS5FbnY=	1110	94489280783
68719478507	107374182506	aW5mbw==	aW5mbw==	TmFwaS5DYWxsYmFja0luZm8m	1110	111669149891
68719478508	107374182506	c2hhcmluZw==	c2hhcmluZw==	aW50MzJfdA==	1110	94489280787
68719478509	107374182506	ZW52	ZW52	TmFwaS5FbnY=	1111	94489280783
68719478510	107374182506	bmV3X20=	bmV3X20=	Y21fbWFjaGluZSo=	1113	94489280788
68719478511	107374182506	ZW52	ZW52	TmFwaS5FbnY=	1114	
68719478512	107374182506	cmNfXw==	Q0hFQ0tfQ00oZW52LCBjbV9sb2FkX25ldyhkaXIuY19zdHIoKSwgaGFzX3J1bnRpbWVfY29uZmlnID8gcnVudGltZV9jb25maWcuY19zdHIoKSA6IG51bGxwdHIsCiAgICAgICAgICAgICAgICAgICAgICBzdGF0aWNfY2FzdDxjbV9zaGFyaW5nX21vZGU+KHNoYXJpbmcpLCAmbmV3X20pKQ==	Y21fZXJyb3I=	1114	94489280789
68719478513	107374182506	ZGly	ZGly	c3RkLnN0cmluZw==	1114	94489280784
68719478514	107374182506	aGFzX3J1bnRpbWVfY29uZmln	aGFzX3J1bnRpbWVfY29uZmln	Ym9vbA==	1114	94489280786
68719478515	107374182506	cnVudGltZV9jb25maWc=	cnVudGltZV9jb25maWc=	c3RkLnN0cmluZw==	1114	94489280785
68719478516	107374182506	c2hhcmluZw==	c2hhcmluZw==	aW50MzJfdA==	1114	94489280787
68719478517	107374182506	bmV3X20=	bmV3X20=	Y21fbWFjaGluZSo=	1114	94489280788
68719478518	107374182506	cmNfXw==	cmNfXw==	Y21fZXJyb3I=	1114	94489280789
68719478519	107374182506	Q01fRVJST1JfT0s=	PHVua25vd24+IENNX0VSUk9SX09L	QU5Z	1114	94489280827
68719478520	107374182506	ZW52	ZW52	TmFwaS5FbnY=	1114	94489280783
68719478521	107374182506	cmNfXw==	cmNfXw==	Y21fZXJyb3I=	1114	94489280789
68719478522	107374182506	ZW52	ZW52	TmFwaS5FbnY=	1114	94489280783
68719478523	107374182506	ZW52	ZW52	TmFwaS5FbnY=	1116	94489280783
68719478524	107374182506	bmV3X20=	bmV3X20=	Y21fbWFjaGluZSo=	1116	94489280788
68719478525	107374182506	ZW52	ZW52	TmFwaS5FbnY=	1120	94489280790
68719478526	107374182506	aW5mbw==	aW5mbw==	TmFwaS5DYWxsYmFja0luZm8m	1120	111669149892
68719478527	107374182506	Y29uZmln	Y29uZmln	Y2hhcio=	1121	94489280791
68719478528	107374182506	ZW52	ZW52	TmFwaS5FbnY=	1122	
68719478529	107374182506	cmNfXw==	Q0hFQ0tfQ00oZW52LCBjbV9nZXRfZGVmYXVsdF9jb25maWcobnVsbHB0ciwgJmNvbmZpZykp	Y21fZXJyb3I=	1122	94489280792
68719478530	107374182506	Y29uZmln	Y29uZmln	Y2hhcio=	1122	94489280791
68719478531	107374182506	cmNfXw==	cmNfXw==	Y21fZXJyb3I=	1122	94489280792
68719478532	107374182506	Q01fRVJST1JfT0s=	PHVua25vd24+IENNX0VSUk9SX09L	QU5Z	1122	94489280826
68719478533	107374182506	ZW52	ZW52	TmFwaS5FbnY=	1122	94489280790
68719478534	107374182506	cmNfXw==	cmNfXw==	Y21fZXJyb3I=	1122	94489280792
68719478535	107374182506	ZW52	ZW52	TmFwaS5FbnY=	1122	94489280790
68719478536	107374182506	ZW52	ZW52	TmFwaS5FbnY=	1123	94489280790
68719478537	107374182506	Y29uZmln	Y29uZmln	Y2hhcio=	1123	94489280791
68719478538	107374182506	ZW52	ZW52	TmFwaS5FbnY=	1127	94489280793
68719478539	107374182506	aW5mbw==	aW5mbw==	TmFwaS5DYWxsYmFja0luZm8m	1127	111669149893
68719478540	107374182506	cmVn	cmVn	aW50MzJfdA==	1128	94489280794
68719478541	107374182506	ZW52	ZW52	TmFwaS5FbnY=	1129	94489280793
68719478542	107374182506	aW5mbw==	aW5mbw==	TmFwaS5DYWxsYmFja0luZm8m	1129	111669149893
68719478543	107374182506	cmVn	cmVn	aW50MzJfdA==	1129	94489280794
68719478544	107374182506	ZW52	ZW52	TmFwaS5FbnY=	1130	94489280793
68719478545	107374182506	dmFs	dmFs	dWludDY0X3Q=	1132	94489280795
68719478546	107374182506	ZW52	ZW52	TmFwaS5FbnY=	1133	
68719478547	107374182506	cmNfXw==	Q0hFQ0tfQ00oZW52LCBjbV9nZXRfcmVnX2FkZHJlc3MobnVsbHB0ciwgc3RhdGljX2Nhc3Q8Y21fcmVnPihyZWcpLCAmdmFsKSk=	Y21fZXJyb3I=	1133	94489280796
68719478548	107374182506	cmVn	cmVn	aW50MzJfdA==	1133	94489280794
68719478549	107374182506	dmFs	dmFs	dWludDY0X3Q=	1133	94489280795
68719478550	107374182506	cmNfXw==	cmNfXw==	Y21fZXJyb3I=	1133	94489280796
68719478551	107374182506	Q01fRVJST1JfT0s=	PHVua25vd24+IENNX0VSUk9SX09L	QU5Z	1133	94489280825
68719478552	107374182506	ZW52	ZW52	TmFwaS5FbnY=	1133	94489280793
68719478553	107374182506	cmNfXw==	cmNfXw==	Y21fZXJyb3I=	1133	94489280796
68719478554	107374182506	ZW52	ZW52	TmFwaS5FbnY=	1133	94489280793
68719478555	107374182506	ZW52	ZW52	TmFwaS5FbnY=	1134	94489280793
68719478556	107374182506	dmFs	dmFs	dWludDY0X3Q=	1134	94489280795
68719478557	107374182506	ZW52	ZW52	TmFwaS5FbnY=	1138	94489280797
68719478558	107374182506	aW5mbw==	aW5mbw==	TmFwaS5DYWxsYmFja0luZm8m	1138	111669149894
68719478559	107374182506	cGFkZHI=	cGFkZHI=	dWludDY0X3Q=	1139	94489280798
68719478560	107374182506	ZW52	ZW52	TmFwaS5FbnY=	1140	94489280797
68719478561	107374182506	aW5mbw==	aW5mbw==	TmFwaS5DYWxsYmFja0luZm8m	1140	111669149894
68719478562	107374182506	cGFkZHI=	cGFkZHI=	dWludDY0X3Q=	1140	94489280798
68719478563	107374182506	ZW52	ZW52	TmFwaS5FbnY=	1141	94489280797
68719478564	107374182506	bmFtZQ==	bmFtZQ==	Y2hhcio=	1143	94489280799
68719478565	107374182506	ZW52	ZW52	TmFwaS5FbnY=	1144	
68719478566	107374182506	cmNfXw==	Q0hFQ0tfQ00oZW52LCBjbV9nZXRfYWRkcmVzc19uYW1lKG51bGxwdHIsIHBhZGRyLCAmbmFtZSkp	Y21fZXJyb3I=	1144	94489280800
68719478567	107374182506	cGFkZHI=	cGFkZHI=	dWludDY0X3Q=	1144	94489280798
68719478568	107374182506	bmFtZQ==	bmFtZQ==	Y2hhcio=	1144	94489280799
68719478569	107374182506	cmNfXw==	cmNfXw==	Y21fZXJyb3I=	1144	94489280800
68719478570	107374182506	Q01fRVJST1JfT0s=	PHVua25vd24+IENNX0VSUk9SX09L	QU5Z	1144	94489280824
68719478571	107374182506	ZW52	ZW52	TmFwaS5FbnY=	1144	94489280797
68719478572	107374182506	cmNfXw==	cmNfXw==	Y21fZXJyb3I=	1144	94489280800
68719478573	107374182506	ZW52	ZW52	TmFwaS5FbnY=	1144	94489280797
68719478574	107374182506	ZW52	ZW52	TmFwaS5FbnY=	1145	94489280797
68719478575	107374182506	bmFtZQ==	bmFtZQ==	Y2hhcio=	1145	94489280799
68719478576	107374182506	aW5mbw==	aW5mbw==	TmFwaS5DYWxsYmFja0luZm8m	1149	111669149895
68719478577	107374182506	aW5mbw==	aW5mbw==	TmFwaS5DYWxsYmFja0luZm8m	1149	111669149895
68719478578	107374182506	aW5mbw==	aW5mbw==	TmFwaS5DYWxsYmFja0luZm8m	1153	111669149896
68719478579	107374182506	aW5mbw==	aW5mbw==	TmFwaS5DYWxsYmFja0luZm8m	1153	111669149896
68719478580	107374182506	aW5mbw==	aW5mbw==	TmFwaS5DYWxsYmFja0luZm8m	1157	111669149897
68719478581	107374182506	aW5mbw==	aW5mbw==	TmFwaS5DYWxsYmFja0luZm8m	1157	111669149897
68719478582	107374182506	aW5mbw==	aW5mbw==	TmFwaS5DYWxsYmFja0luZm8m	1161	111669149898
68719478583	107374182506	aW5mbw==	aW5mbw==	TmFwaS5DYWxsYmFja0luZm8m	1161	111669149898
68719478584	107374182506	dGhpcw==	dGhpcw==	c2NvcGVkX2NsZWFyX2Nsb2V4ZWMq	1172	111669149899
68719478585	107374182506	dGhpcw==	dGhpcw==	c2NvcGVkX2NsZWFyX2Nsb2V4ZWMq	1172	111669149899
68719478586	107374182506	Rl9HRVRGRA==	PHVua25vd24+IEZfR0VURkQ=	QU5Z	1172	94489280823
68719478587	107374182506	dGhpcw==	dGhpcw==	c2NvcGVkX2NsZWFyX2Nsb2V4ZWMq	1173	111669149899
68719478588	107374182506	dGhpcw==	dGhpcw==	c2NvcGVkX2NsZWFyX2Nsb2V4ZWMq	1173	111669149899
68719478589	107374182506	RkRfQ0xPRVhFQw==	PHVua25vd24+IEZEX0NMT0VYRUM=	QU5Z	1173	94489280821
68719478590	107374182506	dGhpcw==	dGhpcw==	c2NvcGVkX2NsZWFyX2Nsb2V4ZWMq	1174	111669149899
68719478591	107374182506	Rl9TRVRGRA==	PHVua25vd24+IEZfU0VURkQ=	QU5Z	1174	94489280822
68719478592	107374182506	dGhpcw==	dGhpcw==	c2NvcGVkX2NsZWFyX2Nsb2V4ZWMq	1174	111669149899
68719478593	107374182506	RkRfQ0xPRVhFQw==	PHVua25vd24+IEZEX0NMT0VYRUM=	QU5Z	1174	94489280821
68719478594	107374182506	dGhpcw==	dGhpcw==	c2NvcGVkX2NsZWFyX2Nsb2V4ZWMq	1171	111669149899
68719478595	107374182506	ZmQ=	ZmQ=	aW50	1171	111669149900
68719478596	107374182506	dGhpcw==	dGhpcw==	c2NvcGVkX2NsZWFyX2Nsb2V4ZWMq	1178	111669149901
68719478597	107374182506	dGhpcw==	dGhpcw==	c2NvcGVkX2NsZWFyX2Nsb2V4ZWMq	1178	111669149901
68719478598	107374182506	RkRfQ0xPRVhFQw==	PHVua25vd24+IEZEX0NMT0VYRUM=	QU5Z	1178	94489280820
68719478599	107374182506	dGhpcw==	dGhpcw==	c2NvcGVkX2NsZWFyX2Nsb2V4ZWMq	1179	111669149901
68719478600	107374182506	Rl9TRVRGRA==	PHVua25vd24+IEZfU0VURkQ=	QU5Z	1179	94489280819
68719478601	107374182506	dGhpcw==	dGhpcw==	c2NvcGVkX2NsZWFyX2Nsb2V4ZWMq	1179	111669149901
68719478602	107374182506	ZW52	ZW52	TmFwaS5FbnY=	1194	94489280801
68719478603	107374182506	aW5mbw==	aW5mbw==	TmFwaS5DYWxsYmFja0luZm8m	1194	111669149910
68719478604	107374182506	c3Bhd25fdGltZW91dF9tcw==	c3Bhd25fdGltZW91dF9tcw==	aW50NjRfdA==	1196	94489280803
68719478605	107374182506	ZW52	ZW52	TmFwaS5FbnY=	1197	94489280801
68719478606	107374182506	aW5mbw==	aW5mbw==	TmFwaS5DYWxsYmFja0luZm8m	1197	111669149910
68719478607	107374182506	YWRkcmVzcw==	YWRkcmVzcw==	c3RkLnN0cmluZw==	1197	94489280802
68719478608	107374182506	aW5mbw==	aW5mbw==	TmFwaS5DYWxsYmFja0luZm8m	1198	111669149910
68719478609	107374182506	ZW52	ZW52	TmFwaS5FbnY=	1198	94489280801
68719478610	107374182506	aW5mbw==	aW5mbw==	TmFwaS5DYWxsYmFja0luZm8m	1198	111669149910
68719478611	107374182506	c3Bhd25fdGltZW91dF9tcw==	c3Bhd25fdGltZW91dF9tcw==	aW50NjRfdA==	1198	94489280803
68719478612	107374182506	ZW52	ZW52	TmFwaS5FbnY=	1199	94489280801
68719478613	107374182506	bmV3X20=	bmV3X20=	Y21fbWFjaGluZSo=	1201	94489280804
68719478614	107374182506	Ym91bmRfYWRkcmVzcw==	Ym91bmRfYWRkcmVzcw==	Y2hhcio=	1202	94489280805
68719478615	107374182506	cGlk	cGlk	dWludDMyX3Q=	1203	94489280806
68719478616	107374182506	Z3VhcmQ=	Z3VhcmQ=	c2NvcGVkX2NsZWFyX2Nsb2V4ZWM=	1206	94489280807
68719478617	107374182506	PHRtcD4w	PHRtcD4w	c2NvcGVkX2NsZWFyX2Nsb2V4ZWM=	1206	94489280818
68719478618	107374182506	PHRtcD4w	PHRtcD4w	c2NvcGVkX2NsZWFyX2Nsb2V4ZWM=	1206	94489280818
68719478619	107374182506	PHRtcD4w	PHRtcD4w	c2NvcGVkX2NsZWFyX2Nsb2V4ZWM=	1206	94489280818
68719478620	107374182506	ZW52	ZW52	TmFwaS5FbnY=	1208	
68719478621	107374182506	cmNfXw==	Q0hFQ0tfQ00oZW52LCBjbV9qc29ucnBjX3NwYXduX3NlcnZlcihhZGRyZXNzLmNfc3RyKCksIHNwYXduX3RpbWVvdXRfbXMsICZuZXdfbSwgJmJvdW5kX2FkZHJlc3MsICZwaWQpKQ==	Y21fZXJyb3I=	1208	94489280808
68719478622	107374182506	YWRkcmVzcw==	YWRkcmVzcw==	c3RkLnN0cmluZw==	1208	94489280802
68719478623	107374182506	c3Bhd25fdGltZW91dF9tcw==	c3Bhd25fdGltZW91dF9tcw==	aW50NjRfdA==	1208	94489280803
68719478624	107374182506	bmV3X20=	bmV3X20=	Y21fbWFjaGluZSo=	1208	94489280804
68719478625	107374182506	Ym91bmRfYWRkcmVzcw==	Ym91bmRfYWRkcmVzcw==	Y2hhcio=	1208	94489280805
68719478626	107374182506	cGlk	cGlk	dWludDMyX3Q=	1208	94489280806
68719478627	107374182506	cmNfXw==	cmNfXw==	Y21fZXJyb3I=	1208	94489280808
68719478628	107374182506	Q01fRVJST1JfT0s=	PHVua25vd24+IENNX0VSUk9SX09L	QU5Z	1208	94489280817
68719478629	107374182506	ZW52	ZW52	TmFwaS5FbnY=	1208	94489280801
68719478630	107374182506	cmNfXw==	cmNfXw==	Y21fZXJyb3I=	1208	94489280808
68719478631	107374182506	ZW52	ZW52	TmFwaS5FbnY=	1208	94489280801
68719478632	107374182506	cmVzdWx0	cmVzdWx0	TmFwaS5PYmplY3Q=	1210	94489280809
68719478633	107374182506	ZW52	ZW52	TmFwaS5FbnY=	1210	94489280801
68719478634	107374182506	cmVzdWx0	cmVzdWx0	TmFwaS5PYmplY3Q=	1211	94489280809
68719478635	107374182506	ZW52	ZW52	TmFwaS5FbnY=	1211	94489280801
68719478636	107374182506	bmV3X20=	bmV3X20=	Y21fbWFjaGluZSo=	1211	94489280804
68719478637	107374182506	cmVzdWx0	cmVzdWx0	TmFwaS5PYmplY3Q=	1212	94489280809
68719478638	107374182506	ZW52	ZW52	TmFwaS5FbnY=	1212	94489280801
68719478639	107374182506	Ym91bmRfYWRkcmVzcw==	Ym91bmRfYWRkcmVzcw==	Y2hhcio=	1212	94489280805
68719478640	107374182506	cmVzdWx0	cmVzdWx0	TmFwaS5PYmplY3Q=	1213	94489280809
68719478641	107374182506	ZW52	ZW52	TmFwaS5FbnY=	1213	94489280801
68719478642	107374182506	cGlk	cGlk	dWludDMyX3Q=	1213	94489280806
68719478643	107374182506	cmVzdWx0	cmVzdWx0	TmFwaS5PYmplY3Q=	1214	94489280809
68719478644	107374182506	ZW52	ZW52	TmFwaS5FbnY=	1218	94489280810
68719478645	107374182506	aW5mbw==	aW5mbw==	TmFwaS5DYWxsYmFja0luZm8m	1218	111669149911
68719478646	107374182506	Y29ubmVjdF90aW1lb3V0X21z	Y29ubmVjdF90aW1lb3V0X21z	aW50NjRfdA==	1220	94489280812
68719478647	107374182506	ZW52	ZW52	TmFwaS5FbnY=	1221	94489280810
68719478648	107374182506	aW5mbw==	aW5mbw==	TmFwaS5DYWxsYmFja0luZm8m	1221	111669149911
68719478649	107374182506	YWRkcmVzcw==	YWRkcmVzcw==	c3RkLnN0cmluZw==	1221	94489280811
68719478650	107374182506	aW5mbw==	aW5mbw==	TmFwaS5DYWxsYmFja0luZm8m	1222	111669149911
68719478651	107374182506	ZW52	ZW52	TmFwaS5FbnY=	1222	94489280810
68719478652	107374182506	aW5mbw==	aW5mbw==	TmFwaS5DYWxsYmFja0luZm8m	1222	111669149911
68719478653	107374182506	Y29ubmVjdF90aW1lb3V0X21z	Y29ubmVjdF90aW1lb3V0X21z	aW50NjRfdA==	1222	94489280812
68719478654	107374182506	ZW52	ZW52	TmFwaS5FbnY=	1223	94489280810
68719478655	107374182506	bmV3X20=	bmV3X20=	Y21fbWFjaGluZSo=	1225	94489280813
68719478656	107374182506	ZW52	ZW52	TmFwaS5FbnY=	1226	
68719478657	107374182506	cmNfXw==	Q0hFQ0tfQ00oZW52LCBjbV9qc29ucnBjX2Nvbm5lY3Rfc2VydmVyKGFkZHJlc3MuY19zdHIoKSwgY29ubmVjdF90aW1lb3V0X21zLCAmbmV3X20pKQ==	Y21fZXJyb3I=	1226	94489280814
68719478658	107374182506	YWRkcmVzcw==	YWRkcmVzcw==	c3RkLnN0cmluZw==	1226	94489280811
68719478659	107374182506	Y29ubmVjdF90aW1lb3V0X21z	Y29ubmVjdF90aW1lb3V0X21z	aW50NjRfdA==	1226	94489280812
68719478660	107374182506	bmV3X20=	bmV3X20=	Y21fbWFjaGluZSo=	1226	94489280813
68719478661	107374182506	cmNfXw==	cmNfXw==	Y21fZXJyb3I=	1226	94489280814
68719478662	107374182506	Q01fRVJST1JfT0s=	PHVua25vd24+IENNX0VSUk9SX09L	QU5Z	1226	94489280816
68719478663	107374182506	ZW52	ZW52	TmFwaS5FbnY=	1226	94489280810
68719478664	107374182506	cmNfXw==	cmNfXw==	Y21fZXJyb3I=	1226	94489280814
68719478665	107374182506	ZW52	ZW52	TmFwaS5FbnY=	1226	94489280810
68719478666	107374182506	ZW52	ZW52	TmFwaS5FbnY=	1227	94489280810
68719478667	107374182506	bmV3X20=	bmV3X20=	Y21fbWFjaGluZSo=	1227	94489280813
68719478668	107374182506	ZW52	ZW52	TmFwaS5FbnY=	1231	111669149912
68719478669	107374182506	ZXhwb3J0cw==	ZXhwb3J0cw==	TmFwaS5PYmplY3Q=	1231	111669149913
68719478670	107374182506	ZXhwb3J0cw==	ZXhwb3J0cw==	TmFwaS5PYmplY3Q=	1232	111669149913
68719478671	107374182506	ZW52	ZW52	TmFwaS5FbnY=	1232	111669149912
68719478672	107374182506	ZXhwb3J0cw==	ZXhwb3J0cw==	TmFwaS5PYmplY3Q=	1233	111669149913
68719478673	107374182506	ZW52	ZW52	TmFwaS5FbnY=	1233	111669149912
68719478674	107374182506	ZXhwb3J0cw==	ZXhwb3J0cw==	TmFwaS5PYmplY3Q=	1234	111669149913
68719478675	107374182506	ZW52	ZW52	TmFwaS5FbnY=	1234	111669149912
68719478676	107374182506	ZXhwb3J0cw==	ZXhwb3J0cw==	TmFwaS5PYmplY3Q=	1235	111669149913
68719478677	107374182506	ZW52	ZW52	TmFwaS5FbnY=	1235	111669149912
68719478678	107374182506	ZXhwb3J0cw==	ZXhwb3J0cw==	TmFwaS5PYmplY3Q=	1236	111669149913
68719478679	107374182506	ZW52	ZW52	TmFwaS5FbnY=	1236	111669149912
68719478680	107374182506	ZXhwb3J0cw==	ZXhwb3J0cw==	TmFwaS5PYmplY3Q=	1237	111669149913
68719478681	107374182506	ZW52	ZW52	TmFwaS5FbnY=	1237	111669149912
68719478682	107374182506	ZXhwb3J0cw==	ZXhwb3J0cw==	TmFwaS5PYmplY3Q=	1238	111669149913
68719478683	107374182506	ZW52	ZW52	TmFwaS5FbnY=	1238	111669149912
68719478684	107374182506	ZXhwb3J0cw==	ZXhwb3J0cw==	TmFwaS5PYmplY3Q=	1239	111669149913
68719478685	107374182506	ZW52	ZW52	TmFwaS5FbnY=	1239	111669149912
68719478686	107374182506	ZXhwb3J0cw==	ZXhwb3J0cw==	TmFwaS5PYmplY3Q=	1240	111669149913
68719478687	107374182506	ZW52	ZW52	TmFwaS5FbnY=	1240	111669149912
68719478688	107374182506	ZXhwb3J0cw==	ZXhwb3J0cw==	TmFwaS5PYmplY3Q=	1241	111669149913
68719478689	107374182506	ZW52	ZW52	TmFwaS5FbnY=	1241	111669149912
68719478690	107374182506	ZXhwb3J0cw==	ZXhwb3J0cw==	TmFwaS5PYmplY3Q=	1242	111669149913
68719478691	107374182506	ZW52	ZW52	TmFwaS5FbnY=	1242	111669149912
68719478692	107374182506	ZXhwb3J0cw==	ZXhwb3J0cw==	TmFwaS5PYmplY3Q=	1243	111669149913
68719478693	107374182506	ZW52	ZW52	TmFwaS5FbnY=	1243	111669149912
68719478694	107374182506	ZXhwb3J0cw==	ZXhwb3J0cw==	TmFwaS5PYmplY3Q=	1244	111669149913
68719478695	107374182506	ZW52	ZW52	TmFwaS5FbnY=	1244	111669149912
68719478696	107374182506	ZXhwb3J0cw==	ZXhwb3J0cw==	TmFwaS5PYmplY3Q=	1245	111669149913
68719478697	107374182506	ZW52	ZW52	TmFwaS5FbnY=	1245	111669149912
68719478698	107374182506	ZXhwb3J0cw==	ZXhwb3J0cw==	TmFwaS5PYmplY3Q=	1246	111669149913
68719478699	107374182506	ZW52	ZW52	TmFwaS5FbnY=	1246	111669149912
68719478700	107374182506	ZXhwb3J0cw==	ZXhwb3J0cw==	TmFwaS5PYmplY3Q=	1247	111669149913
68719478703	107374182506	Q01JT19CVUZGRVJfU0laRQ==	Q01JT19CVUZGRVJfU0laRQ==	c2l6ZV90	54	94489280815
68719478704	107374182506	Q01fQVJfQ01JT19SWF9CVUZGRVJfTEVOR1RI	PHVua25vd24+IENNX0FSX0NNSU9fUlhfQlVGRkVSX0xFTkdUSA==	QU5Z	54	94489281050
68719478705	107374182507	bmFtZWQ=	bmFtZWQ=	Y2hhcio=	76	94489281052
68719478706	107374182507	bmFtZWQ=	bmFtZWQ=	Y2hhcio=	77	94489281052
68719478707	107374182507	bmFtZWQ=	bmFtZWQ=	Y2hhcio=	77	94489281052
68719478708	107374182507	bmFtZWQ=	bmFtZWQ=	Y2hhcio=	78	94489281052
68719478709	107374182507	UlRMRF9MQVpZ	PHVua25vd24+IFJUTERfTEFaWQ==	QU5Z	78	94489281068
68719478710	107374182507	UlRMRF9MT0NBTA==	PHVua25vd24+IFJUTERfTE9DQUw=	QU5Z	78	94489281067
68719478711	107374182507	PGl0ZXJhdG9yPjA=	PGl0ZXJhdG9yPjA=	c3RkLml0ZXJhdG9y	80	94489281069
68719478712	107374182507	Q0FORElEQVRFUw==	PGdsb2JhbD4gQ0FORElEQVRFUw==	Y2hhcipbXQ==	80	94489281070
68719478713	107374182507	PGl0ZXJhdG9yPjA=	PGl0ZXJhdG9yPjA=	c3RkLml0ZXJhdG9y	80	94489281069
68719478714	107374182507	Y2FuZGlkYXRl	Y2FuZGlkYXRl	Y2hhcio=	80	94489281053
68719478715	107374182507	PGl0ZXJhdG9yPjA=	PGl0ZXJhdG9yPjA=	c3RkLml0ZXJhdG9y	80	94489281069
68719478716	107374182507	bG9hZGVk	bG9hZGVk	dm9pZCo=	81	94489281054
68719478717	107374182507	Y2FuZGlkYXRl	Y2FuZGlkYXRl	Y2hhcio=	81	94489281053
68719478718	107374182507	UlRMRF9MQVpZ	PHVua25vd24+IFJUTERfTEFaWQ==	QU5Z	81	94489281068
68719478719	107374182507	UlRMRF9MT0NBTA==	PHVua25vd24+IFJUTERfTE9DQUw=	QU5Z	81	94489281067
68719478720	107374182507	bG9hZGVk	bG9hZGVk	dm9pZCo=	81	94489281054
68719478721	107374182507	bG9hZGVk	bG9hZGVk	dm9pZCo=	82	94489281054
68719478722	107374182508	aGFuZGxl	aGFuZGxl	dm9pZCo=	73	94489281055
68719478723	107374182508	aGFuZGxl	aGFuZGxl	dm9pZCo=	87	94489281055
68719478724	107374182509	c3ltYm9s	c3ltYm9s	Y2hhcio=	93	111669149916
68719478725	107374182510	aGFuZGxl	aGFuZGxl	dm9pZCo=	101	94489281056
68719478726	107374182510	aGFuZGxl	aGFuZGxl	dm9pZCo=	102	94489281056
68719478727	107374182510	c3ltYm9s	c3ltYm9s	Y2hhcio=	103	111669149917
68719478728	107374182510	Zm91bmQ=	Zm91bmQ=	QU5ZKg==	106	94489281057
68719478729	107374182510	aGFuZGxl	aGFuZGxl	dm9pZCo=	106	94489281056
68719478730	107374182510	c3ltYm9s	c3ltYm9s	Y2hhcio=	106	111669149917
68719478731	107374182510	Zm91bmQ=	Zm91bmQ=	QU5ZKg==	107	94489281057
68719478732	107374182510	c3ltYm9s	c3ltYm9s	Y2hhcio=	108	111669149917
68719478733	107374182510	Zm91bmQ=	Zm91bmQ=	QU5ZKg==	110	94489281057
68719478734	107374182511	cmVhbA==	cmVhbA==	U2xpcnAqKCpjb25zdCkoY29uc3RTbGlycENvbmZpZyosU2xpcnBDYiosdm9pZCop	118	94489281058
68719478735	107374182511	cmVhbA==	cmVhbA==	U2xpcnAqKCpjb25zdCkoY29uc3RTbGlycENvbmZpZyosU2xpcnBDYiosdm9pZCop	119	94489281058
68719478736	107374182511	Y2Zn	Y2Zn	U2xpcnBDb25maWcq	119	111669149918
68719478737	107374182511	Y2FsbGJhY2tz	Y2FsbGJhY2tz	U2xpcnBDYio=	119	111669149919
68719478738	107374182511	b3BhcXVl	b3BhcXVl	dm9pZCo=	119	111669149920
68719478734	107374182512	cmVhbA==	cmVhbA==	U2xpcnAqKCpjb25zdCkoY29uc3RTbGlycENvbmZpZyosU2xpcnBDYiosdm9pZCop	118	94489281058
68719478735	107374182512	cmVhbA==	cmVhbA==	U2xpcnAqKCpjb25zdCkoY29uc3RTbGlycENvbmZpZyosU2xpcnBDYiosdm9pZCop	119	94489281058
68719478736	107374182512	Y2Zn	Y2Zn	U2xpcnBDb25maWcq	119	111669149918
68719478737	107374182512	Y2FsbGJhY2tz	Y2FsbGJhY2tz	U2xpcnBDYio=	119	111669149919
68719478738	107374182512	b3BhcXVl	b3BhcXVl	dm9pZCo=	119	111669149920
68719478739	107374182512	cmVhbA==	cmVhbA==	dm9pZCgqY29uc3QpKFNsaXJwKik=	123	94489281059
68719478740	107374182512	cmVhbA==	cmVhbA==	dm9pZCgqY29uc3QpKFNsaXJwKik=	124	94489281059
68719478741	107374182512	c2xpcnA=	c2xpcnA=	U2xpcnAq	124	111669149921
68719478742	107374182512	cmVhbA==	cmVhbA==	QU5Z	128	94489281060
68719478743	107374182512	c2xpcnA=	c2xpcnA=	U2xpcnAq	129	111669149922
68719478744	107374182512	cGt0	cGt0	dWludDhfdCo=	129	111669149923
68719478745	107374182512	cGt0X2xlbg==	cGt0X2xlbg==	aW50	129	111669149924
68719478746	107374182512	cmVhbA==	cmVhbA==	QU5Z	133	94489281061
68719478747	107374182512	c2xpcnA=	c2xpcnA=	U2xpcnAq	135	111669149925
68719478748	107374182512	dGltZW91dA==	dGltZW91dA==	dWludDMyX3Qq	135	111669149926
68719478749	107374182512	YWRkX3BvbGw=	YWRkX3BvbGw=	U2xpcnBBZGRQb2xsQ2I=	135	111669149927
68719478750	107374182512	b3BhcXVl	b3BhcXVl	dm9pZCo=	135	111669149928
68719478751	107374182512	cmVhbA==	cmVhbA==	dm9pZCgqY29uc3QpKFNsaXJwKixpbnQsaW50KCopKGludCx2b2lkKiksdm9pZCop	139	94489281062
68719478752	107374182512	cmVhbA==	cmVhbA==	dm9pZCgqY29uc3QpKFNsaXJwKixpbnQsaW50KCopKGludCx2b2lkKiksdm9pZCop	141	94489281062
68719478753	107374182512	c2xpcnA=	c2xpcnA=	U2xpcnAq	141	111669149929
68719478754	107374182512	c2VsZWN0X2Vycm9y	c2VsZWN0X2Vycm9y	aW50	141	111669149930
68719478755	107374182512	Z2V0X3JldmVudHM=	Z2V0X3JldmVudHM=	U2xpcnBHZXRSRXZlbnRzQ2I=	141	111669149931
68719478756	107374182512	b3BhcXVl	b3BhcXVl	dm9pZCo=	141	111669149932
68719478757	107374182512	cmVhbA==	cmVhbA==	aW50KCpjb25zdCkoU2xpcnAqLGludCxpbl9hZGRyLGludCxpbl9hZGRyLGludCk=	146	94489281063
68719478758	107374182512	cmVhbA==	cmVhbA==	aW50KCpjb25zdCkoU2xpcnAqLGludCxpbl9hZGRyLGludCxpbl9hZGRyLGludCk=	148	94489281063
68719478759	107374182512	c2xpcnA=	c2xpcnA=	U2xpcnAq	148	111669149933
68719478760	107374182512	aXNfdWRw	aXNfdWRw	aW50	148	111669149934
68719478761	107374182512	aG9zdF9hZGRy	aG9zdF9hZGRy	aW5fYWRkcg==	148	111669149935
68719478762	107374182512	aG9zdF9wb3J0	aG9zdF9wb3J0	aW50	148	111669149936
68719478763	107374182512	Z3Vlc3RfYWRkcg==	Z3Vlc3RfYWRkcg==	aW5fYWRkcg==	148	111669149937
68719478764	107374182512	Z3Vlc3RfcG9ydA==	Z3Vlc3RfcG9ydA==	aW50	148	111669149938
68719478765	107374182512	aGFuZGxl	aGFuZGxl	dm9pZCo=	154	94489281064
68719478766	107374182512	aGFuZGxl	aGFuZGxl	dm9pZCo=	155	94489281064
68719478767	107374182512	cmVhbA==	cmVhbA==	Y2hhciooKmNvbnN0KSgpKg==	159	94489281065
68719478768	107374182512	aGFuZGxl	aGFuZGxl	dm9pZCo=	159	94489281064
68719478769	107374182512	cmVhbA==	cmVhbA==	Y2hhciooKmNvbnN0KSgpKg==	160	94489281065
68719478770	107374182512	cmVhbA==	cmVhbA==	Y2hhciooKmNvbnN0KSgpKg==	160	94489281065
68719478771	107374182512	c2xpcnBfbmV3	c2xpcnBfbmV3	c2xpcnBfbmV3	42	94489281073
68719478772	107374182512	PHRtcD4w	PHRtcD4w	QU5Z	42	94489281072
68719478773	107374182512	PHRtcD4w	PHRtcD4w	QU5Z	42	94489281072
68719478774	107374182512	PHRtcD4w	PHRtcD4w	QU5Z	42	94489281072
68719478722	107374182512	aGFuZGxl	aGFuZGxl	dm9pZCo=	73	94489281055
68719478723	107374182512	aGFuZGxl	aGFuZGxl	dm9pZCo=	87	94489281055
68719478724	107374182512	c3ltYm9s	c3ltYm9s	Y2hhcio=	93	111669149916
68719478725	107374182512	aGFuZGxl	aGFuZGxl	dm9pZCo=	101	94489281056
68719478726	107374182512	aGFuZGxl	aGFuZGxl	dm9pZCo=	102	94489281056
68719478727	107374182512	c3ltYm9s	c3ltYm9s	Y2hhcio=	103	111669149917
68719478728	107374182512	Zm91bmQ=	Zm91bmQ=	QU5ZKg==	106	94489281057
68719478729	107374182512	aGFuZGxl	aGFuZGxl	dm9pZCo=	106	94489281056
68719478730	107374182512	c3ltYm9s	c3ltYm9s	Y2hhcio=	106	111669149917
68719478731	107374182512	Zm91bmQ=	Zm91bmQ=	QU5ZKg==	107	94489281057
68719478732	107374182512	c3ltYm9s	c3ltYm9s	Y2hhcio=	108	111669149917
68719478733	107374182512	Zm91bmQ=	Zm91bmQ=	QU5ZKg==	110	94489281057
68719478775	107374182512	Q0FORElEQVRFUw==	Q0FORElEQVRFUw==	Y2hhcipbXQ==	64	94489281066
68719478739	107374182513	cmVhbA==	cmVhbA==	dm9pZCgqY29uc3QpKFNsaXJwKik=	123	94489281059
68719478740	107374182513	cmVhbA==	cmVhbA==	dm9pZCgqY29uc3QpKFNsaXJwKik=	124	94489281059
68719478741	107374182513	c2xpcnA=	c2xpcnA=	U2xpcnAq	124	111669149921
68719478742	107374182514	cmVhbA==	cmVhbA==	QU5Z	128	94489281060
68719478743	107374182514	c2xpcnA=	c2xpcnA=	U2xpcnAq	129	111669149922
68719478744	107374182514	cGt0	cGt0	dWludDhfdCo=	129	111669149923
68719478745	107374182514	cGt0X2xlbg==	cGt0X2xlbg==	aW50	129	111669149924
68719478746	107374182515	cmVhbA==	cmVhbA==	QU5Z	133	94489281061
68719478747	107374182515	c2xpcnA=	c2xpcnA=	U2xpcnAq	135	111669149925
68719478748	107374182515	dGltZW91dA==	dGltZW91dA==	dWludDMyX3Qq	135	111669149926
68719478749	107374182515	YWRkX3BvbGw=	YWRkX3BvbGw=	U2xpcnBBZGRQb2xsQ2I=	135	111669149927
68719478750	107374182515	b3BhcXVl	b3BhcXVl	dm9pZCo=	135	111669149928
68719478751	107374182516	cmVhbA==	cmVhbA==	dm9pZCgqY29uc3QpKFNsaXJwKixpbnQsaW50KCopKGludCx2b2lkKiksdm9pZCop	139	94489281062
68719478752	107374182516	cmVhbA==	cmVhbA==	dm9pZCgqY29uc3QpKFNsaXJwKixpbnQsaW50KCopKGludCx2b2lkKiksdm9pZCop	141	94489281062
68719478753	107374182516	c2xpcnA=	c2xpcnA=	U2xpcnAq	141	111669149929
68719478754	107374182516	c2VsZWN0X2Vycm9y	c2VsZWN0X2Vycm9y	aW50	141	111669149930
68719478755	107374182516	Z2V0X3JldmVudHM=	Z2V0X3JldmVudHM=	U2xpcnBHZXRSRXZlbnRzQ2I=	141	111669149931
68719478756	107374182516	b3BhcXVl	b3BhcXVl	dm9pZCo=	141	111669149932
68719478757	107374182517	cmVhbA==	cmVhbA==	aW50KCpjb25zdCkoU2xpcnAqLGludCxpbl9hZGRyLGludCxpbl9hZGRyLGludCk=	146	94489281063
68719478758	107374182517	cmVhbA==	cmVhbA==	aW50KCpjb25zdCkoU2xpcnAqLGludCxpbl9hZGRyLGludCxpbl9hZGRyLGludCk=	148	94489281063
68719478759	107374182517	c2xpcnA=	c2xpcnA=	U2xpcnAq	148	111669149933
68719478760	107374182517	aXNfdWRw	aXNfdWRw	aW50	148	111669149934
68719478761	107374182517	aG9zdF9hZGRy	aG9zdF9hZGRy	aW5fYWRkcg==	148	111669149935
68719478762	107374182517	aG9zdF9wb3J0	aG9zdF9wb3J0	aW50	148	111669149936
68719478763	107374182517	Z3Vlc3RfYWRkcg==	Z3Vlc3RfYWRkcg==	aW5fYWRkcg==	148	111669149937
68719478764	107374182517	Z3Vlc3RfcG9ydA==	Z3Vlc3RfcG9ydA==	aW50	148	111669149938
68719478765	107374182518	aGFuZGxl	aGFuZGxl	dm9pZCo=	154	94489281064
68719478766	107374182518	aGFuZGxl	aGFuZGxl	dm9pZCo=	155	94489281064
68719478767	107374182518	cmVhbA==	cmVhbA==	Y2hhciooKmNvbnN0KSgpKg==	159	94489281065
68719478768	107374182518	aGFuZGxl	aGFuZGxl	dm9pZCo=	159	94489281064
68719478769	107374182518	cmVhbA==	cmVhbA==	Y2hhciooKmNvbnN0KSgpKg==	160	94489281065
68719478770	107374182518	cmVhbA==	cmVhbA==	Y2hhciooKmNvbnN0KSgpKg==	160	94489281065
