68719476736	command.js	2	command.js::program	parseArgs	DIRECT	94489280512	parseArgs	LOCAL	0	
68719476738	command.js	2	command.js::program	this	DIRECT	111669149696	this	METHOD_PARAMETER_IN	0	
68719476739	command.js	3	command.js::program	loadModelSync	DIRECT	94489280513	loadModelSync	LOCAL	0	
68719476741	command.js	3	command.js::program	this	DIRECT	111669149696	this	METHOD_PARAMETER_IN	0	
68719476742	command.js	3	command.js::program	renderQuery	DIRECT	94489280514	renderQuery	LOCAL	0	
68719476744	command.js	3	command.js::program	this	DIRECT	111669149696	this	METHOD_PARAMETER_IN	0	
68719476745	command.js	4	command.js::program	args	DIRECT	94489280515	args	LOCAL	0	
68719476746	command.js	4	command.js::program	parseArgs	DIRECT	94489280512	parseArgs	LOCAL	0	
68719476747	command.js	4	command.js::program	this	DIRECT	111669149696	this	METHOD_PARAMETER_IN	0	
68719476764	command.js	22	command.js::program	file	DIRECT	94489280519	file	LOCAL	0	
68719476765	command.js	22	command.js::program	_tmp_3	DIRECT	94489280530	_tmp_3	LOCAL	0	
68719476766	command.js	22	command.js::program	args	DIRECT	94489280515	args	LOCAL	0	
68719476767	command.js	22	command.js::program	_tmp_3	DIRECT	94489280530	_tmp_3	LOCAL	0	
68719476768	command.js	22	command.js::program	args	DIRECT	94489280515	args	LOCAL	0	
68719476769	command.js	22	command.js::program	args	DIRECT	94489280515	args	LOCAL	0	
68719476770	command.js	23	command.js::program	model	DIRECT	94489280520	model	LOCAL	0	
68719476771	command.js	23	command.js::program	loadModelSync	DIRECT	94489280513	loadModelSync	LOCAL	0	
68719476772	command.js	23	command.js::program	this	DIRECT	111669149696	this	METHOD_PARAMETER_IN	0	
68719476773	command.js	23	command.js::program	file	DIRECT	94489280519	file	LOCAL	0	
68719476774	command.js	24	command.js::program	args	DIRECT	94489280515	args	LOCAL	0	
68719476775	command.js	25	command.js::program	console	DIRECT	94489280525	console	LOCAL	0	
68719476776	command.js	25	command.js::program	console	DIRECT	94489280525	console	LOCAL	0	
68719476777	command.js	25	command.js::program	model	DIRECT	94489280520	model	LOCAL	0	
68719476778	command.js	28	command.js::program	query	DIRECT	94489280521	query	LOCAL	0	
68719476779	command.js	28	command.js::program	renderQuery	DIRECT	94489280514	renderQuery	LOCAL	0	
68719476780	command.js	28	command.js::program	this	DIRECT	111669149696	this	METHOD_PARAMETER_IN	0	
68719476781	command.js	28	command.js::program	model	DIRECT	94489280520	model	LOCAL	0	
68719476783	command.js	29	command.js::program	args	DIRECT	94489280515	args	LOCAL	0	
68719476784	command.js	29	command.js::program	_tmp_5	DIRECT	94489280529	_tmp_5	LOCAL	0	
68719476785	command.js	29	command.js::program	args	DIRECT	94489280515	args	LOCAL	0	
68719476786	command.js	29	command.js::program	_tmp_5	DIRECT	94489280529	_tmp_5	LOCAL	0	
68719476788	command.js	30	command.js::program	args	DIRECT	94489280515	args	LOCAL	0	
68719476789	command.js	30	command.js::program	_tmp_6	DIRECT	94489280528	_tmp_6	LOCAL	0	
68719476790	command.js	30	command.js::program	args	DIRECT	94489280515	args	LOCAL	0	
68719476791	command.js	30	command.js::program	_tmp_6	DIRECT	94489280528	_tmp_6	LOCAL	0	
68719476793	command.js	31	command.js::program	args	DIRECT	94489280515	args	LOCAL	0	
68719476795	command.js	32	command.js::program	args	DIRECT	94489280515	args	LOCAL	0	
68719476797	command.js	33	command.js::program	args	DIRECT	94489280515	args	LOCAL	0	
68719476799	command.js	34	command.js::program	args	DIRECT	94489280515	args	LOCAL	0	
68719476801	command.js	35	command.js::program	args	DIRECT	94489280515	args	LOCAL	0	
68719476802	command.js	35	command.js::program	_tmp_7	DIRECT	94489280527	_tmp_7	LOCAL	0	
68719476803	command.js	35	command.js::program	args	DIRECT	94489280515	args	LOCAL	0	
68719476804	command.js	35	command.js::program	_tmp_7	DIRECT	94489280527	_tmp_7	LOCAL	0	
68719476806	command.js	36	command.js::program	args	DIRECT	94489280515	args	LOCAL	0	
68719476807	command.js	36	command.js::program	args	DIRECT	94489280515	args	LOCAL	0	
68719476808	command.js	36	command.js::program	undefined	DIRECT	94489280526	undefined	LOCAL	0	
68719476810	command.js	37	command.js::program	args	DIRECT	94489280515	args	LOCAL	0	
68719476812	command.js	38	command.js::program	args	DIRECT	94489280515	args	LOCAL	0	
68719476814	command.js	40	command.js::program	console	DIRECT	94489280525	console	LOCAL	0	
68719476815	command.js	40	command.js::program	console	DIRECT	94489280525	console	LOCAL	0	
68719476816	command.js	40	command.js::program	query	DIRECT	94489280521	query	LOCAL	0	
68719476817	command.js	43	command.js::program	err	DIRECT	94489280523	err	LOCAL	0	
68719476818	command.js	44	command.js::program	console	DIRECT	94489280525	console	LOCAL	0	
68719476819	command.js	44	command.js::program	console	DIRECT	94489280525	console	LOCAL	0	
68719476820	command.js	44	command.js::program	err	DIRECT	94489280523	err	LOCAL	0	
68719476821	command.js	44	command.js::program	Error	DIRECT	94489280524	Error	LOCAL	0	
68719476822	command.js	44	command.js::program	err	DIRECT	94489280523	err	LOCAL	0	
68719476823	command.js	44	command.js::program	err	DIRECT	94489280523	err	LOCAL	0	
68719476824	index.js	1	index.js::program	_common.js	DIRECT	94489280531	_common.js	LOCAL	0	
68719476826	index.js	1	index.js::program	_common.js	DIRECT	94489280531	_common.js	LOCAL	0	
68719476827	index.js	2	index.js::program	_load.js	DIRECT	94489280532	_load.js	LOCAL	0	
68719476829	index.js	2	index.js::program	_load.js	DIRECT	94489280532	_load.js	LOCAL	0	
68719476830	index.js	3	index.js::program	_query.js	DIRECT	94489280533	_query.js	LOCAL	0	
68719476832	index.js	3	index.js::program	_query.js	DIRECT	94489280533	_query.js	LOCAL	0	
68719476834	lib/common.js	5	lib/common.js::program:SqlValidationError:<init>	this	DIRECT	111669149698	this	METHOD_PARAMETER_IN	0	
68719476835	lib/common.js	5	lib/common.js::program:SqlValidationError:<init>	message	DIRECT	111669149699	message	METHOD_PARAMETER_IN	0	
68719476836	lib/common.js	6	lib/common.js::program:SqlValidationError:<init>	this	DIRECT	111669149698	this	METHOD_PARAMETER_IN	0	
68719476837	lib/common.js	6	lib/common.js::program:SqlValidationError:<init>	violations	DIRECT	111669149700	violations	METHOD_PARAMETER_IN	0	
68719476838	lib/common.js	7	lib/common.js::program:SqlValidationError:<init>	this	DIRECT	111669149698	this	METHOD_PARAMETER_IN	0	
68719476839	lib/common.js	7	lib/common.js::program:SqlValidationError:<init>	suggestions	DIRECT	111669149701	suggestions	METHOD_PARAMETER_IN	0	
68719476840	lib/common.js	8	lib/common.js::program:SqlValidationError:<init>	this	DIRECT	111669149698	this	METHOD_PARAMETER_IN	0	
68719476844	lib/common.js	29	lib/common.js::program:extractFieldReferencesFromNode:<lambda>0	extractFieldReferencesFromNode	CAPTURED	94489280535	extractFieldReferencesFromNode	LOCAL	2	
68719476845	lib/common.js	29	lib/common.js::program:extractFieldReferencesFromNode:<lambda>0	this	DIRECT	111669149702	this	METHOD_PARAMETER_IN	0	
68719476846	lib/common.js	29	lib/common.js::program:extractFieldReferencesFromNode:<lambda>0	item	DIRECT	111669149703	item	METHOD_PARAMETER_IN	0	
68719476847	lib/common.js	29	lib/common.js::program:extractFieldReferencesFromNode:<lambda>0	field_set	CAPTURED	111669149706	field_set	METHOD_PARAMETER_IN	1	
68719476848	lib/common.js	12	lib/common.js::program:extractFieldReferencesFromNode	node	DIRECT	111669149705	node	METHOD_PARAMETER_IN	0	
68719476849	lib/common.js	12	lib/common.js::program:extractFieldReferencesFromNode	node	DIRECT	111669149705	node	METHOD_PARAMETER_IN	0	
68719476850	lib/common.js	14	lib/common.js::program:extractFieldReferencesFromNode	node	DIRECT	111669149705	node	METHOD_PARAMETER_IN	0	
68719476851	lib/common.js	15	lib/common.js::program:extractFieldReferencesFromNode	node	DIRECT	111669149705	node	METHOD_PARAMETER_IN	0	
68719476852	lib/common.js	15	lib/common.js::program:extractFieldReferencesFromNode	node	DIRECT	111669149705	node	METHOD_PARAMETER_IN	0	
68719476853	lib/common.js	15	lib/common.js::program:extractFieldReferencesFromNode	node	DIRECT	111669149705	node	METHOD_PARAMETER_IN	0	
68719476854	lib/common.js	16	lib/common.js::program:extractFieldReferencesFromNode	field_set	DIRECT	111669149706	field_set	METHOD_PARAMETER_IN	0	
68719476855	lib/common.js	16	lib/common.js::program:extractFieldReferencesFromNode	field_set	DIRECT	111669149706	field_set	METHOD_PARAMETER_IN	0	
68719476856	lib/common.js	16	lib/common.js::program:extractFieldReferencesFromNode	node	DIRECT	111669149705	node	METHOD_PARAMETER_IN	0	
68719476857	lib/common.js	17	lib/common.js::program:extractFieldReferencesFromNode	node	DIRECT	111669149705	node	METHOD_PARAMETER_IN	0	
68719476858	lib/common.js	17	lib/common.js::program:extractFieldReferencesFromNode	node	DIRECT	111669149705	node	METHOD_PARAMETER_IN	0	
68719476859	lib/common.js	18	lib/common.js::program:extractFieldReferencesFromNode	node	DIRECT	111669149705	node	METHOD_PARAMETER_IN	0	
68719476860	lib/common.js	18	lib/common.js::program:extractFieldReferencesFromNode	node	DIRECT	111669149705	node	METHOD_PARAMETER_IN	0	
68719476861	lib/common.js	19	lib/common.js::program:extractFieldReferencesFromNode	field_set	DIRECT	111669149706	field_set	METHOD_PARAMETER_IN	0	
68719476862	lib/common.js	19	lib/common.js::program:extractFieldReferencesFromNode	field_set	DIRECT	111669149706	field_set	METHOD_PARAMETER_IN	0	
68719476863	lib/common.js	19	lib/common.js::program:extractFieldReferencesFromNode	node	DIRECT	111669149705	node	METHOD_PARAMETER_IN	0	
68719476864	lib/common.js	20	lib/common.js::program:extractFieldReferencesFromNode	Array	DIRECT	94489280544	Array	LOCAL	0	
68719476865	lib/common.js	20	lib/common.js::program:extractFieldReferencesFromNode	Array	DIRECT	94489280544	Array	LOCAL	0	
68719476866	lib/common.js	20	lib/common.js::program:extractFieldReferencesFromNode	node	DIRECT	111669149705	node	METHOD_PARAMETER_IN	0	
68719476867	lib/common.js	20	lib/common.js::program:extractFieldReferencesFromNode	node	DIRECT	111669149705	node	METHOD_PARAMETER_IN	0	
68719476868	lib/common.js	21	lib/common.js::program:extractFieldReferencesFromNode	columnName	DIRECT	94489280536	columnName	LOCAL	0	
68719476869	lib/common.js	21	lib/common.js::program:extractFieldReferencesFromNode	node	DIRECT	111669149705	node	METHOD_PARAMETER_IN	0	
68719476870	lib/common.js	21	lib/common.js::program:extractFieldReferencesFromNode	node	DIRECT	111669149705	node	METHOD_PARAMETER_IN	0	
68719476871	lib/common.js	22	lib/common.js::program:extractFieldReferencesFromNode	columnName	DIRECT	94489280536	columnName	LOCAL	0	
68719476872	lib/common.js	22	lib/common.js::program:extractFieldReferencesFromNode	columnName	DIRECT	94489280536	columnName	LOCAL	0	
68719476873	lib/common.js	23	lib/common.js::program:extractFieldReferencesFromNode	field_set	DIRECT	111669149706	field_set	METHOD_PARAMETER_IN	0	
68719476874	lib/common.js	23	lib/common.js::program:extractFieldReferencesFromNode	field_set	DIRECT	111669149706	field_set	METHOD_PARAMETER_IN	0	
68719476875	lib/common.js	23	lib/common.js::program:extractFieldReferencesFromNode	columnName	DIRECT	94489280536	columnName	LOCAL	0	
68719476876	lib/common.js	26	lib/common.js::program:extractFieldReferencesFromNode	_iterator_0	DIRECT	94489280547	_iterator_0	LOCAL	0	
68719476877	lib/common.js	26	lib/common.js::program:extractFieldReferencesFromNode	node	DIRECT	111669149705	node	METHOD_PARAMETER_IN	0	
68719476878	lib/common.js	26	lib/common.js::program:extractFieldReferencesFromNode	_result_0	DIRECT	94489280546	_result_0	LOCAL	0	
68719476879	lib/common.js	26	lib/common.js::program:extractFieldReferencesFromNode	key	DIRECT	94489280545	key	LOCAL	0	
68719476882	lib/common.js	27	lib/common.js::program:extractFieldReferencesFromNode	value	DIRECT	94489280540	value	LOCAL	0	
68719476883	lib/common.js	27	lib/common.js::program:extractFieldReferencesFromNode	node	DIRECT	111669149705	node	METHOD_PARAMETER_IN	0	
68719476884	lib/common.js	27	lib/common.js::program:extractFieldReferencesFromNode	key	DIRECT	94489280545	key	LOCAL	0	
68719476885	lib/common.js	28	lib/common.js::program:extractFieldReferencesFromNode	Array	DIRECT	94489280544	Array	LOCAL	0	
68719476886	lib/common.js	28	lib/common.js::program:extractFieldReferencesFromNode	Array	DIRECT	94489280544	Array	LOCAL	0	
68719476887	lib/common.js	28	lib/common.js::program:extractFieldReferencesFromNode	value	DIRECT	94489280540	value	LOCAL	0	
68719476888	lib/common.js	29	lib/common.js::program:extractFieldReferencesFromNode	value	DIRECT	94489280540	value	LOCAL	0	
68719476889	lib/common.js	29	lib/common.js::program:extractFieldReferencesFromNode	value	DIRECT	94489280540	value	LOCAL	0	
68719476890	lib/common.js	30	lib/common.js::program:extractFieldReferencesFromNode	value	DIRECT	94489280540	value	LOCAL	0	
68719476891	lib/common.js	31	lib/common.js::program:extractFieldReferencesFromNode	extractFieldReferencesFromNode	CAPTURED	94489280535	extractFieldReferencesFromNode	LOCAL	1	
68719476892	lib/common.js	31	lib/common.js::program:extractFieldReferencesFromNode	this	DIRECT	111669149704	this	METHOD_PARAMETER_IN	0	
68719476893	lib/common.js	31	lib/common.js::program:extractFieldReferencesFromNode	value	DIRECT	94489280540	value	LOCAL	0	
68719476894	lib/common.js	31	lib/common.js::program:extractFieldReferencesFromNode	field_set	DIRECT	111669149706	field_set	METHOD_PARAMETER_IN	0	
68719476895	lib/common.js	1	lib/common.js::program	SqlValidationError	DIRECT	94489280534	SqlValidationError	LOCAL	0	
68719476897	lib/common.js	1	lib/common.js::program	SqlValidationError	DIRECT	94489280534	SqlValidationError	LOCAL	0	
68719476898	lib/common.js	11	lib/common.js::program	extractFieldReferencesFromNode	DIRECT	94489280535	extractFieldReferencesFromNode	LOCAL	0	
68719476900	lib/common.js	11	lib/common.js::program	extractFieldReferencesFromNode	DIRECT	94489280535	extractFieldReferencesFromNode	LOCAL	0	
68719476901	lib/dialect.js	99	lib/dialect.js::program:parseDatePart	_tmp_0	DIRECT	94489280598	_tmp_0	LOCAL	0	
68719476902	lib/dialect.js	99	lib/dialect.js::program:parseDatePart	_tmp_0	DIRECT	94489280598	_tmp_0	LOCAL	0	
68719476903	lib/dialect.js	99	lib/dialect.js::program:parseDatePart	text	DIRECT	111669149709	text	METHOD_PARAMETER_IN	0	
68719476904	lib/dialect.js	101	lib/dialect.js::program:parseDatePart	_tmp_1	DIRECT	94489280597	_tmp_1	LOCAL	0	
68719476905	lib/dialect.js	101	lib/dialect.js::program:parseDatePart	_tmp_1	DIRECT	94489280597	_tmp_1	LOCAL	0	
68719476906	lib/dialect.js	101	lib/dialect.js::program:parseDatePart	text	DIRECT	111669149709	text	METHOD_PARAMETER_IN	0	
68719476907	lib/dialect.js	103	lib/dialect.js::program:parseDatePart	_tmp_2	DIRECT	94489280596	_tmp_2	LOCAL	0	
68719476908	lib/dialect.js	103	lib/dialect.js::program:parseDatePart	_tmp_2	DIRECT	94489280596	_tmp_2	LOCAL	0	
68719476909	lib/dialect.js	103	lib/dialect.js::program:parseDatePart	text	DIRECT	111669149709	text	METHOD_PARAMETER_IN	0	
68719476910	lib/dialect.js	105	lib/dialect.js::program:parseDatePart	_tmp_3	DIRECT	94489280595	_tmp_3	LOCAL	0	
68719476911	lib/dialect.js	105	lib/dialect.js::program:parseDatePart	_tmp_3	DIRECT	94489280595	_tmp_3	LOCAL	0	
68719476912	lib/dialect.js	105	lib/dialect.js::program:parseDatePart	text	DIRECT	111669149709	text	METHOD_PARAMETER_IN	0	
68719476913	lib/dialect.js	107	lib/dialect.js::program:parseDatePart	_tmp_4	DIRECT	94489280594	_tmp_4	LOCAL	0	
68719476914	lib/dialect.js	107	lib/dialect.js::program:parseDatePart	_tmp_4	DIRECT	94489280594	_tmp_4	LOCAL	0	
68719476915	lib/dialect.js	107	lib/dialect.js::program:parseDatePart	text	DIRECT	111669149709	text	METHOD_PARAMETER_IN	0	
68719476916	lib/dialect.js	109	lib/dialect.js::program:parseDatePart	_tmp_5	DIRECT	94489280593	_tmp_5	LOCAL	0	
68719476917	lib/dialect.js	109	lib/dialect.js::program:parseDatePart	_tmp_5	DIRECT	94489280593	_tmp_5	LOCAL	0	
68719476918	lib/dialect.js	109	lib/dialect.js::program:parseDatePart	text	DIRECT	111669149709	text	METHOD_PARAMETER_IN	0	
68719476919	lib/dialect.js	111	lib/dialect.js::program:parseDatePart	_tmp_6	DIRECT	94489280592	_tmp_6	LOCAL	0	
68719476920	lib/dialect.js	111	lib/dialect.js::program:parseDatePart	_tmp_6	DIRECT	94489280592	_tmp_6	LOCAL	0	
68719476921	lib/dialect.js	111	lib/dialect.js::program:parseDatePart	text	DIRECT	111669149709	text	METHOD_PARAMETER_IN	0	
68719476922	lib/dialect.js	114	lib/dialect.js::program:parseDatePart	_tmp_7	DIRECT	94489280591	_tmp_7	LOCAL	0	
68719476923	lib/dialect.js	114	lib/dialect.js::program:parseDatePart	Error	DIRECT	94489280590	Error	LOCAL	0	
68719476925	lib/dialect.js	114	lib/dialect.js::program:parseDatePart	text	DIRECT	111669149709	text	METHOD_PARAMETER_IN	0	
68719476927	lib/dialect.js	2	lib/dialect.js::program:constructCurrentTimeOffsetExpression	date_part	DIRECT	111669149713	date_part	METHOD_PARAMETER_IN	0	
68719476928	lib/dialect.js	2	lib/dialect.js::program:constructCurrentTimeOffsetExpression	parseDatePart	CAPTURED	94489280548	parseDatePart	LOCAL	1	
68719476929	lib/dialect.js	2	lib/dialect.js::program:constructCurrentTimeOffsetExpression	this	DIRECT	111669149710	this	METHOD_PARAMETER_IN	0	
68719476930	lib/dialect.js	2	lib/dialect.js::program:constructCurrentTimeOffsetExpression	date_part	DIRECT	111669149713	date_part	METHOD_PARAMETER_IN	0	
68719476931	lib/dialect.js	3	lib/dialect.js::program:constructCurrentTimeOffsetExpression	now	DIRECT	94489280551	now	LOCAL	0	
68719476932	lib/dialect.js	3	lib/dialect.js::program:constructCurrentTimeOffsetExpression	is_date	DIRECT	111669149714	is_date	METHOD_PARAMETER_IN	0	
68719476933	lib/dialect.js	4	lib/dialect.js::program:constructCurrentTimeOffsetExpression	dialect	DIRECT	111669149711	dialect	METHOD_PARAMETER_IN	0	
68719476934	lib/dialect.js	5	lib/dialect.js::program:constructCurrentTimeOffsetExpression	now	DIRECT	94489280551	now	LOCAL	0	
68719476935	lib/dialect.js	5	lib/dialect.js::program:constructCurrentTimeOffsetExpression	date_offset	DIRECT	111669149712	date_offset	METHOD_PARAMETER_IN	0	
68719476936	lib/dialect.js	5	lib/dialect.js::program:constructCurrentTimeOffsetExpression	date_part	DIRECT	111669149713	date_part	METHOD_PARAMETER_IN	0	
68719476937	lib/dialect.js	6	lib/dialect.js::program:constructCurrentTimeOffsetExpression	dialect	DIRECT	111669149711	dialect	METHOD_PARAMETER_IN	0	
68719476938	lib/dialect.js	7	lib/dialect.js::program:constructCurrentTimeOffsetExpression	now	DIRECT	94489280551	now	LOCAL	0	
68719476939	lib/dialect.js	7	lib/dialect.js::program:constructCurrentTimeOffsetExpression	date_offset	DIRECT	111669149712	date_offset	METHOD_PARAMETER_IN	0	
68719476940	lib/dialect.js	7	lib/dialect.js::program:constructCurrentTimeOffsetExpression	date_part	DIRECT	111669149713	date_part	METHOD_PARAMETER_IN	0	
68719476941	lib/dialect.js	9	lib/dialect.js::program:constructCurrentTimeOffsetExpression	_tmp_8	DIRECT	94489280588	_tmp_8	LOCAL	0	
68719476942	lib/dialect.js	9	lib/dialect.js::program:constructCurrentTimeOffsetExpression	Error	DIRECT	94489280587	Error	LOCAL	0	
68719476944	lib/dialect.js	9	lib/dialect.js::program:constructCurrentTimeOffsetExpression	dialect	DIRECT	111669149711	dialect	METHOD_PARAMETER_IN	0	
68719476946	lib/dialect.js	12	lib/dialect.js::program:constructDateRangeExpression	expression	DIRECT	94489280554	expression	LOCAL	0	
68719476947	lib/dialect.js	12	lib/dialect.js::program:constructDateRangeExpression	date_field	DIRECT	111669149717	date_field	METHOD_PARAMETER_IN	0	
68719476948	lib/dialect.js	12	lib/dialect.js::program:constructDateRangeExpression	constructCurrentTimeOffsetExpression	CAPTURED	94489280550	constructCurrentTimeOffsetExpression	LOCAL	1	
68719476949	lib/dialect.js	12	lib/dialect.js::program:constructDateRangeExpression	this	DIRECT	111669149715	this	METHOD_PARAMETER_IN	0	
68719476950	lib/dialect.js	12	lib/dialect.js::program:constructDateRangeExpression	dialect	DIRECT	111669149716	dialect	METHOD_PARAMETER_IN	0	
68719476951	lib/dialect.js	12	lib/dialect.js::program:constructDateRangeExpression	date_offset	DIRECT	111669149718	date_offset	METHOD_PARAMETER_IN	0	
68719476952	lib/dialect.js	12	lib/dialect.js::program:constructDateRangeExpression	date_part	DIRECT	111669149719	date_part	METHOD_PARAMETER_IN	0	
68719476953	lib/dialect.js	12	lib/dialect.js::program:constructDateRangeExpression	is_date	DIRECT	111669149721	is_date	METHOD_PARAMETER_IN	0	
68719476954	lib/dialect.js	13	lib/dialect.js::program:constructDateRangeExpression	include_today	DIRECT	111669149720	include_today	METHOD_PARAMETER_IN	0	
68719476955	lib/dialect.js	14	lib/dialect.js::program:constructDateRangeExpression	expression	DIRECT	94489280554	expression	LOCAL	0	
68719476956	lib/dialect.js	14	lib/dialect.js::program:constructDateRangeExpression	date_field	DIRECT	111669149717	date_field	METHOD_PARAMETER_IN	0	
68719476957	lib/dialect.js	14	lib/dialect.js::program:constructDateRangeExpression	constructTodayAtMidnightExpression	CAPTURED	94489280563	constructTodayAtMidnightExpression	LOCAL	1	
68719476958	lib/dialect.js	14	lib/dialect.js::program:constructDateRangeExpression	this	DIRECT	111669149715	this	METHOD_PARAMETER_IN	0	
68719476959	lib/dialect.js	14	lib/dialect.js::program:constructDateRangeExpression	dialect	DIRECT	111669149716	dialect	METHOD_PARAMETER_IN	0	
68719476960	lib/dialect.js	14	lib/dialect.js::program:constructDateRangeExpression	is_date	DIRECT	111669149721	is_date	METHOD_PARAMETER_IN	0	
68719476961	lib/dialect.js	15	lib/dialect.js::program:constructDateRangeExpression	expression	DIRECT	94489280554	expression	LOCAL	0	
68719476962	lib/dialect.js	18	lib/dialect.js::program:constructDateTruncExpression	date_expr	DIRECT	111669149724	date_expr	METHOD_PARAMETER_IN	0	
68719476963	lib/dialect.js	18	lib/dialect.js::program:constructDateTruncExpression	date_expr	DIRECT	111669149724	date_expr	METHOD_PARAMETER_IN	0	
68719476964	lib/dialect.js	18	lib/dialect.js::program:constructDateTruncExpression	date_expr	DIRECT	111669149724	date_expr	METHOD_PARAMETER_IN	0	
68719476965	lib/dialect.js	19	lib/dialect.js::program:constructDateTruncExpression	date_granularity	DIRECT	111669149725	date_granularity	METHOD_PARAMETER_IN	0	
68719476966	lib/dialect.js	19	lib/dialect.js::program:constructDateTruncExpression	_tmp_9	DIRECT	94489280584	_tmp_9	LOCAL	0	
68719476967	lib/dialect.js	19	lib/dialect.js::program:constructDateTruncExpression	date_granularity	DIRECT	111669149725	date_granularity	METHOD_PARAMETER_IN	0	
68719476968	lib/dialect.js	19	lib/dialect.js::program:constructDateTruncExpression	date_granularity	DIRECT	111669149725	date_granularity	METHOD_PARAMETER_IN	0	
68719476969	lib/dialect.js	19	lib/dialect.js::program:constructDateTruncExpression	_tmp_9	DIRECT	94489280584	_tmp_9	LOCAL	0	
68719476970	lib/dialect.js	20	lib/dialect.js::program:constructDateTruncExpression	_tmp_10	DIRECT	94489280582	_tmp_10	LOCAL	0	
68719476971	lib/dialect.js	20	lib/dialect.js::program:constructDateTruncExpression	_tmp_11	DIRECT	94489280583	_tmp_11	LOCAL	0	
68719476987	lib/dialect.js	20	lib/dialect.js::program:constructDateTruncExpression	_tmp_10	DIRECT	94489280582	_tmp_10	LOCAL	0	
68719476988	lib/dialect.js	20	lib/dialect.js::program:constructDateTruncExpression	date_granularity	DIRECT	111669149725	date_granularity	METHOD_PARAMETER_IN	0	
68719476989	lib/dialect.js	21	lib/dialect.js::program:constructDateTruncExpression	_tmp_12	DIRECT	94489280581	_tmp_12	LOCAL	0	
68719476990	lib/dialect.js	21	lib/dialect.js::program:constructDateTruncExpression	Error	DIRECT	94489280579	Error	LOCAL	0	
68719476992	lib/dialect.js	21	lib/dialect.js::program:constructDateTruncExpression	date_granularity	DIRECT	111669149725	date_granularity	METHOD_PARAMETER_IN	0	
68719476994	lib/dialect.js	22	lib/dialect.js::program:constructDateTruncExpression	dialect	DIRECT	111669149723	dialect	METHOD_PARAMETER_IN	0	
68719476995	lib/dialect.js	23	lib/dialect.js::program:constructDateTruncExpression	date_expr	DIRECT	111669149724	date_expr	METHOD_PARAMETER_IN	0	
68719476996	lib/dialect.js	23	lib/dialect.js::program:constructDateTruncExpression	date_granularity	DIRECT	111669149725	date_granularity	METHOD_PARAMETER_IN	0	
68719476997	lib/dialect.js	24	lib/dialect.js::program:constructDateTruncExpression	dialect	DIRECT	111669149723	dialect	METHOD_PARAMETER_IN	0	
68719476998	lib/dialect.js	25	lib/dialect.js::program:constructDateTruncExpression	date_granularity	DIRECT	111669149725	date_granularity	METHOD_PARAMETER_IN	0	
68719476999	lib/dialect.js	25	lib/dialect.js::program:constructDateTruncExpression	date_expr	DIRECT	111669149724	date_expr	METHOD_PARAMETER_IN	0	
68719477000	lib/dialect.js	27	lib/dialect.js::program:constructDateTruncExpression	_tmp_13	DIRECT	94489280580	_tmp_13	LOCAL	0	
68719477001	lib/dialect.js	27	lib/dialect.js::program:constructDateTruncExpression	Error	DIRECT	94489280579	Error	LOCAL	0	
68719477003	lib/dialect.js	27	lib/dialect.js::program:constructDateTruncExpression	dialect	DIRECT	111669149723	dialect	METHOD_PARAMETER_IN	0	
68719477005	lib/dialect.js	30	lib/dialect.js::program:constructDateAddExpression	date_part	DIRECT	111669149730	date_part	METHOD_PARAMETER_IN	0	
68719477006	lib/dialect.js	30	lib/dialect.js::program:constructDateAddExpression	parseDatePart	CAPTURED	94489280548	parseDatePart	LOCAL	1	
68719477007	lib/dialect.js	30	lib/dialect.js::program:constructDateAddExpression	this	DIRECT	111669149726	this	METHOD_PARAMETER_IN	0	
68719477008	lib/dialect.js	30	lib/dialect.js::program:constructDateAddExpression	date_part	DIRECT	111669149730	date_part	METHOD_PARAMETER_IN	0	
68719477009	lib/dialect.js	31	lib/dialect.js::program:constructDateAddExpression	dialect	DIRECT	111669149727	dialect	METHOD_PARAMETER_IN	0	
68719477010	lib/dialect.js	32	lib/dialect.js::program:constructDateAddExpression	expression	DIRECT	111669149728	expression	METHOD_PARAMETER_IN	0	
68719477011	lib/dialect.js	32	lib/dialect.js::program:constructDateAddExpression	num	DIRECT	111669149729	num	METHOD_PARAMETER_IN	0	
68719477012	lib/dialect.js	32	lib/dialect.js::program:constructDateAddExpression	date_part	DIRECT	111669149730	date_part	METHOD_PARAMETER_IN	0	
68719477013	lib/dialect.js	33	lib/dialect.js::program:constructDateAddExpression	dialect	DIRECT	111669149727	dialect	METHOD_PARAMETER_IN	0	
68719477014	lib/dialect.js	34	lib/dialect.js::program:constructDateAddExpression	date_part	DIRECT	111669149730	date_part	METHOD_PARAMETER_IN	0	
68719477015	lib/dialect.js	34	lib/dialect.js::program:constructDateAddExpression	num	DIRECT	111669149729	num	METHOD_PARAMETER_IN	0	
68719477016	lib/dialect.js	34	lib/dialect.js::program:constructDateAddExpression	expression	DIRECT	111669149728	expression	METHOD_PARAMETER_IN	0	
68719477017	lib/dialect.js	36	lib/dialect.js::program:constructDateAddExpression	_tmp_14	DIRECT	94489280577	_tmp_14	LOCAL	0	
68719477018	lib/dialect.js	36	lib/dialect.js::program:constructDateAddExpression	Error	DIRECT	94489280576	Error	LOCAL	0	
68719477020	lib/dialect.js	36	lib/dialect.js::program:constructDateAddExpression	dialect	DIRECT	111669149727	dialect	METHOD_PARAMETER_IN	0	
68719477022	lib/dialect.js	39	lib/dialect.js::program:constructDateSubExpression	date_part	DIRECT	111669149735	date_part	METHOD_PARAMETER_IN	0	
68719477023	lib/dialect.js	39	lib/dialect.js::program:constructDateSubExpression	parseDatePart	CAPTURED	94489280548	parseDatePart	LOCAL	1	
68719477024	lib/dialect.js	39	lib/dialect.js::program:constructDateSubExpression	this	DIRECT	111669149731	this	METHOD_PARAMETER_IN	0	
68719477025	lib/dialect.js	39	lib/dialect.js::program:constructDateSubExpression	date_part	DIRECT	111669149735	date_part	METHOD_PARAMETER_IN	0	
68719477026	lib/dialect.js	40	lib/dialect.js::program:constructDateSubExpression	dialect	DIRECT	111669149732	dialect	METHOD_PARAMETER_IN	0	
68719477027	lib/dialect.js	41	lib/dialect.js::program:constructDateSubExpression	date_field	DIRECT	111669149733	date_field	METHOD_PARAMETER_IN	0	
68719477028	lib/dialect.js	41	lib/dialect.js::program:constructDateSubExpression	num	DIRECT	111669149734	num	METHOD_PARAMETER_IN	0	
68719477029	lib/dialect.js	41	lib/dialect.js::program:constructDateSubExpression	date_part	DIRECT	111669149735	date_part	METHOD_PARAMETER_IN	0	
68719477030	lib/dialect.js	42	lib/dialect.js::program:constructDateSubExpression	dialect	DIRECT	111669149732	dialect	METHOD_PARAMETER_IN	0	
68719477031	lib/dialect.js	43	lib/dialect.js::program:constructDateSubExpression	date_part	DIRECT	111669149735	date_part	METHOD_PARAMETER_IN	0	
68719477032	lib/dialect.js	43	lib/dialect.js::program:constructDateSubExpression	num	DIRECT	111669149734	num	METHOD_PARAMETER_IN	0	
68719477033	lib/dialect.js	43	lib/dialect.js::program:constructDateSubExpression	date_field	DIRECT	111669149733	date_field	METHOD_PARAMETER_IN	0	
68719477034	lib/dialect.js	45	lib/dialect.js::program:constructDateSubExpression	_tmp_15	DIRECT	94489280574	_tmp_15	LOCAL	0	
68719477035	lib/dialect.js	45	lib/dialect.js::program:constructDateSubExpression	Error	DIRECT	94489280573	Error	LOCAL	0	
68719477037	lib/dialect.js	45	lib/dialect.js::program:constructDateSubExpression	dialect	DIRECT	111669149732	dialect	METHOD_PARAMETER_IN	0	
68719477039	lib/dialect.js	48	lib/dialect.js::program:constructTodayAtMidnightExpression	is_date	DIRECT	111669149738	is_date	METHOD_PARAMETER_IN	0	
68719477040	lib/dialect.js	50	lib/dialect.js::program:constructTodayAtMidnightExpression	dialect	DIRECT	111669149737	dialect	METHOD_PARAMETER_IN	0	
68719477041	lib/dialect.js	52	lib/dialect.js::program:constructTodayAtMidnightExpression	dialect	DIRECT	111669149737	dialect	METHOD_PARAMETER_IN	0	
68719477042	lib/dialect.js	55	lib/dialect.js::program:constructTodayAtMidnightExpression	_tmp_16	DIRECT	94489280572	_tmp_16	LOCAL	0	
68719477043	lib/dialect.js	55	lib/dialect.js::program:constructTodayAtMidnightExpression	Error	DIRECT	94489280571	Error	LOCAL	0	
68719477045	lib/dialect.js	55	lib/dialect.js::program:constructTodayAtMidnightExpression	dialect	DIRECT	111669149737	dialect	METHOD_PARAMETER_IN	0	
68719477047	lib/dialect.js	58	lib/dialect.js::program:normalizeQuotesForBigQuery	expression	DIRECT	111669149740	expression	METHOD_PARAMETER_IN	0	
68719477048	lib/dialect.js	59	lib/dialect.js::program:normalizeQuotesForBigQuery	expression	DIRECT	111669149740	expression	METHOD_PARAMETER_IN	0	
68719477049	lib/dialect.js	60	lib/dialect.js::program:normalizeQuotesForBigQuery	result	DIRECT	94489280566	result	LOCAL	0	
68719477050	lib/dialect.js	61	lib/dialect.js::program:normalizeQuotesForBigQuery	inSingle	AMBIGUOUS					MULTIPLE_LIVE_ASSIGNMENTS_TO_RESOLVED_LOCAL
68719477051	lib/dialect.js	61	lib/dialect.js::program:normalizeQuotesForBigQuery	inDouble	AMBIGUOUS					MULTIPLE_LIVE_ASSIGNMENTS_TO_RESOLVED_LOCAL
68719477052	lib/dialect.js	62	lib/dialect.js::program:normalizeQuotesForBigQuery	i	DIRECT	94489280569	i	LOCAL	0	
68719477053	lib/dialect.js	62	lib/dialect.js::program:normalizeQuotesForBigQuery	i	DIRECT	94489280569	i	LOCAL	0	
68719477054	lib/dialect.js	62	lib/dialect.js::program:normalizeQuotesForBigQuery	expression	DIRECT	111669149740	expression	METHOD_PARAMETER_IN	0	
68719477055	lib/dialect.js	62	lib/dialect.js::program:normalizeQuotesForBigQuery	i	DIRECT	94489280569	i	LOCAL	0	
68719477056	lib/dialect.js	63	lib/dialect.js::program:normalizeQuotesForBigQuery	ch	DIRECT	94489280570	ch	LOCAL	0	
68719477057	lib/dialect.js	63	lib/dialect.js::program:normalizeQuotesForBigQuery	expression	DIRECT	111669149740	expression	METHOD_PARAMETER_IN	0	
68719477058	lib/dialect.js	63	lib/dialect.js::program:normalizeQuotesForBigQuery	i	DIRECT	94489280569	i	LOCAL	0	
68719477059	lib/dialect.js	64	lib/dialect.js::program:normalizeQuotesForBigQuery	inSingle	AMBIGUOUS					MULTIPLE_LIVE_ASSIGNMENTS_TO_RESOLVED_LOCAL
68719477060	lib/dialect.js	65	lib/dialect.js::program:normalizeQuotesForBigQuery	ch	DIRECT	94489280570	ch	LOCAL	0	
68719477061	lib/dialect.js	66	lib/dialect.js::program:normalizeQuotesForBigQuery	result	DIRECT	94489280566	result	LOCAL	0	
68719477062	lib/dialect.js	66	lib/dialect.js::program:normalizeQuotesForBigQuery	ch	DIRECT	94489280570	ch	LOCAL	0	
68719477063	lib/dialect.js	66	lib/dialect.js::program:normalizeQuotesForBigQuery	expression	DIRECT	111669149740	expression	METHOD_PARAMETER_IN	0	
68719477064	lib/dialect.js	66	lib/dialect.js::program:normalizeQuotesForBigQuery	i	DIRECT	94489280569	i	LOCAL	0	
68719477065	lib/dialect.js	67	lib/dialect.js::program:normalizeQuotesForBigQuery	i	DIRECT	94489280569	i	LOCAL	0	
68719477066	lib/dialect.js	69	lib/dialect.js::program:normalizeQuotesForBigQuery	ch	DIRECT	94489280570	ch	LOCAL	0	
68719477067	lib/dialect.js	69	lib/dialect.js::program:normalizeQuotesForBigQuery	expression	DIRECT	111669149740	expression	METHOD_PARAMETER_IN	0	
68719477068	lib/dialect.js	69	lib/dialect.js::program:normalizeQuotesForBigQuery	i	DIRECT	94489280569	i	LOCAL	0	
68719477069	lib/dialect.js	70	lib/dialect.js::program:normalizeQuotesForBigQuery	result	DIRECT	94489280566	result	LOCAL	0	
68719477070	lib/dialect.js	71	lib/dialect.js::program:normalizeQuotesForBigQuery	i	DIRECT	94489280569	i	LOCAL	0	
68719477071	lib/dialect.js	74	lib/dialect.js::program:normalizeQuotesForBigQuery	result	DIRECT	94489280566	result	LOCAL	0	
68719477072	lib/dialect.js	74	lib/dialect.js::program:normalizeQuotesForBigQuery	ch	DIRECT	94489280570	ch	LOCAL	0	
68719477073	lib/dialect.js	75	lib/dialect.js::program:normalizeQuotesForBigQuery	ch	DIRECT	94489280570	ch	LOCAL	0	
68719477074	lib/dialect.js	76	lib/dialect.js::program:normalizeQuotesForBigQuery	inSingle	AMBIGUOUS					MULTIPLE_LIVE_ASSIGNMENTS_TO_RESOLVED_LOCAL
68719477075	lib/dialect.js	79	lib/dialect.js::program:normalizeQuotesForBigQuery	inDouble	AMBIGUOUS					MULTIPLE_LIVE_ASSIGNMENTS_TO_RESOLVED_LOCAL
68719477076	lib/dialect.js	80	lib/dialect.js::program:normalizeQuotesForBigQuery	result	DIRECT	94489280566	result	LOCAL	0	
68719477077	lib/dialect.js	80	lib/dialect.js::program:normalizeQuotesForBigQuery	ch	DIRECT	94489280570	ch	LOCAL	0	
68719477078	lib/dialect.js	81	lib/dialect.js::program:normalizeQuotesForBigQuery	ch	DIRECT	94489280570	ch	LOCAL	0	
68719477079	lib/dialect.js	82	lib/dialect.js::program:normalizeQuotesForBigQuery	result	DIRECT	94489280566	result	LOCAL	0	
68719477080	lib/dialect.js	82	lib/dialect.js::program:normalizeQuotesForBigQuery	expression	DIRECT	111669149740	expression	METHOD_PARAMETER_IN	0	
68719477081	lib/dialect.js	82	lib/dialect.js::program:normalizeQuotesForBigQuery	i	DIRECT	94489280569	i	LOCAL	0	
68719477082	lib/dialect.js	83	lib/dialect.js::program:normalizeQuotesForBigQuery	i	DIRECT	94489280569	i	LOCAL	0	
68719477083	lib/dialect.js	85	lib/dialect.js::program:normalizeQuotesForBigQuery	ch	DIRECT	94489280570	ch	LOCAL	0	
68719477084	lib/dialect.js	86	lib/dialect.js::program:normalizeQuotesForBigQuery	inDouble	AMBIGUOUS					MULTIPLE_LIVE_ASSIGNMENTS_TO_RESOLVED_LOCAL
68719477085	lib/dialect.js	89	lib/dialect.js::program:normalizeQuotesForBigQuery	result	DIRECT	94489280566	result	LOCAL	0	
68719477086	lib/dialect.js	89	lib/dialect.js::program:normalizeQuotesForBigQuery	ch	DIRECT	94489280570	ch	LOCAL	0	
68719477087	lib/dialect.js	90	lib/dialect.js::program:normalizeQuotesForBigQuery	ch	DIRECT	94489280570	ch	LOCAL	0	
68719477088	lib/dialect.js	91	lib/dialect.js::program:normalizeQuotesForBigQuery	inSingle	AMBIGUOUS					MULTIPLE_LIVE_ASSIGNMENTS_TO_RESOLVED_LOCAL
68719477089	lib/dialect.js	92	lib/dialect.js::program:normalizeQuotesForBigQuery	ch	DIRECT	94489280570	ch	LOCAL	0	
68719477090	lib/dialect.js	93	lib/dialect.js::program:normalizeQuotesForBigQuery	inDouble	AMBIGUOUS					MULTIPLE_LIVE_ASSIGNMENTS_TO_RESOLVED_LOCAL
68719477091	lib/dialect.js	96	lib/dialect.js::program:normalizeQuotesForBigQuery	result	DIRECT	94489280566	result	LOCAL	0	
68719477092	lib/dialect.js	98	lib/dialect.js::program	parseDatePart	DIRECT	94489280548	parseDatePart	LOCAL	0	
68719477093	lib/dialect.js	1	lib/dialect.js::program	constructCurrentTimeOffsetExpression	DIRECT	94489280550	constructCurrentTimeOffsetExpression	LOCAL	0	
68719477095	lib/dialect.js	1	lib/dialect.js::program	constructCurrentTimeOffsetExpression	DIRECT	94489280550	constructCurrentTimeOffsetExpression	LOCAL	0	
68719477096	lib/dialect.js	11	lib/dialect.js::program	constructDateRangeExpression	DIRECT	94489280553	constructDateRangeExpression	LOCAL	0	
68719477098	lib/dialect.js	11	lib/dialect.js::program	constructDateRangeExpression	DIRECT	94489280553	constructDateRangeExpression	LOCAL	0	
68719477099	lib/dialect.js	17	lib/dialect.js::program	constructDateTruncExpression	DIRECT	94489280555	constructDateTruncExpression	LOCAL	0	
68719477101	lib/dialect.js	17	lib/dialect.js::program	constructDateTruncExpression	DIRECT	94489280555	constructDateTruncExpression	LOCAL	0	
68719477102	lib/dialect.js	29	lib/dialect.js::program	constructDateAddExpression	DIRECT	94489280559	constructDateAddExpression	LOCAL	0	
68719477104	lib/dialect.js	29	lib/dialect.js::program	constructDateAddExpression	DIRECT	94489280559	constructDateAddExpression	LOCAL	0	
68719477105	lib/dialect.js	38	lib/dialect.js::program	constructDateSubExpression	DIRECT	94489280561	constructDateSubExpression	LOCAL	0	
68719477107	lib/dialect.js	38	lib/dialect.js::program	constructDateSubExpression	DIRECT	94489280561	constructDateSubExpression	LOCAL	0	
68719477108	lib/dialect.js	47	lib/dialect.js::program	constructTodayAtMidnightExpression	DIRECT	94489280563	constructTodayAtMidnightExpression	LOCAL	0	
68719477110	lib/dialect.js	47	lib/dialect.js::program	constructTodayAtMidnightExpression	DIRECT	94489280563	constructTodayAtMidnightExpression	LOCAL	0	
68719477111	lib/dialect.js	57	lib/dialect.js::program	normalizeQuotesForBigQuery	DIRECT	94489280565	normalizeQuotesForBigQuery	LOCAL	0	
68719477113	lib/dialect.js	57	lib/dialect.js::program	normalizeQuotesForBigQuery	DIRECT	94489280565	normalizeQuotesForBigQuery	LOCAL	0	
68719477114	lib/index.js	1	lib/index.js::program	_common.js	DIRECT	94489280599	_common.js	LOCAL	0	
68719477116	lib/index.js	1	lib/index.js::program	_common.js	DIRECT	94489280599	_common.js	LOCAL	0	
68719477117	lib/index.js	2	lib/index.js::program	_load.js	DIRECT	94489280600	_load.js	LOCAL	0	
68719477119	lib/index.js	2	lib/index.js::program	_load.js	DIRECT	94489280600	_load.js	LOCAL	0	
68719477120	lib/index.js	3	lib/index.js::program	_query.js	DIRECT	94489280601	_query.js	LOCAL	0	
68719477122	lib/index.js	3	lib/index.js::program	_query.js	DIRECT	94489280601	_query.js	LOCAL	0	
68719477123	lib/jinja.js	4	lib/jinja.js::program:renderJinjaTemplate	require	DIRECT	94489280605	require	LOCAL	0	
68719477124	lib/jinja.js	4	lib/jinja.js::program:renderJinjaTemplate	createRequire	CAPTURED	94489280602	createRequire	LOCAL	1	
68719477125	lib/jinja.js	4	lib/jinja.js::program:renderJinjaTemplate	this	DIRECT	111669149743	this	METHOD_PARAMETER_IN	0	
68719477126	lib/jinja.js	4	lib/jinja.js::program:renderJinjaTemplate	import	DIRECT	94489280610	import	LOCAL	0	
68719477127	lib/jinja.js	5	lib/jinja.js::program:renderJinjaTemplate	nunjucks	DIRECT	94489280606	nunjucks	LOCAL	0	
68719477128	lib/jinja.js	5	lib/jinja.js::program:renderJinjaTemplate	require	DIRECT	94489280605	require	LOCAL	0	
68719477129	lib/jinja.js	5	lib/jinja.js::program:renderJinjaTemplate	this	DIRECT	111669149743	this	METHOD_PARAMETER_IN	0	
68719477130	lib/jinja.js	6	lib/jinja.js::program:renderJinjaTemplate	he	DIRECT	94489280607	he	LOCAL	0	
68719477131	lib/jinja.js	6	lib/jinja.js::program:renderJinjaTemplate	require	DIRECT	94489280605	require	LOCAL	0	
68719477132	lib/jinja.js	6	lib/jinja.js::program:renderJinjaTemplate	this	DIRECT	111669149743	this	METHOD_PARAMETER_IN	0	
68719477133	lib/jinja.js	7	lib/jinja.js::program:renderJinjaTemplate	result	AMBIGUOUS					MULTIPLE_LIVE_ASSIGNMENTS_TO_RESOLVED_LOCAL
68719477134	lib/jinja.js	7	lib/jinja.js::program:renderJinjaTemplate	nunjucks	DIRECT	94489280606	nunjucks	LOCAL	0	
68719477135	lib/jinja.js	7	lib/jinja.js::program:renderJinjaTemplate	nunjucks	DIRECT	94489280606	nunjucks	LOCAL	0	
68719477136	lib/jinja.js	7	lib/jinja.js::program:renderJinjaTemplate	text	DIRECT	111669149744	text	METHOD_PARAMETER_IN	0	
68719477137	lib/jinja.js	7	lib/jinja.js::program:renderJinjaTemplate	context	DIRECT	111669149745	context	METHOD_PARAMETER_IN	0	
68719477138	lib/jinja.js	8	lib/jinja.js::program:renderJinjaTemplate	result	AMBIGUOUS					MULTIPLE_LIVE_ASSIGNMENTS_TO_RESOLVED_LOCAL
68719477139	lib/jinja.js	8	lib/jinja.js::program:renderJinjaTemplate	he	DIRECT	94489280607	he	LOCAL	0	
68719477140	lib/jinja.js	8	lib/jinja.js::program:renderJinjaTemplate	he	DIRECT	94489280607	he	LOCAL	0	
68719477141	lib/jinja.js	8	lib/jinja.js::program:renderJinjaTemplate	result	AMBIGUOUS					MULTIPLE_LIVE_ASSIGNMENTS_TO_RESOLVED_LOCAL
68719477142	lib/jinja.js	9	lib/jinja.js::program:renderJinjaTemplate	result	AMBIGUOUS					MULTIPLE_LIVE_ASSIGNMENTS_TO_RESOLVED_LOCAL
68719477143	lib/jinja.js	9	lib/jinja.js::program:renderJinjaTemplate	collapseWhitespace	CAPTURED	94489280603	collapseWhitespace	LOCAL	1	
68719477144	lib/jinja.js	9	lib/jinja.js::program:renderJinjaTemplate	this	DIRECT	111669149743	this	METHOD_PARAMETER_IN	0	
68719477145	lib/jinja.js	9	lib/jinja.js::program:renderJinjaTemplate	result	AMBIGUOUS					MULTIPLE_LIVE_ASSIGNMENTS_TO_RESOLVED_LOCAL
68719477146	lib/jinja.js	10	lib/jinja.js::program:renderJinjaTemplate	result	AMBIGUOUS					MULTIPLE_LIVE_ASSIGNMENTS_TO_RESOLVED_LOCAL
68719477147	lib/jinja.js	1	lib/jinja.js::program	createRequire	DIRECT	94489280602	createRequire	LOCAL	0	
68719477149	lib/jinja.js	1	lib/jinja.js::program	this	DIRECT	111669149746	this	METHOD_PARAMETER_IN	0	
68719477150	lib/jinja.js	2	lib/jinja.js::program	collapseWhitespace	DIRECT	94489280603	collapseWhitespace	LOCAL	0	
68719477152	lib/jinja.js	2	lib/jinja.js::program	this	DIRECT	111669149746	this	METHOD_PARAMETER_IN	0	
68719477153	lib/jinja.js	3	lib/jinja.js::program	renderJinjaTemplate	DIRECT	94489280604	renderJinjaTemplate	LOCAL	0	
68719477155	lib/jinja.js	3	lib/jinja.js::program	renderJinjaTemplate	DIRECT	94489280604	renderJinjaTemplate	LOCAL	0	
68719477156	lib/load.js	44	lib/load.js::program:defaultDateField:<lambda>0	key	DIRECT	111669149748	key	METHOD_PARAMETER_IN	0	
68719477157	lib/load.js	45	lib/load.js::program:defaultDateField:<lambda>1	key	DIRECT	111669149750	key	METHOD_PARAMETER_IN	0	
68719477158	lib/load.js	46	lib/load.js::program:defaultDateField:<lambda>2	key	DIRECT	111669149752	key	METHOD_PARAMETER_IN	0	
68719477159	lib/load.js	46	lib/load.js::program:defaultDateField:<lambda>2	key	DIRECT	111669149752	key	METHOD_PARAMETER_IN	0	
68719477160	lib/load.js	47	lib/load.js::program:defaultDateField:<lambda>2	key	DIRECT	111669149752	key	METHOD_PARAMETER_IN	0	
68719477161	lib/load.js	47	lib/load.js::program:defaultDateField:<lambda>2	key	DIRECT	111669149752	key	METHOD_PARAMETER_IN	0	
68719477162	lib/load.js	48	lib/load.js::program:defaultDateField:<lambda>2	key	DIRECT	111669149752	key	METHOD_PARAMETER_IN	0	
68719477163	lib/load.js	48	lib/load.js::program:defaultDateField:<lambda>2	key	DIRECT	111669149752	key	METHOD_PARAMETER_IN	0	
68719477164	lib/load.js	49	lib/load.js::program:defaultDateField:<lambda>2	key	DIRECT	111669149752	key	METHOD_PARAMETER_IN	0	
68719477165	lib/load.js	49	lib/load.js::program:defaultDateField:<lambda>2	key	DIRECT	111669149752	key	METHOD_PARAMETER_IN	0	
68719477166	lib/load.js	50	lib/load.js::program:defaultDateField:<lambda>2	key	DIRECT	111669149752	key	METHOD_PARAMETER_IN	0	
68719477167	lib/load.js	50	lib/load.js::program:defaultDateField:<lambda>2	key	DIRECT	111669149752	key	METHOD_PARAMETER_IN	0	
68719477168	lib/load.js	51	lib/load.js::program:defaultDateField:<lambda>2	key	DIRECT	111669149752	key	METHOD_PARAMETER_IN	0	
68719477169	lib/load.js	51	lib/load.js::program:defaultDateField:<lambda>2	key	DIRECT	111669149752	key	METHOD_PARAMETER_IN	0	
68719477170	lib/load.js	52	lib/load.js::program:defaultDateField:<lambda>2	key	DIRECT	111669149752	key	METHOD_PARAMETER_IN	0	
68719477171	lib/load.js	52	lib/load.js::program:defaultDateField:<lambda>2	key	DIRECT	111669149752	key	METHOD_PARAMETER_IN	0	
68719477172	lib/load.js	54	lib/load.js::program:defaultDateField:<lambda>3	key	DIRECT	111669149754	key	METHOD_PARAMETER_IN	0	
68719477173	lib/load.js	54	lib/load.js::program:defaultDateField:<lambda>3	key	DIRECT	111669149754	key	METHOD_PARAMETER_IN	0	
68719477177	lib/load.js	43	lib/load.js::program:defaultDateField	predicates	DIRECT	94489280617	predicates	LOCAL	0	
68719477178	lib/load.js	43	lib/load.js::program:defaultDateField	_tmp_0	DIRECT	94489280709	_tmp_0	LOCAL	0	
68719477186	lib/load.js	54	lib/load.js::program:defaultDateField	keys	DIRECT	111669149756	keys	METHOD_PARAMETER_IN	0	
68719477187	lib/load.js	54	lib/load.js::program:defaultDateField	keys	DIRECT	111669149756	keys	METHOD_PARAMETER_IN	0	
68719477188	lib/load.js	54	lib/load.js::program:defaultDateField	keys	DIRECT	111669149756	keys	METHOD_PARAMETER_IN	0	
68719477189	lib/load.js	55	lib/load.js::program:defaultDateField	_iterator_0	DIRECT	94489280708	_iterator_0	LOCAL	0	
68719477190	lib/load.js	55	lib/load.js::program:defaultDateField	predicates	DIRECT	94489280617	predicates	LOCAL	0	
68719477191	lib/load.js	55	lib/load.js::program:defaultDateField	_result_0	DIRECT	94489280707	_result_0	LOCAL	0	
68719477192	lib/load.js	55	lib/load.js::program:defaultDateField	predicate	DIRECT	94489280706	predicate	LOCAL	0	
68719477195	lib/load.js	56	lib/load.js::program:defaultDateField	key	DIRECT	94489280622	key	LOCAL	0	
68719477196	lib/load.js	56	lib/load.js::program:defaultDateField	keys	DIRECT	111669149756	keys	METHOD_PARAMETER_IN	0	
68719477197	lib/load.js	56	lib/load.js::program:defaultDateField	keys	DIRECT	111669149756	keys	METHOD_PARAMETER_IN	0	
68719477198	lib/load.js	56	lib/load.js::program:defaultDateField	predicate	DIRECT	94489280706	predicate	LOCAL	0	
68719477199	lib/load.js	57	lib/load.js::program:defaultDateField	key	DIRECT	94489280622	key	LOCAL	0	
68719477200	lib/load.js	58	lib/load.js::program:defaultDateField	key	DIRECT	94489280622	key	LOCAL	0	
68719477204	lib/load.js	62	lib/load.js::program:expandDimensions	expandMetadataDefs	CAPTURED	94489280631	expandMetadataDefs	LOCAL	1	
68719477205	lib/load.js	62	lib/load.js::program:expandDimensions	this	DIRECT	111669149757	this	METHOD_PARAMETER_IN	0	
68719477206	lib/load.js	62	lib/load.js::program:expandDimensions	dimensions	DIRECT	111669149758	dimensions	METHOD_PARAMETER_IN	0	
68719477207	lib/load.js	63	lib/load.js::program:expandDimensions	_iterator_1	DIRECT	94489280704	_iterator_1	LOCAL	0	
68719477208	lib/load.js	63	lib/load.js::program:expandDimensions	dimensions	DIRECT	111669149758	dimensions	METHOD_PARAMETER_IN	0	
68719477209	lib/load.js	63	lib/load.js::program:expandDimensions	_result_1	DIRECT	94489280703	_result_1	LOCAL	0	
68719477210	lib/load.js	63	lib/load.js::program:expandDimensions	obj	DIRECT	94489280701	obj	LOCAL	0	
68719477213	lib/load.js	64	lib/load.js::program:expandDimensions	obj	DIRECT	94489280701	obj	LOCAL	0	
68719477214	lib/load.js	65	lib/load.js::program:expandDimensions	obj	DIRECT	94489280701	obj	LOCAL	0	
68719477215	lib/load.js	65	lib/load.js::program:expandDimensions	obj	DIRECT	94489280701	obj	LOCAL	0	
68719477216	lib/load.js	66	lib/load.js::program:expandDimensions	_tmp_1	DIRECT	94489280702	_tmp_1	LOCAL	0	
68719477217	lib/load.js	66	lib/load.js::program:expandDimensions	_tmp_1	DIRECT	94489280702	_tmp_1	LOCAL	0	
68719477218	lib/load.js	66	lib/load.js::program:expandDimensions	obj	DIRECT	94489280701	obj	LOCAL	0	
68719477219	lib/load.js	67	lib/load.js::program:expandDimensions	obj	DIRECT	94489280701	obj	LOCAL	0	
68719477220	lib/load.js	67	lib/load.js::program:expandDimensions	obj	DIRECT	94489280701	obj	LOCAL	0	
68719477221	lib/load.js	67	lib/load.js::program:expandDimensions	obj	DIRECT	94489280701	obj	LOCAL	0	
68719477225	lib/load.js	70	lib/load.js::program:expandMeasures	expandMetadataDefs	CAPTURED	94489280631	expandMetadataDefs	LOCAL	1	
68719477226	lib/load.js	70	lib/load.js::program:expandMeasures	this	DIRECT	111669149759	this	METHOD_PARAMETER_IN	0	
68719477227	lib/load.js	70	lib/load.js::program:expandMeasures	measures	DIRECT	111669149760	measures	METHOD_PARAMETER_IN	0	
68719477228	lib/load.js	71	lib/load.js::program:expandMeasures	_iterator_2	DIRECT	94489280699	_iterator_2	LOCAL	0	
68719477229	lib/load.js	71	lib/load.js::program:expandMeasures	measures	DIRECT	111669149760	measures	METHOD_PARAMETER_IN	0	
68719477230	lib/load.js	71	lib/load.js::program:expandMeasures	_result_2	DIRECT	94489280698	_result_2	LOCAL	0	
68719477231	lib/load.js	71	lib/load.js::program:expandMeasures	obj	DIRECT	94489280696	obj	LOCAL	0	
68719477234	lib/load.js	72	lib/load.js::program:expandMeasures	obj	DIRECT	94489280696	obj	LOCAL	0	
68719477235	lib/load.js	73	lib/load.js::program:expandMeasures	obj	DIRECT	94489280696	obj	LOCAL	0	
68719477236	lib/load.js	73	lib/load.js::program:expandMeasures	obj	DIRECT	94489280696	obj	LOCAL	0	
68719477237	lib/load.js	73	lib/load.js::program:expandMeasures	obj	DIRECT	94489280696	obj	LOCAL	0	
68719477238	lib/load.js	74	lib/load.js::program:expandMeasures	_tmp_2	DIRECT	94489280697	_tmp_2	LOCAL	0	
68719477239	lib/load.js	74	lib/load.js::program:expandMeasures	_tmp_2	DIRECT	94489280697	_tmp_2	LOCAL	0	
68719477240	lib/load.js	74	lib/load.js::program:expandMeasures	obj	DIRECT	94489280696	obj	LOCAL	0	
68719477241	lib/load.js	75	lib/load.js::program:expandMeasures	obj	DIRECT	94489280696	obj	LOCAL	0	
68719477242	lib/load.js	75	lib/load.js::program:expandMeasures	obj	DIRECT	94489280696	obj	LOCAL	0	
68719477243	lib/load.js	75	lib/load.js::program:expandMeasures	obj	DIRECT	94489280696	obj	LOCAL	0	
68719477247	lib/load.js	78	lib/load.js::program:expandMetadataDefs	_iterator_3	DIRECT	94489280695	_iterator_3	LOCAL	0	
68719477248	lib/load.js	78	lib/load.js::program:expandMetadataDefs	dictionary	DIRECT	111669149762	dictionary	METHOD_PARAMETER_IN	0	
68719477249	lib/load.js	78	lib/load.js::program:expandMetadataDefs	_result_3	DIRECT	94489280694	_result_3	LOCAL	0	
68719477250	lib/load.js	78	lib/load.js::program:expandMetadataDefs	key	DIRECT	94489280692	key	LOCAL	0	
68719477253	lib/load.js	79	lib/load.js::program:expandMetadataDefs	obj	DIRECT	94489280635	obj	LOCAL	0	
68719477254	lib/load.js	79	lib/load.js::program:expandMetadataDefs	dictionary	DIRECT	111669149762	dictionary	METHOD_PARAMETER_IN	0	
68719477255	lib/load.js	79	lib/load.js::program:expandMetadataDefs	key	DIRECT	94489280692	key	LOCAL	0	
68719477256	lib/load.js	80	lib/load.js::program:expandMetadataDefs	obj	DIRECT	94489280635	obj	LOCAL	0	
68719477257	lib/load.js	81	lib/load.js::program:expandMetadataDefs	dictionary	DIRECT	111669149762	dictionary	METHOD_PARAMETER_IN	0	
68719477258	lib/load.js	81	lib/load.js::program:expandMetadataDefs	key	DIRECT	94489280692	key	LOCAL	0	
68719477260	lib/load.js	81	lib/load.js::program:expandMetadataDefs	key	DIRECT	94489280692	key	LOCAL	0	
68719477262	lib/load.js	81	lib/load.js::program:expandMetadataDefs	obj	DIRECT	94489280635	obj	LOCAL	0	
68719477264	lib/load.js	82	lib/load.js::program:expandMetadataDefs	Array	DIRECT	94489280693	Array	LOCAL	0	
68719477265	lib/load.js	82	lib/load.js::program:expandMetadataDefs	Array	DIRECT	94489280693	Array	LOCAL	0	
68719477266	lib/load.js	82	lib/load.js::program:expandMetadataDefs	obj	DIRECT	94489280635	obj	LOCAL	0	
68719477267	lib/load.js	83	lib/load.js::program:expandMetadataDefs	dictionary	DIRECT	111669149762	dictionary	METHOD_PARAMETER_IN	0	
68719477268	lib/load.js	83	lib/load.js::program:expandMetadataDefs	key	DIRECT	94489280692	key	LOCAL	0	
68719477270	lib/load.js	83	lib/load.js::program:expandMetadataDefs	key	DIRECT	94489280692	key	LOCAL	0	
68719477272	lib/load.js	83	lib/load.js::program:expandMetadataDefs	obj	DIRECT	94489280635	obj	LOCAL	0	
68719477274	lib/load.js	83	lib/load.js::program:expandMetadataDefs	obj	DIRECT	94489280635	obj	LOCAL	0	
68719477276	lib/load.js	83	lib/load.js::program:expandMetadataDefs	obj	DIRECT	94489280635	obj	LOCAL	0	
68719477279	lib/load.js	100	lib/load.js::program:expandModelInfo:<lambda>4	key	DIRECT	111669149764	key	METHOD_PARAMETER_IN	0	
68719477281	lib/load.js	100	lib/load.js::program:expandModelInfo:<lambda>4	model	CAPTURED	111669149770	model	METHOD_PARAMETER_IN	1	
68719477282	lib/load.js	100	lib/load.js::program:expandModelInfo:<lambda>4	key	DIRECT	111669149764	key	METHOD_PARAMETER_IN	0	
68719477285	lib/load.js	101	lib/load.js::program:expandModelInfo:<lambda>5	key	DIRECT	111669149766	key	METHOD_PARAMETER_IN	0	
68719477287	lib/load.js	101	lib/load.js::program:expandModelInfo:<lambda>5	model	CAPTURED	111669149770	model	METHOD_PARAMETER_IN	1	
68719477288	lib/load.js	101	lib/load.js::program:expandModelInfo:<lambda>5	key	DIRECT	111669149766	key	METHOD_PARAMETER_IN	0	
68719477290	lib/load.js	114	lib/load.js::program:expandModelInfo:<lambda>6	line	DIRECT	111669149768	line	METHOD_PARAMETER_IN	0	
68719477291	lib/load.js	87	lib/load.js::program:expandModelInfo	model	DIRECT	111669149770	model	METHOD_PARAMETER_IN	0	
68719477292	lib/load.js	87	lib/load.js::program:expandModelInfo	_tmp_5	DIRECT	94489280691	_tmp_5	LOCAL	0	
68719477293	lib/load.js	98	lib/load.js::program:expandModelInfo	model	DIRECT	111669149770	model	METHOD_PARAMETER_IN	0	
68719477294	lib/load.js	98	lib/load.js::program:expandModelInfo	model	DIRECT	111669149770	model	METHOD_PARAMETER_IN	0	
68719477295	lib/load.js	87	lib/load.js::program:expandModelInfo	_tmp_5	DIRECT	94489280691	_tmp_5	LOCAL	0	
68719477296	lib/load.js	99	lib/load.js::program:expandModelInfo	model	DIRECT	111669149770	model	METHOD_PARAMETER_IN	0	
68719477297	lib/load.js	99	lib/load.js::program:expandModelInfo	renderJinjaTemplate	CAPTURED	94489280615	renderJinjaTemplate	LOCAL	1	
68719477298	lib/load.js	99	lib/load.js::program:expandModelInfo	this	DIRECT	111669149769	this	METHOD_PARAMETER_IN	0	
68719477299	lib/load.js	99	lib/load.js::program:expandModelInfo	model	DIRECT	111669149770	model	METHOD_PARAMETER_IN	0	
68719477301	lib/load.js	100	lib/load.js::program:expandModelInfo	_tmp_7	DIRECT	94489280689	_tmp_7	LOCAL	0	
68719477302	lib/load.js	100	lib/load.js::program:expandModelInfo	model	DIRECT	111669149770	model	METHOD_PARAMETER_IN	0	
68719477303	lib/load.js	100	lib/load.js::program:expandModelInfo	_tmp_7	DIRECT	94489280689	_tmp_7	LOCAL	0	
68719477305	lib/load.js	101	lib/load.js::program:expandModelInfo	_tmp_9	DIRECT	94489280687	_tmp_9	LOCAL	0	
68719477306	lib/load.js	101	lib/load.js::program:expandModelInfo	model	DIRECT	111669149770	model	METHOD_PARAMETER_IN	0	
68719477307	lib/load.js	101	lib/load.js::program:expandModelInfo	_tmp_9	DIRECT	94489280687	_tmp_9	LOCAL	0	
68719477309	lib/load.js	103	lib/load.js::program:expandModelInfo	model	DIRECT	111669149770	model	METHOD_PARAMETER_IN	0	
68719477310	lib/load.js	103	lib/load.js::program:expandModelInfo	file	DIRECT	111669149771	file	METHOD_PARAMETER_IN	0	
68719477311	lib/load.js	104	lib/load.js::program:expandModelInfo	model	DIRECT	111669149770	model	METHOD_PARAMETER_IN	0	
68719477312	lib/load.js	104	lib/load.js::program:expandModelInfo	inferModelDialect	CAPTURED	94489280644	inferModelDialect	LOCAL	1	
68719477313	lib/load.js	104	lib/load.js::program:expandModelInfo	this	DIRECT	111669149769	this	METHOD_PARAMETER_IN	0	
68719477314	lib/load.js	104	lib/load.js::program:expandModelInfo	file	DIRECT	111669149771	file	METHOD_PARAMETER_IN	0	
68719477315	lib/load.js	105	lib/load.js::program:expandModelInfo	lines	DIRECT	94489280642	lines	LOCAL	0	
68719477316	lib/load.js	106	lib/load.js::program:expandModelInfo	model	DIRECT	111669149770	model	METHOD_PARAMETER_IN	0	
68719477317	lib/load.js	107	lib/load.js::program:expandModelInfo	lines	DIRECT	94489280642	lines	LOCAL	0	
68719477318	lib/load.js	107	lib/load.js::program:expandModelInfo	lines	DIRECT	94489280642	lines	LOCAL	0	
68719477319	lib/load.js	107	lib/load.js::program:expandModelInfo	_tmp_11	DIRECT	94489280684	_tmp_11	LOCAL	0	
68719477322	lib/load.js	108	lib/load.js::program:expandModelInfo	model	DIRECT	111669149770	model	METHOD_PARAMETER_IN	0	
68719477326	lib/load.js	111	lib/load.js::program:expandModelInfo	model	DIRECT	111669149770	model	METHOD_PARAMETER_IN	0	
68719477327	lib/load.js	112	lib/load.js::program:expandModelInfo	lines	DIRECT	94489280642	lines	LOCAL	0	
68719477328	lib/load.js	112	lib/load.js::program:expandModelInfo	lines	DIRECT	94489280642	lines	LOCAL	0	
68719477329	lib/load.js	112	lib/load.js::program:expandModelInfo	_tmp_12	DIRECT	94489280683	_tmp_12	LOCAL	0	
68719477330	lib/load.js	112	lib/load.js::program:expandModelInfo	model	DIRECT	111669149770	model	METHOD_PARAMETER_IN	0	
68719477331	lib/load.js	112	lib/load.js::program:expandModelInfo	_tmp_12	DIRECT	94489280683	_tmp_12	LOCAL	0	
68719477332	lib/load.js	113	lib/load.js::program:expandModelInfo	lines	DIRECT	94489280642	lines	LOCAL	0	
68719477333	lib/load.js	114	lib/load.js::program:expandModelInfo	model	DIRECT	111669149770	model	METHOD_PARAMETER_IN	0	
68719477334	lib/load.js	114	lib/load.js::program:expandModelInfo	_tmp_13	DIRECT	94489280682	_tmp_13	LOCAL	0	
68719477335	lib/load.js	114	lib/load.js::program:expandModelInfo	lines	DIRECT	94489280642	lines	LOCAL	0	
68719477336	lib/load.js	114	lib/load.js::program:expandModelInfo	lines	DIRECT	94489280642	lines	LOCAL	0	
68719477337	lib/load.js	114	lib/load.js::program:expandModelInfo	_tmp_13	DIRECT	94489280682	_tmp_13	LOCAL	0	
68719477338	lib/load.js	117	lib/load.js::program:inferModelDialect	file	DIRECT	111669149773	file	METHOD_PARAMETER_IN	0	
68719477339	lib/load.js	117	lib/load.js::program:inferModelDialect	file	DIRECT	111669149773	file	METHOD_PARAMETER_IN	0	
68719477340	lib/load.js	119	lib/load.js::program:inferModelDialect	file	DIRECT	111669149773	file	METHOD_PARAMETER_IN	0	
68719477341	lib/load.js	119	lib/load.js::program:inferModelDialect	file	DIRECT	111669149773	file	METHOD_PARAMETER_IN	0	
68719477342	lib/load.js	122	lib/load.js::program:inferModelDialect	_tmp_14	DIRECT	94489280681	_tmp_14	LOCAL	0	
68719477343	lib/load.js	122	lib/load.js::program:inferModelDialect	Error	DIRECT	94489280680	Error	LOCAL	0	
68719477345	lib/load.js	122	lib/load.js::program:inferModelDialect	file	DIRECT	111669149773	file	METHOD_PARAMETER_IN	0	
68719477347	lib/load.js	126	lib/load.js::program:validateModel:<lambda>7	model	CAPTURED	111669149777	model	METHOD_PARAMETER_IN	1	
68719477348	lib/load.js	126	lib/load.js::program:validateModel:<lambda>7	key	DIRECT	111669149775	key	METHOD_PARAMETER_IN	0	
68719477349	lib/load.js	125	lib/load.js::program:validateModel	model	DIRECT	111669149777	model	METHOD_PARAMETER_IN	0	
68719477350	lib/load.js	125	lib/load.js::program:validateModel	model	DIRECT	111669149777	model	METHOD_PARAMETER_IN	0	
68719477351	lib/load.js	126	lib/load.js::program:validateModel	undefined_joins	DIRECT	94489280647	undefined_joins	LOCAL	0	
68719477352	lib/load.js	126	lib/load.js::program:validateModel	_tmp_15	DIRECT	94489280679	_tmp_15	LOCAL	0	
68719477353	lib/load.js	126	lib/load.js::program:validateModel	model	DIRECT	111669149777	model	METHOD_PARAMETER_IN	0	
68719477354	lib/load.js	126	lib/load.js::program:validateModel	_tmp_15	DIRECT	94489280679	_tmp_15	LOCAL	0	
68719477355	lib/load.js	127	lib/load.js::program:validateModel	undefined_joins	DIRECT	94489280647	undefined_joins	LOCAL	0	
68719477356	lib/load.js	128	lib/load.js::program:validateModel	_tmp_16	DIRECT	94489280677	_tmp_16	LOCAL	0	
68719477357	lib/load.js	128	lib/load.js::program:validateModel	Error	DIRECT	94489280676	Error	LOCAL	0	
68719477359	lib/load.js	128	lib/load.js::program:validateModel	undefined_joins	DIRECT	94489280647	undefined_joins	LOCAL	0	
68719477360	lib/load.js	128	lib/load.js::program:validateModel	undefined_joins	DIRECT	94489280647	undefined_joins	LOCAL	0	
68719477361	lib/load.js	128	lib/load.js::program:validateModel	_tmp_17	DIRECT	94489280675	_tmp_17	LOCAL	0	
68719477362	lib/load.js	128	lib/load.js::program:validateModel	model	DIRECT	111669149777	model	METHOD_PARAMETER_IN	0	
68719477363	lib/load.js	128	lib/load.js::program:validateModel	_tmp_17	DIRECT	94489280675	_tmp_17	LOCAL	0	
68719477365	lib/load.js	4	lib/load.js::program:createModel	model	DIRECT	94489280650	model	LOCAL	0	
68719477366	lib/load.js	4	lib/load.js::program:createModel	obj	DIRECT	111669149779	obj	METHOD_PARAMETER_IN	0	
68719477367	lib/load.js	4	lib/load.js::program:createModel	parseYAML	CAPTURED	94489280614	parseYAML	LOCAL	1	
68719477368	lib/load.js	4	lib/load.js::program:createModel	this	DIRECT	111669149778	this	METHOD_PARAMETER_IN	0	
68719477369	lib/load.js	4	lib/load.js::program:createModel	obj	DIRECT	111669149779	obj	METHOD_PARAMETER_IN	0	
68719477370	lib/load.js	4	lib/load.js::program:createModel	obj	DIRECT	111669149779	obj	METHOD_PARAMETER_IN	0	
68719477371	lib/load.js	5	lib/load.js::program:createModel	model	DIRECT	94489280650	model	LOCAL	0	
68719477372	lib/load.js	6	lib/load.js::program:createModel	model	DIRECT	94489280650	model	LOCAL	0	
68719477374	lib/load.js	7	lib/load.js::program:createModel	model	DIRECT	94489280650	model	LOCAL	0	
68719477375	lib/load.js	8	lib/load.js::program:createModel	model	DIRECT	94489280650	model	LOCAL	0	
68719477376	lib/load.js	8	lib/load.js::program:createModel	model	DIRECT	94489280650	model	LOCAL	0	
68719477377	lib/load.js	9	lib/load.js::program:createModel	model	DIRECT	94489280650	model	LOCAL	0	
68719477378	lib/load.js	10	lib/load.js::program:createModel	model	DIRECT	94489280650	model	LOCAL	0	
68719477379	lib/load.js	11	lib/load.js::program:createModel	model	DIRECT	94489280650	model	LOCAL	0	
68719477380	lib/load.js	12	lib/load.js::program:createModel	model	DIRECT	94489280650	model	LOCAL	0	
68719477382	lib/load.js	13	lib/load.js::program:createModel	model	DIRECT	94489280650	model	LOCAL	0	
68719477383	lib/load.js	14	lib/load.js::program:createModel	model	DIRECT	94489280650	model	LOCAL	0	
68719477385	lib/load.js	15	lib/load.js::program:createModel	model	DIRECT	94489280650	model	LOCAL	0	
68719477386	lib/load.js	16	lib/load.js::program:createModel	model	DIRECT	94489280650	model	LOCAL	0	
68719477387	lib/load.js	16	lib/load.js::program:createModel	defaultDateField	CAPTURED	94489280616	defaultDateField	LOCAL	1	
68719477388	lib/load.js	16	lib/load.js::program:createModel	this	DIRECT	111669149778	this	METHOD_PARAMETER_IN	0	
68719477389	lib/load.js	16	lib/load.js::program:createModel	model	DIRECT	94489280650	model	LOCAL	0	
68719477390	lib/load.js	17	lib/load.js::program:createModel	model	DIRECT	94489280650	model	LOCAL	0	
68719477391	lib/load.js	18	lib/load.js::program:createModel	model	DIRECT	94489280650	model	LOCAL	0	
68719477392	lib/load.js	18	lib/load.js::program:createModel	_tmp_21	DIRECT	94489280672	_tmp_21	LOCAL	0	
68719477393	lib/load.js	18	lib/load.js::program:createModel	model	DIRECT	94489280650	model	LOCAL	0	
68719477394	lib/load.js	18	lib/load.js::program:createModel	_tmp_21	DIRECT	94489280672	_tmp_21	LOCAL	0	
68719477395	lib/load.js	19	lib/load.js::program:createModel	model	DIRECT	94489280650	model	LOCAL	0	
68719477396	lib/load.js	20	lib/load.js::program:createModel	model	DIRECT	94489280650	model	LOCAL	0	
68719477397	lib/load.js	20	lib/load.js::program:createModel	_tmp_22	DIRECT	94489280670	_tmp_22	LOCAL	0	
68719477398	lib/load.js	20	lib/load.js::program:createModel	_tmp_23	DIRECT	94489280671	_tmp_23	LOCAL	0	
68719477399	lib/load.js	20	lib/load.js::program:createModel	model	DIRECT	94489280650	model	LOCAL	0	
68719477400	lib/load.js	20	lib/load.js::program:createModel	_tmp_23	DIRECT	94489280671	_tmp_23	LOCAL	0	
68719477401	lib/load.js	20	lib/load.js::program:createModel	_tmp_22	DIRECT	94489280670	_tmp_22	LOCAL	0	
68719477402	lib/load.js	21	lib/load.js::program:createModel	model	DIRECT	94489280650	model	LOCAL	0	
68719477403	lib/load.js	21	lib/load.js::program:createModel	model	DIRECT	94489280650	model	LOCAL	0	
68719477404	lib/load.js	22	lib/load.js::program:createModel	_tmp_24	DIRECT	94489280669	_tmp_24	LOCAL	0	
68719477405	lib/load.js	22	lib/load.js::program:createModel	Error	DIRECT	94489280668	Error	LOCAL	0	
68719477407	lib/load.js	22	lib/load.js::program:createModel	model	DIRECT	94489280650	model	LOCAL	0	
68719477409	lib/load.js	24	lib/load.js::program:createModel	model	DIRECT	94489280650	model	LOCAL	0	
68719477410	lib/load.js	25	lib/load.js::program:createModel	model	DIRECT	94489280650	model	LOCAL	0	
68719477411	lib/load.js	25	lib/load.js::program:createModel	_tmp_25	DIRECT	94489280667	_tmp_25	LOCAL	0	
68719477412	lib/load.js	25	lib/load.js::program:createModel	model	DIRECT	94489280650	model	LOCAL	0	
68719477413	lib/load.js	25	lib/load.js::program:createModel	_tmp_25	DIRECT	94489280667	_tmp_25	LOCAL	0	
68719477414	lib/load.js	26	lib/load.js::program:createModel	model	DIRECT	94489280650	model	LOCAL	0	
68719477415	lib/load.js	27	lib/load.js::program:createModel	model	DIRECT	94489280650	model	LOCAL	0	
68719477416	lib/load.js	28	lib/load.js::program:createModel	validateModel	CAPTURED	94489280646	validateModel	LOCAL	1	
68719477417	lib/load.js	28	lib/load.js::program:createModel	this	DIRECT	111669149778	this	METHOD_PARAMETER_IN	0	
68719477418	lib/load.js	28	lib/load.js::program:createModel	model	DIRECT	94489280650	model	LOCAL	0	
68719477419	lib/load.js	29	lib/load.js::program:createModel	expandDimensions	CAPTURED	94489280623	expandDimensions	LOCAL	1	
68719477420	lib/load.js	29	lib/load.js::program:createModel	this	DIRECT	111669149778	this	METHOD_PARAMETER_IN	0	
68719477421	lib/load.js	29	lib/load.js::program:createModel	model	DIRECT	94489280650	model	LOCAL	0	
68719477422	lib/load.js	30	lib/load.js::program:createModel	expandMeasures	CAPTURED	94489280627	expandMeasures	LOCAL	1	
68719477423	lib/load.js	30	lib/load.js::program:createModel	this	DIRECT	111669149778	this	METHOD_PARAMETER_IN	0	
68719477424	lib/load.js	30	lib/load.js::program:createModel	model	DIRECT	94489280650	model	LOCAL	0	
68719477425	lib/load.js	31	lib/load.js::program:createModel	expandModelInfo	CAPTURED	94489280638	expandModelInfo	LOCAL	1	
68719477426	lib/load.js	31	lib/load.js::program:createModel	this	DIRECT	111669149778	this	METHOD_PARAMETER_IN	0	
68719477427	lib/load.js	31	lib/load.js::program:createModel	model	DIRECT	94489280650	model	LOCAL	0	
68719477428	lib/load.js	31	lib/load.js::program:createModel	file	DIRECT	111669149780	file	METHOD_PARAMETER_IN	0	
68719477429	lib/load.js	32	lib/load.js::program:createModel	model	DIRECT	94489280650	model	LOCAL	0	
68719477430	lib/load.js	35	lib/load.js::program:loadModel	obj	DIRECT	94489280656	obj	LOCAL	0	
68719477431	lib/load.js	35	lib/load.js::program:loadModel	loadYamlFile	CAPTURED	94489280612	loadYamlFile	LOCAL	1	
68719477432	lib/load.js	35	lib/load.js::program:loadModel	this	DIRECT	111669149781	this	METHOD_PARAMETER_IN	0	
68719477433	lib/load.js	35	lib/load.js::program:loadModel	file	DIRECT	111669149782	file	METHOD_PARAMETER_IN	0	
68719477434	lib/load.js	36	lib/load.js::program:loadModel	createModel	CAPTURED	94489280649	createModel	LOCAL	1	
68719477435	lib/load.js	36	lib/load.js::program:loadModel	this	DIRECT	111669149781	this	METHOD_PARAMETER_IN	0	
68719477436	lib/load.js	36	lib/load.js::program:loadModel	obj	DIRECT	94489280656	obj	LOCAL	0	
68719477437	lib/load.js	36	lib/load.js::program:loadModel	file	DIRECT	111669149782	file	METHOD_PARAMETER_IN	0	
68719477438	lib/load.js	39	lib/load.js::program:loadModelSync	obj	DIRECT	94489280658	obj	LOCAL	0	
68719477439	lib/load.js	39	lib/load.js::program:loadModelSync	loadYamlFileSync	CAPTURED	94489280613	loadYamlFileSync	LOCAL	1	
68719477440	lib/load.js	39	lib/load.js::program:loadModelSync	this	DIRECT	111669149783	this	METHOD_PARAMETER_IN	0	
68719477441	lib/load.js	39	lib/load.js::program:loadModelSync	file	DIRECT	111669149784	file	METHOD_PARAMETER_IN	0	
68719477442	lib/load.js	40	lib/load.js::program:loadModelSync	createModel	CAPTURED	94489280649	createModel	LOCAL	1	
68719477443	lib/load.js	40	lib/load.js::program:loadModelSync	this	DIRECT	111669149783	this	METHOD_PARAMETER_IN	0	
68719477444	lib/load.js	40	lib/load.js::program:loadModelSync	obj	DIRECT	94489280658	obj	LOCAL	0	
68719477445	lib/load.js	40	lib/load.js::program:loadModelSync	file	DIRECT	111669149784	file	METHOD_PARAMETER_IN	0	
68719477446	lib/load.js	1	lib/load.js::program	loadYamlFile	DIRECT	94489280612	loadYamlFile	LOCAL	0	
68719477448	lib/load.js	1	lib/load.js::program	this	DIRECT	111669149785	this	METHOD_PARAMETER_IN	0	
68719477449	lib/load.js	1	lib/load.js::program	loadYamlFileSync	DIRECT	94489280613	loadYamlFileSync	LOCAL	0	
68719477451	lib/load.js	1	lib/load.js::program	this	DIRECT	111669149785	this	METHOD_PARAMETER_IN	0	
68719477452	lib/load.js	1	lib/load.js::program	parseYAML	DIRECT	94489280614	parseYAML	LOCAL	0	
68719477454	lib/load.js	1	lib/load.js::program	this	DIRECT	111669149785	this	METHOD_PARAMETER_IN	0	
68719477455	lib/load.js	2	lib/load.js::program	renderJinjaTemplate	DIRECT	94489280615	renderJinjaTemplate	LOCAL	0	
68719477457	lib/load.js	2	lib/load.js::program	this	DIRECT	111669149785	this	METHOD_PARAMETER_IN	0	
68719477458	lib/load.js	42	lib/load.js::program	defaultDateField	DIRECT	94489280616	defaultDateField	LOCAL	0	
68719477459	lib/load.js	61	lib/load.js::program	expandDimensions	DIRECT	94489280623	expandDimensions	LOCAL	0	
68719477460	lib/load.js	69	lib/load.js::program	expandMeasures	DIRECT	94489280627	expandMeasures	LOCAL	0	
68719477461	lib/load.js	77	lib/load.js::program	expandMetadataDefs	DIRECT	94489280631	expandMetadataDefs	LOCAL	0	
68719477462	lib/load.js	86	lib/load.js::program	expandModelInfo	DIRECT	94489280638	expandModelInfo	LOCAL	0	
68719477463	lib/load.js	116	lib/load.js::program	inferModelDialect	DIRECT	94489280644	inferModelDialect	LOCAL	0	
68719477464	lib/load.js	124	lib/load.js::program	validateModel	DIRECT	94489280646	validateModel	LOCAL	0	
68719477465	lib/load.js	3	lib/load.js::program	createModel	DIRECT	94489280649	createModel	LOCAL	0	
68719477467	lib/load.js	3	lib/load.js::program	createModel	DIRECT	94489280649	createModel	LOCAL	0	
68719477468	lib/load.js	34	lib/load.js::program	loadModel	DIRECT	94489280655	loadModel	LOCAL	0	
68719477470	lib/load.js	34	lib/load.js::program	loadModel	DIRECT	94489280655	loadModel	LOCAL	0	
68719477471	lib/load.js	38	lib/load.js::program	loadModelSync	DIRECT	94489280657	loadModelSync	LOCAL	0	
68719477473	lib/load.js	38	lib/load.js::program	loadModelSync	DIRECT	94489280657	loadModelSync	LOCAL	0	
68719477474	lib/parse.js	5	lib/parse.js::program:extractFieldReferences	expression	DIRECT	111669149787	expression	METHOD_PARAMETER_IN	0	
68719477475	lib/parse.js	5	lib/parse.js::program:extractFieldReferences	this	DIRECT	111669149786	this	METHOD_PARAMETER_IN	0	
68719477476	lib/parse.js	9	lib/parse.js::program:extractFieldReferences	parser	DIRECT	94489280717	parser	LOCAL	0	
68719477477	lib/parse.js	9	lib/parse.js::program:extractFieldReferences	_tmp_1	DIRECT	94489280730	_tmp_1	LOCAL	0	
68719477478	lib/parse.js	9	lib/parse.js::program:extractFieldReferences	Parser	CAPTURED	94489280714	Parser	LOCAL	1	
68719477481	lib/parse.js	10	lib/parse.js::program:extractFieldReferences	wrappedSql	DIRECT	94489280719	wrappedSql	LOCAL	0	
68719477482	lib/parse.js	10	lib/parse.js::program:extractFieldReferences	expression	DIRECT	111669149787	expression	METHOD_PARAMETER_IN	0	
68719477483	lib/parse.js	10	lib/parse.js::program:extractFieldReferences	expression	DIRECT	111669149787	expression	METHOD_PARAMETER_IN	0	
68719477484	lib/parse.js	11	lib/parse.js::program:extractFieldReferences	ast	DIRECT	94489280716	ast	LOCAL	0	
68719477485	lib/parse.js	11	lib/parse.js::program:extractFieldReferences	parser	DIRECT	94489280717	parser	LOCAL	0	
68719477486	lib/parse.js	11	lib/parse.js::program:extractFieldReferences	parser	DIRECT	94489280717	parser	LOCAL	0	
68719477487	lib/parse.js	11	lib/parse.js::program:extractFieldReferences	wrappedSql	DIRECT	94489280719	wrappedSql	LOCAL	0	
68719477489	lib/parse.js	11	lib/parse.js::program:extractFieldReferences	model	DIRECT	111669149788	model	METHOD_PARAMETER_IN	0	
68719477491	lib/parse.js	13	lib/parse.js::program:extractFieldReferences	error	DIRECT	94489280728	error	LOCAL	0	
68719477492	lib/parse.js	16	lib/parse.js::program:extractFieldReferences	reference_fields	DIRECT	94489280721	reference_fields	LOCAL	0	
68719477493	lib/parse.js	16	lib/parse.js::program:extractFieldReferences	_tmp_3	DIRECT	94489280727	_tmp_3	LOCAL	0	
68719477494	lib/parse.js	16	lib/parse.js::program:extractFieldReferences	Set	DIRECT	94489280726	Set	LOCAL	0	
68719477497	lib/parse.js	17	lib/parse.js::program:extractFieldReferences	ast	DIRECT	94489280716	ast	LOCAL	0	
68719477498	lib/parse.js	17	lib/parse.js::program:extractFieldReferences	ast	DIRECT	94489280716	ast	LOCAL	0	
68719477499	lib/parse.js	18	lib/parse.js::program:extractFieldReferences	selectStmt	DIRECT	94489280723	selectStmt	LOCAL	0	
68719477500	lib/parse.js	18	lib/parse.js::program:extractFieldReferences	Array	DIRECT	94489280724	Array	LOCAL	0	
68719477501	lib/parse.js	18	lib/parse.js::program:extractFieldReferences	Array	DIRECT	94489280724	Array	LOCAL	0	
68719477502	lib/parse.js	18	lib/parse.js::program:extractFieldReferences	ast	DIRECT	94489280716	ast	LOCAL	0	
68719477503	lib/parse.js	18	lib/parse.js::program:extractFieldReferences	ast	DIRECT	94489280716	ast	LOCAL	0	
68719477504	lib/parse.js	18	lib/parse.js::program:extractFieldReferences	ast	DIRECT	94489280716	ast	LOCAL	0	
68719477505	lib/parse.js	19	lib/parse.js::program:extractFieldReferences	selectStmt	DIRECT	94489280723	selectStmt	LOCAL	0	
68719477506	lib/parse.js	19	lib/parse.js::program:extractFieldReferences	selectStmt	DIRECT	94489280723	selectStmt	LOCAL	0	
68719477507	lib/parse.js	19	lib/parse.js::program:extractFieldReferences	selectStmt	DIRECT	94489280723	selectStmt	LOCAL	0	
68719477508	lib/parse.js	20	lib/parse.js::program:extractFieldReferences	extractFieldReferencesFromNode	CAPTURED	94489280711	extractFieldReferencesFromNode	LOCAL	1	
68719477509	lib/parse.js	20	lib/parse.js::program:extractFieldReferences	this	DIRECT	111669149786	this	METHOD_PARAMETER_IN	0	
68719477510	lib/parse.js	20	lib/parse.js::program:extractFieldReferences	selectStmt	DIRECT	94489280723	selectStmt	LOCAL	0	
68719477511	lib/parse.js	20	lib/parse.js::program:extractFieldReferences	reference_fields	DIRECT	94489280721	reference_fields	LOCAL	0	
68719477512	lib/parse.js	22	lib/parse.js::program:extractFieldReferences	Array	DIRECT	94489280724	Array	LOCAL	0	
68719477513	lib/parse.js	22	lib/parse.js::program:extractFieldReferences	Array	DIRECT	94489280724	Array	LOCAL	0	
68719477514	lib/parse.js	22	lib/parse.js::program:extractFieldReferences	reference_fields	DIRECT	94489280721	reference_fields	LOCAL	0	
68719477515	lib/parse.js	1	lib/parse.js::program	pkg	DIRECT	94489280710	pkg	LOCAL	0	
68719477517	lib/parse.js	1	lib/parse.js::program	this	DIRECT	111669149789	this	METHOD_PARAMETER_IN	0	
68719477518	lib/parse.js	3	lib/parse.js::program	extractFieldReferencesFromNode	DIRECT	94489280711	extractFieldReferencesFromNode	LOCAL	0	
68719477520	lib/parse.js	3	lib/parse.js::program	this	DIRECT	111669149789	this	METHOD_PARAMETER_IN	0	
68719477521	lib/parse.js	2	lib/parse.js::program	_tmp_0	DIRECT	94489280713	_tmp_0	LOCAL	0	
68719477522	lib/parse.js	2	lib/parse.js::program	pkg	DIRECT	94489280710	pkg	LOCAL	0	
68719477523	lib/parse.js	2	lib/parse.js::program	Parser	DIRECT	94489280714	Parser	LOCAL	0	
68719477526	lib/parse.js	4	lib/parse.js::program	extractFieldReferences	DIRECT	94489280715	extractFieldReferences	LOCAL	0	
68719477528	lib/parse.js	4	lib/parse.js::program	extractFieldReferences	DIRECT	94489280715	extractFieldReferences	LOCAL	0	
68719477529	lib/query.js	97	lib/query.js::program:nextDayLiteral	_tmp_2	DIRECT	94489280741	_tmp_2	LOCAL	0	
68719477530	lib/query.js	97	lib/query.js::program:nextDayLiteral	_tmp_0	DIRECT	94489280931	_tmp_0	LOCAL	0	
68719477531	lib/query.js	97	lib/query.js::program:nextDayLiteral	_tmp_1	DIRECT	94489280932	_tmp_1	LOCAL	0	
68719477532	lib/query.js	97	lib/query.js::program:nextDayLiteral	date	DIRECT	111669149791	date	METHOD_PARAMETER_IN	0	
68719477533	lib/query.js	97	lib/query.js::program:nextDayLiteral	date	DIRECT	111669149791	date	METHOD_PARAMETER_IN	0	
68719477534	lib/query.js	97	lib/query.js::program:nextDayLiteral	_tmp_1	DIRECT	94489280932	_tmp_1	LOCAL	0	
68719477535	lib/query.js	97	lib/query.js::program:nextDayLiteral	_tmp_0	DIRECT	94489280931	_tmp_0	LOCAL	0	
68719477536	lib/query.js	97	lib/query.js::program:nextDayLiteral	Number	DIRECT	94489280930	Number	LOCAL	0	
68719477537	lib/query.js	97	lib/query.js::program:nextDayLiteral	y	DIRECT	94489280742	y	LOCAL	0	
68719477539	lib/query.js	97	lib/query.js::program:nextDayLiteral	m	DIRECT	94489280743	m	LOCAL	0	
68719477541	lib/query.js	97	lib/query.js::program:nextDayLiteral	d	DIRECT	94489280744	d	LOCAL	0	
68719477544	lib/query.js	98	lib/query.js::program:nextDayLiteral	next	DIRECT	94489280745	next	LOCAL	0	
68719477545	lib/query.js	98	lib/query.js::program:nextDayLiteral	_tmp_3	DIRECT	94489280929	_tmp_3	LOCAL	0	
68719477546	lib/query.js	98	lib/query.js::program:nextDayLiteral	Date	DIRECT	94489280928	Date	LOCAL	0	
68719477548	lib/query.js	98	lib/query.js::program:nextDayLiteral	Date	DIRECT	94489280928	Date	LOCAL	0	
68719477549	lib/query.js	98	lib/query.js::program:nextDayLiteral	Date	DIRECT	94489280928	Date	LOCAL	0	
68719477550	lib/query.js	98	lib/query.js::program:nextDayLiteral	y	DIRECT	94489280742	y	LOCAL	0	
68719477551	lib/query.js	98	lib/query.js::program:nextDayLiteral	m	DIRECT	94489280743	m	LOCAL	0	
68719477552	lib/query.js	98	lib/query.js::program:nextDayLiteral	d	DIRECT	94489280744	d	LOCAL	0	
68719477554	lib/query.js	99	lib/query.js::program:nextDayLiteral	_tmp_4	DIRECT	94489280927	_tmp_4	LOCAL	0	
68719477555	lib/query.js	99	lib/query.js::program:nextDayLiteral	next	DIRECT	94489280745	next	LOCAL	0	
68719477556	lib/query.js	99	lib/query.js::program:nextDayLiteral	next	DIRECT	94489280745	next	LOCAL	0	
68719477557	lib/query.js	99	lib/query.js::program:nextDayLiteral	_tmp_4	DIRECT	94489280927	_tmp_4	LOCAL	0	
68719477558	lib/query.js	102	lib/query.js::program:appendDefaultDateRange	model	DIRECT	111669149794	model	METHOD_PARAMETER_IN	0	
68719477559	lib/query.js	102	lib/query.js::program:appendDefaultDateRange	model	DIRECT	111669149794	model	METHOD_PARAMETER_IN	0	
68719477560	lib/query.js	102	lib/query.js::program:appendDefaultDateRange	model	DIRECT	111669149794	model	METHOD_PARAMETER_IN	0	
68719477561	lib/query.js	105	lib/query.js::program:appendDefaultDateRange	is_date	DIRECT	94489280749	is_date	LOCAL	0	
68719477562	lib/query.js	105	lib/query.js::program:appendDefaultDateRange	model	DIRECT	111669149794	model	METHOD_PARAMETER_IN	0	
68719477563	lib/query.js	105	lib/query.js::program:appendDefaultDateRange	this	DIRECT	111669149792	this	METHOD_PARAMETER_IN	0	
68719477564	lib/query.js	106	lib/query.js::program:appendDefaultDateRange	result	DIRECT	94489280748	result	LOCAL	0	
68719477565	lib/query.js	106	lib/query.js::program:appendDefaultDateRange	_tmp_5	DIRECT	94489280926	_tmp_5	LOCAL	0	
68719477566	lib/query.js	106	lib/query.js::program:appendDefaultDateRange	model	DIRECT	111669149794	model	METHOD_PARAMETER_IN	0	
68719477567	lib/query.js	106	lib/query.js::program:appendDefaultDateRange	_tmp_5	DIRECT	94489280926	_tmp_5	LOCAL	0	
68719477568	lib/query.js	107	lib/query.js::program:appendDefaultDateRange	result	DIRECT	94489280748	result	LOCAL	0	
68719477569	lib/query.js	108	lib/query.js::program:appendDefaultDateRange	where_clause	DIRECT	111669149793	where_clause	METHOD_PARAMETER_IN	0	
68719477570	lib/query.js	108	lib/query.js::program:appendDefaultDateRange	where_clause	DIRECT	111669149793	where_clause	METHOD_PARAMETER_IN	0	
68719477571	lib/query.js	108	lib/query.js::program:appendDefaultDateRange	constructDateRangeExpression	CAPTURED	94489280736	constructDateRangeExpression	LOCAL	1	
68719477572	lib/query.js	108	lib/query.js::program:appendDefaultDateRange	this	DIRECT	111669149792	this	METHOD_PARAMETER_IN	0	
68719477573	lib/query.js	108	lib/query.js::program:appendDefaultDateRange	model	DIRECT	111669149794	model	METHOD_PARAMETER_IN	0	
68719477574	lib/query.js	108	lib/query.js::program:appendDefaultDateRange	model	DIRECT	111669149794	model	METHOD_PARAMETER_IN	0	
68719477575	lib/query.js	108	lib/query.js::program:appendDefaultDateRange	result	DIRECT	94489280748	result	LOCAL	0	
68719477576	lib/query.js	108	lib/query.js::program:appendDefaultDateRange	result	DIRECT	94489280748	result	LOCAL	0	
68719477577	lib/query.js	108	lib/query.js::program:appendDefaultDateRange	model	DIRECT	111669149794	model	METHOD_PARAMETER_IN	0	
68719477578	lib/query.js	108	lib/query.js::program:appendDefaultDateRange	is_date	DIRECT	94489280749	is_date	LOCAL	0	
68719477579	lib/query.js	111	lib/query.js::program:applyDateGranularity	_tmp_6	DIRECT	94489280752	_tmp_6	LOCAL	0	
68719477580	lib/query.js	111	lib/query.js::program:applyDateGranularity	unwrapSqlExpressionAlias	CAPTURED	94489280767	unwrapSqlExpressionAlias	LOCAL	1	
68719477581	lib/query.js	111	lib/query.js::program:applyDateGranularity	this	DIRECT	111669149795	this	METHOD_PARAMETER_IN	0	
68719477582	lib/query.js	111	lib/query.js::program:applyDateGranularity	date_expr	DIRECT	111669149798	date_expr	METHOD_PARAMETER_IN	0	
68719477583	lib/query.js	111	lib/query.js::program:applyDateGranularity	expr	DIRECT	94489280753	expr	LOCAL	0	
68719477585	lib/query.js	111	lib/query.js::program:applyDateGranularity	alias	DIRECT	94489280754	alias	LOCAL	0	
68719477588	lib/query.js	112	lib/query.js::program:applyDateGranularity	expr_trunc	DIRECT	94489280755	expr_trunc	LOCAL	0	
68719477589	lib/query.js	112	lib/query.js::program:applyDateGranularity	constructDateTruncExpression	CAPTURED	94489280737	constructDateTruncExpression	LOCAL	1	
68719477590	lib/query.js	112	lib/query.js::program:applyDateGranularity	this	DIRECT	111669149795	this	METHOD_PARAMETER_IN	0	
68719477591	lib/query.js	112	lib/query.js::program:applyDateGranularity	dialect	DIRECT	111669149799	dialect	METHOD_PARAMETER_IN	0	
68719477592	lib/query.js	112	lib/query.js::program:applyDateGranularity	expr	DIRECT	94489280753	expr	LOCAL	0	
68719477593	lib/query.js	112	lib/query.js::program:applyDateGranularity	date_granularity	DIRECT	111669149796	date_granularity	METHOD_PARAMETER_IN	0	
68719477594	lib/query.js	113	lib/query.js::program:applyDateGranularity	expr_trunc	DIRECT	94489280755	expr_trunc	LOCAL	0	
68719477595	lib/query.js	113	lib/query.js::program:applyDateGranularity	alias	DIRECT	94489280754	alias	LOCAL	0	
68719477596	lib/query.js	113	lib/query.js::program:applyDateGranularity	key	DIRECT	111669149797	key	METHOD_PARAMETER_IN	0	
68719477600	lib/query.js	116	lib/query.js::program:expandWhereReferences	where_clause	DIRECT	111669149801	where_clause	METHOD_PARAMETER_IN	0	
68719477601	lib/query.js	117	lib/query.js::program:expandWhereReferences	where_clause	DIRECT	111669149801	where_clause	METHOD_PARAMETER_IN	0	
68719477602	lib/query.js	118	lib/query.js::program:expandWhereReferences	result	AMBIGUOUS					MULTIPLE_LIVE_ASSIGNMENTS_TO_RESOLVED_LOCAL
68719477603	lib/query.js	118	lib/query.js::program:expandWhereReferences	where_clause	DIRECT	111669149801	where_clause	METHOD_PARAMETER_IN	0	
68719477604	lib/query.js	119	lib/query.js::program:expandWhereReferences	_iterator_0	DIRECT	94489280922	_iterator_0	LOCAL	0	
68719477605	lib/query.js	119	lib/query.js::program:expandWhereReferences	dictionary	DIRECT	111669149802	dictionary	METHOD_PARAMETER_IN	0	
68719477606	lib/query.js	119	lib/query.js::program:expandWhereReferences	_result_0	DIRECT	94489280921	_result_0	LOCAL	0	
68719477607	lib/query.js	119	lib/query.js::program:expandWhereReferences	key	DIRECT	94489280918	key	LOCAL	0	
68719477610	lib/query.js	120	lib/query.js::program:expandWhereReferences	regexp	DIRECT	94489280761	regexp	LOCAL	0	
68719477611	lib/query.js	120	lib/query.js::program:expandWhereReferences	_tmp_7	DIRECT	94489280920	_tmp_7	LOCAL	0	
68719477612	lib/query.js	120	lib/query.js::program:expandWhereReferences	RegExp	DIRECT	94489280919	RegExp	LOCAL	0	
68719477614	lib/query.js	120	lib/query.js::program:expandWhereReferences	key	DIRECT	94489280918	key	LOCAL	0	
68719477616	lib/query.js	121	lib/query.js::program:expandWhereReferences	regexp	DIRECT	94489280761	regexp	LOCAL	0	
68719477617	lib/query.js	121	lib/query.js::program:expandWhereReferences	regexp	DIRECT	94489280761	regexp	LOCAL	0	
68719477618	lib/query.js	121	lib/query.js::program:expandWhereReferences	where_clause	DIRECT	111669149801	where_clause	METHOD_PARAMETER_IN	0	
68719477619	lib/query.js	122	lib/query.js::program:expandWhereReferences	_tmp_8	DIRECT	94489280764	_tmp_8	LOCAL	0	
68719477620	lib/query.js	122	lib/query.js::program:expandWhereReferences	dictionary	DIRECT	111669149802	dictionary	METHOD_PARAMETER_IN	0	
68719477621	lib/query.js	122	lib/query.js::program:expandWhereReferences	key	DIRECT	94489280918	key	LOCAL	0	
68719477622	lib/query.js	122	lib/query.js::program:expandWhereReferences	sql	DIRECT	94489280765	sql	LOCAL	0	
68719477625	lib/query.js	123	lib/query.js::program:expandWhereReferences	sql	DIRECT	94489280765	sql	LOCAL	0	
68719477626	lib/query.js	123	lib/query.js::program:expandWhereReferences	key	DIRECT	94489280918	key	LOCAL	0	
68719477627	lib/query.js	124	lib/query.js::program:expandWhereReferences	unwrapped	DIRECT	94489280766	unwrapped	LOCAL	0	
68719477628	lib/query.js	124	lib/query.js::program:expandWhereReferences	sql	DIRECT	94489280765	sql	LOCAL	0	
68719477629	lib/query.js	124	lib/query.js::program:expandWhereReferences	this	DIRECT	111669149800	this	METHOD_PARAMETER_IN	0	
68719477630	lib/query.js	124	lib/query.js::program:expandWhereReferences	_tmp_9	DIRECT	94489280917	_tmp_9	LOCAL	0	
68719477631	lib/query.js	124	lib/query.js::program:expandWhereReferences	sql	DIRECT	94489280765	sql	LOCAL	0	
68719477632	lib/query.js	124	lib/query.js::program:expandWhereReferences	sql	DIRECT	94489280765	sql	LOCAL	0	
68719477633	lib/query.js	124	lib/query.js::program:expandWhereReferences	sql	DIRECT	94489280765	sql	LOCAL	0	
68719477634	lib/query.js	124	lib/query.js::program:expandWhereReferences	sql	DIRECT	94489280765	sql	LOCAL	0	
68719477635	lib/query.js	124	lib/query.js::program:expandWhereReferences	_tmp_9	DIRECT	94489280917	_tmp_9	LOCAL	0	
68719477636	lib/query.js	124	lib/query.js::program:expandWhereReferences	undefined	DIRECT	94489280916	undefined	LOCAL	0	
68719477637	lib/query.js	125	lib/query.js::program:expandWhereReferences	unwrapped	DIRECT	94489280766	unwrapped	LOCAL	0	
68719477638	lib/query.js	126	lib/query.js::program:expandWhereReferences	result	AMBIGUOUS					MULTIPLE_LIVE_ASSIGNMENTS_TO_RESOLVED_LOCAL
68719477639	lib/query.js	126	lib/query.js::program:expandWhereReferences	result	AMBIGUOUS					MULTIPLE_LIVE_ASSIGNMENTS_TO_RESOLVED_LOCAL
68719477640	lib/query.js	126	lib/query.js::program:expandWhereReferences	result	AMBIGUOUS					MULTIPLE_LIVE_ASSIGNMENTS_TO_RESOLVED_LOCAL
68719477641	lib/query.js	126	lib/query.js::program:expandWhereReferences	regexp	DIRECT	94489280761	regexp	LOCAL	0	
68719477642	lib/query.js	126	lib/query.js::program:expandWhereReferences	unwrapped	DIRECT	94489280766	unwrapped	LOCAL	0	
68719477643	lib/query.js	130	lib/query.js::program:expandWhereReferences	result	AMBIGUOUS					MULTIPLE_LIVE_ASSIGNMENTS_TO_RESOLVED_LOCAL
68719477644	lib/query.js	133	lib/query.js::program:unwrapSqlExpressionAlias	i	DIRECT	94489280768	i	LOCAL	0	
68719477645	lib/query.js	133	lib/query.js::program:unwrapSqlExpressionAlias	_tmp_10	DIRECT	94489280915	_tmp_10	LOCAL	0	
68719477646	lib/query.js	133	lib/query.js::program:unwrapSqlExpressionAlias	exprression	DIRECT	111669149804	exprression	METHOD_PARAMETER_IN	0	
68719477647	lib/query.js	133	lib/query.js::program:unwrapSqlExpressionAlias	exprression	DIRECT	111669149804	exprression	METHOD_PARAMETER_IN	0	
68719477648	lib/query.js	133	lib/query.js::program:unwrapSqlExpressionAlias	_tmp_10	DIRECT	94489280915	_tmp_10	LOCAL	0	
68719477649	lib/query.js	134	lib/query.js::program:unwrapSqlExpressionAlias	i	DIRECT	94489280768	i	LOCAL	0	
68719477650	lib/query.js	135	lib/query.js::program:unwrapSqlExpressionAlias	expression	DIRECT	94489280769	expression	LOCAL	0	
68719477651	lib/query.js	135	lib/query.js::program:unwrapSqlExpressionAlias	_tmp_11	DIRECT	94489280914	_tmp_11	LOCAL	0	
68719477652	lib/query.js	135	lib/query.js::program:unwrapSqlExpressionAlias	exprression	DIRECT	111669149804	exprression	METHOD_PARAMETER_IN	0	
68719477653	lib/query.js	135	lib/query.js::program:unwrapSqlExpressionAlias	exprression	DIRECT	111669149804	exprression	METHOD_PARAMETER_IN	0	
68719477654	lib/query.js	135	lib/query.js::program:unwrapSqlExpressionAlias	i	DIRECT	94489280768	i	LOCAL	0	
68719477655	lib/query.js	135	lib/query.js::program:unwrapSqlExpressionAlias	_tmp_11	DIRECT	94489280914	_tmp_11	LOCAL	0	
68719477656	lib/query.js	136	lib/query.js::program:unwrapSqlExpressionAlias	alias	DIRECT	94489280770	alias	LOCAL	0	
68719477657	lib/query.js	136	lib/query.js::program:unwrapSqlExpressionAlias	_tmp_12	DIRECT	94489280913	_tmp_12	LOCAL	0	
68719477658	lib/query.js	136	lib/query.js::program:unwrapSqlExpressionAlias	exprression	DIRECT	111669149804	exprression	METHOD_PARAMETER_IN	0	
68719477659	lib/query.js	136	lib/query.js::program:unwrapSqlExpressionAlias	exprression	DIRECT	111669149804	exprression	METHOD_PARAMETER_IN	0	
68719477660	lib/query.js	136	lib/query.js::program:unwrapSqlExpressionAlias	i	DIRECT	94489280768	i	LOCAL	0	
68719477661	lib/query.js	136	lib/query.js::program:unwrapSqlExpressionAlias	_tmp_12	DIRECT	94489280913	_tmp_12	LOCAL	0	
68719477662	lib/query.js	137	lib/query.js::program:unwrapSqlExpressionAlias	_tmp_13	DIRECT	94489280912	_tmp_13	LOCAL	0	
68719477665	lib/query.js	137	lib/query.js::program:unwrapSqlExpressionAlias	expression	DIRECT	94489280769	expression	LOCAL	0	
68719477668	lib/query.js	137	lib/query.js::program:unwrapSqlExpressionAlias	alias	DIRECT	94489280770	alias	LOCAL	0	
68719477670	lib/query.js	139	lib/query.js::program:unwrapSqlExpressionAlias	_tmp_14	DIRECT	94489280911	_tmp_14	LOCAL	0	
68719477673	lib/query.js	139	lib/query.js::program:unwrapSqlExpressionAlias	exprression	DIRECT	111669149804	exprression	METHOD_PARAMETER_IN	0	
68719477675	lib/query.js	142	lib/query.js::program:validateKeys:<lambda>0	dictionary	CAPTURED	111669149809	dictionary	METHOD_PARAMETER_IN	1	
68719477676	lib/query.js	142	lib/query.js::program:validateKeys:<lambda>0	dictionary	CAPTURED	111669149809	dictionary	METHOD_PARAMETER_IN	1	
68719477677	lib/query.js	142	lib/query.js::program:validateKeys:<lambda>0	key	DIRECT	111669149806	key	METHOD_PARAMETER_IN	0	
68719477678	lib/query.js	142	lib/query.js::program:validateKeys	keys	DIRECT	111669149808	keys	METHOD_PARAMETER_IN	0	
68719477679	lib/query.js	142	lib/query.js::program:validateKeys	keys	DIRECT	111669149808	keys	METHOD_PARAMETER_IN	0	
68719477680	lib/query.js	149	lib/query.js::program:validateQueryInfo:<lambda>1	key	DIRECT	111669149811	key	METHOD_PARAMETER_IN	0	
68719477681	lib/query.js	149	lib/query.js::program:validateQueryInfo:<lambda>1	key	DIRECT	111669149811	key	METHOD_PARAMETER_IN	0	
68719477682	lib/query.js	149	lib/query.js::program:validateQueryInfo:<lambda>1	key	DIRECT	111669149811	key	METHOD_PARAMETER_IN	0	
68719477683	lib/query.js	149	lib/query.js::program:validateQueryInfo:<lambda>1	key	DIRECT	111669149811	key	METHOD_PARAMETER_IN	0	
68719477684	lib/query.js	149	lib/query.js::program:validateQueryInfo:<lambda>1	key	DIRECT	111669149811	key	METHOD_PARAMETER_IN	0	
68719477685	lib/query.js	145	lib/query.js::program:validateQueryInfo	invalid_dimensions	DIRECT	94489280775	invalid_dimensions	LOCAL	0	
68719477686	lib/query.js	145	lib/query.js::program:validateQueryInfo	validateKeys	CAPTURED	94489280773	validateKeys	LOCAL	1	
68719477687	lib/query.js	145	lib/query.js::program:validateQueryInfo	this	DIRECT	111669149812	this	METHOD_PARAMETER_IN	0	
68719477688	lib/query.js	145	lib/query.js::program:validateQueryInfo	dimensions	DIRECT	111669149814	dimensions	METHOD_PARAMETER_IN	0	
68719477689	lib/query.js	145	lib/query.js::program:validateQueryInfo	model	DIRECT	111669149813	model	METHOD_PARAMETER_IN	0	
68719477690	lib/query.js	146	lib/query.js::program:validateQueryInfo	invalid_measures	DIRECT	94489280776	invalid_measures	LOCAL	0	
68719477691	lib/query.js	146	lib/query.js::program:validateQueryInfo	validateKeys	CAPTURED	94489280773	validateKeys	LOCAL	1	
68719477692	lib/query.js	146	lib/query.js::program:validateQueryInfo	this	DIRECT	111669149812	this	METHOD_PARAMETER_IN	0	
68719477693	lib/query.js	146	lib/query.js::program:validateQueryInfo	measures	DIRECT	111669149815	measures	METHOD_PARAMETER_IN	0	
68719477694	lib/query.js	146	lib/query.js::program:validateQueryInfo	model	DIRECT	111669149813	model	METHOD_PARAMETER_IN	0	
68719477695	lib/query.js	147	lib/query.js::program:validateQueryInfo	invalid_where	DIRECT	94489280777	invalid_where	LOCAL	0	
68719477696	lib/query.js	147	lib/query.js::program:validateQueryInfo	validateKeys	CAPTURED	94489280773	validateKeys	LOCAL	1	
68719477697	lib/query.js	147	lib/query.js::program:validateQueryInfo	this	DIRECT	111669149812	this	METHOD_PARAMETER_IN	0	
68719477698	lib/query.js	147	lib/query.js::program:validateQueryInfo	where	DIRECT	111669149816	where	METHOD_PARAMETER_IN	0	
68719477699	lib/query.js	147	lib/query.js::program:validateQueryInfo	model	DIRECT	111669149813	model	METHOD_PARAMETER_IN	0	
68719477700	lib/query.js	148	lib/query.js::program:validateQueryInfo	invalid_having	DIRECT	94489280778	invalid_having	LOCAL	0	
68719477701	lib/query.js	148	lib/query.js::program:validateQueryInfo	validateKeys	CAPTURED	94489280773	validateKeys	LOCAL	1	
68719477702	lib/query.js	148	lib/query.js::program:validateQueryInfo	this	DIRECT	111669149812	this	METHOD_PARAMETER_IN	0	
68719477703	lib/query.js	148	lib/query.js::program:validateQueryInfo	having	DIRECT	111669149817	having	METHOD_PARAMETER_IN	0	
68719477704	lib/query.js	148	lib/query.js::program:validateQueryInfo	model	DIRECT	111669149813	model	METHOD_PARAMETER_IN	0	
68719477705	lib/query.js	149	lib/query.js::program:validateQueryInfo	invalid_order	DIRECT	94489280779	invalid_order	LOCAL	0	
68719477706	lib/query.js	149	lib/query.js::program:validateQueryInfo	validateKeys	CAPTURED	94489280773	validateKeys	LOCAL	1	
68719477707	lib/query.js	149	lib/query.js::program:validateQueryInfo	this	DIRECT	111669149812	this	METHOD_PARAMETER_IN	0	
68719477708	lib/query.js	149	lib/query.js::program:validateQueryInfo	order_by	DIRECT	111669149818	order_by	METHOD_PARAMETER_IN	0	
68719477709	lib/query.js	149	lib/query.js::program:validateQueryInfo	order_by	DIRECT	111669149818	order_by	METHOD_PARAMETER_IN	0	
68719477710	lib/query.js	149	lib/query.js::program:validateQueryInfo	_tmp_15	DIRECT	94489280908	_tmp_15	LOCAL	0	
68719477713	lib/query.js	149	lib/query.js::program:validateQueryInfo	model	DIRECT	111669149813	model	METHOD_PARAMETER_IN	0	
68719477716	lib/query.js	149	lib/query.js::program:validateQueryInfo	model	DIRECT	111669149813	model	METHOD_PARAMETER_IN	0	
68719477718	lib/query.js	150	lib/query.js::program:validateQueryInfo	errors	DIRECT	94489280781	errors	LOCAL	0	
68719477719	lib/query.js	151	lib/query.js::program:validateQueryInfo	invalid_dimensions	DIRECT	94489280775	invalid_dimensions	LOCAL	0	
68719477720	lib/query.js	152	lib/query.js::program:validateQueryInfo	errors	DIRECT	94489280781	errors	LOCAL	0	
68719477721	lib/query.js	152	lib/query.js::program:validateQueryInfo	errors	DIRECT	94489280781	errors	LOCAL	0	
68719477722	lib/query.js	152	lib/query.js::program:validateQueryInfo	invalid_dimensions	DIRECT	94489280775	invalid_dimensions	LOCAL	0	
68719477723	lib/query.js	152	lib/query.js::program:validateQueryInfo	invalid_dimensions	DIRECT	94489280775	invalid_dimensions	LOCAL	0	
68719477724	lib/query.js	153	lib/query.js::program:validateQueryInfo	invalid_measures	DIRECT	94489280776	invalid_measures	LOCAL	0	
68719477725	lib/query.js	154	lib/query.js::program:validateQueryInfo	errors	DIRECT	94489280781	errors	LOCAL	0	
68719477726	lib/query.js	154	lib/query.js::program:validateQueryInfo	errors	DIRECT	94489280781	errors	LOCAL	0	
68719477727	lib/query.js	154	lib/query.js::program:validateQueryInfo	invalid_measures	DIRECT	94489280776	invalid_measures	LOCAL	0	
68719477728	lib/query.js	154	lib/query.js::program:validateQueryInfo	invalid_measures	DIRECT	94489280776	invalid_measures	LOCAL	0	
68719477729	lib/query.js	155	lib/query.js::program:validateQueryInfo	invalid_where	DIRECT	94489280777	invalid_where	LOCAL	0	
68719477730	lib/query.js	156	lib/query.js::program:validateQueryInfo	errors	DIRECT	94489280781	errors	LOCAL	0	
68719477731	lib/query.js	156	lib/query.js::program:validateQueryInfo	errors	DIRECT	94489280781	errors	LOCAL	0	
68719477732	lib/query.js	156	lib/query.js::program:validateQueryInfo	invalid_where	DIRECT	94489280777	invalid_where	LOCAL	0	
68719477733	lib/query.js	156	lib/query.js::program:validateQueryInfo	invalid_where	DIRECT	94489280777	invalid_where	LOCAL	0	
68719477734	lib/query.js	157	lib/query.js::program:validateQueryInfo	invalid_having	DIRECT	94489280778	invalid_having	LOCAL	0	
68719477735	lib/query.js	158	lib/query.js::program:validateQueryInfo	errors	DIRECT	94489280781	errors	LOCAL	0	
68719477736	lib/query.js	158	lib/query.js::program:validateQueryInfo	errors	DIRECT	94489280781	errors	LOCAL	0	
68719477737	lib/query.js	158	lib/query.js::program:validateQueryInfo	invalid_having	DIRECT	94489280778	invalid_having	LOCAL	0	
68719477738	lib/query.js	158	lib/query.js::program:validateQueryInfo	invalid_having	DIRECT	94489280778	invalid_having	LOCAL	0	
68719477739	lib/query.js	159	lib/query.js::program:validateQueryInfo	invalid_order	DIRECT	94489280779	invalid_order	LOCAL	0	
68719477740	lib/query.js	160	lib/query.js::program:validateQueryInfo	errors	DIRECT	94489280781	errors	LOCAL	0	
68719477741	lib/query.js	160	lib/query.js::program:validateQueryInfo	errors	DIRECT	94489280781	errors	LOCAL	0	
68719477742	lib/query.js	160	lib/query.js::program:validateQueryInfo	invalid_order	DIRECT	94489280779	invalid_order	LOCAL	0	
68719477743	lib/query.js	160	lib/query.js::program:validateQueryInfo	invalid_order	DIRECT	94489280779	invalid_order	LOCAL	0	
68719477744	lib/query.js	161	lib/query.js::program:validateQueryInfo	errors	DIRECT	94489280781	errors	LOCAL	0	
68719477745	lib/query.js	162	lib/query.js::program:validateQueryInfo	_tmp_16	DIRECT	94489280907	_tmp_16	LOCAL	0	
68719477746	lib/query.js	162	lib/query.js::program:validateQueryInfo	SqlValidationError	CAPTURED	94489280731	SqlValidationError	LOCAL	1	
68719477748	lib/query.js	162	lib/query.js::program:validateQueryInfo	errors	DIRECT	94489280781	errors	LOCAL	0	
68719477749	lib/query.js	162	lib/query.js::program:validateQueryInfo	errors	DIRECT	94489280781	errors	LOCAL	0	
68719477750	lib/query.js	162	lib/query.js::program:validateQueryInfo	errors	DIRECT	94489280781	errors	LOCAL	0	
68719477751	lib/query.js	162	lib/query.js::program:validateQueryInfo	_tmp_17	DIRECT	94489280905	_tmp_17	LOCAL	0	
68719477759	lib/query.js	27	lib/query.js::program:renderQuery:<lambda>2	model	CAPTURED	111669149844	model	METHOD_PARAMETER_IN	1	
68719477760	lib/query.js	27	lib/query.js::program:renderQuery:<lambda>2	key	DIRECT	111669149820	key	METHOD_PARAMETER_IN	0	
68719477761	lib/query.js	28	lib/query.js::program:renderQuery:<lambda>3	model	CAPTURED	111669149844	model	METHOD_PARAMETER_IN	1	
68719477762	lib/query.js	28	lib/query.js::program:renderQuery:<lambda>3	key	DIRECT	111669149822	key	METHOD_PARAMETER_IN	0	
68719477763	lib/query.js	29	lib/query.js::program:renderQuery:<lambda>4	model	CAPTURED	111669149844	model	METHOD_PARAMETER_IN	1	
68719477764	lib/query.js	29	lib/query.js::program:renderQuery:<lambda>4	key	DIRECT	111669149824	key	METHOD_PARAMETER_IN	0	
68719477765	lib/query.js	30	lib/query.js::program:renderQuery:<lambda>5	model	CAPTURED	111669149844	model	METHOD_PARAMETER_IN	1	
68719477766	lib/query.js	30	lib/query.js::program:renderQuery:<lambda>5	key	DIRECT	111669149826	key	METHOD_PARAMETER_IN	0	
68719477767	lib/query.js	34	lib/query.js::program:renderQuery:<lambda>6	model	CAPTURED	111669149844	model	METHOD_PARAMETER_IN	1	
68719477768	lib/query.js	34	lib/query.js::program:renderQuery:<lambda>6	key	DIRECT	111669149828	key	METHOD_PARAMETER_IN	0	
68719477769	lib/query.js	38	lib/query.js::program:renderQuery:<lambda>7	all_required_joins	CAPTURED	94489280814	all_required_joins	LOCAL	1	
68719477770	lib/query.js	38	lib/query.js::program:renderQuery:<lambda>7	all_required_joins	CAPTURED	94489280814	all_required_joins	LOCAL	1	
68719477771	lib/query.js	38	lib/query.js::program:renderQuery:<lambda>7	key	DIRECT	111669149830	key	METHOD_PARAMETER_IN	0	
68719477772	lib/query.js	39	lib/query.js::program:renderQuery:<lambda>8	model	CAPTURED	111669149844	model	METHOD_PARAMETER_IN	1	
68719477773	lib/query.js	39	lib/query.js::program:renderQuery:<lambda>8	key	DIRECT	111669149832	key	METHOD_PARAMETER_IN	0	
68719477774	lib/query.js	41	lib/query.js::program:renderQuery:<lambda>9	key	DIRECT	111669149834	key	METHOD_PARAMETER_IN	0	
68719477775	lib/query.js	41	lib/query.js::program:renderQuery:<lambda>9	model	CAPTURED	111669149844	model	METHOD_PARAMETER_IN	1	
68719477776	lib/query.js	41	lib/query.js::program:renderQuery:<lambda>9	date_granularity	CAPTURED	94489280794	date_granularity	LOCAL	1	
68719477777	lib/query.js	42	lib/query.js::program:renderQuery:<lambda>9	applyDateGranularity	CAPTURED	94489280750	applyDateGranularity	LOCAL	2	
68719477778	lib/query.js	42	lib/query.js::program:renderQuery:<lambda>9	this	DIRECT	111669149833	this	METHOD_PARAMETER_IN	0	
68719477779	lib/query.js	42	lib/query.js::program:renderQuery:<lambda>9	date_granularity	CAPTURED	94489280794	date_granularity	LOCAL	1	
68719477780	lib/query.js	42	lib/query.js::program:renderQuery:<lambda>9	key	DIRECT	111669149834	key	METHOD_PARAMETER_IN	0	
68719477781	lib/query.js	42	lib/query.js::program:renderQuery:<lambda>9	model	CAPTURED	111669149844	model	METHOD_PARAMETER_IN	1	
68719477782	lib/query.js	42	lib/query.js::program:renderQuery:<lambda>9	key	DIRECT	111669149834	key	METHOD_PARAMETER_IN	0	
68719477783	lib/query.js	42	lib/query.js::program:renderQuery:<lambda>9	model	CAPTURED	111669149844	model	METHOD_PARAMETER_IN	1	
68719477784	lib/query.js	43	lib/query.js::program:renderQuery:<lambda>9	sql	DIRECT	94489280823	sql	LOCAL	0	
68719477785	lib/query.js	43	lib/query.js::program:renderQuery:<lambda>9	model	CAPTURED	111669149844	model	METHOD_PARAMETER_IN	1	
68719477786	lib/query.js	43	lib/query.js::program:renderQuery:<lambda>9	key	DIRECT	111669149834	key	METHOD_PARAMETER_IN	0	
68719477787	lib/query.js	44	lib/query.js::program:renderQuery:<lambda>9	sql	DIRECT	94489280823	sql	LOCAL	0	
68719477788	lib/query.js	44	lib/query.js::program:renderQuery:<lambda>9	key	DIRECT	111669149834	key	METHOD_PARAMETER_IN	0	
68719477789	lib/query.js	44	lib/query.js::program:renderQuery:<lambda>9	_tmp_41	DIRECT	94489280861	_tmp_41	LOCAL	0	
68719477790	lib/query.js	44	lib/query.js::program:renderQuery:<lambda>9	_tmp_41	DIRECT	94489280861	_tmp_41	LOCAL	0	
68719477791	lib/query.js	44	lib/query.js::program:renderQuery:<lambda>9	sql	DIRECT	94489280823	sql	LOCAL	0	
68719477792	lib/query.js	44	lib/query.js::program:renderQuery:<lambda>9	sql	DIRECT	94489280823	sql	LOCAL	0	
68719477793	lib/query.js	44	lib/query.js::program:renderQuery:<lambda>9	key	DIRECT	111669149834	key	METHOD_PARAMETER_IN	0	
68719477794	lib/query.js	44	lib/query.js::program:renderQuery:<lambda>9	sql	DIRECT	94489280823	sql	LOCAL	0	
68719477795	lib/query.js	46	lib/query.js::program:renderQuery:<lambda>10	measures	AMBIGUOUS					MULTIPLE_LIVE_ASSIGNMENTS_TO_RESOLVED_LOCAL
68719477796	lib/query.js	46	lib/query.js::program:renderQuery:<lambda>10	measures	AMBIGUOUS					MULTIPLE_LIVE_ASSIGNMENTS_TO_RESOLVED_LOCAL
68719477797	lib/query.js	46	lib/query.js::program:renderQuery:<lambda>10	key	DIRECT	111669149836	key	METHOD_PARAMETER_IN	0	
68719477798	lib/query.js	47	lib/query.js::program:renderQuery:<lambda>11	model	CAPTURED	111669149844	model	METHOD_PARAMETER_IN	1	
68719477799	lib/query.js	47	lib/query.js::program:renderQuery:<lambda>11	key	DIRECT	111669149838	key	METHOD_PARAMETER_IN	0	
68719477800	lib/query.js	53	lib/query.js::program:renderQuery:<lambda>12	text	DIRECT	111669149840	text	METHOD_PARAMETER_IN	0	
68719477801	lib/query.js	91	lib/query.js::program:renderQuery:<lambda>13	key	DIRECT	111669149842	key	METHOD_PARAMETER_IN	0	
68719477802	lib/query.js	91	lib/query.js::program:renderQuery:<lambda>13	key	DIRECT	111669149842	key	METHOD_PARAMETER_IN	0	
68719477803	lib/query.js	91	lib/query.js::program:renderQuery:<lambda>13	key	DIRECT	111669149842	key	METHOD_PARAMETER_IN	0	
68719477804	lib/query.js	91	lib/query.js::program:renderQuery:<lambda>13	key	DIRECT	111669149842	key	METHOD_PARAMETER_IN	0	
68719477805	lib/query.js	91	lib/query.js::program:renderQuery:<lambda>13	key	DIRECT	111669149842	key	METHOD_PARAMETER_IN	0	
68719477806	lib/query.js	5	lib/query.js::program:renderQuery	dimensions	AMBIGUOUS					MULTIPLE_LIVE_ASSIGNMENTS_TO_RESOLVED_LOCAL
68719477807	lib/query.js	5	lib/query.js::program:renderQuery	param2_0	DIRECT	111669149845	param2_0	METHOD_PARAMETER_IN	0	
68719477808	lib/query.js	5	lib/query.js::program:renderQuery	measures	AMBIGUOUS					MULTIPLE_LIVE_ASSIGNMENTS_TO_RESOLVED_LOCAL
68719477809	lib/query.js	5	lib/query.js::program:renderQuery	param2_0	DIRECT	111669149845	param2_0	METHOD_PARAMETER_IN	0	
68719477810	lib/query.js	5	lib/query.js::program:renderQuery	date_from	DIRECT	94489280787	date_from	LOCAL	0	
68719477811	lib/query.js	5	lib/query.js::program:renderQuery	param2_0	DIRECT	111669149845	param2_0	METHOD_PARAMETER_IN	0	
68719477812	lib/query.js	5	lib/query.js::program:renderQuery	date_to	DIRECT	94489280788	date_to	LOCAL	0	
68719477813	lib/query.js	5	lib/query.js::program:renderQuery	param2_0	DIRECT	111669149845	param2_0	METHOD_PARAMETER_IN	0	
68719477814	lib/query.js	5	lib/query.js::program:renderQuery	where	AMBIGUOUS					MULTIPLE_LIVE_ASSIGNMENTS_TO_RESOLVED_LOCAL
68719477815	lib/query.js	5	lib/query.js::program:renderQuery	param2_0	DIRECT	111669149845	param2_0	METHOD_PARAMETER_IN	0	
68719477816	lib/query.js	5	lib/query.js::program:renderQuery	having	AMBIGUOUS					MULTIPLE_LIVE_ASSIGNMENTS_TO_RESOLVED_LOCAL
68719477817	lib/query.js	5	lib/query.js::program:renderQuery	param2_0	DIRECT	111669149845	param2_0	METHOD_PARAMETER_IN	0	
68719477818	lib/query.js	5	lib/query.js::program:renderQuery	order_by	DIRECT	94489280791	order_by	LOCAL	0	
68719477819	lib/query.js	5	lib/query.js::program:renderQuery	param2_0	DIRECT	111669149845	param2_0	METHOD_PARAMETER_IN	0	
68719477820	lib/query.js	5	lib/query.js::program:renderQuery	limit	DIRECT	94489280792	limit	LOCAL	0	
68719477821	lib/query.js	5	lib/query.js::program:renderQuery	param2_0	DIRECT	111669149845	param2_0	METHOD_PARAMETER_IN	0	
68719477822	lib/query.js	5	lib/query.js::program:renderQuery	distinct	DIRECT	94489280793	distinct	LOCAL	0	
68719477823	lib/query.js	5	lib/query.js::program:renderQuery	param2_0	DIRECT	111669149845	param2_0	METHOD_PARAMETER_IN	0	
68719477824	lib/query.js	5	lib/query.js::program:renderQuery	date_granularity	DIRECT	94489280794	date_granularity	LOCAL	0	
68719477825	lib/query.js	5	lib/query.js::program:renderQuery	param2_0	DIRECT	111669149845	param2_0	METHOD_PARAMETER_IN	0	
68719477826	lib/query.js	6	lib/query.js::program:renderQuery	model	DIRECT	111669149844	model	METHOD_PARAMETER_IN	0	
68719477827	lib/query.js	7	lib/query.js::program:renderQuery	where	AMBIGUOUS					MULTIPLE_LIVE_ASSIGNMENTS_TO_RESOLVED_LOCAL
68719477828	lib/query.js	7	lib/query.js::program:renderQuery	normalizeQuotesForBigQuery	CAPTURED	94489280738	normalizeQuotesForBigQuery	LOCAL	1	
68719477829	lib/query.js	7	lib/query.js::program:renderQuery	this	DIRECT	111669149843	this	METHOD_PARAMETER_IN	0	
68719477830	lib/query.js	7	lib/query.js::program:renderQuery	where	AMBIGUOUS					MULTIPLE_LIVE_ASSIGNMENTS_TO_RESOLVED_LOCAL
68719477831	lib/query.js	8	lib/query.js::program:renderQuery	having	AMBIGUOUS					MULTIPLE_LIVE_ASSIGNMENTS_TO_RESOLVED_LOCAL
68719477832	lib/query.js	8	lib/query.js::program:renderQuery	normalizeQuotesForBigQuery	CAPTURED	94489280738	normalizeQuotesForBigQuery	LOCAL	1	
68719477833	lib/query.js	8	lib/query.js::program:renderQuery	this	DIRECT	111669149843	this	METHOD_PARAMETER_IN	0	
68719477834	lib/query.js	8	lib/query.js::program:renderQuery	having	AMBIGUOUS					MULTIPLE_LIVE_ASSIGNMENTS_TO_RESOLVED_LOCAL
68719477835	lib/query.js	10	lib/query.js::program:renderQuery	where_refs	DIRECT	94489280795	where_refs	LOCAL	0	
68719477836	lib/query.js	10	lib/query.js::program:renderQuery	extractFieldReferences	CAPTURED	94489280735	extractFieldReferences	LOCAL	1	
68719477837	lib/query.js	10	lib/query.js::program:renderQuery	this	DIRECT	111669149843	this	METHOD_PARAMETER_IN	0	
68719477838	lib/query.js	10	lib/query.js::program:renderQuery	where	AMBIGUOUS					MULTIPLE_LIVE_ASSIGNMENTS_TO_RESOLVED_LOCAL
68719477839	lib/query.js	10	lib/query.js::program:renderQuery	model	DIRECT	111669149844	model	METHOD_PARAMETER_IN	0	
68719477840	lib/query.js	11	lib/query.js::program:renderQuery	having_refs	DIRECT	94489280796	having_refs	LOCAL	0	
68719477841	lib/query.js	11	lib/query.js::program:renderQuery	extractFieldReferences	CAPTURED	94489280735	extractFieldReferences	LOCAL	1	
68719477842	lib/query.js	11	lib/query.js::program:renderQuery	this	DIRECT	111669149843	this	METHOD_PARAMETER_IN	0	
68719477843	lib/query.js	11	lib/query.js::program:renderQuery	having	AMBIGUOUS					MULTIPLE_LIVE_ASSIGNMENTS_TO_RESOLVED_LOCAL
68719477844	lib/query.js	11	lib/query.js::program:renderQuery	model	DIRECT	111669149844	model	METHOD_PARAMETER_IN	0	
68719477845	lib/query.js	12	lib/query.js::program:renderQuery	validateQueryInfo	CAPTURED	94489280774	validateQueryInfo	LOCAL	1	
68719477846	lib/query.js	12	lib/query.js::program:renderQuery	this	DIRECT	111669149843	this	METHOD_PARAMETER_IN	0	
68719477847	lib/query.js	12	lib/query.js::program:renderQuery	model	DIRECT	111669149844	model	METHOD_PARAMETER_IN	0	
68719477848	lib/query.js	12	lib/query.js::program:renderQuery	dimensions	AMBIGUOUS					MULTIPLE_LIVE_ASSIGNMENTS_TO_RESOLVED_LOCAL
68719477849	lib/query.js	12	lib/query.js::program:renderQuery	measures	AMBIGUOUS					MULTIPLE_LIVE_ASSIGNMENTS_TO_RESOLVED_LOCAL
68719477850	lib/query.js	12	lib/query.js::program:renderQuery	where_refs	DIRECT	94489280795	where_refs	LOCAL	0	
68719477851	lib/query.js	12	lib/query.js::program:renderQuery	having_refs	DIRECT	94489280796	having_refs	LOCAL	0	
68719477852	lib/query.js	12	lib/query.js::program:renderQuery	order_by	DIRECT	94489280791	order_by	LOCAL	0	
68719477853	lib/query.js	13	lib/query.js::program:renderQuery	_iterator_1	DIRECT	94489280901	_iterator_1	LOCAL	0	
68719477854	lib/query.js	13	lib/query.js::program:renderQuery	order_by	DIRECT	94489280791	order_by	LOCAL	0	
68719477855	lib/query.js	13	lib/query.js::program:renderQuery	_result_1	DIRECT	94489280900	_result_1	LOCAL	0	
68719477856	lib/query.js	13	lib/query.js::program:renderQuery	raw	DIRECT	94489280899	raw	LOCAL	0	
68719477859	lib/query.js	14	lib/query.js::program:renderQuery	key	DIRECT	94489280800	key	LOCAL	0	
68719477860	lib/query.js	14	lib/query.js::program:renderQuery	raw	DIRECT	94489280899	raw	LOCAL	0	
68719477861	lib/query.js	14	lib/query.js::program:renderQuery	raw	DIRECT	94489280899	raw	LOCAL	0	
68719477862	lib/query.js	14	lib/query.js::program:renderQuery	raw	DIRECT	94489280899	raw	LOCAL	0	
68719477863	lib/query.js	14	lib/query.js::program:renderQuery	raw	DIRECT	94489280899	raw	LOCAL	0	
68719477864	lib/query.js	14	lib/query.js::program:renderQuery	raw	DIRECT	94489280899	raw	LOCAL	0	
68719477865	lib/query.js	15	lib/query.js::program:renderQuery	model	DIRECT	111669149844	model	METHOD_PARAMETER_IN	0	
68719477866	lib/query.js	15	lib/query.js::program:renderQuery	key	DIRECT	94489280800	key	LOCAL	0	
68719477867	lib/query.js	16	lib/query.js::program:renderQuery	dimensions	AMBIGUOUS					MULTIPLE_LIVE_ASSIGNMENTS_TO_RESOLVED_LOCAL
68719477868	lib/query.js	16	lib/query.js::program:renderQuery	dimensions	AMBIGUOUS					MULTIPLE_LIVE_ASSIGNMENTS_TO_RESOLVED_LOCAL
68719477869	lib/query.js	16	lib/query.js::program:renderQuery	key	DIRECT	94489280800	key	LOCAL	0	
68719477870	lib/query.js	17	lib/query.js::program:renderQuery	dimensions	AMBIGUOUS					MULTIPLE_LIVE_ASSIGNMENTS_TO_RESOLVED_LOCAL
68719477871	lib/query.js	17	lib/query.js::program:renderQuery	_tmp_18	DIRECT	94489280898	_tmp_18	LOCAL	0	
68719477874	lib/query.js	17	lib/query.js::program:renderQuery	dimensions	AMBIGUOUS					MULTIPLE_LIVE_ASSIGNMENTS_TO_RESOLVED_LOCAL
68719477877	lib/query.js	17	lib/query.js::program:renderQuery	key	DIRECT	94489280800	key	LOCAL	0	
68719477879	lib/query.js	19	lib/query.js::program:renderQuery	model	DIRECT	111669149844	model	METHOD_PARAMETER_IN	0	
68719477880	lib/query.js	19	lib/query.js::program:renderQuery	key	DIRECT	94489280800	key	LOCAL	0	
68719477881	lib/query.js	19	lib/query.js::program:renderQuery	measures	AMBIGUOUS					MULTIPLE_LIVE_ASSIGNMENTS_TO_RESOLVED_LOCAL
68719477882	lib/query.js	19	lib/query.js::program:renderQuery	measures	AMBIGUOUS					MULTIPLE_LIVE_ASSIGNMENTS_TO_RESOLVED_LOCAL
68719477883	lib/query.js	19	lib/query.js::program:renderQuery	key	DIRECT	94489280800	key	LOCAL	0	
68719477884	lib/query.js	20	lib/query.js::program:renderQuery	measures	AMBIGUOUS					MULTIPLE_LIVE_ASSIGNMENTS_TO_RESOLVED_LOCAL
68719477885	lib/query.js	20	lib/query.js::program:renderQuery	_tmp_19	DIRECT	94489280897	_tmp_19	LOCAL	0	
68719477888	lib/query.js	20	lib/query.js::program:renderQuery	measures	AMBIGUOUS					MULTIPLE_LIVE_ASSIGNMENTS_TO_RESOLVED_LOCAL
68719477891	lib/query.js	20	lib/query.js::program:renderQuery	key	DIRECT	94489280800	key	LOCAL	0	
68719477893	lib/query.js	22	lib/query.js::program:renderQuery	date_from	DIRECT	94489280787	date_from	LOCAL	0	
68719477894	lib/query.js	22	lib/query.js::program:renderQuery	validateDateInput	CAPTURED	94489280734	validateDateInput	LOCAL	1	
68719477895	lib/query.js	22	lib/query.js::program:renderQuery	this	DIRECT	111669149843	this	METHOD_PARAMETER_IN	0	
68719477896	lib/query.js	22	lib/query.js::program:renderQuery	date_from	DIRECT	94489280787	date_from	LOCAL	0	
68719477897	lib/query.js	23	lib/query.js::program:renderQuery	_tmp_20	DIRECT	94489280896	_tmp_20	LOCAL	0	
68719477898	lib/query.js	23	lib/query.js::program:renderQuery	SqlValidationError	CAPTURED	94489280731	SqlValidationError	LOCAL	1	
68719477900	lib/query.js	23	lib/query.js::program:renderQuery	date_from	DIRECT	94489280787	date_from	LOCAL	0	
68719477901	lib/query.js	23	lib/query.js::program:renderQuery	_tmp_21	DIRECT	94489280895	_tmp_21	LOCAL	0	
68719477905	lib/query.js	23	lib/query.js::program:renderQuery	_tmp_22	DIRECT	94489280894	_tmp_22	LOCAL	0	
68719477910	lib/query.js	24	lib/query.js::program:renderQuery	date_to	DIRECT	94489280788	date_to	LOCAL	0	
68719477911	lib/query.js	24	lib/query.js::program:renderQuery	validateDateInput	CAPTURED	94489280734	validateDateInput	LOCAL	1	
68719477912	lib/query.js	24	lib/query.js::program:renderQuery	this	DIRECT	111669149843	this	METHOD_PARAMETER_IN	0	
68719477913	lib/query.js	24	lib/query.js::program:renderQuery	date_to	DIRECT	94489280788	date_to	LOCAL	0	
68719477914	lib/query.js	25	lib/query.js::program:renderQuery	_tmp_23	DIRECT	94489280892	_tmp_23	LOCAL	0	
68719477915	lib/query.js	25	lib/query.js::program:renderQuery	SqlValidationError	CAPTURED	94489280731	SqlValidationError	LOCAL	1	
68719477917	lib/query.js	25	lib/query.js::program:renderQuery	date_to	DIRECT	94489280788	date_to	LOCAL	0	
68719477918	lib/query.js	25	lib/query.js::program:renderQuery	_tmp_24	DIRECT	94489280891	_tmp_24	LOCAL	0	
68719477922	lib/query.js	25	lib/query.js::program:renderQuery	_tmp_25	DIRECT	94489280890	_tmp_25	LOCAL	0	
68719477927	lib/query.js	26	lib/query.js::program:renderQuery	referenced_joins	DIRECT	94489280809	referenced_joins	LOCAL	0	
68719477928	lib/query.js	26	lib/query.js::program:renderQuery	_tmp_26	DIRECT	94489280889	_tmp_26	LOCAL	0	
68719477929	lib/query.js	26	lib/query.js::program:renderQuery	Set	DIRECT	94489280877	Set	LOCAL	0	
68719477931	lib/query.js	26	lib/query.js::program:renderQuery	_tmp_27	DIRECT	94489280888	_tmp_27	LOCAL	0	
68719477934	lib/query.js	27	lib/query.js::program:renderQuery	_tmp_28	DIRECT	94489280886	_tmp_28	LOCAL	0	
68719477935	lib/query.js	27	lib/query.js::program:renderQuery	dimensions	AMBIGUOUS					MULTIPLE_LIVE_ASSIGNMENTS_TO_RESOLVED_LOCAL
68719477936	lib/query.js	27	lib/query.js::program:renderQuery	dimensions	AMBIGUOUS					MULTIPLE_LIVE_ASSIGNMENTS_TO_RESOLVED_LOCAL
68719477937	lib/query.js	27	lib/query.js::program:renderQuery	_tmp_28	DIRECT	94489280886	_tmp_28	LOCAL	0	
68719477938	lib/query.js	27	lib/query.js::program:renderQuery	Boolean	DIRECT	94489280841	Boolean	LOCAL	0	
68719477941	lib/query.js	28	lib/query.js::program:renderQuery	_tmp_29	DIRECT	94489280884	_tmp_29	LOCAL	0	
68719477942	lib/query.js	28	lib/query.js::program:renderQuery	measures	AMBIGUOUS					MULTIPLE_LIVE_ASSIGNMENTS_TO_RESOLVED_LOCAL
68719477943	lib/query.js	28	lib/query.js::program:renderQuery	measures	AMBIGUOUS					MULTIPLE_LIVE_ASSIGNMENTS_TO_RESOLVED_LOCAL
68719477944	lib/query.js	28	lib/query.js::program:renderQuery	_tmp_29	DIRECT	94489280884	_tmp_29	LOCAL	0	
68719477945	lib/query.js	28	lib/query.js::program:renderQuery	Boolean	DIRECT	94489280841	Boolean	LOCAL	0	
68719477948	lib/query.js	29	lib/query.js::program:renderQuery	_tmp_30	DIRECT	94489280882	_tmp_30	LOCAL	0	
68719477949	lib/query.js	29	lib/query.js::program:renderQuery	where_refs	DIRECT	94489280795	where_refs	LOCAL	0	
68719477950	lib/query.js	29	lib/query.js::program:renderQuery	where_refs	DIRECT	94489280795	where_refs	LOCAL	0	
68719477951	lib/query.js	29	lib/query.js::program:renderQuery	_tmp_30	DIRECT	94489280882	_tmp_30	LOCAL	0	
68719477952	lib/query.js	29	lib/query.js::program:renderQuery	Boolean	DIRECT	94489280841	Boolean	LOCAL	0	
68719477955	lib/query.js	30	lib/query.js::program:renderQuery	_tmp_31	DIRECT	94489280880	_tmp_31	LOCAL	0	
68719477956	lib/query.js	30	lib/query.js::program:renderQuery	having_refs	DIRECT	94489280796	having_refs	LOCAL	0	
68719477957	lib/query.js	30	lib/query.js::program:renderQuery	having_refs	DIRECT	94489280796	having_refs	LOCAL	0	
68719477958	lib/query.js	30	lib/query.js::program:renderQuery	_tmp_31	DIRECT	94489280880	_tmp_31	LOCAL	0	
68719477959	lib/query.js	30	lib/query.js::program:renderQuery	Boolean	DIRECT	94489280841	Boolean	LOCAL	0	
68719477962	lib/query.js	32	lib/query.js::program:renderQuery	always_joins	DIRECT	94489280812	always_joins	LOCAL	0	
68719477963	lib/query.js	32	lib/query.js::program:renderQuery	_tmp_32	DIRECT	94489280879	_tmp_32	LOCAL	0	
68719477964	lib/query.js	32	lib/query.js::program:renderQuery	Set	DIRECT	94489280877	Set	LOCAL	0	
68719477966	lib/query.js	32	lib/query.js::program:renderQuery	model	DIRECT	111669149844	model	METHOD_PARAMETER_IN	0	
68719477968	lib/query.js	33	lib/query.js::program:renderQuery	all_required_joins	DIRECT	94489280814	all_required_joins	LOCAL	0	
68719477969	lib/query.js	33	lib/query.js::program:renderQuery	_tmp_33	DIRECT	94489280878	_tmp_33	LOCAL	0	
68719477970	lib/query.js	33	lib/query.js::program:renderQuery	Set	DIRECT	94489280877	Set	LOCAL	0	
68719477972	lib/query.js	33	lib/query.js::program:renderQuery	_tmp_34	DIRECT	94489280876	_tmp_34	LOCAL	0	
68719477975	lib/query.js	33	lib/query.js::program:renderQuery	referenced_joins	DIRECT	94489280809	referenced_joins	LOCAL	0	
68719477978	lib/query.js	33	lib/query.js::program:renderQuery	always_joins	DIRECT	94489280812	always_joins	LOCAL	0	
68719477981	lib/query.js	34	lib/query.js::program:renderQuery	undefined_joins	DIRECT	94489280817	undefined_joins	LOCAL	0	
68719477982	lib/query.js	34	lib/query.js::program:renderQuery	_tmp_35	DIRECT	94489280874	_tmp_35	LOCAL	0	
68719477983	lib/query.js	34	lib/query.js::program:renderQuery	Array	DIRECT	94489280875	Array	LOCAL	0	
68719477984	lib/query.js	34	lib/query.js::program:renderQuery	Array	DIRECT	94489280875	Array	LOCAL	0	
68719477985	lib/query.js	34	lib/query.js::program:renderQuery	all_required_joins	DIRECT	94489280814	all_required_joins	LOCAL	0	
68719477986	lib/query.js	34	lib/query.js::program:renderQuery	_tmp_35	DIRECT	94489280874	_tmp_35	LOCAL	0	
68719477987	lib/query.js	35	lib/query.js::program:renderQuery	undefined_joins	DIRECT	94489280817	undefined_joins	LOCAL	0	
68719477988	lib/query.js	36	lib/query.js::program:renderQuery	_tmp_36	DIRECT	94489280872	_tmp_36	LOCAL	0	
68719477989	lib/query.js	36	lib/query.js::program:renderQuery	SqlValidationError	CAPTURED	94489280731	SqlValidationError	LOCAL	1	
68719477991	lib/query.js	36	lib/query.js::program:renderQuery	undefined_joins	DIRECT	94489280817	undefined_joins	LOCAL	0	
68719477992	lib/query.js	36	lib/query.js::program:renderQuery	undefined_joins	DIRECT	94489280817	undefined_joins	LOCAL	0	
68719477993	lib/query.js	36	lib/query.js::program:renderQuery	_tmp_37	DIRECT	94489280871	_tmp_37	LOCAL	0	
68719477996	lib/query.js	36	lib/query.js::program:renderQuery	undefined_joins	DIRECT	94489280817	undefined_joins	LOCAL	0	
68719477997	lib/query.js	36	lib/query.js::program:renderQuery	undefined_joins	DIRECT	94489280817	undefined_joins	LOCAL	0	
68719477999	lib/query.js	36	lib/query.js::program:renderQuery	_tmp_38	DIRECT	94489280870	_tmp_38	LOCAL	0	
68719478006	lib/query.js	37	lib/query.js::program:renderQuery	joins	DIRECT	94489280821	joins	LOCAL	0	
68719478007	lib/query.js	37	lib/query.js::program:renderQuery	_tmp_39	DIRECT	94489280867	_tmp_39	LOCAL	0	
68719478008	lib/query.js	37	lib/query.js::program:renderQuery	_tmp_40	DIRECT	94489280869	_tmp_40	LOCAL	0	
68719478009	lib/query.js	37	lib/query.js::program:renderQuery	model	DIRECT	111669149844	model	METHOD_PARAMETER_IN	0	
68719478010	lib/query.js	37	lib/query.js::program:renderQuery	_tmp_40	DIRECT	94489280869	_tmp_40	LOCAL	0	
68719478011	lib/query.js	37	lib/query.js::program:renderQuery	_tmp_39	DIRECT	94489280867	_tmp_39	LOCAL	0	
68719478012	lib/query.js	40	lib/query.js::program:renderQuery	dimension_fields	DIRECT	94489280822	dimension_fields	LOCAL	0	
68719478013	lib/query.js	40	lib/query.js::program:renderQuery	dimensions	AMBIGUOUS					MULTIPLE_LIVE_ASSIGNMENTS_TO_RESOLVED_LOCAL
68719478014	lib/query.js	40	lib/query.js::program:renderQuery	dimensions	AMBIGUOUS					MULTIPLE_LIVE_ASSIGNMENTS_TO_RESOLVED_LOCAL
68719478015	lib/query.js	46	lib/query.js::program:renderQuery	projected_measures	DIRECT	94489280824	projected_measures	LOCAL	0	
68719478016	lib/query.js	46	lib/query.js::program:renderQuery	_tmp_42	DIRECT	94489280860	_tmp_42	LOCAL	0	
68719478019	lib/query.js	46	lib/query.js::program:renderQuery	measures	AMBIGUOUS					MULTIPLE_LIVE_ASSIGNMENTS_TO_RESOLVED_LOCAL
68719478022	lib/query.js	46	lib/query.js::program:renderQuery	having_refs	DIRECT	94489280796	having_refs	LOCAL	0	
68719478023	lib/query.js	46	lib/query.js::program:renderQuery	having_refs	DIRECT	94489280796	having_refs	LOCAL	0	
68719478025	lib/query.js	47	lib/query.js::program:renderQuery	measure_fields	DIRECT	94489280826	measure_fields	LOCAL	0	
68719478026	lib/query.js	47	lib/query.js::program:renderQuery	projected_measures	DIRECT	94489280824	projected_measures	LOCAL	0	
68719478027	lib/query.js	47	lib/query.js::program:renderQuery	projected_measures	DIRECT	94489280824	projected_measures	LOCAL	0	
68719478028	lib/query.js	48	lib/query.js::program:renderQuery	group_by	DIRECT	94489280827	group_by	LOCAL	0	
68719478029	lib/query.js	48	lib/query.js::program:renderQuery	dimensions	AMBIGUOUS					MULTIPLE_LIVE_ASSIGNMENTS_TO_RESOLVED_LOCAL
68719478030	lib/query.js	48	lib/query.js::program:renderQuery	projected_measures	DIRECT	94489280824	projected_measures	LOCAL	0	
68719478031	lib/query.js	49	lib/query.js::program:renderQuery	select_list	DIRECT	94489280828	select_list	LOCAL	0	
68719478032	lib/query.js	49	lib/query.js::program:renderQuery	_tmp_43	DIRECT	94489280857	_tmp_43	LOCAL	0	
68719478035	lib/query.js	49	lib/query.js::program:renderQuery	dimension_fields	DIRECT	94489280822	dimension_fields	LOCAL	0	
68719478038	lib/query.js	49	lib/query.js::program:renderQuery	measure_fields	DIRECT	94489280826	measure_fields	LOCAL	0	
68719478040	lib/query.js	50	lib/query.js::program:renderQuery	query	DIRECT	94489280830	query	LOCAL	0	
68719478041	lib/query.js	50	lib/query.js::program:renderQuery	_tmp_44	DIRECT	94489280856	_tmp_44	LOCAL	0	
68719478044	lib/query.js	51	lib/query.js::program:renderQuery	select_list	DIRECT	94489280828	select_list	LOCAL	0	
68719478045	lib/query.js	53	lib/query.js::program:renderQuery	distinct	DIRECT	94489280793	distinct	LOCAL	0	
68719478046	lib/query.js	53	lib/query.js::program:renderQuery	group_by	DIRECT	94489280827	group_by	LOCAL	0	
68719478047	lib/query.js	53	lib/query.js::program:renderQuery	_tmp_45	DIRECT	94489280855	_tmp_45	LOCAL	0	
68719478048	lib/query.js	53	lib/query.js::program:renderQuery	select_list	DIRECT	94489280828	select_list	LOCAL	0	
68719478049	lib/query.js	53	lib/query.js::program:renderQuery	select_list	DIRECT	94489280828	select_list	LOCAL	0	
68719478050	lib/query.js	53	lib/query.js::program:renderQuery	_tmp_45	DIRECT	94489280855	_tmp_45	LOCAL	0	
68719478053	lib/query.js	54	lib/query.js::program:renderQuery	model	DIRECT	111669149844	model	METHOD_PARAMETER_IN	0	
68719478056	lib/query.js	55	lib/query.js::program:renderQuery	joins	DIRECT	94489280821	joins	LOCAL	0	
68719478058	lib/query.js	57	lib/query.js::program:renderQuery	where_clause	DIRECT	94489280832	where_clause	LOCAL	0	
68719478059	lib/query.js	58	lib/query.js::program:renderQuery	model	DIRECT	111669149844	model	METHOD_PARAMETER_IN	0	
68719478060	lib/query.js	59	lib/query.js::program:renderQuery	from	DIRECT	94489280833	from	LOCAL	0	
68719478061	lib/query.js	59	lib/query.js::program:renderQuery	date_from	DIRECT	94489280787	date_from	LOCAL	0	
68719478062	lib/query.js	59	lib/query.js::program:renderQuery	date_from	DIRECT	94489280787	date_from	LOCAL	0	
68719478063	lib/query.js	59	lib/query.js::program:renderQuery	date_from	DIRECT	94489280787	date_from	LOCAL	0	
68719478064	lib/query.js	59	lib/query.js::program:renderQuery	date_from	DIRECT	94489280787	date_from	LOCAL	0	
68719478065	lib/query.js	60	lib/query.js::program:renderQuery	from	DIRECT	94489280833	from	LOCAL	0	
68719478066	lib/query.js	60	lib/query.js::program:renderQuery	date_to	DIRECT	94489280788	date_to	LOCAL	0	
68719478067	lib/query.js	61	lib/query.js::program:renderQuery	where_clause	DIRECT	94489280832	where_clause	LOCAL	0	
68719478068	lib/query.js	61	lib/query.js::program:renderQuery	where_clause	DIRECT	94489280832	where_clause	LOCAL	0	
68719478069	lib/query.js	61	lib/query.js::program:renderQuery	model	DIRECT	111669149844	model	METHOD_PARAMETER_IN	0	
68719478070	lib/query.js	61	lib/query.js::program:renderQuery	from	DIRECT	94489280833	from	LOCAL	0	
68719478071	lib/query.js	61	lib/query.js::program:renderQuery	model	DIRECT	111669149844	model	METHOD_PARAMETER_IN	0	
68719478072	lib/query.js	61	lib/query.js::program:renderQuery	nextDayLiteral	CAPTURED	94489280739	nextDayLiteral	LOCAL	1	
68719478073	lib/query.js	61	lib/query.js::program:renderQuery	this	DIRECT	111669149843	this	METHOD_PARAMETER_IN	0	
68719478074	lib/query.js	61	lib/query.js::program:renderQuery	date_to	DIRECT	94489280788	date_to	LOCAL	0	
68719478075	lib/query.js	63	lib/query.js::program:renderQuery	from	DIRECT	94489280833	from	LOCAL	0	
68719478076	lib/query.js	64	lib/query.js::program:renderQuery	where_clause	DIRECT	94489280832	where_clause	LOCAL	0	
68719478077	lib/query.js	64	lib/query.js::program:renderQuery	where_clause	DIRECT	94489280832	where_clause	LOCAL	0	
68719478078	lib/query.js	64	lib/query.js::program:renderQuery	model	DIRECT	111669149844	model	METHOD_PARAMETER_IN	0	
68719478079	lib/query.js	64	lib/query.js::program:renderQuery	from	DIRECT	94489280833	from	LOCAL	0	
68719478080	lib/query.js	65	lib/query.js::program:renderQuery	date_to	DIRECT	94489280788	date_to	LOCAL	0	
68719478081	lib/query.js	66	lib/query.js::program:renderQuery	where_clause	DIRECT	94489280832	where_clause	LOCAL	0	
68719478082	lib/query.js	66	lib/query.js::program:renderQuery	where_clause	DIRECT	94489280832	where_clause	LOCAL	0	
68719478083	lib/query.js	66	lib/query.js::program:renderQuery	model	DIRECT	111669149844	model	METHOD_PARAMETER_IN	0	
68719478084	lib/query.js	66	lib/query.js::program:renderQuery	nextDayLiteral	CAPTURED	94489280739	nextDayLiteral	LOCAL	1	
68719478085	lib/query.js	66	lib/query.js::program:renderQuery	this	DIRECT	111669149843	this	METHOD_PARAMETER_IN	0	
68719478086	lib/query.js	66	lib/query.js::program:renderQuery	date_to	DIRECT	94489280788	date_to	LOCAL	0	
68719478087	lib/query.js	67	lib/query.js::program:renderQuery	model	DIRECT	111669149844	model	METHOD_PARAMETER_IN	0	
68719478088	lib/query.js	67	lib/query.js::program:renderQuery	date_from	DIRECT	94489280787	date_from	LOCAL	0	
68719478089	lib/query.js	67	lib/query.js::program:renderQuery	date_from	DIRECT	94489280787	date_from	LOCAL	0	
68719478090	lib/query.js	68	lib/query.js::program:renderQuery	appendDefaultDateRange	CAPTURED	94489280747	appendDefaultDateRange	LOCAL	1	
68719478091	lib/query.js	68	lib/query.js::program:renderQuery	this	DIRECT	111669149843	this	METHOD_PARAMETER_IN	0	
68719478092	lib/query.js	68	lib/query.js::program:renderQuery	where_clause	DIRECT	94489280832	where_clause	LOCAL	0	
68719478093	lib/query.js	68	lib/query.js::program:renderQuery	model	DIRECT	111669149844	model	METHOD_PARAMETER_IN	0	
68719478094	lib/query.js	70	lib/query.js::program:renderQuery	where	AMBIGUOUS					MULTIPLE_LIVE_ASSIGNMENTS_TO_RESOLVED_LOCAL
68719478095	lib/query.js	71	lib/query.js::program:renderQuery	validation	AMBIGUOUS					MULTIPLE_LIVE_ASSIGNMENTS_TO_RESOLVED_LOCAL
68719478096	lib/query.js	71	lib/query.js::program:renderQuery	validateWhereClause	CAPTURED	94489280732	validateWhereClause	LOCAL	1	
68719478097	lib/query.js	71	lib/query.js::program:renderQuery	this	DIRECT	111669149843	this	METHOD_PARAMETER_IN	0	
68719478098	lib/query.js	71	lib/query.js::program:renderQuery	where	AMBIGUOUS					MULTIPLE_LIVE_ASSIGNMENTS_TO_RESOLVED_LOCAL
68719478099	lib/query.js	71	lib/query.js::program:renderQuery	model	DIRECT	111669149844	model	METHOD_PARAMETER_IN	0	
68719478100	lib/query.js	72	lib/query.js::program:renderQuery	validation	AMBIGUOUS					MULTIPLE_LIVE_ASSIGNMENTS_TO_RESOLVED_LOCAL
68719478101	lib/query.js	73	lib/query.js::program:renderQuery	_tmp_46	DIRECT	94489280851	_tmp_46	LOCAL	0	
68719478102	lib/query.js	73	lib/query.js::program:renderQuery	SqlValidationError	CAPTURED	94489280731	SqlValidationError	LOCAL	1	
68719478104	lib/query.js	73	lib/query.js::program:renderQuery	_tmp_47	DIRECT	94489280850	_tmp_47	LOCAL	0	
68719478105	lib/query.js	73	lib/query.js::program:renderQuery	validation	AMBIGUOUS					MULTIPLE_LIVE_ASSIGNMENTS_TO_RESOLVED_LOCAL
68719478106	lib/query.js	73	lib/query.js::program:renderQuery	_tmp_47	DIRECT	94489280850	_tmp_47	LOCAL	0	
68719478107	lib/query.js	73	lib/query.js::program:renderQuery	validation	AMBIGUOUS					MULTIPLE_LIVE_ASSIGNMENTS_TO_RESOLVED_LOCAL
68719478108	lib/query.js	73	lib/query.js::program:renderQuery	_tmp_48	DIRECT	94489280849	_tmp_48	LOCAL	0	
68719478115	lib/query.js	75	lib/query.js::program:renderQuery	where_clause	DIRECT	94489280832	where_clause	LOCAL	0	
68719478116	lib/query.js	75	lib/query.js::program:renderQuery	where_clause	DIRECT	94489280832	where_clause	LOCAL	0	
68719478117	lib/query.js	75	lib/query.js::program:renderQuery	where	AMBIGUOUS					MULTIPLE_LIVE_ASSIGNMENTS_TO_RESOLVED_LOCAL
68719478118	lib/query.js	77	lib/query.js::program:renderQuery	model	DIRECT	111669149844	model	METHOD_PARAMETER_IN	0	
68719478119	lib/query.js	78	lib/query.js::program:renderQuery	where_clause	DIRECT	94489280832	where_clause	LOCAL	0	
68719478120	lib/query.js	78	lib/query.js::program:renderQuery	where_clause	DIRECT	94489280832	where_clause	LOCAL	0	
68719478121	lib/query.js	78	lib/query.js::program:renderQuery	model	DIRECT	111669149844	model	METHOD_PARAMETER_IN	0	
68719478122	lib/query.js	79	lib/query.js::program:renderQuery	where_clause	DIRECT	94489280832	where_clause	LOCAL	0	
68719478123	lib/query.js	80	lib/query.js::program:renderQuery	query	DIRECT	94489280830	query	LOCAL	0	
68719478124	lib/query.js	80	lib/query.js::program:renderQuery	query	DIRECT	94489280830	query	LOCAL	0	
68719478125	lib/query.js	80	lib/query.js::program:renderQuery	expandWhereReferences	CAPTURED	94489280756	expandWhereReferences	LOCAL	1	
68719478126	lib/query.js	80	lib/query.js::program:renderQuery	this	DIRECT	111669149843	this	METHOD_PARAMETER_IN	0	
68719478127	lib/query.js	80	lib/query.js::program:renderQuery	where_clause	DIRECT	94489280832	where_clause	LOCAL	0	
68719478128	lib/query.js	80	lib/query.js::program:renderQuery	where_clause	DIRECT	94489280832	where_clause	LOCAL	0	
68719478129	lib/query.js	80	lib/query.js::program:renderQuery	model	DIRECT	111669149844	model	METHOD_PARAMETER_IN	0	
68719478130	lib/query.js	81	lib/query.js::program:renderQuery	group_by	DIRECT	94489280827	group_by	LOCAL	0	
68719478131	lib/query.js	82	lib/query.js::program:renderQuery	query	DIRECT	94489280830	query	LOCAL	0	
68719478132	lib/query.js	82	lib/query.js::program:renderQuery	query	DIRECT	94489280830	query	LOCAL	0	
68719478133	lib/query.js	83	lib/query.js::program:renderQuery	having	AMBIGUOUS					MULTIPLE_LIVE_ASSIGNMENTS_TO_RESOLVED_LOCAL
68719478134	lib/query.js	84	lib/query.js::program:renderQuery	validation	AMBIGUOUS					MULTIPLE_LIVE_ASSIGNMENTS_TO_RESOLVED_LOCAL
68719478135	lib/query.js	84	lib/query.js::program:renderQuery	validateHavingClause	CAPTURED	94489280733	validateHavingClause	LOCAL	1	
68719478136	lib/query.js	84	lib/query.js::program:renderQuery	this	DIRECT	111669149843	this	METHOD_PARAMETER_IN	0	
68719478137	lib/query.js	84	lib/query.js::program:renderQuery	having	AMBIGUOUS					MULTIPLE_LIVE_ASSIGNMENTS_TO_RESOLVED_LOCAL
68719478138	lib/query.js	84	lib/query.js::program:renderQuery	model	DIRECT	111669149844	model	METHOD_PARAMETER_IN	0	
68719478139	lib/query.js	85	lib/query.js::program:renderQuery	validation	AMBIGUOUS					MULTIPLE_LIVE_ASSIGNMENTS_TO_RESOLVED_LOCAL
68719478140	lib/query.js	86	lib/query.js::program:renderQuery	_tmp_49	DIRECT	94489280846	_tmp_49	LOCAL	0	
68719478141	lib/query.js	86	lib/query.js::program:renderQuery	SqlValidationError	CAPTURED	94489280731	SqlValidationError	LOCAL	1	
68719478143	lib/query.js	86	lib/query.js::program:renderQuery	_tmp_50	DIRECT	94489280844	_tmp_50	LOCAL	0	
68719478144	lib/query.js	86	lib/query.js::program:renderQuery	validation	AMBIGUOUS					MULTIPLE_LIVE_ASSIGNMENTS_TO_RESOLVED_LOCAL
68719478145	lib/query.js	86	lib/query.js::program:renderQuery	_tmp_50	DIRECT	94489280844	_tmp_50	LOCAL	0	
68719478146	lib/query.js	86	lib/query.js::program:renderQuery	validation	AMBIGUOUS					MULTIPLE_LIVE_ASSIGNMENTS_TO_RESOLVED_LOCAL
68719478147	lib/query.js	86	lib/query.js::program:renderQuery	_tmp_51	DIRECT	94489280843	_tmp_51	LOCAL	0	
68719478154	lib/query.js	88	lib/query.js::program:renderQuery	query	DIRECT	94489280830	query	LOCAL	0	
68719478155	lib/query.js	88	lib/query.js::program:renderQuery	query	DIRECT	94489280830	query	LOCAL	0	
68719478156	lib/query.js	88	lib/query.js::program:renderQuery	having	AMBIGUOUS					MULTIPLE_LIVE_ASSIGNMENTS_TO_RESOLVED_LOCAL
68719478157	lib/query.js	90	lib/query.js::program:renderQuery	order_by	DIRECT	94489280791	order_by	LOCAL	0	
68719478158	lib/query.js	91	lib/query.js::program:renderQuery	query	DIRECT	94489280830	query	LOCAL	0	
68719478159	lib/query.js	91	lib/query.js::program:renderQuery	query	DIRECT	94489280830	query	LOCAL	0	
68719478160	lib/query.js	91	lib/query.js::program:renderQuery	_tmp_52	DIRECT	94489280842	_tmp_52	LOCAL	0	
68719478161	lib/query.js	91	lib/query.js::program:renderQuery	order_by	DIRECT	94489280791	order_by	LOCAL	0	
68719478162	lib/query.js	91	lib/query.js::program:renderQuery	order_by	DIRECT	94489280791	order_by	LOCAL	0	
68719478163	lib/query.js	91	lib/query.js::program:renderQuery	_tmp_52	DIRECT	94489280842	_tmp_52	LOCAL	0	
68719478164	lib/query.js	92	lib/query.js::program:renderQuery	limit	DIRECT	94489280792	limit	LOCAL	0	
68719478165	lib/query.js	92	lib/query.js::program:renderQuery	limit	DIRECT	94489280792	limit	LOCAL	0	
68719478166	lib/query.js	92	lib/query.js::program:renderQuery	limit	DIRECT	94489280792	limit	LOCAL	0	
68719478167	lib/query.js	93	lib/query.js::program:renderQuery	query	DIRECT	94489280830	query	LOCAL	0	
68719478168	lib/query.js	93	lib/query.js::program:renderQuery	query	DIRECT	94489280830	query	LOCAL	0	
68719478169	lib/query.js	93	lib/query.js::program:renderQuery	limit	DIRECT	94489280792	limit	LOCAL	0	
68719478170	lib/query.js	94	lib/query.js::program:renderQuery	_tmp_53	DIRECT	94489280840	_tmp_53	LOCAL	0	
68719478171	lib/query.js	94	lib/query.js::program:renderQuery	query	DIRECT	94489280830	query	LOCAL	0	
68719478172	lib/query.js	94	lib/query.js::program:renderQuery	query	DIRECT	94489280830	query	LOCAL	0	
68719478173	lib/query.js	94	lib/query.js::program:renderQuery	Boolean	DIRECT	94489280841	Boolean	LOCAL	0	
68719478174	lib/query.js	94	lib/query.js::program:renderQuery	_tmp_53	DIRECT	94489280840	_tmp_53	LOCAL	0	
68719478175	lib/query.js	1	lib/query.js::program	SqlValidationError	DIRECT	94489280731	SqlValidationError	LOCAL	0	
68719478177	lib/query.js	1	lib/query.js::program	this	DIRECT	111669149846	this	METHOD_PARAMETER_IN	0	
68719478178	lib/query.js	2	lib/query.js::program	validateWhereClause	DIRECT	94489280732	validateWhereClause	LOCAL	0	
68719478180	lib/query.js	2	lib/query.js::program	this	DIRECT	111669149846	this	METHOD_PARAMETER_IN	0	
68719478181	lib/query.js	2	lib/query.js::program	validateHavingClause	DIRECT	94489280733	validateHavingClause	LOCAL	0	
68719478183	lib/query.js	2	lib/query.js::program	this	DIRECT	111669149846	this	METHOD_PARAMETER_IN	0	
68719478184	lib/query.js	2	lib/query.js::program	validateDateInput	DIRECT	94489280734	validateDateInput	LOCAL	0	
68719478186	lib/query.js	2	lib/query.js::program	this	DIRECT	111669149846	this	METHOD_PARAMETER_IN	0	
68719478187	lib/query.js	3	lib/query.js::program	extractFieldReferences	DIRECT	94489280735	extractFieldReferences	LOCAL	0	
68719478189	lib/query.js	3	lib/query.js::program	this	DIRECT	111669149846	this	METHOD_PARAMETER_IN	0	
68719478190	lib/query.js	4	lib/query.js::program	constructDateRangeExpression	DIRECT	94489280736	constructDateRangeExpression	LOCAL	0	
68719478192	lib/query.js	4	lib/query.js::program	this	DIRECT	111669149846	this	METHOD_PARAMETER_IN	0	
68719478193	lib/query.js	4	lib/query.js::program	constructDateTruncExpression	DIRECT	94489280737	constructDateTruncExpression	LOCAL	0	
68719478195	lib/query.js	4	lib/query.js::program	this	DIRECT	111669149846	this	METHOD_PARAMETER_IN	0	
68719478196	lib/query.js	4	lib/query.js::program	normalizeQuotesForBigQuery	DIRECT	94489280738	normalizeQuotesForBigQuery	LOCAL	0	
68719478198	lib/query.js	4	lib/query.js::program	this	DIRECT	111669149846	this	METHOD_PARAMETER_IN	0	
68719478199	lib/query.js	96	lib/query.js::program	nextDayLiteral	DIRECT	94489280739	nextDayLiteral	LOCAL	0	
68719478200	lib/query.js	101	lib/query.js::program	appendDefaultDateRange	DIRECT	94489280747	appendDefaultDateRange	LOCAL	0	
68719478201	lib/query.js	110	lib/query.js::program	applyDateGranularity	DIRECT	94489280750	applyDateGranularity	LOCAL	0	
68719478202	lib/query.js	115	lib/query.js::program	expandWhereReferences	DIRECT	94489280756	expandWhereReferences	LOCAL	0	
68719478203	lib/query.js	132	lib/query.js::program	unwrapSqlExpressionAlias	DIRECT	94489280767	unwrapSqlExpressionAlias	LOCAL	0	
68719478204	lib/query.js	141	lib/query.js::program	validateKeys	DIRECT	94489280773	validateKeys	LOCAL	0	
68719478205	lib/query.js	144	lib/query.js::program	validateQueryInfo	DIRECT	94489280774	validateQueryInfo	LOCAL	0	
68719478206	lib/query.js	5	lib/query.js::program	renderQuery	DIRECT	94489280784	renderQuery	LOCAL	0	
68719478208	lib/query.js	5	lib/query.js::program	renderQuery	DIRECT	94489280784	renderQuery	LOCAL	0	
68719478209	lib/utilities.js	1	lib/utilities.js::program:collapseWhitespace	_tmp_1	DIRECT	94489280935	_tmp_1	LOCAL	0	
68719478210	lib/utilities.js	1	lib/utilities.js::program:collapseWhitespace	param2_0	DIRECT	111669149849	param2_0	METHOD_PARAMETER_IN	0	
68719478212	lib/utilities.js	1	lib/utilities.js::program:collapseWhitespace	param2_0	DIRECT	111669149849	param2_0	METHOD_PARAMETER_IN	0	
68719478213	lib/utilities.js	1	lib/utilities.js::program:collapseWhitespace	singleSpaced	DIRECT	94489280939	singleSpaced	LOCAL	0	
68719478216	lib/utilities.js	1	lib/utilities.js::program:collapseWhitespace	singleLine	DIRECT	94489280938	singleLine	LOCAL	0	
68719478219	lib/utilities.js	1	lib/utilities.js::program:collapseWhitespace	collapseSpaces	DIRECT	94489280937	collapseSpaces	LOCAL	0	
68719478222	lib/utilities.js	1	lib/utilities.js::program:collapseWhitespace	unindent	DIRECT	94489280936	unindent	LOCAL	0	
68719478226	lib/utilities.js	2	lib/utilities.js::program:collapseWhitespace	text	DIRECT	111669149848	text	METHOD_PARAMETER_IN	0	
68719478227	lib/utilities.js	3	lib/utilities.js::program:collapseWhitespace	text	DIRECT	111669149848	text	METHOD_PARAMETER_IN	0	
68719478228	lib/utilities.js	3	lib/utilities.js::program:collapseWhitespace	_tmp_2	DIRECT	94489280940	_tmp_2	LOCAL	0	
68719478229	lib/utilities.js	3	lib/utilities.js::program:collapseWhitespace	_tmp_3	DIRECT	94489280941	_tmp_3	LOCAL	0	
68719478230	lib/utilities.js	3	lib/utilities.js::program:collapseWhitespace	_tmp_4	DIRECT	94489280942	_tmp_4	LOCAL	0	
68719478231	lib/utilities.js	3	lib/utilities.js::program:collapseWhitespace	text	DIRECT	111669149848	text	METHOD_PARAMETER_IN	0	
68719478232	lib/utilities.js	3	lib/utilities.js::program:collapseWhitespace	text	DIRECT	111669149848	text	METHOD_PARAMETER_IN	0	
68719478233	lib/utilities.js	3	lib/utilities.js::program:collapseWhitespace	_tmp_4	DIRECT	94489280942	_tmp_4	LOCAL	0	
68719478234	lib/utilities.js	3	lib/utilities.js::program:collapseWhitespace	_tmp_3	DIRECT	94489280941	_tmp_3	LOCAL	0	
68719478235	lib/utilities.js	3	lib/utilities.js::program:collapseWhitespace	_tmp_2	DIRECT	94489280940	_tmp_2	LOCAL	0	
68719478236	lib/utilities.js	8	lib/utilities.js::program:collapseWhitespace	singleSpaced	DIRECT	94489280939	singleSpaced	LOCAL	0	
68719478237	lib/utilities.js	9	lib/utilities.js::program:collapseWhitespace	text	DIRECT	111669149848	text	METHOD_PARAMETER_IN	0	
68719478238	lib/utilities.js	9	lib/utilities.js::program:collapseWhitespace	text	DIRECT	111669149848	text	METHOD_PARAMETER_IN	0	
68719478239	lib/utilities.js	9	lib/utilities.js::program:collapseWhitespace	text	DIRECT	111669149848	text	METHOD_PARAMETER_IN	0	
68719478240	lib/utilities.js	10	lib/utilities.js::program:collapseWhitespace	singleLine	DIRECT	94489280938	singleLine	LOCAL	0	
68719478241	lib/utilities.js	11	lib/utilities.js::program:collapseWhitespace	text	DIRECT	111669149848	text	METHOD_PARAMETER_IN	0	
68719478242	lib/utilities.js	11	lib/utilities.js::program:collapseWhitespace	text	DIRECT	111669149848	text	METHOD_PARAMETER_IN	0	
68719478243	lib/utilities.js	11	lib/utilities.js::program:collapseWhitespace	text	DIRECT	111669149848	text	METHOD_PARAMETER_IN	0	
68719478244	lib/utilities.js	12	lib/utilities.js::program:collapseWhitespace	collapseSpaces	DIRECT	94489280937	collapseSpaces	LOCAL	0	
68719478245	lib/utilities.js	13	lib/utilities.js::program:collapseWhitespace	text	DIRECT	111669149848	text	METHOD_PARAMETER_IN	0	
68719478246	lib/utilities.js	13	lib/utilities.js::program:collapseWhitespace	text	DIRECT	111669149848	text	METHOD_PARAMETER_IN	0	
68719478247	lib/utilities.js	13	lib/utilities.js::program:collapseWhitespace	text	DIRECT	111669149848	text	METHOD_PARAMETER_IN	0	
68719478248	lib/utilities.js	14	lib/utilities.js::program:collapseWhitespace	unindent	DIRECT	94489280936	unindent	LOCAL	0	
68719478249	lib/utilities.js	15	lib/utilities.js::program:collapseWhitespace	text	DIRECT	111669149848	text	METHOD_PARAMETER_IN	0	
68719478250	lib/utilities.js	15	lib/utilities.js::program:collapseWhitespace	text	DIRECT	111669149848	text	METHOD_PARAMETER_IN	0	
68719478251	lib/utilities.js	15	lib/utilities.js::program:collapseWhitespace	text	DIRECT	111669149848	text	METHOD_PARAMETER_IN	0	
68719478252	lib/utilities.js	16	lib/utilities.js::program:collapseWhitespace	text	DIRECT	111669149848	text	METHOD_PARAMETER_IN	0	
68719478253	lib/utilities.js	16	lib/utilities.js::program:collapseWhitespace	text	DIRECT	111669149848	text	METHOD_PARAMETER_IN	0	
68719478254	lib/utilities.js	16	lib/utilities.js::program:collapseWhitespace	text	DIRECT	111669149848	text	METHOD_PARAMETER_IN	0	
68719478255	lib/utilities.js	18	lib/utilities.js::program:collapseWhitespace	text	DIRECT	111669149848	text	METHOD_PARAMETER_IN	0	
68719478256	lib/utilities.js	1	lib/utilities.js::program	collapseWhitespace	DIRECT	94489280933	collapseWhitespace	LOCAL	0	
68719478258	lib/utilities.js	1	lib/utilities.js::program	collapseWhitespace	DIRECT	94489280933	collapseWhitespace	LOCAL	0	
68719478268	lib/validation.js	100	lib/validation.js::program:performBasicSafetyChecks	result	DIRECT	94489280946	result	LOCAL	0	
68719478273	lib/validation.js	105	lib/validation.js::program:performBasicSafetyChecks	_iterator_0	DIRECT	94489281099	_iterator_0	LOCAL	0	
68719478274	lib/validation.js	105	lib/validation.js::program:performBasicSafetyChecks	DANGEROUS_CONSTRUCTS	CAPTURED	94489281000	DANGEROUS_CONSTRUCTS	LOCAL	1	
68719478275	lib/validation.js	105	lib/validation.js::program:performBasicSafetyChecks	_result_0	DIRECT	94489281097	_result_0	LOCAL	0	
68719478276	lib/validation.js	105	lib/validation.js::program:performBasicSafetyChecks	construct	DIRECT	94489281093	construct	LOCAL	0	
68719478279	lib/validation.js	106	lib/validation.js::program:performBasicSafetyChecks	regex	DIRECT	94489280951	regex	LOCAL	0	
68719478280	lib/validation.js	106	lib/validation.js::program:performBasicSafetyChecks	_tmp_1	DIRECT	94489281096	_tmp_1	LOCAL	0	
68719478281	lib/validation.js	106	lib/validation.js::program:performBasicSafetyChecks	RegExp	DIRECT	94489281095	RegExp	LOCAL	0	
68719478283	lib/validation.js	106	lib/validation.js::program:performBasicSafetyChecks	construct	DIRECT	94489281093	construct	LOCAL	0	
68719478285	lib/validation.js	107	lib/validation.js::program:performBasicSafetyChecks	regex	DIRECT	94489280951	regex	LOCAL	0	
68719478286	lib/validation.js	107	lib/validation.js::program:performBasicSafetyChecks	regex	DIRECT	94489280951	regex	LOCAL	0	
68719478287	lib/validation.js	107	lib/validation.js::program:performBasicSafetyChecks	expression	DIRECT	111669149852	expression	METHOD_PARAMETER_IN	0	
68719478288	lib/validation.js	108	lib/validation.js::program:performBasicSafetyChecks	result	DIRECT	94489280946	result	LOCAL	0	
68719478289	lib/validation.js	109	lib/validation.js::program:performBasicSafetyChecks	_tmp_2	DIRECT	94489281094	_tmp_2	LOCAL	0	
68719478290	lib/validation.js	109	lib/validation.js::program:performBasicSafetyChecks	result	DIRECT	94489280946	result	LOCAL	0	
68719478291	lib/validation.js	109	lib/validation.js::program:performBasicSafetyChecks	_tmp_2	DIRECT	94489281094	_tmp_2	LOCAL	0	
68719478292	lib/validation.js	109	lib/validation.js::program:performBasicSafetyChecks	construct	DIRECT	94489281093	construct	LOCAL	0	
68719478293	lib/validation.js	112	lib/validation.js::program:performBasicSafetyChecks	_iterator_1	DIRECT	94489281092	_iterator_1	LOCAL	0	
68719478294	lib/validation.js	112	lib/validation.js::program:performBasicSafetyChecks	COMMENT_PATTERNS	CAPTURED	94489281002	COMMENT_PATTERNS	LOCAL	1	
68719478295	lib/validation.js	112	lib/validation.js::program:performBasicSafetyChecks	_result_1	DIRECT	94489281090	_result_1	LOCAL	0	
68719478296	lib/validation.js	112	lib/validation.js::program:performBasicSafetyChecks	pattern	DIRECT	94489281088	pattern	LOCAL	0	
68719478299	lib/validation.js	113	lib/validation.js::program:performBasicSafetyChecks	expression	DIRECT	111669149852	expression	METHOD_PARAMETER_IN	0	
68719478300	lib/validation.js	113	lib/validation.js::program:performBasicSafetyChecks	expression	DIRECT	111669149852	expression	METHOD_PARAMETER_IN	0	
68719478301	lib/validation.js	113	lib/validation.js::program:performBasicSafetyChecks	pattern	DIRECT	94489281088	pattern	LOCAL	0	
68719478302	lib/validation.js	114	lib/validation.js::program:performBasicSafetyChecks	result	DIRECT	94489280946	result	LOCAL	0	
68719478303	lib/validation.js	115	lib/validation.js::program:performBasicSafetyChecks	_tmp_3	DIRECT	94489281089	_tmp_3	LOCAL	0	
68719478304	lib/validation.js	115	lib/validation.js::program:performBasicSafetyChecks	result	DIRECT	94489280946	result	LOCAL	0	
68719478305	lib/validation.js	115	lib/validation.js::program:performBasicSafetyChecks	_tmp_3	DIRECT	94489281089	_tmp_3	LOCAL	0	
68719478306	lib/validation.js	115	lib/validation.js::program:performBasicSafetyChecks	pattern	DIRECT	94489281088	pattern	LOCAL	0	
68719478307	lib/validation.js	118	lib/validation.js::program:performBasicSafetyChecks	_tmp_4	DIRECT	94489281087	_tmp_4	LOCAL	0	
68719478308	lib/validation.js	118	lib/validation.js::program:performBasicSafetyChecks	_tmp_4	DIRECT	94489281087	_tmp_4	LOCAL	0	
68719478309	lib/validation.js	118	lib/validation.js::program:performBasicSafetyChecks	expression	DIRECT	111669149852	expression	METHOD_PARAMETER_IN	0	
68719478310	lib/validation.js	119	lib/validation.js::program:performBasicSafetyChecks	result	DIRECT	94489280946	result	LOCAL	0	
68719478311	lib/validation.js	120	lib/validation.js::program:performBasicSafetyChecks	_tmp_5	DIRECT	94489281086	_tmp_5	LOCAL	0	
68719478312	lib/validation.js	120	lib/validation.js::program:performBasicSafetyChecks	result	DIRECT	94489280946	result	LOCAL	0	
68719478313	lib/validation.js	120	lib/validation.js::program:performBasicSafetyChecks	_tmp_5	DIRECT	94489281086	_tmp_5	LOCAL	0	
68719478314	lib/validation.js	122	lib/validation.js::program:performBasicSafetyChecks	_tmp_6	DIRECT	94489281085	_tmp_6	LOCAL	0	
68719478315	lib/validation.js	122	lib/validation.js::program:performBasicSafetyChecks	_tmp_6	DIRECT	94489281085	_tmp_6	LOCAL	0	
68719478316	lib/validation.js	122	lib/validation.js::program:performBasicSafetyChecks	expression	DIRECT	111669149852	expression	METHOD_PARAMETER_IN	0	
68719478317	lib/validation.js	123	lib/validation.js::program:performBasicSafetyChecks	result	DIRECT	94489280946	result	LOCAL	0	
68719478318	lib/validation.js	124	lib/validation.js::program:performBasicSafetyChecks	_tmp_7	DIRECT	94489281084	_tmp_7	LOCAL	0	
68719478319	lib/validation.js	124	lib/validation.js::program:performBasicSafetyChecks	result	DIRECT	94489280946	result	LOCAL	0	
68719478320	lib/validation.js	124	lib/validation.js::program:performBasicSafetyChecks	_tmp_7	DIRECT	94489281084	_tmp_7	LOCAL	0	
68719478321	lib/validation.js	126	lib/validation.js::program:performBasicSafetyChecks	expression	DIRECT	111669149852	expression	METHOD_PARAMETER_IN	0	
68719478322	lib/validation.js	126	lib/validation.js::program:performBasicSafetyChecks	MAX_EXPRESSION_LENGTH	CAPTURED	94489280995	MAX_EXPRESSION_LENGTH	LOCAL	1	
68719478323	lib/validation.js	127	lib/validation.js::program:performBasicSafetyChecks	result	DIRECT	94489280946	result	LOCAL	0	
68719478324	lib/validation.js	128	lib/validation.js::program:performBasicSafetyChecks	_tmp_8	DIRECT	94489281083	_tmp_8	LOCAL	0	
68719478325	lib/validation.js	128	lib/validation.js::program:performBasicSafetyChecks	result	DIRECT	94489280946	result	LOCAL	0	
68719478326	lib/validation.js	128	lib/validation.js::program:performBasicSafetyChecks	_tmp_8	DIRECT	94489281083	_tmp_8	LOCAL	0	
68719478327	lib/validation.js	128	lib/validation.js::program:performBasicSafetyChecks	MAX_EXPRESSION_LENGTH	CAPTURED	94489280995	MAX_EXPRESSION_LENGTH	LOCAL	1	
68719478328	lib/validation.js	130	lib/validation.js::program:performBasicSafetyChecks	depth	DIRECT	94489280956	depth	LOCAL	0	
68719478329	lib/validation.js	131	lib/validation.js::program:performBasicSafetyChecks	maxDepth	AMBIGUOUS					MULTIPLE_LIVE_ASSIGNMENTS_TO_RESOLVED_LOCAL
68719478330	lib/validation.js	132	lib/validation.js::program:performBasicSafetyChecks	_iterator_2	DIRECT	94489281081	_iterator_2	LOCAL	0	
68719478331	lib/validation.js	132	lib/validation.js::program:performBasicSafetyChecks	expression	DIRECT	111669149852	expression	METHOD_PARAMETER_IN	0	
68719478332	lib/validation.js	132	lib/validation.js::program:performBasicSafetyChecks	_result_2	DIRECT	94489281080	_result_2	LOCAL	0	
68719478333	lib/validation.js	132	lib/validation.js::program:performBasicSafetyChecks	char	DIRECT	94489281078	char	LOCAL	0	
68719478336	lib/validation.js	133	lib/validation.js::program:performBasicSafetyChecks	char	DIRECT	94489281078	char	LOCAL	0	
68719478337	lib/validation.js	134	lib/validation.js::program:performBasicSafetyChecks	depth	DIRECT	94489280956	depth	LOCAL	0	
68719478338	lib/validation.js	135	lib/validation.js::program:performBasicSafetyChecks	maxDepth	AMBIGUOUS					MULTIPLE_LIVE_ASSIGNMENTS_TO_RESOLVED_LOCAL
68719478339	lib/validation.js	135	lib/validation.js::program:performBasicSafetyChecks	Math	DIRECT	94489281079	Math	LOCAL	0	
68719478340	lib/validation.js	135	lib/validation.js::program:performBasicSafetyChecks	Math	DIRECT	94489281079	Math	LOCAL	0	
68719478341	lib/validation.js	135	lib/validation.js::program:performBasicSafetyChecks	maxDepth	AMBIGUOUS					MULTIPLE_LIVE_ASSIGNMENTS_TO_RESOLVED_LOCAL
68719478342	lib/validation.js	135	lib/validation.js::program:performBasicSafetyChecks	depth	DIRECT	94489280956	depth	LOCAL	0	
68719478343	lib/validation.js	137	lib/validation.js::program:performBasicSafetyChecks	char	DIRECT	94489281078	char	LOCAL	0	
68719478344	lib/validation.js	138	lib/validation.js::program:performBasicSafetyChecks	depth	DIRECT	94489280956	depth	LOCAL	0	
68719478345	lib/validation.js	141	lib/validation.js::program:performBasicSafetyChecks	maxDepth	AMBIGUOUS					MULTIPLE_LIVE_ASSIGNMENTS_TO_RESOLVED_LOCAL
68719478346	lib/validation.js	142	lib/validation.js::program:performBasicSafetyChecks	result	DIRECT	94489280946	result	LOCAL	0	
68719478347	lib/validation.js	143	lib/validation.js::program:performBasicSafetyChecks	_tmp_9	DIRECT	94489281077	_tmp_9	LOCAL	0	
68719478348	lib/validation.js	143	lib/validation.js::program:performBasicSafetyChecks	result	DIRECT	94489280946	result	LOCAL	0	
68719478349	lib/validation.js	143	lib/validation.js::program:performBasicSafetyChecks	_tmp_9	DIRECT	94489281077	_tmp_9	LOCAL	0	
68719478350	lib/validation.js	145	lib/validation.js::program:performBasicSafetyChecks	result	DIRECT	94489280946	result	LOCAL	0	
68719478354	lib/validation.js	196	lib/validation.js::program:validateAstSafety:validateNode:<lambda>0	validateNode	CAPTURED	94489280962	validateNode	LOCAL	2	
68719478355	lib/validation.js	196	lib/validation.js::program:validateAstSafety:validateNode:<lambda>0	this	DIRECT	111669149853	this	METHOD_PARAMETER_IN	0	
68719478356	lib/validation.js	196	lib/validation.js::program:validateAstSafety:validateNode:<lambda>0	item	DIRECT	111669149854	item	METHOD_PARAMETER_IN	0	
68719478357	lib/validation.js	196	lib/validation.js::program:validateAstSafety:validateNode:<lambda>0	depth	CAPTURED	94489281060	depth	LOCAL	1	
68719478358	lib/validation.js	155	lib/validation.js::program:validateAstSafety:validateNode	depth	DIRECT	94489281060	depth	LOCAL	0	
68719478361	lib/validation.js	156	lib/validation.js::program:validateAstSafety:validateNode	node	DIRECT	111669149856	node	METHOD_PARAMETER_IN	0	
68719478362	lib/validation.js	156	lib/validation.js::program:validateAstSafety:validateNode	node	DIRECT	111669149856	node	METHOD_PARAMETER_IN	0	
68719478363	lib/validation.js	159	lib/validation.js::program:validateAstSafety:validateNode	nodeCount	CAPTURED	94489280971	nodeCount	LOCAL	1	
68719478364	lib/validation.js	160	lib/validation.js::program:validateAstSafety:validateNode	nodeCount	CAPTURED	94489280971	nodeCount	LOCAL	1	
68719478365	lib/validation.js	161	lib/validation.js::program:validateAstSafety:validateNode	result	CAPTURED	94489280968	result	LOCAL	1	
68719478366	lib/validation.js	162	lib/validation.js::program:validateAstSafety:validateNode	_tmp_10	DIRECT	94489281075	_tmp_10	LOCAL	0	
68719478367	lib/validation.js	162	lib/validation.js::program:validateAstSafety:validateNode	result	CAPTURED	94489280968	result	LOCAL	1	
68719478368	lib/validation.js	162	lib/validation.js::program:validateAstSafety:validateNode	_tmp_10	DIRECT	94489281075	_tmp_10	LOCAL	0	
68719478369	lib/validation.js	165	lib/validation.js::program:validateAstSafety:validateNode	depth	DIRECT	94489281060	depth	LOCAL	0	
68719478370	lib/validation.js	166	lib/validation.js::program:validateAstSafety:validateNode	result	CAPTURED	94489280968	result	LOCAL	1	
68719478371	lib/validation.js	167	lib/validation.js::program:validateAstSafety:validateNode	_tmp_11	DIRECT	94489281074	_tmp_11	LOCAL	0	
68719478372	lib/validation.js	167	lib/validation.js::program:validateAstSafety:validateNode	result	CAPTURED	94489280968	result	LOCAL	1	
68719478373	lib/validation.js	167	lib/validation.js::program:validateAstSafety:validateNode	_tmp_11	DIRECT	94489281074	_tmp_11	LOCAL	0	
68719478374	lib/validation.js	170	lib/validation.js::program:validateAstSafety:validateNode	node	DIRECT	111669149856	node	METHOD_PARAMETER_IN	0	
68719478375	lib/validation.js	171	lib/validation.js::program:validateAstSafety:validateNode	_tmp_12	DIRECT	94489281073	_tmp_12	LOCAL	0	
68719478376	lib/validation.js	171	lib/validation.js::program:validateAstSafety:validateNode	node	DIRECT	111669149856	node	METHOD_PARAMETER_IN	0	
68719478377	lib/validation.js	171	lib/validation.js::program:validateAstSafety:validateNode	_tmp_12	DIRECT	94489281073	_tmp_12	LOCAL	0	
68719478378	lib/validation.js	179	lib/validation.js::program:validateAstSafety:validateNode	result	CAPTURED	94489280968	result	LOCAL	1	
68719478379	lib/validation.js	180	lib/validation.js::program:validateAstSafety:validateNode	_tmp_13	DIRECT	94489281072	_tmp_13	LOCAL	0	
68719478380	lib/validation.js	180	lib/validation.js::program:validateAstSafety:validateNode	result	CAPTURED	94489280968	result	LOCAL	1	
68719478381	lib/validation.js	180	lib/validation.js::program:validateAstSafety:validateNode	_tmp_13	DIRECT	94489281072	_tmp_13	LOCAL	0	
68719478382	lib/validation.js	180	lib/validation.js::program:validateAstSafety:validateNode	node	DIRECT	111669149856	node	METHOD_PARAMETER_IN	0	
68719478383	lib/validation.js	184	lib/validation.js::program:validateAstSafety:validateNode	node	DIRECT	111669149856	node	METHOD_PARAMETER_IN	0	
68719478384	lib/validation.js	184	lib/validation.js::program:validateAstSafety:validateNode	node	DIRECT	111669149856	node	METHOD_PARAMETER_IN	0	
68719478385	lib/validation.js	185	lib/validation.js::program:validateAstSafety:validateNode	funcName	DIRECT	94489280963	funcName	LOCAL	0	
68719478386	lib/validation.js	185	lib/validation.js::program:validateAstSafety:validateNode	_tmp_14	DIRECT	94489281071	_tmp_14	LOCAL	0	
68719478387	lib/validation.js	185	lib/validation.js::program:validateAstSafety:validateNode	node	DIRECT	111669149856	node	METHOD_PARAMETER_IN	0	
68719478388	lib/validation.js	185	lib/validation.js::program:validateAstSafety:validateNode	_tmp_14	DIRECT	94489281071	_tmp_14	LOCAL	0	
68719478389	lib/validation.js	186	lib/validation.js::program:validateAstSafety:validateNode	safeFunctions	CAPTURED	94489280970	safeFunctions	LOCAL	1	
68719478390	lib/validation.js	186	lib/validation.js::program:validateAstSafety:validateNode	safeFunctions	CAPTURED	94489280970	safeFunctions	LOCAL	1	
68719478391	lib/validation.js	186	lib/validation.js::program:validateAstSafety:validateNode	funcName	DIRECT	94489280963	funcName	LOCAL	0	
68719478392	lib/validation.js	187	lib/validation.js::program:validateAstSafety:validateNode	result	CAPTURED	94489280968	result	LOCAL	1	
68719478393	lib/validation.js	188	lib/validation.js::program:validateAstSafety:validateNode	_tmp_15	DIRECT	94489281069	_tmp_15	LOCAL	0	
68719478394	lib/validation.js	188	lib/validation.js::program:validateAstSafety:validateNode	result	CAPTURED	94489280968	result	LOCAL	1	
68719478395	lib/validation.js	188	lib/validation.js::program:validateAstSafety:validateNode	_tmp_15	DIRECT	94489281069	_tmp_15	LOCAL	0	
68719478396	lib/validation.js	188	lib/validation.js::program:validateAstSafety:validateNode	funcName	DIRECT	94489280963	funcName	LOCAL	0	
68719478397	lib/validation.js	188	lib/validation.js::program:validateAstSafety:validateNode	safeFunctions	CAPTURED	94489280970	safeFunctions	LOCAL	1	
68719478398	lib/validation.js	188	lib/validation.js::program:validateAstSafety:validateNode	safeFunctions	CAPTURED	94489280970	safeFunctions	LOCAL	1	
68719478399	lib/validation.js	192	lib/validation.js::program:validateAstSafety:validateNode	_iterator_3	DIRECT	94489281067	_iterator_3	LOCAL	0	
68719478400	lib/validation.js	192	lib/validation.js::program:validateAstSafety:validateNode	node	DIRECT	111669149856	node	METHOD_PARAMETER_IN	0	
68719478401	lib/validation.js	192	lib/validation.js::program:validateAstSafety:validateNode	_result_3	DIRECT	94489281066	_result_3	LOCAL	0	
68719478402	lib/validation.js	192	lib/validation.js::program:validateAstSafety:validateNode	key	DIRECT	94489281065	key	LOCAL	0	
68719478405	lib/validation.js	193	lib/validation.js::program:validateAstSafety:validateNode	key	DIRECT	94489281065	key	LOCAL	0	
68719478406	lib/validation.js	193	lib/validation.js::program:validateAstSafety:validateNode	key	DIRECT	94489281065	key	LOCAL	0	
68719478407	lib/validation.js	194	lib/validation.js::program:validateAstSafety:validateNode	value	DIRECT	94489280967	value	LOCAL	0	
68719478408	lib/validation.js	194	lib/validation.js::program:validateAstSafety:validateNode	node	DIRECT	111669149856	node	METHOD_PARAMETER_IN	0	
68719478409	lib/validation.js	194	lib/validation.js::program:validateAstSafety:validateNode	key	DIRECT	94489281065	key	LOCAL	0	
68719478410	lib/validation.js	195	lib/validation.js::program:validateAstSafety:validateNode	Array	CAPTURED	94489281058	Array	LOCAL	1	
68719478411	lib/validation.js	195	lib/validation.js::program:validateAstSafety:validateNode	Array	CAPTURED	94489281058	Array	LOCAL	1	
68719478412	lib/validation.js	195	lib/validation.js::program:validateAstSafety:validateNode	value	DIRECT	94489280967	value	LOCAL	0	
68719478413	lib/validation.js	196	lib/validation.js::program:validateAstSafety:validateNode	value	DIRECT	94489280967	value	LOCAL	0	
68719478414	lib/validation.js	196	lib/validation.js::program:validateAstSafety:validateNode	value	DIRECT	94489280967	value	LOCAL	0	
68719478415	lib/validation.js	198	lib/validation.js::program:validateAstSafety:validateNode	value	DIRECT	94489280967	value	LOCAL	0	
68719478416	lib/validation.js	199	lib/validation.js::program:validateAstSafety:validateNode	validateNode	CAPTURED	94489280962	validateNode	LOCAL	1	
68719478417	lib/validation.js	199	lib/validation.js::program:validateAstSafety:validateNode	this	DIRECT	111669149855	this	METHOD_PARAMETER_IN	0	
68719478418	lib/validation.js	199	lib/validation.js::program:validateAstSafety:validateNode	value	DIRECT	94489280967	value	LOCAL	0	
68719478419	lib/validation.js	199	lib/validation.js::program:validateAstSafety:validateNode	depth	DIRECT	94489281060	depth	LOCAL	0	
68719478420	lib/validation.js	155	lib/validation.js::program:validateAstSafety	validateNode	DIRECT	94489280962	validateNode	LOCAL	0	
68719478421	lib/validation.js	148	lib/validation.js::program:validateAstSafety	result	DIRECT	94489280968	result	LOCAL	0	
68719478426	lib/validation.js	153	lib/validation.js::program:validateAstSafety	safeFunctions	DIRECT	94489280970	safeFunctions	LOCAL	0	
68719478427	lib/validation.js	153	lib/validation.js::program:validateAstSafety	SAFE_FUNCTIONS	CAPTURED	94489280996	SAFE_FUNCTIONS	LOCAL	1	
68719478428	lib/validation.js	153	lib/validation.js::program:validateAstSafety	dialect	DIRECT	111669149860	dialect	METHOD_PARAMETER_IN	0	
68719478429	lib/validation.js	154	lib/validation.js::program:validateAstSafety	nodeCount	DIRECT	94489280971	nodeCount	LOCAL	0	
68719478430	lib/validation.js	204	lib/validation.js::program:validateAstSafety	ast	DIRECT	111669149859	ast	METHOD_PARAMETER_IN	0	
68719478431	lib/validation.js	204	lib/validation.js::program:validateAstSafety	Array	DIRECT	94489281058	Array	LOCAL	0	
68719478432	lib/validation.js	204	lib/validation.js::program:validateAstSafety	Array	DIRECT	94489281058	Array	LOCAL	0	
68719478433	lib/validation.js	204	lib/validation.js::program:validateAstSafety	ast	DIRECT	111669149859	ast	METHOD_PARAMETER_IN	0	
68719478434	lib/validation.js	205	lib/validation.js::program:validateAstSafety	selectStmt	DIRECT	94489280972	selectStmt	LOCAL	0	
68719478435	lib/validation.js	205	lib/validation.js::program:validateAstSafety	ast	DIRECT	111669149859	ast	METHOD_PARAMETER_IN	0	
68719478436	lib/validation.js	206	lib/validation.js::program:validateAstSafety	selectStmt	DIRECT	94489280972	selectStmt	LOCAL	0	
68719478437	lib/validation.js	206	lib/validation.js::program:validateAstSafety	selectStmt	DIRECT	94489280972	selectStmt	LOCAL	0	
68719478438	lib/validation.js	207	lib/validation.js::program:validateAstSafety	validateNode	DIRECT	94489280962	validateNode	LOCAL	0	
68719478439	lib/validation.js	207	lib/validation.js::program:validateAstSafety	this	DIRECT	111669149858	this	METHOD_PARAMETER_IN	0	
68719478440	lib/validation.js	207	lib/validation.js::program:validateAstSafety	selectStmt	DIRECT	94489280972	selectStmt	LOCAL	0	
68719478441	lib/validation.js	210	lib/validation.js::program:validateAstSafety	result	DIRECT	94489280968	result	LOCAL	0	
68719478445	lib/validation.js	213	lib/validation.js::program:validateColumnReferences	result	DIRECT	94489280974	result	LOCAL	0	
68719478450	lib/validation.js	218	lib/validation.js::program:validateColumnReferences	availableColumns	DIRECT	94489280976	availableColumns	LOCAL	0	
68719478451	lib/validation.js	218	lib/validation.js::program:validateColumnReferences	_tmp_18	DIRECT	94489281057	_tmp_18	LOCAL	0	
68719478452	lib/validation.js	218	lib/validation.js::program:validateColumnReferences	Set	DIRECT	94489281054	Set	LOCAL	0	
68719478454	lib/validation.js	218	lib/validation.js::program:validateColumnReferences	_tmp_19	DIRECT	94489281056	_tmp_19	LOCAL	0	
68719478457	lib/validation.js	219	lib/validation.js::program:validateColumnReferences	model	DIRECT	111669149863	model	METHOD_PARAMETER_IN	0	
68719478460	lib/validation.js	220	lib/validation.js::program:validateColumnReferences	model	DIRECT	111669149863	model	METHOD_PARAMETER_IN	0	
68719478463	lib/validation.js	222	lib/validation.js::program:validateColumnReferences	reference_fields	DIRECT	94489280979	reference_fields	LOCAL	0	
68719478464	lib/validation.js	222	lib/validation.js::program:validateColumnReferences	_tmp_20	DIRECT	94489281055	_tmp_20	LOCAL	0	
68719478465	lib/validation.js	222	lib/validation.js::program:validateColumnReferences	Set	DIRECT	94489281054	Set	LOCAL	0	
68719478468	lib/validation.js	223	lib/validation.js::program:validateColumnReferences	ast	DIRECT	111669149862	ast	METHOD_PARAMETER_IN	0	
68719478469	lib/validation.js	223	lib/validation.js::program:validateColumnReferences	ast	DIRECT	111669149862	ast	METHOD_PARAMETER_IN	0	
68719478470	lib/validation.js	224	lib/validation.js::program:validateColumnReferences	selectStmt	DIRECT	94489280981	selectStmt	LOCAL	0	
68719478471	lib/validation.js	224	lib/validation.js::program:validateColumnReferences	Array	DIRECT	94489281050	Array	LOCAL	0	
68719478472	lib/validation.js	224	lib/validation.js::program:validateColumnReferences	Array	DIRECT	94489281050	Array	LOCAL	0	
68719478473	lib/validation.js	224	lib/validation.js::program:validateColumnReferences	ast	DIRECT	111669149862	ast	METHOD_PARAMETER_IN	0	
68719478474	lib/validation.js	224	lib/validation.js::program:validateColumnReferences	ast	DIRECT	111669149862	ast	METHOD_PARAMETER_IN	0	
68719478475	lib/validation.js	224	lib/validation.js::program:validateColumnReferences	ast	DIRECT	111669149862	ast	METHOD_PARAMETER_IN	0	
68719478476	lib/validation.js	225	lib/validation.js::program:validateColumnReferences	selectStmt	DIRECT	94489280981	selectStmt	LOCAL	0	
68719478477	lib/validation.js	225	lib/validation.js::program:validateColumnReferences	selectStmt	DIRECT	94489280981	selectStmt	LOCAL	0	
68719478478	lib/validation.js	226	lib/validation.js::program:validateColumnReferences	extractFieldReferencesFromNode	CAPTURED	94489280944	extractFieldReferencesFromNode	LOCAL	1	
68719478479	lib/validation.js	226	lib/validation.js::program:validateColumnReferences	this	DIRECT	111669149861	this	METHOD_PARAMETER_IN	0	
68719478480	lib/validation.js	226	lib/validation.js::program:validateColumnReferences	selectStmt	DIRECT	94489280981	selectStmt	LOCAL	0	
68719478481	lib/validation.js	226	lib/validation.js::program:validateColumnReferences	reference_fields	DIRECT	94489280979	reference_fields	LOCAL	0	
68719478482	lib/validation.js	228	lib/validation.js::program:validateColumnReferences	_iterator_4	DIRECT	94489281052	_iterator_4	LOCAL	0	
68719478483	lib/validation.js	228	lib/validation.js::program:validateColumnReferences	reference_fields	DIRECT	94489280979	reference_fields	LOCAL	0	
68719478484	lib/validation.js	228	lib/validation.js::program:validateColumnReferences	_result_4	DIRECT	94489281051	_result_4	LOCAL	0	
68719478485	lib/validation.js	228	lib/validation.js::program:validateColumnReferences	key	DIRECT	94489281046	key	LOCAL	0	
68719478488	lib/validation.js	229	lib/validation.js::program:validateColumnReferences	availableColumns	DIRECT	94489280976	availableColumns	LOCAL	0	
68719478489	lib/validation.js	229	lib/validation.js::program:validateColumnReferences	availableColumns	DIRECT	94489280976	availableColumns	LOCAL	0	
68719478490	lib/validation.js	229	lib/validation.js::program:validateColumnReferences	key	DIRECT	94489281046	key	LOCAL	0	
68719478491	lib/validation.js	230	lib/validation.js::program:validateColumnReferences	result	DIRECT	94489280974	result	LOCAL	0	
68719478492	lib/validation.js	231	lib/validation.js::program:validateColumnReferences	available	DIRECT	94489280985	available	LOCAL	0	
68719478493	lib/validation.js	231	lib/validation.js::program:validateColumnReferences	_tmp_21	DIRECT	94489281048	_tmp_21	LOCAL	0	
68719478494	lib/validation.js	231	lib/validation.js::program:validateColumnReferences	_tmp_22	DIRECT	94489281049	_tmp_22	LOCAL	0	
68719478495	lib/validation.js	231	lib/validation.js::program:validateColumnReferences	Array	DIRECT	94489281050	Array	LOCAL	0	
68719478496	lib/validation.js	231	lib/validation.js::program:validateColumnReferences	Array	DIRECT	94489281050	Array	LOCAL	0	
68719478497	lib/validation.js	231	lib/validation.js::program:validateColumnReferences	availableColumns	DIRECT	94489280976	availableColumns	LOCAL	0	
68719478498	lib/validation.js	231	lib/validation.js::program:validateColumnReferences	_tmp_22	DIRECT	94489281049	_tmp_22	LOCAL	0	
68719478499	lib/validation.js	231	lib/validation.js::program:validateColumnReferences	_tmp_21	DIRECT	94489281048	_tmp_21	LOCAL	0	
68719478500	lib/validation.js	232	lib/validation.js::program:validateColumnReferences	totalCount	DIRECT	94489280986	totalCount	LOCAL	0	
68719478501	lib/validation.js	232	lib/validation.js::program:validateColumnReferences	availableColumns	DIRECT	94489280976	availableColumns	LOCAL	0	
68719478502	lib/validation.js	233	lib/validation.js::program:validateColumnReferences	availableText	DIRECT	94489280987	availableText	LOCAL	0	
68719478503	lib/validation.js	233	lib/validation.js::program:validateColumnReferences	totalCount	DIRECT	94489280986	totalCount	LOCAL	0	
68719478504	lib/validation.js	233	lib/validation.js::program:validateColumnReferences	available	DIRECT	94489280985	available	LOCAL	0	
68719478505	lib/validation.js	233	lib/validation.js::program:validateColumnReferences	totalCount	DIRECT	94489280986	totalCount	LOCAL	0	
68719478506	lib/validation.js	233	lib/validation.js::program:validateColumnReferences	available	DIRECT	94489280985	available	LOCAL	0	
68719478507	lib/validation.js	234	lib/validation.js::program:validateColumnReferences	_tmp_23	DIRECT	94489281047	_tmp_23	LOCAL	0	
68719478508	lib/validation.js	234	lib/validation.js::program:validateColumnReferences	result	DIRECT	94489280974	result	LOCAL	0	
68719478509	lib/validation.js	234	lib/validation.js::program:validateColumnReferences	_tmp_23	DIRECT	94489281047	_tmp_23	LOCAL	0	
68719478510	lib/validation.js	234	lib/validation.js::program:validateColumnReferences	key	DIRECT	94489281046	key	LOCAL	0	
68719478511	lib/validation.js	234	lib/validation.js::program:validateColumnReferences	availableText	DIRECT	94489280987	availableText	LOCAL	0	
68719478512	lib/validation.js	236	lib/validation.js::program:validateColumnReferences	result	DIRECT	94489280974	result	LOCAL	0	
68719478514	lib/validation.js	8	lib/validation.js::program:SqlValidationError:<init>	this	DIRECT	111669149864	this	METHOD_PARAMETER_IN	0	
68719478515	lib/validation.js	8	lib/validation.js::program:SqlValidationError:<init>	message	DIRECT	111669149865	message	METHOD_PARAMETER_IN	0	
68719478516	lib/validation.js	9	lib/validation.js::program:SqlValidationError:<init>	this	DIRECT	111669149864	this	METHOD_PARAMETER_IN	0	
68719478517	lib/validation.js	9	lib/validation.js::program:SqlValidationError:<init>	violations	DIRECT	111669149866	violations	METHOD_PARAMETER_IN	0	
68719478518	lib/validation.js	10	lib/validation.js::program:SqlValidationError:<init>	this	DIRECT	111669149864	this	METHOD_PARAMETER_IN	0	
68719478519	lib/validation.js	10	lib/validation.js::program:SqlValidationError:<init>	suggestions	DIRECT	111669149867	suggestions	METHOD_PARAMETER_IN	0	
68719478520	lib/validation.js	11	lib/validation.js::program:SqlValidationError:<init>	this	DIRECT	111669149864	this	METHOD_PARAMETER_IN	0	
68719478521	lib/validation.js	43	lib/validation.js::program:validateSqlExpression	result	DIRECT	94489281005	result	LOCAL	0	
68719478526	lib/validation.js	48	lib/validation.js::program:validateSqlExpression	expression	DIRECT	111669149872	expression	METHOD_PARAMETER_IN	0	
68719478527	lib/validation.js	48	lib/validation.js::program:validateSqlExpression	expression	DIRECT	111669149872	expression	METHOD_PARAMETER_IN	0	
68719478528	lib/validation.js	48	lib/validation.js::program:validateSqlExpression	expression	DIRECT	111669149872	expression	METHOD_PARAMETER_IN	0	
68719478529	lib/validation.js	49	lib/validation.js::program:validateSqlExpression	result	DIRECT	94489281005	result	LOCAL	0	
68719478530	lib/validation.js	51	lib/validation.js::program:validateSqlExpression	basicValidation	DIRECT	94489281007	basicValidation	LOCAL	0	
68719478531	lib/validation.js	51	lib/validation.js::program:validateSqlExpression	performBasicSafetyChecks	CAPTURED	94489280945	performBasicSafetyChecks	LOCAL	1	
68719478532	lib/validation.js	51	lib/validation.js::program:validateSqlExpression	this	DIRECT	111669149871	this	METHOD_PARAMETER_IN	0	
68719478533	lib/validation.js	51	lib/validation.js::program:validateSqlExpression	expression	DIRECT	111669149872	expression	METHOD_PARAMETER_IN	0	
68719478534	lib/validation.js	52	lib/validation.js::program:validateSqlExpression	basicValidation	DIRECT	94489281007	basicValidation	LOCAL	0	
68719478535	lib/validation.js	53	lib/validation.js::program:validateSqlExpression	basicValidation	DIRECT	94489281007	basicValidation	LOCAL	0	
68719478536	lib/validation.js	54	lib/validation.js::program:validateSqlExpression	parser	DIRECT	94489281008	parser	LOCAL	0	
68719478537	lib/validation.js	54	lib/validation.js::program:validateSqlExpression	_tmp_31	DIRECT	94489281040	_tmp_31	LOCAL	0	
68719478538	lib/validation.js	54	lib/validation.js::program:validateSqlExpression	Parser	CAPTURED	94489280990	Parser	LOCAL	1	
68719478541	lib/validation.js	57	lib/validation.js::program:validateSqlExpression	wrappedSql	DIRECT	94489281011	wrappedSql	LOCAL	0	
68719478542	lib/validation.js	57	lib/validation.js::program:validateSqlExpression	expression	DIRECT	111669149872	expression	METHOD_PARAMETER_IN	0	
68719478543	lib/validation.js	58	lib/validation.js::program:validateSqlExpression	ast	DIRECT	94489281010	ast	LOCAL	0	
68719478544	lib/validation.js	58	lib/validation.js::program:validateSqlExpression	parser	DIRECT	94489281008	parser	LOCAL	0	
68719478545	lib/validation.js	58	lib/validation.js::program:validateSqlExpression	parser	DIRECT	94489281008	parser	LOCAL	0	
68719478546	lib/validation.js	58	lib/validation.js::program:validateSqlExpression	wrappedSql	DIRECT	94489281011	wrappedSql	LOCAL	0	
68719478548	lib/validation.js	58	lib/validation.js::program:validateSqlExpression	model	DIRECT	111669149873	model	METHOD_PARAMETER_IN	0	
68719478550	lib/validation.js	60	lib/validation.js::program:validateSqlExpression	parseError	DIRECT	94489281037	parseError	LOCAL	0	
68719478551	lib/validation.js	61	lib/validation.js::program:validateSqlExpression	result	DIRECT	94489281005	result	LOCAL	0	
68719478552	lib/validation.js	62	lib/validation.js::program:validateSqlExpression	_tmp_33	DIRECT	94489281038	_tmp_33	LOCAL	0	
68719478553	lib/validation.js	62	lib/validation.js::program:validateSqlExpression	result	DIRECT	94489281005	result	LOCAL	0	
68719478554	lib/validation.js	62	lib/validation.js::program:validateSqlExpression	_tmp_33	DIRECT	94489281038	_tmp_33	LOCAL	0	
68719478555	lib/validation.js	62	lib/validation.js::program:validateSqlExpression	parseError	DIRECT	94489281037	parseError	LOCAL	0	
68719478556	lib/validation.js	63	lib/validation.js::program:validateSqlExpression	result	DIRECT	94489281005	result	LOCAL	0	
68719478557	lib/validation.js	65	lib/validation.js::program:validateSqlExpression	astValidation	DIRECT	94489281013	astValidation	LOCAL	0	
68719478558	lib/validation.js	65	lib/validation.js::program:validateSqlExpression	validateAstSafety	CAPTURED	94489280961	validateAstSafety	LOCAL	1	
68719478559	lib/validation.js	65	lib/validation.js::program:validateSqlExpression	this	DIRECT	111669149871	this	METHOD_PARAMETER_IN	0	
68719478560	lib/validation.js	65	lib/validation.js::program:validateSqlExpression	ast	DIRECT	94489281010	ast	LOCAL	0	
68719478561	lib/validation.js	65	lib/validation.js::program:validateSqlExpression	model	DIRECT	111669149873	model	METHOD_PARAMETER_IN	0	
68719478562	lib/validation.js	66	lib/validation.js::program:validateSqlExpression	astValidation	DIRECT	94489281013	astValidation	LOCAL	0	
68719478563	lib/validation.js	67	lib/validation.js::program:validateSqlExpression	astValidation	DIRECT	94489281013	astValidation	LOCAL	0	
68719478564	lib/validation.js	68	lib/validation.js::program:validateSqlExpression	columnValidation	DIRECT	94489281014	columnValidation	LOCAL	0	
68719478565	lib/validation.js	68	lib/validation.js::program:validateSqlExpression	validateColumnReferences	CAPTURED	94489280973	validateColumnReferences	LOCAL	1	
68719478566	lib/validation.js	68	lib/validation.js::program:validateSqlExpression	this	DIRECT	111669149871	this	METHOD_PARAMETER_IN	0	
68719478567	lib/validation.js	68	lib/validation.js::program:validateSqlExpression	ast	DIRECT	94489281010	ast	LOCAL	0	
68719478568	lib/validation.js	68	lib/validation.js::program:validateSqlExpression	model	DIRECT	111669149873	model	METHOD_PARAMETER_IN	0	
68719478569	lib/validation.js	69	lib/validation.js::program:validateSqlExpression	columnValidation	DIRECT	94489281014	columnValidation	LOCAL	0	
68719478570	lib/validation.js	70	lib/validation.js::program:validateSqlExpression	columnValidation	DIRECT	94489281014	columnValidation	LOCAL	0	
68719478571	lib/validation.js	72	lib/validation.js::program:validateSqlExpression	error	DIRECT	94489281033	error	LOCAL	0	
68719478572	lib/validation.js	73	lib/validation.js::program:validateSqlExpression	result	DIRECT	94489281005	result	LOCAL	0	
68719478573	lib/validation.js	74	lib/validation.js::program:validateSqlExpression	_tmp_34	DIRECT	94489281034	_tmp_34	LOCAL	0	
68719478574	lib/validation.js	74	lib/validation.js::program:validateSqlExpression	result	DIRECT	94489281005	result	LOCAL	0	
68719478575	lib/validation.js	74	lib/validation.js::program:validateSqlExpression	_tmp_34	DIRECT	94489281034	_tmp_34	LOCAL	0	
68719478576	lib/validation.js	74	lib/validation.js::program:validateSqlExpression	error	DIRECT	94489281033	error	LOCAL	0	
68719478577	lib/validation.js	76	lib/validation.js::program:validateSqlExpression	result	DIRECT	94489281005	result	LOCAL	0	
68719478578	lib/validation.js	79	lib/validation.js::program:validateWhereClause	validateSqlExpression	CAPTURED	94489281004	validateSqlExpression	LOCAL	1	
68719478579	lib/validation.js	79	lib/validation.js::program:validateWhereClause	this	DIRECT	111669149874	this	METHOD_PARAMETER_IN	0	
68719478580	lib/validation.js	79	lib/validation.js::program:validateWhereClause	where	DIRECT	111669149875	where	METHOD_PARAMETER_IN	0	
68719478581	lib/validation.js	79	lib/validation.js::program:validateWhereClause	model	DIRECT	111669149876	model	METHOD_PARAMETER_IN	0	
68719478582	lib/validation.js	82	lib/validation.js::program:validateHavingClause	validateSqlExpression	CAPTURED	94489281004	validateSqlExpression	LOCAL	1	
68719478583	lib/validation.js	82	lib/validation.js::program:validateHavingClause	this	DIRECT	111669149877	this	METHOD_PARAMETER_IN	0	
68719478584	lib/validation.js	82	lib/validation.js::program:validateHavingClause	having	DIRECT	111669149878	having	METHOD_PARAMETER_IN	0	
68719478585	lib/validation.js	82	lib/validation.js::program:validateHavingClause	model	DIRECT	111669149879	model	METHOD_PARAMETER_IN	0	
68719478586	lib/validation.js	85	lib/validation.js::program:validateDateInput	date	DIRECT	111669149881	date	METHOD_PARAMETER_IN	0	
68719478587	lib/validation.js	85	lib/validation.js::program:validateDateInput	date	DIRECT	111669149881	date	METHOD_PARAMETER_IN	0	
68719478588	lib/validation.js	85	lib/validation.js::program:validateDateInput	date	DIRECT	111669149881	date	METHOD_PARAMETER_IN	0	
68719478589	lib/validation.js	88	lib/validation.js::program:validateDateInput	dateRegex	DIRECT	94489281018	dateRegex	LOCAL	0	
68719478590	lib/validation.js	89	lib/validation.js::program:validateDateInput	dateRegex	DIRECT	94489281018	dateRegex	LOCAL	0	
68719478591	lib/validation.js	89	lib/validation.js::program:validateDateInput	dateRegex	DIRECT	94489281018	dateRegex	LOCAL	0	
68719478592	lib/validation.js	89	lib/validation.js::program:validateDateInput	date	DIRECT	111669149881	date	METHOD_PARAMETER_IN	0	
68719478593	lib/validation.js	92	lib/validation.js::program:validateDateInput	datePart	DIRECT	94489281019	datePart	LOCAL	0	
68719478594	lib/validation.js	92	lib/validation.js::program:validateDateInput	date	DIRECT	111669149881	date	METHOD_PARAMETER_IN	0	
68719478595	lib/validation.js	92	lib/validation.js::program:validateDateInput	date	DIRECT	111669149881	date	METHOD_PARAMETER_IN	0	
68719478596	lib/validation.js	93	lib/validation.js::program:validateDateInput	parsedDate	DIRECT	94489281020	parsedDate	LOCAL	0	
68719478597	lib/validation.js	93	lib/validation.js::program:validateDateInput	_tmp_35	DIRECT	94489281030	_tmp_35	LOCAL	0	
68719478598	lib/validation.js	93	lib/validation.js::program:validateDateInput	Date	DIRECT	94489281029	Date	LOCAL	0	
68719478600	lib/validation.js	93	lib/validation.js::program:validateDateInput	datePart	DIRECT	94489281019	datePart	LOCAL	0	
68719478602	lib/validation.js	94	lib/validation.js::program:validateDateInput	_tmp_37	DIRECT	94489281023	_tmp_37	LOCAL	0	
68719478603	lib/validation.js	94	lib/validation.js::program:validateDateInput	_tmp_36	DIRECT	94489281028	_tmp_36	LOCAL	0	
68719478604	lib/validation.js	94	lib/validation.js::program:validateDateInput	datePart	DIRECT	94489281019	datePart	LOCAL	0	
68719478605	lib/validation.js	94	lib/validation.js::program:validateDateInput	datePart	DIRECT	94489281019	datePart	LOCAL	0	
68719478606	lib/validation.js	94	lib/validation.js::program:validateDateInput	_tmp_36	DIRECT	94489281028	_tmp_36	LOCAL	0	
68719478607	lib/validation.js	94	lib/validation.js::program:validateDateInput	Number	DIRECT	94489281027	Number	LOCAL	0	
68719478608	lib/validation.js	94	lib/validation.js::program:validateDateInput	year	DIRECT	94489281024	year	LOCAL	0	
68719478610	lib/validation.js	94	lib/validation.js::program:validateDateInput	month	DIRECT	94489281025	month	LOCAL	0	
68719478612	lib/validation.js	94	lib/validation.js::program:validateDateInput	day	DIRECT	94489281026	day	LOCAL	0	
68719478615	lib/validation.js	95	lib/validation.js::program:validateDateInput	parsedDate	DIRECT	94489281020	parsedDate	LOCAL	0	
68719478616	lib/validation.js	95	lib/validation.js::program:validateDateInput	parsedDate	DIRECT	94489281020	parsedDate	LOCAL	0	
68719478617	lib/validation.js	95	lib/validation.js::program:validateDateInput	year	DIRECT	94489281024	year	LOCAL	0	
68719478618	lib/validation.js	96	lib/validation.js::program:validateDateInput	parsedDate	DIRECT	94489281020	parsedDate	LOCAL	0	
68719478619	lib/validation.js	96	lib/validation.js::program:validateDateInput	parsedDate	DIRECT	94489281020	parsedDate	LOCAL	0	
68719478620	lib/validation.js	96	lib/validation.js::program:validateDateInput	month	DIRECT	94489281025	month	LOCAL	0	
68719478621	lib/validation.js	97	lib/validation.js::program:validateDateInput	parsedDate	DIRECT	94489281020	parsedDate	LOCAL	0	
68719478622	lib/validation.js	97	lib/validation.js::program:validateDateInput	parsedDate	DIRECT	94489281020	parsedDate	LOCAL	0	
68719478623	lib/validation.js	97	lib/validation.js::program:validateDateInput	day	DIRECT	94489281026	day	LOCAL	0	
68719478624	lib/validation.js	1	lib/validation.js::program	pkg	DIRECT	94489280943	pkg	LOCAL	0	
68719478626	lib/validation.js	1	lib/validation.js::program	this	DIRECT	111669149882	this	METHOD_PARAMETER_IN	0	
68719478627	lib/validation.js	3	lib/validation.js::program	extractFieldReferencesFromNode	DIRECT	94489280944	extractFieldReferencesFromNode	LOCAL	0	
68719478629	lib/validation.js	3	lib/validation.js::program	this	DIRECT	111669149882	this	METHOD_PARAMETER_IN	0	
68719478630	lib/validation.js	99	lib/validation.js::program	performBasicSafetyChecks	DIRECT	94489280945	performBasicSafetyChecks	LOCAL	0	
68719478631	lib/validation.js	147	lib/validation.js::program	validateAstSafety	DIRECT	94489280961	validateAstSafety	LOCAL	0	
68719478632	lib/validation.js	212	lib/validation.js::program	validateColumnReferences	DIRECT	94489280973	validateColumnReferences	LOCAL	0	
68719478633	lib/validation.js	2	lib/validation.js::program	_tmp_24	DIRECT	94489280989	_tmp_24	LOCAL	0	
68719478634	lib/validation.js	2	lib/validation.js::program	pkg	DIRECT	94489280943	pkg	LOCAL	0	
68719478635	lib/validation.js	2	lib/validation.js::program	Parser	DIRECT	94489280990	Parser	LOCAL	0	
68719478638	lib/validation.js	4	lib/validation.js::program	SqlValidationError	DIRECT	94489280991	SqlValidationError	LOCAL	0	
68719478640	lib/validation.js	4	lib/validation.js::program	SqlValidationError	DIRECT	94489280991	SqlValidationError	LOCAL	0	
68719478641	lib/validation.js	14	lib/validation.js::program	UnsafeConstructError	DIRECT	94489280992	UnsafeConstructError	LOCAL	0	
68719478643	lib/validation.js	14	lib/validation.js::program	UnsafeConstructError	DIRECT	94489280992	UnsafeConstructError	LOCAL	0	
68719478644	lib/validation.js	16	lib/validation.js::program	UnknownColumnError	DIRECT	94489280993	UnknownColumnError	LOCAL	0	
68719478646	lib/validation.js	16	lib/validation.js::program	UnknownColumnError	DIRECT	94489280993	UnknownColumnError	LOCAL	0	
68719478647	lib/validation.js	18	lib/validation.js::program	ComplexityLimitError	DIRECT	94489280994	ComplexityLimitError	LOCAL	0	
68719478649	lib/validation.js	18	lib/validation.js::program	ComplexityLimitError	DIRECT	94489280994	ComplexityLimitError	LOCAL	0	
68719478650	lib/validation.js	20	lib/validation.js::program	MAX_EXPRESSION_LENGTH	DIRECT	94489280995	MAX_EXPRESSION_LENGTH	LOCAL	0	
68719478651	lib/validation.js	21	lib/validation.js::program	SAFE_FUNCTIONS	DIRECT	94489280996	SAFE_FUNCTIONS	LOCAL	0	
68719478653	lib/validation.js	22	lib/validation.js::program	_tmp_26	DIRECT	94489281045	_tmp_26	LOCAL	0	
68719478688	lib/validation.js	28	lib/validation.js::program	_tmp_27	DIRECT	94489281044	_tmp_27	LOCAL	0	
68719478723	lib/validation.js	35	lib/validation.js::program	DANGEROUS_CONSTRUCTS	DIRECT	94489281000	DANGEROUS_CONSTRUCTS	LOCAL	0	
68719478724	lib/validation.js	35	lib/validation.js::program	_tmp_28	DIRECT	94489281043	_tmp_28	LOCAL	0	
68719478760	lib/validation.js	41	lib/validation.js::program	COMMENT_PATTERNS	DIRECT	94489281002	COMMENT_PATTERNS	LOCAL	0	
68719478761	lib/validation.js	41	lib/validation.js::program	_tmp_29	DIRECT	94489281042	_tmp_29	LOCAL	0	
68719478771	lib/validation.js	42	lib/validation.js::program	validateSqlExpression	DIRECT	94489281004	validateSqlExpression	LOCAL	0	
68719478773	lib/validation.js	42	lib/validation.js::program	validateSqlExpression	DIRECT	94489281004	validateSqlExpression	LOCAL	0	
68719478774	lib/validation.js	78	lib/validation.js::program	validateWhereClause	DIRECT	94489281015	validateWhereClause	LOCAL	0	
68719478776	lib/validation.js	78	lib/validation.js::program	validateWhereClause	DIRECT	94489281015	validateWhereClause	LOCAL	0	
68719478777	lib/validation.js	81	lib/validation.js::program	validateHavingClause	DIRECT	94489281016	validateHavingClause	LOCAL	0	
68719478779	lib/validation.js	81	lib/validation.js::program	validateHavingClause	DIRECT	94489281016	validateHavingClause	LOCAL	0	
68719478780	lib/validation.js	84	lib/validation.js::program	validateDateInput	DIRECT	94489281017	validateDateInput	LOCAL	0	
68719478782	lib/validation.js	84	lib/validation.js::program	validateDateInput	DIRECT	94489281017	validateDateInput	LOCAL	0	
68719478783	lib/yaml.js	5	lib/yaml.js::program:loadYamlFile	text	DIRECT	94489281104	text	LOCAL	0	
68719478784	lib/yaml.js	5	lib/yaml.js::program:loadYamlFile	readFile	CAPTURED	94489281100	readFile	LOCAL	1	
68719478785	lib/yaml.js	5	lib/yaml.js::program:loadYamlFile	this	DIRECT	111669149883	this	METHOD_PARAMETER_IN	0	
68719478786	lib/yaml.js	5	lib/yaml.js::program:loadYamlFile	file	DIRECT	111669149884	file	METHOD_PARAMETER_IN	0	
68719478787	lib/yaml.js	6	lib/yaml.js::program:loadYamlFile	parseYAML	CAPTURED	94489281107	parseYAML	LOCAL	1	
68719478788	lib/yaml.js	6	lib/yaml.js::program:loadYamlFile	this	DIRECT	111669149883	this	METHOD_PARAMETER_IN	0	
68719478789	lib/yaml.js	6	lib/yaml.js::program:loadYamlFile	text	DIRECT	94489281104	text	LOCAL	0	
68719478790	lib/yaml.js	9	lib/yaml.js::program:loadYamlFileSync	text	DIRECT	94489281106	text	LOCAL	0	
68719478791	lib/yaml.js	9	lib/yaml.js::program:loadYamlFileSync	readFileSync	CAPTURED	94489281101	readFileSync	LOCAL	1	
68719478792	lib/yaml.js	9	lib/yaml.js::program:loadYamlFileSync	this	DIRECT	111669149885	this	METHOD_PARAMETER_IN	0	
68719478793	lib/yaml.js	9	lib/yaml.js::program:loadYamlFileSync	file	DIRECT	111669149886	file	METHOD_PARAMETER_IN	0	
68719478794	lib/yaml.js	10	lib/yaml.js::program:loadYamlFileSync	parseYAML	CAPTURED	94489281107	parseYAML	LOCAL	1	
68719478795	lib/yaml.js	10	lib/yaml.js::program:loadYamlFileSync	this	DIRECT	111669149885	this	METHOD_PARAMETER_IN	0	
68719478796	lib/yaml.js	10	lib/yaml.js::program:loadYamlFileSync	text	DIRECT	94489281106	text	LOCAL	0	
68719478797	lib/yaml.js	13	lib/yaml.js::program:parseYAML	require	DIRECT	94489281108	require	LOCAL	0	
68719478798	lib/yaml.js	13	lib/yaml.js::program:parseYAML	createRequire	CAPTURED	94489281102	createRequire	LOCAL	1	
68719478799	lib/yaml.js	13	lib/yaml.js::program:parseYAML	this	DIRECT	111669149887	this	METHOD_PARAMETER_IN	0	
68719478800	lib/yaml.js	13	lib/yaml.js::program:parseYAML	import	DIRECT	94489281110	import	LOCAL	0	
68719478801	lib/yaml.js	14	lib/yaml.js::program:parseYAML	YAML	DIRECT	94489281109	YAML	LOCAL	0	
68719478802	lib/yaml.js	14	lib/yaml.js::program:parseYAML	require	DIRECT	94489281108	require	LOCAL	0	
68719478803	lib/yaml.js	14	lib/yaml.js::program:parseYAML	this	DIRECT	111669149887	this	METHOD_PARAMETER_IN	0	
68719478804	lib/yaml.js	15	lib/yaml.js::program:parseYAML	YAML	DIRECT	94489281109	YAML	LOCAL	0	
68719478805	lib/yaml.js	15	lib/yaml.js::program:parseYAML	YAML	DIRECT	94489281109	YAML	LOCAL	0	
68719478806	lib/yaml.js	15	lib/yaml.js::program:parseYAML	text	DIRECT	111669149888	text	METHOD_PARAMETER_IN	0	
68719478807	lib/yaml.js	1	lib/yaml.js::program	readFile	DIRECT	94489281100	readFile	LOCAL	0	
68719478809	lib/yaml.js	1	lib/yaml.js::program	this	DIRECT	111669149889	this	METHOD_PARAMETER_IN	0	
68719478810	lib/yaml.js	2	lib/yaml.js::program	readFileSync	DIRECT	94489281101	readFileSync	LOCAL	0	
68719478812	lib/yaml.js	2	lib/yaml.js::program	this	DIRECT	111669149889	this	METHOD_PARAMETER_IN	0	
68719478813	lib/yaml.js	3	lib/yaml.js::program	createRequire	DIRECT	94489281102	createRequire	LOCAL	0	
68719478815	lib/yaml.js	3	lib/yaml.js::program	this	DIRECT	111669149889	this	METHOD_PARAMETER_IN	0	
68719478816	lib/yaml.js	4	lib/yaml.js::program	loadYamlFile	DIRECT	94489281103	loadYamlFile	LOCAL	0	
68719478818	lib/yaml.js	4	lib/yaml.js::program	loadYamlFile	DIRECT	94489281103	loadYamlFile	LOCAL	0	
68719478819	lib/yaml.js	8	lib/yaml.js::program	loadYamlFileSync	DIRECT	94489281105	loadYamlFileSync	LOCAL	0	
68719478821	lib/yaml.js	8	lib/yaml.js::program	loadYamlFileSync	DIRECT	94489281105	loadYamlFileSync	LOCAL	0	
68719478822	lib/yaml.js	12	lib/yaml.js::program	parseYAML	DIRECT	94489281107	parseYAML	LOCAL	0	
68719478824	lib/yaml.js	12	lib/yaml.js::program	parseYAML	DIRECT	94489281107	parseYAML	LOCAL	0	
