68719476736	107374182402	ZW52	ZW52	bmFwaV9lbnY=	89	111669149700
68719476737	107374182402	dmFsdWU=	dmFsdWU=	bmFwaV92YWx1ZQ==	89	111669149701
68719476738	107374182402	dHlwZQ==	dHlwZQ==	bmFwaV92YWx1ZXR5cGU=	89	94489280512
68719476739	107374182402	dHlwZQ==	dHlwZQ==	bmFwaV92YWx1ZXR5cGU=	90	94489280512
68719476740	107374182402	bmFwaV9zdHJpbmc=	PHVua25vd24+IG5hcGlfc3RyaW5n	QU5Z	90	94489280759
68719476741	107374182402	ZW52	ZW52	bmFwaV9lbnY=	98	111669149702
68719476742	107374182402	dmFsdWU=	dmFsdWU=	bmFwaV92YWx1ZQ==	98	111669149703
68719476743	107374182402	aXNCdWZmZXI=	aXNCdWZmZXI=	Ym9vbA==	98	94489280513
68719476744	107374182402	aXNCdWZmZXI=	aXNCdWZmZXI=	Ym9vbA==	99	94489280513
68719476745	107374182402	ZW52	ZW52	bmFwaV9lbnY=	107	111669149704
68719476746	107374182402	dmFsdWU=	dmFsdWU=	bmFwaV92YWx1ZQ==	107	111669149705
68719476747	107374182402	dHlwZQ==	dHlwZQ==	bmFwaV92YWx1ZXR5cGU=	107	94489280514
68719476748	107374182402	dHlwZQ==	dHlwZQ==	bmFwaV92YWx1ZXR5cGU=	108	94489280514
68719476749	107374182402	bmFwaV9vYmplY3Q=	PHVua25vd24+IG5hcGlfb2JqZWN0	QU5Z	108	94489280758
68719476750	107374182402	ZW52	ZW52	bmFwaV9lbnY=	116	111669149706
68719476751	107374182402	c3Ry	c3Ry	Y2hhcio=	116	111669149707
68719476752	107374182402	c3Ry	c3Ry	Y2hhcio=	116	111669149707
68719476753	107374182402	bXNn	bXNn	bmFwaV92YWx1ZQ==	116	94489280515
68719476754	107374182402	ZW52	ZW52	bmFwaV9lbnY=	118	111669149706
68719476755	107374182402	TlVMTA==	PHVua25vd24+IE5VTEw=	QU5Z	118	94489280757
68719476756	107374182402	bXNn	bXNn	bmFwaV92YWx1ZQ==	118	94489280515
68719476757	107374182402	ZXJyb3I=	ZXJyb3I=	bmFwaV92YWx1ZQ==	118	94489280516
68719476758	107374182402	ZXJyb3I=	ZXJyb3I=	bmFwaV92YWx1ZQ==	119	94489280516
68719476759	107374182402	aGFz	aGFz	Ym9vbA==	126	94489280517
68719476760	107374182402	ZW52	ZW52	bmFwaV9lbnY=	127	111669149708
68719476761	107374182402	b2Jq	b2Jq	bmFwaV92YWx1ZQ==	127	111669149709
68719476762	107374182402	a2V5	a2V5	Y2hhcio=	127	111669149710
68719476763	107374182402	aGFz	aGFz	Ym9vbA==	127	94489280517
68719476764	107374182402	aGFz	aGFz	Ym9vbA==	128	94489280517
68719476765	107374182402	ZW52	ZW52	bmFwaV9lbnY=	136	111669149711
68719476766	107374182402	b2Jq	b2Jq	bmFwaV92YWx1ZQ==	136	111669149712
68719476767	107374182402	a2V5	a2V5	Y2hhcio=	136	111669149713
68719476768	107374182402	dmFsdWU=	dmFsdWU=	bmFwaV92YWx1ZQ==	136	94489280518
68719476769	107374182402	dmFsdWU=	dmFsdWU=	bmFwaV92YWx1ZQ==	137	94489280518
68719476770	107374182402	ZW52	ZW52	bmFwaV9lbnY=	146	111669149714
68719476771	107374182402	b2Jq	b2Jq	bmFwaV92YWx1ZQ==	146	111669149715
68719476772	107374182402	a2V5	a2V5	Y2hhcio=	146	111669149716
68719476773	107374182402	dmFsdWU=	dmFsdWU=	bmFwaV92YWx1ZQ==	147	94489280519
68719476774	107374182402	ZW52	ZW52	bmFwaV9lbnY=	147	111669149714
68719476775	107374182402	b2Jq	b2Jq	bmFwaV92YWx1ZQ==	147	111669149715
68719476776	107374182402	a2V5	a2V5	Y2hhcio=	147	111669149716
68719476777	107374182402	ZW52	ZW52	bmFwaV9lbnY=	149	111669149714
68719476778	107374182402	dmFsdWU=	dmFsdWU=	bmFwaV92YWx1ZQ==	149	94489280519
68719476779	107374182402	cmVzdWx0	cmVzdWx0	Ym9vbA==	149	94489280520
68719476780	107374182402	cmVzdWx0	cmVzdWx0	Ym9vbA==	150	94489280520
68719476781	107374182402	REVGQVVMVA==	REVGQVVMVA==	Ym9vbA==	153	111669149717
68719476782	107374182402	ZW52	ZW52	bmFwaV9lbnY=	162	111669149718
68719476783	107374182402	b2Jq	b2Jq	bmFwaV92YWx1ZQ==	162	111669149719
68719476784	107374182402	a2V5	a2V5	Y2hhcio=	162	111669149720
68719476785	107374182402	dmFsdWU=	dmFsdWU=	bmFwaV92YWx1ZQ==	163	94489280521
68719476786	107374182402	ZW52	ZW52	bmFwaV9lbnY=	163	111669149718
68719476787	107374182402	b2Jq	b2Jq	bmFwaV92YWx1ZQ==	163	111669149719
68719476788	107374182402	a2V5	a2V5	Y2hhcio=	163	111669149720
68719476789	107374182402	ZW52	ZW52	bmFwaV9lbnY=	165	111669149718
68719476790	107374182402	dmFsdWU=	dmFsdWU=	bmFwaV92YWx1ZQ==	165	94489280521
68719476791	107374182402	cmVzdWx0	cmVzdWx0	dWludDMyX3Q=	165	94489280522
68719476792	107374182402	cmVzdWx0	cmVzdWx0	dWludDMyX3Q=	166	94489280522
68719476793	107374182402	REVGQVVMVA==	REVGQVVMVA==	dWludDMyX3Q=	169	111669149721
68719476794	107374182402	ZW52	ZW52	bmFwaV9lbnY=	178	111669149722
68719476795	107374182402	b2Jq	b2Jq	bmFwaV92YWx1ZQ==	178	111669149723
68719476796	107374182402	a2V5	a2V5	Y2hhcio=	178	111669149724
68719476797	107374182402	dmFsdWU=	dmFsdWU=	bmFwaV92YWx1ZQ==	179	94489280523
68719476798	107374182402	ZW52	ZW52	bmFwaV9lbnY=	179	111669149722
68719476799	107374182402	b2Jq	b2Jq	bmFwaV92YWx1ZQ==	179	111669149723
68719476800	107374182402	a2V5	a2V5	Y2hhcio=	179	111669149724
68719476801	107374182402	ZW52	ZW52	bmFwaV9lbnY=	181	111669149722
68719476802	107374182402	dmFsdWU=	dmFsdWU=	bmFwaV92YWx1ZQ==	181	94489280523
68719476803	107374182402	cmVzdWx0	cmVzdWx0	aW50	181	94489280524
68719476804	107374182402	cmVzdWx0	cmVzdWx0	aW50	182	94489280524
68719476805	107374182402	REVGQVVMVA==	REVGQVVMVA==	aW50	185	111669149725
68719476806	107374182402	ZW52	ZW52	bmFwaV9lbnY=	193	111669149726
68719476807	107374182402	b2Jq	b2Jq	bmFwaV92YWx1ZQ==	193	111669149727
68719476808	107374182402	a2V5	a2V5	Y2hhcio=	193	111669149728
68719476809	107374182402	dmFsdWU=	dmFsdWU=	bmFwaV92YWx1ZQ==	194	94489280525
68719476810	107374182402	ZW52	ZW52	bmFwaV9lbnY=	194	111669149726
68719476811	107374182402	b2Jq	b2Jq	bmFwaV92YWx1ZQ==	194	111669149727
68719476812	107374182402	a2V5	a2V5	Y2hhcio=	194	111669149728
68719476813	107374182402	ZW52	ZW52	bmFwaV9lbnY=	195	111669149726
68719476814	107374182402	dmFsdWU=	dmFsdWU=	bmFwaV92YWx1ZQ==	195	94489280525
68719476815	107374182402	c2l6ZQ==	c2l6ZQ==	c2l6ZV90	196	94489280526
68719476816	107374182402	ZW52	ZW52	bmFwaV9lbnY=	197	111669149726
68719476817	107374182402	dmFsdWU=	dmFsdWU=	bmFwaV92YWx1ZQ==	197	94489280525
68719476818	107374182402	TlVMTA==	PHVua25vd24+IE5VTEw=	QU5Z	197	94489280756
68719476819	107374182402	c2l6ZQ==	c2l6ZQ==	c2l6ZV90	197	94489280526
68719476820	107374182402	YnVm	YnVm	Y2hhcio=	199	94489280527
68719476821	107374182402	Y2hhcg==	Y2hhcg==	Y2hhcg==	199	94489280755
68719476822	107374182402	c2l6ZQ==	c2l6ZQ==	c2l6ZV90	199	94489280526
68719476823	107374182402	ZW52	ZW52	bmFwaV9lbnY=	200	111669149726
68719476824	107374182402	dmFsdWU=	dmFsdWU=	bmFwaV92YWx1ZQ==	200	94489280525
68719476825	107374182402	YnVm	YnVm	Y2hhcio=	200	94489280527
68719476826	107374182402	c2l6ZQ==	c2l6ZQ==	c2l6ZV90	200	94489280526
68719476827	107374182402	c2l6ZQ==	c2l6ZQ==	c2l6ZV90	200	94489280526
68719476828	107374182402	YnVm	YnVm	Y2hhcio=	201	94489280527
68719476829	107374182402	c2l6ZQ==	c2l6ZQ==	c2l6ZV90	201	94489280526
68719476830	107374182402	cmVzdWx0	cmVzdWx0	c3RkLnN0cmluZw==	203	94489280528
68719476831	107374182402	YnVm	YnVm	Y2hhcio=	203	94489280527
68719476832	107374182402	YnVm	YnVm	Y2hhcio=	204	94489280527
68719476833	107374182402	cmVzdWx0	cmVzdWx0	c3RkLnN0cmluZw==	205	94489280528
68719476834	107374182402	c2xpY2U=	c2xpY2U=	bGV2ZWxkYi5TbGljZQ==	213	111669149729
68719476835	107374182402	c2xpY2U=	c2xpY2U=	bGV2ZWxkYi5TbGljZQ==	213	111669149729
68719476836	107374182402	dG9DaF8=	TERfU1RSSU5HX09SX0JVRkZFUl9UT19DT1BZKGVudiwgZnJvbSwgdG8p	Y2hhcio=	220	94489280529
68719476837	107374182402	dG9Tel8=	TERfU1RSSU5HX09SX0JVRkZFUl9UT19DT1BZKGVudiwgZnJvbSwgdG8p	c2l6ZV90	220	94489280530
68719476838	107374182402	ZW52	ZW52	bmFwaV9lbnY=	220	111669149730
68719476839	107374182402	ZnJvbQ==	ZnJvbQ==	bmFwaV92YWx1ZQ==	220	111669149731
68719476840	107374182402	ZW52	ZW52	bmFwaV9lbnY=	220	111669149730
68719476841	107374182402	ZnJvbQ==	ZnJvbQ==	bmFwaV92YWx1ZQ==	220	111669149731
68719476842	107374182402	TlVMTA==	PHVua25vd24+IE5VTEw=	QU5Z	220	94489280754
68719476843	107374182402	dG9Tel8=	dG9Tel8=	c2l6ZV90	220	94489280530
68719476844	107374182402	dG9DaF8=	dG9DaF8=	Y2hhcio=	220	94489280529
68719476845	107374182402	Y2hhcg==	Y2hhcg==	Y2hhcg==	220	94489280753
68719476846	107374182402	dG9Tel8=	dG9Tel8=	c2l6ZV90	220	94489280530
68719476847	107374182402	ZW52	ZW52	bmFwaV9lbnY=	220	111669149730
68719476848	107374182402	ZnJvbQ==	ZnJvbQ==	bmFwaV92YWx1ZQ==	220	111669149731
68719476849	107374182402	dG9DaF8=	dG9DaF8=	Y2hhcio=	220	94489280529
68719476850	107374182402	dG9Tel8=	dG9Tel8=	c2l6ZV90	220	94489280530
68719476851	107374182402	dG9Tel8=	dG9Tel8=	c2l6ZV90	220	94489280530
68719476852	107374182402	dG9DaF8=	dG9DaF8=	Y2hhcio=	220	94489280529
68719476853	107374182402	dG9Tel8=	dG9Tel8=	c2l6ZV90	220	94489280530
68719476854	107374182402	ZW52	ZW52	bmFwaV9lbnY=	220	111669149730
68719476855	107374182402	ZnJvbQ==	ZnJvbQ==	bmFwaV92YWx1ZQ==	220	111669149731
68719476856	107374182402	YnVm	TERfU1RSSU5HX09SX0JVRkZFUl9UT19DT1BZKGVudiwgZnJvbSwgdG8p	Y2hhcio=	220	94489280531
68719476857	107374182402	ZW52	ZW52	bmFwaV9lbnY=	220	111669149730
68719476858	107374182402	ZnJvbQ==	ZnJvbQ==	bmFwaV92YWx1ZQ==	220	111669149731
68719476859	107374182402	YnVm	YnVm	Y2hhcio=	220	94489280531
68719476860	107374182402	dG9Tel8=	dG9Tel8=	c2l6ZV90	220	94489280530
68719476861	107374182402	dG9DaF8=	dG9DaF8=	Y2hhcio=	220	94489280529
68719476862	107374182402	Y2hhcg==	Y2hhcg==	Y2hhcg==	220	94489280753
68719476863	107374182402	dG9Tel8=	dG9Tel8=	c2l6ZV90	220	94489280530
68719476864	107374182402	dG9DaF8=	dG9DaF8=	Y2hhcio=	220	94489280529
68719476865	107374182402	YnVm	YnVm	Y2hhcio=	220	94489280531
68719476866	107374182402	dG9Tel8=	dG9Tel8=	c2l6ZV90	220	94489280530
68719476867	107374182402	dG9DaF8=	dG9DaF8=	Y2hhcio=	221	94489280529
68719476868	107374182402	dG9Tel8=	dG9Tel8=	c2l6ZV90	221	94489280530
68719476869	107374182402	c2l6ZQ==	c2l6ZQ==	c2l6ZV90	228	94489280532
68719476870	107374182402	ZW52	ZW52	bmFwaV9lbnY=	230	111669149732
68719476871	107374182402	dmFsdWU=	dmFsdWU=	bmFwaV92YWx1ZQ==	230	111669149733
68719476872	107374182402	ZW52	ZW52	bmFwaV9lbnY=	231	111669149732
68719476873	107374182402	dmFsdWU=	dmFsdWU=	bmFwaV92YWx1ZQ==	231	111669149733
68719476874	107374182402	TlVMTA==	PHVua25vd24+IE5VTEw=	QU5Z	231	94489280752
68719476875	107374182402	c2l6ZQ==	c2l6ZQ==	c2l6ZV90	231	94489280532
68719476876	107374182402	ZW52	ZW52	bmFwaV9lbnY=	232	111669149732
68719476877	107374182402	dmFsdWU=	dmFsdWU=	bmFwaV92YWx1ZQ==	232	111669149733
68719476878	107374182402	ZW52	ZW52	bmFwaV9lbnY=	234	111669149732
68719476879	107374182402	dmFsdWU=	dmFsdWU=	bmFwaV92YWx1ZQ==	234	111669149733
68719476880	107374182402	YnVm	YnVm	Y2hhcio=	234	94489280533
68719476881	107374182402	c2l6ZQ==	c2l6ZQ==	c2l6ZV90	234	94489280532
68719476882	107374182402	c2l6ZQ==	c2l6ZQ==	c2l6ZV90	237	94489280532
68719476883	107374182402	ZW52	ZW52	bmFwaV9lbnY=	245	111669149734
68719476884	107374182402	b3B0cw==	b3B0cw==	bmFwaV92YWx1ZQ==	245	111669149735
68719476885	107374182402	bmFtZQ==	bmFtZQ==	Y2hhcio=	245	111669149736
68719476886	107374182402	dmFsdWU=	dmFsdWU=	bmFwaV92YWx1ZQ==	246	94489280534
68719476887	107374182402	ZW52	ZW52	bmFwaV9lbnY=	246	111669149734
68719476888	107374182402	b3B0cw==	b3B0cw==	bmFwaV92YWx1ZQ==	246	111669149735
68719476889	107374182402	bmFtZQ==	bmFtZQ==	Y2hhcio=	246	111669149736
68719476890	107374182402	ZW52	ZW52	bmFwaV9lbnY=	248	111669149734
68719476891	107374182402	dmFsdWU=	dmFsdWU=	bmFwaV92YWx1ZQ==	248	94489280534
68719476892	107374182402	dG9DaF8=	TERfU1RSSU5HX09SX0JVRkZFUl9UT19DT1BZKGVudiwgdmFsdWUsIHRvKQ==	Y2hhcio=	249	94489280535
68719476893	107374182402	dG9Tel8=	TERfU1RSSU5HX09SX0JVRkZFUl9UT19DT1BZKGVudiwgdmFsdWUsIHRvKQ==	c2l6ZV90	249	94489280536
68719476894	107374182402	ZW52	ZW52	bmFwaV9lbnY=	249	111669149734
68719476895	107374182402	dmFsdWU=	dmFsdWU=	bmFwaV92YWx1ZQ==	249	94489280534
68719476896	107374182402	ZW52	ZW52	bmFwaV9lbnY=	249	111669149734
68719476897	107374182402	dmFsdWU=	dmFsdWU=	bmFwaV92YWx1ZQ==	249	94489280534
68719476898	107374182402	TlVMTA==	PHVua25vd24+IE5VTEw=	QU5Z	249	94489280749
68719476899	107374182402	dG9Tel8=	dG9Tel8=	c2l6ZV90	249	94489280536
68719476900	107374182402	dG9DaF8=	dG9DaF8=	Y2hhcio=	249	94489280535
68719476901	107374182402	Y2hhcg==	Y2hhcg==	Y2hhcg==	249	94489280751
68719476902	107374182402	dG9Tel8=	dG9Tel8=	c2l6ZV90	249	94489280536
68719476903	107374182402	ZW52	ZW52	bmFwaV9lbnY=	249	111669149734
68719476904	107374182402	dmFsdWU=	dmFsdWU=	bmFwaV92YWx1ZQ==	249	94489280534
68719476905	107374182402	dG9DaF8=	dG9DaF8=	Y2hhcio=	249	94489280535
68719476906	107374182402	dG9Tel8=	dG9Tel8=	c2l6ZV90	249	94489280536
68719476907	107374182402	dG9Tel8=	dG9Tel8=	c2l6ZV90	249	94489280536
68719476908	107374182402	dG9DaF8=	dG9DaF8=	Y2hhcio=	249	94489280535
68719476909	107374182402	dG9Tel8=	dG9Tel8=	c2l6ZV90	249	94489280536
68719476910	107374182402	ZW52	ZW52	bmFwaV9lbnY=	249	111669149734
68719476911	107374182402	dmFsdWU=	dmFsdWU=	bmFwaV92YWx1ZQ==	249	94489280534
68719476912	107374182402	YnVm	TERfU1RSSU5HX09SX0JVRkZFUl9UT19DT1BZKGVudiwgdmFsdWUsIHRvKQ==	Y2hhcio=	249	94489280537
68719476913	107374182402	ZW52	ZW52	bmFwaV9lbnY=	249	111669149734
68719476914	107374182402	dmFsdWU=	dmFsdWU=	bmFwaV92YWx1ZQ==	249	94489280534
68719476915	107374182402	YnVm	YnVm	Y2hhcio=	249	94489280537
68719476916	107374182402	dG9Tel8=	dG9Tel8=	c2l6ZV90	249	94489280536
68719476917	107374182402	dG9DaF8=	dG9DaF8=	Y2hhcio=	249	94489280535
68719476918	107374182402	Y2hhcg==	Y2hhcg==	Y2hhcg==	249	94489280751
68719476919	107374182402	dG9Tel8=	dG9Tel8=	c2l6ZV90	249	94489280536
68719476920	107374182402	dG9DaF8=	dG9DaF8=	Y2hhcio=	249	94489280535
68719476921	107374182402	YnVm	YnVm	Y2hhcio=	249	94489280537
68719476922	107374182402	dG9Tel8=	dG9Tel8=	c2l6ZV90	249	94489280536
68719476923	107374182402	cmVzdWx0	cmVzdWx0	c3RkLnN0cmluZyo=	250	94489280538
68719476924	107374182402	PHRtcD4w	PHRtcD4w	c3RkLnN0cmluZw==	250	94489280750
68719476925	107374182402	PHRtcD4w	PHRtcD4w	c3RkLnN0cmluZw==	250	94489280750
68719476926	107374182402	dG9DaF8=	dG9DaF8=	Y2hhcio=	250	94489280535
68719476927	107374182402	dG9Tel8=	dG9Tel8=	c2l6ZV90	250	94489280536
68719476928	107374182402	PHRtcD4w	PHRtcD4w	c3RkLnN0cmluZw==	250	94489280750
68719476929	107374182402	dG9DaF8=	dG9DaF8=	Y2hhcio=	251	94489280535
68719476930	107374182402	cmVzdWx0	cmVzdWx0	c3RkLnN0cmluZyo=	252	94489280538
68719476931	107374182402	TlVMTA==	PHVua25vd24+IE5VTEw=	QU5Z	256	94489280749
68719476932	107374182402	c3Rk	c3Rk	c3Rk	265	94489280748
68719476933	107374182402	c3Rk	c3Rk	c3Rk	265	94489280748
68719476934	107374182402	cmVzdWx0	PHVua25vd24+IHJlc3VsdA==	QU5Z	265	94489280743
68719476935	107374182402	PHRtcD4w	PHRtcD4w	c3RkLnZlY3Rvcg==	265	94489280747
68719476936	107374182402	PHRtcD4w	PHRtcD4w	c3RkLnZlY3Rvcg==	265	94489280747
68719476937	107374182402	PHRtcD4w	PHRtcD4w	c3RkLnZlY3Rvcg==	265	94489280747
68719476938	107374182402	ZW52	ZW52	bmFwaV9lbnY=	267	111669149737
68719476939	107374182402	YXJy	YXJy	bmFwaV92YWx1ZQ==	267	111669149738
68719476940	107374182402	bGVuZ3Ro	bGVuZ3Ro	dWludDMyX3Q=	267	94489280539
68719476941	107374182402	bmFwaV9vaw==	PHVua25vd24+IG5hcGlfb2s=	QU5Z	267	94489280746
68719476942	107374182402	cmVzdWx0	PHVua25vd24+IHJlc3VsdA==	QU5Z	268	94489280743
68719476943	107374182402	bGVuZ3Ro	bGVuZ3Ro	dWludDMyX3Q=	268	94489280539
68719476944	107374182402	aQ==	aQ==	dWludDMyX3Q=	270	94489280540
68719476945	107374182402	aQ==	aQ==	dWludDMyX3Q=	270	94489280540
68719476946	107374182402	bGVuZ3Ro	bGVuZ3Ro	dWludDMyX3Q=	270	94489280539
68719476947	107374182402	aQ==	aQ==	dWludDMyX3Q=	270	94489280540
68719476948	107374182402	ZW52	ZW52	bmFwaV9lbnY=	273	111669149737
68719476949	107374182402	YXJy	YXJy	bmFwaV92YWx1ZQ==	273	111669149738
68719476950	107374182402	aQ==	aQ==	dWludDMyX3Q=	273	94489280540
68719476951	107374182402	ZWxlbWVudA==	ZWxlbWVudA==	bmFwaV92YWx1ZQ==	273	94489280541
68719476952	107374182402	bmFwaV9vaw==	PHVua25vd24+IG5hcGlfb2s=	QU5Z	273	94489280746
68719476953	107374182402	ZW52	ZW52	bmFwaV9lbnY=	274	111669149737
68719476954	107374182402	ZWxlbWVudA==	ZWxlbWVudA==	bmFwaV92YWx1ZQ==	274	94489280541
68719476955	107374182402	dG9DaF8=	TERfU1RSSU5HX09SX0JVRkZFUl9UT19DT1BZKGVudiwgZWxlbWVudCwgdG8p	Y2hhcio=	275	94489280542
68719476956	107374182402	dG9Tel8=	TERfU1RSSU5HX09SX0JVRkZFUl9UT19DT1BZKGVudiwgZWxlbWVudCwgdG8p	c2l6ZV90	275	94489280543
68719476957	107374182402	ZW52	ZW52	bmFwaV9lbnY=	275	111669149737
68719476958	107374182402	ZWxlbWVudA==	ZWxlbWVudA==	bmFwaV92YWx1ZQ==	275	94489280541
68719476959	107374182402	ZW52	ZW52	bmFwaV9lbnY=	275	111669149737
68719476960	107374182402	ZWxlbWVudA==	ZWxlbWVudA==	bmFwaV92YWx1ZQ==	275	94489280541
68719476961	107374182402	TlVMTA==	PHVua25vd24+IE5VTEw=	QU5Z	275	94489280745
68719476962	107374182402	dG9Tel8=	dG9Tel8=	c2l6ZV90	275	94489280543
68719476963	107374182402	dG9DaF8=	dG9DaF8=	Y2hhcio=	275	94489280542
68719476964	107374182402	Y2hhcg==	Y2hhcg==	Y2hhcg==	275	94489280744
68719476965	107374182402	dG9Tel8=	dG9Tel8=	c2l6ZV90	275	94489280543
68719476966	107374182402	ZW52	ZW52	bmFwaV9lbnY=	275	111669149737
68719476967	107374182402	ZWxlbWVudA==	ZWxlbWVudA==	bmFwaV92YWx1ZQ==	275	94489280541
68719476968	107374182402	dG9DaF8=	dG9DaF8=	Y2hhcio=	275	94489280542
68719476969	107374182402	dG9Tel8=	dG9Tel8=	c2l6ZV90	275	94489280543
68719476970	107374182402	dG9Tel8=	dG9Tel8=	c2l6ZV90	275	94489280543
68719476971	107374182402	dG9DaF8=	dG9DaF8=	Y2hhcio=	275	94489280542
68719476972	107374182402	dG9Tel8=	dG9Tel8=	c2l6ZV90	275	94489280543
68719476973	107374182402	ZW52	ZW52	bmFwaV9lbnY=	275	111669149737
68719476974	107374182402	ZWxlbWVudA==	ZWxlbWVudA==	bmFwaV92YWx1ZQ==	275	94489280541
68719476975	107374182402	YnVm	TERfU1RSSU5HX09SX0JVRkZFUl9UT19DT1BZKGVudiwgZWxlbWVudCwgdG8p	Y2hhcio=	275	94489280544
68719476976	107374182402	ZW52	ZW52	bmFwaV9lbnY=	275	111669149737
68719476977	107374182402	ZWxlbWVudA==	ZWxlbWVudA==	bmFwaV92YWx1ZQ==	275	94489280541
68719476978	107374182402	YnVm	YnVm	Y2hhcio=	275	94489280544
68719476979	107374182402	dG9Tel8=	dG9Tel8=	c2l6ZV90	275	94489280543
68719476980	107374182402	dG9DaF8=	dG9DaF8=	Y2hhcio=	275	94489280542
68719476981	107374182402	Y2hhcg==	Y2hhcg==	Y2hhcg==	275	94489280744
68719476982	107374182402	dG9Tel8=	dG9Tel8=	c2l6ZV90	275	94489280543
68719476983	107374182402	dG9DaF8=	dG9DaF8=	Y2hhcio=	275	94489280542
68719476984	107374182402	YnVm	YnVm	Y2hhcio=	275	94489280544
68719476985	107374182402	dG9Tel8=	dG9Tel8=	c2l6ZV90	275	94489280543
68719476986	107374182402	cmVzdWx0	PHVua25vd24+IHJlc3VsdA==	QU5Z	276	94489280743
68719476987	107374182402	dG9DaF8=	dG9DaF8=	Y2hhcio=	276	94489280542
68719476988	107374182402	dG9Tel8=	dG9Tel8=	c2l6ZV90	276	94489280543
68719476989	107374182402	dG9DaF8=	dG9DaF8=	Y2hhcio=	277	94489280542
68719476990	107374182402	cmVzdWx0	PHVua25vd24+IHJlc3VsdA==	QU5Z	282	94489280743
68719476991	107374182402	ZW52	ZW52	bmFwaV9lbnY=	293	111669149739
68719476992	107374182402	Z2xvYmFs	Z2xvYmFs	bmFwaV92YWx1ZQ==	293	94489280545
68719476993	107374182402	ZW52	ZW52	bmFwaV9lbnY=	294	111669149739
68719476994	107374182402	Z2xvYmFs	Z2xvYmFs	bmFwaV92YWx1ZQ==	294	94489280545
68719476995	107374182402	Y2FsbGJhY2s=	Y2FsbGJhY2s=	bmFwaV92YWx1ZQ==	294	111669149740
68719476996	107374182402	YXJnYw==	YXJnYw==	aW50	294	111669149741
68719476997	107374182402	YXJndg==	YXJndg==	bmFwaV92YWx1ZSo=	294	111669149742
68719476998	107374182402	TlVMTA==	PHVua25vd24+IE5VTEw=	QU5Z	294	94489280742
68719476999	107374182402	dGhpcw==	dGhpcw==	RW50cnkq	311	111669149743
68719477000	107374182402	a2V5	a2V5	bGV2ZWxkYi5TbGljZSo=	311	111669149744
68719477001	107374182402	TlVMTA==	PHVua25vd24+IE5VTEw=	QU5Z	311	94489280739
68719477002	107374182402	PHRtcD4w	PHRtcD4w	c3RkLnN0cmluZw==	311	94489280741
68719477003	107374182402	PHRtcD4w	PHRtcD4w	c3RkLnN0cmluZw==	311	94489280741
68719477004	107374182402	a2V5	a2V5	bGV2ZWxkYi5TbGljZSo=	311	111669149744
68719477005	107374182402	a2V5	a2V5	bGV2ZWxkYi5TbGljZSo=	311	111669149744
68719477006	107374182402	PHRtcD4w	PHRtcD4w	c3RkLnN0cmluZw==	311	94489280741
68719477007	107374182402	TlVMTA==	PHVua25vd24+IE5VTEw=	QU5Z	311	94489280739
68719477008	107374182402	dGhpcw==	dGhpcw==	RW50cnkq	312	111669149743
68719477009	107374182402	dmFsdWU=	dmFsdWU=	bGV2ZWxkYi5TbGljZSo=	312	111669149745
68719477010	107374182402	TlVMTA==	PHVua25vd24+IE5VTEw=	QU5Z	312	94489280739
68719477011	107374182402	PHRtcD4x	PHRtcD4x	c3RkLnN0cmluZw==	312	94489280740
68719477012	107374182402	PHRtcD4x	PHRtcD4x	c3RkLnN0cmluZw==	312	94489280740
68719477013	107374182402	dmFsdWU=	dmFsdWU=	bGV2ZWxkYi5TbGljZSo=	312	111669149745
68719477014	107374182402	dmFsdWU=	dmFsdWU=	bGV2ZWxkYi5TbGljZSo=	312	111669149745
68719477015	107374182402	PHRtcD4x	PHRtcD4x	c3RkLnN0cmluZw==	312	94489280740
68719477016	107374182402	TlVMTA==	PHVua25vd24+IE5VTEw=	QU5Z	312	94489280739
68719477017	107374182402	dGhpcw==	dGhpcw==	RW50cnkq	316	111669149746
68719477018	107374182402	TlVMTA==	PHVua25vd24+IE5VTEw=	QU5Z	316	94489280738
68719477019	107374182402	dGhpcw==	dGhpcw==	RW50cnkq	316	111669149746
68719477020	107374182402	dGhpcw==	dGhpcw==	RW50cnkq	317	111669149746
68719477021	107374182402	TlVMTA==	PHVua25vd24+IE5VTEw=	QU5Z	317	94489280738
68719477022	107374182402	dGhpcw==	dGhpcw==	RW50cnkq	317	111669149746
68719477023	107374182402	bW9kZQ==	bW9kZQ==	TW9kZQ==	322	111669149749
68719477024	107374182402	TW9kZQ==	TW9kZQ==	TW9kZQ==	322	94489280737
68719477025	107374182402	ZW52	ZW52	bmFwaV9lbnY=	323	111669149748
68719477026	107374182402	cmVzdWx0	cmVzdWx0	bmFwaV92YWx1ZSo=	323	111669149752
68719477027	107374182402	ZW52	ZW52	bmFwaV9lbnY=	328	111669149748
68719477028	107374182402	dGhpcw==	dGhpcw==	RW50cnkq	328	111669149747
68719477029	107374182402	a2V5QXNCdWZmZXI=	a2V5QXNCdWZmZXI=	Ym9vbA==	328	111669149750
68719477030	107374182402	a2V5RWxlbWVudA==	a2V5RWxlbWVudA==	bmFwaV92YWx1ZQ==	328	94489280547
68719477031	107374182402	ZW52	ZW52	bmFwaV9lbnY=	329	111669149748
68719477032	107374182402	dGhpcw==	dGhpcw==	RW50cnkq	329	111669149747
68719477033	107374182402	dmFsdWVBc0J1ZmZlcg==	dmFsdWVBc0J1ZmZlcg==	Ym9vbA==	329	111669149751
68719477034	107374182402	dmFsdWVFbGVtZW50	dmFsdWVFbGVtZW50	bmFwaV92YWx1ZQ==	329	94489280546
68719477035	107374182402	ZW52	ZW52	bmFwaV9lbnY=	331	111669149748
68719477036	107374182402	cmVzdWx0	cmVzdWx0	bmFwaV92YWx1ZSo=	331	111669149752
68719477037	107374182402	a2V5RWxlbWVudA==	a2V5RWxlbWVudA==	bmFwaV92YWx1ZQ==	331	94489280547
68719477038	107374182402	ZW52	ZW52	bmFwaV9lbnY=	332	111669149748
68719477039	107374182402	cmVzdWx0	cmVzdWx0	bmFwaV92YWx1ZSo=	332	111669149752
68719477040	107374182402	dmFsdWVFbGVtZW50	dmFsdWVFbGVtZW50	bmFwaV92YWx1ZQ==	332	94489280546
68719477041	107374182402	bW9kZQ==	bW9kZQ==	TW9kZQ==	333	111669149749
68719477042	107374182402	TW9kZQ==	TW9kZQ==	TW9kZQ==	333	94489280737
68719477043	107374182402	ZW52	ZW52	bmFwaV9lbnY=	334	111669149748
68719477044	107374182402	dGhpcw==	dGhpcw==	RW50cnkq	334	111669149747
68719477045	107374182402	a2V5QXNCdWZmZXI=	a2V5QXNCdWZmZXI=	Ym9vbA==	334	111669149750
68719477046	107374182402	cmVzdWx0	cmVzdWx0	bmFwaV92YWx1ZSo=	334	111669149752
68719477047	107374182402	ZW52	ZW52	bmFwaV9lbnY=	336	111669149748
68719477048	107374182402	dGhpcw==	dGhpcw==	RW50cnkq	336	111669149747
68719477049	107374182402	dmFsdWVBc0J1ZmZlcg==	dmFsdWVBc0J1ZmZlcg==	Ym9vbA==	336	111669149751
68719477050	107374182402	cmVzdWx0	cmVzdWx0	bmFwaV92YWx1ZSo=	336	111669149752
68719477051	107374182402	cw==	cw==	c3RkLnN0cmluZyo=	341	111669149754
68719477052	107374182402	TlVMTA==	PHVua25vd24+IE5VTEw=	QU5Z	341	94489280736
68719477053	107374182402	ZW52	ZW52	bmFwaV9lbnY=	342	111669149753
68719477054	107374182402	cmVzdWx0	cmVzdWx0	bmFwaV92YWx1ZSo=	342	111669149756
68719477055	107374182402	YXNCdWZmZXI=	YXNCdWZmZXI=	Ym9vbA==	343	111669149755
68719477056	107374182402	ZW52	ZW52	bmFwaV9lbnY=	344	111669149753
68719477057	107374182402	cw==	cw==	c3RkLnN0cmluZyo=	344	111669149754
68719477058	107374182402	cw==	cw==	c3RkLnN0cmluZyo=	344	111669149754
68719477059	107374182402	TlVMTA==	PHVua25vd24+IE5VTEw=	QU5Z	344	94489280736
68719477060	107374182402	cmVzdWx0	cmVzdWx0	bmFwaV92YWx1ZSo=	344	111669149756
68719477061	107374182402	ZW52	ZW52	bmFwaV9lbnY=	346	111669149753
68719477062	107374182402	cw==	cw==	c3RkLnN0cmluZyo=	346	111669149754
68719477063	107374182402	cw==	cw==	c3RkLnN0cmluZyo=	346	111669149754
68719477064	107374182402	cmVzdWx0	cmVzdWx0	bmFwaV92YWx1ZSo=	346	111669149756
68719477065	107374182402	ZW52	ZW52	bmFwaV9lbnY=	371	111669149758
68719477066	107374182402	Y2FsbGJhY2s=	Y2FsbGJhY2s=	bmFwaV92YWx1ZQ==	371	111669149760
68719477067	107374182402	dGhpcw==	dGhpcw==	QmFzZVdvcmtlcio=	371	111669149757
68719477068	107374182402	ZW52	ZW52	bmFwaV9lbnY=	373	111669149758
68719477069	107374182402	cmVzb3VyY2VOYW1l	cmVzb3VyY2VOYW1l	Y2hhcio=	373	111669149761
68719477070	107374182402	TkFQSV9BVVRPX0xFTkdUSA==	PHVua25vd24+IE5BUElfQVVUT19MRU5HVEg=	QU5Z	374	94489280734
68719477071	107374182402	YXN5bmNSZXNvdXJjZU5hbWU=	YXN5bmNSZXNvdXJjZU5hbWU=	bmFwaV92YWx1ZQ==	375	94489280548
68719477072	107374182402	ZW52	ZW52	bmFwaV9lbnY=	376	111669149758
68719477073	107374182402	Y2FsbGJhY2s=	Y2FsbGJhY2s=	bmFwaV92YWx1ZQ==	376	111669149760
68719477074	107374182402	YXN5bmNSZXNvdXJjZU5hbWU=	YXN5bmNSZXNvdXJjZU5hbWU=	bmFwaV92YWx1ZQ==	377	94489280548
68719477075	107374182402	dGhpcw==	dGhpcw==	QmFzZVdvcmtlcio=	380	111669149757
68719477076	107374182402	dGhpcw==	dGhpcw==	QmFzZVdvcmtlcio=	380	111669149757
68719477077	107374182402	dGhpcw==	dGhpcw==	QmFzZVdvcmtlcio=	370	111669149757
68719477078	107374182402	ZGF0YWJhc2U=	ZGF0YWJhc2U=	RGF0YWJhc2Uq	370	111669149759
68719477079	107374182402	dGhpcw==	dGhpcw==	QmFzZVdvcmtlcio=	370	111669149757
68719477080	107374182402	TlVMTA==	PHVua25vd24+IE5VTEw=	QU5Z	370	94489280735
68719477081	107374182402	dGhpcw==	dGhpcw==	QmFzZVdvcmtlcio=	384	111669149762
68719477082	107374182402	c2VsZg==	c2VsZg==	QmFzZVdvcmtlcio=	388	94489280549
68719477083	107374182402	ZGF0YQ==	ZGF0YQ==	dm9pZCo=	388	111669149764
68719477084	107374182402	c2VsZg==	c2VsZg==	QmFzZVdvcmtlcio=	392	94489280549
68719477085	107374182402	dGhpcw==	dGhpcw==	QmFzZVdvcmtlcio=	396	111669149765
68719477086	107374182402	c3RhdHVz	c3RhdHVz	bGV2ZWxkYi5TdGF0dXM=	396	111669149766
68719477087	107374182402	c3RhdHVz	c3RhdHVz	bGV2ZWxkYi5TdGF0dXM=	397	111669149766
68719477088	107374182402	c3RhdHVz	c3RhdHVz	bGV2ZWxkYi5TdGF0dXM=	398	111669149766
68719477089	107374182402	dGhpcw==	dGhpcw==	QmFzZVdvcmtlcio=	405	111669149767
68719477090	107374182402	c2l6ZQ==	c2l6ZQ==	c2l6ZV90	406	94489280550
68719477091	107374182402	bXNn	bXNn	Y2hhcio=	406	111669149768
68719477092	107374182402	dGhpcw==	dGhpcw==	QmFzZVdvcmtlcio=	407	111669149767
68719477093	107374182402	Y2hhcg==	Y2hhcg==	Y2hhcg==	407	94489280733
68719477094	107374182402	c2l6ZQ==	c2l6ZQ==	c2l6ZV90	407	94489280550
68719477095	107374182402	dGhpcw==	dGhpcw==	QmFzZVdvcmtlcio=	408	111669149767
68719477096	107374182402	bXNn	bXNn	Y2hhcio=	408	111669149768
68719477097	107374182402	c2l6ZQ==	c2l6ZQ==	c2l6ZV90	408	94489280550
68719477098	107374182402	c2VsZg==	c2VsZg==	QmFzZVdvcmtlcio=	414	94489280551
68719477099	107374182402	ZGF0YQ==	ZGF0YQ==	dm9pZCo=	414	111669149771
68719477100	107374182402	c2VsZg==	c2VsZg==	QmFzZVdvcmtlcio=	416	94489280551
68719477101	107374182402	ZW52	ZW52	bmFwaV9lbnY=	416	111669149769
68719477102	107374182402	c2VsZg==	c2VsZg==	QmFzZVdvcmtlcio=	417	94489280551
68719477103	107374182402	ZW52	ZW52	bmFwaV9lbnY=	417	111669149769
68719477104	107374182402	ZW52	ZW52	bmFwaV9lbnY=	422	111669149773
68719477105	107374182402	dGhpcw==	dGhpcw==	QmFzZVdvcmtlcio=	422	111669149772
68719477106	107374182402	Y2FsbGJhY2s=	Y2FsbGJhY2s=	bmFwaV92YWx1ZQ==	422	94489280552
68719477107	107374182402	dGhpcw==	dGhpcw==	QmFzZVdvcmtlcio=	424	111669149772
68719477108	107374182402	ZW52	ZW52	bmFwaV9lbnY=	425	111669149773
68719477109	107374182402	Y2FsbGJhY2s=	Y2FsbGJhY2s=	bmFwaV92YWx1ZQ==	425	94489280552
68719477110	107374182402	ZW52	ZW52	bmFwaV9lbnY=	427	111669149773
68719477111	107374182402	Y2FsbGJhY2s=	Y2FsbGJhY2s=	bmFwaV92YWx1ZQ==	427	94489280552
68719477112	107374182402	ZW52	ZW52	bmFwaV9lbnY=	433	111669149775
68719477113	107374182402	YXJndg==	YXJndg==	bmFwaV92YWx1ZQ==	433	94489280553
68719477114	107374182402	ZW52	ZW52	bmFwaV9lbnY=	434	111669149775
68719477115	107374182402	Y2FsbGJhY2s=	Y2FsbGJhY2s=	bmFwaV92YWx1ZQ==	434	111669149776
68719477116	107374182402	YXJndg==	YXJndg==	bmFwaV92YWx1ZQ==	434	94489280553
68719477117	107374182402	YXJndg==	YXJndg==	bmFwaV92YWx1ZQ==	438	94489280554
68719477118	107374182402	ZW52	ZW52	bmFwaV9lbnY=	438	111669149778
68719477119	107374182402	dGhpcw==	dGhpcw==	QmFzZVdvcmtlcio=	438	111669149777
68719477120	107374182402	ZW52	ZW52	bmFwaV9lbnY=	439	111669149778
68719477121	107374182402	Y2FsbGJhY2s=	Y2FsbGJhY2s=	bmFwaV92YWx1ZQ==	439	111669149779
68719477122	107374182402	YXJndg==	YXJndg==	bmFwaV92YWx1ZQ==	439	94489280554
68719477123	107374182402	ZW52	ZW52	bmFwaV9lbnY=	443	111669149781
68719477124	107374182402	dGhpcw==	dGhpcw==	QmFzZVdvcmtlcio=	443	111669149780
68719477125	107374182402	ZW52	ZW52	bmFwaV9lbnY=	444	111669149781
68719477126	107374182402	dGhpcw==	dGhpcw==	QmFzZVdvcmtlcio=	444	111669149780
68719477127	107374182402	dGhpcw==	dGhpcw==	QmFzZVdvcmtlcio=	446	111669149780
68719477128	107374182402	ZW52	ZW52	bmFwaV9lbnY=	450	111669149783
68719477129	107374182402	dGhpcw==	dGhpcw==	QmFzZVdvcmtlcio=	450	111669149782
68719477130	107374182402	ZGF0YWJhc2Vf	ZGF0YWJhc2Vf	RGF0YWJhc2Uq	453	94489280732
68719477131	107374182402	PHRtcD4w	PHRtcD4w	QU5Z	453	94489280731
68719477132	107374182402	PHRtcD4w	PHRtcD4w	QU5Z	453	94489280731
68719477133	107374182402	PHRtcD4w	PHRtcD4w	QU5Z	453	94489280731
68719477134	107374182402	dGhpcw==	dGhpcw==	RGF0YWJhc2Uq	467	111669149784
68719477135	107374182402	TlVMTA==	PHVua25vd24+IE5VTEw=	QU5Z	467	94489280730
68719477136	107374182402	dGhpcw==	dGhpcw==	RGF0YWJhc2Uq	468	111669149784
68719477137	107374182402	dGhpcw==	dGhpcw==	RGF0YWJhc2Uq	469	111669149784
68719477138	107374182402	TlVMTA==	PHVua25vd24+IE5VTEw=	QU5Z	469	94489280730
68719477139	107374182402	dGhpcw==	dGhpcw==	RGF0YWJhc2Uq	470	111669149784
68719477140	107374182402	TlVMTA==	PHVua25vd24+IE5VTEw=	QU5Z	470	94489280730
68719477141	107374182402	dGhpcw==	dGhpcw==	RGF0YWJhc2Uq	471	111669149784
68719477142	107374182402	dGhpcw==	dGhpcw==	RGF0YWJhc2Uq	474	111669149785
68719477143	107374182402	TlVMTA==	PHVua25vd24+IE5VTEw=	QU5Z	474	94489280729
68719477144	107374182402	dGhpcw==	dGhpcw==	RGF0YWJhc2Uq	475	111669149785
68719477145	107374182402	dGhpcw==	dGhpcw==	RGF0YWJhc2Uq	476	111669149785
68719477146	107374182402	TlVMTA==	PHVua25vd24+IE5VTEw=	QU5Z	476	94489280729
68719477147	107374182402	cmVhZE9ubHk=	cmVhZE9ubHk=	Ym9vbA==	483	111669149788
68719477148	107374182402	b3B0aW9ucw==	b3B0aW9ucw==	bGV2ZWxkYi5PcHRpb25zJg==	484	111669149787
68719477149	107374182402	bG9jYXRpb24=	bG9jYXRpb24=	Y2hhcio=	484	111669149789
68719477150	107374182402	dGhpcw==	dGhpcw==	RGF0YWJhc2Uq	484	111669149786
68719477151	107374182402	b3B0aW9ucw==	b3B0aW9ucw==	bGV2ZWxkYi5PcHRpb25zJg==	486	111669149787
68719477152	107374182402	bG9jYXRpb24=	bG9jYXRpb24=	Y2hhcio=	486	111669149789
68719477153	107374182402	dGhpcw==	dGhpcw==	RGF0YWJhc2Uq	486	111669149786
68719477154	107374182402	dGhpcw==	dGhpcw==	RGF0YWJhc2Uq	491	111669149790
68719477155	107374182402	dGhpcw==	dGhpcw==	RGF0YWJhc2Uq	492	111669149790
68719477156	107374182402	TlVMTA==	PHVua25vd24+IE5VTEw=	QU5Z	492	94489280728
68719477157	107374182402	dGhpcw==	dGhpcw==	RGF0YWJhc2Uq	498	111669149791
68719477158	107374182402	b3B0aW9ucw==	b3B0aW9ucw==	bGV2ZWxkYi5Xcml0ZU9wdGlvbnMm	498	111669149792
68719477159	107374182402	a2V5	a2V5	bGV2ZWxkYi5TbGljZQ==	498	111669149793
68719477160	107374182402	dmFsdWU=	dmFsdWU=	bGV2ZWxkYi5TbGljZQ==	498	111669149794
68719477161	107374182402	dGhpcw==	dGhpcw==	RGF0YWJhc2Uq	504	111669149795
68719477162	107374182402	b3B0aW9ucw==	b3B0aW9ucw==	bGV2ZWxkYi5SZWFkT3B0aW9ucyY=	504	111669149796
68719477163	107374182402	a2V5	a2V5	bGV2ZWxkYi5TbGljZQ==	504	111669149797
68719477164	107374182402	dmFsdWU=	dmFsdWU=	c3RkLnN0cmluZyY=	504	111669149798
68719477165	107374182402	dGhpcw==	dGhpcw==	RGF0YWJhc2Uq	509	111669149799
68719477166	107374182402	b3B0aW9ucw==	b3B0aW9ucw==	bGV2ZWxkYi5Xcml0ZU9wdGlvbnMm	509	111669149800
68719477167	107374182402	a2V5	a2V5	bGV2ZWxkYi5TbGljZQ==	509	111669149801
68719477168	107374182402	dGhpcw==	dGhpcw==	RGF0YWJhc2Uq	514	111669149802
68719477169	107374182402	b3B0aW9ucw==	b3B0aW9ucw==	bGV2ZWxkYi5Xcml0ZU9wdGlvbnMm	514	111669149803
68719477170	107374182402	YmF0Y2g=	YmF0Y2g=	bGV2ZWxkYi5Xcml0ZUJhdGNoKg==	514	111669149804
68719477171	107374182402	c2l6ZQ==	c2l6ZQ==	dWludDY0X3Q=	518	94489280555
68719477172	107374182402	dGhpcw==	dGhpcw==	RGF0YWJhc2Uq	519	111669149805
68719477173	107374182402	cmFuZ2U=	cmFuZ2U=	bGV2ZWxkYi5SYW5nZSo=	519	111669149806
68719477174	107374182402	c2l6ZQ==	c2l6ZQ==	dWludDY0X3Q=	519	94489280555
68719477175	107374182402	c2l6ZQ==	c2l6ZQ==	dWludDY0X3Q=	520	94489280555
68719477176	107374182402	dGhpcw==	dGhpcw==	RGF0YWJhc2Uq	526	111669149807
68719477177	107374182402	b3B0aW9ucw==	b3B0aW9ucw==	cm9ja3NkYi5Db21wYWN0UmFuZ2VPcHRpb25z	526	94489280556
68719477178	107374182402	c3RhcnQ=	c3RhcnQ=	bGV2ZWxkYi5TbGljZSo=	526	111669149808
68719477179	107374182402	ZW5k	ZW5k	bGV2ZWxkYi5TbGljZSo=	526	111669149809
68719477180	107374182402	dGhpcw==	dGhpcw==	RGF0YWJhc2Uq	530	111669149810
68719477181	107374182402	cHJvcGVydHk=	cHJvcGVydHk=	bGV2ZWxkYi5TbGljZSY=	530	111669149811
68719477182	107374182402	dmFsdWU=	dmFsdWU=	c3RkLnN0cmluZyo=	530	111669149812
68719477183	107374182402	dGhpcw==	dGhpcw==	RGF0YWJhc2Uq	534	111669149813
68719477184	107374182402	dGhpcw==	dGhpcw==	RGF0YWJhc2Uq	538	111669149814
68719477185	107374182402	b3B0aW9ucw==	b3B0aW9ucw==	bGV2ZWxkYi5SZWFkT3B0aW9ucyo=	538	111669149815
68719477186	107374182402	dGhpcw==	dGhpcw==	RGF0YWJhc2Uq	542	111669149816
68719477187	107374182402	c25hcHNob3Q=	c25hcHNob3Q=	bGV2ZWxkYi5TbmFwc2hvdCo=	542	111669149817
68719477188	107374182402	dGhpcw==	dGhpcw==	RGF0YWJhc2Uq	546	111669149818
68719477189	107374182402	aWQ=	aWQ=	dWludDMyX3Q=	546	111669149820
68719477190	107374182402	aXRlcmF0b3I=	aXRlcmF0b3I=	SXRlcmF0b3Iq	546	111669149821
68719477191	107374182402	ZW52	ZW52	bmFwaV9lbnY=	547	111669149819
68719477192	107374182402	dGhpcw==	dGhpcw==	RGF0YWJhc2Uq	551	111669149822
68719477193	107374182402	aWQ=	aWQ=	dWludDMyX3Q=	551	111669149824
68719477194	107374182402	ZW52	ZW52	bmFwaV9lbnY=	552	111669149823
68719477195	107374182402	ZW52	ZW52	bmFwaV9lbnY=	556	111669149826
68719477196	107374182402	dGhpcw==	dGhpcw==	RGF0YWJhc2Uq	556	111669149825
68719477197	107374182402	dGhpcw==	dGhpcw==	RGF0YWJhc2Uq	556	111669149825
68719477198	107374182402	ZW52	ZW52	bmFwaV9lbnY=	560	111669149828
68719477199	107374182402	dGhpcw==	dGhpcw==	RGF0YWJhc2Uq	560	111669149827
68719477200	107374182402	dGhpcw==	dGhpcw==	RGF0YWJhc2Uq	560	111669149827
68719477201	107374182402	dGhpcw==	dGhpcw==	RGF0YWJhc2Uq	562	111669149827
68719477202	107374182402	dGhpcw==	dGhpcw==	RGF0YWJhc2Uq	562	111669149827
68719477203	107374182402	TlVMTA==	PHVua25vd24+IE5VTEw=	QU5Z	562	94489280727
68719477204	107374182402	dGhpcw==	dGhpcw==	RGF0YWJhc2Uq	563	111669149827
68719477205	107374182402	ZW52	ZW52	bmFwaV9lbnY=	563	111669149828
68719477206	107374182402	dGhpcw==	dGhpcw==	RGF0YWJhc2Uq	564	111669149827
68719477207	107374182402	TlVMTA==	PHVua25vd24+IE5VTEw=	QU5Z	564	94489280727
68719477208	107374182402	dGhpcw==	dGhpcw==	RGF0YWJhc2Uq	569	111669149829
68719477209	107374182402	cGVuZGluZ0Nsb3NlV29ya2VyXw==	cGVuZGluZ0Nsb3NlV29ya2VyXw==	QmFzZVdvcmtlcio=	574	94489280726
68719477210	107374182402	PHRtcD4w	PHRtcD4w	QU5Z	574	94489280725
68719477211	107374182402	PHRtcD4w	PHRtcD4w	QU5Z	574	94489280725
68719477212	107374182402	PHRtcD4w	PHRtcD4w	QU5Z	574	94489280725
68719477213	107374182402	aXRlcmF0b3JzXw==	aXRlcmF0b3JzXw==	QU5Z	575	94489280724
68719477214	107374182402	PHRtcD4x	PHRtcD4x	QU5Z	575	94489280723
68719477215	107374182402	PHRtcD4x	PHRtcD4x	QU5Z	575	94489280723
68719477216	107374182402	PHRtcD4x	PHRtcD4x	QU5Z	575	94489280723
68719477217	107374182402	dGhpcw==	dGhpcw==	UHJpb3JpdHlXb3JrZXIq	588	111669149830
68719477218	107374182402	ZW52	ZW52	bmFwaV9lbnY=	588	111669149831
68719477219	107374182402	dGhpcw==	dGhpcw==	UHJpb3JpdHlXb3JrZXIq	587	111669149830
68719477220	107374182402	ZW52	ZW52	bmFwaV9lbnY=	587	111669149831
68719477221	107374182402	dGhpcw==	dGhpcw==	UHJpb3JpdHlXb3JrZXIq	594	111669149836
68719477222	107374182402	ZW52	ZW52	bmFwaV9lbnY=	594	111669149837
68719477223	107374182402	ZW52	ZW52	bmFwaV9lbnY=	595	111669149837
68719477224	107374182402	dGhpcw==	dGhpcw==	QmFzZUl0ZXJhdG9yKg==	621	111669149838
68719477225	107374182402	PHRtcD4w	PHRtcD4w	bGV2ZWxkYi5SZWFkT3B0aW9ucw==	621	94489280722
68719477226	107374182402	PHRtcD4w	PHRtcD4w	bGV2ZWxkYi5SZWFkT3B0aW9ucw==	621	94489280722
68719477227	107374182402	PHRtcD4w	PHRtcD4w	bGV2ZWxkYi5SZWFkT3B0aW9ucw==	621	94489280722
68719477228	107374182402	dGhpcw==	dGhpcw==	QmFzZUl0ZXJhdG9yKg==	622	111669149838
68719477229	107374182402	ZmlsbENhY2hl	ZmlsbENhY2hl	Ym9vbA==	622	111669149846
68719477230	107374182402	dGhpcw==	dGhpcw==	QmFzZUl0ZXJhdG9yKg==	623	111669149838
68719477231	107374182402	dGhpcw==	dGhpcw==	QmFzZUl0ZXJhdG9yKg==	624	111669149838
68719477232	107374182402	ZGF0YWJhc2U=	ZGF0YWJhc2U=	RGF0YWJhc2Uq	624	111669149839
68719477233	107374182402	dGhpcw==	dGhpcw==	QmFzZUl0ZXJhdG9yKg==	625	111669149838
68719477234	107374182402	dGhpcw==	dGhpcw==	QmFzZUl0ZXJhdG9yKg==	625	111669149838
68719477235	107374182402	dGhpcw==	dGhpcw==	QmFzZUl0ZXJhdG9yKg==	625	111669149838
68719477236	107374182402	dGhpcw==	dGhpcw==	QmFzZUl0ZXJhdG9yKg==	611	111669149838
68719477237	107374182402	ZGF0YWJhc2U=	ZGF0YWJhc2U=	RGF0YWJhc2Uq	611	111669149839
68719477238	107374182402	dGhpcw==	dGhpcw==	QmFzZUl0ZXJhdG9yKg==	612	111669149838
68719477239	107374182402	dGhpcw==	dGhpcw==	QmFzZUl0ZXJhdG9yKg==	613	111669149838
68719477240	107374182402	dGhpcw==	dGhpcw==	QmFzZUl0ZXJhdG9yKg==	614	111669149838
68719477241	107374182402	cmV2ZXJzZQ==	cmV2ZXJzZQ==	Ym9vbA==	614	111669149840
68719477242	107374182402	dGhpcw==	dGhpcw==	QmFzZUl0ZXJhdG9yKg==	615	111669149838
68719477243	107374182402	bHQ=	bHQ=	c3RkLnN0cmluZyo=	615	111669149841
68719477244	107374182402	dGhpcw==	dGhpcw==	QmFzZUl0ZXJhdG9yKg==	616	111669149838
68719477245	107374182402	bHRl	bHRl	c3RkLnN0cmluZyo=	616	111669149842
68719477246	107374182402	dGhpcw==	dGhpcw==	QmFzZUl0ZXJhdG9yKg==	617	111669149838
68719477247	107374182402	Z3Q=	Z3Q=	c3RkLnN0cmluZyo=	617	111669149843
68719477248	107374182402	dGhpcw==	dGhpcw==	QmFzZUl0ZXJhdG9yKg==	618	111669149838
68719477249	107374182402	Z3Rl	Z3Rl	c3RkLnN0cmluZyo=	618	111669149844
68719477250	107374182402	dGhpcw==	dGhpcw==	QmFzZUl0ZXJhdG9yKg==	619	111669149838
68719477251	107374182402	bGltaXQ=	bGltaXQ=	aW50	619	111669149845
68719477252	107374182402	dGhpcw==	dGhpcw==	QmFzZUl0ZXJhdG9yKg==	620	111669149838
68719477253	107374182402	dGhpcw==	dGhpcw==	QmFzZUl0ZXJhdG9yKg==	629	111669149847
68719477254	107374182402	dGhpcw==	dGhpcw==	QmFzZUl0ZXJhdG9yKg==	631	111669149847
68719477255	107374182402	TlVMTA==	PHVua25vd24+IE5VTEw=	QU5Z	631	94489280721
68719477256	107374182402	dGhpcw==	dGhpcw==	QmFzZUl0ZXJhdG9yKg==	631	111669149847
68719477257	107374182402	dGhpcw==	dGhpcw==	QmFzZUl0ZXJhdG9yKg==	632	111669149847
68719477258	107374182402	TlVMTA==	PHVua25vd24+IE5VTEw=	QU5Z	632	94489280721
68719477259	107374182402	dGhpcw==	dGhpcw==	QmFzZUl0ZXJhdG9yKg==	632	111669149847
68719477260	107374182402	dGhpcw==	dGhpcw==	QmFzZUl0ZXJhdG9yKg==	633	111669149847
68719477261	107374182402	TlVMTA==	PHVua25vd24+IE5VTEw=	QU5Z	633	94489280721
68719477262	107374182402	dGhpcw==	dGhpcw==	QmFzZUl0ZXJhdG9yKg==	633	111669149847
68719477263	107374182402	dGhpcw==	dGhpcw==	QmFzZUl0ZXJhdG9yKg==	634	111669149847
68719477264	107374182402	TlVMTA==	PHVua25vd24+IE5VTEw=	QU5Z	634	94489280721
68719477265	107374182402	dGhpcw==	dGhpcw==	QmFzZUl0ZXJhdG9yKg==	634	111669149847
68719477266	107374182402	dGhpcw==	dGhpcw==	QmFzZUl0ZXJhdG9yKg==	636	111669149847
68719477267	107374182402	dGhpcw==	dGhpcw==	QmFzZUl0ZXJhdG9yKg==	640	111669149848
68719477268	107374182402	dGhpcw==	dGhpcw==	QmFzZUl0ZXJhdG9yKg==	647	111669149849
68719477269	107374182402	dGhpcw==	dGhpcw==	QmFzZUl0ZXJhdG9yKg==	649	111669149849
68719477270	107374182402	dGhpcw==	dGhpcw==	QmFzZUl0ZXJhdG9yKg==	649	111669149849
68719477271	107374182402	TlVMTA==	PHVua25vd24+IE5VTEw=	QU5Z	649	94489280720
68719477272	107374182402	dGhpcw==	dGhpcw==	QmFzZUl0ZXJhdG9yKg==	650	111669149849
68719477273	107374182402	dGhpcw==	dGhpcw==	QmFzZUl0ZXJhdG9yKg==	650	111669149849
68719477274	107374182402	dGhpcw==	dGhpcw==	QmFzZUl0ZXJhdG9yKg==	651	111669149849
68719477275	107374182402	dGhpcw==	dGhpcw==	QmFzZUl0ZXJhdG9yKg==	651	111669149849
68719477276	107374182402	TlVMTA==	PHVua25vd24+IE5VTEw=	QU5Z	651	94489280720
68719477277	107374182402	dGhpcw==	dGhpcw==	QmFzZUl0ZXJhdG9yKg==	652	111669149849
68719477278	107374182402	dGhpcw==	dGhpcw==	QmFzZUl0ZXJhdG9yKg==	652	111669149849
68719477279	107374182402	dGhpcw==	dGhpcw==	QmFzZUl0ZXJhdG9yKg==	654	111669149849
68719477280	107374182402	dGhpcw==	dGhpcw==	QmFzZUl0ZXJhdG9yKg==	654	111669149849
68719477281	107374182402	dGhpcw==	dGhpcw==	QmFzZUl0ZXJhdG9yKg==	654	111669149849
68719477282	107374182402	dGhpcw==	dGhpcw==	QmFzZUl0ZXJhdG9yKg==	655	111669149849
68719477283	107374182402	dGhpcw==	dGhpcw==	QmFzZUl0ZXJhdG9yKg==	657	111669149849
68719477284	107374182402	dGhpcw==	dGhpcw==	QmFzZUl0ZXJhdG9yKg==	657	111669149849
68719477285	107374182402	TlVMTA==	PHVua25vd24+IE5VTEw=	QU5Z	657	94489280720
68719477286	107374182402	dGhpcw==	dGhpcw==	QmFzZUl0ZXJhdG9yKg==	658	111669149849
68719477287	107374182402	dGhpcw==	dGhpcw==	QmFzZUl0ZXJhdG9yKg==	658	111669149849
68719477288	107374182402	dGhpcw==	dGhpcw==	QmFzZUl0ZXJhdG9yKg==	660	111669149849
68719477289	107374182402	dGhpcw==	dGhpcw==	QmFzZUl0ZXJhdG9yKg==	661	111669149849
68719477290	107374182402	dGhpcw==	dGhpcw==	QmFzZUl0ZXJhdG9yKg==	662	111669149849
68719477291	107374182402	dGhpcw==	dGhpcw==	QmFzZUl0ZXJhdG9yKg==	662	111669149849
68719477292	107374182402	dGhpcw==	dGhpcw==	QmFzZUl0ZXJhdG9yKg==	663	111669149849
68719477293	107374182402	dGhpcw==	dGhpcw==	QmFzZUl0ZXJhdG9yKg==	665	111669149849
68719477294	107374182402	dGhpcw==	dGhpcw==	QmFzZUl0ZXJhdG9yKg==	665	111669149849
68719477295	107374182402	TlVMTA==	PHVua25vd24+IE5VTEw=	QU5Z	665	94489280720
68719477296	107374182402	dGhpcw==	dGhpcw==	QmFzZUl0ZXJhdG9yKg==	666	111669149849
68719477297	107374182402	dGhpcw==	dGhpcw==	QmFzZUl0ZXJhdG9yKg==	666	111669149849
68719477298	107374182402	dGhpcw==	dGhpcw==	QmFzZUl0ZXJhdG9yKg==	668	111669149849
68719477299	107374182402	dGhpcw==	dGhpcw==	QmFzZUl0ZXJhdG9yKg==	669	111669149849
68719477300	107374182402	dGhpcw==	dGhpcw==	QmFzZUl0ZXJhdG9yKg==	670	111669149849
68719477301	107374182402	dGhpcw==	dGhpcw==	QmFzZUl0ZXJhdG9yKg==	670	111669149849
68719477302	107374182402	dGhpcw==	dGhpcw==	QmFzZUl0ZXJhdG9yKg==	671	111669149849
68719477303	107374182402	dGhpcw==	dGhpcw==	QmFzZUl0ZXJhdG9yKg==	673	111669149849
68719477304	107374182402	dGhpcw==	dGhpcw==	QmFzZUl0ZXJhdG9yKg==	674	111669149849
68719477305	107374182402	dGhpcw==	dGhpcw==	QmFzZUl0ZXJhdG9yKg==	676	111669149849
68719477306	107374182402	dGhpcw==	dGhpcw==	QmFzZUl0ZXJhdG9yKg==	684	111669149850
68719477307	107374182402	dGFyZ2V0	dGFyZ2V0	bGV2ZWxkYi5TbGljZSY=	686	111669149851
68719477308	107374182402	dGhpcw==	dGhpcw==	QmFzZUl0ZXJhdG9yKg==	690	111669149850
68719477309	107374182402	dGFyZ2V0	dGFyZ2V0	bGV2ZWxkYi5TbGljZSY=	690	111669149851
68719477310	107374182402	dGhpcw==	dGhpcw==	QmFzZUl0ZXJhdG9yKg==	692	111669149850
68719477311	107374182402	Y21w	Y21w	aW50	693	94489280557
68719477312	107374182402	dGhpcw==	dGhpcw==	QmFzZUl0ZXJhdG9yKg==	693	111669149850
68719477313	107374182402	dGFyZ2V0	dGFyZ2V0	bGV2ZWxkYi5TbGljZSY=	693	111669149851
68719477314	107374182402	dGhpcw==	dGhpcw==	QmFzZUl0ZXJhdG9yKg==	694	111669149850
68719477315	107374182402	Y21w	Y21w	aW50	694	94489280557
68719477316	107374182402	Y21w	Y21w	aW50	694	94489280557
68719477317	107374182402	dGhpcw==	dGhpcw==	QmFzZUl0ZXJhdG9yKg==	699	111669149850
68719477318	107374182402	Y21w	Y21w	aW50	700	94489280558
68719477319	107374182402	dGhpcw==	dGhpcw==	QmFzZUl0ZXJhdG9yKg==	700	111669149850
68719477320	107374182402	dGFyZ2V0	dGFyZ2V0	bGV2ZWxkYi5TbGljZSY=	700	111669149851
68719477321	107374182402	dGhpcw==	dGhpcw==	QmFzZUl0ZXJhdG9yKg==	701	111669149850
68719477322	107374182402	Y21w	Y21w	aW50	701	94489280558
68719477323	107374182402	Y21w	Y21w	aW50	701	94489280558
68719477324	107374182402	dGhpcw==	dGhpcw==	QmFzZUl0ZXJhdG9yKg==	709	111669149852
68719477325	107374182402	dGhpcw==	dGhpcw==	QmFzZUl0ZXJhdG9yKg==	710	111669149852
68719477326	107374182402	dGhpcw==	dGhpcw==	QmFzZUl0ZXJhdG9yKg==	711	111669149852
68719477327	107374182402	dGhpcw==	dGhpcw==	QmFzZUl0ZXJhdG9yKg==	712	111669149852
68719477328	107374182402	TlVMTA==	PHVua25vd24+IE5VTEw=	QU5Z	712	94489280719
68719477329	107374182402	dGhpcw==	dGhpcw==	QmFzZUl0ZXJhdG9yKg==	713	111669149852
68719477330	107374182402	dGhpcw==	dGhpcw==	QmFzZUl0ZXJhdG9yKg==	713	111669149852
68719477331	107374182402	dGhpcw==	dGhpcw==	QmFzZUl0ZXJhdG9yKg==	718	111669149853
68719477332	107374182402	dGhpcw==	dGhpcw==	QmFzZUl0ZXJhdG9yKg==	718	111669149853
68719477333	107374182402	dGhpcw==	dGhpcw==	QmFzZUl0ZXJhdG9yKg==	722	111669149854
68719477334	107374182402	dGhpcw==	dGhpcw==	QmFzZUl0ZXJhdG9yKg==	722	111669149854
68719477335	107374182402	dGhpcw==	dGhpcw==	QmFzZUl0ZXJhdG9yKg==	722	111669149854
68719477336	107374182402	dGhpcw==	dGhpcw==	QmFzZUl0ZXJhdG9yKg==	726	111669149855
68719477337	107374182402	dGhpcw==	dGhpcw==	QmFzZUl0ZXJhdG9yKg==	726	111669149855
68719477338	107374182402	dGhpcw==	dGhpcw==	QmFzZUl0ZXJhdG9yKg==	727	111669149855
68719477339	107374182402	dGhpcw==	dGhpcw==	QmFzZUl0ZXJhdG9yKg==	731	111669149856
68719477340	107374182402	dGhpcw==	dGhpcw==	QmFzZUl0ZXJhdG9yKg==	731	111669149856
68719477341	107374182402	dGhpcw==	dGhpcw==	QmFzZUl0ZXJhdG9yKg==	732	111669149856
68719477342	107374182402	dGhpcw==	dGhpcw==	QmFzZUl0ZXJhdG9yKg==	736	111669149857
68719477343	107374182402	dGhpcw==	dGhpcw==	QmFzZUl0ZXJhdG9yKg==	736	111669149857
68719477344	107374182402	dGhpcw==	dGhpcw==	QmFzZUl0ZXJhdG9yKg==	737	111669149857
68719477345	107374182402	dGhpcw==	dGhpcw==	QmFzZUl0ZXJhdG9yKg==	746	111669149859
68719477346	107374182402	dGhpcw==	dGhpcw==	QmFzZUl0ZXJhdG9yKg==	750	111669149860
68719477347	107374182402	dGhpcw==	dGhpcw==	QmFzZUl0ZXJhdG9yKg==	754	111669149861
68719477348	107374182402	dGhpcw==	dGhpcw==	QmFzZUl0ZXJhdG9yKg==	764	111669149862
68719477349	107374182402	TlVMTA==	PHVua25vd24+IE5VTEw=	QU5Z	764	94489280718
68719477350	107374182402	dGFyZ2V0	dGFyZ2V0	bGV2ZWxkYi5TbGljZSY=	764	111669149863
68719477351	107374182402	dGhpcw==	dGhpcw==	QmFzZUl0ZXJhdG9yKg==	764	111669149862
68719477352	107374182402	dGhpcw==	dGhpcw==	QmFzZUl0ZXJhdG9yKg==	765	111669149862
68719477353	107374182402	TlVMTA==	PHVua25vd24+IE5VTEw=	QU5Z	765	94489280718
68719477354	107374182402	dGFyZ2V0	dGFyZ2V0	bGV2ZWxkYi5TbGljZSY=	765	111669149863
68719477355	107374182402	dGhpcw==	dGhpcw==	QmFzZUl0ZXJhdG9yKg==	765	111669149862
68719477356	107374182402	dGhpcw==	dGhpcw==	QmFzZUl0ZXJhdG9yKg==	766	111669149862
68719477357	107374182402	TlVMTA==	PHVua25vd24+IE5VTEw=	QU5Z	766	94489280718
68719477358	107374182402	dGFyZ2V0	dGFyZ2V0	bGV2ZWxkYi5TbGljZSY=	766	111669149863
68719477359	107374182402	dGhpcw==	dGhpcw==	QmFzZUl0ZXJhdG9yKg==	766	111669149862
68719477360	107374182402	dGhpcw==	dGhpcw==	QmFzZUl0ZXJhdG9yKg==	767	111669149862
68719477361	107374182402	TlVMTA==	PHVua25vd24+IE5VTEw=	QU5Z	767	94489280718
68719477362	107374182402	dGFyZ2V0	dGFyZ2V0	bGV2ZWxkYi5TbGljZSY=	767	111669149863
68719477363	107374182402	dGhpcw==	dGhpcw==	QmFzZUl0ZXJhdG9yKg==	767	111669149862
68719477364	107374182402	ZGF0YWJhc2Vf	ZGF0YWJhc2Vf	RGF0YWJhc2Uq	770	94489280717
68719477365	107374182402	PHRtcD4w	PHRtcD4w	QU5Z	770	94489280716
68719477366	107374182402	PHRtcD4w	PHRtcD4w	QU5Z	770	94489280716
68719477367	107374182402	PHRtcD4w	PHRtcD4w	QU5Z	770	94489280716
68719477368	107374182402	dGhpcw==	dGhpcw==	SXRlcmF0b3Iq	804	111669149864
68719477369	107374182402	ZGF0YWJhc2U=	ZGF0YWJhc2U=	RGF0YWJhc2Uq	804	111669149865
68719477370	107374182402	dGhpcw==	dGhpcw==	SXRlcmF0b3Iq	805	111669149864
68719477371	107374182402	aWQ=	aWQ=	dWludDMyX3Q=	805	111669149866
68719477372	107374182402	dGhpcw==	dGhpcw==	SXRlcmF0b3Iq	806	111669149864
68719477373	107374182402	a2V5cw==	a2V5cw==	Ym9vbA==	806	111669149868
68719477374	107374182402	dGhpcw==	dGhpcw==	SXRlcmF0b3Iq	807	111669149864
68719477375	107374182402	dmFsdWVz	dmFsdWVz	Ym9vbA==	807	111669149869
68719477376	107374182402	dGhpcw==	dGhpcw==	SXRlcmF0b3Iq	808	111669149864
68719477377	107374182402	a2V5QXNCdWZmZXI=	a2V5QXNCdWZmZXI=	Ym9vbA==	808	111669149876
68719477378	107374182402	dGhpcw==	dGhpcw==	SXRlcmF0b3Iq	809	111669149864
68719477379	107374182402	dmFsdWVBc0J1ZmZlcg==	dmFsdWVBc0J1ZmZlcg==	Ym9vbA==	809	111669149877
68719477380	107374182402	dGhpcw==	dGhpcw==	SXRlcmF0b3Iq	810	111669149864
68719477381	107374182402	aGlnaFdhdGVyTWFyaw==	aGlnaFdhdGVyTWFyaw==	dWludDMyX3Q=	810	111669149878
68719477382	107374182402	dGhpcw==	dGhpcw==	SXRlcmF0b3Iq	811	111669149864
68719477383	107374182402	dGhpcw==	dGhpcw==	SXRlcmF0b3Iq	812	111669149864
68719477384	107374182402	dGhpcw==	dGhpcw==	SXRlcmF0b3Iq	813	111669149864
68719477385	107374182402	dGhpcw==	dGhpcw==	SXRlcmF0b3Iq	814	111669149864
68719477386	107374182402	TlVMTA==	PHVua25vd24+IE5VTEw=	QU5Z	814	94489280715
68719477387	107374182402	dGhpcw==	dGhpcw==	SXRlcmF0b3Iq	815	111669149864
68719477388	107374182402	TlVMTA==	PHVua25vd24+IE5VTEw=	QU5Z	815	94489280715
68719477389	107374182402	ZW52	ZW52	bmFwaV9lbnY=	821	111669149881
68719477390	107374182402	Y29udGV4dA==	Y29udGV4dA==	bmFwaV92YWx1ZQ==	821	111669149882
68719477391	107374182402	dGhpcw==	dGhpcw==	SXRlcmF0b3Iq	821	111669149880
68719477392	107374182402	dGhpcw==	dGhpcw==	SXRlcmF0b3Iq	822	111669149880
68719477393	107374182402	ZW52	ZW52	bmFwaV9lbnY=	822	111669149881
68719477394	107374182402	dGhpcw==	dGhpcw==	SXRlcmF0b3Iq	822	111669149880
68719477395	107374182402	dGhpcw==	dGhpcw==	SXRlcmF0b3Iq	822	111669149880
68719477396	107374182402	dGhpcw==	dGhpcw==	SXRlcmF0b3Iq	826	111669149883
68719477397	107374182402	ZW52	ZW52	bmFwaV9lbnY=	826	111669149884
68719477398	107374182402	dGhpcw==	dGhpcw==	SXRlcmF0b3Iq	826	111669149883
68719477399	107374182402	dGhpcw==	dGhpcw==	SXRlcmF0b3Iq	827	111669149883
68719477400	107374182402	TlVMTA==	PHVua25vd24+IE5VTEw=	QU5Z	827	94489280714
68719477401	107374182402	ZW52	ZW52	bmFwaV9lbnY=	827	111669149884
68719477402	107374182402	dGhpcw==	dGhpcw==	SXRlcmF0b3Iq	827	111669149883
68719477403	107374182402	dGhpcw==	dGhpcw==	SXRlcmF0b3Iq	831	111669149885
68719477404	107374182402	Ynl0ZXNSZWFk	Ynl0ZXNSZWFk	c2l6ZV90	832	94489280559
68719477405	107374182402	dGhpcw==	dGhpcw==	SXRlcmF0b3Iq	835	111669149885
68719477406	107374182402	dGhpcw==	dGhpcw==	SXRlcmF0b3Iq	838	111669149885
68719477407	107374182402	c2xpY2U=	c2xpY2U=	bGV2ZWxkYi5TbGljZQ==	839	94489280560
68719477408	107374182402	dGhpcw==	dGhpcw==	SXRlcmF0b3Iq	840	111669149885
68719477409	107374182402	c2xpY2U=	c2xpY2U=	bGV2ZWxkYi5TbGljZQ==	840	94489280560
68719477410	107374182402	c2xpY2U=	c2xpY2U=	bGV2ZWxkYi5TbGljZQ==	840	94489280560
68719477411	107374182402	Ynl0ZXNSZWFk	Ynl0ZXNSZWFk	c2l6ZV90	841	94489280559
68719477412	107374182402	c2xpY2U=	c2xpY2U=	bGV2ZWxkYi5TbGljZQ==	841	94489280560
68719477413	107374182402	dGhpcw==	dGhpcw==	SXRlcmF0b3Iq	843	111669149885
68719477414	107374182402	dGhpcw==	dGhpcw==	SXRlcmF0b3Iq	846	111669149885
68719477415	107374182402	c2xpY2U=	c2xpY2U=	bGV2ZWxkYi5TbGljZQ==	847	94489280561
68719477416	107374182402	dGhpcw==	dGhpcw==	SXRlcmF0b3Iq	848	111669149885
68719477417	107374182402	c2xpY2U=	c2xpY2U=	bGV2ZWxkYi5TbGljZQ==	848	94489280561
68719477418	107374182402	c2xpY2U=	c2xpY2U=	bGV2ZWxkYi5TbGljZQ==	848	94489280561
68719477419	107374182402	Ynl0ZXNSZWFk	Ynl0ZXNSZWFk	c2l6ZV90	849	94489280559
68719477420	107374182402	c2xpY2U=	c2xpY2U=	bGV2ZWxkYi5TbGljZQ==	849	94489280561
68719477421	107374182402	dGhpcw==	dGhpcw==	SXRlcmF0b3Iq	851	111669149885
68719477422	107374182402	dGhpcw==	dGhpcw==	SXRlcmF0b3Iq	854	111669149885
68719477423	107374182402	dGhpcw==	dGhpcw==	SXRlcmF0b3Iq	855	111669149885
68719477424	107374182402	Ynl0ZXNSZWFk	Ynl0ZXNSZWFk	c2l6ZV90	859	94489280559
68719477425	107374182402	dGhpcw==	dGhpcw==	SXRlcmF0b3Iq	859	111669149885
68719477426	107374182402	dGhpcw==	dGhpcw==	SXRlcmF0b3Iq	859	111669149885
68719477427	107374182402	c2l6ZQ==	c2l6ZQ==	dWludDMyX3Q=	859	111669149886
68719477428	107374182402	ZW5kV29ya2VyXw==	ZW5kV29ya2VyXw==	QmFzZVdvcmtlcio=	876	94489280713
68719477429	107374182402	PHRtcD4w	PHRtcD4w	QU5Z	876	94489280712
68719477430	107374182402	PHRtcD4w	PHRtcD4w	QU5Z	876	94489280712
68719477431	107374182402	PHRtcD4w	PHRtcD4w	QU5Z	876	94489280712
68719477432	107374182402	Y2FjaGVf	Y2FjaGVf	QU5Z	877	94489280711
68719477433	107374182402	PHRtcD4x	PHRtcD4x	QU5Z	877	94489280710
68719477434	107374182402	PHRtcD4x	PHRtcD4x	QU5Z	877	94489280710
68719477435	107374182402	PHRtcD4x	PHRtcD4x	QU5Z	877	94489280710
68719477436	107374182402	ZGF0YWJhc2U=	ZGF0YWJhc2U=	RGF0YWJhc2Uq	889	94489280562
68719477437	107374182402	YXJn	YXJn	dm9pZCo=	889	111669149887
68719477438	107374182402	ZGF0YWJhc2U=	ZGF0YWJhc2U=	RGF0YWJhc2Uq	897	94489280562
68719477439	107374182402	ZGF0YWJhc2U=	ZGF0YWJhc2U=	RGF0YWJhc2Uq	897	94489280562
68719477440	107374182402	TlVMTA==	PHVua25vd24+IE5VTEw=	QU5Z	897	94489280709
68719477441	107374182402	aXRlcmF0b3Jz	aXRlcmF0b3Jz	c3RkLm1hcA==	898	94489280563
68719477442	107374182402	ZGF0YWJhc2U=	ZGF0YWJhc2U=	RGF0YWJhc2Uq	898	94489280562
68719477443	107374182402	aXQ=	aXQ=	c3RkLm1hcC5pdGVyYXRvcg==	902	94489280564
68719477444	107374182402	aXRlcmF0b3Jz	aXRlcmF0b3Jz	c3RkLm1hcA==	902	94489280563
68719477445	107374182402	aXQ=	aXQ=	c3RkLm1hcC5pdGVyYXRvcg==	902	94489280564
68719477446	107374182402	aXRlcmF0b3Jz	aXRlcmF0b3Jz	c3RkLm1hcA==	902	94489280563
68719477447	107374182402	aXQ=	aXQ=	c3RkLm1hcC5pdGVyYXRvcg==	902	94489280564
68719477448	107374182402	aXQ=	aXQ=	c3RkLm1hcC5pdGVyYXRvcg==	903	94489280564
68719477449	107374182402	ZGF0YWJhc2U=	ZGF0YWJhc2U=	RGF0YWJhc2Uq	907	94489280562
68719477450	107374182402	ZGF0YQ==	ZGF0YQ==	dm9pZCo=	915	111669149889
68719477451	107374182402	ZGF0YWJhc2U=	ZGF0YWJhc2U=	RGF0YWJhc2Uq	916	94489280565
68719477452	107374182402	ZGF0YQ==	ZGF0YQ==	dm9pZCo=	916	111669149889
68719477453	107374182402	ZW52	ZW52	bmFwaV9lbnY=	917	111669149888
68719477454	107374182402	ZGF0YWJhc2U=	ZGF0YWJhc2U=	RGF0YWJhc2Uq	917	94489280565
68719477455	107374182402	ZGF0YWJhc2U=	ZGF0YWJhc2U=	RGF0YWJhc2Uq	918	94489280565
68719477456	107374182402	TlVMTA==	PHVua25vd24+IE5VTEw=	QU5Z	918	94489280708
68719477457	107374182402	ZW52	ZW52	bmFwaV9lbnY=	918	111669149888
68719477458	107374182402	ZGF0YWJhc2U=	ZGF0YWJhc2U=	RGF0YWJhc2Uq	918	94489280565
68719477459	107374182402	ZGF0YWJhc2U=	ZGF0YWJhc2U=	RGF0YWJhc2Uq	919	94489280565
68719477460	107374182402	dGhpcw==	dGhpcw==	T3Blbldvcmtlcio=	964	111669149891
68719477461	107374182402	Y3JlYXRlSWZNaXNzaW5n	Y3JlYXRlSWZNaXNzaW5n	Ym9vbA==	964	111669149896
68719477462	107374182402	dGhpcw==	dGhpcw==	T3Blbldvcmtlcio=	965	111669149891
68719477463	107374182402	ZXJyb3JJZkV4aXN0cw==	ZXJyb3JJZkV4aXN0cw==	Ym9vbA==	965	111669149897
68719477464	107374182402	dGhpcw==	dGhpcw==	T3Blbldvcmtlcio=	966	111669149891
68719477465	107374182402	Y29tcHJlc3Npb24=	Y29tcHJlc3Npb24=	Ym9vbA==	966	111669149898
68719477466	107374182402	bGV2ZWxkYg==	bGV2ZWxkYg==	bGV2ZWxkYg==	967	94489280707
68719477467	107374182402	bGV2ZWxkYg==	bGV2ZWxkYg==	bGV2ZWxkYg==	968	94489280707
68719477468	107374182402	dGhpcw==	dGhpcw==	T3Blbldvcmtlcio=	969	111669149891
68719477469	107374182402	d3JpdGVCdWZmZXJTaXpl	d3JpdGVCdWZmZXJTaXpl	dWludDMyX3Q=	969	111669149899
68719477470	107374182402	dGhpcw==	dGhpcw==	T3Blbldvcmtlcio=	970	111669149891
68719477471	107374182402	bWF4T3BlbkZpbGVz	bWF4T3BlbkZpbGVz	dWludDMyX3Q=	970	111669149901
68719477472	107374182402	dGhpcw==	dGhpcw==	T3Blbldvcmtlcio=	971	111669149891
68719477473	107374182402	bWF4RmlsZVNpemU=	bWF4RmlsZVNpemU=	dWludDMyX3Q=	971	111669149903
68719477474	107374182402	dGhpcw==	dGhpcw==	T3Blbldvcmtlcio=	972	111669149891
68719477475	107374182402	aW5mb0xvZ0xldmVs	aW5mb0xvZ0xldmVs	c3RkLnN0cmluZyY=	974	111669149905
68719477476	107374182402	aW5mb0xvZ0xldmVs	aW5mb0xvZ0xldmVs	c3RkLnN0cmluZyY=	977	111669149905
68719477477	107374182402	bHZs	bHZs	cm9ja3NkYi5JbmZvTG9nTGV2ZWw=	977	94489280566
68719477478	107374182402	cm9ja3NkYg==	cm9ja3NkYg==	cm9ja3NkYg==	977	94489280705
68719477479	107374182402	aW5mb0xvZ0xldmVs	aW5mb0xvZ0xldmVs	c3RkLnN0cmluZyY=	978	111669149905
68719477480	107374182402	bHZs	bHZs	cm9ja3NkYi5JbmZvTG9nTGV2ZWw=	978	94489280566
68719477481	107374182402	cm9ja3NkYg==	cm9ja3NkYg==	cm9ja3NkYg==	978	94489280705
68719477482	107374182402	aW5mb0xvZ0xldmVs	aW5mb0xvZ0xldmVs	c3RkLnN0cmluZyY=	979	111669149905
68719477483	107374182402	bHZs	bHZs	cm9ja3NkYi5JbmZvTG9nTGV2ZWw=	979	94489280566
68719477484	107374182402	cm9ja3NkYg==	cm9ja3NkYg==	cm9ja3NkYg==	979	94489280705
68719477485	107374182402	aW5mb0xvZ0xldmVs	aW5mb0xvZ0xldmVs	c3RkLnN0cmluZyY=	980	111669149905
68719477486	107374182402	bHZs	bHZs	cm9ja3NkYi5JbmZvTG9nTGV2ZWw=	980	94489280566
68719477487	107374182402	cm9ja3NkYg==	cm9ja3NkYg==	cm9ja3NkYg==	980	94489280705
68719477488	107374182402	aW5mb0xvZ0xldmVs	aW5mb0xvZ0xldmVs	c3RkLnN0cmluZyY=	981	111669149905
68719477489	107374182402	bHZs	bHZs	cm9ja3NkYi5JbmZvTG9nTGV2ZWw=	981	94489280566
68719477490	107374182402	cm9ja3NkYg==	cm9ja3NkYg==	cm9ja3NkYg==	981	94489280705
68719477491	107374182402	aW5mb0xvZ0xldmVs	aW5mb0xvZ0xldmVs	c3RkLnN0cmluZyY=	982	111669149905
68719477492	107374182402	bHZs	bHZs	cm9ja3NkYi5JbmZvTG9nTGV2ZWw=	982	94489280566
68719477493	107374182402	cm9ja3NkYg==	cm9ja3NkYg==	cm9ja3NkYg==	982	94489280705
68719477494	107374182402	ZW52	ZW52	bmFwaV9lbnY=	983	111669149892
68719477495	107374182402	TlVMTA==	PHVua25vd24+IE5VTEw=	QU5Z	983	94489280706
68719477496	107374182402	dGhpcw==	dGhpcw==	T3Blbldvcmtlcio=	985	111669149891
68719477497	107374182402	bHZs	bHZs	cm9ja3NkYi5JbmZvTG9nTGV2ZWw=	985	94489280566
68719477498	107374182402	dGhpcw==	dGhpcw==	T3Blbldvcmtlcio=	989	111669149891
68719477499	107374182402	cm9ja3NkYg==	cm9ja3NkYg==	cm9ja3NkYg==	989	94489280705
68719477500	107374182402	dGhpcw==	dGhpcw==	T3Blbldvcmtlcio=	990	111669149891
68719477501	107374182402	PHRtcD4w	PHRtcD4w	TnVsbExvZ2dlcg==	990	94489280704
68719477502	107374182402	PHRtcD4w	PHRtcD4w	TnVsbExvZ2dlcg==	990	94489280704
68719477503	107374182402	PHRtcD4w	PHRtcD4w	TnVsbExvZ2dlcg==	990	94489280704
68719477504	107374182402	Y2FjaGVTaXpl	Y2FjaGVTaXpl	dWludDMyX3Q=	995	111669149904
68719477505	107374182402	dGFibGVPcHRpb25z	dGFibGVPcHRpb25z	cm9ja3NkYi5CbG9ja0Jhc2VkVGFibGVPcHRpb25z	996	94489280567
68719477506	107374182402	Y2FjaGVTaXpl	Y2FjaGVTaXpl	dWludDMyX3Q=	996	111669149904
68719477507	107374182402	dGFibGVPcHRpb25z	dGFibGVPcHRpb25z	cm9ja3NkYi5CbG9ja0Jhc2VkVGFibGVPcHRpb25z	998	94489280567
68719477508	107374182402	dGFibGVPcHRpb25z	dGFibGVPcHRpb25z	cm9ja3NkYi5CbG9ja0Jhc2VkVGFibGVPcHRpb25z	1001	94489280567
68719477509	107374182402	YmxvY2tTaXpl	YmxvY2tTaXpl	dWludDMyX3Q=	1001	111669149900
68719477510	107374182402	dGFibGVPcHRpb25z	dGFibGVPcHRpb25z	cm9ja3NkYi5CbG9ja0Jhc2VkVGFibGVPcHRpb25z	1002	94489280567
68719477511	107374182402	YmxvY2tSZXN0YXJ0SW50ZXJ2YWw=	YmxvY2tSZXN0YXJ0SW50ZXJ2YWw=	dWludDMyX3Q=	1002	111669149902
68719477512	107374182402	dGFibGVPcHRpb25z	dGFibGVPcHRpb25z	cm9ja3NkYi5CbG9ja0Jhc2VkVGFibGVPcHRpb25z	1003	94489280567
68719477513	107374182402	dGhpcw==	dGhpcw==	T3Blbldvcmtlcio=	1005	111669149891
68719477514	107374182402	dGFibGVPcHRpb25z	dGFibGVPcHRpb25z	cm9ja3NkYi5CbG9ja0Jhc2VkVGFibGVPcHRpb25z	1006	94489280567
68719477515	107374182402	dGhpcw==	dGhpcw==	T3Blbldvcmtlcio=	961	111669149891
68719477516	107374182402	ZW52	ZW52	bmFwaV9lbnY=	961	111669149892
68719477517	107374182402	dGhpcw==	dGhpcw==	T3Blbldvcmtlcio=	962	111669149891
68719477518	107374182402	cmVhZE9ubHk=	cmVhZE9ubHk=	Ym9vbA==	962	111669149906
68719477519	107374182402	dGhpcw==	dGhpcw==	T3Blbldvcmtlcio=	963	111669149891
68719477520	107374182402	bG9jYXRpb24=	bG9jYXRpb24=	c3RkLnN0cmluZyY=	963	111669149895
68719477521	107374182402	dGhpcw==	dGhpcw==	T3Blbldvcmtlcio=	1013	111669149908
68719477522	107374182402	dGhpcw==	dGhpcw==	T3Blbldvcmtlcio=	1013	111669149908
68719477523	107374182402	dGhpcw==	dGhpcw==	T3Blbldvcmtlcio=	1013	111669149908
68719477524	107374182402	dGhpcw==	dGhpcw==	T3Blbldvcmtlcio=	1013	111669149908
68719477525	107374182402	dGhpcw==	dGhpcw==	Q2xvc2VXb3JrZXIq	1065	111669149909
68719477526	107374182402	ZW52	ZW52	bmFwaV9lbnY=	1065	111669149910
68719477527	107374182402	dGhpcw==	dGhpcw==	Q2xvc2VXb3JrZXIq	1070	111669149914
68719477528	107374182402	dGhpcw==	dGhpcw==	UHV0V29ya2VyKg==	1120	111669149917
68719477529	107374182402	c3luYw==	c3luYw==	Ym9vbA==	1120	111669149923
68719477530	107374182402	dGhpcw==	dGhpcw==	UHV0V29ya2VyKg==	1118	111669149917
68719477531	107374182402	ZW52	ZW52	bmFwaV9lbnY=	1118	111669149918
68719477532	107374182402	dGhpcw==	dGhpcw==	UHV0V29ya2VyKg==	1119	111669149917
68719477533	107374182402	a2V5	a2V5	bGV2ZWxkYi5TbGljZQ==	1119	111669149921
68719477534	107374182402	dGhpcw==	dGhpcw==	UHV0V29ya2VyKg==	1119	111669149917
68719477535	107374182402	dmFsdWU=	dmFsdWU=	bGV2ZWxkYi5TbGljZQ==	1119	111669149922
68719477536	107374182402	dGhpcw==	dGhpcw==	UHV0V29ya2VyKg==	1124	111669149924
68719477537	107374182402	dGhpcw==	dGhpcw==	UHV0V29ya2VyKg==	1125	111669149924
68719477538	107374182402	dGhpcw==	dGhpcw==	UHV0V29ya2VyKg==	1129	111669149925
68719477539	107374182402	dGhpcw==	dGhpcw==	UHV0V29ya2VyKg==	1129	111669149925
68719477540	107374182402	dGhpcw==	dGhpcw==	UHV0V29ya2VyKg==	1129	111669149925
68719477541	107374182402	dGhpcw==	dGhpcw==	UHV0V29ya2VyKg==	1129	111669149925
68719477542	107374182402	dGhpcw==	dGhpcw==	R2V0V29ya2VyKg==	1168	111669149926
68719477543	107374182402	ZmlsbENhY2hl	ZmlsbENhY2hl	Ym9vbA==	1168	111669149932
68719477544	107374182402	dGhpcw==	dGhpcw==	R2V0V29ya2VyKg==	1165	111669149926
68719477545	107374182402	ZW52	ZW52	bmFwaV9lbnY=	1165	111669149927
68719477546	107374182402	dGhpcw==	dGhpcw==	R2V0V29ya2VyKg==	1166	111669149926
68719477547	107374182402	a2V5	a2V5	bGV2ZWxkYi5TbGljZQ==	1166	111669149930
68719477548	107374182402	dGhpcw==	dGhpcw==	R2V0V29ya2VyKg==	1167	111669149926
68719477549	107374182402	YXNCdWZmZXI=	YXNCdWZmZXI=	Ym9vbA==	1167	111669149931
68719477550	107374182402	dGhpcw==	dGhpcw==	R2V0V29ya2VyKg==	1172	111669149933
68719477551	107374182402	dGhpcw==	dGhpcw==	R2V0V29ya2VyKg==	1176	111669149934
68719477552	107374182402	dGhpcw==	dGhpcw==	R2V0V29ya2VyKg==	1176	111669149934
68719477553	107374182402	dGhpcw==	dGhpcw==	R2V0V29ya2VyKg==	1176	111669149934
68719477554	107374182402	dGhpcw==	dGhpcw==	R2V0V29ya2VyKg==	1176	111669149934
68719477555	107374182402	YXJndg==	YXJndg==	bmFwaV92YWx1ZVsyXQ==	1180	94489280568
68719477556	107374182402	bmFwaV92YWx1ZVsyXQ==	bmFwaV92YWx1ZVsyXQ==	bmFwaV92YWx1ZVsyXQ==	1180	
68719477557	107374182402	ZW52	ZW52	bmFwaV9lbnY=	1181	111669149936
68719477558	107374182402	YXJndg==	YXJndg==	bmFwaV92YWx1ZVsyXQ==	1181	94489280568
68719477559	107374182402	ZW52	ZW52	bmFwaV9lbnY=	1182	111669149936
68719477560	107374182402	dGhpcw==	dGhpcw==	R2V0V29ya2VyKg==	1182	111669149935
68719477561	107374182402	dGhpcw==	dGhpcw==	R2V0V29ya2VyKg==	1182	111669149935
68719477562	107374182402	YXJndg==	YXJndg==	bmFwaV92YWx1ZVsyXQ==	1182	94489280568
68719477563	107374182402	ZW52	ZW52	bmFwaV9lbnY=	1183	111669149936
68719477564	107374182402	Y2FsbGJhY2s=	Y2FsbGJhY2s=	bmFwaV92YWx1ZQ==	1183	111669149937
68719477565	107374182402	YXJndg==	YXJndg==	bmFwaV92YWx1ZVsyXQ==	1183	94489280568
68719477566	107374182402	dGhpcw==	dGhpcw==	R2V0TWFueVdvcmtlcio=	1225	111669149938
68719477567	107374182402	ZmlsbENhY2hl	ZmlsbENhY2hl	Ym9vbA==	1225	111669149944
68719477568	107374182402	dGhpcw==	dGhpcw==	R2V0TWFueVdvcmtlcio=	1226	111669149938
68719477569	107374182402	ZGF0YWJhc2U=	ZGF0YWJhc2U=	RGF0YWJhc2Uq	1226	111669149940
68719477570	107374182402	dGhpcw==	dGhpcw==	R2V0TWFueVdvcmtlcio=	1223	111669149938
68719477571	107374182402	ZW52	ZW52	bmFwaV9lbnY=	1223	111669149939
68719477572	107374182402	dGhpcw==	dGhpcw==	R2V0TWFueVdvcmtlcio=	1224	111669149938
68719477573	107374182402	a2V5cw==	a2V5cw==	c3RkLnZlY3Rvcio=	1224	111669149941
68719477574	107374182402	dGhpcw==	dGhpcw==	R2V0TWFueVdvcmtlcio=	1224	111669149938
68719477575	107374182402	dmFsdWVBc0J1ZmZlcg==	dmFsdWVBc0J1ZmZlcg==	Ym9vbA==	1224	111669149943
68719477576	107374182402	dGhpcw==	dGhpcw==	R2V0TWFueVdvcmtlcio=	1230	111669149945
68719477577	107374182402	dGhpcw==	dGhpcw==	R2V0TWFueVdvcmtlcio=	1234	111669149946
68719477578	107374182402	dGhpcw==	dGhpcw==	R2V0TWFueVdvcmtlcio=	1234	111669149946
68719477579	107374182402	PGl0ZXJhdG9yPjA=	PGl0ZXJhdG9yPjA=	c3RkLml0ZXJhdG9y	1236	94489280699
68719477580	107374182402	dGhpcw==	dGhpcw==	R2V0TWFueVdvcmtlcio=	1236	111669149946
68719477581	107374182402	PGl0ZXJhdG9yPjA=	PGl0ZXJhdG9yPjA=	c3RkLml0ZXJhdG9y	1236	94489280699
68719477582	107374182402	a2V5	a2V5	c3RkLnN0cmluZyY=	1236	94489280571
68719477583	107374182402	PGl0ZXJhdG9yPjA=	PGl0ZXJhdG9yPjA=	c3RkLml0ZXJhdG9y	1236	94489280699
68719477584	107374182402	dmFsdWU=	dmFsdWU=	c3RkLnN0cmluZyo=	1237	94489280572
68719477585	107374182402	PHRtcD4w	PHRtcD4w	c3RkLnN0cmluZw==	1237	94489280698
68719477586	107374182402	PHRtcD4w	PHRtcD4w	c3RkLnN0cmluZw==	1237	94489280698
68719477587	107374182402	PHRtcD4w	PHRtcD4w	c3RkLnN0cmluZw==	1237	94489280698
68719477588	107374182402	c3RhdHVz	c3RhdHVz	bGV2ZWxkYi5TdGF0dXM=	1238	94489280573
68719477589	107374182402	dGhpcw==	dGhpcw==	R2V0TWFueVdvcmtlcio=	1238	111669149946
68719477590	107374182402	dGhpcw==	dGhpcw==	R2V0TWFueVdvcmtlcio=	1238	111669149946
68719477591	107374182402	a2V5	a2V5	c3RkLnN0cmluZyY=	1238	94489280571
68719477592	107374182402	dmFsdWU=	dmFsdWU=	c3RkLnN0cmluZyo=	1238	94489280572
68719477593	107374182402	c3RhdHVz	c3RhdHVz	bGV2ZWxkYi5TdGF0dXM=	1240	94489280573
68719477594	107374182402	dGhpcw==	dGhpcw==	R2V0TWFueVdvcmtlcio=	1241	111669149946
68719477595	107374182402	dmFsdWU=	dmFsdWU=	c3RkLnN0cmluZyo=	1241	94489280572
68719477596	107374182402	c3RhdHVz	c3RhdHVz	bGV2ZWxkYi5TdGF0dXM=	1242	94489280573
68719477597	107374182402	dmFsdWU=	dmFsdWU=	c3RkLnN0cmluZyo=	1243	94489280572
68719477598	107374182402	dGhpcw==	dGhpcw==	R2V0TWFueVdvcmtlcio=	1244	111669149946
68719477599	107374182402	TlVMTA==	PHVua25vd24+IE5VTEw=	QU5Z	1244	94489280696
68719477600	107374182402	dmFsdWU=	dmFsdWU=	c3RkLnN0cmluZyo=	1246	94489280572
68719477601	107374182402	PGl0ZXJhdG9yPjE=	PGl0ZXJhdG9yPjE=	c3RkLml0ZXJhdG9y	1247	94489280697
68719477602	107374182402	dGhpcw==	dGhpcw==	R2V0TWFueVdvcmtlcio=	1247	111669149946
68719477603	107374182402	PGl0ZXJhdG9yPjE=	PGl0ZXJhdG9yPjE=	c3RkLml0ZXJhdG9y	1247	94489280697
68719477604	107374182402	dmFsdWU=	dmFsdWU=	c3RkLnN0cmluZyo=	1247	94489280574
68719477605	107374182402	PGl0ZXJhdG9yPjE=	PGl0ZXJhdG9yPjE=	c3RkLml0ZXJhdG9y	1247	94489280697
68719477606	107374182402	dmFsdWU=	dmFsdWU=	c3RkLnN0cmluZyo=	1248	94489280574
68719477607	107374182402	TlVMTA==	PHVua25vd24+IE5VTEw=	QU5Z	1248	94489280696
68719477608	107374182402	dmFsdWU=	dmFsdWU=	c3RkLnN0cmluZyo=	1248	94489280574
68719477609	107374182402	c3RhdHVz	c3RhdHVz	bGV2ZWxkYi5TdGF0dXM=	1250	94489280573
68719477610	107374182402	dGhpcw==	dGhpcw==	R2V0TWFueVdvcmtlcio=	1255	111669149946
68719477611	107374182402	dGhpcw==	dGhpcw==	R2V0TWFueVdvcmtlcio=	1255	111669149946
68719477612	107374182402	c2l6ZQ==	c2l6ZQ==	c2l6ZV90	1259	94489280575
68719477613	107374182402	dGhpcw==	dGhpcw==	R2V0TWFueVdvcmtlcio=	1259	111669149947
68719477614	107374182402	ZW52	ZW52	bmFwaV9lbnY=	1261	111669149948
68719477615	107374182402	c2l6ZQ==	c2l6ZQ==	c2l6ZV90	1261	94489280575
68719477616	107374182402	YXJyYXk=	YXJyYXk=	bmFwaV92YWx1ZQ==	1261	94489280576
68719477617	107374182402	aWR4	aWR4	c2l6ZV90	1263	94489280577
68719477618	107374182402	aWR4	aWR4	c2l6ZV90	1263	94489280577
68719477619	107374182402	c2l6ZQ==	c2l6ZQ==	c2l6ZV90	1263	94489280575
68719477620	107374182402	aWR4	aWR4	c2l6ZV90	1263	94489280577
68719477621	107374182402	dmFsdWU=	dmFsdWU=	c3RkLnN0cmluZyo=	1264	94489280578
68719477622	107374182402	dGhpcw==	dGhpcw==	R2V0TWFueVdvcmtlcio=	1264	111669149947
68719477623	107374182402	aWR4	aWR4	c2l6ZV90	1264	94489280577
68719477624	107374182402	ZW52	ZW52	bmFwaV9lbnY=	1266	111669149948
68719477625	107374182402	dmFsdWU=	dmFsdWU=	c3RkLnN0cmluZyo=	1266	94489280578
68719477626	107374182402	dGhpcw==	dGhpcw==	R2V0TWFueVdvcmtlcio=	1266	111669149947
68719477627	107374182402	ZWxlbWVudA==	ZWxlbWVudA==	bmFwaV92YWx1ZQ==	1266	94489280579
68719477628	107374182402	ZW52	ZW52	bmFwaV9lbnY=	1267	111669149948
68719477629	107374182402	YXJyYXk=	YXJyYXk=	bmFwaV92YWx1ZQ==	1267	94489280576
68719477630	107374182402	aWR4	aWR4	c2l6ZV90	1267	94489280577
68719477631	107374182402	ZWxlbWVudA==	ZWxlbWVudA==	bmFwaV92YWx1ZQ==	1267	94489280579
68719477632	107374182402	dmFsdWU=	dmFsdWU=	c3RkLnN0cmluZyo=	1268	94489280578
68719477633	107374182402	TlVMTA==	PHVua25vd24+IE5VTEw=	QU5Z	1268	94489280695
68719477634	107374182402	dmFsdWU=	dmFsdWU=	c3RkLnN0cmluZyo=	1268	94489280578
68719477635	107374182402	YXJndg==	YXJndg==	bmFwaV92YWx1ZVsyXQ==	1271	94489280580
68719477636	107374182402	bmFwaV92YWx1ZVsyXQ==	bmFwaV92YWx1ZVsyXQ==	bmFwaV92YWx1ZVsyXQ==	1271	
68719477637	107374182402	ZW52	ZW52	bmFwaV9lbnY=	1272	111669149948
68719477638	107374182402	YXJndg==	YXJndg==	bmFwaV92YWx1ZVsyXQ==	1272	94489280580
68719477639	107374182402	YXJndg==	YXJndg==	bmFwaV92YWx1ZVsyXQ==	1273	94489280580
68719477640	107374182402	YXJyYXk=	YXJyYXk=	bmFwaV92YWx1ZQ==	1273	94489280576
68719477641	107374182402	ZW52	ZW52	bmFwaV9lbnY=	1274	111669149948
68719477642	107374182402	Y2FsbGJhY2s=	Y2FsbGJhY2s=	bmFwaV92YWx1ZQ==	1274	111669149949
68719477643	107374182402	YXJndg==	YXJndg==	bmFwaV92YWx1ZVsyXQ==	1274	94489280580
68719477644	107374182402	a2V5c18=	a2V5c18=	QU5Z	1279	94489280694
68719477645	107374182402	PHRtcD4w	PHRtcD4w	QU5Z	1279	94489280693
68719477646	107374182402	PHRtcD4w	PHRtcD4w	QU5Z	1279	94489280693
68719477647	107374182402	PHRtcD4w	PHRtcD4w	QU5Z	1279	94489280693
68719477648	107374182402	Y2FjaGVf	Y2FjaGVf	QU5Z	1281	94489280692
68719477649	107374182402	PHRtcD4x	PHRtcD4x	QU5Z	1281	94489280691
68719477650	107374182402	PHRtcD4x	PHRtcD4x	QU5Z	1281	94489280691
68719477651	107374182402	PHRtcD4x	PHRtcD4x	QU5Z	1281	94489280691
68719477652	107374182402	dGhpcw==	dGhpcw==	RGVsV29ya2VyKg==	1316	111669149950
68719477653	107374182402	c3luYw==	c3luYw==	Ym9vbA==	1316	111669149955
68719477654	107374182402	dGhpcw==	dGhpcw==	RGVsV29ya2VyKg==	1314	111669149950
68719477655	107374182402	ZW52	ZW52	bmFwaV9lbnY=	1314	111669149951
68719477656	107374182402	dGhpcw==	dGhpcw==	RGVsV29ya2VyKg==	1315	111669149950
68719477657	107374182402	a2V5	a2V5	bGV2ZWxkYi5TbGljZQ==	1315	111669149954
68719477658	107374182402	dGhpcw==	dGhpcw==	RGVsV29ya2VyKg==	1320	111669149956
68719477659	107374182402	dGhpcw==	dGhpcw==	RGVsV29ya2VyKg==	1324	111669149957
68719477660	107374182402	dGhpcw==	dGhpcw==	RGVsV29ya2VyKg==	1324	111669149957
68719477661	107374182402	dGhpcw==	dGhpcw==	RGVsV29ya2VyKg==	1324	111669149957
68719477662	107374182402	dGhpcw==	dGhpcw==	Q2xlYXJXb3JrZXIq	1362	111669149958
68719477663	107374182402	PHRtcD4w	PHRtcD4w	QmFzZUl0ZXJhdG9y	1362	94489280688
68719477664	107374182402	PHRtcD4w	PHRtcD4w	QmFzZUl0ZXJhdG9y	1362	94489280688
68719477665	107374182402	ZGF0YWJhc2U=	ZGF0YWJhc2U=	RGF0YWJhc2Uq	1362	111669149960
68719477666	107374182402	cmV2ZXJzZQ==	cmV2ZXJzZQ==	Ym9vbA==	1362	111669149962
68719477667	107374182402	bHQ=	bHQ=	c3RkLnN0cmluZyo=	1362	111669149964
68719477668	107374182402	bHRl	bHRl	c3RkLnN0cmluZyo=	1362	111669149965
68719477669	107374182402	Z3Q=	Z3Q=	c3RkLnN0cmluZyo=	1362	111669149966
68719477670	107374182402	Z3Rl	Z3Rl	c3RkLnN0cmluZyo=	1362	111669149967
68719477671	107374182402	bGltaXQ=	bGltaXQ=	aW50	1362	111669149963
68719477672	107374182402	PHRtcD4w	PHRtcD4w	QmFzZUl0ZXJhdG9y	1362	94489280688
68719477673	107374182402	dGhpcw==	dGhpcw==	Q2xlYXJXb3JrZXIq	1363	111669149958
68719477674	107374182402	PHRtcD4x	PHRtcD4x	bGV2ZWxkYi5Xcml0ZU9wdGlvbnM=	1363	94489280687
68719477675	107374182402	PHRtcD4x	PHRtcD4x	bGV2ZWxkYi5Xcml0ZU9wdGlvbnM=	1363	94489280687
68719477676	107374182402	PHRtcD4x	PHRtcD4x	bGV2ZWxkYi5Xcml0ZU9wdGlvbnM=	1363	94489280687
68719477677	107374182402	dGhpcw==	dGhpcw==	Q2xlYXJXb3JrZXIq	1364	111669149958
68719477678	107374182402	dGhpcw==	dGhpcw==	Q2xlYXJXb3JrZXIq	1361	111669149958
68719477679	107374182402	ZW52	ZW52	bmFwaV9lbnY=	1361	111669149959
68719477680	107374182402	dGhpcw==	dGhpcw==	Q2xlYXJXb3JrZXIq	1368	111669149968
68719477681	107374182402	dGhpcw==	dGhpcw==	Q2xlYXJXb3JrZXIq	1369	111669149968
68719477682	107374182402	dGhpcw==	dGhpcw==	Q2xlYXJXb3JrZXIq	1373	111669149969
68719477683	107374182402	aHdt	aHdt	dWludDMyX3Q=	1376	94489280581
68719477684	107374182402	Ynl0ZXNSZWFk	Ynl0ZXNSZWFk	c2l6ZV90	1380	94489280583
68719477685	107374182402	Ynl0ZXNSZWFk	Ynl0ZXNSZWFk	c2l6ZV90	1382	94489280583
68719477686	107374182402	aHdt	aHdt	dWludDMyX3Q=	1382	94489280581
68719477687	107374182402	dGhpcw==	dGhpcw==	Q2xlYXJXb3JrZXIq	1382	111669149969
68719477688	107374182402	dGhpcw==	dGhpcw==	Q2xlYXJXb3JrZXIq	1382	111669149969
68719477689	107374182402	a2V5	a2V5	bGV2ZWxkYi5TbGljZQ==	1383	94489280584
68719477690	107374182402	dGhpcw==	dGhpcw==	Q2xlYXJXb3JrZXIq	1383	111669149969
68719477691	107374182402	YmF0Y2g=	YmF0Y2g=	bGV2ZWxkYi5Xcml0ZUJhdGNo	1384	94489280582
68719477692	107374182402	a2V5	a2V5	bGV2ZWxkYi5TbGljZQ==	1384	94489280584
68719477693	107374182402	Ynl0ZXNSZWFk	Ynl0ZXNSZWFk	c2l6ZV90	1385	94489280583
68719477694	107374182402	a2V5	a2V5	bGV2ZWxkYi5TbGljZQ==	1385	94489280584
68719477695	107374182402	dGhpcw==	dGhpcw==	Q2xlYXJXb3JrZXIq	1386	111669149969
68719477696	107374182402	dGhpcw==	dGhpcw==	Q2xlYXJXb3JrZXIq	1389	111669149969
68719477697	107374182402	Ynl0ZXNSZWFk	Ynl0ZXNSZWFk	c2l6ZV90	1389	94489280583
68719477698	107374182402	dGhpcw==	dGhpcw==	Q2xlYXJXb3JrZXIq	1393	111669149969
68719477699	107374182402	dGhpcw==	dGhpcw==	Q2xlYXJXb3JrZXIq	1393	111669149969
68719477700	107374182402	YmF0Y2g=	YmF0Y2g=	bGV2ZWxkYi5Xcml0ZUJhdGNo	1393	94489280582
68719477701	107374182402	YmF0Y2g=	YmF0Y2g=	bGV2ZWxkYi5Xcml0ZUJhdGNo	1397	94489280582
68719477702	107374182402	dGhpcw==	dGhpcw==	Q2xlYXJXb3JrZXIq	1400	111669149969
68719477703	107374182402	aXRlcmF0b3Jf	aXRlcmF0b3Jf	QmFzZUl0ZXJhdG9yKg==	1404	94489280686
68719477704	107374182402	PHRtcD4w	PHRtcD4w	QU5Z	1404	94489280685
68719477705	107374182402	PHRtcD4w	PHRtcD4w	QU5Z	1404	94489280685
68719477706	107374182402	PHRtcD4w	PHRtcD4w	QU5Z	1404	94489280685
68719477707	107374182402	dGhpcw==	dGhpcw==	QXBwcm94aW1hdGVTaXplV29ya2VyKg==	1441	111669149970
68719477708	107374182402	ZW52	ZW52	bmFwaV9lbnY=	1441	111669149971
68719477709	107374182402	dGhpcw==	dGhpcw==	QXBwcm94aW1hdGVTaXplV29ya2VyKg==	1442	111669149970
68719477710	107374182402	c3RhcnQ=	c3RhcnQ=	bGV2ZWxkYi5TbGljZQ==	1442	111669149974
68719477711	107374182402	dGhpcw==	dGhpcw==	QXBwcm94aW1hdGVTaXplV29ya2VyKg==	1442	111669149970
68719477712	107374182402	ZW5k	ZW5k	bGV2ZWxkYi5TbGljZQ==	1442	111669149975
68719477713	107374182402	dGhpcw==	dGhpcw==	QXBwcm94aW1hdGVTaXplV29ya2VyKg==	1445	111669149976
68719477714	107374182402	dGhpcw==	dGhpcw==	QXBwcm94aW1hdGVTaXplV29ya2VyKg==	1446	111669149976
68719477715	107374182402	cmFuZ2U=	cmFuZ2U=	bGV2ZWxkYi5SYW5nZQ==	1450	94489280585
68719477716	107374182402	PHRtcD4w	PHRtcD4w	bGV2ZWxkYi5SYW5nZQ==	1450	94489280683
68719477717	107374182402	PHRtcD4w	PHRtcD4w	bGV2ZWxkYi5SYW5nZQ==	1450	94489280683
68719477718	107374182402	dGhpcw==	dGhpcw==	QXBwcm94aW1hdGVTaXplV29ya2VyKg==	1450	111669149977
68719477719	107374182402	dGhpcw==	dGhpcw==	QXBwcm94aW1hdGVTaXplV29ya2VyKg==	1450	111669149977
68719477720	107374182402	PHRtcD4w	PHRtcD4w	bGV2ZWxkYi5SYW5nZQ==	1450	94489280683
68719477721	107374182402	dGhpcw==	dGhpcw==	QXBwcm94aW1hdGVTaXplV29ya2VyKg==	1451	111669149977
68719477722	107374182402	dGhpcw==	dGhpcw==	QXBwcm94aW1hdGVTaXplV29ya2VyKg==	1451	111669149977
68719477723	107374182402	cmFuZ2U=	cmFuZ2U=	bGV2ZWxkYi5SYW5nZQ==	1451	94489280585
68719477724	107374182402	YXJndg==	YXJndg==	bmFwaV92YWx1ZVsyXQ==	1455	94489280586
68719477725	107374182402	bmFwaV92YWx1ZVsyXQ==	bmFwaV92YWx1ZVsyXQ==	bmFwaV92YWx1ZVsyXQ==	1455	
68719477726	107374182402	ZW52	ZW52	bmFwaV9lbnY=	1456	111669149979
68719477727	107374182402	YXJndg==	YXJndg==	bmFwaV92YWx1ZVsyXQ==	1456	94489280586
68719477728	107374182402	ZW52	ZW52	bmFwaV9lbnY=	1457	111669149979
68719477729	107374182402	dGhpcw==	dGhpcw==	QXBwcm94aW1hdGVTaXplV29ya2VyKg==	1457	111669149978
68719477730	107374182402	YXJndg==	YXJndg==	bmFwaV92YWx1ZVsyXQ==	1457	94489280586
68719477731	107374182402	ZW52	ZW52	bmFwaV9lbnY=	1458	111669149979
68719477732	107374182402	Y2FsbGJhY2s=	Y2FsbGJhY2s=	bmFwaV92YWx1ZQ==	1458	111669149980
68719477733	107374182402	YXJndg==	YXJndg==	bmFwaV92YWx1ZVsyXQ==	1458	94489280586
68719477734	107374182402	dGhpcw==	dGhpcw==	Q29tcGFjdFJhbmdlV29ya2VyKg==	1495	111669149981
68719477735	107374182402	ZW52	ZW52	bmFwaV9lbnY=	1495	111669149982
68719477736	107374182402	dGhpcw==	dGhpcw==	Q29tcGFjdFJhbmdlV29ya2VyKg==	1496	111669149981
68719477737	107374182402	c3RhcnQ=	c3RhcnQ=	bGV2ZWxkYi5TbGljZQ==	1496	111669149985
68719477738	107374182402	dGhpcw==	dGhpcw==	Q29tcGFjdFJhbmdlV29ya2VyKg==	1496	111669149981
68719477739	107374182402	ZW5k	ZW5k	bGV2ZWxkYi5TbGljZQ==	1496	111669149986
68719477740	107374182402	dGhpcw==	dGhpcw==	Q29tcGFjdFJhbmdlV29ya2VyKg==	1499	111669149987
68719477741	107374182402	dGhpcw==	dGhpcw==	Q29tcGFjdFJhbmdlV29ya2VyKg==	1500	111669149987
68719477742	107374182402	dGhpcw==	dGhpcw==	Q29tcGFjdFJhbmdlV29ya2VyKg==	1504	111669149988
68719477743	107374182402	dGhpcw==	dGhpcw==	Q29tcGFjdFJhbmdlV29ya2VyKg==	1504	111669149988
68719477744	107374182402	dGhpcw==	dGhpcw==	Q29tcGFjdFJhbmdlV29ya2VyKg==	1504	111669149988
68719477745	107374182402	dGhpcw==	dGhpcw==	RGVzdHJveVdvcmtlcio=	1556	111669149989
68719477746	107374182402	ZW52	ZW52	bmFwaV9lbnY=	1556	111669149990
68719477747	107374182402	dGhpcw==	dGhpcw==	RGVzdHJveVdvcmtlcio=	1557	111669149989
68719477748	107374182402	bG9jYXRpb24=	bG9jYXRpb24=	c3RkLnN0cmluZyY=	1557	111669149991
68719477749	107374182402	b3B0aW9ucw==	b3B0aW9ucw==	bGV2ZWxkYi5PcHRpb25z	1565	94489280587
68719477750	107374182402	cm9ja3NkYg==	cm9ja3NkYg==	cm9ja3NkYg==	1565	94489280680
68719477751	107374182402	b3B0aW9ucw==	b3B0aW9ucw==	bGV2ZWxkYi5PcHRpb25z	1566	94489280587
68719477752	107374182402	PHRtcD4w	PHRtcD4w	TnVsbExvZ2dlcg==	1566	94489280679
68719477753	107374182402	PHRtcD4w	PHRtcD4w	TnVsbExvZ2dlcg==	1566	94489280679
68719477754	107374182402	PHRtcD4w	PHRtcD4w	TnVsbExvZ2dlcg==	1566	94489280679
68719477755	107374182402	dGhpcw==	dGhpcw==	RGVzdHJveVdvcmtlcio=	1568	111669149994
68719477756	107374182402	b3B0aW9ucw==	b3B0aW9ucw==	bGV2ZWxkYi5PcHRpb25z	1568	94489280587
68719477757	107374182402	dGhpcw==	dGhpcw==	UmVwYWlyV29ya2VyKg==	1597	111669149995
68719477758	107374182402	ZW52	ZW52	bmFwaV9lbnY=	1597	111669149996
68719477759	107374182402	dGhpcw==	dGhpcw==	UmVwYWlyV29ya2VyKg==	1598	111669149995
68719477760	107374182402	bG9jYXRpb24=	bG9jYXRpb24=	c3RkLnN0cmluZyY=	1598	111669149997
68719477761	107374182402	b3B0aW9ucw==	b3B0aW9ucw==	bGV2ZWxkYi5PcHRpb25z	1606	94489280588
68719477762	107374182402	cm9ja3NkYg==	cm9ja3NkYg==	cm9ja3NkYg==	1606	94489280677
68719477763	107374182402	b3B0aW9ucw==	b3B0aW9ucw==	bGV2ZWxkYi5PcHRpb25z	1607	94489280588
68719477764	107374182402	PHRtcD4w	PHRtcD4w	TnVsbExvZ2dlcg==	1607	94489280676
68719477765	107374182402	PHRtcD4w	PHRtcD4w	TnVsbExvZ2dlcg==	1607	94489280676
68719477766	107374182402	PHRtcD4w	PHRtcD4w	TnVsbExvZ2dlcg==	1607	94489280676
68719477767	107374182402	dGhpcw==	dGhpcw==	UmVwYWlyV29ya2VyKg==	1609	111669150000
68719477768	107374182402	b3B0aW9ucw==	b3B0aW9ucw==	bGV2ZWxkYi5PcHRpb25z	1609	94489280588
68719477769	107374182402	ZGF0YQ==	ZGF0YQ==	dm9pZCo=	1635	111669150002
68719477770	107374182402	ZGF0YQ==	ZGF0YQ==	dm9pZCo=	1636	111669150002
68719477771	107374182402	dGhpcw==	dGhpcw==	RW5kV29ya2VyKg==	1706	111669150004
68719477772	107374182402	ZW52	ZW52	bmFwaV9lbnY=	1706	111669150005
68719477773	107374182402	dGhpcw==	dGhpcw==	RW5kV29ya2VyKg==	1707	111669150004
68719477774	107374182402	aXRlcmF0b3I=	aXRlcmF0b3I=	SXRlcmF0b3Iq	1707	111669150006
68719477775	107374182402	dGhpcw==	dGhpcw==	RW5kV29ya2VyKg==	1712	111669150009
68719477776	107374182402	dGhpcw==	dGhpcw==	RW5kV29ya2VyKg==	1716	111669150010
68719477777	107374182402	ZW52	ZW52	bmFwaV9lbnY=	1716	111669150011
68719477778	107374182402	ZW52	ZW52	bmFwaV9lbnY=	1717	111669150011
68719477779	107374182402	aXRlcmF0b3Jf	aXRlcmF0b3Jf	SXRlcmF0b3Iq	1721	94489280672
68719477780	107374182402	PHRtcD4w	PHRtcD4w	QU5Z	1721	94489280671
68719477781	107374182402	PHRtcD4w	PHRtcD4w	QU5Z	1721	94489280671
68719477782	107374182402	PHRtcD4w	PHRtcD4w	QU5Z	1721	94489280671
68719477783	107374182402	aXRlcmF0b3I=	aXRlcmF0b3I=	SXRlcmF0b3Iq	1729	111669150013
68719477784	107374182402	aXRlcmF0b3I=	aXRlcmF0b3I=	SXRlcmF0b3Iq	1729	111669150013
68719477785	107374182402	d29ya2Vy	d29ya2Vy	RW5kV29ya2VyKg==	1730	94489280589
68719477786	107374182402	PHRtcD4w	PHRtcD4w	RW5kV29ya2Vy	1730	94489280670
68719477787	107374182402	PHRtcD4w	PHRtcD4w	RW5kV29ya2Vy	1730	94489280670
68719477788	107374182402	ZW52	ZW52	bmFwaV9lbnY=	1730	111669150012
68719477789	107374182402	aXRlcmF0b3I=	aXRlcmF0b3I=	SXRlcmF0b3Iq	1730	111669150013
68719477790	107374182402	Y2I=	Y2I=	bmFwaV92YWx1ZQ==	1730	111669150014
68719477791	107374182402	PHRtcD4w	PHRtcD4w	RW5kV29ya2Vy	1730	94489280670
68719477792	107374182402	aXRlcmF0b3I=	aXRlcmF0b3I=	SXRlcmF0b3Iq	1731	111669150013
68719477793	107374182402	aXRlcmF0b3I=	aXRlcmF0b3I=	SXRlcmF0b3Iq	1733	111669150013
68719477794	107374182402	aXRlcmF0b3I=	aXRlcmF0b3I=	SXRlcmF0b3Iq	1734	111669150013
68719477795	107374182402	d29ya2Vy	d29ya2Vy	RW5kV29ya2VyKg==	1734	94489280589
68719477796	107374182402	d29ya2Vy	d29ya2Vy	RW5kV29ya2VyKg==	1736	94489280589
68719477797	107374182402	ZW52	ZW52	bmFwaV9lbnY=	1736	111669150012
68719477798	107374182402	dGhpcw==	dGhpcw==	TmV4dFdvcmtlcio=	1760	111669150015
68719477799	107374182402	ZW52	ZW52	bmFwaV9lbnY=	1760	111669150016
68719477800	107374182402	dGhpcw==	dGhpcw==	TmV4dFdvcmtlcio=	1762	111669150015
68719477801	107374182402	aXRlcmF0b3I=	aXRlcmF0b3I=	SXRlcmF0b3Iq	1762	111669150017
68719477802	107374182402	dGhpcw==	dGhpcw==	TmV4dFdvcmtlcio=	1762	111669150015
68719477803	107374182402	dGhpcw==	dGhpcw==	TmV4dFdvcmtlcio=	1767	111669150020
68719477804	107374182402	dGhpcw==	dGhpcw==	TmV4dFdvcmtlcio=	1768	111669150020
68719477805	107374182402	dGhpcw==	dGhpcw==	TmV4dFdvcmtlcio=	1773	111669150020
68719477806	107374182402	dGhpcw==	dGhpcw==	TmV4dFdvcmtlcio=	1773	111669150020
68719477807	107374182402	dGhpcw==	dGhpcw==	TmV4dFdvcmtlcio=	1775	111669150020
68719477808	107374182402	dGhpcw==	dGhpcw==	TmV4dFdvcmtlcio=	1776	111669150020
68719477809	107374182402	YXJyYXlTaXpl	YXJyYXlTaXpl	c2l6ZV90	1781	94489280590
68719477810	107374182402	dGhpcw==	dGhpcw==	TmV4dFdvcmtlcio=	1781	111669150021
68719477811	107374182402	ZW52	ZW52	bmFwaV9lbnY=	1783	111669150022
68719477812	107374182402	YXJyYXlTaXpl	YXJyYXlTaXpl	c2l6ZV90	1783	94489280590
68719477813	107374182402	anNBcnJheQ==	anNBcnJheQ==	bmFwaV92YWx1ZQ==	1783	94489280591
68719477814	107374182402	aWR4	aWR4	c2l6ZV90	1785	94489280592
68719477815	107374182402	aWR4	aWR4	c2l6ZV90	1785	94489280592
68719477816	107374182402	dGhpcw==	dGhpcw==	TmV4dFdvcmtlcio=	1785	111669150021
68719477817	107374182402	aWR4	aWR4	c2l6ZV90	1785	94489280592
68719477818	107374182402	a2V5	a2V5	c3RkLnN0cmluZw==	1786	94489280593
68719477819	107374182402	dGhpcw==	dGhpcw==	TmV4dFdvcmtlcio=	1786	111669150021
68719477820	107374182402	aWR4	aWR4	c2l6ZV90	1786	94489280592
68719477821	107374182402	dmFsdWU=	dmFsdWU=	c3RkLnN0cmluZw==	1787	94489280594
68719477822	107374182402	dGhpcw==	dGhpcw==	TmV4dFdvcmtlcio=	1787	111669150021
68719477823	107374182402	aWR4	aWR4	c2l6ZV90	1787	94489280592
68719477824	107374182402	ZW52	ZW52	bmFwaV9lbnY=	1792	111669150022
68719477825	107374182402	a2V5	a2V5	c3RkLnN0cmluZw==	1792	94489280593
68719477826	107374182402	dGhpcw==	dGhpcw==	TmV4dFdvcmtlcio=	1792	111669150021
68719477827	107374182402	cmV0dXJuS2V5	cmV0dXJuS2V5	bmFwaV92YWx1ZQ==	1792	94489280595
68719477828	107374182402	ZW52	ZW52	bmFwaV9lbnY=	1793	111669150022
68719477829	107374182402	dmFsdWU=	dmFsdWU=	c3RkLnN0cmluZw==	1793	94489280594
68719477830	107374182402	dGhpcw==	dGhpcw==	TmV4dFdvcmtlcio=	1793	111669150021
68719477831	107374182402	cmV0dXJuVmFsdWU=	cmV0dXJuVmFsdWU=	bmFwaV92YWx1ZQ==	1793	94489280596
68719477832	107374182402	ZW52	ZW52	bmFwaV9lbnY=	1796	111669150022
68719477833	107374182402	anNBcnJheQ==	anNBcnJheQ==	bmFwaV92YWx1ZQ==	1796	94489280591
68719477834	107374182402	YXJyYXlTaXpl	YXJyYXlTaXpl	c2l6ZV90	1796	94489280590
68719477835	107374182402	aWR4	aWR4	c2l6ZV90	1796	94489280592
68719477836	107374182402	cmV0dXJuS2V5	cmV0dXJuS2V5	bmFwaV92YWx1ZQ==	1796	94489280595
68719477837	107374182402	ZW52	ZW52	bmFwaV9lbnY=	1797	111669150022
68719477838	107374182402	anNBcnJheQ==	anNBcnJheQ==	bmFwaV92YWx1ZQ==	1797	94489280591
68719477839	107374182402	YXJyYXlTaXpl	YXJyYXlTaXpl	c2l6ZV90	1797	94489280590
68719477840	107374182402	aWR4	aWR4	c2l6ZV90	1797	94489280592
68719477841	107374182402	cmV0dXJuVmFsdWU=	cmV0dXJuVmFsdWU=	bmFwaV92YWx1ZQ==	1797	94489280596
68719477842	107374182402	YXJndg==	YXJndg==	bmFwaV92YWx1ZVszXQ==	1800	94489280597
68719477843	107374182402	bmFwaV92YWx1ZVszXQ==	bmFwaV92YWx1ZVszXQ==	bmFwaV92YWx1ZVszXQ==	1800	
68719477844	107374182402	ZW52	ZW52	bmFwaV9lbnY=	1801	111669150022
68719477845	107374182402	YXJndg==	YXJndg==	bmFwaV92YWx1ZVszXQ==	1801	94489280597
68719477846	107374182402	YXJndg==	YXJndg==	bmFwaV92YWx1ZVszXQ==	1802	94489280597
68719477847	107374182402	anNBcnJheQ==	anNBcnJheQ==	bmFwaV92YWx1ZQ==	1802	94489280591
68719477848	107374182402	ZW52	ZW52	bmFwaV9lbnY=	1803	111669150022
68719477849	107374182402	dGhpcw==	dGhpcw==	TmV4dFdvcmtlcio=	1803	111669150021
68719477850	107374182402	YXJndg==	YXJndg==	bmFwaV92YWx1ZVszXQ==	1803	94489280597
68719477851	107374182402	ZW52	ZW52	bmFwaV9lbnY=	1804	111669150022
68719477852	107374182402	Y2FsbGJhY2s=	Y2FsbGJhY2s=	bmFwaV92YWx1ZQ==	1804	111669150023
68719477853	107374182402	YXJndg==	YXJndg==	bmFwaV92YWx1ZVszXQ==	1804	94489280597
68719477854	107374182402	dGhpcw==	dGhpcw==	TmV4dFdvcmtlcio=	1809	111669150024
68719477855	107374182402	dGhpcw==	dGhpcw==	TmV4dFdvcmtlcio=	1811	111669150024
68719477856	107374182402	TlVMTA==	PHVua25vd24+IE5VTEw=	QU5Z	1811	94489280669
68719477857	107374182402	dGhpcw==	dGhpcw==	TmV4dFdvcmtlcio=	1812	111669150024
68719477858	107374182402	ZW52	ZW52	bmFwaV9lbnY=	1812	111669150025
68719477859	107374182402	dGhpcw==	dGhpcw==	TmV4dFdvcmtlcio=	1813	111669150024
68719477860	107374182402	TlVMTA==	PHVua25vd24+IE5VTEw=	QU5Z	1813	94489280669
68719477861	107374182402	ZW52	ZW52	bmFwaV9lbnY=	1816	111669150025
68719477862	107374182402	aXRlcmF0b3Jf	aXRlcmF0b3Jf	SXRlcmF0b3Iq	1820	94489280668
68719477863	107374182402	PHRtcD4w	PHRtcD4w	QU5Z	1820	94489280667
68719477864	107374182402	PHRtcD4w	PHRtcD4w	QU5Z	1820	94489280667
68719477865	107374182402	PHRtcD4w	PHRtcD4w	QU5Z	1820	94489280667
68719477866	107374182402	dGhpcw==	dGhpcw==	QmF0Y2hXb3JrZXIq	1859	111669150026
68719477867	107374182402	c3luYw==	c3luYw==	Ym9vbA==	1859	111669150031
68719477868	107374182402	dGhpcw==	dGhpcw==	QmF0Y2hXb3JrZXIq	1857	111669150026
68719477869	107374182402	ZW52	ZW52	bmFwaV9lbnY=	1857	111669150027
68719477870	107374182402	dGhpcw==	dGhpcw==	QmF0Y2hXb3JrZXIq	1858	111669150026
68719477871	107374182402	YmF0Y2g=	YmF0Y2g=	bGV2ZWxkYi5Xcml0ZUJhdGNoKg==	1858	111669150030
68719477872	107374182402	dGhpcw==	dGhpcw==	QmF0Y2hXb3JrZXIq	1858	111669150026
68719477873	107374182402	aGFzRGF0YQ==	aGFzRGF0YQ==	Ym9vbA==	1858	111669150032
68719477874	107374182402	dGhpcw==	dGhpcw==	QmF0Y2hXb3JrZXIq	1863	111669150033
68719477875	107374182402	dGhpcw==	dGhpcw==	QmF0Y2hXb3JrZXIq	1867	111669150034
68719477876	107374182402	dGhpcw==	dGhpcw==	QmF0Y2hXb3JrZXIq	1868	111669150034
68719477877	107374182402	dGhpcw==	dGhpcw==	QmF0Y2hXb3JrZXIq	1868	111669150034
68719477878	107374182402	dGhpcw==	dGhpcw==	QmF0Y2hXb3JrZXIq	1868	111669150034
68719477879	107374182402	dGhpcw==	dGhpcw==	QmF0Y2gq	1937	111669150035
68719477880	107374182402	ZGF0YWJhc2U=	ZGF0YWJhc2U=	RGF0YWJhc2Uq	1937	111669150036
68719477881	107374182402	dGhpcw==	dGhpcw==	QmF0Y2gq	1938	111669150035
68719477882	107374182402	PHRtcD4w	PHRtcD4w	bGV2ZWxkYi5Xcml0ZUJhdGNo	1938	94489280663
68719477883	107374182402	PHRtcD4w	PHRtcD4w	bGV2ZWxkYi5Xcml0ZUJhdGNo	1938	94489280663
68719477884	107374182402	PHRtcD4w	PHRtcD4w	bGV2ZWxkYi5Xcml0ZUJhdGNo	1938	94489280663
68719477885	107374182402	dGhpcw==	dGhpcw==	QmF0Y2gq	1939	111669150035
68719477886	107374182402	dGhpcw==	dGhpcw==	QmF0Y2gq	1942	111669150037
68719477887	107374182402	dGhpcw==	dGhpcw==	QmF0Y2gq	1946	111669150038
68719477888	107374182402	a2V5	a2V5	bGV2ZWxkYi5TbGljZQ==	1946	111669150039
68719477889	107374182402	dmFsdWU=	dmFsdWU=	bGV2ZWxkYi5TbGljZQ==	1946	111669150040
68719477890	107374182402	dGhpcw==	dGhpcw==	QmF0Y2gq	1947	111669150038
68719477891	107374182402	dGhpcw==	dGhpcw==	QmF0Y2gq	1951	111669150041
68719477892	107374182402	a2V5	a2V5	bGV2ZWxkYi5TbGljZQ==	1951	111669150042
68719477893	107374182402	dGhpcw==	dGhpcw==	QmF0Y2gq	1952	111669150041
68719477894	107374182402	dGhpcw==	dGhpcw==	QmF0Y2gq	1956	111669150043
68719477895	107374182402	dGhpcw==	dGhpcw==	QmF0Y2gq	1957	111669150043
68719477896	107374182402	b3B0aW9ucw==	b3B0aW9ucw==	bGV2ZWxkYi5Xcml0ZU9wdGlvbnM=	1962	94489280598
68719477897	107374182402	c3luYw==	c3luYw==	Ym9vbA==	1962	111669150045
68719477898	107374182402	dGhpcw==	dGhpcw==	QmF0Y2gq	1963	111669150044
68719477899	107374182402	b3B0aW9ucw==	b3B0aW9ucw==	bGV2ZWxkYi5Xcml0ZU9wdGlvbnM=	1963	94489280598
68719477900	107374182402	dGhpcw==	dGhpcw==	QmF0Y2gq	1963	111669150044
68719477901	107374182402	ZGF0YWJhc2Vf	ZGF0YWJhc2Vf	RGF0YWJhc2Uq	1966	94489280662
68719477902	107374182402	PHRtcD4w	PHRtcD4w	QU5Z	1966	94489280661
68719477903	107374182402	PHRtcD4w	PHRtcD4w	QU5Z	1966	94489280661
68719477904	107374182402	PHRtcD4w	PHRtcD4w	QU5Z	1966	94489280661
68719477905	107374182402	ZGF0YQ==	ZGF0YQ==	dm9pZCo=	1975	111669150047
68719477906	107374182402	ZGF0YQ==	ZGF0YQ==	dm9pZCo=	1976	111669150047
68719477907	107374182402	ZW52	ZW52	bmFwaV9lbnY=	2051	111669150050
68719477908	107374182402	Y29udGV4dA==	Y29udGV4dA==	bmFwaV92YWx1ZQ==	2051	111669150051
68719477909	107374182402	dGhpcw==	dGhpcw==	QmF0Y2hXcml0ZVdvcmtlcio=	2051	111669150049
68719477910	107374182402	dGhpcw==	dGhpcw==	QmF0Y2hXcml0ZVdvcmtlcio=	2047	111669150049
68719477911	107374182402	ZW52	ZW52	bmFwaV9lbnY=	2047	111669150050
68719477912	107374182402	dGhpcw==	dGhpcw==	QmF0Y2hXcml0ZVdvcmtlcio=	2048	111669150049
68719477913	107374182402	YmF0Y2g=	YmF0Y2g=	QmF0Y2gq	2048	111669150052
68719477914	107374182402	dGhpcw==	dGhpcw==	QmF0Y2hXcml0ZVdvcmtlcio=	2049	111669150049
68719477915	107374182402	c3luYw==	c3luYw==	Ym9vbA==	2049	111669150054
68719477916	107374182402	dGhpcw==	dGhpcw==	QmF0Y2hXcml0ZVdvcmtlcio=	2057	111669150056
68719477917	107374182402	dGhpcw==	dGhpcw==	QmF0Y2hXcml0ZVdvcmtlcio=	2058	111669150056
68719477918	107374182402	dGhpcw==	dGhpcw==	QmF0Y2hXcml0ZVdvcmtlcio=	2058	111669150056
68719477919	107374182402	ZW52	ZW52	bmFwaV9lbnY=	2063	111669150058
68719477920	107374182402	dGhpcw==	dGhpcw==	QmF0Y2hXcml0ZVdvcmtlcio=	2063	111669150057
68719477921	107374182402	ZW52	ZW52	bmFwaV9lbnY=	2064	111669150058
68719477922	107374182402	YmF0Y2hf	YmF0Y2hf	QmF0Y2gq	2068	94489280659
68719477923	107374182402	PHRtcD4w	PHRtcD4w	QU5Z	2068	94489280658
68719477924	107374182402	PHRtcD4w	PHRtcD4w	QU5Z	2068	94489280658
68719477925	107374182402	PHRtcD4w	PHRtcD4w	QU5Z	2068	94489280658
68719477926	107374182402	ZGF0YWJhc2U=	TkFQSV9EQl9DT05URVhUKCk=	RGF0YWJhc2Uq	1026	94489280600
68719477927	107374182402	TlVMTA==	PHVua25vd24+IE5VTEw=	QU5Z	1026	94489280657
68719477928	107374182402	bG9jYXRpb25fc2l6ZQ==	TkFQSV9BUkdWX1VURjhfTkVXKGxvY2F0aW9uLCAxKQ==	c2l6ZV90	1027	94489280601
68719477929	107374182402	b3B0aW9ucw==	b3B0aW9ucw==	bmFwaV92YWx1ZQ==	1029	94489280602
68719477930	107374182402	YXJndg==	PHVua25vd24+IGFyZ3Y=	QU5Z	1029	94489280655
68719477931	107374182402	Y3JlYXRlSWZNaXNzaW5n	Y3JlYXRlSWZNaXNzaW5n	Ym9vbA==	1030	94489280603
68719477932	107374182402	ZW52	PHVua25vd24+IGVudg==	QU5Z	1030	94489280656
68719477933	107374182402	b3B0aW9ucw==	PGdsb2JhbD4gb3B0aW9ucw==	bmFwaV92YWx1ZQ==	1030	94489280602
68719477934	107374182402	ZXJyb3JJZkV4aXN0cw==	ZXJyb3JJZkV4aXN0cw==	Ym9vbA==	1031	94489280604
68719477935	107374182402	ZW52	PHVua25vd24+IGVudg==	QU5Z	1031	94489280656
68719477936	107374182402	b3B0aW9ucw==	PGdsb2JhbD4gb3B0aW9ucw==	bmFwaV92YWx1ZQ==	1031	94489280602
68719477937	107374182402	Y29tcHJlc3Npb24=	Y29tcHJlc3Npb24=	Ym9vbA==	1032	94489280605
68719477938	107374182402	ZW52	PHVua25vd24+IGVudg==	QU5Z	1032	94489280656
68719477939	107374182402	b3B0aW9ucw==	PGdsb2JhbD4gb3B0aW9ucw==	bmFwaV92YWx1ZQ==	1032	94489280602
68719477940	107374182402	cmVhZE9ubHk=	cmVhZE9ubHk=	Ym9vbA==	1033	94489280606
68719477941	107374182402	ZW52	PHVua25vd24+IGVudg==	QU5Z	1033	94489280656
68719477942	107374182402	b3B0aW9ucw==	PGdsb2JhbD4gb3B0aW9ucw==	bmFwaV92YWx1ZQ==	1033	94489280602
68719477943	107374182402	aW5mb0xvZ0xldmVs	aW5mb0xvZ0xldmVs	c3RkLnN0cmluZw==	1035	94489280607
68719477944	107374182402	ZW52	PHVua25vd24+IGVudg==	QU5Z	1035	94489280656
68719477945	107374182402	b3B0aW9ucw==	PGdsb2JhbD4gb3B0aW9ucw==	bmFwaV92YWx1ZQ==	1035	94489280602
68719477946	107374182402	Y2FjaGVTaXpl	Y2FjaGVTaXpl	dWludDMyX3Q=	1037	94489280608
68719477947	107374182402	ZW52	PHVua25vd24+IGVudg==	QU5Z	1037	94489280656
68719477948	107374182402	b3B0aW9ucw==	PGdsb2JhbD4gb3B0aW9ucw==	bmFwaV92YWx1ZQ==	1037	94489280602
68719477949	107374182402	d3JpdGVCdWZmZXJTaXpl	d3JpdGVCdWZmZXJTaXpl	dWludDMyX3Q=	1038	94489280609
68719477950	107374182402	ZW52	PHVua25vd24+IGVudg==	QU5Z	1038	94489280656
68719477951	107374182402	b3B0aW9ucw==	PGdsb2JhbD4gb3B0aW9ucw==	bmFwaV92YWx1ZQ==	1038	94489280602
68719477952	107374182402	YmxvY2tTaXpl	YmxvY2tTaXpl	dWludDMyX3Q=	1039	94489280610
68719477953	107374182402	ZW52	PHVua25vd24+IGVudg==	QU5Z	1039	94489280656
68719477954	107374182402	b3B0aW9ucw==	PGdsb2JhbD4gb3B0aW9ucw==	bmFwaV92YWx1ZQ==	1039	94489280602
68719477955	107374182402	bWF4T3BlbkZpbGVz	bWF4T3BlbkZpbGVz	dWludDMyX3Q=	1040	94489280611
68719477956	107374182402	ZW52	PHVua25vd24+IGVudg==	QU5Z	1040	94489280656
68719477957	107374182402	b3B0aW9ucw==	PGdsb2JhbD4gb3B0aW9ucw==	bmFwaV92YWx1ZQ==	1040	94489280602
68719477958	107374182402	YmxvY2tSZXN0YXJ0SW50ZXJ2YWw=	YmxvY2tSZXN0YXJ0SW50ZXJ2YWw=	dWludDMyX3Q=	1041	94489280612
68719477959	107374182402	ZW52	PHVua25vd24+IGVudg==	QU5Z	1041	94489280656
68719477960	107374182402	b3B0aW9ucw==	PGdsb2JhbD4gb3B0aW9ucw==	bmFwaV92YWx1ZQ==	1041	94489280602
68719477961	107374182402	bWF4RmlsZVNpemU=	bWF4RmlsZVNpemU=	dWludDMyX3Q=	1043	94489280613
68719477962	107374182402	ZW52	PHVua25vd24+IGVudg==	QU5Z	1043	94489280656
68719477963	107374182402	b3B0aW9ucw==	PGdsb2JhbD4gb3B0aW9ucw==	bmFwaV92YWx1ZQ==	1043	94489280602
68719477964	107374182402	Y2FsbGJhY2s=	Y2FsbGJhY2s=	bmFwaV92YWx1ZQ==	1045	94489280614
68719477965	107374182402	YXJndg==	PHVua25vd24+IGFyZ3Y=	QU5Z	1045	94489280655
68719477966	107374182402	d29ya2Vy	d29ya2Vy	T3Blbldvcmtlcio=	1046	94489280615
68719477967	107374182402	PHRtcD4w	PHRtcD4w	T3Blbldvcmtlcg==	1046	94489280703
68719477968	107374182402	PHRtcD4w	PHRtcD4w	T3Blbldvcmtlcg==	1046	94489280703
68719477969	107374182402	ZW52	PHVua25vd24+IGVudg==	QU5Z	1046	94489280656
68719477970	107374182402	ZGF0YWJhc2U=	PGdsb2JhbD4gZGF0YWJhc2U=	RGF0YWJhc2Uq	1046	94489280600
68719477971	107374182402	Y2FsbGJhY2s=	PGdsb2JhbD4gY2FsbGJhY2s=	bmFwaV92YWx1ZQ==	1046	94489280614
68719477972	107374182402	bG9jYXRpb24=	PHVua25vd24+IGxvY2F0aW9u	QU5Z	1046	94489280675
68719477973	107374182402	Y3JlYXRlSWZNaXNzaW5n	PGdsb2JhbD4gY3JlYXRlSWZNaXNzaW5n	Ym9vbA==	1047	94489280603
68719477974	107374182402	ZXJyb3JJZkV4aXN0cw==	PGdsb2JhbD4gZXJyb3JJZkV4aXN0cw==	Ym9vbA==	1047	94489280604
68719477975	107374182402	Y29tcHJlc3Npb24=	PGdsb2JhbD4gY29tcHJlc3Npb24=	Ym9vbA==	1048	94489280605
68719477976	107374182402	d3JpdGVCdWZmZXJTaXpl	PGdsb2JhbD4gd3JpdGVCdWZmZXJTaXpl	dWludDMyX3Q=	1048	94489280609
68719477977	107374182402	YmxvY2tTaXpl	PGdsb2JhbD4gYmxvY2tTaXpl	dWludDMyX3Q=	1048	94489280610
68719477978	107374182402	bWF4T3BlbkZpbGVz	PGdsb2JhbD4gbWF4T3BlbkZpbGVz	dWludDMyX3Q=	1049	94489280611
68719477979	107374182402	YmxvY2tSZXN0YXJ0SW50ZXJ2YWw=	PGdsb2JhbD4gYmxvY2tSZXN0YXJ0SW50ZXJ2YWw=	dWludDMyX3Q=	1049	94489280612
68719477980	107374182402	bWF4RmlsZVNpemU=	PGdsb2JhbD4gbWF4RmlsZVNpemU=	dWludDMyX3Q=	1050	94489280613
68719477981	107374182402	Y2FjaGVTaXpl	PGdsb2JhbD4gY2FjaGVTaXpl	dWludDMyX3Q=	1050	94489280608
68719477982	107374182402	aW5mb0xvZ0xldmVs	PGdsb2JhbD4gaW5mb0xvZ0xldmVs	c3RkLnN0cmluZw==	1051	94489280607
68719477983	107374182402	cmVhZE9ubHk=	PGdsb2JhbD4gcmVhZE9ubHk=	Ym9vbA==	1051	94489280606
68719477984	107374182402	PHRtcD4w	PHRtcD4w	T3Blbldvcmtlcg==	1046	94489280703
68719477985	107374182402	ZGF0YWJhc2U=	TkFQSV9EQl9DT05URVhUKCk=	RGF0YWJhc2Uq	1083	94489280600
68719477986	107374182402	TlVMTA==	PHVua25vd24+IE5VTEw=	QU5Z	1083	94489280657
68719477987	107374182402	Y2FsbGJhY2s=	Y2FsbGJhY2s=	bmFwaV92YWx1ZQ==	1085	94489280614
68719477988	107374182402	YXJndg==	PHVua25vd24+IGFyZ3Y=	QU5Z	1085	94489280655
68719477989	107374182402	d29ya2Vy	d29ya2Vy	T3Blbldvcmtlcio=	1086	94489280615
68719477990	107374182402	PHRtcD4x	PHRtcD4x	Q2xvc2VXb3JrZXI=	1086	94489280702
68719477991	107374182402	PHRtcD4x	PHRtcD4x	Q2xvc2VXb3JrZXI=	1086	94489280702
68719477992	107374182402	ZW52	PHVua25vd24+IGVudg==	QU5Z	1086	94489280656
68719477993	107374182402	ZGF0YWJhc2U=	PGdsb2JhbD4gZGF0YWJhc2U=	RGF0YWJhc2Uq	1086	94489280600
68719477994	107374182402	Y2FsbGJhY2s=	PGdsb2JhbD4gY2FsbGJhY2s=	bmFwaV92YWx1ZQ==	1086	94489280614
68719477995	107374182402	PHRtcD4x	PHRtcD4x	Q2xvc2VXb3JrZXI=	1086	94489280702
68719477996	107374182402	aXRlcmF0b3Jz	aXRlcmF0b3Jz	c3RkLm1hcA==	1098	94489280617
68719477997	107374182402	ZGF0YWJhc2U=	PGdsb2JhbD4gZGF0YWJhc2U=	RGF0YWJhc2Uq	1098	94489280600
68719477998	107374182402	ZGF0YWJhc2U=	TkFQSV9EQl9DT05URVhUKCk=	RGF0YWJhc2Uq	1142	94489280600
68719477999	107374182402	TlVMTA==	PHVua25vd24+IE5VTEw=	QU5Z	1142	94489280657
68719478000	107374182402	a2V5	a2V5	bGV2ZWxkYi5TbGljZQ==	1144	94489280653
68719478001	107374182402	ZW52	PHVua25vd24+IGVudg==	QU5Z	1144	94489280656
68719478002	107374182402	YXJndg==	PHVua25vd24+IGFyZ3Y=	QU5Z	1144	94489280655
68719478003	107374182402	dmFsdWU=	dmFsdWU=	bGV2ZWxkYi5TbGljZQ==	1145	94489280652
68719478004	107374182402	ZW52	PHVua25vd24+IGVudg==	QU5Z	1145	94489280656
68719478005	107374182402	YXJndg==	PHVua25vd24+IGFyZ3Y=	QU5Z	1145	94489280655
68719478006	107374182402	c3luYw==	c3luYw==	Ym9vbA==	1146	94489280621
68719478007	107374182402	ZW52	PHVua25vd24+IGVudg==	QU5Z	1146	94489280656
68719478008	107374182402	YXJndg==	PHVua25vd24+IGFyZ3Y=	QU5Z	1146	94489280655
68719478009	107374182402	Y2FsbGJhY2s=	Y2FsbGJhY2s=	bmFwaV92YWx1ZQ==	1147	94489280614
68719478010	107374182402	YXJndg==	PHVua25vd24+IGFyZ3Y=	QU5Z	1147	94489280655
68719478011	107374182402	d29ya2Vy	d29ya2Vy	T3Blbldvcmtlcio=	1149	94489280615
68719478012	107374182402	PHRtcD4y	PHRtcD4y	UHV0V29ya2Vy	1149	94489280701
68719478013	107374182402	PHRtcD4y	PHRtcD4y	UHV0V29ya2Vy	1149	94489280701
68719478014	107374182402	ZW52	PHVua25vd24+IGVudg==	QU5Z	1149	94489280656
68719478015	107374182402	ZGF0YWJhc2U=	PGdsb2JhbD4gZGF0YWJhc2U=	RGF0YWJhc2Uq	1149	94489280600
68719478016	107374182402	Y2FsbGJhY2s=	PGdsb2JhbD4gY2FsbGJhY2s=	bmFwaV92YWx1ZQ==	1149	94489280614
68719478017	107374182402	a2V5	PGdsb2JhbD4ga2V5	bGV2ZWxkYi5TbGljZQ==	1149	94489280653
68719478018	107374182402	dmFsdWU=	PGdsb2JhbD4gdmFsdWU=	bGV2ZWxkYi5TbGljZQ==	1149	94489280652
68719478019	107374182402	c3luYw==	PGdsb2JhbD4gc3luYw==	Ym9vbA==	1149	94489280621
68719478020	107374182402	PHRtcD4y	PHRtcD4y	UHV0V29ya2Vy	1149	94489280701
68719478021	107374182402	ZGF0YWJhc2U=	TkFQSV9EQl9DT05URVhUKCk=	RGF0YWJhc2Uq	1198	94489280600
68719478022	107374182402	TlVMTA==	PHVua25vd24+IE5VTEw=	QU5Z	1198	94489280657
68719478023	107374182402	a2V5	a2V5	bGV2ZWxkYi5TbGljZQ==	1200	94489280653
68719478024	107374182402	ZW52	PHVua25vd24+IGVudg==	QU5Z	1200	94489280656
68719478025	107374182402	YXJndg==	PHVua25vd24+IGFyZ3Y=	QU5Z	1200	94489280655
68719478026	107374182402	b3B0aW9ucw==	b3B0aW9ucw==	bmFwaV92YWx1ZQ==	1201	94489280602
68719478027	107374182402	YXJndg==	PHVua25vd24+IGFyZ3Y=	QU5Z	1201	94489280655
68719478028	107374182402	YXNCdWZmZXI=	YXNCdWZmZXI=	Ym9vbA==	1202	94489280622
68719478029	107374182402	ZW52	PHVua25vd24+IGVudg==	QU5Z	1202	94489280656
68719478030	107374182402	b3B0aW9ucw==	PGdsb2JhbD4gb3B0aW9ucw==	bmFwaV92YWx1ZQ==	1202	94489280602
68719478031	107374182402	ZmlsbENhY2hl	ZmlsbENhY2hl	Ym9vbA==	1203	94489280623
68719478032	107374182402	ZW52	PHVua25vd24+IGVudg==	QU5Z	1203	94489280656
68719478033	107374182402	b3B0aW9ucw==	PGdsb2JhbD4gb3B0aW9ucw==	bmFwaV92YWx1ZQ==	1203	94489280602
68719478034	107374182402	Y2FsbGJhY2s=	Y2FsbGJhY2s=	bmFwaV92YWx1ZQ==	1204	94489280614
68719478035	107374182402	YXJndg==	PHVua25vd24+IGFyZ3Y=	QU5Z	1204	94489280655
68719478036	107374182402	d29ya2Vy	d29ya2Vy	T3Blbldvcmtlcio=	1206	94489280615
68719478037	107374182402	PHRtcD4z	PHRtcD4z	R2V0V29ya2Vy	1206	94489280700
68719478038	107374182402	PHRtcD4z	PHRtcD4z	R2V0V29ya2Vy	1206	94489280700
68719478039	107374182402	ZW52	PHVua25vd24+IGVudg==	QU5Z	1206	94489280656
68719478040	107374182402	ZGF0YWJhc2U=	PGdsb2JhbD4gZGF0YWJhc2U=	RGF0YWJhc2Uq	1206	94489280600
68719478041	107374182402	Y2FsbGJhY2s=	PGdsb2JhbD4gY2FsbGJhY2s=	bmFwaV92YWx1ZQ==	1206	94489280614
68719478042	107374182402	a2V5	PGdsb2JhbD4ga2V5	bGV2ZWxkYi5TbGljZQ==	1206	94489280653
68719478043	107374182402	YXNCdWZmZXI=	PGdsb2JhbD4gYXNCdWZmZXI=	Ym9vbA==	1206	94489280622
68719478044	107374182402	ZmlsbENhY2hl	PGdsb2JhbD4gZmlsbENhY2hl	Ym9vbA==	1207	94489280623
68719478045	107374182402	PHRtcD4z	PHRtcD4z	R2V0V29ya2Vy	1206	94489280700
68719478046	107374182402	ZGF0YWJhc2U=	TkFQSV9EQl9DT05URVhUKCk=	RGF0YWJhc2Uq	1289	94489280600
68719478047	107374182402	TlVMTA==	PHVua25vd24+IE5VTEw=	QU5Z	1289	94489280657
68719478048	107374182402	a2V5cw==	a2V5cw==	c3RkLnZlY3Rvcio=	1291	94489280624
68719478049	107374182402	ZW52	PHVua25vd24+IGVudg==	QU5Z	1291	94489280656
68719478050	107374182402	YXJndg==	PHVua25vd24+IGFyZ3Y=	QU5Z	1291	94489280655
68719478051	107374182402	b3B0aW9ucw==	b3B0aW9ucw==	bmFwaV92YWx1ZQ==	1292	94489280602
68719478052	107374182402	YXJndg==	PHVua25vd24+IGFyZ3Y=	QU5Z	1292	94489280655
68719478053	107374182402	YXNCdWZmZXI=	YXNCdWZmZXI=	Ym9vbA==	1293	94489280622
68719478054	107374182402	ZW52	PHVua25vd24+IGVudg==	QU5Z	1293	94489280656
68719478055	107374182402	b3B0aW9ucw==	PGdsb2JhbD4gb3B0aW9ucw==	bmFwaV92YWx1ZQ==	1293	94489280602
68719478056	107374182402	ZmlsbENhY2hl	ZmlsbENhY2hl	Ym9vbA==	1294	94489280623
68719478057	107374182402	ZW52	PHVua25vd24+IGVudg==	QU5Z	1294	94489280656
68719478058	107374182402	b3B0aW9ucw==	PGdsb2JhbD4gb3B0aW9ucw==	bmFwaV92YWx1ZQ==	1294	94489280602
68719478059	107374182402	Y2FsbGJhY2s=	Y2FsbGJhY2s=	bmFwaV92YWx1ZQ==	1295	94489280614
68719478060	107374182402	YXJndg==	PHVua25vd24+IGFyZ3Y=	QU5Z	1295	94489280655
68719478061	107374182402	d29ya2Vy	d29ya2Vy	T3Blbldvcmtlcio=	1297	94489280615
68719478062	107374182402	PHRtcD40	PHRtcD40	R2V0TWFueVdvcmtlcg==	1297	94489280690
68719478063	107374182402	PHRtcD40	PHRtcD40	R2V0TWFueVdvcmtlcg==	1297	94489280690
68719478064	107374182402	ZW52	PHVua25vd24+IGVudg==	QU5Z	1298	94489280656
68719478065	107374182402	ZGF0YWJhc2U=	PGdsb2JhbD4gZGF0YWJhc2U=	RGF0YWJhc2Uq	1298	94489280600
68719478066	107374182402	a2V5cw==	PHVua25vd24+IGtleXM=	c3RkLnZlY3Rvcio=	1298	94489280624
68719478067	107374182402	Y2FsbGJhY2s=	PGdsb2JhbD4gY2FsbGJhY2s=	bmFwaV92YWx1ZQ==	1298	94489280614
68719478068	107374182402	YXNCdWZmZXI=	PGdsb2JhbD4gYXNCdWZmZXI=	Ym9vbA==	1298	94489280622
68719478069	107374182402	ZmlsbENhY2hl	PGdsb2JhbD4gZmlsbENhY2hl	Ym9vbA==	1298	94489280623
68719478070	107374182402	PHRtcD40	PHRtcD40	R2V0TWFueVdvcmtlcg==	1297	94489280690
68719478071	107374182402	ZGF0YWJhc2U=	TkFQSV9EQl9DT05URVhUKCk=	RGF0YWJhc2Uq	1336	94489280600
68719478072	107374182402	TlVMTA==	PHVua25vd24+IE5VTEw=	QU5Z	1336	94489280657
68719478073	107374182402	a2V5	a2V5	bGV2ZWxkYi5TbGljZQ==	1338	94489280653
68719478074	107374182402	ZW52	PHVua25vd24+IGVudg==	QU5Z	1338	94489280656
68719478075	107374182402	YXJndg==	PHVua25vd24+IGFyZ3Y=	QU5Z	1338	94489280655
68719478076	107374182402	c3luYw==	c3luYw==	Ym9vbA==	1339	94489280621
68719478077	107374182402	ZW52	PHVua25vd24+IGVudg==	QU5Z	1339	94489280656
68719478078	107374182402	YXJndg==	PHVua25vd24+IGFyZ3Y=	QU5Z	1339	94489280655
68719478079	107374182402	Y2FsbGJhY2s=	Y2FsbGJhY2s=	bmFwaV92YWx1ZQ==	1340	94489280614
68719478080	107374182402	YXJndg==	PHVua25vd24+IGFyZ3Y=	QU5Z	1340	94489280655
68719478081	107374182402	d29ya2Vy	d29ya2Vy	T3Blbldvcmtlcio=	1342	94489280615
68719478082	107374182402	PHRtcD41	PHRtcD41	RGVsV29ya2Vy	1342	94489280689
68719478083	107374182402	PHRtcD41	PHRtcD41	RGVsV29ya2Vy	1342	94489280689
68719478084	107374182402	ZW52	PHVua25vd24+IGVudg==	QU5Z	1342	94489280656
68719478085	107374182402	ZGF0YWJhc2U=	PGdsb2JhbD4gZGF0YWJhc2U=	RGF0YWJhc2Uq	1342	94489280600
68719478086	107374182402	Y2FsbGJhY2s=	PGdsb2JhbD4gY2FsbGJhY2s=	bmFwaV92YWx1ZQ==	1342	94489280614
68719478087	107374182402	a2V5	PGdsb2JhbD4ga2V5	bGV2ZWxkYi5TbGljZQ==	1342	94489280653
68719478088	107374182402	c3luYw==	PGdsb2JhbD4gc3luYw==	Ym9vbA==	1342	94489280621
68719478089	107374182402	PHRtcD41	PHRtcD41	RGVsV29ya2Vy	1342	94489280689
68719478090	107374182402	ZGF0YWJhc2U=	TkFQSV9EQl9DT05URVhUKCk=	RGF0YWJhc2Uq	1413	94489280600
68719478091	107374182402	TlVMTA==	PHVua25vd24+IE5VTEw=	QU5Z	1413	94489280657
68719478092	107374182402	b3B0aW9ucw==	b3B0aW9ucw==	bmFwaV92YWx1ZQ==	1415	94489280602
68719478093	107374182402	YXJndg==	PHVua25vd24+IGFyZ3Y=	QU5Z	1415	94489280655
68719478094	107374182402	Y2FsbGJhY2s=	Y2FsbGJhY2s=	bmFwaV92YWx1ZQ==	1416	94489280614
68719478095	107374182402	YXJndg==	PHVua25vd24+IGFyZ3Y=	QU5Z	1416	94489280655
68719478096	107374182402	cmV2ZXJzZQ==	cmV2ZXJzZQ==	Ym9vbA==	1418	94489280625
68719478097	107374182402	ZW52	PHVua25vd24+IGVudg==	QU5Z	1418	94489280656
68719478098	107374182402	b3B0aW9ucw==	PGdsb2JhbD4gb3B0aW9ucw==	bmFwaV92YWx1ZQ==	1418	94489280602
68719478099	107374182402	bGltaXQ=	bGltaXQ=	aW50	1419	94489280626
68719478100	107374182402	ZW52	PHVua25vd24+IGVudg==	QU5Z	1419	94489280656
68719478101	107374182402	b3B0aW9ucw==	PGdsb2JhbD4gb3B0aW9ucw==	bmFwaV92YWx1ZQ==	1419	94489280602
68719478102	107374182402	bHQ=	bHQ=	c3RkLnN0cmluZyo=	1421	94489280627
68719478103	107374182402	ZW52	PHVua25vd24+IGVudg==	QU5Z	1421	94489280656
68719478104	107374182402	b3B0aW9ucw==	PGdsb2JhbD4gb3B0aW9ucw==	bmFwaV92YWx1ZQ==	1421	94489280602
68719478105	107374182402	bHRl	bHRl	c3RkLnN0cmluZyo=	1422	94489280628
68719478106	107374182402	ZW52	PHVua25vd24+IGVudg==	QU5Z	1422	94489280656
68719478107	107374182402	b3B0aW9ucw==	PGdsb2JhbD4gb3B0aW9ucw==	bmFwaV92YWx1ZQ==	1422	94489280602
68719478108	107374182402	Z3Q=	Z3Q=	c3RkLnN0cmluZyo=	1423	94489280629
68719478109	107374182402	ZW52	PHVua25vd24+IGVudg==	QU5Z	1423	94489280656
68719478110	107374182402	b3B0aW9ucw==	PGdsb2JhbD4gb3B0aW9ucw==	bmFwaV92YWx1ZQ==	1423	94489280602
68719478111	107374182402	Z3Rl	Z3Rl	c3RkLnN0cmluZyo=	1424	94489280630
68719478112	107374182402	ZW52	PHVua25vd24+IGVudg==	QU5Z	1424	94489280656
68719478113	107374182402	b3B0aW9ucw==	PGdsb2JhbD4gb3B0aW9ucw==	bmFwaV92YWx1ZQ==	1424	94489280602
68719478114	107374182402	d29ya2Vy	d29ya2Vy	T3Blbldvcmtlcio=	1426	94489280615
68719478115	107374182402	PHRtcD42	PHRtcD42	Q2xlYXJXb3JrZXI=	1426	94489280684
68719478116	107374182402	PHRtcD42	PHRtcD42	Q2xlYXJXb3JrZXI=	1426	94489280684
68719478117	107374182402	ZW52	PHVua25vd24+IGVudg==	QU5Z	1426	94489280656
68719478118	107374182402	ZGF0YWJhc2U=	PGdsb2JhbD4gZGF0YWJhc2U=	RGF0YWJhc2Uq	1426	94489280600
68719478119	107374182402	Y2FsbGJhY2s=	PGdsb2JhbD4gY2FsbGJhY2s=	bmFwaV92YWx1ZQ==	1426	94489280614
68719478120	107374182402	cmV2ZXJzZQ==	PGdsb2JhbD4gcmV2ZXJzZQ==	Ym9vbA==	1426	94489280625
68719478121	107374182402	bGltaXQ=	PGdsb2JhbD4gbGltaXQ=	aW50	1426	94489280626
68719478122	107374182402	bHQ=	PGdsb2JhbD4gbHQ=	c3RkLnN0cmluZyo=	1426	94489280627
68719478123	107374182402	bHRl	PGdsb2JhbD4gbHRl	c3RkLnN0cmluZyo=	1426	94489280628
68719478124	107374182402	Z3Q=	PGdsb2JhbD4gZ3Q=	c3RkLnN0cmluZyo=	1426	94489280629
68719478125	107374182402	Z3Rl	PGdsb2JhbD4gZ3Rl	c3RkLnN0cmluZyo=	1426	94489280630
68719478126	107374182402	PHRtcD42	PHRtcD42	Q2xlYXJXb3JrZXI=	1426	94489280684
68719478127	107374182402	ZGF0YWJhc2U=	TkFQSV9EQl9DT05URVhUKCk=	RGF0YWJhc2Uq	1471	94489280600
68719478128	107374182402	TlVMTA==	PHVua25vd24+IE5VTEw=	QU5Z	1471	94489280657
68719478129	107374182402	c3RhcnQ=	c3RhcnQ=	bGV2ZWxkYi5TbGljZQ==	1473	94489280631
68719478130	107374182402	ZW52	PHVua25vd24+IGVudg==	QU5Z	1473	94489280656
68719478131	107374182402	YXJndg==	PHVua25vd24+IGFyZ3Y=	QU5Z	1473	94489280655
68719478132	107374182402	ZW5k	ZW5k	bGV2ZWxkYi5TbGljZQ==	1474	94489280632
68719478133	107374182402	ZW52	PHVua25vd24+IGVudg==	QU5Z	1474	94489280656
68719478134	107374182402	YXJndg==	PHVua25vd24+IGFyZ3Y=	QU5Z	1474	94489280655
68719478135	107374182402	Y2FsbGJhY2s=	Y2FsbGJhY2s=	bmFwaV92YWx1ZQ==	1476	94489280614
68719478136	107374182402	YXJndg==	PHVua25vd24+IGFyZ3Y=	QU5Z	1476	94489280655
68719478137	107374182402	d29ya2Vy	d29ya2Vy	T3Blbldvcmtlcio=	1478	94489280615
68719478138	107374182402	PHRtcD43	PHRtcD43	QXBwcm94aW1hdGVTaXplV29ya2Vy	1478	94489280682
68719478139	107374182402	PHRtcD43	PHRtcD43	QXBwcm94aW1hdGVTaXplV29ya2Vy	1478	94489280682
68719478140	107374182402	ZW52	PHVua25vd24+IGVudg==	QU5Z	1478	94489280656
68719478141	107374182402	ZGF0YWJhc2U=	PGdsb2JhbD4gZGF0YWJhc2U=	RGF0YWJhc2Uq	1478	94489280600
68719478142	107374182402	Y2FsbGJhY2s=	PGdsb2JhbD4gY2FsbGJhY2s=	bmFwaV92YWx1ZQ==	1479	94489280614
68719478143	107374182402	c3RhcnQ=	PGdsb2JhbD4gc3RhcnQ=	bGV2ZWxkYi5TbGljZQ==	1479	94489280631
68719478144	107374182402	ZW5k	PGdsb2JhbD4gZW5k	bGV2ZWxkYi5TbGljZQ==	1480	94489280632
68719478145	107374182402	PHRtcD43	PHRtcD43	QXBwcm94aW1hdGVTaXplV29ya2Vy	1478	94489280682
68719478146	107374182402	ZGF0YWJhc2U=	TkFQSV9EQl9DT05URVhUKCk=	RGF0YWJhc2Uq	1516	94489280600
68719478147	107374182402	TlVMTA==	PHVua25vd24+IE5VTEw=	QU5Z	1516	94489280657
68719478148	107374182402	c3RhcnQ=	c3RhcnQ=	bGV2ZWxkYi5TbGljZQ==	1518	94489280631
68719478149	107374182402	ZW52	PHVua25vd24+IGVudg==	QU5Z	1518	94489280656
68719478150	107374182402	YXJndg==	PHVua25vd24+IGFyZ3Y=	QU5Z	1518	94489280655
68719478151	107374182402	ZW5k	ZW5k	bGV2ZWxkYi5TbGljZQ==	1519	94489280632
68719478152	107374182402	ZW52	PHVua25vd24+IGVudg==	QU5Z	1519	94489280656
68719478153	107374182402	YXJndg==	PHVua25vd24+IGFyZ3Y=	QU5Z	1519	94489280655
68719478154	107374182402	Y2FsbGJhY2s=	Y2FsbGJhY2s=	bmFwaV92YWx1ZQ==	1520	94489280614
68719478155	107374182402	YXJndg==	PHVua25vd24+IGFyZ3Y=	QU5Z	1520	94489280655
68719478156	107374182402	d29ya2Vy	d29ya2Vy	T3Blbldvcmtlcio=	1522	94489280615
68719478157	107374182402	PHRtcD44	PHRtcD44	Q29tcGFjdFJhbmdlV29ya2Vy	1522	94489280681
68719478158	107374182402	PHRtcD44	PHRtcD44	Q29tcGFjdFJhbmdlV29ya2Vy	1522	94489280681
68719478159	107374182402	ZW52	PHVua25vd24+IGVudg==	QU5Z	1522	94489280656
68719478160	107374182402	ZGF0YWJhc2U=	PGdsb2JhbD4gZGF0YWJhc2U=	RGF0YWJhc2Uq	1522	94489280600
68719478161	107374182402	Y2FsbGJhY2s=	PGdsb2JhbD4gY2FsbGJhY2s=	bmFwaV92YWx1ZQ==	1522	94489280614
68719478162	107374182402	c3RhcnQ=	PGdsb2JhbD4gc3RhcnQ=	bGV2ZWxkYi5TbGljZQ==	1523	94489280631
68719478163	107374182402	ZW5k	PGdsb2JhbD4gZW5k	bGV2ZWxkYi5TbGljZQ==	1523	94489280632
68719478164	107374182402	PHRtcD44	PHRtcD44	Q29tcGFjdFJhbmdlV29ya2Vy	1522	94489280681
68719478165	107374182402	ZGF0YWJhc2U=	TkFQSV9EQl9DT05URVhUKCk=	RGF0YWJhc2Uq	1534	94489280600
68719478166	107374182402	TlVMTA==	PHVua25vd24+IE5VTEw=	QU5Z	1534	94489280657
68719478167	107374182402	cHJvcGVydHk=	cHJvcGVydHk=	bGV2ZWxkYi5TbGljZQ==	1536	94489280636
68719478168	107374182402	ZW52	PHVua25vd24+IGVudg==	QU5Z	1536	94489280656
68719478169	107374182402	YXJndg==	PHVua25vd24+IGFyZ3Y=	QU5Z	1536	94489280655
68719478170	107374182402	bG9jYXRpb25fc2l6ZQ==	TkFQSV9BUkdWX1VURjhfTkVXKGxvY2F0aW9uLCAwKQ==	c2l6ZV90	1579	94489280601
68719478171	107374182402	Y2FsbGJhY2s=	Y2FsbGJhY2s=	bmFwaV92YWx1ZQ==	1580	94489280614
68719478172	107374182402	YXJndg==	PHVua25vd24+IGFyZ3Y=	QU5Z	1580	94489280655
68719478173	107374182402	d29ya2Vy	d29ya2Vy	T3Blbldvcmtlcio=	1582	94489280615
68719478174	107374182402	PHRtcD45	PHRtcD45	RGVzdHJveVdvcmtlcg==	1582	94489280678
68719478175	107374182402	PHRtcD45	PHRtcD45	RGVzdHJveVdvcmtlcg==	1582	94489280678
68719478176	107374182402	ZW52	PHVua25vd24+IGVudg==	QU5Z	1582	94489280656
68719478177	107374182402	bG9jYXRpb24=	PHVua25vd24+IGxvY2F0aW9u	QU5Z	1582	94489280675
68719478178	107374182402	Y2FsbGJhY2s=	PGdsb2JhbD4gY2FsbGJhY2s=	bmFwaV92YWx1ZQ==	1582	94489280614
68719478179	107374182402	PHRtcD45	PHRtcD45	RGVzdHJveVdvcmtlcg==	1582	94489280678
68719478180	107374182402	bG9jYXRpb25fc2l6ZQ==	TkFQSV9BUkdWX1VURjhfTkVXKGxvY2F0aW9uLCAwKQ==	c2l6ZV90	1620	94489280601
68719478181	107374182402	Y2FsbGJhY2s=	Y2FsbGJhY2s=	bmFwaV92YWx1ZQ==	1621	94489280614
68719478182	107374182402	YXJndg==	PHVua25vd24+IGFyZ3Y=	QU5Z	1621	94489280655
68719478183	107374182402	d29ya2Vy	d29ya2Vy	T3Blbldvcmtlcio=	1623	94489280615
68719478184	107374182402	PHRtcD4xMA==	PHRtcD4xMA==	UmVwYWlyV29ya2Vy	1623	94489280674
68719478185	107374182402	PHRtcD4xMA==	PHRtcD4xMA==	UmVwYWlyV29ya2Vy	1623	94489280674
68719478186	107374182402	ZW52	PHVua25vd24+IGVudg==	QU5Z	1623	94489280656
68719478187	107374182402	bG9jYXRpb24=	PHVua25vd24+IGxvY2F0aW9u	QU5Z	1623	94489280675
68719478188	107374182402	Y2FsbGJhY2s=	PGdsb2JhbD4gY2FsbGJhY2s=	bmFwaV92YWx1ZQ==	1623	94489280614
68719478189	107374182402	PHRtcD4xMA==	PHRtcD4xMA==	UmVwYWlyV29ya2Vy	1623	94489280674
68719478190	107374182402	ZGF0YWJhc2U=	TkFQSV9EQl9DT05URVhUKCk=	RGF0YWJhc2Uq	1645	94489280600
68719478191	107374182402	TlVMTA==	PHVua25vd24+IE5VTEw=	QU5Z	1645	94489280657
68719478192	107374182402	b3B0aW9ucw==	b3B0aW9ucw==	bmFwaV92YWx1ZQ==	1647	94489280602
68719478193	107374182402	YXJndg==	PHVua25vd24+IGFyZ3Y=	QU5Z	1647	94489280655
68719478194	107374182402	cmV2ZXJzZQ==	cmV2ZXJzZQ==	Ym9vbA==	1648	94489280625
68719478195	107374182402	ZW52	PHVua25vd24+IGVudg==	QU5Z	1648	94489280656
68719478196	107374182402	b3B0aW9ucw==	PGdsb2JhbD4gb3B0aW9ucw==	bmFwaV92YWx1ZQ==	1648	94489280602
68719478197	107374182402	a2V5cw==	a2V5cw==	c3RkLnZlY3Rvcio=	1649	94489280624
68719478198	107374182402	ZW52	PHVua25vd24+IGVudg==	QU5Z	1649	94489280656
68719478199	107374182402	b3B0aW9ucw==	PGdsb2JhbD4gb3B0aW9ucw==	bmFwaV92YWx1ZQ==	1649	94489280602
68719478200	107374182402	dmFsdWVz	dmFsdWVz	Ym9vbA==	1650	94489280637
68719478201	107374182402	ZW52	PHVua25vd24+IGVudg==	QU5Z	1650	94489280656
68719478202	107374182402	b3B0aW9ucw==	PGdsb2JhbD4gb3B0aW9ucw==	bmFwaV92YWx1ZQ==	1650	94489280602
68719478203	107374182402	ZmlsbENhY2hl	ZmlsbENhY2hl	Ym9vbA==	1651	94489280623
68719478204	107374182402	ZW52	PHVua25vd24+IGVudg==	QU5Z	1651	94489280656
68719478205	107374182402	b3B0aW9ucw==	PGdsb2JhbD4gb3B0aW9ucw==	bmFwaV92YWx1ZQ==	1651	94489280602
68719478206	107374182402	a2V5QXNCdWZmZXI=	a2V5QXNCdWZmZXI=	Ym9vbA==	1652	94489280638
68719478207	107374182402	ZW52	PHVua25vd24+IGVudg==	QU5Z	1652	94489280656
68719478208	107374182402	b3B0aW9ucw==	PGdsb2JhbD4gb3B0aW9ucw==	bmFwaV92YWx1ZQ==	1652	94489280602
68719478209	107374182402	dmFsdWVBc0J1ZmZlcg==	dmFsdWVBc0J1ZmZlcg==	Ym9vbA==	1653	94489280639
68719478210	107374182402	ZW52	PHVua25vd24+IGVudg==	QU5Z	1653	94489280656
68719478211	107374182402	b3B0aW9ucw==	PGdsb2JhbD4gb3B0aW9ucw==	bmFwaV92YWx1ZQ==	1653	94489280602
68719478212	107374182402	bGltaXQ=	bGltaXQ=	aW50	1654	94489280626
68719478213	107374182402	ZW52	PHVua25vd24+IGVudg==	QU5Z	1654	94489280656
68719478214	107374182402	b3B0aW9ucw==	PGdsb2JhbD4gb3B0aW9ucw==	bmFwaV92YWx1ZQ==	1654	94489280602
68719478215	107374182402	aGlnaFdhdGVyTWFyaw==	aGlnaFdhdGVyTWFyaw==	dWludDMyX3Q=	1655	94489280640
68719478216	107374182402	ZW52	PHVua25vd24+IGVudg==	QU5Z	1655	94489280656
68719478217	107374182402	b3B0aW9ucw==	PGdsb2JhbD4gb3B0aW9ucw==	bmFwaV92YWx1ZQ==	1655	94489280602
68719478218	107374182402	bHQ=	bHQ=	c3RkLnN0cmluZyo=	1658	94489280627
68719478219	107374182402	ZW52	PHVua25vd24+IGVudg==	QU5Z	1658	94489280656
68719478220	107374182402	b3B0aW9ucw==	PGdsb2JhbD4gb3B0aW9ucw==	bmFwaV92YWx1ZQ==	1658	94489280602
68719478221	107374182402	bHRl	bHRl	c3RkLnN0cmluZyo=	1659	94489280628
68719478222	107374182402	ZW52	PHVua25vd24+IGVudg==	QU5Z	1659	94489280656
68719478223	107374182402	b3B0aW9ucw==	PGdsb2JhbD4gb3B0aW9ucw==	bmFwaV92YWx1ZQ==	1659	94489280602
68719478224	107374182402	Z3Q=	Z3Q=	c3RkLnN0cmluZyo=	1660	94489280629
68719478225	107374182402	ZW52	PHVua25vd24+IGVudg==	QU5Z	1660	94489280656
68719478226	107374182402	b3B0aW9ucw==	PGdsb2JhbD4gb3B0aW9ucw==	bmFwaV92YWx1ZQ==	1660	94489280602
68719478227	107374182402	Z3Rl	Z3Rl	c3RkLnN0cmluZyo=	1661	94489280630
68719478228	107374182402	ZW52	PHVua25vd24+IGVudg==	QU5Z	1661	94489280656
68719478229	107374182402	b3B0aW9ucw==	PGdsb2JhbD4gb3B0aW9ucw==	bmFwaV92YWx1ZQ==	1661	94489280602
68719478230	107374182402	aWQ=	aWQ=	dWludDMyX3Q=	1663	94489280641
68719478231	107374182402	ZGF0YWJhc2U=	PGdsb2JhbD4gZGF0YWJhc2U=	RGF0YWJhc2Uq	1663	94489280600
68719478232	107374182402	aXRlcmF0b3I=	aXRlcmF0b3I=	SXRlcmF0b3Iq	1664	94489280642
68719478233	107374182402	PHRtcD4xMQ==	PHRtcD4xMQ==	SXRlcmF0b3I=	1664	94489280673
68719478234	107374182402	PHRtcD4xMQ==	PHRtcD4xMQ==	SXRlcmF0b3I=	1664	94489280673
68719478235	107374182402	ZGF0YWJhc2U=	PGdsb2JhbD4gZGF0YWJhc2U=	RGF0YWJhc2Uq	1664	94489280600
68719478236	107374182402	aWQ=	PGdsb2JhbD4gaWQ=	dWludDMyX3Q=	1664	94489280641
68719478237	107374182402	cmV2ZXJzZQ==	PGdsb2JhbD4gcmV2ZXJzZQ==	Ym9vbA==	1664	94489280625
68719478238	107374182402	a2V5cw==	PHVua25vd24+IGtleXM=	c3RkLnZlY3Rvcio=	1664	94489280624
68719478239	107374182402	dmFsdWVz	PHVua25vd24+IHZhbHVlcw==	Ym9vbA==	1665	94489280637
68719478240	107374182402	bGltaXQ=	PGdsb2JhbD4gbGltaXQ=	aW50	1665	94489280626
68719478241	107374182402	bHQ=	PGdsb2JhbD4gbHQ=	c3RkLnN0cmluZyo=	1665	94489280627
68719478242	107374182402	bHRl	PGdsb2JhbD4gbHRl	c3RkLnN0cmluZyo=	1665	94489280628
68719478243	107374182402	Z3Q=	PGdsb2JhbD4gZ3Q=	c3RkLnN0cmluZyo=	1665	94489280629
68719478244	107374182402	Z3Rl	PGdsb2JhbD4gZ3Rl	c3RkLnN0cmluZyo=	1665	94489280630
68719478245	107374182402	ZmlsbENhY2hl	PGdsb2JhbD4gZmlsbENhY2hl	Ym9vbA==	1665	94489280623
68719478246	107374182402	a2V5QXNCdWZmZXI=	PGdsb2JhbD4ga2V5QXNCdWZmZXI=	Ym9vbA==	1666	94489280638
68719478247	107374182402	dmFsdWVBc0J1ZmZlcg==	PGdsb2JhbD4gdmFsdWVBc0J1ZmZlcg==	Ym9vbA==	1666	94489280639
68719478248	107374182402	aGlnaFdhdGVyTWFyaw==	PGdsb2JhbD4gaGlnaFdhdGVyTWFyaw==	dWludDMyX3Q=	1666	94489280640
68719478249	107374182402	PHRtcD4xMQ==	PHRtcD4xMQ==	SXRlcmF0b3I=	1664	94489280673
68719478250	107374182402	aXRlcmF0b3I=	TkFQSV9JVEVSQVRPUl9DT05URVhUKCk=	SXRlcmF0b3Iq	1685	94489280642
68719478251	107374182402	TlVMTA==	PHVua25vd24+IE5VTEw=	QU5Z	1685	94489280657
68719478252	107374182402	dGFyZ2V0	dGFyZ2V0	bGV2ZWxkYi5TbGljZQ==	1691	94489280645
68719478253	107374182402	ZW52	PHVua25vd24+IGVudg==	QU5Z	1691	94489280656
68719478254	107374182402	YXJndg==	PHVua25vd24+IGFyZ3Y=	QU5Z	1691	94489280655
68719478255	107374182402	aXRlcmF0b3I=	TkFQSV9JVEVSQVRPUl9DT05URVhUKCk=	SXRlcmF0b3Iq	1746	94489280642
68719478256	107374182402	TlVMTA==	PHVua25vd24+IE5VTEw=	QU5Z	1746	94489280657
68719478257	107374182402	aXRlcmF0b3I=	TkFQSV9JVEVSQVRPUl9DT05URVhUKCk=	SXRlcmF0b3Iq	1829	94489280642
68719478258	107374182402	TlVMTA==	PHVua25vd24+IE5VTEw=	QU5Z	1829	94489280657
68719478259	107374182402	Y2FsbGJhY2s=	Y2FsbGJhY2s=	bmFwaV92YWx1ZQ==	1831	94489280614
68719478260	107374182402	YXJndg==	PHVua25vd24+IGFyZ3Y=	QU5Z	1831	94489280655
68719478261	107374182402	d29ya2Vy	d29ya2Vy	T3Blbldvcmtlcio=	1840	94489280615
68719478262	107374182402	PHRtcD4xMg==	PHRtcD4xMg==	TmV4dFdvcmtlcg==	1840	94489280666
68719478263	107374182402	PHRtcD4xMg==	PHRtcD4xMg==	TmV4dFdvcmtlcg==	1840	94489280666
68719478264	107374182402	ZW52	PHVua25vd24+IGVudg==	QU5Z	1840	94489280656
68719478265	107374182402	aXRlcmF0b3I=	PGdsb2JhbD4gaXRlcmF0b3I=	SXRlcmF0b3Iq	1840	94489280642
68719478266	107374182402	Y2FsbGJhY2s=	PGdsb2JhbD4gY2FsbGJhY2s=	bmFwaV92YWx1ZQ==	1840	94489280614
68719478267	107374182402	PHRtcD4xMg==	PHRtcD4xMg==	TmV4dFdvcmtlcg==	1840	94489280666
68719478268	107374182402	ZGF0YWJhc2U=	TkFQSV9EQl9DT05URVhUKCk=	RGF0YWJhc2Uq	1883	94489280600
68719478269	107374182402	TlVMTA==	PHVua25vd24+IE5VTEw=	QU5Z	1883	94489280657
68719478270	107374182402	YXJyYXk=	YXJyYXk=	bmFwaV92YWx1ZQ==	1885	94489280646
68719478271	107374182402	YXJndg==	PHVua25vd24+IGFyZ3Y=	QU5Z	1885	94489280655
68719478272	107374182402	c3luYw==	c3luYw==	Ym9vbA==	1886	94489280621
68719478273	107374182402	ZW52	PHVua25vd24+IGVudg==	QU5Z	1886	94489280656
68719478274	107374182402	YXJndg==	PHVua25vd24+IGFyZ3Y=	QU5Z	1886	94489280655
68719478275	107374182402	Y2FsbGJhY2s=	Y2FsbGJhY2s=	bmFwaV92YWx1ZQ==	1887	94489280614
68719478276	107374182402	YXJndg==	PHVua25vd24+IGFyZ3Y=	QU5Z	1887	94489280655
68719478277	107374182402	YmF0Y2g=	YmF0Y2g=	bGV2ZWxkYi5Xcml0ZUJhdGNoKg==	1892	94489280648
68719478278	107374182402	PHRtcD4xMw==	PHRtcD4xMw==	bGV2ZWxkYi5Xcml0ZUJhdGNo	1892	94489280665
68719478279	107374182402	PHRtcD4xMw==	PHRtcD4xMw==	bGV2ZWxkYi5Xcml0ZUJhdGNo	1892	94489280665
68719478280	107374182402	PHRtcD4xMw==	PHRtcD4xMw==	bGV2ZWxkYi5Xcml0ZUJhdGNo	1892	94489280665
68719478281	107374182402	aGFzRGF0YQ==	aGFzRGF0YQ==	Ym9vbA==	1893	94489280649
68719478282	107374182402	d29ya2Vy	d29ya2Vy	T3Blbldvcmtlcio=	1926	94489280615
68719478283	107374182402	PHRtcD4xNA==	PHRtcD4xNA==	QmF0Y2hXb3JrZXI=	1926	94489280664
68719478284	107374182402	PHRtcD4xNA==	PHRtcD4xNA==	QmF0Y2hXb3JrZXI=	1926	94489280664
68719478285	107374182402	ZW52	PHVua25vd24+IGVudg==	QU5Z	1926	94489280656
68719478286	107374182402	ZGF0YWJhc2U=	PGdsb2JhbD4gZGF0YWJhc2U=	RGF0YWJhc2Uq	1926	94489280600
68719478287	107374182402	Y2FsbGJhY2s=	PGdsb2JhbD4gY2FsbGJhY2s=	bmFwaV92YWx1ZQ==	1926	94489280614
68719478288	107374182402	YmF0Y2g=	PGdsb2JhbD4gYmF0Y2g=	bGV2ZWxkYi5Xcml0ZUJhdGNoKg==	1926	94489280648
68719478289	107374182402	c3luYw==	PGdsb2JhbD4gc3luYw==	Ym9vbA==	1926	94489280621
68719478290	107374182402	aGFzRGF0YQ==	PGdsb2JhbD4gaGFzRGF0YQ==	Ym9vbA==	1926	94489280649
68719478291	107374182402	PHRtcD4xNA==	PHRtcD4xNA==	QmF0Y2hXb3JrZXI=	1926	94489280664
68719478292	107374182402	ZGF0YWJhc2U=	TkFQSV9EQl9DT05URVhUKCk=	RGF0YWJhc2Uq	1985	94489280600
68719478293	107374182402	TlVMTA==	PHVua25vd24+IE5VTEw=	QU5Z	1985	94489280657
68719478294	107374182402	YmF0Y2g=	YmF0Y2g=	bGV2ZWxkYi5Xcml0ZUJhdGNoKg==	1987	94489280648
68719478295	107374182402	PHRtcD4xNQ==	PHRtcD4xNQ==	QmF0Y2g=	1987	94489280660
68719478296	107374182402	PHRtcD4xNQ==	PHRtcD4xNQ==	QmF0Y2g=	1987	94489280660
68719478297	107374182402	ZGF0YWJhc2U=	PGdsb2JhbD4gZGF0YWJhc2U=	RGF0YWJhc2Uq	1987	94489280600
68719478298	107374182402	PHRtcD4xNQ==	PHRtcD4xNQ==	QmF0Y2g=	1987	94489280660
68719478299	107374182402	YmF0Y2g=	TkFQSV9CQVRDSF9DT05URVhUKCk=	bGV2ZWxkYi5Xcml0ZUJhdGNoKg==	2001	94489280648
68719478300	107374182402	TlVMTA==	PHVua25vd24+IE5VTEw=	QU5Z	2001	94489280657
68719478301	107374182402	a2V5	a2V5	bGV2ZWxkYi5TbGljZQ==	2003	94489280653
68719478302	107374182402	ZW52	PHVua25vd24+IGVudg==	QU5Z	2003	94489280656
68719478303	107374182402	YXJndg==	PHVua25vd24+IGFyZ3Y=	QU5Z	2003	94489280655
68719478304	107374182402	dmFsdWU=	dmFsdWU=	c3RkLnN0cmluZw==	2004	94489280652
68719478305	107374182402	ZW52	PHVua25vd24+IGVudg==	QU5Z	2004	94489280656
68719478306	107374182402	YXJndg==	PHVua25vd24+IGFyZ3Y=	QU5Z	2004	94489280655
68719478307	107374182402	YmF0Y2g=	TkFQSV9CQVRDSF9DT05URVhUKCk=	bGV2ZWxkYi5Xcml0ZUJhdGNoKg==	2017	94489280648
68719478308	107374182402	TlVMTA==	PHVua25vd24+IE5VTEw=	QU5Z	2017	94489280657
68719478309	107374182402	a2V5	a2V5	RGlzcG9zZVNsaWNlQnVmZmVy	2019	94489280653
68719478310	107374182402	ZW52	PHVua25vd24+IGVudg==	QU5Z	2019	94489280656
68719478311	107374182402	YXJndg==	PHVua25vd24+IGFyZ3Y=	QU5Z	2019	94489280655
68719478312	107374182402	YmF0Y2g=	TkFQSV9CQVRDSF9DT05URVhUKCk=	bGV2ZWxkYi5Xcml0ZUJhdGNoKg==	2031	94489280648
68719478313	107374182402	TlVMTA==	PHVua25vd24+IE5VTEw=	QU5Z	2031	94489280657
68719478314	107374182402	YmF0Y2g=	TkFQSV9CQVRDSF9DT05URVhUKCk=	bGV2ZWxkYi5Xcml0ZUJhdGNoKg==	2078	94489280648
68719478315	107374182402	TlVMTA==	PHVua25vd24+IE5VTEw=	QU5Z	2078	94489280657
68719478316	107374182402	b3B0aW9ucw==	b3B0aW9ucw==	bmFwaV92YWx1ZQ==	2080	94489280602
68719478317	107374182402	YXJndg==	PHVua25vd24+IGFyZ3Y=	QU5Z	2080	94489280655
68719478318	107374182402	c3luYw==	c3luYw==	Ym9vbA==	2081	94489280621
68719478319	107374182402	ZW52	PHVua25vd24+IGVudg==	QU5Z	2081	94489280656
68719478320	107374182402	b3B0aW9ucw==	PGdsb2JhbD4gb3B0aW9ucw==	bmFwaV92YWx1ZQ==	2081	94489280602
68719478321	107374182402	Y2FsbGJhY2s=	Y2FsbGJhY2s=	bmFwaV92YWx1ZQ==	2082	94489280614
68719478322	107374182402	YXJndg==	PHVua25vd24+IGFyZ3Y=	QU5Z	2082	94489280655
68719478323	107374182402	d29ya2Vy	d29ya2Vy	T3Blbldvcmtlcio=	2084	94489280615
68719478324	107374182402	PHRtcD4xNg==	PHRtcD4xNg==	QmF0Y2hXcml0ZVdvcmtlcg==	2084	94489280654
68719478325	107374182402	PHRtcD4xNg==	PHRtcD4xNg==	QmF0Y2hXcml0ZVdvcmtlcg==	2084	94489280654
68719478326	107374182402	ZW52	PHVua25vd24+IGVudg==	QU5Z	2084	94489280656
68719478327	107374182402	YXJndg==	PHVua25vd24+IGFyZ3Y=	QU5Z	2084	94489280655
68719478328	107374182402	YmF0Y2g=	PGdsb2JhbD4gYmF0Y2g=	bGV2ZWxkYi5Xcml0ZUJhdGNoKg==	2084	94489280648
68719478329	107374182402	Y2FsbGJhY2s=	PGdsb2JhbD4gY2FsbGJhY2s=	bmFwaV92YWx1ZQ==	2084	94489280614
68719478330	107374182402	c3luYw==	PGdsb2JhbD4gc3luYw==	Ym9vbA==	2084	94489280621
68719478331	107374182402	PHRtcD4xNg==	PHRtcD4xNg==	QmF0Y2hXcml0ZVdvcmtlcg==	2084	94489280654
68719476736	107374182403	ZW52	ZW52	bmFwaV9lbnY=	89	111669149700
68719476737	107374182403	dmFsdWU=	dmFsdWU=	bmFwaV92YWx1ZQ==	89	111669149701
68719476738	107374182403	dHlwZQ==	dHlwZQ==	bmFwaV92YWx1ZXR5cGU=	89	94489280512
68719476739	107374182403	dHlwZQ==	dHlwZQ==	bmFwaV92YWx1ZXR5cGU=	90	94489280512
68719476740	107374182403	bmFwaV9zdHJpbmc=	PHVua25vd24+IG5hcGlfc3RyaW5n	QU5Z	90	94489280759
68719476741	107374182404	ZW52	ZW52	bmFwaV9lbnY=	98	111669149702
68719476742	107374182404	dmFsdWU=	dmFsdWU=	bmFwaV92YWx1ZQ==	98	111669149703
68719476743	107374182404	aXNCdWZmZXI=	aXNCdWZmZXI=	Ym9vbA==	98	94489280513
68719476744	107374182404	aXNCdWZmZXI=	aXNCdWZmZXI=	Ym9vbA==	99	94489280513
68719476745	107374182405	ZW52	ZW52	bmFwaV9lbnY=	107	111669149704
68719476746	107374182405	dmFsdWU=	dmFsdWU=	bmFwaV92YWx1ZQ==	107	111669149705
68719476747	107374182405	dHlwZQ==	dHlwZQ==	bmFwaV92YWx1ZXR5cGU=	107	94489280514
68719476748	107374182405	dHlwZQ==	dHlwZQ==	bmFwaV92YWx1ZXR5cGU=	108	94489280514
68719476749	107374182405	bmFwaV9vYmplY3Q=	PHVua25vd24+IG5hcGlfb2JqZWN0	QU5Z	108	94489280758
68719476750	107374182406	ZW52	ZW52	bmFwaV9lbnY=	116	111669149706
68719476751	107374182406	c3Ry	c3Ry	Y2hhcio=	116	111669149707
68719476752	107374182406	c3Ry	c3Ry	Y2hhcio=	116	111669149707
68719476753	107374182406	bXNn	bXNn	bmFwaV92YWx1ZQ==	116	94489280515
68719476754	107374182406	ZW52	ZW52	bmFwaV9lbnY=	118	111669149706
68719476755	107374182406	TlVMTA==	PHVua25vd24+IE5VTEw=	QU5Z	118	94489280757
68719476756	107374182406	bXNn	bXNn	bmFwaV92YWx1ZQ==	118	94489280515
68719476757	107374182406	ZXJyb3I=	ZXJyb3I=	bmFwaV92YWx1ZQ==	118	94489280516
68719476758	107374182406	ZXJyb3I=	ZXJyb3I=	bmFwaV92YWx1ZQ==	119	94489280516
68719476759	107374182407	aGFz	aGFz	Ym9vbA==	126	94489280517
68719476760	107374182407	ZW52	ZW52	bmFwaV9lbnY=	127	111669149708
68719476761	107374182407	b2Jq	b2Jq	bmFwaV92YWx1ZQ==	127	111669149709
68719476762	107374182407	a2V5	a2V5	Y2hhcio=	127	111669149710
68719476763	107374182407	aGFz	aGFz	Ym9vbA==	127	94489280517
68719476764	107374182407	aGFz	aGFz	Ym9vbA==	128	94489280517
68719476765	107374182408	ZW52	ZW52	bmFwaV9lbnY=	136	111669149711
68719476766	107374182408	b2Jq	b2Jq	bmFwaV92YWx1ZQ==	136	111669149712
68719476767	107374182408	a2V5	a2V5	Y2hhcio=	136	111669149713
68719476768	107374182408	dmFsdWU=	dmFsdWU=	bmFwaV92YWx1ZQ==	136	94489280518
68719476769	107374182408	dmFsdWU=	dmFsdWU=	bmFwaV92YWx1ZQ==	137	94489280518
68719476770	107374182409	ZW52	ZW52	bmFwaV9lbnY=	146	111669149714
68719476771	107374182409	b2Jq	b2Jq	bmFwaV92YWx1ZQ==	146	111669149715
68719476772	107374182409	a2V5	a2V5	Y2hhcio=	146	111669149716
68719476773	107374182409	dmFsdWU=	dmFsdWU=	bmFwaV92YWx1ZQ==	147	94489280519
68719476774	107374182409	ZW52	ZW52	bmFwaV9lbnY=	147	111669149714
68719476775	107374182409	b2Jq	b2Jq	bmFwaV92YWx1ZQ==	147	111669149715
68719476776	107374182409	a2V5	a2V5	Y2hhcio=	147	111669149716
68719476777	107374182409	ZW52	ZW52	bmFwaV9lbnY=	149	111669149714
68719476778	107374182409	dmFsdWU=	dmFsdWU=	bmFwaV92YWx1ZQ==	149	94489280519
68719476779	107374182409	cmVzdWx0	cmVzdWx0	Ym9vbA==	149	94489280520
68719476780	107374182409	cmVzdWx0	cmVzdWx0	Ym9vbA==	150	94489280520
68719476781	107374182409	REVGQVVMVA==	REVGQVVMVA==	Ym9vbA==	153	111669149717
68719476782	107374182410	ZW52	ZW52	bmFwaV9lbnY=	162	111669149718
68719476783	107374182410	b2Jq	b2Jq	bmFwaV92YWx1ZQ==	162	111669149719
68719476784	107374182410	a2V5	a2V5	Y2hhcio=	162	111669149720
68719476785	107374182410	dmFsdWU=	dmFsdWU=	bmFwaV92YWx1ZQ==	163	94489280521
68719476786	107374182410	ZW52	ZW52	bmFwaV9lbnY=	163	111669149718
68719476787	107374182410	b2Jq	b2Jq	bmFwaV92YWx1ZQ==	163	111669149719
68719476788	107374182410	a2V5	a2V5	Y2hhcio=	163	111669149720
68719476789	107374182410	ZW52	ZW52	bmFwaV9lbnY=	165	111669149718
68719476790	107374182410	dmFsdWU=	dmFsdWU=	bmFwaV92YWx1ZQ==	165	94489280521
68719476791	107374182410	cmVzdWx0	cmVzdWx0	dWludDMyX3Q=	165	94489280522
68719476792	107374182410	cmVzdWx0	cmVzdWx0	dWludDMyX3Q=	166	94489280522
68719476793	107374182410	REVGQVVMVA==	REVGQVVMVA==	dWludDMyX3Q=	169	111669149721
68719476794	107374182411	ZW52	ZW52	bmFwaV9lbnY=	178	111669149722
68719476795	107374182411	b2Jq	b2Jq	bmFwaV92YWx1ZQ==	178	111669149723
68719476796	107374182411	a2V5	a2V5	Y2hhcio=	178	111669149724
68719476797	107374182411	dmFsdWU=	dmFsdWU=	bmFwaV92YWx1ZQ==	179	94489280523
68719476798	107374182411	ZW52	ZW52	bmFwaV9lbnY=	179	111669149722
68719476799	107374182411	b2Jq	b2Jq	bmFwaV92YWx1ZQ==	179	111669149723
68719476800	107374182411	a2V5	a2V5	Y2hhcio=	179	111669149724
68719476801	107374182411	ZW52	ZW52	bmFwaV9lbnY=	181	111669149722
68719476802	107374182411	dmFsdWU=	dmFsdWU=	bmFwaV92YWx1ZQ==	181	94489280523
68719476803	107374182411	cmVzdWx0	cmVzdWx0	aW50	181	94489280524
68719476804	107374182411	cmVzdWx0	cmVzdWx0	aW50	182	94489280524
68719476805	107374182411	REVGQVVMVA==	REVGQVVMVA==	aW50	185	111669149725
68719476806	107374182412	ZW52	ZW52	bmFwaV9lbnY=	193	111669149726
68719476807	107374182412	b2Jq	b2Jq	bmFwaV92YWx1ZQ==	193	111669149727
68719476808	107374182412	a2V5	a2V5	Y2hhcio=	193	111669149728
68719476809	107374182412	dmFsdWU=	dmFsdWU=	bmFwaV92YWx1ZQ==	194	94489280525
68719476810	107374182412	ZW52	ZW52	bmFwaV9lbnY=	194	111669149726
68719476811	107374182412	b2Jq	b2Jq	bmFwaV92YWx1ZQ==	194	111669149727
68719476812	107374182412	a2V5	a2V5	Y2hhcio=	194	111669149728
68719476813	107374182412	ZW52	ZW52	bmFwaV9lbnY=	195	111669149726
68719476814	107374182412	dmFsdWU=	dmFsdWU=	bmFwaV92YWx1ZQ==	195	94489280525
68719476815	107374182412	c2l6ZQ==	c2l6ZQ==	c2l6ZV90	196	94489280526
68719476816	107374182412	ZW52	ZW52	bmFwaV9lbnY=	197	111669149726
68719476817	107374182412	dmFsdWU=	dmFsdWU=	bmFwaV92YWx1ZQ==	197	94489280525
68719476818	107374182412	TlVMTA==	PHVua25vd24+IE5VTEw=	QU5Z	197	94489280756
68719476819	107374182412	c2l6ZQ==	c2l6ZQ==	c2l6ZV90	197	94489280526
68719476820	107374182412	YnVm	YnVm	Y2hhcio=	199	94489280527
68719476821	107374182412	Y2hhcg==	Y2hhcg==	Y2hhcg==	199	94489280755
68719476822	107374182412	c2l6ZQ==	c2l6ZQ==	c2l6ZV90	199	94489280526
68719476823	107374182412	ZW52	ZW52	bmFwaV9lbnY=	200	111669149726
68719476824	107374182412	dmFsdWU=	dmFsdWU=	bmFwaV92YWx1ZQ==	200	94489280525
68719476825	107374182412	YnVm	YnVm	Y2hhcio=	200	94489280527
68719476826	107374182412	c2l6ZQ==	c2l6ZQ==	c2l6ZV90	200	94489280526
68719476827	107374182412	c2l6ZQ==	c2l6ZQ==	c2l6ZV90	200	94489280526
68719476828	107374182412	YnVm	YnVm	Y2hhcio=	201	94489280527
68719476829	107374182412	c2l6ZQ==	c2l6ZQ==	c2l6ZV90	201	94489280526
68719476830	107374182412	cmVzdWx0	cmVzdWx0	c3RkLnN0cmluZw==	203	94489280528
68719476831	107374182412	YnVm	YnVm	Y2hhcio=	203	94489280527
68719476832	107374182412	YnVm	YnVm	Y2hhcio=	204	94489280527
68719476833	107374182412	cmVzdWx0	cmVzdWx0	c3RkLnN0cmluZw==	205	94489280528
68719476834	107374182413	c2xpY2U=	c2xpY2U=	bGV2ZWxkYi5TbGljZQ==	213	111669149729
68719476835	107374182413	c2xpY2U=	c2xpY2U=	bGV2ZWxkYi5TbGljZQ==	213	111669149729
68719476836	107374182414	dG9DaF8=	TERfU1RSSU5HX09SX0JVRkZFUl9UT19DT1BZKGVudiwgZnJvbSwgdG8p	Y2hhcio=	220	94489280529
68719476837	107374182414	dG9Tel8=	TERfU1RSSU5HX09SX0JVRkZFUl9UT19DT1BZKGVudiwgZnJvbSwgdG8p	c2l6ZV90	220	94489280530
68719476838	107374182414	ZW52	ZW52	bmFwaV9lbnY=	220	111669149730
68719476839	107374182414	ZnJvbQ==	ZnJvbQ==	bmFwaV92YWx1ZQ==	220	111669149731
68719476840	107374182414	ZW52	ZW52	bmFwaV9lbnY=	220	111669149730
68719476841	107374182414	ZnJvbQ==	ZnJvbQ==	bmFwaV92YWx1ZQ==	220	111669149731
68719476842	107374182414	TlVMTA==	PHVua25vd24+IE5VTEw=	QU5Z	220	94489280754
68719476843	107374182414	dG9Tel8=	dG9Tel8=	c2l6ZV90	220	94489280530
68719476844	107374182414	dG9DaF8=	dG9DaF8=	Y2hhcio=	220	94489280529
68719476845	107374182414	Y2hhcg==	Y2hhcg==	Y2hhcg==	220	94489280753
68719476846	107374182414	dG9Tel8=	dG9Tel8=	c2l6ZV90	220	94489280530
68719476847	107374182414	ZW52	ZW52	bmFwaV9lbnY=	220	111669149730
68719476848	107374182414	ZnJvbQ==	ZnJvbQ==	bmFwaV92YWx1ZQ==	220	111669149731
68719476849	107374182414	dG9DaF8=	dG9DaF8=	Y2hhcio=	220	94489280529
68719476850	107374182414	dG9Tel8=	dG9Tel8=	c2l6ZV90	220	94489280530
68719476851	107374182414	dG9Tel8=	dG9Tel8=	c2l6ZV90	220	94489280530
68719476852	107374182414	dG9DaF8=	dG9DaF8=	Y2hhcio=	220	94489280529
68719476853	107374182414	dG9Tel8=	dG9Tel8=	c2l6ZV90	220	94489280530
68719476854	107374182414	ZW52	ZW52	bmFwaV9lbnY=	220	111669149730
68719476855	107374182414	ZnJvbQ==	ZnJvbQ==	bmFwaV92YWx1ZQ==	220	111669149731
68719476856	107374182414	YnVm	TERfU1RSSU5HX09SX0JVRkZFUl9UT19DT1BZKGVudiwgZnJvbSwgdG8p	Y2hhcio=	220	94489280531
68719476857	107374182414	ZW52	ZW52	bmFwaV9lbnY=	220	111669149730
68719476858	107374182414	ZnJvbQ==	ZnJvbQ==	bmFwaV92YWx1ZQ==	220	111669149731
68719476859	107374182414	YnVm	YnVm	Y2hhcio=	220	94489280531
68719476860	107374182414	dG9Tel8=	dG9Tel8=	c2l6ZV90	220	94489280530
68719476861	107374182414	dG9DaF8=	dG9DaF8=	Y2hhcio=	220	94489280529
68719476862	107374182414	Y2hhcg==	Y2hhcg==	Y2hhcg==	220	94489280753
68719476863	107374182414	dG9Tel8=	dG9Tel8=	c2l6ZV90	220	94489280530
68719476864	107374182414	dG9DaF8=	dG9DaF8=	Y2hhcio=	220	94489280529
68719476865	107374182414	YnVm	YnVm	Y2hhcio=	220	94489280531
68719476866	107374182414	dG9Tel8=	dG9Tel8=	c2l6ZV90	220	94489280530
68719476867	107374182414	dG9DaF8=	dG9DaF8=	Y2hhcio=	221	94489280529
68719476868	107374182414	dG9Tel8=	dG9Tel8=	c2l6ZV90	221	94489280530
68719476869	107374182415	c2l6ZQ==	c2l6ZQ==	c2l6ZV90	228	94489280532
68719476870	107374182415	ZW52	ZW52	bmFwaV9lbnY=	230	111669149732
68719476871	107374182415	dmFsdWU=	dmFsdWU=	bmFwaV92YWx1ZQ==	230	111669149733
68719476872	107374182415	ZW52	ZW52	bmFwaV9lbnY=	231	111669149732
68719476873	107374182415	dmFsdWU=	dmFsdWU=	bmFwaV92YWx1ZQ==	231	111669149733
68719476874	107374182415	TlVMTA==	PHVua25vd24+IE5VTEw=	QU5Z	231	94489280752
68719476875	107374182415	c2l6ZQ==	c2l6ZQ==	c2l6ZV90	231	94489280532
68719476876	107374182415	ZW52	ZW52	bmFwaV9lbnY=	232	111669149732
68719476877	107374182415	dmFsdWU=	dmFsdWU=	bmFwaV92YWx1ZQ==	232	111669149733
68719476878	107374182415	ZW52	ZW52	bmFwaV9lbnY=	234	111669149732
68719476879	107374182415	dmFsdWU=	dmFsdWU=	bmFwaV92YWx1ZQ==	234	111669149733
68719476880	107374182415	YnVm	YnVm	Y2hhcio=	234	94489280533
68719476881	107374182415	c2l6ZQ==	c2l6ZQ==	c2l6ZV90	234	94489280532
68719476882	107374182415	c2l6ZQ==	c2l6ZQ==	c2l6ZV90	237	94489280532
68719476883	107374182416	ZW52	ZW52	bmFwaV9lbnY=	245	111669149734
68719476884	107374182416	b3B0cw==	b3B0cw==	bmFwaV92YWx1ZQ==	245	111669149735
68719476885	107374182416	bmFtZQ==	bmFtZQ==	Y2hhcio=	245	111669149736
68719476886	107374182416	dmFsdWU=	dmFsdWU=	bmFwaV92YWx1ZQ==	246	94489280534
68719476887	107374182416	ZW52	ZW52	bmFwaV9lbnY=	246	111669149734
68719476888	107374182416	b3B0cw==	b3B0cw==	bmFwaV92YWx1ZQ==	246	111669149735
68719476889	107374182416	bmFtZQ==	bmFtZQ==	Y2hhcio=	246	111669149736
68719476890	107374182416	ZW52	ZW52	bmFwaV9lbnY=	248	111669149734
68719476891	107374182416	dmFsdWU=	dmFsdWU=	bmFwaV92YWx1ZQ==	248	94489280534
68719476892	107374182416	dG9DaF8=	TERfU1RSSU5HX09SX0JVRkZFUl9UT19DT1BZKGVudiwgdmFsdWUsIHRvKQ==	Y2hhcio=	249	94489280535
68719476893	107374182416	dG9Tel8=	TERfU1RSSU5HX09SX0JVRkZFUl9UT19DT1BZKGVudiwgdmFsdWUsIHRvKQ==	c2l6ZV90	249	94489280536
68719476894	107374182416	ZW52	ZW52	bmFwaV9lbnY=	249	111669149734
68719476895	107374182416	dmFsdWU=	dmFsdWU=	bmFwaV92YWx1ZQ==	249	94489280534
68719476896	107374182416	ZW52	ZW52	bmFwaV9lbnY=	249	111669149734
68719476897	107374182416	dmFsdWU=	dmFsdWU=	bmFwaV92YWx1ZQ==	249	94489280534
68719476898	107374182416	TlVMTA==	PHVua25vd24+IE5VTEw=	QU5Z	249	94489280749
68719476899	107374182416	dG9Tel8=	dG9Tel8=	c2l6ZV90	249	94489280536
68719476900	107374182416	dG9DaF8=	dG9DaF8=	Y2hhcio=	249	94489280535
68719476901	107374182416	Y2hhcg==	Y2hhcg==	Y2hhcg==	249	94489280751
68719476902	107374182416	dG9Tel8=	dG9Tel8=	c2l6ZV90	249	94489280536
68719476903	107374182416	ZW52	ZW52	bmFwaV9lbnY=	249	111669149734
68719476904	107374182416	dmFsdWU=	dmFsdWU=	bmFwaV92YWx1ZQ==	249	94489280534
68719476905	107374182416	dG9DaF8=	dG9DaF8=	Y2hhcio=	249	94489280535
68719476906	107374182416	dG9Tel8=	dG9Tel8=	c2l6ZV90	249	94489280536
68719476907	107374182416	dG9Tel8=	dG9Tel8=	c2l6ZV90	249	94489280536
68719476908	107374182416	dG9DaF8=	dG9DaF8=	Y2hhcio=	249	94489280535
68719476909	107374182416	dG9Tel8=	dG9Tel8=	c2l6ZV90	249	94489280536
68719476910	107374182416	ZW52	ZW52	bmFwaV9lbnY=	249	111669149734
68719476911	107374182416	dmFsdWU=	dmFsdWU=	bmFwaV92YWx1ZQ==	249	94489280534
68719476912	107374182416	YnVm	TERfU1RSSU5HX09SX0JVRkZFUl9UT19DT1BZKGVudiwgdmFsdWUsIHRvKQ==	Y2hhcio=	249	94489280537
68719476913	107374182416	ZW52	ZW52	bmFwaV9lbnY=	249	111669149734
68719476914	107374182416	dmFsdWU=	dmFsdWU=	bmFwaV92YWx1ZQ==	249	94489280534
68719476915	107374182416	YnVm	YnVm	Y2hhcio=	249	94489280537
68719476916	107374182416	dG9Tel8=	dG9Tel8=	c2l6ZV90	249	94489280536
68719476917	107374182416	dG9DaF8=	dG9DaF8=	Y2hhcio=	249	94489280535
68719476918	107374182416	Y2hhcg==	Y2hhcg==	Y2hhcg==	249	94489280751
68719476919	107374182416	dG9Tel8=	dG9Tel8=	c2l6ZV90	249	94489280536
68719476920	107374182416	dG9DaF8=	dG9DaF8=	Y2hhcio=	249	94489280535
68719476921	107374182416	YnVm	YnVm	Y2hhcio=	249	94489280537
68719476922	107374182416	dG9Tel8=	dG9Tel8=	c2l6ZV90	249	94489280536
68719476923	107374182416	cmVzdWx0	cmVzdWx0	c3RkLnN0cmluZyo=	250	94489280538
68719476924	107374182416	PHRtcD4w	PHRtcD4w	c3RkLnN0cmluZw==	250	94489280750
68719476925	107374182416	PHRtcD4w	PHRtcD4w	c3RkLnN0cmluZw==	250	94489280750
68719476926	107374182416	dG9DaF8=	dG9DaF8=	Y2hhcio=	250	94489280535
68719476927	107374182416	dG9Tel8=	dG9Tel8=	c2l6ZV90	250	94489280536
68719476928	107374182416	PHRtcD4w	PHRtcD4w	c3RkLnN0cmluZw==	250	94489280750
68719476929	107374182416	dG9DaF8=	dG9DaF8=	Y2hhcio=	251	94489280535
68719476930	107374182416	cmVzdWx0	cmVzdWx0	c3RkLnN0cmluZyo=	252	94489280538
68719476931	107374182416	TlVMTA==	PHVua25vd24+IE5VTEw=	QU5Z	256	94489280749
68719476932	107374182417	c3Rk	c3Rk	c3Rk	265	94489280748
68719476933	107374182417	c3Rk	c3Rk	c3Rk	265	94489280748
68719476934	107374182417	cmVzdWx0	PHVua25vd24+IHJlc3VsdA==	QU5Z	265	94489280743
68719476935	107374182417	PHRtcD4w	PHRtcD4w	c3RkLnZlY3Rvcg==	265	94489280747
68719476936	107374182417	PHRtcD4w	PHRtcD4w	c3RkLnZlY3Rvcg==	265	94489280747
68719476937	107374182417	PHRtcD4w	PHRtcD4w	c3RkLnZlY3Rvcg==	265	94489280747
68719476938	107374182417	ZW52	ZW52	bmFwaV9lbnY=	267	111669149737
68719476939	107374182417	YXJy	YXJy	bmFwaV92YWx1ZQ==	267	111669149738
68719476940	107374182417	bGVuZ3Ro	bGVuZ3Ro	dWludDMyX3Q=	267	94489280539
68719476941	107374182417	bmFwaV9vaw==	PHVua25vd24+IG5hcGlfb2s=	QU5Z	267	94489280746
68719476942	107374182417	cmVzdWx0	PHVua25vd24+IHJlc3VsdA==	QU5Z	268	94489280743
68719476943	107374182417	bGVuZ3Ro	bGVuZ3Ro	dWludDMyX3Q=	268	94489280539
68719476944	107374182417	aQ==	aQ==	dWludDMyX3Q=	270	94489280540
68719476945	107374182417	aQ==	aQ==	dWludDMyX3Q=	270	94489280540
68719476946	107374182417	bGVuZ3Ro	bGVuZ3Ro	dWludDMyX3Q=	270	94489280539
68719476947	107374182417	aQ==	aQ==	dWludDMyX3Q=	270	94489280540
68719476948	107374182417	ZW52	ZW52	bmFwaV9lbnY=	273	111669149737
68719476949	107374182417	YXJy	YXJy	bmFwaV92YWx1ZQ==	273	111669149738
68719476950	107374182417	aQ==	aQ==	dWludDMyX3Q=	273	94489280540
68719476951	107374182417	ZWxlbWVudA==	ZWxlbWVudA==	bmFwaV92YWx1ZQ==	273	94489280541
68719476952	107374182417	bmFwaV9vaw==	PHVua25vd24+IG5hcGlfb2s=	QU5Z	273	94489280746
68719476953	107374182417	ZW52	ZW52	bmFwaV9lbnY=	274	111669149737
68719476954	107374182417	ZWxlbWVudA==	ZWxlbWVudA==	bmFwaV92YWx1ZQ==	274	94489280541
68719476955	107374182417	dG9DaF8=	TERfU1RSSU5HX09SX0JVRkZFUl9UT19DT1BZKGVudiwgZWxlbWVudCwgdG8p	Y2hhcio=	275	94489280542
68719476956	107374182417	dG9Tel8=	TERfU1RSSU5HX09SX0JVRkZFUl9UT19DT1BZKGVudiwgZWxlbWVudCwgdG8p	c2l6ZV90	275	94489280543
68719476957	107374182417	ZW52	ZW52	bmFwaV9lbnY=	275	111669149737
68719476958	107374182417	ZWxlbWVudA==	ZWxlbWVudA==	bmFwaV92YWx1ZQ==	275	94489280541
68719476959	107374182417	ZW52	ZW52	bmFwaV9lbnY=	275	111669149737
68719476960	107374182417	ZWxlbWVudA==	ZWxlbWVudA==	bmFwaV92YWx1ZQ==	275	94489280541
68719476961	107374182417	TlVMTA==	PHVua25vd24+IE5VTEw=	QU5Z	275	94489280745
68719476962	107374182417	dG9Tel8=	dG9Tel8=	c2l6ZV90	275	94489280543
68719476963	107374182417	dG9DaF8=	dG9DaF8=	Y2hhcio=	275	94489280542
68719476964	107374182417	Y2hhcg==	Y2hhcg==	Y2hhcg==	275	94489280744
68719476965	107374182417	dG9Tel8=	dG9Tel8=	c2l6ZV90	275	94489280543
68719476966	107374182417	ZW52	ZW52	bmFwaV9lbnY=	275	111669149737
68719476967	107374182417	ZWxlbWVudA==	ZWxlbWVudA==	bmFwaV92YWx1ZQ==	275	94489280541
68719476968	107374182417	dG9DaF8=	dG9DaF8=	Y2hhcio=	275	94489280542
68719476969	107374182417	dG9Tel8=	dG9Tel8=	c2l6ZV90	275	94489280543
68719476970	107374182417	dG9Tel8=	dG9Tel8=	c2l6ZV90	275	94489280543
68719476971	107374182417	dG9DaF8=	dG9DaF8=	Y2hhcio=	275	94489280542
68719476972	107374182417	dG9Tel8=	dG9Tel8=	c2l6ZV90	275	94489280543
68719476973	107374182417	ZW52	ZW52	bmFwaV9lbnY=	275	111669149737
68719476974	107374182417	ZWxlbWVudA==	ZWxlbWVudA==	bmFwaV92YWx1ZQ==	275	94489280541
68719476975	107374182417	YnVm	TERfU1RSSU5HX09SX0JVRkZFUl9UT19DT1BZKGVudiwgZWxlbWVudCwgdG8p	Y2hhcio=	275	94489280544
68719476976	107374182417	ZW52	ZW52	bmFwaV9lbnY=	275	111669149737
68719476977	107374182417	ZWxlbWVudA==	ZWxlbWVudA==	bmFwaV92YWx1ZQ==	275	94489280541
68719476978	107374182417	YnVm	YnVm	Y2hhcio=	275	94489280544
68719476979	107374182417	dG9Tel8=	dG9Tel8=	c2l6ZV90	275	94489280543
68719476980	107374182417	dG9DaF8=	dG9DaF8=	Y2hhcio=	275	94489280542
68719476981	107374182417	Y2hhcg==	Y2hhcg==	Y2hhcg==	275	94489280744
68719476982	107374182417	dG9Tel8=	dG9Tel8=	c2l6ZV90	275	94489280543
68719476983	107374182417	dG9DaF8=	dG9DaF8=	Y2hhcio=	275	94489280542
68719476984	107374182417	YnVm	YnVm	Y2hhcio=	275	94489280544
68719476985	107374182417	dG9Tel8=	dG9Tel8=	c2l6ZV90	275	94489280543
68719476986	107374182417	cmVzdWx0	PHVua25vd24+IHJlc3VsdA==	QU5Z	276	94489280743
68719476987	107374182417	dG9DaF8=	dG9DaF8=	Y2hhcio=	276	94489280542
68719476988	107374182417	dG9Tel8=	dG9Tel8=	c2l6ZV90	276	94489280543
68719476989	107374182417	dG9DaF8=	dG9DaF8=	Y2hhcio=	277	94489280542
68719476990	107374182417	cmVzdWx0	PHVua25vd24+IHJlc3VsdA==	QU5Z	282	94489280743
68719476991	107374182418	ZW52	ZW52	bmFwaV9lbnY=	293	111669149739
68719476992	107374182418	Z2xvYmFs	Z2xvYmFs	bmFwaV92YWx1ZQ==	293	94489280545
68719476993	107374182418	ZW52	ZW52	bmFwaV9lbnY=	294	111669149739
68719476994	107374182418	Z2xvYmFs	Z2xvYmFs	bmFwaV92YWx1ZQ==	294	94489280545
68719476995	107374182418	Y2FsbGJhY2s=	Y2FsbGJhY2s=	bmFwaV92YWx1ZQ==	294	111669149740
68719476996	107374182418	YXJnYw==	YXJnYw==	aW50	294	111669149741
68719476997	107374182418	YXJndg==	YXJndg==	bmFwaV92YWx1ZSo=	294	111669149742
68719476998	107374182418	TlVMTA==	PHVua25vd24+IE5VTEw=	QU5Z	294	94489280742
68719476999	107374182419	dGhpcw==	dGhpcw==	RW50cnkq	311	111669149743
68719477000	107374182419	a2V5	a2V5	bGV2ZWxkYi5TbGljZSo=	311	111669149744
68719477001	107374182419	TlVMTA==	PHVua25vd24+IE5VTEw=	QU5Z	311	94489280739
68719477002	107374182419	PHRtcD4w	PHRtcD4w	c3RkLnN0cmluZw==	311	94489280741
68719477003	107374182419	PHRtcD4w	PHRtcD4w	c3RkLnN0cmluZw==	311	94489280741
68719477004	107374182419	a2V5	a2V5	bGV2ZWxkYi5TbGljZSo=	311	111669149744
68719477005	107374182419	a2V5	a2V5	bGV2ZWxkYi5TbGljZSo=	311	111669149744
68719477006	107374182419	PHRtcD4w	PHRtcD4w	c3RkLnN0cmluZw==	311	94489280741
68719477007	107374182419	TlVMTA==	PHVua25vd24+IE5VTEw=	QU5Z	311	94489280739
68719477008	107374182419	dGhpcw==	dGhpcw==	RW50cnkq	312	111669149743
68719477009	107374182419	dmFsdWU=	dmFsdWU=	bGV2ZWxkYi5TbGljZSo=	312	111669149745
68719477010	107374182419	TlVMTA==	PHVua25vd24+IE5VTEw=	QU5Z	312	94489280739
68719477011	107374182419	PHRtcD4x	PHRtcD4x	c3RkLnN0cmluZw==	312	94489280740
68719477012	107374182419	PHRtcD4x	PHRtcD4x	c3RkLnN0cmluZw==	312	94489280740
68719477013	107374182419	dmFsdWU=	dmFsdWU=	bGV2ZWxkYi5TbGljZSo=	312	111669149745
68719477014	107374182419	dmFsdWU=	dmFsdWU=	bGV2ZWxkYi5TbGljZSo=	312	111669149745
68719477015	107374182419	PHRtcD4x	PHRtcD4x	c3RkLnN0cmluZw==	312	94489280740
68719477016	107374182419	TlVMTA==	PHVua25vd24+IE5VTEw=	QU5Z	312	94489280739
68719477017	107374182420	dGhpcw==	dGhpcw==	RW50cnkq	316	111669149746
68719477018	107374182420	TlVMTA==	PHVua25vd24+IE5VTEw=	QU5Z	316	94489280738
68719477019	107374182420	dGhpcw==	dGhpcw==	RW50cnkq	316	111669149746
68719477020	107374182420	dGhpcw==	dGhpcw==	RW50cnkq	317	111669149746
68719477021	107374182420	TlVMTA==	PHVua25vd24+IE5VTEw=	QU5Z	317	94489280738
68719477022	107374182420	dGhpcw==	dGhpcw==	RW50cnkq	317	111669149746
68719477023	107374182421	bW9kZQ==	bW9kZQ==	TW9kZQ==	322	111669149749
68719477024	107374182421	TW9kZQ==	TW9kZQ==	TW9kZQ==	322	94489280737
68719477025	107374182421	ZW52	ZW52	bmFwaV9lbnY=	323	111669149748
68719477026	107374182421	cmVzdWx0	cmVzdWx0	bmFwaV92YWx1ZSo=	323	111669149752
68719477027	107374182421	ZW52	ZW52	bmFwaV9lbnY=	328	111669149748
68719477028	107374182421	dGhpcw==	dGhpcw==	RW50cnkq	328	111669149747
68719477029	107374182421	a2V5QXNCdWZmZXI=	a2V5QXNCdWZmZXI=	Ym9vbA==	328	111669149750
68719477030	107374182421	a2V5RWxlbWVudA==	a2V5RWxlbWVudA==	bmFwaV92YWx1ZQ==	328	94489280547
68719477031	107374182421	ZW52	ZW52	bmFwaV9lbnY=	329	111669149748
68719477032	107374182421	dGhpcw==	dGhpcw==	RW50cnkq	329	111669149747
68719477033	107374182421	dmFsdWVBc0J1ZmZlcg==	dmFsdWVBc0J1ZmZlcg==	Ym9vbA==	329	111669149751
68719477034	107374182421	dmFsdWVFbGVtZW50	dmFsdWVFbGVtZW50	bmFwaV92YWx1ZQ==	329	94489280546
68719477035	107374182421	ZW52	ZW52	bmFwaV9lbnY=	331	111669149748
68719477036	107374182421	cmVzdWx0	cmVzdWx0	bmFwaV92YWx1ZSo=	331	111669149752
68719477037	107374182421	a2V5RWxlbWVudA==	a2V5RWxlbWVudA==	bmFwaV92YWx1ZQ==	331	94489280547
68719477038	107374182421	ZW52	ZW52	bmFwaV9lbnY=	332	111669149748
68719477039	107374182421	cmVzdWx0	cmVzdWx0	bmFwaV92YWx1ZSo=	332	111669149752
68719477040	107374182421	dmFsdWVFbGVtZW50	dmFsdWVFbGVtZW50	bmFwaV92YWx1ZQ==	332	94489280546
68719477041	107374182421	bW9kZQ==	bW9kZQ==	TW9kZQ==	333	111669149749
68719477042	107374182421	TW9kZQ==	TW9kZQ==	TW9kZQ==	333	94489280737
68719477043	107374182421	ZW52	ZW52	bmFwaV9lbnY=	334	111669149748
68719477044	107374182421	dGhpcw==	dGhpcw==	RW50cnkq	334	111669149747
68719477045	107374182421	a2V5QXNCdWZmZXI=	a2V5QXNCdWZmZXI=	Ym9vbA==	334	111669149750
68719477046	107374182421	cmVzdWx0	cmVzdWx0	bmFwaV92YWx1ZSo=	334	111669149752
68719477047	107374182421	ZW52	ZW52	bmFwaV9lbnY=	336	111669149748
68719477048	107374182421	dGhpcw==	dGhpcw==	RW50cnkq	336	111669149747
68719477049	107374182421	dmFsdWVBc0J1ZmZlcg==	dmFsdWVBc0J1ZmZlcg==	Ym9vbA==	336	111669149751
68719477050	107374182421	cmVzdWx0	cmVzdWx0	bmFwaV92YWx1ZSo=	336	111669149752
68719477051	107374182422	cw==	cw==	c3RkLnN0cmluZyo=	341	111669149754
68719477052	107374182422	TlVMTA==	PHVua25vd24+IE5VTEw=	QU5Z	341	94489280736
68719477053	107374182422	ZW52	ZW52	bmFwaV9lbnY=	342	111669149753
68719477054	107374182422	cmVzdWx0	cmVzdWx0	bmFwaV92YWx1ZSo=	342	111669149756
68719477055	107374182422	YXNCdWZmZXI=	YXNCdWZmZXI=	Ym9vbA==	343	111669149755
68719477056	107374182422	ZW52	ZW52	bmFwaV9lbnY=	344	111669149753
68719477057	107374182422	cw==	cw==	c3RkLnN0cmluZyo=	344	111669149754
68719477058	107374182422	cw==	cw==	c3RkLnN0cmluZyo=	344	111669149754
68719477059	107374182422	TlVMTA==	PHVua25vd24+IE5VTEw=	QU5Z	344	94489280736
68719477060	107374182422	cmVzdWx0	cmVzdWx0	bmFwaV92YWx1ZSo=	344	111669149756
68719477061	107374182422	ZW52	ZW52	bmFwaV9lbnY=	346	111669149753
68719477062	107374182422	cw==	cw==	c3RkLnN0cmluZyo=	346	111669149754
68719477063	107374182422	cw==	cw==	c3RkLnN0cmluZyo=	346	111669149754
68719477064	107374182422	cmVzdWx0	cmVzdWx0	bmFwaV92YWx1ZSo=	346	111669149756
68719477130	107374182423	ZGF0YWJhc2Vf	ZGF0YWJhc2Vf	RGF0YWJhc2Uq	453	94489280732
68719477131	107374182423	PHRtcD4w	PHRtcD4w	QU5Z	453	94489280731
68719477132	107374182423	PHRtcD4w	PHRtcD4w	QU5Z	453	94489280731
68719477133	107374182423	PHRtcD4w	PHRtcD4w	QU5Z	453	94489280731
68719477065	107374182424	ZW52	ZW52	bmFwaV9lbnY=	371	111669149758
68719477066	107374182424	Y2FsbGJhY2s=	Y2FsbGJhY2s=	bmFwaV92YWx1ZQ==	371	111669149760
68719477067	107374182424	dGhpcw==	dGhpcw==	QmFzZVdvcmtlcio=	371	111669149757
68719477068	107374182424	ZW52	ZW52	bmFwaV9lbnY=	373	111669149758
68719477069	107374182424	cmVzb3VyY2VOYW1l	cmVzb3VyY2VOYW1l	Y2hhcio=	373	111669149761
68719477070	107374182424	TkFQSV9BVVRPX0xFTkdUSA==	PHVua25vd24+IE5BUElfQVVUT19MRU5HVEg=	QU5Z	374	94489280734
68719477071	107374182424	YXN5bmNSZXNvdXJjZU5hbWU=	YXN5bmNSZXNvdXJjZU5hbWU=	bmFwaV92YWx1ZQ==	375	94489280548
68719477072	107374182424	ZW52	ZW52	bmFwaV9lbnY=	376	111669149758
68719477073	107374182424	Y2FsbGJhY2s=	Y2FsbGJhY2s=	bmFwaV92YWx1ZQ==	376	111669149760
68719477074	107374182424	YXN5bmNSZXNvdXJjZU5hbWU=	YXN5bmNSZXNvdXJjZU5hbWU=	bmFwaV92YWx1ZQ==	377	94489280548
68719477075	107374182424	dGhpcw==	dGhpcw==	QmFzZVdvcmtlcio=	380	111669149757
68719477076	107374182424	dGhpcw==	dGhpcw==	QmFzZVdvcmtlcio=	380	111669149757
68719477077	107374182424	dGhpcw==	dGhpcw==	QmFzZVdvcmtlcio=	370	111669149757
68719477078	107374182424	ZGF0YWJhc2U=	ZGF0YWJhc2U=	RGF0YWJhc2Uq	370	111669149759
68719477079	107374182424	dGhpcw==	dGhpcw==	QmFzZVdvcmtlcio=	370	111669149757
68719477080	107374182424	TlVMTA==	PHVua25vd24+IE5VTEw=	QU5Z	370	94489280735
68719477081	107374182425	dGhpcw==	dGhpcw==	QmFzZVdvcmtlcio=	384	111669149762
68719477082	107374182426	c2VsZg==	c2VsZg==	QmFzZVdvcmtlcio=	388	94489280549
68719477083	107374182426	ZGF0YQ==	ZGF0YQ==	dm9pZCo=	388	111669149764
68719477084	107374182426	c2VsZg==	c2VsZg==	QmFzZVdvcmtlcio=	392	94489280549
68719477085	107374182427	dGhpcw==	dGhpcw==	QmFzZVdvcmtlcio=	396	111669149765
68719477086	107374182427	c3RhdHVz	c3RhdHVz	bGV2ZWxkYi5TdGF0dXM=	396	111669149766
68719477087	107374182427	c3RhdHVz	c3RhdHVz	bGV2ZWxkYi5TdGF0dXM=	397	111669149766
68719477088	107374182427	c3RhdHVz	c3RhdHVz	bGV2ZWxkYi5TdGF0dXM=	398	111669149766
68719477089	107374182428	dGhpcw==	dGhpcw==	QmFzZVdvcmtlcio=	405	111669149767
68719477090	107374182428	c2l6ZQ==	c2l6ZQ==	c2l6ZV90	406	94489280550
68719477091	107374182428	bXNn	bXNn	Y2hhcio=	406	111669149768
68719477092	107374182428	dGhpcw==	dGhpcw==	QmFzZVdvcmtlcio=	407	111669149767
68719477093	107374182428	Y2hhcg==	Y2hhcg==	Y2hhcg==	407	94489280733
68719477094	107374182428	c2l6ZQ==	c2l6ZQ==	c2l6ZV90	407	94489280550
68719477095	107374182428	dGhpcw==	dGhpcw==	QmFzZVdvcmtlcio=	408	111669149767
68719477096	107374182428	bXNn	bXNn	Y2hhcio=	408	111669149768
68719477097	107374182428	c2l6ZQ==	c2l6ZQ==	c2l6ZV90	408	94489280550
68719477098	107374182429	c2VsZg==	c2VsZg==	QmFzZVdvcmtlcio=	414	94489280551
68719477099	107374182429	ZGF0YQ==	ZGF0YQ==	dm9pZCo=	414	111669149771
68719477100	107374182429	c2VsZg==	c2VsZg==	QmFzZVdvcmtlcio=	416	94489280551
68719477101	107374182429	ZW52	ZW52	bmFwaV9lbnY=	416	111669149769
68719477102	107374182429	c2VsZg==	c2VsZg==	QmFzZVdvcmtlcio=	417	94489280551
68719477103	107374182429	ZW52	ZW52	bmFwaV9lbnY=	417	111669149769
68719477104	107374182430	ZW52	ZW52	bmFwaV9lbnY=	422	111669149773
68719477105	107374182430	dGhpcw==	dGhpcw==	QmFzZVdvcmtlcio=	422	111669149772
68719477106	107374182430	Y2FsbGJhY2s=	Y2FsbGJhY2s=	bmFwaV92YWx1ZQ==	422	94489280552
68719477107	107374182430	dGhpcw==	dGhpcw==	QmFzZVdvcmtlcio=	424	111669149772
68719477108	107374182430	ZW52	ZW52	bmFwaV9lbnY=	425	111669149773
68719477109	107374182430	Y2FsbGJhY2s=	Y2FsbGJhY2s=	bmFwaV92YWx1ZQ==	425	94489280552
68719477110	107374182430	ZW52	ZW52	bmFwaV9lbnY=	427	111669149773
68719477111	107374182430	Y2FsbGJhY2s=	Y2FsbGJhY2s=	bmFwaV92YWx1ZQ==	427	94489280552
68719477112	107374182431	ZW52	ZW52	bmFwaV9lbnY=	433	111669149775
68719477113	107374182431	YXJndg==	YXJndg==	bmFwaV92YWx1ZQ==	433	94489280553
68719477114	107374182431	ZW52	ZW52	bmFwaV9lbnY=	434	111669149775
68719477115	107374182431	Y2FsbGJhY2s=	Y2FsbGJhY2s=	bmFwaV92YWx1ZQ==	434	111669149776
68719477116	107374182431	YXJndg==	YXJndg==	bmFwaV92YWx1ZQ==	434	94489280553
68719477117	107374182432	YXJndg==	YXJndg==	bmFwaV92YWx1ZQ==	438	94489280554
68719477118	107374182432	ZW52	ZW52	bmFwaV9lbnY=	438	111669149778
68719477119	107374182432	dGhpcw==	dGhpcw==	QmFzZVdvcmtlcio=	438	111669149777
68719477120	107374182432	ZW52	ZW52	bmFwaV9lbnY=	439	111669149778
68719477121	107374182432	Y2FsbGJhY2s=	Y2FsbGJhY2s=	bmFwaV92YWx1ZQ==	439	111669149779
68719477122	107374182432	YXJndg==	YXJndg==	bmFwaV92YWx1ZQ==	439	94489280554
68719477123	107374182433	ZW52	ZW52	bmFwaV9lbnY=	443	111669149781
68719477124	107374182433	dGhpcw==	dGhpcw==	QmFzZVdvcmtlcio=	443	111669149780
68719477125	107374182433	ZW52	ZW52	bmFwaV9lbnY=	444	111669149781
68719477126	107374182433	dGhpcw==	dGhpcw==	QmFzZVdvcmtlcio=	444	111669149780
68719477127	107374182433	dGhpcw==	dGhpcw==	QmFzZVdvcmtlcio=	446	111669149780
68719477128	107374182434	ZW52	ZW52	bmFwaV9lbnY=	450	111669149783
68719477129	107374182434	dGhpcw==	dGhpcw==	QmFzZVdvcmtlcio=	450	111669149782
68719477209	107374182435	cGVuZGluZ0Nsb3NlV29ya2VyXw==	cGVuZGluZ0Nsb3NlV29ya2VyXw==	QmFzZVdvcmtlcio=	574	94489280726
68719477210	107374182435	PHRtcD4w	PHRtcD4w	QU5Z	574	94489280725
68719477211	107374182435	PHRtcD4w	PHRtcD4w	QU5Z	574	94489280725
68719477212	107374182435	PHRtcD4w	PHRtcD4w	QU5Z	574	94489280725
68719477213	107374182435	aXRlcmF0b3JzXw==	aXRlcmF0b3JzXw==	QU5Z	575	94489280724
68719477214	107374182435	PHRtcD4x	PHRtcD4x	QU5Z	575	94489280723
68719477215	107374182435	PHRtcD4x	PHRtcD4x	QU5Z	575	94489280723
68719477216	107374182435	PHRtcD4x	PHRtcD4x	QU5Z	575	94489280723
68719477134	107374182436	dGhpcw==	dGhpcw==	RGF0YWJhc2Uq	467	111669149784
68719477135	107374182436	TlVMTA==	PHVua25vd24+IE5VTEw=	QU5Z	467	94489280730
68719477136	107374182436	dGhpcw==	dGhpcw==	RGF0YWJhc2Uq	468	111669149784
68719477137	107374182436	dGhpcw==	dGhpcw==	RGF0YWJhc2Uq	469	111669149784
68719477138	107374182436	TlVMTA==	PHVua25vd24+IE5VTEw=	QU5Z	469	94489280730
68719477139	107374182436	dGhpcw==	dGhpcw==	RGF0YWJhc2Uq	470	111669149784
68719477140	107374182436	TlVMTA==	PHVua25vd24+IE5VTEw=	QU5Z	470	94489280730
68719477141	107374182436	dGhpcw==	dGhpcw==	RGF0YWJhc2Uq	471	111669149784
68719477142	107374182437	dGhpcw==	dGhpcw==	RGF0YWJhc2Uq	474	111669149785
68719477143	107374182437	TlVMTA==	PHVua25vd24+IE5VTEw=	QU5Z	474	94489280729
68719477144	107374182437	dGhpcw==	dGhpcw==	RGF0YWJhc2Uq	475	111669149785
68719477145	107374182437	dGhpcw==	dGhpcw==	RGF0YWJhc2Uq	476	111669149785
68719477146	107374182437	TlVMTA==	PHVua25vd24+IE5VTEw=	QU5Z	476	94489280729
68719477147	107374182438	cmVhZE9ubHk=	cmVhZE9ubHk=	Ym9vbA==	483	111669149788
68719477148	107374182438	b3B0aW9ucw==	b3B0aW9ucw==	bGV2ZWxkYi5PcHRpb25zJg==	484	111669149787
68719477149	107374182438	bG9jYXRpb24=	bG9jYXRpb24=	Y2hhcio=	484	111669149789
68719477150	107374182438	dGhpcw==	dGhpcw==	RGF0YWJhc2Uq	484	111669149786
68719477151	107374182438	b3B0aW9ucw==	b3B0aW9ucw==	bGV2ZWxkYi5PcHRpb25zJg==	486	111669149787
68719477152	107374182438	bG9jYXRpb24=	bG9jYXRpb24=	Y2hhcio=	486	111669149789
68719477153	107374182438	dGhpcw==	dGhpcw==	RGF0YWJhc2Uq	486	111669149786
68719477154	107374182439	dGhpcw==	dGhpcw==	RGF0YWJhc2Uq	491	111669149790
68719477155	107374182439	dGhpcw==	dGhpcw==	RGF0YWJhc2Uq	492	111669149790
68719477156	107374182439	TlVMTA==	PHVua25vd24+IE5VTEw=	QU5Z	492	94489280728
68719477157	107374182440	dGhpcw==	dGhpcw==	RGF0YWJhc2Uq	498	111669149791
68719477158	107374182440	b3B0aW9ucw==	b3B0aW9ucw==	bGV2ZWxkYi5Xcml0ZU9wdGlvbnMm	498	111669149792
68719477159	107374182440	a2V5	a2V5	bGV2ZWxkYi5TbGljZQ==	498	111669149793
68719477160	107374182440	dmFsdWU=	dmFsdWU=	bGV2ZWxkYi5TbGljZQ==	498	111669149794
68719477161	107374182441	dGhpcw==	dGhpcw==	RGF0YWJhc2Uq	504	111669149795
68719477162	107374182441	b3B0aW9ucw==	b3B0aW9ucw==	bGV2ZWxkYi5SZWFkT3B0aW9ucyY=	504	111669149796
68719477163	107374182441	a2V5	a2V5	bGV2ZWxkYi5TbGljZQ==	504	111669149797
68719477164	107374182441	dmFsdWU=	dmFsdWU=	c3RkLnN0cmluZyY=	504	111669149798
68719477165	107374182442	dGhpcw==	dGhpcw==	RGF0YWJhc2Uq	509	111669149799
68719477166	107374182442	b3B0aW9ucw==	b3B0aW9ucw==	bGV2ZWxkYi5Xcml0ZU9wdGlvbnMm	509	111669149800
68719477167	107374182442	a2V5	a2V5	bGV2ZWxkYi5TbGljZQ==	509	111669149801
68719477168	107374182443	dGhpcw==	dGhpcw==	RGF0YWJhc2Uq	514	111669149802
68719477169	107374182443	b3B0aW9ucw==	b3B0aW9ucw==	bGV2ZWxkYi5Xcml0ZU9wdGlvbnMm	514	111669149803
68719477170	107374182443	YmF0Y2g=	YmF0Y2g=	bGV2ZWxkYi5Xcml0ZUJhdGNoKg==	514	111669149804
68719477171	107374182444	c2l6ZQ==	c2l6ZQ==	dWludDY0X3Q=	518	94489280555
68719477172	107374182444	dGhpcw==	dGhpcw==	RGF0YWJhc2Uq	519	111669149805
68719477173	107374182444	cmFuZ2U=	cmFuZ2U=	bGV2ZWxkYi5SYW5nZSo=	519	111669149806
68719477174	107374182444	c2l6ZQ==	c2l6ZQ==	dWludDY0X3Q=	519	94489280555
68719477175	107374182444	c2l6ZQ==	c2l6ZQ==	dWludDY0X3Q=	520	94489280555
68719477176	107374182445	dGhpcw==	dGhpcw==	RGF0YWJhc2Uq	526	111669149807
68719477177	107374182445	b3B0aW9ucw==	b3B0aW9ucw==	cm9ja3NkYi5Db21wYWN0UmFuZ2VPcHRpb25z	526	94489280556
68719477178	107374182445	c3RhcnQ=	c3RhcnQ=	bGV2ZWxkYi5TbGljZSo=	526	111669149808
68719477179	107374182445	ZW5k	ZW5k	bGV2ZWxkYi5TbGljZSo=	526	111669149809
68719477180	107374182446	dGhpcw==	dGhpcw==	RGF0YWJhc2Uq	530	111669149810
68719477181	107374182446	cHJvcGVydHk=	cHJvcGVydHk=	bGV2ZWxkYi5TbGljZSY=	530	111669149811
68719477182	107374182446	dmFsdWU=	dmFsdWU=	c3RkLnN0cmluZyo=	530	111669149812
68719477183	107374182447	dGhpcw==	dGhpcw==	RGF0YWJhc2Uq	534	111669149813
68719477184	107374182448	dGhpcw==	dGhpcw==	RGF0YWJhc2Uq	538	111669149814
68719477185	107374182448	b3B0aW9ucw==	b3B0aW9ucw==	bGV2ZWxkYi5SZWFkT3B0aW9ucyo=	538	111669149815
68719477186	107374182449	dGhpcw==	dGhpcw==	RGF0YWJhc2Uq	542	111669149816
68719477187	107374182449	c25hcHNob3Q=	c25hcHNob3Q=	bGV2ZWxkYi5TbmFwc2hvdCo=	542	111669149817
68719477188	107374182450	dGhpcw==	dGhpcw==	RGF0YWJhc2Uq	546	111669149818
68719477189	107374182450	aWQ=	aWQ=	dWludDMyX3Q=	546	111669149820
68719477190	107374182450	aXRlcmF0b3I=	aXRlcmF0b3I=	SXRlcmF0b3Iq	546	111669149821
68719477191	107374182450	ZW52	ZW52	bmFwaV9lbnY=	547	111669149819
68719477192	107374182451	dGhpcw==	dGhpcw==	RGF0YWJhc2Uq	551	111669149822
68719477193	107374182451	aWQ=	aWQ=	dWludDMyX3Q=	551	111669149824
68719477194	107374182451	ZW52	ZW52	bmFwaV9lbnY=	552	111669149823
68719477195	107374182452	ZW52	ZW52	bmFwaV9lbnY=	556	111669149826
68719477196	107374182452	dGhpcw==	dGhpcw==	RGF0YWJhc2Uq	556	111669149825
68719477197	107374182452	dGhpcw==	dGhpcw==	RGF0YWJhc2Uq	556	111669149825
68719477198	107374182453	ZW52	ZW52	bmFwaV9lbnY=	560	111669149828
68719477199	107374182453	dGhpcw==	dGhpcw==	RGF0YWJhc2Uq	560	111669149827
68719477200	107374182453	dGhpcw==	dGhpcw==	RGF0YWJhc2Uq	560	111669149827
68719477201	107374182453	dGhpcw==	dGhpcw==	RGF0YWJhc2Uq	562	111669149827
68719477202	107374182453	dGhpcw==	dGhpcw==	RGF0YWJhc2Uq	562	111669149827
68719477203	107374182453	TlVMTA==	PHVua25vd24+IE5VTEw=	QU5Z	562	94489280727
68719477204	107374182453	dGhpcw==	dGhpcw==	RGF0YWJhc2Uq	563	111669149827
68719477205	107374182453	ZW52	ZW52	bmFwaV9lbnY=	563	111669149828
68719477206	107374182453	dGhpcw==	dGhpcw==	RGF0YWJhc2Uq	564	111669149827
68719477207	107374182453	TlVMTA==	PHVua25vd24+IE5VTEw=	QU5Z	564	94489280727
68719477208	107374182454	dGhpcw==	dGhpcw==	RGF0YWJhc2Uq	569	111669149829
68719477217	107374182455	dGhpcw==	dGhpcw==	UHJpb3JpdHlXb3JrZXIq	588	111669149830
68719477218	107374182455	ZW52	ZW52	bmFwaV9lbnY=	588	111669149831
68719477219	107374182455	dGhpcw==	dGhpcw==	UHJpb3JpdHlXb3JrZXIq	587	111669149830
68719477220	107374182455	ZW52	ZW52	bmFwaV9lbnY=	587	111669149831
68719477221	107374182457	dGhpcw==	dGhpcw==	UHJpb3JpdHlXb3JrZXIq	594	111669149836
68719477222	107374182457	ZW52	ZW52	bmFwaV9lbnY=	594	111669149837
68719477223	107374182457	ZW52	ZW52	bmFwaV9lbnY=	595	111669149837
68719477364	107374182458	ZGF0YWJhc2Vf	ZGF0YWJhc2Vf	RGF0YWJhc2Uq	770	94489280717
68719477365	107374182458	PHRtcD4w	PHRtcD4w	QU5Z	770	94489280716
68719477366	107374182458	PHRtcD4w	PHRtcD4w	QU5Z	770	94489280716
68719477367	107374182458	PHRtcD4w	PHRtcD4w	QU5Z	770	94489280716
68719477224	107374182459	dGhpcw==	dGhpcw==	QmFzZUl0ZXJhdG9yKg==	621	111669149838
68719477225	107374182459	PHRtcD4w	PHRtcD4w	bGV2ZWxkYi5SZWFkT3B0aW9ucw==	621	94489280722
68719477226	107374182459	PHRtcD4w	PHRtcD4w	bGV2ZWxkYi5SZWFkT3B0aW9ucw==	621	94489280722
68719477227	107374182459	PHRtcD4w	PHRtcD4w	bGV2ZWxkYi5SZWFkT3B0aW9ucw==	621	94489280722
68719477228	107374182459	dGhpcw==	dGhpcw==	QmFzZUl0ZXJhdG9yKg==	622	111669149838
68719477229	107374182459	ZmlsbENhY2hl	ZmlsbENhY2hl	Ym9vbA==	622	111669149846
68719477230	107374182459	dGhpcw==	dGhpcw==	QmFzZUl0ZXJhdG9yKg==	623	111669149838
68719477231	107374182459	dGhpcw==	dGhpcw==	QmFzZUl0ZXJhdG9yKg==	624	111669149838
68719477232	107374182459	ZGF0YWJhc2U=	ZGF0YWJhc2U=	RGF0YWJhc2Uq	624	111669149839
68719477233	107374182459	dGhpcw==	dGhpcw==	QmFzZUl0ZXJhdG9yKg==	625	111669149838
68719477234	107374182459	dGhpcw==	dGhpcw==	QmFzZUl0ZXJhdG9yKg==	625	111669149838
68719477235	107374182459	dGhpcw==	dGhpcw==	QmFzZUl0ZXJhdG9yKg==	625	111669149838
68719477236	107374182459	dGhpcw==	dGhpcw==	QmFzZUl0ZXJhdG9yKg==	611	111669149838
68719477237	107374182459	ZGF0YWJhc2U=	ZGF0YWJhc2U=	RGF0YWJhc2Uq	611	111669149839
68719477238	107374182459	dGhpcw==	dGhpcw==	QmFzZUl0ZXJhdG9yKg==	612	111669149838
68719477239	107374182459	dGhpcw==	dGhpcw==	QmFzZUl0ZXJhdG9yKg==	613	111669149838
68719477240	107374182459	dGhpcw==	dGhpcw==	QmFzZUl0ZXJhdG9yKg==	614	111669149838
68719477241	107374182459	cmV2ZXJzZQ==	cmV2ZXJzZQ==	Ym9vbA==	614	111669149840
68719477242	107374182459	dGhpcw==	dGhpcw==	QmFzZUl0ZXJhdG9yKg==	615	111669149838
68719477243	107374182459	bHQ=	bHQ=	c3RkLnN0cmluZyo=	615	111669149841
68719477244	107374182459	dGhpcw==	dGhpcw==	QmFzZUl0ZXJhdG9yKg==	616	111669149838
68719477245	107374182459	bHRl	bHRl	c3RkLnN0cmluZyo=	616	111669149842
68719477246	107374182459	dGhpcw==	dGhpcw==	QmFzZUl0ZXJhdG9yKg==	617	111669149838
68719477247	107374182459	Z3Q=	Z3Q=	c3RkLnN0cmluZyo=	617	111669149843
68719477248	107374182459	dGhpcw==	dGhpcw==	QmFzZUl0ZXJhdG9yKg==	618	111669149838
68719477249	107374182459	Z3Rl	Z3Rl	c3RkLnN0cmluZyo=	618	111669149844
68719477250	107374182459	dGhpcw==	dGhpcw==	QmFzZUl0ZXJhdG9yKg==	619	111669149838
68719477251	107374182459	bGltaXQ=	bGltaXQ=	aW50	619	111669149845
68719477252	107374182459	dGhpcw==	dGhpcw==	QmFzZUl0ZXJhdG9yKg==	620	111669149838
68719477253	107374182460	dGhpcw==	dGhpcw==	QmFzZUl0ZXJhdG9yKg==	629	111669149847
68719477254	107374182460	dGhpcw==	dGhpcw==	QmFzZUl0ZXJhdG9yKg==	631	111669149847
68719477255	107374182460	TlVMTA==	PHVua25vd24+IE5VTEw=	QU5Z	631	94489280721
68719477256	107374182460	dGhpcw==	dGhpcw==	QmFzZUl0ZXJhdG9yKg==	631	111669149847
68719477257	107374182460	dGhpcw==	dGhpcw==	QmFzZUl0ZXJhdG9yKg==	632	111669149847
68719477258	107374182460	TlVMTA==	PHVua25vd24+IE5VTEw=	QU5Z	632	94489280721
68719477259	107374182460	dGhpcw==	dGhpcw==	QmFzZUl0ZXJhdG9yKg==	632	111669149847
68719477260	107374182460	dGhpcw==	dGhpcw==	QmFzZUl0ZXJhdG9yKg==	633	111669149847
68719477261	107374182460	TlVMTA==	PHVua25vd24+IE5VTEw=	QU5Z	633	94489280721
68719477262	107374182460	dGhpcw==	dGhpcw==	QmFzZUl0ZXJhdG9yKg==	633	111669149847
68719477263	107374182460	dGhpcw==	dGhpcw==	QmFzZUl0ZXJhdG9yKg==	634	111669149847
68719477264	107374182460	TlVMTA==	PHVua25vd24+IE5VTEw=	QU5Z	634	94489280721
68719477265	107374182460	dGhpcw==	dGhpcw==	QmFzZUl0ZXJhdG9yKg==	634	111669149847
68719477266	107374182460	dGhpcw==	dGhpcw==	QmFzZUl0ZXJhdG9yKg==	636	111669149847
68719477267	107374182461	dGhpcw==	dGhpcw==	QmFzZUl0ZXJhdG9yKg==	640	111669149848
68719477268	107374182462	dGhpcw==	dGhpcw==	QmFzZUl0ZXJhdG9yKg==	647	111669149849
68719477269	107374182462	dGhpcw==	dGhpcw==	QmFzZUl0ZXJhdG9yKg==	649	111669149849
68719477270	107374182462	dGhpcw==	dGhpcw==	QmFzZUl0ZXJhdG9yKg==	649	111669149849
68719477271	107374182462	TlVMTA==	PHVua25vd24+IE5VTEw=	QU5Z	649	94489280720
68719477272	107374182462	dGhpcw==	dGhpcw==	QmFzZUl0ZXJhdG9yKg==	650	111669149849
68719477273	107374182462	dGhpcw==	dGhpcw==	QmFzZUl0ZXJhdG9yKg==	650	111669149849
68719477274	107374182462	dGhpcw==	dGhpcw==	QmFzZUl0ZXJhdG9yKg==	651	111669149849
68719477275	107374182462	dGhpcw==	dGhpcw==	QmFzZUl0ZXJhdG9yKg==	651	111669149849
68719477276	107374182462	TlVMTA==	PHVua25vd24+IE5VTEw=	QU5Z	651	94489280720
68719477277	107374182462	dGhpcw==	dGhpcw==	QmFzZUl0ZXJhdG9yKg==	652	111669149849
68719477278	107374182462	dGhpcw==	dGhpcw==	QmFzZUl0ZXJhdG9yKg==	652	111669149849
68719477279	107374182462	dGhpcw==	dGhpcw==	QmFzZUl0ZXJhdG9yKg==	654	111669149849
68719477280	107374182462	dGhpcw==	dGhpcw==	QmFzZUl0ZXJhdG9yKg==	654	111669149849
68719477281	107374182462	dGhpcw==	dGhpcw==	QmFzZUl0ZXJhdG9yKg==	654	111669149849
68719477282	107374182462	dGhpcw==	dGhpcw==	QmFzZUl0ZXJhdG9yKg==	655	111669149849
68719477283	107374182462	dGhpcw==	dGhpcw==	QmFzZUl0ZXJhdG9yKg==	657	111669149849
68719477284	107374182462	dGhpcw==	dGhpcw==	QmFzZUl0ZXJhdG9yKg==	657	111669149849
68719477285	107374182462	TlVMTA==	PHVua25vd24+IE5VTEw=	QU5Z	657	94489280720
68719477286	107374182462	dGhpcw==	dGhpcw==	QmFzZUl0ZXJhdG9yKg==	658	111669149849
68719477287	107374182462	dGhpcw==	dGhpcw==	QmFzZUl0ZXJhdG9yKg==	658	111669149849
68719477288	107374182462	dGhpcw==	dGhpcw==	QmFzZUl0ZXJhdG9yKg==	660	111669149849
68719477289	107374182462	dGhpcw==	dGhpcw==	QmFzZUl0ZXJhdG9yKg==	661	111669149849
68719477290	107374182462	dGhpcw==	dGhpcw==	QmFzZUl0ZXJhdG9yKg==	662	111669149849
68719477291	107374182462	dGhpcw==	dGhpcw==	QmFzZUl0ZXJhdG9yKg==	662	111669149849
68719477292	107374182462	dGhpcw==	dGhpcw==	QmFzZUl0ZXJhdG9yKg==	663	111669149849
68719477293	107374182462	dGhpcw==	dGhpcw==	QmFzZUl0ZXJhdG9yKg==	665	111669149849
68719477294	107374182462	dGhpcw==	dGhpcw==	QmFzZUl0ZXJhdG9yKg==	665	111669149849
68719477295	107374182462	TlVMTA==	PHVua25vd24+IE5VTEw=	QU5Z	665	94489280720
68719477296	107374182462	dGhpcw==	dGhpcw==	QmFzZUl0ZXJhdG9yKg==	666	111669149849
68719477297	107374182462	dGhpcw==	dGhpcw==	QmFzZUl0ZXJhdG9yKg==	666	111669149849
68719477298	107374182462	dGhpcw==	dGhpcw==	QmFzZUl0ZXJhdG9yKg==	668	111669149849
68719477299	107374182462	dGhpcw==	dGhpcw==	QmFzZUl0ZXJhdG9yKg==	669	111669149849
68719477300	107374182462	dGhpcw==	dGhpcw==	QmFzZUl0ZXJhdG9yKg==	670	111669149849
68719477301	107374182462	dGhpcw==	dGhpcw==	QmFzZUl0ZXJhdG9yKg==	670	111669149849
68719477302	107374182462	dGhpcw==	dGhpcw==	QmFzZUl0ZXJhdG9yKg==	671	111669149849
68719477303	107374182462	dGhpcw==	dGhpcw==	QmFzZUl0ZXJhdG9yKg==	673	111669149849
68719477304	107374182462	dGhpcw==	dGhpcw==	QmFzZUl0ZXJhdG9yKg==	674	111669149849
68719477305	107374182462	dGhpcw==	dGhpcw==	QmFzZUl0ZXJhdG9yKg==	676	111669149849
68719477306	107374182463	dGhpcw==	dGhpcw==	QmFzZUl0ZXJhdG9yKg==	684	111669149850
68719477307	107374182463	dGFyZ2V0	dGFyZ2V0	bGV2ZWxkYi5TbGljZSY=	686	111669149851
68719477308	107374182463	dGhpcw==	dGhpcw==	QmFzZUl0ZXJhdG9yKg==	690	111669149850
68719477309	107374182463	dGFyZ2V0	dGFyZ2V0	bGV2ZWxkYi5TbGljZSY=	690	111669149851
68719477310	107374182463	dGhpcw==	dGhpcw==	QmFzZUl0ZXJhdG9yKg==	692	111669149850
68719477311	107374182463	Y21w	Y21w	aW50	693	94489280557
68719477312	107374182463	dGhpcw==	dGhpcw==	QmFzZUl0ZXJhdG9yKg==	693	111669149850
68719477313	107374182463	dGFyZ2V0	dGFyZ2V0	bGV2ZWxkYi5TbGljZSY=	693	111669149851
68719477314	107374182463	dGhpcw==	dGhpcw==	QmFzZUl0ZXJhdG9yKg==	694	111669149850
68719477315	107374182463	Y21w	Y21w	aW50	694	94489280557
68719477316	107374182463	Y21w	Y21w	aW50	694	94489280557
68719477317	107374182463	dGhpcw==	dGhpcw==	QmFzZUl0ZXJhdG9yKg==	699	111669149850
68719477318	107374182463	Y21w	Y21w	aW50	700	94489280558
68719477319	107374182463	dGhpcw==	dGhpcw==	QmFzZUl0ZXJhdG9yKg==	700	111669149850
68719477320	107374182463	dGFyZ2V0	dGFyZ2V0	bGV2ZWxkYi5TbGljZSY=	700	111669149851
68719477321	107374182463	dGhpcw==	dGhpcw==	QmFzZUl0ZXJhdG9yKg==	701	111669149850
68719477322	107374182463	Y21w	Y21w	aW50	701	94489280558
68719477323	107374182463	Y21w	Y21w	aW50	701	94489280558
68719477324	107374182464	dGhpcw==	dGhpcw==	QmFzZUl0ZXJhdG9yKg==	709	111669149852
68719477325	107374182464	dGhpcw==	dGhpcw==	QmFzZUl0ZXJhdG9yKg==	710	111669149852
68719477326	107374182464	dGhpcw==	dGhpcw==	QmFzZUl0ZXJhdG9yKg==	711	111669149852
68719477327	107374182464	dGhpcw==	dGhpcw==	QmFzZUl0ZXJhdG9yKg==	712	111669149852
68719477328	107374182464	TlVMTA==	PHVua25vd24+IE5VTEw=	QU5Z	712	94489280719
68719477329	107374182464	dGhpcw==	dGhpcw==	QmFzZUl0ZXJhdG9yKg==	713	111669149852
68719477330	107374182464	dGhpcw==	dGhpcw==	QmFzZUl0ZXJhdG9yKg==	713	111669149852
68719477331	107374182465	dGhpcw==	dGhpcw==	QmFzZUl0ZXJhdG9yKg==	718	111669149853
68719477332	107374182465	dGhpcw==	dGhpcw==	QmFzZUl0ZXJhdG9yKg==	718	111669149853
68719477333	107374182466	dGhpcw==	dGhpcw==	QmFzZUl0ZXJhdG9yKg==	722	111669149854
68719477334	107374182466	dGhpcw==	dGhpcw==	QmFzZUl0ZXJhdG9yKg==	722	111669149854
68719477335	107374182466	dGhpcw==	dGhpcw==	QmFzZUl0ZXJhdG9yKg==	722	111669149854
68719477336	107374182467	dGhpcw==	dGhpcw==	QmFzZUl0ZXJhdG9yKg==	726	111669149855
68719477337	107374182467	dGhpcw==	dGhpcw==	QmFzZUl0ZXJhdG9yKg==	726	111669149855
68719477338	107374182467	dGhpcw==	dGhpcw==	QmFzZUl0ZXJhdG9yKg==	727	111669149855
68719477339	107374182468	dGhpcw==	dGhpcw==	QmFzZUl0ZXJhdG9yKg==	731	111669149856
68719477340	107374182468	dGhpcw==	dGhpcw==	QmFzZUl0ZXJhdG9yKg==	731	111669149856
68719477341	107374182468	dGhpcw==	dGhpcw==	QmFzZUl0ZXJhdG9yKg==	732	111669149856
68719477342	107374182469	dGhpcw==	dGhpcw==	QmFzZUl0ZXJhdG9yKg==	736	111669149857
68719477343	107374182469	dGhpcw==	dGhpcw==	QmFzZUl0ZXJhdG9yKg==	736	111669149857
68719477344	107374182469	dGhpcw==	dGhpcw==	QmFzZUl0ZXJhdG9yKg==	737	111669149857
68719477345	107374182471	dGhpcw==	dGhpcw==	QmFzZUl0ZXJhdG9yKg==	746	111669149859
68719477346	107374182472	dGhpcw==	dGhpcw==	QmFzZUl0ZXJhdG9yKg==	750	111669149860
68719477347	107374182473	dGhpcw==	dGhpcw==	QmFzZUl0ZXJhdG9yKg==	754	111669149861
68719477348	107374182474	dGhpcw==	dGhpcw==	QmFzZUl0ZXJhdG9yKg==	764	111669149862
68719477349	107374182474	TlVMTA==	PHVua25vd24+IE5VTEw=	QU5Z	764	94489280718
68719477350	107374182474	dGFyZ2V0	dGFyZ2V0	bGV2ZWxkYi5TbGljZSY=	764	111669149863
68719477351	107374182474	dGhpcw==	dGhpcw==	QmFzZUl0ZXJhdG9yKg==	764	111669149862
68719477352	107374182474	dGhpcw==	dGhpcw==	QmFzZUl0ZXJhdG9yKg==	765	111669149862
68719477353	107374182474	TlVMTA==	PHVua25vd24+IE5VTEw=	QU5Z	765	94489280718
68719477354	107374182474	dGFyZ2V0	dGFyZ2V0	bGV2ZWxkYi5TbGljZSY=	765	111669149863
68719477355	107374182474	dGhpcw==	dGhpcw==	QmFzZUl0ZXJhdG9yKg==	765	111669149862
68719477356	107374182474	dGhpcw==	dGhpcw==	QmFzZUl0ZXJhdG9yKg==	766	111669149862
68719477357	107374182474	TlVMTA==	PHVua25vd24+IE5VTEw=	QU5Z	766	94489280718
68719477358	107374182474	dGFyZ2V0	dGFyZ2V0	bGV2ZWxkYi5TbGljZSY=	766	111669149863
68719477359	107374182474	dGhpcw==	dGhpcw==	QmFzZUl0ZXJhdG9yKg==	766	111669149862
68719477360	107374182474	dGhpcw==	dGhpcw==	QmFzZUl0ZXJhdG9yKg==	767	111669149862
68719477361	107374182474	TlVMTA==	PHVua25vd24+IE5VTEw=	QU5Z	767	94489280718
68719477362	107374182474	dGFyZ2V0	dGFyZ2V0	bGV2ZWxkYi5TbGljZSY=	767	111669149863
68719477363	107374182474	dGhpcw==	dGhpcw==	QmFzZUl0ZXJhdG9yKg==	767	111669149862
68719477428	107374182475	ZW5kV29ya2VyXw==	ZW5kV29ya2VyXw==	QmFzZVdvcmtlcio=	876	94489280713
68719477429	107374182475	PHRtcD4w	PHRtcD4w	QU5Z	876	94489280712
68719477430	107374182475	PHRtcD4w	PHRtcD4w	QU5Z	876	94489280712
68719477431	107374182475	PHRtcD4w	PHRtcD4w	QU5Z	876	94489280712
68719477432	107374182475	Y2FjaGVf	Y2FjaGVf	QU5Z	877	94489280711
68719477433	107374182475	PHRtcD4x	PHRtcD4x	QU5Z	877	94489280710
68719477434	107374182475	PHRtcD4x	PHRtcD4x	QU5Z	877	94489280710
68719477435	107374182475	PHRtcD4x	PHRtcD4x	QU5Z	877	94489280710
68719477368	107374182476	dGhpcw==	dGhpcw==	SXRlcmF0b3Iq	804	111669149864
68719477369	107374182476	ZGF0YWJhc2U=	ZGF0YWJhc2U=	RGF0YWJhc2Uq	804	111669149865
68719477370	107374182476	dGhpcw==	dGhpcw==	SXRlcmF0b3Iq	805	111669149864
68719477371	107374182476	aWQ=	aWQ=	dWludDMyX3Q=	805	111669149866
68719477372	107374182476	dGhpcw==	dGhpcw==	SXRlcmF0b3Iq	806	111669149864
68719477373	107374182476	a2V5cw==	a2V5cw==	Ym9vbA==	806	111669149868
68719477374	107374182476	dGhpcw==	dGhpcw==	SXRlcmF0b3Iq	807	111669149864
68719477375	107374182476	dmFsdWVz	dmFsdWVz	Ym9vbA==	807	111669149869
68719477376	107374182476	dGhpcw==	dGhpcw==	SXRlcmF0b3Iq	808	111669149864
68719477377	107374182476	a2V5QXNCdWZmZXI=	a2V5QXNCdWZmZXI=	Ym9vbA==	808	111669149876
68719477378	107374182476	dGhpcw==	dGhpcw==	SXRlcmF0b3Iq	809	111669149864
68719477379	107374182476	dmFsdWVBc0J1ZmZlcg==	dmFsdWVBc0J1ZmZlcg==	Ym9vbA==	809	111669149877
68719477380	107374182476	dGhpcw==	dGhpcw==	SXRlcmF0b3Iq	810	111669149864
68719477381	107374182476	aGlnaFdhdGVyTWFyaw==	aGlnaFdhdGVyTWFyaw==	dWludDMyX3Q=	810	111669149878
68719477382	107374182476	dGhpcw==	dGhpcw==	SXRlcmF0b3Iq	811	111669149864
68719477383	107374182476	dGhpcw==	dGhpcw==	SXRlcmF0b3Iq	812	111669149864
68719477384	107374182476	dGhpcw==	dGhpcw==	SXRlcmF0b3Iq	813	111669149864
68719477385	107374182476	dGhpcw==	dGhpcw==	SXRlcmF0b3Iq	814	111669149864
68719477386	107374182476	TlVMTA==	PHVua25vd24+IE5VTEw=	QU5Z	814	94489280715
68719477387	107374182476	dGhpcw==	dGhpcw==	SXRlcmF0b3Iq	815	111669149864
68719477388	107374182476	TlVMTA==	PHVua25vd24+IE5VTEw=	QU5Z	815	94489280715
68719477389	107374182478	ZW52	ZW52	bmFwaV9lbnY=	821	111669149881
68719477390	107374182478	Y29udGV4dA==	Y29udGV4dA==	bmFwaV92YWx1ZQ==	821	111669149882
68719477391	107374182478	dGhpcw==	dGhpcw==	SXRlcmF0b3Iq	821	111669149880
68719477392	107374182478	dGhpcw==	dGhpcw==	SXRlcmF0b3Iq	822	111669149880
68719477393	107374182478	ZW52	ZW52	bmFwaV9lbnY=	822	111669149881
68719477394	107374182478	dGhpcw==	dGhpcw==	SXRlcmF0b3Iq	822	111669149880
68719477395	107374182478	dGhpcw==	dGhpcw==	SXRlcmF0b3Iq	822	111669149880
68719477396	107374182479	dGhpcw==	dGhpcw==	SXRlcmF0b3Iq	826	111669149883
68719477397	107374182479	ZW52	ZW52	bmFwaV9lbnY=	826	111669149884
68719477398	107374182479	dGhpcw==	dGhpcw==	SXRlcmF0b3Iq	826	111669149883
68719477399	107374182479	dGhpcw==	dGhpcw==	SXRlcmF0b3Iq	827	111669149883
68719477400	107374182479	TlVMTA==	PHVua25vd24+IE5VTEw=	QU5Z	827	94489280714
68719477401	107374182479	ZW52	ZW52	bmFwaV9lbnY=	827	111669149884
68719477402	107374182479	dGhpcw==	dGhpcw==	SXRlcmF0b3Iq	827	111669149883
68719477403	107374182480	dGhpcw==	dGhpcw==	SXRlcmF0b3Iq	831	111669149885
68719477404	107374182480	Ynl0ZXNSZWFk	Ynl0ZXNSZWFk	c2l6ZV90	832	94489280559
68719477405	107374182480	dGhpcw==	dGhpcw==	SXRlcmF0b3Iq	835	111669149885
68719477406	107374182480	dGhpcw==	dGhpcw==	SXRlcmF0b3Iq	838	111669149885
68719477407	107374182480	c2xpY2U=	c2xpY2U=	bGV2ZWxkYi5TbGljZQ==	839	94489280560
68719477408	107374182480	dGhpcw==	dGhpcw==	SXRlcmF0b3Iq	840	111669149885
68719477409	107374182480	c2xpY2U=	c2xpY2U=	bGV2ZWxkYi5TbGljZQ==	840	94489280560
68719477410	107374182480	c2xpY2U=	c2xpY2U=	bGV2ZWxkYi5TbGljZQ==	840	94489280560
68719477411	107374182480	Ynl0ZXNSZWFk	Ynl0ZXNSZWFk	c2l6ZV90	841	94489280559
68719477412	107374182480	c2xpY2U=	c2xpY2U=	bGV2ZWxkYi5TbGljZQ==	841	94489280560
68719477413	107374182480	dGhpcw==	dGhpcw==	SXRlcmF0b3Iq	843	111669149885
68719477414	107374182480	dGhpcw==	dGhpcw==	SXRlcmF0b3Iq	846	111669149885
68719477415	107374182480	c2xpY2U=	c2xpY2U=	bGV2ZWxkYi5TbGljZQ==	847	94489280561
68719477416	107374182480	dGhpcw==	dGhpcw==	SXRlcmF0b3Iq	848	111669149885
68719477417	107374182480	c2xpY2U=	c2xpY2U=	bGV2ZWxkYi5TbGljZQ==	848	94489280561
68719477418	107374182480	c2xpY2U=	c2xpY2U=	bGV2ZWxkYi5TbGljZQ==	848	94489280561
68719477419	107374182480	Ynl0ZXNSZWFk	Ynl0ZXNSZWFk	c2l6ZV90	849	94489280559
68719477420	107374182480	c2xpY2U=	c2xpY2U=	bGV2ZWxkYi5TbGljZQ==	849	94489280561
68719477421	107374182480	dGhpcw==	dGhpcw==	SXRlcmF0b3Iq	851	111669149885
68719477422	107374182480	dGhpcw==	dGhpcw==	SXRlcmF0b3Iq	854	111669149885
68719477423	107374182480	dGhpcw==	dGhpcw==	SXRlcmF0b3Iq	855	111669149885
68719477424	107374182480	Ynl0ZXNSZWFk	Ynl0ZXNSZWFk	c2l6ZV90	859	94489280559
68719477425	107374182480	dGhpcw==	dGhpcw==	SXRlcmF0b3Iq	859	111669149885
68719477426	107374182480	dGhpcw==	dGhpcw==	SXRlcmF0b3Iq	859	111669149885
68719477427	107374182480	c2l6ZQ==	c2l6ZQ==	dWludDMyX3Q=	859	111669149886
68719477436	107374182481	ZGF0YWJhc2U=	ZGF0YWJhc2U=	RGF0YWJhc2Uq	889	94489280562
68719477437	107374182481	YXJn	YXJn	dm9pZCo=	889	111669149887
68719477438	107374182481	ZGF0YWJhc2U=	ZGF0YWJhc2U=	RGF0YWJhc2Uq	897	94489280562
68719477439	107374182481	ZGF0YWJhc2U=	ZGF0YWJhc2U=	RGF0YWJhc2Uq	897	94489280562
68719477440	107374182481	TlVMTA==	PHVua25vd24+IE5VTEw=	QU5Z	897	94489280709
68719477441	107374182481	aXRlcmF0b3Jz	aXRlcmF0b3Jz	c3RkLm1hcA==	898	94489280563
68719477442	107374182481	ZGF0YWJhc2U=	ZGF0YWJhc2U=	RGF0YWJhc2Uq	898	94489280562
68719477443	107374182481	aXQ=	aXQ=	c3RkLm1hcC5pdGVyYXRvcg==	902	94489280564
68719477444	107374182481	aXRlcmF0b3Jz	aXRlcmF0b3Jz	c3RkLm1hcA==	902	94489280563
68719477445	107374182481	aXQ=	aXQ=	c3RkLm1hcC5pdGVyYXRvcg==	902	94489280564
68719477446	107374182481	aXRlcmF0b3Jz	aXRlcmF0b3Jz	c3RkLm1hcA==	902	94489280563
68719477447	107374182481	aXQ=	aXQ=	c3RkLm1hcC5pdGVyYXRvcg==	902	94489280564
68719477448	107374182481	aXQ=	aXQ=	c3RkLm1hcC5pdGVyYXRvcg==	903	94489280564
68719477449	107374182481	ZGF0YWJhc2U=	ZGF0YWJhc2U=	RGF0YWJhc2Uq	907	94489280562
68719477450	107374182482	ZGF0YQ==	ZGF0YQ==	dm9pZCo=	915	111669149889
68719477451	107374182482	ZGF0YWJhc2U=	ZGF0YWJhc2U=	RGF0YWJhc2Uq	916	94489280565
68719477452	107374182482	ZGF0YQ==	ZGF0YQ==	dm9pZCo=	916	111669149889
68719477453	107374182482	ZW52	ZW52	bmFwaV9lbnY=	917	111669149888
68719477454	107374182482	ZGF0YWJhc2U=	ZGF0YWJhc2U=	RGF0YWJhc2Uq	917	94489280565
68719477455	107374182482	ZGF0YWJhc2U=	ZGF0YWJhc2U=	RGF0YWJhc2Uq	918	94489280565
68719477456	107374182482	TlVMTA==	PHVua25vd24+IE5VTEw=	QU5Z	918	94489280708
68719477457	107374182482	ZW52	ZW52	bmFwaV9lbnY=	918	111669149888
68719477458	107374182482	ZGF0YWJhc2U=	ZGF0YWJhc2U=	RGF0YWJhc2Uq	918	94489280565
68719477459	107374182482	ZGF0YWJhc2U=	ZGF0YWJhc2U=	RGF0YWJhc2Uq	919	94489280565
68719477460	107374182483	dGhpcw==	dGhpcw==	T3Blbldvcmtlcio=	964	111669149891
68719477461	107374182483	Y3JlYXRlSWZNaXNzaW5n	Y3JlYXRlSWZNaXNzaW5n	Ym9vbA==	964	111669149896
68719477462	107374182483	dGhpcw==	dGhpcw==	T3Blbldvcmtlcio=	965	111669149891
68719477463	107374182483	ZXJyb3JJZkV4aXN0cw==	ZXJyb3JJZkV4aXN0cw==	Ym9vbA==	965	111669149897
68719477464	107374182483	dGhpcw==	dGhpcw==	T3Blbldvcmtlcio=	966	111669149891
68719477465	107374182483	Y29tcHJlc3Npb24=	Y29tcHJlc3Npb24=	Ym9vbA==	966	111669149898
68719477466	107374182483	bGV2ZWxkYg==	bGV2ZWxkYg==	bGV2ZWxkYg==	967	94489280707
68719477467	107374182483	bGV2ZWxkYg==	bGV2ZWxkYg==	bGV2ZWxkYg==	968	94489280707
68719477468	107374182483	dGhpcw==	dGhpcw==	T3Blbldvcmtlcio=	969	111669149891
68719477469	107374182483	d3JpdGVCdWZmZXJTaXpl	d3JpdGVCdWZmZXJTaXpl	dWludDMyX3Q=	969	111669149899
68719477470	107374182483	dGhpcw==	dGhpcw==	T3Blbldvcmtlcio=	970	111669149891
68719477471	107374182483	bWF4T3BlbkZpbGVz	bWF4T3BlbkZpbGVz	dWludDMyX3Q=	970	111669149901
68719477472	107374182483	dGhpcw==	dGhpcw==	T3Blbldvcmtlcio=	971	111669149891
68719477473	107374182483	bWF4RmlsZVNpemU=	bWF4RmlsZVNpemU=	dWludDMyX3Q=	971	111669149903
68719477474	107374182483	dGhpcw==	dGhpcw==	T3Blbldvcmtlcio=	972	111669149891
68719477475	107374182483	aW5mb0xvZ0xldmVs	aW5mb0xvZ0xldmVs	c3RkLnN0cmluZyY=	974	111669149905
68719477476	107374182483	aW5mb0xvZ0xldmVs	aW5mb0xvZ0xldmVs	c3RkLnN0cmluZyY=	977	111669149905
68719477477	107374182483	bHZs	bHZs	cm9ja3NkYi5JbmZvTG9nTGV2ZWw=	977	94489280566
68719477478	107374182483	cm9ja3NkYg==	cm9ja3NkYg==	cm9ja3NkYg==	977	94489280705
68719477479	107374182483	aW5mb0xvZ0xldmVs	aW5mb0xvZ0xldmVs	c3RkLnN0cmluZyY=	978	111669149905
68719477480	107374182483	bHZs	bHZs	cm9ja3NkYi5JbmZvTG9nTGV2ZWw=	978	94489280566
68719477481	107374182483	cm9ja3NkYg==	cm9ja3NkYg==	cm9ja3NkYg==	978	94489280705
68719477482	107374182483	aW5mb0xvZ0xldmVs	aW5mb0xvZ0xldmVs	c3RkLnN0cmluZyY=	979	111669149905
68719477483	107374182483	bHZs	bHZs	cm9ja3NkYi5JbmZvTG9nTGV2ZWw=	979	94489280566
68719477484	107374182483	cm9ja3NkYg==	cm9ja3NkYg==	cm9ja3NkYg==	979	94489280705
68719477485	107374182483	aW5mb0xvZ0xldmVs	aW5mb0xvZ0xldmVs	c3RkLnN0cmluZyY=	980	111669149905
68719477486	107374182483	bHZs	bHZs	cm9ja3NkYi5JbmZvTG9nTGV2ZWw=	980	94489280566
68719477487	107374182483	cm9ja3NkYg==	cm9ja3NkYg==	cm9ja3NkYg==	980	94489280705
68719477488	107374182483	aW5mb0xvZ0xldmVs	aW5mb0xvZ0xldmVs	c3RkLnN0cmluZyY=	981	111669149905
68719477489	107374182483	bHZs	bHZs	cm9ja3NkYi5JbmZvTG9nTGV2ZWw=	981	94489280566
68719477490	107374182483	cm9ja3NkYg==	cm9ja3NkYg==	cm9ja3NkYg==	981	94489280705
68719477491	107374182483	aW5mb0xvZ0xldmVs	aW5mb0xvZ0xldmVs	c3RkLnN0cmluZyY=	982	111669149905
68719477492	107374182483	bHZs	bHZs	cm9ja3NkYi5JbmZvTG9nTGV2ZWw=	982	94489280566
68719477493	107374182483	cm9ja3NkYg==	cm9ja3NkYg==	cm9ja3NkYg==	982	94489280705
68719477494	107374182483	ZW52	ZW52	bmFwaV9lbnY=	983	111669149892
68719477495	107374182483	TlVMTA==	PHVua25vd24+IE5VTEw=	QU5Z	983	94489280706
68719477496	107374182483	dGhpcw==	dGhpcw==	T3Blbldvcmtlcio=	985	111669149891
68719477497	107374182483	bHZs	bHZs	cm9ja3NkYi5JbmZvTG9nTGV2ZWw=	985	94489280566
68719477498	107374182483	dGhpcw==	dGhpcw==	T3Blbldvcmtlcio=	989	111669149891
68719477499	107374182483	cm9ja3NkYg==	cm9ja3NkYg==	cm9ja3NkYg==	989	94489280705
68719477500	107374182483	dGhpcw==	dGhpcw==	T3Blbldvcmtlcio=	990	111669149891
68719477501	107374182483	PHRtcD4w	PHRtcD4w	TnVsbExvZ2dlcg==	990	94489280704
68719477502	107374182483	PHRtcD4w	PHRtcD4w	TnVsbExvZ2dlcg==	990	94489280704
68719477503	107374182483	PHRtcD4w	PHRtcD4w	TnVsbExvZ2dlcg==	990	94489280704
68719477504	107374182483	Y2FjaGVTaXpl	Y2FjaGVTaXpl	dWludDMyX3Q=	995	111669149904
68719477505	107374182483	dGFibGVPcHRpb25z	dGFibGVPcHRpb25z	cm9ja3NkYi5CbG9ja0Jhc2VkVGFibGVPcHRpb25z	996	94489280567
68719477506	107374182483	Y2FjaGVTaXpl	Y2FjaGVTaXpl	dWludDMyX3Q=	996	111669149904
68719477507	107374182483	dGFibGVPcHRpb25z	dGFibGVPcHRpb25z	cm9ja3NkYi5CbG9ja0Jhc2VkVGFibGVPcHRpb25z	998	94489280567
68719477508	107374182483	dGFibGVPcHRpb25z	dGFibGVPcHRpb25z	cm9ja3NkYi5CbG9ja0Jhc2VkVGFibGVPcHRpb25z	1001	94489280567
68719477509	107374182483	YmxvY2tTaXpl	YmxvY2tTaXpl	dWludDMyX3Q=	1001	111669149900
68719477510	107374182483	dGFibGVPcHRpb25z	dGFibGVPcHRpb25z	cm9ja3NkYi5CbG9ja0Jhc2VkVGFibGVPcHRpb25z	1002	94489280567
68719477511	107374182483	YmxvY2tSZXN0YXJ0SW50ZXJ2YWw=	YmxvY2tSZXN0YXJ0SW50ZXJ2YWw=	dWludDMyX3Q=	1002	111669149902
68719477512	107374182483	dGFibGVPcHRpb25z	dGFibGVPcHRpb25z	cm9ja3NkYi5CbG9ja0Jhc2VkVGFibGVPcHRpb25z	1003	94489280567
68719477513	107374182483	dGhpcw==	dGhpcw==	T3Blbldvcmtlcio=	1005	111669149891
68719477514	107374182483	dGFibGVPcHRpb25z	dGFibGVPcHRpb25z	cm9ja3NkYi5CbG9ja0Jhc2VkVGFibGVPcHRpb25z	1006	94489280567
68719477515	107374182483	dGhpcw==	dGhpcw==	T3Blbldvcmtlcio=	961	111669149891
68719477516	107374182483	ZW52	ZW52	bmFwaV9lbnY=	961	111669149892
68719477517	107374182483	dGhpcw==	dGhpcw==	T3Blbldvcmtlcio=	962	111669149891
68719477518	107374182483	cmVhZE9ubHk=	cmVhZE9ubHk=	Ym9vbA==	962	111669149906
68719477519	107374182483	dGhpcw==	dGhpcw==	T3Blbldvcmtlcio=	963	111669149891
68719477520	107374182483	bG9jYXRpb24=	bG9jYXRpb24=	c3RkLnN0cmluZyY=	963	111669149895
68719477521	107374182485	dGhpcw==	dGhpcw==	T3Blbldvcmtlcio=	1013	111669149908
68719477522	107374182485	dGhpcw==	dGhpcw==	T3Blbldvcmtlcio=	1013	111669149908
68719477523	107374182485	dGhpcw==	dGhpcw==	T3Blbldvcmtlcio=	1013	111669149908
68719477524	107374182485	dGhpcw==	dGhpcw==	T3Blbldvcmtlcio=	1013	111669149908
68719477525	107374182486	dGhpcw==	dGhpcw==	Q2xvc2VXb3JrZXIq	1065	111669149909
68719477526	107374182486	ZW52	ZW52	bmFwaV9lbnY=	1065	111669149910
68719477527	107374182488	dGhpcw==	dGhpcw==	Q2xvc2VXb3JrZXIq	1070	111669149914
68719477528	107374182490	dGhpcw==	dGhpcw==	UHV0V29ya2VyKg==	1120	111669149917
68719477529	107374182490	c3luYw==	c3luYw==	Ym9vbA==	1120	111669149923
68719477530	107374182490	dGhpcw==	dGhpcw==	UHV0V29ya2VyKg==	1118	111669149917
68719477531	107374182490	ZW52	ZW52	bmFwaV9lbnY=	1118	111669149918
68719477532	107374182490	dGhpcw==	dGhpcw==	UHV0V29ya2VyKg==	1119	111669149917
68719477533	107374182490	a2V5	a2V5	bGV2ZWxkYi5TbGljZQ==	1119	111669149921
68719477534	107374182490	dGhpcw==	dGhpcw==	UHV0V29ya2VyKg==	1119	111669149917
68719477535	107374182490	dmFsdWU=	dmFsdWU=	bGV2ZWxkYi5TbGljZQ==	1119	111669149922
68719477536	107374182491	dGhpcw==	dGhpcw==	UHV0V29ya2VyKg==	1124	111669149924
68719477537	107374182491	dGhpcw==	dGhpcw==	UHV0V29ya2VyKg==	1125	111669149924
68719477538	107374182492	dGhpcw==	dGhpcw==	UHV0V29ya2VyKg==	1129	111669149925
68719477539	107374182492	dGhpcw==	dGhpcw==	UHV0V29ya2VyKg==	1129	111669149925
68719477540	107374182492	dGhpcw==	dGhpcw==	UHV0V29ya2VyKg==	1129	111669149925
68719477541	107374182492	dGhpcw==	dGhpcw==	UHV0V29ya2VyKg==	1129	111669149925
68719477542	107374182493	dGhpcw==	dGhpcw==	R2V0V29ya2VyKg==	1168	111669149926
68719477543	107374182493	ZmlsbENhY2hl	ZmlsbENhY2hl	Ym9vbA==	1168	111669149932
68719477544	107374182493	dGhpcw==	dGhpcw==	R2V0V29ya2VyKg==	1165	111669149926
68719477545	107374182493	ZW52	ZW52	bmFwaV9lbnY=	1165	111669149927
68719477546	107374182493	dGhpcw==	dGhpcw==	R2V0V29ya2VyKg==	1166	111669149926
68719477547	107374182493	a2V5	a2V5	bGV2ZWxkYi5TbGljZQ==	1166	111669149930
68719477548	107374182493	dGhpcw==	dGhpcw==	R2V0V29ya2VyKg==	1167	111669149926
68719477549	107374182493	YXNCdWZmZXI=	YXNCdWZmZXI=	Ym9vbA==	1167	111669149931
68719477550	107374182494	dGhpcw==	dGhpcw==	R2V0V29ya2VyKg==	1172	111669149933
68719477551	107374182495	dGhpcw==	dGhpcw==	R2V0V29ya2VyKg==	1176	111669149934
68719477552	107374182495	dGhpcw==	dGhpcw==	R2V0V29ya2VyKg==	1176	111669149934
68719477553	107374182495	dGhpcw==	dGhpcw==	R2V0V29ya2VyKg==	1176	111669149934
68719477554	107374182495	dGhpcw==	dGhpcw==	R2V0V29ya2VyKg==	1176	111669149934
68719477555	107374182496	YXJndg==	YXJndg==	bmFwaV92YWx1ZVsyXQ==	1180	94489280568
68719477556	107374182496	bmFwaV92YWx1ZVsyXQ==	bmFwaV92YWx1ZVsyXQ==	bmFwaV92YWx1ZVsyXQ==	1180	
68719477557	107374182496	ZW52	ZW52	bmFwaV9lbnY=	1181	111669149936
68719477558	107374182496	YXJndg==	YXJndg==	bmFwaV92YWx1ZVsyXQ==	1181	94489280568
68719477559	107374182496	ZW52	ZW52	bmFwaV9lbnY=	1182	111669149936
68719477560	107374182496	dGhpcw==	dGhpcw==	R2V0V29ya2VyKg==	1182	111669149935
68719477561	107374182496	dGhpcw==	dGhpcw==	R2V0V29ya2VyKg==	1182	111669149935
68719477562	107374182496	YXJndg==	YXJndg==	bmFwaV92YWx1ZVsyXQ==	1182	94489280568
68719477563	107374182496	ZW52	ZW52	bmFwaV9lbnY=	1183	111669149936
68719477564	107374182496	Y2FsbGJhY2s=	Y2FsbGJhY2s=	bmFwaV92YWx1ZQ==	1183	111669149937
68719477565	107374182496	YXJndg==	YXJndg==	bmFwaV92YWx1ZVsyXQ==	1183	94489280568
68719477644	107374182497	a2V5c18=	a2V5c18=	QU5Z	1279	94489280694
68719477645	107374182497	PHRtcD4w	PHRtcD4w	QU5Z	1279	94489280693
68719477646	107374182497	PHRtcD4w	PHRtcD4w	QU5Z	1279	94489280693
68719477647	107374182497	PHRtcD4w	PHRtcD4w	QU5Z	1279	94489280693
68719477648	107374182497	Y2FjaGVf	Y2FjaGVf	QU5Z	1281	94489280692
68719477649	107374182497	PHRtcD4x	PHRtcD4x	QU5Z	1281	94489280691
68719477650	107374182497	PHRtcD4x	PHRtcD4x	QU5Z	1281	94489280691
68719477651	107374182497	PHRtcD4x	PHRtcD4x	QU5Z	1281	94489280691
68719477566	107374182498	dGhpcw==	dGhpcw==	R2V0TWFueVdvcmtlcio=	1225	111669149938
68719477567	107374182498	ZmlsbENhY2hl	ZmlsbENhY2hl	Ym9vbA==	1225	111669149944
68719477568	107374182498	dGhpcw==	dGhpcw==	R2V0TWFueVdvcmtlcio=	1226	111669149938
68719477569	107374182498	ZGF0YWJhc2U=	ZGF0YWJhc2U=	RGF0YWJhc2Uq	1226	111669149940
68719477570	107374182498	dGhpcw==	dGhpcw==	R2V0TWFueVdvcmtlcio=	1223	111669149938
68719477571	107374182498	ZW52	ZW52	bmFwaV9lbnY=	1223	111669149939
68719477572	107374182498	dGhpcw==	dGhpcw==	R2V0TWFueVdvcmtlcio=	1224	111669149938
68719477573	107374182498	a2V5cw==	a2V5cw==	c3RkLnZlY3Rvcio=	1224	111669149941
68719477574	107374182498	dGhpcw==	dGhpcw==	R2V0TWFueVdvcmtlcio=	1224	111669149938
68719477575	107374182498	dmFsdWVBc0J1ZmZlcg==	dmFsdWVBc0J1ZmZlcg==	Ym9vbA==	1224	111669149943
68719477576	107374182499	dGhpcw==	dGhpcw==	R2V0TWFueVdvcmtlcio=	1230	111669149945
68719477577	107374182500	dGhpcw==	dGhpcw==	R2V0TWFueVdvcmtlcio=	1234	111669149946
68719477578	107374182500	dGhpcw==	dGhpcw==	R2V0TWFueVdvcmtlcio=	1234	111669149946
68719477579	107374182500	PGl0ZXJhdG9yPjA=	PGl0ZXJhdG9yPjA=	c3RkLml0ZXJhdG9y	1236	94489280699
68719477580	107374182500	dGhpcw==	dGhpcw==	R2V0TWFueVdvcmtlcio=	1236	111669149946
68719477581	107374182500	PGl0ZXJhdG9yPjA=	PGl0ZXJhdG9yPjA=	c3RkLml0ZXJhdG9y	1236	94489280699
68719477582	107374182500	a2V5	a2V5	c3RkLnN0cmluZyY=	1236	94489280571
68719477583	107374182500	PGl0ZXJhdG9yPjA=	PGl0ZXJhdG9yPjA=	c3RkLml0ZXJhdG9y	1236	94489280699
68719477584	107374182500	dmFsdWU=	dmFsdWU=	c3RkLnN0cmluZyo=	1237	94489280572
68719477585	107374182500	PHRtcD4w	PHRtcD4w	c3RkLnN0cmluZw==	1237	94489280698
68719477586	107374182500	PHRtcD4w	PHRtcD4w	c3RkLnN0cmluZw==	1237	94489280698
68719477587	107374182500	PHRtcD4w	PHRtcD4w	c3RkLnN0cmluZw==	1237	94489280698
68719477588	107374182500	c3RhdHVz	c3RhdHVz	bGV2ZWxkYi5TdGF0dXM=	1238	94489280573
68719477589	107374182500	dGhpcw==	dGhpcw==	R2V0TWFueVdvcmtlcio=	1238	111669149946
68719477590	107374182500	dGhpcw==	dGhpcw==	R2V0TWFueVdvcmtlcio=	1238	111669149946
68719477591	107374182500	a2V5	a2V5	c3RkLnN0cmluZyY=	1238	94489280571
68719477592	107374182500	dmFsdWU=	dmFsdWU=	c3RkLnN0cmluZyo=	1238	94489280572
68719477593	107374182500	c3RhdHVz	c3RhdHVz	bGV2ZWxkYi5TdGF0dXM=	1240	94489280573
68719477594	107374182500	dGhpcw==	dGhpcw==	R2V0TWFueVdvcmtlcio=	1241	111669149946
68719477595	107374182500	dmFsdWU=	dmFsdWU=	c3RkLnN0cmluZyo=	1241	94489280572
68719477596	107374182500	c3RhdHVz	c3RhdHVz	bGV2ZWxkYi5TdGF0dXM=	1242	94489280573
68719477597	107374182500	dmFsdWU=	dmFsdWU=	c3RkLnN0cmluZyo=	1243	94489280572
68719477598	107374182500	dGhpcw==	dGhpcw==	R2V0TWFueVdvcmtlcio=	1244	111669149946
68719477599	107374182500	TlVMTA==	PHVua25vd24+IE5VTEw=	QU5Z	1244	94489280696
68719477600	107374182500	dmFsdWU=	dmFsdWU=	c3RkLnN0cmluZyo=	1246	94489280572
68719477601	107374182500	PGl0ZXJhdG9yPjE=	PGl0ZXJhdG9yPjE=	c3RkLml0ZXJhdG9y	1247	94489280697
68719477602	107374182500	dGhpcw==	dGhpcw==	R2V0TWFueVdvcmtlcio=	1247	111669149946
68719477603	107374182500	PGl0ZXJhdG9yPjE=	PGl0ZXJhdG9yPjE=	c3RkLml0ZXJhdG9y	1247	94489280697
68719477604	107374182500	dmFsdWU=	dmFsdWU=	c3RkLnN0cmluZyo=	1247	94489280574
68719477605	107374182500	PGl0ZXJhdG9yPjE=	PGl0ZXJhdG9yPjE=	c3RkLml0ZXJhdG9y	1247	94489280697
68719477606	107374182500	dmFsdWU=	dmFsdWU=	c3RkLnN0cmluZyo=	1248	94489280574
68719477607	107374182500	TlVMTA==	PHVua25vd24+IE5VTEw=	QU5Z	1248	94489280696
68719477608	107374182500	dmFsdWU=	dmFsdWU=	c3RkLnN0cmluZyo=	1248	94489280574
68719477609	107374182500	c3RhdHVz	c3RhdHVz	bGV2ZWxkYi5TdGF0dXM=	1250	94489280573
68719477610	107374182500	dGhpcw==	dGhpcw==	R2V0TWFueVdvcmtlcio=	1255	111669149946
68719477611	107374182500	dGhpcw==	dGhpcw==	R2V0TWFueVdvcmtlcio=	1255	111669149946
68719477612	107374182501	c2l6ZQ==	c2l6ZQ==	c2l6ZV90	1259	94489280575
68719477613	107374182501	dGhpcw==	dGhpcw==	R2V0TWFueVdvcmtlcio=	1259	111669149947
68719477614	107374182501	ZW52	ZW52	bmFwaV9lbnY=	1261	111669149948
68719477615	107374182501	c2l6ZQ==	c2l6ZQ==	c2l6ZV90	1261	94489280575
68719477616	107374182501	YXJyYXk=	YXJyYXk=	bmFwaV92YWx1ZQ==	1261	94489280576
68719477617	107374182501	aWR4	aWR4	c2l6ZV90	1263	94489280577
68719477618	107374182501	aWR4	aWR4	c2l6ZV90	1263	94489280577
68719477619	107374182501	c2l6ZQ==	c2l6ZQ==	c2l6ZV90	1263	94489280575
68719477620	107374182501	aWR4	aWR4	c2l6ZV90	1263	94489280577
68719477621	107374182501	dmFsdWU=	dmFsdWU=	c3RkLnN0cmluZyo=	1264	94489280578
68719477622	107374182501	dGhpcw==	dGhpcw==	R2V0TWFueVdvcmtlcio=	1264	111669149947
68719477623	107374182501	aWR4	aWR4	c2l6ZV90	1264	94489280577
68719477624	107374182501	ZW52	ZW52	bmFwaV9lbnY=	1266	111669149948
68719477625	107374182501	dmFsdWU=	dmFsdWU=	c3RkLnN0cmluZyo=	1266	94489280578
68719477626	107374182501	dGhpcw==	dGhpcw==	R2V0TWFueVdvcmtlcio=	1266	111669149947
68719477627	107374182501	ZWxlbWVudA==	ZWxlbWVudA==	bmFwaV92YWx1ZQ==	1266	94489280579
68719477628	107374182501	ZW52	ZW52	bmFwaV9lbnY=	1267	111669149948
68719477629	107374182501	YXJyYXk=	YXJyYXk=	bmFwaV92YWx1ZQ==	1267	94489280576
68719477630	107374182501	aWR4	aWR4	c2l6ZV90	1267	94489280577
68719477631	107374182501	ZWxlbWVudA==	ZWxlbWVudA==	bmFwaV92YWx1ZQ==	1267	94489280579
68719477632	107374182501	dmFsdWU=	dmFsdWU=	c3RkLnN0cmluZyo=	1268	94489280578
68719477633	107374182501	TlVMTA==	PHVua25vd24+IE5VTEw=	QU5Z	1268	94489280695
68719477634	107374182501	dmFsdWU=	dmFsdWU=	c3RkLnN0cmluZyo=	1268	94489280578
68719477635	107374182501	YXJndg==	YXJndg==	bmFwaV92YWx1ZVsyXQ==	1271	94489280580
68719477636	107374182501	bmFwaV92YWx1ZVsyXQ==	bmFwaV92YWx1ZVsyXQ==	bmFwaV92YWx1ZVsyXQ==	1271	
68719477637	107374182501	ZW52	ZW52	bmFwaV9lbnY=	1272	111669149948
68719477638	107374182501	YXJndg==	YXJndg==	bmFwaV92YWx1ZVsyXQ==	1272	94489280580
68719477639	107374182501	YXJndg==	YXJndg==	bmFwaV92YWx1ZVsyXQ==	1273	94489280580
68719477640	107374182501	YXJyYXk=	YXJyYXk=	bmFwaV92YWx1ZQ==	1273	94489280576
68719477641	107374182501	ZW52	ZW52	bmFwaV9lbnY=	1274	111669149948
68719477642	107374182501	Y2FsbGJhY2s=	Y2FsbGJhY2s=	bmFwaV92YWx1ZQ==	1274	111669149949
68719477643	107374182501	YXJndg==	YXJndg==	bmFwaV92YWx1ZVsyXQ==	1274	94489280580
68719477652	107374182502	dGhpcw==	dGhpcw==	RGVsV29ya2VyKg==	1316	111669149950
68719477653	107374182502	c3luYw==	c3luYw==	Ym9vbA==	1316	111669149955
68719477654	107374182502	dGhpcw==	dGhpcw==	RGVsV29ya2VyKg==	1314	111669149950
68719477655	107374182502	ZW52	ZW52	bmFwaV9lbnY=	1314	111669149951
68719477656	107374182502	dGhpcw==	dGhpcw==	RGVsV29ya2VyKg==	1315	111669149950
68719477657	107374182502	a2V5	a2V5	bGV2ZWxkYi5TbGljZQ==	1315	111669149954
68719477658	107374182503	dGhpcw==	dGhpcw==	RGVsV29ya2VyKg==	1320	111669149956
68719477659	107374182504	dGhpcw==	dGhpcw==	RGVsV29ya2VyKg==	1324	111669149957
68719477660	107374182504	dGhpcw==	dGhpcw==	RGVsV29ya2VyKg==	1324	111669149957
68719477661	107374182504	dGhpcw==	dGhpcw==	RGVsV29ya2VyKg==	1324	111669149957
68719477703	107374182505	aXRlcmF0b3Jf	aXRlcmF0b3Jf	QmFzZUl0ZXJhdG9yKg==	1404	94489280686
68719477704	107374182505	PHRtcD4w	PHRtcD4w	QU5Z	1404	94489280685
68719477705	107374182505	PHRtcD4w	PHRtcD4w	QU5Z	1404	94489280685
68719477706	107374182505	PHRtcD4w	PHRtcD4w	QU5Z	1404	94489280685
68719477662	107374182506	dGhpcw==	dGhpcw==	Q2xlYXJXb3JrZXIq	1362	111669149958
68719477663	107374182506	PHRtcD4w	PHRtcD4w	QmFzZUl0ZXJhdG9y	1362	94489280688
68719477664	107374182506	PHRtcD4w	PHRtcD4w	QmFzZUl0ZXJhdG9y	1362	94489280688
68719477665	107374182506	ZGF0YWJhc2U=	ZGF0YWJhc2U=	RGF0YWJhc2Uq	1362	111669149960
68719477666	107374182506	cmV2ZXJzZQ==	cmV2ZXJzZQ==	Ym9vbA==	1362	111669149962
68719477667	107374182506	bHQ=	bHQ=	c3RkLnN0cmluZyo=	1362	111669149964
68719477668	107374182506	bHRl	bHRl	c3RkLnN0cmluZyo=	1362	111669149965
68719477669	107374182506	Z3Q=	Z3Q=	c3RkLnN0cmluZyo=	1362	111669149966
68719477670	107374182506	Z3Rl	Z3Rl	c3RkLnN0cmluZyo=	1362	111669149967
68719477671	107374182506	bGltaXQ=	bGltaXQ=	aW50	1362	111669149963
68719477672	107374182506	PHRtcD4w	PHRtcD4w	QmFzZUl0ZXJhdG9y	1362	94489280688
68719477673	107374182506	dGhpcw==	dGhpcw==	Q2xlYXJXb3JrZXIq	1363	111669149958
68719477674	107374182506	PHRtcD4x	PHRtcD4x	bGV2ZWxkYi5Xcml0ZU9wdGlvbnM=	1363	94489280687
68719477675	107374182506	PHRtcD4x	PHRtcD4x	bGV2ZWxkYi5Xcml0ZU9wdGlvbnM=	1363	94489280687
68719477676	107374182506	PHRtcD4x	PHRtcD4x	bGV2ZWxkYi5Xcml0ZU9wdGlvbnM=	1363	94489280687
68719477677	107374182506	dGhpcw==	dGhpcw==	Q2xlYXJXb3JrZXIq	1364	111669149958
68719477678	107374182506	dGhpcw==	dGhpcw==	Q2xlYXJXb3JrZXIq	1361	111669149958
68719477679	107374182506	ZW52	ZW52	bmFwaV9lbnY=	1361	111669149959
68719477680	107374182507	dGhpcw==	dGhpcw==	Q2xlYXJXb3JrZXIq	1368	111669149968
68719477681	107374182507	dGhpcw==	dGhpcw==	Q2xlYXJXb3JrZXIq	1369	111669149968
68719477682	107374182508	dGhpcw==	dGhpcw==	Q2xlYXJXb3JrZXIq	1373	111669149969
68719477683	107374182508	aHdt	aHdt	dWludDMyX3Q=	1376	94489280581
68719477684	107374182508	Ynl0ZXNSZWFk	Ynl0ZXNSZWFk	c2l6ZV90	1380	94489280583
68719477685	107374182508	Ynl0ZXNSZWFk	Ynl0ZXNSZWFk	c2l6ZV90	1382	94489280583
68719477686	107374182508	aHdt	aHdt	dWludDMyX3Q=	1382	94489280581
68719477687	107374182508	dGhpcw==	dGhpcw==	Q2xlYXJXb3JrZXIq	1382	111669149969
68719477688	107374182508	dGhpcw==	dGhpcw==	Q2xlYXJXb3JrZXIq	1382	111669149969
68719477689	107374182508	a2V5	a2V5	bGV2ZWxkYi5TbGljZQ==	1383	94489280584
68719477690	107374182508	dGhpcw==	dGhpcw==	Q2xlYXJXb3JrZXIq	1383	111669149969
68719477691	107374182508	YmF0Y2g=	YmF0Y2g=	bGV2ZWxkYi5Xcml0ZUJhdGNo	1384	94489280582
68719477692	107374182508	a2V5	a2V5	bGV2ZWxkYi5TbGljZQ==	1384	94489280584
68719477693	107374182508	Ynl0ZXNSZWFk	Ynl0ZXNSZWFk	c2l6ZV90	1385	94489280583
68719477694	107374182508	a2V5	a2V5	bGV2ZWxkYi5TbGljZQ==	1385	94489280584
68719477695	107374182508	dGhpcw==	dGhpcw==	Q2xlYXJXb3JrZXIq	1386	111669149969
68719477696	107374182508	dGhpcw==	dGhpcw==	Q2xlYXJXb3JrZXIq	1389	111669149969
68719477697	107374182508	Ynl0ZXNSZWFk	Ynl0ZXNSZWFk	c2l6ZV90	1389	94489280583
68719477698	107374182508	dGhpcw==	dGhpcw==	Q2xlYXJXb3JrZXIq	1393	111669149969
68719477699	107374182508	dGhpcw==	dGhpcw==	Q2xlYXJXb3JrZXIq	1393	111669149969
68719477700	107374182508	YmF0Y2g=	YmF0Y2g=	bGV2ZWxkYi5Xcml0ZUJhdGNo	1393	94489280582
68719477701	107374182508	YmF0Y2g=	YmF0Y2g=	bGV2ZWxkYi5Xcml0ZUJhdGNo	1397	94489280582
68719477702	107374182508	dGhpcw==	dGhpcw==	Q2xlYXJXb3JrZXIq	1400	111669149969
68719477707	107374182509	dGhpcw==	dGhpcw==	QXBwcm94aW1hdGVTaXplV29ya2VyKg==	1441	111669149970
68719477708	107374182509	ZW52	ZW52	bmFwaV9lbnY=	1441	111669149971
68719477709	107374182509	dGhpcw==	dGhpcw==	QXBwcm94aW1hdGVTaXplV29ya2VyKg==	1442	111669149970
68719477710	107374182509	c3RhcnQ=	c3RhcnQ=	bGV2ZWxkYi5TbGljZQ==	1442	111669149974
68719477711	107374182509	dGhpcw==	dGhpcw==	QXBwcm94aW1hdGVTaXplV29ya2VyKg==	1442	111669149970
68719477712	107374182509	ZW5k	ZW5k	bGV2ZWxkYi5TbGljZQ==	1442	111669149975
68719477713	107374182510	dGhpcw==	dGhpcw==	QXBwcm94aW1hdGVTaXplV29ya2VyKg==	1445	111669149976
68719477714	107374182510	dGhpcw==	dGhpcw==	QXBwcm94aW1hdGVTaXplV29ya2VyKg==	1446	111669149976
68719477715	107374182511	cmFuZ2U=	cmFuZ2U=	bGV2ZWxkYi5SYW5nZQ==	1450	94489280585
68719477716	107374182511	PHRtcD4w	PHRtcD4w	bGV2ZWxkYi5SYW5nZQ==	1450	94489280683
68719477717	107374182511	PHRtcD4w	PHRtcD4w	bGV2ZWxkYi5SYW5nZQ==	1450	94489280683
68719477718	107374182511	dGhpcw==	dGhpcw==	QXBwcm94aW1hdGVTaXplV29ya2VyKg==	1450	111669149977
68719477719	107374182511	dGhpcw==	dGhpcw==	QXBwcm94aW1hdGVTaXplV29ya2VyKg==	1450	111669149977
68719477720	107374182511	PHRtcD4w	PHRtcD4w	bGV2ZWxkYi5SYW5nZQ==	1450	94489280683
68719477721	107374182511	dGhpcw==	dGhpcw==	QXBwcm94aW1hdGVTaXplV29ya2VyKg==	1451	111669149977
68719477722	107374182511	dGhpcw==	dGhpcw==	QXBwcm94aW1hdGVTaXplV29ya2VyKg==	1451	111669149977
68719477723	107374182511	cmFuZ2U=	cmFuZ2U=	bGV2ZWxkYi5SYW5nZQ==	1451	94489280585
68719477724	107374182512	YXJndg==	YXJndg==	bmFwaV92YWx1ZVsyXQ==	1455	94489280586
68719477725	107374182512	bmFwaV92YWx1ZVsyXQ==	bmFwaV92YWx1ZVsyXQ==	bmFwaV92YWx1ZVsyXQ==	1455	
68719477726	107374182512	ZW52	ZW52	bmFwaV9lbnY=	1456	111669149979
68719477727	107374182512	YXJndg==	YXJndg==	bmFwaV92YWx1ZVsyXQ==	1456	94489280586
68719477728	107374182512	ZW52	ZW52	bmFwaV9lbnY=	1457	111669149979
68719477729	107374182512	dGhpcw==	dGhpcw==	QXBwcm94aW1hdGVTaXplV29ya2VyKg==	1457	111669149978
68719477730	107374182512	YXJndg==	YXJndg==	bmFwaV92YWx1ZVsyXQ==	1457	94489280586
68719477731	107374182512	ZW52	ZW52	bmFwaV9lbnY=	1458	111669149979
68719477732	107374182512	Y2FsbGJhY2s=	Y2FsbGJhY2s=	bmFwaV92YWx1ZQ==	1458	111669149980
68719477733	107374182512	YXJndg==	YXJndg==	bmFwaV92YWx1ZVsyXQ==	1458	94489280586
68719477734	107374182513	dGhpcw==	dGhpcw==	Q29tcGFjdFJhbmdlV29ya2VyKg==	1495	111669149981
68719477735	107374182513	ZW52	ZW52	bmFwaV9lbnY=	1495	111669149982
68719477736	107374182513	dGhpcw==	dGhpcw==	Q29tcGFjdFJhbmdlV29ya2VyKg==	1496	111669149981
68719477737	107374182513	c3RhcnQ=	c3RhcnQ=	bGV2ZWxkYi5TbGljZQ==	1496	111669149985
68719477738	107374182513	dGhpcw==	dGhpcw==	Q29tcGFjdFJhbmdlV29ya2VyKg==	1496	111669149981
68719477739	107374182513	ZW5k	ZW5k	bGV2ZWxkYi5TbGljZQ==	1496	111669149986
68719477740	107374182514	dGhpcw==	dGhpcw==	Q29tcGFjdFJhbmdlV29ya2VyKg==	1499	111669149987
68719477741	107374182514	dGhpcw==	dGhpcw==	Q29tcGFjdFJhbmdlV29ya2VyKg==	1500	111669149987
68719477742	107374182515	dGhpcw==	dGhpcw==	Q29tcGFjdFJhbmdlV29ya2VyKg==	1504	111669149988
68719477743	107374182515	dGhpcw==	dGhpcw==	Q29tcGFjdFJhbmdlV29ya2VyKg==	1504	111669149988
68719477744	107374182515	dGhpcw==	dGhpcw==	Q29tcGFjdFJhbmdlV29ya2VyKg==	1504	111669149988
68719477745	107374182516	dGhpcw==	dGhpcw==	RGVzdHJveVdvcmtlcio=	1556	111669149989
68719477746	107374182516	ZW52	ZW52	bmFwaV9lbnY=	1556	111669149990
68719477747	107374182516	dGhpcw==	dGhpcw==	RGVzdHJveVdvcmtlcio=	1557	111669149989
68719477748	107374182516	bG9jYXRpb24=	bG9jYXRpb24=	c3RkLnN0cmluZyY=	1557	111669149991
68719477749	107374182518	b3B0aW9ucw==	b3B0aW9ucw==	bGV2ZWxkYi5PcHRpb25z	1565	94489280587
68719477750	107374182518	cm9ja3NkYg==	cm9ja3NkYg==	cm9ja3NkYg==	1565	94489280680
68719477751	107374182518	b3B0aW9ucw==	b3B0aW9ucw==	bGV2ZWxkYi5PcHRpb25z	1566	94489280587
68719477752	107374182518	PHRtcD4w	PHRtcD4w	TnVsbExvZ2dlcg==	1566	94489280679
68719477753	107374182518	PHRtcD4w	PHRtcD4w	TnVsbExvZ2dlcg==	1566	94489280679
68719477754	107374182518	PHRtcD4w	PHRtcD4w	TnVsbExvZ2dlcg==	1566	94489280679
68719477755	107374182518	dGhpcw==	dGhpcw==	RGVzdHJveVdvcmtlcio=	1568	111669149994
68719477756	107374182518	b3B0aW9ucw==	b3B0aW9ucw==	bGV2ZWxkYi5PcHRpb25z	1568	94489280587
68719477757	107374182519	dGhpcw==	dGhpcw==	UmVwYWlyV29ya2VyKg==	1597	111669149995
68719477758	107374182519	ZW52	ZW52	bmFwaV9lbnY=	1597	111669149996
68719477759	107374182519	dGhpcw==	dGhpcw==	UmVwYWlyV29ya2VyKg==	1598	111669149995
68719477760	107374182519	bG9jYXRpb24=	bG9jYXRpb24=	c3RkLnN0cmluZyY=	1598	111669149997
68719477761	107374182521	b3B0aW9ucw==	b3B0aW9ucw==	bGV2ZWxkYi5PcHRpb25z	1606	94489280588
68719477762	107374182521	cm9ja3NkYg==	cm9ja3NkYg==	cm9ja3NkYg==	1606	94489280677
68719477763	107374182521	b3B0aW9ucw==	b3B0aW9ucw==	bGV2ZWxkYi5PcHRpb25z	1607	94489280588
68719477764	107374182521	PHRtcD4w	PHRtcD4w	TnVsbExvZ2dlcg==	1607	94489280676
68719477765	107374182521	PHRtcD4w	PHRtcD4w	TnVsbExvZ2dlcg==	1607	94489280676
68719477766	107374182521	PHRtcD4w	PHRtcD4w	TnVsbExvZ2dlcg==	1607	94489280676
68719477767	107374182521	dGhpcw==	dGhpcw==	UmVwYWlyV29ya2VyKg==	1609	111669150000
68719477768	107374182521	b3B0aW9ucw==	b3B0aW9ucw==	bGV2ZWxkYi5PcHRpb25z	1609	94489280588
68719477769	107374182522	ZGF0YQ==	ZGF0YQ==	dm9pZCo=	1635	111669150002
68719477770	107374182522	ZGF0YQ==	ZGF0YQ==	dm9pZCo=	1636	111669150002
68719477779	107374182523	aXRlcmF0b3Jf	aXRlcmF0b3Jf	SXRlcmF0b3Iq	1721	94489280672
68719477780	107374182523	PHRtcD4w	PHRtcD4w	QU5Z	1721	94489280671
68719477781	107374182523	PHRtcD4w	PHRtcD4w	QU5Z	1721	94489280671
68719477782	107374182523	PHRtcD4w	PHRtcD4w	QU5Z	1721	94489280671
68719477771	107374182524	dGhpcw==	dGhpcw==	RW5kV29ya2VyKg==	1706	111669150004
68719477772	107374182524	ZW52	ZW52	bmFwaV9lbnY=	1706	111669150005
68719477773	107374182524	dGhpcw==	dGhpcw==	RW5kV29ya2VyKg==	1707	111669150004
68719477774	107374182524	aXRlcmF0b3I=	aXRlcmF0b3I=	SXRlcmF0b3Iq	1707	111669150006
68719477775	107374182526	dGhpcw==	dGhpcw==	RW5kV29ya2VyKg==	1712	111669150009
68719477776	107374182527	dGhpcw==	dGhpcw==	RW5kV29ya2VyKg==	1716	111669150010
68719477777	107374182527	ZW52	ZW52	bmFwaV9lbnY=	1716	111669150011
68719477778	107374182527	ZW52	ZW52	bmFwaV9lbnY=	1717	111669150011
68719477783	107374182528	aXRlcmF0b3I=	aXRlcmF0b3I=	SXRlcmF0b3Iq	1729	111669150013
68719477784	107374182528	aXRlcmF0b3I=	aXRlcmF0b3I=	SXRlcmF0b3Iq	1729	111669150013
68719477785	107374182528	d29ya2Vy	d29ya2Vy	RW5kV29ya2VyKg==	1730	94489280589
68719477786	107374182528	PHRtcD4w	PHRtcD4w	RW5kV29ya2Vy	1730	94489280670
68719477787	107374182528	PHRtcD4w	PHRtcD4w	RW5kV29ya2Vy	1730	94489280670
68719477788	107374182528	ZW52	ZW52	bmFwaV9lbnY=	1730	111669150012
68719477789	107374182528	aXRlcmF0b3I=	aXRlcmF0b3I=	SXRlcmF0b3Iq	1730	111669150013
68719477790	107374182528	Y2I=	Y2I=	bmFwaV92YWx1ZQ==	1730	111669150014
68719477791	107374182528	PHRtcD4w	PHRtcD4w	RW5kV29ya2Vy	1730	94489280670
68719477792	107374182528	aXRlcmF0b3I=	aXRlcmF0b3I=	SXRlcmF0b3Iq	1731	111669150013
68719477793	107374182528	aXRlcmF0b3I=	aXRlcmF0b3I=	SXRlcmF0b3Iq	1733	111669150013
68719477794	107374182528	aXRlcmF0b3I=	aXRlcmF0b3I=	SXRlcmF0b3Iq	1734	111669150013
68719477795	107374182528	d29ya2Vy	d29ya2Vy	RW5kV29ya2VyKg==	1734	94489280589
68719477796	107374182528	d29ya2Vy	d29ya2Vy	RW5kV29ya2VyKg==	1736	94489280589
68719477797	107374182528	ZW52	ZW52	bmFwaV9lbnY=	1736	111669150012
68719477862	107374182529	aXRlcmF0b3Jf	aXRlcmF0b3Jf	SXRlcmF0b3Iq	1820	94489280668
68719477863	107374182529	PHRtcD4w	PHRtcD4w	QU5Z	1820	94489280667
68719477864	107374182529	PHRtcD4w	PHRtcD4w	QU5Z	1820	94489280667
68719477865	107374182529	PHRtcD4w	PHRtcD4w	QU5Z	1820	94489280667
68719477798	107374182530	dGhpcw==	dGhpcw==	TmV4dFdvcmtlcio=	1760	111669150015
68719477799	107374182530	ZW52	ZW52	bmFwaV9lbnY=	1760	111669150016
68719477800	107374182530	dGhpcw==	dGhpcw==	TmV4dFdvcmtlcio=	1762	111669150015
68719477801	107374182530	aXRlcmF0b3I=	aXRlcmF0b3I=	SXRlcmF0b3Iq	1762	111669150017
68719477802	107374182530	dGhpcw==	dGhpcw==	TmV4dFdvcmtlcio=	1762	111669150015
68719477803	107374182532	dGhpcw==	dGhpcw==	TmV4dFdvcmtlcio=	1767	111669150020
68719477804	107374182532	dGhpcw==	dGhpcw==	TmV4dFdvcmtlcio=	1768	111669150020
68719477805	107374182532	dGhpcw==	dGhpcw==	TmV4dFdvcmtlcio=	1773	111669150020
68719477806	107374182532	dGhpcw==	dGhpcw==	TmV4dFdvcmtlcio=	1773	111669150020
68719477807	107374182532	dGhpcw==	dGhpcw==	TmV4dFdvcmtlcio=	1775	111669150020
68719477808	107374182532	dGhpcw==	dGhpcw==	TmV4dFdvcmtlcio=	1776	111669150020
68719477809	107374182533	YXJyYXlTaXpl	YXJyYXlTaXpl	c2l6ZV90	1781	94489280590
68719477810	107374182533	dGhpcw==	dGhpcw==	TmV4dFdvcmtlcio=	1781	111669150021
68719477811	107374182533	ZW52	ZW52	bmFwaV9lbnY=	1783	111669150022
68719477812	107374182533	YXJyYXlTaXpl	YXJyYXlTaXpl	c2l6ZV90	1783	94489280590
68719477813	107374182533	anNBcnJheQ==	anNBcnJheQ==	bmFwaV92YWx1ZQ==	1783	94489280591
68719477814	107374182533	aWR4	aWR4	c2l6ZV90	1785	94489280592
68719477815	107374182533	aWR4	aWR4	c2l6ZV90	1785	94489280592
68719477816	107374182533	dGhpcw==	dGhpcw==	TmV4dFdvcmtlcio=	1785	111669150021
68719477817	107374182533	aWR4	aWR4	c2l6ZV90	1785	94489280592
68719477818	107374182533	a2V5	a2V5	c3RkLnN0cmluZw==	1786	94489280593
68719477819	107374182533	dGhpcw==	dGhpcw==	TmV4dFdvcmtlcio=	1786	111669150021
68719477820	107374182533	aWR4	aWR4	c2l6ZV90	1786	94489280592
68719477821	107374182533	dmFsdWU=	dmFsdWU=	c3RkLnN0cmluZw==	1787	94489280594
68719477822	107374182533	dGhpcw==	dGhpcw==	TmV4dFdvcmtlcio=	1787	111669150021
68719477823	107374182533	aWR4	aWR4	c2l6ZV90	1787	94489280592
68719477824	107374182533	ZW52	ZW52	bmFwaV9lbnY=	1792	111669150022
68719477825	107374182533	a2V5	a2V5	c3RkLnN0cmluZw==	1792	94489280593
68719477826	107374182533	dGhpcw==	dGhpcw==	TmV4dFdvcmtlcio=	1792	111669150021
68719477827	107374182533	cmV0dXJuS2V5	cmV0dXJuS2V5	bmFwaV92YWx1ZQ==	1792	94489280595
68719477828	107374182533	ZW52	ZW52	bmFwaV9lbnY=	1793	111669150022
68719477829	107374182533	dmFsdWU=	dmFsdWU=	c3RkLnN0cmluZw==	1793	94489280594
68719477830	107374182533	dGhpcw==	dGhpcw==	TmV4dFdvcmtlcio=	1793	111669150021
68719477831	107374182533	cmV0dXJuVmFsdWU=	cmV0dXJuVmFsdWU=	bmFwaV92YWx1ZQ==	1793	94489280596
68719477832	107374182533	ZW52	ZW52	bmFwaV9lbnY=	1796	111669150022
68719477833	107374182533	anNBcnJheQ==	anNBcnJheQ==	bmFwaV92YWx1ZQ==	1796	94489280591
68719477834	107374182533	YXJyYXlTaXpl	YXJyYXlTaXpl	c2l6ZV90	1796	94489280590
68719477835	107374182533	aWR4	aWR4	c2l6ZV90	1796	94489280592
68719477836	107374182533	cmV0dXJuS2V5	cmV0dXJuS2V5	bmFwaV92YWx1ZQ==	1796	94489280595
68719477837	107374182533	ZW52	ZW52	bmFwaV9lbnY=	1797	111669150022
68719477838	107374182533	anNBcnJheQ==	anNBcnJheQ==	bmFwaV92YWx1ZQ==	1797	94489280591
68719477839	107374182533	YXJyYXlTaXpl	YXJyYXlTaXpl	c2l6ZV90	1797	94489280590
68719477840	107374182533	aWR4	aWR4	c2l6ZV90	1797	94489280592
68719477841	107374182533	cmV0dXJuVmFsdWU=	cmV0dXJuVmFsdWU=	bmFwaV92YWx1ZQ==	1797	94489280596
68719477842	107374182533	YXJndg==	YXJndg==	bmFwaV92YWx1ZVszXQ==	1800	94489280597
68719477843	107374182533	bmFwaV92YWx1ZVszXQ==	bmFwaV92YWx1ZVszXQ==	bmFwaV92YWx1ZVszXQ==	1800	
68719477844	107374182533	ZW52	ZW52	bmFwaV9lbnY=	1801	111669150022
68719477845	107374182533	YXJndg==	YXJndg==	bmFwaV92YWx1ZVszXQ==	1801	94489280597
68719477846	107374182533	YXJndg==	YXJndg==	bmFwaV92YWx1ZVszXQ==	1802	94489280597
68719477847	107374182533	anNBcnJheQ==	anNBcnJheQ==	bmFwaV92YWx1ZQ==	1802	94489280591
68719477848	107374182533	ZW52	ZW52	bmFwaV9lbnY=	1803	111669150022
68719477849	107374182533	dGhpcw==	dGhpcw==	TmV4dFdvcmtlcio=	1803	111669150021
68719477850	107374182533	YXJndg==	YXJndg==	bmFwaV92YWx1ZVszXQ==	1803	94489280597
68719477851	107374182533	ZW52	ZW52	bmFwaV9lbnY=	1804	111669150022
68719477852	107374182533	Y2FsbGJhY2s=	Y2FsbGJhY2s=	bmFwaV92YWx1ZQ==	1804	111669150023
68719477853	107374182533	YXJndg==	YXJndg==	bmFwaV92YWx1ZVszXQ==	1804	94489280597
68719477854	107374182534	dGhpcw==	dGhpcw==	TmV4dFdvcmtlcio=	1809	111669150024
68719477855	107374182534	dGhpcw==	dGhpcw==	TmV4dFdvcmtlcio=	1811	111669150024
68719477856	107374182534	TlVMTA==	PHVua25vd24+IE5VTEw=	QU5Z	1811	94489280669
68719477857	107374182534	dGhpcw==	dGhpcw==	TmV4dFdvcmtlcio=	1812	111669150024
68719477858	107374182534	ZW52	ZW52	bmFwaV9lbnY=	1812	111669150025
68719477859	107374182534	dGhpcw==	dGhpcw==	TmV4dFdvcmtlcio=	1813	111669150024
68719477860	107374182534	TlVMTA==	PHVua25vd24+IE5VTEw=	QU5Z	1813	94489280669
68719477861	107374182534	ZW52	ZW52	bmFwaV9lbnY=	1816	111669150025
68719477866	107374182535	dGhpcw==	dGhpcw==	QmF0Y2hXb3JrZXIq	1859	111669150026
68719477867	107374182535	c3luYw==	c3luYw==	Ym9vbA==	1859	111669150031
68719477868	107374182535	dGhpcw==	dGhpcw==	QmF0Y2hXb3JrZXIq	1857	111669150026
68719477869	107374182535	ZW52	ZW52	bmFwaV9lbnY=	1857	111669150027
68719477870	107374182535	dGhpcw==	dGhpcw==	QmF0Y2hXb3JrZXIq	1858	111669150026
68719477871	107374182535	YmF0Y2g=	YmF0Y2g=	bGV2ZWxkYi5Xcml0ZUJhdGNoKg==	1858	111669150030
68719477872	107374182535	dGhpcw==	dGhpcw==	QmF0Y2hXb3JrZXIq	1858	111669150026
68719477873	107374182535	aGFzRGF0YQ==	aGFzRGF0YQ==	Ym9vbA==	1858	111669150032
68719477874	107374182536	dGhpcw==	dGhpcw==	QmF0Y2hXb3JrZXIq	1863	111669150033
68719477875	107374182537	dGhpcw==	dGhpcw==	QmF0Y2hXb3JrZXIq	1867	111669150034
68719477876	107374182537	dGhpcw==	dGhpcw==	QmF0Y2hXb3JrZXIq	1868	111669150034
68719477877	107374182537	dGhpcw==	dGhpcw==	QmF0Y2hXb3JrZXIq	1868	111669150034
68719477878	107374182537	dGhpcw==	dGhpcw==	QmF0Y2hXb3JrZXIq	1868	111669150034
68719477901	107374182538	ZGF0YWJhc2Vf	ZGF0YWJhc2Vf	RGF0YWJhc2Uq	1966	94489280662
68719477902	107374182538	PHRtcD4w	PHRtcD4w	QU5Z	1966	94489280661
68719477903	107374182538	PHRtcD4w	PHRtcD4w	QU5Z	1966	94489280661
68719477904	107374182538	PHRtcD4w	PHRtcD4w	QU5Z	1966	94489280661
68719477879	107374182539	dGhpcw==	dGhpcw==	QmF0Y2gq	1937	111669150035
68719477880	107374182539	ZGF0YWJhc2U=	ZGF0YWJhc2U=	RGF0YWJhc2Uq	1937	111669150036
68719477881	107374182539	dGhpcw==	dGhpcw==	QmF0Y2gq	1938	111669150035
68719477882	107374182539	PHRtcD4w	PHRtcD4w	bGV2ZWxkYi5Xcml0ZUJhdGNo	1938	94489280663
68719477883	107374182539	PHRtcD4w	PHRtcD4w	bGV2ZWxkYi5Xcml0ZUJhdGNo	1938	94489280663
68719477884	107374182539	PHRtcD4w	PHRtcD4w	bGV2ZWxkYi5Xcml0ZUJhdGNo	1938	94489280663
68719477885	107374182539	dGhpcw==	dGhpcw==	QmF0Y2gq	1939	111669150035
68719477886	107374182540	dGhpcw==	dGhpcw==	QmF0Y2gq	1942	111669150037
68719477887	107374182541	dGhpcw==	dGhpcw==	QmF0Y2gq	1946	111669150038
68719477888	107374182541	a2V5	a2V5	bGV2ZWxkYi5TbGljZQ==	1946	111669150039
68719477889	107374182541	dmFsdWU=	dmFsdWU=	bGV2ZWxkYi5TbGljZQ==	1946	111669150040
68719477890	107374182541	dGhpcw==	dGhpcw==	QmF0Y2gq	1947	111669150038
68719477891	107374182542	dGhpcw==	dGhpcw==	QmF0Y2gq	1951	111669150041
68719477892	107374182542	a2V5	a2V5	bGV2ZWxkYi5TbGljZQ==	1951	111669150042
68719477893	107374182542	dGhpcw==	dGhpcw==	QmF0Y2gq	1952	111669150041
68719477894	107374182543	dGhpcw==	dGhpcw==	QmF0Y2gq	1956	111669150043
68719477895	107374182543	dGhpcw==	dGhpcw==	QmF0Y2gq	1957	111669150043
68719477896	107374182544	b3B0aW9ucw==	b3B0aW9ucw==	bGV2ZWxkYi5Xcml0ZU9wdGlvbnM=	1962	94489280598
68719477897	107374182544	c3luYw==	c3luYw==	Ym9vbA==	1962	111669150045
68719477898	107374182544	dGhpcw==	dGhpcw==	QmF0Y2gq	1963	111669150044
68719477899	107374182544	b3B0aW9ucw==	b3B0aW9ucw==	bGV2ZWxkYi5Xcml0ZU9wdGlvbnM=	1963	94489280598
68719477900	107374182544	dGhpcw==	dGhpcw==	QmF0Y2gq	1963	111669150044
68719477905	107374182545	ZGF0YQ==	ZGF0YQ==	dm9pZCo=	1975	111669150047
68719477906	107374182545	ZGF0YQ==	ZGF0YQ==	dm9pZCo=	1976	111669150047
68719477922	107374182546	YmF0Y2hf	YmF0Y2hf	QmF0Y2gq	2068	94489280659
68719477923	107374182546	PHRtcD4w	PHRtcD4w	QU5Z	2068	94489280658
68719477924	107374182546	PHRtcD4w	PHRtcD4w	QU5Z	2068	94489280658
68719477925	107374182546	PHRtcD4w	PHRtcD4w	QU5Z	2068	94489280658
68719477907	107374182547	ZW52	ZW52	bmFwaV9lbnY=	2051	111669150050
68719477908	107374182547	Y29udGV4dA==	Y29udGV4dA==	bmFwaV92YWx1ZQ==	2051	111669150051
68719477909	107374182547	dGhpcw==	dGhpcw==	QmF0Y2hXcml0ZVdvcmtlcio=	2051	111669150049
68719477910	107374182547	dGhpcw==	dGhpcw==	QmF0Y2hXcml0ZVdvcmtlcio=	2047	111669150049
68719477911	107374182547	ZW52	ZW52	bmFwaV9lbnY=	2047	111669150050
68719477912	107374182547	dGhpcw==	dGhpcw==	QmF0Y2hXcml0ZVdvcmtlcio=	2048	111669150049
68719477913	107374182547	YmF0Y2g=	YmF0Y2g=	QmF0Y2gq	2048	111669150052
68719477914	107374182547	dGhpcw==	dGhpcw==	QmF0Y2hXcml0ZVdvcmtlcio=	2049	111669150049
68719477915	107374182547	c3luYw==	c3luYw==	Ym9vbA==	2049	111669150054
68719477916	107374182549	dGhpcw==	dGhpcw==	QmF0Y2hXcml0ZVdvcmtlcio=	2057	111669150056
68719477917	107374182549	dGhpcw==	dGhpcw==	QmF0Y2hXcml0ZVdvcmtlcio=	2058	111669150056
68719477918	107374182549	dGhpcw==	dGhpcw==	QmF0Y2hXcml0ZVdvcmtlcio=	2058	111669150056
68719477919	107374182550	ZW52	ZW52	bmFwaV9lbnY=	2063	111669150058
68719477920	107374182550	dGhpcw==	dGhpcw==	QmF0Y2hXcml0ZVdvcmtlcio=	2063	111669150057
68719477921	107374182550	ZW52	ZW52	bmFwaV9lbnY=	2064	111669150058
