68719476736	logify/filter/filter.js	16	logify/filter/filter.js::program:create:log	fn	CAPTURED	111669149699	fn	METHOD_PARAMETER_IN	1	
68719476737	logify/filter/filter.js	16	logify/filter/filter.js::program:create:log	this	DIRECT	111669149696	this	METHOD_PARAMETER_IN	0	
68719476738	logify/filter/filter.js	16	logify/filter/filter.js::program:create:log	entry	DIRECT	111669149697	entry	METHOD_PARAMETER_IN	0	
68719476739	logify/filter/filter.js	19	logify/filter/filter.js::program:create:log	_iteratorNormalCompletion	AMBIGUOUS					MULTIPLE_LIVE_ASSIGNMENTS_TO_RESOLVED_LOCAL
68719476740	logify/filter/filter.js	20	logify/filter/filter.js::program:create:log	_didIteratorError	AMBIGUOUS					MULTIPLE_LIVE_ASSIGNMENTS_TO_RESOLVED_LOCAL
68719476741	logify/filter/filter.js	21	logify/filter/filter.js::program:create:log	_iteratorError	AMBIGUOUS					MULTIPLE_LIVE_ASSIGNMENTS_TO_RESOLVED_LOCAL
68719476742	logify/filter/filter.js	21	logify/filter/filter.js::program:create:log	undefined	DIRECT	94489280531	undefined	LOCAL	0	
68719476743	logify/filter/filter.js	24	logify/filter/filter.js::program:create:log	_iterator	DIRECT	94489280519	_iterator	LOCAL	0	
68719476744	logify/filter/filter.js	24	logify/filter/filter.js::program:create:log	_getIterator	CAPTURED	94489280522	_getIterator	LOCAL	2	
68719476745	logify/filter/filter.js	24	logify/filter/filter.js::program:create:log	this	DIRECT	111669149696	this	METHOD_PARAMETER_IN	0	
68719476746	logify/filter/filter.js	24	logify/filter/filter.js::program:create:log	appenders	CAPTURED	94489280514	appenders	LOCAL	1	
68719476747	logify/filter/filter.js	24	logify/filter/filter.js::program:create:log	_iteratorNormalCompletion	AMBIGUOUS					MULTIPLE_LIVE_ASSIGNMENTS_TO_RESOLVED_LOCAL
68719476748	logify/filter/filter.js	24	logify/filter/filter.js::program:create:log	_step	DIRECT	94489280520	_step	LOCAL	0	
68719476749	logify/filter/filter.js	24	logify/filter/filter.js::program:create:log	_iterator	DIRECT	94489280519	_iterator	LOCAL	0	
68719476750	logify/filter/filter.js	24	logify/filter/filter.js::program:create:log	_iterator	DIRECT	94489280519	_iterator	LOCAL	0	
68719476751	logify/filter/filter.js	24	logify/filter/filter.js::program:create:log	_iteratorNormalCompletion	AMBIGUOUS					MULTIPLE_LIVE_ASSIGNMENTS_TO_RESOLVED_LOCAL
68719476752	logify/filter/filter.js	25	logify/filter/filter.js::program:create:log	appender	DIRECT	94489280521	appender	LOCAL	0	
68719476753	logify/filter/filter.js	25	logify/filter/filter.js::program:create:log	_step	DIRECT	94489280520	_step	LOCAL	0	
68719476754	logify/filter/filter.js	27	logify/filter/filter.js::program:create:log	appender	DIRECT	94489280521	appender	LOCAL	0	
68719476755	logify/filter/filter.js	27	logify/filter/filter.js::program:create:log	this	DIRECT	111669149696	this	METHOD_PARAMETER_IN	0	
68719476756	logify/filter/filter.js	27	logify/filter/filter.js::program:create:log	entry	DIRECT	111669149697	entry	METHOD_PARAMETER_IN	0	
68719476757	logify/filter/filter.js	29	logify/filter/filter.js::program:create:log	err	DIRECT	94489280527	err	LOCAL	0	
68719476758	logify/filter/filter.js	30	logify/filter/filter.js::program:create:log	_didIteratorError	AMBIGUOUS					MULTIPLE_LIVE_ASSIGNMENTS_TO_RESOLVED_LOCAL
68719476759	logify/filter/filter.js	31	logify/filter/filter.js::program:create:log	_iteratorError	AMBIGUOUS					MULTIPLE_LIVE_ASSIGNMENTS_TO_RESOLVED_LOCAL
68719476760	logify/filter/filter.js	31	logify/filter/filter.js::program:create:log	err	DIRECT	94489280527	err	LOCAL	0	
68719476761	logify/filter/filter.js	34	logify/filter/filter.js::program:create:log	_iteratorNormalCompletion	AMBIGUOUS					MULTIPLE_LIVE_ASSIGNMENTS_TO_RESOLVED_LOCAL
68719476762	logify/filter/filter.js	34	logify/filter/filter.js::program:create:log	_iterator	DIRECT	94489280519	_iterator	LOCAL	0	
68719476763	logify/filter/filter.js	35	logify/filter/filter.js::program:create:log	_iterator	DIRECT	94489280519	_iterator	LOCAL	0	
68719476764	logify/filter/filter.js	35	logify/filter/filter.js::program:create:log	_iterator	DIRECT	94489280519	_iterator	LOCAL	0	
68719476765	logify/filter/filter.js	38	logify/filter/filter.js::program:create:log	_didIteratorError	AMBIGUOUS					MULTIPLE_LIVE_ASSIGNMENTS_TO_RESOLVED_LOCAL
68719476766	logify/filter/filter.js	39	logify/filter/filter.js::program:create:log	_iteratorError	AMBIGUOUS					MULTIPLE_LIVE_ASSIGNMENTS_TO_RESOLVED_LOCAL
68719476767	logify/filter/filter.js	11	logify/filter/filter.js::program:create	_len	DIRECT	94489280513	_len	LOCAL	0	
68719476768	logify/filter/filter.js	11	logify/filter/filter.js::program:create	arguments	DIRECT	94489280533	arguments	LOCAL	0	
68719476769	logify/filter/filter.js	11	logify/filter/filter.js::program:create	appenders	DIRECT	94489280514	appenders	LOCAL	0	
68719476770	logify/filter/filter.js	11	logify/filter/filter.js::program:create	_len	DIRECT	94489280513	_len	LOCAL	0	
68719476771	logify/filter/filter.js	11	logify/filter/filter.js::program:create	_len	DIRECT	94489280513	_len	LOCAL	0	
68719476772	logify/filter/filter.js	11	logify/filter/filter.js::program:create	_key	DIRECT	94489280515	_key	LOCAL	0	
68719476773	logify/filter/filter.js	11	logify/filter/filter.js::program:create	_key	DIRECT	94489280515	_key	LOCAL	0	
68719476774	logify/filter/filter.js	11	logify/filter/filter.js::program:create	_len	DIRECT	94489280513	_len	LOCAL	0	
68719476775	logify/filter/filter.js	11	logify/filter/filter.js::program:create	_key	DIRECT	94489280515	_key	LOCAL	0	
68719476776	logify/filter/filter.js	12	logify/filter/filter.js::program:create	appenders	DIRECT	94489280514	appenders	LOCAL	0	
68719476777	logify/filter/filter.js	12	logify/filter/filter.js::program:create	_key	DIRECT	94489280515	_key	LOCAL	0	
68719476778	logify/filter/filter.js	12	logify/filter/filter.js::program:create	arguments	DIRECT	94489280533	arguments	LOCAL	0	
68719476779	logify/filter/filter.js	12	logify/filter/filter.js::program:create	_key	DIRECT	94489280515	_key	LOCAL	0	
68719476780	logify/filter/filter.js	10	logify/filter/filter.js::program	create	DIRECT	94489280512	create	LOCAL	0	
68719476781	logify/filter/filter.js	3	logify/filter/filter.js::program	_getIterator	DIRECT	94489280522	_getIterator	LOCAL	0	
68719476782	logify/filter/filter.js	3	logify/filter/filter.js::program	require	DIRECT	94489280526	require	LOCAL	0	
68719476783	logify/filter/filter.js	3	logify/filter/filter.js::program	this	DIRECT	111669149700	this	METHOD_PARAMETER_IN	0	
68719476784	logify/filter/filter.js	5	logify/filter/filter.js::program	exports	DIRECT	94489280524	exports	LOCAL	0	
68719476787	logify/filter/filter.js	8	logify/filter/filter.js::program	exports	DIRECT	94489280524	exports	LOCAL	0	
68719476788	logify/filter/filter.js	8	logify/filter/filter.js::program	create	DIRECT	94489280512	create	LOCAL	0	
68719476789	logify/filter/filter.js	46	logify/filter/filter.js::program	module	DIRECT	94489280525	module	LOCAL	0	
68719476790	logify/filter/filter.js	46	logify/filter/filter.js::program	exports	DIRECT	94489280524	exports	LOCAL	0	
68719476791	logify/filter/throttle.js	26	logify/filter/throttle.js::program:create:<lambda>0:<lambda>1	enabled	CAPTURED	94489280535	enabled	LOCAL	2	
68719476792	logify/filter/throttle.js	22	logify/filter/throttle.js::program:create:<lambda>0	enabled	CAPTURED	94489280535	enabled	LOCAL	1	
68719476793	logify/filter/throttle.js	25	logify/filter/throttle.js::program:create:<lambda>0	setTimeout	DIRECT	94489280551	setTimeout	LOCAL	0	
68719476794	logify/filter/throttle.js	25	logify/filter/throttle.js::program:create:<lambda>0	this	DIRECT	111669149702	this	METHOD_PARAMETER_IN	0	
68719476795	logify/filter/throttle.js	27	logify/filter/throttle.js::program:create:<lambda>0	n	CAPTURED	111669149704	n	METHOD_PARAMETER_IN	1	
68719476796	logify/filter/throttle.js	28	logify/filter/throttle.js::program:create:<lambda>0	enabled	CAPTURED	94489280535	enabled	LOCAL	1	
68719476797	logify/filter/throttle.js	15	logify/filter/throttle.js::program:create	enabled	DIRECT	94489280535	enabled	LOCAL	0	
68719476798	logify/filter/throttle.js	17	logify/filter/throttle.js::program:create	_len	DIRECT	94489280536	_len	LOCAL	0	
68719476799	logify/filter/throttle.js	17	logify/filter/throttle.js::program:create	arguments	DIRECT	94489280556	arguments	LOCAL	0	
68719476800	logify/filter/throttle.js	17	logify/filter/throttle.js::program:create	appenders	DIRECT	94489280537	appenders	LOCAL	0	
68719476801	logify/filter/throttle.js	17	logify/filter/throttle.js::program:create	_len	DIRECT	94489280536	_len	LOCAL	0	
68719476802	logify/filter/throttle.js	17	logify/filter/throttle.js::program:create	_len	DIRECT	94489280536	_len	LOCAL	0	
68719476803	logify/filter/throttle.js	17	logify/filter/throttle.js::program:create	_key	DIRECT	94489280538	_key	LOCAL	0	
68719476804	logify/filter/throttle.js	17	logify/filter/throttle.js::program:create	_key	DIRECT	94489280538	_key	LOCAL	0	
68719476805	logify/filter/throttle.js	17	logify/filter/throttle.js::program:create	_len	DIRECT	94489280536	_len	LOCAL	0	
68719476806	logify/filter/throttle.js	17	logify/filter/throttle.js::program:create	_key	DIRECT	94489280538	_key	LOCAL	0	
68719476807	logify/filter/throttle.js	18	logify/filter/throttle.js::program:create	appenders	DIRECT	94489280537	appenders	LOCAL	0	
68719476808	logify/filter/throttle.js	18	logify/filter/throttle.js::program:create	_key	DIRECT	94489280538	_key	LOCAL	0	
68719476809	logify/filter/throttle.js	18	logify/filter/throttle.js::program:create	arguments	DIRECT	94489280556	arguments	LOCAL	0	
68719476810	logify/filter/throttle.js	18	logify/filter/throttle.js::program:create	_key	DIRECT	94489280538	_key	LOCAL	0	
68719476811	logify/filter/throttle.js	21	logify/filter/throttle.js::program:create	_tmp_0	DIRECT	94489280554	_tmp_0	LOCAL	0	
68719476812	logify/filter/throttle.js	21	logify/filter/throttle.js::program:create	_filter2	CAPTURED	94489280543	_filter2	LOCAL	1	
68719476813	logify/filter/throttle.js	21	logify/filter/throttle.js::program:create	_tmp_0	DIRECT	94489280554	_tmp_0	LOCAL	0	
68719476814	logify/filter/throttle.js	21	logify/filter/throttle.js::program:create	undefined	DIRECT	94489280553	undefined	LOCAL	0	
68719476815	logify/filter/throttle.js	21	logify/filter/throttle.js::program:create	_tmp_1	DIRECT	94489280547	_tmp_1	LOCAL	0	
68719476816	logify/filter/throttle.js	21	logify/filter/throttle.js::program:create	_tmp_2	DIRECT	94489280552	_tmp_2	LOCAL	0	
68719476820	logify/filter/throttle.js	21	logify/filter/throttle.js::program:create	_tmp_1	DIRECT	94489280547	_tmp_1	LOCAL	0	
68719476821	logify/filter/throttle.js	30	logify/filter/throttle.js::program:create	appenders	DIRECT	94489280537	appenders	LOCAL	0	
68719476822	logify/filter/throttle.js	14	logify/filter/throttle.js::program	create	DIRECT	94489280534	create	LOCAL	0	
68719476823	logify/filter/throttle.js	3	logify/filter/throttle.js::program	_interopRequireDefault	DIRECT	94489280540	_interopRequireDefault	LOCAL	0	
68719476824	logify/filter/throttle.js	3	logify/filter/throttle.js::program	require	DIRECT	94489280546	require	LOCAL	0	
68719476825	logify/filter/throttle.js	3	logify/filter/throttle.js::program	this	DIRECT	111669149705	this	METHOD_PARAMETER_IN	0	
68719476826	logify/filter/throttle.js	5	logify/filter/throttle.js::program	exports	DIRECT	94489280544	exports	LOCAL	0	
68719476829	logify/filter/throttle.js	8	logify/filter/throttle.js::program	exports	DIRECT	94489280544	exports	LOCAL	0	
68719476830	logify/filter/throttle.js	8	logify/filter/throttle.js::program	create	DIRECT	94489280534	create	LOCAL	0	
68719476831	logify/filter/throttle.js	10	logify/filter/throttle.js::program	_filter	DIRECT	94489280542	_filter	LOCAL	0	
68719476832	logify/filter/throttle.js	10	logify/filter/throttle.js::program	require	DIRECT	94489280546	require	LOCAL	0	
68719476833	logify/filter/throttle.js	10	logify/filter/throttle.js::program	this	DIRECT	111669149705	this	METHOD_PARAMETER_IN	0	
68719476834	logify/filter/throttle.js	12	logify/filter/throttle.js::program	_filter2	DIRECT	94489280543	_filter2	LOCAL	0	
68719476835	logify/filter/throttle.js	12	logify/filter/throttle.js::program	_interopRequireDefault	DIRECT	94489280540	_interopRequireDefault	LOCAL	0	
68719476836	logify/filter/throttle.js	12	logify/filter/throttle.js::program	this	DIRECT	111669149705	this	METHOD_PARAMETER_IN	0	
68719476837	logify/filter/throttle.js	12	logify/filter/throttle.js::program	_filter	DIRECT	94489280542	_filter	LOCAL	0	
68719476838	logify/filter/throttle.js	33	logify/filter/throttle.js::program	module	DIRECT	94489280545	module	LOCAL	0	
68719476839	logify/filter/throttle.js	33	logify/filter/throttle.js::program	exports	DIRECT	94489280544	exports	LOCAL	0	
68719476840	logify/filter/when.js	18	logify/filter/when.js::program:create:<lambda>0	pattern	CAPTURED	111669149714	pattern	METHOD_PARAMETER_IN	1	
68719476841	logify/filter/when.js	18	logify/filter/when.js::program:create:<lambda>0	this	DIRECT	111669149706	this	METHOD_PARAMETER_IN	0	
68719476842	logify/filter/when.js	18	logify/filter/when.js::program:create:<lambda>0	entry	DIRECT	111669149707	entry	METHOD_PARAMETER_IN	0	
68719476843	logify/filter/when.js	18	logify/filter/when.js::program:create:<lambda>0	field	CAPTURED	111669149713	field	METHOD_PARAMETER_IN	1	
68719476844	logify/filter/when.js	22	logify/filter/when.js::program:create:test	field	CAPTURED	111669149713	field	METHOD_PARAMETER_IN	1	
68719476845	logify/filter/when.js	22	logify/filter/when.js::program:create:test	entry	DIRECT	111669149709	entry	METHOD_PARAMETER_IN	0	
68719476846	logify/filter/when.js	22	logify/filter/when.js::program:create:test	pattern	CAPTURED	111669149714	pattern	METHOD_PARAMETER_IN	1	
68719476847	logify/filter/when.js	26	logify/filter/when.js::program:create:test1	pattern	CAPTURED	111669149714	pattern	METHOD_PARAMETER_IN	1	
68719476848	logify/filter/when.js	26	logify/filter/when.js::program:create:test1	pattern	CAPTURED	111669149714	pattern	METHOD_PARAMETER_IN	1	
68719476849	logify/filter/when.js	26	logify/filter/when.js::program:create:test1	entry	DIRECT	111669149711	entry	METHOD_PARAMETER_IN	0	
68719476850	logify/filter/when.js	26	logify/filter/when.js::program:create:test1	field	CAPTURED	111669149713	field	METHOD_PARAMETER_IN	1	
68719476851	logify/filter/when.js	15	logify/filter/when.js::program:create	fn	AMBIGUOUS					MULTIPLE_LIVE_ASSIGNMENTS_TO_RESOLVED_LOCAL
68719476852	logify/filter/when.js	15	logify/filter/when.js::program:create	undefined	DIRECT	94489280573	undefined	LOCAL	0	
68719476853	logify/filter/when.js	16	logify/filter/when.js::program:create	pattern	DIRECT	111669149714	pattern	METHOD_PARAMETER_IN	0	
68719476854	logify/filter/when.js	17	logify/filter/when.js::program:create	fn	AMBIGUOUS					MULTIPLE_LIVE_ASSIGNMENTS_TO_RESOLVED_LOCAL
68719476855	logify/filter/when.js	20	logify/filter/when.js::program:create	pattern	DIRECT	111669149714	pattern	METHOD_PARAMETER_IN	0	
68719476856	logify/filter/when.js	21	logify/filter/when.js::program:create	fn	AMBIGUOUS					MULTIPLE_LIVE_ASSIGNMENTS_TO_RESOLVED_LOCAL
68719476857	logify/filter/when.js	24	logify/filter/when.js::program:create	pattern	DIRECT	111669149714	pattern	METHOD_PARAMETER_IN	0	
68719476858	logify/filter/when.js	24	logify/filter/when.js::program:create	RegExp	DIRECT	94489280581	RegExp	LOCAL	0	
68719476859	logify/filter/when.js	25	logify/filter/when.js::program:create	fn	AMBIGUOUS					MULTIPLE_LIVE_ASSIGNMENTS_TO_RESOLVED_LOCAL
68719476860	logify/filter/when.js	29	logify/filter/when.js::program:create	_tmp_0	DIRECT	94489280578	_tmp_0	LOCAL	0	
68719476861	logify/filter/when.js	29	logify/filter/when.js::program:create	Error	DIRECT	94489280577	Error	LOCAL	0	
68719476864	logify/filter/when.js	32	logify/filter/when.js::program:create	_len	DIRECT	94489280560	_len	LOCAL	0	
68719476865	logify/filter/when.js	32	logify/filter/when.js::program:create	arguments	DIRECT	94489280576	arguments	LOCAL	0	
68719476866	logify/filter/when.js	32	logify/filter/when.js::program:create	appenders	DIRECT	94489280561	appenders	LOCAL	0	
68719476867	logify/filter/when.js	32	logify/filter/when.js::program:create	_len	DIRECT	94489280560	_len	LOCAL	0	
68719476868	logify/filter/when.js	32	logify/filter/when.js::program:create	_len	DIRECT	94489280560	_len	LOCAL	0	
68719476869	logify/filter/when.js	32	logify/filter/when.js::program:create	_key	DIRECT	94489280562	_key	LOCAL	0	
68719476870	logify/filter/when.js	32	logify/filter/when.js::program:create	_key	DIRECT	94489280562	_key	LOCAL	0	
68719476871	logify/filter/when.js	32	logify/filter/when.js::program:create	_len	DIRECT	94489280560	_len	LOCAL	0	
68719476872	logify/filter/when.js	32	logify/filter/when.js::program:create	_key	DIRECT	94489280562	_key	LOCAL	0	
68719476873	logify/filter/when.js	33	logify/filter/when.js::program:create	appenders	DIRECT	94489280561	appenders	LOCAL	0	
68719476874	logify/filter/when.js	33	logify/filter/when.js::program:create	_key	DIRECT	94489280562	_key	LOCAL	0	
68719476875	logify/filter/when.js	33	logify/filter/when.js::program:create	arguments	DIRECT	94489280576	arguments	LOCAL	0	
68719476876	logify/filter/when.js	33	logify/filter/when.js::program:create	_key	DIRECT	94489280562	_key	LOCAL	0	
68719476877	logify/filter/when.js	36	logify/filter/when.js::program:create	_tmp_1	DIRECT	94489280574	_tmp_1	LOCAL	0	
68719476878	logify/filter/when.js	36	logify/filter/when.js::program:create	_filter2	CAPTURED	94489280567	_filter2	LOCAL	1	
68719476879	logify/filter/when.js	36	logify/filter/when.js::program:create	_tmp_1	DIRECT	94489280574	_tmp_1	LOCAL	0	
68719476880	logify/filter/when.js	36	logify/filter/when.js::program:create	undefined	DIRECT	94489280573	undefined	LOCAL	0	
68719476881	logify/filter/when.js	36	logify/filter/when.js::program:create	_tmp_2	DIRECT	94489280571	_tmp_2	LOCAL	0	
68719476882	logify/filter/when.js	36	logify/filter/when.js::program:create	_tmp_3	DIRECT	94489280572	_tmp_3	LOCAL	0	
68719476885	logify/filter/when.js	36	logify/filter/when.js::program:create	fn	AMBIGUOUS					MULTIPLE_LIVE_ASSIGNMENTS_TO_RESOLVED_LOCAL
68719476887	logify/filter/when.js	36	logify/filter/when.js::program:create	_tmp_2	DIRECT	94489280571	_tmp_2	LOCAL	0	
68719476888	logify/filter/when.js	36	logify/filter/when.js::program:create	appenders	DIRECT	94489280561	appenders	LOCAL	0	
68719476889	logify/filter/when.js	14	logify/filter/when.js::program	create	DIRECT	94489280557	create	LOCAL	0	
68719476890	logify/filter/when.js	3	logify/filter/when.js::program	_interopRequireDefault	DIRECT	94489280564	_interopRequireDefault	LOCAL	0	
68719476891	logify/filter/when.js	3	logify/filter/when.js::program	require	DIRECT	94489280570	require	LOCAL	0	
68719476892	logify/filter/when.js	3	logify/filter/when.js::program	this	DIRECT	111669149715	this	METHOD_PARAMETER_IN	0	
68719476893	logify/filter/when.js	5	logify/filter/when.js::program	exports	DIRECT	94489280568	exports	LOCAL	0	
68719476896	logify/filter/when.js	8	logify/filter/when.js::program	exports	DIRECT	94489280568	exports	LOCAL	0	
68719476897	logify/filter/when.js	8	logify/filter/when.js::program	create	DIRECT	94489280557	create	LOCAL	0	
68719476898	logify/filter/when.js	10	logify/filter/when.js::program	_filter	DIRECT	94489280566	_filter	LOCAL	0	
68719476899	logify/filter/when.js	10	logify/filter/when.js::program	require	DIRECT	94489280570	require	LOCAL	0	
68719476900	logify/filter/when.js	10	logify/filter/when.js::program	this	DIRECT	111669149715	this	METHOD_PARAMETER_IN	0	
68719476901	logify/filter/when.js	12	logify/filter/when.js::program	_filter2	DIRECT	94489280567	_filter2	LOCAL	0	
68719476902	logify/filter/when.js	12	logify/filter/when.js::program	_interopRequireDefault	DIRECT	94489280564	_interopRequireDefault	LOCAL	0	
68719476903	logify/filter/when.js	12	logify/filter/when.js::program	this	DIRECT	111669149715	this	METHOD_PARAMETER_IN	0	
68719476904	logify/filter/when.js	12	logify/filter/when.js::program	_filter	DIRECT	94489280566	_filter	LOCAL	0	
68719476905	logify/filter/when.js	39	logify/filter/when.js::program	module	DIRECT	94489280569	module	LOCAL	0	
68719476906	logify/filter/when.js	39	logify/filter/when.js::program	exports	DIRECT	94489280568	exports	LOCAL	0	
68719476907	logify/formatter/console.js	27	logify/formatter/console.js::program:pad	_tmp_0	DIRECT	94489280605	_tmp_0	LOCAL	0	
68719476908	logify/formatter/console.js	27	logify/formatter/console.js::program:pad	str	DIRECT	111669149717	str	METHOD_PARAMETER_IN	0	
68719476909	logify/formatter/console.js	27	logify/formatter/console.js::program:pad	_tmp_0	DIRECT	94489280605	_tmp_0	LOCAL	0	
68719476910	logify/formatter/console.js	31	logify/formatter/console.js::program:format	level	DIRECT	94489280588	level	LOCAL	0	
68719476911	logify/formatter/console.js	31	logify/formatter/console.js::program:format	entry	DIRECT	111669149719	entry	METHOD_PARAMETER_IN	0	
68719476912	logify/formatter/console.js	32	logify/formatter/console.js::program:format	message	DIRECT	94489280589	message	LOCAL	0	
68719476913	logify/formatter/console.js	32	logify/formatter/console.js::program:format	_tmp_1	DIRECT	94489280604	_tmp_1	LOCAL	0	
68719476914	logify/formatter/console.js	32	logify/formatter/console.js::program:format	entry	DIRECT	111669149719	entry	METHOD_PARAMETER_IN	0	
68719476915	logify/formatter/console.js	32	logify/formatter/console.js::program:format	_tmp_1	DIRECT	94489280604	_tmp_1	LOCAL	0	
68719476916	logify/formatter/console.js	32	logify/formatter/console.js::program:format	pad	CAPTURED	94489280586	pad	LOCAL	1	
68719476917	logify/formatter/console.js	32	logify/formatter/console.js::program:format	this	DIRECT	111669149718	this	METHOD_PARAMETER_IN	0	
68719476918	logify/formatter/console.js	32	logify/formatter/console.js::program:format	level	DIRECT	94489280588	level	LOCAL	0	
68719476919	logify/formatter/console.js	32	logify/formatter/console.js::program:format	level	DIRECT	94489280588	level	LOCAL	0	
68719476920	logify/formatter/console.js	32	logify/formatter/console.js::program:format	entry	DIRECT	111669149719	entry	METHOD_PARAMETER_IN	0	
68719476921	logify/formatter/console.js	32	logify/formatter/console.js::program:format	entry	DIRECT	111669149719	entry	METHOD_PARAMETER_IN	0	
68719476922	logify/formatter/console.js	32	logify/formatter/console.js::program:format	entry	DIRECT	111669149719	entry	METHOD_PARAMETER_IN	0	
68719476923	logify/formatter/console.js	32	logify/formatter/console.js::program:format	entry	DIRECT	111669149719	entry	METHOD_PARAMETER_IN	0	
68719476924	logify/formatter/console.js	32	logify/formatter/console.js::program:format	entry	DIRECT	111669149719	entry	METHOD_PARAMETER_IN	0	
68719476925	logify/formatter/console.js	32	logify/formatter/console.js::program:format	entry	DIRECT	111669149719	entry	METHOD_PARAMETER_IN	0	
68719476926	logify/formatter/console.js	32	logify/formatter/console.js::program:format	entry	DIRECT	111669149719	entry	METHOD_PARAMETER_IN	0	
68719476927	logify/formatter/console.js	32	logify/formatter/console.js::program:format	entry	DIRECT	111669149719	entry	METHOD_PARAMETER_IN	0	
68719476928	logify/formatter/console.js	33	logify/formatter/console.js::program:format	colors	CAPTURED	94489280594	colors	LOCAL	1	
68719476929	logify/formatter/console.js	34	logify/formatter/console.js::program:format	table	CAPTURED	94489280595	table	LOCAL	1	
68719476930	logify/formatter/console.js	34	logify/formatter/console.js::program:format	level	DIRECT	94489280588	level	LOCAL	0	
68719476931	logify/formatter/console.js	34	logify/formatter/console.js::program:format	table	CAPTURED	94489280595	table	LOCAL	1	
68719476932	logify/formatter/console.js	34	logify/formatter/console.js::program:format	this	DIRECT	111669149718	this	METHOD_PARAMETER_IN	0	
68719476933	logify/formatter/console.js	34	logify/formatter/console.js::program:format	message	DIRECT	94489280589	message	LOCAL	0	
68719476934	logify/formatter/console.js	36	logify/formatter/console.js::program:format	message	DIRECT	94489280589	message	LOCAL	0	
68719476935	logify/formatter/console.js	26	logify/formatter/console.js::program	pad	DIRECT	94489280586	pad	LOCAL	0	
68719476936	logify/formatter/console.js	30	logify/formatter/console.js::program	format	DIRECT	94489280587	format	LOCAL	0	
68719476937	logify/formatter/console.js	3	logify/formatter/console.js::program	_interopRequireDefault	DIRECT	94489280590	_interopRequireDefault	LOCAL	0	
68719476938	logify/formatter/console.js	3	logify/formatter/console.js::program	require	DIRECT	94489280600	require	LOCAL	0	
68719476939	logify/formatter/console.js	3	logify/formatter/console.js::program	this	DIRECT	111669149720	this	METHOD_PARAMETER_IN	0	
68719476940	logify/formatter/console.js	5	logify/formatter/console.js::program	exports	DIRECT	94489280597	exports	LOCAL	0	
68719476943	logify/formatter/console.js	8	logify/formatter/console.js::program	exports	DIRECT	94489280597	exports	LOCAL	0	
68719476944	logify/formatter/console.js	8	logify/formatter/console.js::program	format	DIRECT	94489280587	format	LOCAL	0	
68719476945	logify/formatter/console.js	10	logify/formatter/console.js::program	_chalk	DIRECT	94489280592	_chalk	LOCAL	0	
68719476946	logify/formatter/console.js	10	logify/formatter/console.js::program	require	DIRECT	94489280600	require	LOCAL	0	
68719476947	logify/formatter/console.js	10	logify/formatter/console.js::program	this	DIRECT	111669149720	this	METHOD_PARAMETER_IN	0	
68719476948	logify/formatter/console.js	12	logify/formatter/console.js::program	_chalk2	DIRECT	94489280593	_chalk2	LOCAL	0	
68719476949	logify/formatter/console.js	12	logify/formatter/console.js::program	_interopRequireDefault	DIRECT	94489280590	_interopRequireDefault	LOCAL	0	
68719476950	logify/formatter/console.js	12	logify/formatter/console.js::program	this	DIRECT	111669149720	this	METHOD_PARAMETER_IN	0	
68719476951	logify/formatter/console.js	12	logify/formatter/console.js::program	_chalk	DIRECT	94489280592	_chalk	LOCAL	0	
68719476952	logify/formatter/console.js	14	logify/formatter/console.js::program	colors	DIRECT	94489280594	colors	LOCAL	0	
68719476953	logify/formatter/console.js	14	logify/formatter/console.js::program	process	DIRECT	94489280599	process	LOCAL	0	
68719476954	logify/formatter/console.js	16	logify/formatter/console.js::program	table	DIRECT	94489280595	table	LOCAL	0	
68719476956	logify/formatter/console.js	17	logify/formatter/console.js::program	_chalk2	DIRECT	94489280593	_chalk2	LOCAL	0	
68719476958	logify/formatter/console.js	18	logify/formatter/console.js::program	_chalk2	DIRECT	94489280593	_chalk2	LOCAL	0	
68719476960	logify/formatter/console.js	19	logify/formatter/console.js::program	_chalk2	DIRECT	94489280593	_chalk2	LOCAL	0	
68719476962	logify/formatter/console.js	20	logify/formatter/console.js::program	_chalk2	DIRECT	94489280593	_chalk2	LOCAL	0	
68719476964	logify/formatter/console.js	21	logify/formatter/console.js::program	_chalk2	DIRECT	94489280593	_chalk2	LOCAL	0	
68719476966	logify/formatter/console.js	22	logify/formatter/console.js::program	_chalk2	DIRECT	94489280593	_chalk2	LOCAL	0	
68719476968	logify/formatter/console.js	23	logify/formatter/console.js::program	_chalk2	DIRECT	94489280593	_chalk2	LOCAL	0	
68719476970	logify/formatter/console.js	39	logify/formatter/console.js::program	module	DIRECT	94489280598	module	LOCAL	0	
68719476971	logify/formatter/console.js	39	logify/formatter/console.js::program	exports	DIRECT	94489280597	exports	LOCAL	0	
68719476972	logify/formatter/json-line.js	15	logify/formatter/json-line.js::program:jsonLine	_json2	CAPTURED	94489280610	_json2	LOCAL	1	
68719476973	logify/formatter/json-line.js	15	logify/formatter/json-line.js::program:jsonLine	this	DIRECT	111669149721	this	METHOD_PARAMETER_IN	0	
68719476974	logify/formatter/json-line.js	15	logify/formatter/json-line.js::program:jsonLine	entry	DIRECT	111669149722	entry	METHOD_PARAMETER_IN	0	
68719476975	logify/formatter/json-line.js	14	logify/formatter/json-line.js::program	jsonLine	DIRECT	94489280606	jsonLine	LOCAL	0	
68719476976	logify/formatter/json-line.js	3	logify/formatter/json-line.js::program	_interopRequireDefault	DIRECT	94489280607	_interopRequireDefault	LOCAL	0	
68719476977	logify/formatter/json-line.js	3	logify/formatter/json-line.js::program	require	DIRECT	94489280613	require	LOCAL	0	
68719476978	logify/formatter/json-line.js	3	logify/formatter/json-line.js::program	this	DIRECT	111669149723	this	METHOD_PARAMETER_IN	0	
68719476979	logify/formatter/json-line.js	5	logify/formatter/json-line.js::program	exports	DIRECT	94489280611	exports	LOCAL	0	
68719476982	logify/formatter/json-line.js	8	logify/formatter/json-line.js::program	exports	DIRECT	94489280611	exports	LOCAL	0	
68719476983	logify/formatter/json-line.js	8	logify/formatter/json-line.js::program	jsonLine	DIRECT	94489280606	jsonLine	LOCAL	0	
68719476984	logify/formatter/json-line.js	10	logify/formatter/json-line.js::program	_json	DIRECT	94489280609	_json	LOCAL	0	
68719476985	logify/formatter/json-line.js	10	logify/formatter/json-line.js::program	require	DIRECT	94489280613	require	LOCAL	0	
68719476986	logify/formatter/json-line.js	10	logify/formatter/json-line.js::program	this	DIRECT	111669149723	this	METHOD_PARAMETER_IN	0	
68719476987	logify/formatter/json-line.js	12	logify/formatter/json-line.js::program	_json2	DIRECT	94489280610	_json2	LOCAL	0	
68719476988	logify/formatter/json-line.js	12	logify/formatter/json-line.js::program	_interopRequireDefault	DIRECT	94489280607	_interopRequireDefault	LOCAL	0	
68719476989	logify/formatter/json-line.js	12	logify/formatter/json-line.js::program	this	DIRECT	111669149723	this	METHOD_PARAMETER_IN	0	
68719476990	logify/formatter/json-line.js	12	logify/formatter/json-line.js::program	_json	DIRECT	94489280609	_json	LOCAL	0	
68719476991	logify/formatter/json-line.js	18	logify/formatter/json-line.js::program	module	DIRECT	94489280612	module	LOCAL	0	
68719476992	logify/formatter/json-line.js	18	logify/formatter/json-line.js::program	exports	DIRECT	94489280611	exports	LOCAL	0	
68719476993	logify/formatter/json.js	9	logify/formatter/json.js::program:detect:<lambda>0	visited	CAPTURED	94489280616	visited	LOCAL	1	
68719476994	logify/formatter/json.js	9	logify/formatter/json.js::program:detect:<lambda>0	visited	CAPTURED	94489280616	visited	LOCAL	1	
68719476995	logify/formatter/json.js	9	logify/formatter/json.js::program:detect:<lambda>0	this	DIRECT	111669149724	this	METHOD_PARAMETER_IN	0	
68719476996	logify/formatter/json.js	9	logify/formatter/json.js::program:detect:<lambda>0	key	DIRECT	111669149725	key	METHOD_PARAMETER_IN	0	
68719476997	logify/formatter/json.js	12	logify/formatter/json.js::program:detect:<lambda>0	visited	CAPTURED	94489280616	visited	LOCAL	1	
68719476998	logify/formatter/json.js	12	logify/formatter/json.js::program:detect:<lambda>0	visited	CAPTURED	94489280616	visited	LOCAL	1	
68719476999	logify/formatter/json.js	12	logify/formatter/json.js::program:detect:<lambda>0	this	DIRECT	111669149724	this	METHOD_PARAMETER_IN	0	
68719477000	logify/formatter/json.js	13	logify/formatter/json.js::program:detect:<lambda>0	visited	CAPTURED	94489280616	visited	LOCAL	1	
68719477001	logify/formatter/json.js	13	logify/formatter/json.js::program:detect:<lambda>0	visited	CAPTURED	94489280616	visited	LOCAL	1	
68719477002	logify/formatter/json.js	13	logify/formatter/json.js::program:detect:<lambda>0	this	DIRECT	111669149724	this	METHOD_PARAMETER_IN	0	
68719477003	logify/formatter/json.js	15	logify/formatter/json.js::program:detect:<lambda>0	value	DIRECT	111669149726	value	METHOD_PARAMETER_IN	0	
68719477004	logify/formatter/json.js	7	logify/formatter/json.js::program:detect	visited	DIRECT	94489280616	visited	LOCAL	0	
68719477005	logify/formatter/json.js	20	logify/formatter/json.js::program:<lambda>1	entry	DIRECT	111669149729	entry	METHOD_PARAMETER_IN	0	
68719477006	logify/formatter/json.js	20	logify/formatter/json.js::program:<lambda>1	detect	CAPTURED	94489280615	detect	LOCAL	1	
68719477007	logify/formatter/json.js	20	logify/formatter/json.js::program:<lambda>1	this	DIRECT	111669149728	this	METHOD_PARAMETER_IN	0	
68719477008	logify/formatter/json.js	6	logify/formatter/json.js::program	detect	DIRECT	94489280615	detect	LOCAL	0	
68719477009	logify/formatter/json.js	3	logify/formatter/json.js::program	exports	DIRECT	94489280618	exports	LOCAL	0	
68719477012	logify/formatter/json.js	19	logify/formatter/json.js::program	exports	DIRECT	94489280618	exports	LOCAL	0	
68719477013	logify/formatter/json.js	23	logify/formatter/json.js::program	module	DIRECT	94489280619	module	LOCAL	0	
68719477014	logify/formatter/json.js	23	logify/formatter/json.js::program	exports	DIRECT	94489280618	exports	LOCAL	0	
68719477015	logify/index.js	41	logify/index.js::program:<lambda>0:Logger	context	DIRECT	111669149732	context	METHOD_PARAMETER_IN	0	
68719477016	logify/index.js	41	logify/index.js::program:<lambda>0:Logger	undefined	DIRECT	94489280705	undefined	LOCAL	0	
68719477017	logify/index.js	41	logify/index.js::program:<lambda>0:Logger	context	DIRECT	111669149732	context	METHOD_PARAMETER_IN	0	
68719477019	logify/index.js	43	logify/index.js::program:<lambda>0:Logger	_classCallCheck	CAPTURED	94489280623	_classCallCheck	LOCAL	2	
68719477020	logify/index.js	43	logify/index.js::program:<lambda>0:Logger	this	DIRECT	111669149731	this	METHOD_PARAMETER_IN	0	
68719477021	logify/index.js	43	logify/index.js::program:<lambda>0:Logger	this	DIRECT	111669149731	this	METHOD_PARAMETER_IN	0	
68719477022	logify/index.js	43	logify/index.js::program:<lambda>0:Logger	Logger	CAPTURED	94489280641	Logger	LOCAL	1	
68719477023	logify/index.js	45	logify/index.js::program:<lambda>0:Logger	this	DIRECT	111669149731	this	METHOD_PARAMETER_IN	0	
68719477024	logify/index.js	45	logify/index.js::program:<lambda>0:Logger	context	DIRECT	111669149732	context	METHOD_PARAMETER_IN	0	
68719477025	logify/index.js	46	logify/index.js::program:<lambda>0:Logger	this	DIRECT	111669149731	this	METHOD_PARAMETER_IN	0	
68719477026	logify/index.js	46	logify/index.js::program:<lambda>0:Logger	parent	DIRECT	111669149733	parent	METHOD_PARAMETER_IN	0	
68719477027	logify/index.js	47	logify/index.js::program:<lambda>0:Logger	this	DIRECT	111669149731	this	METHOD_PARAMETER_IN	0	
68719477028	logify/index.js	48	logify/index.js::program:<lambda>0:Logger	this	DIRECT	111669149731	this	METHOD_PARAMETER_IN	0	
68719477029	logify/index.js	48	logify/index.js::program:<lambda>0:Logger	parent	DIRECT	111669149733	parent	METHOD_PARAMETER_IN	0	
68719477030	logify/index.js	48	logify/index.js::program:<lambda>0:Logger	parent	DIRECT	111669149733	parent	METHOD_PARAMETER_IN	0	
68719477031	logify/index.js	49	logify/index.js::program:<lambda>0:Logger	context	DIRECT	111669149732	context	METHOD_PARAMETER_IN	0	
68719477032	logify/index.js	49	logify/index.js::program:<lambda>0:Logger	process	DIRECT	94489280698	process	LOCAL	0	
68719477033	logify/index.js	50	logify/index.js::program:<lambda>0:Logger	context	DIRECT	111669149732	context	METHOD_PARAMETER_IN	0	
68719477034	logify/index.js	50	logify/index.js::program:<lambda>0:Logger	_tmp_1	DIRECT	94489280699	_tmp_1	LOCAL	0	
68719477035	logify/index.js	50	logify/index.js::program:<lambda>0:Logger	_os2	CAPTURED	94489280629	_os2	LOCAL	2	
68719477036	logify/index.js	50	logify/index.js::program:<lambda>0:Logger	_tmp_1	DIRECT	94489280699	_tmp_1	LOCAL	0	
68719477037	logify/index.js	51	logify/index.js::program:<lambda>0:Logger	context	DIRECT	111669149732	context	METHOD_PARAMETER_IN	0	
68719477038	logify/index.js	51	logify/index.js::program:<lambda>0:Logger	process	DIRECT	94489280698	process	LOCAL	0	
68719477039	logify/index.js	52	logify/index.js::program:<lambda>0:Logger	context	DIRECT	111669149732	context	METHOD_PARAMETER_IN	0	
68719477040	logify/index.js	52	logify/index.js::program:<lambda>0:Logger	process	DIRECT	94489280698	process	LOCAL	0	
68719477041	logify/index.js	54	logify/index.js::program:<lambda>0:Logger	this	DIRECT	111669149731	this	METHOD_PARAMETER_IN	0	
68719477042	logify/index.js	55	logify/index.js::program:<lambda>0:Logger	_tmp_2	DIRECT	94489280692	_tmp_2	LOCAL	0	
68719477043	logify/index.js	55	logify/index.js::program:<lambda>0:Logger	_tmp_3	DIRECT	94489280695	_tmp_3	LOCAL	0	
68719477044	logify/index.js	55	logify/index.js::program:<lambda>0:Logger	this	DIRECT	111669149731	this	METHOD_PARAMETER_IN	0	
68719477045	logify/index.js	55	logify/index.js::program:<lambda>0:Logger	this	DIRECT	111669149731	this	METHOD_PARAMETER_IN	0	
68719477046	logify/index.js	55	logify/index.js::program:<lambda>0:Logger	_serializerError2	CAPTURED	94489280631	_serializerError2	LOCAL	2	
68719477047	logify/index.js	55	logify/index.js::program:<lambda>0:Logger	_tmp_3	DIRECT	94489280695	_tmp_3	LOCAL	0	
68719477048	logify/index.js	55	logify/index.js::program:<lambda>0:Logger	_serializerReq2	CAPTURED	94489280633	_serializerReq2	LOCAL	2	
68719477049	logify/index.js	55	logify/index.js::program:<lambda>0:Logger	_tmp_2	DIRECT	94489280692	_tmp_2	LOCAL	0	
68719477050	logify/index.js	55	logify/index.js::program:<lambda>0:Logger	_serializerRes2	CAPTURED	94489280635	_serializerRes2	LOCAL	2	
68719477051	logify/index.js	62	logify/index.js::program:<lambda>0:value	this	DIRECT	111669149734	this	METHOD_PARAMETER_IN	0	
68719477052	logify/index.js	63	logify/index.js::program:<lambda>0:value	entry	DIRECT	111669149735	entry	METHOD_PARAMETER_IN	0	
68719477053	logify/index.js	63	logify/index.js::program:<lambda>0:value	_tmp_6	DIRECT	94489280687	_tmp_6	LOCAL	0	
68719477054	logify/index.js	63	logify/index.js::program:<lambda>0:value	this	DIRECT	111669149734	this	METHOD_PARAMETER_IN	0	
68719477055	logify/index.js	63	logify/index.js::program:<lambda>0:value	_tmp_6	DIRECT	94489280687	_tmp_6	LOCAL	0	
68719477056	logify/index.js	63	logify/index.js::program:<lambda>0:value	entry	DIRECT	111669149735	entry	METHOD_PARAMETER_IN	0	
68719477057	logify/index.js	65	logify/index.js::program:<lambda>0:value	_iteratorNormalCompletion	AMBIGUOUS					MULTIPLE_LIVE_ASSIGNMENTS_TO_RESOLVED_LOCAL
68719477058	logify/index.js	66	logify/index.js::program:<lambda>0:value	_didIteratorError	AMBIGUOUS					MULTIPLE_LIVE_ASSIGNMENTS_TO_RESOLVED_LOCAL
68719477059	logify/index.js	67	logify/index.js::program:<lambda>0:value	_iteratorError	AMBIGUOUS					MULTIPLE_LIVE_ASSIGNMENTS_TO_RESOLVED_LOCAL
68719477060	logify/index.js	67	logify/index.js::program:<lambda>0:value	undefined	DIRECT	94489280686	undefined	LOCAL	0	
68719477061	logify/index.js	70	logify/index.js::program:<lambda>0:value	_iterator	DIRECT	94489280648	_iterator	LOCAL	0	
68719477062	logify/index.js	70	logify/index.js::program:<lambda>0:value	_getIterator	CAPTURED	94489280624	_getIterator	LOCAL	2	
68719477063	logify/index.js	70	logify/index.js::program:<lambda>0:value	this	DIRECT	111669149734	this	METHOD_PARAMETER_IN	0	
68719477064	logify/index.js	70	logify/index.js::program:<lambda>0:value	this	DIRECT	111669149734	this	METHOD_PARAMETER_IN	0	
68719477065	logify/index.js	70	logify/index.js::program:<lambda>0:value	_iteratorNormalCompletion	AMBIGUOUS					MULTIPLE_LIVE_ASSIGNMENTS_TO_RESOLVED_LOCAL
68719477066	logify/index.js	70	logify/index.js::program:<lambda>0:value	_step	DIRECT	94489280649	_step	LOCAL	0	
68719477067	logify/index.js	70	logify/index.js::program:<lambda>0:value	_iterator	DIRECT	94489280648	_iterator	LOCAL	0	
68719477068	logify/index.js	70	logify/index.js::program:<lambda>0:value	_iterator	DIRECT	94489280648	_iterator	LOCAL	0	
68719477069	logify/index.js	70	logify/index.js::program:<lambda>0:value	_iteratorNormalCompletion	AMBIGUOUS					MULTIPLE_LIVE_ASSIGNMENTS_TO_RESOLVED_LOCAL
68719477070	logify/index.js	71	logify/index.js::program:<lambda>0:value	serializer	DIRECT	94489280650	serializer	LOCAL	0	
68719477071	logify/index.js	71	logify/index.js::program:<lambda>0:value	_step	DIRECT	94489280649	_step	LOCAL	0	
68719477072	logify/index.js	73	logify/index.js::program:<lambda>0:value	entry	DIRECT	111669149735	entry	METHOD_PARAMETER_IN	0	
68719477073	logify/index.js	73	logify/index.js::program:<lambda>0:value	serializer	DIRECT	94489280650	serializer	LOCAL	0	
68719477074	logify/index.js	73	logify/index.js::program:<lambda>0:value	this	DIRECT	111669149734	this	METHOD_PARAMETER_IN	0	
68719477075	logify/index.js	73	logify/index.js::program:<lambda>0:value	entry	DIRECT	111669149735	entry	METHOD_PARAMETER_IN	0	
68719477076	logify/index.js	75	logify/index.js::program:<lambda>0:value	err	DIRECT	94489280683	err	LOCAL	0	
68719477077	logify/index.js	76	logify/index.js::program:<lambda>0:value	_didIteratorError	AMBIGUOUS					MULTIPLE_LIVE_ASSIGNMENTS_TO_RESOLVED_LOCAL
68719477078	logify/index.js	77	logify/index.js::program:<lambda>0:value	_iteratorError	AMBIGUOUS					MULTIPLE_LIVE_ASSIGNMENTS_TO_RESOLVED_LOCAL
68719477079	logify/index.js	77	logify/index.js::program:<lambda>0:value	err	DIRECT	94489280683	err	LOCAL	0	
68719477080	logify/index.js	80	logify/index.js::program:<lambda>0:value	_iteratorNormalCompletion	AMBIGUOUS					MULTIPLE_LIVE_ASSIGNMENTS_TO_RESOLVED_LOCAL
68719477081	logify/index.js	80	logify/index.js::program:<lambda>0:value	_iterator	DIRECT	94489280648	_iterator	LOCAL	0	
68719477082	logify/index.js	81	logify/index.js::program:<lambda>0:value	_iterator	DIRECT	94489280648	_iterator	LOCAL	0	
68719477083	logify/index.js	81	logify/index.js::program:<lambda>0:value	_iterator	DIRECT	94489280648	_iterator	LOCAL	0	
68719477084	logify/index.js	84	logify/index.js::program:<lambda>0:value	_didIteratorError	AMBIGUOUS					MULTIPLE_LIVE_ASSIGNMENTS_TO_RESOLVED_LOCAL
68719477085	logify/index.js	85	logify/index.js::program:<lambda>0:value	_iteratorError	AMBIGUOUS					MULTIPLE_LIVE_ASSIGNMENTS_TO_RESOLVED_LOCAL
68719477086	logify/index.js	90	logify/index.js::program:<lambda>0:value	entry	DIRECT	111669149735	entry	METHOD_PARAMETER_IN	0	
68719477087	logify/index.js	97	logify/index.js::program:<lambda>0:log:<lambda>1	transport	DIRECT	111669149737	transport	METHOD_PARAMETER_IN	0	
68719477088	logify/index.js	97	logify/index.js::program:<lambda>0:log:<lambda>1	this	DIRECT	111669149736	this	METHOD_PARAMETER_IN	0	
68719477089	logify/index.js	97	logify/index.js::program:<lambda>0:log:<lambda>1	entry	CAPTURED	111669149739	entry	METHOD_PARAMETER_IN	1	
68719477090	logify/index.js	95	logify/index.js::program:<lambda>0:value	entry	DIRECT	111669149739	entry	METHOD_PARAMETER_IN	0	
68719477091	logify/index.js	95	logify/index.js::program:<lambda>0:value	this	DIRECT	111669149738	this	METHOD_PARAMETER_IN	0	
68719477092	logify/index.js	95	logify/index.js::program:<lambda>0:value	this	DIRECT	111669149738	this	METHOD_PARAMETER_IN	0	
68719477093	logify/index.js	95	logify/index.js::program:<lambda>0:value	entry	DIRECT	111669149739	entry	METHOD_PARAMETER_IN	0	
68719477094	logify/index.js	96	logify/index.js::program:<lambda>0:value	_Promise	CAPTURED	94489280625	_Promise	LOCAL	2	
68719477095	logify/index.js	96	logify/index.js::program:<lambda>0:value	_Promise	CAPTURED	94489280625	_Promise	LOCAL	2	
68719477096	logify/index.js	96	logify/index.js::program:<lambda>0:value	_tmp_8	DIRECT	94489280680	_tmp_8	LOCAL	0	
68719477097	logify/index.js	96	logify/index.js::program:<lambda>0:value	this	DIRECT	111669149738	this	METHOD_PARAMETER_IN	0	
68719477098	logify/index.js	96	logify/index.js::program:<lambda>0:value	_tmp_8	DIRECT	94489280680	_tmp_8	LOCAL	0	
68719477099	logify/index.js	108	logify/index.js::program:<lambda>0:transform:<lambda>2	entry	DIRECT	111669149741	entry	METHOD_PARAMETER_IN	0	
68719477100	logify/index.js	108	logify/index.js::program:<lambda>0:transform:<lambda>2	field	CAPTURED	111669149745	field	METHOD_PARAMETER_IN	1	
68719477101	logify/index.js	108	logify/index.js::program:<lambda>0:transform:<lambda>2	fn	CAPTURED	111669149746	fn	METHOD_PARAMETER_IN	1	
68719477102	logify/index.js	108	logify/index.js::program:<lambda>0:transform:<lambda>2	this	DIRECT	111669149740	this	METHOD_PARAMETER_IN	0	
68719477103	logify/index.js	108	logify/index.js::program:<lambda>0:transform:<lambda>2	entry	DIRECT	111669149741	entry	METHOD_PARAMETER_IN	0	
68719477104	logify/index.js	108	logify/index.js::program:<lambda>0:transform:<lambda>2	field	CAPTURED	111669149745	field	METHOD_PARAMETER_IN	1	
68719477105	logify/index.js	109	logify/index.js::program:<lambda>0:transform:<lambda>2	entry	DIRECT	111669149741	entry	METHOD_PARAMETER_IN	0	
68719477106	logify/index.js	113	logify/index.js::program:<lambda>0:transform:<lambda>3	entry	DIRECT	111669149743	entry	METHOD_PARAMETER_IN	0	
68719477107	logify/index.js	113	logify/index.js::program:<lambda>0:transform:<lambda>3	field	CAPTURED	111669149745	field	METHOD_PARAMETER_IN	1	
68719477108	logify/index.js	114	logify/index.js::program:<lambda>0:transform:<lambda>3	entry	DIRECT	111669149743	entry	METHOD_PARAMETER_IN	0	
68719477109	logify/index.js	114	logify/index.js::program:<lambda>0:transform:<lambda>3	field	CAPTURED	111669149745	field	METHOD_PARAMETER_IN	1	
68719477110	logify/index.js	114	logify/index.js::program:<lambda>0:transform:<lambda>3	fn	CAPTURED	111669149746	fn	METHOD_PARAMETER_IN	1	
68719477111	logify/index.js	114	logify/index.js::program:<lambda>0:transform:<lambda>3	this	DIRECT	111669149742	this	METHOD_PARAMETER_IN	0	
68719477112	logify/index.js	114	logify/index.js::program:<lambda>0:transform:<lambda>3	entry	DIRECT	111669149743	entry	METHOD_PARAMETER_IN	0	
68719477113	logify/index.js	114	logify/index.js::program:<lambda>0:transform:<lambda>3	field	CAPTURED	111669149745	field	METHOD_PARAMETER_IN	1	
68719477114	logify/index.js	116	logify/index.js::program:<lambda>0:transform:<lambda>3	entry	DIRECT	111669149743	entry	METHOD_PARAMETER_IN	0	
68719477115	logify/index.js	103	logify/index.js::program:<lambda>0:value	field	DIRECT	111669149745	field	METHOD_PARAMETER_IN	0	
68719477116	logify/index.js	104	logify/index.js::program:<lambda>0:value	_tmp_10	DIRECT	94489280678	_tmp_10	LOCAL	0	
68719477117	logify/index.js	104	logify/index.js::program:<lambda>0:value	this	DIRECT	111669149744	this	METHOD_PARAMETER_IN	0	
68719477118	logify/index.js	104	logify/index.js::program:<lambda>0:value	_tmp_10	DIRECT	94489280678	_tmp_10	LOCAL	0	
68719477119	logify/index.js	104	logify/index.js::program:<lambda>0:value	field	DIRECT	111669149745	field	METHOD_PARAMETER_IN	0	
68719477120	logify/index.js	105	logify/index.js::program:<lambda>0:value	this	DIRECT	111669149744	this	METHOD_PARAMETER_IN	0	
68719477121	logify/index.js	106	logify/index.js::program:<lambda>0:value	always	DIRECT	111669149747	always	METHOD_PARAMETER_IN	0	
68719477122	logify/index.js	107	logify/index.js::program:<lambda>0:value	_tmp_11	DIRECT	94489280677	_tmp_11	LOCAL	0	
68719477123	logify/index.js	107	logify/index.js::program:<lambda>0:value	this	DIRECT	111669149744	this	METHOD_PARAMETER_IN	0	
68719477124	logify/index.js	107	logify/index.js::program:<lambda>0:value	_tmp_11	DIRECT	94489280677	_tmp_11	LOCAL	0	
68719477125	logify/index.js	112	logify/index.js::program:<lambda>0:value	_tmp_12	DIRECT	94489280674	_tmp_12	LOCAL	0	
68719477126	logify/index.js	112	logify/index.js::program:<lambda>0:value	this	DIRECT	111669149744	this	METHOD_PARAMETER_IN	0	
68719477127	logify/index.js	112	logify/index.js::program:<lambda>0:value	_tmp_12	DIRECT	94489280674	_tmp_12	LOCAL	0	
68719477128	logify/index.js	119	logify/index.js::program:<lambda>0:value	this	DIRECT	111669149744	this	METHOD_PARAMETER_IN	0	
68719477129	logify/index.js	124	logify/index.js::program:<lambda>0:value	_tmp_14	DIRECT	94489280671	_tmp_14	LOCAL	0	
68719477130	logify/index.js	124	logify/index.js::program:<lambda>0:value	this	DIRECT	111669149748	this	METHOD_PARAMETER_IN	0	
68719477131	logify/index.js	124	logify/index.js::program:<lambda>0:value	_tmp_14	DIRECT	94489280671	_tmp_14	LOCAL	0	
68719477132	logify/index.js	124	logify/index.js::program:<lambda>0:value	transport	DIRECT	111669149749	transport	METHOD_PARAMETER_IN	0	
68719477133	logify/index.js	125	logify/index.js::program:<lambda>0:value	this	DIRECT	111669149748	this	METHOD_PARAMETER_IN	0	
68719477134	logify/index.js	130	logify/index.js::program:<lambda>0:value	logger	DIRECT	94489280655	logger	LOCAL	0	
68719477135	logify/index.js	130	logify/index.js::program:<lambda>0:value	_tmp_16	DIRECT	94489280670	_tmp_16	LOCAL	0	
68719477136	logify/index.js	130	logify/index.js::program:<lambda>0:value	Logger	CAPTURED	94489280641	Logger	LOCAL	1	
68719477138	logify/index.js	130	logify/index.js::program:<lambda>0:value	_libExtend2	CAPTURED	94489280637	_libExtend2	LOCAL	2	
68719477139	logify/index.js	130	logify/index.js::program:<lambda>0:value	this	DIRECT	111669149750	this	METHOD_PARAMETER_IN	0	
68719477141	logify/index.js	130	logify/index.js::program:<lambda>0:value	this	DIRECT	111669149750	this	METHOD_PARAMETER_IN	0	
68719477142	logify/index.js	130	logify/index.js::program:<lambda>0:value	context	DIRECT	111669149751	context	METHOD_PARAMETER_IN	0	
68719477143	logify/index.js	130	logify/index.js::program:<lambda>0:value	this	DIRECT	111669149750	this	METHOD_PARAMETER_IN	0	
68719477145	logify/index.js	131	logify/index.js::program:<lambda>0:value	logger	DIRECT	94489280655	logger	LOCAL	0	
68719477146	logify/index.js	136	logify/index.js::program:<lambda>0:value	this	DIRECT	111669149752	this	METHOD_PARAMETER_IN	0	
68719477147	logify/index.js	136	logify/index.js::program:<lambda>0:value	this	DIRECT	111669149752	this	METHOD_PARAMETER_IN	0	
68719477149	logify/index.js	137	logify/index.js::program:<lambda>0:value	this	DIRECT	111669149752	this	METHOD_PARAMETER_IN	0	
68719477150	logify/index.js	137	logify/index.js::program:<lambda>0:value	this	DIRECT	111669149752	this	METHOD_PARAMETER_IN	0	
68719477151	logify/index.js	137	logify/index.js::program:<lambda>0:value	name	DIRECT	111669149753	name	METHOD_PARAMETER_IN	0	
68719477152	logify/index.js	137	logify/index.js::program:<lambda>0:value	name	DIRECT	111669149753	name	METHOD_PARAMETER_IN	0	
68719477154	logify/index.js	143	logify/index.js::program:<lambda>0:value	plugin	DIRECT	111669149755	plugin	METHOD_PARAMETER_IN	0	
68719477155	logify/index.js	143	logify/index.js::program:<lambda>0:value	this	DIRECT	111669149754	this	METHOD_PARAMETER_IN	0	
68719477156	logify/index.js	143	logify/index.js::program:<lambda>0:value	this	DIRECT	111669149754	this	METHOD_PARAMETER_IN	0	
68719477157	logify/index.js	40	logify/index.js::program:<lambda>0	Logger	DIRECT	94489280641	Logger	LOCAL	0	
68719477158	logify/index.js	59	logify/index.js::program:<lambda>0	_createClass	CAPTURED	94489280622	_createClass	LOCAL	1	
68719477159	logify/index.js	59	logify/index.js::program:<lambda>0	this	DIRECT	111669149756	this	METHOD_PARAMETER_IN	0	
68719477160	logify/index.js	59	logify/index.js::program:<lambda>0	Logger	DIRECT	94489280641	Logger	LOCAL	0	
68719477161	logify/index.js	59	logify/index.js::program:<lambda>0	_tmp_4	DIRECT	94489280688	_tmp_4	LOCAL	0	
68719477198	logify/index.js	147	logify/index.js::program:<lambda>0	Logger	DIRECT	94489280641	Logger	LOCAL	0	
68719477199	logify/index.js	151	logify/index.js::program:<lambda>4	Logger	CAPTURED	94489280640	Logger	LOCAL	1	
68719477200	logify/index.js	151	logify/index.js::program:<lambda>4	level	DIRECT	111669149758	level	METHOD_PARAMETER_IN	0	
68719477201	logify/index.js	151	logify/index.js::program:<lambda>4	_libMakeLogLevel2	CAPTURED	94489280639	_libMakeLogLevel2	LOCAL	1	
68719477202	logify/index.js	151	logify/index.js::program:<lambda>4	this	DIRECT	111669149757	this	METHOD_PARAMETER_IN	0	
68719477203	logify/index.js	151	logify/index.js::program:<lambda>4	level	DIRECT	111669149758	level	METHOD_PARAMETER_IN	0	
68719477204	logify/index.js	3	logify/index.js::program	_createClass	DIRECT	94489280622	_createClass	LOCAL	0	
68719477205	logify/index.js	3	logify/index.js::program	require	DIRECT	94489280706	require	LOCAL	0	
68719477206	logify/index.js	3	logify/index.js::program	this	DIRECT	111669149759	this	METHOD_PARAMETER_IN	0	
68719477207	logify/index.js	5	logify/index.js::program	_classCallCheck	DIRECT	94489280623	_classCallCheck	LOCAL	0	
68719477208	logify/index.js	5	logify/index.js::program	require	DIRECT	94489280706	require	LOCAL	0	
68719477209	logify/index.js	5	logify/index.js::program	this	DIRECT	111669149759	this	METHOD_PARAMETER_IN	0	
68719477210	logify/index.js	7	logify/index.js::program	_getIterator	DIRECT	94489280624	_getIterator	LOCAL	0	
68719477211	logify/index.js	7	logify/index.js::program	require	DIRECT	94489280706	require	LOCAL	0	
68719477212	logify/index.js	7	logify/index.js::program	this	DIRECT	111669149759	this	METHOD_PARAMETER_IN	0	
68719477213	logify/index.js	9	logify/index.js::program	_Promise	DIRECT	94489280625	_Promise	LOCAL	0	
68719477214	logify/index.js	9	logify/index.js::program	require	DIRECT	94489280706	require	LOCAL	0	
68719477215	logify/index.js	9	logify/index.js::program	this	DIRECT	111669149759	this	METHOD_PARAMETER_IN	0	
68719477216	logify/index.js	11	logify/index.js::program	_interopRequireDefault	DIRECT	94489280626	_interopRequireDefault	LOCAL	0	
68719477217	logify/index.js	11	logify/index.js::program	require	DIRECT	94489280706	require	LOCAL	0	
68719477218	logify/index.js	11	logify/index.js::program	this	DIRECT	111669149759	this	METHOD_PARAMETER_IN	0	
68719477219	logify/index.js	13	logify/index.js::program	_util	DIRECT	94489280627	_util	LOCAL	0	
68719477220	logify/index.js	13	logify/index.js::program	require	DIRECT	94489280706	require	LOCAL	0	
68719477221	logify/index.js	13	logify/index.js::program	this	DIRECT	111669149759	this	METHOD_PARAMETER_IN	0	
68719477222	logify/index.js	15	logify/index.js::program	_os	DIRECT	94489280628	_os	LOCAL	0	
68719477223	logify/index.js	15	logify/index.js::program	require	DIRECT	94489280706	require	LOCAL	0	
68719477224	logify/index.js	15	logify/index.js::program	this	DIRECT	111669149759	this	METHOD_PARAMETER_IN	0	
68719477225	logify/index.js	17	logify/index.js::program	_os2	DIRECT	94489280629	_os2	LOCAL	0	
68719477226	logify/index.js	17	logify/index.js::program	_interopRequireDefault	DIRECT	94489280626	_interopRequireDefault	LOCAL	0	
68719477227	logify/index.js	17	logify/index.js::program	this	DIRECT	111669149759	this	METHOD_PARAMETER_IN	0	
68719477228	logify/index.js	17	logify/index.js::program	_os	DIRECT	94489280628	_os	LOCAL	0	
68719477229	logify/index.js	19	logify/index.js::program	_serializerError	DIRECT	94489280630	_serializerError	LOCAL	0	
68719477230	logify/index.js	19	logify/index.js::program	require	DIRECT	94489280706	require	LOCAL	0	
68719477231	logify/index.js	19	logify/index.js::program	this	DIRECT	111669149759	this	METHOD_PARAMETER_IN	0	
68719477232	logify/index.js	21	logify/index.js::program	_serializerError2	DIRECT	94489280631	_serializerError2	LOCAL	0	
68719477233	logify/index.js	21	logify/index.js::program	_interopRequireDefault	DIRECT	94489280626	_interopRequireDefault	LOCAL	0	
68719477234	logify/index.js	21	logify/index.js::program	this	DIRECT	111669149759	this	METHOD_PARAMETER_IN	0	
68719477235	logify/index.js	21	logify/index.js::program	_serializerError	DIRECT	94489280630	_serializerError	LOCAL	0	
68719477236	logify/index.js	23	logify/index.js::program	_serializerReq	DIRECT	94489280632	_serializerReq	LOCAL	0	
68719477237	logify/index.js	23	logify/index.js::program	require	DIRECT	94489280706	require	LOCAL	0	
68719477238	logify/index.js	23	logify/index.js::program	this	DIRECT	111669149759	this	METHOD_PARAMETER_IN	0	
68719477239	logify/index.js	25	logify/index.js::program	_serializerReq2	DIRECT	94489280633	_serializerReq2	LOCAL	0	
68719477240	logify/index.js	25	logify/index.js::program	_interopRequireDefault	DIRECT	94489280626	_interopRequireDefault	LOCAL	0	
68719477241	logify/index.js	25	logify/index.js::program	this	DIRECT	111669149759	this	METHOD_PARAMETER_IN	0	
68719477242	logify/index.js	25	logify/index.js::program	_serializerReq	DIRECT	94489280632	_serializerReq	LOCAL	0	
68719477243	logify/index.js	27	logify/index.js::program	_serializerRes	DIRECT	94489280634	_serializerRes	LOCAL	0	
68719477244	logify/index.js	27	logify/index.js::program	require	DIRECT	94489280706	require	LOCAL	0	
68719477245	logify/index.js	27	logify/index.js::program	this	DIRECT	111669149759	this	METHOD_PARAMETER_IN	0	
68719477246	logify/index.js	29	logify/index.js::program	_serializerRes2	DIRECT	94489280635	_serializerRes2	LOCAL	0	
68719477247	logify/index.js	29	logify/index.js::program	_interopRequireDefault	DIRECT	94489280626	_interopRequireDefault	LOCAL	0	
68719477248	logify/index.js	29	logify/index.js::program	this	DIRECT	111669149759	this	METHOD_PARAMETER_IN	0	
68719477249	logify/index.js	29	logify/index.js::program	_serializerRes	DIRECT	94489280634	_serializerRes	LOCAL	0	
68719477250	logify/index.js	31	logify/index.js::program	_libExtend	DIRECT	94489280636	_libExtend	LOCAL	0	
68719477251	logify/index.js	31	logify/index.js::program	require	DIRECT	94489280706	require	LOCAL	0	
68719477252	logify/index.js	31	logify/index.js::program	this	DIRECT	111669149759	this	METHOD_PARAMETER_IN	0	
68719477253	logify/index.js	33	logify/index.js::program	_libExtend2	DIRECT	94489280637	_libExtend2	LOCAL	0	
68719477254	logify/index.js	33	logify/index.js::program	_interopRequireDefault	DIRECT	94489280626	_interopRequireDefault	LOCAL	0	
68719477255	logify/index.js	33	logify/index.js::program	this	DIRECT	111669149759	this	METHOD_PARAMETER_IN	0	
68719477256	logify/index.js	33	logify/index.js::program	_libExtend	DIRECT	94489280636	_libExtend	LOCAL	0	
68719477257	logify/index.js	35	logify/index.js::program	_libMakeLogLevel	DIRECT	94489280638	_libMakeLogLevel	LOCAL	0	
68719477258	logify/index.js	35	logify/index.js::program	require	DIRECT	94489280706	require	LOCAL	0	
68719477259	logify/index.js	35	logify/index.js::program	this	DIRECT	111669149759	this	METHOD_PARAMETER_IN	0	
68719477260	logify/index.js	37	logify/index.js::program	_libMakeLogLevel2	DIRECT	94489280639	_libMakeLogLevel2	LOCAL	0	
68719477261	logify/index.js	37	logify/index.js::program	_interopRequireDefault	DIRECT	94489280626	_interopRequireDefault	LOCAL	0	
68719477262	logify/index.js	37	logify/index.js::program	this	DIRECT	111669149759	this	METHOD_PARAMETER_IN	0	
68719477263	logify/index.js	37	logify/index.js::program	_libMakeLogLevel	DIRECT	94489280638	_libMakeLogLevel	LOCAL	0	
68719477264	logify/index.js	39	logify/index.js::program	Logger	DIRECT	94489280640	Logger	LOCAL	0	
68719477265	logify/index.js	39	logify/index.js::program	this	DIRECT	111669149759	this	METHOD_PARAMETER_IN	0	
68719477266	logify/index.js	150	logify/index.js::program	_tmp_21	DIRECT	94489280665	_tmp_21	LOCAL	0	
68719477267	logify/index.js	150	logify/index.js::program	_tmp_22	DIRECT	94489280666	_tmp_22	LOCAL	0	
68719477283	logify/index.js	150	logify/index.js::program	_tmp_21	DIRECT	94489280665	_tmp_21	LOCAL	0	
68719477284	logify/index.js	154	logify/index.js::program	module	DIRECT	94489280662	module	LOCAL	0	
68719477285	logify/index.js	154	logify/index.js::program	Logger	DIRECT	94489280640	Logger	LOCAL	0	
68719477286	logify/lib/compose.js	11	logify/lib/compose.js::program:compose:<lambda>0	f	CAPTURED	111669149765	f	METHOD_PARAMETER_IN	1	
68719477287	logify/lib/compose.js	11	logify/lib/compose.js::program:compose:<lambda>0	this	DIRECT	111669149760	this	METHOD_PARAMETER_IN	0	
68719477288	logify/lib/compose.js	11	logify/lib/compose.js::program:compose:<lambda>0	g	CAPTURED	111669149766	g	METHOD_PARAMETER_IN	1	
68719477289	logify/lib/compose.js	11	logify/lib/compose.js::program:compose:<lambda>0	this	DIRECT	111669149760	this	METHOD_PARAMETER_IN	0	
68719477290	logify/lib/compose.js	11	logify/lib/compose.js::program:compose:<lambda>0	x	DIRECT	111669149761	x	METHOD_PARAMETER_IN	0	
68719477291	logify/lib/compose.js	15	logify/lib/compose.js::program:compose:<lambda>1	f	CAPTURED	111669149765	f	METHOD_PARAMETER_IN	1	
68719477292	logify/lib/compose.js	15	logify/lib/compose.js::program:compose:<lambda>1	this	DIRECT	111669149762	this	METHOD_PARAMETER_IN	0	
68719477293	logify/lib/compose.js	15	logify/lib/compose.js::program:compose:<lambda>1	g	CAPTURED	111669149766	g	METHOD_PARAMETER_IN	1	
68719477294	logify/lib/compose.js	15	logify/lib/compose.js::program:compose:<lambda>1	this	DIRECT	111669149762	this	METHOD_PARAMETER_IN	0	
68719477295	logify/lib/compose.js	15	logify/lib/compose.js::program:compose:<lambda>1	h	CAPTURED	111669149767	h	METHOD_PARAMETER_IN	1	
68719477296	logify/lib/compose.js	15	logify/lib/compose.js::program:compose:<lambda>1	this	DIRECT	111669149762	this	METHOD_PARAMETER_IN	0	
68719477297	logify/lib/compose.js	15	logify/lib/compose.js::program:compose:<lambda>1	x	DIRECT	111669149763	x	METHOD_PARAMETER_IN	0	
68719477298	logify/lib/compose.js	9	logify/lib/compose.js::program:compose	h	DIRECT	111669149767	h	METHOD_PARAMETER_IN	0	
68719477299	logify/lib/compose.js	8	logify/lib/compose.js::program	compose	DIRECT	94489280707	compose	LOCAL	0	
68719477300	logify/lib/compose.js	3	logify/lib/compose.js::program	exports	DIRECT	94489280709	exports	LOCAL	0	
68719477303	logify/lib/compose.js	6	logify/lib/compose.js::program	exports	DIRECT	94489280709	exports	LOCAL	0	
68719477304	logify/lib/compose.js	6	logify/lib/compose.js::program	compose	DIRECT	94489280707	compose	LOCAL	0	
68719477305	logify/lib/compose.js	19	logify/lib/compose.js::program	module	DIRECT	94489280710	module	LOCAL	0	
68719477306	logify/lib/compose.js	19	logify/lib/compose.js::program	exports	DIRECT	94489280709	exports	LOCAL	0	
68719477310	logify/lib/extend.js	11	logify/lib/extend.js::program:extend	_iteratorNormalCompletion	AMBIGUOUS					MULTIPLE_LIVE_ASSIGNMENTS_TO_RESOLVED_LOCAL
68719477311	logify/lib/extend.js	12	logify/lib/extend.js::program:extend	_didIteratorError	AMBIGUOUS					MULTIPLE_LIVE_ASSIGNMENTS_TO_RESOLVED_LOCAL
68719477312	logify/lib/extend.js	13	logify/lib/extend.js::program:extend	_iteratorError	AMBIGUOUS					MULTIPLE_LIVE_ASSIGNMENTS_TO_RESOLVED_LOCAL
68719477313	logify/lib/extend.js	13	logify/lib/extend.js::program:extend	undefined	DIRECT	94489280740	undefined	LOCAL	0	
68719477314	logify/lib/extend.js	16	logify/lib/extend.js::program:extend	_len	DIRECT	94489280720	_len	LOCAL	0	
68719477315	logify/lib/extend.js	16	logify/lib/extend.js::program:extend	arguments	DIRECT	94489280739	arguments	LOCAL	0	
68719477316	logify/lib/extend.js	16	logify/lib/extend.js::program:extend	srcs	DIRECT	94489280721	srcs	LOCAL	0	
68719477317	logify/lib/extend.js	16	logify/lib/extend.js::program:extend	_len	DIRECT	94489280720	_len	LOCAL	0	
68719477318	logify/lib/extend.js	16	logify/lib/extend.js::program:extend	_len	DIRECT	94489280720	_len	LOCAL	0	
68719477319	logify/lib/extend.js	16	logify/lib/extend.js::program:extend	_key	DIRECT	94489280722	_key	LOCAL	0	
68719477320	logify/lib/extend.js	16	logify/lib/extend.js::program:extend	_key	DIRECT	94489280722	_key	LOCAL	0	
68719477321	logify/lib/extend.js	16	logify/lib/extend.js::program:extend	_len	DIRECT	94489280720	_len	LOCAL	0	
68719477322	logify/lib/extend.js	16	logify/lib/extend.js::program:extend	_key	DIRECT	94489280722	_key	LOCAL	0	
68719477323	logify/lib/extend.js	17	logify/lib/extend.js::program:extend	srcs	DIRECT	94489280721	srcs	LOCAL	0	
68719477324	logify/lib/extend.js	17	logify/lib/extend.js::program:extend	_key	DIRECT	94489280722	_key	LOCAL	0	
68719477325	logify/lib/extend.js	17	logify/lib/extend.js::program:extend	arguments	DIRECT	94489280739	arguments	LOCAL	0	
68719477326	logify/lib/extend.js	17	logify/lib/extend.js::program:extend	_key	DIRECT	94489280722	_key	LOCAL	0	
68719477327	logify/lib/extend.js	20	logify/lib/extend.js::program:extend	_iterator	DIRECT	94489280723	_iterator	LOCAL	0	
68719477328	logify/lib/extend.js	20	logify/lib/extend.js::program:extend	_getIterator	CAPTURED	94489280729	_getIterator	LOCAL	1	
68719477329	logify/lib/extend.js	20	logify/lib/extend.js::program:extend	this	DIRECT	111669149769	this	METHOD_PARAMETER_IN	0	
68719477330	logify/lib/extend.js	20	logify/lib/extend.js::program:extend	srcs	DIRECT	94489280721	srcs	LOCAL	0	
68719477331	logify/lib/extend.js	20	logify/lib/extend.js::program:extend	_iteratorNormalCompletion	AMBIGUOUS					MULTIPLE_LIVE_ASSIGNMENTS_TO_RESOLVED_LOCAL
68719477332	logify/lib/extend.js	20	logify/lib/extend.js::program:extend	_step	DIRECT	94489280724	_step	LOCAL	0	
68719477333	logify/lib/extend.js	20	logify/lib/extend.js::program:extend	_iterator	DIRECT	94489280723	_iterator	LOCAL	0	
68719477334	logify/lib/extend.js	20	logify/lib/extend.js::program:extend	_iterator	DIRECT	94489280723	_iterator	LOCAL	0	
68719477335	logify/lib/extend.js	20	logify/lib/extend.js::program:extend	_iteratorNormalCompletion	AMBIGUOUS					MULTIPLE_LIVE_ASSIGNMENTS_TO_RESOLVED_LOCAL
68719477336	logify/lib/extend.js	21	logify/lib/extend.js::program:extend	src	DIRECT	94489280725	src	LOCAL	0	
68719477337	logify/lib/extend.js	21	logify/lib/extend.js::program:extend	_step	DIRECT	94489280724	_step	LOCAL	0	
68719477338	logify/lib/extend.js	23	logify/lib/extend.js::program:extend	_iterator_0	DIRECT	94489280737	_iterator_0	LOCAL	0	
68719477339	logify/lib/extend.js	23	logify/lib/extend.js::program:extend	src	DIRECT	94489280725	src	LOCAL	0	
68719477340	logify/lib/extend.js	23	logify/lib/extend.js::program:extend	_result_0	DIRECT	94489280736	_result_0	LOCAL	0	
68719477341	logify/lib/extend.js	23	logify/lib/extend.js::program:extend	key	DIRECT	94489280735	key	LOCAL	0	
68719477344	logify/lib/extend.js	24	logify/lib/extend.js::program:extend	target	DIRECT	111669149770	target	METHOD_PARAMETER_IN	0	
68719477345	logify/lib/extend.js	24	logify/lib/extend.js::program:extend	key	DIRECT	94489280735	key	LOCAL	0	
68719477346	logify/lib/extend.js	24	logify/lib/extend.js::program:extend	src	DIRECT	94489280725	src	LOCAL	0	
68719477347	logify/lib/extend.js	24	logify/lib/extend.js::program:extend	key	DIRECT	94489280735	key	LOCAL	0	
68719477348	logify/lib/extend.js	27	logify/lib/extend.js::program:extend	err	DIRECT	94489280734	err	LOCAL	0	
68719477349	logify/lib/extend.js	28	logify/lib/extend.js::program:extend	_didIteratorError	AMBIGUOUS					MULTIPLE_LIVE_ASSIGNMENTS_TO_RESOLVED_LOCAL
68719477350	logify/lib/extend.js	29	logify/lib/extend.js::program:extend	_iteratorError	AMBIGUOUS					MULTIPLE_LIVE_ASSIGNMENTS_TO_RESOLVED_LOCAL
68719477351	logify/lib/extend.js	29	logify/lib/extend.js::program:extend	err	DIRECT	94489280734	err	LOCAL	0	
68719477352	logify/lib/extend.js	32	logify/lib/extend.js::program:extend	_iteratorNormalCompletion	AMBIGUOUS					MULTIPLE_LIVE_ASSIGNMENTS_TO_RESOLVED_LOCAL
68719477353	logify/lib/extend.js	32	logify/lib/extend.js::program:extend	_iterator	DIRECT	94489280723	_iterator	LOCAL	0	
68719477354	logify/lib/extend.js	33	logify/lib/extend.js::program:extend	_iterator	DIRECT	94489280723	_iterator	LOCAL	0	
68719477355	logify/lib/extend.js	33	logify/lib/extend.js::program:extend	_iterator	DIRECT	94489280723	_iterator	LOCAL	0	
68719477356	logify/lib/extend.js	36	logify/lib/extend.js::program:extend	_didIteratorError	AMBIGUOUS					MULTIPLE_LIVE_ASSIGNMENTS_TO_RESOLVED_LOCAL
68719477357	logify/lib/extend.js	37	logify/lib/extend.js::program:extend	_iteratorError	AMBIGUOUS					MULTIPLE_LIVE_ASSIGNMENTS_TO_RESOLVED_LOCAL
68719477358	logify/lib/extend.js	42	logify/lib/extend.js::program:extend	target	DIRECT	111669149770	target	METHOD_PARAMETER_IN	0	
68719477359	logify/lib/extend.js	10	logify/lib/extend.js::program	extend	DIRECT	94489280716	extend	LOCAL	0	
68719477360	logify/lib/extend.js	3	logify/lib/extend.js::program	_getIterator	DIRECT	94489280729	_getIterator	LOCAL	0	
68719477361	logify/lib/extend.js	3	logify/lib/extend.js::program	require	DIRECT	94489280733	require	LOCAL	0	
68719477362	logify/lib/extend.js	3	logify/lib/extend.js::program	this	DIRECT	111669149771	this	METHOD_PARAMETER_IN	0	
68719477363	logify/lib/extend.js	5	logify/lib/extend.js::program	exports	DIRECT	94489280731	exports	LOCAL	0	
68719477366	logify/lib/extend.js	8	logify/lib/extend.js::program	exports	DIRECT	94489280731	exports	LOCAL	0	
68719477367	logify/lib/extend.js	8	logify/lib/extend.js::program	extend	DIRECT	94489280716	extend	LOCAL	0	
68719477368	logify/lib/extend.js	45	logify/lib/extend.js::program	module	DIRECT	94489280732	module	LOCAL	0	
68719477369	logify/lib/extend.js	45	logify/lib/extend.js::program	exports	DIRECT	94489280731	exports	LOCAL	0	
68719477370	logify/lib/id.js	9	logify/lib/id.js::program:id	x	DIRECT	111669149773	x	METHOD_PARAMETER_IN	0	
68719477371	logify/lib/id.js	8	logify/lib/id.js::program	id	DIRECT	94489280741	id	LOCAL	0	
68719477372	logify/lib/id.js	3	logify/lib/id.js::program	exports	DIRECT	94489280743	exports	LOCAL	0	
68719477375	logify/lib/id.js	6	logify/lib/id.js::program	exports	DIRECT	94489280743	exports	LOCAL	0	
68719477376	logify/lib/id.js	6	logify/lib/id.js::program	id	DIRECT	94489280741	id	LOCAL	0	
68719477377	logify/lib/id.js	12	logify/lib/id.js::program	module	DIRECT	94489280744	module	LOCAL	0	
68719477378	logify/lib/id.js	12	logify/lib/id.js::program	exports	DIRECT	94489280743	exports	LOCAL	0	
68719477379	logify/lib/make-log-level.js	20	logify/lib/make-log-level.js::program:makeLogger:log	_len	DIRECT	94489280746	_len	LOCAL	0	
68719477380	logify/lib/make-log-level.js	20	logify/lib/make-log-level.js::program:makeLogger:log	arguments	DIRECT	94489280777	arguments	LOCAL	0	
68719477381	logify/lib/make-log-level.js	20	logify/lib/make-log-level.js::program:makeLogger:log	args	AMBIGUOUS					MULTIPLE_LIVE_ASSIGNMENTS_TO_RESOLVED_LOCAL
68719477382	logify/lib/make-log-level.js	20	logify/lib/make-log-level.js::program:makeLogger:log	_len	DIRECT	94489280746	_len	LOCAL	0	
68719477383	logify/lib/make-log-level.js	20	logify/lib/make-log-level.js::program:makeLogger:log	_len	DIRECT	94489280746	_len	LOCAL	0	
68719477384	logify/lib/make-log-level.js	20	logify/lib/make-log-level.js::program:makeLogger:log	_key	DIRECT	94489280748	_key	LOCAL	0	
68719477385	logify/lib/make-log-level.js	20	logify/lib/make-log-level.js::program:makeLogger:log	_key	DIRECT	94489280748	_key	LOCAL	0	
68719477386	logify/lib/make-log-level.js	20	logify/lib/make-log-level.js::program:makeLogger:log	_len	DIRECT	94489280746	_len	LOCAL	0	
68719477387	logify/lib/make-log-level.js	20	logify/lib/make-log-level.js::program:makeLogger:log	_key	DIRECT	94489280748	_key	LOCAL	0	
68719477388	logify/lib/make-log-level.js	21	logify/lib/make-log-level.js::program:makeLogger:log	args	AMBIGUOUS					MULTIPLE_LIVE_ASSIGNMENTS_TO_RESOLVED_LOCAL
68719477389	logify/lib/make-log-level.js	21	logify/lib/make-log-level.js::program:makeLogger:log	_key	DIRECT	94489280748	_key	LOCAL	0	
68719477390	logify/lib/make-log-level.js	21	logify/lib/make-log-level.js::program:makeLogger:log	arguments	DIRECT	94489280777	arguments	LOCAL	0	
68719477391	logify/lib/make-log-level.js	21	logify/lib/make-log-level.js::program:makeLogger:log	_key	DIRECT	94489280748	_key	LOCAL	0	
68719477392	logify/lib/make-log-level.js	25	logify/lib/make-log-level.js::program:makeLogger:log	context	DIRECT	111669149776	context	METHOD_PARAMETER_IN	0	
68719477393	logify/lib/make-log-level.js	26	logify/lib/make-log-level.js::program:makeLogger:log	args	AMBIGUOUS					MULTIPLE_LIVE_ASSIGNMENTS_TO_RESOLVED_LOCAL
68719477394	logify/lib/make-log-level.js	26	logify/lib/make-log-level.js::program:makeLogger:log	_tmp_0	DIRECT	94489280778	_tmp_0	LOCAL	0	
68719477395	logify/lib/make-log-level.js	26	logify/lib/make-log-level.js::program:makeLogger:log	_tmp_0	DIRECT	94489280778	_tmp_0	LOCAL	0	
68719477396	logify/lib/make-log-level.js	26	logify/lib/make-log-level.js::program:makeLogger:log	arguments	DIRECT	94489280777	arguments	LOCAL	0	
68719477397	logify/lib/make-log-level.js	27	logify/lib/make-log-level.js::program:makeLogger:log	message	DIRECT	111669149777	message	METHOD_PARAMETER_IN	0	
68719477398	logify/lib/make-log-level.js	27	logify/lib/make-log-level.js::program:makeLogger:log	context	DIRECT	111669149776	context	METHOD_PARAMETER_IN	0	
68719477399	logify/lib/make-log-level.js	28	logify/lib/make-log-level.js::program:makeLogger:log	context	DIRECT	111669149776	context	METHOD_PARAMETER_IN	0	
68719477400	logify/lib/make-log-level.js	32	logify/lib/make-log-level.js::program:makeLogger:log	context	DIRECT	111669149776	context	METHOD_PARAMETER_IN	0	
68719477401	logify/lib/make-log-level.js	32	logify/lib/make-log-level.js::program:makeLogger:log	Error	DIRECT	94489280776	Error	LOCAL	0	
68719477402	logify/lib/make-log-level.js	33	logify/lib/make-log-level.js::program:makeLogger:log	context	DIRECT	111669149776	context	METHOD_PARAMETER_IN	0	
68719477404	logify/lib/make-log-level.js	34	logify/lib/make-log-level.js::program:makeLogger:log	context	DIRECT	111669149776	context	METHOD_PARAMETER_IN	0	
68719477406	logify/lib/make-log-level.js	36	logify/lib/make-log-level.js::program:makeLogger:log	message	DIRECT	111669149777	message	METHOD_PARAMETER_IN	0	
68719477407	logify/lib/make-log-level.js	36	logify/lib/make-log-level.js::program:makeLogger:log	undefined	DIRECT	94489280772	undefined	LOCAL	0	
68719477408	logify/lib/make-log-level.js	37	logify/lib/make-log-level.js::program:makeLogger:log	message	DIRECT	111669149777	message	METHOD_PARAMETER_IN	0	
68719477409	logify/lib/make-log-level.js	37	logify/lib/make-log-level.js::program:makeLogger:log	context	DIRECT	111669149776	context	METHOD_PARAMETER_IN	0	
68719477410	logify/lib/make-log-level.js	41	logify/lib/make-log-level.js::program:makeLogger:log	context	DIRECT	111669149776	context	METHOD_PARAMETER_IN	0	
68719477411	logify/lib/make-log-level.js	42	logify/lib/make-log-level.js::program:makeLogger:log	context	DIRECT	111669149776	context	METHOD_PARAMETER_IN	0	
68719477413	logify/lib/make-log-level.js	45	logify/lib/make-log-level.js::program:makeLogger:log	message	DIRECT	111669149777	message	METHOD_PARAMETER_IN	0	
68719477414	logify/lib/make-log-level.js	46	logify/lib/make-log-level.js::program:makeLogger:log	context	DIRECT	111669149776	context	METHOD_PARAMETER_IN	0	
68719477415	logify/lib/make-log-level.js	46	logify/lib/make-log-level.js::program:makeLogger:log	_tmp_3	DIRECT	94489280773	_tmp_3	LOCAL	0	
68719477416	logify/lib/make-log-level.js	46	logify/lib/make-log-level.js::program:makeLogger:log	_util	CAPTURED	94489280759	_util	LOCAL	2	
68719477417	logify/lib/make-log-level.js	46	logify/lib/make-log-level.js::program:makeLogger:log	_tmp_3	DIRECT	94489280773	_tmp_3	LOCAL	0	
68719477418	logify/lib/make-log-level.js	46	logify/lib/make-log-level.js::program:makeLogger:log	undefined	DIRECT	94489280772	undefined	LOCAL	0	
68719477419	logify/lib/make-log-level.js	46	logify/lib/make-log-level.js::program:makeLogger:log	_tmp_4	DIRECT	94489280770	_tmp_4	LOCAL	0	
68719477420	logify/lib/make-log-level.js	46	logify/lib/make-log-level.js::program:makeLogger:log	_tmp_5	DIRECT	94489280771	_tmp_5	LOCAL	0	
68719477423	logify/lib/make-log-level.js	46	logify/lib/make-log-level.js::program:makeLogger:log	message	DIRECT	111669149777	message	METHOD_PARAMETER_IN	0	
68719477425	logify/lib/make-log-level.js	46	logify/lib/make-log-level.js::program:makeLogger:log	_tmp_4	DIRECT	94489280770	_tmp_4	LOCAL	0	
68719477426	logify/lib/make-log-level.js	46	logify/lib/make-log-level.js::program:makeLogger:log	_toConsumableArray	CAPTURED	94489280754	_toConsumableArray	LOCAL	2	
68719477427	logify/lib/make-log-level.js	46	logify/lib/make-log-level.js::program:makeLogger:log	this	DIRECT	111669149775	this	METHOD_PARAMETER_IN	0	
68719477428	logify/lib/make-log-level.js	46	logify/lib/make-log-level.js::program:makeLogger:log	args	AMBIGUOUS					MULTIPLE_LIVE_ASSIGNMENTS_TO_RESOLVED_LOCAL
68719477429	logify/lib/make-log-level.js	48	logify/lib/make-log-level.js::program:makeLogger:log	context	DIRECT	111669149776	context	METHOD_PARAMETER_IN	0	
68719477430	logify/lib/make-log-level.js	48	logify/lib/make-log-level.js::program:makeLogger:log	level	CAPTURED	111669149779	level	METHOD_PARAMETER_IN	1	
68719477431	logify/lib/make-log-level.js	49	logify/lib/make-log-level.js::program:makeLogger:log	context	DIRECT	111669149776	context	METHOD_PARAMETER_IN	0	
68719477432	logify/lib/make-log-level.js	49	logify/lib/make-log-level.js::program:makeLogger:log	context	DIRECT	111669149776	context	METHOD_PARAMETER_IN	0	
68719477433	logify/lib/make-log-level.js	49	logify/lib/make-log-level.js::program:makeLogger:log	_tmp_6	DIRECT	94489280766	_tmp_6	LOCAL	0	
68719477434	logify/lib/make-log-level.js	49	logify/lib/make-log-level.js::program:makeLogger:log	Date	DIRECT	94489280765	Date	LOCAL	0	
68719477437	logify/lib/make-log-level.js	51	logify/lib/make-log-level.js::program:makeLogger:log	this	DIRECT	111669149775	this	METHOD_PARAMETER_IN	0	
68719477438	logify/lib/make-log-level.js	51	logify/lib/make-log-level.js::program:makeLogger:log	this	DIRECT	111669149775	this	METHOD_PARAMETER_IN	0	
68719477439	logify/lib/make-log-level.js	51	logify/lib/make-log-level.js::program:makeLogger:log	_extend2	CAPTURED	94489280758	_extend2	LOCAL	2	
68719477440	logify/lib/make-log-level.js	51	logify/lib/make-log-level.js::program:makeLogger:log	this	DIRECT	111669149775	this	METHOD_PARAMETER_IN	0	
68719477442	logify/lib/make-log-level.js	51	logify/lib/make-log-level.js::program:makeLogger:log	this	DIRECT	111669149775	this	METHOD_PARAMETER_IN	0	
68719477443	logify/lib/make-log-level.js	51	logify/lib/make-log-level.js::program:makeLogger:log	context	DIRECT	111669149776	context	METHOD_PARAMETER_IN	0	
68719477444	logify/lib/make-log-level.js	18	logify/lib/make-log-level.js::program	makeLogger	DIRECT	94489280745	makeLogger	LOCAL	0	
68719477445	logify/lib/make-log-level.js	3	logify/lib/make-log-level.js::program	_toConsumableArray	DIRECT	94489280754	_toConsumableArray	LOCAL	0	
68719477446	logify/lib/make-log-level.js	3	logify/lib/make-log-level.js::program	require	DIRECT	94489280762	require	LOCAL	0	
68719477447	logify/lib/make-log-level.js	3	logify/lib/make-log-level.js::program	this	DIRECT	111669149780	this	METHOD_PARAMETER_IN	0	
68719477448	logify/lib/make-log-level.js	5	logify/lib/make-log-level.js::program	_interopRequireDefault	DIRECT	94489280755	_interopRequireDefault	LOCAL	0	
68719477449	logify/lib/make-log-level.js	5	logify/lib/make-log-level.js::program	require	DIRECT	94489280762	require	LOCAL	0	
68719477450	logify/lib/make-log-level.js	5	logify/lib/make-log-level.js::program	this	DIRECT	111669149780	this	METHOD_PARAMETER_IN	0	
68719477451	logify/lib/make-log-level.js	7	logify/lib/make-log-level.js::program	exports	DIRECT	94489280760	exports	LOCAL	0	
68719477454	logify/lib/make-log-level.js	10	logify/lib/make-log-level.js::program	exports	DIRECT	94489280760	exports	LOCAL	0	
68719477455	logify/lib/make-log-level.js	10	logify/lib/make-log-level.js::program	makeLogger	DIRECT	94489280745	makeLogger	LOCAL	0	
68719477456	logify/lib/make-log-level.js	12	logify/lib/make-log-level.js::program	_extend	DIRECT	94489280757	_extend	LOCAL	0	
68719477457	logify/lib/make-log-level.js	12	logify/lib/make-log-level.js::program	require	DIRECT	94489280762	require	LOCAL	0	
68719477458	logify/lib/make-log-level.js	12	logify/lib/make-log-level.js::program	this	DIRECT	111669149780	this	METHOD_PARAMETER_IN	0	
68719477459	logify/lib/make-log-level.js	14	logify/lib/make-log-level.js::program	_extend2	DIRECT	94489280758	_extend2	LOCAL	0	
68719477460	logify/lib/make-log-level.js	14	logify/lib/make-log-level.js::program	_interopRequireDefault	DIRECT	94489280755	_interopRequireDefault	LOCAL	0	
68719477461	logify/lib/make-log-level.js	14	logify/lib/make-log-level.js::program	this	DIRECT	111669149780	this	METHOD_PARAMETER_IN	0	
68719477462	logify/lib/make-log-level.js	14	logify/lib/make-log-level.js::program	_extend	DIRECT	94489280757	_extend	LOCAL	0	
68719477463	logify/lib/make-log-level.js	16	logify/lib/make-log-level.js::program	_util	DIRECT	94489280759	_util	LOCAL	0	
68719477464	logify/lib/make-log-level.js	16	logify/lib/make-log-level.js::program	require	DIRECT	94489280762	require	LOCAL	0	
68719477465	logify/lib/make-log-level.js	16	logify/lib/make-log-level.js::program	this	DIRECT	111669149780	this	METHOD_PARAMETER_IN	0	
68719477466	logify/lib/make-log-level.js	55	logify/lib/make-log-level.js::program	module	DIRECT	94489280761	module	LOCAL	0	
68719477467	logify/lib/make-log-level.js	55	logify/lib/make-log-level.js::program	exports	DIRECT	94489280760	exports	LOCAL	0	
68719477468	logify/plugin/event.js	16	logify/plugin/event.js::program:init:event	opts	DIRECT	94489280780	opts	LOCAL	0	
68719477469	logify/plugin/event.js	16	logify/plugin/event.js::program:init:event	arguments	DIRECT	94489280797	arguments	LOCAL	0	
68719477470	logify/plugin/event.js	16	logify/plugin/event.js::program:init:event	arguments	DIRECT	94489280797	arguments	LOCAL	0	
68719477471	logify/plugin/event.js	16	logify/plugin/event.js::program:init:event	undefined	DIRECT	94489280798	undefined	LOCAL	0	
68719477473	logify/plugin/event.js	16	logify/plugin/event.js::program:init:event	arguments	DIRECT	94489280797	arguments	LOCAL	0	
68719477474	logify/plugin/event.js	18	logify/plugin/event.js::program:init:event	entry	DIRECT	94489280782	entry	LOCAL	0	
68719477476	logify/plugin/event.js	19	logify/plugin/event.js::program:init:event	category	DIRECT	111669149782	category	METHOD_PARAMETER_IN	0	
68719477478	logify/plugin/event.js	20	logify/plugin/event.js::program:init:event	action	DIRECT	111669149783	action	METHOD_PARAMETER_IN	0	
68719477480	logify/plugin/event.js	21	logify/plugin/event.js::program:init:event	label	DIRECT	111669149784	label	METHOD_PARAMETER_IN	0	
68719477482	logify/plugin/event.js	22	logify/plugin/event.js::program:init:event	value	DIRECT	111669149785	value	METHOD_PARAMETER_IN	0	
68719477484	logify/plugin/event.js	23	logify/plugin/event.js::program:init:event	opts	DIRECT	94489280780	opts	LOCAL	0	
68719477485	logify/plugin/event.js	23	logify/plugin/event.js::program:init:event	_tmp_2	DIRECT	94489280796	_tmp_2	LOCAL	0	
68719477486	logify/plugin/event.js	23	logify/plugin/event.js::program:init:event	Date	DIRECT	94489280795	Date	LOCAL	0	
68719477490	logify/plugin/event.js	25	logify/plugin/event.js::program:init:event	this	DIRECT	111669149781	this	METHOD_PARAMETER_IN	0	
68719477491	logify/plugin/event.js	25	logify/plugin/event.js::program:init:event	this	DIRECT	111669149781	this	METHOD_PARAMETER_IN	0	
68719477492	logify/plugin/event.js	25	logify/plugin/event.js::program:init:event	_libExtend2	CAPTURED	94489280789	_libExtend2	LOCAL	2	
68719477493	logify/plugin/event.js	25	logify/plugin/event.js::program:init:event	this	DIRECT	111669149781	this	METHOD_PARAMETER_IN	0	
68719477495	logify/plugin/event.js	25	logify/plugin/event.js::program:init:event	this	DIRECT	111669149781	this	METHOD_PARAMETER_IN	0	
68719477496	logify/plugin/event.js	25	logify/plugin/event.js::program:init:event	opts	DIRECT	94489280780	opts	LOCAL	0	
68719477497	logify/plugin/event.js	25	logify/plugin/event.js::program:init:event	entry	DIRECT	94489280782	entry	LOCAL	0	
68719477498	logify/plugin/event.js	15	logify/plugin/event.js::program:init	logger	DIRECT	111669149787	logger	METHOD_PARAMETER_IN	0	
68719477499	logify/plugin/event.js	27	logify/plugin/event.js::program:init	logger	DIRECT	111669149787	logger	METHOD_PARAMETER_IN	0	
68719477500	logify/plugin/event.js	14	logify/plugin/event.js::program	init	DIRECT	94489280779	init	LOCAL	0	
68719477501	logify/plugin/event.js	3	logify/plugin/event.js::program	_interopRequireDefault	DIRECT	94489280786	_interopRequireDefault	LOCAL	0	
68719477502	logify/plugin/event.js	3	logify/plugin/event.js::program	require	DIRECT	94489280792	require	LOCAL	0	
68719477503	logify/plugin/event.js	3	logify/plugin/event.js::program	this	DIRECT	111669149788	this	METHOD_PARAMETER_IN	0	
68719477504	logify/plugin/event.js	5	logify/plugin/event.js::program	exports	DIRECT	94489280790	exports	LOCAL	0	
68719477507	logify/plugin/event.js	8	logify/plugin/event.js::program	exports	DIRECT	94489280790	exports	LOCAL	0	
68719477508	logify/plugin/event.js	8	logify/plugin/event.js::program	init	DIRECT	94489280779	init	LOCAL	0	
68719477509	logify/plugin/event.js	10	logify/plugin/event.js::program	_libExtend	DIRECT	94489280788	_libExtend	LOCAL	0	
68719477510	logify/plugin/event.js	10	logify/plugin/event.js::program	require	DIRECT	94489280792	require	LOCAL	0	
68719477511	logify/plugin/event.js	10	logify/plugin/event.js::program	this	DIRECT	111669149788	this	METHOD_PARAMETER_IN	0	
68719477512	logify/plugin/event.js	12	logify/plugin/event.js::program	_libExtend2	DIRECT	94489280789	_libExtend2	LOCAL	0	
68719477513	logify/plugin/event.js	12	logify/plugin/event.js::program	_interopRequireDefault	DIRECT	94489280786	_interopRequireDefault	LOCAL	0	
68719477514	logify/plugin/event.js	12	logify/plugin/event.js::program	this	DIRECT	111669149788	this	METHOD_PARAMETER_IN	0	
68719477515	logify/plugin/event.js	12	logify/plugin/event.js::program	_libExtend	DIRECT	94489280788	_libExtend	LOCAL	0	
68719477516	logify/plugin/event.js	30	logify/plugin/event.js::program	module	DIRECT	94489280791	module	LOCAL	0	
68719477517	logify/plugin/event.js	30	logify/plugin/event.js::program	exports	DIRECT	94489280790	exports	LOCAL	0	
68719477518	logify/serializer/error.js	8	logify/serializer/error.js::program:<lambda>0	entry	DIRECT	111669149790	entry	METHOD_PARAMETER_IN	0	
68719477519	logify/serializer/error.js	9	logify/serializer/error.js::program:<lambda>0	entry	DIRECT	111669149790	entry	METHOD_PARAMETER_IN	0	
68719477520	logify/serializer/error.js	11	logify/serializer/error.js::program:<lambda>0	err	DIRECT	94489280800	err	LOCAL	0	
68719477521	logify/serializer/error.js	11	logify/serializer/error.js::program:<lambda>0	entry	DIRECT	111669149790	entry	METHOD_PARAMETER_IN	0	
68719477522	logify/serializer/error.js	12	logify/serializer/error.js::program:<lambda>0	entry	DIRECT	111669149790	entry	METHOD_PARAMETER_IN	0	
68719477524	logify/serializer/error.js	13	logify/serializer/error.js::program:<lambda>0	err	DIRECT	94489280800	err	LOCAL	0	
68719477526	logify/serializer/error.js	14	logify/serializer/error.js::program:<lambda>0	err	DIRECT	94489280800	err	LOCAL	0	
68719477528	logify/serializer/error.js	15	logify/serializer/error.js::program:<lambda>0	err	DIRECT	94489280800	err	LOCAL	0	
68719477530	logify/serializer/error.js	16	logify/serializer/error.js::program:<lambda>0	err	DIRECT	94489280800	err	LOCAL	0	
68719477532	logify/serializer/error.js	17	logify/serializer/error.js::program:<lambda>0	err	DIRECT	94489280800	err	LOCAL	0	
68719477534	logify/serializer/error.js	18	logify/serializer/error.js::program:<lambda>0	err	DIRECT	94489280800	err	LOCAL	0	
68719477536	logify/serializer/error.js	19	logify/serializer/error.js::program:<lambda>0	err	DIRECT	94489280800	err	LOCAL	0	
68719477538	logify/serializer/error.js	21	logify/serializer/error.js::program:<lambda>0	entry	DIRECT	111669149790	entry	METHOD_PARAMETER_IN	0	
68719477539	logify/serializer/error.js	3	logify/serializer/error.js::program	exports	DIRECT	94489280802	exports	LOCAL	0	
68719477542	logify/serializer/error.js	7	logify/serializer/error.js::program	exports	DIRECT	94489280802	exports	LOCAL	0	
68719477543	logify/serializer/error.js	24	logify/serializer/error.js::program	module	DIRECT	94489280803	module	LOCAL	0	
68719477544	logify/serializer/error.js	24	logify/serializer/error.js::program	exports	DIRECT	94489280802	exports	LOCAL	0	
68719477545	logify/serializer/req.js	8	logify/serializer/req.js::program:<lambda>0	entry	DIRECT	111669149793	entry	METHOD_PARAMETER_IN	0	
68719477546	logify/serializer/req.js	9	logify/serializer/req.js::program:<lambda>0	entry	DIRECT	111669149793	entry	METHOD_PARAMETER_IN	0	
68719477547	logify/serializer/req.js	12	logify/serializer/req.js::program:<lambda>0	req	DIRECT	94489280805	req	LOCAL	0	
68719477548	logify/serializer/req.js	12	logify/serializer/req.js::program:<lambda>0	entry	DIRECT	111669149793	entry	METHOD_PARAMETER_IN	0	
68719477549	logify/serializer/req.js	13	logify/serializer/req.js::program:<lambda>0	entry	DIRECT	111669149793	entry	METHOD_PARAMETER_IN	0	
68719477551	logify/serializer/req.js	14	logify/serializer/req.js::program:<lambda>0	entry	DIRECT	111669149793	entry	METHOD_PARAMETER_IN	0	
68719477552	logify/serializer/req.js	14	logify/serializer/req.js::program:<lambda>0	entry	DIRECT	111669149793	entry	METHOD_PARAMETER_IN	0	
68719477554	logify/serializer/req.js	15	logify/serializer/req.js::program:<lambda>0	req	DIRECT	94489280805	req	LOCAL	0	
68719477556	logify/serializer/req.js	16	logify/serializer/req.js::program:<lambda>0	req	DIRECT	94489280805	req	LOCAL	0	
68719477558	logify/serializer/req.js	17	logify/serializer/req.js::program:<lambda>0	req	DIRECT	94489280805	req	LOCAL	0	
68719477560	logify/serializer/req.js	18	logify/serializer/req.js::program:<lambda>0	req	DIRECT	94489280805	req	LOCAL	0	
68719477561	logify/serializer/req.js	18	logify/serializer/req.js::program:<lambda>0	req	DIRECT	94489280805	req	LOCAL	0	
68719477563	logify/serializer/req.js	20	logify/serializer/req.js::program:<lambda>0	entry	DIRECT	111669149793	entry	METHOD_PARAMETER_IN	0	
68719477564	logify/serializer/req.js	3	logify/serializer/req.js::program	exports	DIRECT	94489280807	exports	LOCAL	0	
68719477567	logify/serializer/req.js	7	logify/serializer/req.js::program	exports	DIRECT	94489280807	exports	LOCAL	0	
68719477568	logify/serializer/req.js	23	logify/serializer/req.js::program	module	DIRECT	94489280808	module	LOCAL	0	
68719477569	logify/serializer/req.js	23	logify/serializer/req.js::program	exports	DIRECT	94489280807	exports	LOCAL	0	
68719477570	logify/serializer/res.js	8	logify/serializer/res.js::program:<lambda>0	entry	DIRECT	111669149796	entry	METHOD_PARAMETER_IN	0	
68719477571	logify/serializer/res.js	9	logify/serializer/res.js::program:<lambda>0	entry	DIRECT	111669149796	entry	METHOD_PARAMETER_IN	0	
68719477572	logify/serializer/res.js	12	logify/serializer/res.js::program:<lambda>0	res	DIRECT	94489280810	res	LOCAL	0	
68719477573	logify/serializer/res.js	12	logify/serializer/res.js::program:<lambda>0	entry	DIRECT	111669149796	entry	METHOD_PARAMETER_IN	0	
68719477574	logify/serializer/res.js	13	logify/serializer/res.js::program:<lambda>0	entry	DIRECT	111669149796	entry	METHOD_PARAMETER_IN	0	
68719477576	logify/serializer/res.js	14	logify/serializer/res.js::program:<lambda>0	res	DIRECT	94489280810	res	LOCAL	0	
68719477578	logify/serializer/res.js	15	logify/serializer/res.js::program:<lambda>0	res	DIRECT	94489280810	res	LOCAL	0	
68719477580	logify/serializer/res.js	17	logify/serializer/res.js::program:<lambda>0	entry	DIRECT	111669149796	entry	METHOD_PARAMETER_IN	0	
68719477581	logify/serializer/res.js	3	logify/serializer/res.js::program	exports	DIRECT	94489280812	exports	LOCAL	0	
68719477584	logify/serializer/res.js	7	logify/serializer/res.js::program	exports	DIRECT	94489280812	exports	LOCAL	0	
68719477585	logify/serializer/res.js	20	logify/serializer/res.js::program	module	DIRECT	94489280813	module	LOCAL	0	
68719477586	logify/serializer/res.js	20	logify/serializer/res.js::program	exports	DIRECT	94489280812	exports	LOCAL	0	
68719477587	logify/transport/console.js	23	logify/transport/console.js::program:create:log:<lambda>0:<lambda>1	err	DIRECT	111669149799	err	METHOD_PARAMETER_IN	0	
68719477588	logify/transport/console.js	24	logify/transport/console.js::program:create:log:<lambda>0:<lambda>1	reject	CAPTURED	111669149802	reject	METHOD_PARAMETER_IN	1	
68719477589	logify/transport/console.js	24	logify/transport/console.js::program:create:log:<lambda>0:<lambda>1	this	DIRECT	111669149798	this	METHOD_PARAMETER_IN	0	
68719477590	logify/transport/console.js	24	logify/transport/console.js::program:create:log:<lambda>0:<lambda>1	err	DIRECT	111669149799	err	METHOD_PARAMETER_IN	0	
68719477591	logify/transport/console.js	26	logify/transport/console.js::program:create:log:<lambda>0:<lambda>1	resolve	CAPTURED	111669149801	resolve	METHOD_PARAMETER_IN	1	
68719477592	logify/transport/console.js	26	logify/transport/console.js::program:create:log:<lambda>0:<lambda>1	this	DIRECT	111669149798	this	METHOD_PARAMETER_IN	0	
68719477593	logify/transport/console.js	22	logify/transport/console.js::program:create:log:<lambda>0	target	CAPTURED	94489280816	target	LOCAL	1	
68719477594	logify/transport/console.js	22	logify/transport/console.js::program:create:log:<lambda>0	target	CAPTURED	94489280816	target	LOCAL	1	
68719477595	logify/transport/console.js	22	logify/transport/console.js::program:create:log:<lambda>0	layout	CAPTURED	94489280815	layout	LOCAL	2	
68719477596	logify/transport/console.js	22	logify/transport/console.js::program:create:log:<lambda>0	this	DIRECT	111669149800	this	METHOD_PARAMETER_IN	0	
68719477597	logify/transport/console.js	22	logify/transport/console.js::program:create:log:<lambda>0	entry	CAPTURED	111669149804	entry	METHOD_PARAMETER_IN	1	
68719477598	logify/transport/console.js	20	logify/transport/console.js::program:create:log	target	DIRECT	94489280816	target	LOCAL	0	
68719477599	logify/transport/console.js	20	logify/transport/console.js::program:create:log	entry	DIRECT	111669149804	entry	METHOD_PARAMETER_IN	0	
68719477600	logify/transport/console.js	20	logify/transport/console.js::program:create:log	_tmp_0	DIRECT	94489280837	_tmp_0	LOCAL	0	
68719477601	logify/transport/console.js	20	logify/transport/console.js::program:create:log	_tmp_1	DIRECT	94489280838	_tmp_1	LOCAL	0	
68719477609	logify/transport/console.js	20	logify/transport/console.js::program:create:log	_tmp_0	DIRECT	94489280837	_tmp_0	LOCAL	0	
68719477610	logify/transport/console.js	20	logify/transport/console.js::program:create:log	entry	DIRECT	111669149804	entry	METHOD_PARAMETER_IN	0	
68719477611	logify/transport/console.js	20	logify/transport/console.js::program:create:log	process	DIRECT	94489280836	process	LOCAL	0	
68719477612	logify/transport/console.js	20	logify/transport/console.js::program:create:log	process	DIRECT	94489280836	process	LOCAL	0	
68719477613	logify/transport/console.js	21	logify/transport/console.js::program:create:log	_tmp_2	DIRECT	94489280835	_tmp_2	LOCAL	0	
68719477614	logify/transport/console.js	21	logify/transport/console.js::program:create:log	_Promise	CAPTURED	94489280819	_Promise	LOCAL	2	
68719477617	logify/transport/console.js	17	logify/transport/console.js::program:create	layout	DIRECT	94489280815	layout	LOCAL	0	
68719477618	logify/transport/console.js	17	logify/transport/console.js::program:create	arguments	DIRECT	94489280839	arguments	LOCAL	0	
68719477619	logify/transport/console.js	17	logify/transport/console.js::program:create	arguments	DIRECT	94489280839	arguments	LOCAL	0	
68719477620	logify/transport/console.js	17	logify/transport/console.js::program:create	undefined	DIRECT	94489280841	undefined	LOCAL	0	
68719477621	logify/transport/console.js	17	logify/transport/console.js::program:create	_formatterConsole2	CAPTURED	94489280823	_formatterConsole2	LOCAL	1	
68719477622	logify/transport/console.js	17	logify/transport/console.js::program:create	arguments	DIRECT	94489280839	arguments	LOCAL	0	
68719477623	logify/transport/console.js	16	logify/transport/console.js::program	create	DIRECT	94489280814	create	LOCAL	0	
68719477624	logify/transport/console.js	3	logify/transport/console.js::program	_Promise	DIRECT	94489280819	_Promise	LOCAL	0	
68719477625	logify/transport/console.js	3	logify/transport/console.js::program	require	DIRECT	94489280826	require	LOCAL	0	
68719477626	logify/transport/console.js	3	logify/transport/console.js::program	this	DIRECT	111669149806	this	METHOD_PARAMETER_IN	0	
68719477627	logify/transport/console.js	5	logify/transport/console.js::program	_interopRequireDefault	DIRECT	94489280820	_interopRequireDefault	LOCAL	0	
68719477628	logify/transport/console.js	5	logify/transport/console.js::program	require	DIRECT	94489280826	require	LOCAL	0	
68719477629	logify/transport/console.js	5	logify/transport/console.js::program	this	DIRECT	111669149806	this	METHOD_PARAMETER_IN	0	
68719477630	logify/transport/console.js	7	logify/transport/console.js::program	exports	DIRECT	94489280824	exports	LOCAL	0	
68719477633	logify/transport/console.js	10	logify/transport/console.js::program	exports	DIRECT	94489280824	exports	LOCAL	0	
68719477634	logify/transport/console.js	10	logify/transport/console.js::program	create	DIRECT	94489280814	create	LOCAL	0	
68719477635	logify/transport/console.js	12	logify/transport/console.js::program	_formatterConsole	DIRECT	94489280822	_formatterConsole	LOCAL	0	
68719477636	logify/transport/console.js	12	logify/transport/console.js::program	require	DIRECT	94489280826	require	LOCAL	0	
68719477637	logify/transport/console.js	12	logify/transport/console.js::program	this	DIRECT	111669149806	this	METHOD_PARAMETER_IN	0	
68719477638	logify/transport/console.js	14	logify/transport/console.js::program	_formatterConsole2	DIRECT	94489280823	_formatterConsole2	LOCAL	0	
68719477639	logify/transport/console.js	14	logify/transport/console.js::program	_interopRequireDefault	DIRECT	94489280820	_interopRequireDefault	LOCAL	0	
68719477640	logify/transport/console.js	14	logify/transport/console.js::program	this	DIRECT	111669149806	this	METHOD_PARAMETER_IN	0	
68719477641	logify/transport/console.js	14	logify/transport/console.js::program	_formatterConsole	DIRECT	94489280822	_formatterConsole	LOCAL	0	
68719477642	logify/transport/console.js	32	logify/transport/console.js::program	module	DIRECT	94489280825	module	LOCAL	0	
68719477643	logify/transport/console.js	32	logify/transport/console.js::program	exports	DIRECT	94489280824	exports	LOCAL	0	
68719477644	logify/transport/http.js	30	logify/transport/http.js::program:create:<lambda>0	opts	CAPTURED	94489280843	opts	LOCAL	1	
68719477645	logify/transport/http.js	31	logify/transport/http.js::program:create:<lambda>0	navigator	DIRECT	94489280867	navigator	LOCAL	0	
68719477646	logify/transport/http.js	31	logify/transport/http.js::program:create:<lambda>0	navigator	DIRECT	94489280867	navigator	LOCAL	0	
68719477647	logify/transport/http.js	31	logify/transport/http.js::program:create:<lambda>0	url	CAPTURED	111669149810	url	METHOD_PARAMETER_IN	1	
68719477648	logify/transport/http.js	31	logify/transport/http.js::program:create:<lambda>0	opts	CAPTURED	94489280843	opts	LOCAL	1	
68719477649	logify/transport/http.js	31	logify/transport/http.js::program:create:<lambda>0	opts	CAPTURED	94489280843	opts	LOCAL	1	
68719477650	logify/transport/http.js	31	logify/transport/http.js::program:create:<lambda>0	entry	DIRECT	111669149808	entry	METHOD_PARAMETER_IN	0	
68719477651	logify/transport/http.js	33	logify/transport/http.js::program:create:<lambda>0	req	DIRECT	94489280845	req	LOCAL	0	
68719477652	logify/transport/http.js	33	logify/transport/http.js::program:create:<lambda>0	_tmp_1	DIRECT	94489280864	_tmp_1	LOCAL	0	
68719477653	logify/transport/http.js	33	logify/transport/http.js::program:create:<lambda>0	_http2	CAPTURED	94489280849	_http2	LOCAL	2	
68719477654	logify/transport/http.js	33	logify/transport/http.js::program:create:<lambda>0	_tmp_1	DIRECT	94489280864	_tmp_1	LOCAL	0	
68719477655	logify/transport/http.js	33	logify/transport/http.js::program:create:<lambda>0	_libExtend2	CAPTURED	94489280852	_libExtend2	LOCAL	2	
68719477656	logify/transport/http.js	33	logify/transport/http.js::program:create:<lambda>0	this	DIRECT	111669149807	this	METHOD_PARAMETER_IN	0	
68719477657	logify/transport/http.js	33	logify/transport/http.js::program:create:<lambda>0	_url	CAPTURED	94489280850	_url	LOCAL	2	
68719477658	logify/transport/http.js	33	logify/transport/http.js::program:create:<lambda>0	this	DIRECT	111669149807	this	METHOD_PARAMETER_IN	0	
68719477659	logify/transport/http.js	33	logify/transport/http.js::program:create:<lambda>0	url	CAPTURED	111669149810	url	METHOD_PARAMETER_IN	1	
68719477660	logify/transport/http.js	33	logify/transport/http.js::program:create:<lambda>0	opts	CAPTURED	94489280843	opts	LOCAL	1	
68719477661	logify/transport/http.js	34	logify/transport/http.js::program:create:<lambda>0	req	DIRECT	94489280845	req	LOCAL	0	
68719477662	logify/transport/http.js	34	logify/transport/http.js::program:create:<lambda>0	req	DIRECT	94489280845	req	LOCAL	0	
68719477663	logify/transport/http.js	34	logify/transport/http.js::program:create:<lambda>0	opts	CAPTURED	94489280843	opts	LOCAL	1	
68719477664	logify/transport/http.js	34	logify/transport/http.js::program:create:<lambda>0	opts	CAPTURED	94489280843	opts	LOCAL	1	
68719477665	logify/transport/http.js	34	logify/transport/http.js::program:create:<lambda>0	entry	DIRECT	111669149808	entry	METHOD_PARAMETER_IN	0	
68719477666	logify/transport/http.js	25	logify/transport/http.js::program:create	opts	DIRECT	94489280843	opts	LOCAL	0	
68719477667	logify/transport/http.js	25	logify/transport/http.js::program:create	arguments	DIRECT	94489280869	arguments	LOCAL	0	
68719477668	logify/transport/http.js	25	logify/transport/http.js::program:create	arguments	DIRECT	94489280869	arguments	LOCAL	0	
68719477669	logify/transport/http.js	25	logify/transport/http.js::program:create	undefined	DIRECT	94489280870	undefined	LOCAL	0	
68719477671	logify/transport/http.js	25	logify/transport/http.js::program:create	arguments	DIRECT	94489280869	arguments	LOCAL	0	
68719477672	logify/transport/http.js	27	logify/transport/http.js::program:create	opts	DIRECT	94489280843	opts	LOCAL	0	
68719477673	logify/transport/http.js	27	logify/transport/http.js::program:create	opts	DIRECT	94489280843	opts	LOCAL	0	
68719477674	logify/transport/http.js	28	logify/transport/http.js::program:create	opts	DIRECT	94489280843	opts	LOCAL	0	
68719477675	logify/transport/http.js	28	logify/transport/http.js::program:create	opts	DIRECT	94489280843	opts	LOCAL	0	
68719477676	logify/transport/http.js	28	logify/transport/http.js::program:create	_formatterJson2	CAPTURED	94489280854	_formatterJson2	LOCAL	1	
68719477677	logify/transport/http.js	24	logify/transport/http.js::program	create	DIRECT	94489280842	create	LOCAL	0	
68719477678	logify/transport/http.js	3	logify/transport/http.js::program	_interopRequireDefault	DIRECT	94489280846	_interopRequireDefault	LOCAL	0	
68719477679	logify/transport/http.js	3	logify/transport/http.js::program	require	DIRECT	94489280857	require	LOCAL	0	
68719477680	logify/transport/http.js	3	logify/transport/http.js::program	this	DIRECT	111669149811	this	METHOD_PARAMETER_IN	0	
68719477681	logify/transport/http.js	5	logify/transport/http.js::program	exports	DIRECT	94489280855	exports	LOCAL	0	
68719477684	logify/transport/http.js	8	logify/transport/http.js::program	exports	DIRECT	94489280855	exports	LOCAL	0	
68719477685	logify/transport/http.js	8	logify/transport/http.js::program	create	DIRECT	94489280842	create	LOCAL	0	
68719477686	logify/transport/http.js	10	logify/transport/http.js::program	_http	DIRECT	94489280848	_http	LOCAL	0	
68719477687	logify/transport/http.js	10	logify/transport/http.js::program	require	DIRECT	94489280857	require	LOCAL	0	
68719477688	logify/transport/http.js	10	logify/transport/http.js::program	this	DIRECT	111669149811	this	METHOD_PARAMETER_IN	0	
68719477689	logify/transport/http.js	12	logify/transport/http.js::program	_http2	DIRECT	94489280849	_http2	LOCAL	0	
68719477690	logify/transport/http.js	12	logify/transport/http.js::program	_interopRequireDefault	DIRECT	94489280846	_interopRequireDefault	LOCAL	0	
68719477691	logify/transport/http.js	12	logify/transport/http.js::program	this	DIRECT	111669149811	this	METHOD_PARAMETER_IN	0	
68719477692	logify/transport/http.js	12	logify/transport/http.js::program	_http	DIRECT	94489280848	_http	LOCAL	0	
68719477693	logify/transport/http.js	14	logify/transport/http.js::program	_url	DIRECT	94489280850	_url	LOCAL	0	
68719477694	logify/transport/http.js	14	logify/transport/http.js::program	require	DIRECT	94489280857	require	LOCAL	0	
68719477695	logify/transport/http.js	14	logify/transport/http.js::program	this	DIRECT	111669149811	this	METHOD_PARAMETER_IN	0	
68719477696	logify/transport/http.js	16	logify/transport/http.js::program	_libExtend	DIRECT	94489280851	_libExtend	LOCAL	0	
68719477697	logify/transport/http.js	16	logify/transport/http.js::program	require	DIRECT	94489280857	require	LOCAL	0	
68719477698	logify/transport/http.js	16	logify/transport/http.js::program	this	DIRECT	111669149811	this	METHOD_PARAMETER_IN	0	
68719477699	logify/transport/http.js	18	logify/transport/http.js::program	_libExtend2	DIRECT	94489280852	_libExtend2	LOCAL	0	
68719477700	logify/transport/http.js	18	logify/transport/http.js::program	_interopRequireDefault	DIRECT	94489280846	_interopRequireDefault	LOCAL	0	
68719477701	logify/transport/http.js	18	logify/transport/http.js::program	this	DIRECT	111669149811	this	METHOD_PARAMETER_IN	0	
68719477702	logify/transport/http.js	18	logify/transport/http.js::program	_libExtend	DIRECT	94489280851	_libExtend	LOCAL	0	
68719477703	logify/transport/http.js	20	logify/transport/http.js::program	_formatterJson	DIRECT	94489280853	_formatterJson	LOCAL	0	
68719477704	logify/transport/http.js	20	logify/transport/http.js::program	require	DIRECT	94489280857	require	LOCAL	0	
68719477705	logify/transport/http.js	20	logify/transport/http.js::program	this	DIRECT	111669149811	this	METHOD_PARAMETER_IN	0	
68719477706	logify/transport/http.js	22	logify/transport/http.js::program	_formatterJson2	DIRECT	94489280854	_formatterJson2	LOCAL	0	
68719477707	logify/transport/http.js	22	logify/transport/http.js::program	_interopRequireDefault	DIRECT	94489280846	_interopRequireDefault	LOCAL	0	
68719477708	logify/transport/http.js	22	logify/transport/http.js::program	this	DIRECT	111669149811	this	METHOD_PARAMETER_IN	0	
68719477709	logify/transport/http.js	22	logify/transport/http.js::program	_formatterJson	DIRECT	94489280853	_formatterJson	LOCAL	0	
68719477710	logify/transport/http.js	38	logify/transport/http.js::program	module	DIRECT	94489280856	module	LOCAL	0	
68719477711	logify/transport/http.js	38	logify/transport/http.js::program	exports	DIRECT	94489280855	exports	LOCAL	0	
68719477712	logify/transport/logstash.js	23	logify/transport/logstash.js::program:id	x	DIRECT	111669149813	x	METHOD_PARAMETER_IN	0	
68719477713	logify/transport/logstash.js	28	logify/transport/logstash.js::program:compose:<lambda>0	f	CAPTURED	111669149817	f	METHOD_PARAMETER_IN	1	
68719477714	logify/transport/logstash.js	28	logify/transport/logstash.js::program:compose:<lambda>0	this	DIRECT	111669149814	this	METHOD_PARAMETER_IN	0	
68719477715	logify/transport/logstash.js	28	logify/transport/logstash.js::program:compose:<lambda>0	g	CAPTURED	111669149818	g	METHOD_PARAMETER_IN	1	
68719477716	logify/transport/logstash.js	28	logify/transport/logstash.js::program:compose:<lambda>0	this	DIRECT	111669149814	this	METHOD_PARAMETER_IN	0	
68719477717	logify/transport/logstash.js	28	logify/transport/logstash.js::program:compose:<lambda>0	x	DIRECT	111669149815	x	METHOD_PARAMETER_IN	0	
68719477718	logify/transport/logstash.js	33	logify/transport/logstash.js::program:create	opts	DIRECT	94489280874	opts	LOCAL	0	
68719477719	logify/transport/logstash.js	33	logify/transport/logstash.js::program:create	arguments	DIRECT	94489280897	arguments	LOCAL	0	
68719477720	logify/transport/logstash.js	33	logify/transport/logstash.js::program:create	arguments	DIRECT	94489280897	arguments	LOCAL	0	
68719477721	logify/transport/logstash.js	33	logify/transport/logstash.js::program:create	undefined	DIRECT	94489280898	undefined	LOCAL	0	
68719477723	logify/transport/logstash.js	33	logify/transport/logstash.js::program:create	arguments	DIRECT	94489280897	arguments	LOCAL	0	
68719477724	logify/transport/logstash.js	35	logify/transport/logstash.js::program:create	opts	DIRECT	94489280874	opts	LOCAL	0	
68719477725	logify/transport/logstash.js	35	logify/transport/logstash.js::program:create	opts	DIRECT	94489280874	opts	LOCAL	0	
68719477726	logify/transport/logstash.js	36	logify/transport/logstash.js::program:create	opts	DIRECT	94489280874	opts	LOCAL	0	
68719477727	logify/transport/logstash.js	36	logify/transport/logstash.js::program:create	opts	DIRECT	94489280874	opts	LOCAL	0	
68719477728	logify/transport/logstash.js	37	logify/transport/logstash.js::program:create	opts	DIRECT	94489280874	opts	LOCAL	0	
68719477729	logify/transport/logstash.js	37	logify/transport/logstash.js::program:create	opts	DIRECT	94489280874	opts	LOCAL	0	
68719477730	logify/transport/logstash.js	38	logify/transport/logstash.js::program:create	opts	DIRECT	94489280874	opts	LOCAL	0	
68719477731	logify/transport/logstash.js	38	logify/transport/logstash.js::program:create	opts	DIRECT	94489280874	opts	LOCAL	0	
68719477732	logify/transport/logstash.js	38	logify/transport/logstash.js::program:create	id	CAPTURED	94489280871	id	LOCAL	1	
68719477733	logify/transport/logstash.js	39	logify/transport/logstash.js::program:create	opts	DIRECT	94489280874	opts	LOCAL	0	
68719477734	logify/transport/logstash.js	39	logify/transport/logstash.js::program:create	opts	DIRECT	94489280874	opts	LOCAL	0	
68719477735	logify/transport/logstash.js	39	logify/transport/logstash.js::program:create	_formatterJson2	CAPTURED	94489280886	_formatterJson2	LOCAL	1	
68719477736	logify/transport/logstash.js	41	logify/transport/logstash.js::program:create	opts	DIRECT	94489280874	opts	LOCAL	0	
68719477737	logify/transport/logstash.js	42	logify/transport/logstash.js::program:create	_udp2	CAPTURED	94489280882	_udp2	LOCAL	1	
68719477738	logify/transport/logstash.js	42	logify/transport/logstash.js::program:create	this	DIRECT	111669149819	this	METHOD_PARAMETER_IN	0	
68719477740	logify/transport/logstash.js	43	logify/transport/logstash.js::program:create	opts	DIRECT	94489280874	opts	LOCAL	0	
68719477742	logify/transport/logstash.js	44	logify/transport/logstash.js::program:create	opts	DIRECT	94489280874	opts	LOCAL	0	
68719477745	logify/transport/logstash.js	46	logify/transport/logstash.js::program:create	compose	CAPTURED	94489280872	compose	LOCAL	1	
68719477746	logify/transport/logstash.js	46	logify/transport/logstash.js::program:create	this	DIRECT	111669149819	this	METHOD_PARAMETER_IN	0	
68719477747	logify/transport/logstash.js	46	logify/transport/logstash.js::program:create	opts	DIRECT	94489280874	opts	LOCAL	0	
68719477748	logify/transport/logstash.js	46	logify/transport/logstash.js::program:create	opts	DIRECT	94489280874	opts	LOCAL	0	
68719477750	logify/transport/logstash.js	48	logify/transport/logstash.js::program:create	opts	DIRECT	94489280874	opts	LOCAL	0	
68719477751	logify/transport/logstash.js	49	logify/transport/logstash.js::program:create	_tcp2	CAPTURED	94489280884	_tcp2	LOCAL	1	
68719477752	logify/transport/logstash.js	49	logify/transport/logstash.js::program:create	this	DIRECT	111669149819	this	METHOD_PARAMETER_IN	0	
68719477754	logify/transport/logstash.js	50	logify/transport/logstash.js::program:create	opts	DIRECT	94489280874	opts	LOCAL	0	
68719477756	logify/transport/logstash.js	51	logify/transport/logstash.js::program:create	opts	DIRECT	94489280874	opts	LOCAL	0	
68719477758	logify/transport/logstash.js	52	logify/transport/logstash.js::program:create	compose	CAPTURED	94489280872	compose	LOCAL	1	
68719477759	logify/transport/logstash.js	52	logify/transport/logstash.js::program:create	this	DIRECT	111669149819	this	METHOD_PARAMETER_IN	0	
68719477760	logify/transport/logstash.js	52	logify/transport/logstash.js::program:create	opts	DIRECT	94489280874	opts	LOCAL	0	
68719477761	logify/transport/logstash.js	52	logify/transport/logstash.js::program:create	opts	DIRECT	94489280874	opts	LOCAL	0	
68719477763	logify/transport/logstash.js	56	logify/transport/logstash.js::program:create	_tmp_3	DIRECT	94489280891	_tmp_3	LOCAL	0	
68719477764	logify/transport/logstash.js	56	logify/transport/logstash.js::program:create	Error	DIRECT	94489280890	Error	LOCAL	0	
68719477766	logify/transport/logstash.js	56	logify/transport/logstash.js::program:create	opts	DIRECT	94489280874	opts	LOCAL	0	
68719477768	logify/transport/logstash.js	22	logify/transport/logstash.js::program	id	DIRECT	94489280871	id	LOCAL	0	
68719477769	logify/transport/logstash.js	26	logify/transport/logstash.js::program	compose	DIRECT	94489280872	compose	LOCAL	0	
68719477770	logify/transport/logstash.js	32	logify/transport/logstash.js::program	create	DIRECT	94489280873	create	LOCAL	0	
68719477771	logify/transport/logstash.js	3	logify/transport/logstash.js::program	_interopRequireDefault	DIRECT	94489280879	_interopRequireDefault	LOCAL	0	
68719477772	logify/transport/logstash.js	3	logify/transport/logstash.js::program	require	DIRECT	94489280889	require	LOCAL	0	
68719477773	logify/transport/logstash.js	3	logify/transport/logstash.js::program	this	DIRECT	111669149820	this	METHOD_PARAMETER_IN	0	
68719477774	logify/transport/logstash.js	5	logify/transport/logstash.js::program	exports	DIRECT	94489280887	exports	LOCAL	0	
68719477777	logify/transport/logstash.js	8	logify/transport/logstash.js::program	exports	DIRECT	94489280887	exports	LOCAL	0	
68719477778	logify/transport/logstash.js	8	logify/transport/logstash.js::program	create	DIRECT	94489280873	create	LOCAL	0	
68719477779	logify/transport/logstash.js	10	logify/transport/logstash.js::program	_udp	DIRECT	94489280881	_udp	LOCAL	0	
68719477780	logify/transport/logstash.js	10	logify/transport/logstash.js::program	require	DIRECT	94489280889	require	LOCAL	0	
68719477781	logify/transport/logstash.js	10	logify/transport/logstash.js::program	this	DIRECT	111669149820	this	METHOD_PARAMETER_IN	0	
68719477782	logify/transport/logstash.js	12	logify/transport/logstash.js::program	_udp2	DIRECT	94489280882	_udp2	LOCAL	0	
68719477783	logify/transport/logstash.js	12	logify/transport/logstash.js::program	_interopRequireDefault	DIRECT	94489280879	_interopRequireDefault	LOCAL	0	
68719477784	logify/transport/logstash.js	12	logify/transport/logstash.js::program	this	DIRECT	111669149820	this	METHOD_PARAMETER_IN	0	
68719477785	logify/transport/logstash.js	12	logify/transport/logstash.js::program	_udp	DIRECT	94489280881	_udp	LOCAL	0	
68719477786	logify/transport/logstash.js	14	logify/transport/logstash.js::program	_tcp	DIRECT	94489280883	_tcp	LOCAL	0	
68719477787	logify/transport/logstash.js	14	logify/transport/logstash.js::program	require	DIRECT	94489280889	require	LOCAL	0	
68719477788	logify/transport/logstash.js	14	logify/transport/logstash.js::program	this	DIRECT	111669149820	this	METHOD_PARAMETER_IN	0	
68719477789	logify/transport/logstash.js	16	logify/transport/logstash.js::program	_tcp2	DIRECT	94489280884	_tcp2	LOCAL	0	
68719477790	logify/transport/logstash.js	16	logify/transport/logstash.js::program	_interopRequireDefault	DIRECT	94489280879	_interopRequireDefault	LOCAL	0	
68719477791	logify/transport/logstash.js	16	logify/transport/logstash.js::program	this	DIRECT	111669149820	this	METHOD_PARAMETER_IN	0	
68719477792	logify/transport/logstash.js	16	logify/transport/logstash.js::program	_tcp	DIRECT	94489280883	_tcp	LOCAL	0	
68719477793	logify/transport/logstash.js	18	logify/transport/logstash.js::program	_formatterJson	DIRECT	94489280885	_formatterJson	LOCAL	0	
68719477794	logify/transport/logstash.js	18	logify/transport/logstash.js::program	require	DIRECT	94489280889	require	LOCAL	0	
68719477795	logify/transport/logstash.js	18	logify/transport/logstash.js::program	this	DIRECT	111669149820	this	METHOD_PARAMETER_IN	0	
68719477796	logify/transport/logstash.js	20	logify/transport/logstash.js::program	_formatterJson2	DIRECT	94489280886	_formatterJson2	LOCAL	0	
68719477797	logify/transport/logstash.js	20	logify/transport/logstash.js::program	_interopRequireDefault	DIRECT	94489280879	_interopRequireDefault	LOCAL	0	
68719477798	logify/transport/logstash.js	20	logify/transport/logstash.js::program	this	DIRECT	111669149820	this	METHOD_PARAMETER_IN	0	
68719477799	logify/transport/logstash.js	20	logify/transport/logstash.js::program	_formatterJson	DIRECT	94489280885	_formatterJson	LOCAL	0	
68719477800	logify/transport/logstash.js	59	logify/transport/logstash.js::program	module	DIRECT	94489280888	module	LOCAL	0	
68719477801	logify/transport/logstash.js	59	logify/transport/logstash.js::program	exports	DIRECT	94489280887	exports	LOCAL	0	
68719477802	logify/transport/stream.js	14	logify/transport/stream.js::program:create:log:<lambda>0:<lambda>1	err	DIRECT	111669149822	err	METHOD_PARAMETER_IN	0	
68719477803	logify/transport/stream.js	15	logify/transport/stream.js::program:create:log:<lambda>0:<lambda>1	reject	CAPTURED	111669149825	reject	METHOD_PARAMETER_IN	1	
68719477804	logify/transport/stream.js	15	logify/transport/stream.js::program:create:log:<lambda>0:<lambda>1	this	DIRECT	111669149821	this	METHOD_PARAMETER_IN	0	
68719477805	logify/transport/stream.js	15	logify/transport/stream.js::program:create:log:<lambda>0:<lambda>1	err	DIRECT	111669149822	err	METHOD_PARAMETER_IN	0	
68719477806	logify/transport/stream.js	17	logify/transport/stream.js::program:create:log:<lambda>0:<lambda>1	resolve	CAPTURED	111669149824	resolve	METHOD_PARAMETER_IN	1	
68719477807	logify/transport/stream.js	17	logify/transport/stream.js::program:create:log:<lambda>0:<lambda>1	this	DIRECT	111669149821	this	METHOD_PARAMETER_IN	0	
68719477808	logify/transport/stream.js	13	logify/transport/stream.js::program:create:log:<lambda>0	stream	CAPTURED	111669149829	stream	METHOD_PARAMETER_IN	2	
68719477809	logify/transport/stream.js	13	logify/transport/stream.js::program:create:log:<lambda>0	stream	CAPTURED	111669149829	stream	METHOD_PARAMETER_IN	2	
68719477810	logify/transport/stream.js	13	logify/transport/stream.js::program:create:log:<lambda>0	layout	CAPTURED	111669149830	layout	METHOD_PARAMETER_IN	2	
68719477811	logify/transport/stream.js	13	logify/transport/stream.js::program:create:log:<lambda>0	this	DIRECT	111669149823	this	METHOD_PARAMETER_IN	0	
68719477812	logify/transport/stream.js	13	logify/transport/stream.js::program:create:log:<lambda>0	entry	CAPTURED	111669149827	entry	METHOD_PARAMETER_IN	1	
68719477813	logify/transport/stream.js	12	logify/transport/stream.js::program:create:log	_tmp_0	DIRECT	94489280917	_tmp_0	LOCAL	0	
68719477814	logify/transport/stream.js	12	logify/transport/stream.js::program:create:log	_Promise	CAPTURED	94489280903	_Promise	LOCAL	2	
68719477817	logify/transport/stream.js	10	logify/transport/stream.js::program	create	DIRECT	94489280901	create	LOCAL	0	
68719477818	logify/transport/stream.js	3	logify/transport/stream.js::program	_Promise	DIRECT	94489280903	_Promise	LOCAL	0	
68719477819	logify/transport/stream.js	3	logify/transport/stream.js::program	require	DIRECT	94489280907	require	LOCAL	0	
68719477820	logify/transport/stream.js	3	logify/transport/stream.js::program	this	DIRECT	111669149831	this	METHOD_PARAMETER_IN	0	
68719477821	logify/transport/stream.js	5	logify/transport/stream.js::program	exports	DIRECT	94489280905	exports	LOCAL	0	
68719477824	logify/transport/stream.js	8	logify/transport/stream.js::program	exports	DIRECT	94489280905	exports	LOCAL	0	
68719477825	logify/transport/stream.js	8	logify/transport/stream.js::program	create	DIRECT	94489280901	create	LOCAL	0	
68719477826	logify/transport/stream.js	23	logify/transport/stream.js::program	module	DIRECT	94489280906	module	LOCAL	0	
68719477827	logify/transport/stream.js	23	logify/transport/stream.js::program	exports	DIRECT	94489280905	exports	LOCAL	0	
68719477828	logify/transport/tcp.js	29	logify/transport/tcp.js::program:create:<lambda>0	socket	CAPTURED	94489280921	socket	LOCAL	1	
68719477829	logify/transport/tcp.js	29	logify/transport/tcp.js::program:create:<lambda>0	sock	DIRECT	111669149833	sock	METHOD_PARAMETER_IN	0	
68719477830	logify/transport/tcp.js	38	logify/transport/tcp.js::program:create:write:<lambda>1:<lambda>2	err	DIRECT	111669149835	err	METHOD_PARAMETER_IN	0	
68719477831	logify/transport/tcp.js	39	logify/transport/tcp.js::program:create:write:<lambda>1:<lambda>2	reject	CAPTURED	111669149838	reject	METHOD_PARAMETER_IN	1	
68719477832	logify/transport/tcp.js	39	logify/transport/tcp.js::program:create:write:<lambda>1:<lambda>2	this	DIRECT	111669149834	this	METHOD_PARAMETER_IN	0	
68719477833	logify/transport/tcp.js	39	logify/transport/tcp.js::program:create:write:<lambda>1:<lambda>2	err	DIRECT	111669149835	err	METHOD_PARAMETER_IN	0	
68719477834	logify/transport/tcp.js	41	logify/transport/tcp.js::program:create:write:<lambda>1:<lambda>2	resolve	CAPTURED	111669149837	resolve	METHOD_PARAMETER_IN	1	
68719477835	logify/transport/tcp.js	41	logify/transport/tcp.js::program:create:write:<lambda>1:<lambda>2	this	DIRECT	111669149834	this	METHOD_PARAMETER_IN	0	
68719477836	logify/transport/tcp.js	37	logify/transport/tcp.js::program:create:write:<lambda>1	socket	CAPTURED	94489280921	socket	LOCAL	2	
68719477837	logify/transport/tcp.js	37	logify/transport/tcp.js::program:create:write:<lambda>1	socket	CAPTURED	94489280921	socket	LOCAL	2	
68719477838	logify/transport/tcp.js	37	logify/transport/tcp.js::program:create:write:<lambda>1	opts	CAPTURED	94489280919	opts	LOCAL	2	
68719477839	logify/transport/tcp.js	37	logify/transport/tcp.js::program:create:write:<lambda>1	opts	CAPTURED	94489280919	opts	LOCAL	2	
68719477840	logify/transport/tcp.js	37	logify/transport/tcp.js::program:create:write:<lambda>1	entry	CAPTURED	111669149840	entry	METHOD_PARAMETER_IN	1	
68719477841	logify/transport/tcp.js	33	logify/transport/tcp.js::program:create:write	socket	CAPTURED	94489280921	socket	LOCAL	1	
68719477842	logify/transport/tcp.js	34	logify/transport/tcp.js::program:create:write	_Promise	CAPTURED	94489280924	_Promise	LOCAL	2	
68719477843	logify/transport/tcp.js	34	logify/transport/tcp.js::program:create:write	_Promise	CAPTURED	94489280924	_Promise	LOCAL	2	
68719477844	logify/transport/tcp.js	34	logify/transport/tcp.js::program:create:write	_tmp_2	DIRECT	94489280945	_tmp_2	LOCAL	0	
68719477845	logify/transport/tcp.js	34	logify/transport/tcp.js::program:create:write	Error	DIRECT	94489280944	Error	LOCAL	0	
68719477848	logify/transport/tcp.js	36	logify/transport/tcp.js::program:create:write	_tmp_3	DIRECT	94489280943	_tmp_3	LOCAL	0	
68719477849	logify/transport/tcp.js	36	logify/transport/tcp.js::program:create:write	_Promise	CAPTURED	94489280924	_Promise	LOCAL	2	
68719477852	logify/transport/tcp.js	21	logify/transport/tcp.js::program:create	opts	DIRECT	94489280919	opts	LOCAL	0	
68719477853	logify/transport/tcp.js	21	logify/transport/tcp.js::program:create	arguments	DIRECT	94489280951	arguments	LOCAL	0	
68719477854	logify/transport/tcp.js	21	logify/transport/tcp.js::program:create	arguments	DIRECT	94489280951	arguments	LOCAL	0	
68719477855	logify/transport/tcp.js	21	logify/transport/tcp.js::program:create	undefined	DIRECT	94489280949	undefined	LOCAL	0	
68719477857	logify/transport/tcp.js	21	logify/transport/tcp.js::program:create	arguments	DIRECT	94489280951	arguments	LOCAL	0	
68719477858	logify/transport/tcp.js	23	logify/transport/tcp.js::program:create	opts	DIRECT	94489280919	opts	LOCAL	0	
68719477859	logify/transport/tcp.js	23	logify/transport/tcp.js::program:create	opts	DIRECT	94489280919	opts	LOCAL	0	
68719477860	logify/transport/tcp.js	24	logify/transport/tcp.js::program:create	opts	DIRECT	94489280919	opts	LOCAL	0	
68719477861	logify/transport/tcp.js	24	logify/transport/tcp.js::program:create	opts	DIRECT	94489280919	opts	LOCAL	0	
68719477862	logify/transport/tcp.js	25	logify/transport/tcp.js::program:create	opts	DIRECT	94489280919	opts	LOCAL	0	
68719477863	logify/transport/tcp.js	25	logify/transport/tcp.js::program:create	opts	DIRECT	94489280919	opts	LOCAL	0	
68719477864	logify/transport/tcp.js	25	logify/transport/tcp.js::program:create	_formatterJsonLine2	CAPTURED	94489280930	_formatterJsonLine2	LOCAL	1	
68719477865	logify/transport/tcp.js	26	logify/transport/tcp.js::program:create	socket	DIRECT	94489280921	socket	LOCAL	0	
68719477866	logify/transport/tcp.js	26	logify/transport/tcp.js::program:create	undefined	DIRECT	94489280949	undefined	LOCAL	0	
68719477867	logify/transport/tcp.js	28	logify/transport/tcp.js::program:create	_tmp_1	DIRECT	94489280946	_tmp_1	LOCAL	0	
68719477868	logify/transport/tcp.js	28	logify/transport/tcp.js::program:create	_reconnectNet2	CAPTURED	94489280928	_reconnectNet2	LOCAL	1	
68719477869	logify/transport/tcp.js	28	logify/transport/tcp.js::program:create	this	DIRECT	111669149841	this	METHOD_PARAMETER_IN	0	
68719477870	logify/transport/tcp.js	28	logify/transport/tcp.js::program:create	_tmp_1	DIRECT	94489280946	_tmp_1	LOCAL	0	
68719477871	logify/transport/tcp.js	30	logify/transport/tcp.js::program:create	opts	DIRECT	94489280919	opts	LOCAL	0	
68719477872	logify/transport/tcp.js	30	logify/transport/tcp.js::program:create	opts	DIRECT	94489280919	opts	LOCAL	0	
68719477873	logify/transport/tcp.js	20	logify/transport/tcp.js::program	create	DIRECT	94489280918	create	LOCAL	0	
68719477874	logify/transport/tcp.js	3	logify/transport/tcp.js::program	_Promise	DIRECT	94489280924	_Promise	LOCAL	0	
68719477875	logify/transport/tcp.js	3	logify/transport/tcp.js::program	require	DIRECT	94489280933	require	LOCAL	0	
68719477876	logify/transport/tcp.js	3	logify/transport/tcp.js::program	this	DIRECT	111669149842	this	METHOD_PARAMETER_IN	0	
68719477877	logify/transport/tcp.js	5	logify/transport/tcp.js::program	_interopRequireDefault	DIRECT	94489280925	_interopRequireDefault	LOCAL	0	
68719477878	logify/transport/tcp.js	5	logify/transport/tcp.js::program	require	DIRECT	94489280933	require	LOCAL	0	
68719477879	logify/transport/tcp.js	5	logify/transport/tcp.js::program	this	DIRECT	111669149842	this	METHOD_PARAMETER_IN	0	
68719477880	logify/transport/tcp.js	7	logify/transport/tcp.js::program	exports	DIRECT	94489280931	exports	LOCAL	0	
68719477883	logify/transport/tcp.js	10	logify/transport/tcp.js::program	exports	DIRECT	94489280931	exports	LOCAL	0	
68719477884	logify/transport/tcp.js	10	logify/transport/tcp.js::program	create	DIRECT	94489280918	create	LOCAL	0	
68719477885	logify/transport/tcp.js	12	logify/transport/tcp.js::program	_reconnectNet	DIRECT	94489280927	_reconnectNet	LOCAL	0	
68719477886	logify/transport/tcp.js	12	logify/transport/tcp.js::program	require	DIRECT	94489280933	require	LOCAL	0	
68719477887	logify/transport/tcp.js	12	logify/transport/tcp.js::program	this	DIRECT	111669149842	this	METHOD_PARAMETER_IN	0	
68719477888	logify/transport/tcp.js	14	logify/transport/tcp.js::program	_reconnectNet2	DIRECT	94489280928	_reconnectNet2	LOCAL	0	
68719477889	logify/transport/tcp.js	14	logify/transport/tcp.js::program	_interopRequireDefault	DIRECT	94489280925	_interopRequireDefault	LOCAL	0	
68719477890	logify/transport/tcp.js	14	logify/transport/tcp.js::program	this	DIRECT	111669149842	this	METHOD_PARAMETER_IN	0	
68719477891	logify/transport/tcp.js	14	logify/transport/tcp.js::program	_reconnectNet	DIRECT	94489280927	_reconnectNet	LOCAL	0	
68719477892	logify/transport/tcp.js	16	logify/transport/tcp.js::program	_formatterJsonLine	DIRECT	94489280929	_formatterJsonLine	LOCAL	0	
68719477893	logify/transport/tcp.js	16	logify/transport/tcp.js::program	require	DIRECT	94489280933	require	LOCAL	0	
68719477894	logify/transport/tcp.js	16	logify/transport/tcp.js::program	this	DIRECT	111669149842	this	METHOD_PARAMETER_IN	0	
68719477895	logify/transport/tcp.js	18	logify/transport/tcp.js::program	_formatterJsonLine2	DIRECT	94489280930	_formatterJsonLine2	LOCAL	0	
68719477896	logify/transport/tcp.js	18	logify/transport/tcp.js::program	_interopRequireDefault	DIRECT	94489280925	_interopRequireDefault	LOCAL	0	
68719477897	logify/transport/tcp.js	18	logify/transport/tcp.js::program	this	DIRECT	111669149842	this	METHOD_PARAMETER_IN	0	
68719477898	logify/transport/tcp.js	18	logify/transport/tcp.js::program	_formatterJsonLine	DIRECT	94489280929	_formatterJsonLine	LOCAL	0	
68719477899	logify/transport/tcp.js	47	logify/transport/tcp.js::program	module	DIRECT	94489280932	module	LOCAL	0	
68719477900	logify/transport/tcp.js	47	logify/transport/tcp.js::program	exports	DIRECT	94489280931	exports	LOCAL	0	
68719477901	logify/transport/udp.js	34	logify/transport/udp.js::program:create:log:<lambda>0:<lambda>1	err	DIRECT	111669149844	err	METHOD_PARAMETER_IN	0	
68719477902	logify/transport/udp.js	35	logify/transport/udp.js::program:create:log:<lambda>0:<lambda>1	reject	CAPTURED	111669149847	reject	METHOD_PARAMETER_IN	1	
68719477903	logify/transport/udp.js	35	logify/transport/udp.js::program:create:log:<lambda>0:<lambda>1	this	DIRECT	111669149843	this	METHOD_PARAMETER_IN	0	
68719477904	logify/transport/udp.js	35	logify/transport/udp.js::program:create:log:<lambda>0:<lambda>1	err	DIRECT	111669149844	err	METHOD_PARAMETER_IN	0	
68719477905	logify/transport/udp.js	37	logify/transport/udp.js::program:create:log:<lambda>0:<lambda>1	resolve	CAPTURED	111669149846	resolve	METHOD_PARAMETER_IN	1	
68719477906	logify/transport/udp.js	37	logify/transport/udp.js::program:create:log:<lambda>0:<lambda>1	this	DIRECT	111669149843	this	METHOD_PARAMETER_IN	0	
68719477907	logify/transport/udp.js	33	logify/transport/udp.js::program:create:log:<lambda>0	socket	CAPTURED	94489280955	socket	LOCAL	2	
68719477908	logify/transport/udp.js	33	logify/transport/udp.js::program:create:log:<lambda>0	socket	CAPTURED	94489280955	socket	LOCAL	2	
68719477909	logify/transport/udp.js	33	logify/transport/udp.js::program:create:log:<lambda>0	message	CAPTURED	94489280956	message	LOCAL	1	
68719477910	logify/transport/udp.js	33	logify/transport/udp.js::program:create:log:<lambda>0	message	CAPTURED	94489280956	message	LOCAL	1	
68719477911	logify/transport/udp.js	33	logify/transport/udp.js::program:create:log:<lambda>0	opts	CAPTURED	94489280953	opts	LOCAL	2	
68719477912	logify/transport/udp.js	33	logify/transport/udp.js::program:create:log:<lambda>0	opts	CAPTURED	94489280953	opts	LOCAL	2	
68719477913	logify/transport/udp.js	31	logify/transport/udp.js::program:create:log	message	DIRECT	94489280956	message	LOCAL	0	
68719477914	logify/transport/udp.js	31	logify/transport/udp.js::program:create:log	opts	CAPTURED	94489280953	opts	LOCAL	1	
68719477915	logify/transport/udp.js	31	logify/transport/udp.js::program:create:log	opts	CAPTURED	94489280953	opts	LOCAL	1	
68719477916	logify/transport/udp.js	31	logify/transport/udp.js::program:create:log	entry	DIRECT	111669149849	entry	METHOD_PARAMETER_IN	0	
68719477917	logify/transport/udp.js	32	logify/transport/udp.js::program:create:log	_tmp_2	DIRECT	94489280977	_tmp_2	LOCAL	0	
68719477918	logify/transport/udp.js	32	logify/transport/udp.js::program:create:log	_Promise	CAPTURED	94489280958	_Promise	LOCAL	2	
68719477921	logify/transport/udp.js	21	logify/transport/udp.js::program:create	opts	DIRECT	94489280953	opts	LOCAL	0	
68719477922	logify/transport/udp.js	21	logify/transport/udp.js::program:create	arguments	DIRECT	94489280981	arguments	LOCAL	0	
68719477923	logify/transport/udp.js	21	logify/transport/udp.js::program:create	arguments	DIRECT	94489280981	arguments	LOCAL	0	
68719477924	logify/transport/udp.js	21	logify/transport/udp.js::program:create	undefined	DIRECT	94489280982	undefined	LOCAL	0	
68719477926	logify/transport/udp.js	21	logify/transport/udp.js::program:create	arguments	DIRECT	94489280981	arguments	LOCAL	0	
68719477927	logify/transport/udp.js	23	logify/transport/udp.js::program:create	opts	DIRECT	94489280953	opts	LOCAL	0	
68719477928	logify/transport/udp.js	23	logify/transport/udp.js::program:create	opts	DIRECT	94489280953	opts	LOCAL	0	
68719477929	logify/transport/udp.js	24	logify/transport/udp.js::program:create	opts	DIRECT	94489280953	opts	LOCAL	0	
68719477930	logify/transport/udp.js	24	logify/transport/udp.js::program:create	opts	DIRECT	94489280953	opts	LOCAL	0	
68719477931	logify/transport/udp.js	25	logify/transport/udp.js::program:create	opts	DIRECT	94489280953	opts	LOCAL	0	
68719477932	logify/transport/udp.js	25	logify/transport/udp.js::program:create	opts	DIRECT	94489280953	opts	LOCAL	0	
68719477933	logify/transport/udp.js	26	logify/transport/udp.js::program:create	opts	DIRECT	94489280953	opts	LOCAL	0	
68719477934	logify/transport/udp.js	26	logify/transport/udp.js::program:create	opts	DIRECT	94489280953	opts	LOCAL	0	
68719477935	logify/transport/udp.js	26	logify/transport/udp.js::program:create	_formatterJsonLine2	CAPTURED	94489280964	_formatterJsonLine2	LOCAL	1	
68719477936	logify/transport/udp.js	28	logify/transport/udp.js::program:create	socket	DIRECT	94489280955	socket	LOCAL	0	
68719477937	logify/transport/udp.js	28	logify/transport/udp.js::program:create	_tmp_1	DIRECT	94489280978	_tmp_1	LOCAL	0	
68719477938	logify/transport/udp.js	28	logify/transport/udp.js::program:create	_dgram2	CAPTURED	94489280962	_dgram2	LOCAL	1	
68719477939	logify/transport/udp.js	28	logify/transport/udp.js::program:create	_tmp_1	DIRECT	94489280978	_tmp_1	LOCAL	0	
68719477940	logify/transport/udp.js	28	logify/transport/udp.js::program:create	opts	DIRECT	94489280953	opts	LOCAL	0	
68719477941	logify/transport/udp.js	20	logify/transport/udp.js::program	create	DIRECT	94489280952	create	LOCAL	0	
68719477942	logify/transport/udp.js	3	logify/transport/udp.js::program	_Promise	DIRECT	94489280958	_Promise	LOCAL	0	
68719477943	logify/transport/udp.js	3	logify/transport/udp.js::program	require	DIRECT	94489280967	require	LOCAL	0	
68719477944	logify/transport/udp.js	3	logify/transport/udp.js::program	this	DIRECT	111669149851	this	METHOD_PARAMETER_IN	0	
68719477945	logify/transport/udp.js	5	logify/transport/udp.js::program	_interopRequireDefault	DIRECT	94489280959	_interopRequireDefault	LOCAL	0	
68719477946	logify/transport/udp.js	5	logify/transport/udp.js::program	require	DIRECT	94489280967	require	LOCAL	0	
68719477947	logify/transport/udp.js	5	logify/transport/udp.js::program	this	DIRECT	111669149851	this	METHOD_PARAMETER_IN	0	
68719477948	logify/transport/udp.js	7	logify/transport/udp.js::program	exports	DIRECT	94489280965	exports	LOCAL	0	
68719477951	logify/transport/udp.js	10	logify/transport/udp.js::program	exports	DIRECT	94489280965	exports	LOCAL	0	
68719477952	logify/transport/udp.js	10	logify/transport/udp.js::program	create	DIRECT	94489280952	create	LOCAL	0	
68719477953	logify/transport/udp.js	12	logify/transport/udp.js::program	_dgram	DIRECT	94489280961	_dgram	LOCAL	0	
68719477954	logify/transport/udp.js	12	logify/transport/udp.js::program	require	DIRECT	94489280967	require	LOCAL	0	
68719477955	logify/transport/udp.js	12	logify/transport/udp.js::program	this	DIRECT	111669149851	this	METHOD_PARAMETER_IN	0	
68719477956	logify/transport/udp.js	14	logify/transport/udp.js::program	_dgram2	DIRECT	94489280962	_dgram2	LOCAL	0	
68719477957	logify/transport/udp.js	14	logify/transport/udp.js::program	_interopRequireDefault	DIRECT	94489280959	_interopRequireDefault	LOCAL	0	
68719477958	logify/transport/udp.js	14	logify/transport/udp.js::program	this	DIRECT	111669149851	this	METHOD_PARAMETER_IN	0	
68719477959	logify/transport/udp.js	14	logify/transport/udp.js::program	_dgram	DIRECT	94489280961	_dgram	LOCAL	0	
68719477960	logify/transport/udp.js	16	logify/transport/udp.js::program	_formatterJsonLine	DIRECT	94489280963	_formatterJsonLine	LOCAL	0	
68719477961	logify/transport/udp.js	16	logify/transport/udp.js::program	require	DIRECT	94489280967	require	LOCAL	0	
68719477962	logify/transport/udp.js	16	logify/transport/udp.js::program	this	DIRECT	111669149851	this	METHOD_PARAMETER_IN	0	
68719477963	logify/transport/udp.js	18	logify/transport/udp.js::program	_formatterJsonLine2	DIRECT	94489280964	_formatterJsonLine2	LOCAL	0	
68719477964	logify/transport/udp.js	18	logify/transport/udp.js::program	_interopRequireDefault	DIRECT	94489280959	_interopRequireDefault	LOCAL	0	
68719477965	logify/transport/udp.js	18	logify/transport/udp.js::program	this	DIRECT	111669149851	this	METHOD_PARAMETER_IN	0	
68719477966	logify/transport/udp.js	18	logify/transport/udp.js::program	_formatterJsonLine	DIRECT	94489280963	_formatterJsonLine	LOCAL	0	
68719477967	logify/transport/udp.js	43	logify/transport/udp.js::program	module	DIRECT	94489280966	module	LOCAL	0	
68719477968	logify/transport/udp.js	43	logify/transport/udp.js::program	exports	DIRECT	94489280965	exports	LOCAL	0	
68719477969	miniml/command.js	2	miniml/command.js::program	parseArgs	DIRECT	94489280983	parseArgs	LOCAL	0	
68719477971	miniml/command.js	2	miniml/command.js::program	this	DIRECT	111669149852	this	METHOD_PARAMETER_IN	0	
68719477972	miniml/command.js	3	miniml/command.js::program	loadModelSync	DIRECT	94489280984	loadModelSync	LOCAL	0	
68719477974	miniml/command.js	3	miniml/command.js::program	this	DIRECT	111669149852	this	METHOD_PARAMETER_IN	0	
68719477975	miniml/command.js	3	miniml/command.js::program	renderQuery	DIRECT	94489280985	renderQuery	LOCAL	0	
68719477977	miniml/command.js	3	miniml/command.js::program	this	DIRECT	111669149852	this	METHOD_PARAMETER_IN	0	
68719477978	miniml/command.js	4	miniml/command.js::program	args	DIRECT	94489280986	args	LOCAL	0	
68719477979	miniml/command.js	4	miniml/command.js::program	parseArgs	DIRECT	94489280983	parseArgs	LOCAL	0	
68719477980	miniml/command.js	4	miniml/command.js::program	this	DIRECT	111669149852	this	METHOD_PARAMETER_IN	0	
68719477997	miniml/command.js	22	miniml/command.js::program	file	DIRECT	94489280990	file	LOCAL	0	
68719477998	miniml/command.js	22	miniml/command.js::program	_tmp_3	DIRECT	94489281001	_tmp_3	LOCAL	0	
68719477999	miniml/command.js	22	miniml/command.js::program	args	DIRECT	94489280986	args	LOCAL	0	
68719478000	miniml/command.js	22	miniml/command.js::program	_tmp_3	DIRECT	94489281001	_tmp_3	LOCAL	0	
68719478001	miniml/command.js	22	miniml/command.js::program	args	DIRECT	94489280986	args	LOCAL	0	
68719478002	miniml/command.js	22	miniml/command.js::program	args	DIRECT	94489280986	args	LOCAL	0	
68719478003	miniml/command.js	23	miniml/command.js::program	model	DIRECT	94489280991	model	LOCAL	0	
68719478004	miniml/command.js	23	miniml/command.js::program	loadModelSync	DIRECT	94489280984	loadModelSync	LOCAL	0	
68719478005	miniml/command.js	23	miniml/command.js::program	this	DIRECT	111669149852	this	METHOD_PARAMETER_IN	0	
68719478006	miniml/command.js	23	miniml/command.js::program	file	DIRECT	94489280990	file	LOCAL	0	
68719478007	miniml/command.js	24	miniml/command.js::program	args	DIRECT	94489280986	args	LOCAL	0	
68719478008	miniml/command.js	25	miniml/command.js::program	console	DIRECT	94489280996	console	LOCAL	0	
68719478009	miniml/command.js	25	miniml/command.js::program	console	DIRECT	94489280996	console	LOCAL	0	
68719478010	miniml/command.js	25	miniml/command.js::program	model	DIRECT	94489280991	model	LOCAL	0	
68719478011	miniml/command.js	28	miniml/command.js::program	query	DIRECT	94489280992	query	LOCAL	0	
68719478012	miniml/command.js	28	miniml/command.js::program	renderQuery	DIRECT	94489280985	renderQuery	LOCAL	0	
68719478013	miniml/command.js	28	miniml/command.js::program	this	DIRECT	111669149852	this	METHOD_PARAMETER_IN	0	
68719478014	miniml/command.js	28	miniml/command.js::program	model	DIRECT	94489280991	model	LOCAL	0	
68719478016	miniml/command.js	29	miniml/command.js::program	args	DIRECT	94489280986	args	LOCAL	0	
68719478017	miniml/command.js	29	miniml/command.js::program	_tmp_5	DIRECT	94489281000	_tmp_5	LOCAL	0	
68719478018	miniml/command.js	29	miniml/command.js::program	args	DIRECT	94489280986	args	LOCAL	0	
68719478019	miniml/command.js	29	miniml/command.js::program	_tmp_5	DIRECT	94489281000	_tmp_5	LOCAL	0	
68719478021	miniml/command.js	30	miniml/command.js::program	args	DIRECT	94489280986	args	LOCAL	0	
68719478022	miniml/command.js	30	miniml/command.js::program	_tmp_6	DIRECT	94489280999	_tmp_6	LOCAL	0	
68719478023	miniml/command.js	30	miniml/command.js::program	args	DIRECT	94489280986	args	LOCAL	0	
68719478024	miniml/command.js	30	miniml/command.js::program	_tmp_6	DIRECT	94489280999	_tmp_6	LOCAL	0	
68719478026	miniml/command.js	31	miniml/command.js::program	args	DIRECT	94489280986	args	LOCAL	0	
68719478028	miniml/command.js	32	miniml/command.js::program	args	DIRECT	94489280986	args	LOCAL	0	
68719478030	miniml/command.js	33	miniml/command.js::program	args	DIRECT	94489280986	args	LOCAL	0	
68719478032	miniml/command.js	34	miniml/command.js::program	args	DIRECT	94489280986	args	LOCAL	0	
68719478034	miniml/command.js	35	miniml/command.js::program	args	DIRECT	94489280986	args	LOCAL	0	
68719478035	miniml/command.js	35	miniml/command.js::program	_tmp_7	DIRECT	94489280998	_tmp_7	LOCAL	0	
68719478036	miniml/command.js	35	miniml/command.js::program	args	DIRECT	94489280986	args	LOCAL	0	
68719478037	miniml/command.js	35	miniml/command.js::program	_tmp_7	DIRECT	94489280998	_tmp_7	LOCAL	0	
68719478039	miniml/command.js	36	miniml/command.js::program	args	DIRECT	94489280986	args	LOCAL	0	
68719478040	miniml/command.js	36	miniml/command.js::program	args	DIRECT	94489280986	args	LOCAL	0	
68719478041	miniml/command.js	36	miniml/command.js::program	undefined	DIRECT	94489280997	undefined	LOCAL	0	
68719478043	miniml/command.js	37	miniml/command.js::program	args	DIRECT	94489280986	args	LOCAL	0	
68719478045	miniml/command.js	38	miniml/command.js::program	args	DIRECT	94489280986	args	LOCAL	0	
68719478047	miniml/command.js	40	miniml/command.js::program	console	DIRECT	94489280996	console	LOCAL	0	
68719478048	miniml/command.js	40	miniml/command.js::program	console	DIRECT	94489280996	console	LOCAL	0	
68719478049	miniml/command.js	40	miniml/command.js::program	query	DIRECT	94489280992	query	LOCAL	0	
68719478050	miniml/command.js	43	miniml/command.js::program	err	DIRECT	94489280994	err	LOCAL	0	
68719478051	miniml/command.js	44	miniml/command.js::program	console	DIRECT	94489280996	console	LOCAL	0	
68719478052	miniml/command.js	44	miniml/command.js::program	console	DIRECT	94489280996	console	LOCAL	0	
68719478053	miniml/command.js	44	miniml/command.js::program	err	DIRECT	94489280994	err	LOCAL	0	
68719478054	miniml/command.js	44	miniml/command.js::program	Error	DIRECT	94489280995	Error	LOCAL	0	
68719478055	miniml/command.js	44	miniml/command.js::program	err	DIRECT	94489280994	err	LOCAL	0	
68719478056	miniml/command.js	44	miniml/command.js::program	err	DIRECT	94489280994	err	LOCAL	0	
68719478057	miniml/index.js	1	miniml/index.js::program	_common.js	DIRECT	94489281002	_common.js	LOCAL	0	
68719478059	miniml/index.js	1	miniml/index.js::program	_common.js	DIRECT	94489281002	_common.js	LOCAL	0	
68719478060	miniml/index.js	2	miniml/index.js::program	_load.js	DIRECT	94489281003	_load.js	LOCAL	0	
68719478062	miniml/index.js	2	miniml/index.js::program	_load.js	DIRECT	94489281003	_load.js	LOCAL	0	
68719478063	miniml/index.js	3	miniml/index.js::program	_query.js	DIRECT	94489281004	_query.js	LOCAL	0	
68719478065	miniml/index.js	3	miniml/index.js::program	_query.js	DIRECT	94489281004	_query.js	LOCAL	0	
68719478067	miniml/lib/common.js	5	miniml/lib/common.js::program:SqlValidationError:<init>	this	DIRECT	111669149854	this	METHOD_PARAMETER_IN	0	
68719478068	miniml/lib/common.js	5	miniml/lib/common.js::program:SqlValidationError:<init>	message	DIRECT	111669149855	message	METHOD_PARAMETER_IN	0	
68719478069	miniml/lib/common.js	6	miniml/lib/common.js::program:SqlValidationError:<init>	this	DIRECT	111669149854	this	METHOD_PARAMETER_IN	0	
68719478070	miniml/lib/common.js	6	miniml/lib/common.js::program:SqlValidationError:<init>	violations	DIRECT	111669149856	violations	METHOD_PARAMETER_IN	0	
68719478071	miniml/lib/common.js	7	miniml/lib/common.js::program:SqlValidationError:<init>	this	DIRECT	111669149854	this	METHOD_PARAMETER_IN	0	
68719478072	miniml/lib/common.js	7	miniml/lib/common.js::program:SqlValidationError:<init>	suggestions	DIRECT	111669149857	suggestions	METHOD_PARAMETER_IN	0	
68719478073	miniml/lib/common.js	8	miniml/lib/common.js::program:SqlValidationError:<init>	this	DIRECT	111669149854	this	METHOD_PARAMETER_IN	0	
68719478077	miniml/lib/common.js	29	miniml/lib/common.js::program:extractFieldReferencesFromNode:<lambda>0	extractFieldReferencesFromNode	CAPTURED	94489281006	extractFieldReferencesFromNode	LOCAL	2	
68719478078	miniml/lib/common.js	29	miniml/lib/common.js::program:extractFieldReferencesFromNode:<lambda>0	this	DIRECT	111669149858	this	METHOD_PARAMETER_IN	0	
68719478079	miniml/lib/common.js	29	miniml/lib/common.js::program:extractFieldReferencesFromNode:<lambda>0	item	DIRECT	111669149859	item	METHOD_PARAMETER_IN	0	
68719478080	miniml/lib/common.js	29	miniml/lib/common.js::program:extractFieldReferencesFromNode:<lambda>0	field_set	CAPTURED	111669149862	field_set	METHOD_PARAMETER_IN	1	
68719478081	miniml/lib/common.js	12	miniml/lib/common.js::program:extractFieldReferencesFromNode	node	DIRECT	111669149861	node	METHOD_PARAMETER_IN	0	
68719478082	miniml/lib/common.js	12	miniml/lib/common.js::program:extractFieldReferencesFromNode	node	DIRECT	111669149861	node	METHOD_PARAMETER_IN	0	
68719478083	miniml/lib/common.js	14	miniml/lib/common.js::program:extractFieldReferencesFromNode	node	DIRECT	111669149861	node	METHOD_PARAMETER_IN	0	
68719478084	miniml/lib/common.js	15	miniml/lib/common.js::program:extractFieldReferencesFromNode	node	DIRECT	111669149861	node	METHOD_PARAMETER_IN	0	
68719478085	miniml/lib/common.js	15	miniml/lib/common.js::program:extractFieldReferencesFromNode	node	DIRECT	111669149861	node	METHOD_PARAMETER_IN	0	
68719478086	miniml/lib/common.js	15	miniml/lib/common.js::program:extractFieldReferencesFromNode	node	DIRECT	111669149861	node	METHOD_PARAMETER_IN	0	
68719478087	miniml/lib/common.js	16	miniml/lib/common.js::program:extractFieldReferencesFromNode	field_set	DIRECT	111669149862	field_set	METHOD_PARAMETER_IN	0	
68719478088	miniml/lib/common.js	16	miniml/lib/common.js::program:extractFieldReferencesFromNode	field_set	DIRECT	111669149862	field_set	METHOD_PARAMETER_IN	0	
68719478089	miniml/lib/common.js	16	miniml/lib/common.js::program:extractFieldReferencesFromNode	node	DIRECT	111669149861	node	METHOD_PARAMETER_IN	0	
68719478090	miniml/lib/common.js	17	miniml/lib/common.js::program:extractFieldReferencesFromNode	node	DIRECT	111669149861	node	METHOD_PARAMETER_IN	0	
68719478091	miniml/lib/common.js	17	miniml/lib/common.js::program:extractFieldReferencesFromNode	node	DIRECT	111669149861	node	METHOD_PARAMETER_IN	0	
68719478092	miniml/lib/common.js	18	miniml/lib/common.js::program:extractFieldReferencesFromNode	node	DIRECT	111669149861	node	METHOD_PARAMETER_IN	0	
68719478093	miniml/lib/common.js	18	miniml/lib/common.js::program:extractFieldReferencesFromNode	node	DIRECT	111669149861	node	METHOD_PARAMETER_IN	0	
68719478094	miniml/lib/common.js	19	miniml/lib/common.js::program:extractFieldReferencesFromNode	field_set	DIRECT	111669149862	field_set	METHOD_PARAMETER_IN	0	
68719478095	miniml/lib/common.js	19	miniml/lib/common.js::program:extractFieldReferencesFromNode	field_set	DIRECT	111669149862	field_set	METHOD_PARAMETER_IN	0	
68719478096	miniml/lib/common.js	19	miniml/lib/common.js::program:extractFieldReferencesFromNode	node	DIRECT	111669149861	node	METHOD_PARAMETER_IN	0	
68719478097	miniml/lib/common.js	20	miniml/lib/common.js::program:extractFieldReferencesFromNode	Array	DIRECT	94489281015	Array	LOCAL	0	
68719478098	miniml/lib/common.js	20	miniml/lib/common.js::program:extractFieldReferencesFromNode	Array	DIRECT	94489281015	Array	LOCAL	0	
68719478099	miniml/lib/common.js	20	miniml/lib/common.js::program:extractFieldReferencesFromNode	node	DIRECT	111669149861	node	METHOD_PARAMETER_IN	0	
68719478100	miniml/lib/common.js	20	miniml/lib/common.js::program:extractFieldReferencesFromNode	node	DIRECT	111669149861	node	METHOD_PARAMETER_IN	0	
68719478101	miniml/lib/common.js	21	miniml/lib/common.js::program:extractFieldReferencesFromNode	columnName	DIRECT	94489281007	columnName	LOCAL	0	
68719478102	miniml/lib/common.js	21	miniml/lib/common.js::program:extractFieldReferencesFromNode	node	DIRECT	111669149861	node	METHOD_PARAMETER_IN	0	
68719478103	miniml/lib/common.js	21	miniml/lib/common.js::program:extractFieldReferencesFromNode	node	DIRECT	111669149861	node	METHOD_PARAMETER_IN	0	
68719478104	miniml/lib/common.js	22	miniml/lib/common.js::program:extractFieldReferencesFromNode	columnName	DIRECT	94489281007	columnName	LOCAL	0	
68719478105	miniml/lib/common.js	22	miniml/lib/common.js::program:extractFieldReferencesFromNode	columnName	DIRECT	94489281007	columnName	LOCAL	0	
68719478106	miniml/lib/common.js	23	miniml/lib/common.js::program:extractFieldReferencesFromNode	field_set	DIRECT	111669149862	field_set	METHOD_PARAMETER_IN	0	
68719478107	miniml/lib/common.js	23	miniml/lib/common.js::program:extractFieldReferencesFromNode	field_set	DIRECT	111669149862	field_set	METHOD_PARAMETER_IN	0	
68719478108	miniml/lib/common.js	23	miniml/lib/common.js::program:extractFieldReferencesFromNode	columnName	DIRECT	94489281007	columnName	LOCAL	0	
68719478109	miniml/lib/common.js	26	miniml/lib/common.js::program:extractFieldReferencesFromNode	_iterator_0	DIRECT	94489281018	_iterator_0	LOCAL	0	
68719478110	miniml/lib/common.js	26	miniml/lib/common.js::program:extractFieldReferencesFromNode	node	DIRECT	111669149861	node	METHOD_PARAMETER_IN	0	
68719478111	miniml/lib/common.js	26	miniml/lib/common.js::program:extractFieldReferencesFromNode	_result_0	DIRECT	94489281017	_result_0	LOCAL	0	
68719478112	miniml/lib/common.js	26	miniml/lib/common.js::program:extractFieldReferencesFromNode	key	DIRECT	94489281016	key	LOCAL	0	
68719478115	miniml/lib/common.js	27	miniml/lib/common.js::program:extractFieldReferencesFromNode	value	DIRECT	94489281011	value	LOCAL	0	
68719478116	miniml/lib/common.js	27	miniml/lib/common.js::program:extractFieldReferencesFromNode	node	DIRECT	111669149861	node	METHOD_PARAMETER_IN	0	
68719478117	miniml/lib/common.js	27	miniml/lib/common.js::program:extractFieldReferencesFromNode	key	DIRECT	94489281016	key	LOCAL	0	
68719478118	miniml/lib/common.js	28	miniml/lib/common.js::program:extractFieldReferencesFromNode	Array	DIRECT	94489281015	Array	LOCAL	0	
68719478119	miniml/lib/common.js	28	miniml/lib/common.js::program:extractFieldReferencesFromNode	Array	DIRECT	94489281015	Array	LOCAL	0	
68719478120	miniml/lib/common.js	28	miniml/lib/common.js::program:extractFieldReferencesFromNode	value	DIRECT	94489281011	value	LOCAL	0	
68719478121	miniml/lib/common.js	29	miniml/lib/common.js::program:extractFieldReferencesFromNode	value	DIRECT	94489281011	value	LOCAL	0	
68719478122	miniml/lib/common.js	29	miniml/lib/common.js::program:extractFieldReferencesFromNode	value	DIRECT	94489281011	value	LOCAL	0	
68719478123	miniml/lib/common.js	30	miniml/lib/common.js::program:extractFieldReferencesFromNode	value	DIRECT	94489281011	value	LOCAL	0	
68719478124	miniml/lib/common.js	31	miniml/lib/common.js::program:extractFieldReferencesFromNode	extractFieldReferencesFromNode	CAPTURED	94489281006	extractFieldReferencesFromNode	LOCAL	1	
68719478125	miniml/lib/common.js	31	miniml/lib/common.js::program:extractFieldReferencesFromNode	this	DIRECT	111669149860	this	METHOD_PARAMETER_IN	0	
68719478126	miniml/lib/common.js	31	miniml/lib/common.js::program:extractFieldReferencesFromNode	value	DIRECT	94489281011	value	LOCAL	0	
68719478127	miniml/lib/common.js	31	miniml/lib/common.js::program:extractFieldReferencesFromNode	field_set	DIRECT	111669149862	field_set	METHOD_PARAMETER_IN	0	
68719478128	miniml/lib/common.js	1	miniml/lib/common.js::program	SqlValidationError	DIRECT	94489281005	SqlValidationError	LOCAL	0	
68719478130	miniml/lib/common.js	1	miniml/lib/common.js::program	SqlValidationError	DIRECT	94489281005	SqlValidationError	LOCAL	0	
68719478131	miniml/lib/common.js	11	miniml/lib/common.js::program	extractFieldReferencesFromNode	DIRECT	94489281006	extractFieldReferencesFromNode	LOCAL	0	
68719478133	miniml/lib/common.js	11	miniml/lib/common.js::program	extractFieldReferencesFromNode	DIRECT	94489281006	extractFieldReferencesFromNode	LOCAL	0	
68719478134	miniml/lib/dialect.js	99	miniml/lib/dialect.js::program:parseDatePart	_tmp_0	DIRECT	94489281069	_tmp_0	LOCAL	0	
68719478135	miniml/lib/dialect.js	99	miniml/lib/dialect.js::program:parseDatePart	_tmp_0	DIRECT	94489281069	_tmp_0	LOCAL	0	
68719478136	miniml/lib/dialect.js	99	miniml/lib/dialect.js::program:parseDatePart	text	DIRECT	111669149865	text	METHOD_PARAMETER_IN	0	
68719478137	miniml/lib/dialect.js	101	miniml/lib/dialect.js::program:parseDatePart	_tmp_1	DIRECT	94489281068	_tmp_1	LOCAL	0	
68719478138	miniml/lib/dialect.js	101	miniml/lib/dialect.js::program:parseDatePart	_tmp_1	DIRECT	94489281068	_tmp_1	LOCAL	0	
68719478139	miniml/lib/dialect.js	101	miniml/lib/dialect.js::program:parseDatePart	text	DIRECT	111669149865	text	METHOD_PARAMETER_IN	0	
68719478140	miniml/lib/dialect.js	103	miniml/lib/dialect.js::program:parseDatePart	_tmp_2	DIRECT	94489281067	_tmp_2	LOCAL	0	
68719478141	miniml/lib/dialect.js	103	miniml/lib/dialect.js::program:parseDatePart	_tmp_2	DIRECT	94489281067	_tmp_2	LOCAL	0	
68719478142	miniml/lib/dialect.js	103	miniml/lib/dialect.js::program:parseDatePart	text	DIRECT	111669149865	text	METHOD_PARAMETER_IN	0	
68719478143	miniml/lib/dialect.js	105	miniml/lib/dialect.js::program:parseDatePart	_tmp_3	DIRECT	94489281066	_tmp_3	LOCAL	0	
68719478144	miniml/lib/dialect.js	105	miniml/lib/dialect.js::program:parseDatePart	_tmp_3	DIRECT	94489281066	_tmp_3	LOCAL	0	
68719478145	miniml/lib/dialect.js	105	miniml/lib/dialect.js::program:parseDatePart	text	DIRECT	111669149865	text	METHOD_PARAMETER_IN	0	
68719478146	miniml/lib/dialect.js	107	miniml/lib/dialect.js::program:parseDatePart	_tmp_4	DIRECT	94489281065	_tmp_4	LOCAL	0	
68719478147	miniml/lib/dialect.js	107	miniml/lib/dialect.js::program:parseDatePart	_tmp_4	DIRECT	94489281065	_tmp_4	LOCAL	0	
68719478148	miniml/lib/dialect.js	107	miniml/lib/dialect.js::program:parseDatePart	text	DIRECT	111669149865	text	METHOD_PARAMETER_IN	0	
68719478149	miniml/lib/dialect.js	109	miniml/lib/dialect.js::program:parseDatePart	_tmp_5	DIRECT	94489281064	_tmp_5	LOCAL	0	
68719478150	miniml/lib/dialect.js	109	miniml/lib/dialect.js::program:parseDatePart	_tmp_5	DIRECT	94489281064	_tmp_5	LOCAL	0	
68719478151	miniml/lib/dialect.js	109	miniml/lib/dialect.js::program:parseDatePart	text	DIRECT	111669149865	text	METHOD_PARAMETER_IN	0	
68719478152	miniml/lib/dialect.js	111	miniml/lib/dialect.js::program:parseDatePart	_tmp_6	DIRECT	94489281063	_tmp_6	LOCAL	0	
68719478153	miniml/lib/dialect.js	111	miniml/lib/dialect.js::program:parseDatePart	_tmp_6	DIRECT	94489281063	_tmp_6	LOCAL	0	
68719478154	miniml/lib/dialect.js	111	miniml/lib/dialect.js::program:parseDatePart	text	DIRECT	111669149865	text	METHOD_PARAMETER_IN	0	
68719478155	miniml/lib/dialect.js	114	miniml/lib/dialect.js::program:parseDatePart	_tmp_7	DIRECT	94489281062	_tmp_7	LOCAL	0	
68719478156	miniml/lib/dialect.js	114	miniml/lib/dialect.js::program:parseDatePart	Error	DIRECT	94489281061	Error	LOCAL	0	
68719478158	miniml/lib/dialect.js	114	miniml/lib/dialect.js::program:parseDatePart	text	DIRECT	111669149865	text	METHOD_PARAMETER_IN	0	
68719478160	miniml/lib/dialect.js	2	miniml/lib/dialect.js::program:constructCurrentTimeOffsetExpression	date_part	DIRECT	111669149869	date_part	METHOD_PARAMETER_IN	0	
68719478161	miniml/lib/dialect.js	2	miniml/lib/dialect.js::program:constructCurrentTimeOffsetExpression	parseDatePart	CAPTURED	94489281019	parseDatePart	LOCAL	1	
68719478162	miniml/lib/dialect.js	2	miniml/lib/dialect.js::program:constructCurrentTimeOffsetExpression	this	DIRECT	111669149866	this	METHOD_PARAMETER_IN	0	
68719478163	miniml/lib/dialect.js	2	miniml/lib/dialect.js::program:constructCurrentTimeOffsetExpression	date_part	DIRECT	111669149869	date_part	METHOD_PARAMETER_IN	0	
68719478164	miniml/lib/dialect.js	3	miniml/lib/dialect.js::program:constructCurrentTimeOffsetExpression	now	DIRECT	94489281022	now	LOCAL	0	
68719478165	miniml/lib/dialect.js	3	miniml/lib/dialect.js::program:constructCurrentTimeOffsetExpression	is_date	DIRECT	111669149870	is_date	METHOD_PARAMETER_IN	0	
68719478166	miniml/lib/dialect.js	4	miniml/lib/dialect.js::program:constructCurrentTimeOffsetExpression	dialect	DIRECT	111669149867	dialect	METHOD_PARAMETER_IN	0	
68719478167	miniml/lib/dialect.js	5	miniml/lib/dialect.js::program:constructCurrentTimeOffsetExpression	now	DIRECT	94489281022	now	LOCAL	0	
68719478168	miniml/lib/dialect.js	5	miniml/lib/dialect.js::program:constructCurrentTimeOffsetExpression	date_offset	DIRECT	111669149868	date_offset	METHOD_PARAMETER_IN	0	
68719478169	miniml/lib/dialect.js	5	miniml/lib/dialect.js::program:constructCurrentTimeOffsetExpression	date_part	DIRECT	111669149869	date_part	METHOD_PARAMETER_IN	0	
68719478170	miniml/lib/dialect.js	6	miniml/lib/dialect.js::program:constructCurrentTimeOffsetExpression	dialect	DIRECT	111669149867	dialect	METHOD_PARAMETER_IN	0	
68719478171	miniml/lib/dialect.js	7	miniml/lib/dialect.js::program:constructCurrentTimeOffsetExpression	now	DIRECT	94489281022	now	LOCAL	0	
68719478172	miniml/lib/dialect.js	7	miniml/lib/dialect.js::program:constructCurrentTimeOffsetExpression	date_offset	DIRECT	111669149868	date_offset	METHOD_PARAMETER_IN	0	
68719478173	miniml/lib/dialect.js	7	miniml/lib/dialect.js::program:constructCurrentTimeOffsetExpression	date_part	DIRECT	111669149869	date_part	METHOD_PARAMETER_IN	0	
68719478174	miniml/lib/dialect.js	9	miniml/lib/dialect.js::program:constructCurrentTimeOffsetExpression	_tmp_8	DIRECT	94489281059	_tmp_8	LOCAL	0	
68719478175	miniml/lib/dialect.js	9	miniml/lib/dialect.js::program:constructCurrentTimeOffsetExpression	Error	DIRECT	94489281058	Error	LOCAL	0	
68719478177	miniml/lib/dialect.js	9	miniml/lib/dialect.js::program:constructCurrentTimeOffsetExpression	dialect	DIRECT	111669149867	dialect	METHOD_PARAMETER_IN	0	
68719478179	miniml/lib/dialect.js	12	miniml/lib/dialect.js::program:constructDateRangeExpression	expression	DIRECT	94489281025	expression	LOCAL	0	
68719478180	miniml/lib/dialect.js	12	miniml/lib/dialect.js::program:constructDateRangeExpression	date_field	DIRECT	111669149873	date_field	METHOD_PARAMETER_IN	0	
68719478181	miniml/lib/dialect.js	12	miniml/lib/dialect.js::program:constructDateRangeExpression	constructCurrentTimeOffsetExpression	CAPTURED	94489281021	constructCurrentTimeOffsetExpression	LOCAL	1	
68719478182	miniml/lib/dialect.js	12	miniml/lib/dialect.js::program:constructDateRangeExpression	this	DIRECT	111669149871	this	METHOD_PARAMETER_IN	0	
68719478183	miniml/lib/dialect.js	12	miniml/lib/dialect.js::program:constructDateRangeExpression	dialect	DIRECT	111669149872	dialect	METHOD_PARAMETER_IN	0	
68719478184	miniml/lib/dialect.js	12	miniml/lib/dialect.js::program:constructDateRangeExpression	date_offset	DIRECT	111669149874	date_offset	METHOD_PARAMETER_IN	0	
68719478185	miniml/lib/dialect.js	12	miniml/lib/dialect.js::program:constructDateRangeExpression	date_part	DIRECT	111669149875	date_part	METHOD_PARAMETER_IN	0	
68719478186	miniml/lib/dialect.js	12	miniml/lib/dialect.js::program:constructDateRangeExpression	is_date	DIRECT	111669149877	is_date	METHOD_PARAMETER_IN	0	
68719478187	miniml/lib/dialect.js	13	miniml/lib/dialect.js::program:constructDateRangeExpression	include_today	DIRECT	111669149876	include_today	METHOD_PARAMETER_IN	0	
68719478188	miniml/lib/dialect.js	14	miniml/lib/dialect.js::program:constructDateRangeExpression	expression	DIRECT	94489281025	expression	LOCAL	0	
68719478189	miniml/lib/dialect.js	14	miniml/lib/dialect.js::program:constructDateRangeExpression	date_field	DIRECT	111669149873	date_field	METHOD_PARAMETER_IN	0	
68719478190	miniml/lib/dialect.js	14	miniml/lib/dialect.js::program:constructDateRangeExpression	constructTodayAtMidnightExpression	CAPTURED	94489281034	constructTodayAtMidnightExpression	LOCAL	1	
68719478191	miniml/lib/dialect.js	14	miniml/lib/dialect.js::program:constructDateRangeExpression	this	DIRECT	111669149871	this	METHOD_PARAMETER_IN	0	
68719478192	miniml/lib/dialect.js	14	miniml/lib/dialect.js::program:constructDateRangeExpression	dialect	DIRECT	111669149872	dialect	METHOD_PARAMETER_IN	0	
68719478193	miniml/lib/dialect.js	14	miniml/lib/dialect.js::program:constructDateRangeExpression	is_date	DIRECT	111669149877	is_date	METHOD_PARAMETER_IN	0	
68719478194	miniml/lib/dialect.js	15	miniml/lib/dialect.js::program:constructDateRangeExpression	expression	DIRECT	94489281025	expression	LOCAL	0	
68719478195	miniml/lib/dialect.js	18	miniml/lib/dialect.js::program:constructDateTruncExpression	date_expr	DIRECT	111669149880	date_expr	METHOD_PARAMETER_IN	0	
68719478196	miniml/lib/dialect.js	18	miniml/lib/dialect.js::program:constructDateTruncExpression	date_expr	DIRECT	111669149880	date_expr	METHOD_PARAMETER_IN	0	
68719478197	miniml/lib/dialect.js	18	miniml/lib/dialect.js::program:constructDateTruncExpression	date_expr	DIRECT	111669149880	date_expr	METHOD_PARAMETER_IN	0	
68719478198	miniml/lib/dialect.js	19	miniml/lib/dialect.js::program:constructDateTruncExpression	date_granularity	DIRECT	111669149881	date_granularity	METHOD_PARAMETER_IN	0	
68719478199	miniml/lib/dialect.js	19	miniml/lib/dialect.js::program:constructDateTruncExpression	_tmp_9	DIRECT	94489281055	_tmp_9	LOCAL	0	
68719478200	miniml/lib/dialect.js	19	miniml/lib/dialect.js::program:constructDateTruncExpression	date_granularity	DIRECT	111669149881	date_granularity	METHOD_PARAMETER_IN	0	
68719478201	miniml/lib/dialect.js	19	miniml/lib/dialect.js::program:constructDateTruncExpression	date_granularity	DIRECT	111669149881	date_granularity	METHOD_PARAMETER_IN	0	
68719478202	miniml/lib/dialect.js	19	miniml/lib/dialect.js::program:constructDateTruncExpression	_tmp_9	DIRECT	94489281055	_tmp_9	LOCAL	0	
68719478203	miniml/lib/dialect.js	20	miniml/lib/dialect.js::program:constructDateTruncExpression	_tmp_10	DIRECT	94489281053	_tmp_10	LOCAL	0	
68719478204	miniml/lib/dialect.js	20	miniml/lib/dialect.js::program:constructDateTruncExpression	_tmp_11	DIRECT	94489281054	_tmp_11	LOCAL	0	
68719478220	miniml/lib/dialect.js	20	miniml/lib/dialect.js::program:constructDateTruncExpression	_tmp_10	DIRECT	94489281053	_tmp_10	LOCAL	0	
68719478221	miniml/lib/dialect.js	20	miniml/lib/dialect.js::program:constructDateTruncExpression	date_granularity	DIRECT	111669149881	date_granularity	METHOD_PARAMETER_IN	0	
68719478222	miniml/lib/dialect.js	21	miniml/lib/dialect.js::program:constructDateTruncExpression	_tmp_12	DIRECT	94489281052	_tmp_12	LOCAL	0	
68719478223	miniml/lib/dialect.js	21	miniml/lib/dialect.js::program:constructDateTruncExpression	Error	DIRECT	94489281050	Error	LOCAL	0	
68719478225	miniml/lib/dialect.js	21	miniml/lib/dialect.js::program:constructDateTruncExpression	date_granularity	DIRECT	111669149881	date_granularity	METHOD_PARAMETER_IN	0	
68719478227	miniml/lib/dialect.js	22	miniml/lib/dialect.js::program:constructDateTruncExpression	dialect	DIRECT	111669149879	dialect	METHOD_PARAMETER_IN	0	
68719478228	miniml/lib/dialect.js	23	miniml/lib/dialect.js::program:constructDateTruncExpression	date_expr	DIRECT	111669149880	date_expr	METHOD_PARAMETER_IN	0	
68719478229	miniml/lib/dialect.js	23	miniml/lib/dialect.js::program:constructDateTruncExpression	date_granularity	DIRECT	111669149881	date_granularity	METHOD_PARAMETER_IN	0	
68719478230	miniml/lib/dialect.js	24	miniml/lib/dialect.js::program:constructDateTruncExpression	dialect	DIRECT	111669149879	dialect	METHOD_PARAMETER_IN	0	
68719478231	miniml/lib/dialect.js	25	miniml/lib/dialect.js::program:constructDateTruncExpression	date_granularity	DIRECT	111669149881	date_granularity	METHOD_PARAMETER_IN	0	
68719478232	miniml/lib/dialect.js	25	miniml/lib/dialect.js::program:constructDateTruncExpression	date_expr	DIRECT	111669149880	date_expr	METHOD_PARAMETER_IN	0	
68719478233	miniml/lib/dialect.js	27	miniml/lib/dialect.js::program:constructDateTruncExpression	_tmp_13	DIRECT	94489281051	_tmp_13	LOCAL	0	
68719478234	miniml/lib/dialect.js	27	miniml/lib/dialect.js::program:constructDateTruncExpression	Error	DIRECT	94489281050	Error	LOCAL	0	
68719478236	miniml/lib/dialect.js	27	miniml/lib/dialect.js::program:constructDateTruncExpression	dialect	DIRECT	111669149879	dialect	METHOD_PARAMETER_IN	0	
68719478238	miniml/lib/dialect.js	30	miniml/lib/dialect.js::program:constructDateAddExpression	date_part	DIRECT	111669149886	date_part	METHOD_PARAMETER_IN	0	
68719478239	miniml/lib/dialect.js	30	miniml/lib/dialect.js::program:constructDateAddExpression	parseDatePart	CAPTURED	94489281019	parseDatePart	LOCAL	1	
68719478240	miniml/lib/dialect.js	30	miniml/lib/dialect.js::program:constructDateAddExpression	this	DIRECT	111669149882	this	METHOD_PARAMETER_IN	0	
68719478241	miniml/lib/dialect.js	30	miniml/lib/dialect.js::program:constructDateAddExpression	date_part	DIRECT	111669149886	date_part	METHOD_PARAMETER_IN	0	
68719478242	miniml/lib/dialect.js	31	miniml/lib/dialect.js::program:constructDateAddExpression	dialect	DIRECT	111669149883	dialect	METHOD_PARAMETER_IN	0	
68719478243	miniml/lib/dialect.js	32	miniml/lib/dialect.js::program:constructDateAddExpression	expression	DIRECT	111669149884	expression	METHOD_PARAMETER_IN	0	
68719478244	miniml/lib/dialect.js	32	miniml/lib/dialect.js::program:constructDateAddExpression	num	DIRECT	111669149885	num	METHOD_PARAMETER_IN	0	
68719478245	miniml/lib/dialect.js	32	miniml/lib/dialect.js::program:constructDateAddExpression	date_part	DIRECT	111669149886	date_part	METHOD_PARAMETER_IN	0	
68719478246	miniml/lib/dialect.js	33	miniml/lib/dialect.js::program:constructDateAddExpression	dialect	DIRECT	111669149883	dialect	METHOD_PARAMETER_IN	0	
68719478247	miniml/lib/dialect.js	34	miniml/lib/dialect.js::program:constructDateAddExpression	date_part	DIRECT	111669149886	date_part	METHOD_PARAMETER_IN	0	
68719478248	miniml/lib/dialect.js	34	miniml/lib/dialect.js::program:constructDateAddExpression	num	DIRECT	111669149885	num	METHOD_PARAMETER_IN	0	
68719478249	miniml/lib/dialect.js	34	miniml/lib/dialect.js::program:constructDateAddExpression	expression	DIRECT	111669149884	expression	METHOD_PARAMETER_IN	0	
68719478250	miniml/lib/dialect.js	36	miniml/lib/dialect.js::program:constructDateAddExpression	_tmp_14	DIRECT	94489281048	_tmp_14	LOCAL	0	
68719478251	miniml/lib/dialect.js	36	miniml/lib/dialect.js::program:constructDateAddExpression	Error	DIRECT	94489281047	Error	LOCAL	0	
68719478253	miniml/lib/dialect.js	36	miniml/lib/dialect.js::program:constructDateAddExpression	dialect	DIRECT	111669149883	dialect	METHOD_PARAMETER_IN	0	
68719478255	miniml/lib/dialect.js	39	miniml/lib/dialect.js::program:constructDateSubExpression	date_part	DIRECT	111669149891	date_part	METHOD_PARAMETER_IN	0	
68719478256	miniml/lib/dialect.js	39	miniml/lib/dialect.js::program:constructDateSubExpression	parseDatePart	CAPTURED	94489281019	parseDatePart	LOCAL	1	
68719478257	miniml/lib/dialect.js	39	miniml/lib/dialect.js::program:constructDateSubExpression	this	DIRECT	111669149887	this	METHOD_PARAMETER_IN	0	
68719478258	miniml/lib/dialect.js	39	miniml/lib/dialect.js::program:constructDateSubExpression	date_part	DIRECT	111669149891	date_part	METHOD_PARAMETER_IN	0	
68719478259	miniml/lib/dialect.js	40	miniml/lib/dialect.js::program:constructDateSubExpression	dialect	DIRECT	111669149888	dialect	METHOD_PARAMETER_IN	0	
68719478260	miniml/lib/dialect.js	41	miniml/lib/dialect.js::program:constructDateSubExpression	date_field	DIRECT	111669149889	date_field	METHOD_PARAMETER_IN	0	
68719478261	miniml/lib/dialect.js	41	miniml/lib/dialect.js::program:constructDateSubExpression	num	DIRECT	111669149890	num	METHOD_PARAMETER_IN	0	
68719478262	miniml/lib/dialect.js	41	miniml/lib/dialect.js::program:constructDateSubExpression	date_part	DIRECT	111669149891	date_part	METHOD_PARAMETER_IN	0	
68719478263	miniml/lib/dialect.js	42	miniml/lib/dialect.js::program:constructDateSubExpression	dialect	DIRECT	111669149888	dialect	METHOD_PARAMETER_IN	0	
68719478264	miniml/lib/dialect.js	43	miniml/lib/dialect.js::program:constructDateSubExpression	date_part	DIRECT	111669149891	date_part	METHOD_PARAMETER_IN	0	
68719478265	miniml/lib/dialect.js	43	miniml/lib/dialect.js::program:constructDateSubExpression	num	DIRECT	111669149890	num	METHOD_PARAMETER_IN	0	
68719478266	miniml/lib/dialect.js	43	miniml/lib/dialect.js::program:constructDateSubExpression	date_field	DIRECT	111669149889	date_field	METHOD_PARAMETER_IN	0	
68719478267	miniml/lib/dialect.js	45	miniml/lib/dialect.js::program:constructDateSubExpression	_tmp_15	DIRECT	94489281045	_tmp_15	LOCAL	0	
68719478268	miniml/lib/dialect.js	45	miniml/lib/dialect.js::program:constructDateSubExpression	Error	DIRECT	94489281044	Error	LOCAL	0	
68719478270	miniml/lib/dialect.js	45	miniml/lib/dialect.js::program:constructDateSubExpression	dialect	DIRECT	111669149888	dialect	METHOD_PARAMETER_IN	0	
68719478272	miniml/lib/dialect.js	48	miniml/lib/dialect.js::program:constructTodayAtMidnightExpression	is_date	DIRECT	111669149894	is_date	METHOD_PARAMETER_IN	0	
68719478273	miniml/lib/dialect.js	50	miniml/lib/dialect.js::program:constructTodayAtMidnightExpression	dialect	DIRECT	111669149893	dialect	METHOD_PARAMETER_IN	0	
68719478274	miniml/lib/dialect.js	52	miniml/lib/dialect.js::program:constructTodayAtMidnightExpression	dialect	DIRECT	111669149893	dialect	METHOD_PARAMETER_IN	0	
68719478275	miniml/lib/dialect.js	55	miniml/lib/dialect.js::program:constructTodayAtMidnightExpression	_tmp_16	DIRECT	94489281043	_tmp_16	LOCAL	0	
68719478276	miniml/lib/dialect.js	55	miniml/lib/dialect.js::program:constructTodayAtMidnightExpression	Error	DIRECT	94489281042	Error	LOCAL	0	
68719478278	miniml/lib/dialect.js	55	miniml/lib/dialect.js::program:constructTodayAtMidnightExpression	dialect	DIRECT	111669149893	dialect	METHOD_PARAMETER_IN	0	
68719478280	miniml/lib/dialect.js	58	miniml/lib/dialect.js::program:normalizeQuotesForBigQuery	expression	DIRECT	111669149896	expression	METHOD_PARAMETER_IN	0	
68719478281	miniml/lib/dialect.js	59	miniml/lib/dialect.js::program:normalizeQuotesForBigQuery	expression	DIRECT	111669149896	expression	METHOD_PARAMETER_IN	0	
68719478282	miniml/lib/dialect.js	60	miniml/lib/dialect.js::program:normalizeQuotesForBigQuery	result	DIRECT	94489281037	result	LOCAL	0	
68719478283	miniml/lib/dialect.js	61	miniml/lib/dialect.js::program:normalizeQuotesForBigQuery	inSingle	AMBIGUOUS					MULTIPLE_LIVE_ASSIGNMENTS_TO_RESOLVED_LOCAL
68719478284	miniml/lib/dialect.js	61	miniml/lib/dialect.js::program:normalizeQuotesForBigQuery	inDouble	AMBIGUOUS					MULTIPLE_LIVE_ASSIGNMENTS_TO_RESOLVED_LOCAL
68719478285	miniml/lib/dialect.js	62	miniml/lib/dialect.js::program:normalizeQuotesForBigQuery	i	DIRECT	94489281040	i	LOCAL	0	
68719478286	miniml/lib/dialect.js	62	miniml/lib/dialect.js::program:normalizeQuotesForBigQuery	i	DIRECT	94489281040	i	LOCAL	0	
68719478287	miniml/lib/dialect.js	62	miniml/lib/dialect.js::program:normalizeQuotesForBigQuery	expression	DIRECT	111669149896	expression	METHOD_PARAMETER_IN	0	
68719478288	miniml/lib/dialect.js	62	miniml/lib/dialect.js::program:normalizeQuotesForBigQuery	i	DIRECT	94489281040	i	LOCAL	0	
68719478289	miniml/lib/dialect.js	63	miniml/lib/dialect.js::program:normalizeQuotesForBigQuery	ch	DIRECT	94489281041	ch	LOCAL	0	
68719478290	miniml/lib/dialect.js	63	miniml/lib/dialect.js::program:normalizeQuotesForBigQuery	expression	DIRECT	111669149896	expression	METHOD_PARAMETER_IN	0	
68719478291	miniml/lib/dialect.js	63	miniml/lib/dialect.js::program:normalizeQuotesForBigQuery	i	DIRECT	94489281040	i	LOCAL	0	
68719478292	miniml/lib/dialect.js	64	miniml/lib/dialect.js::program:normalizeQuotesForBigQuery	inSingle	AMBIGUOUS					MULTIPLE_LIVE_ASSIGNMENTS_TO_RESOLVED_LOCAL
68719478293	miniml/lib/dialect.js	65	miniml/lib/dialect.js::program:normalizeQuotesForBigQuery	ch	DIRECT	94489281041	ch	LOCAL	0	
68719478294	miniml/lib/dialect.js	66	miniml/lib/dialect.js::program:normalizeQuotesForBigQuery	result	DIRECT	94489281037	result	LOCAL	0	
68719478295	miniml/lib/dialect.js	66	miniml/lib/dialect.js::program:normalizeQuotesForBigQuery	ch	DIRECT	94489281041	ch	LOCAL	0	
68719478296	miniml/lib/dialect.js	66	miniml/lib/dialect.js::program:normalizeQuotesForBigQuery	expression	DIRECT	111669149896	expression	METHOD_PARAMETER_IN	0	
68719478297	miniml/lib/dialect.js	66	miniml/lib/dialect.js::program:normalizeQuotesForBigQuery	i	DIRECT	94489281040	i	LOCAL	0	
68719478298	miniml/lib/dialect.js	67	miniml/lib/dialect.js::program:normalizeQuotesForBigQuery	i	DIRECT	94489281040	i	LOCAL	0	
68719478299	miniml/lib/dialect.js	69	miniml/lib/dialect.js::program:normalizeQuotesForBigQuery	ch	DIRECT	94489281041	ch	LOCAL	0	
68719478300	miniml/lib/dialect.js	69	miniml/lib/dialect.js::program:normalizeQuotesForBigQuery	expression	DIRECT	111669149896	expression	METHOD_PARAMETER_IN	0	
68719478301	miniml/lib/dialect.js	69	miniml/lib/dialect.js::program:normalizeQuotesForBigQuery	i	DIRECT	94489281040	i	LOCAL	0	
68719478302	miniml/lib/dialect.js	70	miniml/lib/dialect.js::program:normalizeQuotesForBigQuery	result	DIRECT	94489281037	result	LOCAL	0	
68719478303	miniml/lib/dialect.js	71	miniml/lib/dialect.js::program:normalizeQuotesForBigQuery	i	DIRECT	94489281040	i	LOCAL	0	
68719478304	miniml/lib/dialect.js	74	miniml/lib/dialect.js::program:normalizeQuotesForBigQuery	result	DIRECT	94489281037	result	LOCAL	0	
68719478305	miniml/lib/dialect.js	74	miniml/lib/dialect.js::program:normalizeQuotesForBigQuery	ch	DIRECT	94489281041	ch	LOCAL	0	
68719478306	miniml/lib/dialect.js	75	miniml/lib/dialect.js::program:normalizeQuotesForBigQuery	ch	DIRECT	94489281041	ch	LOCAL	0	
68719478307	miniml/lib/dialect.js	76	miniml/lib/dialect.js::program:normalizeQuotesForBigQuery	inSingle	AMBIGUOUS					MULTIPLE_LIVE_ASSIGNMENTS_TO_RESOLVED_LOCAL
68719478308	miniml/lib/dialect.js	79	miniml/lib/dialect.js::program:normalizeQuotesForBigQuery	inDouble	AMBIGUOUS					MULTIPLE_LIVE_ASSIGNMENTS_TO_RESOLVED_LOCAL
68719478309	miniml/lib/dialect.js	80	miniml/lib/dialect.js::program:normalizeQuotesForBigQuery	result	DIRECT	94489281037	result	LOCAL	0	
68719478310	miniml/lib/dialect.js	80	miniml/lib/dialect.js::program:normalizeQuotesForBigQuery	ch	DIRECT	94489281041	ch	LOCAL	0	
68719478311	miniml/lib/dialect.js	81	miniml/lib/dialect.js::program:normalizeQuotesForBigQuery	ch	DIRECT	94489281041	ch	LOCAL	0	
68719478312	miniml/lib/dialect.js	82	miniml/lib/dialect.js::program:normalizeQuotesForBigQuery	result	DIRECT	94489281037	result	LOCAL	0	
68719478313	miniml/lib/dialect.js	82	miniml/lib/dialect.js::program:normalizeQuotesForBigQuery	expression	DIRECT	111669149896	expression	METHOD_PARAMETER_IN	0	
68719478314	miniml/lib/dialect.js	82	miniml/lib/dialect.js::program:normalizeQuotesForBigQuery	i	DIRECT	94489281040	i	LOCAL	0	
68719478315	miniml/lib/dialect.js	83	miniml/lib/dialect.js::program:normalizeQuotesForBigQuery	i	DIRECT	94489281040	i	LOCAL	0	
68719478316	miniml/lib/dialect.js	85	miniml/lib/dialect.js::program:normalizeQuotesForBigQuery	ch	DIRECT	94489281041	ch	LOCAL	0	
68719478317	miniml/lib/dialect.js	86	miniml/lib/dialect.js::program:normalizeQuotesForBigQuery	inDouble	AMBIGUOUS					MULTIPLE_LIVE_ASSIGNMENTS_TO_RESOLVED_LOCAL
68719478318	miniml/lib/dialect.js	89	miniml/lib/dialect.js::program:normalizeQuotesForBigQuery	result	DIRECT	94489281037	result	LOCAL	0	
68719478319	miniml/lib/dialect.js	89	miniml/lib/dialect.js::program:normalizeQuotesForBigQuery	ch	DIRECT	94489281041	ch	LOCAL	0	
68719478320	miniml/lib/dialect.js	90	miniml/lib/dialect.js::program:normalizeQuotesForBigQuery	ch	DIRECT	94489281041	ch	LOCAL	0	
68719478321	miniml/lib/dialect.js	91	miniml/lib/dialect.js::program:normalizeQuotesForBigQuery	inSingle	AMBIGUOUS					MULTIPLE_LIVE_ASSIGNMENTS_TO_RESOLVED_LOCAL
68719478322	miniml/lib/dialect.js	92	miniml/lib/dialect.js::program:normalizeQuotesForBigQuery	ch	DIRECT	94489281041	ch	LOCAL	0	
68719478323	miniml/lib/dialect.js	93	miniml/lib/dialect.js::program:normalizeQuotesForBigQuery	inDouble	AMBIGUOUS					MULTIPLE_LIVE_ASSIGNMENTS_TO_RESOLVED_LOCAL
68719478324	miniml/lib/dialect.js	96	miniml/lib/dialect.js::program:normalizeQuotesForBigQuery	result	DIRECT	94489281037	result	LOCAL	0	
68719478325	miniml/lib/dialect.js	98	miniml/lib/dialect.js::program	parseDatePart	DIRECT	94489281019	parseDatePart	LOCAL	0	
68719478326	miniml/lib/dialect.js	1	miniml/lib/dialect.js::program	constructCurrentTimeOffsetExpression	DIRECT	94489281021	constructCurrentTimeOffsetExpression	LOCAL	0	
68719478328	miniml/lib/dialect.js	1	miniml/lib/dialect.js::program	constructCurrentTimeOffsetExpression	DIRECT	94489281021	constructCurrentTimeOffsetExpression	LOCAL	0	
68719478329	miniml/lib/dialect.js	11	miniml/lib/dialect.js::program	constructDateRangeExpression	DIRECT	94489281024	constructDateRangeExpression	LOCAL	0	
68719478331	miniml/lib/dialect.js	11	miniml/lib/dialect.js::program	constructDateRangeExpression	DIRECT	94489281024	constructDateRangeExpression	LOCAL	0	
68719478332	miniml/lib/dialect.js	17	miniml/lib/dialect.js::program	constructDateTruncExpression	DIRECT	94489281026	constructDateTruncExpression	LOCAL	0	
68719478334	miniml/lib/dialect.js	17	miniml/lib/dialect.js::program	constructDateTruncExpression	DIRECT	94489281026	constructDateTruncExpression	LOCAL	0	
68719478335	miniml/lib/dialect.js	29	miniml/lib/dialect.js::program	constructDateAddExpression	DIRECT	94489281030	constructDateAddExpression	LOCAL	0	
68719478337	miniml/lib/dialect.js	29	miniml/lib/dialect.js::program	constructDateAddExpression	DIRECT	94489281030	constructDateAddExpression	LOCAL	0	
68719478338	miniml/lib/dialect.js	38	miniml/lib/dialect.js::program	constructDateSubExpression	DIRECT	94489281032	constructDateSubExpression	LOCAL	0	
68719478340	miniml/lib/dialect.js	38	miniml/lib/dialect.js::program	constructDateSubExpression	DIRECT	94489281032	constructDateSubExpression	LOCAL	0	
68719478341	miniml/lib/dialect.js	47	miniml/lib/dialect.js::program	constructTodayAtMidnightExpression	DIRECT	94489281034	constructTodayAtMidnightExpression	LOCAL	0	
68719478343	miniml/lib/dialect.js	47	miniml/lib/dialect.js::program	constructTodayAtMidnightExpression	DIRECT	94489281034	constructTodayAtMidnightExpression	LOCAL	0	
68719478344	miniml/lib/dialect.js	57	miniml/lib/dialect.js::program	normalizeQuotesForBigQuery	DIRECT	94489281036	normalizeQuotesForBigQuery	LOCAL	0	
68719478346	miniml/lib/dialect.js	57	miniml/lib/dialect.js::program	normalizeQuotesForBigQuery	DIRECT	94489281036	normalizeQuotesForBigQuery	LOCAL	0	
68719478347	miniml/lib/index.js	1	miniml/lib/index.js::program	_common.js	DIRECT	94489281070	_common.js	LOCAL	0	
68719478349	miniml/lib/index.js	1	miniml/lib/index.js::program	_common.js	DIRECT	94489281070	_common.js	LOCAL	0	
68719478350	miniml/lib/index.js	2	miniml/lib/index.js::program	_load.js	DIRECT	94489281071	_load.js	LOCAL	0	
68719478352	miniml/lib/index.js	2	miniml/lib/index.js::program	_load.js	DIRECT	94489281071	_load.js	LOCAL	0	
68719478353	miniml/lib/index.js	3	miniml/lib/index.js::program	_query.js	DIRECT	94489281072	_query.js	LOCAL	0	
68719478355	miniml/lib/index.js	3	miniml/lib/index.js::program	_query.js	DIRECT	94489281072	_query.js	LOCAL	0	
68719478356	miniml/lib/jinja.js	4	miniml/lib/jinja.js::program:renderJinjaTemplate	require	DIRECT	94489281076	require	LOCAL	0	
68719478357	miniml/lib/jinja.js	4	miniml/lib/jinja.js::program:renderJinjaTemplate	createRequire	CAPTURED	94489281073	createRequire	LOCAL	1	
68719478358	miniml/lib/jinja.js	4	miniml/lib/jinja.js::program:renderJinjaTemplate	this	DIRECT	111669149899	this	METHOD_PARAMETER_IN	0	
68719478359	miniml/lib/jinja.js	4	miniml/lib/jinja.js::program:renderJinjaTemplate	import	DIRECT	94489281081	import	LOCAL	0	
68719478360	miniml/lib/jinja.js	5	miniml/lib/jinja.js::program:renderJinjaTemplate	nunjucks	DIRECT	94489281077	nunjucks	LOCAL	0	
68719478361	miniml/lib/jinja.js	5	miniml/lib/jinja.js::program:renderJinjaTemplate	require	DIRECT	94489281076	require	LOCAL	0	
68719478362	miniml/lib/jinja.js	5	miniml/lib/jinja.js::program:renderJinjaTemplate	this	DIRECT	111669149899	this	METHOD_PARAMETER_IN	0	
68719478363	miniml/lib/jinja.js	6	miniml/lib/jinja.js::program:renderJinjaTemplate	he	DIRECT	94489281078	he	LOCAL	0	
68719478364	miniml/lib/jinja.js	6	miniml/lib/jinja.js::program:renderJinjaTemplate	require	DIRECT	94489281076	require	LOCAL	0	
68719478365	miniml/lib/jinja.js	6	miniml/lib/jinja.js::program:renderJinjaTemplate	this	DIRECT	111669149899	this	METHOD_PARAMETER_IN	0	
68719478366	miniml/lib/jinja.js	7	miniml/lib/jinja.js::program:renderJinjaTemplate	result	AMBIGUOUS					MULTIPLE_LIVE_ASSIGNMENTS_TO_RESOLVED_LOCAL
68719478367	miniml/lib/jinja.js	7	miniml/lib/jinja.js::program:renderJinjaTemplate	nunjucks	DIRECT	94489281077	nunjucks	LOCAL	0	
68719478368	miniml/lib/jinja.js	7	miniml/lib/jinja.js::program:renderJinjaTemplate	nunjucks	DIRECT	94489281077	nunjucks	LOCAL	0	
68719478369	miniml/lib/jinja.js	7	miniml/lib/jinja.js::program:renderJinjaTemplate	text	DIRECT	111669149900	text	METHOD_PARAMETER_IN	0	
68719478370	miniml/lib/jinja.js	7	miniml/lib/jinja.js::program:renderJinjaTemplate	context	DIRECT	111669149901	context	METHOD_PARAMETER_IN	0	
68719478371	miniml/lib/jinja.js	8	miniml/lib/jinja.js::program:renderJinjaTemplate	result	AMBIGUOUS					MULTIPLE_LIVE_ASSIGNMENTS_TO_RESOLVED_LOCAL
68719478372	miniml/lib/jinja.js	8	miniml/lib/jinja.js::program:renderJinjaTemplate	he	DIRECT	94489281078	he	LOCAL	0	
68719478373	miniml/lib/jinja.js	8	miniml/lib/jinja.js::program:renderJinjaTemplate	he	DIRECT	94489281078	he	LOCAL	0	
68719478374	miniml/lib/jinja.js	8	miniml/lib/jinja.js::program:renderJinjaTemplate	result	AMBIGUOUS					MULTIPLE_LIVE_ASSIGNMENTS_TO_RESOLVED_LOCAL
68719478375	miniml/lib/jinja.js	9	miniml/lib/jinja.js::program:renderJinjaTemplate	result	AMBIGUOUS					MULTIPLE_LIVE_ASSIGNMENTS_TO_RESOLVED_LOCAL
68719478376	miniml/lib/jinja.js	9	miniml/lib/jinja.js::program:renderJinjaTemplate	collapseWhitespace	CAPTURED	94489281074	collapseWhitespace	LOCAL	1	
68719478377	miniml/lib/jinja.js	9	miniml/lib/jinja.js::program:renderJinjaTemplate	this	DIRECT	111669149899	this	METHOD_PARAMETER_IN	0	
68719478378	miniml/lib/jinja.js	9	miniml/lib/jinja.js::program:renderJinjaTemplate	result	AMBIGUOUS					MULTIPLE_LIVE_ASSIGNMENTS_TO_RESOLVED_LOCAL
68719478379	miniml/lib/jinja.js	10	miniml/lib/jinja.js::program:renderJinjaTemplate	result	AMBIGUOUS					MULTIPLE_LIVE_ASSIGNMENTS_TO_RESOLVED_LOCAL
68719478380	miniml/lib/jinja.js	1	miniml/lib/jinja.js::program	createRequire	DIRECT	94489281073	createRequire	LOCAL	0	
68719478382	miniml/lib/jinja.js	1	miniml/lib/jinja.js::program	this	DIRECT	111669149902	this	METHOD_PARAMETER_IN	0	
68719478383	miniml/lib/jinja.js	2	miniml/lib/jinja.js::program	collapseWhitespace	DIRECT	94489281074	collapseWhitespace	LOCAL	0	
68719478385	miniml/lib/jinja.js	2	miniml/lib/jinja.js::program	this	DIRECT	111669149902	this	METHOD_PARAMETER_IN	0	
68719478386	miniml/lib/jinja.js	3	miniml/lib/jinja.js::program	renderJinjaTemplate	DIRECT	94489281075	renderJinjaTemplate	LOCAL	0	
68719478388	miniml/lib/jinja.js	3	miniml/lib/jinja.js::program	renderJinjaTemplate	DIRECT	94489281075	renderJinjaTemplate	LOCAL	0	
68719478389	miniml/lib/load.js	44	miniml/lib/load.js::program:defaultDateField:<lambda>0	key	DIRECT	111669149904	key	METHOD_PARAMETER_IN	0	
68719478390	miniml/lib/load.js	45	miniml/lib/load.js::program:defaultDateField:<lambda>1	key	DIRECT	111669149906	key	METHOD_PARAMETER_IN	0	
68719478391	miniml/lib/load.js	46	miniml/lib/load.js::program:defaultDateField:<lambda>2	key	DIRECT	111669149908	key	METHOD_PARAMETER_IN	0	
68719478392	miniml/lib/load.js	46	miniml/lib/load.js::program:defaultDateField:<lambda>2	key	DIRECT	111669149908	key	METHOD_PARAMETER_IN	0	
68719478393	miniml/lib/load.js	47	miniml/lib/load.js::program:defaultDateField:<lambda>2	key	DIRECT	111669149908	key	METHOD_PARAMETER_IN	0	
68719478394	miniml/lib/load.js	47	miniml/lib/load.js::program:defaultDateField:<lambda>2	key	DIRECT	111669149908	key	METHOD_PARAMETER_IN	0	
68719478395	miniml/lib/load.js	48	miniml/lib/load.js::program:defaultDateField:<lambda>2	key	DIRECT	111669149908	key	METHOD_PARAMETER_IN	0	
68719478396	miniml/lib/load.js	48	miniml/lib/load.js::program:defaultDateField:<lambda>2	key	DIRECT	111669149908	key	METHOD_PARAMETER_IN	0	
68719478397	miniml/lib/load.js	49	miniml/lib/load.js::program:defaultDateField:<lambda>2	key	DIRECT	111669149908	key	METHOD_PARAMETER_IN	0	
68719478398	miniml/lib/load.js	49	miniml/lib/load.js::program:defaultDateField:<lambda>2	key	DIRECT	111669149908	key	METHOD_PARAMETER_IN	0	
68719478399	miniml/lib/load.js	50	miniml/lib/load.js::program:defaultDateField:<lambda>2	key	DIRECT	111669149908	key	METHOD_PARAMETER_IN	0	
68719478400	miniml/lib/load.js	50	miniml/lib/load.js::program:defaultDateField:<lambda>2	key	DIRECT	111669149908	key	METHOD_PARAMETER_IN	0	
68719478401	miniml/lib/load.js	51	miniml/lib/load.js::program:defaultDateField:<lambda>2	key	DIRECT	111669149908	key	METHOD_PARAMETER_IN	0	
68719478402	miniml/lib/load.js	51	miniml/lib/load.js::program:defaultDateField:<lambda>2	key	DIRECT	111669149908	key	METHOD_PARAMETER_IN	0	
68719478403	miniml/lib/load.js	52	miniml/lib/load.js::program:defaultDateField:<lambda>2	key	DIRECT	111669149908	key	METHOD_PARAMETER_IN	0	
68719478404	miniml/lib/load.js	52	miniml/lib/load.js::program:defaultDateField:<lambda>2	key	DIRECT	111669149908	key	METHOD_PARAMETER_IN	0	
68719478405	miniml/lib/load.js	54	miniml/lib/load.js::program:defaultDateField:<lambda>3	key	DIRECT	111669149910	key	METHOD_PARAMETER_IN	0	
68719478406	miniml/lib/load.js	54	miniml/lib/load.js::program:defaultDateField:<lambda>3	key	DIRECT	111669149910	key	METHOD_PARAMETER_IN	0	
68719478410	miniml/lib/load.js	43	miniml/lib/load.js::program:defaultDateField	predicates	DIRECT	94489281088	predicates	LOCAL	0	
68719478411	miniml/lib/load.js	43	miniml/lib/load.js::program:defaultDateField	_tmp_0	DIRECT	94489281180	_tmp_0	LOCAL	0	
68719478419	miniml/lib/load.js	54	miniml/lib/load.js::program:defaultDateField	keys	DIRECT	111669149912	keys	METHOD_PARAMETER_IN	0	
68719478420	miniml/lib/load.js	54	miniml/lib/load.js::program:defaultDateField	keys	DIRECT	111669149912	keys	METHOD_PARAMETER_IN	0	
68719478421	miniml/lib/load.js	54	miniml/lib/load.js::program:defaultDateField	keys	DIRECT	111669149912	keys	METHOD_PARAMETER_IN	0	
68719478422	miniml/lib/load.js	55	miniml/lib/load.js::program:defaultDateField	_iterator_0	DIRECT	94489281179	_iterator_0	LOCAL	0	
68719478423	miniml/lib/load.js	55	miniml/lib/load.js::program:defaultDateField	predicates	DIRECT	94489281088	predicates	LOCAL	0	
68719478424	miniml/lib/load.js	55	miniml/lib/load.js::program:defaultDateField	_result_0	DIRECT	94489281178	_result_0	LOCAL	0	
68719478425	miniml/lib/load.js	55	miniml/lib/load.js::program:defaultDateField	predicate	DIRECT	94489281177	predicate	LOCAL	0	
68719478428	miniml/lib/load.js	56	miniml/lib/load.js::program:defaultDateField	key	DIRECT	94489281093	key	LOCAL	0	
68719478429	miniml/lib/load.js	56	miniml/lib/load.js::program:defaultDateField	keys	DIRECT	111669149912	keys	METHOD_PARAMETER_IN	0	
68719478430	miniml/lib/load.js	56	miniml/lib/load.js::program:defaultDateField	keys	DIRECT	111669149912	keys	METHOD_PARAMETER_IN	0	
68719478431	miniml/lib/load.js	56	miniml/lib/load.js::program:defaultDateField	predicate	DIRECT	94489281177	predicate	LOCAL	0	
68719478432	miniml/lib/load.js	57	miniml/lib/load.js::program:defaultDateField	key	DIRECT	94489281093	key	LOCAL	0	
68719478433	miniml/lib/load.js	58	miniml/lib/load.js::program:defaultDateField	key	DIRECT	94489281093	key	LOCAL	0	
68719478437	miniml/lib/load.js	62	miniml/lib/load.js::program:expandDimensions	expandMetadataDefs	CAPTURED	94489281102	expandMetadataDefs	LOCAL	1	
68719478438	miniml/lib/load.js	62	miniml/lib/load.js::program:expandDimensions	this	DIRECT	111669149913	this	METHOD_PARAMETER_IN	0	
68719478439	miniml/lib/load.js	62	miniml/lib/load.js::program:expandDimensions	dimensions	DIRECT	111669149914	dimensions	METHOD_PARAMETER_IN	0	
68719478440	miniml/lib/load.js	63	miniml/lib/load.js::program:expandDimensions	_iterator_1	DIRECT	94489281175	_iterator_1	LOCAL	0	
68719478441	miniml/lib/load.js	63	miniml/lib/load.js::program:expandDimensions	dimensions	DIRECT	111669149914	dimensions	METHOD_PARAMETER_IN	0	
68719478442	miniml/lib/load.js	63	miniml/lib/load.js::program:expandDimensions	_result_1	DIRECT	94489281174	_result_1	LOCAL	0	
68719478443	miniml/lib/load.js	63	miniml/lib/load.js::program:expandDimensions	obj	DIRECT	94489281172	obj	LOCAL	0	
68719478446	miniml/lib/load.js	64	miniml/lib/load.js::program:expandDimensions	obj	DIRECT	94489281172	obj	LOCAL	0	
68719478447	miniml/lib/load.js	65	miniml/lib/load.js::program:expandDimensions	obj	DIRECT	94489281172	obj	LOCAL	0	
68719478448	miniml/lib/load.js	65	miniml/lib/load.js::program:expandDimensions	obj	DIRECT	94489281172	obj	LOCAL	0	
68719478449	miniml/lib/load.js	66	miniml/lib/load.js::program:expandDimensions	_tmp_1	DIRECT	94489281173	_tmp_1	LOCAL	0	
68719478450	miniml/lib/load.js	66	miniml/lib/load.js::program:expandDimensions	_tmp_1	DIRECT	94489281173	_tmp_1	LOCAL	0	
68719478451	miniml/lib/load.js	66	miniml/lib/load.js::program:expandDimensions	obj	DIRECT	94489281172	obj	LOCAL	0	
68719478452	miniml/lib/load.js	67	miniml/lib/load.js::program:expandDimensions	obj	DIRECT	94489281172	obj	LOCAL	0	
68719478453	miniml/lib/load.js	67	miniml/lib/load.js::program:expandDimensions	obj	DIRECT	94489281172	obj	LOCAL	0	
68719478454	miniml/lib/load.js	67	miniml/lib/load.js::program:expandDimensions	obj	DIRECT	94489281172	obj	LOCAL	0	
68719478458	miniml/lib/load.js	70	miniml/lib/load.js::program:expandMeasures	expandMetadataDefs	CAPTURED	94489281102	expandMetadataDefs	LOCAL	1	
68719478459	miniml/lib/load.js	70	miniml/lib/load.js::program:expandMeasures	this	DIRECT	111669149915	this	METHOD_PARAMETER_IN	0	
68719478460	miniml/lib/load.js	70	miniml/lib/load.js::program:expandMeasures	measures	DIRECT	111669149916	measures	METHOD_PARAMETER_IN	0	
68719478461	miniml/lib/load.js	71	miniml/lib/load.js::program:expandMeasures	_iterator_2	DIRECT	94489281170	_iterator_2	LOCAL	0	
68719478462	miniml/lib/load.js	71	miniml/lib/load.js::program:expandMeasures	measures	DIRECT	111669149916	measures	METHOD_PARAMETER_IN	0	
68719478463	miniml/lib/load.js	71	miniml/lib/load.js::program:expandMeasures	_result_2	DIRECT	94489281169	_result_2	LOCAL	0	
68719478464	miniml/lib/load.js	71	miniml/lib/load.js::program:expandMeasures	obj	DIRECT	94489281167	obj	LOCAL	0	
68719478467	miniml/lib/load.js	72	miniml/lib/load.js::program:expandMeasures	obj	DIRECT	94489281167	obj	LOCAL	0	
68719478468	miniml/lib/load.js	73	miniml/lib/load.js::program:expandMeasures	obj	DIRECT	94489281167	obj	LOCAL	0	
68719478469	miniml/lib/load.js	73	miniml/lib/load.js::program:expandMeasures	obj	DIRECT	94489281167	obj	LOCAL	0	
68719478470	miniml/lib/load.js	73	miniml/lib/load.js::program:expandMeasures	obj	DIRECT	94489281167	obj	LOCAL	0	
68719478471	miniml/lib/load.js	74	miniml/lib/load.js::program:expandMeasures	_tmp_2	DIRECT	94489281168	_tmp_2	LOCAL	0	
68719478472	miniml/lib/load.js	74	miniml/lib/load.js::program:expandMeasures	_tmp_2	DIRECT	94489281168	_tmp_2	LOCAL	0	
68719478473	miniml/lib/load.js	74	miniml/lib/load.js::program:expandMeasures	obj	DIRECT	94489281167	obj	LOCAL	0	
68719478474	miniml/lib/load.js	75	miniml/lib/load.js::program:expandMeasures	obj	DIRECT	94489281167	obj	LOCAL	0	
68719478475	miniml/lib/load.js	75	miniml/lib/load.js::program:expandMeasures	obj	DIRECT	94489281167	obj	LOCAL	0	
68719478476	miniml/lib/load.js	75	miniml/lib/load.js::program:expandMeasures	obj	DIRECT	94489281167	obj	LOCAL	0	
68719478480	miniml/lib/load.js	78	miniml/lib/load.js::program:expandMetadataDefs	_iterator_3	DIRECT	94489281166	_iterator_3	LOCAL	0	
68719478481	miniml/lib/load.js	78	miniml/lib/load.js::program:expandMetadataDefs	dictionary	DIRECT	111669149918	dictionary	METHOD_PARAMETER_IN	0	
68719478482	miniml/lib/load.js	78	miniml/lib/load.js::program:expandMetadataDefs	_result_3	DIRECT	94489281165	_result_3	LOCAL	0	
68719478483	miniml/lib/load.js	78	miniml/lib/load.js::program:expandMetadataDefs	key	DIRECT	94489281163	key	LOCAL	0	
68719478486	miniml/lib/load.js	79	miniml/lib/load.js::program:expandMetadataDefs	obj	DIRECT	94489281106	obj	LOCAL	0	
68719478487	miniml/lib/load.js	79	miniml/lib/load.js::program:expandMetadataDefs	dictionary	DIRECT	111669149918	dictionary	METHOD_PARAMETER_IN	0	
68719478488	miniml/lib/load.js	79	miniml/lib/load.js::program:expandMetadataDefs	key	DIRECT	94489281163	key	LOCAL	0	
68719478489	miniml/lib/load.js	80	miniml/lib/load.js::program:expandMetadataDefs	obj	DIRECT	94489281106	obj	LOCAL	0	
68719478490	miniml/lib/load.js	81	miniml/lib/load.js::program:expandMetadataDefs	dictionary	DIRECT	111669149918	dictionary	METHOD_PARAMETER_IN	0	
68719478491	miniml/lib/load.js	81	miniml/lib/load.js::program:expandMetadataDefs	key	DIRECT	94489281163	key	LOCAL	0	
68719478493	miniml/lib/load.js	81	miniml/lib/load.js::program:expandMetadataDefs	key	DIRECT	94489281163	key	LOCAL	0	
68719478495	miniml/lib/load.js	81	miniml/lib/load.js::program:expandMetadataDefs	obj	DIRECT	94489281106	obj	LOCAL	0	
68719478497	miniml/lib/load.js	82	miniml/lib/load.js::program:expandMetadataDefs	Array	DIRECT	94489281164	Array	LOCAL	0	
68719478498	miniml/lib/load.js	82	miniml/lib/load.js::program:expandMetadataDefs	Array	DIRECT	94489281164	Array	LOCAL	0	
68719478499	miniml/lib/load.js	82	miniml/lib/load.js::program:expandMetadataDefs	obj	DIRECT	94489281106	obj	LOCAL	0	
68719478500	miniml/lib/load.js	83	miniml/lib/load.js::program:expandMetadataDefs	dictionary	DIRECT	111669149918	dictionary	METHOD_PARAMETER_IN	0	
68719478501	miniml/lib/load.js	83	miniml/lib/load.js::program:expandMetadataDefs	key	DIRECT	94489281163	key	LOCAL	0	
68719478503	miniml/lib/load.js	83	miniml/lib/load.js::program:expandMetadataDefs	key	DIRECT	94489281163	key	LOCAL	0	
68719478505	miniml/lib/load.js	83	miniml/lib/load.js::program:expandMetadataDefs	obj	DIRECT	94489281106	obj	LOCAL	0	
68719478507	miniml/lib/load.js	83	miniml/lib/load.js::program:expandMetadataDefs	obj	DIRECT	94489281106	obj	LOCAL	0	
68719478509	miniml/lib/load.js	83	miniml/lib/load.js::program:expandMetadataDefs	obj	DIRECT	94489281106	obj	LOCAL	0	
68719478512	miniml/lib/load.js	100	miniml/lib/load.js::program:expandModelInfo:<lambda>4	key	DIRECT	111669149920	key	METHOD_PARAMETER_IN	0	
68719478514	miniml/lib/load.js	100	miniml/lib/load.js::program:expandModelInfo:<lambda>4	model	CAPTURED	111669149926	model	METHOD_PARAMETER_IN	1	
68719478515	miniml/lib/load.js	100	miniml/lib/load.js::program:expandModelInfo:<lambda>4	key	DIRECT	111669149920	key	METHOD_PARAMETER_IN	0	
68719478518	miniml/lib/load.js	101	miniml/lib/load.js::program:expandModelInfo:<lambda>5	key	DIRECT	111669149922	key	METHOD_PARAMETER_IN	0	
68719478520	miniml/lib/load.js	101	miniml/lib/load.js::program:expandModelInfo:<lambda>5	model	CAPTURED	111669149926	model	METHOD_PARAMETER_IN	1	
68719478521	miniml/lib/load.js	101	miniml/lib/load.js::program:expandModelInfo:<lambda>5	key	DIRECT	111669149922	key	METHOD_PARAMETER_IN	0	
68719478523	miniml/lib/load.js	114	miniml/lib/load.js::program:expandModelInfo:<lambda>6	line	DIRECT	111669149924	line	METHOD_PARAMETER_IN	0	
68719478524	miniml/lib/load.js	87	miniml/lib/load.js::program:expandModelInfo	model	DIRECT	111669149926	model	METHOD_PARAMETER_IN	0	
68719478525	miniml/lib/load.js	87	miniml/lib/load.js::program:expandModelInfo	_tmp_5	DIRECT	94489281162	_tmp_5	LOCAL	0	
68719478526	miniml/lib/load.js	98	miniml/lib/load.js::program:expandModelInfo	model	DIRECT	111669149926	model	METHOD_PARAMETER_IN	0	
68719478527	miniml/lib/load.js	98	miniml/lib/load.js::program:expandModelInfo	model	DIRECT	111669149926	model	METHOD_PARAMETER_IN	0	
68719478528	miniml/lib/load.js	87	miniml/lib/load.js::program:expandModelInfo	_tmp_5	DIRECT	94489281162	_tmp_5	LOCAL	0	
68719478529	miniml/lib/load.js	99	miniml/lib/load.js::program:expandModelInfo	model	DIRECT	111669149926	model	METHOD_PARAMETER_IN	0	
68719478530	miniml/lib/load.js	99	miniml/lib/load.js::program:expandModelInfo	renderJinjaTemplate	CAPTURED	94489281086	renderJinjaTemplate	LOCAL	1	
68719478531	miniml/lib/load.js	99	miniml/lib/load.js::program:expandModelInfo	this	DIRECT	111669149925	this	METHOD_PARAMETER_IN	0	
68719478532	miniml/lib/load.js	99	miniml/lib/load.js::program:expandModelInfo	model	DIRECT	111669149926	model	METHOD_PARAMETER_IN	0	
68719478534	miniml/lib/load.js	100	miniml/lib/load.js::program:expandModelInfo	_tmp_7	DIRECT	94489281160	_tmp_7	LOCAL	0	
68719478535	miniml/lib/load.js	100	miniml/lib/load.js::program:expandModelInfo	model	DIRECT	111669149926	model	METHOD_PARAMETER_IN	0	
68719478536	miniml/lib/load.js	100	miniml/lib/load.js::program:expandModelInfo	_tmp_7	DIRECT	94489281160	_tmp_7	LOCAL	0	
68719478538	miniml/lib/load.js	101	miniml/lib/load.js::program:expandModelInfo	_tmp_9	DIRECT	94489281158	_tmp_9	LOCAL	0	
68719478539	miniml/lib/load.js	101	miniml/lib/load.js::program:expandModelInfo	model	DIRECT	111669149926	model	METHOD_PARAMETER_IN	0	
68719478540	miniml/lib/load.js	101	miniml/lib/load.js::program:expandModelInfo	_tmp_9	DIRECT	94489281158	_tmp_9	LOCAL	0	
68719478542	miniml/lib/load.js	103	miniml/lib/load.js::program:expandModelInfo	model	DIRECT	111669149926	model	METHOD_PARAMETER_IN	0	
68719478543	miniml/lib/load.js	103	miniml/lib/load.js::program:expandModelInfo	file	DIRECT	111669149927	file	METHOD_PARAMETER_IN	0	
68719478544	miniml/lib/load.js	104	miniml/lib/load.js::program:expandModelInfo	model	DIRECT	111669149926	model	METHOD_PARAMETER_IN	0	
68719478545	miniml/lib/load.js	104	miniml/lib/load.js::program:expandModelInfo	inferModelDialect	CAPTURED	94489281115	inferModelDialect	LOCAL	1	
68719478546	miniml/lib/load.js	104	miniml/lib/load.js::program:expandModelInfo	this	DIRECT	111669149925	this	METHOD_PARAMETER_IN	0	
68719478547	miniml/lib/load.js	104	miniml/lib/load.js::program:expandModelInfo	file	DIRECT	111669149927	file	METHOD_PARAMETER_IN	0	
68719478548	miniml/lib/load.js	105	miniml/lib/load.js::program:expandModelInfo	lines	DIRECT	94489281113	lines	LOCAL	0	
68719478549	miniml/lib/load.js	106	miniml/lib/load.js::program:expandModelInfo	model	DIRECT	111669149926	model	METHOD_PARAMETER_IN	0	
68719478550	miniml/lib/load.js	107	miniml/lib/load.js::program:expandModelInfo	lines	DIRECT	94489281113	lines	LOCAL	0	
68719478551	miniml/lib/load.js	107	miniml/lib/load.js::program:expandModelInfo	lines	DIRECT	94489281113	lines	LOCAL	0	
68719478552	miniml/lib/load.js	107	miniml/lib/load.js::program:expandModelInfo	_tmp_11	DIRECT	94489281155	_tmp_11	LOCAL	0	
68719478555	miniml/lib/load.js	108	miniml/lib/load.js::program:expandModelInfo	model	DIRECT	111669149926	model	METHOD_PARAMETER_IN	0	
68719478559	miniml/lib/load.js	111	miniml/lib/load.js::program:expandModelInfo	model	DIRECT	111669149926	model	METHOD_PARAMETER_IN	0	
68719478560	miniml/lib/load.js	112	miniml/lib/load.js::program:expandModelInfo	lines	DIRECT	94489281113	lines	LOCAL	0	
68719478561	miniml/lib/load.js	112	miniml/lib/load.js::program:expandModelInfo	lines	DIRECT	94489281113	lines	LOCAL	0	
68719478562	miniml/lib/load.js	112	miniml/lib/load.js::program:expandModelInfo	_tmp_12	DIRECT	94489281154	_tmp_12	LOCAL	0	
68719478563	miniml/lib/load.js	112	miniml/lib/load.js::program:expandModelInfo	model	DIRECT	111669149926	model	METHOD_PARAMETER_IN	0	
68719478564	miniml/lib/load.js	112	miniml/lib/load.js::program:expandModelInfo	_tmp_12	DIRECT	94489281154	_tmp_12	LOCAL	0	
68719478565	miniml/lib/load.js	113	miniml/lib/load.js::program:expandModelInfo	lines	DIRECT	94489281113	lines	LOCAL	0	
68719478566	miniml/lib/load.js	114	miniml/lib/load.js::program:expandModelInfo	model	DIRECT	111669149926	model	METHOD_PARAMETER_IN	0	
68719478567	miniml/lib/load.js	114	miniml/lib/load.js::program:expandModelInfo	_tmp_13	DIRECT	94489281153	_tmp_13	LOCAL	0	
68719478568	miniml/lib/load.js	114	miniml/lib/load.js::program:expandModelInfo	lines	DIRECT	94489281113	lines	LOCAL	0	
68719478569	miniml/lib/load.js	114	miniml/lib/load.js::program:expandModelInfo	lines	DIRECT	94489281113	lines	LOCAL	0	
68719478570	miniml/lib/load.js	114	miniml/lib/load.js::program:expandModelInfo	_tmp_13	DIRECT	94489281153	_tmp_13	LOCAL	0	
68719478571	miniml/lib/load.js	117	miniml/lib/load.js::program:inferModelDialect	file	DIRECT	111669149929	file	METHOD_PARAMETER_IN	0	
68719478572	miniml/lib/load.js	117	miniml/lib/load.js::program:inferModelDialect	file	DIRECT	111669149929	file	METHOD_PARAMETER_IN	0	
68719478573	miniml/lib/load.js	119	miniml/lib/load.js::program:inferModelDialect	file	DIRECT	111669149929	file	METHOD_PARAMETER_IN	0	
68719478574	miniml/lib/load.js	119	miniml/lib/load.js::program:inferModelDialect	file	DIRECT	111669149929	file	METHOD_PARAMETER_IN	0	
68719478575	miniml/lib/load.js	122	miniml/lib/load.js::program:inferModelDialect	_tmp_14	DIRECT	94489281152	_tmp_14	LOCAL	0	
68719478576	miniml/lib/load.js	122	miniml/lib/load.js::program:inferModelDialect	Error	DIRECT	94489281151	Error	LOCAL	0	
68719478578	miniml/lib/load.js	122	miniml/lib/load.js::program:inferModelDialect	file	DIRECT	111669149929	file	METHOD_PARAMETER_IN	0	
68719478580	miniml/lib/load.js	126	miniml/lib/load.js::program:validateModel:<lambda>7	model	CAPTURED	111669149933	model	METHOD_PARAMETER_IN	1	
68719478581	miniml/lib/load.js	126	miniml/lib/load.js::program:validateModel:<lambda>7	key	DIRECT	111669149931	key	METHOD_PARAMETER_IN	0	
68719478582	miniml/lib/load.js	125	miniml/lib/load.js::program:validateModel	model	DIRECT	111669149933	model	METHOD_PARAMETER_IN	0	
68719478583	miniml/lib/load.js	125	miniml/lib/load.js::program:validateModel	model	DIRECT	111669149933	model	METHOD_PARAMETER_IN	0	
68719478584	miniml/lib/load.js	126	miniml/lib/load.js::program:validateModel	undefined_joins	DIRECT	94489281118	undefined_joins	LOCAL	0	
68719478585	miniml/lib/load.js	126	miniml/lib/load.js::program:validateModel	_tmp_15	DIRECT	94489281150	_tmp_15	LOCAL	0	
68719478586	miniml/lib/load.js	126	miniml/lib/load.js::program:validateModel	model	DIRECT	111669149933	model	METHOD_PARAMETER_IN	0	
68719478587	miniml/lib/load.js	126	miniml/lib/load.js::program:validateModel	_tmp_15	DIRECT	94489281150	_tmp_15	LOCAL	0	
68719478588	miniml/lib/load.js	127	miniml/lib/load.js::program:validateModel	undefined_joins	DIRECT	94489281118	undefined_joins	LOCAL	0	
68719478589	miniml/lib/load.js	128	miniml/lib/load.js::program:validateModel	_tmp_16	DIRECT	94489281148	_tmp_16	LOCAL	0	
68719478590	miniml/lib/load.js	128	miniml/lib/load.js::program:validateModel	Error	DIRECT	94489281147	Error	LOCAL	0	
68719478592	miniml/lib/load.js	128	miniml/lib/load.js::program:validateModel	undefined_joins	DIRECT	94489281118	undefined_joins	LOCAL	0	
68719478593	miniml/lib/load.js	128	miniml/lib/load.js::program:validateModel	undefined_joins	DIRECT	94489281118	undefined_joins	LOCAL	0	
68719478594	miniml/lib/load.js	128	miniml/lib/load.js::program:validateModel	_tmp_17	DIRECT	94489281146	_tmp_17	LOCAL	0	
68719478595	miniml/lib/load.js	128	miniml/lib/load.js::program:validateModel	model	DIRECT	111669149933	model	METHOD_PARAMETER_IN	0	
68719478596	miniml/lib/load.js	128	miniml/lib/load.js::program:validateModel	_tmp_17	DIRECT	94489281146	_tmp_17	LOCAL	0	
68719478598	miniml/lib/load.js	4	miniml/lib/load.js::program:createModel	model	DIRECT	94489281121	model	LOCAL	0	
68719478599	miniml/lib/load.js	4	miniml/lib/load.js::program:createModel	obj	DIRECT	111669149935	obj	METHOD_PARAMETER_IN	0	
68719478600	miniml/lib/load.js	4	miniml/lib/load.js::program:createModel	parseYAML	CAPTURED	94489281085	parseYAML	LOCAL	1	
68719478601	miniml/lib/load.js	4	miniml/lib/load.js::program:createModel	this	DIRECT	111669149934	this	METHOD_PARAMETER_IN	0	
68719478602	miniml/lib/load.js	4	miniml/lib/load.js::program:createModel	obj	DIRECT	111669149935	obj	METHOD_PARAMETER_IN	0	
68719478603	miniml/lib/load.js	4	miniml/lib/load.js::program:createModel	obj	DIRECT	111669149935	obj	METHOD_PARAMETER_IN	0	
68719478604	miniml/lib/load.js	5	miniml/lib/load.js::program:createModel	model	DIRECT	94489281121	model	LOCAL	0	
68719478605	miniml/lib/load.js	6	miniml/lib/load.js::program:createModel	model	DIRECT	94489281121	model	LOCAL	0	
68719478607	miniml/lib/load.js	7	miniml/lib/load.js::program:createModel	model	DIRECT	94489281121	model	LOCAL	0	
68719478608	miniml/lib/load.js	8	miniml/lib/load.js::program:createModel	model	DIRECT	94489281121	model	LOCAL	0	
68719478609	miniml/lib/load.js	8	miniml/lib/load.js::program:createModel	model	DIRECT	94489281121	model	LOCAL	0	
68719478610	miniml/lib/load.js	9	miniml/lib/load.js::program:createModel	model	DIRECT	94489281121	model	LOCAL	0	
68719478611	miniml/lib/load.js	10	miniml/lib/load.js::program:createModel	model	DIRECT	94489281121	model	LOCAL	0	
68719478612	miniml/lib/load.js	11	miniml/lib/load.js::program:createModel	model	DIRECT	94489281121	model	LOCAL	0	
68719478613	miniml/lib/load.js	12	miniml/lib/load.js::program:createModel	model	DIRECT	94489281121	model	LOCAL	0	
68719478615	miniml/lib/load.js	13	miniml/lib/load.js::program:createModel	model	DIRECT	94489281121	model	LOCAL	0	
68719478616	miniml/lib/load.js	14	miniml/lib/load.js::program:createModel	model	DIRECT	94489281121	model	LOCAL	0	
68719478618	miniml/lib/load.js	15	miniml/lib/load.js::program:createModel	model	DIRECT	94489281121	model	LOCAL	0	
68719478619	miniml/lib/load.js	16	miniml/lib/load.js::program:createModel	model	DIRECT	94489281121	model	LOCAL	0	
68719478620	miniml/lib/load.js	16	miniml/lib/load.js::program:createModel	defaultDateField	CAPTURED	94489281087	defaultDateField	LOCAL	1	
68719478621	miniml/lib/load.js	16	miniml/lib/load.js::program:createModel	this	DIRECT	111669149934	this	METHOD_PARAMETER_IN	0	
68719478622	miniml/lib/load.js	16	miniml/lib/load.js::program:createModel	model	DIRECT	94489281121	model	LOCAL	0	
68719478623	miniml/lib/load.js	17	miniml/lib/load.js::program:createModel	model	DIRECT	94489281121	model	LOCAL	0	
68719478624	miniml/lib/load.js	18	miniml/lib/load.js::program:createModel	model	DIRECT	94489281121	model	LOCAL	0	
68719478625	miniml/lib/load.js	18	miniml/lib/load.js::program:createModel	_tmp_21	DIRECT	94489281143	_tmp_21	LOCAL	0	
68719478626	miniml/lib/load.js	18	miniml/lib/load.js::program:createModel	model	DIRECT	94489281121	model	LOCAL	0	
68719478627	miniml/lib/load.js	18	miniml/lib/load.js::program:createModel	_tmp_21	DIRECT	94489281143	_tmp_21	LOCAL	0	
68719478628	miniml/lib/load.js	19	miniml/lib/load.js::program:createModel	model	DIRECT	94489281121	model	LOCAL	0	
68719478629	miniml/lib/load.js	20	miniml/lib/load.js::program:createModel	model	DIRECT	94489281121	model	LOCAL	0	
68719478630	miniml/lib/load.js	20	miniml/lib/load.js::program:createModel	_tmp_22	DIRECT	94489281141	_tmp_22	LOCAL	0	
68719478631	miniml/lib/load.js	20	miniml/lib/load.js::program:createModel	_tmp_23	DIRECT	94489281142	_tmp_23	LOCAL	0	
68719478632	miniml/lib/load.js	20	miniml/lib/load.js::program:createModel	model	DIRECT	94489281121	model	LOCAL	0	
68719478633	miniml/lib/load.js	20	miniml/lib/load.js::program:createModel	_tmp_23	DIRECT	94489281142	_tmp_23	LOCAL	0	
68719478634	miniml/lib/load.js	20	miniml/lib/load.js::program:createModel	_tmp_22	DIRECT	94489281141	_tmp_22	LOCAL	0	
68719478635	miniml/lib/load.js	21	miniml/lib/load.js::program:createModel	model	DIRECT	94489281121	model	LOCAL	0	
68719478636	miniml/lib/load.js	21	miniml/lib/load.js::program:createModel	model	DIRECT	94489281121	model	LOCAL	0	
68719478637	miniml/lib/load.js	22	miniml/lib/load.js::program:createModel	_tmp_24	DIRECT	94489281140	_tmp_24	LOCAL	0	
68719478638	miniml/lib/load.js	22	miniml/lib/load.js::program:createModel	Error	DIRECT	94489281139	Error	LOCAL	0	
68719478640	miniml/lib/load.js	22	miniml/lib/load.js::program:createModel	model	DIRECT	94489281121	model	LOCAL	0	
68719478642	miniml/lib/load.js	24	miniml/lib/load.js::program:createModel	model	DIRECT	94489281121	model	LOCAL	0	
68719478643	miniml/lib/load.js	25	miniml/lib/load.js::program:createModel	model	DIRECT	94489281121	model	LOCAL	0	
68719478644	miniml/lib/load.js	25	miniml/lib/load.js::program:createModel	_tmp_25	DIRECT	94489281138	_tmp_25	LOCAL	0	
68719478645	miniml/lib/load.js	25	miniml/lib/load.js::program:createModel	model	DIRECT	94489281121	model	LOCAL	0	
68719478646	miniml/lib/load.js	25	miniml/lib/load.js::program:createModel	_tmp_25	DIRECT	94489281138	_tmp_25	LOCAL	0	
68719478647	miniml/lib/load.js	26	miniml/lib/load.js::program:createModel	model	DIRECT	94489281121	model	LOCAL	0	
68719478648	miniml/lib/load.js	27	miniml/lib/load.js::program:createModel	model	DIRECT	94489281121	model	LOCAL	0	
68719478649	miniml/lib/load.js	28	miniml/lib/load.js::program:createModel	validateModel	CAPTURED	94489281117	validateModel	LOCAL	1	
68719478650	miniml/lib/load.js	28	miniml/lib/load.js::program:createModel	this	DIRECT	111669149934	this	METHOD_PARAMETER_IN	0	
68719478651	miniml/lib/load.js	28	miniml/lib/load.js::program:createModel	model	DIRECT	94489281121	model	LOCAL	0	
68719478652	miniml/lib/load.js	29	miniml/lib/load.js::program:createModel	expandDimensions	CAPTURED	94489281094	expandDimensions	LOCAL	1	
68719478653	miniml/lib/load.js	29	miniml/lib/load.js::program:createModel	this	DIRECT	111669149934	this	METHOD_PARAMETER_IN	0	
68719478654	miniml/lib/load.js	29	miniml/lib/load.js::program:createModel	model	DIRECT	94489281121	model	LOCAL	0	
68719478655	miniml/lib/load.js	30	miniml/lib/load.js::program:createModel	expandMeasures	CAPTURED	94489281098	expandMeasures	LOCAL	1	
68719478656	miniml/lib/load.js	30	miniml/lib/load.js::program:createModel	this	DIRECT	111669149934	this	METHOD_PARAMETER_IN	0	
68719478657	miniml/lib/load.js	30	miniml/lib/load.js::program:createModel	model	DIRECT	94489281121	model	LOCAL	0	
68719478658	miniml/lib/load.js	31	miniml/lib/load.js::program:createModel	expandModelInfo	CAPTURED	94489281109	expandModelInfo	LOCAL	1	
68719478659	miniml/lib/load.js	31	miniml/lib/load.js::program:createModel	this	DIRECT	111669149934	this	METHOD_PARAMETER_IN	0	
68719478660	miniml/lib/load.js	31	miniml/lib/load.js::program:createModel	model	DIRECT	94489281121	model	LOCAL	0	
68719478661	miniml/lib/load.js	31	miniml/lib/load.js::program:createModel	file	DIRECT	111669149936	file	METHOD_PARAMETER_IN	0	
68719478662	miniml/lib/load.js	32	miniml/lib/load.js::program:createModel	model	DIRECT	94489281121	model	LOCAL	0	
68719478663	miniml/lib/load.js	35	miniml/lib/load.js::program:loadModel	obj	DIRECT	94489281127	obj	LOCAL	0	
68719478664	miniml/lib/load.js	35	miniml/lib/load.js::program:loadModel	loadYamlFile	CAPTURED	94489281083	loadYamlFile	LOCAL	1	
68719478665	miniml/lib/load.js	35	miniml/lib/load.js::program:loadModel	this	DIRECT	111669149937	this	METHOD_PARAMETER_IN	0	
68719478666	miniml/lib/load.js	35	miniml/lib/load.js::program:loadModel	file	DIRECT	111669149938	file	METHOD_PARAMETER_IN	0	
68719478667	miniml/lib/load.js	36	miniml/lib/load.js::program:loadModel	createModel	CAPTURED	94489281120	createModel	LOCAL	1	
68719478668	miniml/lib/load.js	36	miniml/lib/load.js::program:loadModel	this	DIRECT	111669149937	this	METHOD_PARAMETER_IN	0	
68719478669	miniml/lib/load.js	36	miniml/lib/load.js::program:loadModel	obj	DIRECT	94489281127	obj	LOCAL	0	
68719478670	miniml/lib/load.js	36	miniml/lib/load.js::program:loadModel	file	DIRECT	111669149938	file	METHOD_PARAMETER_IN	0	
68719478671	miniml/lib/load.js	39	miniml/lib/load.js::program:loadModelSync	obj	DIRECT	94489281129	obj	LOCAL	0	
68719478672	miniml/lib/load.js	39	miniml/lib/load.js::program:loadModelSync	loadYamlFileSync	CAPTURED	94489281084	loadYamlFileSync	LOCAL	1	
68719478673	miniml/lib/load.js	39	miniml/lib/load.js::program:loadModelSync	this	DIRECT	111669149939	this	METHOD_PARAMETER_IN	0	
68719478674	miniml/lib/load.js	39	miniml/lib/load.js::program:loadModelSync	file	DIRECT	111669149940	file	METHOD_PARAMETER_IN	0	
68719478675	miniml/lib/load.js	40	miniml/lib/load.js::program:loadModelSync	createModel	CAPTURED	94489281120	createModel	LOCAL	1	
68719478676	miniml/lib/load.js	40	miniml/lib/load.js::program:loadModelSync	this	DIRECT	111669149939	this	METHOD_PARAMETER_IN	0	
68719478677	miniml/lib/load.js	40	miniml/lib/load.js::program:loadModelSync	obj	DIRECT	94489281129	obj	LOCAL	0	
68719478678	miniml/lib/load.js	40	miniml/lib/load.js::program:loadModelSync	file	DIRECT	111669149940	file	METHOD_PARAMETER_IN	0	
68719478679	miniml/lib/load.js	1	miniml/lib/load.js::program	loadYamlFile	DIRECT	94489281083	loadYamlFile	LOCAL	0	
68719478681	miniml/lib/load.js	1	miniml/lib/load.js::program	this	DIRECT	111669149941	this	METHOD_PARAMETER_IN	0	
68719478682	miniml/lib/load.js	1	miniml/lib/load.js::program	loadYamlFileSync	DIRECT	94489281084	loadYamlFileSync	LOCAL	0	
68719478684	miniml/lib/load.js	1	miniml/lib/load.js::program	this	DIRECT	111669149941	this	METHOD_PARAMETER_IN	0	
68719478685	miniml/lib/load.js	1	miniml/lib/load.js::program	parseYAML	DIRECT	94489281085	parseYAML	LOCAL	0	
68719478687	miniml/lib/load.js	1	miniml/lib/load.js::program	this	DIRECT	111669149941	this	METHOD_PARAMETER_IN	0	
68719478688	miniml/lib/load.js	2	miniml/lib/load.js::program	renderJinjaTemplate	DIRECT	94489281086	renderJinjaTemplate	LOCAL	0	
68719478690	miniml/lib/load.js	2	miniml/lib/load.js::program	this	DIRECT	111669149941	this	METHOD_PARAMETER_IN	0	
68719478691	miniml/lib/load.js	42	miniml/lib/load.js::program	defaultDateField	DIRECT	94489281087	defaultDateField	LOCAL	0	
68719478692	miniml/lib/load.js	61	miniml/lib/load.js::program	expandDimensions	DIRECT	94489281094	expandDimensions	LOCAL	0	
68719478693	miniml/lib/load.js	69	miniml/lib/load.js::program	expandMeasures	DIRECT	94489281098	expandMeasures	LOCAL	0	
68719478694	miniml/lib/load.js	77	miniml/lib/load.js::program	expandMetadataDefs	DIRECT	94489281102	expandMetadataDefs	LOCAL	0	
68719478695	miniml/lib/load.js	86	miniml/lib/load.js::program	expandModelInfo	DIRECT	94489281109	expandModelInfo	LOCAL	0	
68719478696	miniml/lib/load.js	116	miniml/lib/load.js::program	inferModelDialect	DIRECT	94489281115	inferModelDialect	LOCAL	0	
68719478697	miniml/lib/load.js	124	miniml/lib/load.js::program	validateModel	DIRECT	94489281117	validateModel	LOCAL	0	
68719478698	miniml/lib/load.js	3	miniml/lib/load.js::program	createModel	DIRECT	94489281120	createModel	LOCAL	0	
68719478700	miniml/lib/load.js	3	miniml/lib/load.js::program	createModel	DIRECT	94489281120	createModel	LOCAL	0	
68719478701	miniml/lib/load.js	34	miniml/lib/load.js::program	loadModel	DIRECT	94489281126	loadModel	LOCAL	0	
68719478703	miniml/lib/load.js	34	miniml/lib/load.js::program	loadModel	DIRECT	94489281126	loadModel	LOCAL	0	
68719478704	miniml/lib/load.js	38	miniml/lib/load.js::program	loadModelSync	DIRECT	94489281128	loadModelSync	LOCAL	0	
68719478706	miniml/lib/load.js	38	miniml/lib/load.js::program	loadModelSync	DIRECT	94489281128	loadModelSync	LOCAL	0	
68719478707	miniml/lib/parse.js	5	miniml/lib/parse.js::program:extractFieldReferences	expression	DIRECT	111669149943	expression	METHOD_PARAMETER_IN	0	
68719478708	miniml/lib/parse.js	5	miniml/lib/parse.js::program:extractFieldReferences	this	DIRECT	111669149942	this	METHOD_PARAMETER_IN	0	
68719478709	miniml/lib/parse.js	9	miniml/lib/parse.js::program:extractFieldReferences	parser	DIRECT	94489281188	parser	LOCAL	0	
68719478710	miniml/lib/parse.js	9	miniml/lib/parse.js::program:extractFieldReferences	_tmp_1	DIRECT	94489281201	_tmp_1	LOCAL	0	
68719478711	miniml/lib/parse.js	9	miniml/lib/parse.js::program:extractFieldReferences	Parser	CAPTURED	94489281185	Parser	LOCAL	1	
68719478714	miniml/lib/parse.js	10	miniml/lib/parse.js::program:extractFieldReferences	wrappedSql	DIRECT	94489281190	wrappedSql	LOCAL	0	
68719478715	miniml/lib/parse.js	10	miniml/lib/parse.js::program:extractFieldReferences	expression	DIRECT	111669149943	expression	METHOD_PARAMETER_IN	0	
68719478716	miniml/lib/parse.js	10	miniml/lib/parse.js::program:extractFieldReferences	expression	DIRECT	111669149943	expression	METHOD_PARAMETER_IN	0	
68719478717	miniml/lib/parse.js	11	miniml/lib/parse.js::program:extractFieldReferences	ast	DIRECT	94489281187	ast	LOCAL	0	
68719478718	miniml/lib/parse.js	11	miniml/lib/parse.js::program:extractFieldReferences	parser	DIRECT	94489281188	parser	LOCAL	0	
68719478719	miniml/lib/parse.js	11	miniml/lib/parse.js::program:extractFieldReferences	parser	DIRECT	94489281188	parser	LOCAL	0	
68719478720	miniml/lib/parse.js	11	miniml/lib/parse.js::program:extractFieldReferences	wrappedSql	DIRECT	94489281190	wrappedSql	LOCAL	0	
68719478722	miniml/lib/parse.js	11	miniml/lib/parse.js::program:extractFieldReferences	model	DIRECT	111669149944	model	METHOD_PARAMETER_IN	0	
68719478724	miniml/lib/parse.js	13	miniml/lib/parse.js::program:extractFieldReferences	error	DIRECT	94489281199	error	LOCAL	0	
68719478725	miniml/lib/parse.js	16	miniml/lib/parse.js::program:extractFieldReferences	reference_fields	DIRECT	94489281192	reference_fields	LOCAL	0	
68719478726	miniml/lib/parse.js	16	miniml/lib/parse.js::program:extractFieldReferences	_tmp_3	DIRECT	94489281198	_tmp_3	LOCAL	0	
68719478727	miniml/lib/parse.js	16	miniml/lib/parse.js::program:extractFieldReferences	Set	DIRECT	94489281197	Set	LOCAL	0	
68719478730	miniml/lib/parse.js	17	miniml/lib/parse.js::program:extractFieldReferences	ast	DIRECT	94489281187	ast	LOCAL	0	
68719478731	miniml/lib/parse.js	17	miniml/lib/parse.js::program:extractFieldReferences	ast	DIRECT	94489281187	ast	LOCAL	0	
68719478732	miniml/lib/parse.js	18	miniml/lib/parse.js::program:extractFieldReferences	selectStmt	DIRECT	94489281194	selectStmt	LOCAL	0	
68719478733	miniml/lib/parse.js	18	miniml/lib/parse.js::program:extractFieldReferences	Array	DIRECT	94489281195	Array	LOCAL	0	
68719478734	miniml/lib/parse.js	18	miniml/lib/parse.js::program:extractFieldReferences	Array	DIRECT	94489281195	Array	LOCAL	0	
68719478735	miniml/lib/parse.js	18	miniml/lib/parse.js::program:extractFieldReferences	ast	DIRECT	94489281187	ast	LOCAL	0	
68719478736	miniml/lib/parse.js	18	miniml/lib/parse.js::program:extractFieldReferences	ast	DIRECT	94489281187	ast	LOCAL	0	
68719478737	miniml/lib/parse.js	18	miniml/lib/parse.js::program:extractFieldReferences	ast	DIRECT	94489281187	ast	LOCAL	0	
68719478738	miniml/lib/parse.js	19	miniml/lib/parse.js::program:extractFieldReferences	selectStmt	DIRECT	94489281194	selectStmt	LOCAL	0	
68719478739	miniml/lib/parse.js	19	miniml/lib/parse.js::program:extractFieldReferences	selectStmt	DIRECT	94489281194	selectStmt	LOCAL	0	
68719478740	miniml/lib/parse.js	19	miniml/lib/parse.js::program:extractFieldReferences	selectStmt	DIRECT	94489281194	selectStmt	LOCAL	0	
68719478741	miniml/lib/parse.js	20	miniml/lib/parse.js::program:extractFieldReferences	extractFieldReferencesFromNode	CAPTURED	94489281182	extractFieldReferencesFromNode	LOCAL	1	
68719478742	miniml/lib/parse.js	20	miniml/lib/parse.js::program:extractFieldReferences	this	DIRECT	111669149942	this	METHOD_PARAMETER_IN	0	
68719478743	miniml/lib/parse.js	20	miniml/lib/parse.js::program:extractFieldReferences	selectStmt	DIRECT	94489281194	selectStmt	LOCAL	0	
68719478744	miniml/lib/parse.js	20	miniml/lib/parse.js::program:extractFieldReferences	reference_fields	DIRECT	94489281192	reference_fields	LOCAL	0	
68719478745	miniml/lib/parse.js	22	miniml/lib/parse.js::program:extractFieldReferences	Array	DIRECT	94489281195	Array	LOCAL	0	
68719478746	miniml/lib/parse.js	22	miniml/lib/parse.js::program:extractFieldReferences	Array	DIRECT	94489281195	Array	LOCAL	0	
68719478747	miniml/lib/parse.js	22	miniml/lib/parse.js::program:extractFieldReferences	reference_fields	DIRECT	94489281192	reference_fields	LOCAL	0	
68719478748	miniml/lib/parse.js	1	miniml/lib/parse.js::program	pkg	DIRECT	94489281181	pkg	LOCAL	0	
68719478750	miniml/lib/parse.js	1	miniml/lib/parse.js::program	this	DIRECT	111669149945	this	METHOD_PARAMETER_IN	0	
68719478751	miniml/lib/parse.js	3	miniml/lib/parse.js::program	extractFieldReferencesFromNode	DIRECT	94489281182	extractFieldReferencesFromNode	LOCAL	0	
68719478753	miniml/lib/parse.js	3	miniml/lib/parse.js::program	this	DIRECT	111669149945	this	METHOD_PARAMETER_IN	0	
68719478754	miniml/lib/parse.js	2	miniml/lib/parse.js::program	_tmp_0	DIRECT	94489281184	_tmp_0	LOCAL	0	
68719478755	miniml/lib/parse.js	2	miniml/lib/parse.js::program	pkg	DIRECT	94489281181	pkg	LOCAL	0	
68719478756	miniml/lib/parse.js	2	miniml/lib/parse.js::program	Parser	DIRECT	94489281185	Parser	LOCAL	0	
68719478759	miniml/lib/parse.js	4	miniml/lib/parse.js::program	extractFieldReferences	DIRECT	94489281186	extractFieldReferences	LOCAL	0	
68719478761	miniml/lib/parse.js	4	miniml/lib/parse.js::program	extractFieldReferences	DIRECT	94489281186	extractFieldReferences	LOCAL	0	
68719478762	miniml/lib/query.js	97	miniml/lib/query.js::program:nextDayLiteral	_tmp_2	DIRECT	94489281212	_tmp_2	LOCAL	0	
68719478763	miniml/lib/query.js	97	miniml/lib/query.js::program:nextDayLiteral	_tmp_0	DIRECT	94489281402	_tmp_0	LOCAL	0	
68719478764	miniml/lib/query.js	97	miniml/lib/query.js::program:nextDayLiteral	_tmp_1	DIRECT	94489281403	_tmp_1	LOCAL	0	
68719478765	miniml/lib/query.js	97	miniml/lib/query.js::program:nextDayLiteral	date	DIRECT	111669149947	date	METHOD_PARAMETER_IN	0	
68719478766	miniml/lib/query.js	97	miniml/lib/query.js::program:nextDayLiteral	date	DIRECT	111669149947	date	METHOD_PARAMETER_IN	0	
68719478767	miniml/lib/query.js	97	miniml/lib/query.js::program:nextDayLiteral	_tmp_1	DIRECT	94489281403	_tmp_1	LOCAL	0	
68719478768	miniml/lib/query.js	97	miniml/lib/query.js::program:nextDayLiteral	_tmp_0	DIRECT	94489281402	_tmp_0	LOCAL	0	
68719478769	miniml/lib/query.js	97	miniml/lib/query.js::program:nextDayLiteral	Number	DIRECT	94489281401	Number	LOCAL	0	
68719478770	miniml/lib/query.js	97	miniml/lib/query.js::program:nextDayLiteral	y	DIRECT	94489281213	y	LOCAL	0	
68719478772	miniml/lib/query.js	97	miniml/lib/query.js::program:nextDayLiteral	m	DIRECT	94489281214	m	LOCAL	0	
68719478774	miniml/lib/query.js	97	miniml/lib/query.js::program:nextDayLiteral	d	DIRECT	94489281215	d	LOCAL	0	
68719478777	miniml/lib/query.js	98	miniml/lib/query.js::program:nextDayLiteral	next	DIRECT	94489281216	next	LOCAL	0	
68719478778	miniml/lib/query.js	98	miniml/lib/query.js::program:nextDayLiteral	_tmp_3	DIRECT	94489281400	_tmp_3	LOCAL	0	
68719478779	miniml/lib/query.js	98	miniml/lib/query.js::program:nextDayLiteral	Date	DIRECT	94489281399	Date	LOCAL	0	
68719478781	miniml/lib/query.js	98	miniml/lib/query.js::program:nextDayLiteral	Date	DIRECT	94489281399	Date	LOCAL	0	
68719478782	miniml/lib/query.js	98	miniml/lib/query.js::program:nextDayLiteral	Date	DIRECT	94489281399	Date	LOCAL	0	
68719478783	miniml/lib/query.js	98	miniml/lib/query.js::program:nextDayLiteral	y	DIRECT	94489281213	y	LOCAL	0	
68719478784	miniml/lib/query.js	98	miniml/lib/query.js::program:nextDayLiteral	m	DIRECT	94489281214	m	LOCAL	0	
68719478785	miniml/lib/query.js	98	miniml/lib/query.js::program:nextDayLiteral	d	DIRECT	94489281215	d	LOCAL	0	
68719478787	miniml/lib/query.js	99	miniml/lib/query.js::program:nextDayLiteral	_tmp_4	DIRECT	94489281398	_tmp_4	LOCAL	0	
68719478788	miniml/lib/query.js	99	miniml/lib/query.js::program:nextDayLiteral	next	DIRECT	94489281216	next	LOCAL	0	
68719478789	miniml/lib/query.js	99	miniml/lib/query.js::program:nextDayLiteral	next	DIRECT	94489281216	next	LOCAL	0	
68719478790	miniml/lib/query.js	99	miniml/lib/query.js::program:nextDayLiteral	_tmp_4	DIRECT	94489281398	_tmp_4	LOCAL	0	
68719478791	miniml/lib/query.js	102	miniml/lib/query.js::program:appendDefaultDateRange	model	DIRECT	111669149950	model	METHOD_PARAMETER_IN	0	
68719478792	miniml/lib/query.js	102	miniml/lib/query.js::program:appendDefaultDateRange	model	DIRECT	111669149950	model	METHOD_PARAMETER_IN	0	
68719478793	miniml/lib/query.js	102	miniml/lib/query.js::program:appendDefaultDateRange	model	DIRECT	111669149950	model	METHOD_PARAMETER_IN	0	
68719478794	miniml/lib/query.js	105	miniml/lib/query.js::program:appendDefaultDateRange	is_date	DIRECT	94489281220	is_date	LOCAL	0	
68719478795	miniml/lib/query.js	105	miniml/lib/query.js::program:appendDefaultDateRange	model	DIRECT	111669149950	model	METHOD_PARAMETER_IN	0	
68719478796	miniml/lib/query.js	105	miniml/lib/query.js::program:appendDefaultDateRange	this	DIRECT	111669149948	this	METHOD_PARAMETER_IN	0	
68719478797	miniml/lib/query.js	106	miniml/lib/query.js::program:appendDefaultDateRange	result	DIRECT	94489281219	result	LOCAL	0	
68719478798	miniml/lib/query.js	106	miniml/lib/query.js::program:appendDefaultDateRange	_tmp_5	DIRECT	94489281397	_tmp_5	LOCAL	0	
68719478799	miniml/lib/query.js	106	miniml/lib/query.js::program:appendDefaultDateRange	model	DIRECT	111669149950	model	METHOD_PARAMETER_IN	0	
68719478800	miniml/lib/query.js	106	miniml/lib/query.js::program:appendDefaultDateRange	_tmp_5	DIRECT	94489281397	_tmp_5	LOCAL	0	
68719478801	miniml/lib/query.js	107	miniml/lib/query.js::program:appendDefaultDateRange	result	DIRECT	94489281219	result	LOCAL	0	
68719478802	miniml/lib/query.js	108	miniml/lib/query.js::program:appendDefaultDateRange	where_clause	DIRECT	111669149949	where_clause	METHOD_PARAMETER_IN	0	
68719478803	miniml/lib/query.js	108	miniml/lib/query.js::program:appendDefaultDateRange	where_clause	DIRECT	111669149949	where_clause	METHOD_PARAMETER_IN	0	
68719478804	miniml/lib/query.js	108	miniml/lib/query.js::program:appendDefaultDateRange	constructDateRangeExpression	CAPTURED	94489281207	constructDateRangeExpression	LOCAL	1	
68719478805	miniml/lib/query.js	108	miniml/lib/query.js::program:appendDefaultDateRange	this	DIRECT	111669149948	this	METHOD_PARAMETER_IN	0	
68719478806	miniml/lib/query.js	108	miniml/lib/query.js::program:appendDefaultDateRange	model	DIRECT	111669149950	model	METHOD_PARAMETER_IN	0	
68719478807	miniml/lib/query.js	108	miniml/lib/query.js::program:appendDefaultDateRange	model	DIRECT	111669149950	model	METHOD_PARAMETER_IN	0	
68719478808	miniml/lib/query.js	108	miniml/lib/query.js::program:appendDefaultDateRange	result	DIRECT	94489281219	result	LOCAL	0	
68719478809	miniml/lib/query.js	108	miniml/lib/query.js::program:appendDefaultDateRange	result	DIRECT	94489281219	result	LOCAL	0	
68719478810	miniml/lib/query.js	108	miniml/lib/query.js::program:appendDefaultDateRange	model	DIRECT	111669149950	model	METHOD_PARAMETER_IN	0	
68719478811	miniml/lib/query.js	108	miniml/lib/query.js::program:appendDefaultDateRange	is_date	DIRECT	94489281220	is_date	LOCAL	0	
68719478812	miniml/lib/query.js	111	miniml/lib/query.js::program:applyDateGranularity	_tmp_6	DIRECT	94489281223	_tmp_6	LOCAL	0	
68719478813	miniml/lib/query.js	111	miniml/lib/query.js::program:applyDateGranularity	unwrapSqlExpressionAlias	CAPTURED	94489281238	unwrapSqlExpressionAlias	LOCAL	1	
68719478814	miniml/lib/query.js	111	miniml/lib/query.js::program:applyDateGranularity	this	DIRECT	111669149951	this	METHOD_PARAMETER_IN	0	
68719478815	miniml/lib/query.js	111	miniml/lib/query.js::program:applyDateGranularity	date_expr	DIRECT	111669149954	date_expr	METHOD_PARAMETER_IN	0	
68719478816	miniml/lib/query.js	111	miniml/lib/query.js::program:applyDateGranularity	expr	DIRECT	94489281224	expr	LOCAL	0	
68719478818	miniml/lib/query.js	111	miniml/lib/query.js::program:applyDateGranularity	alias	DIRECT	94489281225	alias	LOCAL	0	
68719478821	miniml/lib/query.js	112	miniml/lib/query.js::program:applyDateGranularity	expr_trunc	DIRECT	94489281226	expr_trunc	LOCAL	0	
68719478822	miniml/lib/query.js	112	miniml/lib/query.js::program:applyDateGranularity	constructDateTruncExpression	CAPTURED	94489281208	constructDateTruncExpression	LOCAL	1	
68719478823	miniml/lib/query.js	112	miniml/lib/query.js::program:applyDateGranularity	this	DIRECT	111669149951	this	METHOD_PARAMETER_IN	0	
68719478824	miniml/lib/query.js	112	miniml/lib/query.js::program:applyDateGranularity	dialect	DIRECT	111669149955	dialect	METHOD_PARAMETER_IN	0	
68719478825	miniml/lib/query.js	112	miniml/lib/query.js::program:applyDateGranularity	expr	DIRECT	94489281224	expr	LOCAL	0	
68719478826	miniml/lib/query.js	112	miniml/lib/query.js::program:applyDateGranularity	date_granularity	DIRECT	111669149952	date_granularity	METHOD_PARAMETER_IN	0	
68719478827	miniml/lib/query.js	113	miniml/lib/query.js::program:applyDateGranularity	expr_trunc	DIRECT	94489281226	expr_trunc	LOCAL	0	
68719478828	miniml/lib/query.js	113	miniml/lib/query.js::program:applyDateGranularity	alias	DIRECT	94489281225	alias	LOCAL	0	
68719478829	miniml/lib/query.js	113	miniml/lib/query.js::program:applyDateGranularity	key	DIRECT	111669149953	key	METHOD_PARAMETER_IN	0	
68719478833	miniml/lib/query.js	116	miniml/lib/query.js::program:expandWhereReferences	where_clause	DIRECT	111669149957	where_clause	METHOD_PARAMETER_IN	0	
68719478834	miniml/lib/query.js	117	miniml/lib/query.js::program:expandWhereReferences	where_clause	DIRECT	111669149957	where_clause	METHOD_PARAMETER_IN	0	
68719478835	miniml/lib/query.js	118	miniml/lib/query.js::program:expandWhereReferences	result	AMBIGUOUS					MULTIPLE_LIVE_ASSIGNMENTS_TO_RESOLVED_LOCAL
68719478836	miniml/lib/query.js	118	miniml/lib/query.js::program:expandWhereReferences	where_clause	DIRECT	111669149957	where_clause	METHOD_PARAMETER_IN	0	
68719478837	miniml/lib/query.js	119	miniml/lib/query.js::program:expandWhereReferences	_iterator_0	DIRECT	94489281393	_iterator_0	LOCAL	0	
68719478838	miniml/lib/query.js	119	miniml/lib/query.js::program:expandWhereReferences	dictionary	DIRECT	111669149958	dictionary	METHOD_PARAMETER_IN	0	
68719478839	miniml/lib/query.js	119	miniml/lib/query.js::program:expandWhereReferences	_result_0	DIRECT	94489281392	_result_0	LOCAL	0	
68719478840	miniml/lib/query.js	119	miniml/lib/query.js::program:expandWhereReferences	key	DIRECT	94489281389	key	LOCAL	0	
68719478843	miniml/lib/query.js	120	miniml/lib/query.js::program:expandWhereReferences	regexp	DIRECT	94489281232	regexp	LOCAL	0	
68719478844	miniml/lib/query.js	120	miniml/lib/query.js::program:expandWhereReferences	_tmp_7	DIRECT	94489281391	_tmp_7	LOCAL	0	
68719478845	miniml/lib/query.js	120	miniml/lib/query.js::program:expandWhereReferences	RegExp	DIRECT	94489281390	RegExp	LOCAL	0	
68719478847	miniml/lib/query.js	120	miniml/lib/query.js::program:expandWhereReferences	key	DIRECT	94489281389	key	LOCAL	0	
68719478849	miniml/lib/query.js	121	miniml/lib/query.js::program:expandWhereReferences	regexp	DIRECT	94489281232	regexp	LOCAL	0	
68719478850	miniml/lib/query.js	121	miniml/lib/query.js::program:expandWhereReferences	regexp	DIRECT	94489281232	regexp	LOCAL	0	
68719478851	miniml/lib/query.js	121	miniml/lib/query.js::program:expandWhereReferences	where_clause	DIRECT	111669149957	where_clause	METHOD_PARAMETER_IN	0	
68719478852	miniml/lib/query.js	122	miniml/lib/query.js::program:expandWhereReferences	_tmp_8	DIRECT	94489281235	_tmp_8	LOCAL	0	
68719478853	miniml/lib/query.js	122	miniml/lib/query.js::program:expandWhereReferences	dictionary	DIRECT	111669149958	dictionary	METHOD_PARAMETER_IN	0	
68719478854	miniml/lib/query.js	122	miniml/lib/query.js::program:expandWhereReferences	key	DIRECT	94489281389	key	LOCAL	0	
68719478855	miniml/lib/query.js	122	miniml/lib/query.js::program:expandWhereReferences	sql	DIRECT	94489281236	sql	LOCAL	0	
68719478858	miniml/lib/query.js	123	miniml/lib/query.js::program:expandWhereReferences	sql	DIRECT	94489281236	sql	LOCAL	0	
68719478859	miniml/lib/query.js	123	miniml/lib/query.js::program:expandWhereReferences	key	DIRECT	94489281389	key	LOCAL	0	
68719478860	miniml/lib/query.js	124	miniml/lib/query.js::program:expandWhereReferences	unwrapped	DIRECT	94489281237	unwrapped	LOCAL	0	
68719478861	miniml/lib/query.js	124	miniml/lib/query.js::program:expandWhereReferences	sql	DIRECT	94489281236	sql	LOCAL	0	
68719478862	miniml/lib/query.js	124	miniml/lib/query.js::program:expandWhereReferences	this	DIRECT	111669149956	this	METHOD_PARAMETER_IN	0	
68719478863	miniml/lib/query.js	124	miniml/lib/query.js::program:expandWhereReferences	_tmp_9	DIRECT	94489281388	_tmp_9	LOCAL	0	
68719478864	miniml/lib/query.js	124	miniml/lib/query.js::program:expandWhereReferences	sql	DIRECT	94489281236	sql	LOCAL	0	
68719478865	miniml/lib/query.js	124	miniml/lib/query.js::program:expandWhereReferences	sql	DIRECT	94489281236	sql	LOCAL	0	
68719478866	miniml/lib/query.js	124	miniml/lib/query.js::program:expandWhereReferences	sql	DIRECT	94489281236	sql	LOCAL	0	
68719478867	miniml/lib/query.js	124	miniml/lib/query.js::program:expandWhereReferences	sql	DIRECT	94489281236	sql	LOCAL	0	
68719478868	miniml/lib/query.js	124	miniml/lib/query.js::program:expandWhereReferences	_tmp_9	DIRECT	94489281388	_tmp_9	LOCAL	0	
68719478869	miniml/lib/query.js	124	miniml/lib/query.js::program:expandWhereReferences	undefined	DIRECT	94489281387	undefined	LOCAL	0	
68719478870	miniml/lib/query.js	125	miniml/lib/query.js::program:expandWhereReferences	unwrapped	DIRECT	94489281237	unwrapped	LOCAL	0	
68719478871	miniml/lib/query.js	126	miniml/lib/query.js::program:expandWhereReferences	result	AMBIGUOUS					MULTIPLE_LIVE_ASSIGNMENTS_TO_RESOLVED_LOCAL
68719478872	miniml/lib/query.js	126	miniml/lib/query.js::program:expandWhereReferences	result	AMBIGUOUS					MULTIPLE_LIVE_ASSIGNMENTS_TO_RESOLVED_LOCAL
68719478873	miniml/lib/query.js	126	miniml/lib/query.js::program:expandWhereReferences	result	AMBIGUOUS					MULTIPLE_LIVE_ASSIGNMENTS_TO_RESOLVED_LOCAL
68719478874	miniml/lib/query.js	126	miniml/lib/query.js::program:expandWhereReferences	regexp	DIRECT	94489281232	regexp	LOCAL	0	
68719478875	miniml/lib/query.js	126	miniml/lib/query.js::program:expandWhereReferences	unwrapped	DIRECT	94489281237	unwrapped	LOCAL	0	
68719478876	miniml/lib/query.js	130	miniml/lib/query.js::program:expandWhereReferences	result	AMBIGUOUS					MULTIPLE_LIVE_ASSIGNMENTS_TO_RESOLVED_LOCAL
68719478877	miniml/lib/query.js	133	miniml/lib/query.js::program:unwrapSqlExpressionAlias	i	DIRECT	94489281239	i	LOCAL	0	
68719478878	miniml/lib/query.js	133	miniml/lib/query.js::program:unwrapSqlExpressionAlias	_tmp_10	DIRECT	94489281386	_tmp_10	LOCAL	0	
68719478879	miniml/lib/query.js	133	miniml/lib/query.js::program:unwrapSqlExpressionAlias	exprression	DIRECT	111669149960	exprression	METHOD_PARAMETER_IN	0	
68719478880	miniml/lib/query.js	133	miniml/lib/query.js::program:unwrapSqlExpressionAlias	exprression	DIRECT	111669149960	exprression	METHOD_PARAMETER_IN	0	
68719478881	miniml/lib/query.js	133	miniml/lib/query.js::program:unwrapSqlExpressionAlias	_tmp_10	DIRECT	94489281386	_tmp_10	LOCAL	0	
68719478882	miniml/lib/query.js	134	miniml/lib/query.js::program:unwrapSqlExpressionAlias	i	DIRECT	94489281239	i	LOCAL	0	
68719478883	miniml/lib/query.js	135	miniml/lib/query.js::program:unwrapSqlExpressionAlias	expression	DIRECT	94489281240	expression	LOCAL	0	
68719478884	miniml/lib/query.js	135	miniml/lib/query.js::program:unwrapSqlExpressionAlias	_tmp_11	DIRECT	94489281385	_tmp_11	LOCAL	0	
68719478885	miniml/lib/query.js	135	miniml/lib/query.js::program:unwrapSqlExpressionAlias	exprression	DIRECT	111669149960	exprression	METHOD_PARAMETER_IN	0	
68719478886	miniml/lib/query.js	135	miniml/lib/query.js::program:unwrapSqlExpressionAlias	exprression	DIRECT	111669149960	exprression	METHOD_PARAMETER_IN	0	
68719478887	miniml/lib/query.js	135	miniml/lib/query.js::program:unwrapSqlExpressionAlias	i	DIRECT	94489281239	i	LOCAL	0	
68719478888	miniml/lib/query.js	135	miniml/lib/query.js::program:unwrapSqlExpressionAlias	_tmp_11	DIRECT	94489281385	_tmp_11	LOCAL	0	
68719478889	miniml/lib/query.js	136	miniml/lib/query.js::program:unwrapSqlExpressionAlias	alias	DIRECT	94489281241	alias	LOCAL	0	
68719478890	miniml/lib/query.js	136	miniml/lib/query.js::program:unwrapSqlExpressionAlias	_tmp_12	DIRECT	94489281384	_tmp_12	LOCAL	0	
68719478891	miniml/lib/query.js	136	miniml/lib/query.js::program:unwrapSqlExpressionAlias	exprression	DIRECT	111669149960	exprression	METHOD_PARAMETER_IN	0	
68719478892	miniml/lib/query.js	136	miniml/lib/query.js::program:unwrapSqlExpressionAlias	exprression	DIRECT	111669149960	exprression	METHOD_PARAMETER_IN	0	
68719478893	miniml/lib/query.js	136	miniml/lib/query.js::program:unwrapSqlExpressionAlias	i	DIRECT	94489281239	i	LOCAL	0	
68719478894	miniml/lib/query.js	136	miniml/lib/query.js::program:unwrapSqlExpressionAlias	_tmp_12	DIRECT	94489281384	_tmp_12	LOCAL	0	
68719478895	miniml/lib/query.js	137	miniml/lib/query.js::program:unwrapSqlExpressionAlias	_tmp_13	DIRECT	94489281383	_tmp_13	LOCAL	0	
68719478898	miniml/lib/query.js	137	miniml/lib/query.js::program:unwrapSqlExpressionAlias	expression	DIRECT	94489281240	expression	LOCAL	0	
68719478901	miniml/lib/query.js	137	miniml/lib/query.js::program:unwrapSqlExpressionAlias	alias	DIRECT	94489281241	alias	LOCAL	0	
68719478903	miniml/lib/query.js	139	miniml/lib/query.js::program:unwrapSqlExpressionAlias	_tmp_14	DIRECT	94489281382	_tmp_14	LOCAL	0	
68719478906	miniml/lib/query.js	139	miniml/lib/query.js::program:unwrapSqlExpressionAlias	exprression	DIRECT	111669149960	exprression	METHOD_PARAMETER_IN	0	
68719478908	miniml/lib/query.js	142	miniml/lib/query.js::program:validateKeys:<lambda>0	dictionary	CAPTURED	111669149965	dictionary	METHOD_PARAMETER_IN	1	
68719478909	miniml/lib/query.js	142	miniml/lib/query.js::program:validateKeys:<lambda>0	dictionary	CAPTURED	111669149965	dictionary	METHOD_PARAMETER_IN	1	
68719478910	miniml/lib/query.js	142	miniml/lib/query.js::program:validateKeys:<lambda>0	key	DIRECT	111669149962	key	METHOD_PARAMETER_IN	0	
68719478911	miniml/lib/query.js	142	miniml/lib/query.js::program:validateKeys	keys	DIRECT	111669149964	keys	METHOD_PARAMETER_IN	0	
68719478912	miniml/lib/query.js	142	miniml/lib/query.js::program:validateKeys	keys	DIRECT	111669149964	keys	METHOD_PARAMETER_IN	0	
68719478913	miniml/lib/query.js	149	miniml/lib/query.js::program:validateQueryInfo:<lambda>1	key	DIRECT	111669149967	key	METHOD_PARAMETER_IN	0	
68719478914	miniml/lib/query.js	149	miniml/lib/query.js::program:validateQueryInfo:<lambda>1	key	DIRECT	111669149967	key	METHOD_PARAMETER_IN	0	
68719478915	miniml/lib/query.js	149	miniml/lib/query.js::program:validateQueryInfo:<lambda>1	key	DIRECT	111669149967	key	METHOD_PARAMETER_IN	0	
68719478916	miniml/lib/query.js	149	miniml/lib/query.js::program:validateQueryInfo:<lambda>1	key	DIRECT	111669149967	key	METHOD_PARAMETER_IN	0	
68719478917	miniml/lib/query.js	149	miniml/lib/query.js::program:validateQueryInfo:<lambda>1	key	DIRECT	111669149967	key	METHOD_PARAMETER_IN	0	
68719478918	miniml/lib/query.js	145	miniml/lib/query.js::program:validateQueryInfo	invalid_dimensions	DIRECT	94489281246	invalid_dimensions	LOCAL	0	
68719478919	miniml/lib/query.js	145	miniml/lib/query.js::program:validateQueryInfo	validateKeys	CAPTURED	94489281244	validateKeys	LOCAL	1	
68719478920	miniml/lib/query.js	145	miniml/lib/query.js::program:validateQueryInfo	this	DIRECT	111669149968	this	METHOD_PARAMETER_IN	0	
68719478921	miniml/lib/query.js	145	miniml/lib/query.js::program:validateQueryInfo	dimensions	DIRECT	111669149970	dimensions	METHOD_PARAMETER_IN	0	
68719478922	miniml/lib/query.js	145	miniml/lib/query.js::program:validateQueryInfo	model	DIRECT	111669149969	model	METHOD_PARAMETER_IN	0	
68719478923	miniml/lib/query.js	146	miniml/lib/query.js::program:validateQueryInfo	invalid_measures	DIRECT	94489281247	invalid_measures	LOCAL	0	
68719478924	miniml/lib/query.js	146	miniml/lib/query.js::program:validateQueryInfo	validateKeys	CAPTURED	94489281244	validateKeys	LOCAL	1	
68719478925	miniml/lib/query.js	146	miniml/lib/query.js::program:validateQueryInfo	this	DIRECT	111669149968	this	METHOD_PARAMETER_IN	0	
68719478926	miniml/lib/query.js	146	miniml/lib/query.js::program:validateQueryInfo	measures	DIRECT	111669149971	measures	METHOD_PARAMETER_IN	0	
68719478927	miniml/lib/query.js	146	miniml/lib/query.js::program:validateQueryInfo	model	DIRECT	111669149969	model	METHOD_PARAMETER_IN	0	
68719478928	miniml/lib/query.js	147	miniml/lib/query.js::program:validateQueryInfo	invalid_where	DIRECT	94489281248	invalid_where	LOCAL	0	
68719478929	miniml/lib/query.js	147	miniml/lib/query.js::program:validateQueryInfo	validateKeys	CAPTURED	94489281244	validateKeys	LOCAL	1	
68719478930	miniml/lib/query.js	147	miniml/lib/query.js::program:validateQueryInfo	this	DIRECT	111669149968	this	METHOD_PARAMETER_IN	0	
68719478931	miniml/lib/query.js	147	miniml/lib/query.js::program:validateQueryInfo	where	DIRECT	111669149972	where	METHOD_PARAMETER_IN	0	
68719478932	miniml/lib/query.js	147	miniml/lib/query.js::program:validateQueryInfo	model	DIRECT	111669149969	model	METHOD_PARAMETER_IN	0	
68719478933	miniml/lib/query.js	148	miniml/lib/query.js::program:validateQueryInfo	invalid_having	DIRECT	94489281249	invalid_having	LOCAL	0	
68719478934	miniml/lib/query.js	148	miniml/lib/query.js::program:validateQueryInfo	validateKeys	CAPTURED	94489281244	validateKeys	LOCAL	1	
68719478935	miniml/lib/query.js	148	miniml/lib/query.js::program:validateQueryInfo	this	DIRECT	111669149968	this	METHOD_PARAMETER_IN	0	
68719478936	miniml/lib/query.js	148	miniml/lib/query.js::program:validateQueryInfo	having	DIRECT	111669149973	having	METHOD_PARAMETER_IN	0	
68719478937	miniml/lib/query.js	148	miniml/lib/query.js::program:validateQueryInfo	model	DIRECT	111669149969	model	METHOD_PARAMETER_IN	0	
68719478938	miniml/lib/query.js	149	miniml/lib/query.js::program:validateQueryInfo	invalid_order	DIRECT	94489281250	invalid_order	LOCAL	0	
68719478939	miniml/lib/query.js	149	miniml/lib/query.js::program:validateQueryInfo	validateKeys	CAPTURED	94489281244	validateKeys	LOCAL	1	
68719478940	miniml/lib/query.js	149	miniml/lib/query.js::program:validateQueryInfo	this	DIRECT	111669149968	this	METHOD_PARAMETER_IN	0	
68719478941	miniml/lib/query.js	149	miniml/lib/query.js::program:validateQueryInfo	order_by	DIRECT	111669149974	order_by	METHOD_PARAMETER_IN	0	
68719478942	miniml/lib/query.js	149	miniml/lib/query.js::program:validateQueryInfo	order_by	DIRECT	111669149974	order_by	METHOD_PARAMETER_IN	0	
68719478943	miniml/lib/query.js	149	miniml/lib/query.js::program:validateQueryInfo	_tmp_15	DIRECT	94489281379	_tmp_15	LOCAL	0	
68719478946	miniml/lib/query.js	149	miniml/lib/query.js::program:validateQueryInfo	model	DIRECT	111669149969	model	METHOD_PARAMETER_IN	0	
68719478949	miniml/lib/query.js	149	miniml/lib/query.js::program:validateQueryInfo	model	DIRECT	111669149969	model	METHOD_PARAMETER_IN	0	
68719478951	miniml/lib/query.js	150	miniml/lib/query.js::program:validateQueryInfo	errors	DIRECT	94489281252	errors	LOCAL	0	
68719478952	miniml/lib/query.js	151	miniml/lib/query.js::program:validateQueryInfo	invalid_dimensions	DIRECT	94489281246	invalid_dimensions	LOCAL	0	
68719478953	miniml/lib/query.js	152	miniml/lib/query.js::program:validateQueryInfo	errors	DIRECT	94489281252	errors	LOCAL	0	
68719478954	miniml/lib/query.js	152	miniml/lib/query.js::program:validateQueryInfo	errors	DIRECT	94489281252	errors	LOCAL	0	
68719478955	miniml/lib/query.js	152	miniml/lib/query.js::program:validateQueryInfo	invalid_dimensions	DIRECT	94489281246	invalid_dimensions	LOCAL	0	
68719478956	miniml/lib/query.js	152	miniml/lib/query.js::program:validateQueryInfo	invalid_dimensions	DIRECT	94489281246	invalid_dimensions	LOCAL	0	
68719478957	miniml/lib/query.js	153	miniml/lib/query.js::program:validateQueryInfo	invalid_measures	DIRECT	94489281247	invalid_measures	LOCAL	0	
68719478958	miniml/lib/query.js	154	miniml/lib/query.js::program:validateQueryInfo	errors	DIRECT	94489281252	errors	LOCAL	0	
68719478959	miniml/lib/query.js	154	miniml/lib/query.js::program:validateQueryInfo	errors	DIRECT	94489281252	errors	LOCAL	0	
68719478960	miniml/lib/query.js	154	miniml/lib/query.js::program:validateQueryInfo	invalid_measures	DIRECT	94489281247	invalid_measures	LOCAL	0	
68719478961	miniml/lib/query.js	154	miniml/lib/query.js::program:validateQueryInfo	invalid_measures	DIRECT	94489281247	invalid_measures	LOCAL	0	
68719478962	miniml/lib/query.js	155	miniml/lib/query.js::program:validateQueryInfo	invalid_where	DIRECT	94489281248	invalid_where	LOCAL	0	
68719478963	miniml/lib/query.js	156	miniml/lib/query.js::program:validateQueryInfo	errors	DIRECT	94489281252	errors	LOCAL	0	
68719478964	miniml/lib/query.js	156	miniml/lib/query.js::program:validateQueryInfo	errors	DIRECT	94489281252	errors	LOCAL	0	
68719478965	miniml/lib/query.js	156	miniml/lib/query.js::program:validateQueryInfo	invalid_where	DIRECT	94489281248	invalid_where	LOCAL	0	
68719478966	miniml/lib/query.js	156	miniml/lib/query.js::program:validateQueryInfo	invalid_where	DIRECT	94489281248	invalid_where	LOCAL	0	
68719478967	miniml/lib/query.js	157	miniml/lib/query.js::program:validateQueryInfo	invalid_having	DIRECT	94489281249	invalid_having	LOCAL	0	
68719478968	miniml/lib/query.js	158	miniml/lib/query.js::program:validateQueryInfo	errors	DIRECT	94489281252	errors	LOCAL	0	
68719478969	miniml/lib/query.js	158	miniml/lib/query.js::program:validateQueryInfo	errors	DIRECT	94489281252	errors	LOCAL	0	
68719478970	miniml/lib/query.js	158	miniml/lib/query.js::program:validateQueryInfo	invalid_having	DIRECT	94489281249	invalid_having	LOCAL	0	
68719478971	miniml/lib/query.js	158	miniml/lib/query.js::program:validateQueryInfo	invalid_having	DIRECT	94489281249	invalid_having	LOCAL	0	
68719478972	miniml/lib/query.js	159	miniml/lib/query.js::program:validateQueryInfo	invalid_order	DIRECT	94489281250	invalid_order	LOCAL	0	
68719478973	miniml/lib/query.js	160	miniml/lib/query.js::program:validateQueryInfo	errors	DIRECT	94489281252	errors	LOCAL	0	
68719478974	miniml/lib/query.js	160	miniml/lib/query.js::program:validateQueryInfo	errors	DIRECT	94489281252	errors	LOCAL	0	
68719478975	miniml/lib/query.js	160	miniml/lib/query.js::program:validateQueryInfo	invalid_order	DIRECT	94489281250	invalid_order	LOCAL	0	
68719478976	miniml/lib/query.js	160	miniml/lib/query.js::program:validateQueryInfo	invalid_order	DIRECT	94489281250	invalid_order	LOCAL	0	
68719478977	miniml/lib/query.js	161	miniml/lib/query.js::program:validateQueryInfo	errors	DIRECT	94489281252	errors	LOCAL	0	
68719478978	miniml/lib/query.js	162	miniml/lib/query.js::program:validateQueryInfo	_tmp_16	DIRECT	94489281378	_tmp_16	LOCAL	0	
68719478979	miniml/lib/query.js	162	miniml/lib/query.js::program:validateQueryInfo	SqlValidationError	CAPTURED	94489281202	SqlValidationError	LOCAL	1	
68719478981	miniml/lib/query.js	162	miniml/lib/query.js::program:validateQueryInfo	errors	DIRECT	94489281252	errors	LOCAL	0	
68719478982	miniml/lib/query.js	162	miniml/lib/query.js::program:validateQueryInfo	errors	DIRECT	94489281252	errors	LOCAL	0	
68719478983	miniml/lib/query.js	162	miniml/lib/query.js::program:validateQueryInfo	errors	DIRECT	94489281252	errors	LOCAL	0	
68719478984	miniml/lib/query.js	162	miniml/lib/query.js::program:validateQueryInfo	_tmp_17	DIRECT	94489281376	_tmp_17	LOCAL	0	
68719478992	miniml/lib/query.js	27	miniml/lib/query.js::program:renderQuery:<lambda>2	model	CAPTURED	111669150000	model	METHOD_PARAMETER_IN	1	
68719478993	miniml/lib/query.js	27	miniml/lib/query.js::program:renderQuery:<lambda>2	key	DIRECT	111669149976	key	METHOD_PARAMETER_IN	0	
68719478994	miniml/lib/query.js	28	miniml/lib/query.js::program:renderQuery:<lambda>3	model	CAPTURED	111669150000	model	METHOD_PARAMETER_IN	1	
68719478995	miniml/lib/query.js	28	miniml/lib/query.js::program:renderQuery:<lambda>3	key	DIRECT	111669149978	key	METHOD_PARAMETER_IN	0	
68719478996	miniml/lib/query.js	29	miniml/lib/query.js::program:renderQuery:<lambda>4	model	CAPTURED	111669150000	model	METHOD_PARAMETER_IN	1	
68719478997	miniml/lib/query.js	29	miniml/lib/query.js::program:renderQuery:<lambda>4	key	DIRECT	111669149980	key	METHOD_PARAMETER_IN	0	
68719478998	miniml/lib/query.js	30	miniml/lib/query.js::program:renderQuery:<lambda>5	model	CAPTURED	111669150000	model	METHOD_PARAMETER_IN	1	
68719478999	miniml/lib/query.js	30	miniml/lib/query.js::program:renderQuery:<lambda>5	key	DIRECT	111669149982	key	METHOD_PARAMETER_IN	0	
68719479000	miniml/lib/query.js	34	miniml/lib/query.js::program:renderQuery:<lambda>6	model	CAPTURED	111669150000	model	METHOD_PARAMETER_IN	1	
68719479001	miniml/lib/query.js	34	miniml/lib/query.js::program:renderQuery:<lambda>6	key	DIRECT	111669149984	key	METHOD_PARAMETER_IN	0	
68719479002	miniml/lib/query.js	38	miniml/lib/query.js::program:renderQuery:<lambda>7	all_required_joins	CAPTURED	94489281285	all_required_joins	LOCAL	1	
68719479003	miniml/lib/query.js	38	miniml/lib/query.js::program:renderQuery:<lambda>7	all_required_joins	CAPTURED	94489281285	all_required_joins	LOCAL	1	
68719479004	miniml/lib/query.js	38	miniml/lib/query.js::program:renderQuery:<lambda>7	key	DIRECT	111669149986	key	METHOD_PARAMETER_IN	0	
68719479005	miniml/lib/query.js	39	miniml/lib/query.js::program:renderQuery:<lambda>8	model	CAPTURED	111669150000	model	METHOD_PARAMETER_IN	1	
68719479006	miniml/lib/query.js	39	miniml/lib/query.js::program:renderQuery:<lambda>8	key	DIRECT	111669149988	key	METHOD_PARAMETER_IN	0	
68719479007	miniml/lib/query.js	41	miniml/lib/query.js::program:renderQuery:<lambda>9	key	DIRECT	111669149990	key	METHOD_PARAMETER_IN	0	
68719479008	miniml/lib/query.js	41	miniml/lib/query.js::program:renderQuery:<lambda>9	model	CAPTURED	111669150000	model	METHOD_PARAMETER_IN	1	
68719479009	miniml/lib/query.js	41	miniml/lib/query.js::program:renderQuery:<lambda>9	date_granularity	CAPTURED	94489281265	date_granularity	LOCAL	1	
68719479010	miniml/lib/query.js	42	miniml/lib/query.js::program:renderQuery:<lambda>9	applyDateGranularity	CAPTURED	94489281221	applyDateGranularity	LOCAL	2	
68719479011	miniml/lib/query.js	42	miniml/lib/query.js::program:renderQuery:<lambda>9	this	DIRECT	111669149989	this	METHOD_PARAMETER_IN	0	
68719479012	miniml/lib/query.js	42	miniml/lib/query.js::program:renderQuery:<lambda>9	date_granularity	CAPTURED	94489281265	date_granularity	LOCAL	1	
68719479013	miniml/lib/query.js	42	miniml/lib/query.js::program:renderQuery:<lambda>9	key	DIRECT	111669149990	key	METHOD_PARAMETER_IN	0	
68719479014	miniml/lib/query.js	42	miniml/lib/query.js::program:renderQuery:<lambda>9	model	CAPTURED	111669150000	model	METHOD_PARAMETER_IN	1	
68719479015	miniml/lib/query.js	42	miniml/lib/query.js::program:renderQuery:<lambda>9	key	DIRECT	111669149990	key	METHOD_PARAMETER_IN	0	
68719479016	miniml/lib/query.js	42	miniml/lib/query.js::program:renderQuery:<lambda>9	model	CAPTURED	111669150000	model	METHOD_PARAMETER_IN	1	
68719479017	miniml/lib/query.js	43	miniml/lib/query.js::program:renderQuery:<lambda>9	sql	DIRECT	94489281294	sql	LOCAL	0	
68719479018	miniml/lib/query.js	43	miniml/lib/query.js::program:renderQuery:<lambda>9	model	CAPTURED	111669150000	model	METHOD_PARAMETER_IN	1	
68719479019	miniml/lib/query.js	43	miniml/lib/query.js::program:renderQuery:<lambda>9	key	DIRECT	111669149990	key	METHOD_PARAMETER_IN	0	
68719479020	miniml/lib/query.js	44	miniml/lib/query.js::program:renderQuery:<lambda>9	sql	DIRECT	94489281294	sql	LOCAL	0	
68719479021	miniml/lib/query.js	44	miniml/lib/query.js::program:renderQuery:<lambda>9	key	DIRECT	111669149990	key	METHOD_PARAMETER_IN	0	
68719479022	miniml/lib/query.js	44	miniml/lib/query.js::program:renderQuery:<lambda>9	_tmp_41	DIRECT	94489281332	_tmp_41	LOCAL	0	
68719479023	miniml/lib/query.js	44	miniml/lib/query.js::program:renderQuery:<lambda>9	_tmp_41	DIRECT	94489281332	_tmp_41	LOCAL	0	
68719479024	miniml/lib/query.js	44	miniml/lib/query.js::program:renderQuery:<lambda>9	sql	DIRECT	94489281294	sql	LOCAL	0	
68719479025	miniml/lib/query.js	44	miniml/lib/query.js::program:renderQuery:<lambda>9	sql	DIRECT	94489281294	sql	LOCAL	0	
68719479026	miniml/lib/query.js	44	miniml/lib/query.js::program:renderQuery:<lambda>9	key	DIRECT	111669149990	key	METHOD_PARAMETER_IN	0	
68719479027	miniml/lib/query.js	44	miniml/lib/query.js::program:renderQuery:<lambda>9	sql	DIRECT	94489281294	sql	LOCAL	0	
68719479028	miniml/lib/query.js	46	miniml/lib/query.js::program:renderQuery:<lambda>10	measures	AMBIGUOUS					MULTIPLE_LIVE_ASSIGNMENTS_TO_RESOLVED_LOCAL
68719479029	miniml/lib/query.js	46	miniml/lib/query.js::program:renderQuery:<lambda>10	measures	AMBIGUOUS					MULTIPLE_LIVE_ASSIGNMENTS_TO_RESOLVED_LOCAL
68719479030	miniml/lib/query.js	46	miniml/lib/query.js::program:renderQuery:<lambda>10	key	DIRECT	111669149992	key	METHOD_PARAMETER_IN	0	
68719479031	miniml/lib/query.js	47	miniml/lib/query.js::program:renderQuery:<lambda>11	model	CAPTURED	111669150000	model	METHOD_PARAMETER_IN	1	
68719479032	miniml/lib/query.js	47	miniml/lib/query.js::program:renderQuery:<lambda>11	key	DIRECT	111669149994	key	METHOD_PARAMETER_IN	0	
68719479033	miniml/lib/query.js	53	miniml/lib/query.js::program:renderQuery:<lambda>12	text	DIRECT	111669149996	text	METHOD_PARAMETER_IN	0	
68719479034	miniml/lib/query.js	91	miniml/lib/query.js::program:renderQuery:<lambda>13	key	DIRECT	111669149998	key	METHOD_PARAMETER_IN	0	
68719479035	miniml/lib/query.js	91	miniml/lib/query.js::program:renderQuery:<lambda>13	key	DIRECT	111669149998	key	METHOD_PARAMETER_IN	0	
68719479036	miniml/lib/query.js	91	miniml/lib/query.js::program:renderQuery:<lambda>13	key	DIRECT	111669149998	key	METHOD_PARAMETER_IN	0	
68719479037	miniml/lib/query.js	91	miniml/lib/query.js::program:renderQuery:<lambda>13	key	DIRECT	111669149998	key	METHOD_PARAMETER_IN	0	
68719479038	miniml/lib/query.js	91	miniml/lib/query.js::program:renderQuery:<lambda>13	key	DIRECT	111669149998	key	METHOD_PARAMETER_IN	0	
68719479039	miniml/lib/query.js	5	miniml/lib/query.js::program:renderQuery	dimensions	AMBIGUOUS					MULTIPLE_LIVE_ASSIGNMENTS_TO_RESOLVED_LOCAL
68719479040	miniml/lib/query.js	5	miniml/lib/query.js::program:renderQuery	param2_0	DIRECT	111669150001	param2_0	METHOD_PARAMETER_IN	0	
68719479041	miniml/lib/query.js	5	miniml/lib/query.js::program:renderQuery	measures	AMBIGUOUS					MULTIPLE_LIVE_ASSIGNMENTS_TO_RESOLVED_LOCAL
68719479042	miniml/lib/query.js	5	miniml/lib/query.js::program:renderQuery	param2_0	DIRECT	111669150001	param2_0	METHOD_PARAMETER_IN	0	
68719479043	miniml/lib/query.js	5	miniml/lib/query.js::program:renderQuery	date_from	DIRECT	94489281258	date_from	LOCAL	0	
68719479044	miniml/lib/query.js	5	miniml/lib/query.js::program:renderQuery	param2_0	DIRECT	111669150001	param2_0	METHOD_PARAMETER_IN	0	
68719479045	miniml/lib/query.js	5	miniml/lib/query.js::program:renderQuery	date_to	DIRECT	94489281259	date_to	LOCAL	0	
68719479046	miniml/lib/query.js	5	miniml/lib/query.js::program:renderQuery	param2_0	DIRECT	111669150001	param2_0	METHOD_PARAMETER_IN	0	
68719479047	miniml/lib/query.js	5	miniml/lib/query.js::program:renderQuery	where	AMBIGUOUS					MULTIPLE_LIVE_ASSIGNMENTS_TO_RESOLVED_LOCAL
68719479048	miniml/lib/query.js	5	miniml/lib/query.js::program:renderQuery	param2_0	DIRECT	111669150001	param2_0	METHOD_PARAMETER_IN	0	
68719479049	miniml/lib/query.js	5	miniml/lib/query.js::program:renderQuery	having	AMBIGUOUS					MULTIPLE_LIVE_ASSIGNMENTS_TO_RESOLVED_LOCAL
68719479050	miniml/lib/query.js	5	miniml/lib/query.js::program:renderQuery	param2_0	DIRECT	111669150001	param2_0	METHOD_PARAMETER_IN	0	
68719479051	miniml/lib/query.js	5	miniml/lib/query.js::program:renderQuery	order_by	DIRECT	94489281262	order_by	LOCAL	0	
68719479052	miniml/lib/query.js	5	miniml/lib/query.js::program:renderQuery	param2_0	DIRECT	111669150001	param2_0	METHOD_PARAMETER_IN	0	
68719479053	miniml/lib/query.js	5	miniml/lib/query.js::program:renderQuery	limit	DIRECT	94489281263	limit	LOCAL	0	
68719479054	miniml/lib/query.js	5	miniml/lib/query.js::program:renderQuery	param2_0	DIRECT	111669150001	param2_0	METHOD_PARAMETER_IN	0	
68719479055	miniml/lib/query.js	5	miniml/lib/query.js::program:renderQuery	distinct	DIRECT	94489281264	distinct	LOCAL	0	
68719479056	miniml/lib/query.js	5	miniml/lib/query.js::program:renderQuery	param2_0	DIRECT	111669150001	param2_0	METHOD_PARAMETER_IN	0	
68719479057	miniml/lib/query.js	5	miniml/lib/query.js::program:renderQuery	date_granularity	DIRECT	94489281265	date_granularity	LOCAL	0	
68719479058	miniml/lib/query.js	5	miniml/lib/query.js::program:renderQuery	param2_0	DIRECT	111669150001	param2_0	METHOD_PARAMETER_IN	0	
68719479059	miniml/lib/query.js	6	miniml/lib/query.js::program:renderQuery	model	DIRECT	111669150000	model	METHOD_PARAMETER_IN	0	
68719479060	miniml/lib/query.js	7	miniml/lib/query.js::program:renderQuery	where	AMBIGUOUS					MULTIPLE_LIVE_ASSIGNMENTS_TO_RESOLVED_LOCAL
68719479061	miniml/lib/query.js	7	miniml/lib/query.js::program:renderQuery	normalizeQuotesForBigQuery	CAPTURED	94489281209	normalizeQuotesForBigQuery	LOCAL	1	
68719479062	miniml/lib/query.js	7	miniml/lib/query.js::program:renderQuery	this	DIRECT	111669149999	this	METHOD_PARAMETER_IN	0	
68719479063	miniml/lib/query.js	7	miniml/lib/query.js::program:renderQuery	where	AMBIGUOUS					MULTIPLE_LIVE_ASSIGNMENTS_TO_RESOLVED_LOCAL
68719479064	miniml/lib/query.js	8	miniml/lib/query.js::program:renderQuery	having	AMBIGUOUS					MULTIPLE_LIVE_ASSIGNMENTS_TO_RESOLVED_LOCAL
68719479065	miniml/lib/query.js	8	miniml/lib/query.js::program:renderQuery	normalizeQuotesForBigQuery	CAPTURED	94489281209	normalizeQuotesForBigQuery	LOCAL	1	
68719479066	miniml/lib/query.js	8	miniml/lib/query.js::program:renderQuery	this	DIRECT	111669149999	this	METHOD_PARAMETER_IN	0	
68719479067	miniml/lib/query.js	8	miniml/lib/query.js::program:renderQuery	having	AMBIGUOUS					MULTIPLE_LIVE_ASSIGNMENTS_TO_RESOLVED_LOCAL
68719479068	miniml/lib/query.js	10	miniml/lib/query.js::program:renderQuery	where_refs	DIRECT	94489281266	where_refs	LOCAL	0	
68719479069	miniml/lib/query.js	10	miniml/lib/query.js::program:renderQuery	extractFieldReferences	CAPTURED	94489281206	extractFieldReferences	LOCAL	1	
68719479070	miniml/lib/query.js	10	miniml/lib/query.js::program:renderQuery	this	DIRECT	111669149999	this	METHOD_PARAMETER_IN	0	
68719479071	miniml/lib/query.js	10	miniml/lib/query.js::program:renderQuery	where	AMBIGUOUS					MULTIPLE_LIVE_ASSIGNMENTS_TO_RESOLVED_LOCAL
68719479072	miniml/lib/query.js	10	miniml/lib/query.js::program:renderQuery	model	DIRECT	111669150000	model	METHOD_PARAMETER_IN	0	
68719479073	miniml/lib/query.js	11	miniml/lib/query.js::program:renderQuery	having_refs	DIRECT	94489281267	having_refs	LOCAL	0	
68719479074	miniml/lib/query.js	11	miniml/lib/query.js::program:renderQuery	extractFieldReferences	CAPTURED	94489281206	extractFieldReferences	LOCAL	1	
68719479075	miniml/lib/query.js	11	miniml/lib/query.js::program:renderQuery	this	DIRECT	111669149999	this	METHOD_PARAMETER_IN	0	
68719479076	miniml/lib/query.js	11	miniml/lib/query.js::program:renderQuery	having	AMBIGUOUS					MULTIPLE_LIVE_ASSIGNMENTS_TO_RESOLVED_LOCAL
68719479077	miniml/lib/query.js	11	miniml/lib/query.js::program:renderQuery	model	DIRECT	111669150000	model	METHOD_PARAMETER_IN	0	
68719479078	miniml/lib/query.js	12	miniml/lib/query.js::program:renderQuery	validateQueryInfo	CAPTURED	94489281245	validateQueryInfo	LOCAL	1	
68719479079	miniml/lib/query.js	12	miniml/lib/query.js::program:renderQuery	this	DIRECT	111669149999	this	METHOD_PARAMETER_IN	0	
68719479080	miniml/lib/query.js	12	miniml/lib/query.js::program:renderQuery	model	DIRECT	111669150000	model	METHOD_PARAMETER_IN	0	
68719479081	miniml/lib/query.js	12	miniml/lib/query.js::program:renderQuery	dimensions	AMBIGUOUS					MULTIPLE_LIVE_ASSIGNMENTS_TO_RESOLVED_LOCAL
68719479082	miniml/lib/query.js	12	miniml/lib/query.js::program:renderQuery	measures	AMBIGUOUS					MULTIPLE_LIVE_ASSIGNMENTS_TO_RESOLVED_LOCAL
68719479083	miniml/lib/query.js	12	miniml/lib/query.js::program:renderQuery	where_refs	DIRECT	94489281266	where_refs	LOCAL	0	
68719479084	miniml/lib/query.js	12	miniml/lib/query.js::program:renderQuery	having_refs	DIRECT	94489281267	having_refs	LOCAL	0	
68719479085	miniml/lib/query.js	12	miniml/lib/query.js::program:renderQuery	order_by	DIRECT	94489281262	order_by	LOCAL	0	
68719479086	miniml/lib/query.js	13	miniml/lib/query.js::program:renderQuery	_iterator_1	DIRECT	94489281372	_iterator_1	LOCAL	0	
68719479087	miniml/lib/query.js	13	miniml/lib/query.js::program:renderQuery	order_by	DIRECT	94489281262	order_by	LOCAL	0	
68719479088	miniml/lib/query.js	13	miniml/lib/query.js::program:renderQuery	_result_1	DIRECT	94489281371	_result_1	LOCAL	0	
68719479089	miniml/lib/query.js	13	miniml/lib/query.js::program:renderQuery	raw	DIRECT	94489281370	raw	LOCAL	0	
68719479092	miniml/lib/query.js	14	miniml/lib/query.js::program:renderQuery	key	DIRECT	94489281271	key	LOCAL	0	
68719479093	miniml/lib/query.js	14	miniml/lib/query.js::program:renderQuery	raw	DIRECT	94489281370	raw	LOCAL	0	
68719479094	miniml/lib/query.js	14	miniml/lib/query.js::program:renderQuery	raw	DIRECT	94489281370	raw	LOCAL	0	
68719479095	miniml/lib/query.js	14	miniml/lib/query.js::program:renderQuery	raw	DIRECT	94489281370	raw	LOCAL	0	
68719479096	miniml/lib/query.js	14	miniml/lib/query.js::program:renderQuery	raw	DIRECT	94489281370	raw	LOCAL	0	
68719479097	miniml/lib/query.js	14	miniml/lib/query.js::program:renderQuery	raw	DIRECT	94489281370	raw	LOCAL	0	
68719479098	miniml/lib/query.js	15	miniml/lib/query.js::program:renderQuery	model	DIRECT	111669150000	model	METHOD_PARAMETER_IN	0	
68719479099	miniml/lib/query.js	15	miniml/lib/query.js::program:renderQuery	key	DIRECT	94489281271	key	LOCAL	0	
68719479100	miniml/lib/query.js	16	miniml/lib/query.js::program:renderQuery	dimensions	AMBIGUOUS					MULTIPLE_LIVE_ASSIGNMENTS_TO_RESOLVED_LOCAL
68719479101	miniml/lib/query.js	16	miniml/lib/query.js::program:renderQuery	dimensions	AMBIGUOUS					MULTIPLE_LIVE_ASSIGNMENTS_TO_RESOLVED_LOCAL
68719479102	miniml/lib/query.js	16	miniml/lib/query.js::program:renderQuery	key	DIRECT	94489281271	key	LOCAL	0	
68719479103	miniml/lib/query.js	17	miniml/lib/query.js::program:renderQuery	dimensions	AMBIGUOUS					MULTIPLE_LIVE_ASSIGNMENTS_TO_RESOLVED_LOCAL
68719479104	miniml/lib/query.js	17	miniml/lib/query.js::program:renderQuery	_tmp_18	DIRECT	94489281369	_tmp_18	LOCAL	0	
68719479107	miniml/lib/query.js	17	miniml/lib/query.js::program:renderQuery	dimensions	AMBIGUOUS					MULTIPLE_LIVE_ASSIGNMENTS_TO_RESOLVED_LOCAL
68719479110	miniml/lib/query.js	17	miniml/lib/query.js::program:renderQuery	key	DIRECT	94489281271	key	LOCAL	0	
68719479112	miniml/lib/query.js	19	miniml/lib/query.js::program:renderQuery	model	DIRECT	111669150000	model	METHOD_PARAMETER_IN	0	
68719479113	miniml/lib/query.js	19	miniml/lib/query.js::program:renderQuery	key	DIRECT	94489281271	key	LOCAL	0	
68719479114	miniml/lib/query.js	19	miniml/lib/query.js::program:renderQuery	measures	AMBIGUOUS					MULTIPLE_LIVE_ASSIGNMENTS_TO_RESOLVED_LOCAL
68719479115	miniml/lib/query.js	19	miniml/lib/query.js::program:renderQuery	measures	AMBIGUOUS					MULTIPLE_LIVE_ASSIGNMENTS_TO_RESOLVED_LOCAL
68719479116	miniml/lib/query.js	19	miniml/lib/query.js::program:renderQuery	key	DIRECT	94489281271	key	LOCAL	0	
68719479117	miniml/lib/query.js	20	miniml/lib/query.js::program:renderQuery	measures	AMBIGUOUS					MULTIPLE_LIVE_ASSIGNMENTS_TO_RESOLVED_LOCAL
68719479118	miniml/lib/query.js	20	miniml/lib/query.js::program:renderQuery	_tmp_19	DIRECT	94489281368	_tmp_19	LOCAL	0	
68719479121	miniml/lib/query.js	20	miniml/lib/query.js::program:renderQuery	measures	AMBIGUOUS					MULTIPLE_LIVE_ASSIGNMENTS_TO_RESOLVED_LOCAL
68719479124	miniml/lib/query.js	20	miniml/lib/query.js::program:renderQuery	key	DIRECT	94489281271	key	LOCAL	0	
68719479126	miniml/lib/query.js	22	miniml/lib/query.js::program:renderQuery	date_from	DIRECT	94489281258	date_from	LOCAL	0	
68719479127	miniml/lib/query.js	22	miniml/lib/query.js::program:renderQuery	validateDateInput	CAPTURED	94489281205	validateDateInput	LOCAL	1	
68719479128	miniml/lib/query.js	22	miniml/lib/query.js::program:renderQuery	this	DIRECT	111669149999	this	METHOD_PARAMETER_IN	0	
68719479129	miniml/lib/query.js	22	miniml/lib/query.js::program:renderQuery	date_from	DIRECT	94489281258	date_from	LOCAL	0	
68719479130	miniml/lib/query.js	23	miniml/lib/query.js::program:renderQuery	_tmp_20	DIRECT	94489281367	_tmp_20	LOCAL	0	
68719479131	miniml/lib/query.js	23	miniml/lib/query.js::program:renderQuery	SqlValidationError	CAPTURED	94489281202	SqlValidationError	LOCAL	1	
68719479133	miniml/lib/query.js	23	miniml/lib/query.js::program:renderQuery	date_from	DIRECT	94489281258	date_from	LOCAL	0	
68719479134	miniml/lib/query.js	23	miniml/lib/query.js::program:renderQuery	_tmp_21	DIRECT	94489281366	_tmp_21	LOCAL	0	
68719479138	miniml/lib/query.js	23	miniml/lib/query.js::program:renderQuery	_tmp_22	DIRECT	94489281365	_tmp_22	LOCAL	0	
68719479143	miniml/lib/query.js	24	miniml/lib/query.js::program:renderQuery	date_to	DIRECT	94489281259	date_to	LOCAL	0	
68719479144	miniml/lib/query.js	24	miniml/lib/query.js::program:renderQuery	validateDateInput	CAPTURED	94489281205	validateDateInput	LOCAL	1	
68719479145	miniml/lib/query.js	24	miniml/lib/query.js::program:renderQuery	this	DIRECT	111669149999	this	METHOD_PARAMETER_IN	0	
68719479146	miniml/lib/query.js	24	miniml/lib/query.js::program:renderQuery	date_to	DIRECT	94489281259	date_to	LOCAL	0	
68719479147	miniml/lib/query.js	25	miniml/lib/query.js::program:renderQuery	_tmp_23	DIRECT	94489281363	_tmp_23	LOCAL	0	
68719479148	miniml/lib/query.js	25	miniml/lib/query.js::program:renderQuery	SqlValidationError	CAPTURED	94489281202	SqlValidationError	LOCAL	1	
68719479150	miniml/lib/query.js	25	miniml/lib/query.js::program:renderQuery	date_to	DIRECT	94489281259	date_to	LOCAL	0	
68719479151	miniml/lib/query.js	25	miniml/lib/query.js::program:renderQuery	_tmp_24	DIRECT	94489281362	_tmp_24	LOCAL	0	
68719479155	miniml/lib/query.js	25	miniml/lib/query.js::program:renderQuery	_tmp_25	DIRECT	94489281361	_tmp_25	LOCAL	0	
68719479160	miniml/lib/query.js	26	miniml/lib/query.js::program:renderQuery	referenced_joins	DIRECT	94489281280	referenced_joins	LOCAL	0	
68719479161	miniml/lib/query.js	26	miniml/lib/query.js::program:renderQuery	_tmp_26	DIRECT	94489281360	_tmp_26	LOCAL	0	
68719479162	miniml/lib/query.js	26	miniml/lib/query.js::program:renderQuery	Set	DIRECT	94489281348	Set	LOCAL	0	
68719479164	miniml/lib/query.js	26	miniml/lib/query.js::program:renderQuery	_tmp_27	DIRECT	94489281359	_tmp_27	LOCAL	0	
68719479167	miniml/lib/query.js	27	miniml/lib/query.js::program:renderQuery	_tmp_28	DIRECT	94489281357	_tmp_28	LOCAL	0	
68719479168	miniml/lib/query.js	27	miniml/lib/query.js::program:renderQuery	dimensions	AMBIGUOUS					MULTIPLE_LIVE_ASSIGNMENTS_TO_RESOLVED_LOCAL
68719479169	miniml/lib/query.js	27	miniml/lib/query.js::program:renderQuery	dimensions	AMBIGUOUS					MULTIPLE_LIVE_ASSIGNMENTS_TO_RESOLVED_LOCAL
68719479170	miniml/lib/query.js	27	miniml/lib/query.js::program:renderQuery	_tmp_28	DIRECT	94489281357	_tmp_28	LOCAL	0	
68719479171	miniml/lib/query.js	27	miniml/lib/query.js::program:renderQuery	Boolean	DIRECT	94489281312	Boolean	LOCAL	0	
68719479174	miniml/lib/query.js	28	miniml/lib/query.js::program:renderQuery	_tmp_29	DIRECT	94489281355	_tmp_29	LOCAL	0	
68719479175	miniml/lib/query.js	28	miniml/lib/query.js::program:renderQuery	measures	AMBIGUOUS					MULTIPLE_LIVE_ASSIGNMENTS_TO_RESOLVED_LOCAL
68719479176	miniml/lib/query.js	28	miniml/lib/query.js::program:renderQuery	measures	AMBIGUOUS					MULTIPLE_LIVE_ASSIGNMENTS_TO_RESOLVED_LOCAL
68719479177	miniml/lib/query.js	28	miniml/lib/query.js::program:renderQuery	_tmp_29	DIRECT	94489281355	_tmp_29	LOCAL	0	
68719479178	miniml/lib/query.js	28	miniml/lib/query.js::program:renderQuery	Boolean	DIRECT	94489281312	Boolean	LOCAL	0	
68719479181	miniml/lib/query.js	29	miniml/lib/query.js::program:renderQuery	_tmp_30	DIRECT	94489281353	_tmp_30	LOCAL	0	
68719479182	miniml/lib/query.js	29	miniml/lib/query.js::program:renderQuery	where_refs	DIRECT	94489281266	where_refs	LOCAL	0	
68719479183	miniml/lib/query.js	29	miniml/lib/query.js::program:renderQuery	where_refs	DIRECT	94489281266	where_refs	LOCAL	0	
68719479184	miniml/lib/query.js	29	miniml/lib/query.js::program:renderQuery	_tmp_30	DIRECT	94489281353	_tmp_30	LOCAL	0	
68719479185	miniml/lib/query.js	29	miniml/lib/query.js::program:renderQuery	Boolean	DIRECT	94489281312	Boolean	LOCAL	0	
68719479188	miniml/lib/query.js	30	miniml/lib/query.js::program:renderQuery	_tmp_31	DIRECT	94489281351	_tmp_31	LOCAL	0	
68719479189	miniml/lib/query.js	30	miniml/lib/query.js::program:renderQuery	having_refs	DIRECT	94489281267	having_refs	LOCAL	0	
68719479190	miniml/lib/query.js	30	miniml/lib/query.js::program:renderQuery	having_refs	DIRECT	94489281267	having_refs	LOCAL	0	
68719479191	miniml/lib/query.js	30	miniml/lib/query.js::program:renderQuery	_tmp_31	DIRECT	94489281351	_tmp_31	LOCAL	0	
68719479192	miniml/lib/query.js	30	miniml/lib/query.js::program:renderQuery	Boolean	DIRECT	94489281312	Boolean	LOCAL	0	
68719479195	miniml/lib/query.js	32	miniml/lib/query.js::program:renderQuery	always_joins	DIRECT	94489281283	always_joins	LOCAL	0	
68719479196	miniml/lib/query.js	32	miniml/lib/query.js::program:renderQuery	_tmp_32	DIRECT	94489281350	_tmp_32	LOCAL	0	
68719479197	miniml/lib/query.js	32	miniml/lib/query.js::program:renderQuery	Set	DIRECT	94489281348	Set	LOCAL	0	
68719479199	miniml/lib/query.js	32	miniml/lib/query.js::program:renderQuery	model	DIRECT	111669150000	model	METHOD_PARAMETER_IN	0	
68719479201	miniml/lib/query.js	33	miniml/lib/query.js::program:renderQuery	all_required_joins	DIRECT	94489281285	all_required_joins	LOCAL	0	
68719479202	miniml/lib/query.js	33	miniml/lib/query.js::program:renderQuery	_tmp_33	DIRECT	94489281349	_tmp_33	LOCAL	0	
68719479203	miniml/lib/query.js	33	miniml/lib/query.js::program:renderQuery	Set	DIRECT	94489281348	Set	LOCAL	0	
68719479205	miniml/lib/query.js	33	miniml/lib/query.js::program:renderQuery	_tmp_34	DIRECT	94489281347	_tmp_34	LOCAL	0	
68719479208	miniml/lib/query.js	33	miniml/lib/query.js::program:renderQuery	referenced_joins	DIRECT	94489281280	referenced_joins	LOCAL	0	
68719479211	miniml/lib/query.js	33	miniml/lib/query.js::program:renderQuery	always_joins	DIRECT	94489281283	always_joins	LOCAL	0	
68719479214	miniml/lib/query.js	34	miniml/lib/query.js::program:renderQuery	undefined_joins	DIRECT	94489281288	undefined_joins	LOCAL	0	
68719479215	miniml/lib/query.js	34	miniml/lib/query.js::program:renderQuery	_tmp_35	DIRECT	94489281345	_tmp_35	LOCAL	0	
68719479216	miniml/lib/query.js	34	miniml/lib/query.js::program:renderQuery	Array	DIRECT	94489281346	Array	LOCAL	0	
68719479217	miniml/lib/query.js	34	miniml/lib/query.js::program:renderQuery	Array	DIRECT	94489281346	Array	LOCAL	0	
68719479218	miniml/lib/query.js	34	miniml/lib/query.js::program:renderQuery	all_required_joins	DIRECT	94489281285	all_required_joins	LOCAL	0	
68719479219	miniml/lib/query.js	34	miniml/lib/query.js::program:renderQuery	_tmp_35	DIRECT	94489281345	_tmp_35	LOCAL	0	
68719479220	miniml/lib/query.js	35	miniml/lib/query.js::program:renderQuery	undefined_joins	DIRECT	94489281288	undefined_joins	LOCAL	0	
68719479221	miniml/lib/query.js	36	miniml/lib/query.js::program:renderQuery	_tmp_36	DIRECT	94489281343	_tmp_36	LOCAL	0	
68719479222	miniml/lib/query.js	36	miniml/lib/query.js::program:renderQuery	SqlValidationError	CAPTURED	94489281202	SqlValidationError	LOCAL	1	
68719479224	miniml/lib/query.js	36	miniml/lib/query.js::program:renderQuery	undefined_joins	DIRECT	94489281288	undefined_joins	LOCAL	0	
68719479225	miniml/lib/query.js	36	miniml/lib/query.js::program:renderQuery	undefined_joins	DIRECT	94489281288	undefined_joins	LOCAL	0	
68719479226	miniml/lib/query.js	36	miniml/lib/query.js::program:renderQuery	_tmp_37	DIRECT	94489281342	_tmp_37	LOCAL	0	
68719479229	miniml/lib/query.js	36	miniml/lib/query.js::program:renderQuery	undefined_joins	DIRECT	94489281288	undefined_joins	LOCAL	0	
68719479230	miniml/lib/query.js	36	miniml/lib/query.js::program:renderQuery	undefined_joins	DIRECT	94489281288	undefined_joins	LOCAL	0	
68719479232	miniml/lib/query.js	36	miniml/lib/query.js::program:renderQuery	_tmp_38	DIRECT	94489281341	_tmp_38	LOCAL	0	
68719479239	miniml/lib/query.js	37	miniml/lib/query.js::program:renderQuery	joins	DIRECT	94489281292	joins	LOCAL	0	
68719479240	miniml/lib/query.js	37	miniml/lib/query.js::program:renderQuery	_tmp_39	DIRECT	94489281338	_tmp_39	LOCAL	0	
68719479241	miniml/lib/query.js	37	miniml/lib/query.js::program:renderQuery	_tmp_40	DIRECT	94489281340	_tmp_40	LOCAL	0	
68719479242	miniml/lib/query.js	37	miniml/lib/query.js::program:renderQuery	model	DIRECT	111669150000	model	METHOD_PARAMETER_IN	0	
68719479243	miniml/lib/query.js	37	miniml/lib/query.js::program:renderQuery	_tmp_40	DIRECT	94489281340	_tmp_40	LOCAL	0	
68719479244	miniml/lib/query.js	37	miniml/lib/query.js::program:renderQuery	_tmp_39	DIRECT	94489281338	_tmp_39	LOCAL	0	
68719479245	miniml/lib/query.js	40	miniml/lib/query.js::program:renderQuery	dimension_fields	DIRECT	94489281293	dimension_fields	LOCAL	0	
68719479246	miniml/lib/query.js	40	miniml/lib/query.js::program:renderQuery	dimensions	AMBIGUOUS					MULTIPLE_LIVE_ASSIGNMENTS_TO_RESOLVED_LOCAL
68719479247	miniml/lib/query.js	40	miniml/lib/query.js::program:renderQuery	dimensions	AMBIGUOUS					MULTIPLE_LIVE_ASSIGNMENTS_TO_RESOLVED_LOCAL
68719479248	miniml/lib/query.js	46	miniml/lib/query.js::program:renderQuery	projected_measures	DIRECT	94489281295	projected_measures	LOCAL	0	
68719479249	miniml/lib/query.js	46	miniml/lib/query.js::program:renderQuery	_tmp_42	DIRECT	94489281331	_tmp_42	LOCAL	0	
68719479252	miniml/lib/query.js	46	miniml/lib/query.js::program:renderQuery	measures	AMBIGUOUS					MULTIPLE_LIVE_ASSIGNMENTS_TO_RESOLVED_LOCAL
68719479255	miniml/lib/query.js	46	miniml/lib/query.js::program:renderQuery	having_refs	DIRECT	94489281267	having_refs	LOCAL	0	
68719479256	miniml/lib/query.js	46	miniml/lib/query.js::program:renderQuery	having_refs	DIRECT	94489281267	having_refs	LOCAL	0	
68719479258	miniml/lib/query.js	47	miniml/lib/query.js::program:renderQuery	measure_fields	DIRECT	94489281297	measure_fields	LOCAL	0	
68719479259	miniml/lib/query.js	47	miniml/lib/query.js::program:renderQuery	projected_measures	DIRECT	94489281295	projected_measures	LOCAL	0	
68719479260	miniml/lib/query.js	47	miniml/lib/query.js::program:renderQuery	projected_measures	DIRECT	94489281295	projected_measures	LOCAL	0	
68719479261	miniml/lib/query.js	48	miniml/lib/query.js::program:renderQuery	group_by	DIRECT	94489281298	group_by	LOCAL	0	
68719479262	miniml/lib/query.js	48	miniml/lib/query.js::program:renderQuery	dimensions	AMBIGUOUS					MULTIPLE_LIVE_ASSIGNMENTS_TO_RESOLVED_LOCAL
68719479263	miniml/lib/query.js	48	miniml/lib/query.js::program:renderQuery	projected_measures	DIRECT	94489281295	projected_measures	LOCAL	0	
68719479264	miniml/lib/query.js	49	miniml/lib/query.js::program:renderQuery	select_list	DIRECT	94489281299	select_list	LOCAL	0	
68719479265	miniml/lib/query.js	49	miniml/lib/query.js::program:renderQuery	_tmp_43	DIRECT	94489281328	_tmp_43	LOCAL	0	
68719479268	miniml/lib/query.js	49	miniml/lib/query.js::program:renderQuery	dimension_fields	DIRECT	94489281293	dimension_fields	LOCAL	0	
68719479271	miniml/lib/query.js	49	miniml/lib/query.js::program:renderQuery	measure_fields	DIRECT	94489281297	measure_fields	LOCAL	0	
68719479273	miniml/lib/query.js	50	miniml/lib/query.js::program:renderQuery	query	DIRECT	94489281301	query	LOCAL	0	
68719479274	miniml/lib/query.js	50	miniml/lib/query.js::program:renderQuery	_tmp_44	DIRECT	94489281327	_tmp_44	LOCAL	0	
68719479277	miniml/lib/query.js	51	miniml/lib/query.js::program:renderQuery	select_list	DIRECT	94489281299	select_list	LOCAL	0	
68719479278	miniml/lib/query.js	53	miniml/lib/query.js::program:renderQuery	distinct	DIRECT	94489281264	distinct	LOCAL	0	
68719479279	miniml/lib/query.js	53	miniml/lib/query.js::program:renderQuery	group_by	DIRECT	94489281298	group_by	LOCAL	0	
68719479280	miniml/lib/query.js	53	miniml/lib/query.js::program:renderQuery	_tmp_45	DIRECT	94489281326	_tmp_45	LOCAL	0	
68719479281	miniml/lib/query.js	53	miniml/lib/query.js::program:renderQuery	select_list	DIRECT	94489281299	select_list	LOCAL	0	
68719479282	miniml/lib/query.js	53	miniml/lib/query.js::program:renderQuery	select_list	DIRECT	94489281299	select_list	LOCAL	0	
68719479283	miniml/lib/query.js	53	miniml/lib/query.js::program:renderQuery	_tmp_45	DIRECT	94489281326	_tmp_45	LOCAL	0	
68719479286	miniml/lib/query.js	54	miniml/lib/query.js::program:renderQuery	model	DIRECT	111669150000	model	METHOD_PARAMETER_IN	0	
68719479289	miniml/lib/query.js	55	miniml/lib/query.js::program:renderQuery	joins	DIRECT	94489281292	joins	LOCAL	0	
68719479291	miniml/lib/query.js	57	miniml/lib/query.js::program:renderQuery	where_clause	DIRECT	94489281303	where_clause	LOCAL	0	
68719479292	miniml/lib/query.js	58	miniml/lib/query.js::program:renderQuery	model	DIRECT	111669150000	model	METHOD_PARAMETER_IN	0	
68719479293	miniml/lib/query.js	59	miniml/lib/query.js::program:renderQuery	from	DIRECT	94489281304	from	LOCAL	0	
68719479294	miniml/lib/query.js	59	miniml/lib/query.js::program:renderQuery	date_from	DIRECT	94489281258	date_from	LOCAL	0	
68719479295	miniml/lib/query.js	59	miniml/lib/query.js::program:renderQuery	date_from	DIRECT	94489281258	date_from	LOCAL	0	
68719479296	miniml/lib/query.js	59	miniml/lib/query.js::program:renderQuery	date_from	DIRECT	94489281258	date_from	LOCAL	0	
68719479297	miniml/lib/query.js	59	miniml/lib/query.js::program:renderQuery	date_from	DIRECT	94489281258	date_from	LOCAL	0	
68719479298	miniml/lib/query.js	60	miniml/lib/query.js::program:renderQuery	from	DIRECT	94489281304	from	LOCAL	0	
68719479299	miniml/lib/query.js	60	miniml/lib/query.js::program:renderQuery	date_to	DIRECT	94489281259	date_to	LOCAL	0	
68719479300	miniml/lib/query.js	61	miniml/lib/query.js::program:renderQuery	where_clause	DIRECT	94489281303	where_clause	LOCAL	0	
68719479301	miniml/lib/query.js	61	miniml/lib/query.js::program:renderQuery	where_clause	DIRECT	94489281303	where_clause	LOCAL	0	
68719479302	miniml/lib/query.js	61	miniml/lib/query.js::program:renderQuery	model	DIRECT	111669150000	model	METHOD_PARAMETER_IN	0	
68719479303	miniml/lib/query.js	61	miniml/lib/query.js::program:renderQuery	from	DIRECT	94489281304	from	LOCAL	0	
68719479304	miniml/lib/query.js	61	miniml/lib/query.js::program:renderQuery	model	DIRECT	111669150000	model	METHOD_PARAMETER_IN	0	
68719479305	miniml/lib/query.js	61	miniml/lib/query.js::program:renderQuery	nextDayLiteral	CAPTURED	94489281210	nextDayLiteral	LOCAL	1	
68719479306	miniml/lib/query.js	61	miniml/lib/query.js::program:renderQuery	this	DIRECT	111669149999	this	METHOD_PARAMETER_IN	0	
68719479307	miniml/lib/query.js	61	miniml/lib/query.js::program:renderQuery	date_to	DIRECT	94489281259	date_to	LOCAL	0	
68719479308	miniml/lib/query.js	63	miniml/lib/query.js::program:renderQuery	from	DIRECT	94489281304	from	LOCAL	0	
68719479309	miniml/lib/query.js	64	miniml/lib/query.js::program:renderQuery	where_clause	DIRECT	94489281303	where_clause	LOCAL	0	
68719479310	miniml/lib/query.js	64	miniml/lib/query.js::program:renderQuery	where_clause	DIRECT	94489281303	where_clause	LOCAL	0	
68719479311	miniml/lib/query.js	64	miniml/lib/query.js::program:renderQuery	model	DIRECT	111669150000	model	METHOD_PARAMETER_IN	0	
68719479312	miniml/lib/query.js	64	miniml/lib/query.js::program:renderQuery	from	DIRECT	94489281304	from	LOCAL	0	
68719479313	miniml/lib/query.js	65	miniml/lib/query.js::program:renderQuery	date_to	DIRECT	94489281259	date_to	LOCAL	0	
68719479314	miniml/lib/query.js	66	miniml/lib/query.js::program:renderQuery	where_clause	DIRECT	94489281303	where_clause	LOCAL	0	
68719479315	miniml/lib/query.js	66	miniml/lib/query.js::program:renderQuery	where_clause	DIRECT	94489281303	where_clause	LOCAL	0	
68719479316	miniml/lib/query.js	66	miniml/lib/query.js::program:renderQuery	model	DIRECT	111669150000	model	METHOD_PARAMETER_IN	0	
68719479317	miniml/lib/query.js	66	miniml/lib/query.js::program:renderQuery	nextDayLiteral	CAPTURED	94489281210	nextDayLiteral	LOCAL	1	
68719479318	miniml/lib/query.js	66	miniml/lib/query.js::program:renderQuery	this	DIRECT	111669149999	this	METHOD_PARAMETER_IN	0	
68719479319	miniml/lib/query.js	66	miniml/lib/query.js::program:renderQuery	date_to	DIRECT	94489281259	date_to	LOCAL	0	
68719479320	miniml/lib/query.js	67	miniml/lib/query.js::program:renderQuery	model	DIRECT	111669150000	model	METHOD_PARAMETER_IN	0	
68719479321	miniml/lib/query.js	67	miniml/lib/query.js::program:renderQuery	date_from	DIRECT	94489281258	date_from	LOCAL	0	
68719479322	miniml/lib/query.js	67	miniml/lib/query.js::program:renderQuery	date_from	DIRECT	94489281258	date_from	LOCAL	0	
68719479323	miniml/lib/query.js	68	miniml/lib/query.js::program:renderQuery	appendDefaultDateRange	CAPTURED	94489281218	appendDefaultDateRange	LOCAL	1	
68719479324	miniml/lib/query.js	68	miniml/lib/query.js::program:renderQuery	this	DIRECT	111669149999	this	METHOD_PARAMETER_IN	0	
68719479325	miniml/lib/query.js	68	miniml/lib/query.js::program:renderQuery	where_clause	DIRECT	94489281303	where_clause	LOCAL	0	
68719479326	miniml/lib/query.js	68	miniml/lib/query.js::program:renderQuery	model	DIRECT	111669150000	model	METHOD_PARAMETER_IN	0	
68719479327	miniml/lib/query.js	70	miniml/lib/query.js::program:renderQuery	where	AMBIGUOUS					MULTIPLE_LIVE_ASSIGNMENTS_TO_RESOLVED_LOCAL
68719479328	miniml/lib/query.js	71	miniml/lib/query.js::program:renderQuery	validation	AMBIGUOUS					MULTIPLE_LIVE_ASSIGNMENTS_TO_RESOLVED_LOCAL
68719479329	miniml/lib/query.js	71	miniml/lib/query.js::program:renderQuery	validateWhereClause	CAPTURED	94489281203	validateWhereClause	LOCAL	1	
68719479330	miniml/lib/query.js	71	miniml/lib/query.js::program:renderQuery	this	DIRECT	111669149999	this	METHOD_PARAMETER_IN	0	
68719479331	miniml/lib/query.js	71	miniml/lib/query.js::program:renderQuery	where	AMBIGUOUS					MULTIPLE_LIVE_ASSIGNMENTS_TO_RESOLVED_LOCAL
68719479332	miniml/lib/query.js	71	miniml/lib/query.js::program:renderQuery	model	DIRECT	111669150000	model	METHOD_PARAMETER_IN	0	
68719479333	miniml/lib/query.js	72	miniml/lib/query.js::program:renderQuery	validation	AMBIGUOUS					MULTIPLE_LIVE_ASSIGNMENTS_TO_RESOLVED_LOCAL
68719479334	miniml/lib/query.js	73	miniml/lib/query.js::program:renderQuery	_tmp_46	DIRECT	94489281322	_tmp_46	LOCAL	0	
68719479335	miniml/lib/query.js	73	miniml/lib/query.js::program:renderQuery	SqlValidationError	CAPTURED	94489281202	SqlValidationError	LOCAL	1	
68719479337	miniml/lib/query.js	73	miniml/lib/query.js::program:renderQuery	_tmp_47	DIRECT	94489281321	_tmp_47	LOCAL	0	
68719479338	miniml/lib/query.js	73	miniml/lib/query.js::program:renderQuery	validation	AMBIGUOUS					MULTIPLE_LIVE_ASSIGNMENTS_TO_RESOLVED_LOCAL
68719479339	miniml/lib/query.js	73	miniml/lib/query.js::program:renderQuery	_tmp_47	DIRECT	94489281321	_tmp_47	LOCAL	0	
68719479340	miniml/lib/query.js	73	miniml/lib/query.js::program:renderQuery	validation	AMBIGUOUS					MULTIPLE_LIVE_ASSIGNMENTS_TO_RESOLVED_LOCAL
68719479341	miniml/lib/query.js	73	miniml/lib/query.js::program:renderQuery	_tmp_48	DIRECT	94489281320	_tmp_48	LOCAL	0	
68719479348	miniml/lib/query.js	75	miniml/lib/query.js::program:renderQuery	where_clause	DIRECT	94489281303	where_clause	LOCAL	0	
68719479349	miniml/lib/query.js	75	miniml/lib/query.js::program:renderQuery	where_clause	DIRECT	94489281303	where_clause	LOCAL	0	
68719479350	miniml/lib/query.js	75	miniml/lib/query.js::program:renderQuery	where	AMBIGUOUS					MULTIPLE_LIVE_ASSIGNMENTS_TO_RESOLVED_LOCAL
68719479351	miniml/lib/query.js	77	miniml/lib/query.js::program:renderQuery	model	DIRECT	111669150000	model	METHOD_PARAMETER_IN	0	
68719479352	miniml/lib/query.js	78	miniml/lib/query.js::program:renderQuery	where_clause	DIRECT	94489281303	where_clause	LOCAL	0	
68719479353	miniml/lib/query.js	78	miniml/lib/query.js::program:renderQuery	where_clause	DIRECT	94489281303	where_clause	LOCAL	0	
68719479354	miniml/lib/query.js	78	miniml/lib/query.js::program:renderQuery	model	DIRECT	111669150000	model	METHOD_PARAMETER_IN	0	
68719479355	miniml/lib/query.js	79	miniml/lib/query.js::program:renderQuery	where_clause	DIRECT	94489281303	where_clause	LOCAL	0	
68719479356	miniml/lib/query.js	80	miniml/lib/query.js::program:renderQuery	query	DIRECT	94489281301	query	LOCAL	0	
68719479357	miniml/lib/query.js	80	miniml/lib/query.js::program:renderQuery	query	DIRECT	94489281301	query	LOCAL	0	
68719479358	miniml/lib/query.js	80	miniml/lib/query.js::program:renderQuery	expandWhereReferences	CAPTURED	94489281227	expandWhereReferences	LOCAL	1	
68719479359	miniml/lib/query.js	80	miniml/lib/query.js::program:renderQuery	this	DIRECT	111669149999	this	METHOD_PARAMETER_IN	0	
68719479360	miniml/lib/query.js	80	miniml/lib/query.js::program:renderQuery	where_clause	DIRECT	94489281303	where_clause	LOCAL	0	
68719479361	miniml/lib/query.js	80	miniml/lib/query.js::program:renderQuery	where_clause	DIRECT	94489281303	where_clause	LOCAL	0	
68719479362	miniml/lib/query.js	80	miniml/lib/query.js::program:renderQuery	model	DIRECT	111669150000	model	METHOD_PARAMETER_IN	0	
68719479363	miniml/lib/query.js	81	miniml/lib/query.js::program:renderQuery	group_by	DIRECT	94489281298	group_by	LOCAL	0	
68719479364	miniml/lib/query.js	82	miniml/lib/query.js::program:renderQuery	query	DIRECT	94489281301	query	LOCAL	0	
68719479365	miniml/lib/query.js	82	miniml/lib/query.js::program:renderQuery	query	DIRECT	94489281301	query	LOCAL	0	
68719479366	miniml/lib/query.js	83	miniml/lib/query.js::program:renderQuery	having	AMBIGUOUS					MULTIPLE_LIVE_ASSIGNMENTS_TO_RESOLVED_LOCAL
68719479367	miniml/lib/query.js	84	miniml/lib/query.js::program:renderQuery	validation	AMBIGUOUS					MULTIPLE_LIVE_ASSIGNMENTS_TO_RESOLVED_LOCAL
68719479368	miniml/lib/query.js	84	miniml/lib/query.js::program:renderQuery	validateHavingClause	CAPTURED	94489281204	validateHavingClause	LOCAL	1	
68719479369	miniml/lib/query.js	84	miniml/lib/query.js::program:renderQuery	this	DIRECT	111669149999	this	METHOD_PARAMETER_IN	0	
68719479370	miniml/lib/query.js	84	miniml/lib/query.js::program:renderQuery	having	AMBIGUOUS					MULTIPLE_LIVE_ASSIGNMENTS_TO_RESOLVED_LOCAL
68719479371	miniml/lib/query.js	84	miniml/lib/query.js::program:renderQuery	model	DIRECT	111669150000	model	METHOD_PARAMETER_IN	0	
68719479372	miniml/lib/query.js	85	miniml/lib/query.js::program:renderQuery	validation	AMBIGUOUS					MULTIPLE_LIVE_ASSIGNMENTS_TO_RESOLVED_LOCAL
68719479373	miniml/lib/query.js	86	miniml/lib/query.js::program:renderQuery	_tmp_49	DIRECT	94489281317	_tmp_49	LOCAL	0	
68719479374	miniml/lib/query.js	86	miniml/lib/query.js::program:renderQuery	SqlValidationError	CAPTURED	94489281202	SqlValidationError	LOCAL	1	
68719479376	miniml/lib/query.js	86	miniml/lib/query.js::program:renderQuery	_tmp_50	DIRECT	94489281315	_tmp_50	LOCAL	0	
68719479377	miniml/lib/query.js	86	miniml/lib/query.js::program:renderQuery	validation	AMBIGUOUS					MULTIPLE_LIVE_ASSIGNMENTS_TO_RESOLVED_LOCAL
68719479378	miniml/lib/query.js	86	miniml/lib/query.js::program:renderQuery	_tmp_50	DIRECT	94489281315	_tmp_50	LOCAL	0	
68719479379	miniml/lib/query.js	86	miniml/lib/query.js::program:renderQuery	validation	AMBIGUOUS					MULTIPLE_LIVE_ASSIGNMENTS_TO_RESOLVED_LOCAL
68719479380	miniml/lib/query.js	86	miniml/lib/query.js::program:renderQuery	_tmp_51	DIRECT	94489281314	_tmp_51	LOCAL	0	
68719479387	miniml/lib/query.js	88	miniml/lib/query.js::program:renderQuery	query	DIRECT	94489281301	query	LOCAL	0	
68719479388	miniml/lib/query.js	88	miniml/lib/query.js::program:renderQuery	query	DIRECT	94489281301	query	LOCAL	0	
68719479389	miniml/lib/query.js	88	miniml/lib/query.js::program:renderQuery	having	AMBIGUOUS					MULTIPLE_LIVE_ASSIGNMENTS_TO_RESOLVED_LOCAL
68719479390	miniml/lib/query.js	90	miniml/lib/query.js::program:renderQuery	order_by	DIRECT	94489281262	order_by	LOCAL	0	
68719479391	miniml/lib/query.js	91	miniml/lib/query.js::program:renderQuery	query	DIRECT	94489281301	query	LOCAL	0	
68719479392	miniml/lib/query.js	91	miniml/lib/query.js::program:renderQuery	query	DIRECT	94489281301	query	LOCAL	0	
68719479393	miniml/lib/query.js	91	miniml/lib/query.js::program:renderQuery	_tmp_52	DIRECT	94489281313	_tmp_52	LOCAL	0	
68719479394	miniml/lib/query.js	91	miniml/lib/query.js::program:renderQuery	order_by	DIRECT	94489281262	order_by	LOCAL	0	
68719479395	miniml/lib/query.js	91	miniml/lib/query.js::program:renderQuery	order_by	DIRECT	94489281262	order_by	LOCAL	0	
68719479396	miniml/lib/query.js	91	miniml/lib/query.js::program:renderQuery	_tmp_52	DIRECT	94489281313	_tmp_52	LOCAL	0	
68719479397	miniml/lib/query.js	92	miniml/lib/query.js::program:renderQuery	limit	DIRECT	94489281263	limit	LOCAL	0	
68719479398	miniml/lib/query.js	92	miniml/lib/query.js::program:renderQuery	limit	DIRECT	94489281263	limit	LOCAL	0	
68719479399	miniml/lib/query.js	92	miniml/lib/query.js::program:renderQuery	limit	DIRECT	94489281263	limit	LOCAL	0	
68719479400	miniml/lib/query.js	93	miniml/lib/query.js::program:renderQuery	query	DIRECT	94489281301	query	LOCAL	0	
68719479401	miniml/lib/query.js	93	miniml/lib/query.js::program:renderQuery	query	DIRECT	94489281301	query	LOCAL	0	
68719479402	miniml/lib/query.js	93	miniml/lib/query.js::program:renderQuery	limit	DIRECT	94489281263	limit	LOCAL	0	
68719479403	miniml/lib/query.js	94	miniml/lib/query.js::program:renderQuery	_tmp_53	DIRECT	94489281311	_tmp_53	LOCAL	0	
68719479404	miniml/lib/query.js	94	miniml/lib/query.js::program:renderQuery	query	DIRECT	94489281301	query	LOCAL	0	
68719479405	miniml/lib/query.js	94	miniml/lib/query.js::program:renderQuery	query	DIRECT	94489281301	query	LOCAL	0	
68719479406	miniml/lib/query.js	94	miniml/lib/query.js::program:renderQuery	Boolean	DIRECT	94489281312	Boolean	LOCAL	0	
68719479407	miniml/lib/query.js	94	miniml/lib/query.js::program:renderQuery	_tmp_53	DIRECT	94489281311	_tmp_53	LOCAL	0	
68719479408	miniml/lib/query.js	1	miniml/lib/query.js::program	SqlValidationError	DIRECT	94489281202	SqlValidationError	LOCAL	0	
68719479410	miniml/lib/query.js	1	miniml/lib/query.js::program	this	DIRECT	111669150002	this	METHOD_PARAMETER_IN	0	
68719479411	miniml/lib/query.js	2	miniml/lib/query.js::program	validateWhereClause	DIRECT	94489281203	validateWhereClause	LOCAL	0	
68719479413	miniml/lib/query.js	2	miniml/lib/query.js::program	this	DIRECT	111669150002	this	METHOD_PARAMETER_IN	0	
68719479414	miniml/lib/query.js	2	miniml/lib/query.js::program	validateHavingClause	DIRECT	94489281204	validateHavingClause	LOCAL	0	
68719479416	miniml/lib/query.js	2	miniml/lib/query.js::program	this	DIRECT	111669150002	this	METHOD_PARAMETER_IN	0	
68719479417	miniml/lib/query.js	2	miniml/lib/query.js::program	validateDateInput	DIRECT	94489281205	validateDateInput	LOCAL	0	
68719479419	miniml/lib/query.js	2	miniml/lib/query.js::program	this	DIRECT	111669150002	this	METHOD_PARAMETER_IN	0	
68719479420	miniml/lib/query.js	3	miniml/lib/query.js::program	extractFieldReferences	DIRECT	94489281206	extractFieldReferences	LOCAL	0	
68719479422	miniml/lib/query.js	3	miniml/lib/query.js::program	this	DIRECT	111669150002	this	METHOD_PARAMETER_IN	0	
68719479423	miniml/lib/query.js	4	miniml/lib/query.js::program	constructDateRangeExpression	DIRECT	94489281207	constructDateRangeExpression	LOCAL	0	
68719479425	miniml/lib/query.js	4	miniml/lib/query.js::program	this	DIRECT	111669150002	this	METHOD_PARAMETER_IN	0	
68719479426	miniml/lib/query.js	4	miniml/lib/query.js::program	constructDateTruncExpression	DIRECT	94489281208	constructDateTruncExpression	LOCAL	0	
68719479428	miniml/lib/query.js	4	miniml/lib/query.js::program	this	DIRECT	111669150002	this	METHOD_PARAMETER_IN	0	
68719479429	miniml/lib/query.js	4	miniml/lib/query.js::program	normalizeQuotesForBigQuery	DIRECT	94489281209	normalizeQuotesForBigQuery	LOCAL	0	
68719479431	miniml/lib/query.js	4	miniml/lib/query.js::program	this	DIRECT	111669150002	this	METHOD_PARAMETER_IN	0	
68719479432	miniml/lib/query.js	96	miniml/lib/query.js::program	nextDayLiteral	DIRECT	94489281210	nextDayLiteral	LOCAL	0	
68719479433	miniml/lib/query.js	101	miniml/lib/query.js::program	appendDefaultDateRange	DIRECT	94489281218	appendDefaultDateRange	LOCAL	0	
68719479434	miniml/lib/query.js	110	miniml/lib/query.js::program	applyDateGranularity	DIRECT	94489281221	applyDateGranularity	LOCAL	0	
68719479435	miniml/lib/query.js	115	miniml/lib/query.js::program	expandWhereReferences	DIRECT	94489281227	expandWhereReferences	LOCAL	0	
68719479436	miniml/lib/query.js	132	miniml/lib/query.js::program	unwrapSqlExpressionAlias	DIRECT	94489281238	unwrapSqlExpressionAlias	LOCAL	0	
68719479437	miniml/lib/query.js	141	miniml/lib/query.js::program	validateKeys	DIRECT	94489281244	validateKeys	LOCAL	0	
68719479438	miniml/lib/query.js	144	miniml/lib/query.js::program	validateQueryInfo	DIRECT	94489281245	validateQueryInfo	LOCAL	0	
68719479439	miniml/lib/query.js	5	miniml/lib/query.js::program	renderQuery	DIRECT	94489281255	renderQuery	LOCAL	0	
68719479441	miniml/lib/query.js	5	miniml/lib/query.js::program	renderQuery	DIRECT	94489281255	renderQuery	LOCAL	0	
68719479442	miniml/lib/utilities.js	1	miniml/lib/utilities.js::program:collapseWhitespace	_tmp_1	DIRECT	94489281406	_tmp_1	LOCAL	0	
68719479443	miniml/lib/utilities.js	1	miniml/lib/utilities.js::program:collapseWhitespace	param2_0	DIRECT	111669150005	param2_0	METHOD_PARAMETER_IN	0	
68719479445	miniml/lib/utilities.js	1	miniml/lib/utilities.js::program:collapseWhitespace	param2_0	DIRECT	111669150005	param2_0	METHOD_PARAMETER_IN	0	
68719479446	miniml/lib/utilities.js	1	miniml/lib/utilities.js::program:collapseWhitespace	singleSpaced	DIRECT	94489281410	singleSpaced	LOCAL	0	
68719479449	miniml/lib/utilities.js	1	miniml/lib/utilities.js::program:collapseWhitespace	singleLine	DIRECT	94489281409	singleLine	LOCAL	0	
68719479452	miniml/lib/utilities.js	1	miniml/lib/utilities.js::program:collapseWhitespace	collapseSpaces	DIRECT	94489281408	collapseSpaces	LOCAL	0	
68719479455	miniml/lib/utilities.js	1	miniml/lib/utilities.js::program:collapseWhitespace	unindent	DIRECT	94489281407	unindent	LOCAL	0	
68719479459	miniml/lib/utilities.js	2	miniml/lib/utilities.js::program:collapseWhitespace	text	DIRECT	111669150004	text	METHOD_PARAMETER_IN	0	
68719479460	miniml/lib/utilities.js	3	miniml/lib/utilities.js::program:collapseWhitespace	text	DIRECT	111669150004	text	METHOD_PARAMETER_IN	0	
68719479461	miniml/lib/utilities.js	3	miniml/lib/utilities.js::program:collapseWhitespace	_tmp_2	DIRECT	94489281411	_tmp_2	LOCAL	0	
68719479462	miniml/lib/utilities.js	3	miniml/lib/utilities.js::program:collapseWhitespace	_tmp_3	DIRECT	94489281412	_tmp_3	LOCAL	0	
68719479463	miniml/lib/utilities.js	3	miniml/lib/utilities.js::program:collapseWhitespace	_tmp_4	DIRECT	94489281413	_tmp_4	LOCAL	0	
68719479464	miniml/lib/utilities.js	3	miniml/lib/utilities.js::program:collapseWhitespace	text	DIRECT	111669150004	text	METHOD_PARAMETER_IN	0	
68719479465	miniml/lib/utilities.js	3	miniml/lib/utilities.js::program:collapseWhitespace	text	DIRECT	111669150004	text	METHOD_PARAMETER_IN	0	
68719479466	miniml/lib/utilities.js	3	miniml/lib/utilities.js::program:collapseWhitespace	_tmp_4	DIRECT	94489281413	_tmp_4	LOCAL	0	
68719479467	miniml/lib/utilities.js	3	miniml/lib/utilities.js::program:collapseWhitespace	_tmp_3	DIRECT	94489281412	_tmp_3	LOCAL	0	
68719479468	miniml/lib/utilities.js	3	miniml/lib/utilities.js::program:collapseWhitespace	_tmp_2	DIRECT	94489281411	_tmp_2	LOCAL	0	
68719479469	miniml/lib/utilities.js	8	miniml/lib/utilities.js::program:collapseWhitespace	singleSpaced	DIRECT	94489281410	singleSpaced	LOCAL	0	
68719479470	miniml/lib/utilities.js	9	miniml/lib/utilities.js::program:collapseWhitespace	text	DIRECT	111669150004	text	METHOD_PARAMETER_IN	0	
68719479471	miniml/lib/utilities.js	9	miniml/lib/utilities.js::program:collapseWhitespace	text	DIRECT	111669150004	text	METHOD_PARAMETER_IN	0	
68719479472	miniml/lib/utilities.js	9	miniml/lib/utilities.js::program:collapseWhitespace	text	DIRECT	111669150004	text	METHOD_PARAMETER_IN	0	
68719479473	miniml/lib/utilities.js	10	miniml/lib/utilities.js::program:collapseWhitespace	singleLine	DIRECT	94489281409	singleLine	LOCAL	0	
68719479474	miniml/lib/utilities.js	11	miniml/lib/utilities.js::program:collapseWhitespace	text	DIRECT	111669150004	text	METHOD_PARAMETER_IN	0	
68719479475	miniml/lib/utilities.js	11	miniml/lib/utilities.js::program:collapseWhitespace	text	DIRECT	111669150004	text	METHOD_PARAMETER_IN	0	
68719479476	miniml/lib/utilities.js	11	miniml/lib/utilities.js::program:collapseWhitespace	text	DIRECT	111669150004	text	METHOD_PARAMETER_IN	0	
68719479477	miniml/lib/utilities.js	12	miniml/lib/utilities.js::program:collapseWhitespace	collapseSpaces	DIRECT	94489281408	collapseSpaces	LOCAL	0	
68719479478	miniml/lib/utilities.js	13	miniml/lib/utilities.js::program:collapseWhitespace	text	DIRECT	111669150004	text	METHOD_PARAMETER_IN	0	
68719479479	miniml/lib/utilities.js	13	miniml/lib/utilities.js::program:collapseWhitespace	text	DIRECT	111669150004	text	METHOD_PARAMETER_IN	0	
68719479480	miniml/lib/utilities.js	13	miniml/lib/utilities.js::program:collapseWhitespace	text	DIRECT	111669150004	text	METHOD_PARAMETER_IN	0	
68719479481	miniml/lib/utilities.js	14	miniml/lib/utilities.js::program:collapseWhitespace	unindent	DIRECT	94489281407	unindent	LOCAL	0	
68719479482	miniml/lib/utilities.js	15	miniml/lib/utilities.js::program:collapseWhitespace	text	DIRECT	111669150004	text	METHOD_PARAMETER_IN	0	
68719479483	miniml/lib/utilities.js	15	miniml/lib/utilities.js::program:collapseWhitespace	text	DIRECT	111669150004	text	METHOD_PARAMETER_IN	0	
68719479484	miniml/lib/utilities.js	15	miniml/lib/utilities.js::program:collapseWhitespace	text	DIRECT	111669150004	text	METHOD_PARAMETER_IN	0	
68719479485	miniml/lib/utilities.js	16	miniml/lib/utilities.js::program:collapseWhitespace	text	DIRECT	111669150004	text	METHOD_PARAMETER_IN	0	
68719479486	miniml/lib/utilities.js	16	miniml/lib/utilities.js::program:collapseWhitespace	text	DIRECT	111669150004	text	METHOD_PARAMETER_IN	0	
68719479487	miniml/lib/utilities.js	16	miniml/lib/utilities.js::program:collapseWhitespace	text	DIRECT	111669150004	text	METHOD_PARAMETER_IN	0	
68719479488	miniml/lib/utilities.js	18	miniml/lib/utilities.js::program:collapseWhitespace	text	DIRECT	111669150004	text	METHOD_PARAMETER_IN	0	
68719479489	miniml/lib/utilities.js	1	miniml/lib/utilities.js::program	collapseWhitespace	DIRECT	94489281404	collapseWhitespace	LOCAL	0	
68719479491	miniml/lib/utilities.js	1	miniml/lib/utilities.js::program	collapseWhitespace	DIRECT	94489281404	collapseWhitespace	LOCAL	0	
68719479501	miniml/lib/validation.js	100	miniml/lib/validation.js::program:performBasicSafetyChecks	result	DIRECT	94489281417	result	LOCAL	0	
68719479506	miniml/lib/validation.js	105	miniml/lib/validation.js::program:performBasicSafetyChecks	_iterator_0	DIRECT	94489281570	_iterator_0	LOCAL	0	
68719479507	miniml/lib/validation.js	105	miniml/lib/validation.js::program:performBasicSafetyChecks	DANGEROUS_CONSTRUCTS	CAPTURED	94489281471	DANGEROUS_CONSTRUCTS	LOCAL	1	
68719479508	miniml/lib/validation.js	105	miniml/lib/validation.js::program:performBasicSafetyChecks	_result_0	DIRECT	94489281568	_result_0	LOCAL	0	
68719479509	miniml/lib/validation.js	105	miniml/lib/validation.js::program:performBasicSafetyChecks	construct	DIRECT	94489281564	construct	LOCAL	0	
68719479512	miniml/lib/validation.js	106	miniml/lib/validation.js::program:performBasicSafetyChecks	regex	DIRECT	94489281422	regex	LOCAL	0	
68719479513	miniml/lib/validation.js	106	miniml/lib/validation.js::program:performBasicSafetyChecks	_tmp_1	DIRECT	94489281567	_tmp_1	LOCAL	0	
68719479514	miniml/lib/validation.js	106	miniml/lib/validation.js::program:performBasicSafetyChecks	RegExp	DIRECT	94489281566	RegExp	LOCAL	0	
68719479516	miniml/lib/validation.js	106	miniml/lib/validation.js::program:performBasicSafetyChecks	construct	DIRECT	94489281564	construct	LOCAL	0	
68719479518	miniml/lib/validation.js	107	miniml/lib/validation.js::program:performBasicSafetyChecks	regex	DIRECT	94489281422	regex	LOCAL	0	
68719479519	miniml/lib/validation.js	107	miniml/lib/validation.js::program:performBasicSafetyChecks	regex	DIRECT	94489281422	regex	LOCAL	0	
68719479520	miniml/lib/validation.js	107	miniml/lib/validation.js::program:performBasicSafetyChecks	expression	DIRECT	111669150008	expression	METHOD_PARAMETER_IN	0	
68719479521	miniml/lib/validation.js	108	miniml/lib/validation.js::program:performBasicSafetyChecks	result	DIRECT	94489281417	result	LOCAL	0	
68719479522	miniml/lib/validation.js	109	miniml/lib/validation.js::program:performBasicSafetyChecks	_tmp_2	DIRECT	94489281565	_tmp_2	LOCAL	0	
68719479523	miniml/lib/validation.js	109	miniml/lib/validation.js::program:performBasicSafetyChecks	result	DIRECT	94489281417	result	LOCAL	0	
68719479524	miniml/lib/validation.js	109	miniml/lib/validation.js::program:performBasicSafetyChecks	_tmp_2	DIRECT	94489281565	_tmp_2	LOCAL	0	
68719479525	miniml/lib/validation.js	109	miniml/lib/validation.js::program:performBasicSafetyChecks	construct	DIRECT	94489281564	construct	LOCAL	0	
68719479526	miniml/lib/validation.js	112	miniml/lib/validation.js::program:performBasicSafetyChecks	_iterator_1	DIRECT	94489281563	_iterator_1	LOCAL	0	
68719479527	miniml/lib/validation.js	112	miniml/lib/validation.js::program:performBasicSafetyChecks	COMMENT_PATTERNS	CAPTURED	94489281473	COMMENT_PATTERNS	LOCAL	1	
68719479528	miniml/lib/validation.js	112	miniml/lib/validation.js::program:performBasicSafetyChecks	_result_1	DIRECT	94489281561	_result_1	LOCAL	0	
68719479529	miniml/lib/validation.js	112	miniml/lib/validation.js::program:performBasicSafetyChecks	pattern	DIRECT	94489281559	pattern	LOCAL	0	
68719479532	miniml/lib/validation.js	113	miniml/lib/validation.js::program:performBasicSafetyChecks	expression	DIRECT	111669150008	expression	METHOD_PARAMETER_IN	0	
68719479533	miniml/lib/validation.js	113	miniml/lib/validation.js::program:performBasicSafetyChecks	expression	DIRECT	111669150008	expression	METHOD_PARAMETER_IN	0	
68719479534	miniml/lib/validation.js	113	miniml/lib/validation.js::program:performBasicSafetyChecks	pattern	DIRECT	94489281559	pattern	LOCAL	0	
68719479535	miniml/lib/validation.js	114	miniml/lib/validation.js::program:performBasicSafetyChecks	result	DIRECT	94489281417	result	LOCAL	0	
68719479536	miniml/lib/validation.js	115	miniml/lib/validation.js::program:performBasicSafetyChecks	_tmp_3	DIRECT	94489281560	_tmp_3	LOCAL	0	
68719479537	miniml/lib/validation.js	115	miniml/lib/validation.js::program:performBasicSafetyChecks	result	DIRECT	94489281417	result	LOCAL	0	
68719479538	miniml/lib/validation.js	115	miniml/lib/validation.js::program:performBasicSafetyChecks	_tmp_3	DIRECT	94489281560	_tmp_3	LOCAL	0	
68719479539	miniml/lib/validation.js	115	miniml/lib/validation.js::program:performBasicSafetyChecks	pattern	DIRECT	94489281559	pattern	LOCAL	0	
68719479540	miniml/lib/validation.js	118	miniml/lib/validation.js::program:performBasicSafetyChecks	_tmp_4	DIRECT	94489281558	_tmp_4	LOCAL	0	
68719479541	miniml/lib/validation.js	118	miniml/lib/validation.js::program:performBasicSafetyChecks	_tmp_4	DIRECT	94489281558	_tmp_4	LOCAL	0	
68719479542	miniml/lib/validation.js	118	miniml/lib/validation.js::program:performBasicSafetyChecks	expression	DIRECT	111669150008	expression	METHOD_PARAMETER_IN	0	
68719479543	miniml/lib/validation.js	119	miniml/lib/validation.js::program:performBasicSafetyChecks	result	DIRECT	94489281417	result	LOCAL	0	
68719479544	miniml/lib/validation.js	120	miniml/lib/validation.js::program:performBasicSafetyChecks	_tmp_5	DIRECT	94489281557	_tmp_5	LOCAL	0	
68719479545	miniml/lib/validation.js	120	miniml/lib/validation.js::program:performBasicSafetyChecks	result	DIRECT	94489281417	result	LOCAL	0	
68719479546	miniml/lib/validation.js	120	miniml/lib/validation.js::program:performBasicSafetyChecks	_tmp_5	DIRECT	94489281557	_tmp_5	LOCAL	0	
68719479547	miniml/lib/validation.js	122	miniml/lib/validation.js::program:performBasicSafetyChecks	_tmp_6	DIRECT	94489281556	_tmp_6	LOCAL	0	
68719479548	miniml/lib/validation.js	122	miniml/lib/validation.js::program:performBasicSafetyChecks	_tmp_6	DIRECT	94489281556	_tmp_6	LOCAL	0	
68719479549	miniml/lib/validation.js	122	miniml/lib/validation.js::program:performBasicSafetyChecks	expression	DIRECT	111669150008	expression	METHOD_PARAMETER_IN	0	
68719479550	miniml/lib/validation.js	123	miniml/lib/validation.js::program:performBasicSafetyChecks	result	DIRECT	94489281417	result	LOCAL	0	
68719479551	miniml/lib/validation.js	124	miniml/lib/validation.js::program:performBasicSafetyChecks	_tmp_7	DIRECT	94489281555	_tmp_7	LOCAL	0	
68719479552	miniml/lib/validation.js	124	miniml/lib/validation.js::program:performBasicSafetyChecks	result	DIRECT	94489281417	result	LOCAL	0	
68719479553	miniml/lib/validation.js	124	miniml/lib/validation.js::program:performBasicSafetyChecks	_tmp_7	DIRECT	94489281555	_tmp_7	LOCAL	0	
68719479554	miniml/lib/validation.js	126	miniml/lib/validation.js::program:performBasicSafetyChecks	expression	DIRECT	111669150008	expression	METHOD_PARAMETER_IN	0	
68719479555	miniml/lib/validation.js	126	miniml/lib/validation.js::program:performBasicSafetyChecks	MAX_EXPRESSION_LENGTH	CAPTURED	94489281466	MAX_EXPRESSION_LENGTH	LOCAL	1	
68719479556	miniml/lib/validation.js	127	miniml/lib/validation.js::program:performBasicSafetyChecks	result	DIRECT	94489281417	result	LOCAL	0	
68719479557	miniml/lib/validation.js	128	miniml/lib/validation.js::program:performBasicSafetyChecks	_tmp_8	DIRECT	94489281554	_tmp_8	LOCAL	0	
68719479558	miniml/lib/validation.js	128	miniml/lib/validation.js::program:performBasicSafetyChecks	result	DIRECT	94489281417	result	LOCAL	0	
68719479559	miniml/lib/validation.js	128	miniml/lib/validation.js::program:performBasicSafetyChecks	_tmp_8	DIRECT	94489281554	_tmp_8	LOCAL	0	
68719479560	miniml/lib/validation.js	128	miniml/lib/validation.js::program:performBasicSafetyChecks	MAX_EXPRESSION_LENGTH	CAPTURED	94489281466	MAX_EXPRESSION_LENGTH	LOCAL	1	
68719479561	miniml/lib/validation.js	130	miniml/lib/validation.js::program:performBasicSafetyChecks	depth	DIRECT	94489281427	depth	LOCAL	0	
68719479562	miniml/lib/validation.js	131	miniml/lib/validation.js::program:performBasicSafetyChecks	maxDepth	AMBIGUOUS					MULTIPLE_LIVE_ASSIGNMENTS_TO_RESOLVED_LOCAL
68719479563	miniml/lib/validation.js	132	miniml/lib/validation.js::program:performBasicSafetyChecks	_iterator_2	DIRECT	94489281552	_iterator_2	LOCAL	0	
68719479564	miniml/lib/validation.js	132	miniml/lib/validation.js::program:performBasicSafetyChecks	expression	DIRECT	111669150008	expression	METHOD_PARAMETER_IN	0	
68719479565	miniml/lib/validation.js	132	miniml/lib/validation.js::program:performBasicSafetyChecks	_result_2	DIRECT	94489281551	_result_2	LOCAL	0	
68719479566	miniml/lib/validation.js	132	miniml/lib/validation.js::program:performBasicSafetyChecks	char	DIRECT	94489281549	char	LOCAL	0	
68719479569	miniml/lib/validation.js	133	miniml/lib/validation.js::program:performBasicSafetyChecks	char	DIRECT	94489281549	char	LOCAL	0	
68719479570	miniml/lib/validation.js	134	miniml/lib/validation.js::program:performBasicSafetyChecks	depth	DIRECT	94489281427	depth	LOCAL	0	
68719479571	miniml/lib/validation.js	135	miniml/lib/validation.js::program:performBasicSafetyChecks	maxDepth	AMBIGUOUS					MULTIPLE_LIVE_ASSIGNMENTS_TO_RESOLVED_LOCAL
68719479572	miniml/lib/validation.js	135	miniml/lib/validation.js::program:performBasicSafetyChecks	Math	DIRECT	94489281550	Math	LOCAL	0	
68719479573	miniml/lib/validation.js	135	miniml/lib/validation.js::program:performBasicSafetyChecks	Math	DIRECT	94489281550	Math	LOCAL	0	
68719479574	miniml/lib/validation.js	135	miniml/lib/validation.js::program:performBasicSafetyChecks	maxDepth	AMBIGUOUS					MULTIPLE_LIVE_ASSIGNMENTS_TO_RESOLVED_LOCAL
68719479575	miniml/lib/validation.js	135	miniml/lib/validation.js::program:performBasicSafetyChecks	depth	DIRECT	94489281427	depth	LOCAL	0	
68719479576	miniml/lib/validation.js	137	miniml/lib/validation.js::program:performBasicSafetyChecks	char	DIRECT	94489281549	char	LOCAL	0	
68719479577	miniml/lib/validation.js	138	miniml/lib/validation.js::program:performBasicSafetyChecks	depth	DIRECT	94489281427	depth	LOCAL	0	
68719479578	miniml/lib/validation.js	141	miniml/lib/validation.js::program:performBasicSafetyChecks	maxDepth	AMBIGUOUS					MULTIPLE_LIVE_ASSIGNMENTS_TO_RESOLVED_LOCAL
68719479579	miniml/lib/validation.js	142	miniml/lib/validation.js::program:performBasicSafetyChecks	result	DIRECT	94489281417	result	LOCAL	0	
68719479580	miniml/lib/validation.js	143	miniml/lib/validation.js::program:performBasicSafetyChecks	_tmp_9	DIRECT	94489281548	_tmp_9	LOCAL	0	
68719479581	miniml/lib/validation.js	143	miniml/lib/validation.js::program:performBasicSafetyChecks	result	DIRECT	94489281417	result	LOCAL	0	
68719479582	miniml/lib/validation.js	143	miniml/lib/validation.js::program:performBasicSafetyChecks	_tmp_9	DIRECT	94489281548	_tmp_9	LOCAL	0	
68719479583	miniml/lib/validation.js	145	miniml/lib/validation.js::program:performBasicSafetyChecks	result	DIRECT	94489281417	result	LOCAL	0	
68719479587	miniml/lib/validation.js	196	miniml/lib/validation.js::program:validateAstSafety:validateNode:<lambda>0	validateNode	CAPTURED	94489281433	validateNode	LOCAL	2	
68719479588	miniml/lib/validation.js	196	miniml/lib/validation.js::program:validateAstSafety:validateNode:<lambda>0	this	DIRECT	111669150009	this	METHOD_PARAMETER_IN	0	
68719479589	miniml/lib/validation.js	196	miniml/lib/validation.js::program:validateAstSafety:validateNode:<lambda>0	item	DIRECT	111669150010	item	METHOD_PARAMETER_IN	0	
68719479590	miniml/lib/validation.js	196	miniml/lib/validation.js::program:validateAstSafety:validateNode:<lambda>0	depth	CAPTURED	94489281531	depth	LOCAL	1	
68719479591	miniml/lib/validation.js	155	miniml/lib/validation.js::program:validateAstSafety:validateNode	depth	DIRECT	94489281531	depth	LOCAL	0	
68719479594	miniml/lib/validation.js	156	miniml/lib/validation.js::program:validateAstSafety:validateNode	node	DIRECT	111669150012	node	METHOD_PARAMETER_IN	0	
68719479595	miniml/lib/validation.js	156	miniml/lib/validation.js::program:validateAstSafety:validateNode	node	DIRECT	111669150012	node	METHOD_PARAMETER_IN	0	
68719479596	miniml/lib/validation.js	159	miniml/lib/validation.js::program:validateAstSafety:validateNode	nodeCount	CAPTURED	94489281442	nodeCount	LOCAL	1	
68719479597	miniml/lib/validation.js	160	miniml/lib/validation.js::program:validateAstSafety:validateNode	nodeCount	CAPTURED	94489281442	nodeCount	LOCAL	1	
68719479598	miniml/lib/validation.js	161	miniml/lib/validation.js::program:validateAstSafety:validateNode	result	CAPTURED	94489281439	result	LOCAL	1	
68719479599	miniml/lib/validation.js	162	miniml/lib/validation.js::program:validateAstSafety:validateNode	_tmp_10	DIRECT	94489281546	_tmp_10	LOCAL	0	
68719479600	miniml/lib/validation.js	162	miniml/lib/validation.js::program:validateAstSafety:validateNode	result	CAPTURED	94489281439	result	LOCAL	1	
68719479601	miniml/lib/validation.js	162	miniml/lib/validation.js::program:validateAstSafety:validateNode	_tmp_10	DIRECT	94489281546	_tmp_10	LOCAL	0	
68719479602	miniml/lib/validation.js	165	miniml/lib/validation.js::program:validateAstSafety:validateNode	depth	DIRECT	94489281531	depth	LOCAL	0	
68719479603	miniml/lib/validation.js	166	miniml/lib/validation.js::program:validateAstSafety:validateNode	result	CAPTURED	94489281439	result	LOCAL	1	
68719479604	miniml/lib/validation.js	167	miniml/lib/validation.js::program:validateAstSafety:validateNode	_tmp_11	DIRECT	94489281545	_tmp_11	LOCAL	0	
68719479605	miniml/lib/validation.js	167	miniml/lib/validation.js::program:validateAstSafety:validateNode	result	CAPTURED	94489281439	result	LOCAL	1	
68719479606	miniml/lib/validation.js	167	miniml/lib/validation.js::program:validateAstSafety:validateNode	_tmp_11	DIRECT	94489281545	_tmp_11	LOCAL	0	
68719479607	miniml/lib/validation.js	170	miniml/lib/validation.js::program:validateAstSafety:validateNode	node	DIRECT	111669150012	node	METHOD_PARAMETER_IN	0	
68719479608	miniml/lib/validation.js	171	miniml/lib/validation.js::program:validateAstSafety:validateNode	_tmp_12	DIRECT	94489281544	_tmp_12	LOCAL	0	
68719479609	miniml/lib/validation.js	171	miniml/lib/validation.js::program:validateAstSafety:validateNode	node	DIRECT	111669150012	node	METHOD_PARAMETER_IN	0	
68719479610	miniml/lib/validation.js	171	miniml/lib/validation.js::program:validateAstSafety:validateNode	_tmp_12	DIRECT	94489281544	_tmp_12	LOCAL	0	
68719479611	miniml/lib/validation.js	179	miniml/lib/validation.js::program:validateAstSafety:validateNode	result	CAPTURED	94489281439	result	LOCAL	1	
68719479612	miniml/lib/validation.js	180	miniml/lib/validation.js::program:validateAstSafety:validateNode	_tmp_13	DIRECT	94489281543	_tmp_13	LOCAL	0	
68719479613	miniml/lib/validation.js	180	miniml/lib/validation.js::program:validateAstSafety:validateNode	result	CAPTURED	94489281439	result	LOCAL	1	
68719479614	miniml/lib/validation.js	180	miniml/lib/validation.js::program:validateAstSafety:validateNode	_tmp_13	DIRECT	94489281543	_tmp_13	LOCAL	0	
68719479615	miniml/lib/validation.js	180	miniml/lib/validation.js::program:validateAstSafety:validateNode	node	DIRECT	111669150012	node	METHOD_PARAMETER_IN	0	
68719479616	miniml/lib/validation.js	184	miniml/lib/validation.js::program:validateAstSafety:validateNode	node	DIRECT	111669150012	node	METHOD_PARAMETER_IN	0	
68719479617	miniml/lib/validation.js	184	miniml/lib/validation.js::program:validateAstSafety:validateNode	node	DIRECT	111669150012	node	METHOD_PARAMETER_IN	0	
68719479618	miniml/lib/validation.js	185	miniml/lib/validation.js::program:validateAstSafety:validateNode	funcName	DIRECT	94489281434	funcName	LOCAL	0	
68719479619	miniml/lib/validation.js	185	miniml/lib/validation.js::program:validateAstSafety:validateNode	_tmp_14	DIRECT	94489281542	_tmp_14	LOCAL	0	
68719479620	miniml/lib/validation.js	185	miniml/lib/validation.js::program:validateAstSafety:validateNode	node	DIRECT	111669150012	node	METHOD_PARAMETER_IN	0	
68719479621	miniml/lib/validation.js	185	miniml/lib/validation.js::program:validateAstSafety:validateNode	_tmp_14	DIRECT	94489281542	_tmp_14	LOCAL	0	
68719479622	miniml/lib/validation.js	186	miniml/lib/validation.js::program:validateAstSafety:validateNode	safeFunctions	CAPTURED	94489281441	safeFunctions	LOCAL	1	
68719479623	miniml/lib/validation.js	186	miniml/lib/validation.js::program:validateAstSafety:validateNode	safeFunctions	CAPTURED	94489281441	safeFunctions	LOCAL	1	
68719479624	miniml/lib/validation.js	186	miniml/lib/validation.js::program:validateAstSafety:validateNode	funcName	DIRECT	94489281434	funcName	LOCAL	0	
68719479625	miniml/lib/validation.js	187	miniml/lib/validation.js::program:validateAstSafety:validateNode	result	CAPTURED	94489281439	result	LOCAL	1	
68719479626	miniml/lib/validation.js	188	miniml/lib/validation.js::program:validateAstSafety:validateNode	_tmp_15	DIRECT	94489281540	_tmp_15	LOCAL	0	
68719479627	miniml/lib/validation.js	188	miniml/lib/validation.js::program:validateAstSafety:validateNode	result	CAPTURED	94489281439	result	LOCAL	1	
68719479628	miniml/lib/validation.js	188	miniml/lib/validation.js::program:validateAstSafety:validateNode	_tmp_15	DIRECT	94489281540	_tmp_15	LOCAL	0	
68719479629	miniml/lib/validation.js	188	miniml/lib/validation.js::program:validateAstSafety:validateNode	funcName	DIRECT	94489281434	funcName	LOCAL	0	
68719479630	miniml/lib/validation.js	188	miniml/lib/validation.js::program:validateAstSafety:validateNode	safeFunctions	CAPTURED	94489281441	safeFunctions	LOCAL	1	
68719479631	miniml/lib/validation.js	188	miniml/lib/validation.js::program:validateAstSafety:validateNode	safeFunctions	CAPTURED	94489281441	safeFunctions	LOCAL	1	
68719479632	miniml/lib/validation.js	192	miniml/lib/validation.js::program:validateAstSafety:validateNode	_iterator_3	DIRECT	94489281538	_iterator_3	LOCAL	0	
68719479633	miniml/lib/validation.js	192	miniml/lib/validation.js::program:validateAstSafety:validateNode	node	DIRECT	111669150012	node	METHOD_PARAMETER_IN	0	
68719479634	miniml/lib/validation.js	192	miniml/lib/validation.js::program:validateAstSafety:validateNode	_result_3	DIRECT	94489281537	_result_3	LOCAL	0	
68719479635	miniml/lib/validation.js	192	miniml/lib/validation.js::program:validateAstSafety:validateNode	key	DIRECT	94489281536	key	LOCAL	0	
68719479638	miniml/lib/validation.js	193	miniml/lib/validation.js::program:validateAstSafety:validateNode	key	DIRECT	94489281536	key	LOCAL	0	
68719479639	miniml/lib/validation.js	193	miniml/lib/validation.js::program:validateAstSafety:validateNode	key	DIRECT	94489281536	key	LOCAL	0	
68719479640	miniml/lib/validation.js	194	miniml/lib/validation.js::program:validateAstSafety:validateNode	value	DIRECT	94489281438	value	LOCAL	0	
68719479641	miniml/lib/validation.js	194	miniml/lib/validation.js::program:validateAstSafety:validateNode	node	DIRECT	111669150012	node	METHOD_PARAMETER_IN	0	
68719479642	miniml/lib/validation.js	194	miniml/lib/validation.js::program:validateAstSafety:validateNode	key	DIRECT	94489281536	key	LOCAL	0	
68719479643	miniml/lib/validation.js	195	miniml/lib/validation.js::program:validateAstSafety:validateNode	Array	CAPTURED	94489281529	Array	LOCAL	1	
68719479644	miniml/lib/validation.js	195	miniml/lib/validation.js::program:validateAstSafety:validateNode	Array	CAPTURED	94489281529	Array	LOCAL	1	
68719479645	miniml/lib/validation.js	195	miniml/lib/validation.js::program:validateAstSafety:validateNode	value	DIRECT	94489281438	value	LOCAL	0	
68719479646	miniml/lib/validation.js	196	miniml/lib/validation.js::program:validateAstSafety:validateNode	value	DIRECT	94489281438	value	LOCAL	0	
68719479647	miniml/lib/validation.js	196	miniml/lib/validation.js::program:validateAstSafety:validateNode	value	DIRECT	94489281438	value	LOCAL	0	
68719479648	miniml/lib/validation.js	198	miniml/lib/validation.js::program:validateAstSafety:validateNode	value	DIRECT	94489281438	value	LOCAL	0	
68719479649	miniml/lib/validation.js	199	miniml/lib/validation.js::program:validateAstSafety:validateNode	validateNode	CAPTURED	94489281433	validateNode	LOCAL	1	
68719479650	miniml/lib/validation.js	199	miniml/lib/validation.js::program:validateAstSafety:validateNode	this	DIRECT	111669150011	this	METHOD_PARAMETER_IN	0	
68719479651	miniml/lib/validation.js	199	miniml/lib/validation.js::program:validateAstSafety:validateNode	value	DIRECT	94489281438	value	LOCAL	0	
68719479652	miniml/lib/validation.js	199	miniml/lib/validation.js::program:validateAstSafety:validateNode	depth	DIRECT	94489281531	depth	LOCAL	0	
68719479653	miniml/lib/validation.js	155	miniml/lib/validation.js::program:validateAstSafety	validateNode	DIRECT	94489281433	validateNode	LOCAL	0	
68719479654	miniml/lib/validation.js	148	miniml/lib/validation.js::program:validateAstSafety	result	DIRECT	94489281439	result	LOCAL	0	
68719479659	miniml/lib/validation.js	153	miniml/lib/validation.js::program:validateAstSafety	safeFunctions	DIRECT	94489281441	safeFunctions	LOCAL	0	
68719479660	miniml/lib/validation.js	153	miniml/lib/validation.js::program:validateAstSafety	SAFE_FUNCTIONS	CAPTURED	94489281467	SAFE_FUNCTIONS	LOCAL	1	
68719479661	miniml/lib/validation.js	153	miniml/lib/validation.js::program:validateAstSafety	dialect	DIRECT	111669150016	dialect	METHOD_PARAMETER_IN	0	
68719479662	miniml/lib/validation.js	154	miniml/lib/validation.js::program:validateAstSafety	nodeCount	DIRECT	94489281442	nodeCount	LOCAL	0	
68719479663	miniml/lib/validation.js	204	miniml/lib/validation.js::program:validateAstSafety	ast	DIRECT	111669150015	ast	METHOD_PARAMETER_IN	0	
68719479664	miniml/lib/validation.js	204	miniml/lib/validation.js::program:validateAstSafety	Array	DIRECT	94489281529	Array	LOCAL	0	
68719479665	miniml/lib/validation.js	204	miniml/lib/validation.js::program:validateAstSafety	Array	DIRECT	94489281529	Array	LOCAL	0	
68719479666	miniml/lib/validation.js	204	miniml/lib/validation.js::program:validateAstSafety	ast	DIRECT	111669150015	ast	METHOD_PARAMETER_IN	0	
68719479667	miniml/lib/validation.js	205	miniml/lib/validation.js::program:validateAstSafety	selectStmt	DIRECT	94489281443	selectStmt	LOCAL	0	
68719479668	miniml/lib/validation.js	205	miniml/lib/validation.js::program:validateAstSafety	ast	DIRECT	111669150015	ast	METHOD_PARAMETER_IN	0	
68719479669	miniml/lib/validation.js	206	miniml/lib/validation.js::program:validateAstSafety	selectStmt	DIRECT	94489281443	selectStmt	LOCAL	0	
68719479670	miniml/lib/validation.js	206	miniml/lib/validation.js::program:validateAstSafety	selectStmt	DIRECT	94489281443	selectStmt	LOCAL	0	
68719479671	miniml/lib/validation.js	207	miniml/lib/validation.js::program:validateAstSafety	validateNode	DIRECT	94489281433	validateNode	LOCAL	0	
68719479672	miniml/lib/validation.js	207	miniml/lib/validation.js::program:validateAstSafety	this	DIRECT	111669150014	this	METHOD_PARAMETER_IN	0	
68719479673	miniml/lib/validation.js	207	miniml/lib/validation.js::program:validateAstSafety	selectStmt	DIRECT	94489281443	selectStmt	LOCAL	0	
68719479674	miniml/lib/validation.js	210	miniml/lib/validation.js::program:validateAstSafety	result	DIRECT	94489281439	result	LOCAL	0	
68719479678	miniml/lib/validation.js	213	miniml/lib/validation.js::program:validateColumnReferences	result	DIRECT	94489281445	result	LOCAL	0	
68719479683	miniml/lib/validation.js	218	miniml/lib/validation.js::program:validateColumnReferences	availableColumns	DIRECT	94489281447	availableColumns	LOCAL	0	
68719479684	miniml/lib/validation.js	218	miniml/lib/validation.js::program:validateColumnReferences	_tmp_18	DIRECT	94489281528	_tmp_18	LOCAL	0	
68719479685	miniml/lib/validation.js	218	miniml/lib/validation.js::program:validateColumnReferences	Set	DIRECT	94489281525	Set	LOCAL	0	
68719479687	miniml/lib/validation.js	218	miniml/lib/validation.js::program:validateColumnReferences	_tmp_19	DIRECT	94489281527	_tmp_19	LOCAL	0	
68719479690	miniml/lib/validation.js	219	miniml/lib/validation.js::program:validateColumnReferences	model	DIRECT	111669150019	model	METHOD_PARAMETER_IN	0	
68719479693	miniml/lib/validation.js	220	miniml/lib/validation.js::program:validateColumnReferences	model	DIRECT	111669150019	model	METHOD_PARAMETER_IN	0	
68719479696	miniml/lib/validation.js	222	miniml/lib/validation.js::program:validateColumnReferences	reference_fields	DIRECT	94489281450	reference_fields	LOCAL	0	
68719479697	miniml/lib/validation.js	222	miniml/lib/validation.js::program:validateColumnReferences	_tmp_20	DIRECT	94489281526	_tmp_20	LOCAL	0	
68719479698	miniml/lib/validation.js	222	miniml/lib/validation.js::program:validateColumnReferences	Set	DIRECT	94489281525	Set	LOCAL	0	
68719479701	miniml/lib/validation.js	223	miniml/lib/validation.js::program:validateColumnReferences	ast	DIRECT	111669150018	ast	METHOD_PARAMETER_IN	0	
68719479702	miniml/lib/validation.js	223	miniml/lib/validation.js::program:validateColumnReferences	ast	DIRECT	111669150018	ast	METHOD_PARAMETER_IN	0	
68719479703	miniml/lib/validation.js	224	miniml/lib/validation.js::program:validateColumnReferences	selectStmt	DIRECT	94489281452	selectStmt	LOCAL	0	
68719479704	miniml/lib/validation.js	224	miniml/lib/validation.js::program:validateColumnReferences	Array	DIRECT	94489281521	Array	LOCAL	0	
68719479705	miniml/lib/validation.js	224	miniml/lib/validation.js::program:validateColumnReferences	Array	DIRECT	94489281521	Array	LOCAL	0	
68719479706	miniml/lib/validation.js	224	miniml/lib/validation.js::program:validateColumnReferences	ast	DIRECT	111669150018	ast	METHOD_PARAMETER_IN	0	
68719479707	miniml/lib/validation.js	224	miniml/lib/validation.js::program:validateColumnReferences	ast	DIRECT	111669150018	ast	METHOD_PARAMETER_IN	0	
68719479708	miniml/lib/validation.js	224	miniml/lib/validation.js::program:validateColumnReferences	ast	DIRECT	111669150018	ast	METHOD_PARAMETER_IN	0	
68719479709	miniml/lib/validation.js	225	miniml/lib/validation.js::program:validateColumnReferences	selectStmt	DIRECT	94489281452	selectStmt	LOCAL	0	
68719479710	miniml/lib/validation.js	225	miniml/lib/validation.js::program:validateColumnReferences	selectStmt	DIRECT	94489281452	selectStmt	LOCAL	0	
68719479711	miniml/lib/validation.js	226	miniml/lib/validation.js::program:validateColumnReferences	extractFieldReferencesFromNode	CAPTURED	94489281415	extractFieldReferencesFromNode	LOCAL	1	
68719479712	miniml/lib/validation.js	226	miniml/lib/validation.js::program:validateColumnReferences	this	DIRECT	111669150017	this	METHOD_PARAMETER_IN	0	
68719479713	miniml/lib/validation.js	226	miniml/lib/validation.js::program:validateColumnReferences	selectStmt	DIRECT	94489281452	selectStmt	LOCAL	0	
68719479714	miniml/lib/validation.js	226	miniml/lib/validation.js::program:validateColumnReferences	reference_fields	DIRECT	94489281450	reference_fields	LOCAL	0	
68719479715	miniml/lib/validation.js	228	miniml/lib/validation.js::program:validateColumnReferences	_iterator_4	DIRECT	94489281523	_iterator_4	LOCAL	0	
68719479716	miniml/lib/validation.js	228	miniml/lib/validation.js::program:validateColumnReferences	reference_fields	DIRECT	94489281450	reference_fields	LOCAL	0	
68719479717	miniml/lib/validation.js	228	miniml/lib/validation.js::program:validateColumnReferences	_result_4	DIRECT	94489281522	_result_4	LOCAL	0	
68719479718	miniml/lib/validation.js	228	miniml/lib/validation.js::program:validateColumnReferences	key	DIRECT	94489281517	key	LOCAL	0	
68719479721	miniml/lib/validation.js	229	miniml/lib/validation.js::program:validateColumnReferences	availableColumns	DIRECT	94489281447	availableColumns	LOCAL	0	
68719479722	miniml/lib/validation.js	229	miniml/lib/validation.js::program:validateColumnReferences	availableColumns	DIRECT	94489281447	availableColumns	LOCAL	0	
68719479723	miniml/lib/validation.js	229	miniml/lib/validation.js::program:validateColumnReferences	key	DIRECT	94489281517	key	LOCAL	0	
68719479724	miniml/lib/validation.js	230	miniml/lib/validation.js::program:validateColumnReferences	result	DIRECT	94489281445	result	LOCAL	0	
68719479725	miniml/lib/validation.js	231	miniml/lib/validation.js::program:validateColumnReferences	available	DIRECT	94489281456	available	LOCAL	0	
68719479726	miniml/lib/validation.js	231	miniml/lib/validation.js::program:validateColumnReferences	_tmp_21	DIRECT	94489281519	_tmp_21	LOCAL	0	
68719479727	miniml/lib/validation.js	231	miniml/lib/validation.js::program:validateColumnReferences	_tmp_22	DIRECT	94489281520	_tmp_22	LOCAL	0	
68719479728	miniml/lib/validation.js	231	miniml/lib/validation.js::program:validateColumnReferences	Array	DIRECT	94489281521	Array	LOCAL	0	
68719479729	miniml/lib/validation.js	231	miniml/lib/validation.js::program:validateColumnReferences	Array	DIRECT	94489281521	Array	LOCAL	0	
68719479730	miniml/lib/validation.js	231	miniml/lib/validation.js::program:validateColumnReferences	availableColumns	DIRECT	94489281447	availableColumns	LOCAL	0	
68719479731	miniml/lib/validation.js	231	miniml/lib/validation.js::program:validateColumnReferences	_tmp_22	DIRECT	94489281520	_tmp_22	LOCAL	0	
68719479732	miniml/lib/validation.js	231	miniml/lib/validation.js::program:validateColumnReferences	_tmp_21	DIRECT	94489281519	_tmp_21	LOCAL	0	
68719479733	miniml/lib/validation.js	232	miniml/lib/validation.js::program:validateColumnReferences	totalCount	DIRECT	94489281457	totalCount	LOCAL	0	
68719479734	miniml/lib/validation.js	232	miniml/lib/validation.js::program:validateColumnReferences	availableColumns	DIRECT	94489281447	availableColumns	LOCAL	0	
68719479735	miniml/lib/validation.js	233	miniml/lib/validation.js::program:validateColumnReferences	availableText	DIRECT	94489281458	availableText	LOCAL	0	
68719479736	miniml/lib/validation.js	233	miniml/lib/validation.js::program:validateColumnReferences	totalCount	DIRECT	94489281457	totalCount	LOCAL	0	
68719479737	miniml/lib/validation.js	233	miniml/lib/validation.js::program:validateColumnReferences	available	DIRECT	94489281456	available	LOCAL	0	
68719479738	miniml/lib/validation.js	233	miniml/lib/validation.js::program:validateColumnReferences	totalCount	DIRECT	94489281457	totalCount	LOCAL	0	
68719479739	miniml/lib/validation.js	233	miniml/lib/validation.js::program:validateColumnReferences	available	DIRECT	94489281456	available	LOCAL	0	
68719479740	miniml/lib/validation.js	234	miniml/lib/validation.js::program:validateColumnReferences	_tmp_23	DIRECT	94489281518	_tmp_23	LOCAL	0	
68719479741	miniml/lib/validation.js	234	miniml/lib/validation.js::program:validateColumnReferences	result	DIRECT	94489281445	result	LOCAL	0	
68719479742	miniml/lib/validation.js	234	miniml/lib/validation.js::program:validateColumnReferences	_tmp_23	DIRECT	94489281518	_tmp_23	LOCAL	0	
68719479743	miniml/lib/validation.js	234	miniml/lib/validation.js::program:validateColumnReferences	key	DIRECT	94489281517	key	LOCAL	0	
68719479744	miniml/lib/validation.js	234	miniml/lib/validation.js::program:validateColumnReferences	availableText	DIRECT	94489281458	availableText	LOCAL	0	
68719479745	miniml/lib/validation.js	236	miniml/lib/validation.js::program:validateColumnReferences	result	DIRECT	94489281445	result	LOCAL	0	
68719479747	miniml/lib/validation.js	8	miniml/lib/validation.js::program:SqlValidationError:<init>	this	DIRECT	111669150020	this	METHOD_PARAMETER_IN	0	
68719479748	miniml/lib/validation.js	8	miniml/lib/validation.js::program:SqlValidationError:<init>	message	DIRECT	111669150021	message	METHOD_PARAMETER_IN	0	
68719479749	miniml/lib/validation.js	9	miniml/lib/validation.js::program:SqlValidationError:<init>	this	DIRECT	111669150020	this	METHOD_PARAMETER_IN	0	
68719479750	miniml/lib/validation.js	9	miniml/lib/validation.js::program:SqlValidationError:<init>	violations	DIRECT	111669150022	violations	METHOD_PARAMETER_IN	0	
68719479751	miniml/lib/validation.js	10	miniml/lib/validation.js::program:SqlValidationError:<init>	this	DIRECT	111669150020	this	METHOD_PARAMETER_IN	0	
68719479752	miniml/lib/validation.js	10	miniml/lib/validation.js::program:SqlValidationError:<init>	suggestions	DIRECT	111669150023	suggestions	METHOD_PARAMETER_IN	0	
68719479753	miniml/lib/validation.js	11	miniml/lib/validation.js::program:SqlValidationError:<init>	this	DIRECT	111669150020	this	METHOD_PARAMETER_IN	0	
68719479754	miniml/lib/validation.js	43	miniml/lib/validation.js::program:validateSqlExpression	result	DIRECT	94489281476	result	LOCAL	0	
68719479759	miniml/lib/validation.js	48	miniml/lib/validation.js::program:validateSqlExpression	expression	DIRECT	111669150028	expression	METHOD_PARAMETER_IN	0	
68719479760	miniml/lib/validation.js	48	miniml/lib/validation.js::program:validateSqlExpression	expression	DIRECT	111669150028	expression	METHOD_PARAMETER_IN	0	
68719479761	miniml/lib/validation.js	48	miniml/lib/validation.js::program:validateSqlExpression	expression	DIRECT	111669150028	expression	METHOD_PARAMETER_IN	0	
68719479762	miniml/lib/validation.js	49	miniml/lib/validation.js::program:validateSqlExpression	result	DIRECT	94489281476	result	LOCAL	0	
68719479763	miniml/lib/validation.js	51	miniml/lib/validation.js::program:validateSqlExpression	basicValidation	DIRECT	94489281478	basicValidation	LOCAL	0	
68719479764	miniml/lib/validation.js	51	miniml/lib/validation.js::program:validateSqlExpression	performBasicSafetyChecks	CAPTURED	94489281416	performBasicSafetyChecks	LOCAL	1	
68719479765	miniml/lib/validation.js	51	miniml/lib/validation.js::program:validateSqlExpression	this	DIRECT	111669150027	this	METHOD_PARAMETER_IN	0	
68719479766	miniml/lib/validation.js	51	miniml/lib/validation.js::program:validateSqlExpression	expression	DIRECT	111669150028	expression	METHOD_PARAMETER_IN	0	
68719479767	miniml/lib/validation.js	52	miniml/lib/validation.js::program:validateSqlExpression	basicValidation	DIRECT	94489281478	basicValidation	LOCAL	0	
68719479768	miniml/lib/validation.js	53	miniml/lib/validation.js::program:validateSqlExpression	basicValidation	DIRECT	94489281478	basicValidation	LOCAL	0	
68719479769	miniml/lib/validation.js	54	miniml/lib/validation.js::program:validateSqlExpression	parser	DIRECT	94489281479	parser	LOCAL	0	
68719479770	miniml/lib/validation.js	54	miniml/lib/validation.js::program:validateSqlExpression	_tmp_31	DIRECT	94489281511	_tmp_31	LOCAL	0	
68719479771	miniml/lib/validation.js	54	miniml/lib/validation.js::program:validateSqlExpression	Parser	CAPTURED	94489281461	Parser	LOCAL	1	
68719479774	miniml/lib/validation.js	57	miniml/lib/validation.js::program:validateSqlExpression	wrappedSql	DIRECT	94489281482	wrappedSql	LOCAL	0	
68719479775	miniml/lib/validation.js	57	miniml/lib/validation.js::program:validateSqlExpression	expression	DIRECT	111669150028	expression	METHOD_PARAMETER_IN	0	
68719479776	miniml/lib/validation.js	58	miniml/lib/validation.js::program:validateSqlExpression	ast	DIRECT	94489281481	ast	LOCAL	0	
68719479777	miniml/lib/validation.js	58	miniml/lib/validation.js::program:validateSqlExpression	parser	DIRECT	94489281479	parser	LOCAL	0	
68719479778	miniml/lib/validation.js	58	miniml/lib/validation.js::program:validateSqlExpression	parser	DIRECT	94489281479	parser	LOCAL	0	
68719479779	miniml/lib/validation.js	58	miniml/lib/validation.js::program:validateSqlExpression	wrappedSql	DIRECT	94489281482	wrappedSql	LOCAL	0	
68719479781	miniml/lib/validation.js	58	miniml/lib/validation.js::program:validateSqlExpression	model	DIRECT	111669150029	model	METHOD_PARAMETER_IN	0	
68719479783	miniml/lib/validation.js	60	miniml/lib/validation.js::program:validateSqlExpression	parseError	DIRECT	94489281508	parseError	LOCAL	0	
68719479784	miniml/lib/validation.js	61	miniml/lib/validation.js::program:validateSqlExpression	result	DIRECT	94489281476	result	LOCAL	0	
68719479785	miniml/lib/validation.js	62	miniml/lib/validation.js::program:validateSqlExpression	_tmp_33	DIRECT	94489281509	_tmp_33	LOCAL	0	
68719479786	miniml/lib/validation.js	62	miniml/lib/validation.js::program:validateSqlExpression	result	DIRECT	94489281476	result	LOCAL	0	
68719479787	miniml/lib/validation.js	62	miniml/lib/validation.js::program:validateSqlExpression	_tmp_33	DIRECT	94489281509	_tmp_33	LOCAL	0	
68719479788	miniml/lib/validation.js	62	miniml/lib/validation.js::program:validateSqlExpression	parseError	DIRECT	94489281508	parseError	LOCAL	0	
68719479789	miniml/lib/validation.js	63	miniml/lib/validation.js::program:validateSqlExpression	result	DIRECT	94489281476	result	LOCAL	0	
68719479790	miniml/lib/validation.js	65	miniml/lib/validation.js::program:validateSqlExpression	astValidation	DIRECT	94489281484	astValidation	LOCAL	0	
68719479791	miniml/lib/validation.js	65	miniml/lib/validation.js::program:validateSqlExpression	validateAstSafety	CAPTURED	94489281432	validateAstSafety	LOCAL	1	
68719479792	miniml/lib/validation.js	65	miniml/lib/validation.js::program:validateSqlExpression	this	DIRECT	111669150027	this	METHOD_PARAMETER_IN	0	
68719479793	miniml/lib/validation.js	65	miniml/lib/validation.js::program:validateSqlExpression	ast	DIRECT	94489281481	ast	LOCAL	0	
68719479794	miniml/lib/validation.js	65	miniml/lib/validation.js::program:validateSqlExpression	model	DIRECT	111669150029	model	METHOD_PARAMETER_IN	0	
68719479795	miniml/lib/validation.js	66	miniml/lib/validation.js::program:validateSqlExpression	astValidation	DIRECT	94489281484	astValidation	LOCAL	0	
68719479796	miniml/lib/validation.js	67	miniml/lib/validation.js::program:validateSqlExpression	astValidation	DIRECT	94489281484	astValidation	LOCAL	0	
68719479797	miniml/lib/validation.js	68	miniml/lib/validation.js::program:validateSqlExpression	columnValidation	DIRECT	94489281485	columnValidation	LOCAL	0	
68719479798	miniml/lib/validation.js	68	miniml/lib/validation.js::program:validateSqlExpression	validateColumnReferences	CAPTURED	94489281444	validateColumnReferences	LOCAL	1	
68719479799	miniml/lib/validation.js	68	miniml/lib/validation.js::program:validateSqlExpression	this	DIRECT	111669150027	this	METHOD_PARAMETER_IN	0	
68719479800	miniml/lib/validation.js	68	miniml/lib/validation.js::program:validateSqlExpression	ast	DIRECT	94489281481	ast	LOCAL	0	
68719479801	miniml/lib/validation.js	68	miniml/lib/validation.js::program:validateSqlExpression	model	DIRECT	111669150029	model	METHOD_PARAMETER_IN	0	
68719479802	miniml/lib/validation.js	69	miniml/lib/validation.js::program:validateSqlExpression	columnValidation	DIRECT	94489281485	columnValidation	LOCAL	0	
68719479803	miniml/lib/validation.js	70	miniml/lib/validation.js::program:validateSqlExpression	columnValidation	DIRECT	94489281485	columnValidation	LOCAL	0	
68719479804	miniml/lib/validation.js	72	miniml/lib/validation.js::program:validateSqlExpression	error	DIRECT	94489281504	error	LOCAL	0	
68719479805	miniml/lib/validation.js	73	miniml/lib/validation.js::program:validateSqlExpression	result	DIRECT	94489281476	result	LOCAL	0	
68719479806	miniml/lib/validation.js	74	miniml/lib/validation.js::program:validateSqlExpression	_tmp_34	DIRECT	94489281505	_tmp_34	LOCAL	0	
68719479807	miniml/lib/validation.js	74	miniml/lib/validation.js::program:validateSqlExpression	result	DIRECT	94489281476	result	LOCAL	0	
68719479808	miniml/lib/validation.js	74	miniml/lib/validation.js::program:validateSqlExpression	_tmp_34	DIRECT	94489281505	_tmp_34	LOCAL	0	
68719479809	miniml/lib/validation.js	74	miniml/lib/validation.js::program:validateSqlExpression	error	DIRECT	94489281504	error	LOCAL	0	
68719479810	miniml/lib/validation.js	76	miniml/lib/validation.js::program:validateSqlExpression	result	DIRECT	94489281476	result	LOCAL	0	
68719479811	miniml/lib/validation.js	79	miniml/lib/validation.js::program:validateWhereClause	validateSqlExpression	CAPTURED	94489281475	validateSqlExpression	LOCAL	1	
68719479812	miniml/lib/validation.js	79	miniml/lib/validation.js::program:validateWhereClause	this	DIRECT	111669150030	this	METHOD_PARAMETER_IN	0	
68719479813	miniml/lib/validation.js	79	miniml/lib/validation.js::program:validateWhereClause	where	DIRECT	111669150031	where	METHOD_PARAMETER_IN	0	
68719479814	miniml/lib/validation.js	79	miniml/lib/validation.js::program:validateWhereClause	model	DIRECT	111669150032	model	METHOD_PARAMETER_IN	0	
68719479815	miniml/lib/validation.js	82	miniml/lib/validation.js::program:validateHavingClause	validateSqlExpression	CAPTURED	94489281475	validateSqlExpression	LOCAL	1	
68719479816	miniml/lib/validation.js	82	miniml/lib/validation.js::program:validateHavingClause	this	DIRECT	111669150033	this	METHOD_PARAMETER_IN	0	
68719479817	miniml/lib/validation.js	82	miniml/lib/validation.js::program:validateHavingClause	having	DIRECT	111669150034	having	METHOD_PARAMETER_IN	0	
68719479818	miniml/lib/validation.js	82	miniml/lib/validation.js::program:validateHavingClause	model	DIRECT	111669150035	model	METHOD_PARAMETER_IN	0	
68719479819	miniml/lib/validation.js	85	miniml/lib/validation.js::program:validateDateInput	date	DIRECT	111669150037	date	METHOD_PARAMETER_IN	0	
68719479820	miniml/lib/validation.js	85	miniml/lib/validation.js::program:validateDateInput	date	DIRECT	111669150037	date	METHOD_PARAMETER_IN	0	
68719479821	miniml/lib/validation.js	85	miniml/lib/validation.js::program:validateDateInput	date	DIRECT	111669150037	date	METHOD_PARAMETER_IN	0	
68719479822	miniml/lib/validation.js	88	miniml/lib/validation.js::program:validateDateInput	dateRegex	DIRECT	94489281489	dateRegex	LOCAL	0	
68719479823	miniml/lib/validation.js	89	miniml/lib/validation.js::program:validateDateInput	dateRegex	DIRECT	94489281489	dateRegex	LOCAL	0	
68719479824	miniml/lib/validation.js	89	miniml/lib/validation.js::program:validateDateInput	dateRegex	DIRECT	94489281489	dateRegex	LOCAL	0	
68719479825	miniml/lib/validation.js	89	miniml/lib/validation.js::program:validateDateInput	date	DIRECT	111669150037	date	METHOD_PARAMETER_IN	0	
68719479826	miniml/lib/validation.js	92	miniml/lib/validation.js::program:validateDateInput	datePart	DIRECT	94489281490	datePart	LOCAL	0	
68719479827	miniml/lib/validation.js	92	miniml/lib/validation.js::program:validateDateInput	date	DIRECT	111669150037	date	METHOD_PARAMETER_IN	0	
68719479828	miniml/lib/validation.js	92	miniml/lib/validation.js::program:validateDateInput	date	DIRECT	111669150037	date	METHOD_PARAMETER_IN	0	
68719479829	miniml/lib/validation.js	93	miniml/lib/validation.js::program:validateDateInput	parsedDate	DIRECT	94489281491	parsedDate	LOCAL	0	
68719479830	miniml/lib/validation.js	93	miniml/lib/validation.js::program:validateDateInput	_tmp_35	DIRECT	94489281501	_tmp_35	LOCAL	0	
68719479831	miniml/lib/validation.js	93	miniml/lib/validation.js::program:validateDateInput	Date	DIRECT	94489281500	Date	LOCAL	0	
68719479833	miniml/lib/validation.js	93	miniml/lib/validation.js::program:validateDateInput	datePart	DIRECT	94489281490	datePart	LOCAL	0	
68719479835	miniml/lib/validation.js	94	miniml/lib/validation.js::program:validateDateInput	_tmp_37	DIRECT	94489281494	_tmp_37	LOCAL	0	
68719479836	miniml/lib/validation.js	94	miniml/lib/validation.js::program:validateDateInput	_tmp_36	DIRECT	94489281499	_tmp_36	LOCAL	0	
68719479837	miniml/lib/validation.js	94	miniml/lib/validation.js::program:validateDateInput	datePart	DIRECT	94489281490	datePart	LOCAL	0	
68719479838	miniml/lib/validation.js	94	miniml/lib/validation.js::program:validateDateInput	datePart	DIRECT	94489281490	datePart	LOCAL	0	
68719479839	miniml/lib/validation.js	94	miniml/lib/validation.js::program:validateDateInput	_tmp_36	DIRECT	94489281499	_tmp_36	LOCAL	0	
68719479840	miniml/lib/validation.js	94	miniml/lib/validation.js::program:validateDateInput	Number	DIRECT	94489281498	Number	LOCAL	0	
68719479841	miniml/lib/validation.js	94	miniml/lib/validation.js::program:validateDateInput	year	DIRECT	94489281495	year	LOCAL	0	
68719479843	miniml/lib/validation.js	94	miniml/lib/validation.js::program:validateDateInput	month	DIRECT	94489281496	month	LOCAL	0	
68719479845	miniml/lib/validation.js	94	miniml/lib/validation.js::program:validateDateInput	day	DIRECT	94489281497	day	LOCAL	0	
68719479848	miniml/lib/validation.js	95	miniml/lib/validation.js::program:validateDateInput	parsedDate	DIRECT	94489281491	parsedDate	LOCAL	0	
68719479849	miniml/lib/validation.js	95	miniml/lib/validation.js::program:validateDateInput	parsedDate	DIRECT	94489281491	parsedDate	LOCAL	0	
68719479850	miniml/lib/validation.js	95	miniml/lib/validation.js::program:validateDateInput	year	DIRECT	94489281495	year	LOCAL	0	
68719479851	miniml/lib/validation.js	96	miniml/lib/validation.js::program:validateDateInput	parsedDate	DIRECT	94489281491	parsedDate	LOCAL	0	
68719479852	miniml/lib/validation.js	96	miniml/lib/validation.js::program:validateDateInput	parsedDate	DIRECT	94489281491	parsedDate	LOCAL	0	
68719479853	miniml/lib/validation.js	96	miniml/lib/validation.js::program:validateDateInput	month	DIRECT	94489281496	month	LOCAL	0	
68719479854	miniml/lib/validation.js	97	miniml/lib/validation.js::program:validateDateInput	parsedDate	DIRECT	94489281491	parsedDate	LOCAL	0	
68719479855	miniml/lib/validation.js	97	miniml/lib/validation.js::program:validateDateInput	parsedDate	DIRECT	94489281491	parsedDate	LOCAL	0	
68719479856	miniml/lib/validation.js	97	miniml/lib/validation.js::program:validateDateInput	day	DIRECT	94489281497	day	LOCAL	0	
68719479857	miniml/lib/validation.js	1	miniml/lib/validation.js::program	pkg	DIRECT	94489281414	pkg	LOCAL	0	
68719479859	miniml/lib/validation.js	1	miniml/lib/validation.js::program	this	DIRECT	111669150038	this	METHOD_PARAMETER_IN	0	
68719479860	miniml/lib/validation.js	3	miniml/lib/validation.js::program	extractFieldReferencesFromNode	DIRECT	94489281415	extractFieldReferencesFromNode	LOCAL	0	
68719479862	miniml/lib/validation.js	3	miniml/lib/validation.js::program	this	DIRECT	111669150038	this	METHOD_PARAMETER_IN	0	
68719479863	miniml/lib/validation.js	99	miniml/lib/validation.js::program	performBasicSafetyChecks	DIRECT	94489281416	performBasicSafetyChecks	LOCAL	0	
68719479864	miniml/lib/validation.js	147	miniml/lib/validation.js::program	validateAstSafety	DIRECT	94489281432	validateAstSafety	LOCAL	0	
68719479865	miniml/lib/validation.js	212	miniml/lib/validation.js::program	validateColumnReferences	DIRECT	94489281444	validateColumnReferences	LOCAL	0	
68719479866	miniml/lib/validation.js	2	miniml/lib/validation.js::program	_tmp_24	DIRECT	94489281460	_tmp_24	LOCAL	0	
68719479867	miniml/lib/validation.js	2	miniml/lib/validation.js::program	pkg	DIRECT	94489281414	pkg	LOCAL	0	
68719479868	miniml/lib/validation.js	2	miniml/lib/validation.js::program	Parser	DIRECT	94489281461	Parser	LOCAL	0	
68719479871	miniml/lib/validation.js	4	miniml/lib/validation.js::program	SqlValidationError	DIRECT	94489281462	SqlValidationError	LOCAL	0	
68719479873	miniml/lib/validation.js	4	miniml/lib/validation.js::program	SqlValidationError	DIRECT	94489281462	SqlValidationError	LOCAL	0	
68719479874	miniml/lib/validation.js	14	miniml/lib/validation.js::program	UnsafeConstructError	DIRECT	94489281463	UnsafeConstructError	LOCAL	0	
68719479876	miniml/lib/validation.js	14	miniml/lib/validation.js::program	UnsafeConstructError	DIRECT	94489281463	UnsafeConstructError	LOCAL	0	
68719479877	miniml/lib/validation.js	16	miniml/lib/validation.js::program	UnknownColumnError	DIRECT	94489281464	UnknownColumnError	LOCAL	0	
68719479879	miniml/lib/validation.js	16	miniml/lib/validation.js::program	UnknownColumnError	DIRECT	94489281464	UnknownColumnError	LOCAL	0	
68719479880	miniml/lib/validation.js	18	miniml/lib/validation.js::program	ComplexityLimitError	DIRECT	94489281465	ComplexityLimitError	LOCAL	0	
68719479882	miniml/lib/validation.js	18	miniml/lib/validation.js::program	ComplexityLimitError	DIRECT	94489281465	ComplexityLimitError	LOCAL	0	
68719479883	miniml/lib/validation.js	20	miniml/lib/validation.js::program	MAX_EXPRESSION_LENGTH	DIRECT	94489281466	MAX_EXPRESSION_LENGTH	LOCAL	0	
68719479884	miniml/lib/validation.js	21	miniml/lib/validation.js::program	SAFE_FUNCTIONS	DIRECT	94489281467	SAFE_FUNCTIONS	LOCAL	0	
68719479886	miniml/lib/validation.js	22	miniml/lib/validation.js::program	_tmp_26	DIRECT	94489281516	_tmp_26	LOCAL	0	
68719479921	miniml/lib/validation.js	28	miniml/lib/validation.js::program	_tmp_27	DIRECT	94489281515	_tmp_27	LOCAL	0	
68719479956	miniml/lib/validation.js	35	miniml/lib/validation.js::program	DANGEROUS_CONSTRUCTS	DIRECT	94489281471	DANGEROUS_CONSTRUCTS	LOCAL	0	
68719479957	miniml/lib/validation.js	35	miniml/lib/validation.js::program	_tmp_28	DIRECT	94489281514	_tmp_28	LOCAL	0	
68719479993	miniml/lib/validation.js	41	miniml/lib/validation.js::program	COMMENT_PATTERNS	DIRECT	94489281473	COMMENT_PATTERNS	LOCAL	0	
68719479994	miniml/lib/validation.js	41	miniml/lib/validation.js::program	_tmp_29	DIRECT	94489281513	_tmp_29	LOCAL	0	
68719480004	miniml/lib/validation.js	42	miniml/lib/validation.js::program	validateSqlExpression	DIRECT	94489281475	validateSqlExpression	LOCAL	0	
68719480006	miniml/lib/validation.js	42	miniml/lib/validation.js::program	validateSqlExpression	DIRECT	94489281475	validateSqlExpression	LOCAL	0	
68719480007	miniml/lib/validation.js	78	miniml/lib/validation.js::program	validateWhereClause	DIRECT	94489281486	validateWhereClause	LOCAL	0	
68719480009	miniml/lib/validation.js	78	miniml/lib/validation.js::program	validateWhereClause	DIRECT	94489281486	validateWhereClause	LOCAL	0	
68719480010	miniml/lib/validation.js	81	miniml/lib/validation.js::program	validateHavingClause	DIRECT	94489281487	validateHavingClause	LOCAL	0	
68719480012	miniml/lib/validation.js	81	miniml/lib/validation.js::program	validateHavingClause	DIRECT	94489281487	validateHavingClause	LOCAL	0	
68719480013	miniml/lib/validation.js	84	miniml/lib/validation.js::program	validateDateInput	DIRECT	94489281488	validateDateInput	LOCAL	0	
68719480015	miniml/lib/validation.js	84	miniml/lib/validation.js::program	validateDateInput	DIRECT	94489281488	validateDateInput	LOCAL	0	
68719480016	miniml/lib/yaml.js	5	miniml/lib/yaml.js::program:loadYamlFile	text	DIRECT	94489281575	text	LOCAL	0	
68719480017	miniml/lib/yaml.js	5	miniml/lib/yaml.js::program:loadYamlFile	readFile	CAPTURED	94489281571	readFile	LOCAL	1	
68719480018	miniml/lib/yaml.js	5	miniml/lib/yaml.js::program:loadYamlFile	this	DIRECT	111669150039	this	METHOD_PARAMETER_IN	0	
68719480019	miniml/lib/yaml.js	5	miniml/lib/yaml.js::program:loadYamlFile	file	DIRECT	111669150040	file	METHOD_PARAMETER_IN	0	
68719480020	miniml/lib/yaml.js	6	miniml/lib/yaml.js::program:loadYamlFile	parseYAML	CAPTURED	94489281578	parseYAML	LOCAL	1	
68719480021	miniml/lib/yaml.js	6	miniml/lib/yaml.js::program:loadYamlFile	this	DIRECT	111669150039	this	METHOD_PARAMETER_IN	0	
68719480022	miniml/lib/yaml.js	6	miniml/lib/yaml.js::program:loadYamlFile	text	DIRECT	94489281575	text	LOCAL	0	
68719480023	miniml/lib/yaml.js	9	miniml/lib/yaml.js::program:loadYamlFileSync	text	DIRECT	94489281577	text	LOCAL	0	
68719480024	miniml/lib/yaml.js	9	miniml/lib/yaml.js::program:loadYamlFileSync	readFileSync	CAPTURED	94489281572	readFileSync	LOCAL	1	
68719480025	miniml/lib/yaml.js	9	miniml/lib/yaml.js::program:loadYamlFileSync	this	DIRECT	111669150041	this	METHOD_PARAMETER_IN	0	
68719480026	miniml/lib/yaml.js	9	miniml/lib/yaml.js::program:loadYamlFileSync	file	DIRECT	111669150042	file	METHOD_PARAMETER_IN	0	
68719480027	miniml/lib/yaml.js	10	miniml/lib/yaml.js::program:loadYamlFileSync	parseYAML	CAPTURED	94489281578	parseYAML	LOCAL	1	
68719480028	miniml/lib/yaml.js	10	miniml/lib/yaml.js::program:loadYamlFileSync	this	DIRECT	111669150041	this	METHOD_PARAMETER_IN	0	
68719480029	miniml/lib/yaml.js	10	miniml/lib/yaml.js::program:loadYamlFileSync	text	DIRECT	94489281577	text	LOCAL	0	
68719480030	miniml/lib/yaml.js	13	miniml/lib/yaml.js::program:parseYAML	require	DIRECT	94489281579	require	LOCAL	0	
68719480031	miniml/lib/yaml.js	13	miniml/lib/yaml.js::program:parseYAML	createRequire	CAPTURED	94489281573	createRequire	LOCAL	1	
68719480032	miniml/lib/yaml.js	13	miniml/lib/yaml.js::program:parseYAML	this	DIRECT	111669150043	this	METHOD_PARAMETER_IN	0	
68719480033	miniml/lib/yaml.js	13	miniml/lib/yaml.js::program:parseYAML	import	DIRECT	94489281581	import	LOCAL	0	
68719480034	miniml/lib/yaml.js	14	miniml/lib/yaml.js::program:parseYAML	YAML	DIRECT	94489281580	YAML	LOCAL	0	
68719480035	miniml/lib/yaml.js	14	miniml/lib/yaml.js::program:parseYAML	require	DIRECT	94489281579	require	LOCAL	0	
68719480036	miniml/lib/yaml.js	14	miniml/lib/yaml.js::program:parseYAML	this	DIRECT	111669150043	this	METHOD_PARAMETER_IN	0	
68719480037	miniml/lib/yaml.js	15	miniml/lib/yaml.js::program:parseYAML	YAML	DIRECT	94489281580	YAML	LOCAL	0	
68719480038	miniml/lib/yaml.js	15	miniml/lib/yaml.js::program:parseYAML	YAML	DIRECT	94489281580	YAML	LOCAL	0	
68719480039	miniml/lib/yaml.js	15	miniml/lib/yaml.js::program:parseYAML	text	DIRECT	111669150044	text	METHOD_PARAMETER_IN	0	
68719480040	miniml/lib/yaml.js	1	miniml/lib/yaml.js::program	readFile	DIRECT	94489281571	readFile	LOCAL	0	
68719480042	miniml/lib/yaml.js	1	miniml/lib/yaml.js::program	this	DIRECT	111669150045	this	METHOD_PARAMETER_IN	0	
68719480043	miniml/lib/yaml.js	2	miniml/lib/yaml.js::program	readFileSync	DIRECT	94489281572	readFileSync	LOCAL	0	
68719480045	miniml/lib/yaml.js	2	miniml/lib/yaml.js::program	this	DIRECT	111669150045	this	METHOD_PARAMETER_IN	0	
68719480046	miniml/lib/yaml.js	3	miniml/lib/yaml.js::program	createRequire	DIRECT	94489281573	createRequire	LOCAL	0	
68719480048	miniml/lib/yaml.js	3	miniml/lib/yaml.js::program	this	DIRECT	111669150045	this	METHOD_PARAMETER_IN	0	
68719480049	miniml/lib/yaml.js	4	miniml/lib/yaml.js::program	loadYamlFile	DIRECT	94489281574	loadYamlFile	LOCAL	0	
68719480051	miniml/lib/yaml.js	4	miniml/lib/yaml.js::program	loadYamlFile	DIRECT	94489281574	loadYamlFile	LOCAL	0	
68719480052	miniml/lib/yaml.js	8	miniml/lib/yaml.js::program	loadYamlFileSync	DIRECT	94489281576	loadYamlFileSync	LOCAL	0	
68719480054	miniml/lib/yaml.js	8	miniml/lib/yaml.js::program	loadYamlFileSync	DIRECT	94489281576	loadYamlFileSync	LOCAL	0	
68719480055	miniml/lib/yaml.js	12	miniml/lib/yaml.js::program	parseYAML	DIRECT	94489281578	parseYAML	LOCAL	0	
68719480057	miniml/lib/yaml.js	12	miniml/lib/yaml.js::program	parseYAML	DIRECT	94489281578	parseYAML	LOCAL	0	
68719480058	motifer/index.js	25	motifer/index.js::program:LoggerObject	this	DIRECT	111669150046	this	METHOD_PARAMETER_IN	0	
68719480059	motifer/index.js	25	motifer/index.js::program:LoggerObject	level	DIRECT	111669150047	level	METHOD_PARAMETER_IN	0	
68719480060	motifer/index.js	26	motifer/index.js::program:LoggerObject	this	DIRECT	111669150046	this	METHOD_PARAMETER_IN	0	
68719480061	motifer/index.js	26	motifer/index.js::program:LoggerObject	serviceName	CAPTURED	94489281601	serviceName	LOCAL	1	
68719480062	motifer/index.js	27	motifer/index.js::program:LoggerObject	this	DIRECT	111669150046	this	METHOD_PARAMETER_IN	0	
68719480063	motifer/index.js	27	motifer/index.js::program:LoggerObject	message	DIRECT	111669150048	message	METHOD_PARAMETER_IN	0	
68719480064	motifer/index.js	28	motifer/index.js::program:LoggerObject	this	DIRECT	111669150046	this	METHOD_PARAMETER_IN	0	
68719480065	motifer/index.js	28	motifer/index.js::program:LoggerObject	args	DIRECT	111669150049	args	METHOD_PARAMETER_IN	0	
68719480066	motifer/index.js	29	motifer/index.js::program:LoggerObject	this	DIRECT	111669150046	this	METHOD_PARAMETER_IN	0	
68719480067	motifer/index.js	29	motifer/index.js::program:LoggerObject	filename	DIRECT	111669150050	filename	METHOD_PARAMETER_IN	0	
68719480068	motifer/index.js	31	motifer/index.js::program:LoggerObject	this	DIRECT	111669150046	this	METHOD_PARAMETER_IN	0	
68719480069	motifer/index.js	31	motifer/index.js::program:LoggerObject	isExpress	DIRECT	111669150051	isExpress	METHOD_PARAMETER_IN	0	
68719480070	motifer/index.js	32	motifer/index.js::program:LoggerObject	logger	CAPTURED	94489281600	logger	LOCAL	1	
68719480071	motifer/index.js	33	motifer/index.js::program:LoggerObject	logger	CAPTURED	94489281600	logger	LOCAL	1	
68719480072	motifer/index.js	33	motifer/index.js::program:LoggerObject	logger	CAPTURED	94489281600	logger	LOCAL	1	
68719480073	motifer/index.js	33	motifer/index.js::program:LoggerObject	this	DIRECT	111669150046	this	METHOD_PARAMETER_IN	0	
68719480074	motifer/index.js	35	motifer/index.js::program:LoggerObject	_tmp_2	DIRECT	94489281741	_tmp_2	LOCAL	0	
68719480075	motifer/index.js	35	motifer/index.js::program:LoggerObject	Error	DIRECT	94489281740	Error	LOCAL	0	
68719480078	motifer/index.js	49	motifer/index.js::program:<lambda>1:info	this	DIRECT	111669150052	this	METHOD_PARAMETER_IN	0	
68719480079	motifer/index.js	50	motifer/index.js::program:<lambda>1:info	this	DIRECT	111669150052	this	METHOD_PARAMETER_IN	0	
68719480080	motifer/index.js	50	motifer/index.js::program:<lambda>1:info	util	CAPTURED	94489281594	util	LOCAL	2	
68719480081	motifer/index.js	50	motifer/index.js::program:<lambda>1:info	util	CAPTURED	94489281594	util	LOCAL	2	
68719480082	motifer/index.js	50	motifer/index.js::program:<lambda>1:info	args	DIRECT	94489281738	args	LOCAL	0	
68719480083	motifer/index.js	51	motifer/index.js::program:<lambda>1:info	this	DIRECT	111669150052	this	METHOD_PARAMETER_IN	0	
68719480084	motifer/index.js	51	motifer/index.js::program:<lambda>1:info	this	DIRECT	111669150052	this	METHOD_PARAMETER_IN	0	
68719480085	motifer/index.js	54	motifer/index.js::program:<lambda>1:debug	this	DIRECT	111669150054	this	METHOD_PARAMETER_IN	0	
68719480086	motifer/index.js	55	motifer/index.js::program:<lambda>1:debug	this	DIRECT	111669150054	this	METHOD_PARAMETER_IN	0	
68719480087	motifer/index.js	55	motifer/index.js::program:<lambda>1:debug	util	CAPTURED	94489281594	util	LOCAL	2	
68719480088	motifer/index.js	55	motifer/index.js::program:<lambda>1:debug	util	CAPTURED	94489281594	util	LOCAL	2	
68719480089	motifer/index.js	55	motifer/index.js::program:<lambda>1:debug	args	DIRECT	94489281736	args	LOCAL	0	
68719480090	motifer/index.js	56	motifer/index.js::program:<lambda>1:debug	this	DIRECT	111669150054	this	METHOD_PARAMETER_IN	0	
68719480091	motifer/index.js	56	motifer/index.js::program:<lambda>1:debug	this	DIRECT	111669150054	this	METHOD_PARAMETER_IN	0	
68719480092	motifer/index.js	59	motifer/index.js::program:<lambda>1:error	this	DIRECT	111669150056	this	METHOD_PARAMETER_IN	0	
68719480093	motifer/index.js	60	motifer/index.js::program:<lambda>1:error	this	DIRECT	111669150056	this	METHOD_PARAMETER_IN	0	
68719480094	motifer/index.js	60	motifer/index.js::program:<lambda>1:error	util	CAPTURED	94489281594	util	LOCAL	2	
68719480095	motifer/index.js	60	motifer/index.js::program:<lambda>1:error	util	CAPTURED	94489281594	util	LOCAL	2	
68719480096	motifer/index.js	60	motifer/index.js::program:<lambda>1:error	args	DIRECT	94489281734	args	LOCAL	0	
68719480097	motifer/index.js	61	motifer/index.js::program:<lambda>1:error	apmClient	CAPTURED	94489281603	apmClient	LOCAL	2	
68719480098	motifer/index.js	61	motifer/index.js::program:<lambda>1:error	apmClient	CAPTURED	94489281603	apmClient	LOCAL	2	
68719480099	motifer/index.js	61	motifer/index.js::program:<lambda>1:error	apmClient	CAPTURED	94489281603	apmClient	LOCAL	2	
68719480100	motifer/index.js	61	motifer/index.js::program:<lambda>1:error	this	DIRECT	111669150056	this	METHOD_PARAMETER_IN	0	
68719480101	motifer/index.js	62	motifer/index.js::program:<lambda>1:error	this	DIRECT	111669150056	this	METHOD_PARAMETER_IN	0	
68719480102	motifer/index.js	62	motifer/index.js::program:<lambda>1:error	this	DIRECT	111669150056	this	METHOD_PARAMETER_IN	0	
68719480103	motifer/index.js	65	motifer/index.js::program:<lambda>1:warn	this	DIRECT	111669150058	this	METHOD_PARAMETER_IN	0	
68719480104	motifer/index.js	66	motifer/index.js::program:<lambda>1:warn	this	DIRECT	111669150058	this	METHOD_PARAMETER_IN	0	
68719480105	motifer/index.js	66	motifer/index.js::program:<lambda>1:warn	util	CAPTURED	94489281594	util	LOCAL	2	
68719480106	motifer/index.js	66	motifer/index.js::program:<lambda>1:warn	util	CAPTURED	94489281594	util	LOCAL	2	
68719480107	motifer/index.js	66	motifer/index.js::program:<lambda>1:warn	args	DIRECT	94489281731	args	LOCAL	0	
68719480108	motifer/index.js	67	motifer/index.js::program:<lambda>1:warn	this	DIRECT	111669150058	this	METHOD_PARAMETER_IN	0	
68719480109	motifer/index.js	67	motifer/index.js::program:<lambda>1:warn	this	DIRECT	111669150058	this	METHOD_PARAMETER_IN	0	
68719480110	motifer/index.js	70	motifer/index.js::program:<lambda>1:crawlError	this	DIRECT	111669150060	this	METHOD_PARAMETER_IN	0	
68719480111	motifer/index.js	71	motifer/index.js::program:<lambda>1:crawlError	this	DIRECT	111669150060	this	METHOD_PARAMETER_IN	0	
68719480112	motifer/index.js	71	motifer/index.js::program:<lambda>1:crawlError	util	CAPTURED	94489281594	util	LOCAL	2	
68719480113	motifer/index.js	71	motifer/index.js::program:<lambda>1:crawlError	util	CAPTURED	94489281594	util	LOCAL	2	
68719480114	motifer/index.js	71	motifer/index.js::program:<lambda>1:crawlError	args	DIRECT	94489281729	args	LOCAL	0	
68719480115	motifer/index.js	72	motifer/index.js::program:<lambda>1:crawlError	apmClient	CAPTURED	94489281603	apmClient	LOCAL	2	
68719480116	motifer/index.js	72	motifer/index.js::program:<lambda>1:crawlError	apmClient	CAPTURED	94489281603	apmClient	LOCAL	2	
68719480117	motifer/index.js	72	motifer/index.js::program:<lambda>1:crawlError	apmClient	CAPTURED	94489281603	apmClient	LOCAL	2	
68719480118	motifer/index.js	72	motifer/index.js::program:<lambda>1:crawlError	this	DIRECT	111669150060	this	METHOD_PARAMETER_IN	0	
68719480119	motifer/index.js	73	motifer/index.js::program:<lambda>1:crawlError	this	DIRECT	111669150060	this	METHOD_PARAMETER_IN	0	
68719480120	motifer/index.js	73	motifer/index.js::program:<lambda>1:crawlError	this	DIRECT	111669150060	this	METHOD_PARAMETER_IN	0	
68719480121	motifer/index.js	76	motifer/index.js::program:<lambda>1:crawlInfo	this	DIRECT	111669150062	this	METHOD_PARAMETER_IN	0	
68719480122	motifer/index.js	77	motifer/index.js::program:<lambda>1:crawlInfo	this	DIRECT	111669150062	this	METHOD_PARAMETER_IN	0	
68719480123	motifer/index.js	77	motifer/index.js::program:<lambda>1:crawlInfo	util	CAPTURED	94489281594	util	LOCAL	2	
68719480124	motifer/index.js	77	motifer/index.js::program:<lambda>1:crawlInfo	util	CAPTURED	94489281594	util	LOCAL	2	
68719480125	motifer/index.js	77	motifer/index.js::program:<lambda>1:crawlInfo	args	DIRECT	94489281725	args	LOCAL	0	
68719480126	motifer/index.js	78	motifer/index.js::program:<lambda>1:crawlInfo	this	DIRECT	111669150062	this	METHOD_PARAMETER_IN	0	
68719480127	motifer/index.js	78	motifer/index.js::program:<lambda>1:crawlInfo	this	DIRECT	111669150062	this	METHOD_PARAMETER_IN	0	
68719480128	motifer/index.js	81	motifer/index.js::program:<lambda>1:crawlUi	this	DIRECT	111669150064	this	METHOD_PARAMETER_IN	0	
68719480129	motifer/index.js	82	motifer/index.js::program:<lambda>1:crawlUi	this	DIRECT	111669150064	this	METHOD_PARAMETER_IN	0	
68719480130	motifer/index.js	82	motifer/index.js::program:<lambda>1:crawlUi	util	CAPTURED	94489281594	util	LOCAL	2	
68719480131	motifer/index.js	82	motifer/index.js::program:<lambda>1:crawlUi	util	CAPTURED	94489281594	util	LOCAL	2	
68719480132	motifer/index.js	82	motifer/index.js::program:<lambda>1:crawlUi	args	DIRECT	94489281723	args	LOCAL	0	
68719480133	motifer/index.js	83	motifer/index.js::program:<lambda>1:crawlUi	this	DIRECT	111669150064	this	METHOD_PARAMETER_IN	0	
68719480134	motifer/index.js	83	motifer/index.js::program:<lambda>1:crawlUi	this	DIRECT	111669150064	this	METHOD_PARAMETER_IN	0	
68719480135	motifer/index.js	86	motifer/index.js::program:<lambda>1:userSessionActivity	this	DIRECT	111669150066	this	METHOD_PARAMETER_IN	0	
68719480136	motifer/index.js	87	motifer/index.js::program:<lambda>1:userSessionActivity	this	DIRECT	111669150066	this	METHOD_PARAMETER_IN	0	
68719480137	motifer/index.js	87	motifer/index.js::program:<lambda>1:userSessionActivity	util	CAPTURED	94489281594	util	LOCAL	2	
68719480138	motifer/index.js	87	motifer/index.js::program:<lambda>1:userSessionActivity	util	CAPTURED	94489281594	util	LOCAL	2	
68719480139	motifer/index.js	87	motifer/index.js::program:<lambda>1:userSessionActivity	args	DIRECT	94489281721	args	LOCAL	0	
68719480140	motifer/index.js	88	motifer/index.js::program:<lambda>1:userSessionActivity	this	DIRECT	111669150066	this	METHOD_PARAMETER_IN	0	
68719480141	motifer/index.js	88	motifer/index.js::program:<lambda>1:userSessionActivity	this	DIRECT	111669150066	this	METHOD_PARAMETER_IN	0	
68719480142	motifer/index.js	91	motifer/index.js::program:<lambda>1:crawlAlert	this	DIRECT	111669150068	this	METHOD_PARAMETER_IN	0	
68719480143	motifer/index.js	92	motifer/index.js::program:<lambda>1:crawlAlert	this	DIRECT	111669150068	this	METHOD_PARAMETER_IN	0	
68719480144	motifer/index.js	92	motifer/index.js::program:<lambda>1:crawlAlert	util	CAPTURED	94489281594	util	LOCAL	2	
68719480145	motifer/index.js	92	motifer/index.js::program:<lambda>1:crawlAlert	util	CAPTURED	94489281594	util	LOCAL	2	
68719480146	motifer/index.js	92	motifer/index.js::program:<lambda>1:crawlAlert	args	DIRECT	94489281719	args	LOCAL	0	
68719480147	motifer/index.js	93	motifer/index.js::program:<lambda>1:crawlAlert	this	DIRECT	111669150068	this	METHOD_PARAMETER_IN	0	
68719480148	motifer/index.js	93	motifer/index.js::program:<lambda>1:crawlAlert	this	DIRECT	111669150068	this	METHOD_PARAMETER_IN	0	
68719480149	motifer/index.js	96	motifer/index.js::program:<lambda>1:suAlert	this	DIRECT	111669150070	this	METHOD_PARAMETER_IN	0	
68719480150	motifer/index.js	97	motifer/index.js::program:<lambda>1:suAlert	this	DIRECT	111669150070	this	METHOD_PARAMETER_IN	0	
68719480151	motifer/index.js	97	motifer/index.js::program:<lambda>1:suAlert	util	CAPTURED	94489281594	util	LOCAL	2	
68719480152	motifer/index.js	97	motifer/index.js::program:<lambda>1:suAlert	util	CAPTURED	94489281594	util	LOCAL	2	
68719480153	motifer/index.js	97	motifer/index.js::program:<lambda>1:suAlert	args	DIRECT	94489281716	args	LOCAL	0	
68719480154	motifer/index.js	98	motifer/index.js::program:<lambda>1:suAlert	this	DIRECT	111669150070	this	METHOD_PARAMETER_IN	0	
68719480155	motifer/index.js	98	motifer/index.js::program:<lambda>1:suAlert	this	DIRECT	111669150070	this	METHOD_PARAMETER_IN	0	
68719480156	motifer/index.js	101	motifer/index.js::program:<lambda>1:build	customLogger	DIRECT	94489281618	customLogger	LOCAL	0	
68719480157	motifer/index.js	101	motifer/index.js::program:<lambda>1:build	_tmp_4	DIRECT	94489281715	_tmp_4	LOCAL	0	
68719480158	motifer/index.js	101	motifer/index.js::program:<lambda>1:build	LoggerObject	CAPTURED	94489281604	LoggerObject	LOCAL	2	
68719480160	motifer/index.js	101	motifer/index.js::program:<lambda>1:build	this	DIRECT	111669150072	this	METHOD_PARAMETER_IN	0	
68719480161	motifer/index.js	101	motifer/index.js::program:<lambda>1:build	this	DIRECT	111669150072	this	METHOD_PARAMETER_IN	0	
68719480162	motifer/index.js	101	motifer/index.js::program:<lambda>1:build	this	DIRECT	111669150072	this	METHOD_PARAMETER_IN	0	
68719480163	motifer/index.js	101	motifer/index.js::program:<lambda>1:build	filename	CAPTURED	111669150074	filename	METHOD_PARAMETER_IN	1	
68719480164	motifer/index.js	101	motifer/index.js::program:<lambda>1:build	isExpress	CAPTURED	111669150075	isExpress	METHOD_PARAMETER_IN	1	
68719480166	motifer/index.js	102	motifer/index.js::program:<lambda>1:build	customLogger	DIRECT	94489281618	customLogger	LOCAL	0	
68719480179	motifer/index.js	131	motifer/index.js::program:<lambda>13:getLogger	filename	DIRECT	111669150077	filename	METHOD_PARAMETER_IN	0	
68719480180	motifer/index.js	132	motifer/index.js::program:<lambda>13:getLogger	filename	DIRECT	111669150077	filename	METHOD_PARAMETER_IN	0	
68719480181	motifer/index.js	132	motifer/index.js::program:<lambda>13:getLogger	filename	DIRECT	111669150077	filename	METHOD_PARAMETER_IN	0	
68719480182	motifer/index.js	132	motifer/index.js::program:<lambda>13:getLogger	filename	DIRECT	111669150077	filename	METHOD_PARAMETER_IN	0	
68719480183	motifer/index.js	134	motifer/index.js::program:<lambda>13:getLogger	filename	DIRECT	111669150077	filename	METHOD_PARAMETER_IN	0	
68719480184	motifer/index.js	136	motifer/index.js::program:<lambda>13:getLogger	_tmp_8	DIRECT	94489281702	_tmp_8	LOCAL	0	
68719480185	motifer/index.js	136	motifer/index.js::program:<lambda>13:getLogger	LoggerBuilder	CAPTURED	94489281606	LoggerBuilder	LOCAL	2	
68719480187	motifer/index.js	136	motifer/index.js::program:<lambda>13:getLogger	filename	DIRECT	111669150077	filename	METHOD_PARAMETER_IN	0	
68719480189	motifer/index.js	117	motifer/index.js::program:LoggerFactory	service	DIRECT	111669150079	service	METHOD_PARAMETER_IN	0	
68719480190	motifer/index.js	118	motifer/index.js::program:LoggerFactory	_tmp_5	DIRECT	94489281710	_tmp_5	LOCAL	0	
68719480191	motifer/index.js	118	motifer/index.js::program:LoggerFactory	Error	DIRECT	94489281708	Error	LOCAL	0	
68719480194	motifer/index.js	120	motifer/index.js::program:LoggerFactory	level	DIRECT	111669150080	level	METHOD_PARAMETER_IN	0	
68719480195	motifer/index.js	120	motifer/index.js::program:LoggerFactory	validLogLevels	CAPTURED	94489281598	validLogLevels	LOCAL	1	
68719480196	motifer/index.js	120	motifer/index.js::program:LoggerFactory	validLogLevels	CAPTURED	94489281598	validLogLevels	LOCAL	1	
68719480197	motifer/index.js	120	motifer/index.js::program:LoggerFactory	level	DIRECT	111669150080	level	METHOD_PARAMETER_IN	0	
68719480198	motifer/index.js	120	motifer/index.js::program:LoggerFactory	level	DIRECT	111669150080	level	METHOD_PARAMETER_IN	0	
68719480199	motifer/index.js	121	motifer/index.js::program:LoggerFactory	_tmp_6	DIRECT	94489281709	_tmp_6	LOCAL	0	
68719480200	motifer/index.js	121	motifer/index.js::program:LoggerFactory	Error	DIRECT	94489281708	Error	LOCAL	0	
68719480202	motifer/index.js	121	motifer/index.js::program:LoggerFactory	level	DIRECT	111669150080	level	METHOD_PARAMETER_IN	0	
68719480203	motifer/index.js	121	motifer/index.js::program:LoggerFactory	validLogLevels	CAPTURED	94489281598	validLogLevels	LOCAL	1	
68719480205	motifer/index.js	124	motifer/index.js::program:LoggerFactory	serviceName	CAPTURED	94489281601	serviceName	LOCAL	1	
68719480206	motifer/index.js	124	motifer/index.js::program:LoggerFactory	service	DIRECT	111669150079	service	METHOD_PARAMETER_IN	0	
68719480207	motifer/index.js	125	motifer/index.js::program:LoggerFactory	this	DIRECT	111669150078	this	METHOD_PARAMETER_IN	0	
68719480208	motifer/index.js	125	motifer/index.js::program:LoggerFactory	level	DIRECT	111669150080	level	METHOD_PARAMETER_IN	0	
68719480209	motifer/index.js	125	motifer/index.js::program:LoggerFactory	defaultLevel	CAPTURED	94489281596	defaultLevel	LOCAL	1	
68719480210	motifer/index.js	126	motifer/index.js::program:LoggerFactory	this	DIRECT	111669150078	this	METHOD_PARAMETER_IN	0	
68719480211	motifer/index.js	126	motifer/index.js::program:LoggerFactory	options	DIRECT	111669150081	options	METHOD_PARAMETER_IN	0	
68719480212	motifer/index.js	128	motifer/index.js::program:LoggerFactory	logger	CAPTURED	94489281600	logger	LOCAL	1	
68719480213	motifer/index.js	128	motifer/index.js::program:LoggerFactory	winstonLoggerClient	CAPTURED	94489281589	winstonLoggerClient	LOCAL	1	
68719480214	motifer/index.js	128	motifer/index.js::program:LoggerFactory	this	DIRECT	111669150078	this	METHOD_PARAMETER_IN	0	
68719480215	motifer/index.js	128	motifer/index.js::program:LoggerFactory	level	DIRECT	111669150080	level	METHOD_PARAMETER_IN	0	
68719480216	motifer/index.js	128	motifer/index.js::program:LoggerFactory	options	DIRECT	111669150081	options	METHOD_PARAMETER_IN	0	
68719480219	motifer/index.js	169	motifer/index.js::program:<lambda>15:<lambda>16	httpContext	CAPTURED	94489281590	httpContext	LOCAL	2	
68719480220	motifer/index.js	170	motifer/index.js::program:<lambda>15:<lambda>16	context	DIRECT	94489281628	context	LOCAL	0	
68719480221	motifer/index.js	170	motifer/index.js::program:<lambda>15:<lambda>16	_tmp_11	DIRECT	94489281693	_tmp_11	LOCAL	0	
68719480222	motifer/index.js	170	motifer/index.js::program:<lambda>15:<lambda>16	httpContext	CAPTURED	94489281590	httpContext	LOCAL	2	
68719480223	motifer/index.js	170	motifer/index.js::program:<lambda>15:<lambda>16	_tmp_11	DIRECT	94489281693	_tmp_11	LOCAL	0	
68719480224	motifer/index.js	171	motifer/index.js::program:<lambda>15:<lambda>16	httpContext	CAPTURED	94489281590	httpContext	LOCAL	2	
68719480225	motifer/index.js	171	motifer/index.js::program:<lambda>15:<lambda>16	context	DIRECT	94489281628	context	LOCAL	0	
68719480226	motifer/index.js	172	motifer/index.js::program:<lambda>15:<lambda>16	httpContext	CAPTURED	94489281590	httpContext	LOCAL	2	
68719480227	motifer/index.js	172	motifer/index.js::program:<lambda>15:<lambda>16	context	DIRECT	94489281628	context	LOCAL	0	
68719480228	motifer/index.js	175	motifer/index.js::program:<lambda>15:<lambda>16	_tmp_12	DIRECT	94489281692	_tmp_12	LOCAL	0	
68719480229	motifer/index.js	175	motifer/index.js::program:<lambda>15:<lambda>16	httpContext	CAPTURED	94489281590	httpContext	LOCAL	2	
68719480230	motifer/index.js	175	motifer/index.js::program:<lambda>15:<lambda>16	_tmp_12	DIRECT	94489281692	_tmp_12	LOCAL	0	
68719480231	motifer/index.js	175	motifer/index.js::program:<lambda>15:<lambda>16	req	DIRECT	111669150083	req	METHOD_PARAMETER_IN	0	
68719480232	motifer/index.js	176	motifer/index.js::program:<lambda>15:<lambda>16	_tmp_13	DIRECT	94489281691	_tmp_13	LOCAL	0	
68719480233	motifer/index.js	176	motifer/index.js::program:<lambda>15:<lambda>16	httpContext	CAPTURED	94489281590	httpContext	LOCAL	2	
68719480234	motifer/index.js	176	motifer/index.js::program:<lambda>15:<lambda>16	_tmp_13	DIRECT	94489281691	_tmp_13	LOCAL	0	
68719480235	motifer/index.js	176	motifer/index.js::program:<lambda>15:<lambda>16	res	DIRECT	111669150084	res	METHOD_PARAMETER_IN	0	
68719480236	motifer/index.js	178	motifer/index.js::program:<lambda>15:<lambda>16	requestId	AMBIGUOUS					MULTIPLE_LIVE_ASSIGNMENTS_TO_RESOLVED_LOCAL
68719480237	motifer/index.js	178	motifer/index.js::program:<lambda>15:<lambda>16	req	DIRECT	111669150083	req	METHOD_PARAMETER_IN	0	
68719480238	motifer/index.js	179	motifer/index.js::program:<lambda>15:<lambda>16	requestId	AMBIGUOUS					MULTIPLE_LIVE_ASSIGNMENTS_TO_RESOLVED_LOCAL
68719480239	motifer/index.js	180	motifer/index.js::program:<lambda>15:<lambda>16	requestId	AMBIGUOUS					MULTIPLE_LIVE_ASSIGNMENTS_TO_RESOLVED_LOCAL
68719480240	motifer/index.js	180	motifer/index.js::program:<lambda>15:<lambda>16	uuid	CAPTURED	94489281591	uuid	LOCAL	2	
68719480241	motifer/index.js	180	motifer/index.js::program:<lambda>15:<lambda>16	uuid	CAPTURED	94489281591	uuid	LOCAL	2	
68719480242	motifer/index.js	181	motifer/index.js::program:<lambda>15:<lambda>16	req	DIRECT	111669150083	req	METHOD_PARAMETER_IN	0	
68719480243	motifer/index.js	181	motifer/index.js::program:<lambda>15:<lambda>16	requestId	AMBIGUOUS					MULTIPLE_LIVE_ASSIGNMENTS_TO_RESOLVED_LOCAL
68719480244	motifer/index.js	184	motifer/index.js::program:<lambda>15:<lambda>16	httpContext	CAPTURED	94489281590	httpContext	LOCAL	2	
68719480245	motifer/index.js	184	motifer/index.js::program:<lambda>15:<lambda>16	httpContext	CAPTURED	94489281590	httpContext	LOCAL	2	
68719480246	motifer/index.js	184	motifer/index.js::program:<lambda>15:<lambda>16	requestId	AMBIGUOUS					MULTIPLE_LIVE_ASSIGNMENTS_TO_RESOLVED_LOCAL
68719480247	motifer/index.js	185	motifer/index.js::program:<lambda>15:<lambda>16	req	DIRECT	111669150083	req	METHOD_PARAMETER_IN	0	
68719480248	motifer/index.js	185	motifer/index.js::program:<lambda>15:<lambda>16	requestId	AMBIGUOUS					MULTIPLE_LIVE_ASSIGNMENTS_TO_RESOLVED_LOCAL
68719480249	motifer/index.js	187	motifer/index.js::program:<lambda>15:<lambda>16	dto	DIRECT	94489281630	dto	LOCAL	0	
68719480251	motifer/index.js	188	motifer/index.js::program:<lambda>15:<lambda>16	_tmp_15	DIRECT	94489281684	_tmp_15	LOCAL	0	
68719480252	motifer/index.js	188	motifer/index.js::program:<lambda>15:<lambda>16	_tmp_16	DIRECT	94489281686	_tmp_16	LOCAL	0	
68719480253	motifer/index.js	188	motifer/index.js::program:<lambda>15:<lambda>16	Date	DIRECT	94489281685	Date	LOCAL	0	
68719480256	motifer/index.js	188	motifer/index.js::program:<lambda>15:<lambda>16	_tmp_15	DIRECT	94489281684	_tmp_15	LOCAL	0	
68719480257	motifer/index.js	188	motifer/index.js::program:<lambda>15:<lambda>16	requestId	AMBIGUOUS					MULTIPLE_LIVE_ASSIGNMENTS_TO_RESOLVED_LOCAL
68719480258	motifer/index.js	188	motifer/index.js::program:<lambda>15:<lambda>16	serviceName	CAPTURED	94489281601	serviceName	LOCAL	2	
68719480259	motifer/index.js	188	motifer/index.js::program:<lambda>15:<lambda>16	apiLogLevel	CAPTURED	94489281595	apiLogLevel	LOCAL	2	
68719480260	motifer/index.js	188	motifer/index.js::program:<lambda>15:<lambda>16	req	DIRECT	111669150083	req	METHOD_PARAMETER_IN	0	
68719480261	motifer/index.js	188	motifer/index.js::program:<lambda>15:<lambda>16	req	DIRECT	111669150083	req	METHOD_PARAMETER_IN	0	
68719480262	motifer/index.js	188	motifer/index.js::program:<lambda>15:<lambda>16	req	DIRECT	111669150083	req	METHOD_PARAMETER_IN	0	
68719480263	motifer/index.js	188	motifer/index.js::program:<lambda>15:<lambda>16	req	DIRECT	111669150083	req	METHOD_PARAMETER_IN	0	
68719480264	motifer/index.js	188	motifer/index.js::program:<lambda>15:<lambda>16	req	DIRECT	111669150083	req	METHOD_PARAMETER_IN	0	
68719480267	motifer/index.js	191	motifer/index.js::program:<lambda>15:<lambda>16	logger	CAPTURED	94489281600	logger	LOCAL	2	
68719480268	motifer/index.js	191	motifer/index.js::program:<lambda>15:<lambda>16	logger	CAPTURED	94489281600	logger	LOCAL	2	
68719480269	motifer/index.js	191	motifer/index.js::program:<lambda>15:<lambda>16	dto	DIRECT	94489281630	dto	LOCAL	0	
68719480270	motifer/index.js	192	motifer/index.js::program:<lambda>15:<lambda>16	next	DIRECT	111669150085	next	METHOD_PARAMETER_IN	0	
68719480271	motifer/index.js	192	motifer/index.js::program:<lambda>15:<lambda>16	this	DIRECT	111669150082	this	METHOD_PARAMETER_IN	0	
68719480272	motifer/index.js	202	motifer/index.js::program:<lambda>15:getLogger	filename	DIRECT	111669150087	filename	METHOD_PARAMETER_IN	0	
68719480273	motifer/index.js	203	motifer/index.js::program:<lambda>15:getLogger	filename	DIRECT	111669150087	filename	METHOD_PARAMETER_IN	0	
68719480274	motifer/index.js	203	motifer/index.js::program:<lambda>15:getLogger	filename	DIRECT	111669150087	filename	METHOD_PARAMETER_IN	0	
68719480275	motifer/index.js	203	motifer/index.js::program:<lambda>15:getLogger	filename	DIRECT	111669150087	filename	METHOD_PARAMETER_IN	0	
68719480276	motifer/index.js	205	motifer/index.js::program:<lambda>15:getLogger	filename	DIRECT	111669150087	filename	METHOD_PARAMETER_IN	0	
68719480277	motifer/index.js	207	motifer/index.js::program:<lambda>15:getLogger	_tmp_19	DIRECT	94489281673	_tmp_19	LOCAL	0	
68719480278	motifer/index.js	207	motifer/index.js::program:<lambda>15:getLogger	LoggerBuilder	CAPTURED	94489281606	LoggerBuilder	LOCAL	2	
68719480280	motifer/index.js	207	motifer/index.js::program:<lambda>15:getLogger	filename	DIRECT	111669150087	filename	METHOD_PARAMETER_IN	0	
68719480282	motifer/index.js	151	motifer/index.js::program:ExpressLoggerFactory	express	DIRECT	94489281680	express	LOCAL	0	
68719480285	motifer/index.js	152	motifer/index.js::program:ExpressLoggerFactory	service	DIRECT	111669150089	service	METHOD_PARAMETER_IN	0	
68719480286	motifer/index.js	153	motifer/index.js::program:ExpressLoggerFactory	_tmp_9	DIRECT	94489281699	_tmp_9	LOCAL	0	
68719480287	motifer/index.js	153	motifer/index.js::program:ExpressLoggerFactory	Error	DIRECT	94489281697	Error	LOCAL	0	
68719480290	motifer/index.js	155	motifer/index.js::program:ExpressLoggerFactory	level	DIRECT	111669150090	level	METHOD_PARAMETER_IN	0	
68719480291	motifer/index.js	155	motifer/index.js::program:ExpressLoggerFactory	validLogLevels	CAPTURED	94489281598	validLogLevels	LOCAL	1	
68719480292	motifer/index.js	155	motifer/index.js::program:ExpressLoggerFactory	validLogLevels	CAPTURED	94489281598	validLogLevels	LOCAL	1	
68719480293	motifer/index.js	155	motifer/index.js::program:ExpressLoggerFactory	level	DIRECT	111669150090	level	METHOD_PARAMETER_IN	0	
68719480294	motifer/index.js	155	motifer/index.js::program:ExpressLoggerFactory	level	DIRECT	111669150090	level	METHOD_PARAMETER_IN	0	
68719480295	motifer/index.js	156	motifer/index.js::program:ExpressLoggerFactory	_tmp_10	DIRECT	94489281698	_tmp_10	LOCAL	0	
68719480296	motifer/index.js	156	motifer/index.js::program:ExpressLoggerFactory	Error	DIRECT	94489281697	Error	LOCAL	0	
68719480298	motifer/index.js	156	motifer/index.js::program:ExpressLoggerFactory	level	DIRECT	111669150090	level	METHOD_PARAMETER_IN	0	
68719480299	motifer/index.js	156	motifer/index.js::program:ExpressLoggerFactory	validLogLevels	CAPTURED	94489281598	validLogLevels	LOCAL	1	
68719480301	motifer/index.js	159	motifer/index.js::program:ExpressLoggerFactory	serviceName	CAPTURED	94489281601	serviceName	LOCAL	1	
68719480302	motifer/index.js	159	motifer/index.js::program:ExpressLoggerFactory	service	DIRECT	111669150089	service	METHOD_PARAMETER_IN	0	
68719480303	motifer/index.js	160	motifer/index.js::program:ExpressLoggerFactory	this	DIRECT	111669150088	this	METHOD_PARAMETER_IN	0	
68719480304	motifer/index.js	160	motifer/index.js::program:ExpressLoggerFactory	options	DIRECT	111669150092	options	METHOD_PARAMETER_IN	0	
68719480305	motifer/index.js	161	motifer/index.js::program:ExpressLoggerFactory	expressApp	CAPTURED	94489281602	expressApp	LOCAL	1	
68719480306	motifer/index.js	161	motifer/index.js::program:ExpressLoggerFactory	express	DIRECT	94489281680	express	LOCAL	0	
68719480307	motifer/index.js	162	motifer/index.js::program:ExpressLoggerFactory	this	DIRECT	111669150088	this	METHOD_PARAMETER_IN	0	
68719480308	motifer/index.js	162	motifer/index.js::program:ExpressLoggerFactory	level	DIRECT	111669150090	level	METHOD_PARAMETER_IN	0	
68719480309	motifer/index.js	162	motifer/index.js::program:ExpressLoggerFactory	defaultLevel	CAPTURED	94489281596	defaultLevel	LOCAL	1	
68719480310	motifer/index.js	164	motifer/index.js::program:ExpressLoggerFactory	express	DIRECT	94489281680	express	LOCAL	0	
68719480311	motifer/index.js	165	motifer/index.js::program:ExpressLoggerFactory	express	DIRECT	94489281680	express	LOCAL	0	
68719480312	motifer/index.js	165	motifer/index.js::program:ExpressLoggerFactory	express	DIRECT	94489281680	express	LOCAL	0	
68719480313	motifer/index.js	165	motifer/index.js::program:ExpressLoggerFactory	httpContext	CAPTURED	94489281590	httpContext	LOCAL	1	
68719480314	motifer/index.js	167	motifer/index.js::program:ExpressLoggerFactory	express	DIRECT	94489281680	express	LOCAL	0	
68719480315	motifer/index.js	167	motifer/index.js::program:ExpressLoggerFactory	express	DIRECT	94489281680	express	LOCAL	0	
68719480316	motifer/index.js	195	motifer/index.js::program:ExpressLoggerFactory	express	DIRECT	94489281680	express	LOCAL	0	
68719480317	motifer/index.js	195	motifer/index.js::program:ExpressLoggerFactory	express	DIRECT	94489281680	express	LOCAL	0	
68719480318	motifer/index.js	195	motifer/index.js::program:ExpressLoggerFactory	morgan	CAPTURED	94489281592	morgan	LOCAL	1	
68719480319	motifer/index.js	195	motifer/index.js::program:ExpressLoggerFactory	this	DIRECT	111669150088	this	METHOD_PARAMETER_IN	0	
68719480320	motifer/index.js	195	motifer/index.js::program:ExpressLoggerFactory	serviceName	CAPTURED	94489281601	serviceName	LOCAL	1	
68719480321	motifer/index.js	195	motifer/index.js::program:ExpressLoggerFactory	apiLogLevel	CAPTURED	94489281595	apiLogLevel	LOCAL	1	
68719480323	motifer/index.js	195	motifer/index.js::program:ExpressLoggerFactory	loggerStream	CAPTURED	94489281645	loggerStream	LOCAL	1	
68719480325	motifer/index.js	198	motifer/index.js::program:ExpressLoggerFactory	logger	CAPTURED	94489281600	logger	LOCAL	1	
68719480326	motifer/index.js	198	motifer/index.js::program:ExpressLoggerFactory	winstonLoggerClient	CAPTURED	94489281589	winstonLoggerClient	LOCAL	1	
68719480327	motifer/index.js	198	motifer/index.js::program:ExpressLoggerFactory	this	DIRECT	111669150088	this	METHOD_PARAMETER_IN	0	
68719480328	motifer/index.js	198	motifer/index.js::program:ExpressLoggerFactory	level	DIRECT	111669150090	level	METHOD_PARAMETER_IN	0	
68719480329	motifer/index.js	198	motifer/index.js::program:ExpressLoggerFactory	options	DIRECT	111669150092	options	METHOD_PARAMETER_IN	0	
68719480332	motifer/index.js	224	motifer/index.js::program:ApmFactory	isValid	DIRECT	94489281637	isValid	LOCAL	0	
68719480333	motifer/index.js	224	motifer/index.js::program:ApmFactory	validateParameters	CAPTURED	94489281641	validateParameters	LOCAL	1	
68719480334	motifer/index.js	224	motifer/index.js::program:ApmFactory	this	DIRECT	111669150093	this	METHOD_PARAMETER_IN	0	
68719480335	motifer/index.js	224	motifer/index.js::program:ApmFactory	configObject	DIRECT	111669150094	configObject	METHOD_PARAMETER_IN	0	
68719480336	motifer/index.js	225	motifer/index.js::program:ApmFactory	isValid	DIRECT	94489281637	isValid	LOCAL	0	
68719480337	motifer/index.js	225	motifer/index.js::program:ApmFactory	_tmp_20	DIRECT	94489281669	_tmp_20	LOCAL	0	
68719480338	motifer/index.js	225	motifer/index.js::program:ApmFactory	Error	DIRECT	94489281668	Error	LOCAL	0	
68719480340	motifer/index.js	225	motifer/index.js::program:ApmFactory	isValid	DIRECT	94489281637	isValid	LOCAL	0	
68719480342	motifer/index.js	226	motifer/index.js::program:ApmFactory	parameters	DIRECT	94489281639	parameters	LOCAL	0	
68719480343	motifer/index.js	226	motifer/index.js::program:ApmFactory	isValid	DIRECT	94489281637	isValid	LOCAL	0	
68719480344	motifer/index.js	227	motifer/index.js::program:ApmFactory	apmClient	CAPTURED	94489281603	apmClient	LOCAL	1	
68719480345	motifer/index.js	227	motifer/index.js::program:ApmFactory	_tmp_21	DIRECT	94489281666	_tmp_21	LOCAL	0	
68719480346	motifer/index.js	227	motifer/index.js::program:ApmFactory	require	DIRECT	94489281667	require	LOCAL	0	
68719480347	motifer/index.js	227	motifer/index.js::program:ApmFactory	this	DIRECT	111669150093	this	METHOD_PARAMETER_IN	0	
68719480348	motifer/index.js	227	motifer/index.js::program:ApmFactory	_tmp_21	DIRECT	94489281666	_tmp_21	LOCAL	0	
68719480350	motifer/index.js	228	motifer/index.js::program:ApmFactory	parameters	DIRECT	94489281639	parameters	LOCAL	0	
68719480352	motifer/index.js	229	motifer/index.js::program:ApmFactory	parameters	DIRECT	94489281639	parameters	LOCAL	0	
68719480354	motifer/index.js	230	motifer/index.js::program:ApmFactory	parameters	DIRECT	94489281639	parameters	LOCAL	0	
68719480356	motifer/index.js	231	motifer/index.js::program:ApmFactory	parameters	DIRECT	94489281639	parameters	LOCAL	0	
68719480358	motifer/index.js	232	motifer/index.js::program:ApmFactory	parameters	DIRECT	94489281639	parameters	LOCAL	0	
68719480360	motifer/index.js	233	motifer/index.js::program:ApmFactory	parameters	DIRECT	94489281639	parameters	LOCAL	0	
68719480363	motifer/index.js	236	motifer/index.js::program:ApmFactory	apmClient	CAPTURED	94489281603	apmClient	LOCAL	1	
68719480364	motifer/index.js	240	motifer/index.js::program:validateParameters	schema	DIRECT	94489281642	schema	LOCAL	0	
68719480365	motifer/index.js	240	motifer/index.js::program:validateParameters	_tmp_23	DIRECT	94489281658	_tmp_23	LOCAL	0	
68719480366	motifer/index.js	240	motifer/index.js::program:validateParameters	_tmp_24	DIRECT	94489281664	_tmp_24	LOCAL	0	
68719480367	motifer/index.js	240	motifer/index.js::program:validateParameters	Joi	CAPTURED	94489281593	Joi	LOCAL	1	
68719480368	motifer/index.js	240	motifer/index.js::program:validateParameters	Joi	CAPTURED	94489281593	Joi	LOCAL	1	
68719480369	motifer/index.js	240	motifer/index.js::program:validateParameters	_tmp_24	DIRECT	94489281664	_tmp_24	LOCAL	0	
68719480371	motifer/index.js	241	motifer/index.js::program:validateParameters	_tmp_26	DIRECT	94489281663	_tmp_26	LOCAL	0	
68719480372	motifer/index.js	241	motifer/index.js::program:validateParameters	Joi	CAPTURED	94489281593	Joi	LOCAL	1	
68719480373	motifer/index.js	241	motifer/index.js::program:validateParameters	Joi	CAPTURED	94489281593	Joi	LOCAL	1	
68719480374	motifer/index.js	241	motifer/index.js::program:validateParameters	_tmp_26	DIRECT	94489281663	_tmp_26	LOCAL	0	
68719480376	motifer/index.js	242	motifer/index.js::program:validateParameters	_tmp_27	DIRECT	94489281661	_tmp_27	LOCAL	0	
68719480377	motifer/index.js	242	motifer/index.js::program:validateParameters	_tmp_28	DIRECT	94489281662	_tmp_28	LOCAL	0	
68719480378	motifer/index.js	242	motifer/index.js::program:validateParameters	Joi	CAPTURED	94489281593	Joi	LOCAL	1	
68719480379	motifer/index.js	242	motifer/index.js::program:validateParameters	Joi	CAPTURED	94489281593	Joi	LOCAL	1	
68719480380	motifer/index.js	242	motifer/index.js::program:validateParameters	_tmp_28	DIRECT	94489281662	_tmp_28	LOCAL	0	
68719480381	motifer/index.js	242	motifer/index.js::program:validateParameters	_tmp_27	DIRECT	94489281661	_tmp_27	LOCAL	0	
68719480383	motifer/index.js	243	motifer/index.js::program:validateParameters	_tmp_29	DIRECT	94489281660	_tmp_29	LOCAL	0	
68719480384	motifer/index.js	243	motifer/index.js::program:validateParameters	Joi	CAPTURED	94489281593	Joi	LOCAL	1	
68719480385	motifer/index.js	243	motifer/index.js::program:validateParameters	Joi	CAPTURED	94489281593	Joi	LOCAL	1	
68719480386	motifer/index.js	243	motifer/index.js::program:validateParameters	_tmp_29	DIRECT	94489281660	_tmp_29	LOCAL	0	
68719480388	motifer/index.js	244	motifer/index.js::program:validateParameters	Joi	CAPTURED	94489281593	Joi	LOCAL	1	
68719480389	motifer/index.js	244	motifer/index.js::program:validateParameters	Joi	CAPTURED	94489281593	Joi	LOCAL	1	
68719480391	motifer/index.js	240	motifer/index.js::program:validateParameters	_tmp_23	DIRECT	94489281658	_tmp_23	LOCAL	0	
68719480392	motifer/index.js	246	motifer/index.js::program:validateParameters	result	DIRECT	94489281644	result	LOCAL	0	
68719480393	motifer/index.js	246	motifer/index.js::program:validateParameters	schema	DIRECT	94489281642	schema	LOCAL	0	
68719480394	motifer/index.js	246	motifer/index.js::program:validateParameters	schema	DIRECT	94489281642	schema	LOCAL	0	
68719480395	motifer/index.js	246	motifer/index.js::program:validateParameters	options	DIRECT	111669150096	options	METHOD_PARAMETER_IN	0	
68719480396	motifer/index.js	247	motifer/index.js::program:validateParameters	result	DIRECT	94489281644	result	LOCAL	0	
68719480397	motifer/index.js	252	motifer/index.js::program:getId	req	DIRECT	111669150098	req	METHOD_PARAMETER_IN	0	
68719480398	motifer/index.js	257	motifer/index.js::program:write	message	DIRECT	111669150100	message	METHOD_PARAMETER_IN	0	
68719480399	motifer/index.js	257	motifer/index.js::program:write	message	DIRECT	111669150100	message	METHOD_PARAMETER_IN	0	
68719480400	motifer/index.js	257	motifer/index.js::program:write	message	DIRECT	111669150100	message	METHOD_PARAMETER_IN	0	
68719480401	motifer/index.js	257	motifer/index.js::program:write	message	DIRECT	111669150100	message	METHOD_PARAMETER_IN	0	
68719480402	motifer/index.js	257	motifer/index.js::program:write	message	DIRECT	111669150100	message	METHOD_PARAMETER_IN	0	
68719480403	motifer/index.js	258	motifer/index.js::program:write	dto	DIRECT	94489281647	dto	LOCAL	0	
68719480405	motifer/index.js	258	motifer/index.js::program:write	message	DIRECT	111669150100	message	METHOD_PARAMETER_IN	0	
68719480408	motifer/index.js	259	motifer/index.js::program:write	logger	CAPTURED	94489281600	logger	LOCAL	1	
68719480409	motifer/index.js	259	motifer/index.js::program:write	logger	CAPTURED	94489281600	logger	LOCAL	1	
68719480410	motifer/index.js	259	motifer/index.js::program:write	dto	DIRECT	94489281647	dto	LOCAL	0	
68719480411	motifer/index.js	273	motifer/index.js::program:Logger:getLogger	filename	DIRECT	111669150103	filename	METHOD_PARAMETER_IN	0	
68719480412	motifer/index.js	274	motifer/index.js::program:Logger:getLogger	filename	DIRECT	111669150103	filename	METHOD_PARAMETER_IN	0	
68719480413	motifer/index.js	274	motifer/index.js::program:Logger:getLogger	filename	DIRECT	111669150103	filename	METHOD_PARAMETER_IN	0	
68719480414	motifer/index.js	274	motifer/index.js::program:Logger:getLogger	filename	DIRECT	111669150103	filename	METHOD_PARAMETER_IN	0	
68719480415	motifer/index.js	276	motifer/index.js::program:Logger:getLogger	filename	DIRECT	111669150103	filename	METHOD_PARAMETER_IN	0	
68719480416	motifer/index.js	278	motifer/index.js::program:Logger:getLogger	_tmp_32	DIRECT	94489281656	_tmp_32	LOCAL	0	
68719480417	motifer/index.js	278	motifer/index.js::program:Logger:getLogger	LoggerBuilder	CAPTURED	94489281606	LoggerBuilder	LOCAL	1	
68719480419	motifer/index.js	278	motifer/index.js::program:Logger:getLogger	filename	DIRECT	111669150103	filename	METHOD_PARAMETER_IN	0	
68719480420	motifer/index.js	278	motifer/index.js::program:Logger:getLogger	isExpress	DIRECT	111669150104	isExpress	METHOD_PARAMETER_IN	0	
68719480421	motifer/index.js	278	motifer/index.js::program:Logger:getLogger	undefined	DIRECT	94489281654	undefined	LOCAL	0	
68719480422	motifer/index.js	278	motifer/index.js::program:Logger:getLogger	isExpress	DIRECT	111669150104	isExpress	METHOD_PARAMETER_IN	0	
68719480423	motifer/index.js	278	motifer/index.js::program:Logger:getLogger	isExpress	DIRECT	111669150104	isExpress	METHOD_PARAMETER_IN	0	
68719480424	motifer/index.js	278	motifer/index.js::program:Logger:getLogger	IS_EXPRESS	CAPTURED	94489281597	IS_EXPRESS	LOCAL	1	
68719480426	motifer/index.js	3	motifer/index.js::program	globalThis	DIRECT	94489281747	globalThis	LOCAL	0	
68719480427	motifer/index.js	4	motifer/index.js::program	global	DIRECT	94489281746	global	LOCAL	0	
68719480428	motifer/index.js	4	motifer/index.js::program	global	DIRECT	94489281746	global	LOCAL	0	
68719480429	motifer/index.js	7	motifer/index.js::program	_tmp_0	DIRECT	94489281588	_tmp_0	LOCAL	0	
68719480430	motifer/index.js	7	motifer/index.js::program	require	DIRECT	94489281745	require	LOCAL	0	
68719480431	motifer/index.js	7	motifer/index.js::program	this	DIRECT	111669150105	this	METHOD_PARAMETER_IN	0	
68719480432	motifer/index.js	7	motifer/index.js::program	winstonLoggerClient	DIRECT	94489281589	winstonLoggerClient	LOCAL	0	
68719480435	motifer/index.js	8	motifer/index.js::program	httpContext	DIRECT	94489281590	httpContext	LOCAL	0	
68719480436	motifer/index.js	8	motifer/index.js::program	require	DIRECT	94489281745	require	LOCAL	0	
68719480437	motifer/index.js	8	motifer/index.js::program	this	DIRECT	111669150105	this	METHOD_PARAMETER_IN	0	
68719480438	motifer/index.js	9	motifer/index.js::program	uuid	DIRECT	94489281591	uuid	LOCAL	0	
68719480439	motifer/index.js	9	motifer/index.js::program	require	DIRECT	94489281745	require	LOCAL	0	
68719480440	motifer/index.js	9	motifer/index.js::program	this	DIRECT	111669150105	this	METHOD_PARAMETER_IN	0	
68719480441	motifer/index.js	10	motifer/index.js::program	morgan	DIRECT	94489281592	morgan	LOCAL	0	
68719480442	motifer/index.js	10	motifer/index.js::program	require	DIRECT	94489281745	require	LOCAL	0	
68719480443	motifer/index.js	10	motifer/index.js::program	this	DIRECT	111669150105	this	METHOD_PARAMETER_IN	0	
68719480444	motifer/index.js	11	motifer/index.js::program	Joi	DIRECT	94489281593	Joi	LOCAL	0	
68719480445	motifer/index.js	11	motifer/index.js::program	require	DIRECT	94489281745	require	LOCAL	0	
68719480446	motifer/index.js	11	motifer/index.js::program	this	DIRECT	111669150105	this	METHOD_PARAMETER_IN	0	
68719480447	motifer/index.js	12	motifer/index.js::program	util	DIRECT	94489281594	util	LOCAL	0	
68719480448	motifer/index.js	12	motifer/index.js::program	require	DIRECT	94489281745	require	LOCAL	0	
68719480449	motifer/index.js	12	motifer/index.js::program	this	DIRECT	111669150105	this	METHOD_PARAMETER_IN	0	
68719480450	motifer/index.js	14	motifer/index.js::program	apiLogLevel	DIRECT	94489281595	apiLogLevel	LOCAL	0	
68719480451	motifer/index.js	15	motifer/index.js::program	defaultLevel	DIRECT	94489281596	defaultLevel	LOCAL	0	
68719480452	motifer/index.js	16	motifer/index.js::program	IS_EXPRESS	DIRECT	94489281597	IS_EXPRESS	LOCAL	0	
68719480453	motifer/index.js	17	motifer/index.js::program	validLogLevels	DIRECT	94489281598	validLogLevels	LOCAL	0	
68719480454	motifer/index.js	17	motifer/index.js::program	_tmp_1	DIRECT	94489281744	_tmp_1	LOCAL	0	
68719480482	motifer/index.js	19	motifer/index.js::program	logger	DIRECT	94489281600	logger	LOCAL	0	
68719480483	motifer/index.js	20	motifer/index.js::program	serviceName	DIRECT	94489281601	serviceName	LOCAL	0	
68719480484	motifer/index.js	21	motifer/index.js::program	expressApp	DIRECT	94489281602	expressApp	LOCAL	0	
68719480485	motifer/index.js	22	motifer/index.js::program	apmClient	DIRECT	94489281603	apmClient	LOCAL	0	
68719480486	motifer/index.js	24	motifer/index.js::program	LoggerObject	DIRECT	94489281604	LoggerObject	LOCAL	0	
68719480487	motifer/index.js	46	motifer/index.js::program	LoggerBuilder	DIRECT	94489281606	LoggerBuilder	LOCAL	0	
68719480488	motifer/index.js	116	motifer/index.js::program	LoggerFactory	DIRECT	94489281620	LoggerFactory	LOCAL	0	
68719480489	motifer/index.js	151	motifer/index.js::program	ExpressLoggerFactory	DIRECT	94489281625	ExpressLoggerFactory	LOCAL	0	
68719480490	motifer/index.js	223	motifer/index.js::program	ApmFactory	DIRECT	94489281636	ApmFactory	LOCAL	0	
68719480491	motifer/index.js	239	motifer/index.js::program	validateParameters	DIRECT	94489281641	validateParameters	LOCAL	0	
68719480492	motifer/index.js	251	motifer/index.js::program	morgan	DIRECT	94489281592	morgan	LOCAL	0	
68719480493	motifer/index.js	251	motifer/index.js::program	morgan	DIRECT	94489281592	morgan	LOCAL	0	
68719480494	motifer/index.js	255	motifer/index.js::program	loggerStream	DIRECT	94489281645	loggerStream	LOCAL	0	
68719480497	motifer/index.js	263	motifer/index.js::program	Logger	DIRECT	94489281650	Logger	LOCAL	0	
68719480498	motifer/index.js	282	motifer/index.js::program	module	DIRECT	94489281652	module	LOCAL	0	
68719480500	motifer/index.js	283	motifer/index.js::program	LoggerFactory	DIRECT	94489281620	LoggerFactory	LOCAL	0	
68719480502	motifer/index.js	284	motifer/index.js::program	ExpressLoggerFactory	DIRECT	94489281625	ExpressLoggerFactory	LOCAL	0	
68719480504	motifer/index.js	285	motifer/index.js::program	Logger	DIRECT	94489281650	Logger	LOCAL	0	
68719480506	motifer/index.js	286	motifer/index.js::program	ApmFactory	DIRECT	94489281636	ApmFactory	LOCAL	0	
68719480508	motifer/winstonClient.js	32	motifer/winstonClient.js::program:<lambda>0	requestId	DIRECT	94489281771	requestId	LOCAL	0	
68719480509	motifer/winstonClient.js	32	motifer/winstonClient.js::program:<lambda>0	httpContext	CAPTURED	94489281748	httpContext	LOCAL	1	
68719480510	motifer/winstonClient.js	32	motifer/winstonClient.js::program:<lambda>0	httpContext	CAPTURED	94489281748	httpContext	LOCAL	1	
68719480511	motifer/winstonClient.js	32	motifer/winstonClient.js::program:<lambda>0	REQUEST_ID	CAPTURED	94489281764	REQUEST_ID	LOCAL	1	
68719480512	motifer/winstonClient.js	33	motifer/winstonClient.js::program:<lambda>0	info	DIRECT	111669150107	info	METHOD_PARAMETER_IN	0	
68719480513	motifer/winstonClient.js	34	motifer/winstonClient.js::program:<lambda>0	info	DIRECT	111669150107	info	METHOD_PARAMETER_IN	0	
68719480514	motifer/winstonClient.js	36	motifer/winstonClient.js::program:<lambda>0	info	DIRECT	111669150107	info	METHOD_PARAMETER_IN	0	
68719480515	motifer/winstonClient.js	38	motifer/winstonClient.js::program:<lambda>0	_tmp_4	DIRECT	94489281831	_tmp_4	LOCAL	0	
68719480516	motifer/winstonClient.js	38	motifer/winstonClient.js::program:<lambda>0	_tmp_5	DIRECT	94489281832	_tmp_5	LOCAL	0	
68719480522	motifer/winstonClient.js	38	motifer/winstonClient.js::program:<lambda>0	_tmp_4	DIRECT	94489281831	_tmp_4	LOCAL	0	
68719480523	motifer/winstonClient.js	38	motifer/winstonClient.js::program:<lambda>0	info	DIRECT	111669150107	info	METHOD_PARAMETER_IN	0	
68719480524	motifer/winstonClient.js	39	motifer/winstonClient.js::program:<lambda>0	info	DIRECT	111669150107	info	METHOD_PARAMETER_IN	0	
68719480525	motifer/winstonClient.js	39	motifer/winstonClient.js::program:<lambda>0	maskedLevels	CAPTURED	94489281768	maskedLevels	LOCAL	1	
68719480526	motifer/winstonClient.js	39	motifer/winstonClient.js::program:<lambda>0	info	DIRECT	111669150107	info	METHOD_PARAMETER_IN	0	
68719480527	motifer/winstonClient.js	39	motifer/winstonClient.js::program:<lambda>0	info	DIRECT	111669150107	info	METHOD_PARAMETER_IN	0	
68719480528	motifer/winstonClient.js	41	motifer/winstonClient.js::program:<lambda>0	info	DIRECT	111669150107	info	METHOD_PARAMETER_IN	0	
68719480529	motifer/winstonClient.js	42	motifer/winstonClient.js::program:<lambda>0	info	DIRECT	111669150107	info	METHOD_PARAMETER_IN	0	
68719480530	motifer/winstonClient.js	44	motifer/winstonClient.js::program:<lambda>0	info	DIRECT	111669150107	info	METHOD_PARAMETER_IN	0	
68719480531	motifer/winstonClient.js	45	motifer/winstonClient.js::program:<lambda>0	info	DIRECT	111669150107	info	METHOD_PARAMETER_IN	0	
68719480532	motifer/winstonClient.js	45	motifer/winstonClient.js::program:<lambda>0	requestId	DIRECT	94489281771	requestId	LOCAL	0	
68719480533	motifer/winstonClient.js	45	motifer/winstonClient.js::program:<lambda>0	requestId	DIRECT	94489281771	requestId	LOCAL	0	
68719480534	motifer/winstonClient.js	45	motifer/winstonClient.js::program:<lambda>0	info	DIRECT	111669150107	info	METHOD_PARAMETER_IN	0	
68719480535	motifer/winstonClient.js	45	motifer/winstonClient.js::program:<lambda>0	_tmp_6	DIRECT	94489281830	_tmp_6	LOCAL	0	
68719480536	motifer/winstonClient.js	45	motifer/winstonClient.js::program:<lambda>0	info	DIRECT	111669150107	info	METHOD_PARAMETER_IN	0	
68719480537	motifer/winstonClient.js	45	motifer/winstonClient.js::program:<lambda>0	_tmp_6	DIRECT	94489281830	_tmp_6	LOCAL	0	
68719480538	motifer/winstonClient.js	45	motifer/winstonClient.js::program:<lambda>0	info	DIRECT	111669150107	info	METHOD_PARAMETER_IN	0	
68719480539	motifer/winstonClient.js	47	motifer/winstonClient.js::program:<lambda>0	info	DIRECT	111669150107	info	METHOD_PARAMETER_IN	0	
68719480540	motifer/winstonClient.js	47	motifer/winstonClient.js::program:<lambda>0	info	DIRECT	111669150107	info	METHOD_PARAMETER_IN	0	
68719480541	motifer/winstonClient.js	48	motifer/winstonClient.js::program:<lambda>0	info	DIRECT	111669150107	info	METHOD_PARAMETER_IN	0	
68719480542	motifer/winstonClient.js	48	motifer/winstonClient.js::program:<lambda>0	info	DIRECT	111669150107	info	METHOD_PARAMETER_IN	0	
68719480543	motifer/winstonClient.js	48	motifer/winstonClient.js::program:<lambda>0	_tmp_7	DIRECT	94489281829	_tmp_7	LOCAL	0	
68719480544	motifer/winstonClient.js	48	motifer/winstonClient.js::program:<lambda>0	info	DIRECT	111669150107	info	METHOD_PARAMETER_IN	0	
68719480545	motifer/winstonClient.js	48	motifer/winstonClient.js::program:<lambda>0	_tmp_7	DIRECT	94489281829	_tmp_7	LOCAL	0	
68719480546	motifer/winstonClient.js	48	motifer/winstonClient.js::program:<lambda>0	info	DIRECT	111669150107	info	METHOD_PARAMETER_IN	0	
68719480547	motifer/winstonClient.js	48	motifer/winstonClient.js::program:<lambda>0	info	DIRECT	111669150107	info	METHOD_PARAMETER_IN	0	
68719480548	motifer/winstonClient.js	50	motifer/winstonClient.js::program:<lambda>0	info	DIRECT	111669150107	info	METHOD_PARAMETER_IN	0	
68719480549	motifer/winstonClient.js	50	motifer/winstonClient.js::program:<lambda>0	requestId	DIRECT	94489281771	requestId	LOCAL	0	
68719480550	motifer/winstonClient.js	50	motifer/winstonClient.js::program:<lambda>0	requestId	DIRECT	94489281771	requestId	LOCAL	0	
68719480551	motifer/winstonClient.js	50	motifer/winstonClient.js::program:<lambda>0	info	DIRECT	111669150107	info	METHOD_PARAMETER_IN	0	
68719480552	motifer/winstonClient.js	50	motifer/winstonClient.js::program:<lambda>0	_tmp_8	DIRECT	94489281828	_tmp_8	LOCAL	0	
68719480553	motifer/winstonClient.js	50	motifer/winstonClient.js::program:<lambda>0	info	DIRECT	111669150107	info	METHOD_PARAMETER_IN	0	
68719480554	motifer/winstonClient.js	50	motifer/winstonClient.js::program:<lambda>0	_tmp_8	DIRECT	94489281828	_tmp_8	LOCAL	0	
68719480555	motifer/winstonClient.js	50	motifer/winstonClient.js::program:<lambda>0	info	DIRECT	111669150107	info	METHOD_PARAMETER_IN	0	
68719480556	motifer/winstonClient.js	50	motifer/winstonClient.js::program:<lambda>0	info	DIRECT	111669150107	info	METHOD_PARAMETER_IN	0	
68719480557	motifer/winstonClient.js	52	motifer/winstonClient.js::program:<lambda>0	_tmp_9	DIRECT	94489281826	_tmp_9	LOCAL	0	
68719480558	motifer/winstonClient.js	52	motifer/winstonClient.js::program:<lambda>0	_tmp_10	DIRECT	94489281827	_tmp_10	LOCAL	0	
68719480564	motifer/winstonClient.js	52	motifer/winstonClient.js::program:<lambda>0	_tmp_9	DIRECT	94489281826	_tmp_9	LOCAL	0	
68719480565	motifer/winstonClient.js	52	motifer/winstonClient.js::program:<lambda>0	info	DIRECT	111669150107	info	METHOD_PARAMETER_IN	0	
68719480566	motifer/winstonClient.js	53	motifer/winstonClient.js::program:<lambda>0	info	DIRECT	111669150107	info	METHOD_PARAMETER_IN	0	
68719480567	motifer/winstonClient.js	53	motifer/winstonClient.js::program:<lambda>0	maskedLevels	CAPTURED	94489281768	maskedLevels	LOCAL	1	
68719480568	motifer/winstonClient.js	53	motifer/winstonClient.js::program:<lambda>0	info	DIRECT	111669150107	info	METHOD_PARAMETER_IN	0	
68719480569	motifer/winstonClient.js	53	motifer/winstonClient.js::program:<lambda>0	info	DIRECT	111669150107	info	METHOD_PARAMETER_IN	0	
68719480570	motifer/winstonClient.js	55	motifer/winstonClient.js::program:<lambda>0	info	DIRECT	111669150107	info	METHOD_PARAMETER_IN	0	
68719480571	motifer/winstonClient.js	56	motifer/winstonClient.js::program:<lambda>0	info	DIRECT	111669150107	info	METHOD_PARAMETER_IN	0	
68719480572	motifer/winstonClient.js	58	motifer/winstonClient.js::program:<lambda>0	info	DIRECT	111669150107	info	METHOD_PARAMETER_IN	0	
68719480573	motifer/winstonClient.js	59	motifer/winstonClient.js::program:<lambda>0	info	DIRECT	111669150107	info	METHOD_PARAMETER_IN	0	
68719480574	motifer/winstonClient.js	59	motifer/winstonClient.js::program:<lambda>0	requestId	DIRECT	94489281771	requestId	LOCAL	0	
68719480575	motifer/winstonClient.js	59	motifer/winstonClient.js::program:<lambda>0	requestId	DIRECT	94489281771	requestId	LOCAL	0	
68719480576	motifer/winstonClient.js	59	motifer/winstonClient.js::program:<lambda>0	info	DIRECT	111669150107	info	METHOD_PARAMETER_IN	0	
68719480577	motifer/winstonClient.js	59	motifer/winstonClient.js::program:<lambda>0	_tmp_11	DIRECT	94489281824	_tmp_11	LOCAL	0	
68719480578	motifer/winstonClient.js	59	motifer/winstonClient.js::program:<lambda>0	info	DIRECT	111669150107	info	METHOD_PARAMETER_IN	0	
68719480579	motifer/winstonClient.js	59	motifer/winstonClient.js::program:<lambda>0	_tmp_11	DIRECT	94489281824	_tmp_11	LOCAL	0	
68719480580	motifer/winstonClient.js	59	motifer/winstonClient.js::program:<lambda>0	info	DIRECT	111669150107	info	METHOD_PARAMETER_IN	0	
68719480581	motifer/winstonClient.js	61	motifer/winstonClient.js::program:<lambda>0	info	DIRECT	111669150107	info	METHOD_PARAMETER_IN	0	
68719480582	motifer/winstonClient.js	61	motifer/winstonClient.js::program:<lambda>0	info	DIRECT	111669150107	info	METHOD_PARAMETER_IN	0	
68719480583	motifer/winstonClient.js	62	motifer/winstonClient.js::program:<lambda>0	info	DIRECT	111669150107	info	METHOD_PARAMETER_IN	0	
68719480584	motifer/winstonClient.js	62	motifer/winstonClient.js::program:<lambda>0	info	DIRECT	111669150107	info	METHOD_PARAMETER_IN	0	
68719480585	motifer/winstonClient.js	62	motifer/winstonClient.js::program:<lambda>0	_tmp_12	DIRECT	94489281823	_tmp_12	LOCAL	0	
68719480586	motifer/winstonClient.js	62	motifer/winstonClient.js::program:<lambda>0	info	DIRECT	111669150107	info	METHOD_PARAMETER_IN	0	
68719480587	motifer/winstonClient.js	62	motifer/winstonClient.js::program:<lambda>0	_tmp_12	DIRECT	94489281823	_tmp_12	LOCAL	0	
68719480588	motifer/winstonClient.js	62	motifer/winstonClient.js::program:<lambda>0	info	DIRECT	111669150107	info	METHOD_PARAMETER_IN	0	
68719480589	motifer/winstonClient.js	62	motifer/winstonClient.js::program:<lambda>0	info	DIRECT	111669150107	info	METHOD_PARAMETER_IN	0	
68719480590	motifer/winstonClient.js	64	motifer/winstonClient.js::program:<lambda>0	info	DIRECT	111669150107	info	METHOD_PARAMETER_IN	0	
68719480591	motifer/winstonClient.js	64	motifer/winstonClient.js::program:<lambda>0	info	DIRECT	111669150107	info	METHOD_PARAMETER_IN	0	
68719480592	motifer/winstonClient.js	64	motifer/winstonClient.js::program:<lambda>0	info	DIRECT	111669150107	info	METHOD_PARAMETER_IN	0	
68719480593	motifer/winstonClient.js	64	motifer/winstonClient.js::program:<lambda>0	_tmp_13	DIRECT	94489281822	_tmp_13	LOCAL	0	
68719480594	motifer/winstonClient.js	64	motifer/winstonClient.js::program:<lambda>0	info	DIRECT	111669150107	info	METHOD_PARAMETER_IN	0	
68719480595	motifer/winstonClient.js	64	motifer/winstonClient.js::program:<lambda>0	_tmp_13	DIRECT	94489281822	_tmp_13	LOCAL	0	
68719480596	motifer/winstonClient.js	64	motifer/winstonClient.js::program:<lambda>0	info	DIRECT	111669150107	info	METHOD_PARAMETER_IN	0	
68719480597	motifer/winstonClient.js	64	motifer/winstonClient.js::program:<lambda>0	info	DIRECT	111669150107	info	METHOD_PARAMETER_IN	0	
68719480598	motifer/winstonClient.js	70	motifer/winstonClient.js::program:fileRotation	transport	DIRECT	94489281775	transport	LOCAL	0	
68719480599	motifer/winstonClient.js	70	motifer/winstonClient.js::program:fileRotation	_tmp_14	DIRECT	94489281821	_tmp_14	LOCAL	0	
68719480600	motifer/winstonClient.js	70	motifer/winstonClient.js::program:fileRotation	DailyRotateFile	CAPTURED	94489281765	DailyRotateFile	LOCAL	1	
68719480603	motifer/winstonClient.js	71	motifer/winstonClient.js::program:fileRotation	options	DIRECT	111669150109	options	METHOD_PARAMETER_IN	0	
68719480605	motifer/winstonClient.js	72	motifer/winstonClient.js::program:fileRotation	options	DIRECT	111669150109	options	METHOD_PARAMETER_IN	0	
68719480607	motifer/winstonClient.js	73	motifer/winstonClient.js::program:fileRotation	options	DIRECT	111669150109	options	METHOD_PARAMETER_IN	0	
68719480609	motifer/winstonClient.js	74	motifer/winstonClient.js::program:fileRotation	options	DIRECT	111669150109	options	METHOD_PARAMETER_IN	0	
68719480611	motifer/winstonClient.js	75	motifer/winstonClient.js::program:fileRotation	options	DIRECT	111669150109	options	METHOD_PARAMETER_IN	0	
68719480613	motifer/winstonClient.js	76	motifer/winstonClient.js::program:fileRotation	options	DIRECT	111669150109	options	METHOD_PARAMETER_IN	0	
68719480615	motifer/winstonClient.js	77	motifer/winstonClient.js::program:fileRotation	options	DIRECT	111669150109	options	METHOD_PARAMETER_IN	0	
68719480617	motifer/winstonClient.js	78	motifer/winstonClient.js::program:fileRotation	options	DIRECT	111669150109	options	METHOD_PARAMETER_IN	0	
68719480620	motifer/winstonClient.js	81	motifer/winstonClient.js::program:fileRotation	transport	DIRECT	94489281775	transport	LOCAL	0	
68719480621	motifer/winstonClient.js	85	motifer/winstonClient.js::program:winstonLoggerClient	logger	DIRECT	94489281778	logger	LOCAL	0	
68719480622	motifer/winstonClient.js	85	motifer/winstonClient.js::program:winstonLoggerClient	createLogger	CAPTURED	94489281751	createLogger	LOCAL	1	
68719480623	motifer/winstonClient.js	85	motifer/winstonClient.js::program:winstonLoggerClient	this	DIRECT	111669150110	this	METHOD_PARAMETER_IN	0	
68719480625	motifer/winstonClient.js	86	motifer/winstonClient.js::program:winstonLoggerClient	combine	CAPTURED	94489281757	combine	LOCAL	1	
68719480626	motifer/winstonClient.js	86	motifer/winstonClient.js::program:winstonLoggerClient	this	DIRECT	111669150110	this	METHOD_PARAMETER_IN	0	
68719480627	motifer/winstonClient.js	87	motifer/winstonClient.js::program:winstonLoggerClient	timestamp	CAPTURED	94489281758	timestamp	LOCAL	1	
68719480628	motifer/winstonClient.js	87	motifer/winstonClient.js::program:winstonLoggerClient	this	DIRECT	111669150110	this	METHOD_PARAMETER_IN	0	
68719480629	motifer/winstonClient.js	88	motifer/winstonClient.js::program:winstonLoggerClient	customFormat	CAPTURED	94489281770	customFormat	LOCAL	1	
68719480631	motifer/winstonClient.js	90	motifer/winstonClient.js::program:winstonLoggerClient	loggingLevels	CAPTURED	94489281766	loggingLevels	LOCAL	1	
68719480633	motifer/winstonClient.js	91	motifer/winstonClient.js::program:winstonLoggerClient	buildTransports	CAPTURED	94489281780	buildTransports	LOCAL	1	
68719480634	motifer/winstonClient.js	91	motifer/winstonClient.js::program:winstonLoggerClient	this	DIRECT	111669150110	this	METHOD_PARAMETER_IN	0	
68719480635	motifer/winstonClient.js	91	motifer/winstonClient.js::program:winstonLoggerClient	level	DIRECT	111669150111	level	METHOD_PARAMETER_IN	0	
68719480636	motifer/winstonClient.js	91	motifer/winstonClient.js::program:winstonLoggerClient	options	DIRECT	111669150112	options	METHOD_PARAMETER_IN	0	
68719480638	motifer/winstonClient.js	94	motifer/winstonClient.js::program:winstonLoggerClient	logger	DIRECT	94489281778	logger	LOCAL	0	
68719480639	motifer/winstonClient.js	106	motifer/winstonClient.js::program:<lambda>3:<lambda>4	element	DIRECT	111669150114	element	METHOD_PARAMETER_IN	0	
68719480640	motifer/winstonClient.js	107	motifer/winstonClient.js::program:<lambda>3:<lambda>4	_tmp_19	DIRECT	94489281811	_tmp_19	LOCAL	0	
68719480641	motifer/winstonClient.js	107	motifer/winstonClient.js::program:<lambda>3:<lambda>4	Error	CAPTURED	94489281796	Error	LOCAL	1	
68719480644	motifer/winstonClient.js	109	motifer/winstonClient.js::program:<lambda>3:<lambda>4	logLevel	CAPTURED	94489281782	logLevel	LOCAL	1	
68719480645	motifer/winstonClient.js	109	motifer/winstonClient.js::program:<lambda>3:<lambda>4	verifyLogLevel	CAPTURED	94489281792	verifyLogLevel	LOCAL	2	
68719480646	motifer/winstonClient.js	109	motifer/winstonClient.js::program:<lambda>3:<lambda>4	this	DIRECT	111669150113	this	METHOD_PARAMETER_IN	0	
68719480647	motifer/winstonClient.js	109	motifer/winstonClient.js::program:<lambda>3:<lambda>4	element	DIRECT	111669150114	element	METHOD_PARAMETER_IN	0	
68719480648	motifer/winstonClient.js	111	motifer/winstonClient.js::program:<lambda>3:<lambda>4	element	DIRECT	111669150114	element	METHOD_PARAMETER_IN	0	
68719480649	motifer/winstonClient.js	112	motifer/winstonClient.js::program:<lambda>3:<lambda>4	transport	DIRECT	94489281786	transport	LOCAL	0	
68719480650	motifer/winstonClient.js	112	motifer/winstonClient.js::program:<lambda>3:<lambda>4	fileRotation	CAPTURED	94489281774	fileRotation	LOCAL	2	
68719480651	motifer/winstonClient.js	112	motifer/winstonClient.js::program:<lambda>3:<lambda>4	this	DIRECT	111669150113	this	METHOD_PARAMETER_IN	0	
68719480652	motifer/winstonClient.js	112	motifer/winstonClient.js::program:<lambda>3:<lambda>4	element	DIRECT	111669150114	element	METHOD_PARAMETER_IN	0	
68719480653	motifer/winstonClient.js	113	motifer/winstonClient.js::program:<lambda>3:<lambda>4	transporters	CAPTURED	94489281781	transporters	LOCAL	1	
68719480654	motifer/winstonClient.js	113	motifer/winstonClient.js::program:<lambda>3:<lambda>4	transporters	CAPTURED	94489281781	transporters	LOCAL	1	
68719480655	motifer/winstonClient.js	113	motifer/winstonClient.js::program:<lambda>3:<lambda>4	transport	DIRECT	94489281786	transport	LOCAL	0	
68719480656	motifer/winstonClient.js	115	motifer/winstonClient.js::program:<lambda>3:<lambda>4	path	AMBIGUOUS					MULTIPLE_LIVE_ASSIGNMENTS_TO_RESOLVED_LOCAL
68719480657	motifer/winstonClient.js	115	motifer/winstonClient.js::program:<lambda>3:<lambda>4	element	DIRECT	111669150114	element	METHOD_PARAMETER_IN	0	
68719480658	motifer/winstonClient.js	116	motifer/winstonClient.js::program:<lambda>3:<lambda>4	element	DIRECT	111669150114	element	METHOD_PARAMETER_IN	0	
68719480659	motifer/winstonClient.js	117	motifer/winstonClient.js::program:<lambda>3:<lambda>4	path	AMBIGUOUS					MULTIPLE_LIVE_ASSIGNMENTS_TO_RESOLVED_LOCAL
68719480660	motifer/winstonClient.js	117	motifer/winstonClient.js::program:<lambda>3:<lambda>4	element	DIRECT	111669150114	element	METHOD_PARAMETER_IN	0	
68719480661	motifer/winstonClient.js	117	motifer/winstonClient.js::program:<lambda>3:<lambda>4	element	DIRECT	111669150114	element	METHOD_PARAMETER_IN	0	
68719480662	motifer/winstonClient.js	120	motifer/winstonClient.js::program:<lambda>3:<lambda>4	transport	DIRECT	94489281788	transport	LOCAL	0	
68719480663	motifer/winstonClient.js	120	motifer/winstonClient.js::program:<lambda>3:<lambda>4	_tmp_20	DIRECT	94489281805	_tmp_20	LOCAL	0	
68719480664	motifer/winstonClient.js	120	motifer/winstonClient.js::program:<lambda>3:<lambda>4	transports	CAPTURED	94489281753	transports	LOCAL	2	
68719480667	motifer/winstonClient.js	120	motifer/winstonClient.js::program:<lambda>3:<lambda>4	path	AMBIGUOUS					MULTIPLE_LIVE_ASSIGNMENTS_TO_RESOLVED_LOCAL
68719480669	motifer/winstonClient.js	120	motifer/winstonClient.js::program:<lambda>3:<lambda>4	logLevel	CAPTURED	94489281782	logLevel	LOCAL	1	
68719480672	motifer/winstonClient.js	121	motifer/winstonClient.js::program:<lambda>3:<lambda>4	transporters	CAPTURED	94489281781	transporters	LOCAL	1	
68719480673	motifer/winstonClient.js	121	motifer/winstonClient.js::program:<lambda>3:<lambda>4	transporters	CAPTURED	94489281781	transporters	LOCAL	1	
68719480674	motifer/winstonClient.js	121	motifer/winstonClient.js::program:<lambda>3:<lambda>4	transport	DIRECT	94489281788	transport	LOCAL	0	
68719480675	motifer/winstonClient.js	122	motifer/winstonClient.js::program:<lambda>3:<lambda>4	error	DIRECT	94489281799	error	LOCAL	0	
68719480676	motifer/winstonClient.js	124	motifer/winstonClient.js::program:<lambda>3:<lambda>4	console	DIRECT	94489281800	console	LOCAL	0	
68719480677	motifer/winstonClient.js	124	motifer/winstonClient.js::program:<lambda>3:<lambda>4	console	DIRECT	94489281800	console	LOCAL	0	
68719480678	motifer/winstonClient.js	124	motifer/winstonClient.js::program:<lambda>3:<lambda>4	path	AMBIGUOUS					MULTIPLE_LIVE_ASSIGNMENTS_TO_RESOLVED_LOCAL
68719480679	motifer/winstonClient.js	124	motifer/winstonClient.js::program:<lambda>3:<lambda>4	error	DIRECT	94489281799	error	LOCAL	0	
68719480680	motifer/winstonClient.js	98	motifer/winstonClient.js::program:buildTransports	transporters	DIRECT	94489281781	transporters	LOCAL	0	
68719480681	motifer/winstonClient.js	99	motifer/winstonClient.js::program:buildTransports	logLevel	DIRECT	94489281782	logLevel	LOCAL	0	
68719480682	motifer/winstonClient.js	99	motifer/winstonClient.js::program:buildTransports	verifyLogLevel	CAPTURED	94489281792	verifyLogLevel	LOCAL	1	
68719480683	motifer/winstonClient.js	99	motifer/winstonClient.js::program:buildTransports	this	DIRECT	111669150115	this	METHOD_PARAMETER_IN	0	
68719480684	motifer/winstonClient.js	99	motifer/winstonClient.js::program:buildTransports	level	DIRECT	111669150116	level	METHOD_PARAMETER_IN	0	
68719480685	motifer/winstonClient.js	101	motifer/winstonClient.js::program:buildTransports	transporters	DIRECT	94489281781	transporters	LOCAL	0	
68719480686	motifer/winstonClient.js	101	motifer/winstonClient.js::program:buildTransports	transporters	DIRECT	94489281781	transporters	LOCAL	0	
68719480687	motifer/winstonClient.js	101	motifer/winstonClient.js::program:buildTransports	_tmp_17	DIRECT	94489281812	_tmp_17	LOCAL	0	
68719480688	motifer/winstonClient.js	101	motifer/winstonClient.js::program:buildTransports	transports	CAPTURED	94489281753	transports	LOCAL	1	
68719480691	motifer/winstonClient.js	101	motifer/winstonClient.js::program:buildTransports	logLevel	DIRECT	94489281782	logLevel	LOCAL	0	
68719480694	motifer/winstonClient.js	103	motifer/winstonClient.js::program:buildTransports	options	DIRECT	111669150117	options	METHOD_PARAMETER_IN	0	
68719480695	motifer/winstonClient.js	103	motifer/winstonClient.js::program:buildTransports	options	DIRECT	111669150117	options	METHOD_PARAMETER_IN	0	
68719480696	motifer/winstonClient.js	103	motifer/winstonClient.js::program:buildTransports	Array	DIRECT	94489281798	Array	LOCAL	0	
68719480697	motifer/winstonClient.js	104	motifer/winstonClient.js::program:buildTransports	options	DIRECT	111669150117	options	METHOD_PARAMETER_IN	0	
68719480698	motifer/winstonClient.js	104	motifer/winstonClient.js::program:buildTransports	options	DIRECT	111669150117	options	METHOD_PARAMETER_IN	0	
68719480699	motifer/winstonClient.js	128	motifer/winstonClient.js::program:buildTransports	options	DIRECT	111669150117	options	METHOD_PARAMETER_IN	0	
68719480700	motifer/winstonClient.js	128	motifer/winstonClient.js::program:buildTransports	options	DIRECT	111669150117	options	METHOD_PARAMETER_IN	0	
68719480701	motifer/winstonClient.js	128	motifer/winstonClient.js::program:buildTransports	Array	DIRECT	94489281798	Array	LOCAL	0	
68719480702	motifer/winstonClient.js	129	motifer/winstonClient.js::program:buildTransports	_tmp_22	DIRECT	94489281797	_tmp_22	LOCAL	0	
68719480703	motifer/winstonClient.js	129	motifer/winstonClient.js::program:buildTransports	Error	DIRECT	94489281796	Error	LOCAL	0	
68719480706	motifer/winstonClient.js	131	motifer/winstonClient.js::program:buildTransports	transporters	DIRECT	94489281781	transporters	LOCAL	0	
68719480707	motifer/winstonClient.js	135	motifer/winstonClient.js::program:verifyLogLevel	logLevel	AMBIGUOUS					MULTIPLE_LIVE_ASSIGNMENTS_TO_RESOLVED_LOCAL
68719480708	motifer/winstonClient.js	135	motifer/winstonClient.js::program:verifyLogLevel	defaultLevel	CAPTURED	94489281763	defaultLevel	LOCAL	1	
68719480709	motifer/winstonClient.js	136	motifer/winstonClient.js::program:verifyLogLevel	level	DIRECT	111669150119	level	METHOD_PARAMETER_IN	0	
68719480710	motifer/winstonClient.js	137	motifer/winstonClient.js::program:verifyLogLevel	level	DIRECT	111669150119	level	METHOD_PARAMETER_IN	0	
68719480711	motifer/winstonClient.js	137	motifer/winstonClient.js::program:verifyLogLevel	level	DIRECT	111669150119	level	METHOD_PARAMETER_IN	0	
68719480712	motifer/winstonClient.js	137	motifer/winstonClient.js::program:verifyLogLevel	level	DIRECT	111669150119	level	METHOD_PARAMETER_IN	0	
68719480713	motifer/winstonClient.js	138	motifer/winstonClient.js::program:verifyLogLevel	logLevel	AMBIGUOUS					MULTIPLE_LIVE_ASSIGNMENTS_TO_RESOLVED_LOCAL
68719480714	motifer/winstonClient.js	138	motifer/winstonClient.js::program:verifyLogLevel	loggingLevels	CAPTURED	94489281766	loggingLevels	LOCAL	1	
68719480715	motifer/winstonClient.js	138	motifer/winstonClient.js::program:verifyLogLevel	level	DIRECT	111669150119	level	METHOD_PARAMETER_IN	0	
68719480716	motifer/winstonClient.js	138	motifer/winstonClient.js::program:verifyLogLevel	level	DIRECT	111669150119	level	METHOD_PARAMETER_IN	0	
68719480717	motifer/winstonClient.js	138	motifer/winstonClient.js::program:verifyLogLevel	level	DIRECT	111669150119	level	METHOD_PARAMETER_IN	0	
68719480718	motifer/winstonClient.js	138	motifer/winstonClient.js::program:verifyLogLevel	defaultLevel	CAPTURED	94489281763	defaultLevel	LOCAL	1	
68719480719	motifer/winstonClient.js	140	motifer/winstonClient.js::program:verifyLogLevel	logLevel	AMBIGUOUS					MULTIPLE_LIVE_ASSIGNMENTS_TO_RESOLVED_LOCAL
68719480720	motifer/winstonClient.js	2	motifer/winstonClient.js::program	httpContext	DIRECT	94489281748	httpContext	LOCAL	0	
68719480721	motifer/winstonClient.js	2	motifer/winstonClient.js::program	require	DIRECT	94489281835	require	LOCAL	0	
68719480722	motifer/winstonClient.js	2	motifer/winstonClient.js::program	this	DIRECT	111669150120	this	METHOD_PARAMETER_IN	0	
68719480723	motifer/winstonClient.js	3	motifer/winstonClient.js::program	_tmp_0	DIRECT	94489281750	_tmp_0	LOCAL	0	
68719480724	motifer/winstonClient.js	3	motifer/winstonClient.js::program	require	DIRECT	94489281835	require	LOCAL	0	
68719480725	motifer/winstonClient.js	3	motifer/winstonClient.js::program	this	DIRECT	111669150120	this	METHOD_PARAMETER_IN	0	
68719480726	motifer/winstonClient.js	3	motifer/winstonClient.js::program	createLogger	DIRECT	94489281751	createLogger	LOCAL	0	
68719480728	motifer/winstonClient.js	3	motifer/winstonClient.js::program	format	DIRECT	94489281752	format	LOCAL	0	
68719480730	motifer/winstonClient.js	3	motifer/winstonClient.js::program	transports	DIRECT	94489281753	transports	LOCAL	0	
68719480732	motifer/winstonClient.js	3	motifer/winstonClient.js::program	level	DIRECT	94489281754	level	LOCAL	0	
68719480735	motifer/winstonClient.js	4	motifer/winstonClient.js::program	_tmp_1	DIRECT	94489281756	_tmp_1	LOCAL	0	
68719480736	motifer/winstonClient.js	4	motifer/winstonClient.js::program	format	DIRECT	94489281752	format	LOCAL	0	
68719480737	motifer/winstonClient.js	4	motifer/winstonClient.js::program	combine	DIRECT	94489281757	combine	LOCAL	0	
68719480739	motifer/winstonClient.js	4	motifer/winstonClient.js::program	timestamp	DIRECT	94489281758	timestamp	LOCAL	0	
68719480741	motifer/winstonClient.js	4	motifer/winstonClient.js::program	label	DIRECT	94489281759	label	LOCAL	0	
68719480743	motifer/winstonClient.js	4	motifer/winstonClient.js::program	printf	DIRECT	94489281760	printf	LOCAL	0	
68719480745	motifer/winstonClient.js	4	motifer/winstonClient.js::program	align	DIRECT	94489281761	align	LOCAL	0	
68719480747	motifer/winstonClient.js	4	motifer/winstonClient.js::program	colorize	DIRECT	94489281762	colorize	LOCAL	0	
68719480750	motifer/winstonClient.js	6	motifer/winstonClient.js::program	defaultLevel	DIRECT	94489281763	defaultLevel	LOCAL	0	
68719480751	motifer/winstonClient.js	7	motifer/winstonClient.js::program	REQUEST_ID	DIRECT	94489281764	REQUEST_ID	LOCAL	0	
68719480752	motifer/winstonClient.js	8	motifer/winstonClient.js::program	DailyRotateFile	DIRECT	94489281765	DailyRotateFile	LOCAL	0	
68719480753	motifer/winstonClient.js	8	motifer/winstonClient.js::program	require	DIRECT	94489281835	require	LOCAL	0	
68719480754	motifer/winstonClient.js	8	motifer/winstonClient.js::program	this	DIRECT	111669150120	this	METHOD_PARAMETER_IN	0	
68719480755	motifer/winstonClient.js	10	motifer/winstonClient.js::program	loggingLevels	DIRECT	94489281766	loggingLevels	LOCAL	0	
68719480770	motifer/winstonClient.js	26	motifer/winstonClient.js::program	maskedLevels	DIRECT	94489281768	maskedLevels	LOCAL	0	
68719480774	motifer/winstonClient.js	31	motifer/winstonClient.js::program	customFormat	DIRECT	94489281770	customFormat	LOCAL	0	
68719480775	motifer/winstonClient.js	31	motifer/winstonClient.js::program	printf	DIRECT	94489281760	printf	LOCAL	0	
68719480776	motifer/winstonClient.js	31	motifer/winstonClient.js::program	this	DIRECT	111669150120	this	METHOD_PARAMETER_IN	0	
68719480777	motifer/winstonClient.js	69	motifer/winstonClient.js::program	fileRotation	DIRECT	94489281774	fileRotation	LOCAL	0	
68719480778	motifer/winstonClient.js	84	motifer/winstonClient.js::program	exports	DIRECT	94489281819	exports	LOCAL	0	
68719480779	motifer/winstonClient.js	97	motifer/winstonClient.js::program	buildTransports	DIRECT	94489281780	buildTransports	LOCAL	0	
68719480780	motifer/winstonClient.js	134	motifer/winstonClient.js::program	verifyLogLevel	DIRECT	94489281792	verifyLogLevel	LOCAL	0	
68719480781	ms/index.js	49	ms/index.js::program:parse	str	DIRECT	111669150122	str	METHOD_PARAMETER_IN	0	
68719480782	ms/index.js	49	ms/index.js::program:parse	str	DIRECT	111669150122	str	METHOD_PARAMETER_IN	0	
68719480783	ms/index.js	50	ms/index.js::program:parse	str	DIRECT	111669150122	str	METHOD_PARAMETER_IN	0	
68719480784	ms/index.js	53	ms/index.js::program:parse	match	DIRECT	94489281837	match	LOCAL	0	
68719480785	ms/index.js	53	ms/index.js::program:parse	_tmp_0	DIRECT	94489281881	_tmp_0	LOCAL	0	
68719480786	ms/index.js	53	ms/index.js::program:parse	_tmp_0	DIRECT	94489281881	_tmp_0	LOCAL	0	
68719480787	ms/index.js	54	ms/index.js::program:parse	str	DIRECT	111669150122	str	METHOD_PARAMETER_IN	0	
68719480788	ms/index.js	56	ms/index.js::program:parse	match	DIRECT	94489281837	match	LOCAL	0	
68719480789	ms/index.js	59	ms/index.js::program:parse	n	DIRECT	94489281838	n	LOCAL	0	
68719480790	ms/index.js	59	ms/index.js::program:parse	match	DIRECT	94489281837	match	LOCAL	0	
68719480791	ms/index.js	60	ms/index.js::program:parse	type	DIRECT	94489281839	type	LOCAL	0	
68719480792	ms/index.js	60	ms/index.js::program:parse	_tmp_1	DIRECT	94489281880	_tmp_1	LOCAL	0	
68719480793	ms/index.js	60	ms/index.js::program:parse	match	DIRECT	94489281837	match	LOCAL	0	
68719480794	ms/index.js	60	ms/index.js::program:parse	_tmp_1	DIRECT	94489281880	_tmp_1	LOCAL	0	
68719480795	ms/index.js	61	ms/index.js::program:parse	type	DIRECT	94489281839	type	LOCAL	0	
68719480796	ms/index.js	67	ms/index.js::program:parse	n	DIRECT	94489281838	n	LOCAL	0	
68719480797	ms/index.js	67	ms/index.js::program:parse	y	CAPTURED	94489281851	y	LOCAL	1	
68719480798	ms/index.js	71	ms/index.js::program:parse	n	DIRECT	94489281838	n	LOCAL	0	
68719480799	ms/index.js	71	ms/index.js::program:parse	w	CAPTURED	94489281850	w	LOCAL	1	
68719480800	ms/index.js	75	ms/index.js::program:parse	n	DIRECT	94489281838	n	LOCAL	0	
68719480801	ms/index.js	75	ms/index.js::program:parse	d	CAPTURED	94489281849	d	LOCAL	1	
68719480802	ms/index.js	81	ms/index.js::program:parse	n	DIRECT	94489281838	n	LOCAL	0	
68719480803	ms/index.js	81	ms/index.js::program:parse	h	CAPTURED	94489281848	h	LOCAL	1	
68719480804	ms/index.js	87	ms/index.js::program:parse	n	DIRECT	94489281838	n	LOCAL	0	
68719480805	ms/index.js	87	ms/index.js::program:parse	m	CAPTURED	94489281847	m	LOCAL	1	
68719480806	ms/index.js	93	ms/index.js::program:parse	n	DIRECT	94489281838	n	LOCAL	0	
68719480807	ms/index.js	93	ms/index.js::program:parse	s	CAPTURED	94489281846	s	LOCAL	1	
68719480808	ms/index.js	99	ms/index.js::program:parse	n	DIRECT	94489281838	n	LOCAL	0	
68719480809	ms/index.js	101	ms/index.js::program:parse	undefined	DIRECT	94489281873	undefined	LOCAL	0	
68719480810	ms/index.js	114	ms/index.js::program:fmtShort	msAbs	DIRECT	94489281841	msAbs	LOCAL	0	
68719480811	ms/index.js	114	ms/index.js::program:fmtShort	Math	DIRECT	94489281869	Math	LOCAL	0	
68719480812	ms/index.js	114	ms/index.js::program:fmtShort	Math	DIRECT	94489281869	Math	LOCAL	0	
68719480813	ms/index.js	114	ms/index.js::program:fmtShort	ms	DIRECT	111669150124	ms	METHOD_PARAMETER_IN	0	
68719480814	ms/index.js	115	ms/index.js::program:fmtShort	msAbs	DIRECT	94489281841	msAbs	LOCAL	0	
68719480815	ms/index.js	115	ms/index.js::program:fmtShort	d	CAPTURED	94489281849	d	LOCAL	1	
68719480816	ms/index.js	116	ms/index.js::program:fmtShort	Math	DIRECT	94489281869	Math	LOCAL	0	
68719480817	ms/index.js	116	ms/index.js::program:fmtShort	Math	DIRECT	94489281869	Math	LOCAL	0	
68719480818	ms/index.js	116	ms/index.js::program:fmtShort	ms	DIRECT	111669150124	ms	METHOD_PARAMETER_IN	0	
68719480819	ms/index.js	116	ms/index.js::program:fmtShort	d	CAPTURED	94489281849	d	LOCAL	1	
68719480820	ms/index.js	118	ms/index.js::program:fmtShort	msAbs	DIRECT	94489281841	msAbs	LOCAL	0	
68719480821	ms/index.js	118	ms/index.js::program:fmtShort	h	CAPTURED	94489281848	h	LOCAL	1	
68719480822	ms/index.js	119	ms/index.js::program:fmtShort	Math	DIRECT	94489281869	Math	LOCAL	0	
68719480823	ms/index.js	119	ms/index.js::program:fmtShort	Math	DIRECT	94489281869	Math	LOCAL	0	
68719480824	ms/index.js	119	ms/index.js::program:fmtShort	ms	DIRECT	111669150124	ms	METHOD_PARAMETER_IN	0	
68719480825	ms/index.js	119	ms/index.js::program:fmtShort	h	CAPTURED	94489281848	h	LOCAL	1	
68719480826	ms/index.js	121	ms/index.js::program:fmtShort	msAbs	DIRECT	94489281841	msAbs	LOCAL	0	
68719480827	ms/index.js	121	ms/index.js::program:fmtShort	m	CAPTURED	94489281847	m	LOCAL	1	
68719480828	ms/index.js	122	ms/index.js::program:fmtShort	Math	DIRECT	94489281869	Math	LOCAL	0	
68719480829	ms/index.js	122	ms/index.js::program:fmtShort	Math	DIRECT	94489281869	Math	LOCAL	0	
68719480830	ms/index.js	122	ms/index.js::program:fmtShort	ms	DIRECT	111669150124	ms	METHOD_PARAMETER_IN	0	
68719480831	ms/index.js	122	ms/index.js::program:fmtShort	m	CAPTURED	94489281847	m	LOCAL	1	
68719480832	ms/index.js	124	ms/index.js::program:fmtShort	msAbs	DIRECT	94489281841	msAbs	LOCAL	0	
68719480833	ms/index.js	124	ms/index.js::program:fmtShort	s	CAPTURED	94489281846	s	LOCAL	1	
68719480834	ms/index.js	125	ms/index.js::program:fmtShort	Math	DIRECT	94489281869	Math	LOCAL	0	
68719480835	ms/index.js	125	ms/index.js::program:fmtShort	Math	DIRECT	94489281869	Math	LOCAL	0	
68719480836	ms/index.js	125	ms/index.js::program:fmtShort	ms	DIRECT	111669150124	ms	METHOD_PARAMETER_IN	0	
68719480837	ms/index.js	125	ms/index.js::program:fmtShort	s	CAPTURED	94489281846	s	LOCAL	1	
68719480838	ms/index.js	127	ms/index.js::program:fmtShort	ms	DIRECT	111669150124	ms	METHOD_PARAMETER_IN	0	
68719480839	ms/index.js	139	ms/index.js::program:fmtLong	msAbs	DIRECT	94489281843	msAbs	LOCAL	0	
68719480840	ms/index.js	139	ms/index.js::program:fmtLong	Math	DIRECT	94489281867	Math	LOCAL	0	
68719480841	ms/index.js	139	ms/index.js::program:fmtLong	Math	DIRECT	94489281867	Math	LOCAL	0	
68719480842	ms/index.js	139	ms/index.js::program:fmtLong	ms	DIRECT	111669150126	ms	METHOD_PARAMETER_IN	0	
68719480843	ms/index.js	140	ms/index.js::program:fmtLong	msAbs	DIRECT	94489281843	msAbs	LOCAL	0	
68719480844	ms/index.js	140	ms/index.js::program:fmtLong	d	CAPTURED	94489281849	d	LOCAL	1	
68719480845	ms/index.js	141	ms/index.js::program:fmtLong	plural	CAPTURED	94489281844	plural	LOCAL	1	
68719480846	ms/index.js	141	ms/index.js::program:fmtLong	this	DIRECT	111669150125	this	METHOD_PARAMETER_IN	0	
68719480847	ms/index.js	141	ms/index.js::program:fmtLong	ms	DIRECT	111669150126	ms	METHOD_PARAMETER_IN	0	
68719480848	ms/index.js	141	ms/index.js::program:fmtLong	msAbs	DIRECT	94489281843	msAbs	LOCAL	0	
68719480849	ms/index.js	141	ms/index.js::program:fmtLong	d	CAPTURED	94489281849	d	LOCAL	1	
68719480850	ms/index.js	143	ms/index.js::program:fmtLong	msAbs	DIRECT	94489281843	msAbs	LOCAL	0	
68719480851	ms/index.js	143	ms/index.js::program:fmtLong	h	CAPTURED	94489281848	h	LOCAL	1	
68719480852	ms/index.js	144	ms/index.js::program:fmtLong	plural	CAPTURED	94489281844	plural	LOCAL	1	
68719480853	ms/index.js	144	ms/index.js::program:fmtLong	this	DIRECT	111669150125	this	METHOD_PARAMETER_IN	0	
68719480854	ms/index.js	144	ms/index.js::program:fmtLong	ms	DIRECT	111669150126	ms	METHOD_PARAMETER_IN	0	
68719480855	ms/index.js	144	ms/index.js::program:fmtLong	msAbs	DIRECT	94489281843	msAbs	LOCAL	0	
68719480856	ms/index.js	144	ms/index.js::program:fmtLong	h	CAPTURED	94489281848	h	LOCAL	1	
68719480857	ms/index.js	146	ms/index.js::program:fmtLong	msAbs	DIRECT	94489281843	msAbs	LOCAL	0	
68719480858	ms/index.js	146	ms/index.js::program:fmtLong	m	CAPTURED	94489281847	m	LOCAL	1	
68719480859	ms/index.js	147	ms/index.js::program:fmtLong	plural	CAPTURED	94489281844	plural	LOCAL	1	
68719480860	ms/index.js	147	ms/index.js::program:fmtLong	this	DIRECT	111669150125	this	METHOD_PARAMETER_IN	0	
68719480861	ms/index.js	147	ms/index.js::program:fmtLong	ms	DIRECT	111669150126	ms	METHOD_PARAMETER_IN	0	
68719480862	ms/index.js	147	ms/index.js::program:fmtLong	msAbs	DIRECT	94489281843	msAbs	LOCAL	0	
68719480863	ms/index.js	147	ms/index.js::program:fmtLong	m	CAPTURED	94489281847	m	LOCAL	1	
68719480864	ms/index.js	149	ms/index.js::program:fmtLong	msAbs	DIRECT	94489281843	msAbs	LOCAL	0	
68719480865	ms/index.js	149	ms/index.js::program:fmtLong	s	CAPTURED	94489281846	s	LOCAL	1	
68719480866	ms/index.js	150	ms/index.js::program:fmtLong	plural	CAPTURED	94489281844	plural	LOCAL	1	
68719480867	ms/index.js	150	ms/index.js::program:fmtLong	this	DIRECT	111669150125	this	METHOD_PARAMETER_IN	0	
68719480868	ms/index.js	150	ms/index.js::program:fmtLong	ms	DIRECT	111669150126	ms	METHOD_PARAMETER_IN	0	
68719480869	ms/index.js	150	ms/index.js::program:fmtLong	msAbs	DIRECT	94489281843	msAbs	LOCAL	0	
68719480870	ms/index.js	150	ms/index.js::program:fmtLong	s	CAPTURED	94489281846	s	LOCAL	1	
68719480871	ms/index.js	152	ms/index.js::program:fmtLong	ms	DIRECT	111669150126	ms	METHOD_PARAMETER_IN	0	
68719480872	ms/index.js	160	ms/index.js::program:plural	isPlural	DIRECT	94489281845	isPlural	LOCAL	0	
68719480873	ms/index.js	160	ms/index.js::program:plural	msAbs	DIRECT	111669150129	msAbs	METHOD_PARAMETER_IN	0	
68719480874	ms/index.js	160	ms/index.js::program:plural	n	DIRECT	111669150130	n	METHOD_PARAMETER_IN	0	
68719480875	ms/index.js	161	ms/index.js::program:plural	Math	DIRECT	94489281861	Math	LOCAL	0	
68719480876	ms/index.js	161	ms/index.js::program:plural	Math	DIRECT	94489281861	Math	LOCAL	0	
68719480877	ms/index.js	161	ms/index.js::program:plural	ms	DIRECT	111669150128	ms	METHOD_PARAMETER_IN	0	
68719480878	ms/index.js	161	ms/index.js::program:plural	n	DIRECT	111669150130	n	METHOD_PARAMETER_IN	0	
68719480879	ms/index.js	161	ms/index.js::program:plural	name	DIRECT	111669150131	name	METHOD_PARAMETER_IN	0	
68719480880	ms/index.js	161	ms/index.js::program:plural	isPlural	DIRECT	94489281845	isPlural	LOCAL	0	
68719480881	ms/index.js	27	ms/index.js::program:<lambda>0	options	DIRECT	111669150134	options	METHOD_PARAMETER_IN	0	
68719480882	ms/index.js	27	ms/index.js::program:<lambda>0	options	DIRECT	111669150134	options	METHOD_PARAMETER_IN	0	
68719480884	ms/index.js	28	ms/index.js::program:<lambda>0	type	DIRECT	94489281853	type	LOCAL	0	
68719480885	ms/index.js	28	ms/index.js::program:<lambda>0	val	DIRECT	111669150133	val	METHOD_PARAMETER_IN	0	
68719480886	ms/index.js	29	ms/index.js::program:<lambda>0	type	DIRECT	94489281853	type	LOCAL	0	
68719480887	ms/index.js	29	ms/index.js::program:<lambda>0	val	DIRECT	111669150133	val	METHOD_PARAMETER_IN	0	
68719480888	ms/index.js	30	ms/index.js::program:<lambda>0	parse	CAPTURED	94489281836	parse	LOCAL	1	
68719480889	ms/index.js	30	ms/index.js::program:<lambda>0	this	DIRECT	111669150132	this	METHOD_PARAMETER_IN	0	
68719480890	ms/index.js	30	ms/index.js::program:<lambda>0	val	DIRECT	111669150133	val	METHOD_PARAMETER_IN	0	
68719480891	ms/index.js	31	ms/index.js::program:<lambda>0	type	DIRECT	94489281853	type	LOCAL	0	
68719480892	ms/index.js	31	ms/index.js::program:<lambda>0	val	DIRECT	111669150133	val	METHOD_PARAMETER_IN	0	
68719480893	ms/index.js	32	ms/index.js::program:<lambda>0	options	DIRECT	111669150134	options	METHOD_PARAMETER_IN	0	
68719480894	ms/index.js	32	ms/index.js::program:<lambda>0	fmtLong	CAPTURED	94489281842	fmtLong	LOCAL	1	
68719480895	ms/index.js	32	ms/index.js::program:<lambda>0	this	DIRECT	111669150132	this	METHOD_PARAMETER_IN	0	
68719480896	ms/index.js	32	ms/index.js::program:<lambda>0	val	DIRECT	111669150133	val	METHOD_PARAMETER_IN	0	
68719480897	ms/index.js	32	ms/index.js::program:<lambda>0	fmtShort	CAPTURED	94489281840	fmtShort	LOCAL	1	
68719480898	ms/index.js	32	ms/index.js::program:<lambda>0	this	DIRECT	111669150132	this	METHOD_PARAMETER_IN	0	
68719480899	ms/index.js	32	ms/index.js::program:<lambda>0	val	DIRECT	111669150133	val	METHOD_PARAMETER_IN	0	
68719480900	ms/index.js	34	ms/index.js::program:<lambda>0	_tmp_3	DIRECT	94489281856	_tmp_3	LOCAL	0	
68719480901	ms/index.js	34	ms/index.js::program:<lambda>0	Error	DIRECT	94489281855	Error	LOCAL	0	
68719480903	ms/index.js	36	ms/index.js::program:<lambda>0	val	DIRECT	111669150133	val	METHOD_PARAMETER_IN	0	
68719480905	ms/index.js	48	ms/index.js::program	parse	DIRECT	94489281836	parse	LOCAL	0	
68719480906	ms/index.js	113	ms/index.js::program	fmtShort	DIRECT	94489281840	fmtShort	LOCAL	0	
68719480907	ms/index.js	138	ms/index.js::program	fmtLong	DIRECT	94489281842	fmtLong	LOCAL	0	
68719480908	ms/index.js	159	ms/index.js::program	plural	DIRECT	94489281844	plural	LOCAL	0	
68719480909	ms/index.js	5	ms/index.js::program	s	DIRECT	94489281846	s	LOCAL	0	
68719480910	ms/index.js	6	ms/index.js::program	m	DIRECT	94489281847	m	LOCAL	0	
68719480911	ms/index.js	6	ms/index.js::program	s	DIRECT	94489281846	s	LOCAL	0	
68719480912	ms/index.js	7	ms/index.js::program	h	DIRECT	94489281848	h	LOCAL	0	
68719480913	ms/index.js	7	ms/index.js::program	m	DIRECT	94489281847	m	LOCAL	0	
68719480914	ms/index.js	8	ms/index.js::program	d	DIRECT	94489281849	d	LOCAL	0	
68719480915	ms/index.js	8	ms/index.js::program	h	DIRECT	94489281848	h	LOCAL	0	
68719480916	ms/index.js	9	ms/index.js::program	w	DIRECT	94489281850	w	LOCAL	0	
68719480917	ms/index.js	9	ms/index.js::program	d	DIRECT	94489281849	d	LOCAL	0	
68719480918	ms/index.js	10	ms/index.js::program	y	DIRECT	94489281851	y	LOCAL	0	
68719480919	ms/index.js	10	ms/index.js::program	d	DIRECT	94489281849	d	LOCAL	0	
68719480920	ms/index.js	26	ms/index.js::program	module	DIRECT	94489281860	module	LOCAL	0	
