30064771072	107374182400	bmFwaV90eXBlb2Y=	bmFwaV90eXBlb2Y=	U1RBVElDX0RJU1BBVENI	QU5Z	bmFwaV90eXBlb2YoZW52LCB2YWx1ZSwgJnR5cGUp	YmluZGluZ3MuY3Bw	78	107374182557	bmFwaV90eXBlb2Y=
30064771073	107374182400	PG9wZXJhdG9yPi5hZGRyZXNzT2Y=	PG9wZXJhdG9yPi5hZGRyZXNzT2Y=	U1RBVElDX0RJU1BBVENI	QU5Z	JnR5cGU=	YmluZGluZ3MuY3Bw	78	107374182558	PG9wZXJhdG9yPi5hZGRyZXNzT2Y=
30064771074	107374182400	PG9wZXJhdG9yPi5lcXVhbHM=	PG9wZXJhdG9yPi5lcXVhbHM=	U1RBVElDX0RJU1BBVENI	QU5Z	dHlwZSA9PSBuYXBpX3N0cmluZw==	YmluZGluZ3MuY3Bw	79	107374182559	PG9wZXJhdG9yPi5lcXVhbHM=
30064771075	107374182402	bmFwaV9pc19idWZmZXI=	bmFwaV9pc19idWZmZXI=	U1RBVElDX0RJU1BBVENI	QU5Z	bmFwaV9pc19idWZmZXIoZW52LCB2YWx1ZSwgJmlzQnVmZmVyKQ==	YmluZGluZ3MuY3Bw	87	107374182560	bmFwaV9pc19idWZmZXI=
30064771076	107374182402	PG9wZXJhdG9yPi5hZGRyZXNzT2Y=	PG9wZXJhdG9yPi5hZGRyZXNzT2Y=	U1RBVElDX0RJU1BBVENI	QU5Z	JmlzQnVmZmVy	YmluZGluZ3MuY3Bw	87	107374182558	PG9wZXJhdG9yPi5hZGRyZXNzT2Y=
30064771077	107374182403	bmFwaV90eXBlb2Y=	bmFwaV90eXBlb2Y=	U1RBVElDX0RJU1BBVENI	QU5Z	bmFwaV90eXBlb2YoZW52LCB2YWx1ZSwgJnR5cGUp	YmluZGluZ3MuY3Bw	96	107374182557	bmFwaV90eXBlb2Y=
30064771078	107374182403	PG9wZXJhdG9yPi5hZGRyZXNzT2Y=	PG9wZXJhdG9yPi5hZGRyZXNzT2Y=	U1RBVElDX0RJU1BBVENI	QU5Z	JnR5cGU=	YmluZGluZ3MuY3Bw	96	107374182558	PG9wZXJhdG9yPi5hZGRyZXNzT2Y=
30064771079	107374182403	PG9wZXJhdG9yPi5lcXVhbHM=	PG9wZXJhdG9yPi5lcXVhbHM=	U1RBVElDX0RJU1BBVENI	QU5Z	dHlwZSA9PSBuYXBpX29iamVjdA==	YmluZGluZ3MuY3Bw	97	107374182559	PG9wZXJhdG9yPi5lcXVhbHM=
30064771080	107374182404	bmFwaV9jcmVhdGVfc3RyaW5nX3V0Zjg=	PHVucmVzb2x2ZWROYW1lc3BhY2U+Lm5hcGlfY3JlYXRlX3N0cmluZ191dGY4Ojx1bnJlc29sdmVkU2lnbmF0dXJlPig0KQ==	U1RBVElDX0RJU1BBVENI	QU5Z	bmFwaV9jcmVhdGVfc3RyaW5nX3V0ZjgoZW52LCBzdHIsIHN0cmxlbihzdHIpLCAmbXNnKQ==	YmluZGluZ3MuY3Bw	105	107374182561	PHVucmVzb2x2ZWROYW1lc3BhY2U+Lm5hcGlfY3JlYXRlX3N0cmluZ191dGY4Ojx1bnJlc29sdmVkU2lnbmF0dXJlPig0KQ==
30064771083	107374182404	bmFwaV9jcmVhdGVfZXJyb3I=	PHVucmVzb2x2ZWROYW1lc3BhY2U+Lm5hcGlfY3JlYXRlX2Vycm9yOjx1bnJlc29sdmVkU2lnbmF0dXJlPig0KQ==	U1RBVElDX0RJU1BBVENI	QU5Z	bmFwaV9jcmVhdGVfZXJyb3IoZW52LCBOVUxMLCBtc2csICZlcnJvcik=	YmluZGluZ3MuY3Bw	107	107374182563	PHVucmVzb2x2ZWROYW1lc3BhY2U+Lm5hcGlfY3JlYXRlX2Vycm9yOjx1bnJlc29sdmVkU2lnbmF0dXJlPig0KQ==
30064771081	107374182404	c3RybGVu	PHVucmVzb2x2ZWROYW1lc3BhY2U+LnN0cmxlbjo8dW5yZXNvbHZlZFNpZ25hdHVyZT4oMSk=	U1RBVElDX0RJU1BBVENI	QU5Z	c3RybGVuKHN0cik=	YmluZGluZ3MuY3Bw	105	107374182562	PHVucmVzb2x2ZWROYW1lc3BhY2U+LnN0cmxlbjo8dW5yZXNvbHZlZFNpZ25hdHVyZT4oMSk=
30064771082	107374182404	PG9wZXJhdG9yPi5hZGRyZXNzT2Y=	PG9wZXJhdG9yPi5hZGRyZXNzT2Y=	U1RBVElDX0RJU1BBVENI	QU5Z	Jm1zZw==	YmluZGluZ3MuY3Bw	105	107374182558	PG9wZXJhdG9yPi5hZGRyZXNzT2Y=
30064771084	107374182404	PG9wZXJhdG9yPi5hZGRyZXNzT2Y=	PG9wZXJhdG9yPi5hZGRyZXNzT2Y=	U1RBVElDX0RJU1BBVENI	QU5Z	JmVycm9y	YmluZGluZ3MuY3Bw	107	107374182558	PG9wZXJhdG9yPi5hZGRyZXNzT2Y=
30064771085	107374182405	PG9wZXJhdG9yPi5hc3NpZ25tZW50	PG9wZXJhdG9yPi5hc3NpZ25tZW50	U1RBVElDX0RJU1BBVENI	dm9pZA==	aGFzID0gZmFsc2U=	YmluZGluZ3MuY3Bw	115	107374182564	PG9wZXJhdG9yPi5hc3NpZ25tZW50
30064771086	107374182405	bmFwaV9oYXNfbmFtZWRfcHJvcGVydHk=	bmFwaV9oYXNfbmFtZWRfcHJvcGVydHk=	U1RBVElDX0RJU1BBVENI	QU5Z	bmFwaV9oYXNfbmFtZWRfcHJvcGVydHkoZW52LCBvYmosIGtleSwgJmhhcyk=	YmluZGluZ3MuY3Bw	116	107374182565	bmFwaV9oYXNfbmFtZWRfcHJvcGVydHk=
30064771087	107374182405	PG9wZXJhdG9yPi5hZGRyZXNzT2Y=	PG9wZXJhdG9yPi5hZGRyZXNzT2Y=	U1RBVElDX0RJU1BBVENI	QU5Z	Jmhhcw==	YmluZGluZ3MuY3Bw	116	107374182558	PG9wZXJhdG9yPi5hZGRyZXNzT2Y=
30064771088	107374182406	bmFwaV9nZXRfbmFtZWRfcHJvcGVydHk=	bmFwaV9nZXRfbmFtZWRfcHJvcGVydHk=	U1RBVElDX0RJU1BBVENI	QU5Z	bmFwaV9nZXRfbmFtZWRfcHJvcGVydHkoZW52LCBvYmosIGtleSwgJnZhbHVlKQ==	YmluZGluZ3MuY3Bw	125	107374182566	bmFwaV9nZXRfbmFtZWRfcHJvcGVydHk=
30064771089	107374182406	PG9wZXJhdG9yPi5hZGRyZXNzT2Y=	PG9wZXJhdG9yPi5hZGRyZXNzT2Y=	U1RBVElDX0RJU1BBVENI	QU5Z	JnZhbHVl	YmluZGluZ3MuY3Bw	125	107374182558	PG9wZXJhdG9yPi5hZGRyZXNzT2Y=
30064771090	107374182407	SGFzUHJvcGVydHk=	SGFzUHJvcGVydHk6Ym9vbChuYXBpX2Vudl9fKixuYXBpX3ZhbHVlX18qLGNoYXIqKQ==	U1RBVElDX0RJU1BBVENI	Ym9vbA==	SGFzUHJvcGVydHkoZW52LCBvYmosIGtleSk=	YmluZGluZ3MuY3Bw	135	107374182567	SGFzUHJvcGVydHk6Ym9vbChuYXBpX2Vudl9fKixuYXBpX3ZhbHVlX18qLGNoYXIqKQ==
30064771091	107374182407	PG9wZXJhdG9yPi5hc3NpZ25tZW50	PG9wZXJhdG9yPi5hc3NpZ25tZW50	U1RBVElDX0RJU1BBVENI	dm9pZA==	dmFsdWUgPSBHZXRQcm9wZXJ0eShlbnYsIG9iaiwga2V5KQ==	YmluZGluZ3MuY3Bw	136	107374182564	PG9wZXJhdG9yPi5hc3NpZ25tZW50
30064771093	107374182407	bmFwaV9nZXRfdmFsdWVfYm9vbA==	bmFwaV9nZXRfdmFsdWVfYm9vbA==	U1RBVElDX0RJU1BBVENI	QU5Z	bmFwaV9nZXRfdmFsdWVfYm9vbChlbnYsIHZhbHVlLCAmcmVzdWx0KQ==	YmluZGluZ3MuY3Bw	138	107374182569	bmFwaV9nZXRfdmFsdWVfYm9vbA==
30064771092	107374182407	R2V0UHJvcGVydHk=	R2V0UHJvcGVydHk6bmFwaV92YWx1ZV9fKihuYXBpX2Vudl9fKixuYXBpX3ZhbHVlX18qLGNoYXIqKQ==	U1RBVElDX0RJU1BBVENI	bmFwaV92YWx1ZV9fKg==	R2V0UHJvcGVydHkoZW52LCBvYmosIGtleSk=	YmluZGluZ3MuY3Bw	136	107374182568	R2V0UHJvcGVydHk6bmFwaV92YWx1ZV9fKihuYXBpX2Vudl9fKixuYXBpX3ZhbHVlX18qLGNoYXIqKQ==
30064771094	107374182407	PG9wZXJhdG9yPi5hZGRyZXNzT2Y=	PG9wZXJhdG9yPi5hZGRyZXNzT2Y=	U1RBVElDX0RJU1BBVENI	QU5Z	JnJlc3VsdA==	YmluZGluZ3MuY3Bw	138	107374182558	PG9wZXJhdG9yPi5hZGRyZXNzT2Y=
30064771095	107374182408	SGFzUHJvcGVydHk=	SGFzUHJvcGVydHk6Ym9vbChuYXBpX2Vudl9fKixuYXBpX3ZhbHVlX18qLGNoYXIqKQ==	U1RBVElDX0RJU1BBVENI	Ym9vbA==	SGFzUHJvcGVydHkoZW52LCBvYmosIGtleSk=	YmluZGluZ3MuY3Bw	151	107374182567	SGFzUHJvcGVydHk6Ym9vbChuYXBpX2Vudl9fKixuYXBpX3ZhbHVlX18qLGNoYXIqKQ==
30064771096	107374182408	PG9wZXJhdG9yPi5hc3NpZ25tZW50	PG9wZXJhdG9yPi5hc3NpZ25tZW50	U1RBVElDX0RJU1BBVENI	dm9pZA==	dmFsdWUgPSBHZXRQcm9wZXJ0eShlbnYsIG9iaiwga2V5KQ==	YmluZGluZ3MuY3Bw	152	107374182564	PG9wZXJhdG9yPi5hc3NpZ25tZW50
30064771098	107374182408	bmFwaV9nZXRfdmFsdWVfdWludDMy	bmFwaV9nZXRfdmFsdWVfdWludDMy	U1RBVElDX0RJU1BBVENI	QU5Z	bmFwaV9nZXRfdmFsdWVfdWludDMyKGVudiwgdmFsdWUsICZyZXN1bHQp	YmluZGluZ3MuY3Bw	154	107374182570	bmFwaV9nZXRfdmFsdWVfdWludDMy
30064771097	107374182408	R2V0UHJvcGVydHk=	R2V0UHJvcGVydHk6bmFwaV92YWx1ZV9fKihuYXBpX2Vudl9fKixuYXBpX3ZhbHVlX18qLGNoYXIqKQ==	U1RBVElDX0RJU1BBVENI	bmFwaV92YWx1ZV9fKg==	R2V0UHJvcGVydHkoZW52LCBvYmosIGtleSk=	YmluZGluZ3MuY3Bw	152	107374182568	R2V0UHJvcGVydHk6bmFwaV92YWx1ZV9fKihuYXBpX2Vudl9fKixuYXBpX3ZhbHVlX18qLGNoYXIqKQ==
30064771099	107374182408	PG9wZXJhdG9yPi5hZGRyZXNzT2Y=	PG9wZXJhdG9yPi5hZGRyZXNzT2Y=	U1RBVElDX0RJU1BBVENI	QU5Z	JnJlc3VsdA==	YmluZGluZ3MuY3Bw	154	107374182558	PG9wZXJhdG9yPi5hZGRyZXNzT2Y=
30064771100	107374182409	SGFzUHJvcGVydHk=	SGFzUHJvcGVydHk6Ym9vbChuYXBpX2Vudl9fKixuYXBpX3ZhbHVlX18qLGNoYXIqKQ==	U1RBVElDX0RJU1BBVENI	Ym9vbA==	SGFzUHJvcGVydHkoZW52LCBvYmosIGtleSk=	YmluZGluZ3MuY3Bw	167	107374182567	SGFzUHJvcGVydHk6Ym9vbChuYXBpX2Vudl9fKixuYXBpX3ZhbHVlX18qLGNoYXIqKQ==
30064771101	107374182409	PG9wZXJhdG9yPi5hc3NpZ25tZW50	PG9wZXJhdG9yPi5hc3NpZ25tZW50	U1RBVElDX0RJU1BBVENI	dm9pZA==	dmFsdWUgPSBHZXRQcm9wZXJ0eShlbnYsIG9iaiwga2V5KQ==	YmluZGluZ3MuY3Bw	168	107374182564	PG9wZXJhdG9yPi5hc3NpZ25tZW50
30064771103	107374182409	bmFwaV9nZXRfdmFsdWVfaW50MzI=	PHVucmVzb2x2ZWROYW1lc3BhY2U+Lm5hcGlfZ2V0X3ZhbHVlX2ludDMyOjx1bnJlc29sdmVkU2lnbmF0dXJlPigzKQ==	U1RBVElDX0RJU1BBVENI	QU5Z	bmFwaV9nZXRfdmFsdWVfaW50MzIoZW52LCB2YWx1ZSwgJnJlc3VsdCk=	YmluZGluZ3MuY3Bw	170	107374182571	PHVucmVzb2x2ZWROYW1lc3BhY2U+Lm5hcGlfZ2V0X3ZhbHVlX2ludDMyOjx1bnJlc29sdmVkU2lnbmF0dXJlPigzKQ==
30064771102	107374182409	R2V0UHJvcGVydHk=	R2V0UHJvcGVydHk6bmFwaV92YWx1ZV9fKihuYXBpX2Vudl9fKixuYXBpX3ZhbHVlX18qLGNoYXIqKQ==	U1RBVElDX0RJU1BBVENI	bmFwaV92YWx1ZV9fKg==	R2V0UHJvcGVydHkoZW52LCBvYmosIGtleSk=	YmluZGluZ3MuY3Bw	168	107374182568	R2V0UHJvcGVydHk6bmFwaV92YWx1ZV9fKihuYXBpX2Vudl9fKixuYXBpX3ZhbHVlX18qLGNoYXIqKQ==
30064771104	107374182409	PG9wZXJhdG9yPi5hZGRyZXNzT2Y=	PG9wZXJhdG9yPi5hZGRyZXNzT2Y=	U1RBVElDX0RJU1BBVENI	QU5Z	JnJlc3VsdA==	YmluZGluZ3MuY3Bw	170	107374182558	PG9wZXJhdG9yPi5hZGRyZXNzT2Y=
30064771105	107374182410	SGFzUHJvcGVydHk=	SGFzUHJvcGVydHk6Ym9vbChuYXBpX2Vudl9fKixuYXBpX3ZhbHVlX18qLGNoYXIqKQ==	U1RBVElDX0RJU1BBVENI	Ym9vbA==	SGFzUHJvcGVydHkoZW52LCBvYmosIGtleSk=	YmluZGluZ3MuY3Bw	182	107374182567	SGFzUHJvcGVydHk6Ym9vbChuYXBpX2Vudl9fKixuYXBpX3ZhbHVlX18qLGNoYXIqKQ==
30064771106	107374182410	PG9wZXJhdG9yPi5hc3NpZ25tZW50	PG9wZXJhdG9yPi5hc3NpZ25tZW50	U1RBVElDX0RJU1BBVENI	dm9pZA==	dmFsdWUgPSBHZXRQcm9wZXJ0eShlbnYsIG9iaiwga2V5KQ==	YmluZGluZ3MuY3Bw	183	107374182564	PG9wZXJhdG9yPi5hc3NpZ25tZW50
30064771107	107374182410	R2V0UHJvcGVydHk=	R2V0UHJvcGVydHk6bmFwaV92YWx1ZV9fKihuYXBpX2Vudl9fKixuYXBpX3ZhbHVlX18qLGNoYXIqKQ==	U1RBVElDX0RJU1BBVENI	bmFwaV92YWx1ZV9fKg==	R2V0UHJvcGVydHkoZW52LCBvYmosIGtleSk=	YmluZGluZ3MuY3Bw	183	107374182568	R2V0UHJvcGVydHk6bmFwaV92YWx1ZV9fKihuYXBpX2Vudl9fKixuYXBpX3ZhbHVlX18qLGNoYXIqKQ==
30064771108	107374182410	SXNTdHJpbmc=	SXNTdHJpbmc6Ym9vbChuYXBpX2Vudl9fKixuYXBpX3ZhbHVlX18qKQ==	U1RBVElDX0RJU1BBVENI	Ym9vbA==	SXNTdHJpbmcoZW52LCB2YWx1ZSk=	YmluZGluZ3MuY3Bw	184	107374182572	SXNTdHJpbmc6Ym9vbChuYXBpX2Vudl9fKixuYXBpX3ZhbHVlX18qKQ==
30064771109	107374182410	PG9wZXJhdG9yPi5hc3NpZ25tZW50	PG9wZXJhdG9yPi5hc3NpZ25tZW50	U1RBVElDX0RJU1BBVENI	dm9pZA==	c2l6ZSA9IDA=	YmluZGluZ3MuY3Bw	185	107374182564	PG9wZXJhdG9yPi5hc3NpZ25tZW50
30064771110	107374182410	bmFwaV9nZXRfdmFsdWVfc3RyaW5nX3V0Zjg=	PHVucmVzb2x2ZWROYW1lc3BhY2U+Lm5hcGlfZ2V0X3ZhbHVlX3N0cmluZ191dGY4Ojx1bnJlc29sdmVkU2lnbmF0dXJlPig1KQ==	U1RBVElDX0RJU1BBVENI	QU5Z	bmFwaV9nZXRfdmFsdWVfc3RyaW5nX3V0ZjgoZW52LCB2YWx1ZSwgTlVMTCwgMCwgJnNpemUp	YmluZGluZ3MuY3Bw	186	107374182573	PHVucmVzb2x2ZWROYW1lc3BhY2U+Lm5hcGlfZ2V0X3ZhbHVlX3N0cmluZ191dGY4Ojx1bnJlc29sdmVkU2lnbmF0dXJlPig1KQ==
30064771112	107374182410	PG9wZXJhdG9yPi5hc3NpZ25tZW50	PG9wZXJhdG9yPi5hc3NpZ25tZW50	U1RBVElDX0RJU1BBVENI	dm9pZA==	YnVmID0gbmV3IGNoYXJbc2l6ZSArIDFd	YmluZGluZ3MuY3Bw	188	107374182564	PG9wZXJhdG9yPi5hc3NpZ25tZW50
30064771116	107374182410	bmFwaV9nZXRfdmFsdWVfc3RyaW5nX3V0Zjg=	bmFwaV9nZXRfdmFsdWVfc3RyaW5nX3V0Zjg=	U1RBVElDX0RJU1BBVENI	QU5Z	bmFwaV9nZXRfdmFsdWVfc3RyaW5nX3V0ZjgoZW52LCB2YWx1ZSwgYnVmLCBzaXplICsgMSwgJnNpemUp	YmluZGluZ3MuY3Bw	189	107374182577	bmFwaV9nZXRfdmFsdWVfc3RyaW5nX3V0Zjg=
30064771119	107374182410	PG9wZXJhdG9yPi5hc3NpZ25tZW50	PG9wZXJhdG9yPi5hc3NpZ25tZW50	U1RBVElDX0RJU1BBVENI	QU5Z	YnVmW3NpemVdID0gJ1wwJw==	YmluZGluZ3MuY3Bw	190	107374182564	PG9wZXJhdG9yPi5hc3NpZ25tZW50
30064771121	107374182410	PG9wZXJhdG9yPi5hc3NpZ25tZW50	PG9wZXJhdG9yPi5hc3NpZ25tZW50	U1RBVElDX0RJU1BBVENI	dm9pZA==	cmVzdWx0ID0gYnVm	YmluZGluZ3MuY3Bw	192	107374182564	PG9wZXJhdG9yPi5hc3NpZ25tZW50
30064771122	107374182410	PG9wZXJhdG9yPi5kZWxldGU=	PG9wZXJhdG9yPi5kZWxldGU=	U1RBVElDX0RJU1BBVENI	dm9pZA==	ZGVsZXRlIFtdIGJ1Zg==	YmluZGluZ3MuY3Bw	193	107374182579	PG9wZXJhdG9yPi5kZWxldGU=
30064771111	107374182410	PG9wZXJhdG9yPi5hZGRyZXNzT2Y=	PG9wZXJhdG9yPi5hZGRyZXNzT2Y=	U1RBVElDX0RJU1BBVENI	QU5Z	JnNpemU=	YmluZGluZ3MuY3Bw	186	107374182558	PG9wZXJhdG9yPi5hZGRyZXNzT2Y=
30064771113	107374182410	PG9wZXJhdG9yPi5uZXc=	PG9wZXJhdG9yPi5uZXc=	U1RBVElDX0RJU1BBVENI	QU5Z	bmV3IGNoYXJbc2l6ZSArIDFd	YmluZGluZ3MuY3Bw	188	107374182574	PG9wZXJhdG9yPi5uZXc=
30064771117	107374182410	PG9wZXJhdG9yPi5hZGRpdGlvbg==	PG9wZXJhdG9yPi5hZGRpdGlvbg==	U1RBVElDX0RJU1BBVENI	QU5Z	c2l6ZSArIDE=	YmluZGluZ3MuY3Bw	189	107374182576	PG9wZXJhdG9yPi5hZGRpdGlvbg==
30064771118	107374182410	PG9wZXJhdG9yPi5hZGRyZXNzT2Y=	PG9wZXJhdG9yPi5hZGRyZXNzT2Y=	U1RBVElDX0RJU1BBVENI	QU5Z	JnNpemU=	YmluZGluZ3MuY3Bw	189	107374182558	PG9wZXJhdG9yPi5hZGRyZXNzT2Y=
30064771120	107374182410	PG9wZXJhdG9yPi5pbmRpcmVjdEluZGV4QWNjZXNz	PG9wZXJhdG9yPi5pbmRpcmVjdEluZGV4QWNjZXNz	U1RBVElDX0RJU1BBVENI	QU5Z	YnVmW3NpemVd	YmluZGluZ3MuY3Bw	190	107374182578	PG9wZXJhdG9yPi5pbmRpcmVjdEluZGV4QWNjZXNz
30064771114	107374182410	PG9wZXJhdG9yPi5hbGxvYw==	PG9wZXJhdG9yPi5hbGxvYw==	U1RBVElDX0RJU1BBVENI	QU5Z	bmV3IGNoYXJbc2l6ZSArIDFd	YmluZGluZ3MuY3Bw	188	107374182575	PG9wZXJhdG9yPi5hbGxvYw==
30064771115	107374182410	PG9wZXJhdG9yPi5hZGRpdGlvbg==	PG9wZXJhdG9yPi5hZGRpdGlvbg==	U1RBVElDX0RJU1BBVENI	QU5Z	c2l6ZSArIDE=	YmluZGluZ3MuY3Bw	188	107374182576	PG9wZXJhdG9yPi5hZGRpdGlvbg==
30064771123	107374182411	PG9wZXJhdG9yPi5sb2dpY2FsTm90	PG9wZXJhdG9yPi5sb2dpY2FsTm90	U1RBVElDX0RJU1BBVENI	QU5Z	IXNsaWNlLmVtcHR5KCk=	YmluZGluZ3MuY3Bw	202	107374182580	PG9wZXJhdG9yPi5sb2dpY2FsTm90
30064771124	107374182411	ZW1wdHk=	PHVucmVzb2x2ZWROYW1lc3BhY2U+LmVtcHR5Ojx1bnJlc29sdmVkU2lnbmF0dXJlPigwKQ==	U1RBVElDX0RJU1BBVENI	QU5Z	c2xpY2UuZW1wdHkoKQ==	YmluZGluZ3MuY3Bw	202	107374182581	PHVucmVzb2x2ZWROYW1lc3BhY2U+LmVtcHR5Ojx1bnJlc29sdmVkU2lnbmF0dXJlPigwKQ==
30064771125	107374182411	PG9wZXJhdG9yPi5kZWxldGU=	PG9wZXJhdG9yPi5kZWxldGU=	U1RBVElDX0RJU1BBVENI	dm9pZA==	ZGVsZXRlIFtdIHNsaWNlLmRhdGEoKQ==	YmluZGluZ3MuY3Bw	202	107374182579	PG9wZXJhdG9yPi5kZWxldGU=
30064771126	107374182411	ZGF0YQ==	PHVucmVzb2x2ZWROYW1lc3BhY2U+LmRhdGE6PHVucmVzb2x2ZWRTaWduYXR1cmU+KDAp	U1RBVElDX0RJU1BBVENI	QU5Z	c2xpY2UuZGF0YSgp	YmluZGluZ3MuY3Bw	202	107374182582	PHVucmVzb2x2ZWROYW1lc3BhY2U+LmRhdGE6PHVucmVzb2x2ZWRTaWduYXR1cmU+KDAp
30064771127	107374182412	TERfU1RSSU5HX09SX0JVRkZFUl9UT19DT1BZ	YmluZGluZ3MuY3BwOkxEX1NUUklOR19PUl9CVUZGRVJfVE9fQ09QWTpBTlkoMyk=	SU5MSU5FRA==	QU5Z	TERfU1RSSU5HX09SX0JVRkZFUl9UT19DT1BZKGVudiwgZnJvbSwgdG8p	YmluZGluZ3MuY3Bw	209	107374182546	YmluZGluZ3MuY3BwOkxEX1NUUklOR19PUl9CVUZGRVJfVE9fQ09QWTpBTlkoMyk=
30064771129	107374182412	PG9wZXJhdG9yPi5hc3NpZ25tZW50	PG9wZXJhdG9yPi5hc3NpZ25tZW50	U1RBVElDX0RJU1BBVENI	dm9pZA==	c2l6ZV90	YmluZGluZ3MuY3Bw	209	107374182564	PG9wZXJhdG9yPi5hc3NpZ25tZW50
30064771130	107374182412	SXNTdHJpbmc=	SXNTdHJpbmc6Ym9vbChuYXBpX2Vudl9fKixuYXBpX3ZhbHVlX18qKQ==	U1RBVElDX0RJU1BBVENI	Ym9vbA==	SXNTdHJpbmcoZW52LCBmcm9tKQ==	YmluZGluZ3MuY3Bw	209	107374182572	SXNTdHJpbmc6Ym9vbChuYXBpX2Vudl9fKixuYXBpX3ZhbHVlX18qKQ==
30064771152	107374182412	U2xpY2U=	PHVucmVzb2x2ZWROYW1lc3BhY2U+LlNsaWNlOjx1bnJlc29sdmVkU2lnbmF0dXJlPigyKQ==	U1RBVElDX0RJU1BBVENI	QU5Z	bGV2ZWxkYjo6U2xpY2UodG9DaF8sIHRvU3pfKQ==	YmluZGluZ3MuY3Bw	210	107374182587	PHVucmVzb2x2ZWROYW1lc3BhY2U+LlNsaWNlOjx1bnJlc29sdmVkU2lnbmF0dXJlPigyKQ==
30064771128	107374182412	PG9wZXJhdG9yPi5hc3NpZ25tZW50	PG9wZXJhdG9yPi5hc3NpZ25tZW50	U1RBVElDX0RJU1BBVENI	dm9pZA==	Y2hhciAq	YmluZGluZ3MuY3Bw	209	107374182564	PG9wZXJhdG9yPi5hc3NpZ25tZW50
30064771131	107374182412	bmFwaV9nZXRfdmFsdWVfc3RyaW5nX3V0Zjg=	PHVucmVzb2x2ZWROYW1lc3BhY2U+Lm5hcGlfZ2V0X3ZhbHVlX3N0cmluZ191dGY4Ojx1bnJlc29sdmVkU2lnbmF0dXJlPig1KQ==	U1RBVElDX0RJU1BBVENI	QU5Z	bmFwaV9nZXRfdmFsdWVfc3RyaW5nX3V0ZjgoZW52LCBmcm9tLCBOVUxMLCAwLCAmdG9Tel8p	YmluZGluZ3MuY3Bw	209	107374182573	PHVucmVzb2x2ZWROYW1lc3BhY2U+Lm5hcGlfZ2V0X3ZhbHVlX3N0cmluZ191dGY4Ojx1bnJlc29sdmVkU2lnbmF0dXJlPig1KQ==
30064771133	107374182412	PG9wZXJhdG9yPi5hc3NpZ25tZW50	PG9wZXJhdG9yPi5hc3NpZ25tZW50	U1RBVElDX0RJU1BBVENI	QU5Z	dG9DaF8gPSBuZXcgY2hhciBbXQ==	YmluZGluZ3MuY3Bw	209	107374182564	PG9wZXJhdG9yPi5hc3NpZ25tZW50
30064771137	107374182412	bmFwaV9nZXRfdmFsdWVfc3RyaW5nX3V0Zjg=	bmFwaV9nZXRfdmFsdWVfc3RyaW5nX3V0Zjg=	U1RBVElDX0RJU1BBVENI	QU5Z	bmFwaV9nZXRfdmFsdWVfc3RyaW5nX3V0ZjgoZW52LCBmcm9tLCB0b0NoXywgdG9Tel8gKyAxLCAmdG9Tel8p	YmluZGluZ3MuY3Bw	209	107374182577	bmFwaV9nZXRfdmFsdWVfc3RyaW5nX3V0Zjg=
30064771140	107374182412	PG9wZXJhdG9yPi5hc3NpZ25tZW50	PG9wZXJhdG9yPi5hc3NpZ25tZW50	U1RBVElDX0RJU1BBVENI	QU5Z	dG9DaF9bdG9Tel9dID0gJ1wwJw==	YmluZGluZ3MuY3Bw	209	107374182564	PG9wZXJhdG9yPi5hc3NpZ25tZW50
30064771132	107374182412	PG9wZXJhdG9yPi5hZGRyZXNzT2Y=	PG9wZXJhdG9yPi5hZGRyZXNzT2Y=	U1RBVElDX0RJU1BBVENI	QU5Z	JnRvU3pf	YmluZGluZ3MuY3Bw	209	107374182558	PG9wZXJhdG9yPi5hZGRyZXNzT2Y=
30064771134	107374182412	PG9wZXJhdG9yPi5uZXc=	PG9wZXJhdG9yPi5uZXc=	U1RBVElDX0RJU1BBVENI	QU5Z	bmV3IGNoYXIgW10=	YmluZGluZ3MuY3Bw	209	107374182574	PG9wZXJhdG9yPi5uZXc=
30064771138	107374182412	PG9wZXJhdG9yPi5hZGRpdGlvbg==	PG9wZXJhdG9yPi5hZGRpdGlvbg==	U1RBVElDX0RJU1BBVENI	QU5Z	dG9Tel8gKyAx	YmluZGluZ3MuY3Bw	209	107374182576	PG9wZXJhdG9yPi5hZGRpdGlvbg==
30064771139	107374182412	PG9wZXJhdG9yPi5hZGRyZXNzT2Y=	PG9wZXJhdG9yPi5hZGRyZXNzT2Y=	U1RBVElDX0RJU1BBVENI	QU5Z	JnRvU3pf	YmluZGluZ3MuY3Bw	209	107374182558	PG9wZXJhdG9yPi5hZGRyZXNzT2Y=
30064771141	107374182412	PG9wZXJhdG9yPi5pbmRpcmVjdEluZGV4QWNjZXNz	PG9wZXJhdG9yPi5pbmRpcmVjdEluZGV4QWNjZXNz	U1RBVElDX0RJU1BBVENI	QU5Z	dG9DaF9bdG9Tel9d	YmluZGluZ3MuY3Bw	209	107374182578	PG9wZXJhdG9yPi5pbmRpcmVjdEluZGV4QWNjZXNz
30064771142	107374182412	SXNCdWZmZXI=	SXNCdWZmZXI6Ym9vbChuYXBpX2Vudl9fKixuYXBpX3ZhbHVlX18qKQ==	U1RBVElDX0RJU1BBVENI	Ym9vbA==	SXNCdWZmZXIoZW52LCBmcm9tKQ==	YmluZGluZ3MuY3Bw	209	107374182583	SXNCdWZmZXI6Ym9vbChuYXBpX2Vudl9fKixuYXBpX3ZhbHVlX18qKQ==
30064771135	107374182412	PG9wZXJhdG9yPi5hbGxvYw==	PG9wZXJhdG9yPi5hbGxvYw==	U1RBVElDX0RJU1BBVENI	QU5Z	bmV3IGNoYXIgW10=	YmluZGluZ3MuY3Bw	209	107374182575	PG9wZXJhdG9yPi5hbGxvYw==
30064771143	107374182412	PG9wZXJhdG9yPi5hc3NpZ25tZW50	PG9wZXJhdG9yPi5hc3NpZ25tZW50	U1RBVElDX0RJU1BBVENI	dm9pZA==	Y2hhciAq	YmluZGluZ3MuY3Bw	209	107374182564	PG9wZXJhdG9yPi5hc3NpZ25tZW50
30064771144	107374182412	bmFwaV9nZXRfYnVmZmVyX2luZm8=	bmFwaV9nZXRfYnVmZmVyX2luZm8=	U1RBVElDX0RJU1BBVENI	QU5Z	bmFwaV9nZXRfYnVmZmVyX2luZm8oZW52LCBmcm9tLCAodm9pZCAqICopJmJ1ZiwgJnRvU3pfKQ==	YmluZGluZ3MuY3Bw	209	107374182584	bmFwaV9nZXRfYnVmZmVyX2luZm8=
30064771148	107374182412	PG9wZXJhdG9yPi5hc3NpZ25tZW50	PG9wZXJhdG9yPi5hc3NpZ25tZW50	U1RBVElDX0RJU1BBVENI	QU5Z	dG9DaF8gPSBuZXcgY2hhciBbXQ==	YmluZGluZ3MuY3Bw	209	107374182564	PG9wZXJhdG9yPi5hc3NpZ25tZW50
30064771151	107374182412	bWVtY3B5	PHVucmVzb2x2ZWROYW1lc3BhY2U+Lm1lbWNweTo8dW5yZXNvbHZlZFNpZ25hdHVyZT4oMyk=	U1RBVElDX0RJU1BBVENI	QU5Z	bWVtY3B5KHRvQ2hfLCBidWYsIHRvU3pfKQ==	YmluZGluZ3MuY3Bw	209	107374182586	PHVucmVzb2x2ZWROYW1lc3BhY2U+Lm1lbWNweTo8dW5yZXNvbHZlZFNpZ25hdHVyZT4oMyk=
30064771136	107374182412	PG9wZXJhdG9yPi5hZGRpdGlvbg==	PG9wZXJhdG9yPi5hZGRpdGlvbg==	U1RBVElDX0RJU1BBVENI	QU5Z	dG9Tel8gKyAx	YmluZGluZ3MuY3Bw	209	107374182576	PG9wZXJhdG9yPi5hZGRpdGlvbg==
30064771145	107374182412	PG9wZXJhdG9yPi5jYXN0	PG9wZXJhdG9yPi5jYXN0	U1RBVElDX0RJU1BBVENI	dm9pZA==	KHZvaWQgKiAqKSZidWY=	YmluZGluZ3MuY3Bw	209	107374182585	PG9wZXJhdG9yPi5jYXN0
30064771147	107374182412	PG9wZXJhdG9yPi5hZGRyZXNzT2Y=	PG9wZXJhdG9yPi5hZGRyZXNzT2Y=	U1RBVElDX0RJU1BBVENI	QU5Z	JnRvU3pf	YmluZGluZ3MuY3Bw	209	107374182558	PG9wZXJhdG9yPi5hZGRyZXNzT2Y=
30064771149	107374182412	PG9wZXJhdG9yPi5uZXc=	PG9wZXJhdG9yPi5uZXc=	U1RBVElDX0RJU1BBVENI	QU5Z	bmV3IGNoYXIgW10=	YmluZGluZ3MuY3Bw	209	107374182574	PG9wZXJhdG9yPi5uZXc=
30064771146	107374182412	PG9wZXJhdG9yPi5hZGRyZXNzT2Y=	PG9wZXJhdG9yPi5hZGRyZXNzT2Y=	U1RBVElDX0RJU1BBVENI	QU5Z	JmJ1Zg==	YmluZGluZ3MuY3Bw	209	107374182558	PG9wZXJhdG9yPi5hZGRyZXNzT2Y=
30064771150	107374182412	PG9wZXJhdG9yPi5hbGxvYw==	PG9wZXJhdG9yPi5hbGxvYw==	U1RBVElDX0RJU1BBVENI	QU5Z	bmV3IGNoYXIgW10=	YmluZGluZ3MuY3Bw	209	107374182575	PG9wZXJhdG9yPi5hbGxvYw==
30064771153	107374182413	PG9wZXJhdG9yPi5hc3NpZ25tZW50	PG9wZXJhdG9yPi5hc3NpZ25tZW50	U1RBVElDX0RJU1BBVENI	dm9pZA==	c2l6ZSA9IDA=	YmluZGluZ3MuY3Bw	217	107374182564	PG9wZXJhdG9yPi5hc3NpZ25tZW50
30064771154	107374182413	SXNTdHJpbmc=	SXNTdHJpbmc6Ym9vbChuYXBpX2Vudl9fKixuYXBpX3ZhbHVlX18qKQ==	U1RBVElDX0RJU1BBVENI	Ym9vbA==	SXNTdHJpbmcoZW52LCB2YWx1ZSk=	YmluZGluZ3MuY3Bw	219	107374182572	SXNTdHJpbmc6Ym9vbChuYXBpX2Vudl9fKixuYXBpX3ZhbHVlX18qKQ==
30064771155	107374182413	bmFwaV9nZXRfdmFsdWVfc3RyaW5nX3V0Zjg=	PHVucmVzb2x2ZWROYW1lc3BhY2U+Lm5hcGlfZ2V0X3ZhbHVlX3N0cmluZ191dGY4Ojx1bnJlc29sdmVkU2lnbmF0dXJlPig1KQ==	U1RBVElDX0RJU1BBVENI	QU5Z	bmFwaV9nZXRfdmFsdWVfc3RyaW5nX3V0ZjgoZW52LCB2YWx1ZSwgTlVMTCwgMCwgJnNpemUp	YmluZGluZ3MuY3Bw	220	107374182573	PHVucmVzb2x2ZWROYW1lc3BhY2U+Lm5hcGlfZ2V0X3ZhbHVlX3N0cmluZ191dGY4Ojx1bnJlc29sdmVkU2lnbmF0dXJlPig1KQ==
30064771156	107374182413	PG9wZXJhdG9yPi5hZGRyZXNzT2Y=	PG9wZXJhdG9yPi5hZGRyZXNzT2Y=	U1RBVElDX0RJU1BBVENI	QU5Z	JnNpemU=	YmluZGluZ3MuY3Bw	220	107374182558	PG9wZXJhdG9yPi5hZGRyZXNzT2Y=
30064771157	107374182413	SXNCdWZmZXI=	SXNCdWZmZXI6Ym9vbChuYXBpX2Vudl9fKixuYXBpX3ZhbHVlX18qKQ==	U1RBVElDX0RJU1BBVENI	Ym9vbA==	SXNCdWZmZXIoZW52LCB2YWx1ZSk=	YmluZGluZ3MuY3Bw	221	107374182583	SXNCdWZmZXI6Ym9vbChuYXBpX2Vudl9fKixuYXBpX3ZhbHVlX18qKQ==
30064771158	107374182413	bmFwaV9nZXRfYnVmZmVyX2luZm8=	bmFwaV9nZXRfYnVmZmVyX2luZm8=	U1RBVElDX0RJU1BBVENI	QU5Z	bmFwaV9nZXRfYnVmZmVyX2luZm8oZW52LCB2YWx1ZSwgKHZvaWQgKiopJmJ1ZiwgJnNpemUp	YmluZGluZ3MuY3Bw	223	107374182584	bmFwaV9nZXRfYnVmZmVyX2luZm8=
30064771159	107374182413	PG9wZXJhdG9yPi5jYXN0	PG9wZXJhdG9yPi5jYXN0	U1RBVElDX0RJU1BBVENI	dm9pZA==	KHZvaWQgKiopJmJ1Zg==	YmluZGluZ3MuY3Bw	223	107374182585	PG9wZXJhdG9yPi5jYXN0
30064771161	107374182413	PG9wZXJhdG9yPi5hZGRyZXNzT2Y=	PG9wZXJhdG9yPi5hZGRyZXNzT2Y=	U1RBVElDX0RJU1BBVENI	QU5Z	JnNpemU=	YmluZGluZ3MuY3Bw	223	107374182558	PG9wZXJhdG9yPi5hZGRyZXNzT2Y=
30064771160	107374182413	PG9wZXJhdG9yPi5hZGRyZXNzT2Y=	PG9wZXJhdG9yPi5hZGRyZXNzT2Y=	U1RBVElDX0RJU1BBVENI	QU5Z	JmJ1Zg==	YmluZGluZ3MuY3Bw	223	107374182558	PG9wZXJhdG9yPi5hZGRyZXNzT2Y=
30064771162	107374182414	SGFzUHJvcGVydHk=	SGFzUHJvcGVydHk6Ym9vbChuYXBpX2Vudl9fKixuYXBpX3ZhbHVlX18qLGNoYXIqKQ==	U1RBVElDX0RJU1BBVENI	Ym9vbA==	SGFzUHJvcGVydHkoZW52LCBvcHRzLCBuYW1lKQ==	YmluZGluZ3MuY3Bw	234	107374182567	SGFzUHJvcGVydHk6Ym9vbChuYXBpX2Vudl9fKixuYXBpX3ZhbHVlX18qLGNoYXIqKQ==
30064771163	107374182414	PG9wZXJhdG9yPi5hc3NpZ25tZW50	PG9wZXJhdG9yPi5hc3NpZ25tZW50	U1RBVElDX0RJU1BBVENI	dm9pZA==	dmFsdWUgPSBHZXRQcm9wZXJ0eShlbnYsIG9wdHMsIG5hbWUp	YmluZGluZ3MuY3Bw	235	107374182564	PG9wZXJhdG9yPi5hc3NpZ25tZW50
30064771164	107374182414	R2V0UHJvcGVydHk=	R2V0UHJvcGVydHk6bmFwaV92YWx1ZV9fKihuYXBpX2Vudl9fKixuYXBpX3ZhbHVlX18qLGNoYXIqKQ==	U1RBVElDX0RJU1BBVENI	bmFwaV92YWx1ZV9fKg==	R2V0UHJvcGVydHkoZW52LCBvcHRzLCBuYW1lKQ==	YmluZGluZ3MuY3Bw	235	107374182568	R2V0UHJvcGVydHk6bmFwaV92YWx1ZV9fKihuYXBpX2Vudl9fKixuYXBpX3ZhbHVlX18qLGNoYXIqKQ==
30064771165	107374182414	PG9wZXJhdG9yPi5ncmVhdGVyVGhhbg==	PG9wZXJhdG9yPi5ncmVhdGVyVGhhbg==	U1RBVElDX0RJU1BBVENI	QU5Z	U3RyaW5nT3JCdWZmZXJMZW5ndGgoZW52LCB2YWx1ZSkgPiAw	YmluZGluZ3MuY3Bw	237	107374182588	PG9wZXJhdG9yPi5ncmVhdGVyVGhhbg==
30064771166	107374182414	U3RyaW5nT3JCdWZmZXJMZW5ndGg=	U3RyaW5nT3JCdWZmZXJMZW5ndGg6QU5ZKG5hcGlfZW52X18qLG5hcGlfdmFsdWVfXyop	U1RBVElDX0RJU1BBVENI	QU5Z	U3RyaW5nT3JCdWZmZXJMZW5ndGgoZW52LCB2YWx1ZSk=	YmluZGluZ3MuY3Bw	237	107374182589	U3RyaW5nT3JCdWZmZXJMZW5ndGg6QU5ZKG5hcGlfZW52X18qLG5hcGlfdmFsdWVfXyop
30064771167	107374182414	TERfU1RSSU5HX09SX0JVRkZFUl9UT19DT1BZ	YmluZGluZ3MuY3BwOkxEX1NUUklOR19PUl9CVUZGRVJfVE9fQ09QWTpBTlkoMyk=	SU5MSU5FRA==	QU5Z	TERfU1RSSU5HX09SX0JVRkZFUl9UT19DT1BZKGVudiwgdmFsdWUsIHRvKQ==	YmluZGluZ3MuY3Bw	238	107374182546	YmluZGluZ3MuY3BwOkxEX1NUUklOR19PUl9CVUZGRVJfVE9fQ09QWTpBTlkoMyk=
30064771169	107374182414	PG9wZXJhdG9yPi5hc3NpZ25tZW50	PG9wZXJhdG9yPi5hc3NpZ25tZW50	U1RBVElDX0RJU1BBVENI	dm9pZA==	c2l6ZV90	YmluZGluZ3MuY3Bw	238	107374182564	PG9wZXJhdG9yPi5hc3NpZ25tZW50
30064771192	107374182414	PG9wZXJhdG9yPi5hc3NpZ25tZW50	PG9wZXJhdG9yPi5hc3NpZ25tZW50	U1RBVElDX0RJU1BBVENI	dm9pZA==	cmVzdWx0ID0gbmV3IHN0ZDo6c3RyaW5nKHRvQ2hfLCB0b1N6Xyk=	YmluZGluZ3MuY3Bw	239	107374182564	PG9wZXJhdG9yPi5hc3NpZ25tZW50
30064771198	107374182414	PG9wZXJhdG9yPi5kZWxldGU=	PG9wZXJhdG9yPi5kZWxldGU=	U1RBVElDX0RJU1BBVENI	dm9pZA==	ZGVsZXRlIFtdIHRvQ2hf	YmluZGluZ3MuY3Bw	240	107374182579	PG9wZXJhdG9yPi5kZWxldGU=
30064771170	107374182414	SXNTdHJpbmc=	SXNTdHJpbmc6Ym9vbChuYXBpX2Vudl9fKixuYXBpX3ZhbHVlX18qKQ==	U1RBVElDX0RJU1BBVENI	Ym9vbA==	SXNTdHJpbmcoZW52LCB2YWx1ZSk=	YmluZGluZ3MuY3Bw	238	107374182572	SXNTdHJpbmc6Ym9vbChuYXBpX2Vudl9fKixuYXBpX3ZhbHVlX18qKQ==
30064771193	107374182414	PG9wZXJhdG9yPi5uZXc=	PG9wZXJhdG9yPi5uZXc=	U1RBVElDX0RJU1BBVENI	QU5Z	bmV3IHN0ZDo6c3RyaW5nKHRvQ2hfLCB0b1N6Xyk=	YmluZGluZ3MuY3Bw	239	107374182574	PG9wZXJhdG9yPi5uZXc=
30064771168	107374182414	PG9wZXJhdG9yPi5hc3NpZ25tZW50	PG9wZXJhdG9yPi5hc3NpZ25tZW50	U1RBVElDX0RJU1BBVENI	dm9pZA==	Y2hhciAq	YmluZGluZ3MuY3Bw	238	107374182564	PG9wZXJhdG9yPi5hc3NpZ25tZW50
30064771171	107374182414	bmFwaV9nZXRfdmFsdWVfc3RyaW5nX3V0Zjg=	PHVucmVzb2x2ZWROYW1lc3BhY2U+Lm5hcGlfZ2V0X3ZhbHVlX3N0cmluZ191dGY4Ojx1bnJlc29sdmVkU2lnbmF0dXJlPig1KQ==	U1RBVElDX0RJU1BBVENI	QU5Z	bmFwaV9nZXRfdmFsdWVfc3RyaW5nX3V0ZjgoZW52LCB2YWx1ZSwgTlVMTCwgMCwgJnRvU3pfKQ==	YmluZGluZ3MuY3Bw	238	107374182573	PHVucmVzb2x2ZWROYW1lc3BhY2U+Lm5hcGlfZ2V0X3ZhbHVlX3N0cmluZ191dGY4Ojx1bnJlc29sdmVkU2lnbmF0dXJlPig1KQ==
30064771173	107374182414	PG9wZXJhdG9yPi5hc3NpZ25tZW50	PG9wZXJhdG9yPi5hc3NpZ25tZW50	U1RBVElDX0RJU1BBVENI	QU5Z	dG9DaF8gPSBuZXcgY2hhciBbXQ==	YmluZGluZ3MuY3Bw	238	107374182564	PG9wZXJhdG9yPi5hc3NpZ25tZW50
30064771177	107374182414	bmFwaV9nZXRfdmFsdWVfc3RyaW5nX3V0Zjg=	bmFwaV9nZXRfdmFsdWVfc3RyaW5nX3V0Zjg=	U1RBVElDX0RJU1BBVENI	QU5Z	bmFwaV9nZXRfdmFsdWVfc3RyaW5nX3V0ZjgoZW52LCB2YWx1ZSwgdG9DaF8sIHRvU3pfICsgMSwgJnRvU3pfKQ==	YmluZGluZ3MuY3Bw	238	107374182577	bmFwaV9nZXRfdmFsdWVfc3RyaW5nX3V0Zjg=
30064771180	107374182414	PG9wZXJhdG9yPi5hc3NpZ25tZW50	PG9wZXJhdG9yPi5hc3NpZ25tZW50	U1RBVElDX0RJU1BBVENI	QU5Z	dG9DaF9bdG9Tel9dID0gJ1wwJw==	YmluZGluZ3MuY3Bw	238	107374182564	PG9wZXJhdG9yPi5hc3NpZ25tZW50
30064771172	107374182414	PG9wZXJhdG9yPi5hZGRyZXNzT2Y=	PG9wZXJhdG9yPi5hZGRyZXNzT2Y=	U1RBVElDX0RJU1BBVENI	QU5Z	JnRvU3pf	YmluZGluZ3MuY3Bw	238	107374182558	PG9wZXJhdG9yPi5hZGRyZXNzT2Y=
30064771174	107374182414	PG9wZXJhdG9yPi5uZXc=	PG9wZXJhdG9yPi5uZXc=	U1RBVElDX0RJU1BBVENI	QU5Z	bmV3IGNoYXIgW10=	YmluZGluZ3MuY3Bw	238	107374182574	PG9wZXJhdG9yPi5uZXc=
30064771178	107374182414	PG9wZXJhdG9yPi5hZGRpdGlvbg==	PG9wZXJhdG9yPi5hZGRpdGlvbg==	U1RBVElDX0RJU1BBVENI	QU5Z	dG9Tel8gKyAx	YmluZGluZ3MuY3Bw	238	107374182576	PG9wZXJhdG9yPi5hZGRpdGlvbg==
30064771179	107374182414	PG9wZXJhdG9yPi5hZGRyZXNzT2Y=	PG9wZXJhdG9yPi5hZGRyZXNzT2Y=	U1RBVElDX0RJU1BBVENI	QU5Z	JnRvU3pf	YmluZGluZ3MuY3Bw	238	107374182558	PG9wZXJhdG9yPi5hZGRyZXNzT2Y=
30064771181	107374182414	PG9wZXJhdG9yPi5pbmRpcmVjdEluZGV4QWNjZXNz	PG9wZXJhdG9yPi5pbmRpcmVjdEluZGV4QWNjZXNz	U1RBVElDX0RJU1BBVENI	QU5Z	dG9DaF9bdG9Tel9d	YmluZGluZ3MuY3Bw	238	107374182578	PG9wZXJhdG9yPi5pbmRpcmVjdEluZGV4QWNjZXNz
30064771182	107374182414	SXNCdWZmZXI=	SXNCdWZmZXI6Ym9vbChuYXBpX2Vudl9fKixuYXBpX3ZhbHVlX18qKQ==	U1RBVElDX0RJU1BBVENI	Ym9vbA==	SXNCdWZmZXIoZW52LCB2YWx1ZSk=	YmluZGluZ3MuY3Bw	238	107374182583	SXNCdWZmZXI6Ym9vbChuYXBpX2Vudl9fKixuYXBpX3ZhbHVlX18qKQ==
30064771194	107374182414	PG9wZXJhdG9yPi5hc3NpZ25tZW50	PG9wZXJhdG9yPi5hc3NpZ25tZW50	U1RBVElDX0RJU1BBVENI	QU5Z	PHRtcD4wID0gPG9wZXJhdG9yPi5hbGxvYw==	YmluZGluZ3MuY3Bw	239	107374182564	PG9wZXJhdG9yPi5hc3NpZ25tZW50
30064771196	107374182414	c3RkLnN0cmluZw==	c3RkLnN0cmluZy5zdHJpbmc6dm9pZChjaGFyKixBTlkp	U1RBVElDX0RJU1BBVENI	dm9pZA==	bmV3IHN0ZDo6c3RyaW5nKHRvQ2hfLCB0b1N6Xyk=	YmluZGluZ3MuY3Bw	239	107374182590	c3RkLnN0cmluZy5zdHJpbmc6dm9pZChjaGFyKixBTlkp
30064771175	107374182414	PG9wZXJhdG9yPi5hbGxvYw==	PG9wZXJhdG9yPi5hbGxvYw==	U1RBVElDX0RJU1BBVENI	QU5Z	bmV3IGNoYXIgW10=	YmluZGluZ3MuY3Bw	238	107374182575	PG9wZXJhdG9yPi5hbGxvYw==
30064771183	107374182414	PG9wZXJhdG9yPi5hc3NpZ25tZW50	PG9wZXJhdG9yPi5hc3NpZ25tZW50	U1RBVElDX0RJU1BBVENI	dm9pZA==	Y2hhciAq	YmluZGluZ3MuY3Bw	238	107374182564	PG9wZXJhdG9yPi5hc3NpZ25tZW50
30064771184	107374182414	bmFwaV9nZXRfYnVmZmVyX2luZm8=	bmFwaV9nZXRfYnVmZmVyX2luZm8=	U1RBVElDX0RJU1BBVENI	QU5Z	bmFwaV9nZXRfYnVmZmVyX2luZm8oZW52LCB2YWx1ZSwgKHZvaWQgKiAqKSZidWYsICZ0b1N6Xyk=	YmluZGluZ3MuY3Bw	238	107374182584	bmFwaV9nZXRfYnVmZmVyX2luZm8=
30064771188	107374182414	PG9wZXJhdG9yPi5hc3NpZ25tZW50	PG9wZXJhdG9yPi5hc3NpZ25tZW50	U1RBVElDX0RJU1BBVENI	QU5Z	dG9DaF8gPSBuZXcgY2hhciBbXQ==	YmluZGluZ3MuY3Bw	238	107374182564	PG9wZXJhdG9yPi5hc3NpZ25tZW50
30064771191	107374182414	bWVtY3B5	PHVucmVzb2x2ZWROYW1lc3BhY2U+Lm1lbWNweTo8dW5yZXNvbHZlZFNpZ25hdHVyZT4oMyk=	U1RBVElDX0RJU1BBVENI	QU5Z	bWVtY3B5KHRvQ2hfLCBidWYsIHRvU3pfKQ==	YmluZGluZ3MuY3Bw	238	107374182586	PHVucmVzb2x2ZWROYW1lc3BhY2U+Lm1lbWNweTo8dW5yZXNvbHZlZFNpZ25hdHVyZT4oMyk=
30064771195	107374182414	PG9wZXJhdG9yPi5hbGxvYw==	PG9wZXJhdG9yPi5hbGxvYw==	U1RBVElDX0RJU1BBVENI	QU5Z	PG9wZXJhdG9yPi5hbGxvYw==	YmluZGluZ3MuY3Bw	239	107374182575	PG9wZXJhdG9yPi5hbGxvYw==
30064771197	107374182414	PG9wZXJhdG9yPi5hZGRyZXNzT2Y=	PG9wZXJhdG9yPi5hZGRyZXNzT2Y=	U1RBVElDX0RJU1BBVENI	QU5Z	Jjx0bXA+MA==	YmluZGluZ3MuY3Bw	239	107374182558	PG9wZXJhdG9yPi5hZGRyZXNzT2Y=
30064771176	107374182414	PG9wZXJhdG9yPi5hZGRpdGlvbg==	PG9wZXJhdG9yPi5hZGRpdGlvbg==	U1RBVElDX0RJU1BBVENI	QU5Z	dG9Tel8gKyAx	YmluZGluZ3MuY3Bw	238	107374182576	PG9wZXJhdG9yPi5hZGRpdGlvbg==
30064771185	107374182414	PG9wZXJhdG9yPi5jYXN0	PG9wZXJhdG9yPi5jYXN0	U1RBVElDX0RJU1BBVENI	dm9pZA==	KHZvaWQgKiAqKSZidWY=	YmluZGluZ3MuY3Bw	238	107374182585	PG9wZXJhdG9yPi5jYXN0
30064771187	107374182414	PG9wZXJhdG9yPi5hZGRyZXNzT2Y=	PG9wZXJhdG9yPi5hZGRyZXNzT2Y=	U1RBVElDX0RJU1BBVENI	QU5Z	JnRvU3pf	YmluZGluZ3MuY3Bw	238	107374182558	PG9wZXJhdG9yPi5hZGRyZXNzT2Y=
30064771189	107374182414	PG9wZXJhdG9yPi5uZXc=	PG9wZXJhdG9yPi5uZXc=	U1RBVElDX0RJU1BBVENI	QU5Z	bmV3IGNoYXIgW10=	YmluZGluZ3MuY3Bw	238	107374182574	PG9wZXJhdG9yPi5uZXc=
30064771186	107374182414	PG9wZXJhdG9yPi5hZGRyZXNzT2Y=	PG9wZXJhdG9yPi5hZGRyZXNzT2Y=	U1RBVElDX0RJU1BBVENI	QU5Z	JmJ1Zg==	YmluZGluZ3MuY3Bw	238	107374182558	PG9wZXJhdG9yPi5hZGRyZXNzT2Y=
30064771190	107374182414	PG9wZXJhdG9yPi5hbGxvYw==	PG9wZXJhdG9yPi5hbGxvYw==	U1RBVElDX0RJU1BBVENI	QU5Z	bmV3IGNoYXIgW10=	YmluZGluZ3MuY3Bw	238	107374182575	PG9wZXJhdG9yPi5hbGxvYw==
30064771199	107374182415	bmFwaV9nZXRfZ2xvYmFs	bmFwaV9nZXRfZ2xvYmFs	U1RBVElDX0RJU1BBVENI	QU5Z	bmFwaV9nZXRfZ2xvYmFsKGVudiwgJmdsb2JhbCk=	YmluZGluZ3MuY3Bw	256	107374182591	bmFwaV9nZXRfZ2xvYmFs
30064771200	107374182415	PG9wZXJhdG9yPi5hZGRyZXNzT2Y=	PG9wZXJhdG9yPi5hZGRyZXNzT2Y=	U1RBVElDX0RJU1BBVENI	QU5Z	Jmdsb2JhbA==	YmluZGluZ3MuY3Bw	256	107374182558	PG9wZXJhdG9yPi5hZGRyZXNzT2Y=
30064771201	107374182415	bmFwaV9jYWxsX2Z1bmN0aW9u	PHVucmVzb2x2ZWROYW1lc3BhY2U+Lm5hcGlfY2FsbF9mdW5jdGlvbjo8dW5yZXNvbHZlZFNpZ25hdHVyZT4oNik=	U1RBVElDX0RJU1BBVENI	QU5Z	bmFwaV9jYWxsX2Z1bmN0aW9uKGVudiwgZ2xvYmFsLCBjYWxsYmFjaywgYXJnYywgYXJndiwgTlVMTCk=	YmluZGluZ3MuY3Bw	257	107374182592	PHVucmVzb2x2ZWROYW1lc3BhY2U+Lm5hcGlfY2FsbF9mdW5jdGlvbjo8dW5yZXNvbHZlZFNpZ25hdHVyZT4oNik=
30064771289	107374182416	PG9wZXJhdG9yPi5hc3NpZ25tZW50	PG9wZXJhdG9yPi5hc3NpZ25tZW50	U1RBVElDX0RJU1BBVENI	dm9pZA==	KiBkYXRhYmFzZV8gPSBBTlkuQU5ZKCk=	YmluZGluZ3MuY3Bw	347	107374182564	PG9wZXJhdG9yPi5hc3NpZ25tZW50
30064771290	107374182416	PG9wZXJhdG9yPi5hc3NpZ25tZW50	PG9wZXJhdG9yPi5hc3NpZ25tZW50	U1RBVElDX0RJU1BBVENI	QU5Z	PHRtcD4wID0gPG9wZXJhdG9yPi5hbGxvYw==	YmluZGluZ3MuY3Bw	347	107374182564	PG9wZXJhdG9yPi5hc3NpZ25tZW50
30064771292	107374182416	QU5Z	QU5ZLkFOWTp2b2lkKCk=	U1RBVElDX0RJU1BBVENI	dm9pZA==	QU5ZLkFOWSgp	YmluZGluZ3MuY3Bw	347	107374182609	QU5ZLkFOWTp2b2lkKCk=
30064771291	107374182416	PG9wZXJhdG9yPi5hbGxvYw==	PG9wZXJhdG9yPi5hbGxvYw==	U1RBVElDX0RJU1BBVENI	QU5Z	PG9wZXJhdG9yPi5hbGxvYw==	YmluZGluZ3MuY3Bw	347	107374182575	PG9wZXJhdG9yPi5hbGxvYw==
30064771293	107374182416	PG9wZXJhdG9yPi5hZGRyZXNzT2Y=	PG9wZXJhdG9yPi5hZGRyZXNzT2Y=	U1RBVElDX0RJU1BBVENI	QU5Z	Jjx0bXA+MA==	YmluZGluZ3MuY3Bw	347	107374182558	PG9wZXJhdG9yPi5hZGRyZXNzT2Y=
30064771202	107374182417	TkFQSV9TVEFUVVNfVEhST1dTX1ZPSUQ=	L3RtcC9jbGF1ZGUtMC8taG9tZS11c2VyLWJ1Zy10cmFja2VyLzYzYjcwZTVhLTc1ZDMtNWRhMi1hZTgxLWUwMDk2MTI4N2M2ZS9zY3JhdGNocGFkL3ZhbDEwL0A4Y3JhZnRlcl9fbGV2ZWxkYi16bGliL3BrZy9wYWNrYWdlL3NyYy9uYXBpLW1hY3Jvcy5oOk5BUElfU1RBVFVTX1RIUk9XU19WT0lEOkFOWSgxKQ==	SU5MSU5FRA==	QU5Z	TkFQSV9TVEFUVVNfVEhST1dTX1ZPSUQobmFwaV9jcmVhdGVfcmVmZXJlbmNlKGVudl8sIGNhbGxiYWNrLCAxLCAmY2FsbGJhY2tSZWZfKSk=	YmluZGluZ3MuY3Bw	274	107374182547	L3RtcC9jbGF1ZGUtMC8taG9tZS11c2VyLWJ1Zy10cmFja2VyLzYzYjcwZTVhLTc1ZDMtNWRhMi1hZTgxLWUwMDk2MTI4N2M2ZS9zY3JhdGNocGFkL3ZhbDEwL0A4Y3JhZnRlcl9fbGV2ZWxkYi16bGliL3BrZy9wYWNrYWdlL3NyYy9uYXBpLW1hY3Jvcy5oOk5BUElfU1RBVFVTX1RIUk9XU19WT0lEOkFOWSgxKQ==
30064771209	107374182417	TkFQSV9TVEFUVVNfVEhST1dTX1ZPSUQ=	L3RtcC9jbGF1ZGUtMC8taG9tZS11c2VyLWJ1Zy10cmFja2VyLzYzYjcwZTVhLTc1ZDMtNWRhMi1hZTgxLWUwMDk2MTI4N2M2ZS9zY3JhdGNocGFkL3ZhbDEwL0A4Y3JhZnRlcl9fbGV2ZWxkYi16bGliL3BrZy9wYWNrYWdlL3NyYy9uYXBpLW1hY3Jvcy5oOk5BUElfU1RBVFVTX1RIUk9XU19WT0lEOkFOWSgxKQ==	SU5MSU5FRA==	QU5Z	TkFQSV9TVEFUVVNfVEhST1dTX1ZPSUQobmFwaV9jcmVhdGVfc3RyaW5nX3V0ZjgoZW52XywgcmVzb3VyY2VOYW1lLAogICAgICAgICAgICAgICAgICAgICAgICAgICAgICAgICAgICAgICAgICAgICAgIE5BUElfQVVUT19MRU5HVEgsCiAgICAgICAgICAgICAgICAgICAgICAgICAgICAgICAgICAgICAgICAgICAgICAgJmFzeW5jUmVzb3VyY2VOYW1lKSk=	YmluZGluZ3MuY3Bw	276	107374182547	L3RtcC9jbGF1ZGUtMC8taG9tZS11c2VyLWJ1Zy10cmFja2VyLzYzYjcwZTVhLTc1ZDMtNWRhMi1hZTgxLWUwMDk2MTI4N2M2ZS9zY3JhdGNocGFkL3ZhbDEwL0A4Y3JhZnRlcl9fbGV2ZWxkYi16bGliL3BrZy9wYWNrYWdlL3NyYy9uYXBpLW1hY3Jvcy5oOk5BUElfU1RBVFVTX1RIUk9XU19WT0lEOkFOWSgxKQ==
30064771215	107374182417	TkFQSV9TVEFUVVNfVEhST1dTX1ZPSUQ=	L3RtcC9jbGF1ZGUtMC8taG9tZS11c2VyLWJ1Zy10cmFja2VyLzYzYjcwZTVhLTc1ZDMtNWRhMi1hZTgxLWUwMDk2MTI4N2M2ZS9zY3JhdGNocGFkL3ZhbDEwL0A4Y3JhZnRlcl9fbGV2ZWxkYi16bGliL3BrZy9wYWNrYWdlL3NyYy9uYXBpLW1hY3Jvcy5oOk5BUElfU1RBVFVTX1RIUk9XU19WT0lEOkFOWSgxKQ==	SU5MSU5FRA==	QU5Z	TkFQSV9TVEFUVVNfVEhST1dTX1ZPSUQobmFwaV9jcmVhdGVfYXN5bmNfd29yayhlbnZfLCBjYWxsYmFjaywKICAgICAgICAgICAgICAgICAgICAgICAgICAgICAgICAgICAgICAgICAgICAgIGFzeW5jUmVzb3VyY2VOYW1lLAogICAgICAgICAgICAgICAgICAgICAgICAgICAgICAgICAgICAgICAgICAgICAgQmFzZVdvcmtlcjo6RXhlY3V0ZSwKICAgICAgICAgICAgICAgICAgICAgICAgICAgICAgICAgICAgICAgICAgICAgIEJhc2VXb3JrZXI6OkNvbXBsZXRlLAogICAgICAgICAgICAgICAgICAgICAgICAgICAgICAgICAgICAgICAgICAgICAgdGhpcywgJmFzeW5jV29ya18pKQ==	YmluZGluZ3MuY3Bw	279	107374182547	L3RtcC9jbGF1ZGUtMC8taG9tZS11c2VyLWJ1Zy10cmFja2VyLzYzYjcwZTVhLTc1ZDMtNWRhMi1hZTgxLWUwMDk2MTI4N2M2ZS9zY3JhdGNocGFkL3ZhbDEwL0A4Y3JhZnRlcl9fbGV2ZWxkYi16bGliL3BrZy9wYWNrYWdlL3NyYy9uYXBpLW1hY3Jvcy5oOk5BUElfU1RBVFVTX1RIUk9XU19WT0lEOkFOWSgxKQ==
30064771222	107374182417	PG9wZXJhdG9yPi5hc3NpZ25tZW50	PG9wZXJhdG9yPi5hc3NpZ25tZW50	U1RBVElDX0RJU1BBVENI	dm9pZA==	dGhpcy0+ZW52XyA9IGVudg==	YmluZGluZ3MuY3Bw	273	107374182564	PG9wZXJhdG9yPi5hc3NpZ25tZW50
30064771224	107374182417	PG9wZXJhdG9yPi5hc3NpZ25tZW50	PG9wZXJhdG9yPi5hc3NpZ25tZW50	U1RBVElDX0RJU1BBVENI	dm9pZA==	dGhpcy0+ZGF0YWJhc2VfID0gZGF0YWJhc2U=	YmluZGluZ3MuY3Bw	273	107374182564	PG9wZXJhdG9yPi5hc3NpZ25tZW50
30064771226	107374182417	PG9wZXJhdG9yPi5hc3NpZ25tZW50	PG9wZXJhdG9yPi5hc3NpZ25tZW50	U1RBVElDX0RJU1BBVENI	dm9pZA==	dGhpcy0+ZXJyTXNnXyA9IDx1bmtub3duPiBOVUxM	YmluZGluZ3MuY3Bw	273	107374182564	PG9wZXJhdG9yPi5hc3NpZ25tZW50
30064771223	107374182417	PG9wZXJhdG9yPi5pbmRpcmVjdEZpZWxkQWNjZXNz	PG9wZXJhdG9yPi5pbmRpcmVjdEZpZWxkQWNjZXNz	U1RBVElDX0RJU1BBVENI	QmFzZVdvcmtlcio=	dGhpcy0+ZW52Xw==	YmluZGluZ3MuY3Bw	273	107374182595	PG9wZXJhdG9yPi5pbmRpcmVjdEZpZWxkQWNjZXNz
30064771225	107374182417	PG9wZXJhdG9yPi5pbmRpcmVjdEZpZWxkQWNjZXNz	PG9wZXJhdG9yPi5pbmRpcmVjdEZpZWxkQWNjZXNz	U1RBVElDX0RJU1BBVENI	QmFzZVdvcmtlcio=	dGhpcy0+ZGF0YWJhc2Vf	YmluZGluZ3MuY3Bw	273	107374182595	PG9wZXJhdG9yPi5pbmRpcmVjdEZpZWxkQWNjZXNz
30064771227	107374182417	PG9wZXJhdG9yPi5pbmRpcmVjdEZpZWxkQWNjZXNz	PG9wZXJhdG9yPi5pbmRpcmVjdEZpZWxkQWNjZXNz	U1RBVElDX0RJU1BBVENI	QmFzZVdvcmtlcio=	dGhpcy0+ZXJyTXNnXw==	YmluZGluZ3MuY3Bw	273	107374182595	PG9wZXJhdG9yPi5pbmRpcmVjdEZpZWxkQWNjZXNz
30064771203	107374182417	PG9wZXJhdG9yPi5ub3RFcXVhbHM=	PG9wZXJhdG9yPi5ub3RFcXVhbHM=	U1RBVElDX0RJU1BBVENI	QU5Z	KG5hcGlfY3JlYXRlX3JlZmVyZW5jZShlbnZfLCBjYWxsYmFjaywgMSwgJmNhbGxiYWNrUmVmXykpICE9IG5hcGlfb2s=	YmluZGluZ3MuY3Bw	274	107374182593	PG9wZXJhdG9yPi5ub3RFcXVhbHM=
30064771210	107374182417	PG9wZXJhdG9yPi5ub3RFcXVhbHM=	PG9wZXJhdG9yPi5ub3RFcXVhbHM=	U1RBVElDX0RJU1BBVENI	QU5Z	KG5hcGlfY3JlYXRlX3N0cmluZ191dGY4KGVudl8sIHJlc291cmNlTmFtZSwgU0laRV9NQVgsICZhc3luY1Jlc291cmNlTmFtZSkpICE9IG5hcGlfb2s=	YmluZGluZ3MuY3Bw	276	107374182593	PG9wZXJhdG9yPi5ub3RFcXVhbHM=
30064771216	107374182417	PG9wZXJhdG9yPi5ub3RFcXVhbHM=	PG9wZXJhdG9yPi5ub3RFcXVhbHM=	U1RBVElDX0RJU1BBVENI	QU5Z	KG5hcGlfY3JlYXRlX2FzeW5jX3dvcmsoZW52XywgY2FsbGJhY2ssIGFzeW5jUmVzb3VyY2VOYW1lLCBCYXNlV29ya2VyOjpFeGVjdXRlLCBCYXNlV29ya2VyOjpDb21wbGV0ZSwgdGhpcywgJmFzeW5jV29ya18pKSAhPSBuYXBpX29r	YmluZGluZ3MuY3Bw	279	107374182593	PG9wZXJhdG9yPi5ub3RFcXVhbHM=
30064771204	107374182417	bmFwaV9jcmVhdGVfcmVmZXJlbmNl	PHVucmVzb2x2ZWROYW1lc3BhY2U+Lm5hcGlfY3JlYXRlX3JlZmVyZW5jZTo8dW5yZXNvbHZlZFNpZ25hdHVyZT4oNCk=	U1RBVElDX0RJU1BBVENI	QU5Z	bmFwaV9jcmVhdGVfcmVmZXJlbmNlKGVudl8sIGNhbGxiYWNrLCAxLCAmY2FsbGJhY2tSZWZfKQ==	YmluZGluZ3MuY3Bw	274	107374182594	PHVucmVzb2x2ZWROYW1lc3BhY2U+Lm5hcGlfY3JlYXRlX3JlZmVyZW5jZTo8dW5yZXNvbHZlZFNpZ25hdHVyZT4oNCk=
30064771208	107374182417	bmFwaV90aHJvd19lcnJvcg==	PHVucmVzb2x2ZWROYW1lc3BhY2U+Lm5hcGlfdGhyb3dfZXJyb3I6PHVucmVzb2x2ZWRTaWduYXR1cmU+KDMp	U1RBVElDX0RJU1BBVENI	QU5Z	bmFwaV90aHJvd19lcnJvcihlbnYsIE5VTEwsICJuYXBpX2NyZWF0ZV9yZWZlcmVuY2UoZW52XywgY2FsbGJhY2ssIDEsICZjYWxsYmFja1JlZl8pIGZhaWxlZCEiKQ==	YmluZGluZ3MuY3Bw	274	107374182596	PHVucmVzb2x2ZWROYW1lc3BhY2U+Lm5hcGlfdGhyb3dfZXJyb3I6PHVucmVzb2x2ZWRTaWduYXR1cmU+KDMp
30064771211	107374182417	bmFwaV9jcmVhdGVfc3RyaW5nX3V0Zjg=	PHVucmVzb2x2ZWROYW1lc3BhY2U+Lm5hcGlfY3JlYXRlX3N0cmluZ191dGY4Ojx1bnJlc29sdmVkU2lnbmF0dXJlPig0KQ==	U1RBVElDX0RJU1BBVENI	QU5Z	bmFwaV9jcmVhdGVfc3RyaW5nX3V0ZjgoZW52XywgcmVzb3VyY2VOYW1lLCBTSVpFX01BWCwgJmFzeW5jUmVzb3VyY2VOYW1lKQ==	YmluZGluZ3MuY3Bw	276	107374182561	PHVucmVzb2x2ZWROYW1lc3BhY2U+Lm5hcGlfY3JlYXRlX3N0cmluZ191dGY4Ojx1bnJlc29sdmVkU2lnbmF0dXJlPig0KQ==
30064771214	107374182417	bmFwaV90aHJvd19lcnJvcg==	PHVucmVzb2x2ZWROYW1lc3BhY2U+Lm5hcGlfdGhyb3dfZXJyb3I6PHVucmVzb2x2ZWRTaWduYXR1cmU+KDMp	U1RBVElDX0RJU1BBVENI	QU5Z	bmFwaV90aHJvd19lcnJvcihlbnYsIE5VTEwsICJuYXBpX2NyZWF0ZV9zdHJpbmdfdXRmOChlbnZfLCByZXNvdXJjZU5hbWUsIE5BUElfQVVUT19MRU5HVEgsICZhc3luY1Jlc291cmNlTmFtZSkgZmFpbGVkISIp	YmluZGluZ3MuY3Bw	276	107374182596	PHVucmVzb2x2ZWROYW1lc3BhY2U+Lm5hcGlfdGhyb3dfZXJyb3I6PHVucmVzb2x2ZWRTaWduYXR1cmU+KDMp
30064771217	107374182417	bmFwaV9jcmVhdGVfYXN5bmNfd29yaw==	bmFwaV9jcmVhdGVfYXN5bmNfd29yaw==	U1RBVElDX0RJU1BBVENI	QU5Z	bmFwaV9jcmVhdGVfYXN5bmNfd29yayhlbnZfLCBjYWxsYmFjaywgYXN5bmNSZXNvdXJjZU5hbWUsIEJhc2VXb3JrZXI6OkV4ZWN1dGUsIEJhc2VXb3JrZXI6OkNvbXBsZXRlLCB0aGlzLCAmYXN5bmNXb3JrXyk=	YmluZGluZ3MuY3Bw	279	107374182597	bmFwaV9jcmVhdGVfYXN5bmNfd29yaw==
30064771221	107374182417	bmFwaV90aHJvd19lcnJvcg==	PHVucmVzb2x2ZWROYW1lc3BhY2U+Lm5hcGlfdGhyb3dfZXJyb3I6PHVucmVzb2x2ZWRTaWduYXR1cmU+KDMp	U1RBVElDX0RJU1BBVENI	QU5Z	bmFwaV90aHJvd19lcnJvcihlbnYsIE5VTEwsICJuYXBpX2NyZWF0ZV9hc3luY193b3JrKGVudl8sIGNhbGxiYWNrLCBhc3luY1Jlc291cmNlTmFtZSwgQmFzZVdvcmtlcjo6RXhlY3V0ZSwgQmFzZVdvcmtlcjo6Q29tcGxldGUsIHRoaXMsICZhc3luY1dvcmtfKSBmYWlsZWQhIik=	YmluZGluZ3MuY3Bw	279	107374182596	PHVucmVzb2x2ZWROYW1lc3BhY2U+Lm5hcGlfdGhyb3dfZXJyb3I6PHVucmVzb2x2ZWRTaWduYXR1cmU+KDMp
30064771205	107374182417	PG9wZXJhdG9yPi5pbmRpcmVjdEZpZWxkQWNjZXNz	PG9wZXJhdG9yPi5pbmRpcmVjdEZpZWxkQWNjZXNz	U1RBVElDX0RJU1BBVENI	bmFwaV9lbnZfXyo=	dGhpcy0+ZW52Xw==	YmluZGluZ3MuY3Bw	274	107374182595	PG9wZXJhdG9yPi5pbmRpcmVjdEZpZWxkQWNjZXNz
30064771206	107374182417	PG9wZXJhdG9yPi5hZGRyZXNzT2Y=	PG9wZXJhdG9yPi5hZGRyZXNzT2Y=	U1RBVElDX0RJU1BBVENI	QU5Z	JmNhbGxiYWNrUmVmXw==	YmluZGluZ3MuY3Bw	274	107374182558	PG9wZXJhdG9yPi5hZGRyZXNzT2Y=
30064771212	107374182417	PG9wZXJhdG9yPi5pbmRpcmVjdEZpZWxkQWNjZXNz	PG9wZXJhdG9yPi5pbmRpcmVjdEZpZWxkQWNjZXNz	U1RBVElDX0RJU1BBVENI	bmFwaV9lbnZfXyo=	dGhpcy0+ZW52Xw==	YmluZGluZ3MuY3Bw	276	107374182595	PG9wZXJhdG9yPi5pbmRpcmVjdEZpZWxkQWNjZXNz
30064771213	107374182417	PG9wZXJhdG9yPi5hZGRyZXNzT2Y=	PG9wZXJhdG9yPi5hZGRyZXNzT2Y=	U1RBVElDX0RJU1BBVENI	QU5Z	JmFzeW5jUmVzb3VyY2VOYW1l	YmluZGluZ3MuY3Bw	276	107374182558	PG9wZXJhdG9yPi5hZGRyZXNzT2Y=
30064771218	107374182417	PG9wZXJhdG9yPi5pbmRpcmVjdEZpZWxkQWNjZXNz	PG9wZXJhdG9yPi5pbmRpcmVjdEZpZWxkQWNjZXNz	U1RBVElDX0RJU1BBVENI	bmFwaV9lbnZfXyo=	dGhpcy0+ZW52Xw==	YmluZGluZ3MuY3Bw	279	107374182595	PG9wZXJhdG9yPi5pbmRpcmVjdEZpZWxkQWNjZXNz
30064771219	107374182417	PG9wZXJhdG9yPi5hZGRyZXNzT2Y=	PG9wZXJhdG9yPi5hZGRyZXNzT2Y=	U1RBVElDX0RJU1BBVENI	QU5Z	JmFzeW5jV29ya18=	YmluZGluZ3MuY3Bw	279	107374182558	PG9wZXJhdG9yPi5hZGRyZXNzT2Y=
30064771207	107374182417	PG9wZXJhdG9yPi5pbmRpcmVjdEZpZWxkQWNjZXNz	PG9wZXJhdG9yPi5pbmRpcmVjdEZpZWxkQWNjZXNz	U1RBVElDX0RJU1BBVENI	bmFwaV9yZWZfXyo=	dGhpcy0+Y2FsbGJhY2tSZWZf	YmluZGluZ3MuY3Bw	274	107374182595	PG9wZXJhdG9yPi5pbmRpcmVjdEZpZWxkQWNjZXNz
30064771220	107374182417	PG9wZXJhdG9yPi5pbmRpcmVjdEZpZWxkQWNjZXNz	PG9wZXJhdG9yPi5pbmRpcmVjdEZpZWxkQWNjZXNz	U1RBVElDX0RJU1BBVENI	bmFwaV9hc3luY193b3JrX18q	dGhpcy0+YXN5bmNXb3JrXw==	YmluZGluZ3MuY3Bw	279	107374182595	PG9wZXJhdG9yPi5pbmRpcmVjdEZpZWxkQWNjZXNz
30064771228	107374182418	PG9wZXJhdG9yPi5kZWxldGU=	PG9wZXJhdG9yPi5kZWxldGU=	U1RBVElDX0RJU1BBVENI	dm9pZA==	ZGVsZXRlIFtdIGVyck1zZ18=	YmluZGluZ3MuY3Bw	287	107374182579	PG9wZXJhdG9yPi5kZWxldGU=
30064771230	107374182418	bmFwaV9kZWxldGVfcmVmZXJlbmNl	bmFwaV9kZWxldGVfcmVmZXJlbmNl	U1RBVElDX0RJU1BBVENI	QU5Z	bmFwaV9kZWxldGVfcmVmZXJlbmNlKGVudl8sIGNhbGxiYWNrUmVmXyk=	YmluZGluZ3MuY3Bw	288	107374182598	bmFwaV9kZWxldGVfcmVmZXJlbmNl
30064771233	107374182418	bmFwaV9kZWxldGVfYXN5bmNfd29yaw==	bmFwaV9kZWxldGVfYXN5bmNfd29yaw==	U1RBVElDX0RJU1BBVENI	QU5Z	bmFwaV9kZWxldGVfYXN5bmNfd29yayhlbnZfLCBhc3luY1dvcmtfKQ==	YmluZGluZ3MuY3Bw	289	107374182599	bmFwaV9kZWxldGVfYXN5bmNfd29yaw==
30064771229	107374182418	PG9wZXJhdG9yPi5pbmRpcmVjdEZpZWxkQWNjZXNz	PG9wZXJhdG9yPi5pbmRpcmVjdEZpZWxkQWNjZXNz	U1RBVElDX0RJU1BBVENI	Y2hhcio=	dGhpcy0+ZXJyTXNnXw==	YmluZGluZ3MuY3Bw	287	107374182595	PG9wZXJhdG9yPi5pbmRpcmVjdEZpZWxkQWNjZXNz
30064771231	107374182418	PG9wZXJhdG9yPi5pbmRpcmVjdEZpZWxkQWNjZXNz	PG9wZXJhdG9yPi5pbmRpcmVjdEZpZWxkQWNjZXNz	U1RBVElDX0RJU1BBVENI	bmFwaV9lbnZfXyo=	dGhpcy0+ZW52Xw==	YmluZGluZ3MuY3Bw	288	107374182595	PG9wZXJhdG9yPi5pbmRpcmVjdEZpZWxkQWNjZXNz
30064771232	107374182418	PG9wZXJhdG9yPi5pbmRpcmVjdEZpZWxkQWNjZXNz	PG9wZXJhdG9yPi5pbmRpcmVjdEZpZWxkQWNjZXNz	U1RBVElDX0RJU1BBVENI	bmFwaV9yZWZfXyo=	dGhpcy0+Y2FsbGJhY2tSZWZf	YmluZGluZ3MuY3Bw	288	107374182595	PG9wZXJhdG9yPi5pbmRpcmVjdEZpZWxkQWNjZXNz
30064771234	107374182418	PG9wZXJhdG9yPi5pbmRpcmVjdEZpZWxkQWNjZXNz	PG9wZXJhdG9yPi5pbmRpcmVjdEZpZWxkQWNjZXNz	U1RBVElDX0RJU1BBVENI	bmFwaV9lbnZfXyo=	dGhpcy0+ZW52Xw==	YmluZGluZ3MuY3Bw	289	107374182595	PG9wZXJhdG9yPi5pbmRpcmVjdEZpZWxkQWNjZXNz
30064771235	107374182418	PG9wZXJhdG9yPi5pbmRpcmVjdEZpZWxkQWNjZXNz	PG9wZXJhdG9yPi5pbmRpcmVjdEZpZWxkQWNjZXNz	U1RBVElDX0RJU1BBVENI	bmFwaV9hc3luY193b3JrX18q	dGhpcy0+YXN5bmNXb3JrXw==	YmluZGluZ3MuY3Bw	289	107374182595	PG9wZXJhdG9yPi5pbmRpcmVjdEZpZWxkQWNjZXNz
30064771236	107374182419	PG9wZXJhdG9yPi5hc3NpZ25tZW50	PG9wZXJhdG9yPi5hc3NpZ25tZW50	U1RBVElDX0RJU1BBVENI	dm9pZA==	c2VsZiA9IChCYXNlV29ya2VyKilkYXRh	YmluZGluZ3MuY3Bw	293	107374182564	PG9wZXJhdG9yPi5hc3NpZ25tZW50
30064771238	107374182419	RG9FeGVjdXRl	QmFzZVdvcmtlci5Eb0V4ZWN1dGU6dm9pZCgp	RFlOQU1JQ19ESVNQQVRDSA==	dm9pZA==	c2VsZi0+RG9FeGVjdXRlKCk=	YmluZGluZ3MuY3Bw	294	107374182539,107374182517,107374182509,107374182497,107374182522,107374182487,107374182474,107374182478,107374182492,107374182465,107374182469,107374182548,107374182483,107374182501	QmF0Y2hXcml0ZVdvcmtlci5Eb0V4ZWN1dGU6dm9pZCgp,TmV4dFdvcmtlci5Eb0V4ZWN1dGU6dm9pZCgp,RW5kV29ya2VyLkRvRXhlY3V0ZTp2b2lkKCk=,RGVzdHJveVdvcmtlci5Eb0V4ZWN1dGU6dm9pZCgp,QmF0Y2hXb3JrZXIuRG9FeGVjdXRlOnZvaWQoKQ==,QXBwcm94aW1hdGVTaXplV29ya2VyLkRvRXhlY3V0ZTp2b2lkKCk=,UHV0V29ya2VyLkRvRXhlY3V0ZTp2b2lkKCk=,R2V0V29ya2VyLkRvRXhlY3V0ZTp2b2lkKCk=,Q29tcGFjdFJhbmdlV29ya2VyLkRvRXhlY3V0ZTp2b2lkKCk=,T3Blbldvcmtlci5Eb0V4ZWN1dGU6dm9pZCgp,Q2xvc2VXb3JrZXIuRG9FeGVjdXRlOnZvaWQoKQ==,QmFzZVdvcmtlci5Eb0V4ZWN1dGU6dm9pZCgp,RGVsV29ya2VyLkRvRXhlY3V0ZTp2b2lkKCk=,UmVwYWlyV29ya2VyLkRvRXhlY3V0ZTp2b2lkKCk=
30064771237	107374182419	PG9wZXJhdG9yPi5jYXN0	PG9wZXJhdG9yPi5jYXN0	U1RBVElDX0RJU1BBVENI	QmFzZVdvcmtlcg==	KEJhc2VXb3JrZXIqKWRhdGE=	YmluZGluZ3MuY3Bw	293	107374182585	PG9wZXJhdG9yPi5jYXN0
30064771239	107374182420	PG9wZXJhdG9yPi5hc3NpZ25tZW50	PG9wZXJhdG9yPi5hc3NpZ25tZW50	U1RBVElDX0RJU1BBVENI	QU5Z	c3RhdHVzXyA9IHN0YXR1cw==	YmluZGluZ3MuY3Bw	298	107374182564	PG9wZXJhdG9yPi5hc3NpZ25tZW50
30064771240	107374182420	PG9wZXJhdG9yPi5pbmRpcmVjdEZpZWxkQWNjZXNz	PG9wZXJhdG9yPi5pbmRpcmVjdEZpZWxkQWNjZXNz	U1RBVElDX0RJU1BBVENI	QU5Z	dGhpcy0+c3RhdHVzXw==	YmluZGluZ3MuY3Bw	298	107374182595	PG9wZXJhdG9yPi5pbmRpcmVjdEZpZWxkQWNjZXNz
30064771241	107374182420	PG9wZXJhdG9yPi5sb2dpY2FsTm90	PG9wZXJhdG9yPi5sb2dpY2FsTm90	U1RBVElDX0RJU1BBVENI	QU5Z	IXN0YXR1cy5vaygp	YmluZGluZ3MuY3Bw	299	107374182580	PG9wZXJhdG9yPi5sb2dpY2FsTm90
30064771242	107374182420	b2s=	PHVucmVzb2x2ZWROYW1lc3BhY2U+Lm9rOjx1bnJlc29sdmVkU2lnbmF0dXJlPigwKQ==	U1RBVElDX0RJU1BBVENI	QU5Z	c3RhdHVzLm9rKCk=	YmluZGluZ3MuY3Bw	299	107374182600	PHVucmVzb2x2ZWROYW1lc3BhY2U+Lm9rOjx1bnJlc29sdmVkU2lnbmF0dXJlPigwKQ==
30064771243	107374182420	U2V0RXJyb3JNZXNzYWdl	PHVucmVzb2x2ZWROYW1lc3BhY2U+LlNldEVycm9yTWVzc2FnZTo8dW5yZXNvbHZlZFNpZ25hdHVyZT4oMSk=	U1RBVElDX0RJU1BBVENI	QU5Z	U2V0RXJyb3JNZXNzYWdlKHN0YXR1cy5Ub1N0cmluZygpLmNfc3RyKCkp	YmluZGluZ3MuY3Bw	300	107374182601	PHVucmVzb2x2ZWROYW1lc3BhY2U+LlNldEVycm9yTWVzc2FnZTo8dW5yZXNvbHZlZFNpZ25hdHVyZT4oMSk=
30064771244	107374182420	Y19zdHI=	PHVucmVzb2x2ZWROYW1lc3BhY2U+LmNfc3RyOjx1bnJlc29sdmVkU2lnbmF0dXJlPigwKQ==	U1RBVElDX0RJU1BBVENI	QU5Z	c3RhdHVzLlRvU3RyaW5nKCkuY19zdHIoKQ==	YmluZGluZ3MuY3Bw	300	107374182602	PHVucmVzb2x2ZWROYW1lc3BhY2U+LmNfc3RyOjx1bnJlc29sdmVkU2lnbmF0dXJlPigwKQ==
30064771245	107374182420	VG9TdHJpbmc=	PHVucmVzb2x2ZWROYW1lc3BhY2U+LlRvU3RyaW5nOjx1bnJlc29sdmVkU2lnbmF0dXJlPigwKQ==	U1RBVElDX0RJU1BBVENI	QU5Z	c3RhdHVzLlRvU3RyaW5nKCk=	YmluZGluZ3MuY3Bw	300	107374182603	PHVucmVzb2x2ZWROYW1lc3BhY2U+LlRvU3RyaW5nOjx1bnJlc29sdmVkU2lnbmF0dXJlPigwKQ==
30064771246	107374182421	PG9wZXJhdG9yPi5kZWxldGU=	PG9wZXJhdG9yPi5kZWxldGU=	U1RBVElDX0RJU1BBVENI	dm9pZA==	ZGVsZXRlIFtdIGVyck1zZ18=	YmluZGluZ3MuY3Bw	305	107374182579	PG9wZXJhdG9yPi5kZWxldGU=
30064771248	107374182421	PG9wZXJhdG9yPi5hc3NpZ25tZW50	PG9wZXJhdG9yPi5hc3NpZ25tZW50	U1RBVElDX0RJU1BBVENI	dm9pZA==	c2l6ZSA9IHN0cmxlbihtc2cpICsgMQ==	YmluZGluZ3MuY3Bw	306	107374182564	PG9wZXJhdG9yPi5hc3NpZ25tZW50
30064771251	107374182421	PG9wZXJhdG9yPi5hc3NpZ25tZW50	PG9wZXJhdG9yPi5hc3NpZ25tZW50	U1RBVElDX0RJU1BBVENI	QU5Z	ZXJyTXNnXyA9IG5ldyBjaGFyW3NpemVd	YmluZGluZ3MuY3Bw	307	107374182564	PG9wZXJhdG9yPi5hc3NpZ25tZW50
30064771255	107374182421	bWVtY3B5	PHVucmVzb2x2ZWROYW1lc3BhY2U+Lm1lbWNweTo8dW5yZXNvbHZlZFNpZ25hdHVyZT4oMyk=	U1RBVElDX0RJU1BBVENI	QU5Z	bWVtY3B5KGVyck1zZ18sIG1zZywgc2l6ZSk=	YmluZGluZ3MuY3Bw	308	107374182586	PHVucmVzb2x2ZWROYW1lc3BhY2U+Lm1lbWNweTo8dW5yZXNvbHZlZFNpZ25hdHVyZT4oMyk=
30064771247	107374182421	PG9wZXJhdG9yPi5pbmRpcmVjdEZpZWxkQWNjZXNz	PG9wZXJhdG9yPi5pbmRpcmVjdEZpZWxkQWNjZXNz	U1RBVElDX0RJU1BBVENI	Y2hhcio=	dGhpcy0+ZXJyTXNnXw==	YmluZGluZ3MuY3Bw	305	107374182595	PG9wZXJhdG9yPi5pbmRpcmVjdEZpZWxkQWNjZXNz
30064771249	107374182421	PG9wZXJhdG9yPi5hZGRpdGlvbg==	PG9wZXJhdG9yPi5hZGRpdGlvbg==	U1RBVElDX0RJU1BBVENI	QU5Z	c3RybGVuKG1zZykgKyAx	YmluZGluZ3MuY3Bw	306	107374182576	PG9wZXJhdG9yPi5hZGRpdGlvbg==
30064771252	107374182421	PG9wZXJhdG9yPi5pbmRpcmVjdEZpZWxkQWNjZXNz	PG9wZXJhdG9yPi5pbmRpcmVjdEZpZWxkQWNjZXNz	U1RBVElDX0RJU1BBVENI	Y2hhcio=	dGhpcy0+ZXJyTXNnXw==	YmluZGluZ3MuY3Bw	307	107374182595	PG9wZXJhdG9yPi5pbmRpcmVjdEZpZWxkQWNjZXNz
30064771253	107374182421	PG9wZXJhdG9yPi5uZXc=	PG9wZXJhdG9yPi5uZXc=	U1RBVElDX0RJU1BBVENI	QU5Z	bmV3IGNoYXJbc2l6ZV0=	YmluZGluZ3MuY3Bw	307	107374182574	PG9wZXJhdG9yPi5uZXc=
30064771256	107374182421	PG9wZXJhdG9yPi5pbmRpcmVjdEZpZWxkQWNjZXNz	PG9wZXJhdG9yPi5pbmRpcmVjdEZpZWxkQWNjZXNz	U1RBVElDX0RJU1BBVENI	Y2hhcio=	dGhpcy0+ZXJyTXNnXw==	YmluZGluZ3MuY3Bw	308	107374182595	PG9wZXJhdG9yPi5pbmRpcmVjdEZpZWxkQWNjZXNz
30064771250	107374182421	c3RybGVu	PHVucmVzb2x2ZWROYW1lc3BhY2U+LnN0cmxlbjo8dW5yZXNvbHZlZFNpZ25hdHVyZT4oMSk=	U1RBVElDX0RJU1BBVENI	QU5Z	c3RybGVuKG1zZyk=	YmluZGluZ3MuY3Bw	306	107374182562	PHVucmVzb2x2ZWROYW1lc3BhY2U+LnN0cmxlbjo8dW5yZXNvbHZlZFNpZ25hdHVyZT4oMSk=
30064771254	107374182421	PG9wZXJhdG9yPi5hbGxvYw==	PG9wZXJhdG9yPi5hbGxvYw==	U1RBVElDX0RJU1BBVENI	QU5Z	bmV3IGNoYXJbc2l6ZV0=	YmluZGluZ3MuY3Bw	307	107374182575	PG9wZXJhdG9yPi5hbGxvYw==
30064771257	107374182423	PG9wZXJhdG9yPi5hc3NpZ25tZW50	PG9wZXJhdG9yPi5hc3NpZ25tZW50	U1RBVElDX0RJU1BBVENI	dm9pZA==	c2VsZiA9IChCYXNlV29ya2VyKilkYXRh	YmluZGluZ3MuY3Bw	315	107374182564	PG9wZXJhdG9yPi5hc3NpZ25tZW50
30064771259	107374182423	RG9Db21wbGV0ZQ==	QmFzZVdvcmtlci5Eb0NvbXBsZXRlOnZvaWQoKQ==	U1RBVElDX0RJU1BBVENI	dm9pZA==	c2VsZi0+RG9Db21wbGV0ZSgp	YmluZGluZ3MuY3Bw	316	107374182424	QmFzZVdvcmtlci5Eb0NvbXBsZXRlOnZvaWQoKQ==
30064771260	107374182423	RG9GaW5hbGx5	QmFzZVdvcmtlci5Eb0ZpbmFsbHk6dm9pZCgp	RFlOQU1JQ19ESVNQQVRDSA==	dm9pZA==	c2VsZi0+RG9GaW5hbGx5KCk=	YmluZGluZ3MuY3Bw	317	107374182422,107374182450	QmFzZVdvcmtlci5Eb0ZpbmFsbHk6dm9pZCgp,UHJpb3JpdHlXb3JrZXIuRG9GaW5hbGx5OnZvaWQoKQ==
30064771261	107374182423	PG9wZXJhdG9yPi5kZWxldGU=	PG9wZXJhdG9yPi5kZWxldGU=	U1RBVElDX0RJU1BBVENI	dm9pZA==	ZGVsZXRlIHNlbGY=	YmluZGluZ3MuY3Bw	318	107374182579	PG9wZXJhdG9yPi5kZWxldGU=
30064771258	107374182423	PG9wZXJhdG9yPi5jYXN0	PG9wZXJhdG9yPi5jYXN0	U1RBVElDX0RJU1BBVENI	QmFzZVdvcmtlcg==	KEJhc2VXb3JrZXIqKWRhdGE=	YmluZGluZ3MuY3Bw	315	107374182585	PG9wZXJhdG9yPi5jYXN0
30064771265	107374182424	PG9wZXJhdG9yPi5hc3NpZ25tZW50	PG9wZXJhdG9yPi5hc3NpZ25tZW50	U1RBVElDX0RJU1BBVENI	dm9pZA==	YXJndiA9IENyZWF0ZUVycm9yKGVudl8sIGVyck1zZ18p	YmluZGluZ3MuY3Bw	326	107374182564	PG9wZXJhdG9yPi5hc3NpZ25tZW50
30064771269	107374182424	bmFwaV9nZXRfcmVmZXJlbmNlX3ZhbHVl	bmFwaV9nZXRfcmVmZXJlbmNlX3ZhbHVl	U1RBVElDX0RJU1BBVENI	QU5Z	bmFwaV9nZXRfcmVmZXJlbmNlX3ZhbHVlKGVudl8sIGNhbGxiYWNrUmVmXywgJmNhbGxiYWNrKQ==	YmluZGluZ3MuY3Bw	328	107374182605	bmFwaV9nZXRfcmVmZXJlbmNlX3ZhbHVl
30064771273	107374182424	Q2FsbEZ1bmN0aW9u	Q2FsbEZ1bmN0aW9uOkFOWShuYXBpX2Vudl9fKixuYXBpX3ZhbHVlX18qLGludCxuYXBpX3ZhbHVlX18qKik=	U1RBVElDX0RJU1BBVENI	QU5Z	Q2FsbEZ1bmN0aW9uKGVudl8sIGNhbGxiYWNrLCAxLCAmYXJndik=	YmluZGluZ3MuY3Bw	329	107374182606	Q2FsbEZ1bmN0aW9uOkFOWShuYXBpX2Vudl9fKixuYXBpX3ZhbHVlX18qLGludCxuYXBpX3ZhbHVlX18qKik=
30064771262	107374182424	b2s=	PHVucmVzb2x2ZWROYW1lc3BhY2U+Lm9rOjx1bnJlc29sdmVkU2lnbmF0dXJlPigwKQ==	U1RBVElDX0RJU1BBVENI	QU5Z	c3RhdHVzXy5vaygp	YmluZGluZ3MuY3Bw	322	107374182600	PHVucmVzb2x2ZWROYW1lc3BhY2U+Lm9rOjx1bnJlc29sdmVkU2lnbmF0dXJlPigwKQ==
30064771266	107374182424	Q3JlYXRlRXJyb3I=	Q3JlYXRlRXJyb3I6bmFwaV92YWx1ZV9fKihuYXBpX2Vudl9fKixjaGFyKik=	U1RBVElDX0RJU1BBVENI	bmFwaV92YWx1ZV9fKg==	Q3JlYXRlRXJyb3IoZW52XywgZXJyTXNnXyk=	YmluZGluZ3MuY3Bw	326	107374182604	Q3JlYXRlRXJyb3I6bmFwaV92YWx1ZV9fKihuYXBpX2Vudl9fKixjaGFyKik=
30064771270	107374182424	PG9wZXJhdG9yPi5pbmRpcmVjdEZpZWxkQWNjZXNz	PG9wZXJhdG9yPi5pbmRpcmVjdEZpZWxkQWNjZXNz	U1RBVElDX0RJU1BBVENI	bmFwaV9lbnZfXyo=	dGhpcy0+ZW52Xw==	YmluZGluZ3MuY3Bw	328	107374182595	PG9wZXJhdG9yPi5pbmRpcmVjdEZpZWxkQWNjZXNz
30064771271	107374182424	PG9wZXJhdG9yPi5pbmRpcmVjdEZpZWxkQWNjZXNz	PG9wZXJhdG9yPi5pbmRpcmVjdEZpZWxkQWNjZXNz	U1RBVElDX0RJU1BBVENI	bmFwaV9yZWZfXyo=	dGhpcy0+Y2FsbGJhY2tSZWZf	YmluZGluZ3MuY3Bw	328	107374182595	PG9wZXJhdG9yPi5pbmRpcmVjdEZpZWxkQWNjZXNz
30064771272	107374182424	PG9wZXJhdG9yPi5hZGRyZXNzT2Y=	PG9wZXJhdG9yPi5hZGRyZXNzT2Y=	U1RBVElDX0RJU1BBVENI	QU5Z	JmNhbGxiYWNr	YmluZGluZ3MuY3Bw	328	107374182558	PG9wZXJhdG9yPi5hZGRyZXNzT2Y=
30064771274	107374182424	PG9wZXJhdG9yPi5pbmRpcmVjdEZpZWxkQWNjZXNz	PG9wZXJhdG9yPi5pbmRpcmVjdEZpZWxkQWNjZXNz	U1RBVElDX0RJU1BBVENI	bmFwaV9lbnZfXyo=	dGhpcy0+ZW52Xw==	YmluZGluZ3MuY3Bw	329	107374182595	PG9wZXJhdG9yPi5pbmRpcmVjdEZpZWxkQWNjZXNz
30064771275	107374182424	PG9wZXJhdG9yPi5hZGRyZXNzT2Y=	PG9wZXJhdG9yPi5hZGRyZXNzT2Y=	U1RBVElDX0RJU1BBVENI	QU5Z	JmFyZ3Y=	YmluZGluZ3MuY3Bw	329	107374182558	PG9wZXJhdG9yPi5hZGRyZXNzT2Y=
30064771263	107374182424	PG9wZXJhdG9yPi5pbmRpcmVjdEZpZWxkQWNjZXNz	PG9wZXJhdG9yPi5pbmRpcmVjdEZpZWxkQWNjZXNz	U1RBVElDX0RJU1BBVENI	QU5Z	dGhpcy0+c3RhdHVzXw==	YmluZGluZ3MuY3Bw	322	107374182595	PG9wZXJhdG9yPi5pbmRpcmVjdEZpZWxkQWNjZXNz
30064771267	107374182424	PG9wZXJhdG9yPi5pbmRpcmVjdEZpZWxkQWNjZXNz	PG9wZXJhdG9yPi5pbmRpcmVjdEZpZWxkQWNjZXNz	U1RBVElDX0RJU1BBVENI	bmFwaV9lbnZfXyo=	dGhpcy0+ZW52Xw==	YmluZGluZ3MuY3Bw	326	107374182595	PG9wZXJhdG9yPi5pbmRpcmVjdEZpZWxkQWNjZXNz
30064771268	107374182424	PG9wZXJhdG9yPi5pbmRpcmVjdEZpZWxkQWNjZXNz	PG9wZXJhdG9yPi5pbmRpcmVjdEZpZWxkQWNjZXNz	U1RBVElDX0RJU1BBVENI	Y2hhcio=	dGhpcy0+ZXJyTXNnXw==	YmluZGluZ3MuY3Bw	326	107374182595	PG9wZXJhdG9yPi5pbmRpcmVjdEZpZWxkQWNjZXNz
30064771264	107374182424	SGFuZGxlT0tDYWxsYmFjaw==	QmFzZVdvcmtlci5IYW5kbGVPS0NhbGxiYWNrOnZvaWQoKQ==	U1RBVElDX0RJU1BBVENI	dm9pZA==	SGFuZGxlT0tDYWxsYmFjaygp	YmluZGluZ3MuY3Bw	323	107374182425	QmFzZVdvcmtlci5IYW5kbGVPS0NhbGxiYWNrOnZvaWQoKQ==
30064771276	107374182425	bmFwaV9nZXRfbnVsbA==	bmFwaV9nZXRfbnVsbA==	U1RBVElDX0RJU1BBVENI	QU5Z	bmFwaV9nZXRfbnVsbChlbnZfLCAmYXJndik=	YmluZGluZ3MuY3Bw	334	107374182607	bmFwaV9nZXRfbnVsbA==
30064771279	107374182425	bmFwaV9nZXRfcmVmZXJlbmNlX3ZhbHVl	bmFwaV9nZXRfcmVmZXJlbmNlX3ZhbHVl	U1RBVElDX0RJU1BBVENI	QU5Z	bmFwaV9nZXRfcmVmZXJlbmNlX3ZhbHVlKGVudl8sIGNhbGxiYWNrUmVmXywgJmNhbGxiYWNrKQ==	YmluZGluZ3MuY3Bw	336	107374182605	bmFwaV9nZXRfcmVmZXJlbmNlX3ZhbHVl
30064771283	107374182425	Q2FsbEZ1bmN0aW9u	Q2FsbEZ1bmN0aW9uOkFOWShuYXBpX2Vudl9fKixuYXBpX3ZhbHVlX18qLGludCxuYXBpX3ZhbHVlX18qKik=	U1RBVElDX0RJU1BBVENI	QU5Z	Q2FsbEZ1bmN0aW9uKGVudl8sIGNhbGxiYWNrLCAxLCAmYXJndik=	YmluZGluZ3MuY3Bw	337	107374182606	Q2FsbEZ1bmN0aW9uOkFOWShuYXBpX2Vudl9fKixuYXBpX3ZhbHVlX18qLGludCxuYXBpX3ZhbHVlX18qKik=
30064771277	107374182425	PG9wZXJhdG9yPi5pbmRpcmVjdEZpZWxkQWNjZXNz	PG9wZXJhdG9yPi5pbmRpcmVjdEZpZWxkQWNjZXNz	U1RBVElDX0RJU1BBVENI	bmFwaV9lbnZfXyo=	dGhpcy0+ZW52Xw==	YmluZGluZ3MuY3Bw	334	107374182595	PG9wZXJhdG9yPi5pbmRpcmVjdEZpZWxkQWNjZXNz
30064771278	107374182425	PG9wZXJhdG9yPi5hZGRyZXNzT2Y=	PG9wZXJhdG9yPi5hZGRyZXNzT2Y=	U1RBVElDX0RJU1BBVENI	QU5Z	JmFyZ3Y=	YmluZGluZ3MuY3Bw	334	107374182558	PG9wZXJhdG9yPi5hZGRyZXNzT2Y=
30064771280	107374182425	PG9wZXJhdG9yPi5pbmRpcmVjdEZpZWxkQWNjZXNz	PG9wZXJhdG9yPi5pbmRpcmVjdEZpZWxkQWNjZXNz	U1RBVElDX0RJU1BBVENI	bmFwaV9lbnZfXyo=	dGhpcy0+ZW52Xw==	YmluZGluZ3MuY3Bw	336	107374182595	PG9wZXJhdG9yPi5pbmRpcmVjdEZpZWxkQWNjZXNz
30064771281	107374182425	PG9wZXJhdG9yPi5pbmRpcmVjdEZpZWxkQWNjZXNz	PG9wZXJhdG9yPi5pbmRpcmVjdEZpZWxkQWNjZXNz	U1RBVElDX0RJU1BBVENI	bmFwaV9yZWZfXyo=	dGhpcy0+Y2FsbGJhY2tSZWZf	YmluZGluZ3MuY3Bw	336	107374182595	PG9wZXJhdG9yPi5pbmRpcmVjdEZpZWxkQWNjZXNz
30064771282	107374182425	PG9wZXJhdG9yPi5hZGRyZXNzT2Y=	PG9wZXJhdG9yPi5hZGRyZXNzT2Y=	U1RBVElDX0RJU1BBVENI	QU5Z	JmNhbGxiYWNr	YmluZGluZ3MuY3Bw	336	107374182558	PG9wZXJhdG9yPi5hZGRyZXNzT2Y=
30064771284	107374182425	PG9wZXJhdG9yPi5pbmRpcmVjdEZpZWxkQWNjZXNz	PG9wZXJhdG9yPi5pbmRpcmVjdEZpZWxkQWNjZXNz	U1RBVElDX0RJU1BBVENI	bmFwaV9lbnZfXyo=	dGhpcy0+ZW52Xw==	YmluZGluZ3MuY3Bw	337	107374182595	PG9wZXJhdG9yPi5pbmRpcmVjdEZpZWxkQWNjZXNz
30064771285	107374182425	PG9wZXJhdG9yPi5hZGRyZXNzT2Y=	PG9wZXJhdG9yPi5hZGRyZXNzT2Y=	U1RBVElDX0RJU1BBVENI	QU5Z	JmFyZ3Y=	YmluZGluZ3MuY3Bw	337	107374182558	PG9wZXJhdG9yPi5hZGRyZXNzT2Y=
30064771286	107374182426	bmFwaV9xdWV1ZV9hc3luY193b3Jr	bmFwaV9xdWV1ZV9hc3luY193b3Jr	U1RBVElDX0RJU1BBVENI	QU5Z	bmFwaV9xdWV1ZV9hc3luY193b3JrKGVudl8sIGFzeW5jV29ya18p	YmluZGluZ3MuY3Bw	341	107374182608	bmFwaV9xdWV1ZV9hc3luY193b3Jr
30064771287	107374182426	PG9wZXJhdG9yPi5pbmRpcmVjdEZpZWxkQWNjZXNz	PG9wZXJhdG9yPi5pbmRpcmVjdEZpZWxkQWNjZXNz	U1RBVElDX0RJU1BBVENI	bmFwaV9lbnZfXyo=	dGhpcy0+ZW52Xw==	YmluZGluZ3MuY3Bw	341	107374182595	PG9wZXJhdG9yPi5pbmRpcmVjdEZpZWxkQWNjZXNz
30064771288	107374182426	PG9wZXJhdG9yPi5pbmRpcmVjdEZpZWxkQWNjZXNz	PG9wZXJhdG9yPi5pbmRpcmVjdEZpZWxkQWNjZXNz	U1RBVElDX0RJU1BBVENI	bmFwaV9hc3luY193b3JrX18q	dGhpcy0+YXN5bmNXb3JrXw==	YmluZGluZ3MuY3Bw	341	107374182595	PG9wZXJhdG9yPi5pbmRpcmVjdEZpZWxkQWNjZXNz
30064771372	107374182427	PG9wZXJhdG9yPi5hc3NpZ25tZW50	PG9wZXJhdG9yPi5hc3NpZ25tZW50	U1RBVElDX0RJU1BBVENI	dm9pZA==	KnBlbmRpbmdDbG9zZVdvcmtlcl8gPSBBTlkuQU5ZKCk=	YmluZGluZ3MuY3Bw	467	107374182564	PG9wZXJhdG9yPi5hc3NpZ25tZW50
30064771377	107374182427	PG9wZXJhdG9yPi5hc3NpZ25tZW50	PG9wZXJhdG9yPi5hc3NpZ25tZW50	U1RBVElDX0RJU1BBVENI	dm9pZA==	aXRlcmF0b3JzXyA9IEFOWS5BTlkoKQ==	YmluZGluZ3MuY3Bw	468	107374182564	PG9wZXJhdG9yPi5hc3NpZ25tZW50
30064771373	107374182427	PG9wZXJhdG9yPi5hc3NpZ25tZW50	PG9wZXJhdG9yPi5hc3NpZ25tZW50	U1RBVElDX0RJU1BBVENI	QU5Z	PHRtcD4wID0gPG9wZXJhdG9yPi5hbGxvYw==	YmluZGluZ3MuY3Bw	467	107374182564	PG9wZXJhdG9yPi5hc3NpZ25tZW50
30064771375	107374182427	QU5Z	QU5ZLkFOWTp2b2lkKCk=	U1RBVElDX0RJU1BBVENI	dm9pZA==	QU5ZLkFOWSgp	YmluZGluZ3MuY3Bw	467	107374182609	QU5ZLkFOWTp2b2lkKCk=
30064771378	107374182427	PG9wZXJhdG9yPi5hc3NpZ25tZW50	PG9wZXJhdG9yPi5hc3NpZ25tZW50	U1RBVElDX0RJU1BBVENI	QU5Z	PHRtcD4xID0gPG9wZXJhdG9yPi5hbGxvYw==	YmluZGluZ3MuY3Bw	468	107374182564	PG9wZXJhdG9yPi5hc3NpZ25tZW50
30064771380	107374182427	QU5Z	QU5ZLkFOWTp2b2lkKCk=	U1RBVElDX0RJU1BBVENI	dm9pZA==	QU5ZLkFOWSgp	YmluZGluZ3MuY3Bw	468	107374182609	QU5ZLkFOWTp2b2lkKCk=
30064771374	107374182427	PG9wZXJhdG9yPi5hbGxvYw==	PG9wZXJhdG9yPi5hbGxvYw==	U1RBVElDX0RJU1BBVENI	QU5Z	PG9wZXJhdG9yPi5hbGxvYw==	YmluZGluZ3MuY3Bw	467	107374182575	PG9wZXJhdG9yPi5hbGxvYw==
30064771376	107374182427	PG9wZXJhdG9yPi5hZGRyZXNzT2Y=	PG9wZXJhdG9yPi5hZGRyZXNzT2Y=	U1RBVElDX0RJU1BBVENI	QU5Z	Jjx0bXA+MA==	YmluZGluZ3MuY3Bw	467	107374182558	PG9wZXJhdG9yPi5hZGRyZXNzT2Y=
30064771379	107374182427	PG9wZXJhdG9yPi5hbGxvYw==	PG9wZXJhdG9yPi5hbGxvYw==	U1RBVElDX0RJU1BBVENI	QU5Z	PG9wZXJhdG9yPi5hbGxvYw==	YmluZGluZ3MuY3Bw	468	107374182575	PG9wZXJhdG9yPi5hbGxvYw==
30064771381	107374182427	PG9wZXJhdG9yPi5hZGRyZXNzT2Y=	PG9wZXJhdG9yPi5hZGRyZXNzT2Y=	U1RBVElDX0RJU1BBVENI	QU5Z	Jjx0bXA+MQ==	YmluZGluZ3MuY3Bw	468	107374182558	PG9wZXJhdG9yPi5hZGRyZXNzT2Y=
30064771294	107374182428	PG9wZXJhdG9yPi5hc3NpZ25tZW50	PG9wZXJhdG9yPi5hc3NpZ25tZW50	U1RBVElDX0RJU1BBVENI	dm9pZA==	dGhpcy0+ZW52XyA9IGVudg==	YmluZGluZ3MuY3Bw	359	107374182564	PG9wZXJhdG9yPi5hc3NpZ25tZW50
30064771296	107374182428	PG9wZXJhdG9yPi5hc3NpZ25tZW50	PG9wZXJhdG9yPi5hc3NpZ25tZW50	U1RBVElDX0RJU1BBVENI	dm9pZA==	dGhpcy0+ZGJfID0gPHVua25vd24+IE5VTEw=	YmluZGluZ3MuY3Bw	360	107374182564	PG9wZXJhdG9yPi5hc3NpZ25tZW50
30064771298	107374182428	PG9wZXJhdG9yPi5hc3NpZ25tZW50	PG9wZXJhdG9yPi5hc3NpZ25tZW50	U1RBVElDX0RJU1BBVENI	dm9pZA==	dGhpcy0+YmxvY2tDYWNoZV8gPSA8dW5rbm93bj4gTlVMTA==	YmluZGluZ3MuY3Bw	361	107374182564	PG9wZXJhdG9yPi5hc3NpZ25tZW50
30064771300	107374182428	PG9wZXJhdG9yPi5hc3NpZ25tZW50	PG9wZXJhdG9yPi5hc3NpZ25tZW50	U1RBVElDX0RJU1BBVENI	dm9pZA==	dGhpcy0+ZmlsdGVyUG9saWN5XyA9IGxldmVsZGI6Ok5ld0Jsb29tRmlsdGVyUG9saWN5KDEwKQ==	YmluZGluZ3MuY3Bw	362	107374182564	PG9wZXJhdG9yPi5hc3NpZ25tZW50
30064771303	107374182428	PG9wZXJhdG9yPi5hc3NpZ25tZW50	PG9wZXJhdG9yPi5hc3NpZ25tZW50	U1RBVElDX0RJU1BBVENI	dm9pZA==	dGhpcy0+Y3VycmVudEl0ZXJhdG9ySWRfID0gMA==	YmluZGluZ3MuY3Bw	363	107374182564	PG9wZXJhdG9yPi5hc3NpZ25tZW50
30064771305	107374182428	PG9wZXJhdG9yPi5hc3NpZ25tZW50	PG9wZXJhdG9yPi5hc3NpZ25tZW50	U1RBVElDX0RJU1BBVENI	dm9pZA==	dGhpcy0+cGVuZGluZ0Nsb3NlV29ya2VyXyA9IDx1bmtub3duPiBOVUxM	YmluZGluZ3MuY3Bw	364	107374182564	PG9wZXJhdG9yPi5hc3NpZ25tZW50
30064771307	107374182428	PG9wZXJhdG9yPi5hc3NpZ25tZW50	PG9wZXJhdG9yPi5hc3NpZ25tZW50	U1RBVElDX0RJU1BBVENI	dm9pZA==	dGhpcy0+cHJpb3JpdHlXb3JrXyA9IDA=	YmluZGluZ3MuY3Bw	365	107374182564	PG9wZXJhdG9yPi5hc3NpZ25tZW50
30064771295	107374182428	PG9wZXJhdG9yPi5pbmRpcmVjdEZpZWxkQWNjZXNz	PG9wZXJhdG9yPi5pbmRpcmVjdEZpZWxkQWNjZXNz	U1RBVElDX0RJU1BBVENI	RGF0YWJhc2Uq	dGhpcy0+ZW52Xw==	YmluZGluZ3MuY3Bw	359	107374182595	PG9wZXJhdG9yPi5pbmRpcmVjdEZpZWxkQWNjZXNz
30064771297	107374182428	PG9wZXJhdG9yPi5pbmRpcmVjdEZpZWxkQWNjZXNz	PG9wZXJhdG9yPi5pbmRpcmVjdEZpZWxkQWNjZXNz	U1RBVElDX0RJU1BBVENI	RGF0YWJhc2Uq	dGhpcy0+ZGJf	YmluZGluZ3MuY3Bw	360	107374182595	PG9wZXJhdG9yPi5pbmRpcmVjdEZpZWxkQWNjZXNz
30064771299	107374182428	PG9wZXJhdG9yPi5pbmRpcmVjdEZpZWxkQWNjZXNz	PG9wZXJhdG9yPi5pbmRpcmVjdEZpZWxkQWNjZXNz	U1RBVElDX0RJU1BBVENI	RGF0YWJhc2Uq	dGhpcy0+YmxvY2tDYWNoZV8=	YmluZGluZ3MuY3Bw	361	107374182595	PG9wZXJhdG9yPi5pbmRpcmVjdEZpZWxkQWNjZXNz
30064771301	107374182428	PG9wZXJhdG9yPi5pbmRpcmVjdEZpZWxkQWNjZXNz	PG9wZXJhdG9yPi5pbmRpcmVjdEZpZWxkQWNjZXNz	U1RBVElDX0RJU1BBVENI	RGF0YWJhc2Uq	dGhpcy0+ZmlsdGVyUG9saWN5Xw==	YmluZGluZ3MuY3Bw	362	107374182595	PG9wZXJhdG9yPi5pbmRpcmVjdEZpZWxkQWNjZXNz
30064771302	107374182428	TmV3Qmxvb21GaWx0ZXJQb2xpY3k=	PHVucmVzb2x2ZWROYW1lc3BhY2U+Lk5ld0Jsb29tRmlsdGVyUG9saWN5Ojx1bnJlc29sdmVkU2lnbmF0dXJlPigxKQ==	U1RBVElDX0RJU1BBVENI	QU5Z	bGV2ZWxkYjo6TmV3Qmxvb21GaWx0ZXJQb2xpY3koMTAp	YmluZGluZ3MuY3Bw	362	107374182610	PHVucmVzb2x2ZWROYW1lc3BhY2U+Lk5ld0Jsb29tRmlsdGVyUG9saWN5Ojx1bnJlc29sdmVkU2lnbmF0dXJlPigxKQ==
30064771304	107374182428	PG9wZXJhdG9yPi5pbmRpcmVjdEZpZWxkQWNjZXNz	PG9wZXJhdG9yPi5pbmRpcmVjdEZpZWxkQWNjZXNz	U1RBVElDX0RJU1BBVENI	RGF0YWJhc2Uq	dGhpcy0+Y3VycmVudEl0ZXJhdG9ySWRf	YmluZGluZ3MuY3Bw	363	107374182595	PG9wZXJhdG9yPi5pbmRpcmVjdEZpZWxkQWNjZXNz
30064771306	107374182428	PG9wZXJhdG9yPi5pbmRpcmVjdEZpZWxkQWNjZXNz	PG9wZXJhdG9yPi5pbmRpcmVjdEZpZWxkQWNjZXNz	U1RBVElDX0RJU1BBVENI	RGF0YWJhc2Uq	dGhpcy0+cGVuZGluZ0Nsb3NlV29ya2VyXw==	YmluZGluZ3MuY3Bw	364	107374182595	PG9wZXJhdG9yPi5pbmRpcmVjdEZpZWxkQWNjZXNz
30064771308	107374182428	PG9wZXJhdG9yPi5pbmRpcmVjdEZpZWxkQWNjZXNz	PG9wZXJhdG9yPi5pbmRpcmVjdEZpZWxkQWNjZXNz	U1RBVElDX0RJU1BBVENI	RGF0YWJhc2Uq	dGhpcy0+cHJpb3JpdHlXb3JrXw==	YmluZGluZ3MuY3Bw	365	107374182595	PG9wZXJhdG9yPi5pbmRpcmVjdEZpZWxkQWNjZXNz
30064771309	107374182429	PG9wZXJhdG9yPi5ub3RFcXVhbHM=	PG9wZXJhdG9yPi5ub3RFcXVhbHM=	U1RBVElDX0RJU1BBVENI	QU5Z	ZGJfICE9IE5VTEw=	YmluZGluZ3MuY3Bw	368	107374182593	PG9wZXJhdG9yPi5ub3RFcXVhbHM=
30064771310	107374182429	PG9wZXJhdG9yPi5pbmRpcmVjdEZpZWxkQWNjZXNz	PG9wZXJhdG9yPi5pbmRpcmVjdEZpZWxkQWNjZXNz	U1RBVElDX0RJU1BBVENI	QU5Z	dGhpcy0+ZGJf	YmluZGluZ3MuY3Bw	368	107374182595	PG9wZXJhdG9yPi5pbmRpcmVjdEZpZWxkQWNjZXNz
30064771311	107374182429	PG9wZXJhdG9yPi5kZWxldGU=	PG9wZXJhdG9yPi5kZWxldGU=	U1RBVElDX0RJU1BBVENI	dm9pZA==	ZGVsZXRlIGRiXw==	YmluZGluZ3MuY3Bw	369	107374182579	PG9wZXJhdG9yPi5kZWxldGU=
30064771313	107374182429	PG9wZXJhdG9yPi5hc3NpZ25tZW50	PG9wZXJhdG9yPi5hc3NpZ25tZW50	U1RBVElDX0RJU1BBVENI	QU5Z	ZGJfID0gTlVMTA==	YmluZGluZ3MuY3Bw	370	107374182564	PG9wZXJhdG9yPi5hc3NpZ25tZW50
30064771312	107374182429	PG9wZXJhdG9yPi5pbmRpcmVjdEZpZWxkQWNjZXNz	PG9wZXJhdG9yPi5pbmRpcmVjdEZpZWxkQWNjZXNz	U1RBVElDX0RJU1BBVENI	QU5Z	dGhpcy0+ZGJf	YmluZGluZ3MuY3Bw	369	107374182595	PG9wZXJhdG9yPi5pbmRpcmVjdEZpZWxkQWNjZXNz
30064771314	107374182429	PG9wZXJhdG9yPi5pbmRpcmVjdEZpZWxkQWNjZXNz	PG9wZXJhdG9yPi5pbmRpcmVjdEZpZWxkQWNjZXNz	U1RBVElDX0RJU1BBVENI	QU5Z	dGhpcy0+ZGJf	YmluZGluZ3MuY3Bw	370	107374182595	PG9wZXJhdG9yPi5pbmRpcmVjdEZpZWxkQWNjZXNz
30064771315	107374182430	T3Blbg==	PHVucmVzb2x2ZWROYW1lc3BhY2U+Lk9wZW46PHVucmVzb2x2ZWRTaWduYXR1cmU+KDMp	U1RBVElDX0RJU1BBVENI	QU5Z	bGV2ZWxkYjo6REI6Ok9wZW4ob3B0aW9ucywgbG9jYXRpb24sICZkYl8p	YmluZGluZ3MuY3Bw	376	107374182611	PHVucmVzb2x2ZWROYW1lc3BhY2U+Lk9wZW46PHVucmVzb2x2ZWRTaWduYXR1cmU+KDMp
30064771316	107374182430	PG9wZXJhdG9yPi5hZGRyZXNzT2Y=	PG9wZXJhdG9yPi5hZGRyZXNzT2Y=	U1RBVElDX0RJU1BBVENI	QU5Z	JmRiXw==	YmluZGluZ3MuY3Bw	376	107374182558	PG9wZXJhdG9yPi5hZGRyZXNzT2Y=
30064771317	107374182430	PG9wZXJhdG9yPi5pbmRpcmVjdEZpZWxkQWNjZXNz	PG9wZXJhdG9yPi5pbmRpcmVjdEZpZWxkQWNjZXNz	U1RBVElDX0RJU1BBVENI	QU5Z	dGhpcy0+ZGJf	YmluZGluZ3MuY3Bw	376	107374182595	PG9wZXJhdG9yPi5pbmRpcmVjdEZpZWxkQWNjZXNz
30064771318	107374182431	PG9wZXJhdG9yPi5kZWxldGU=	PG9wZXJhdG9yPi5kZWxldGU=	U1RBVElDX0RJU1BBVENI	dm9pZA==	ZGVsZXRlIGRiXw==	YmluZGluZ3MuY3Bw	380	107374182579	PG9wZXJhdG9yPi5kZWxldGU=
30064771320	107374182431	PG9wZXJhdG9yPi5hc3NpZ25tZW50	PG9wZXJhdG9yPi5hc3NpZ25tZW50	U1RBVElDX0RJU1BBVENI	QU5Z	ZGJfID0gTlVMTA==	YmluZGluZ3MuY3Bw	381	107374182564	PG9wZXJhdG9yPi5hc3NpZ25tZW50
30064771319	107374182431	PG9wZXJhdG9yPi5pbmRpcmVjdEZpZWxkQWNjZXNz	PG9wZXJhdG9yPi5pbmRpcmVjdEZpZWxkQWNjZXNz	U1RBVElDX0RJU1BBVENI	QU5Z	dGhpcy0+ZGJf	YmluZGluZ3MuY3Bw	380	107374182595	PG9wZXJhdG9yPi5pbmRpcmVjdEZpZWxkQWNjZXNz
30064771321	107374182431	PG9wZXJhdG9yPi5pbmRpcmVjdEZpZWxkQWNjZXNz	PG9wZXJhdG9yPi5pbmRpcmVjdEZpZWxkQWNjZXNz	U1RBVElDX0RJU1BBVENI	QU5Z	dGhpcy0+ZGJf	YmluZGluZ3MuY3Bw	381	107374182595	PG9wZXJhdG9yPi5pbmRpcmVjdEZpZWxkQWNjZXNz
30064771322	107374182431	PG9wZXJhdG9yPi5pbmRpcmVjdEZpZWxkQWNjZXNz	PG9wZXJhdG9yPi5pbmRpcmVjdEZpZWxkQWNjZXNz	U1RBVElDX0RJU1BBVENI	QU5Z	dGhpcy0+YmxvY2tDYWNoZV8=	YmluZGluZ3MuY3Bw	382	107374182595	PG9wZXJhdG9yPi5pbmRpcmVjdEZpZWxkQWNjZXNz
30064771323	107374182431	PG9wZXJhdG9yPi5kZWxldGU=	PG9wZXJhdG9yPi5kZWxldGU=	U1RBVElDX0RJU1BBVENI	dm9pZA==	ZGVsZXRlIGJsb2NrQ2FjaGVf	YmluZGluZ3MuY3Bw	383	107374182579	PG9wZXJhdG9yPi5kZWxldGU=
30064771325	107374182431	PG9wZXJhdG9yPi5hc3NpZ25tZW50	PG9wZXJhdG9yPi5hc3NpZ25tZW50	U1RBVElDX0RJU1BBVENI	QU5Z	YmxvY2tDYWNoZV8gPSBOVUxM	YmluZGluZ3MuY3Bw	384	107374182564	PG9wZXJhdG9yPi5hc3NpZ25tZW50
30064771324	107374182431	PG9wZXJhdG9yPi5pbmRpcmVjdEZpZWxkQWNjZXNz	PG9wZXJhdG9yPi5pbmRpcmVjdEZpZWxkQWNjZXNz	U1RBVElDX0RJU1BBVENI	QU5Z	dGhpcy0+YmxvY2tDYWNoZV8=	YmluZGluZ3MuY3Bw	383	107374182595	PG9wZXJhdG9yPi5pbmRpcmVjdEZpZWxkQWNjZXNz
30064771326	107374182431	PG9wZXJhdG9yPi5pbmRpcmVjdEZpZWxkQWNjZXNz	PG9wZXJhdG9yPi5pbmRpcmVjdEZpZWxkQWNjZXNz	U1RBVElDX0RJU1BBVENI	QU5Z	dGhpcy0+YmxvY2tDYWNoZV8=	YmluZGluZ3MuY3Bw	384	107374182595	PG9wZXJhdG9yPi5pbmRpcmVjdEZpZWxkQWNjZXNz
30064771327	107374182432	UHV0	PHVucmVzb2x2ZWROYW1lc3BhY2U+LlB1dDo8dW5yZXNvbHZlZFNpZ25hdHVyZT4oMyk=	U1RBVElDX0RJU1BBVENI	QU5Z	ZGJfLT5QdXQob3B0aW9ucywga2V5LCB2YWx1ZSk=	YmluZGluZ3MuY3Bw	391	107374182612	PHVucmVzb2x2ZWROYW1lc3BhY2U+LlB1dDo8dW5yZXNvbHZlZFNpZ25hdHVyZT4oMyk=
30064771328	107374182432	PG9wZXJhdG9yPi5pbmRpcmVjdEZpZWxkQWNjZXNz	PG9wZXJhdG9yPi5pbmRpcmVjdEZpZWxkQWNjZXNz	U1RBVElDX0RJU1BBVENI	QU5Z	dGhpcy0+ZGJf	YmluZGluZ3MuY3Bw	391	107374182595	PG9wZXJhdG9yPi5pbmRpcmVjdEZpZWxkQWNjZXNz
30064771329	107374182433	R2V0	PHVucmVzb2x2ZWROYW1lc3BhY2U+LkdldDo8dW5yZXNvbHZlZFNpZ25hdHVyZT4oMyk=	U1RBVElDX0RJU1BBVENI	QU5Z	ZGJfLT5HZXQob3B0aW9ucywga2V5LCAmdmFsdWUp	YmluZGluZ3MuY3Bw	397	107374182613	PHVucmVzb2x2ZWROYW1lc3BhY2U+LkdldDo8dW5yZXNvbHZlZFNpZ25hdHVyZT4oMyk=
30064771330	107374182433	PG9wZXJhdG9yPi5pbmRpcmVjdEZpZWxkQWNjZXNz	PG9wZXJhdG9yPi5pbmRpcmVjdEZpZWxkQWNjZXNz	U1RBVElDX0RJU1BBVENI	QU5Z	dGhpcy0+ZGJf	YmluZGluZ3MuY3Bw	397	107374182595	PG9wZXJhdG9yPi5pbmRpcmVjdEZpZWxkQWNjZXNz
30064771331	107374182433	PG9wZXJhdG9yPi5hZGRyZXNzT2Y=	PG9wZXJhdG9yPi5hZGRyZXNzT2Y=	U1RBVElDX0RJU1BBVENI	QU5Z	JnZhbHVl	YmluZGluZ3MuY3Bw	397	107374182558	PG9wZXJhdG9yPi5hZGRyZXNzT2Y=
30064771332	107374182434	RGVsZXRl	PHVucmVzb2x2ZWROYW1lc3BhY2U+LkRlbGV0ZTo8dW5yZXNvbHZlZFNpZ25hdHVyZT4oMik=	U1RBVElDX0RJU1BBVENI	QU5Z	ZGJfLT5EZWxldGUob3B0aW9ucywga2V5KQ==	YmluZGluZ3MuY3Bw	402	107374182614	PHVucmVzb2x2ZWROYW1lc3BhY2U+LkRlbGV0ZTo8dW5yZXNvbHZlZFNpZ25hdHVyZT4oMik=
30064771333	107374182434	PG9wZXJhdG9yPi5pbmRpcmVjdEZpZWxkQWNjZXNz	PG9wZXJhdG9yPi5pbmRpcmVjdEZpZWxkQWNjZXNz	U1RBVElDX0RJU1BBVENI	QU5Z	dGhpcy0+ZGJf	YmluZGluZ3MuY3Bw	402	107374182595	PG9wZXJhdG9yPi5pbmRpcmVjdEZpZWxkQWNjZXNz
30064771334	107374182435	V3JpdGU=	PHVucmVzb2x2ZWROYW1lc3BhY2U+LldyaXRlOjx1bnJlc29sdmVkU2lnbmF0dXJlPigyKQ==	U1RBVElDX0RJU1BBVENI	QU5Z	ZGJfLT5Xcml0ZShvcHRpb25zLCBiYXRjaCk=	YmluZGluZ3MuY3Bw	407	107374182615	PHVucmVzb2x2ZWROYW1lc3BhY2U+LldyaXRlOjx1bnJlc29sdmVkU2lnbmF0dXJlPigyKQ==
30064771335	107374182435	PG9wZXJhdG9yPi5pbmRpcmVjdEZpZWxkQWNjZXNz	PG9wZXJhdG9yPi5pbmRpcmVjdEZpZWxkQWNjZXNz	U1RBVElDX0RJU1BBVENI	QU5Z	dGhpcy0+ZGJf	YmluZGluZ3MuY3Bw	407	107374182595	PG9wZXJhdG9yPi5pbmRpcmVjdEZpZWxkQWNjZXNz
30064771336	107374182436	PG9wZXJhdG9yPi5hc3NpZ25tZW50	PG9wZXJhdG9yPi5hc3NpZ25tZW50	U1RBVElDX0RJU1BBVENI	dm9pZA==	c2l6ZSA9IDA=	YmluZGluZ3MuY3Bw	411	107374182564	PG9wZXJhdG9yPi5hc3NpZ25tZW50
30064771337	107374182436	R2V0QXBwcm94aW1hdGVTaXplcw==	PHVucmVzb2x2ZWROYW1lc3BhY2U+LkdldEFwcHJveGltYXRlU2l6ZXM6PHVucmVzb2x2ZWRTaWduYXR1cmU+KDMp	U1RBVElDX0RJU1BBVENI	QU5Z	ZGJfLT5HZXRBcHByb3hpbWF0ZVNpemVzKHJhbmdlLCAxLCAmc2l6ZSk=	YmluZGluZ3MuY3Bw	412	107374182616	PHVucmVzb2x2ZWROYW1lc3BhY2U+LkdldEFwcHJveGltYXRlU2l6ZXM6PHVucmVzb2x2ZWRTaWduYXR1cmU+KDMp
30064771338	107374182436	PG9wZXJhdG9yPi5pbmRpcmVjdEZpZWxkQWNjZXNz	PG9wZXJhdG9yPi5pbmRpcmVjdEZpZWxkQWNjZXNz	U1RBVElDX0RJU1BBVENI	QU5Z	dGhpcy0+ZGJf	YmluZGluZ3MuY3Bw	412	107374182595	PG9wZXJhdG9yPi5pbmRpcmVjdEZpZWxkQWNjZXNz
30064771339	107374182436	PG9wZXJhdG9yPi5hZGRyZXNzT2Y=	PG9wZXJhdG9yPi5hZGRyZXNzT2Y=	U1RBVElDX0RJU1BBVENI	QU5Z	JnNpemU=	YmluZGluZ3MuY3Bw	412	107374182558	PG9wZXJhdG9yPi5hZGRyZXNzT2Y=
30064771340	107374182437	Q29tcGFjdFJhbmdl	PHVucmVzb2x2ZWROYW1lc3BhY2U+LkNvbXBhY3RSYW5nZTo8dW5yZXNvbHZlZFNpZ25hdHVyZT4oMik=	U1RBVElDX0RJU1BBVENI	QU5Z	ZGJfLT5Db21wYWN0UmFuZ2Uoc3RhcnQsIGVuZCk=	YmluZGluZ3MuY3Bw	418	107374182617	PHVucmVzb2x2ZWROYW1lc3BhY2U+LkNvbXBhY3RSYW5nZTo8dW5yZXNvbHZlZFNpZ25hdHVyZT4oMik=
30064771341	107374182437	PG9wZXJhdG9yPi5pbmRpcmVjdEZpZWxkQWNjZXNz	PG9wZXJhdG9yPi5pbmRpcmVjdEZpZWxkQWNjZXNz	U1RBVElDX0RJU1BBVENI	QU5Z	dGhpcy0+ZGJf	YmluZGluZ3MuY3Bw	418	107374182595	PG9wZXJhdG9yPi5pbmRpcmVjdEZpZWxkQWNjZXNz
30064771342	107374182438	R2V0UHJvcGVydHk=	PHVucmVzb2x2ZWROYW1lc3BhY2U+LkdldFByb3BlcnR5Ojx1bnJlc29sdmVkU2lnbmF0dXJlPigyKQ==	U1RBVElDX0RJU1BBVENI	QU5Z	ZGJfLT5HZXRQcm9wZXJ0eShwcm9wZXJ0eSwgdmFsdWUp	YmluZGluZ3MuY3Bw	422	107374182618	PHVucmVzb2x2ZWROYW1lc3BhY2U+LkdldFByb3BlcnR5Ojx1bnJlc29sdmVkU2lnbmF0dXJlPigyKQ==
30064771343	107374182438	PG9wZXJhdG9yPi5pbmRpcmVjdEZpZWxkQWNjZXNz	PG9wZXJhdG9yPi5pbmRpcmVjdEZpZWxkQWNjZXNz	U1RBVElDX0RJU1BBVENI	QU5Z	dGhpcy0+ZGJf	YmluZGluZ3MuY3Bw	422	107374182595	PG9wZXJhdG9yPi5pbmRpcmVjdEZpZWxkQWNjZXNz
30064771344	107374182439	R2V0U25hcHNob3Q=	PHVucmVzb2x2ZWROYW1lc3BhY2U+LkdldFNuYXBzaG90Ojx1bnJlc29sdmVkU2lnbmF0dXJlPigwKQ==	U1RBVElDX0RJU1BBVENI	QU5Z	ZGJfLT5HZXRTbmFwc2hvdCgp	YmluZGluZ3MuY3Bw	426	107374182619	PHVucmVzb2x2ZWROYW1lc3BhY2U+LkdldFNuYXBzaG90Ojx1bnJlc29sdmVkU2lnbmF0dXJlPigwKQ==
30064771345	107374182439	PG9wZXJhdG9yPi5pbmRpcmVjdEZpZWxkQWNjZXNz	PG9wZXJhdG9yPi5pbmRpcmVjdEZpZWxkQWNjZXNz	U1RBVElDX0RJU1BBVENI	QU5Z	dGhpcy0+ZGJf	YmluZGluZ3MuY3Bw	426	107374182595	PG9wZXJhdG9yPi5pbmRpcmVjdEZpZWxkQWNjZXNz
30064771346	107374182440	TmV3SXRlcmF0b3I=	PHVucmVzb2x2ZWROYW1lc3BhY2U+Lk5ld0l0ZXJhdG9yOjx1bnJlc29sdmVkU2lnbmF0dXJlPigxKQ==	U1RBVElDX0RJU1BBVENI	QU5Z	ZGJfLT5OZXdJdGVyYXRvcigqb3B0aW9ucyk=	YmluZGluZ3MuY3Bw	430	107374182620	PHVucmVzb2x2ZWROYW1lc3BhY2U+Lk5ld0l0ZXJhdG9yOjx1bnJlc29sdmVkU2lnbmF0dXJlPigxKQ==
30064771347	107374182440	PG9wZXJhdG9yPi5pbmRpcmVjdEZpZWxkQWNjZXNz	PG9wZXJhdG9yPi5pbmRpcmVjdEZpZWxkQWNjZXNz	U1RBVElDX0RJU1BBVENI	QU5Z	dGhpcy0+ZGJf	YmluZGluZ3MuY3Bw	430	107374182595	PG9wZXJhdG9yPi5pbmRpcmVjdEZpZWxkQWNjZXNz
30064771348	107374182440	PG9wZXJhdG9yPi5pbmRpcmVjdGlvbg==	PG9wZXJhdG9yPi5pbmRpcmVjdGlvbg==	U1RBVElDX0RJU1BBVENI	QU5Z	Km9wdGlvbnM=	YmluZGluZ3MuY3Bw	430	107374182621	PG9wZXJhdG9yPi5pbmRpcmVjdGlvbg==
30064771349	107374182441	UmVsZWFzZVNuYXBzaG90	PHVucmVzb2x2ZWROYW1lc3BhY2U+LlJlbGVhc2VTbmFwc2hvdDo8dW5yZXNvbHZlZFNpZ25hdHVyZT4oMSk=	U1RBVElDX0RJU1BBVENI	QU5Z	ZGJfLT5SZWxlYXNlU25hcHNob3Qoc25hcHNob3Qp	YmluZGluZ3MuY3Bw	434	107374182622	PHVucmVzb2x2ZWROYW1lc3BhY2U+LlJlbGVhc2VTbmFwc2hvdDo8dW5yZXNvbHZlZFNpZ25hdHVyZT4oMSk=
30064771350	107374182441	PG9wZXJhdG9yPi5pbmRpcmVjdEZpZWxkQWNjZXNz	PG9wZXJhdG9yPi5pbmRpcmVjdEZpZWxkQWNjZXNz	U1RBVElDX0RJU1BBVENI	QU5Z	dGhpcy0+ZGJf	YmluZGluZ3MuY3Bw	434	107374182595	PG9wZXJhdG9yPi5pbmRpcmVjdEZpZWxkQWNjZXNz
30064771351	107374182442	PG9wZXJhdG9yPi5hc3NpZ25tZW50	PG9wZXJhdG9yPi5hc3NpZ25tZW50	U1RBVElDX0RJU1BBVENI	QU5Z	aXRlcmF0b3JzX1tpZF0gPSBpdGVyYXRvcg==	YmluZGluZ3MuY3Bw	438	107374182564	PG9wZXJhdG9yPi5hc3NpZ25tZW50
30064771354	107374182442	SW5jcmVtZW50UHJpb3JpdHlXb3Jr	RGF0YWJhc2UuSW5jcmVtZW50UHJpb3JpdHlXb3JrOnZvaWQoKQ==	U1RBVElDX0RJU1BBVENI	dm9pZA==	SW5jcmVtZW50UHJpb3JpdHlXb3JrKCk=	YmluZGluZ3MuY3Bw	439	107374182444	RGF0YWJhc2UuSW5jcmVtZW50UHJpb3JpdHlXb3JrOnZvaWQoKQ==
30064771352	107374182442	PG9wZXJhdG9yPi5pbmRpcmVjdEluZGV4QWNjZXNz	PG9wZXJhdG9yPi5pbmRpcmVjdEluZGV4QWNjZXNz	U1RBVElDX0RJU1BBVENI	QU5Z	aXRlcmF0b3JzX1tpZF0=	YmluZGluZ3MuY3Bw	438	107374182578	PG9wZXJhdG9yPi5pbmRpcmVjdEluZGV4QWNjZXNz
30064771353	107374182442	PG9wZXJhdG9yPi5pbmRpcmVjdEZpZWxkQWNjZXNz	PG9wZXJhdG9yPi5pbmRpcmVjdEZpZWxkQWNjZXNz	U1RBVElDX0RJU1BBVENI	QU5Z	dGhpcy0+aXRlcmF0b3JzXw==	YmluZGluZ3MuY3Bw	438	107374182595	PG9wZXJhdG9yPi5pbmRpcmVjdEZpZWxkQWNjZXNz
30064771355	107374182443	ZXJhc2U=	PHVucmVzb2x2ZWROYW1lc3BhY2U+LmVyYXNlOjx1bnJlc29sdmVkU2lnbmF0dXJlPigxKQ==	U1RBVElDX0RJU1BBVENI	QU5Z	aXRlcmF0b3JzXy5lcmFzZShpZCk=	YmluZGluZ3MuY3Bw	443	107374182623	PHVucmVzb2x2ZWROYW1lc3BhY2U+LmVyYXNlOjx1bnJlc29sdmVkU2lnbmF0dXJlPigxKQ==
30064771357	107374182443	RGVjcmVtZW50UHJpb3JpdHlXb3Jr	RGF0YWJhc2UuRGVjcmVtZW50UHJpb3JpdHlXb3JrOnZvaWQoKQ==	U1RBVElDX0RJU1BBVENI	dm9pZA==	RGVjcmVtZW50UHJpb3JpdHlXb3JrKCk=	YmluZGluZ3MuY3Bw	444	107374182445	RGF0YWJhc2UuRGVjcmVtZW50UHJpb3JpdHlXb3JrOnZvaWQoKQ==
30064771356	107374182443	PG9wZXJhdG9yPi5pbmRpcmVjdEZpZWxkQWNjZXNz	PG9wZXJhdG9yPi5pbmRpcmVjdEZpZWxkQWNjZXNz	U1RBVElDX0RJU1BBVENI	QU5Z	dGhpcy0+aXRlcmF0b3JzXw==	YmluZGluZ3MuY3Bw	443	107374182595	PG9wZXJhdG9yPi5pbmRpcmVjdEZpZWxkQWNjZXNz
30064771358	107374182444	PG9wZXJhdG9yPi5wcmVJbmNyZW1lbnQ=	PG9wZXJhdG9yPi5wcmVJbmNyZW1lbnQ=	U1RBVElDX0RJU1BBVENI	QU5Z	Kytwcmlvcml0eVdvcmtf	YmluZGluZ3MuY3Bw	448	107374182624	PG9wZXJhdG9yPi5wcmVJbmNyZW1lbnQ=
30064771359	107374182444	PG9wZXJhdG9yPi5pbmRpcmVjdEZpZWxkQWNjZXNz	PG9wZXJhdG9yPi5pbmRpcmVjdEZpZWxkQWNjZXNz	U1RBVElDX0RJU1BBVENI	QU5Z	dGhpcy0+cHJpb3JpdHlXb3JrXw==	YmluZGluZ3MuY3Bw	448	107374182595	PG9wZXJhdG9yPi5pbmRpcmVjdEZpZWxkQWNjZXNz
30064771360	107374182445	PG9wZXJhdG9yPi5sb2dpY2FsQW5k	PG9wZXJhdG9yPi5sb2dpY2FsQW5k	U1RBVElDX0RJU1BBVENI	QU5Z	LS1wcmlvcml0eVdvcmtfID09IDAgJiYgcGVuZGluZ0Nsb3NlV29ya2VyXyAhPSBOVUxM	YmluZGluZ3MuY3Bw	452	107374182625	PG9wZXJhdG9yPi5sb2dpY2FsQW5k
30064771361	107374182445	PG9wZXJhdG9yPi5lcXVhbHM=	PG9wZXJhdG9yPi5lcXVhbHM=	U1RBVElDX0RJU1BBVENI	QU5Z	LS1wcmlvcml0eVdvcmtfID09IDA=	YmluZGluZ3MuY3Bw	452	107374182559	PG9wZXJhdG9yPi5lcXVhbHM=
30064771364	107374182445	PG9wZXJhdG9yPi5ub3RFcXVhbHM=	PG9wZXJhdG9yPi5ub3RFcXVhbHM=	U1RBVElDX0RJU1BBVENI	QU5Z	cGVuZGluZ0Nsb3NlV29ya2VyXyAhPSBOVUxM	YmluZGluZ3MuY3Bw	452	107374182593	PG9wZXJhdG9yPi5ub3RFcXVhbHM=
30064771366	107374182445	UXVldWU=	QmFzZVdvcmtlci5RdWV1ZTp2b2lkKCk=	U1RBVElDX0RJU1BBVENI	dm9pZA==	cGVuZGluZ0Nsb3NlV29ya2VyXy0+UXVldWUoKQ==	YmluZGluZ3MuY3Bw	453	107374182426	QmFzZVdvcmtlci5RdWV1ZTp2b2lkKCk=
30064771368	107374182445	PG9wZXJhdG9yPi5hc3NpZ25tZW50	PG9wZXJhdG9yPi5hc3NpZ25tZW50	U1RBVElDX0RJU1BBVENI	QU5Z	cGVuZGluZ0Nsb3NlV29ya2VyXyA9IE5VTEw=	YmluZGluZ3MuY3Bw	454	107374182564	PG9wZXJhdG9yPi5hc3NpZ25tZW50
30064771362	107374182445	PG9wZXJhdG9yPi5wcmVEZWNyZW1lbnQ=	PG9wZXJhdG9yPi5wcmVEZWNyZW1lbnQ=	U1RBVElDX0RJU1BBVENI	QU5Z	LS1wcmlvcml0eVdvcmtf	YmluZGluZ3MuY3Bw	452	107374182626	PG9wZXJhdG9yPi5wcmVEZWNyZW1lbnQ=
30064771365	107374182445	PG9wZXJhdG9yPi5pbmRpcmVjdEZpZWxkQWNjZXNz	PG9wZXJhdG9yPi5pbmRpcmVjdEZpZWxkQWNjZXNz	U1RBVElDX0RJU1BBVENI	QmFzZVdvcmtlcio=	dGhpcy0+cGVuZGluZ0Nsb3NlV29ya2VyXw==	YmluZGluZ3MuY3Bw	452	107374182595	PG9wZXJhdG9yPi5pbmRpcmVjdEZpZWxkQWNjZXNz
30064771367	107374182445	PG9wZXJhdG9yPi5pbmRpcmVjdEZpZWxkQWNjZXNz	PG9wZXJhdG9yPi5pbmRpcmVjdEZpZWxkQWNjZXNz	U1RBVElDX0RJU1BBVENI	QmFzZVdvcmtlcio=	dGhpcy0+cGVuZGluZ0Nsb3NlV29ya2VyXw==	YmluZGluZ3MuY3Bw	453	107374182595	PG9wZXJhdG9yPi5pbmRpcmVjdEZpZWxkQWNjZXNz
30064771369	107374182445	PG9wZXJhdG9yPi5pbmRpcmVjdEZpZWxkQWNjZXNz	PG9wZXJhdG9yPi5pbmRpcmVjdEZpZWxkQWNjZXNz	U1RBVElDX0RJU1BBVENI	QmFzZVdvcmtlcio=	dGhpcy0+cGVuZGluZ0Nsb3NlV29ya2VyXw==	YmluZGluZ3MuY3Bw	454	107374182595	PG9wZXJhdG9yPi5pbmRpcmVjdEZpZWxkQWNjZXNz
30064771363	107374182445	PG9wZXJhdG9yPi5pbmRpcmVjdEZpZWxkQWNjZXNz	PG9wZXJhdG9yPi5pbmRpcmVjdEZpZWxkQWNjZXNz	U1RBVElDX0RJU1BBVENI	QU5Z	dGhpcy0+cHJpb3JpdHlXb3JrXw==	YmluZGluZ3MuY3Bw	452	107374182595	PG9wZXJhdG9yPi5pbmRpcmVjdEZpZWxkQWNjZXNz
30064771370	107374182446	PG9wZXJhdG9yPi5ncmVhdGVyVGhhbg==	PG9wZXJhdG9yPi5ncmVhdGVyVGhhbg==	U1RBVElDX0RJU1BBVENI	QU5Z	cHJpb3JpdHlXb3JrXyA+IDA=	YmluZGluZ3MuY3Bw	459	107374182588	PG9wZXJhdG9yPi5ncmVhdGVyVGhhbg==
30064771371	107374182446	PG9wZXJhdG9yPi5pbmRpcmVjdEZpZWxkQWNjZXNz	PG9wZXJhdG9yPi5pbmRpcmVjdEZpZWxkQWNjZXNz	U1RBVElDX0RJU1BBVENI	QU5Z	dGhpcy0+cHJpb3JpdHlXb3JrXw==	YmluZGluZ3MuY3Bw	459	107374182595	PG9wZXJhdG9yPi5pbmRpcmVjdEZpZWxkQWNjZXNz
30064771382	107374182447	PG9wZXJhdG9yPi5ub3RFcXVhbHM=	PG9wZXJhdG9yPi5ub3RFcXVhbHM=	U1RBVElDX0RJU1BBVENI	aW50	ZGF0YSAhPSBOVUxM	YmluZGluZ3MuY3Bw	478	107374182593	PG9wZXJhdG9yPi5ub3RFcXVhbHM=
30064771383	107374182447	PG9wZXJhdG9yPi5kZWxldGU=	PG9wZXJhdG9yPi5kZWxldGU=	U1RBVElDX0RJU1BBVENI	dm9pZA==	ZGVsZXRlIChEYXRhYmFzZSopZGF0YQ==	YmluZGluZ3MuY3Bw	479	107374182579	PG9wZXJhdG9yPi5kZWxldGU=
30064771384	107374182447	PG9wZXJhdG9yPi5jYXN0	PG9wZXJhdG9yPi5jYXN0	U1RBVElDX0RJU1BBVENI	RGF0YWJhc2U=	KERhdGFiYXNlKilkYXRh	YmluZGluZ3MuY3Bw	479	107374182585	PG9wZXJhdG9yPi5jYXN0
30064771385	107374182448	SW5jcmVtZW50UHJpb3JpdHlXb3Jr	RGF0YWJhc2UuSW5jcmVtZW50UHJpb3JpdHlXb3JrOnZvaWQoKQ==	U1RBVElDX0RJU1BBVENI	dm9pZA==	ZGF0YWJhc2VfLT5JbmNyZW1lbnRQcmlvcml0eVdvcmsoKQ==	YmluZGluZ3MuY3Bw	489	107374182444	RGF0YWJhc2UuSW5jcmVtZW50UHJpb3JpdHlXb3JrOnZvaWQoKQ==
30064771387	107374182448	PG9wZXJhdG9yPi5hc3NpZ25tZW50	PG9wZXJhdG9yPi5hc3NpZ25tZW50	U1RBVElDX0RJU1BBVENI	dm9pZA==	dGhpcy0+QmFzZVdvcmtlciA9IGVudg==	YmluZGluZ3MuY3Bw	488	107374182564	PG9wZXJhdG9yPi5hc3NpZ25tZW50
30064771386	107374182448	PG9wZXJhdG9yPi5pbmRpcmVjdEZpZWxkQWNjZXNz	PG9wZXJhdG9yPi5pbmRpcmVjdEZpZWxkQWNjZXNz	U1RBVElDX0RJU1BBVENI	RGF0YWJhc2Uq	dGhpcy0+ZGF0YWJhc2Vf	YmluZGluZ3MuY3Bw	489	107374182595	PG9wZXJhdG9yPi5pbmRpcmVjdEZpZWxkQWNjZXNz
30064771388	107374182448	PG9wZXJhdG9yPi5pbmRpcmVjdEZpZWxkQWNjZXNz	PG9wZXJhdG9yPi5pbmRpcmVjdEZpZWxkQWNjZXNz	U1RBVElDX0RJU1BBVENI	UHJpb3JpdHlXb3JrZXIq	dGhpcy0+QmFzZVdvcmtlcg==	YmluZGluZ3MuY3Bw	488	107374182595	PG9wZXJhdG9yPi5pbmRpcmVjdEZpZWxkQWNjZXNz
30064771389	107374182450	RGVjcmVtZW50UHJpb3JpdHlXb3Jr	RGF0YWJhc2UuRGVjcmVtZW50UHJpb3JpdHlXb3JrOnZvaWQoKQ==	U1RBVElDX0RJU1BBVENI	dm9pZA==	ZGF0YWJhc2VfLT5EZWNyZW1lbnRQcmlvcml0eVdvcmsoKQ==	YmluZGluZ3MuY3Bw	495	107374182445	RGF0YWJhc2UuRGVjcmVtZW50UHJpb3JpdHlXb3JrOnZvaWQoKQ==
30064771390	107374182450	PG9wZXJhdG9yPi5pbmRpcmVjdEZpZWxkQWNjZXNz	PG9wZXJhdG9yPi5pbmRpcmVjdEZpZWxkQWNjZXNz	U1RBVElDX0RJU1BBVENI	RGF0YWJhc2Uq	dGhpcy0+ZGF0YWJhc2Vf	YmluZGluZ3MuY3Bw	495	107374182595	PG9wZXJhdG9yPi5pbmRpcmVjdEZpZWxkQWNjZXNz
30064771743	107374182451	PG9wZXJhdG9yPi5hc3NpZ25tZW50	PG9wZXJhdG9yPi5hc3NpZ25tZW50	U1RBVElDX0RJU1BBVENI	dm9pZA==	KiBkYXRhYmFzZV8gPSBBTlkuQU5ZKCk=	YmluZGluZ3MuY3Bw	706	107374182564	PG9wZXJhdG9yPi5hc3NpZ25tZW50
30064771748	107374182451	PG9wZXJhdG9yPi5hc3NpZ25tZW50	PG9wZXJhdG9yPi5hc3NpZ25tZW50	U1RBVElDX0RJU1BBVENI	dm9pZA==	KiBlbmRXb3JrZXJfID0gQU5ZLkFOWSgp	YmluZGluZ3MuY3Bw	729	107374182564	PG9wZXJhdG9yPi5hc3NpZ25tZW50
30064771744	107374182451	PG9wZXJhdG9yPi5hc3NpZ25tZW50	PG9wZXJhdG9yPi5hc3NpZ25tZW50	U1RBVElDX0RJU1BBVENI	QU5Z	PHRtcD4wID0gPG9wZXJhdG9yPi5hbGxvYw==	YmluZGluZ3MuY3Bw	706	107374182564	PG9wZXJhdG9yPi5hc3NpZ25tZW50
30064771746	107374182451	QU5Z	QU5ZLkFOWTp2b2lkKCk=	U1RBVElDX0RJU1BBVENI	dm9pZA==	QU5ZLkFOWSgp	YmluZGluZ3MuY3Bw	706	107374182609	QU5ZLkFOWTp2b2lkKCk=
30064771749	107374182451	PG9wZXJhdG9yPi5hc3NpZ25tZW50	PG9wZXJhdG9yPi5hc3NpZ25tZW50	U1RBVElDX0RJU1BBVENI	QU5Z	PHRtcD4xID0gPG9wZXJhdG9yPi5hbGxvYw==	YmluZGluZ3MuY3Bw	729	107374182564	PG9wZXJhdG9yPi5hc3NpZ25tZW50
30064771751	107374182451	QU5Z	QU5ZLkFOWTp2b2lkKCk=	U1RBVElDX0RJU1BBVENI	dm9pZA==	QU5ZLkFOWSgp	YmluZGluZ3MuY3Bw	729	107374182609	QU5ZLkFOWTp2b2lkKCk=
30064771745	107374182451	PG9wZXJhdG9yPi5hbGxvYw==	PG9wZXJhdG9yPi5hbGxvYw==	U1RBVElDX0RJU1BBVENI	QU5Z	PG9wZXJhdG9yPi5hbGxvYw==	YmluZGluZ3MuY3Bw	706	107374182575	PG9wZXJhdG9yPi5hbGxvYw==
30064771747	107374182451	PG9wZXJhdG9yPi5hZGRyZXNzT2Y=	PG9wZXJhdG9yPi5hZGRyZXNzT2Y=	U1RBVElDX0RJU1BBVENI	QU5Z	Jjx0bXA+MA==	YmluZGluZ3MuY3Bw	706	107374182558	PG9wZXJhdG9yPi5hZGRyZXNzT2Y=
30064771750	107374182451	PG9wZXJhdG9yPi5hbGxvYw==	PG9wZXJhdG9yPi5hbGxvYw==	U1RBVElDX0RJU1BBVENI	QU5Z	PG9wZXJhdG9yPi5hbGxvYw==	YmluZGluZ3MuY3Bw	729	107374182575	PG9wZXJhdG9yPi5hbGxvYw==
30064771752	107374182451	PG9wZXJhdG9yPi5hZGRyZXNzT2Y=	PG9wZXJhdG9yPi5hZGRyZXNzT2Y=	U1RBVElDX0RJU1BBVENI	QU5Z	Jjx0bXA+MQ==	YmluZGluZ3MuY3Bw	729	107374182558	PG9wZXJhdG9yPi5hZGRyZXNzT2Y=
30064771391	107374182452	PG9wZXJhdG9yPi5hc3NpZ25tZW50	PG9wZXJhdG9yPi5hc3NpZ25tZW50	U1RBVElDX0RJU1BBVENI	QU5Z	b3B0aW9uc18gPSBuZXcgbGV2ZWxkYjo6UmVhZE9wdGlvbnMoKQ==	YmluZGluZ3MuY3Bw	542	107374182564	PG9wZXJhdG9yPi5hc3NpZ25tZW50
30064771398	107374182452	PG9wZXJhdG9yPi5hc3NpZ25tZW50	PG9wZXJhdG9yPi5hc3NpZ25tZW50	U1RBVElDX0RJU1BBVENI	QU5Z	b3B0aW9uc18tPmZpbGxfY2FjaGUgPSBmaWxsQ2FjaGU=	YmluZGluZ3MuY3Bw	543	107374182564	PG9wZXJhdG9yPi5hc3NpZ25tZW50
30064771401	107374182452	PG9wZXJhdG9yPi5hc3NpZ25tZW50	PG9wZXJhdG9yPi5hc3NpZ25tZW50	U1RBVElDX0RJU1BBVENI	QU5Z	b3B0aW9uc18tPnNuYXBzaG90ID0gZGF0YWJhc2UtPk5ld1NuYXBzaG90KCk=	YmluZGluZ3MuY3Bw	544	107374182564	PG9wZXJhdG9yPi5hc3NpZ25tZW50
30064771405	107374182452	PG9wZXJhdG9yPi5hc3NpZ25tZW50	PG9wZXJhdG9yPi5hc3NpZ25tZW50	U1RBVElDX0RJU1BBVENI	dm9pZA==	dGhpcy0+ZGF0YWJhc2VfID0gZGF0YWJhc2U=	YmluZGluZ3MuY3Bw	519	107374182564	PG9wZXJhdG9yPi5hc3NpZ25tZW50
30064771407	107374182452	PG9wZXJhdG9yPi5hc3NpZ25tZW50	PG9wZXJhdG9yPi5hc3NpZ25tZW50	U1RBVElDX0RJU1BBVENI	dm9pZA==	dGhpcy0+aWRfID0gaWQ=	YmluZGluZ3MuY3Bw	520	107374182564	PG9wZXJhdG9yPi5hc3NpZ25tZW50
30064771409	107374182452	PG9wZXJhdG9yPi5hc3NpZ25tZW50	PG9wZXJhdG9yPi5hc3NpZ25tZW50	U1RBVElDX0RJU1BBVENI	dm9pZA==	dGhpcy0+c3RhcnRfID0gc3RhcnQ=	YmluZGluZ3MuY3Bw	521	107374182564	PG9wZXJhdG9yPi5hc3NpZ25tZW50
30064771411	107374182452	PG9wZXJhdG9yPi5hc3NpZ25tZW50	PG9wZXJhdG9yPi5hc3NpZ25tZW50	U1RBVElDX0RJU1BBVENI	dm9pZA==	dGhpcy0+ZW5kXyA9IGVuZA==	YmluZGluZ3MuY3Bw	522	107374182564	PG9wZXJhdG9yPi5hc3NpZ25tZW50
30064771413	107374182452	PG9wZXJhdG9yPi5hc3NpZ25tZW50	PG9wZXJhdG9yPi5hc3NpZ25tZW50	U1RBVElDX0RJU1BBVENI	dm9pZA==	dGhpcy0+cmV2ZXJzZV8gPSByZXZlcnNl	YmluZGluZ3MuY3Bw	523	107374182564	PG9wZXJhdG9yPi5hc3NpZ25tZW50
30064771415	107374182452	PG9wZXJhdG9yPi5hc3NpZ25tZW50	PG9wZXJhdG9yPi5hc3NpZ25tZW50	U1RBVElDX0RJU1BBVENI	dm9pZA==	dGhpcy0+a2V5c18gPSBrZXlz	YmluZGluZ3MuY3Bw	524	107374182564	PG9wZXJhdG9yPi5hc3NpZ25tZW50
30064771417	107374182452	PG9wZXJhdG9yPi5hc3NpZ25tZW50	PG9wZXJhdG9yPi5hc3NpZ25tZW50	U1RBVElDX0RJU1BBVENI	dm9pZA==	dGhpcy0+dmFsdWVzXyA9IHZhbHVlcw==	YmluZGluZ3MuY3Bw	525	107374182564	PG9wZXJhdG9yPi5hc3NpZ25tZW50
30064771419	107374182452	PG9wZXJhdG9yPi5hc3NpZ25tZW50	PG9wZXJhdG9yPi5hc3NpZ25tZW50	U1RBVElDX0RJU1BBVENI	dm9pZA==	dGhpcy0+bGltaXRfID0gbGltaXQ=	YmluZGluZ3MuY3Bw	526	107374182564	PG9wZXJhdG9yPi5hc3NpZ25tZW50
30064771421	107374182452	PG9wZXJhdG9yPi5hc3NpZ25tZW50	PG9wZXJhdG9yPi5hc3NpZ25tZW50	U1RBVElDX0RJU1BBVENI	dm9pZA==	dGhpcy0+bHRfID0gbHQ=	YmluZGluZ3MuY3Bw	527	107374182564	PG9wZXJhdG9yPi5hc3NpZ25tZW50
30064771423	107374182452	PG9wZXJhdG9yPi5hc3NpZ25tZW50	PG9wZXJhdG9yPi5hc3NpZ25tZW50	U1RBVElDX0RJU1BBVENI	dm9pZA==	dGhpcy0+bHRlXyA9IGx0ZQ==	YmluZGluZ3MuY3Bw	528	107374182564	PG9wZXJhdG9yPi5hc3NpZ25tZW50
30064771425	107374182452	PG9wZXJhdG9yPi5hc3NpZ25tZW50	PG9wZXJhdG9yPi5hc3NpZ25tZW50	U1RBVElDX0RJU1BBVENI	dm9pZA==	dGhpcy0+Z3RfID0gZ3Q=	YmluZGluZ3MuY3Bw	529	107374182564	PG9wZXJhdG9yPi5hc3NpZ25tZW50
30064771427	107374182452	PG9wZXJhdG9yPi5hc3NpZ25tZW50	PG9wZXJhdG9yPi5hc3NpZ25tZW50	U1RBVElDX0RJU1BBVENI	dm9pZA==	dGhpcy0+Z3RlXyA9IGd0ZQ==	YmluZGluZ3MuY3Bw	530	107374182564	PG9wZXJhdG9yPi5hc3NpZ25tZW50
30064771429	107374182452	PG9wZXJhdG9yPi5hc3NpZ25tZW50	PG9wZXJhdG9yPi5hc3NpZ25tZW50	U1RBVElDX0RJU1BBVENI	dm9pZA==	dGhpcy0+a2V5QXNCdWZmZXJfID0ga2V5QXNCdWZmZXI=	YmluZGluZ3MuY3Bw	531	107374182564	PG9wZXJhdG9yPi5hc3NpZ25tZW50
30064771431	107374182452	PG9wZXJhdG9yPi5hc3NpZ25tZW50	PG9wZXJhdG9yPi5hc3NpZ25tZW50	U1RBVElDX0RJU1BBVENI	dm9pZA==	dGhpcy0+dmFsdWVBc0J1ZmZlcl8gPSB2YWx1ZUFzQnVmZmVy	YmluZGluZ3MuY3Bw	532	107374182564	PG9wZXJhdG9yPi5hc3NpZ25tZW50
30064771433	107374182452	PG9wZXJhdG9yPi5hc3NpZ25tZW50	PG9wZXJhdG9yPi5hc3NpZ25tZW50	U1RBVElDX0RJU1BBVENI	dm9pZA==	dGhpcy0+aGlnaFdhdGVyTWFya18gPSBoaWdoV2F0ZXJNYXJr	YmluZGluZ3MuY3Bw	533	107374182564	PG9wZXJhdG9yPi5hc3NpZ25tZW50
30064771435	107374182452	PG9wZXJhdG9yPi5hc3NpZ25tZW50	PG9wZXJhdG9yPi5hc3NpZ25tZW50	U1RBVElDX0RJU1BBVENI	dm9pZA==	dGhpcy0+ZGJJdGVyYXRvcl8gPSA8dW5rbm93bj4gTlVMTA==	YmluZGluZ3MuY3Bw	534	107374182564	PG9wZXJhdG9yPi5hc3NpZ25tZW50
30064771437	107374182452	PG9wZXJhdG9yPi5hc3NpZ25tZW50	PG9wZXJhdG9yPi5hc3NpZ25tZW50	U1RBVElDX0RJU1BBVENI	dm9pZA==	dGhpcy0+Y291bnRfID0gMA==	YmluZGluZ3MuY3Bw	535	107374182564	PG9wZXJhdG9yPi5hc3NpZ25tZW50
30064771439	107374182452	PG9wZXJhdG9yPi5hc3NpZ25tZW50	PG9wZXJhdG9yPi5hc3NpZ25tZW50	U1RBVElDX0RJU1BBVENI	dm9pZA==	dGhpcy0+c2Vla2luZ18gPSBmYWxzZQ==	YmluZGluZ3MuY3Bw	536	107374182564	PG9wZXJhdG9yPi5hc3NpZ25tZW50
30064771441	107374182452	PG9wZXJhdG9yPi5hc3NpZ25tZW50	PG9wZXJhdG9yPi5hc3NpZ25tZW50	U1RBVElDX0RJU1BBVENI	dm9pZA==	dGhpcy0+bGFuZGVkXyA9IGZhbHNl	YmluZGluZ3MuY3Bw	537	107374182564	PG9wZXJhdG9yPi5hc3NpZ25tZW50
30064771443	107374182452	PG9wZXJhdG9yPi5hc3NpZ25tZW50	PG9wZXJhdG9yPi5hc3NpZ25tZW50	U1RBVElDX0RJU1BBVENI	dm9pZA==	dGhpcy0+bmV4dGluZ18gPSBmYWxzZQ==	YmluZGluZ3MuY3Bw	538	107374182564	PG9wZXJhdG9yPi5hc3NpZ25tZW50
30064771445	107374182452	PG9wZXJhdG9yPi5hc3NpZ25tZW50	PG9wZXJhdG9yPi5hc3NpZ25tZW50	U1RBVElDX0RJU1BBVENI	dm9pZA==	dGhpcy0+ZW5kZWRfID0gZmFsc2U=	YmluZGluZ3MuY3Bw	539	107374182564	PG9wZXJhdG9yPi5hc3NpZ25tZW50
30064771447	107374182452	PG9wZXJhdG9yPi5hc3NpZ25tZW50	PG9wZXJhdG9yPi5hc3NpZ25tZW50	U1RBVElDX0RJU1BBVENI	dm9pZA==	dGhpcy0+ZW5kV29ya2VyXyA9IDx1bmtub3duPiBOVUxM	YmluZGluZ3MuY3Bw	540	107374182564	PG9wZXJhdG9yPi5hc3NpZ25tZW50
30064771449	107374182452	PG9wZXJhdG9yPi5hc3NpZ25tZW50	PG9wZXJhdG9yPi5hc3NpZ25tZW50	U1RBVElDX0RJU1BBVENI	dm9pZA==	dGhpcy0+cmVmXyA9IDx1bmtub3duPiBOVUxM	YmluZGluZ3MuY3Bw	541	107374182564	PG9wZXJhdG9yPi5hc3NpZ25tZW50
30064771392	107374182452	PG9wZXJhdG9yPi5pbmRpcmVjdEZpZWxkQWNjZXNz	PG9wZXJhdG9yPi5pbmRpcmVjdEZpZWxkQWNjZXNz	U1RBVElDX0RJU1BBVENI	QU5Z	dGhpcy0+b3B0aW9uc18=	YmluZGluZ3MuY3Bw	542	107374182595	PG9wZXJhdG9yPi5pbmRpcmVjdEZpZWxkQWNjZXNz
30064771393	107374182452	PG9wZXJhdG9yPi5uZXc=	PG9wZXJhdG9yPi5uZXc=	U1RBVElDX0RJU1BBVENI	QU5Z	bmV3IGxldmVsZGI6OlJlYWRPcHRpb25zKCk=	YmluZGluZ3MuY3Bw	542	107374182574	PG9wZXJhdG9yPi5uZXc=
30064771399	107374182452	PG9wZXJhdG9yPi5maWVsZEFjY2Vzcw==	PG9wZXJhdG9yPi5maWVsZEFjY2Vzcw==	U1RBVElDX0RJU1BBVENI	QU5Z	b3B0aW9uc18tPmZpbGxfY2FjaGU=	YmluZGluZ3MuY3Bw	543	107374182628	PG9wZXJhdG9yPi5maWVsZEFjY2Vzcw==
30064771402	107374182452	PG9wZXJhdG9yPi5maWVsZEFjY2Vzcw==	PG9wZXJhdG9yPi5maWVsZEFjY2Vzcw==	U1RBVElDX0RJU1BBVENI	QU5Z	b3B0aW9uc18tPnNuYXBzaG90	YmluZGluZ3MuY3Bw	544	107374182628	PG9wZXJhdG9yPi5maWVsZEFjY2Vzcw==
30064771404	107374182452	TmV3U25hcHNob3Q=	RGF0YWJhc2UuTmV3U25hcHNob3Q6QU5ZKCk=	U1RBVElDX0RJU1BBVENI	QU5Z	ZGF0YWJhc2UtPk5ld1NuYXBzaG90KCk=	YmluZGluZ3MuY3Bw	544	107374182439	RGF0YWJhc2UuTmV3U25hcHNob3Q6QU5ZKCk=
30064771406	107374182452	PG9wZXJhdG9yPi5pbmRpcmVjdEZpZWxkQWNjZXNz	PG9wZXJhdG9yPi5pbmRpcmVjdEZpZWxkQWNjZXNz	U1RBVElDX0RJU1BBVENI	SXRlcmF0b3Iq	dGhpcy0+ZGF0YWJhc2Vf	YmluZGluZ3MuY3Bw	519	107374182595	PG9wZXJhdG9yPi5pbmRpcmVjdEZpZWxkQWNjZXNz
30064771408	107374182452	PG9wZXJhdG9yPi5pbmRpcmVjdEZpZWxkQWNjZXNz	PG9wZXJhdG9yPi5pbmRpcmVjdEZpZWxkQWNjZXNz	U1RBVElDX0RJU1BBVENI	SXRlcmF0b3Iq	dGhpcy0+aWRf	YmluZGluZ3MuY3Bw	520	107374182595	PG9wZXJhdG9yPi5pbmRpcmVjdEZpZWxkQWNjZXNz
30064771410	107374182452	PG9wZXJhdG9yPi5pbmRpcmVjdEZpZWxkQWNjZXNz	PG9wZXJhdG9yPi5pbmRpcmVjdEZpZWxkQWNjZXNz	U1RBVElDX0RJU1BBVENI	SXRlcmF0b3Iq	dGhpcy0+c3RhcnRf	YmluZGluZ3MuY3Bw	521	107374182595	PG9wZXJhdG9yPi5pbmRpcmVjdEZpZWxkQWNjZXNz
30064771412	107374182452	PG9wZXJhdG9yPi5pbmRpcmVjdEZpZWxkQWNjZXNz	PG9wZXJhdG9yPi5pbmRpcmVjdEZpZWxkQWNjZXNz	U1RBVElDX0RJU1BBVENI	SXRlcmF0b3Iq	dGhpcy0+ZW5kXw==	YmluZGluZ3MuY3Bw	522	107374182595	PG9wZXJhdG9yPi5pbmRpcmVjdEZpZWxkQWNjZXNz
30064771414	107374182452	PG9wZXJhdG9yPi5pbmRpcmVjdEZpZWxkQWNjZXNz	PG9wZXJhdG9yPi5pbmRpcmVjdEZpZWxkQWNjZXNz	U1RBVElDX0RJU1BBVENI	SXRlcmF0b3Iq	dGhpcy0+cmV2ZXJzZV8=	YmluZGluZ3MuY3Bw	523	107374182595	PG9wZXJhdG9yPi5pbmRpcmVjdEZpZWxkQWNjZXNz
30064771416	107374182452	PG9wZXJhdG9yPi5pbmRpcmVjdEZpZWxkQWNjZXNz	PG9wZXJhdG9yPi5pbmRpcmVjdEZpZWxkQWNjZXNz	U1RBVElDX0RJU1BBVENI	SXRlcmF0b3Iq	dGhpcy0+a2V5c18=	YmluZGluZ3MuY3Bw	524	107374182595	PG9wZXJhdG9yPi5pbmRpcmVjdEZpZWxkQWNjZXNz
30064771418	107374182452	PG9wZXJhdG9yPi5pbmRpcmVjdEZpZWxkQWNjZXNz	PG9wZXJhdG9yPi5pbmRpcmVjdEZpZWxkQWNjZXNz	U1RBVElDX0RJU1BBVENI	SXRlcmF0b3Iq	dGhpcy0+dmFsdWVzXw==	YmluZGluZ3MuY3Bw	525	107374182595	PG9wZXJhdG9yPi5pbmRpcmVjdEZpZWxkQWNjZXNz
30064771420	107374182452	PG9wZXJhdG9yPi5pbmRpcmVjdEZpZWxkQWNjZXNz	PG9wZXJhdG9yPi5pbmRpcmVjdEZpZWxkQWNjZXNz	U1RBVElDX0RJU1BBVENI	SXRlcmF0b3Iq	dGhpcy0+bGltaXRf	YmluZGluZ3MuY3Bw	526	107374182595	PG9wZXJhdG9yPi5pbmRpcmVjdEZpZWxkQWNjZXNz
30064771422	107374182452	PG9wZXJhdG9yPi5pbmRpcmVjdEZpZWxkQWNjZXNz	PG9wZXJhdG9yPi5pbmRpcmVjdEZpZWxkQWNjZXNz	U1RBVElDX0RJU1BBVENI	SXRlcmF0b3Iq	dGhpcy0+bHRf	YmluZGluZ3MuY3Bw	527	107374182595	PG9wZXJhdG9yPi5pbmRpcmVjdEZpZWxkQWNjZXNz
30064771424	107374182452	PG9wZXJhdG9yPi5pbmRpcmVjdEZpZWxkQWNjZXNz	PG9wZXJhdG9yPi5pbmRpcmVjdEZpZWxkQWNjZXNz	U1RBVElDX0RJU1BBVENI	SXRlcmF0b3Iq	dGhpcy0+bHRlXw==	YmluZGluZ3MuY3Bw	528	107374182595	PG9wZXJhdG9yPi5pbmRpcmVjdEZpZWxkQWNjZXNz
30064771426	107374182452	PG9wZXJhdG9yPi5pbmRpcmVjdEZpZWxkQWNjZXNz	PG9wZXJhdG9yPi5pbmRpcmVjdEZpZWxkQWNjZXNz	U1RBVElDX0RJU1BBVENI	SXRlcmF0b3Iq	dGhpcy0+Z3Rf	YmluZGluZ3MuY3Bw	529	107374182595	PG9wZXJhdG9yPi5pbmRpcmVjdEZpZWxkQWNjZXNz
30064771428	107374182452	PG9wZXJhdG9yPi5pbmRpcmVjdEZpZWxkQWNjZXNz	PG9wZXJhdG9yPi5pbmRpcmVjdEZpZWxkQWNjZXNz	U1RBVElDX0RJU1BBVENI	SXRlcmF0b3Iq	dGhpcy0+Z3RlXw==	YmluZGluZ3MuY3Bw	530	107374182595	PG9wZXJhdG9yPi5pbmRpcmVjdEZpZWxkQWNjZXNz
30064771430	107374182452	PG9wZXJhdG9yPi5pbmRpcmVjdEZpZWxkQWNjZXNz	PG9wZXJhdG9yPi5pbmRpcmVjdEZpZWxkQWNjZXNz	U1RBVElDX0RJU1BBVENI	SXRlcmF0b3Iq	dGhpcy0+a2V5QXNCdWZmZXJf	YmluZGluZ3MuY3Bw	531	107374182595	PG9wZXJhdG9yPi5pbmRpcmVjdEZpZWxkQWNjZXNz
30064771432	107374182452	PG9wZXJhdG9yPi5pbmRpcmVjdEZpZWxkQWNjZXNz	PG9wZXJhdG9yPi5pbmRpcmVjdEZpZWxkQWNjZXNz	U1RBVElDX0RJU1BBVENI	SXRlcmF0b3Iq	dGhpcy0+dmFsdWVBc0J1ZmZlcl8=	YmluZGluZ3MuY3Bw	532	107374182595	PG9wZXJhdG9yPi5pbmRpcmVjdEZpZWxkQWNjZXNz
30064771434	107374182452	PG9wZXJhdG9yPi5pbmRpcmVjdEZpZWxkQWNjZXNz	PG9wZXJhdG9yPi5pbmRpcmVjdEZpZWxkQWNjZXNz	U1RBVElDX0RJU1BBVENI	SXRlcmF0b3Iq	dGhpcy0+aGlnaFdhdGVyTWFya18=	YmluZGluZ3MuY3Bw	533	107374182595	PG9wZXJhdG9yPi5pbmRpcmVjdEZpZWxkQWNjZXNz
30064771436	107374182452	PG9wZXJhdG9yPi5pbmRpcmVjdEZpZWxkQWNjZXNz	PG9wZXJhdG9yPi5pbmRpcmVjdEZpZWxkQWNjZXNz	U1RBVElDX0RJU1BBVENI	SXRlcmF0b3Iq	dGhpcy0+ZGJJdGVyYXRvcl8=	YmluZGluZ3MuY3Bw	534	107374182595	PG9wZXJhdG9yPi5pbmRpcmVjdEZpZWxkQWNjZXNz
30064771438	107374182452	PG9wZXJhdG9yPi5pbmRpcmVjdEZpZWxkQWNjZXNz	PG9wZXJhdG9yPi5pbmRpcmVjdEZpZWxkQWNjZXNz	U1RBVElDX0RJU1BBVENI	SXRlcmF0b3Iq	dGhpcy0+Y291bnRf	YmluZGluZ3MuY3Bw	535	107374182595	PG9wZXJhdG9yPi5pbmRpcmVjdEZpZWxkQWNjZXNz
30064771440	107374182452	PG9wZXJhdG9yPi5pbmRpcmVjdEZpZWxkQWNjZXNz	PG9wZXJhdG9yPi5pbmRpcmVjdEZpZWxkQWNjZXNz	U1RBVElDX0RJU1BBVENI	SXRlcmF0b3Iq	dGhpcy0+c2Vla2luZ18=	YmluZGluZ3MuY3Bw	536	107374182595	PG9wZXJhdG9yPi5pbmRpcmVjdEZpZWxkQWNjZXNz
30064771442	107374182452	PG9wZXJhdG9yPi5pbmRpcmVjdEZpZWxkQWNjZXNz	PG9wZXJhdG9yPi5pbmRpcmVjdEZpZWxkQWNjZXNz	U1RBVElDX0RJU1BBVENI	SXRlcmF0b3Iq	dGhpcy0+bGFuZGVkXw==	YmluZGluZ3MuY3Bw	537	107374182595	PG9wZXJhdG9yPi5pbmRpcmVjdEZpZWxkQWNjZXNz
30064771444	107374182452	PG9wZXJhdG9yPi5pbmRpcmVjdEZpZWxkQWNjZXNz	PG9wZXJhdG9yPi5pbmRpcmVjdEZpZWxkQWNjZXNz	U1RBVElDX0RJU1BBVENI	SXRlcmF0b3Iq	dGhpcy0+bmV4dGluZ18=	YmluZGluZ3MuY3Bw	538	107374182595	PG9wZXJhdG9yPi5pbmRpcmVjdEZpZWxkQWNjZXNz
30064771446	107374182452	PG9wZXJhdG9yPi5pbmRpcmVjdEZpZWxkQWNjZXNz	PG9wZXJhdG9yPi5pbmRpcmVjdEZpZWxkQWNjZXNz	U1RBVElDX0RJU1BBVENI	SXRlcmF0b3Iq	dGhpcy0+ZW5kZWRf	YmluZGluZ3MuY3Bw	539	107374182595	PG9wZXJhdG9yPi5pbmRpcmVjdEZpZWxkQWNjZXNz
30064771448	107374182452	PG9wZXJhdG9yPi5pbmRpcmVjdEZpZWxkQWNjZXNz	PG9wZXJhdG9yPi5pbmRpcmVjdEZpZWxkQWNjZXNz	U1RBVElDX0RJU1BBVENI	SXRlcmF0b3Iq	dGhpcy0+ZW5kV29ya2VyXw==	YmluZGluZ3MuY3Bw	540	107374182595	PG9wZXJhdG9yPi5pbmRpcmVjdEZpZWxkQWNjZXNz
30064771450	107374182452	PG9wZXJhdG9yPi5pbmRpcmVjdEZpZWxkQWNjZXNz	PG9wZXJhdG9yPi5pbmRpcmVjdEZpZWxkQWNjZXNz	U1RBVElDX0RJU1BBVENI	SXRlcmF0b3Iq	dGhpcy0+cmVmXw==	YmluZGluZ3MuY3Bw	541	107374182595	PG9wZXJhdG9yPi5pbmRpcmVjdEZpZWxkQWNjZXNz
30064771400	107374182452	PG9wZXJhdG9yPi5pbmRpcmVjdEZpZWxkQWNjZXNz	PG9wZXJhdG9yPi5pbmRpcmVjdEZpZWxkQWNjZXNz	U1RBVElDX0RJU1BBVENI	QU5Z	dGhpcy0+b3B0aW9uc18=	YmluZGluZ3MuY3Bw	543	107374182595	PG9wZXJhdG9yPi5pbmRpcmVjdEZpZWxkQWNjZXNz
30064771403	107374182452	PG9wZXJhdG9yPi5pbmRpcmVjdEZpZWxkQWNjZXNz	PG9wZXJhdG9yPi5pbmRpcmVjdEZpZWxkQWNjZXNz	U1RBVElDX0RJU1BBVENI	QU5Z	dGhpcy0+b3B0aW9uc18=	YmluZGluZ3MuY3Bw	544	107374182595	PG9wZXJhdG9yPi5pbmRpcmVjdEZpZWxkQWNjZXNz
30064771394	107374182452	PG9wZXJhdG9yPi5hc3NpZ25tZW50	PG9wZXJhdG9yPi5hc3NpZ25tZW50	U1RBVElDX0RJU1BBVENI	QU5Z	PHRtcD4wID0gPG9wZXJhdG9yPi5hbGxvYw==	YmluZGluZ3MuY3Bw	542	107374182564	PG9wZXJhdG9yPi5hc3NpZ25tZW50
30064771396	107374182452	bGV2ZWxkYi5SZWFkT3B0aW9ucw==	bGV2ZWxkYi5SZWFkT3B0aW9ucy5SZWFkT3B0aW9uczp2b2lkKCk=	U1RBVElDX0RJU1BBVENI	dm9pZA==	bmV3IGxldmVsZGI6OlJlYWRPcHRpb25zKCk=	YmluZGluZ3MuY3Bw	542	107374182627	bGV2ZWxkYi5SZWFkT3B0aW9ucy5SZWFkT3B0aW9uczp2b2lkKCk=
30064771395	107374182452	PG9wZXJhdG9yPi5hbGxvYw==	PG9wZXJhdG9yPi5hbGxvYw==	U1RBVElDX0RJU1BBVENI	QU5Z	PG9wZXJhdG9yPi5hbGxvYw==	YmluZGluZ3MuY3Bw	542	107374182575	PG9wZXJhdG9yPi5hbGxvYw==
30064771397	107374182452	PG9wZXJhdG9yPi5hZGRyZXNzT2Y=	PG9wZXJhdG9yPi5hZGRyZXNzT2Y=	U1RBVElDX0RJU1BBVENI	QU5Z	Jjx0bXA+MA==	YmluZGluZ3MuY3Bw	542	107374182558	PG9wZXJhdG9yPi5hZGRyZXNzT2Y=
30064771451	107374182453	YXNzZXJ0	PHVucmVzb2x2ZWROYW1lc3BhY2U+LmFzc2VydDo8dW5yZXNvbHZlZFNpZ25hdHVyZT4oMSk=	U1RBVElDX0RJU1BBVENI	QU5Z	YXNzZXJ0KGVuZGVkXyk=	YmluZGluZ3MuY3Bw	548	107374182629	PHVucmVzb2x2ZWROYW1lc3BhY2U+LmFzc2VydDo8dW5yZXNvbHZlZFNpZ25hdHVyZT4oMSk=
30064771477	107374182453	PG9wZXJhdG9yPi5kZWxldGU=	PG9wZXJhdG9yPi5kZWxldGU=	U1RBVElDX0RJU1BBVENI	dm9pZA==	ZGVsZXRlIG9wdGlvbnNf	YmluZGluZ3MuY3Bw	557	107374182579	PG9wZXJhdG9yPi5kZWxldGU=
30064771452	107374182453	PG9wZXJhdG9yPi5pbmRpcmVjdEZpZWxkQWNjZXNz	PG9wZXJhdG9yPi5pbmRpcmVjdEZpZWxkQWNjZXNz	U1RBVElDX0RJU1BBVENI	Ym9vbA==	dGhpcy0+ZW5kZWRf	YmluZGluZ3MuY3Bw	548	107374182595	PG9wZXJhdG9yPi5pbmRpcmVjdEZpZWxkQWNjZXNz
30064771453	107374182453	PG9wZXJhdG9yPi5ub3RFcXVhbHM=	PG9wZXJhdG9yPi5ub3RFcXVhbHM=	U1RBVElDX0RJU1BBVENI	QU5Z	c3RhcnRfICE9IE5VTEw=	YmluZGluZ3MuY3Bw	550	107374182593	PG9wZXJhdG9yPi5ub3RFcXVhbHM=
30064771457	107374182453	PG9wZXJhdG9yPi5ub3RFcXVhbHM=	PG9wZXJhdG9yPi5ub3RFcXVhbHM=	U1RBVElDX0RJU1BBVENI	QU5Z	ZW5kXyAhPSBOVUxM	YmluZGluZ3MuY3Bw	551	107374182593	PG9wZXJhdG9yPi5ub3RFcXVhbHM=
30064771461	107374182453	PG9wZXJhdG9yPi5ub3RFcXVhbHM=	PG9wZXJhdG9yPi5ub3RFcXVhbHM=	U1RBVElDX0RJU1BBVENI	QU5Z	bHRfICE9IE5VTEw=	YmluZGluZ3MuY3Bw	552	107374182593	PG9wZXJhdG9yPi5ub3RFcXVhbHM=
30064771465	107374182453	PG9wZXJhdG9yPi5ub3RFcXVhbHM=	PG9wZXJhdG9yPi5ub3RFcXVhbHM=	U1RBVElDX0RJU1BBVENI	QU5Z	Z3RfICE9IE5VTEw=	YmluZGluZ3MuY3Bw	553	107374182593	PG9wZXJhdG9yPi5ub3RFcXVhbHM=
30064771469	107374182453	PG9wZXJhdG9yPi5ub3RFcXVhbHM=	PG9wZXJhdG9yPi5ub3RFcXVhbHM=	U1RBVElDX0RJU1BBVENI	QU5Z	bHRlXyAhPSBOVUxM	YmluZGluZ3MuY3Bw	554	107374182593	PG9wZXJhdG9yPi5ub3RFcXVhbHM=
30064771473	107374182453	PG9wZXJhdG9yPi5ub3RFcXVhbHM=	PG9wZXJhdG9yPi5ub3RFcXVhbHM=	U1RBVElDX0RJU1BBVENI	QU5Z	Z3RlXyAhPSBOVUxM	YmluZGluZ3MuY3Bw	555	107374182593	PG9wZXJhdG9yPi5ub3RFcXVhbHM=
30064771478	107374182453	PG9wZXJhdG9yPi5pbmRpcmVjdEZpZWxkQWNjZXNz	PG9wZXJhdG9yPi5pbmRpcmVjdEZpZWxkQWNjZXNz	U1RBVElDX0RJU1BBVENI	QU5Z	dGhpcy0+b3B0aW9uc18=	YmluZGluZ3MuY3Bw	557	107374182595	PG9wZXJhdG9yPi5pbmRpcmVjdEZpZWxkQWNjZXNz
30064771454	107374182453	PG9wZXJhdG9yPi5pbmRpcmVjdEZpZWxkQWNjZXNz	PG9wZXJhdG9yPi5pbmRpcmVjdEZpZWxkQWNjZXNz	U1RBVElDX0RJU1BBVENI	QU5Z	dGhpcy0+c3RhcnRf	YmluZGluZ3MuY3Bw	550	107374182595	PG9wZXJhdG9yPi5pbmRpcmVjdEZpZWxkQWNjZXNz
30064771455	107374182453	PG9wZXJhdG9yPi5kZWxldGU=	PG9wZXJhdG9yPi5kZWxldGU=	U1RBVElDX0RJU1BBVENI	dm9pZA==	ZGVsZXRlIHN0YXJ0Xw==	YmluZGluZ3MuY3Bw	550	107374182579	PG9wZXJhdG9yPi5kZWxldGU=
30064771458	107374182453	PG9wZXJhdG9yPi5pbmRpcmVjdEZpZWxkQWNjZXNz	PG9wZXJhdG9yPi5pbmRpcmVjdEZpZWxkQWNjZXNz	U1RBVElDX0RJU1BBVENI	QU5Z	dGhpcy0+ZW5kXw==	YmluZGluZ3MuY3Bw	551	107374182595	PG9wZXJhdG9yPi5pbmRpcmVjdEZpZWxkQWNjZXNz
30064771459	107374182453	PG9wZXJhdG9yPi5kZWxldGU=	PG9wZXJhdG9yPi5kZWxldGU=	U1RBVElDX0RJU1BBVENI	dm9pZA==	ZGVsZXRlIGVuZF8=	YmluZGluZ3MuY3Bw	551	107374182579	PG9wZXJhdG9yPi5kZWxldGU=
30064771462	107374182453	PG9wZXJhdG9yPi5pbmRpcmVjdEZpZWxkQWNjZXNz	PG9wZXJhdG9yPi5pbmRpcmVjdEZpZWxkQWNjZXNz	U1RBVElDX0RJU1BBVENI	QU5Z	dGhpcy0+bHRf	YmluZGluZ3MuY3Bw	552	107374182595	PG9wZXJhdG9yPi5pbmRpcmVjdEZpZWxkQWNjZXNz
30064771463	107374182453	PG9wZXJhdG9yPi5kZWxldGU=	PG9wZXJhdG9yPi5kZWxldGU=	U1RBVElDX0RJU1BBVENI	dm9pZA==	ZGVsZXRlIGx0Xw==	YmluZGluZ3MuY3Bw	552	107374182579	PG9wZXJhdG9yPi5kZWxldGU=
30064771466	107374182453	PG9wZXJhdG9yPi5pbmRpcmVjdEZpZWxkQWNjZXNz	PG9wZXJhdG9yPi5pbmRpcmVjdEZpZWxkQWNjZXNz	U1RBVElDX0RJU1BBVENI	QU5Z	dGhpcy0+Z3Rf	YmluZGluZ3MuY3Bw	553	107374182595	PG9wZXJhdG9yPi5pbmRpcmVjdEZpZWxkQWNjZXNz
30064771467	107374182453	PG9wZXJhdG9yPi5kZWxldGU=	PG9wZXJhdG9yPi5kZWxldGU=	U1RBVElDX0RJU1BBVENI	dm9pZA==	ZGVsZXRlIGd0Xw==	YmluZGluZ3MuY3Bw	553	107374182579	PG9wZXJhdG9yPi5kZWxldGU=
30064771470	107374182453	PG9wZXJhdG9yPi5pbmRpcmVjdEZpZWxkQWNjZXNz	PG9wZXJhdG9yPi5pbmRpcmVjdEZpZWxkQWNjZXNz	U1RBVElDX0RJU1BBVENI	QU5Z	dGhpcy0+bHRlXw==	YmluZGluZ3MuY3Bw	554	107374182595	PG9wZXJhdG9yPi5pbmRpcmVjdEZpZWxkQWNjZXNz
30064771471	107374182453	PG9wZXJhdG9yPi5kZWxldGU=	PG9wZXJhdG9yPi5kZWxldGU=	U1RBVElDX0RJU1BBVENI	dm9pZA==	ZGVsZXRlIGx0ZV8=	YmluZGluZ3MuY3Bw	554	107374182579	PG9wZXJhdG9yPi5kZWxldGU=
30064771474	107374182453	PG9wZXJhdG9yPi5pbmRpcmVjdEZpZWxkQWNjZXNz	PG9wZXJhdG9yPi5pbmRpcmVjdEZpZWxkQWNjZXNz	U1RBVElDX0RJU1BBVENI	QU5Z	dGhpcy0+Z3RlXw==	YmluZGluZ3MuY3Bw	555	107374182595	PG9wZXJhdG9yPi5pbmRpcmVjdEZpZWxkQWNjZXNz
30064771475	107374182453	PG9wZXJhdG9yPi5kZWxldGU=	PG9wZXJhdG9yPi5kZWxldGU=	U1RBVElDX0RJU1BBVENI	dm9pZA==	ZGVsZXRlIGd0ZV8=	YmluZGluZ3MuY3Bw	555	107374182579	PG9wZXJhdG9yPi5kZWxldGU=
30064771456	107374182453	PG9wZXJhdG9yPi5pbmRpcmVjdEZpZWxkQWNjZXNz	PG9wZXJhdG9yPi5pbmRpcmVjdEZpZWxkQWNjZXNz	U1RBVElDX0RJU1BBVENI	QU5Z	dGhpcy0+c3RhcnRf	YmluZGluZ3MuY3Bw	550	107374182595	PG9wZXJhdG9yPi5pbmRpcmVjdEZpZWxkQWNjZXNz
30064771460	107374182453	PG9wZXJhdG9yPi5pbmRpcmVjdEZpZWxkQWNjZXNz	PG9wZXJhdG9yPi5pbmRpcmVjdEZpZWxkQWNjZXNz	U1RBVElDX0RJU1BBVENI	QU5Z	dGhpcy0+ZW5kXw==	YmluZGluZ3MuY3Bw	551	107374182595	PG9wZXJhdG9yPi5pbmRpcmVjdEZpZWxkQWNjZXNz
30064771464	107374182453	PG9wZXJhdG9yPi5pbmRpcmVjdEZpZWxkQWNjZXNz	PG9wZXJhdG9yPi5pbmRpcmVjdEZpZWxkQWNjZXNz	U1RBVElDX0RJU1BBVENI	QU5Z	dGhpcy0+bHRf	YmluZGluZ3MuY3Bw	552	107374182595	PG9wZXJhdG9yPi5pbmRpcmVjdEZpZWxkQWNjZXNz
30064771468	107374182453	PG9wZXJhdG9yPi5pbmRpcmVjdEZpZWxkQWNjZXNz	PG9wZXJhdG9yPi5pbmRpcmVjdEZpZWxkQWNjZXNz	U1RBVElDX0RJU1BBVENI	QU5Z	dGhpcy0+Z3Rf	YmluZGluZ3MuY3Bw	553	107374182595	PG9wZXJhdG9yPi5pbmRpcmVjdEZpZWxkQWNjZXNz
30064771472	107374182453	PG9wZXJhdG9yPi5pbmRpcmVjdEZpZWxkQWNjZXNz	PG9wZXJhdG9yPi5pbmRpcmVjdEZpZWxkQWNjZXNz	U1RBVElDX0RJU1BBVENI	QU5Z	dGhpcy0+bHRlXw==	YmluZGluZ3MuY3Bw	554	107374182595	PG9wZXJhdG9yPi5pbmRpcmVjdEZpZWxkQWNjZXNz
30064771476	107374182453	PG9wZXJhdG9yPi5pbmRpcmVjdEZpZWxkQWNjZXNz	PG9wZXJhdG9yPi5pbmRpcmVjdEZpZWxkQWNjZXNz	U1RBVElDX0RJU1BBVENI	QU5Z	dGhpcy0+Z3RlXw==	YmluZGluZ3MuY3Bw	555	107374182595	PG9wZXJhdG9yPi5pbmRpcmVjdEZpZWxkQWNjZXNz
30064771479	107374182454	PG9wZXJhdG9yPi5hc3NpZ25tZW50	PG9wZXJhdG9yPi5hc3NpZ25tZW50	U1RBVElDX0RJU1BBVENI	QU5Z	cmVmXyA9IHJlZg==	YmluZGluZ3MuY3Bw	561	107374182564	PG9wZXJhdG9yPi5hc3NpZ25tZW50
30064771481	107374182454	QXR0YWNoSXRlcmF0b3I=	RGF0YWJhc2UuQXR0YWNoSXRlcmF0b3I6dm9pZChBTlksSXRlcmF0b3IqKQ==	U1RBVElDX0RJU1BBVENI	dm9pZA==	ZGF0YWJhc2VfLT5BdHRhY2hJdGVyYXRvcihpZF8sIHRoaXMp	YmluZGluZ3MuY3Bw	562	107374182630	RGF0YWJhc2UuQXR0YWNoSXRlcmF0b3I6dm9pZChBTlksSXRlcmF0b3IqKQ==
30064771480	107374182454	PG9wZXJhdG9yPi5pbmRpcmVjdEZpZWxkQWNjZXNz	PG9wZXJhdG9yPi5pbmRpcmVjdEZpZWxkQWNjZXNz	U1RBVElDX0RJU1BBVENI	bmFwaV9yZWZfXyo=	dGhpcy0+cmVmXw==	YmluZGluZ3MuY3Bw	561	107374182595	PG9wZXJhdG9yPi5pbmRpcmVjdEZpZWxkQWNjZXNz
30064771482	107374182454	PG9wZXJhdG9yPi5pbmRpcmVjdEZpZWxkQWNjZXNz	PG9wZXJhdG9yPi5pbmRpcmVjdEZpZWxkQWNjZXNz	U1RBVElDX0RJU1BBVENI	RGF0YWJhc2Uq	dGhpcy0+ZGF0YWJhc2Vf	YmluZGluZ3MuY3Bw	562	107374182595	PG9wZXJhdG9yPi5pbmRpcmVjdEZpZWxkQWNjZXNz
30064771483	107374182454	PG9wZXJhdG9yPi5pbmRpcmVjdEZpZWxkQWNjZXNz	PG9wZXJhdG9yPi5pbmRpcmVjdEZpZWxkQWNjZXNz	U1RBVElDX0RJU1BBVENI	QU5Z	dGhpcy0+aWRf	YmluZGluZ3MuY3Bw	562	107374182595	PG9wZXJhdG9yPi5pbmRpcmVjdEZpZWxkQWNjZXNz
30064771484	107374182455	RGV0YWNoSXRlcmF0b3I=	RGF0YWJhc2UuRGV0YWNoSXRlcmF0b3I6dm9pZChBTlkp	U1RBVElDX0RJU1BBVENI	dm9pZA==	ZGF0YWJhc2VfLT5EZXRhY2hJdGVyYXRvcihpZF8p	YmluZGluZ3MuY3Bw	566	107374182631	RGF0YWJhc2UuRGV0YWNoSXRlcmF0b3I6dm9pZChBTlkp
30064771485	107374182455	PG9wZXJhdG9yPi5pbmRpcmVjdEZpZWxkQWNjZXNz	PG9wZXJhdG9yPi5pbmRpcmVjdEZpZWxkQWNjZXNz	U1RBVElDX0RJU1BBVENI	RGF0YWJhc2Uq	dGhpcy0+ZGF0YWJhc2Vf	YmluZGluZ3MuY3Bw	566	107374182595	PG9wZXJhdG9yPi5pbmRpcmVjdEZpZWxkQWNjZXNz
30064771486	107374182455	PG9wZXJhdG9yPi5pbmRpcmVjdEZpZWxkQWNjZXNz	PG9wZXJhdG9yPi5pbmRpcmVjdEZpZWxkQWNjZXNz	U1RBVElDX0RJU1BBVENI	QU5Z	dGhpcy0+aWRf	YmluZGluZ3MuY3Bw	566	107374182595	PG9wZXJhdG9yPi5pbmRpcmVjdEZpZWxkQWNjZXNz
30064771487	107374182455	PG9wZXJhdG9yPi5pbmRpcmVjdEZpZWxkQWNjZXNz	PG9wZXJhdG9yPi5pbmRpcmVjdEZpZWxkQWNjZXNz	U1RBVElDX0RJU1BBVENI	bmFwaV9yZWZfXyo=	dGhpcy0+cmVmXw==	YmluZGluZ3MuY3Bw	567	107374182595	PG9wZXJhdG9yPi5pbmRpcmVjdEZpZWxkQWNjZXNz
30064771488	107374182456	c3RhdHVz	PHVucmVzb2x2ZWROYW1lc3BhY2U+LnN0YXR1czo8dW5yZXNvbHZlZFNpZ25hdHVyZT4oMCk=	U1RBVElDX0RJU1BBVENI	QU5Z	ZGJJdGVyYXRvcl8tPnN0YXR1cygp	YmluZGluZ3MuY3Bw	571	107374182632	PHVucmVzb2x2ZWROYW1lc3BhY2U+LnN0YXR1czo8dW5yZXNvbHZlZFNpZ25hdHVyZT4oMCk=
30064771489	107374182456	PG9wZXJhdG9yPi5pbmRpcmVjdEZpZWxkQWNjZXNz	PG9wZXJhdG9yPi5pbmRpcmVjdEZpZWxkQWNjZXNz	U1RBVElDX0RJU1BBVENI	QU5Z	dGhpcy0+ZGJJdGVyYXRvcl8=	YmluZGluZ3MuY3Bw	571	107374182595	PG9wZXJhdG9yPi5pbmRpcmVjdEZpZWxkQWNjZXNz
30064771490	107374182457	PG9wZXJhdG9yPi5kZWxldGU=	PG9wZXJhdG9yPi5kZWxldGU=	U1RBVElDX0RJU1BBVENI	dm9pZA==	ZGVsZXRlIGRiSXRlcmF0b3Jf	YmluZGluZ3MuY3Bw	575	107374182579	PG9wZXJhdG9yPi5kZWxldGU=
30064771492	107374182457	PG9wZXJhdG9yPi5hc3NpZ25tZW50	PG9wZXJhdG9yPi5hc3NpZ25tZW50	U1RBVElDX0RJU1BBVENI	QU5Z	ZGJJdGVyYXRvcl8gPSBOVUxM	YmluZGluZ3MuY3Bw	576	107374182564	PG9wZXJhdG9yPi5hc3NpZ25tZW50
30064771494	107374182457	UmVsZWFzZVNuYXBzaG90	PHVucmVzb2x2ZWROYW1lc3BhY2U+LlJlbGVhc2VTbmFwc2hvdDo8dW5yZXNvbHZlZFNpZ25hdHVyZT4oMSk=	U1RBVElDX0RJU1BBVENI	QU5Z	ZGF0YWJhc2VfLT5SZWxlYXNlU25hcHNob3Qob3B0aW9uc18tPnNuYXBzaG90KQ==	YmluZGluZ3MuY3Bw	577	107374182622	PHVucmVzb2x2ZWROYW1lc3BhY2U+LlJlbGVhc2VTbmFwc2hvdDo8dW5yZXNvbHZlZFNpZ25hdHVyZT4oMSk=
30064771491	107374182457	PG9wZXJhdG9yPi5pbmRpcmVjdEZpZWxkQWNjZXNz	PG9wZXJhdG9yPi5pbmRpcmVjdEZpZWxkQWNjZXNz	U1RBVElDX0RJU1BBVENI	QU5Z	dGhpcy0+ZGJJdGVyYXRvcl8=	YmluZGluZ3MuY3Bw	575	107374182595	PG9wZXJhdG9yPi5pbmRpcmVjdEZpZWxkQWNjZXNz
30064771493	107374182457	PG9wZXJhdG9yPi5pbmRpcmVjdEZpZWxkQWNjZXNz	PG9wZXJhdG9yPi5pbmRpcmVjdEZpZWxkQWNjZXNz	U1RBVElDX0RJU1BBVENI	QU5Z	dGhpcy0+ZGJJdGVyYXRvcl8=	YmluZGluZ3MuY3Bw	576	107374182595	PG9wZXJhdG9yPi5pbmRpcmVjdEZpZWxkQWNjZXNz
30064771495	107374182457	PG9wZXJhdG9yPi5pbmRpcmVjdEZpZWxkQWNjZXNz	PG9wZXJhdG9yPi5pbmRpcmVjdEZpZWxkQWNjZXNz	U1RBVElDX0RJU1BBVENI	RGF0YWJhc2Uq	dGhpcy0+ZGF0YWJhc2Vf	YmluZGluZ3MuY3Bw	577	107374182595	PG9wZXJhdG9yPi5pbmRpcmVjdEZpZWxkQWNjZXNz
30064771496	107374182457	PG9wZXJhdG9yPi5pbmRpcmVjdEZpZWxkQWNjZXNz	PG9wZXJhdG9yPi5pbmRpcmVjdEZpZWxkQWNjZXNz	U1RBVElDX0RJU1BBVENI	QU5Z	b3B0aW9uc18tPnNuYXBzaG90	YmluZGluZ3MuY3Bw	577	107374182595	PG9wZXJhdG9yPi5pbmRpcmVjdEZpZWxkQWNjZXNz
30064771497	107374182457	PG9wZXJhdG9yPi5pbmRpcmVjdEZpZWxkQWNjZXNz	PG9wZXJhdG9yPi5pbmRpcmVjdEZpZWxkQWNjZXNz	U1RBVElDX0RJU1BBVENI	QU5Z	dGhpcy0+b3B0aW9uc18=	YmluZGluZ3MuY3Bw	577	107374182595	PG9wZXJhdG9yPi5pbmRpcmVjdEZpZWxkQWNjZXNz
30064771500	107374182458	PG9wZXJhdG9yPi5hc3NpZ25tZW50	PG9wZXJhdG9yPi5hc3NpZ25tZW50	U1RBVElDX0RJU1BBVENI	QU5Z	ZGJJdGVyYXRvcl8gPSBkYXRhYmFzZV8tPk5ld0l0ZXJhdG9yKG9wdGlvbnNfKQ==	YmluZGluZ3MuY3Bw	583	107374182564	PG9wZXJhdG9yPi5hc3NpZ25tZW50
30064771498	107374182458	PG9wZXJhdG9yPi5ub3RFcXVhbHM=	PG9wZXJhdG9yPi5ub3RFcXVhbHM=	U1RBVElDX0RJU1BBVENI	QU5Z	ZGJJdGVyYXRvcl8gIT0gTlVMTA==	YmluZGluZ3MuY3Bw	581	107374182593	PG9wZXJhdG9yPi5ub3RFcXVhbHM=
30064771501	107374182458	PG9wZXJhdG9yPi5pbmRpcmVjdEZpZWxkQWNjZXNz	PG9wZXJhdG9yPi5pbmRpcmVjdEZpZWxkQWNjZXNz	U1RBVElDX0RJU1BBVENI	QU5Z	dGhpcy0+ZGJJdGVyYXRvcl8=	YmluZGluZ3MuY3Bw	583	107374182595	PG9wZXJhdG9yPi5pbmRpcmVjdEZpZWxkQWNjZXNz
30064771502	107374182458	TmV3SXRlcmF0b3I=	RGF0YWJhc2UuTmV3SXRlcmF0b3I6QU5ZKEFOWSk=	U1RBVElDX0RJU1BBVENI	QU5Z	ZGF0YWJhc2VfLT5OZXdJdGVyYXRvcihvcHRpb25zXyk=	YmluZGluZ3MuY3Bw	583	107374182633	RGF0YWJhc2UuTmV3SXRlcmF0b3I6QU5ZKEFOWSk=
30064771505	107374182458	PG9wZXJhdG9yPi5ub3RFcXVhbHM=	PG9wZXJhdG9yPi5ub3RFcXVhbHM=	U1RBVElDX0RJU1BBVENI	QU5Z	c3RhcnRfICE9IE5VTEw=	YmluZGluZ3MuY3Bw	585	107374182593	PG9wZXJhdG9yPi5ub3RFcXVhbHM=
30064771499	107374182458	PG9wZXJhdG9yPi5pbmRpcmVjdEZpZWxkQWNjZXNz	PG9wZXJhdG9yPi5pbmRpcmVjdEZpZWxkQWNjZXNz	U1RBVElDX0RJU1BBVENI	QU5Z	dGhpcy0+ZGJJdGVyYXRvcl8=	YmluZGluZ3MuY3Bw	581	107374182595	PG9wZXJhdG9yPi5pbmRpcmVjdEZpZWxkQWNjZXNz
30064771503	107374182458	PG9wZXJhdG9yPi5pbmRpcmVjdEZpZWxkQWNjZXNz	PG9wZXJhdG9yPi5pbmRpcmVjdEZpZWxkQWNjZXNz	U1RBVElDX0RJU1BBVENI	RGF0YWJhc2Uq	dGhpcy0+ZGF0YWJhc2Vf	YmluZGluZ3MuY3Bw	583	107374182595	PG9wZXJhdG9yPi5pbmRpcmVjdEZpZWxkQWNjZXNz
30064771504	107374182458	PG9wZXJhdG9yPi5pbmRpcmVjdEZpZWxkQWNjZXNz	PG9wZXJhdG9yPi5pbmRpcmVjdEZpZWxkQWNjZXNz	U1RBVElDX0RJU1BBVENI	QU5Z	dGhpcy0+b3B0aW9uc18=	YmluZGluZ3MuY3Bw	583	107374182595	PG9wZXJhdG9yPi5pbmRpcmVjdEZpZWxkQWNjZXNz
30064771506	107374182458	PG9wZXJhdG9yPi5pbmRpcmVjdEZpZWxkQWNjZXNz	PG9wZXJhdG9yPi5pbmRpcmVjdEZpZWxkQWNjZXNz	U1RBVElDX0RJU1BBVENI	QU5Z	dGhpcy0+c3RhcnRf	YmluZGluZ3MuY3Bw	585	107374182595	PG9wZXJhdG9yPi5pbmRpcmVjdEZpZWxkQWNjZXNz
30064771507	107374182458	U2Vlaw==	PHVucmVzb2x2ZWROYW1lc3BhY2U+LlNlZWs6PHVucmVzb2x2ZWRTaWduYXR1cmU+KDEp	U1RBVElDX0RJU1BBVENI	QU5Z	ZGJJdGVyYXRvcl8tPlNlZWsoKnN0YXJ0Xyk=	YmluZGluZ3MuY3Bw	586	107374182634	PHVucmVzb2x2ZWROYW1lc3BhY2U+LlNlZWs6PHVucmVzb2x2ZWRTaWduYXR1cmU+KDEp
30064771508	107374182458	PG9wZXJhdG9yPi5pbmRpcmVjdEZpZWxkQWNjZXNz	PG9wZXJhdG9yPi5pbmRpcmVjdEZpZWxkQWNjZXNz	U1RBVElDX0RJU1BBVENI	QU5Z	dGhpcy0+ZGJJdGVyYXRvcl8=	YmluZGluZ3MuY3Bw	586	107374182595	PG9wZXJhdG9yPi5pbmRpcmVjdEZpZWxkQWNjZXNz
30064771509	107374182458	PG9wZXJhdG9yPi5pbmRpcmVjdGlvbg==	PG9wZXJhdG9yPi5pbmRpcmVjdGlvbg==	U1RBVElDX0RJU1BBVENI	QU5Z	KnN0YXJ0Xw==	YmluZGluZ3MuY3Bw	586	107374182621	PG9wZXJhdG9yPi5pbmRpcmVjdGlvbg==
30064771511	107374182458	PG9wZXJhdG9yPi5pbmRpcmVjdEZpZWxkQWNjZXNz	PG9wZXJhdG9yPi5pbmRpcmVjdEZpZWxkQWNjZXNz	U1RBVElDX0RJU1BBVENI	Ym9vbA==	dGhpcy0+cmV2ZXJzZV8=	YmluZGluZ3MuY3Bw	588	107374182595	PG9wZXJhdG9yPi5pbmRpcmVjdEZpZWxkQWNjZXNz
30064771572	107374182458	PG9wZXJhdG9yPi5pbmRpcmVjdEZpZWxkQWNjZXNz	PG9wZXJhdG9yPi5pbmRpcmVjdEZpZWxkQWNjZXNz	U1RBVElDX0RJU1BBVENI	Ym9vbA==	dGhpcy0+cmV2ZXJzZV8=	YmluZGluZ3MuY3Bw	612	107374182595	PG9wZXJhdG9yPi5pbmRpcmVjdEZpZWxkQWNjZXNz
30064771510	107374182458	PG9wZXJhdG9yPi5pbmRpcmVjdEZpZWxkQWNjZXNz	PG9wZXJhdG9yPi5pbmRpcmVjdEZpZWxkQWNjZXNz	U1RBVElDX0RJU1BBVENI	QU5Z	dGhpcy0+c3RhcnRf	YmluZGluZ3MuY3Bw	586	107374182595	PG9wZXJhdG9yPi5pbmRpcmVjdEZpZWxkQWNjZXNz
30064771573	107374182458	U2Vla1RvTGFzdA==	PHVucmVzb2x2ZWROYW1lc3BhY2U+LlNlZWtUb0xhc3Q6PHVucmVzb2x2ZWRTaWduYXR1cmU+KDAp	U1RBVElDX0RJU1BBVENI	QU5Z	ZGJJdGVyYXRvcl8tPlNlZWtUb0xhc3QoKQ==	YmluZGluZ3MuY3Bw	613	107374182636	PHVucmVzb2x2ZWROYW1lc3BhY2U+LlNlZWtUb0xhc3Q6PHVucmVzb2x2ZWRTaWduYXR1cmU+KDAp
30064771575	107374182458	U2Vla1RvRmlyc3Q=	PHVucmVzb2x2ZWROYW1lc3BhY2U+LlNlZWtUb0ZpcnN0Ojx1bnJlc29sdmVkU2lnbmF0dXJlPigwKQ==	U1RBVElDX0RJU1BBVENI	QU5Z	ZGJJdGVyYXRvcl8tPlNlZWtUb0ZpcnN0KCk=	YmluZGluZ3MuY3Bw	615	107374182643	PHVucmVzb2x2ZWROYW1lc3BhY2U+LlNlZWtUb0ZpcnN0Ojx1bnJlc29sdmVkU2lnbmF0dXJlPigwKQ==
30064771512	107374182458	PG9wZXJhdG9yPi5sb2dpY2FsTm90	PG9wZXJhdG9yPi5sb2dpY2FsTm90	U1RBVElDX0RJU1BBVENI	QU5Z	IWRiSXRlcmF0b3JfLT5WYWxpZCgp	YmluZGluZ3MuY3Bw	589	107374182580	PG9wZXJhdG9yPi5sb2dpY2FsTm90
30064771545	107374182458	PG9wZXJhdG9yPi5sb2dpY2FsQW5k	PG9wZXJhdG9yPi5sb2dpY2FsQW5k	U1RBVElDX0RJU1BBVENI	QU5Z	ZGJJdGVyYXRvcl8tPlZhbGlkKCkgJiYgbHRfICE9IE5VTEw=	YmluZGluZ3MuY3Bw	603	107374182625	PG9wZXJhdG9yPi5sb2dpY2FsQW5k
30064771558	107374182458	PG9wZXJhdG9yPi5sb2dpY2FsQW5k	PG9wZXJhdG9yPi5sb2dpY2FsQW5k	U1RBVElDX0RJU1BBVENI	QU5Z	ZGJJdGVyYXRvcl8tPlZhbGlkKCkgJiYgZ3RfICE9IE5VTEwKICAgICAgICAgICAgJiYgZGJJdGVyYXRvcl8tPmtleSgpLmNvbXBhcmUoKmd0XykgPT0gMA==	YmluZGluZ3MuY3Bw	608	107374182625	PG9wZXJhdG9yPi5sb2dpY2FsQW5k
30064771574	107374182458	PG9wZXJhdG9yPi5pbmRpcmVjdEZpZWxkQWNjZXNz	PG9wZXJhdG9yPi5pbmRpcmVjdEZpZWxkQWNjZXNz	U1RBVElDX0RJU1BBVENI	QU5Z	dGhpcy0+ZGJJdGVyYXRvcl8=	YmluZGluZ3MuY3Bw	613	107374182595	PG9wZXJhdG9yPi5pbmRpcmVjdEZpZWxkQWNjZXNz
30064771576	107374182458	PG9wZXJhdG9yPi5pbmRpcmVjdEZpZWxkQWNjZXNz	PG9wZXJhdG9yPi5pbmRpcmVjdEZpZWxkQWNjZXNz	U1RBVElDX0RJU1BBVENI	QU5Z	dGhpcy0+ZGJJdGVyYXRvcl8=	YmluZGluZ3MuY3Bw	615	107374182595	PG9wZXJhdG9yPi5pbmRpcmVjdEZpZWxkQWNjZXNz
30064771513	107374182458	VmFsaWQ=	PHVucmVzb2x2ZWROYW1lc3BhY2U+LlZhbGlkOjx1bnJlc29sdmVkU2lnbmF0dXJlPigwKQ==	U1RBVElDX0RJU1BBVENI	QU5Z	ZGJJdGVyYXRvcl8tPlZhbGlkKCk=	YmluZGluZ3MuY3Bw	589	107374182635	PHVucmVzb2x2ZWROYW1lc3BhY2U+LlZhbGlkOjx1bnJlc29sdmVkU2lnbmF0dXJlPigwKQ==
30064771515	107374182458	U2Vla1RvTGFzdA==	PHVucmVzb2x2ZWROYW1lc3BhY2U+LlNlZWtUb0xhc3Q6PHVucmVzb2x2ZWRTaWduYXR1cmU+KDAp	U1RBVElDX0RJU1BBVENI	QU5Z	ZGJJdGVyYXRvcl8tPlNlZWtUb0xhc3QoKQ==	YmluZGluZ3MuY3Bw	590	107374182636	PHVucmVzb2x2ZWROYW1lc3BhY2U+LlNlZWtUb0xhc3Q6PHVucmVzb2x2ZWRTaWduYXR1cmU+KDAp
30064771517	107374182458	PG9wZXJhdG9yPi5hc3NpZ25tZW50	PG9wZXJhdG9yPi5hc3NpZ25tZW50	U1RBVElDX0RJU1BBVENI	dm9pZA==	a2V5ID0gZGJJdGVyYXRvcl8tPmtleSgp	YmluZGluZ3MuY3Bw	592	107374182564	PG9wZXJhdG9yPi5hc3NpZ25tZW50
30064771546	107374182458	VmFsaWQ=	PHVucmVzb2x2ZWROYW1lc3BhY2U+LlZhbGlkOjx1bnJlc29sdmVkU2lnbmF0dXJlPigwKQ==	U1RBVElDX0RJU1BBVENI	QU5Z	ZGJJdGVyYXRvcl8tPlZhbGlkKCk=	YmluZGluZ3MuY3Bw	603	107374182635	PHVucmVzb2x2ZWROYW1lc3BhY2U+LlZhbGlkOjx1bnJlc29sdmVkU2lnbmF0dXJlPigwKQ==
30064771548	107374182458	PG9wZXJhdG9yPi5ub3RFcXVhbHM=	PG9wZXJhdG9yPi5ub3RFcXVhbHM=	U1RBVElDX0RJU1BBVENI	QU5Z	bHRfICE9IE5VTEw=	YmluZGluZ3MuY3Bw	603	107374182593	PG9wZXJhdG9yPi5ub3RFcXVhbHM=
30064771559	107374182458	PG9wZXJhdG9yPi5sb2dpY2FsQW5k	PG9wZXJhdG9yPi5sb2dpY2FsQW5k	U1RBVElDX0RJU1BBVENI	QU5Z	ZGJJdGVyYXRvcl8tPlZhbGlkKCkgJiYgZ3RfICE9IE5VTEw=	YmluZGluZ3MuY3Bw	608	107374182625	PG9wZXJhdG9yPi5sb2dpY2FsQW5k
30064771564	107374182458	PG9wZXJhdG9yPi5lcXVhbHM=	PG9wZXJhdG9yPi5lcXVhbHM=	U1RBVElDX0RJU1BBVENI	QU5Z	ZGJJdGVyYXRvcl8tPmtleSgpLmNvbXBhcmUoKmd0XykgPT0gMA==	YmluZGluZ3MuY3Bw	609	107374182559	PG9wZXJhdG9yPi5lcXVhbHM=
30064771570	107374182458	TmV4dA==	PHVucmVzb2x2ZWROYW1lc3BhY2U+Lk5leHQ6PHVucmVzb2x2ZWRTaWduYXR1cmU+KDAp	U1RBVElDX0RJU1BBVENI	QU5Z	ZGJJdGVyYXRvcl8tPk5leHQoKQ==	YmluZGluZ3MuY3Bw	610	107374182642	PHVucmVzb2x2ZWROYW1lc3BhY2U+Lk5leHQ6PHVucmVzb2x2ZWRTaWduYXR1cmU+KDAp
30064771514	107374182458	PG9wZXJhdG9yPi5pbmRpcmVjdEZpZWxkQWNjZXNz	PG9wZXJhdG9yPi5pbmRpcmVjdEZpZWxkQWNjZXNz	U1RBVElDX0RJU1BBVENI	QU5Z	dGhpcy0+ZGJJdGVyYXRvcl8=	YmluZGluZ3MuY3Bw	589	107374182595	PG9wZXJhdG9yPi5pbmRpcmVjdEZpZWxkQWNjZXNz
30064771516	107374182458	PG9wZXJhdG9yPi5pbmRpcmVjdEZpZWxkQWNjZXNz	PG9wZXJhdG9yPi5pbmRpcmVjdEZpZWxkQWNjZXNz	U1RBVElDX0RJU1BBVENI	QU5Z	dGhpcy0+ZGJJdGVyYXRvcl8=	YmluZGluZ3MuY3Bw	590	107374182595	PG9wZXJhdG9yPi5pbmRpcmVjdEZpZWxkQWNjZXNz
30064771518	107374182458	a2V5	PHVucmVzb2x2ZWROYW1lc3BhY2U+LmtleTo8dW5yZXNvbHZlZFNpZ25hdHVyZT4oMCk=	U1RBVElDX0RJU1BBVENI	QU5Z	ZGJJdGVyYXRvcl8tPmtleSgp	YmluZGluZ3MuY3Bw	592	107374182637	PHVucmVzb2x2ZWROYW1lc3BhY2U+LmtleTo8dW5yZXNvbHZlZFNpZ25hdHVyZT4oMCk=
30064771520	107374182458	PG9wZXJhdG9yPi5sb2dpY2FsT3I=	PG9wZXJhdG9yPi5sb2dpY2FsT3I=	U1RBVElDX0RJU1BBVENI	QU5Z	KGx0XyAhPSBOVUxMICYmIGtleS5jb21wYXJlKCpsdF8pID49IDApIHx8CiAgICAgICAgICAgICAgKGx0ZV8gIT0gTlVMTCAmJiBrZXkuY29tcGFyZSgqbHRlXykgPiAwKSB8fAogICAgICAgICAgICAgIChzdGFydF8gIT0gTlVMTCAmJiBrZXkuY29tcGFyZSgqc3RhcnRfKSA+IDAp	YmluZGluZ3MuY3Bw	594	107374182638	PG9wZXJhdG9yPi5sb2dpY2FsT3I=
30064771547	107374182458	PG9wZXJhdG9yPi5pbmRpcmVjdEZpZWxkQWNjZXNz	PG9wZXJhdG9yPi5pbmRpcmVjdEZpZWxkQWNjZXNz	U1RBVElDX0RJU1BBVENI	QU5Z	dGhpcy0+ZGJJdGVyYXRvcl8=	YmluZGluZ3MuY3Bw	603	107374182595	PG9wZXJhdG9yPi5pbmRpcmVjdEZpZWxkQWNjZXNz
30064771549	107374182458	PG9wZXJhdG9yPi5pbmRpcmVjdEZpZWxkQWNjZXNz	PG9wZXJhdG9yPi5pbmRpcmVjdEZpZWxkQWNjZXNz	U1RBVElDX0RJU1BBVENI	QU5Z	dGhpcy0+bHRf	YmluZGluZ3MuY3Bw	603	107374182595	PG9wZXJhdG9yPi5pbmRpcmVjdEZpZWxkQWNjZXNz
30064771550	107374182458	PG9wZXJhdG9yPi5ncmVhdGVyRXF1YWxzVGhhbg==	PG9wZXJhdG9yPi5ncmVhdGVyRXF1YWxzVGhhbg==	U1RBVElDX0RJU1BBVENI	QU5Z	ZGJJdGVyYXRvcl8tPmtleSgpLmNvbXBhcmUoKmx0XykgPj0gMA==	YmluZGluZ3MuY3Bw	604	107374182639	PG9wZXJhdG9yPi5ncmVhdGVyRXF1YWxzVGhhbg==
30064771560	107374182458	VmFsaWQ=	PHVucmVzb2x2ZWROYW1lc3BhY2U+LlZhbGlkOjx1bnJlc29sdmVkU2lnbmF0dXJlPigwKQ==	U1RBVElDX0RJU1BBVENI	QU5Z	ZGJJdGVyYXRvcl8tPlZhbGlkKCk=	YmluZGluZ3MuY3Bw	608	107374182635	PHVucmVzb2x2ZWROYW1lc3BhY2U+LlZhbGlkOjx1bnJlc29sdmVkU2lnbmF0dXJlPigwKQ==
30064771562	107374182458	PG9wZXJhdG9yPi5ub3RFcXVhbHM=	PG9wZXJhdG9yPi5ub3RFcXVhbHM=	U1RBVElDX0RJU1BBVENI	QU5Z	Z3RfICE9IE5VTEw=	YmluZGluZ3MuY3Bw	608	107374182593	PG9wZXJhdG9yPi5ub3RFcXVhbHM=
30064771565	107374182458	Y29tcGFyZQ==	PHVucmVzb2x2ZWROYW1lc3BhY2U+LmNvbXBhcmU6PHVucmVzb2x2ZWRTaWduYXR1cmU+KDEp	U1RBVElDX0RJU1BBVENI	QU5Z	ZGJJdGVyYXRvcl8tPmtleSgpLmNvbXBhcmUoKmd0Xyk=	YmluZGluZ3MuY3Bw	609	107374182640	PHVucmVzb2x2ZWROYW1lc3BhY2U+LmNvbXBhcmU6PHVucmVzb2x2ZWRTaWduYXR1cmU+KDEp
30064771571	107374182458	PG9wZXJhdG9yPi5pbmRpcmVjdEZpZWxkQWNjZXNz	PG9wZXJhdG9yPi5pbmRpcmVjdEZpZWxkQWNjZXNz	U1RBVElDX0RJU1BBVENI	QU5Z	dGhpcy0+ZGJJdGVyYXRvcl8=	YmluZGluZ3MuY3Bw	610	107374182595	PG9wZXJhdG9yPi5pbmRpcmVjdEZpZWxkQWNjZXNz
30064771519	107374182458	PG9wZXJhdG9yPi5pbmRpcmVjdEZpZWxkQWNjZXNz	PG9wZXJhdG9yPi5pbmRpcmVjdEZpZWxkQWNjZXNz	U1RBVElDX0RJU1BBVENI	QU5Z	dGhpcy0+ZGJJdGVyYXRvcl8=	YmluZGluZ3MuY3Bw	592	107374182595	PG9wZXJhdG9yPi5pbmRpcmVjdEZpZWxkQWNjZXNz
30064771521	107374182458	PG9wZXJhdG9yPi5sb2dpY2FsT3I=	PG9wZXJhdG9yPi5sb2dpY2FsT3I=	U1RBVElDX0RJU1BBVENI	QU5Z	KGx0XyAhPSBOVUxMICYmIGtleS5jb21wYXJlKCpsdF8pID49IDApIHx8CiAgICAgICAgICAgICAgKGx0ZV8gIT0gTlVMTCAmJiBrZXkuY29tcGFyZSgqbHRlXykgPiAwKQ==	YmluZGluZ3MuY3Bw	594	107374182638	PG9wZXJhdG9yPi5sb2dpY2FsT3I=
30064771536	107374182458	PG9wZXJhdG9yPi5sb2dpY2FsQW5k	PG9wZXJhdG9yPi5sb2dpY2FsQW5k	U1RBVElDX0RJU1BBVENI	QU5Z	c3RhcnRfICE9IE5VTEwgJiYga2V5LmNvbXBhcmUoKnN0YXJ0XykgPiAw	YmluZGluZ3MuY3Bw	596	107374182625	PG9wZXJhdG9yPi5sb2dpY2FsQW5k
30064771543	107374182458	UHJldg==	PHVucmVzb2x2ZWROYW1lc3BhY2U+LlByZXY6PHVucmVzb2x2ZWRTaWduYXR1cmU+KDAp	U1RBVElDX0RJU1BBVENI	QU5Z	ZGJJdGVyYXRvcl8tPlByZXYoKQ==	YmluZGluZ3MuY3Bw	597	107374182641	PHVucmVzb2x2ZWROYW1lc3BhY2U+LlByZXY6PHVucmVzb2x2ZWRTaWduYXR1cmU+KDAp
30064771551	107374182458	Y29tcGFyZQ==	PHVucmVzb2x2ZWROYW1lc3BhY2U+LmNvbXBhcmU6PHVucmVzb2x2ZWRTaWduYXR1cmU+KDEp	U1RBVElDX0RJU1BBVENI	QU5Z	ZGJJdGVyYXRvcl8tPmtleSgpLmNvbXBhcmUoKmx0Xyk=	YmluZGluZ3MuY3Bw	604	107374182640	PHVucmVzb2x2ZWROYW1lc3BhY2U+LmNvbXBhcmU6PHVucmVzb2x2ZWRTaWduYXR1cmU+KDEp
30064771556	107374182458	UHJldg==	PHVucmVzb2x2ZWROYW1lc3BhY2U+LlByZXY6PHVucmVzb2x2ZWRTaWduYXR1cmU+KDAp	U1RBVElDX0RJU1BBVENI	QU5Z	ZGJJdGVyYXRvcl8tPlByZXYoKQ==	YmluZGluZ3MuY3Bw	605	107374182641	PHVucmVzb2x2ZWROYW1lc3BhY2U+LlByZXY6PHVucmVzb2x2ZWRTaWduYXR1cmU+KDAp
30064771561	107374182458	PG9wZXJhdG9yPi5pbmRpcmVjdEZpZWxkQWNjZXNz	PG9wZXJhdG9yPi5pbmRpcmVjdEZpZWxkQWNjZXNz	U1RBVElDX0RJU1BBVENI	QU5Z	dGhpcy0+ZGJJdGVyYXRvcl8=	YmluZGluZ3MuY3Bw	608	107374182595	PG9wZXJhdG9yPi5pbmRpcmVjdEZpZWxkQWNjZXNz
30064771563	107374182458	PG9wZXJhdG9yPi5pbmRpcmVjdEZpZWxkQWNjZXNz	PG9wZXJhdG9yPi5pbmRpcmVjdEZpZWxkQWNjZXNz	U1RBVElDX0RJU1BBVENI	QU5Z	dGhpcy0+Z3Rf	YmluZGluZ3MuY3Bw	608	107374182595	PG9wZXJhdG9yPi5pbmRpcmVjdEZpZWxkQWNjZXNz
30064771566	107374182458	a2V5	PHVucmVzb2x2ZWROYW1lc3BhY2U+LmtleTo8dW5yZXNvbHZlZFNpZ25hdHVyZT4oMCk=	U1RBVElDX0RJU1BBVENI	QU5Z	ZGJJdGVyYXRvcl8tPmtleSgp	YmluZGluZ3MuY3Bw	609	107374182637	PHVucmVzb2x2ZWROYW1lc3BhY2U+LmtleTo8dW5yZXNvbHZlZFNpZ25hdHVyZT4oMCk=
30064771568	107374182458	PG9wZXJhdG9yPi5pbmRpcmVjdGlvbg==	PG9wZXJhdG9yPi5pbmRpcmVjdGlvbg==	U1RBVElDX0RJU1BBVENI	QU5Z	Kmd0Xw==	YmluZGluZ3MuY3Bw	609	107374182621	PG9wZXJhdG9yPi5pbmRpcmVjdGlvbg==
30064771522	107374182458	PG9wZXJhdG9yPi5sb2dpY2FsQW5k	PG9wZXJhdG9yPi5sb2dpY2FsQW5k	U1RBVElDX0RJU1BBVENI	QU5Z	bHRfICE9IE5VTEwgJiYga2V5LmNvbXBhcmUoKmx0XykgPj0gMA==	YmluZGluZ3MuY3Bw	594	107374182625	PG9wZXJhdG9yPi5sb2dpY2FsQW5k
30064771529	107374182458	PG9wZXJhdG9yPi5sb2dpY2FsQW5k	PG9wZXJhdG9yPi5sb2dpY2FsQW5k	U1RBVElDX0RJU1BBVENI	QU5Z	bHRlXyAhPSBOVUxMICYmIGtleS5jb21wYXJlKCpsdGVfKSA+IDA=	YmluZGluZ3MuY3Bw	595	107374182625	PG9wZXJhdG9yPi5sb2dpY2FsQW5k
30064771537	107374182458	PG9wZXJhdG9yPi5ub3RFcXVhbHM=	PG9wZXJhdG9yPi5ub3RFcXVhbHM=	U1RBVElDX0RJU1BBVENI	QU5Z	c3RhcnRfICE9IE5VTEw=	YmluZGluZ3MuY3Bw	596	107374182593	PG9wZXJhdG9yPi5ub3RFcXVhbHM=
30064771539	107374182458	PG9wZXJhdG9yPi5ncmVhdGVyVGhhbg==	PG9wZXJhdG9yPi5ncmVhdGVyVGhhbg==	U1RBVElDX0RJU1BBVENI	QU5Z	a2V5LmNvbXBhcmUoKnN0YXJ0XykgPiAw	YmluZGluZ3MuY3Bw	596	107374182588	PG9wZXJhdG9yPi5ncmVhdGVyVGhhbg==
30064771544	107374182458	PG9wZXJhdG9yPi5pbmRpcmVjdEZpZWxkQWNjZXNz	PG9wZXJhdG9yPi5pbmRpcmVjdEZpZWxkQWNjZXNz	U1RBVElDX0RJU1BBVENI	QU5Z	dGhpcy0+ZGJJdGVyYXRvcl8=	YmluZGluZ3MuY3Bw	597	107374182595	PG9wZXJhdG9yPi5pbmRpcmVjdEZpZWxkQWNjZXNz
30064771552	107374182458	a2V5	PHVucmVzb2x2ZWROYW1lc3BhY2U+LmtleTo8dW5yZXNvbHZlZFNpZ25hdHVyZT4oMCk=	U1RBVElDX0RJU1BBVENI	QU5Z	ZGJJdGVyYXRvcl8tPmtleSgp	YmluZGluZ3MuY3Bw	604	107374182637	PHVucmVzb2x2ZWROYW1lc3BhY2U+LmtleTo8dW5yZXNvbHZlZFNpZ25hdHVyZT4oMCk=
30064771554	107374182458	PG9wZXJhdG9yPi5pbmRpcmVjdGlvbg==	PG9wZXJhdG9yPi5pbmRpcmVjdGlvbg==	U1RBVElDX0RJU1BBVENI	QU5Z	Kmx0Xw==	YmluZGluZ3MuY3Bw	604	107374182621	PG9wZXJhdG9yPi5pbmRpcmVjdGlvbg==
30064771557	107374182458	PG9wZXJhdG9yPi5pbmRpcmVjdEZpZWxkQWNjZXNz	PG9wZXJhdG9yPi5pbmRpcmVjdEZpZWxkQWNjZXNz	U1RBVElDX0RJU1BBVENI	QU5Z	dGhpcy0+ZGJJdGVyYXRvcl8=	YmluZGluZ3MuY3Bw	605	107374182595	PG9wZXJhdG9yPi5pbmRpcmVjdEZpZWxkQWNjZXNz
30064771567	107374182458	PG9wZXJhdG9yPi5pbmRpcmVjdEZpZWxkQWNjZXNz	PG9wZXJhdG9yPi5pbmRpcmVjdEZpZWxkQWNjZXNz	U1RBVElDX0RJU1BBVENI	QU5Z	dGhpcy0+ZGJJdGVyYXRvcl8=	YmluZGluZ3MuY3Bw	609	107374182595	PG9wZXJhdG9yPi5pbmRpcmVjdEZpZWxkQWNjZXNz
30064771569	107374182458	PG9wZXJhdG9yPi5pbmRpcmVjdEZpZWxkQWNjZXNz	PG9wZXJhdG9yPi5pbmRpcmVjdEZpZWxkQWNjZXNz	U1RBVElDX0RJU1BBVENI	QU5Z	dGhpcy0+Z3Rf	YmluZGluZ3MuY3Bw	609	107374182595	PG9wZXJhdG9yPi5pbmRpcmVjdEZpZWxkQWNjZXNz
30064771523	107374182458	PG9wZXJhdG9yPi5ub3RFcXVhbHM=	PG9wZXJhdG9yPi5ub3RFcXVhbHM=	U1RBVElDX0RJU1BBVENI	QU5Z	bHRfICE9IE5VTEw=	YmluZGluZ3MuY3Bw	594	107374182593	PG9wZXJhdG9yPi5ub3RFcXVhbHM=
30064771525	107374182458	PG9wZXJhdG9yPi5ncmVhdGVyRXF1YWxzVGhhbg==	PG9wZXJhdG9yPi5ncmVhdGVyRXF1YWxzVGhhbg==	U1RBVElDX0RJU1BBVENI	QU5Z	a2V5LmNvbXBhcmUoKmx0XykgPj0gMA==	YmluZGluZ3MuY3Bw	594	107374182639	PG9wZXJhdG9yPi5ncmVhdGVyRXF1YWxzVGhhbg==
30064771530	107374182458	PG9wZXJhdG9yPi5ub3RFcXVhbHM=	PG9wZXJhdG9yPi5ub3RFcXVhbHM=	U1RBVElDX0RJU1BBVENI	QU5Z	bHRlXyAhPSBOVUxM	YmluZGluZ3MuY3Bw	595	107374182593	PG9wZXJhdG9yPi5ub3RFcXVhbHM=
30064771532	107374182458	PG9wZXJhdG9yPi5ncmVhdGVyVGhhbg==	PG9wZXJhdG9yPi5ncmVhdGVyVGhhbg==	U1RBVElDX0RJU1BBVENI	QU5Z	a2V5LmNvbXBhcmUoKmx0ZV8pID4gMA==	YmluZGluZ3MuY3Bw	595	107374182588	PG9wZXJhdG9yPi5ncmVhdGVyVGhhbg==
30064771538	107374182458	PG9wZXJhdG9yPi5pbmRpcmVjdEZpZWxkQWNjZXNz	PG9wZXJhdG9yPi5pbmRpcmVjdEZpZWxkQWNjZXNz	U1RBVElDX0RJU1BBVENI	QU5Z	dGhpcy0+c3RhcnRf	YmluZGluZ3MuY3Bw	596	107374182595	PG9wZXJhdG9yPi5pbmRpcmVjdEZpZWxkQWNjZXNz
30064771540	107374182458	Y29tcGFyZQ==	PHVucmVzb2x2ZWROYW1lc3BhY2U+LmNvbXBhcmU6PHVucmVzb2x2ZWRTaWduYXR1cmU+KDEp	U1RBVElDX0RJU1BBVENI	QU5Z	a2V5LmNvbXBhcmUoKnN0YXJ0Xyk=	YmluZGluZ3MuY3Bw	596	107374182640	PHVucmVzb2x2ZWROYW1lc3BhY2U+LmNvbXBhcmU6PHVucmVzb2x2ZWRTaWduYXR1cmU+KDEp
30064771553	107374182458	PG9wZXJhdG9yPi5pbmRpcmVjdEZpZWxkQWNjZXNz	PG9wZXJhdG9yPi5pbmRpcmVjdEZpZWxkQWNjZXNz	U1RBVElDX0RJU1BBVENI	QU5Z	dGhpcy0+ZGJJdGVyYXRvcl8=	YmluZGluZ3MuY3Bw	604	107374182595	PG9wZXJhdG9yPi5pbmRpcmVjdEZpZWxkQWNjZXNz
30064771555	107374182458	PG9wZXJhdG9yPi5pbmRpcmVjdEZpZWxkQWNjZXNz	PG9wZXJhdG9yPi5pbmRpcmVjdEZpZWxkQWNjZXNz	U1RBVElDX0RJU1BBVENI	QU5Z	dGhpcy0+bHRf	YmluZGluZ3MuY3Bw	604	107374182595	PG9wZXJhdG9yPi5pbmRpcmVjdEZpZWxkQWNjZXNz
30064771524	107374182458	PG9wZXJhdG9yPi5pbmRpcmVjdEZpZWxkQWNjZXNz	PG9wZXJhdG9yPi5pbmRpcmVjdEZpZWxkQWNjZXNz	U1RBVElDX0RJU1BBVENI	QU5Z	dGhpcy0+bHRf	YmluZGluZ3MuY3Bw	594	107374182595	PG9wZXJhdG9yPi5pbmRpcmVjdEZpZWxkQWNjZXNz
30064771526	107374182458	Y29tcGFyZQ==	PHVucmVzb2x2ZWROYW1lc3BhY2U+LmNvbXBhcmU6PHVucmVzb2x2ZWRTaWduYXR1cmU+KDEp	U1RBVElDX0RJU1BBVENI	QU5Z	a2V5LmNvbXBhcmUoKmx0Xyk=	YmluZGluZ3MuY3Bw	594	107374182640	PHVucmVzb2x2ZWROYW1lc3BhY2U+LmNvbXBhcmU6PHVucmVzb2x2ZWRTaWduYXR1cmU+KDEp
30064771531	107374182458	PG9wZXJhdG9yPi5pbmRpcmVjdEZpZWxkQWNjZXNz	PG9wZXJhdG9yPi5pbmRpcmVjdEZpZWxkQWNjZXNz	U1RBVElDX0RJU1BBVENI	QU5Z	dGhpcy0+bHRlXw==	YmluZGluZ3MuY3Bw	595	107374182595	PG9wZXJhdG9yPi5pbmRpcmVjdEZpZWxkQWNjZXNz
30064771533	107374182458	Y29tcGFyZQ==	PHVucmVzb2x2ZWROYW1lc3BhY2U+LmNvbXBhcmU6PHVucmVzb2x2ZWRTaWduYXR1cmU+KDEp	U1RBVElDX0RJU1BBVENI	QU5Z	a2V5LmNvbXBhcmUoKmx0ZV8p	YmluZGluZ3MuY3Bw	595	107374182640	PHVucmVzb2x2ZWROYW1lc3BhY2U+LmNvbXBhcmU6PHVucmVzb2x2ZWRTaWduYXR1cmU+KDEp
30064771541	107374182458	PG9wZXJhdG9yPi5pbmRpcmVjdGlvbg==	PG9wZXJhdG9yPi5pbmRpcmVjdGlvbg==	U1RBVElDX0RJU1BBVENI	QU5Z	KnN0YXJ0Xw==	YmluZGluZ3MuY3Bw	596	107374182621	PG9wZXJhdG9yPi5pbmRpcmVjdGlvbg==
30064771527	107374182458	PG9wZXJhdG9yPi5pbmRpcmVjdGlvbg==	PG9wZXJhdG9yPi5pbmRpcmVjdGlvbg==	U1RBVElDX0RJU1BBVENI	QU5Z	Kmx0Xw==	YmluZGluZ3MuY3Bw	594	107374182621	PG9wZXJhdG9yPi5pbmRpcmVjdGlvbg==
30064771534	107374182458	PG9wZXJhdG9yPi5pbmRpcmVjdGlvbg==	PG9wZXJhdG9yPi5pbmRpcmVjdGlvbg==	U1RBVElDX0RJU1BBVENI	QU5Z	Kmx0ZV8=	YmluZGluZ3MuY3Bw	595	107374182621	PG9wZXJhdG9yPi5pbmRpcmVjdGlvbg==
30064771542	107374182458	PG9wZXJhdG9yPi5pbmRpcmVjdEZpZWxkQWNjZXNz	PG9wZXJhdG9yPi5pbmRpcmVjdEZpZWxkQWNjZXNz	U1RBVElDX0RJU1BBVENI	QU5Z	dGhpcy0+c3RhcnRf	YmluZGluZ3MuY3Bw	596	107374182595	PG9wZXJhdG9yPi5pbmRpcmVjdEZpZWxkQWNjZXNz
30064771528	107374182458	PG9wZXJhdG9yPi5pbmRpcmVjdEZpZWxkQWNjZXNz	PG9wZXJhdG9yPi5pbmRpcmVjdEZpZWxkQWNjZXNz	U1RBVElDX0RJU1BBVENI	QU5Z	dGhpcy0+bHRf	YmluZGluZ3MuY3Bw	594	107374182595	PG9wZXJhdG9yPi5pbmRpcmVjdEZpZWxkQWNjZXNz
30064771535	107374182458	PG9wZXJhdG9yPi5pbmRpcmVjdEZpZWxkQWNjZXNz	PG9wZXJhdG9yPi5pbmRpcmVjdEZpZWxkQWNjZXNz	U1RBVElDX0RJU1BBVENI	QU5Z	dGhpcy0+bHRlXw==	YmluZGluZ3MuY3Bw	595	107374182595	PG9wZXJhdG9yPi5pbmRpcmVjdEZpZWxkQWNjZXNz
30064771587	107374182459	PG9wZXJhdG9yPi5hc3NpZ25tZW50	PG9wZXJhdG9yPi5hc3NpZ25tZW50	U1RBVElDX0RJU1BBVENI	QU5Z	c2Vla2luZ18gPSBmYWxzZQ==	YmluZGluZ3MuY3Bw	631	107374182564	PG9wZXJhdG9yPi5hc3NpZ25tZW50
30064771577	107374182459	PG9wZXJhdG9yPi5sb2dpY2FsQW5k	PG9wZXJhdG9yPi5sb2dpY2FsQW5k	U1RBVElDX0RJU1BBVENI	QU5Z	IUdldEl0ZXJhdG9yKCkgJiYgIXNlZWtpbmdf	YmluZGluZ3MuY3Bw	622	107374182625	PG9wZXJhdG9yPi5sb2dpY2FsQW5k
30064771588	107374182459	PG9wZXJhdG9yPi5pbmRpcmVjdEZpZWxkQWNjZXNz	PG9wZXJhdG9yPi5pbmRpcmVjdEZpZWxkQWNjZXNz	U1RBVElDX0RJU1BBVENI	Ym9vbA==	dGhpcy0+c2Vla2luZ18=	YmluZGluZ3MuY3Bw	631	107374182595	PG9wZXJhdG9yPi5pbmRpcmVjdEZpZWxkQWNjZXNz
30064771589	107374182459	VmFsaWQ=	PHVucmVzb2x2ZWROYW1lc3BhY2U+LlZhbGlkOjx1bnJlc29sdmVkU2lnbmF0dXJlPigwKQ==	U1RBVElDX0RJU1BBVENI	QU5Z	ZGJJdGVyYXRvcl8tPlZhbGlkKCk=	YmluZGluZ3MuY3Bw	633	107374182635	PHVucmVzb2x2ZWROYW1lc3BhY2U+LlZhbGlkOjx1bnJlc29sdmVkU2lnbmF0dXJlPigwKQ==
30064771578	107374182459	PG9wZXJhdG9yPi5sb2dpY2FsTm90	PG9wZXJhdG9yPi5sb2dpY2FsTm90	U1RBVElDX0RJU1BBVENI	QU5Z	IUdldEl0ZXJhdG9yKCk=	YmluZGluZ3MuY3Bw	622	107374182580	PG9wZXJhdG9yPi5sb2dpY2FsTm90
30064771580	107374182459	PG9wZXJhdG9yPi5sb2dpY2FsTm90	PG9wZXJhdG9yPi5sb2dpY2FsTm90	U1RBVElDX0RJU1BBVENI	QU5Z	IXNlZWtpbmdf	YmluZGluZ3MuY3Bw	622	107374182580	PG9wZXJhdG9yPi5sb2dpY2FsTm90
30064771590	107374182459	PG9wZXJhdG9yPi5pbmRpcmVjdEZpZWxkQWNjZXNz	PG9wZXJhdG9yPi5pbmRpcmVjdEZpZWxkQWNjZXNz	U1RBVElDX0RJU1BBVENI	QU5Z	dGhpcy0+ZGJJdGVyYXRvcl8=	YmluZGluZ3MuY3Bw	633	107374182595	PG9wZXJhdG9yPi5pbmRpcmVjdEZpZWxkQWNjZXNz
30064771591	107374182459	PG9wZXJhdG9yPi5hc3NpZ25tZW50	PG9wZXJhdG9yPi5hc3NpZ25tZW50	U1RBVElDX0RJU1BBVENI	dm9pZA==	a2V5U3RyID0gZGJJdGVyYXRvcl8tPmtleSgpLlRvU3RyaW5nKCk=	YmluZGluZ3MuY3Bw	634	107374182564	PG9wZXJhdG9yPi5hc3NpZ25tZW50
30064771595	107374182459	PG9wZXJhdG9yPi5hc3NpZ25tZW50	PG9wZXJhdG9yPi5hc3NpZ25tZW50	U1RBVElDX0RJU1BBVENI	dm9pZA==	aXNFbmQgPSBlbmRfID09IE5VTEwgPyAxIDogZW5kXy0+Y29tcGFyZShrZXlTdHIp	YmluZGluZ3MuY3Bw	635	107374182564	PG9wZXJhdG9yPi5hc3NpZ25tZW50
30064771579	107374182459	R2V0SXRlcmF0b3I=	SXRlcmF0b3IuR2V0SXRlcmF0b3I6Ym9vbCgp	U1RBVElDX0RJU1BBVENI	Ym9vbA==	R2V0SXRlcmF0b3IoKQ==	YmluZGluZ3MuY3Bw	622	107374182458	SXRlcmF0b3IuR2V0SXRlcmF0b3I6Ym9vbCgp
30064771581	107374182459	PG9wZXJhdG9yPi5pbmRpcmVjdEZpZWxkQWNjZXNz	PG9wZXJhdG9yPi5pbmRpcmVjdEZpZWxkQWNjZXNz	U1RBVElDX0RJU1BBVENI	Ym9vbA==	dGhpcy0+c2Vla2luZ18=	YmluZGluZ3MuY3Bw	622	107374182595	PG9wZXJhdG9yPi5pbmRpcmVjdEZpZWxkQWNjZXNz
30064771582	107374182459	PG9wZXJhdG9yPi5pbmRpcmVjdEZpZWxkQWNjZXNz	PG9wZXJhdG9yPi5pbmRpcmVjdEZpZWxkQWNjZXNz	U1RBVElDX0RJU1BBVENI	Ym9vbA==	dGhpcy0+cmV2ZXJzZV8=	YmluZGluZ3MuY3Bw	623	107374182595	PG9wZXJhdG9yPi5pbmRpcmVjdEZpZWxkQWNjZXNz
30064771592	107374182459	VG9TdHJpbmc=	PHVucmVzb2x2ZWROYW1lc3BhY2U+LlRvU3RyaW5nOjx1bnJlc29sdmVkU2lnbmF0dXJlPigwKQ==	U1RBVElDX0RJU1BBVENI	QU5Z	ZGJJdGVyYXRvcl8tPmtleSgpLlRvU3RyaW5nKCk=	YmluZGluZ3MuY3Bw	634	107374182603	PHVucmVzb2x2ZWROYW1lc3BhY2U+LlRvU3RyaW5nOjx1bnJlc29sdmVkU2lnbmF0dXJlPigwKQ==
30064771596	107374182459	PG9wZXJhdG9yPi5jb25kaXRpb25hbA==	PG9wZXJhdG9yPi5jb25kaXRpb25hbA==	U1RBVElDX0RJU1BBVENI	QU5Z	ZW5kXyA9PSBOVUxMID8gMSA6IGVuZF8tPmNvbXBhcmUoa2V5U3RyKQ==	YmluZGluZ3MuY3Bw	635	107374182644	PG9wZXJhdG9yPi5jb25kaXRpb25hbA==
30064771601	107374182459	PG9wZXJhdG9yPi5sb2dpY2FsQW5k	PG9wZXJhdG9yPi5sb2dpY2FsQW5k	U1RBVElDX0RJU1BBVENI	QU5Z	KGxpbWl0XyA8IDAgfHwgKytjb3VudF8gPD0gbGltaXRfKQogICAgICAgICAgJiYgKGVuZF8gPT0gTlVMTAogICAgICAgICAgICAgIHx8IChyZXZlcnNlXyAmJiAoaXNFbmQgPD0gMCkpCiAgICAgICAgICAgICAgfHwgKCFyZXZlcnNlXyAmJiAoaXNFbmQgPj0gMCkpKQogICAgICAgICAgJiYgKCBsdF8gICE9IE5VTEwgPyAobHRfLT5jb21wYXJlKGtleVN0cikgPiAwKQogICAgICAgICAgICAgICA6IGx0ZV8gIT0gTlVMTCA/IChsdGVfLT5jb21wYXJlKGtleVN0cikgPj0gMCkKICAgICAgICAgICAgICAgOiB0cnVlICkKICAgICAgICAgICYmICggZ3RfICAhPSBOVUxMID8gKGd0Xy0+Y29tcGFyZShrZXlTdHIpIDwgMCkKICAgICAgICAgICAgICAgOiBndGVfICE9IE5VTEwgPyAoZ3RlXy0+Y29tcGFyZShrZXlTdHIpIDw9IDApCiAgICAgICAgICAgICAgIDogdHJ1ZSAp	YmluZGluZ3MuY3Bw	637	107374182625	PG9wZXJhdG9yPi5sb2dpY2FsQW5k
30064771583	107374182459	UHJldg==	PHVucmVzb2x2ZWROYW1lc3BhY2U+LlByZXY6PHVucmVzb2x2ZWRTaWduYXR1cmU+KDAp	U1RBVElDX0RJU1BBVENI	QU5Z	ZGJJdGVyYXRvcl8tPlByZXYoKQ==	YmluZGluZ3MuY3Bw	624	107374182641	PHVucmVzb2x2ZWROYW1lc3BhY2U+LlByZXY6PHVucmVzb2x2ZWRTaWduYXR1cmU+KDAp
30064771585	107374182459	TmV4dA==	PHVucmVzb2x2ZWROYW1lc3BhY2U+Lk5leHQ6PHVucmVzb2x2ZWRTaWduYXR1cmU+KDAp	U1RBVElDX0RJU1BBVENI	QU5Z	ZGJJdGVyYXRvcl8tPk5leHQoKQ==	YmluZGluZ3MuY3Bw	627	107374182642	PHVucmVzb2x2ZWROYW1lc3BhY2U+Lk5leHQ6PHVucmVzb2x2ZWRTaWduYXR1cmU+KDAp
30064771593	107374182459	a2V5	PHVucmVzb2x2ZWROYW1lc3BhY2U+LmtleTo8dW5yZXNvbHZlZFNpZ25hdHVyZT4oMCk=	U1RBVElDX0RJU1BBVENI	QU5Z	ZGJJdGVyYXRvcl8tPmtleSgp	YmluZGluZ3MuY3Bw	634	107374182637	PHVucmVzb2x2ZWROYW1lc3BhY2U+LmtleTo8dW5yZXNvbHZlZFNpZ25hdHVyZT4oMCk=
30064771597	107374182459	PG9wZXJhdG9yPi5lcXVhbHM=	PG9wZXJhdG9yPi5lcXVhbHM=	U1RBVElDX0RJU1BBVENI	QU5Z	ZW5kXyA9PSBOVUxM	YmluZGluZ3MuY3Bw	635	107374182559	PG9wZXJhdG9yPi5lcXVhbHM=
30064771599	107374182459	Y29tcGFyZQ==	PHVucmVzb2x2ZWROYW1lc3BhY2U+LmNvbXBhcmU6PHVucmVzb2x2ZWRTaWduYXR1cmU+KDEp	U1RBVElDX0RJU1BBVENI	QU5Z	ZW5kXy0+Y29tcGFyZShrZXlTdHIp	YmluZGluZ3MuY3Bw	635	107374182640	PHVucmVzb2x2ZWROYW1lc3BhY2U+LmNvbXBhcmU6PHVucmVzb2x2ZWRTaWduYXR1cmU+KDEp
30064771602	107374182459	PG9wZXJhdG9yPi5sb2dpY2FsQW5k	PG9wZXJhdG9yPi5sb2dpY2FsQW5k	U1RBVElDX0RJU1BBVENI	QU5Z	KGxpbWl0XyA8IDAgfHwgKytjb3VudF8gPD0gbGltaXRfKQogICAgICAgICAgJiYgKGVuZF8gPT0gTlVMTAogICAgICAgICAgICAgIHx8IChyZXZlcnNlXyAmJiAoaXNFbmQgPD0gMCkpCiAgICAgICAgICAgICAgfHwgKCFyZXZlcnNlXyAmJiAoaXNFbmQgPj0gMCkpKQogICAgICAgICAgJiYgKCBsdF8gICE9IE5VTEwgPyAobHRfLT5jb21wYXJlKGtleVN0cikgPiAwKQogICAgICAgICAgICAgICA6IGx0ZV8gIT0gTlVMTCA/IChsdGVfLT5jb21wYXJlKGtleVN0cikgPj0gMCkKICAgICAgICAgICAgICAgOiB0cnVlICk=	YmluZGluZ3MuY3Bw	637	107374182625	PG9wZXJhdG9yPi5sb2dpY2FsQW5k
30064771634	107374182459	PG9wZXJhdG9yPi5jb25kaXRpb25hbA==	PG9wZXJhdG9yPi5jb25kaXRpb25hbA==	U1RBVElDX0RJU1BBVENI	QU5Z	Z3RfICAhPSBOVUxMID8gKGd0Xy0+Y29tcGFyZShrZXlTdHIpIDwgMCkKICAgICAgICAgICAgICAgOiBndGVfICE9IE5VTEwgPyAoZ3RlXy0+Y29tcGFyZShrZXlTdHIpIDw9IDApCiAgICAgICAgICAgICAgIDogdHJ1ZQ==	YmluZGluZ3MuY3Bw	644	107374182644	PG9wZXJhdG9yPi5jb25kaXRpb25hbA==
30064771584	107374182459	PG9wZXJhdG9yPi5pbmRpcmVjdEZpZWxkQWNjZXNz	PG9wZXJhdG9yPi5pbmRpcmVjdEZpZWxkQWNjZXNz	U1RBVElDX0RJU1BBVENI	QU5Z	dGhpcy0+ZGJJdGVyYXRvcl8=	YmluZGluZ3MuY3Bw	624	107374182595	PG9wZXJhdG9yPi5pbmRpcmVjdEZpZWxkQWNjZXNz
30064771586	107374182459	PG9wZXJhdG9yPi5pbmRpcmVjdEZpZWxkQWNjZXNz	PG9wZXJhdG9yPi5pbmRpcmVjdEZpZWxkQWNjZXNz	U1RBVElDX0RJU1BBVENI	QU5Z	dGhpcy0+ZGJJdGVyYXRvcl8=	YmluZGluZ3MuY3Bw	627	107374182595	PG9wZXJhdG9yPi5pbmRpcmVjdEZpZWxkQWNjZXNz
30064771594	107374182459	PG9wZXJhdG9yPi5pbmRpcmVjdEZpZWxkQWNjZXNz	PG9wZXJhdG9yPi5pbmRpcmVjdEZpZWxkQWNjZXNz	U1RBVElDX0RJU1BBVENI	QU5Z	dGhpcy0+ZGJJdGVyYXRvcl8=	YmluZGluZ3MuY3Bw	634	107374182595	PG9wZXJhdG9yPi5pbmRpcmVjdEZpZWxkQWNjZXNz
30064771598	107374182459	PG9wZXJhdG9yPi5pbmRpcmVjdEZpZWxkQWNjZXNz	PG9wZXJhdG9yPi5pbmRpcmVjdEZpZWxkQWNjZXNz	U1RBVElDX0RJU1BBVENI	QU5Z	dGhpcy0+ZW5kXw==	YmluZGluZ3MuY3Bw	635	107374182595	PG9wZXJhdG9yPi5pbmRpcmVjdEZpZWxkQWNjZXNz
30064771600	107374182459	PG9wZXJhdG9yPi5pbmRpcmVjdEZpZWxkQWNjZXNz	PG9wZXJhdG9yPi5pbmRpcmVjdEZpZWxkQWNjZXNz	U1RBVElDX0RJU1BBVENI	QU5Z	dGhpcy0+ZW5kXw==	YmluZGluZ3MuY3Bw	635	107374182595	PG9wZXJhdG9yPi5pbmRpcmVjdEZpZWxkQWNjZXNz
30064771603	107374182459	PG9wZXJhdG9yPi5sb2dpY2FsQW5k	PG9wZXJhdG9yPi5sb2dpY2FsQW5k	U1RBVElDX0RJU1BBVENI	QU5Z	KGxpbWl0XyA8IDAgfHwgKytjb3VudF8gPD0gbGltaXRfKQogICAgICAgICAgJiYgKGVuZF8gPT0gTlVMTAogICAgICAgICAgICAgIHx8IChyZXZlcnNlXyAmJiAoaXNFbmQgPD0gMCkpCiAgICAgICAgICAgICAgfHwgKCFyZXZlcnNlXyAmJiAoaXNFbmQgPj0gMCkpKQ==	YmluZGluZ3MuY3Bw	637	107374182625	PG9wZXJhdG9yPi5sb2dpY2FsQW5k
30064771622	107374182459	PG9wZXJhdG9yPi5jb25kaXRpb25hbA==	PG9wZXJhdG9yPi5jb25kaXRpb25hbA==	U1RBVElDX0RJU1BBVENI	QU5Z	bHRfICAhPSBOVUxMID8gKGx0Xy0+Y29tcGFyZShrZXlTdHIpID4gMCkKICAgICAgICAgICAgICAgOiBsdGVfICE9IE5VTEwgPyAobHRlXy0+Y29tcGFyZShrZXlTdHIpID49IDApCiAgICAgICAgICAgICAgIDogdHJ1ZQ==	YmluZGluZ3MuY3Bw	641	107374182644	PG9wZXJhdG9yPi5jb25kaXRpb25hbA==
30064771635	107374182459	PG9wZXJhdG9yPi5ub3RFcXVhbHM=	PG9wZXJhdG9yPi5ub3RFcXVhbHM=	U1RBVElDX0RJU1BBVENI	QU5Z	Z3RfICAhPSBOVUxM	YmluZGluZ3MuY3Bw	644	107374182593	PG9wZXJhdG9yPi5ub3RFcXVhbHM=
30064771637	107374182459	PG9wZXJhdG9yPi5sZXNzVGhhbg==	PG9wZXJhdG9yPi5sZXNzVGhhbg==	U1RBVElDX0RJU1BBVENI	QU5Z	Z3RfLT5jb21wYXJlKGtleVN0cikgPCAw	YmluZGluZ3MuY3Bw	644	107374182645	PG9wZXJhdG9yPi5sZXNzVGhhbg==
30064771640	107374182459	PG9wZXJhdG9yPi5jb25kaXRpb25hbA==	PG9wZXJhdG9yPi5jb25kaXRpb25hbA==	U1RBVElDX0RJU1BBVENI	QU5Z	Z3RlXyAhPSBOVUxMID8gKGd0ZV8tPmNvbXBhcmUoa2V5U3RyKSA8PSAwKQogICAgICAgICAgICAgICA6IHRydWU=	YmluZGluZ3MuY3Bw	645	107374182644	PG9wZXJhdG9yPi5jb25kaXRpb25hbA==
30064771646	107374182459	PG9wZXJhdG9yPi5pbmRpcmVjdEZpZWxkQWNjZXNz	PG9wZXJhdG9yPi5pbmRpcmVjdEZpZWxkQWNjZXNz	U1RBVElDX0RJU1BBVENI	Ym9vbA==	dGhpcy0+a2V5c18=	YmluZGluZ3MuY3Bw	648	107374182595	PG9wZXJhdG9yPi5pbmRpcmVjdEZpZWxkQWNjZXNz
30064771654	107374182459	PG9wZXJhdG9yPi5pbmRpcmVjdEZpZWxkQWNjZXNz	PG9wZXJhdG9yPi5pbmRpcmVjdEZpZWxkQWNjZXNz	U1RBVElDX0RJU1BBVENI	Ym9vbA==	dGhpcy0+dmFsdWVzXw==	YmluZGluZ3MuY3Bw	651	107374182595	PG9wZXJhdG9yPi5pbmRpcmVjdEZpZWxkQWNjZXNz
30064771604	107374182459	PG9wZXJhdG9yPi5sb2dpY2FsT3I=	PG9wZXJhdG9yPi5sb2dpY2FsT3I=	U1RBVElDX0RJU1BBVENI	QU5Z	bGltaXRfIDwgMCB8fCArK2NvdW50XyA8PSBsaW1pdF8=	YmluZGluZ3MuY3Bw	637	107374182638	PG9wZXJhdG9yPi5sb2dpY2FsT3I=
30064771611	107374182459	PG9wZXJhdG9yPi5sb2dpY2FsT3I=	PG9wZXJhdG9yPi5sb2dpY2FsT3I=	U1RBVElDX0RJU1BBVENI	QU5Z	ZW5kXyA9PSBOVUxMCiAgICAgICAgICAgICAgfHwgKHJldmVyc2VfICYmIChpc0VuZCA8PSAwKSkKICAgICAgICAgICAgICB8fCAoIXJldmVyc2VfICYmIChpc0VuZCA+PSAwKSk=	YmluZGluZ3MuY3Bw	638	107374182638	PG9wZXJhdG9yPi5sb2dpY2FsT3I=
30064771623	107374182459	PG9wZXJhdG9yPi5ub3RFcXVhbHM=	PG9wZXJhdG9yPi5ub3RFcXVhbHM=	U1RBVElDX0RJU1BBVENI	QU5Z	bHRfICAhPSBOVUxM	YmluZGluZ3MuY3Bw	641	107374182593	PG9wZXJhdG9yPi5ub3RFcXVhbHM=
30064771625	107374182459	PG9wZXJhdG9yPi5ncmVhdGVyVGhhbg==	PG9wZXJhdG9yPi5ncmVhdGVyVGhhbg==	U1RBVElDX0RJU1BBVENI	QU5Z	bHRfLT5jb21wYXJlKGtleVN0cikgPiAw	YmluZGluZ3MuY3Bw	641	107374182588	PG9wZXJhdG9yPi5ncmVhdGVyVGhhbg==
30064771628	107374182459	PG9wZXJhdG9yPi5jb25kaXRpb25hbA==	PG9wZXJhdG9yPi5jb25kaXRpb25hbA==	U1RBVElDX0RJU1BBVENI	QU5Z	bHRlXyAhPSBOVUxMID8gKGx0ZV8tPmNvbXBhcmUoa2V5U3RyKSA+PSAwKQogICAgICAgICAgICAgICA6IHRydWU=	YmluZGluZ3MuY3Bw	642	107374182644	PG9wZXJhdG9yPi5jb25kaXRpb25hbA==
30064771636	107374182459	PG9wZXJhdG9yPi5pbmRpcmVjdEZpZWxkQWNjZXNz	PG9wZXJhdG9yPi5pbmRpcmVjdEZpZWxkQWNjZXNz	U1RBVElDX0RJU1BBVENI	QU5Z	dGhpcy0+Z3Rf	YmluZGluZ3MuY3Bw	644	107374182595	PG9wZXJhdG9yPi5pbmRpcmVjdEZpZWxkQWNjZXNz
30064771638	107374182459	Y29tcGFyZQ==	PHVucmVzb2x2ZWROYW1lc3BhY2U+LmNvbXBhcmU6PHVucmVzb2x2ZWRTaWduYXR1cmU+KDEp	U1RBVElDX0RJU1BBVENI	QU5Z	Z3RfLT5jb21wYXJlKGtleVN0cik=	YmluZGluZ3MuY3Bw	644	107374182640	PHVucmVzb2x2ZWROYW1lc3BhY2U+LmNvbXBhcmU6PHVucmVzb2x2ZWRTaWduYXR1cmU+KDEp
30064771641	107374182459	PG9wZXJhdG9yPi5ub3RFcXVhbHM=	PG9wZXJhdG9yPi5ub3RFcXVhbHM=	U1RBVElDX0RJU1BBVENI	QU5Z	Z3RlXyAhPSBOVUxM	YmluZGluZ3MuY3Bw	645	107374182593	PG9wZXJhdG9yPi5ub3RFcXVhbHM=
30064771643	107374182459	PG9wZXJhdG9yPi5sZXNzRXF1YWxzVGhhbg==	PG9wZXJhdG9yPi5sZXNzRXF1YWxzVGhhbg==	U1RBVElDX0RJU1BBVENI	QU5Z	Z3RlXy0+Y29tcGFyZShrZXlTdHIpIDw9IDA=	YmluZGluZ3MuY3Bw	645	107374182646	PG9wZXJhdG9yPi5sZXNzRXF1YWxzVGhhbg==
30064771647	107374182459	YXNzaWdu	PHVucmVzb2x2ZWROYW1lc3BhY2U+LmFzc2lnbjo8dW5yZXNvbHZlZFNpZ25hdHVyZT4oMik=	U1RBVElDX0RJU1BBVENI	QU5Z	a2V5LmFzc2lnbihkYkl0ZXJhdG9yXy0+a2V5KCkuZGF0YSgpLCBkYkl0ZXJhdG9yXy0+a2V5KCkuc2l6ZSgpKQ==	YmluZGluZ3MuY3Bw	649	107374182647	PHVucmVzb2x2ZWROYW1lc3BhY2U+LmFzc2lnbjo8dW5yZXNvbHZlZFNpZ25hdHVyZT4oMik=
30064771655	107374182459	YXNzaWdu	PHVucmVzb2x2ZWROYW1lc3BhY2U+LmFzc2lnbjo8dW5yZXNvbHZlZFNpZ25hdHVyZT4oMik=	U1RBVElDX0RJU1BBVENI	QU5Z	dmFsdWUuYXNzaWduKGRiSXRlcmF0b3JfLT52YWx1ZSgpLmRhdGEoKSwgZGJJdGVyYXRvcl8tPnZhbHVlKCkuc2l6ZSgpKQ==	YmluZGluZ3MuY3Bw	652	107374182647	PHVucmVzb2x2ZWROYW1lc3BhY2U+LmFzc2lnbjo8dW5yZXNvbHZlZFNpZ25hdHVyZT4oMik=
30064771605	107374182459	PG9wZXJhdG9yPi5sZXNzVGhhbg==	PG9wZXJhdG9yPi5sZXNzVGhhbg==	U1RBVElDX0RJU1BBVENI	QU5Z	bGltaXRfIDwgMA==	YmluZGluZ3MuY3Bw	637	107374182645	PG9wZXJhdG9yPi5sZXNzVGhhbg==
30064771607	107374182459	PG9wZXJhdG9yPi5sZXNzRXF1YWxzVGhhbg==	PG9wZXJhdG9yPi5sZXNzRXF1YWxzVGhhbg==	U1RBVElDX0RJU1BBVENI	QU5Z	Kytjb3VudF8gPD0gbGltaXRf	YmluZGluZ3MuY3Bw	637	107374182646	PG9wZXJhdG9yPi5sZXNzRXF1YWxzVGhhbg==
30064771612	107374182459	PG9wZXJhdG9yPi5sb2dpY2FsT3I=	PG9wZXJhdG9yPi5sb2dpY2FsT3I=	U1RBVElDX0RJU1BBVENI	QU5Z	ZW5kXyA9PSBOVUxMCiAgICAgICAgICAgICAgfHwgKHJldmVyc2VfICYmIChpc0VuZCA8PSAwKSk=	YmluZGluZ3MuY3Bw	638	107374182638	PG9wZXJhdG9yPi5sb2dpY2FsT3I=
30064771618	107374182459	PG9wZXJhdG9yPi5sb2dpY2FsQW5k	PG9wZXJhdG9yPi5sb2dpY2FsQW5k	U1RBVElDX0RJU1BBVENI	QU5Z	IXJldmVyc2VfICYmIChpc0VuZCA+PSAwKQ==	YmluZGluZ3MuY3Bw	640	107374182625	PG9wZXJhdG9yPi5sb2dpY2FsQW5k
30064771624	107374182459	PG9wZXJhdG9yPi5pbmRpcmVjdEZpZWxkQWNjZXNz	PG9wZXJhdG9yPi5pbmRpcmVjdEZpZWxkQWNjZXNz	U1RBVElDX0RJU1BBVENI	QU5Z	dGhpcy0+bHRf	YmluZGluZ3MuY3Bw	641	107374182595	PG9wZXJhdG9yPi5pbmRpcmVjdEZpZWxkQWNjZXNz
30064771626	107374182459	Y29tcGFyZQ==	PHVucmVzb2x2ZWROYW1lc3BhY2U+LmNvbXBhcmU6PHVucmVzb2x2ZWRTaWduYXR1cmU+KDEp	U1RBVElDX0RJU1BBVENI	QU5Z	bHRfLT5jb21wYXJlKGtleVN0cik=	YmluZGluZ3MuY3Bw	641	107374182640	PHVucmVzb2x2ZWROYW1lc3BhY2U+LmNvbXBhcmU6PHVucmVzb2x2ZWRTaWduYXR1cmU+KDEp
30064771629	107374182459	PG9wZXJhdG9yPi5ub3RFcXVhbHM=	PG9wZXJhdG9yPi5ub3RFcXVhbHM=	U1RBVElDX0RJU1BBVENI	QU5Z	bHRlXyAhPSBOVUxM	YmluZGluZ3MuY3Bw	642	107374182593	PG9wZXJhdG9yPi5ub3RFcXVhbHM=
30064771631	107374182459	PG9wZXJhdG9yPi5ncmVhdGVyRXF1YWxzVGhhbg==	PG9wZXJhdG9yPi5ncmVhdGVyRXF1YWxzVGhhbg==	U1RBVElDX0RJU1BBVENI	QU5Z	bHRlXy0+Y29tcGFyZShrZXlTdHIpID49IDA=	YmluZGluZ3MuY3Bw	642	107374182639	PG9wZXJhdG9yPi5ncmVhdGVyRXF1YWxzVGhhbg==
30064771639	107374182459	PG9wZXJhdG9yPi5pbmRpcmVjdEZpZWxkQWNjZXNz	PG9wZXJhdG9yPi5pbmRpcmVjdEZpZWxkQWNjZXNz	U1RBVElDX0RJU1BBVENI	QU5Z	dGhpcy0+Z3Rf	YmluZGluZ3MuY3Bw	644	107374182595	PG9wZXJhdG9yPi5pbmRpcmVjdEZpZWxkQWNjZXNz
30064771642	107374182459	PG9wZXJhdG9yPi5pbmRpcmVjdEZpZWxkQWNjZXNz	PG9wZXJhdG9yPi5pbmRpcmVjdEZpZWxkQWNjZXNz	U1RBVElDX0RJU1BBVENI	QU5Z	dGhpcy0+Z3RlXw==	YmluZGluZ3MuY3Bw	645	107374182595	PG9wZXJhdG9yPi5pbmRpcmVjdEZpZWxkQWNjZXNz
30064771644	107374182459	Y29tcGFyZQ==	PHVucmVzb2x2ZWROYW1lc3BhY2U+LmNvbXBhcmU6PHVucmVzb2x2ZWRTaWduYXR1cmU+KDEp	U1RBVElDX0RJU1BBVENI	QU5Z	Z3RlXy0+Y29tcGFyZShrZXlTdHIp	YmluZGluZ3MuY3Bw	645	107374182640	PHVucmVzb2x2ZWROYW1lc3BhY2U+LmNvbXBhcmU6PHVucmVzb2x2ZWRTaWduYXR1cmU+KDEp
30064771648	107374182459	ZGF0YQ==	PHVucmVzb2x2ZWROYW1lc3BhY2U+LmRhdGE6PHVucmVzb2x2ZWRTaWduYXR1cmU+KDAp	U1RBVElDX0RJU1BBVENI	QU5Z	ZGJJdGVyYXRvcl8tPmtleSgpLmRhdGEoKQ==	YmluZGluZ3MuY3Bw	649	107374182582	PHVucmVzb2x2ZWROYW1lc3BhY2U+LmRhdGE6PHVucmVzb2x2ZWRTaWduYXR1cmU+KDAp
30064771651	107374182459	c2l6ZQ==	PHVucmVzb2x2ZWROYW1lc3BhY2U+LnNpemU6PHVucmVzb2x2ZWRTaWduYXR1cmU+KDAp	U1RBVElDX0RJU1BBVENI	QU5Z	ZGJJdGVyYXRvcl8tPmtleSgpLnNpemUoKQ==	YmluZGluZ3MuY3Bw	649	107374182648	PHVucmVzb2x2ZWROYW1lc3BhY2U+LnNpemU6PHVucmVzb2x2ZWRTaWduYXR1cmU+KDAp
30064771656	107374182459	ZGF0YQ==	PHVucmVzb2x2ZWROYW1lc3BhY2U+LmRhdGE6PHVucmVzb2x2ZWRTaWduYXR1cmU+KDAp	U1RBVElDX0RJU1BBVENI	QU5Z	ZGJJdGVyYXRvcl8tPnZhbHVlKCkuZGF0YSgp	YmluZGluZ3MuY3Bw	652	107374182582	PHVucmVzb2x2ZWROYW1lc3BhY2U+LmRhdGE6PHVucmVzb2x2ZWRTaWduYXR1cmU+KDAp
30064771659	107374182459	c2l6ZQ==	PHVucmVzb2x2ZWROYW1lc3BhY2U+LnNpemU6PHVucmVzb2x2ZWRTaWduYXR1cmU+KDAp	U1RBVElDX0RJU1BBVENI	QU5Z	ZGJJdGVyYXRvcl8tPnZhbHVlKCkuc2l6ZSgp	YmluZGluZ3MuY3Bw	652	107374182648	PHVucmVzb2x2ZWROYW1lc3BhY2U+LnNpemU6PHVucmVzb2x2ZWRTaWduYXR1cmU+KDAp
30064771606	107374182459	PG9wZXJhdG9yPi5pbmRpcmVjdEZpZWxkQWNjZXNz	PG9wZXJhdG9yPi5pbmRpcmVjdEZpZWxkQWNjZXNz	U1RBVElDX0RJU1BBVENI	aW50	dGhpcy0+bGltaXRf	YmluZGluZ3MuY3Bw	637	107374182595	PG9wZXJhdG9yPi5pbmRpcmVjdEZpZWxkQWNjZXNz
30064771608	107374182459	PG9wZXJhdG9yPi5wcmVJbmNyZW1lbnQ=	PG9wZXJhdG9yPi5wcmVJbmNyZW1lbnQ=	U1RBVElDX0RJU1BBVENI	QU5Z	Kytjb3VudF8=	YmluZGluZ3MuY3Bw	637	107374182624	PG9wZXJhdG9yPi5wcmVJbmNyZW1lbnQ=
30064771610	107374182459	PG9wZXJhdG9yPi5pbmRpcmVjdEZpZWxkQWNjZXNz	PG9wZXJhdG9yPi5pbmRpcmVjdEZpZWxkQWNjZXNz	U1RBVElDX0RJU1BBVENI	aW50	dGhpcy0+bGltaXRf	YmluZGluZ3MuY3Bw	637	107374182595	PG9wZXJhdG9yPi5pbmRpcmVjdEZpZWxkQWNjZXNz
30064771613	107374182459	PG9wZXJhdG9yPi5lcXVhbHM=	PG9wZXJhdG9yPi5lcXVhbHM=	U1RBVElDX0RJU1BBVENI	QU5Z	ZW5kXyA9PSBOVUxM	YmluZGluZ3MuY3Bw	638	107374182559	PG9wZXJhdG9yPi5lcXVhbHM=
30064771615	107374182459	PG9wZXJhdG9yPi5sb2dpY2FsQW5k	PG9wZXJhdG9yPi5sb2dpY2FsQW5k	U1RBVElDX0RJU1BBVENI	QU5Z	cmV2ZXJzZV8gJiYgKGlzRW5kIDw9IDAp	YmluZGluZ3MuY3Bw	639	107374182625	PG9wZXJhdG9yPi5sb2dpY2FsQW5k
30064771619	107374182459	PG9wZXJhdG9yPi5sb2dpY2FsTm90	PG9wZXJhdG9yPi5sb2dpY2FsTm90	U1RBVElDX0RJU1BBVENI	QU5Z	IXJldmVyc2Vf	YmluZGluZ3MuY3Bw	640	107374182580	PG9wZXJhdG9yPi5sb2dpY2FsTm90
30064771621	107374182459	PG9wZXJhdG9yPi5ncmVhdGVyRXF1YWxzVGhhbg==	PG9wZXJhdG9yPi5ncmVhdGVyRXF1YWxzVGhhbg==	U1RBVElDX0RJU1BBVENI	QU5Z	aXNFbmQgPj0gMA==	YmluZGluZ3MuY3Bw	640	107374182639	PG9wZXJhdG9yPi5ncmVhdGVyRXF1YWxzVGhhbg==
30064771627	107374182459	PG9wZXJhdG9yPi5pbmRpcmVjdEZpZWxkQWNjZXNz	PG9wZXJhdG9yPi5pbmRpcmVjdEZpZWxkQWNjZXNz	U1RBVElDX0RJU1BBVENI	QU5Z	dGhpcy0+bHRf	YmluZGluZ3MuY3Bw	641	107374182595	PG9wZXJhdG9yPi5pbmRpcmVjdEZpZWxkQWNjZXNz
30064771630	107374182459	PG9wZXJhdG9yPi5pbmRpcmVjdEZpZWxkQWNjZXNz	PG9wZXJhdG9yPi5pbmRpcmVjdEZpZWxkQWNjZXNz	U1RBVElDX0RJU1BBVENI	QU5Z	dGhpcy0+bHRlXw==	YmluZGluZ3MuY3Bw	642	107374182595	PG9wZXJhdG9yPi5pbmRpcmVjdEZpZWxkQWNjZXNz
30064771632	107374182459	Y29tcGFyZQ==	PHVucmVzb2x2ZWROYW1lc3BhY2U+LmNvbXBhcmU6PHVucmVzb2x2ZWRTaWduYXR1cmU+KDEp	U1RBVElDX0RJU1BBVENI	QU5Z	bHRlXy0+Y29tcGFyZShrZXlTdHIp	YmluZGluZ3MuY3Bw	642	107374182640	PHVucmVzb2x2ZWROYW1lc3BhY2U+LmNvbXBhcmU6PHVucmVzb2x2ZWRTaWduYXR1cmU+KDEp
30064771645	107374182459	PG9wZXJhdG9yPi5pbmRpcmVjdEZpZWxkQWNjZXNz	PG9wZXJhdG9yPi5pbmRpcmVjdEZpZWxkQWNjZXNz	U1RBVElDX0RJU1BBVENI	QU5Z	dGhpcy0+Z3RlXw==	YmluZGluZ3MuY3Bw	645	107374182595	PG9wZXJhdG9yPi5pbmRpcmVjdEZpZWxkQWNjZXNz
30064771649	107374182459	a2V5	PHVucmVzb2x2ZWROYW1lc3BhY2U+LmtleTo8dW5yZXNvbHZlZFNpZ25hdHVyZT4oMCk=	U1RBVElDX0RJU1BBVENI	QU5Z	ZGJJdGVyYXRvcl8tPmtleSgp	YmluZGluZ3MuY3Bw	649	107374182637	PHVucmVzb2x2ZWROYW1lc3BhY2U+LmtleTo8dW5yZXNvbHZlZFNpZ25hdHVyZT4oMCk=
30064771652	107374182459	a2V5	PHVucmVzb2x2ZWROYW1lc3BhY2U+LmtleTo8dW5yZXNvbHZlZFNpZ25hdHVyZT4oMCk=	U1RBVElDX0RJU1BBVENI	QU5Z	ZGJJdGVyYXRvcl8tPmtleSgp	YmluZGluZ3MuY3Bw	649	107374182637	PHVucmVzb2x2ZWROYW1lc3BhY2U+LmtleTo8dW5yZXNvbHZlZFNpZ25hdHVyZT4oMCk=
30064771657	107374182459	dmFsdWU=	PHVucmVzb2x2ZWROYW1lc3BhY2U+LnZhbHVlOjx1bnJlc29sdmVkU2lnbmF0dXJlPigwKQ==	U1RBVElDX0RJU1BBVENI	QU5Z	ZGJJdGVyYXRvcl8tPnZhbHVlKCk=	YmluZGluZ3MuY3Bw	652	107374182649	PHVucmVzb2x2ZWROYW1lc3BhY2U+LnZhbHVlOjx1bnJlc29sdmVkU2lnbmF0dXJlPigwKQ==
30064771660	107374182459	dmFsdWU=	PHVucmVzb2x2ZWROYW1lc3BhY2U+LnZhbHVlOjx1bnJlc29sdmVkU2lnbmF0dXJlPigwKQ==	U1RBVElDX0RJU1BBVENI	QU5Z	ZGJJdGVyYXRvcl8tPnZhbHVlKCk=	YmluZGluZ3MuY3Bw	652	107374182649	PHVucmVzb2x2ZWROYW1lc3BhY2U+LnZhbHVlOjx1bnJlc29sdmVkU2lnbmF0dXJlPigwKQ==
30064771609	107374182459	PG9wZXJhdG9yPi5pbmRpcmVjdEZpZWxkQWNjZXNz	PG9wZXJhdG9yPi5pbmRpcmVjdEZpZWxkQWNjZXNz	U1RBVElDX0RJU1BBVENI	aW50	dGhpcy0+Y291bnRf	YmluZGluZ3MuY3Bw	637	107374182595	PG9wZXJhdG9yPi5pbmRpcmVjdEZpZWxkQWNjZXNz
30064771614	107374182459	PG9wZXJhdG9yPi5pbmRpcmVjdEZpZWxkQWNjZXNz	PG9wZXJhdG9yPi5pbmRpcmVjdEZpZWxkQWNjZXNz	U1RBVElDX0RJU1BBVENI	QU5Z	dGhpcy0+ZW5kXw==	YmluZGluZ3MuY3Bw	638	107374182595	PG9wZXJhdG9yPi5pbmRpcmVjdEZpZWxkQWNjZXNz
30064771616	107374182459	PG9wZXJhdG9yPi5pbmRpcmVjdEZpZWxkQWNjZXNz	PG9wZXJhdG9yPi5pbmRpcmVjdEZpZWxkQWNjZXNz	U1RBVElDX0RJU1BBVENI	Ym9vbA==	dGhpcy0+cmV2ZXJzZV8=	YmluZGluZ3MuY3Bw	639	107374182595	PG9wZXJhdG9yPi5pbmRpcmVjdEZpZWxkQWNjZXNz
30064771617	107374182459	PG9wZXJhdG9yPi5sZXNzRXF1YWxzVGhhbg==	PG9wZXJhdG9yPi5sZXNzRXF1YWxzVGhhbg==	U1RBVElDX0RJU1BBVENI	QU5Z	aXNFbmQgPD0gMA==	YmluZGluZ3MuY3Bw	639	107374182646	PG9wZXJhdG9yPi5sZXNzRXF1YWxzVGhhbg==
30064771620	107374182459	PG9wZXJhdG9yPi5pbmRpcmVjdEZpZWxkQWNjZXNz	PG9wZXJhdG9yPi5pbmRpcmVjdEZpZWxkQWNjZXNz	U1RBVElDX0RJU1BBVENI	Ym9vbA==	dGhpcy0+cmV2ZXJzZV8=	YmluZGluZ3MuY3Bw	640	107374182595	PG9wZXJhdG9yPi5pbmRpcmVjdEZpZWxkQWNjZXNz
30064771633	107374182459	PG9wZXJhdG9yPi5pbmRpcmVjdEZpZWxkQWNjZXNz	PG9wZXJhdG9yPi5pbmRpcmVjdEZpZWxkQWNjZXNz	U1RBVElDX0RJU1BBVENI	QU5Z	dGhpcy0+bHRlXw==	YmluZGluZ3MuY3Bw	642	107374182595	PG9wZXJhdG9yPi5pbmRpcmVjdEZpZWxkQWNjZXNz
30064771650	107374182459	PG9wZXJhdG9yPi5pbmRpcmVjdEZpZWxkQWNjZXNz	PG9wZXJhdG9yPi5pbmRpcmVjdEZpZWxkQWNjZXNz	U1RBVElDX0RJU1BBVENI	QU5Z	dGhpcy0+ZGJJdGVyYXRvcl8=	YmluZGluZ3MuY3Bw	649	107374182595	PG9wZXJhdG9yPi5pbmRpcmVjdEZpZWxkQWNjZXNz
30064771653	107374182459	PG9wZXJhdG9yPi5pbmRpcmVjdEZpZWxkQWNjZXNz	PG9wZXJhdG9yPi5pbmRpcmVjdEZpZWxkQWNjZXNz	U1RBVElDX0RJU1BBVENI	QU5Z	dGhpcy0+ZGJJdGVyYXRvcl8=	YmluZGluZ3MuY3Bw	649	107374182595	PG9wZXJhdG9yPi5pbmRpcmVjdEZpZWxkQWNjZXNz
30064771658	107374182459	PG9wZXJhdG9yPi5pbmRpcmVjdEZpZWxkQWNjZXNz	PG9wZXJhdG9yPi5pbmRpcmVjdEZpZWxkQWNjZXNz	U1RBVElDX0RJU1BBVENI	QU5Z	dGhpcy0+ZGJJdGVyYXRvcl8=	YmluZGluZ3MuY3Bw	652	107374182595	PG9wZXJhdG9yPi5pbmRpcmVjdEZpZWxkQWNjZXNz
30064771661	107374182459	PG9wZXJhdG9yPi5pbmRpcmVjdEZpZWxkQWNjZXNz	PG9wZXJhdG9yPi5pbmRpcmVjdEZpZWxkQWNjZXNz	U1RBVElDX0RJU1BBVENI	QU5Z	dGhpcy0+ZGJJdGVyYXRvcl8=	YmluZGluZ3MuY3Bw	652	107374182595	PG9wZXJhdG9yPi5pbmRpcmVjdEZpZWxkQWNjZXNz
30064771662	107374182460	PG9wZXJhdG9yPi5sb2dpY2FsT3I=	PG9wZXJhdG9yPi5sb2dpY2FsT3I=	U1RBVElDX0RJU1BBVENI	QU5Z	KGx0XyAhPSBOVUxMICYmIHRhcmdldC5jb21wYXJlKCpsdF8pID49IDApIHx8CiAgICAgICAgKGx0ZV8gIT0gTlVMTCAmJiB0YXJnZXQuY29tcGFyZSgqbHRlXykgPiAwKSB8fAogICAgICAgIChzdGFydF8gIT0gTlVMTCAmJiByZXZlcnNlXyAmJiB0YXJnZXQuY29tcGFyZSgqc3RhcnRfKSA+IDAp	YmluZGluZ3MuY3Bw	662	107374182638	PG9wZXJhdG9yPi5sb2dpY2FsT3I=
30064771687	107374182460	PG9wZXJhdG9yPi5ub3RFcXVhbHM=	PG9wZXJhdG9yPi5ub3RFcXVhbHM=	U1RBVElDX0RJU1BBVENI	QU5Z	ZW5kXyAhPSBOVUxM	YmluZGluZ3MuY3Bw	668	107374182593	PG9wZXJhdG9yPi5ub3RFcXVhbHM=
30064771697	107374182460	PG9wZXJhdG9yPi5sb2dpY2FsT3I=	PG9wZXJhdG9yPi5sb2dpY2FsT3I=	U1RBVElDX0RJU1BBVENI	QU5Z	KGd0XyAhPSBOVUxMICYmIHRhcmdldC5jb21wYXJlKCpndF8pIDw9IDApIHx8CiAgICAgICAgICAgIChndGVfICE9IE5VTEwgJiYgdGFyZ2V0LmNvbXBhcmUoKmd0ZV8pIDwgMCkgfHwKICAgICAgICAgICAgKHN0YXJ0XyAhPSBOVUxMICYmICFyZXZlcnNlXyAmJiB0YXJnZXQuY29tcGFyZSgqc3RhcnRfKSA8IDAp	YmluZGluZ3MuY3Bw	673	107374182638	PG9wZXJhdG9yPi5sb2dpY2FsT3I=
30064771663	107374182460	PG9wZXJhdG9yPi5sb2dpY2FsT3I=	PG9wZXJhdG9yPi5sb2dpY2FsT3I=	U1RBVElDX0RJU1BBVENI	QU5Z	KGx0XyAhPSBOVUxMICYmIHRhcmdldC5jb21wYXJlKCpsdF8pID49IDApIHx8CiAgICAgICAgKGx0ZV8gIT0gTlVMTCAmJiB0YXJnZXQuY29tcGFyZSgqbHRlXykgPiAwKQ==	YmluZGluZ3MuY3Bw	662	107374182638	PG9wZXJhdG9yPi5sb2dpY2FsT3I=
30064771678	107374182460	PG9wZXJhdG9yPi5sb2dpY2FsQW5k	PG9wZXJhdG9yPi5sb2dpY2FsQW5k	U1RBVElDX0RJU1BBVENI	QU5Z	c3RhcnRfICE9IE5VTEwgJiYgcmV2ZXJzZV8gJiYgdGFyZ2V0LmNvbXBhcmUoKnN0YXJ0XykgPiAw	YmluZGluZ3MuY3Bw	664	107374182625	PG9wZXJhdG9yPi5sb2dpY2FsQW5k
30064771688	107374182460	PG9wZXJhdG9yPi5pbmRpcmVjdEZpZWxkQWNjZXNz	PG9wZXJhdG9yPi5pbmRpcmVjdEZpZWxkQWNjZXNz	U1RBVElDX0RJU1BBVENI	QU5Z	dGhpcy0+ZW5kXw==	YmluZGluZ3MuY3Bw	668	107374182595	PG9wZXJhdG9yPi5pbmRpcmVjdEZpZWxkQWNjZXNz
30064771689	107374182460	PG9wZXJhdG9yPi5hc3NpZ25tZW50	PG9wZXJhdG9yPi5hc3NpZ25tZW50	U1RBVElDX0RJU1BBVENI	dm9pZA==	ZCA9IHRhcmdldC5jb21wYXJlKCplbmRfKQ==	YmluZGluZ3MuY3Bw	669	107374182564	PG9wZXJhdG9yPi5hc3NpZ25tZW50
30064771698	107374182460	PG9wZXJhdG9yPi5sb2dpY2FsT3I=	PG9wZXJhdG9yPi5sb2dpY2FsT3I=	U1RBVElDX0RJU1BBVENI	QU5Z	KGd0XyAhPSBOVUxMICYmIHRhcmdldC5jb21wYXJlKCpndF8pIDw9IDApIHx8CiAgICAgICAgICAgIChndGVfICE9IE5VTEwgJiYgdGFyZ2V0LmNvbXBhcmUoKmd0ZV8pIDwgMCk=	YmluZGluZ3MuY3Bw	673	107374182638	PG9wZXJhdG9yPi5sb2dpY2FsT3I=
30064771713	107374182460	PG9wZXJhdG9yPi5sb2dpY2FsQW5k	PG9wZXJhdG9yPi5sb2dpY2FsQW5k	U1RBVElDX0RJU1BBVENI	QU5Z	c3RhcnRfICE9IE5VTEwgJiYgIXJldmVyc2VfICYmIHRhcmdldC5jb21wYXJlKCpzdGFydF8pIDwgMA==	YmluZGluZ3MuY3Bw	675	107374182625	PG9wZXJhdG9yPi5sb2dpY2FsQW5k
30064771664	107374182460	PG9wZXJhdG9yPi5sb2dpY2FsQW5k	PG9wZXJhdG9yPi5sb2dpY2FsQW5k	U1RBVElDX0RJU1BBVENI	QU5Z	bHRfICE9IE5VTEwgJiYgdGFyZ2V0LmNvbXBhcmUoKmx0XykgPj0gMA==	YmluZGluZ3MuY3Bw	662	107374182625	PG9wZXJhdG9yPi5sb2dpY2FsQW5k
30064771671	107374182460	PG9wZXJhdG9yPi5sb2dpY2FsQW5k	PG9wZXJhdG9yPi5sb2dpY2FsQW5k	U1RBVElDX0RJU1BBVENI	QU5Z	bHRlXyAhPSBOVUxMICYmIHRhcmdldC5jb21wYXJlKCpsdGVfKSA+IDA=	YmluZGluZ3MuY3Bw	663	107374182625	PG9wZXJhdG9yPi5sb2dpY2FsQW5k
30064771679	107374182460	PG9wZXJhdG9yPi5sb2dpY2FsQW5k	PG9wZXJhdG9yPi5sb2dpY2FsQW5k	U1RBVElDX0RJU1BBVENI	QU5Z	c3RhcnRfICE9IE5VTEwgJiYgcmV2ZXJzZV8=	YmluZGluZ3MuY3Bw	664	107374182625	PG9wZXJhdG9yPi5sb2dpY2FsQW5k
30064771683	107374182460	PG9wZXJhdG9yPi5ncmVhdGVyVGhhbg==	PG9wZXJhdG9yPi5ncmVhdGVyVGhhbg==	U1RBVElDX0RJU1BBVENI	QU5Z	dGFyZ2V0LmNvbXBhcmUoKnN0YXJ0XykgPiAw	YmluZGluZ3MuY3Bw	664	107374182588	PG9wZXJhdG9yPi5ncmVhdGVyVGhhbg==
30064771690	107374182460	Y29tcGFyZQ==	PHVucmVzb2x2ZWROYW1lc3BhY2U+LmNvbXBhcmU6PHVucmVzb2x2ZWRTaWduYXR1cmU+KDEp	U1RBVElDX0RJU1BBVENI	QU5Z	dGFyZ2V0LmNvbXBhcmUoKmVuZF8p	YmluZGluZ3MuY3Bw	669	107374182640	PHVucmVzb2x2ZWROYW1lc3BhY2U+LmNvbXBhcmU6PHVucmVzb2x2ZWRTaWduYXR1cmU+KDEp
30064771693	107374182460	PG9wZXJhdG9yPi5jb25kaXRpb25hbA==	PG9wZXJhdG9yPi5jb25kaXRpb25hbA==	U1RBVElDX0RJU1BBVENI	QU5Z	cmV2ZXJzZV8gPyBkIDwgMCA6IGQgPiAw	YmluZGluZ3MuY3Bw	670	107374182644	PG9wZXJhdG9yPi5jb25kaXRpb25hbA==
30064771699	107374182460	PG9wZXJhdG9yPi5sb2dpY2FsQW5k	PG9wZXJhdG9yPi5sb2dpY2FsQW5k	U1RBVElDX0RJU1BBVENI	QU5Z	Z3RfICE9IE5VTEwgJiYgdGFyZ2V0LmNvbXBhcmUoKmd0XykgPD0gMA==	YmluZGluZ3MuY3Bw	673	107374182625	PG9wZXJhdG9yPi5sb2dpY2FsQW5k
30064771706	107374182460	PG9wZXJhdG9yPi5sb2dpY2FsQW5k	PG9wZXJhdG9yPi5sb2dpY2FsQW5k	U1RBVElDX0RJU1BBVENI	QU5Z	Z3RlXyAhPSBOVUxMICYmIHRhcmdldC5jb21wYXJlKCpndGVfKSA8IDA=	YmluZGluZ3MuY3Bw	674	107374182625	PG9wZXJhdG9yPi5sb2dpY2FsQW5k
30064771714	107374182460	PG9wZXJhdG9yPi5sb2dpY2FsQW5k	PG9wZXJhdG9yPi5sb2dpY2FsQW5k	U1RBVElDX0RJU1BBVENI	QU5Z	c3RhcnRfICE9IE5VTEwgJiYgIXJldmVyc2Vf	YmluZGluZ3MuY3Bw	675	107374182625	PG9wZXJhdG9yPi5sb2dpY2FsQW5k
30064771719	107374182460	PG9wZXJhdG9yPi5sZXNzVGhhbg==	PG9wZXJhdG9yPi5sZXNzVGhhbg==	U1RBVElDX0RJU1BBVENI	QU5Z	dGFyZ2V0LmNvbXBhcmUoKnN0YXJ0XykgPCAw	YmluZGluZ3MuY3Bw	675	107374182645	PG9wZXJhdG9yPi5sZXNzVGhhbg==
30064771665	107374182460	PG9wZXJhdG9yPi5ub3RFcXVhbHM=	PG9wZXJhdG9yPi5ub3RFcXVhbHM=	U1RBVElDX0RJU1BBVENI	QU5Z	bHRfICE9IE5VTEw=	YmluZGluZ3MuY3Bw	662	107374182593	PG9wZXJhdG9yPi5ub3RFcXVhbHM=
30064771667	107374182460	PG9wZXJhdG9yPi5ncmVhdGVyRXF1YWxzVGhhbg==	PG9wZXJhdG9yPi5ncmVhdGVyRXF1YWxzVGhhbg==	U1RBVElDX0RJU1BBVENI	QU5Z	dGFyZ2V0LmNvbXBhcmUoKmx0XykgPj0gMA==	YmluZGluZ3MuY3Bw	662	107374182639	PG9wZXJhdG9yPi5ncmVhdGVyRXF1YWxzVGhhbg==
30064771672	107374182460	PG9wZXJhdG9yPi5ub3RFcXVhbHM=	PG9wZXJhdG9yPi5ub3RFcXVhbHM=	U1RBVElDX0RJU1BBVENI	QU5Z	bHRlXyAhPSBOVUxM	YmluZGluZ3MuY3Bw	663	107374182593	PG9wZXJhdG9yPi5ub3RFcXVhbHM=
30064771674	107374182460	PG9wZXJhdG9yPi5ncmVhdGVyVGhhbg==	PG9wZXJhdG9yPi5ncmVhdGVyVGhhbg==	U1RBVElDX0RJU1BBVENI	QU5Z	dGFyZ2V0LmNvbXBhcmUoKmx0ZV8pID4gMA==	YmluZGluZ3MuY3Bw	663	107374182588	PG9wZXJhdG9yPi5ncmVhdGVyVGhhbg==
30064771680	107374182460	PG9wZXJhdG9yPi5ub3RFcXVhbHM=	PG9wZXJhdG9yPi5ub3RFcXVhbHM=	U1RBVElDX0RJU1BBVENI	QU5Z	c3RhcnRfICE9IE5VTEw=	YmluZGluZ3MuY3Bw	664	107374182593	PG9wZXJhdG9yPi5ub3RFcXVhbHM=
30064771682	107374182460	PG9wZXJhdG9yPi5pbmRpcmVjdEZpZWxkQWNjZXNz	PG9wZXJhdG9yPi5pbmRpcmVjdEZpZWxkQWNjZXNz	U1RBVElDX0RJU1BBVENI	Ym9vbA==	dGhpcy0+cmV2ZXJzZV8=	YmluZGluZ3MuY3Bw	664	107374182595	PG9wZXJhdG9yPi5pbmRpcmVjdEZpZWxkQWNjZXNz
30064771684	107374182460	Y29tcGFyZQ==	PHVucmVzb2x2ZWROYW1lc3BhY2U+LmNvbXBhcmU6PHVucmVzb2x2ZWRTaWduYXR1cmU+KDEp	U1RBVElDX0RJU1BBVENI	QU5Z	dGFyZ2V0LmNvbXBhcmUoKnN0YXJ0Xyk=	YmluZGluZ3MuY3Bw	664	107374182640	PHVucmVzb2x2ZWROYW1lc3BhY2U+LmNvbXBhcmU6PHVucmVzb2x2ZWRTaWduYXR1cmU+KDEp
30064771691	107374182460	PG9wZXJhdG9yPi5pbmRpcmVjdGlvbg==	PG9wZXJhdG9yPi5pbmRpcmVjdGlvbg==	U1RBVElDX0RJU1BBVENI	QU5Z	KmVuZF8=	YmluZGluZ3MuY3Bw	669	107374182621	PG9wZXJhdG9yPi5pbmRpcmVjdGlvbg==
30064771694	107374182460	PG9wZXJhdG9yPi5pbmRpcmVjdEZpZWxkQWNjZXNz	PG9wZXJhdG9yPi5pbmRpcmVjdEZpZWxkQWNjZXNz	U1RBVElDX0RJU1BBVENI	Ym9vbA==	dGhpcy0+cmV2ZXJzZV8=	YmluZGluZ3MuY3Bw	670	107374182595	PG9wZXJhdG9yPi5pbmRpcmVjdEZpZWxkQWNjZXNz
30064771695	107374182460	PG9wZXJhdG9yPi5sZXNzVGhhbg==	PG9wZXJhdG9yPi5sZXNzVGhhbg==	U1RBVElDX0RJU1BBVENI	QU5Z	ZCA8IDA=	YmluZGluZ3MuY3Bw	670	107374182645	PG9wZXJhdG9yPi5sZXNzVGhhbg==
30064771696	107374182460	PG9wZXJhdG9yPi5ncmVhdGVyVGhhbg==	PG9wZXJhdG9yPi5ncmVhdGVyVGhhbg==	U1RBVElDX0RJU1BBVENI	QU5Z	ZCA+IDA=	YmluZGluZ3MuY3Bw	670	107374182588	PG9wZXJhdG9yPi5ncmVhdGVyVGhhbg==
30064771700	107374182460	PG9wZXJhdG9yPi5ub3RFcXVhbHM=	PG9wZXJhdG9yPi5ub3RFcXVhbHM=	U1RBVElDX0RJU1BBVENI	QU5Z	Z3RfICE9IE5VTEw=	YmluZGluZ3MuY3Bw	673	107374182593	PG9wZXJhdG9yPi5ub3RFcXVhbHM=
30064771702	107374182460	PG9wZXJhdG9yPi5sZXNzRXF1YWxzVGhhbg==	PG9wZXJhdG9yPi5sZXNzRXF1YWxzVGhhbg==	U1RBVElDX0RJU1BBVENI	QU5Z	dGFyZ2V0LmNvbXBhcmUoKmd0XykgPD0gMA==	YmluZGluZ3MuY3Bw	673	107374182646	PG9wZXJhdG9yPi5sZXNzRXF1YWxzVGhhbg==
30064771707	107374182460	PG9wZXJhdG9yPi5ub3RFcXVhbHM=	PG9wZXJhdG9yPi5ub3RFcXVhbHM=	U1RBVElDX0RJU1BBVENI	QU5Z	Z3RlXyAhPSBOVUxM	YmluZGluZ3MuY3Bw	674	107374182593	PG9wZXJhdG9yPi5ub3RFcXVhbHM=
30064771709	107374182460	PG9wZXJhdG9yPi5sZXNzVGhhbg==	PG9wZXJhdG9yPi5sZXNzVGhhbg==	U1RBVElDX0RJU1BBVENI	QU5Z	dGFyZ2V0LmNvbXBhcmUoKmd0ZV8pIDwgMA==	YmluZGluZ3MuY3Bw	674	107374182645	PG9wZXJhdG9yPi5sZXNzVGhhbg==
30064771715	107374182460	PG9wZXJhdG9yPi5ub3RFcXVhbHM=	PG9wZXJhdG9yPi5ub3RFcXVhbHM=	U1RBVElDX0RJU1BBVENI	QU5Z	c3RhcnRfICE9IE5VTEw=	YmluZGluZ3MuY3Bw	675	107374182593	PG9wZXJhdG9yPi5ub3RFcXVhbHM=
30064771717	107374182460	PG9wZXJhdG9yPi5sb2dpY2FsTm90	PG9wZXJhdG9yPi5sb2dpY2FsTm90	U1RBVElDX0RJU1BBVENI	QU5Z	IXJldmVyc2Vf	YmluZGluZ3MuY3Bw	675	107374182580	PG9wZXJhdG9yPi5sb2dpY2FsTm90
30064771720	107374182460	Y29tcGFyZQ==	PHVucmVzb2x2ZWROYW1lc3BhY2U+LmNvbXBhcmU6PHVucmVzb2x2ZWRTaWduYXR1cmU+KDEp	U1RBVElDX0RJU1BBVENI	QU5Z	dGFyZ2V0LmNvbXBhcmUoKnN0YXJ0Xyk=	YmluZGluZ3MuY3Bw	675	107374182640	PHVucmVzb2x2ZWROYW1lc3BhY2U+LmNvbXBhcmU6PHVucmVzb2x2ZWRTaWduYXR1cmU+KDEp
30064771666	107374182460	PG9wZXJhdG9yPi5pbmRpcmVjdEZpZWxkQWNjZXNz	PG9wZXJhdG9yPi5pbmRpcmVjdEZpZWxkQWNjZXNz	U1RBVElDX0RJU1BBVENI	QU5Z	dGhpcy0+bHRf	YmluZGluZ3MuY3Bw	662	107374182595	PG9wZXJhdG9yPi5pbmRpcmVjdEZpZWxkQWNjZXNz
30064771668	107374182460	Y29tcGFyZQ==	PHVucmVzb2x2ZWROYW1lc3BhY2U+LmNvbXBhcmU6PHVucmVzb2x2ZWRTaWduYXR1cmU+KDEp	U1RBVElDX0RJU1BBVENI	QU5Z	dGFyZ2V0LmNvbXBhcmUoKmx0Xyk=	YmluZGluZ3MuY3Bw	662	107374182640	PHVucmVzb2x2ZWROYW1lc3BhY2U+LmNvbXBhcmU6PHVucmVzb2x2ZWRTaWduYXR1cmU+KDEp
30064771673	107374182460	PG9wZXJhdG9yPi5pbmRpcmVjdEZpZWxkQWNjZXNz	PG9wZXJhdG9yPi5pbmRpcmVjdEZpZWxkQWNjZXNz	U1RBVElDX0RJU1BBVENI	QU5Z	dGhpcy0+bHRlXw==	YmluZGluZ3MuY3Bw	663	107374182595	PG9wZXJhdG9yPi5pbmRpcmVjdEZpZWxkQWNjZXNz
30064771675	107374182460	Y29tcGFyZQ==	PHVucmVzb2x2ZWROYW1lc3BhY2U+LmNvbXBhcmU6PHVucmVzb2x2ZWRTaWduYXR1cmU+KDEp	U1RBVElDX0RJU1BBVENI	QU5Z	dGFyZ2V0LmNvbXBhcmUoKmx0ZV8p	YmluZGluZ3MuY3Bw	663	107374182640	PHVucmVzb2x2ZWROYW1lc3BhY2U+LmNvbXBhcmU6PHVucmVzb2x2ZWRTaWduYXR1cmU+KDEp
30064771681	107374182460	PG9wZXJhdG9yPi5pbmRpcmVjdEZpZWxkQWNjZXNz	PG9wZXJhdG9yPi5pbmRpcmVjdEZpZWxkQWNjZXNz	U1RBVElDX0RJU1BBVENI	QU5Z	dGhpcy0+c3RhcnRf	YmluZGluZ3MuY3Bw	664	107374182595	PG9wZXJhdG9yPi5pbmRpcmVjdEZpZWxkQWNjZXNz
30064771685	107374182460	PG9wZXJhdG9yPi5pbmRpcmVjdGlvbg==	PG9wZXJhdG9yPi5pbmRpcmVjdGlvbg==	U1RBVElDX0RJU1BBVENI	QU5Z	KnN0YXJ0Xw==	YmluZGluZ3MuY3Bw	664	107374182621	PG9wZXJhdG9yPi5pbmRpcmVjdGlvbg==
30064771692	107374182460	PG9wZXJhdG9yPi5pbmRpcmVjdEZpZWxkQWNjZXNz	PG9wZXJhdG9yPi5pbmRpcmVjdEZpZWxkQWNjZXNz	U1RBVElDX0RJU1BBVENI	QU5Z	dGhpcy0+ZW5kXw==	YmluZGluZ3MuY3Bw	669	107374182595	PG9wZXJhdG9yPi5pbmRpcmVjdEZpZWxkQWNjZXNz
30064771701	107374182460	PG9wZXJhdG9yPi5pbmRpcmVjdEZpZWxkQWNjZXNz	PG9wZXJhdG9yPi5pbmRpcmVjdEZpZWxkQWNjZXNz	U1RBVElDX0RJU1BBVENI	QU5Z	dGhpcy0+Z3Rf	YmluZGluZ3MuY3Bw	673	107374182595	PG9wZXJhdG9yPi5pbmRpcmVjdEZpZWxkQWNjZXNz
30064771703	107374182460	Y29tcGFyZQ==	PHVucmVzb2x2ZWROYW1lc3BhY2U+LmNvbXBhcmU6PHVucmVzb2x2ZWRTaWduYXR1cmU+KDEp	U1RBVElDX0RJU1BBVENI	QU5Z	dGFyZ2V0LmNvbXBhcmUoKmd0Xyk=	YmluZGluZ3MuY3Bw	673	107374182640	PHVucmVzb2x2ZWROYW1lc3BhY2U+LmNvbXBhcmU6PHVucmVzb2x2ZWRTaWduYXR1cmU+KDEp
30064771708	107374182460	PG9wZXJhdG9yPi5pbmRpcmVjdEZpZWxkQWNjZXNz	PG9wZXJhdG9yPi5pbmRpcmVjdEZpZWxkQWNjZXNz	U1RBVElDX0RJU1BBVENI	QU5Z	dGhpcy0+Z3RlXw==	YmluZGluZ3MuY3Bw	674	107374182595	PG9wZXJhdG9yPi5pbmRpcmVjdEZpZWxkQWNjZXNz
30064771710	107374182460	Y29tcGFyZQ==	PHVucmVzb2x2ZWROYW1lc3BhY2U+LmNvbXBhcmU6PHVucmVzb2x2ZWRTaWduYXR1cmU+KDEp	U1RBVElDX0RJU1BBVENI	QU5Z	dGFyZ2V0LmNvbXBhcmUoKmd0ZV8p	YmluZGluZ3MuY3Bw	674	107374182640	PHVucmVzb2x2ZWROYW1lc3BhY2U+LmNvbXBhcmU6PHVucmVzb2x2ZWRTaWduYXR1cmU+KDEp
30064771716	107374182460	PG9wZXJhdG9yPi5pbmRpcmVjdEZpZWxkQWNjZXNz	PG9wZXJhdG9yPi5pbmRpcmVjdEZpZWxkQWNjZXNz	U1RBVElDX0RJU1BBVENI	QU5Z	dGhpcy0+c3RhcnRf	YmluZGluZ3MuY3Bw	675	107374182595	PG9wZXJhdG9yPi5pbmRpcmVjdEZpZWxkQWNjZXNz
30064771718	107374182460	PG9wZXJhdG9yPi5pbmRpcmVjdEZpZWxkQWNjZXNz	PG9wZXJhdG9yPi5pbmRpcmVjdEZpZWxkQWNjZXNz	U1RBVElDX0RJU1BBVENI	Ym9vbA==	dGhpcy0+cmV2ZXJzZV8=	YmluZGluZ3MuY3Bw	675	107374182595	PG9wZXJhdG9yPi5pbmRpcmVjdEZpZWxkQWNjZXNz
30064771721	107374182460	PG9wZXJhdG9yPi5pbmRpcmVjdGlvbg==	PG9wZXJhdG9yPi5pbmRpcmVjdGlvbg==	U1RBVElDX0RJU1BBVENI	QU5Z	KnN0YXJ0Xw==	YmluZGluZ3MuY3Bw	675	107374182621	PG9wZXJhdG9yPi5pbmRpcmVjdGlvbg==
30064771669	107374182460	PG9wZXJhdG9yPi5pbmRpcmVjdGlvbg==	PG9wZXJhdG9yPi5pbmRpcmVjdGlvbg==	U1RBVElDX0RJU1BBVENI	QU5Z	Kmx0Xw==	YmluZGluZ3MuY3Bw	662	107374182621	PG9wZXJhdG9yPi5pbmRpcmVjdGlvbg==
30064771676	107374182460	PG9wZXJhdG9yPi5pbmRpcmVjdGlvbg==	PG9wZXJhdG9yPi5pbmRpcmVjdGlvbg==	U1RBVElDX0RJU1BBVENI	QU5Z	Kmx0ZV8=	YmluZGluZ3MuY3Bw	663	107374182621	PG9wZXJhdG9yPi5pbmRpcmVjdGlvbg==
30064771686	107374182460	PG9wZXJhdG9yPi5pbmRpcmVjdEZpZWxkQWNjZXNz	PG9wZXJhdG9yPi5pbmRpcmVjdEZpZWxkQWNjZXNz	U1RBVElDX0RJU1BBVENI	QU5Z	dGhpcy0+c3RhcnRf	YmluZGluZ3MuY3Bw	664	107374182595	PG9wZXJhdG9yPi5pbmRpcmVjdEZpZWxkQWNjZXNz
30064771704	107374182460	PG9wZXJhdG9yPi5pbmRpcmVjdGlvbg==	PG9wZXJhdG9yPi5pbmRpcmVjdGlvbg==	U1RBVElDX0RJU1BBVENI	QU5Z	Kmd0Xw==	YmluZGluZ3MuY3Bw	673	107374182621	PG9wZXJhdG9yPi5pbmRpcmVjdGlvbg==
30064771711	107374182460	PG9wZXJhdG9yPi5pbmRpcmVjdGlvbg==	PG9wZXJhdG9yPi5pbmRpcmVjdGlvbg==	U1RBVElDX0RJU1BBVENI	QU5Z	Kmd0ZV8=	YmluZGluZ3MuY3Bw	674	107374182621	PG9wZXJhdG9yPi5pbmRpcmVjdGlvbg==
30064771722	107374182460	PG9wZXJhdG9yPi5pbmRpcmVjdEZpZWxkQWNjZXNz	PG9wZXJhdG9yPi5pbmRpcmVjdEZpZWxkQWNjZXNz	U1RBVElDX0RJU1BBVENI	QU5Z	dGhpcy0+c3RhcnRf	YmluZGluZ3MuY3Bw	675	107374182595	PG9wZXJhdG9yPi5pbmRpcmVjdEZpZWxkQWNjZXNz
30064771670	107374182460	PG9wZXJhdG9yPi5pbmRpcmVjdEZpZWxkQWNjZXNz	PG9wZXJhdG9yPi5pbmRpcmVjdEZpZWxkQWNjZXNz	U1RBVElDX0RJU1BBVENI	QU5Z	dGhpcy0+bHRf	YmluZGluZ3MuY3Bw	662	107374182595	PG9wZXJhdG9yPi5pbmRpcmVjdEZpZWxkQWNjZXNz
30064771677	107374182460	PG9wZXJhdG9yPi5pbmRpcmVjdEZpZWxkQWNjZXNz	PG9wZXJhdG9yPi5pbmRpcmVjdEZpZWxkQWNjZXNz	U1RBVElDX0RJU1BBVENI	QU5Z	dGhpcy0+bHRlXw==	YmluZGluZ3MuY3Bw	663	107374182595	PG9wZXJhdG9yPi5pbmRpcmVjdEZpZWxkQWNjZXNz
30064771705	107374182460	PG9wZXJhdG9yPi5pbmRpcmVjdEZpZWxkQWNjZXNz	PG9wZXJhdG9yPi5pbmRpcmVjdEZpZWxkQWNjZXNz	U1RBVElDX0RJU1BBVENI	QU5Z	dGhpcy0+Z3Rf	YmluZGluZ3MuY3Bw	673	107374182595	PG9wZXJhdG9yPi5pbmRpcmVjdEZpZWxkQWNjZXNz
30064771712	107374182460	PG9wZXJhdG9yPi5pbmRpcmVjdEZpZWxkQWNjZXNz	PG9wZXJhdG9yPi5pbmRpcmVjdEZpZWxkQWNjZXNz	U1RBVElDX0RJU1BBVENI	QU5Z	dGhpcy0+Z3RlXw==	YmluZGluZ3MuY3Bw	674	107374182595	PG9wZXJhdG9yPi5pbmRpcmVjdEZpZWxkQWNjZXNz
30064771723	107374182461	PG9wZXJhdG9yPi5hc3NpZ25tZW50	PG9wZXJhdG9yPi5hc3NpZ25tZW50	U1RBVElDX0RJU1BBVENI	dm9pZA==	c2l6ZSA9IDA=	YmluZGluZ3MuY3Bw	679	107374182564	PG9wZXJhdG9yPi5hc3NpZ25tZW50
30064771724	107374182461	PG9wZXJhdG9yPi5hc3NpZ25tZW50	PG9wZXJhdG9yPi5hc3NpZ25tZW50	U1RBVElDX0RJU1BBVENI	dm9pZA==	Y2FjaGVTaXplID0gMA==	YmluZGluZ3MuY3Bw	680	107374182564	PG9wZXJhdG9yPi5hc3NpZ25tZW50
30064771725	107374182461	PG9wZXJhdG9yPi5hc3NpZ25tZW50	PG9wZXJhdG9yPi5hc3NpZ25tZW50	U1RBVElDX0RJU1BBVENI	dm9pZA==	b2sgPSBSZWFkKGtleSwgdmFsdWUp	YmluZGluZ3MuY3Bw	684	107374182564	PG9wZXJhdG9yPi5hc3NpZ25tZW50
30064771726	107374182461	UmVhZA==	SXRlcmF0b3IuUmVhZDpib29sKEFOWSxBTlkp	U1RBVElDX0RJU1BBVENI	Ym9vbA==	UmVhZChrZXksIHZhbHVlKQ==	YmluZGluZ3MuY3Bw	684	107374182650	SXRlcmF0b3IuUmVhZDpib29sKEFOWSxBTlkp
30064771727	107374182461	PG9wZXJhdG9yPi5ub3RFcXVhbHM=	PG9wZXJhdG9yPi5ub3RFcXVhbHM=	U1RBVElDX0RJU1BBVENI	aW50	b2sgIT0gMA==	YmluZGluZ3MuY3Bw	686	107374182593	PG9wZXJhdG9yPi5ub3RFcXVhbHM=
30064771728	107374182461	cHVzaF9iYWNr	PHVucmVzb2x2ZWROYW1lc3BhY2U+LnB1c2hfYmFjazo8dW5yZXNvbHZlZFNpZ25hdHVyZT4oMSk=	U1RBVElDX0RJU1BBVENI	QU5Z	cmVzdWx0LnB1c2hfYmFjayhzdGQ6Om1ha2VfcGFpcihrZXksIHZhbHVlKSk=	YmluZGluZ3MuY3Bw	687	107374182651	PHVucmVzb2x2ZWROYW1lc3BhY2U+LnB1c2hfYmFjazo8dW5yZXNvbHZlZFNpZ25hdHVyZT4oMSk=
30064771734	107374182461	PG9wZXJhdG9yPi5hc3NpZ25tZW50	PG9wZXJhdG9yPi5hc3NpZ25tZW50	U1RBVElDX0RJU1BBVENI	QU5Z	c2l6ZSA9IHNpemUgKyBrZXkuc2l6ZSgpICsgdmFsdWUuc2l6ZSgp	YmluZGluZ3MuY3Bw	694	107374182564	PG9wZXJhdG9yPi5hc3NpZ25tZW50
30064771729	107374182461	bWFrZV9wYWly	PHVucmVzb2x2ZWROYW1lc3BhY2U+Lm1ha2VfcGFpcjo8dW5yZXNvbHZlZFNpZ25hdHVyZT4oMik=	U1RBVElDX0RJU1BBVENI	QU5Z	c3RkOjptYWtlX3BhaXIoa2V5LCB2YWx1ZSk=	YmluZGluZ3MuY3Bw	687	107374182652	PHVucmVzb2x2ZWROYW1lc3BhY2U+Lm1ha2VfcGFpcjo8dW5yZXNvbHZlZFNpZ25hdHVyZT4oMik=
30064771730	107374182461	PG9wZXJhdG9yPi5sb2dpY2FsTm90	PG9wZXJhdG9yPi5sb2dpY2FsTm90	U1RBVElDX0RJU1BBVENI	QU5Z	IWxhbmRlZF8=	YmluZGluZ3MuY3Bw	689	107374182580	PG9wZXJhdG9yPi5sb2dpY2FsTm90
30064771735	107374182461	PG9wZXJhdG9yPi5hZGRpdGlvbg==	PG9wZXJhdG9yPi5hZGRpdGlvbg==	U1RBVElDX0RJU1BBVENI	QU5Z	c2l6ZSArIGtleS5zaXplKCkgKyB2YWx1ZS5zaXplKCk=	YmluZGluZ3MuY3Bw	694	107374182576	PG9wZXJhdG9yPi5hZGRpdGlvbg==
30064771739	107374182461	PG9wZXJhdG9yPi5ncmVhdGVyVGhhbg==	PG9wZXJhdG9yPi5ncmVhdGVyVGhhbg==	U1RBVElDX0RJU1BBVENI	QU5Z	c2l6ZSA+IGhpZ2hXYXRlck1hcmtf	YmluZGluZ3MuY3Bw	695	107374182588	PG9wZXJhdG9yPi5ncmVhdGVyVGhhbg==
30064771741	107374182461	PG9wZXJhdG9yPi5ncmVhdGVyRXF1YWxzVGhhbg==	PG9wZXJhdG9yPi5ncmVhdGVyRXF1YWxzVGhhbg==	U1RBVElDX0RJU1BBVENI	QU5Z	KytjYWNoZVNpemUgPj0gMTAwMA==	YmluZGluZ3MuY3Bw	699	107374182639	PG9wZXJhdG9yPi5ncmVhdGVyRXF1YWxzVGhhbg==
30064771731	107374182461	PG9wZXJhdG9yPi5pbmRpcmVjdEZpZWxkQWNjZXNz	PG9wZXJhdG9yPi5pbmRpcmVjdEZpZWxkQWNjZXNz	U1RBVElDX0RJU1BBVENI	Ym9vbA==	dGhpcy0+bGFuZGVkXw==	YmluZGluZ3MuY3Bw	689	107374182595	PG9wZXJhdG9yPi5pbmRpcmVjdEZpZWxkQWNjZXNz
30064771732	107374182461	PG9wZXJhdG9yPi5hc3NpZ25tZW50	PG9wZXJhdG9yPi5hc3NpZ25tZW50	U1RBVElDX0RJU1BBVENI	QU5Z	bGFuZGVkXyA9IHRydWU=	YmluZGluZ3MuY3Bw	690	107374182564	PG9wZXJhdG9yPi5hc3NpZ25tZW50
30064771736	107374182461	PG9wZXJhdG9yPi5hZGRpdGlvbg==	PG9wZXJhdG9yPi5hZGRpdGlvbg==	U1RBVElDX0RJU1BBVENI	QU5Z	c2l6ZSArIGtleS5zaXplKCk=	YmluZGluZ3MuY3Bw	694	107374182576	PG9wZXJhdG9yPi5hZGRpdGlvbg==
30064771738	107374182461	c2l6ZQ==	PHVucmVzb2x2ZWROYW1lc3BhY2U+LnNpemU6PHVucmVzb2x2ZWRTaWduYXR1cmU+KDAp	U1RBVElDX0RJU1BBVENI	QU5Z	dmFsdWUuc2l6ZSgp	YmluZGluZ3MuY3Bw	694	107374182648	PHVucmVzb2x2ZWROYW1lc3BhY2U+LnNpemU6PHVucmVzb2x2ZWRTaWduYXR1cmU+KDAp
30064771740	107374182461	PG9wZXJhdG9yPi5pbmRpcmVjdEZpZWxkQWNjZXNz	PG9wZXJhdG9yPi5pbmRpcmVjdEZpZWxkQWNjZXNz	U1RBVElDX0RJU1BBVENI	QU5Z	dGhpcy0+aGlnaFdhdGVyTWFya18=	YmluZGluZ3MuY3Bw	695	107374182595	PG9wZXJhdG9yPi5pbmRpcmVjdEZpZWxkQWNjZXNz
30064771742	107374182461	PG9wZXJhdG9yPi5wcmVJbmNyZW1lbnQ=	PG9wZXJhdG9yPi5wcmVJbmNyZW1lbnQ=	U1RBVElDX0RJU1BBVENI	QU5Z	KytjYWNoZVNpemU=	YmluZGluZ3MuY3Bw	699	107374182624	PG9wZXJhdG9yPi5wcmVJbmNyZW1lbnQ=
30064771733	107374182461	PG9wZXJhdG9yPi5pbmRpcmVjdEZpZWxkQWNjZXNz	PG9wZXJhdG9yPi5pbmRpcmVjdEZpZWxkQWNjZXNz	U1RBVElDX0RJU1BBVENI	Ym9vbA==	dGhpcy0+bGFuZGVkXw==	YmluZGluZ3MuY3Bw	690	107374182595	PG9wZXJhdG9yPi5pbmRpcmVjdEZpZWxkQWNjZXNz
30064771737	107374182461	c2l6ZQ==	PHVucmVzb2x2ZWROYW1lc3BhY2U+LnNpemU6PHVucmVzb2x2ZWRTaWduYXR1cmU+KDAp	U1RBVElDX0RJU1BBVENI	QU5Z	a2V5LnNpemUoKQ==	YmluZGluZ3MuY3Bw	694	107374182648	PHVucmVzb2x2ZWROYW1lc3BhY2U+LnNpemU6PHVucmVzb2x2ZWRTaWduYXR1cmU+KDAp
30064771753	107374182462	PG9wZXJhdG9yPi5hc3NpZ25tZW50	PG9wZXJhdG9yPi5hc3NpZ25tZW50	U1RBVElDX0RJU1BBVENI	dm9pZA==	ZGF0YWJhc2UgPSBuZXcgRGF0YWJhc2UoZW52KQ==	YmluZGluZ3MuY3Bw	739	107374182564	PG9wZXJhdG9yPi5hc3NpZ25tZW50
30064771759	107374182462	TkFQSV9TVEFUVVNfVEhST1dT	L3RtcC9jbGF1ZGUtMC8taG9tZS11c2VyLWJ1Zy10cmFja2VyLzYzYjcwZTVhLTc1ZDMtNWRhMi1hZTgxLWUwMDk2MTI4N2M2ZS9zY3JhdGNocGFkL3ZhbDEwL0A4Y3JhZnRlcl9fbGV2ZWxkYi16bGliL3BrZy9wYWNrYWdlL3NyYy9uYXBpLW1hY3Jvcy5oOk5BUElfU1RBVFVTX1RIUk9XUzpBTlkoMSk=	SU5MSU5FRA==	QU5Z	TkFQSV9TVEFUVVNfVEhST1dTKG5hcGlfY3JlYXRlX2V4dGVybmFsKGVudiwgZGF0YWJhc2UsCiAgICAgICAgICAgICAgICAgICAgICAgICAgICAgICAgICAgICAgICAgIEZpbmFsaXplRGF0YWJhc2UsCiAgICAgICAgICAgICAgICAgICAgICAgICAgICAgICAgICAgICAgICAgIE5VTEwsICZyZXN1bHQpKQ==	YmluZGluZ3MuY3Bw	742	107374182549	L3RtcC9jbGF1ZGUtMC8taG9tZS11c2VyLWJ1Zy10cmFja2VyLzYzYjcwZTVhLTc1ZDMtNWRhMi1hZTgxLWUwMDk2MTI4N2M2ZS9zY3JhdGNocGFkL3ZhbDEwL0A4Y3JhZnRlcl9fbGV2ZWxkYi16bGliL3BrZy9wYWNrYWdlL3NyYy9uYXBpLW1hY3Jvcy5oOk5BUElfU1RBVFVTX1RIUk9XUzpBTlkoMSk=
30064771754	107374182462	PG9wZXJhdG9yPi5uZXc=	PG9wZXJhdG9yPi5uZXc=	U1RBVElDX0RJU1BBVENI	QU5Z	bmV3IERhdGFiYXNlKGVudik=	YmluZGluZ3MuY3Bw	739	107374182574	PG9wZXJhdG9yPi5uZXc=
30064771755	107374182462	PG9wZXJhdG9yPi5hc3NpZ25tZW50	PG9wZXJhdG9yPi5hc3NpZ25tZW50	U1RBVElDX0RJU1BBVENI	QU5Z	PHRtcD4wID0gPG9wZXJhdG9yPi5hbGxvYw==	YmluZGluZ3MuY3Bw	739	107374182564	PG9wZXJhdG9yPi5hc3NpZ25tZW50
30064771757	107374182462	RGF0YWJhc2U=	RGF0YWJhc2UuRGF0YWJhc2U6dm9pZChuYXBpX2Vudl9fKik=	U1RBVElDX0RJU1BBVENI	dm9pZA==	bmV3IERhdGFiYXNlKGVudik=	YmluZGluZ3MuY3Bw	739	107374182653	RGF0YWJhc2UuRGF0YWJhc2U6dm9pZChuYXBpX2Vudl9fKik=
30064771760	107374182462	PG9wZXJhdG9yPi5ub3RFcXVhbHM=	PG9wZXJhdG9yPi5ub3RFcXVhbHM=	U1RBVElDX0RJU1BBVENI	QU5Z	KG5hcGlfY3JlYXRlX2V4dGVybmFsKGVudiwgZGF0YWJhc2UsIEZpbmFsaXplRGF0YWJhc2UsIE5VTEwsICZyZXN1bHQpKSAhPSBuYXBpX29r	YmluZGluZ3MuY3Bw	742	107374182593	PG9wZXJhdG9yPi5ub3RFcXVhbHM=
30064771756	107374182462	PG9wZXJhdG9yPi5hbGxvYw==	PG9wZXJhdG9yPi5hbGxvYw==	U1RBVElDX0RJU1BBVENI	QU5Z	PG9wZXJhdG9yPi5hbGxvYw==	YmluZGluZ3MuY3Bw	739	107374182575	PG9wZXJhdG9yPi5hbGxvYw==
30064771758	107374182462	PG9wZXJhdG9yPi5hZGRyZXNzT2Y=	PG9wZXJhdG9yPi5hZGRyZXNzT2Y=	U1RBVElDX0RJU1BBVENI	QU5Z	Jjx0bXA+MA==	YmluZGluZ3MuY3Bw	739	107374182558	PG9wZXJhdG9yPi5hZGRyZXNzT2Y=
30064771761	107374182462	bmFwaV9jcmVhdGVfZXh0ZXJuYWw=	PHVucmVzb2x2ZWROYW1lc3BhY2U+Lm5hcGlfY3JlYXRlX2V4dGVybmFsOjx1bnJlc29sdmVkU2lnbmF0dXJlPig1KQ==	U1RBVElDX0RJU1BBVENI	QU5Z	bmFwaV9jcmVhdGVfZXh0ZXJuYWwoZW52LCBkYXRhYmFzZSwgRmluYWxpemVEYXRhYmFzZSwgTlVMTCwgJnJlc3VsdCk=	YmluZGluZ3MuY3Bw	742	107374182654	PHVucmVzb2x2ZWROYW1lc3BhY2U+Lm5hcGlfY3JlYXRlX2V4dGVybmFsOjx1bnJlc29sdmVkU2lnbmF0dXJlPig1KQ==
30064771763	107374182462	bmFwaV90aHJvd19lcnJvcg==	PHVucmVzb2x2ZWROYW1lc3BhY2U+Lm5hcGlfdGhyb3dfZXJyb3I6PHVucmVzb2x2ZWRTaWduYXR1cmU+KDMp	U1RBVElDX0RJU1BBVENI	QU5Z	bmFwaV90aHJvd19lcnJvcihlbnYsIE5VTEwsICJuYXBpX2NyZWF0ZV9leHRlcm5hbChlbnYsIGRhdGFiYXNlLCBGaW5hbGl6ZURhdGFiYXNlLCBOVUxMLCAmcmVzdWx0KSBmYWlsZWQhIik=	YmluZGluZ3MuY3Bw	742	107374182596	PHVucmVzb2x2ZWROYW1lc3BhY2U+Lm5hcGlfdGhyb3dfZXJyb3I6PHVucmVzb2x2ZWRTaWduYXR1cmU+KDMp
30064771762	107374182462	PG9wZXJhdG9yPi5hZGRyZXNzT2Y=	PG9wZXJhdG9yPi5hZGRyZXNzT2Y=	U1RBVElDX0RJU1BBVENI	QU5Z	JnJlc3VsdA==	YmluZGluZ3MuY3Bw	742	107374182558	PG9wZXJhdG9yPi5hZGRyZXNzT2Y=
30064771764	107374182463	PG9wZXJhdG9yPi5hc3NpZ25tZW50	PG9wZXJhdG9yPi5hc3NpZ25tZW50	U1RBVElDX0RJU1BBVENI	QU5Z	b3B0aW9uc18uYmxvY2tfY2FjaGUgPSBkYXRhYmFzZS0+YmxvY2tDYWNoZV8=	YmluZGluZ3MuY3Bw	766	107374182564	PG9wZXJhdG9yPi5hc3NpZ25tZW50
30064771768	107374182463	PG9wZXJhdG9yPi5hc3NpZ25tZW50	PG9wZXJhdG9yPi5hc3NpZ25tZW50	U1RBVElDX0RJU1BBVENI	QU5Z	b3B0aW9uc18uZmlsdGVyX3BvbGljeSA9IGRhdGFiYXNlLT5maWx0ZXJQb2xpY3lf	YmluZGluZ3MuY3Bw	767	107374182564	PG9wZXJhdG9yPi5hc3NpZ25tZW50
30064771772	107374182463	PG9wZXJhdG9yPi5hc3NpZ25tZW50	PG9wZXJhdG9yPi5hc3NpZ25tZW50	U1RBVElDX0RJU1BBVENI	QU5Z	b3B0aW9uc18uY3JlYXRlX2lmX21pc3NpbmcgPSBjcmVhdGVJZk1pc3Npbmc=	YmluZGluZ3MuY3Bw	768	107374182564	PG9wZXJhdG9yPi5hc3NpZ25tZW50
30064771775	107374182463	PG9wZXJhdG9yPi5hc3NpZ25tZW50	PG9wZXJhdG9yPi5hc3NpZ25tZW50	U1RBVElDX0RJU1BBVENI	QU5Z	b3B0aW9uc18uZXJyb3JfaWZfZXhpc3RzID0gZXJyb3JJZkV4aXN0cw==	YmluZGluZ3MuY3Bw	769	107374182564	PG9wZXJhdG9yPi5hc3NpZ25tZW50
30064771778	107374182463	PG9wZXJhdG9yPi5hc3NpZ25tZW50	PG9wZXJhdG9yPi5hc3NpZ25tZW50	U1RBVElDX0RJU1BBVENI	QU5Z	b3B0aW9uc18uY29tcHJlc3NvcnNbMF0gPSBuZXcgbGV2ZWxkYjo6WmxpYkNvbXByZXNzb3JSYXcoLTEp	YmluZGluZ3MuY3Bw	770	107374182564	PG9wZXJhdG9yPi5hc3NpZ25tZW50
30064771788	107374182463	PG9wZXJhdG9yPi5hc3NpZ25tZW50	PG9wZXJhdG9yPi5hc3NpZ25tZW50	U1RBVElDX0RJU1BBVENI	QU5Z	b3B0aW9uc18uY29tcHJlc3NvcnNbMV0gPSBuZXcgbGV2ZWxkYjo6WmxpYkNvbXByZXNzb3IoKQ==	YmluZGluZ3MuY3Bw	771	107374182564	PG9wZXJhdG9yPi5hc3NpZ25tZW50
30064771797	107374182463	PG9wZXJhdG9yPi5hc3NpZ25tZW50	PG9wZXJhdG9yPi5hc3NpZ25tZW50	U1RBVElDX0RJU1BBVENI	QU5Z	b3B0aW9uc18ud3JpdGVfYnVmZmVyX3NpemUgPSB3cml0ZUJ1ZmZlclNpemU=	YmluZGluZ3MuY3Bw	772	107374182564	PG9wZXJhdG9yPi5hc3NpZ25tZW50
30064771800	107374182463	PG9wZXJhdG9yPi5hc3NpZ25tZW50	PG9wZXJhdG9yPi5hc3NpZ25tZW50	U1RBVElDX0RJU1BBVENI	QU5Z	b3B0aW9uc18uYmxvY2tfc2l6ZSA9IGJsb2NrU2l6ZQ==	YmluZGluZ3MuY3Bw	773	107374182564	PG9wZXJhdG9yPi5hc3NpZ25tZW50
30064771803	107374182463	PG9wZXJhdG9yPi5hc3NpZ25tZW50	PG9wZXJhdG9yPi5hc3NpZ25tZW50	U1RBVElDX0RJU1BBVENI	QU5Z	b3B0aW9uc18ubWF4X29wZW5fZmlsZXMgPSBtYXhPcGVuRmlsZXM=	YmluZGluZ3MuY3Bw	774	107374182564	PG9wZXJhdG9yPi5hc3NpZ25tZW50
30064771806	107374182463	PG9wZXJhdG9yPi5hc3NpZ25tZW50	PG9wZXJhdG9yPi5hc3NpZ25tZW50	U1RBVElDX0RJU1BBVENI	QU5Z	b3B0aW9uc18uYmxvY2tfcmVzdGFydF9pbnRlcnZhbCA9IGJsb2NrUmVzdGFydEludGVydmFs	YmluZGluZ3MuY3Bw	775	107374182564	PG9wZXJhdG9yPi5hc3NpZ25tZW50
30064771809	107374182463	PG9wZXJhdG9yPi5hc3NpZ25tZW50	PG9wZXJhdG9yPi5hc3NpZ25tZW50	U1RBVElDX0RJU1BBVENI	QU5Z	b3B0aW9uc18ubWF4X2ZpbGVfc2l6ZSA9IG1heEZpbGVTaXpl	YmluZGluZ3MuY3Bw	776	107374182564	PG9wZXJhdG9yPi5hc3NpZ25tZW50
30064771812	107374182463	PG9wZXJhdG9yPi5hc3NpZ25tZW50	PG9wZXJhdG9yPi5hc3NpZ25tZW50	U1RBVElDX0RJU1BBVENI	dm9pZA==	dGhpcy0+QmFzZVdvcmtlciA9IGVudg==	YmluZGluZ3MuY3Bw	764	107374182564	PG9wZXJhdG9yPi5hc3NpZ25tZW50
30064771814	107374182463	PG9wZXJhdG9yPi5hc3NpZ25tZW50	PG9wZXJhdG9yPi5hc3NpZ25tZW50	U1RBVElDX0RJU1BBVENI	dm9pZA==	dGhpcy0+bG9jYXRpb25fID0gbG9jYXRpb24=	YmluZGluZ3MuY3Bw	765	107374182564	PG9wZXJhdG9yPi5hc3NpZ25tZW50
30064771765	107374182463	PG9wZXJhdG9yPi5maWVsZEFjY2Vzcw==	PG9wZXJhdG9yPi5maWVsZEFjY2Vzcw==	U1RBVElDX0RJU1BBVENI	QU5Z	b3B0aW9uc18uYmxvY2tfY2FjaGU=	YmluZGluZ3MuY3Bw	766	107374182628	PG9wZXJhdG9yPi5maWVsZEFjY2Vzcw==
30064771767	107374182463	PG9wZXJhdG9yPi5maWVsZEFjY2Vzcw==	PG9wZXJhdG9yPi5maWVsZEFjY2Vzcw==	U1RBVElDX0RJU1BBVENI	QU5Z	ZGF0YWJhc2UtPmJsb2NrQ2FjaGVf	YmluZGluZ3MuY3Bw	766	107374182628	PG9wZXJhdG9yPi5maWVsZEFjY2Vzcw==
30064771769	107374182463	PG9wZXJhdG9yPi5maWVsZEFjY2Vzcw==	PG9wZXJhdG9yPi5maWVsZEFjY2Vzcw==	U1RBVElDX0RJU1BBVENI	QU5Z	b3B0aW9uc18uZmlsdGVyX3BvbGljeQ==	YmluZGluZ3MuY3Bw	767	107374182628	PG9wZXJhdG9yPi5maWVsZEFjY2Vzcw==
30064771771	107374182463	PG9wZXJhdG9yPi5maWVsZEFjY2Vzcw==	PG9wZXJhdG9yPi5maWVsZEFjY2Vzcw==	U1RBVElDX0RJU1BBVENI	QU5Z	ZGF0YWJhc2UtPmZpbHRlclBvbGljeV8=	YmluZGluZ3MuY3Bw	767	107374182628	PG9wZXJhdG9yPi5maWVsZEFjY2Vzcw==
30064771773	107374182463	PG9wZXJhdG9yPi5maWVsZEFjY2Vzcw==	PG9wZXJhdG9yPi5maWVsZEFjY2Vzcw==	U1RBVElDX0RJU1BBVENI	QU5Z	b3B0aW9uc18uY3JlYXRlX2lmX21pc3Npbmc=	YmluZGluZ3MuY3Bw	768	107374182628	PG9wZXJhdG9yPi5maWVsZEFjY2Vzcw==
30064771776	107374182463	PG9wZXJhdG9yPi5maWVsZEFjY2Vzcw==	PG9wZXJhdG9yPi5maWVsZEFjY2Vzcw==	U1RBVElDX0RJU1BBVENI	QU5Z	b3B0aW9uc18uZXJyb3JfaWZfZXhpc3Rz	YmluZGluZ3MuY3Bw	769	107374182628	PG9wZXJhdG9yPi5maWVsZEFjY2Vzcw==
30064771779	107374182463	PG9wZXJhdG9yPi5pbmRpcmVjdEluZGV4QWNjZXNz	PG9wZXJhdG9yPi5pbmRpcmVjdEluZGV4QWNjZXNz	U1RBVElDX0RJU1BBVENI	QU5Z	b3B0aW9uc18uY29tcHJlc3NvcnNbMF0=	YmluZGluZ3MuY3Bw	770	107374182578	PG9wZXJhdG9yPi5pbmRpcmVjdEluZGV4QWNjZXNz
30064771782	107374182463	PG9wZXJhdG9yPi5uZXc=	PG9wZXJhdG9yPi5uZXc=	U1RBVElDX0RJU1BBVENI	QU5Z	bmV3IGxldmVsZGI6OlpsaWJDb21wcmVzc29yUmF3KC0xKQ==	YmluZGluZ3MuY3Bw	770	107374182574	PG9wZXJhdG9yPi5uZXc=
30064771789	107374182463	PG9wZXJhdG9yPi5pbmRpcmVjdEluZGV4QWNjZXNz	PG9wZXJhdG9yPi5pbmRpcmVjdEluZGV4QWNjZXNz	U1RBVElDX0RJU1BBVENI	QU5Z	b3B0aW9uc18uY29tcHJlc3NvcnNbMV0=	YmluZGluZ3MuY3Bw	771	107374182578	PG9wZXJhdG9yPi5pbmRpcmVjdEluZGV4QWNjZXNz
30064771792	107374182463	PG9wZXJhdG9yPi5uZXc=	PG9wZXJhdG9yPi5uZXc=	U1RBVElDX0RJU1BBVENI	QU5Z	bmV3IGxldmVsZGI6OlpsaWJDb21wcmVzc29yKCk=	YmluZGluZ3MuY3Bw	771	107374182574	PG9wZXJhdG9yPi5uZXc=
30064771798	107374182463	PG9wZXJhdG9yPi5maWVsZEFjY2Vzcw==	PG9wZXJhdG9yPi5maWVsZEFjY2Vzcw==	U1RBVElDX0RJU1BBVENI	QU5Z	b3B0aW9uc18ud3JpdGVfYnVmZmVyX3NpemU=	YmluZGluZ3MuY3Bw	772	107374182628	PG9wZXJhdG9yPi5maWVsZEFjY2Vzcw==
30064771801	107374182463	PG9wZXJhdG9yPi5maWVsZEFjY2Vzcw==	PG9wZXJhdG9yPi5maWVsZEFjY2Vzcw==	U1RBVElDX0RJU1BBVENI	QU5Z	b3B0aW9uc18uYmxvY2tfc2l6ZQ==	YmluZGluZ3MuY3Bw	773	107374182628	PG9wZXJhdG9yPi5maWVsZEFjY2Vzcw==
30064771804	107374182463	PG9wZXJhdG9yPi5maWVsZEFjY2Vzcw==	PG9wZXJhdG9yPi5maWVsZEFjY2Vzcw==	U1RBVElDX0RJU1BBVENI	QU5Z	b3B0aW9uc18ubWF4X29wZW5fZmlsZXM=	YmluZGluZ3MuY3Bw	774	107374182628	PG9wZXJhdG9yPi5maWVsZEFjY2Vzcw==
30064771807	107374182463	PG9wZXJhdG9yPi5maWVsZEFjY2Vzcw==	PG9wZXJhdG9yPi5maWVsZEFjY2Vzcw==	U1RBVElDX0RJU1BBVENI	QU5Z	b3B0aW9uc18uYmxvY2tfcmVzdGFydF9pbnRlcnZhbA==	YmluZGluZ3MuY3Bw	775	107374182628	PG9wZXJhdG9yPi5maWVsZEFjY2Vzcw==
30064771810	107374182463	PG9wZXJhdG9yPi5maWVsZEFjY2Vzcw==	PG9wZXJhdG9yPi5maWVsZEFjY2Vzcw==	U1RBVElDX0RJU1BBVENI	QU5Z	b3B0aW9uc18ubWF4X2ZpbGVfc2l6ZQ==	YmluZGluZ3MuY3Bw	776	107374182628	PG9wZXJhdG9yPi5maWVsZEFjY2Vzcw==
30064771813	107374182463	PG9wZXJhdG9yPi5pbmRpcmVjdEZpZWxkQWNjZXNz	PG9wZXJhdG9yPi5pbmRpcmVjdEZpZWxkQWNjZXNz	U1RBVElDX0RJU1BBVENI	T3Blbldvcmtlcio=	dGhpcy0+QmFzZVdvcmtlcg==	YmluZGluZ3MuY3Bw	764	107374182595	PG9wZXJhdG9yPi5pbmRpcmVjdEZpZWxkQWNjZXNz
30064771815	107374182463	PG9wZXJhdG9yPi5pbmRpcmVjdEZpZWxkQWNjZXNz	PG9wZXJhdG9yPi5pbmRpcmVjdEZpZWxkQWNjZXNz	U1RBVElDX0RJU1BBVENI	T3Blbldvcmtlcio=	dGhpcy0+bG9jYXRpb25f	YmluZGluZ3MuY3Bw	765	107374182595	PG9wZXJhdG9yPi5pbmRpcmVjdEZpZWxkQWNjZXNz
30064771766	107374182463	PG9wZXJhdG9yPi5pbmRpcmVjdEZpZWxkQWNjZXNz	PG9wZXJhdG9yPi5pbmRpcmVjdEZpZWxkQWNjZXNz	U1RBVElDX0RJU1BBVENI	QU5Z	dGhpcy0+b3B0aW9uc18=	YmluZGluZ3MuY3Bw	766	107374182595	PG9wZXJhdG9yPi5pbmRpcmVjdEZpZWxkQWNjZXNz
30064771770	107374182463	PG9wZXJhdG9yPi5pbmRpcmVjdEZpZWxkQWNjZXNz	PG9wZXJhdG9yPi5pbmRpcmVjdEZpZWxkQWNjZXNz	U1RBVElDX0RJU1BBVENI	QU5Z	dGhpcy0+b3B0aW9uc18=	YmluZGluZ3MuY3Bw	767	107374182595	PG9wZXJhdG9yPi5pbmRpcmVjdEZpZWxkQWNjZXNz
30064771774	107374182463	PG9wZXJhdG9yPi5pbmRpcmVjdEZpZWxkQWNjZXNz	PG9wZXJhdG9yPi5pbmRpcmVjdEZpZWxkQWNjZXNz	U1RBVElDX0RJU1BBVENI	QU5Z	dGhpcy0+b3B0aW9uc18=	YmluZGluZ3MuY3Bw	768	107374182595	PG9wZXJhdG9yPi5pbmRpcmVjdEZpZWxkQWNjZXNz
30064771777	107374182463	PG9wZXJhdG9yPi5pbmRpcmVjdEZpZWxkQWNjZXNz	PG9wZXJhdG9yPi5pbmRpcmVjdEZpZWxkQWNjZXNz	U1RBVElDX0RJU1BBVENI	QU5Z	dGhpcy0+b3B0aW9uc18=	YmluZGluZ3MuY3Bw	769	107374182595	PG9wZXJhdG9yPi5pbmRpcmVjdEZpZWxkQWNjZXNz
30064771780	107374182463	PG9wZXJhdG9yPi5maWVsZEFjY2Vzcw==	PG9wZXJhdG9yPi5maWVsZEFjY2Vzcw==	U1RBVElDX0RJU1BBVENI	QU5Z	b3B0aW9uc18uY29tcHJlc3NvcnM=	YmluZGluZ3MuY3Bw	770	107374182628	PG9wZXJhdG9yPi5maWVsZEFjY2Vzcw==
30064771790	107374182463	PG9wZXJhdG9yPi5maWVsZEFjY2Vzcw==	PG9wZXJhdG9yPi5maWVsZEFjY2Vzcw==	U1RBVElDX0RJU1BBVENI	QU5Z	b3B0aW9uc18uY29tcHJlc3NvcnM=	YmluZGluZ3MuY3Bw	771	107374182628	PG9wZXJhdG9yPi5maWVsZEFjY2Vzcw==
30064771799	107374182463	PG9wZXJhdG9yPi5pbmRpcmVjdEZpZWxkQWNjZXNz	PG9wZXJhdG9yPi5pbmRpcmVjdEZpZWxkQWNjZXNz	U1RBVElDX0RJU1BBVENI	QU5Z	dGhpcy0+b3B0aW9uc18=	YmluZGluZ3MuY3Bw	772	107374182595	PG9wZXJhdG9yPi5pbmRpcmVjdEZpZWxkQWNjZXNz
30064771802	107374182463	PG9wZXJhdG9yPi5pbmRpcmVjdEZpZWxkQWNjZXNz	PG9wZXJhdG9yPi5pbmRpcmVjdEZpZWxkQWNjZXNz	U1RBVElDX0RJU1BBVENI	QU5Z	dGhpcy0+b3B0aW9uc18=	YmluZGluZ3MuY3Bw	773	107374182595	PG9wZXJhdG9yPi5pbmRpcmVjdEZpZWxkQWNjZXNz
30064771805	107374182463	PG9wZXJhdG9yPi5pbmRpcmVjdEZpZWxkQWNjZXNz	PG9wZXJhdG9yPi5pbmRpcmVjdEZpZWxkQWNjZXNz	U1RBVElDX0RJU1BBVENI	QU5Z	dGhpcy0+b3B0aW9uc18=	YmluZGluZ3MuY3Bw	774	107374182595	PG9wZXJhdG9yPi5pbmRpcmVjdEZpZWxkQWNjZXNz
30064771808	107374182463	PG9wZXJhdG9yPi5pbmRpcmVjdEZpZWxkQWNjZXNz	PG9wZXJhdG9yPi5pbmRpcmVjdEZpZWxkQWNjZXNz	U1RBVElDX0RJU1BBVENI	QU5Z	dGhpcy0+b3B0aW9uc18=	YmluZGluZ3MuY3Bw	775	107374182595	PG9wZXJhdG9yPi5pbmRpcmVjdEZpZWxkQWNjZXNz
30064771811	107374182463	PG9wZXJhdG9yPi5pbmRpcmVjdEZpZWxkQWNjZXNz	PG9wZXJhdG9yPi5pbmRpcmVjdEZpZWxkQWNjZXNz	U1RBVElDX0RJU1BBVENI	QU5Z	dGhpcy0+b3B0aW9uc18=	YmluZGluZ3MuY3Bw	776	107374182595	PG9wZXJhdG9yPi5pbmRpcmVjdEZpZWxkQWNjZXNz
30064771781	107374182463	PG9wZXJhdG9yPi5pbmRpcmVjdEZpZWxkQWNjZXNz	PG9wZXJhdG9yPi5pbmRpcmVjdEZpZWxkQWNjZXNz	U1RBVElDX0RJU1BBVENI	QU5Z	dGhpcy0+b3B0aW9uc18=	YmluZGluZ3MuY3Bw	770	107374182595	PG9wZXJhdG9yPi5pbmRpcmVjdEZpZWxkQWNjZXNz
30064771783	107374182463	PG9wZXJhdG9yPi5hc3NpZ25tZW50	PG9wZXJhdG9yPi5hc3NpZ25tZW50	U1RBVElDX0RJU1BBVENI	QU5Z	PHRtcD4wID0gPG9wZXJhdG9yPi5hbGxvYw==	YmluZGluZ3MuY3Bw	770	107374182564	PG9wZXJhdG9yPi5hc3NpZ25tZW50
30064771785	107374182463	bGV2ZWxkYi5abGliQ29tcHJlc3NvclJhdw==	bGV2ZWxkYi5abGliQ29tcHJlc3NvclJhdy5abGliQ29tcHJlc3NvclJhdzp2b2lkKGludCk=	U1RBVElDX0RJU1BBVENI	dm9pZA==	bmV3IGxldmVsZGI6OlpsaWJDb21wcmVzc29yUmF3KC0xKQ==	YmluZGluZ3MuY3Bw	770	107374182655	bGV2ZWxkYi5abGliQ29tcHJlc3NvclJhdy5abGliQ29tcHJlc3NvclJhdzp2b2lkKGludCk=
30064771791	107374182463	PG9wZXJhdG9yPi5pbmRpcmVjdEZpZWxkQWNjZXNz	PG9wZXJhdG9yPi5pbmRpcmVjdEZpZWxkQWNjZXNz	U1RBVElDX0RJU1BBVENI	QU5Z	dGhpcy0+b3B0aW9uc18=	YmluZGluZ3MuY3Bw	771	107374182595	PG9wZXJhdG9yPi5pbmRpcmVjdEZpZWxkQWNjZXNz
30064771793	107374182463	PG9wZXJhdG9yPi5hc3NpZ25tZW50	PG9wZXJhdG9yPi5hc3NpZ25tZW50	U1RBVElDX0RJU1BBVENI	QU5Z	PHRtcD4xID0gPG9wZXJhdG9yPi5hbGxvYw==	YmluZGluZ3MuY3Bw	771	107374182564	PG9wZXJhdG9yPi5hc3NpZ25tZW50
30064771795	107374182463	bGV2ZWxkYi5abGliQ29tcHJlc3Nvcg==	bGV2ZWxkYi5abGliQ29tcHJlc3Nvci5abGliQ29tcHJlc3Nvcjp2b2lkKCk=	U1RBVElDX0RJU1BBVENI	dm9pZA==	bmV3IGxldmVsZGI6OlpsaWJDb21wcmVzc29yKCk=	YmluZGluZ3MuY3Bw	771	107374182657	bGV2ZWxkYi5abGliQ29tcHJlc3Nvci5abGliQ29tcHJlc3Nvcjp2b2lkKCk=
30064771784	107374182463	PG9wZXJhdG9yPi5hbGxvYw==	PG9wZXJhdG9yPi5hbGxvYw==	U1RBVElDX0RJU1BBVENI	QU5Z	PG9wZXJhdG9yPi5hbGxvYw==	YmluZGluZ3MuY3Bw	770	107374182575	PG9wZXJhdG9yPi5hbGxvYw==
30064771786	107374182463	PG9wZXJhdG9yPi5hZGRyZXNzT2Y=	PG9wZXJhdG9yPi5hZGRyZXNzT2Y=	U1RBVElDX0RJU1BBVENI	QU5Z	Jjx0bXA+MA==	YmluZGluZ3MuY3Bw	770	107374182558	PG9wZXJhdG9yPi5hZGRyZXNzT2Y=
30064771787	107374182463	PG9wZXJhdG9yPi5taW51cw==	PG9wZXJhdG9yPi5taW51cw==	U1RBVElDX0RJU1BBVENI	QU5Z	LTE=	YmluZGluZ3MuY3Bw	770	107374182656	PG9wZXJhdG9yPi5taW51cw==
30064771794	107374182463	PG9wZXJhdG9yPi5hbGxvYw==	PG9wZXJhdG9yPi5hbGxvYw==	U1RBVElDX0RJU1BBVENI	QU5Z	PG9wZXJhdG9yPi5hbGxvYw==	YmluZGluZ3MuY3Bw	771	107374182575	PG9wZXJhdG9yPi5hbGxvYw==
30064771796	107374182463	PG9wZXJhdG9yPi5hZGRyZXNzT2Y=	PG9wZXJhdG9yPi5hZGRyZXNzT2Y=	U1RBVElDX0RJU1BBVENI	QU5Z	Jjx0bXA+MQ==	YmluZGluZ3MuY3Bw	771	107374182558	PG9wZXJhdG9yPi5hZGRyZXNzT2Y=
30064771816	107374182465	U2V0U3RhdHVz	PHVucmVzb2x2ZWROYW1lc3BhY2U+LlNldFN0YXR1czo8dW5yZXNvbHZlZFNpZ25hdHVyZT4oMSk=	U1RBVElDX0RJU1BBVENI	QU5Z	U2V0U3RhdHVzKGRhdGFiYXNlXy0+T3BlbihvcHRpb25zXywgbG9jYXRpb25fLmNfc3RyKCkpKQ==	YmluZGluZ3MuY3Bw	782	107374182658	PHVucmVzb2x2ZWROYW1lc3BhY2U+LlNldFN0YXR1czo8dW5yZXNvbHZlZFNpZ25hdHVyZT4oMSk=
30064771817	107374182465	T3Blbg==	PHVucmVzb2x2ZWROYW1lc3BhY2U+Lk9wZW46PHVucmVzb2x2ZWRTaWduYXR1cmU+KDIp	U1RBVElDX0RJU1BBVENI	QU5Z	ZGF0YWJhc2VfLT5PcGVuKG9wdGlvbnNfLCBsb2NhdGlvbl8uY19zdHIoKSk=	YmluZGluZ3MuY3Bw	782	107374182659	PHVucmVzb2x2ZWROYW1lc3BhY2U+Lk9wZW46PHVucmVzb2x2ZWRTaWduYXR1cmU+KDIp
30064771818	107374182465	PG9wZXJhdG9yPi5pbmRpcmVjdEZpZWxkQWNjZXNz	PG9wZXJhdG9yPi5pbmRpcmVjdEZpZWxkQWNjZXNz	U1RBVElDX0RJU1BBVENI	RGF0YWJhc2Uq	dGhpcy0+ZGF0YWJhc2Vf	YmluZGluZ3MuY3Bw	782	107374182595	PG9wZXJhdG9yPi5pbmRpcmVjdEZpZWxkQWNjZXNz
30064771819	107374182465	PG9wZXJhdG9yPi5pbmRpcmVjdEZpZWxkQWNjZXNz	PG9wZXJhdG9yPi5pbmRpcmVjdEZpZWxkQWNjZXNz	U1RBVElDX0RJU1BBVENI	QU5Z	dGhpcy0+b3B0aW9uc18=	YmluZGluZ3MuY3Bw	782	107374182595	PG9wZXJhdG9yPi5pbmRpcmVjdEZpZWxkQWNjZXNz
30064771820	107374182465	Y19zdHI=	PHVucmVzb2x2ZWROYW1lc3BhY2U+LmNfc3RyOjx1bnJlc29sdmVkU2lnbmF0dXJlPigwKQ==	U1RBVElDX0RJU1BBVENI	QU5Z	bG9jYXRpb25fLmNfc3RyKCk=	YmluZGluZ3MuY3Bw	782	107374182602	PHVucmVzb2x2ZWROYW1lc3BhY2U+LmNfc3RyOjx1bnJlc29sdmVkU2lnbmF0dXJlPigwKQ==
30064771821	107374182465	PG9wZXJhdG9yPi5pbmRpcmVjdEZpZWxkQWNjZXNz	PG9wZXJhdG9yPi5pbmRpcmVjdEZpZWxkQWNjZXNz	U1RBVElDX0RJU1BBVENI	QU5Z	dGhpcy0+bG9jYXRpb25f	YmluZGluZ3MuY3Bw	782	107374182595	PG9wZXJhdG9yPi5pbmRpcmVjdEZpZWxkQWNjZXNz
30064771822	107374182466	TkFQSV9BUkdW	L3RtcC9jbGF1ZGUtMC8taG9tZS11c2VyLWJ1Zy10cmFja2VyLzYzYjcwZTVhLTc1ZDMtNWRhMi1hZTgxLWUwMDk2MTI4N2M2ZS9zY3JhdGNocGFkL3ZhbDEwL0A4Y3JhZnRlcl9fbGV2ZWxkYi16bGliL3BrZy9wYWNrYWdlL3NyYy9uYXBpLW1hY3Jvcy5oOk5BUElfQVJHVjpBTlkoMSk=	SU5MSU5FRA==	QU5Z	TkFQSV9BUkdWKDQp	YmluZGluZ3MuY3Bw	793	107374182550	L3RtcC9jbGF1ZGUtMC8taG9tZS11c2VyLWJ1Zy10cmFja2VyLzYzYjcwZTVhLTc1ZDMtNWRhMi1hZTgxLWUwMDk2MTI4N2M2ZS9zY3JhdGNocGFkL3ZhbDEwL0A4Y3JhZnRlcl9fbGV2ZWxkYi16bGliL3BrZy9wYWNrYWdlL3NyYy9uYXBpLW1hY3Jvcy5oOk5BUElfQVJHVjpBTlkoMSk=
30064771825	107374182466	PG9wZXJhdG9yPi5hc3NpZ25tZW50	PG9wZXJhdG9yPi5hc3NpZ25tZW50	U1RBVElDX0RJU1BBVENI	dm9pZA==	c2l6ZV90	YmluZGluZ3MuY3Bw	793	107374182564	PG9wZXJhdG9yPi5hc3NpZ25tZW50
30064771830	107374182466	TkFQSV9EQl9DT05URVhU	YmluZGluZ3MuY3BwOk5BUElfREJfQ09OVEVYVDpBTlkoMCk=	SU5MSU5FRA==	QU5Z	TkFQSV9EQl9DT05URVhUKCk=	YmluZGluZ3MuY3Bw	794	107374182551	YmluZGluZ3MuY3BwOk5BUElfREJfQ09OVEVYVDpBTlkoMCk=
30064771838	107374182466	TkFQSV9BUkdWX1VURjhfTkVX	YmluZGluZ3MuY3BwOk5BUElfQVJHVl9VVEY4X05FVzpBTlkoMik=	SU5MSU5FRA==	QU5Z	TkFQSV9BUkdWX1VURjhfTkVXKGxvY2F0aW9uLCAxKQ==	YmluZGluZ3MuY3Bw	795	107374182552	YmluZGluZ3MuY3BwOk5BUElfQVJHVl9VVEY4X05FVzpBTlkoMik=
30064771845	107374182466	PG9wZXJhdG9yPi5hc3NpZ25tZW50	PG9wZXJhdG9yPi5hc3NpZ25tZW50	U1RBVElDX0RJU1BBVENI	dm9pZA==	Y2hhciAq	YmluZGluZ3MuY3Bw	795	107374182564	PG9wZXJhdG9yPi5hc3NpZ25tZW50
30064771855	107374182466	PG9wZXJhdG9yPi5hc3NpZ25tZW50	PG9wZXJhdG9yPi5hc3NpZ25tZW50	U1RBVElDX0RJU1BBVENI	QU5Z	bG9jYXRpb25bbG9jYXRpb25fc2l6ZV0gPSAnXDAn	YmluZGluZ3MuY3Bw	795	107374182564	PG9wZXJhdG9yPi5hc3NpZ25tZW50
30064771857	107374182466	PG9wZXJhdG9yPi5hc3NpZ25tZW50	PG9wZXJhdG9yPi5hc3NpZ25tZW50	U1RBVElDX0RJU1BBVENI	dm9pZA==	b3B0aW9ucyA9IGFyZ3ZbMl0=	YmluZGluZ3MuY3Bw	797	107374182564	PG9wZXJhdG9yPi5hc3NpZ25tZW50
30064771859	107374182466	PG9wZXJhdG9yPi5hc3NpZ25tZW50	PG9wZXJhdG9yPi5hc3NpZ25tZW50	U1RBVElDX0RJU1BBVENI	dm9pZA==	Y3JlYXRlSWZNaXNzaW5nID0gQm9vbGVhblByb3BlcnR5KGVudiwgb3B0aW9ucywgImNyZWF0ZUlmTWlzc2luZyIsIHRydWUp	YmluZGluZ3MuY3Bw	798	107374182564	PG9wZXJhdG9yPi5hc3NpZ25tZW50
30064771861	107374182466	PG9wZXJhdG9yPi5hc3NpZ25tZW50	PG9wZXJhdG9yPi5hc3NpZ25tZW50	U1RBVElDX0RJU1BBVENI	dm9pZA==	ZXJyb3JJZkV4aXN0cyA9IEJvb2xlYW5Qcm9wZXJ0eShlbnYsIG9wdGlvbnMsICJlcnJvcklmRXhpc3RzIiwgZmFsc2Up	YmluZGluZ3MuY3Bw	799	107374182564	PG9wZXJhdG9yPi5hc3NpZ25tZW50
30064771863	107374182466	PG9wZXJhdG9yPi5hc3NpZ25tZW50	PG9wZXJhdG9yPi5hc3NpZ25tZW50	U1RBVElDX0RJU1BBVENI	dm9pZA==	Y29tcHJlc3Npb24gPSBCb29sZWFuUHJvcGVydHkoZW52LCBvcHRpb25zLCAiY29tcHJlc3Npb24iLCB0cnVlKQ==	YmluZGluZ3MuY3Bw	800	107374182564	PG9wZXJhdG9yPi5hc3NpZ25tZW50
30064771865	107374182466	PG9wZXJhdG9yPi5hc3NpZ25tZW50	PG9wZXJhdG9yPi5hc3NpZ25tZW50	U1RBVElDX0RJU1BBVENI	dm9pZA==	Y2FjaGVTaXplID0gVWludDMyUHJvcGVydHkoZW52LCBvcHRpb25zLCAiY2FjaGVTaXplIiwgOCA8PCAyMCk=	YmluZGluZ3MuY3Bw	802	107374182564	PG9wZXJhdG9yPi5hc3NpZ25tZW50
30064771868	107374182466	PG9wZXJhdG9yPi5hc3NpZ25tZW50	PG9wZXJhdG9yPi5hc3NpZ25tZW50	U1RBVElDX0RJU1BBVENI	dm9pZA==	d3JpdGVCdWZmZXJTaXplID0gVWludDMyUHJvcGVydHkoZW52LCBvcHRpb25zICwgIndyaXRlQnVmZmVyU2l6ZSIgLCA0IDw8IDIwKQ==	YmluZGluZ3MuY3Bw	803	107374182564	PG9wZXJhdG9yPi5hc3NpZ25tZW50
30064771871	107374182466	PG9wZXJhdG9yPi5hc3NpZ25tZW50	PG9wZXJhdG9yPi5hc3NpZ25tZW50	U1RBVElDX0RJU1BBVENI	dm9pZA==	YmxvY2tTaXplID0gVWludDMyUHJvcGVydHkoZW52LCBvcHRpb25zLCAiYmxvY2tTaXplIiwgNDA5Nik=	YmluZGluZ3MuY3Bw	804	107374182564	PG9wZXJhdG9yPi5hc3NpZ25tZW50
30064771873	107374182466	PG9wZXJhdG9yPi5hc3NpZ25tZW50	PG9wZXJhdG9yPi5hc3NpZ25tZW50	U1RBVElDX0RJU1BBVENI	dm9pZA==	bWF4T3BlbkZpbGVzID0gVWludDMyUHJvcGVydHkoZW52LCBvcHRpb25zLCAibWF4T3BlbkZpbGVzIiwgMTAwMCk=	YmluZGluZ3MuY3Bw	805	107374182564	PG9wZXJhdG9yPi5hc3NpZ25tZW50
30064771875	107374182466	PG9wZXJhdG9yPi5hc3NpZ25tZW50	PG9wZXJhdG9yPi5hc3NpZ25tZW50	U1RBVElDX0RJU1BBVENI	dm9pZA==	YmxvY2tSZXN0YXJ0SW50ZXJ2YWwgPSBVaW50MzJQcm9wZXJ0eShlbnYsIG9wdGlvbnMsCiAgICAgICAgICAgICAgICAgICAgICAgICAgICAgICAgICAgICAgICAgICAgICAgICAiYmxvY2tSZXN0YXJ0SW50ZXJ2YWwiLCAxNik=	YmluZGluZ3MuY3Bw	806	107374182564	PG9wZXJhdG9yPi5hc3NpZ25tZW50
30064771877	107374182466	PG9wZXJhdG9yPi5hc3NpZ25tZW50	PG9wZXJhdG9yPi5hc3NpZ25tZW50	U1RBVElDX0RJU1BBVENI	dm9pZA==	bWF4RmlsZVNpemUgPSBVaW50MzJQcm9wZXJ0eShlbnYsIG9wdGlvbnMsICJtYXhGaWxlU2l6ZSIsIDIgPDwgMjAp	YmluZGluZ3MuY3Bw	808	107374182564	PG9wZXJhdG9yPi5hc3NpZ25tZW50
30064771880	107374182466	PG9wZXJhdG9yPi5hc3NpZ25tZW50	PG9wZXJhdG9yPi5hc3NpZ25tZW50	U1RBVElDX0RJU1BBVENI	QU5Z	ZGF0YWJhc2UtPmJsb2NrQ2FjaGVfID0gbGV2ZWxkYjo6TmV3TFJVQ2FjaGUoY2FjaGVTaXplKQ==	YmluZGluZ3MuY3Bw	810	107374182564	PG9wZXJhdG9yPi5hc3NpZ25tZW50
30064771883	107374182466	PG9wZXJhdG9yPi5hc3NpZ25tZW50	PG9wZXJhdG9yPi5hc3NpZ25tZW50	U1RBVElDX0RJU1BBVENI	dm9pZA==	Y2FsbGJhY2sgPSBhcmd2WzNd	YmluZGluZ3MuY3Bw	812	107374182564	PG9wZXJhdG9yPi5hc3NpZ25tZW50
30064771885	107374182466	PG9wZXJhdG9yPi5hc3NpZ25tZW50	PG9wZXJhdG9yPi5hc3NpZ25tZW50	U1RBVElDX0RJU1BBVENI	dm9pZA==	d29ya2VyID0gbmV3IE9wZW5Xb3JrZXIoZW52LCBkYXRhYmFzZSwgY2FsbGJhY2ssIGxvY2F0aW9uLAogICAgICAgICAgICAgICAgICAgICAgICAgICAgICAgICAgICAgIGNyZWF0ZUlmTWlzc2luZywgZXJyb3JJZkV4aXN0cywKICAgICAgICAgICAgICAgICAgICAgICAgICAgICAgICAgICAgICBjb21wcmVzc2lvbiwgd3JpdGVCdWZmZXJTaXplLCBibG9ja1NpemUsCiAgICAgICAgICAgICAgICAgICAgICAgICAgICAgICAgICAgICAgbWF4T3BlbkZpbGVzLCBibG9ja1Jlc3RhcnRJbnRlcnZhbCwKICAgICAgICAgICAgICAgICAgICAgICAgICAgICAgICAgICAgICBtYXhGaWxlU2l6ZSk=	YmluZGluZ3MuY3Bw	813	107374182564	PG9wZXJhdG9yPi5hc3NpZ25tZW50
30064771891	107374182466	UXVldWU=	T3Blbldvcmtlci5RdWV1ZTp2b2lkKCk=	U1RBVElDX0RJU1BBVENI	dm9pZA==	d29ya2VyLT5RdWV1ZSgp	YmluZGluZ3MuY3Bw	818	107374182667	T3Blbldvcmtlci5RdWV1ZTp2b2lkKCk=
30064771892	107374182466	PG9wZXJhdG9yPi5kZWxldGU=	PG9wZXJhdG9yPi5kZWxldGU=	U1RBVElDX0RJU1BBVENI	dm9pZA==	ZGVsZXRlIFtdIGxvY2F0aW9u	YmluZGluZ3MuY3Bw	819	107374182579	PG9wZXJhdG9yPi5kZWxldGU=
30064771893	107374182466	TkFQSV9SRVRVUk5fVU5ERUZJTkVE	YmluZGluZ3MuY3BwOk5BUElfUkVUVVJOX1VOREVGSU5FRDpBTlkoMCk=	SU5MSU5FRA==	QU5Z	TkFQSV9SRVRVUk5fVU5ERUZJTkVEKCk=	YmluZGluZ3MuY3Bw	821	107374182553	YmluZGluZ3MuY3BwOk5BUElfUkVUVVJOX1VOREVGSU5FRDpBTlkoMCk=
30064771826	107374182466	PG9wZXJhdG9yPi5ub3RFcXVhbHM=	PG9wZXJhdG9yPi5ub3RFcXVhbHM=	U1RBVElDX0RJU1BBVENI	QU5Z	KG5hcGlfZ2V0X2NiX2luZm8oZW52LCBpbmZvLCAmYXJnYywgYXJndiwgTlVMTCwgTlVMTCkpICE9IG5hcGlfb2s=	YmluZGluZ3MuY3Bw	793	107374182593	PG9wZXJhdG9yPi5ub3RFcXVhbHM=
30064771832	107374182466	PG9wZXJhdG9yPi5ub3RFcXVhbHM=	PG9wZXJhdG9yPi5ub3RFcXVhbHM=	U1RBVElDX0RJU1BBVENI	QU5Z	KG5hcGlfZ2V0X3ZhbHVlX2V4dGVybmFsKGVudiwgYXJndlswXSwgKHZvaWQgKiAqKSZkYXRhYmFzZSkpICE9IG5hcGlfb2s=	YmluZGluZ3MuY3Bw	794	107374182593	PG9wZXJhdG9yPi5ub3RFcXVhbHM=
30064771840	107374182466	PG9wZXJhdG9yPi5ub3RFcXVhbHM=	PG9wZXJhdG9yPi5ub3RFcXVhbHM=	U1RBVElDX0RJU1BBVENI	QU5Z	KG5hcGlfZ2V0X3ZhbHVlX3N0cmluZ191dGY4KGVudiwgYXJndlsxXSwgTlVMTCwgMCwgJmxvY2F0aW9uX3NpemUpKSAhPSBuYXBpX29r	YmluZGluZ3MuY3Bw	795	107374182593	PG9wZXJhdG9yPi5ub3RFcXVhbHM=
30064771846	107374182466	PG9wZXJhdG9yPi5uZXc=	PG9wZXJhdG9yPi5uZXc=	U1RBVElDX0RJU1BBVENI	QU5Z	bmV3IGNoYXIgW10=	YmluZGluZ3MuY3Bw	795	107374182574	PG9wZXJhdG9yPi5uZXc=
30064771849	107374182466	PG9wZXJhdG9yPi5ub3RFcXVhbHM=	PG9wZXJhdG9yPi5ub3RFcXVhbHM=	U1RBVElDX0RJU1BBVENI	QU5Z	KG5hcGlfZ2V0X3ZhbHVlX3N0cmluZ191dGY4KGVudiwgYXJndlsxXSwgbG9jYXRpb24sIGxvY2F0aW9uX3NpemUgKyAxLCAmbG9jYXRpb25fc2l6ZSkpICE9IG5hcGlfb2s=	YmluZGluZ3MuY3Bw	795	107374182593	PG9wZXJhdG9yPi5ub3RFcXVhbHM=
30064771856	107374182466	PG9wZXJhdG9yPi5pbmRpcmVjdEluZGV4QWNjZXNz	PG9wZXJhdG9yPi5pbmRpcmVjdEluZGV4QWNjZXNz	U1RBVElDX0RJU1BBVENI	QU5Z	bG9jYXRpb25bbG9jYXRpb25fc2l6ZV0=	YmluZGluZ3MuY3Bw	795	107374182578	PG9wZXJhdG9yPi5pbmRpcmVjdEluZGV4QWNjZXNz
30064771858	107374182466	PG9wZXJhdG9yPi5pbmRpcmVjdEluZGV4QWNjZXNz	PG9wZXJhdG9yPi5pbmRpcmVjdEluZGV4QWNjZXNz	U1RBVElDX0RJU1BBVENI	QU5Z	YXJndlsyXQ==	YmluZGluZ3MuY3Bw	797	107374182578	PG9wZXJhdG9yPi5pbmRpcmVjdEluZGV4QWNjZXNz
30064771860	107374182466	Qm9vbGVhblByb3BlcnR5	Qm9vbGVhblByb3BlcnR5OmJvb2wobmFwaV9lbnZfXyosbmFwaV92YWx1ZV9fKixjaGFyKixib29sKQ==	U1RBVElDX0RJU1BBVENI	Ym9vbA==	Qm9vbGVhblByb3BlcnR5KGVudiwgb3B0aW9ucywgImNyZWF0ZUlmTWlzc2luZyIsIHRydWUp	YmluZGluZ3MuY3Bw	798	107374182662	Qm9vbGVhblByb3BlcnR5OmJvb2wobmFwaV9lbnZfXyosbmFwaV92YWx1ZV9fKixjaGFyKixib29sKQ==
30064771862	107374182466	Qm9vbGVhblByb3BlcnR5	Qm9vbGVhblByb3BlcnR5OmJvb2wobmFwaV9lbnZfXyosbmFwaV92YWx1ZV9fKixjaGFyKixib29sKQ==	U1RBVElDX0RJU1BBVENI	Ym9vbA==	Qm9vbGVhblByb3BlcnR5KGVudiwgb3B0aW9ucywgImVycm9ySWZFeGlzdHMiLCBmYWxzZSk=	YmluZGluZ3MuY3Bw	799	107374182662	Qm9vbGVhblByb3BlcnR5OmJvb2wobmFwaV9lbnZfXyosbmFwaV92YWx1ZV9fKixjaGFyKixib29sKQ==
30064771864	107374182466	Qm9vbGVhblByb3BlcnR5	Qm9vbGVhblByb3BlcnR5OmJvb2wobmFwaV9lbnZfXyosbmFwaV92YWx1ZV9fKixjaGFyKixib29sKQ==	U1RBVElDX0RJU1BBVENI	Ym9vbA==	Qm9vbGVhblByb3BlcnR5KGVudiwgb3B0aW9ucywgImNvbXByZXNzaW9uIiwgdHJ1ZSk=	YmluZGluZ3MuY3Bw	800	107374182662	Qm9vbGVhblByb3BlcnR5OmJvb2wobmFwaV9lbnZfXyosbmFwaV92YWx1ZV9fKixjaGFyKixib29sKQ==
30064771866	107374182466	VWludDMyUHJvcGVydHk=	PHVucmVzb2x2ZWROYW1lc3BhY2U+LlVpbnQzMlByb3BlcnR5Ojx1bnJlc29sdmVkU2lnbmF0dXJlPig0KQ==	U1RBVElDX0RJU1BBVENI	QU5Z	VWludDMyUHJvcGVydHkoZW52LCBvcHRpb25zLCAiY2FjaGVTaXplIiwgOCA8PCAyMCk=	YmluZGluZ3MuY3Bw	802	107374182663	PHVucmVzb2x2ZWROYW1lc3BhY2U+LlVpbnQzMlByb3BlcnR5Ojx1bnJlc29sdmVkU2lnbmF0dXJlPig0KQ==
30064771869	107374182466	VWludDMyUHJvcGVydHk=	PHVucmVzb2x2ZWROYW1lc3BhY2U+LlVpbnQzMlByb3BlcnR5Ojx1bnJlc29sdmVkU2lnbmF0dXJlPig0KQ==	U1RBVElDX0RJU1BBVENI	QU5Z	VWludDMyUHJvcGVydHkoZW52LCBvcHRpb25zICwgIndyaXRlQnVmZmVyU2l6ZSIgLCA0IDw8IDIwKQ==	YmluZGluZ3MuY3Bw	803	107374182663	PHVucmVzb2x2ZWROYW1lc3BhY2U+LlVpbnQzMlByb3BlcnR5Ojx1bnJlc29sdmVkU2lnbmF0dXJlPig0KQ==
30064771872	107374182466	VWludDMyUHJvcGVydHk=	PHVucmVzb2x2ZWROYW1lc3BhY2U+LlVpbnQzMlByb3BlcnR5Ojx1bnJlc29sdmVkU2lnbmF0dXJlPig0KQ==	U1RBVElDX0RJU1BBVENI	QU5Z	VWludDMyUHJvcGVydHkoZW52LCBvcHRpb25zLCAiYmxvY2tTaXplIiwgNDA5Nik=	YmluZGluZ3MuY3Bw	804	107374182663	PHVucmVzb2x2ZWROYW1lc3BhY2U+LlVpbnQzMlByb3BlcnR5Ojx1bnJlc29sdmVkU2lnbmF0dXJlPig0KQ==
30064771874	107374182466	VWludDMyUHJvcGVydHk=	PHVucmVzb2x2ZWROYW1lc3BhY2U+LlVpbnQzMlByb3BlcnR5Ojx1bnJlc29sdmVkU2lnbmF0dXJlPig0KQ==	U1RBVElDX0RJU1BBVENI	QU5Z	VWludDMyUHJvcGVydHkoZW52LCBvcHRpb25zLCAibWF4T3BlbkZpbGVzIiwgMTAwMCk=	YmluZGluZ3MuY3Bw	805	107374182663	PHVucmVzb2x2ZWROYW1lc3BhY2U+LlVpbnQzMlByb3BlcnR5Ojx1bnJlc29sdmVkU2lnbmF0dXJlPig0KQ==
30064771876	107374182466	VWludDMyUHJvcGVydHk=	PHVucmVzb2x2ZWROYW1lc3BhY2U+LlVpbnQzMlByb3BlcnR5Ojx1bnJlc29sdmVkU2lnbmF0dXJlPig0KQ==	U1RBVElDX0RJU1BBVENI	QU5Z	VWludDMyUHJvcGVydHkoZW52LCBvcHRpb25zLAogICAgICAgICAgICAgICAgICAgICAgICAgICAgICAgICAgICAgICAgICAgICAgICAgImJsb2NrUmVzdGFydEludGVydmFsIiwgMTYp	YmluZGluZ3MuY3Bw	806	107374182663	PHVucmVzb2x2ZWROYW1lc3BhY2U+LlVpbnQzMlByb3BlcnR5Ojx1bnJlc29sdmVkU2lnbmF0dXJlPig0KQ==
30064771878	107374182466	VWludDMyUHJvcGVydHk=	PHVucmVzb2x2ZWROYW1lc3BhY2U+LlVpbnQzMlByb3BlcnR5Ojx1bnJlc29sdmVkU2lnbmF0dXJlPig0KQ==	U1RBVElDX0RJU1BBVENI	QU5Z	VWludDMyUHJvcGVydHkoZW52LCBvcHRpb25zLCAibWF4RmlsZVNpemUiLCAyIDw8IDIwKQ==	YmluZGluZ3MuY3Bw	808	107374182663	PHVucmVzb2x2ZWROYW1lc3BhY2U+LlVpbnQzMlByb3BlcnR5Ojx1bnJlc29sdmVkU2lnbmF0dXJlPig0KQ==
30064771881	107374182466	PG9wZXJhdG9yPi5pbmRpcmVjdEZpZWxkQWNjZXNz	PG9wZXJhdG9yPi5pbmRpcmVjdEZpZWxkQWNjZXNz	U1RBVElDX0RJU1BBVENI	QU5Z	ZGF0YWJhc2UtPmJsb2NrQ2FjaGVf	YmluZGluZ3MuY3Bw	810	107374182595	PG9wZXJhdG9yPi5pbmRpcmVjdEZpZWxkQWNjZXNz
30064771882	107374182466	TmV3TFJVQ2FjaGU=	PHVucmVzb2x2ZWROYW1lc3BhY2U+Lk5ld0xSVUNhY2hlOjx1bnJlc29sdmVkU2lnbmF0dXJlPigxKQ==	U1RBVElDX0RJU1BBVENI	QU5Z	bGV2ZWxkYjo6TmV3TFJVQ2FjaGUoY2FjaGVTaXplKQ==	YmluZGluZ3MuY3Bw	810	107374182665	PHVucmVzb2x2ZWROYW1lc3BhY2U+Lk5ld0xSVUNhY2hlOjx1bnJlc29sdmVkU2lnbmF0dXJlPigxKQ==
30064771884	107374182466	PG9wZXJhdG9yPi5pbmRpcmVjdEluZGV4QWNjZXNz	PG9wZXJhdG9yPi5pbmRpcmVjdEluZGV4QWNjZXNz	U1RBVElDX0RJU1BBVENI	QU5Z	YXJndlszXQ==	YmluZGluZ3MuY3Bw	812	107374182578	PG9wZXJhdG9yPi5pbmRpcmVjdEluZGV4QWNjZXNz
30064771886	107374182466	PG9wZXJhdG9yPi5uZXc=	PG9wZXJhdG9yPi5uZXc=	U1RBVElDX0RJU1BBVENI	QU5Z	bmV3IE9wZW5Xb3JrZXIoZW52LCBkYXRhYmFzZSwgY2FsbGJhY2ssIGxvY2F0aW9uLAogICAgICAgICAgICAgICAgICAgICAgICAgICAgICAgICAgICAgIGNyZWF0ZUlmTWlzc2luZywgZXJyb3JJZkV4aXN0cywKICAgICAgICAgICAgICAgICAgICAgICAgICAgICAgICAgICAgICBjb21wcmVzc2lvbiwgd3JpdGVCdWZmZXJTaXplLCBibG9ja1NpemUsCiAgICAgICAgICAgICAgICAgICAgICAgICAgICAgICAgICAgICAgbWF4T3BlbkZpbGVzLCBibG9ja1Jlc3RhcnRJbnRlcnZhbCwKICAgICAgICAgICAgICAgICAgICAgICAgICAgICAgICAgICAgICBtYXhGaWxlU2l6ZSk=	YmluZGluZ3MuY3Bw	813	107374182574	PG9wZXJhdG9yPi5uZXc=
30064771823	107374182466	PG9wZXJhdG9yPi5hc3NpZ25tZW50	PG9wZXJhdG9yPi5hc3NpZ25tZW50	U1RBVElDX0RJU1BBVENI	dm9pZA==	bmFwaV92YWx1ZSBbXQ==	YmluZGluZ3MuY3Bw	793	107374182564	PG9wZXJhdG9yPi5hc3NpZ25tZW50
30064771827	107374182466	bmFwaV9nZXRfY2JfaW5mbw==	PHVucmVzb2x2ZWROYW1lc3BhY2U+Lm5hcGlfZ2V0X2NiX2luZm86PHVucmVzb2x2ZWRTaWduYXR1cmU+KDYp	U1RBVElDX0RJU1BBVENI	QU5Z	bmFwaV9nZXRfY2JfaW5mbyhlbnYsIGluZm8sICZhcmdjLCBhcmd2LCBOVUxMLCBOVUxMKQ==	YmluZGluZ3MuY3Bw	793	107374182660	PHVucmVzb2x2ZWROYW1lc3BhY2U+Lm5hcGlfZ2V0X2NiX2luZm86PHVucmVzb2x2ZWRTaWduYXR1cmU+KDYp
30064771829	107374182466	bmFwaV90aHJvd19lcnJvcg==	PHVucmVzb2x2ZWROYW1lc3BhY2U+Lm5hcGlfdGhyb3dfZXJyb3I6PHVucmVzb2x2ZWRTaWduYXR1cmU+KDMp	U1RBVElDX0RJU1BBVENI	QU5Z	bmFwaV90aHJvd19lcnJvcihlbnYsIE5VTEwsICJuYXBpX2dldF9jYl9pbmZvKGVudiwgaW5mbywgJmFyZ2MsIGFyZ3YsIE5VTEwsIE5VTEwpIGZhaWxlZCEiKQ==	YmluZGluZ3MuY3Bw	793	107374182596	PHVucmVzb2x2ZWROYW1lc3BhY2U+Lm5hcGlfdGhyb3dfZXJyb3I6PHVucmVzb2x2ZWRTaWduYXR1cmU+KDMp
30064771831	107374182466	PG9wZXJhdG9yPi5hc3NpZ25tZW50	PG9wZXJhdG9yPi5hc3NpZ25tZW50	U1RBVElDX0RJU1BBVENI	dm9pZA==	RGF0YWJhc2UgKg==	YmluZGluZ3MuY3Bw	794	107374182564	PG9wZXJhdG9yPi5hc3NpZ25tZW50
30064771833	107374182466	bmFwaV9nZXRfdmFsdWVfZXh0ZXJuYWw=	bmFwaV9nZXRfdmFsdWVfZXh0ZXJuYWw=	U1RBVElDX0RJU1BBVENI	QU5Z	bmFwaV9nZXRfdmFsdWVfZXh0ZXJuYWwoZW52LCBhcmd2WzBdLCAodm9pZCAqICopJmRhdGFiYXNlKQ==	YmluZGluZ3MuY3Bw	794	107374182661	bmFwaV9nZXRfdmFsdWVfZXh0ZXJuYWw=
30064771837	107374182466	bmFwaV90aHJvd19lcnJvcg==	PHVucmVzb2x2ZWROYW1lc3BhY2U+Lm5hcGlfdGhyb3dfZXJyb3I6PHVucmVzb2x2ZWRTaWduYXR1cmU+KDMp	U1RBVElDX0RJU1BBVENI	QU5Z	bmFwaV90aHJvd19lcnJvcihlbnYsIE5VTEwsICJuYXBpX2dldF92YWx1ZV9leHRlcm5hbChlbnYsIGFyZ3ZbMF0sICh2b2lkKiopJmRhdGFiYXNlKSBmYWlsZWQhIik=	YmluZGluZ3MuY3Bw	794	107374182596	PHVucmVzb2x2ZWROYW1lc3BhY2U+Lm5hcGlfdGhyb3dfZXJyb3I6PHVucmVzb2x2ZWRTaWduYXR1cmU+KDMp
30064771839	107374182466	PG9wZXJhdG9yPi5hc3NpZ25tZW50	PG9wZXJhdG9yPi5hc3NpZ25tZW50	U1RBVElDX0RJU1BBVENI	dm9pZA==	c2l6ZV90	YmluZGluZ3MuY3Bw	795	107374182564	PG9wZXJhdG9yPi5hc3NpZ25tZW50
30064771841	107374182466	bmFwaV9nZXRfdmFsdWVfc3RyaW5nX3V0Zjg=	PHVucmVzb2x2ZWROYW1lc3BhY2U+Lm5hcGlfZ2V0X3ZhbHVlX3N0cmluZ191dGY4Ojx1bnJlc29sdmVkU2lnbmF0dXJlPig1KQ==	U1RBVElDX0RJU1BBVENI	QU5Z	bmFwaV9nZXRfdmFsdWVfc3RyaW5nX3V0ZjgoZW52LCBhcmd2WzFdLCBOVUxMLCAwLCAmbG9jYXRpb25fc2l6ZSk=	YmluZGluZ3MuY3Bw	795	107374182573	PHVucmVzb2x2ZWROYW1lc3BhY2U+Lm5hcGlfZ2V0X3ZhbHVlX3N0cmluZ191dGY4Ojx1bnJlc29sdmVkU2lnbmF0dXJlPig1KQ==
30064771844	107374182466	bmFwaV90aHJvd19lcnJvcg==	PHVucmVzb2x2ZWROYW1lc3BhY2U+Lm5hcGlfdGhyb3dfZXJyb3I6PHVucmVzb2x2ZWRTaWduYXR1cmU+KDMp	U1RBVElDX0RJU1BBVENI	QU5Z	bmFwaV90aHJvd19lcnJvcihlbnYsIE5VTEwsICJuYXBpX2dldF92YWx1ZV9zdHJpbmdfdXRmOChlbnYsIGFyZ3ZbMV0sIE5VTEwsIDAsICZsb2NhdGlvbl9zaXplKSBmYWlsZWQhIik=	YmluZGluZ3MuY3Bw	795	107374182596	PHVucmVzb2x2ZWROYW1lc3BhY2U+Lm5hcGlfdGhyb3dfZXJyb3I6PHVucmVzb2x2ZWRTaWduYXR1cmU+KDMp
30064771847	107374182466	PG9wZXJhdG9yPi5hbGxvYw==	PG9wZXJhdG9yPi5hbGxvYw==	U1RBVElDX0RJU1BBVENI	QU5Z	bmV3IGNoYXIgW10=	YmluZGluZ3MuY3Bw	795	107374182575	PG9wZXJhdG9yPi5hbGxvYw==
30064771850	107374182466	bmFwaV9nZXRfdmFsdWVfc3RyaW5nX3V0Zjg=	bmFwaV9nZXRfdmFsdWVfc3RyaW5nX3V0Zjg=	U1RBVElDX0RJU1BBVENI	QU5Z	bmFwaV9nZXRfdmFsdWVfc3RyaW5nX3V0ZjgoZW52LCBhcmd2WzFdLCBsb2NhdGlvbiwgbG9jYXRpb25fc2l6ZSArIDEsICZsb2NhdGlvbl9zaXplKQ==	YmluZGluZ3MuY3Bw	795	107374182577	bmFwaV9nZXRfdmFsdWVfc3RyaW5nX3V0Zjg=
30064771854	107374182466	bmFwaV90aHJvd19lcnJvcg==	PHVucmVzb2x2ZWROYW1lc3BhY2U+Lm5hcGlfdGhyb3dfZXJyb3I6PHVucmVzb2x2ZWRTaWduYXR1cmU+KDMp	U1RBVElDX0RJU1BBVENI	QU5Z	bmFwaV90aHJvd19lcnJvcihlbnYsIE5VTEwsICJuYXBpX2dldF92YWx1ZV9zdHJpbmdfdXRmOChlbnYsIGFyZ3ZbMV0sIGxvY2F0aW9uLCBsb2NhdGlvbl9zaXplICsgMSwgJmxvY2F0aW9uX3NpemUpIGZhaWxlZCEiKQ==	YmluZGluZ3MuY3Bw	795	107374182596	PHVucmVzb2x2ZWROYW1lc3BhY2U+Lm5hcGlfdGhyb3dfZXJyb3I6PHVucmVzb2x2ZWRTaWduYXR1cmU+KDMp
30064771867	107374182466	PG9wZXJhdG9yPi5zaGlmdExlZnQ=	PG9wZXJhdG9yPi5zaGlmdExlZnQ=	U1RBVElDX0RJU1BBVENI	QU5Z	OCA8PCAyMA==	YmluZGluZ3MuY3Bw	802	107374182664	PG9wZXJhdG9yPi5zaGlmdExlZnQ=
30064771870	107374182466	PG9wZXJhdG9yPi5zaGlmdExlZnQ=	PG9wZXJhdG9yPi5zaGlmdExlZnQ=	U1RBVElDX0RJU1BBVENI	QU5Z	NCA8PCAyMA==	YmluZGluZ3MuY3Bw	803	107374182664	PG9wZXJhdG9yPi5zaGlmdExlZnQ=
30064771879	107374182466	PG9wZXJhdG9yPi5zaGlmdExlZnQ=	PG9wZXJhdG9yPi5zaGlmdExlZnQ=	U1RBVElDX0RJU1BBVENI	QU5Z	MiA8PCAyMA==	YmluZGluZ3MuY3Bw	808	107374182664	PG9wZXJhdG9yPi5zaGlmdExlZnQ=
30064771824	107374182466	PG9wZXJhdG9yPi5hbGxvYw==	PG9wZXJhdG9yPi5hbGxvYw==	U1RBVElDX0RJU1BBVENI	bmFwaV92YWx1ZVs0XQ==	bmFwaV92YWx1ZSBbXQ==	YmluZGluZ3MuY3Bw	793	107374182575	PG9wZXJhdG9yPi5hbGxvYw==
30064771828	107374182466	PG9wZXJhdG9yPi5hZGRyZXNzT2Y=	PG9wZXJhdG9yPi5hZGRyZXNzT2Y=	U1RBVElDX0RJU1BBVENI	QU5Z	JmFyZ2M=	YmluZGluZ3MuY3Bw	793	107374182558	PG9wZXJhdG9yPi5hZGRyZXNzT2Y=
30064771834	107374182466	PG9wZXJhdG9yPi5pbmRpcmVjdEluZGV4QWNjZXNz	PG9wZXJhdG9yPi5pbmRpcmVjdEluZGV4QWNjZXNz	U1RBVElDX0RJU1BBVENI	QU5Z	YXJndlswXQ==	YmluZGluZ3MuY3Bw	794	107374182578	PG9wZXJhdG9yPi5pbmRpcmVjdEluZGV4QWNjZXNz
30064771835	107374182466	PG9wZXJhdG9yPi5jYXN0	PG9wZXJhdG9yPi5jYXN0	U1RBVElDX0RJU1BBVENI	dm9pZA==	KHZvaWQgKiAqKSZkYXRhYmFzZQ==	YmluZGluZ3MuY3Bw	794	107374182585	PG9wZXJhdG9yPi5jYXN0
30064771842	107374182466	PG9wZXJhdG9yPi5pbmRpcmVjdEluZGV4QWNjZXNz	PG9wZXJhdG9yPi5pbmRpcmVjdEluZGV4QWNjZXNz	U1RBVElDX0RJU1BBVENI	QU5Z	YXJndlsxXQ==	YmluZGluZ3MuY3Bw	795	107374182578	PG9wZXJhdG9yPi5pbmRpcmVjdEluZGV4QWNjZXNz
30064771843	107374182466	PG9wZXJhdG9yPi5hZGRyZXNzT2Y=	PG9wZXJhdG9yPi5hZGRyZXNzT2Y=	U1RBVElDX0RJU1BBVENI	QU5Z	JmxvY2F0aW9uX3NpemU=	YmluZGluZ3MuY3Bw	795	107374182558	PG9wZXJhdG9yPi5hZGRyZXNzT2Y=
30064771848	107374182466	PG9wZXJhdG9yPi5hZGRpdGlvbg==	PG9wZXJhdG9yPi5hZGRpdGlvbg==	U1RBVElDX0RJU1BBVENI	QU5Z	bG9jYXRpb25fc2l6ZSArIDE=	YmluZGluZ3MuY3Bw	795	107374182576	PG9wZXJhdG9yPi5hZGRpdGlvbg==
30064771851	107374182466	PG9wZXJhdG9yPi5pbmRpcmVjdEluZGV4QWNjZXNz	PG9wZXJhdG9yPi5pbmRpcmVjdEluZGV4QWNjZXNz	U1RBVElDX0RJU1BBVENI	QU5Z	YXJndlsxXQ==	YmluZGluZ3MuY3Bw	795	107374182578	PG9wZXJhdG9yPi5pbmRpcmVjdEluZGV4QWNjZXNz
30064771852	107374182466	PG9wZXJhdG9yPi5hZGRpdGlvbg==	PG9wZXJhdG9yPi5hZGRpdGlvbg==	U1RBVElDX0RJU1BBVENI	QU5Z	bG9jYXRpb25fc2l6ZSArIDE=	YmluZGluZ3MuY3Bw	795	107374182576	PG9wZXJhdG9yPi5hZGRpdGlvbg==
30064771853	107374182466	PG9wZXJhdG9yPi5hZGRyZXNzT2Y=	PG9wZXJhdG9yPi5hZGRyZXNzT2Y=	U1RBVElDX0RJU1BBVENI	QU5Z	JmxvY2F0aW9uX3NpemU=	YmluZGluZ3MuY3Bw	795	107374182558	PG9wZXJhdG9yPi5hZGRyZXNzT2Y=
30064771887	107374182466	PG9wZXJhdG9yPi5hc3NpZ25tZW50	PG9wZXJhdG9yPi5hc3NpZ25tZW50	U1RBVElDX0RJU1BBVENI	QU5Z	PHRtcD4wID0gPG9wZXJhdG9yPi5hbGxvYw==	YmluZGluZ3MuY3Bw	813	107374182564	PG9wZXJhdG9yPi5hc3NpZ25tZW50
30064771889	107374182466	T3Blbldvcmtlcg==	T3Blbldvcmtlci5PcGVuV29ya2VyOnZvaWQobmFwaV9lbnZfXyosRGF0YWJhc2UqLG5hcGlfdmFsdWVfXyosY2hhciosYm9vbCxib29sLGJvb2wsQU5ZLEFOWSxBTlksQU5ZLEFOWSk=	U1RBVElDX0RJU1BBVENI	dm9pZA==	bmV3IE9wZW5Xb3JrZXIoZW52LCBkYXRhYmFzZSwgY2FsbGJhY2ssIGxvY2F0aW9uLAogICAgICAgICAgICAgICAgICAgICAgICAgICAgICAgICAgICAgIGNyZWF0ZUlmTWlzc2luZywgZXJyb3JJZkV4aXN0cywKICAgICAgICAgICAgICAgICAgICAgICAgICAgICAgICAgICAgICBjb21wcmVzc2lvbiwgd3JpdGVCdWZmZXJTaXplLCBibG9ja1NpemUsCiAgICAgICAgICAgICAgICAgICAgICAgICAgICAgICAgICAgICAgbWF4T3BlbkZpbGVzLCBibG9ja1Jlc3RhcnRJbnRlcnZhbCwKICAgICAgICAgICAgICAgICAgICAgICAgICAgICAgICAgICAgICBtYXhGaWxlU2l6ZSk=	YmluZGluZ3MuY3Bw	813	107374182666	T3Blbldvcmtlci5PcGVuV29ya2VyOnZvaWQobmFwaV9lbnZfXyosRGF0YWJhc2UqLG5hcGlfdmFsdWVfXyosY2hhciosYm9vbCxib29sLGJvb2wsQU5ZLEFOWSxBTlksQU5ZLEFOWSk=
30064771836	107374182466	PG9wZXJhdG9yPi5hZGRyZXNzT2Y=	PG9wZXJhdG9yPi5hZGRyZXNzT2Y=	U1RBVElDX0RJU1BBVENI	QU5Z	JmRhdGFiYXNl	YmluZGluZ3MuY3Bw	794	107374182558	PG9wZXJhdG9yPi5hZGRyZXNzT2Y=
30064771888	107374182466	PG9wZXJhdG9yPi5hbGxvYw==	PG9wZXJhdG9yPi5hbGxvYw==	U1RBVElDX0RJU1BBVENI	QU5Z	PG9wZXJhdG9yPi5hbGxvYw==	YmluZGluZ3MuY3Bw	813	107374182575	PG9wZXJhdG9yPi5hbGxvYw==
30064771890	107374182466	PG9wZXJhdG9yPi5hZGRyZXNzT2Y=	PG9wZXJhdG9yPi5hZGRyZXNzT2Y=	U1RBVElDX0RJU1BBVENI	QU5Z	Jjx0bXA+MA==	YmluZGluZ3MuY3Bw	813	107374182558	PG9wZXJhdG9yPi5hZGRyZXNzT2Y=
30064771894	107374182467	PG9wZXJhdG9yPi5hc3NpZ25tZW50	PG9wZXJhdG9yPi5hc3NpZ25tZW50	U1RBVElDX0RJU1BBVENI	dm9pZA==	dGhpcy0+QmFzZVdvcmtlciA9IGVudg==	YmluZGluZ3MuY3Bw	831	107374182564	PG9wZXJhdG9yPi5hc3NpZ25tZW50
30064771895	107374182467	PG9wZXJhdG9yPi5pbmRpcmVjdEZpZWxkQWNjZXNz	PG9wZXJhdG9yPi5pbmRpcmVjdEZpZWxkQWNjZXNz	U1RBVElDX0RJU1BBVENI	Q2xvc2VXb3JrZXIq	dGhpcy0+QmFzZVdvcmtlcg==	YmluZGluZ3MuY3Bw	831	107374182595	PG9wZXJhdG9yPi5pbmRpcmVjdEZpZWxkQWNjZXNz
30064771896	107374182469	Q2xvc2VEYXRhYmFzZQ==	RGF0YWJhc2UuQ2xvc2VEYXRhYmFzZTp2b2lkKCk=	U1RBVElDX0RJU1BBVENI	dm9pZA==	ZGF0YWJhc2VfLT5DbG9zZURhdGFiYXNlKCk=	YmluZGluZ3MuY3Bw	836	107374182431	RGF0YWJhc2UuQ2xvc2VEYXRhYmFzZTp2b2lkKCk=
30064771897	107374182469	PG9wZXJhdG9yPi5pbmRpcmVjdEZpZWxkQWNjZXNz	PG9wZXJhdG9yPi5pbmRpcmVjdEZpZWxkQWNjZXNz	U1RBVElDX0RJU1BBVENI	RGF0YWJhc2Uq	dGhpcy0+ZGF0YWJhc2Vf	YmluZGluZ3MuY3Bw	836	107374182595	PG9wZXJhdG9yPi5pbmRpcmVjdEZpZWxkQWNjZXNz
30064771898	107374182471	TkFQSV9BUkdW	L3RtcC9jbGF1ZGUtMC8taG9tZS11c2VyLWJ1Zy10cmFja2VyLzYzYjcwZTVhLTc1ZDMtNWRhMi1hZTgxLWUwMDk2MTI4N2M2ZS9zY3JhdGNocGFkL3ZhbDEwL0A4Y3JhZnRlcl9fbGV2ZWxkYi16bGliL3BrZy9wYWNrYWdlL3NyYy9uYXBpLW1hY3Jvcy5oOk5BUElfQVJHVjpBTlkoMSk=	SU5MSU5FRA==	QU5Z	TkFQSV9BUkdWKDIp	YmluZGluZ3MuY3Bw	848	107374182550	L3RtcC9jbGF1ZGUtMC8taG9tZS11c2VyLWJ1Zy10cmFja2VyLzYzYjcwZTVhLTc1ZDMtNWRhMi1hZTgxLWUwMDk2MTI4N2M2ZS9zY3JhdGNocGFkL3ZhbDEwL0A4Y3JhZnRlcl9fbGV2ZWxkYi16bGliL3BrZy9wYWNrYWdlL3NyYy9uYXBpLW1hY3Jvcy5oOk5BUElfQVJHVjpBTlkoMSk=
30064771901	107374182471	PG9wZXJhdG9yPi5hc3NpZ25tZW50	PG9wZXJhdG9yPi5hc3NpZ25tZW50	U1RBVElDX0RJU1BBVENI	dm9pZA==	c2l6ZV90	YmluZGluZ3MuY3Bw	848	107374182564	PG9wZXJhdG9yPi5hc3NpZ25tZW50
30064771906	107374182471	TkFQSV9EQl9DT05URVhU	YmluZGluZ3MuY3BwOk5BUElfREJfQ09OVEVYVDpBTlkoMCk=	SU5MSU5FRA==	QU5Z	TkFQSV9EQl9DT05URVhUKCk=	YmluZGluZ3MuY3Bw	849	107374182551	YmluZGluZ3MuY3BwOk5BUElfREJfQ09OVEVYVDpBTlkoMCk=
30064771914	107374182471	PG9wZXJhdG9yPi5hc3NpZ25tZW50	PG9wZXJhdG9yPi5hc3NpZ25tZW50	U1RBVElDX0RJU1BBVENI	dm9pZA==	Y2FsbGJhY2sgPSBhcmd2WzFd	YmluZGluZ3MuY3Bw	851	107374182564	PG9wZXJhdG9yPi5hc3NpZ25tZW50
30064771916	107374182471	PG9wZXJhdG9yPi5hc3NpZ25tZW50	PG9wZXJhdG9yPi5hc3NpZ25tZW50	U1RBVElDX0RJU1BBVENI	dm9pZA==	d29ya2VyID0gbmV3IENsb3NlV29ya2VyKGVudiwgZGF0YWJhc2UsIGNhbGxiYWNrKQ==	YmluZGluZ3MuY3Bw	852	107374182564	PG9wZXJhdG9yPi5hc3NpZ25tZW50
30064771926	107374182471	PG9wZXJhdG9yPi5hc3NpZ25tZW50	PG9wZXJhdG9yPi5hc3NpZ25tZW50	U1RBVElDX0RJU1BBVENI	QU5Z	ZGF0YWJhc2UtPnBlbmRpbmdDbG9zZVdvcmtlcl8gPSB3b3JrZXI=	YmluZGluZ3MuY3Bw	859	107374182564	PG9wZXJhdG9yPi5hc3NpZ25tZW50
30064771928	107374182471	bmFwaV9jcmVhdGVfZnVuY3Rpb24=	PHVucmVzb2x2ZWROYW1lc3BhY2U+Lm5hcGlfY3JlYXRlX2Z1bmN0aW9uOjx1bnJlc29sdmVkU2lnbmF0dXJlPig2KQ==	U1RBVElDX0RJU1BBVENI	QU5Z	bmFwaV9jcmVhdGVfZnVuY3Rpb24oZW52LCBOVUxMLCAwLCBub29wX2NhbGxiYWNrLCBOVUxMLCAmbm9vcCk=	YmluZGluZ3MuY3Bw	862	107374182670	PHVucmVzb2x2ZWROYW1lc3BhY2U+Lm5hcGlfY3JlYXRlX2Z1bmN0aW9uOjx1bnJlc29sdmVkU2lnbmF0dXJlPig2KQ==
30064771930	107374182471	PG9wZXJhdG9yPi5hc3NpZ25tZW50	PG9wZXJhdG9yPi5hc3NpZ25tZW50	U1RBVElDX0RJU1BBVENI	dm9pZA==	aXRlcmF0b3JzID0gZGF0YWJhc2UtPml0ZXJhdG9yc18=	YmluZGluZ3MuY3Bw	864	107374182564	PG9wZXJhdG9yPi5hc3NpZ25tZW50
30064771939	107374182471	TkFQSV9SRVRVUk5fVU5ERUZJTkVE	YmluZGluZ3MuY3BwOk5BUElfUkVUVVJOX1VOREVGSU5FRDpBTlkoMCk=	SU5MSU5FRA==	QU5Z	TkFQSV9SRVRVUk5fVU5ERUZJTkVEKCk=	YmluZGluZ3MuY3Bw	871	107374182553	YmluZGluZ3MuY3BwOk5BUElfUkVUVVJOX1VOREVGSU5FRDpBTlkoMCk=
30064771902	107374182471	PG9wZXJhdG9yPi5ub3RFcXVhbHM=	PG9wZXJhdG9yPi5ub3RFcXVhbHM=	U1RBVElDX0RJU1BBVENI	QU5Z	KG5hcGlfZ2V0X2NiX2luZm8oZW52LCBpbmZvLCAmYXJnYywgYXJndiwgTlVMTCwgTlVMTCkpICE9IG5hcGlfb2s=	YmluZGluZ3MuY3Bw	848	107374182593	PG9wZXJhdG9yPi5ub3RFcXVhbHM=
30064771908	107374182471	PG9wZXJhdG9yPi5ub3RFcXVhbHM=	PG9wZXJhdG9yPi5ub3RFcXVhbHM=	U1RBVElDX0RJU1BBVENI	QU5Z	KG5hcGlfZ2V0X3ZhbHVlX2V4dGVybmFsKGVudiwgYXJndlswXSwgKHZvaWQgKiAqKSZkYXRhYmFzZSkpICE9IG5hcGlfb2s=	YmluZGluZ3MuY3Bw	849	107374182593	PG9wZXJhdG9yPi5ub3RFcXVhbHM=
30064771915	107374182471	PG9wZXJhdG9yPi5pbmRpcmVjdEluZGV4QWNjZXNz	PG9wZXJhdG9yPi5pbmRpcmVjdEluZGV4QWNjZXNz	U1RBVElDX0RJU1BBVENI	QU5Z	YXJndlsxXQ==	YmluZGluZ3MuY3Bw	851	107374182578	PG9wZXJhdG9yPi5pbmRpcmVjdEluZGV4QWNjZXNz
30064771917	107374182471	PG9wZXJhdG9yPi5uZXc=	PG9wZXJhdG9yPi5uZXc=	U1RBVElDX0RJU1BBVENI	QU5Z	bmV3IENsb3NlV29ya2VyKGVudiwgZGF0YWJhc2UsIGNhbGxiYWNrKQ==	YmluZGluZ3MuY3Bw	852	107374182574	PG9wZXJhdG9yPi5uZXc=
30064771922	107374182471	PG9wZXJhdG9yPi5sb2dpY2FsTm90	PG9wZXJhdG9yPi5sb2dpY2FsTm90	U1RBVElDX0RJU1BBVENI	QU5Z	IWRhdGFiYXNlLT5IYXNQcmlvcml0eVdvcmsoKQ==	YmluZGluZ3MuY3Bw	854	107374182580	PG9wZXJhdG9yPi5sb2dpY2FsTm90
30064771927	107374182471	PG9wZXJhdG9yPi5pbmRpcmVjdEZpZWxkQWNjZXNz	PG9wZXJhdG9yPi5pbmRpcmVjdEZpZWxkQWNjZXNz	U1RBVElDX0RJU1BBVENI	QU5Z	ZGF0YWJhc2UtPnBlbmRpbmdDbG9zZVdvcmtlcl8=	YmluZGluZ3MuY3Bw	859	107374182595	PG9wZXJhdG9yPi5pbmRpcmVjdEZpZWxkQWNjZXNz
30064771929	107374182471	PG9wZXJhdG9yPi5hZGRyZXNzT2Y=	PG9wZXJhdG9yPi5hZGRyZXNzT2Y=	U1RBVElDX0RJU1BBVENI	QU5Z	Jm5vb3A=	YmluZGluZ3MuY3Bw	862	107374182558	PG9wZXJhdG9yPi5hZGRyZXNzT2Y=
30064771931	107374182471	PG9wZXJhdG9yPi5pbmRpcmVjdEZpZWxkQWNjZXNz	PG9wZXJhdG9yPi5pbmRpcmVjdEZpZWxkQWNjZXNz	U1RBVElDX0RJU1BBVENI	QU5Z	ZGF0YWJhc2UtPml0ZXJhdG9yc18=	YmluZGluZ3MuY3Bw	864	107374182595	PG9wZXJhdG9yPi5pbmRpcmVjdEZpZWxkQWNjZXNz
30064771932	107374182471	PG9wZXJhdG9yPi5hc3NpZ25tZW50	PG9wZXJhdG9yPi5hc3NpZ25tZW50	U1RBVElDX0RJU1BBVENI	QU5Z	aXQgPSBpdGVyYXRvcnMuYmVnaW4oKQ==	YmluZGluZ3MuY3Bw	867	107374182564	PG9wZXJhdG9yPi5hc3NpZ25tZW50
30064771934	107374182471	PG9wZXJhdG9yPi5ub3RFcXVhbHM=	PG9wZXJhdG9yPi5ub3RFcXVhbHM=	U1RBVElDX0RJU1BBVENI	QU5Z	aXQgIT0gaXRlcmF0b3JzLmVuZCgp	YmluZGluZ3MuY3Bw	867	107374182593	PG9wZXJhdG9yPi5ub3RFcXVhbHM=
30064771936	107374182471	PG9wZXJhdG9yPi5wcmVJbmNyZW1lbnQ=	PG9wZXJhdG9yPi5wcmVJbmNyZW1lbnQ=	U1RBVElDX0RJU1BBVENI	QU5Z	KytpdA==	YmluZGluZ3MuY3Bw	867	107374182624	PG9wZXJhdG9yPi5wcmVJbmNyZW1lbnQ=
30064771899	107374182471	PG9wZXJhdG9yPi5hc3NpZ25tZW50	PG9wZXJhdG9yPi5hc3NpZ25tZW50	U1RBVElDX0RJU1BBVENI	dm9pZA==	bmFwaV92YWx1ZSBbXQ==	YmluZGluZ3MuY3Bw	848	107374182564	PG9wZXJhdG9yPi5hc3NpZ25tZW50
30064771903	107374182471	bmFwaV9nZXRfY2JfaW5mbw==	PHVucmVzb2x2ZWROYW1lc3BhY2U+Lm5hcGlfZ2V0X2NiX2luZm86PHVucmVzb2x2ZWRTaWduYXR1cmU+KDYp	U1RBVElDX0RJU1BBVENI	QU5Z	bmFwaV9nZXRfY2JfaW5mbyhlbnYsIGluZm8sICZhcmdjLCBhcmd2LCBOVUxMLCBOVUxMKQ==	YmluZGluZ3MuY3Bw	848	107374182660	PHVucmVzb2x2ZWROYW1lc3BhY2U+Lm5hcGlfZ2V0X2NiX2luZm86PHVucmVzb2x2ZWRTaWduYXR1cmU+KDYp
30064771905	107374182471	bmFwaV90aHJvd19lcnJvcg==	PHVucmVzb2x2ZWROYW1lc3BhY2U+Lm5hcGlfdGhyb3dfZXJyb3I6PHVucmVzb2x2ZWRTaWduYXR1cmU+KDMp	U1RBVElDX0RJU1BBVENI	QU5Z	bmFwaV90aHJvd19lcnJvcihlbnYsIE5VTEwsICJuYXBpX2dldF9jYl9pbmZvKGVudiwgaW5mbywgJmFyZ2MsIGFyZ3YsIE5VTEwsIE5VTEwpIGZhaWxlZCEiKQ==	YmluZGluZ3MuY3Bw	848	107374182596	PHVucmVzb2x2ZWROYW1lc3BhY2U+Lm5hcGlfdGhyb3dfZXJyb3I6PHVucmVzb2x2ZWRTaWduYXR1cmU+KDMp
30064771907	107374182471	PG9wZXJhdG9yPi5hc3NpZ25tZW50	PG9wZXJhdG9yPi5hc3NpZ25tZW50	U1RBVElDX0RJU1BBVENI	dm9pZA==	RGF0YWJhc2UgKg==	YmluZGluZ3MuY3Bw	849	107374182564	PG9wZXJhdG9yPi5hc3NpZ25tZW50
30064771909	107374182471	bmFwaV9nZXRfdmFsdWVfZXh0ZXJuYWw=	bmFwaV9nZXRfdmFsdWVfZXh0ZXJuYWw=	U1RBVElDX0RJU1BBVENI	QU5Z	bmFwaV9nZXRfdmFsdWVfZXh0ZXJuYWwoZW52LCBhcmd2WzBdLCAodm9pZCAqICopJmRhdGFiYXNlKQ==	YmluZGluZ3MuY3Bw	849	107374182661	bmFwaV9nZXRfdmFsdWVfZXh0ZXJuYWw=
30064771913	107374182471	bmFwaV90aHJvd19lcnJvcg==	PHVucmVzb2x2ZWROYW1lc3BhY2U+Lm5hcGlfdGhyb3dfZXJyb3I6PHVucmVzb2x2ZWRTaWduYXR1cmU+KDMp	U1RBVElDX0RJU1BBVENI	QU5Z	bmFwaV90aHJvd19lcnJvcihlbnYsIE5VTEwsICJuYXBpX2dldF92YWx1ZV9leHRlcm5hbChlbnYsIGFyZ3ZbMF0sICh2b2lkKiopJmRhdGFiYXNlKSBmYWlsZWQhIik=	YmluZGluZ3MuY3Bw	849	107374182596	PHVucmVzb2x2ZWROYW1lc3BhY2U+Lm5hcGlfdGhyb3dfZXJyb3I6PHVucmVzb2x2ZWRTaWduYXR1cmU+KDMp
30064771923	107374182471	SGFzUHJpb3JpdHlXb3Jr	RGF0YWJhc2UuSGFzUHJpb3JpdHlXb3JrOmJvb2woKQ==	U1RBVElDX0RJU1BBVENI	Ym9vbA==	ZGF0YWJhc2UtPkhhc1ByaW9yaXR5V29yaygp	YmluZGluZ3MuY3Bw	854	107374182446	RGF0YWJhc2UuSGFzUHJpb3JpdHlXb3JrOmJvb2woKQ==
30064771924	107374182471	UXVldWU=	Q2xvc2VXb3JrZXIuUXVldWU6dm9pZCgp	U1RBVElDX0RJU1BBVENI	dm9pZA==	d29ya2VyLT5RdWV1ZSgp	YmluZGluZ3MuY3Bw	855	107374182669	Q2xvc2VXb3JrZXIuUXVldWU6dm9pZCgp
30064771925	107374182471	TkFQSV9SRVRVUk5fVU5ERUZJTkVE	YmluZGluZ3MuY3BwOk5BUElfUkVUVVJOX1VOREVGSU5FRDpBTlkoMCk=	SU5MSU5FRA==	QU5Z	TkFQSV9SRVRVUk5fVU5ERUZJTkVEKCk=	YmluZGluZ3MuY3Bw	856	107374182553	YmluZGluZ3MuY3BwOk5BUElfUkVUVVJOX1VOREVGSU5FRDpBTlkoMCk=
30064771933	107374182471	YmVnaW4=	PHVucmVzb2x2ZWROYW1lc3BhY2U+LmJlZ2luOjx1bnJlc29sdmVkU2lnbmF0dXJlPigwKQ==	U1RBVElDX0RJU1BBVENI	QU5Z	aXRlcmF0b3JzLmJlZ2luKCk=	YmluZGluZ3MuY3Bw	867	107374182671	PHVucmVzb2x2ZWROYW1lc3BhY2U+LmJlZ2luOjx1bnJlc29sdmVkU2lnbmF0dXJlPigwKQ==
30064771935	107374182471	ZW5k	PHVucmVzb2x2ZWROYW1lc3BhY2U+LmVuZDo8dW5yZXNvbHZlZFNpZ25hdHVyZT4oMCk=	U1RBVElDX0RJU1BBVENI	QU5Z	aXRlcmF0b3JzLmVuZCgp	YmluZGluZ3MuY3Bw	867	107374182672	PHVucmVzb2x2ZWROYW1lc3BhY2U+LmVuZDo8dW5yZXNvbHZlZFNpZ25hdHVyZT4oMCk=
30064771937	107374182471	aXRlcmF0b3JfZW5kX2Rv	PHVucmVzb2x2ZWROYW1lc3BhY2U+Lml0ZXJhdG9yX2VuZF9kbzo8dW5yZXNvbHZlZFNpZ25hdHVyZT4oMyk=	U1RBVElDX0RJU1BBVENI	QU5Z	aXRlcmF0b3JfZW5kX2RvKGVudiwgaXQtPnNlY29uZCwgbm9vcCk=	YmluZGluZ3MuY3Bw	868	107374182673	PHVucmVzb2x2ZWROYW1lc3BhY2U+Lml0ZXJhdG9yX2VuZF9kbzo8dW5yZXNvbHZlZFNpZ25hdHVyZT4oMyk=
30064771900	107374182471	PG9wZXJhdG9yPi5hbGxvYw==	PG9wZXJhdG9yPi5hbGxvYw==	U1RBVElDX0RJU1BBVENI	bmFwaV92YWx1ZVsyXQ==	bmFwaV92YWx1ZSBbXQ==	YmluZGluZ3MuY3Bw	848	107374182575	PG9wZXJhdG9yPi5hbGxvYw==
30064771904	107374182471	PG9wZXJhdG9yPi5hZGRyZXNzT2Y=	PG9wZXJhdG9yPi5hZGRyZXNzT2Y=	U1RBVElDX0RJU1BBVENI	QU5Z	JmFyZ2M=	YmluZGluZ3MuY3Bw	848	107374182558	PG9wZXJhdG9yPi5hZGRyZXNzT2Y=
30064771910	107374182471	PG9wZXJhdG9yPi5pbmRpcmVjdEluZGV4QWNjZXNz	PG9wZXJhdG9yPi5pbmRpcmVjdEluZGV4QWNjZXNz	U1RBVElDX0RJU1BBVENI	QU5Z	YXJndlswXQ==	YmluZGluZ3MuY3Bw	849	107374182578	PG9wZXJhdG9yPi5pbmRpcmVjdEluZGV4QWNjZXNz
30064771911	107374182471	PG9wZXJhdG9yPi5jYXN0	PG9wZXJhdG9yPi5jYXN0	U1RBVElDX0RJU1BBVENI	dm9pZA==	KHZvaWQgKiAqKSZkYXRhYmFzZQ==	YmluZGluZ3MuY3Bw	849	107374182585	PG9wZXJhdG9yPi5jYXN0
30064771918	107374182471	PG9wZXJhdG9yPi5hc3NpZ25tZW50	PG9wZXJhdG9yPi5hc3NpZ25tZW50	U1RBVElDX0RJU1BBVENI	QU5Z	PHRtcD4wID0gPG9wZXJhdG9yPi5hbGxvYw==	YmluZGluZ3MuY3Bw	852	107374182564	PG9wZXJhdG9yPi5hc3NpZ25tZW50
30064771920	107374182471	Q2xvc2VXb3JrZXI=	Q2xvc2VXb3JrZXIuQ2xvc2VXb3JrZXI6dm9pZChuYXBpX2Vudl9fKixEYXRhYmFzZSosbmFwaV92YWx1ZV9fKik=	U1RBVElDX0RJU1BBVENI	dm9pZA==	bmV3IENsb3NlV29ya2VyKGVudiwgZGF0YWJhc2UsIGNhbGxiYWNrKQ==	YmluZGluZ3MuY3Bw	852	107374182668	Q2xvc2VXb3JrZXIuQ2xvc2VXb3JrZXI6dm9pZChuYXBpX2Vudl9fKixEYXRhYmFzZSosbmFwaV92YWx1ZV9fKik=
30064771938	107374182471	PG9wZXJhdG9yPi5pbmRpcmVjdEZpZWxkQWNjZXNz	PG9wZXJhdG9yPi5pbmRpcmVjdEZpZWxkQWNjZXNz	U1RBVElDX0RJU1BBVENI	QU5Z	aXQtPnNlY29uZA==	YmluZGluZ3MuY3Bw	868	107374182595	PG9wZXJhdG9yPi5pbmRpcmVjdEZpZWxkQWNjZXNz
30064771912	107374182471	PG9wZXJhdG9yPi5hZGRyZXNzT2Y=	PG9wZXJhdG9yPi5hZGRyZXNzT2Y=	U1RBVElDX0RJU1BBVENI	QU5Z	JmRhdGFiYXNl	YmluZGluZ3MuY3Bw	849	107374182558	PG9wZXJhdG9yPi5hZGRyZXNzT2Y=
30064771919	107374182471	PG9wZXJhdG9yPi5hbGxvYw==	PG9wZXJhdG9yPi5hbGxvYw==	U1RBVElDX0RJU1BBVENI	QU5Z	PG9wZXJhdG9yPi5hbGxvYw==	YmluZGluZ3MuY3Bw	852	107374182575	PG9wZXJhdG9yPi5hbGxvYw==
30064771921	107374182471	PG9wZXJhdG9yPi5hZGRyZXNzT2Y=	PG9wZXJhdG9yPi5hZGRyZXNzT2Y=	U1RBVElDX0RJU1BBVENI	QU5Z	Jjx0bXA+MA==	YmluZGluZ3MuY3Bw	852	107374182558	PG9wZXJhdG9yPi5hZGRyZXNzT2Y=
30064771940	107374182472	PG9wZXJhdG9yPi5hc3NpZ25tZW50	PG9wZXJhdG9yPi5hc3NpZ25tZW50	U1RBVElDX0RJU1BBVENI	QU5Z	b3B0aW9uc18uc3luYyA9IHN5bmM=	YmluZGluZ3MuY3Bw	886	107374182564	PG9wZXJhdG9yPi5hc3NpZ25tZW50
30064771943	107374182472	PG9wZXJhdG9yPi5hc3NpZ25tZW50	PG9wZXJhdG9yPi5hc3NpZ25tZW50	U1RBVElDX0RJU1BBVENI	dm9pZA==	dGhpcy0+UHJpb3JpdHlXb3JrZXIgPSBlbnY=	YmluZGluZ3MuY3Bw	884	107374182564	PG9wZXJhdG9yPi5hc3NpZ25tZW50
30064771945	107374182472	PG9wZXJhdG9yPi5hc3NpZ25tZW50	PG9wZXJhdG9yPi5hc3NpZ25tZW50	U1RBVElDX0RJU1BBVENI	dm9pZA==	dGhpcy0+a2V5XyA9IGtleQ==	YmluZGluZ3MuY3Bw	885	107374182564	PG9wZXJhdG9yPi5hc3NpZ25tZW50
30064771947	107374182472	PG9wZXJhdG9yPi5hc3NpZ25tZW50	PG9wZXJhdG9yPi5hc3NpZ25tZW50	U1RBVElDX0RJU1BBVENI	dm9pZA==	dGhpcy0+dmFsdWVfID0gdmFsdWU=	YmluZGluZ3MuY3Bw	885	107374182564	PG9wZXJhdG9yPi5hc3NpZ25tZW50
30064771941	107374182472	PG9wZXJhdG9yPi5maWVsZEFjY2Vzcw==	PG9wZXJhdG9yPi5maWVsZEFjY2Vzcw==	U1RBVElDX0RJU1BBVENI	QU5Z	b3B0aW9uc18uc3luYw==	YmluZGluZ3MuY3Bw	886	107374182628	PG9wZXJhdG9yPi5maWVsZEFjY2Vzcw==
30064771944	107374182472	PG9wZXJhdG9yPi5pbmRpcmVjdEZpZWxkQWNjZXNz	PG9wZXJhdG9yPi5pbmRpcmVjdEZpZWxkQWNjZXNz	U1RBVElDX0RJU1BBVENI	UHV0V29ya2VyKg==	dGhpcy0+UHJpb3JpdHlXb3JrZXI=	YmluZGluZ3MuY3Bw	884	107374182595	PG9wZXJhdG9yPi5pbmRpcmVjdEZpZWxkQWNjZXNz
30064771946	107374182472	PG9wZXJhdG9yPi5pbmRpcmVjdEZpZWxkQWNjZXNz	PG9wZXJhdG9yPi5pbmRpcmVjdEZpZWxkQWNjZXNz	U1RBVElDX0RJU1BBVENI	UHV0V29ya2VyKg==	dGhpcy0+a2V5Xw==	YmluZGluZ3MuY3Bw	885	107374182595	PG9wZXJhdG9yPi5pbmRpcmVjdEZpZWxkQWNjZXNz
30064771948	107374182472	PG9wZXJhdG9yPi5pbmRpcmVjdEZpZWxkQWNjZXNz	PG9wZXJhdG9yPi5pbmRpcmVjdEZpZWxkQWNjZXNz	U1RBVElDX0RJU1BBVENI	UHV0V29ya2VyKg==	dGhpcy0+dmFsdWVf	YmluZGluZ3MuY3Bw	885	107374182595	PG9wZXJhdG9yPi5pbmRpcmVjdEZpZWxkQWNjZXNz
30064771942	107374182472	PG9wZXJhdG9yPi5pbmRpcmVjdEZpZWxkQWNjZXNz	PG9wZXJhdG9yPi5pbmRpcmVjdEZpZWxkQWNjZXNz	U1RBVElDX0RJU1BBVENI	QU5Z	dGhpcy0+b3B0aW9uc18=	YmluZGluZ3MuY3Bw	886	107374182595	PG9wZXJhdG9yPi5pbmRpcmVjdEZpZWxkQWNjZXNz
30064771949	107374182473	RGlzcG9zZVNsaWNlQnVmZmVy	RGlzcG9zZVNsaWNlQnVmZmVyOnZvaWQoQU5ZKQ==	U1RBVElDX0RJU1BBVENI	dm9pZA==	RGlzcG9zZVNsaWNlQnVmZmVyKGtleV8p	YmluZGluZ3MuY3Bw	890	107374182674	RGlzcG9zZVNsaWNlQnVmZmVyOnZvaWQoQU5ZKQ==
30064771951	107374182473	RGlzcG9zZVNsaWNlQnVmZmVy	RGlzcG9zZVNsaWNlQnVmZmVyOnZvaWQoQU5ZKQ==	U1RBVElDX0RJU1BBVENI	dm9pZA==	RGlzcG9zZVNsaWNlQnVmZmVyKHZhbHVlXyk=	YmluZGluZ3MuY3Bw	891	107374182674	RGlzcG9zZVNsaWNlQnVmZmVyOnZvaWQoQU5ZKQ==
30064771950	107374182473	PG9wZXJhdG9yPi5pbmRpcmVjdEZpZWxkQWNjZXNz	PG9wZXJhdG9yPi5pbmRpcmVjdEZpZWxkQWNjZXNz	U1RBVElDX0RJU1BBVENI	QU5Z	dGhpcy0+a2V5Xw==	YmluZGluZ3MuY3Bw	890	107374182595	PG9wZXJhdG9yPi5pbmRpcmVjdEZpZWxkQWNjZXNz
30064771952	107374182473	PG9wZXJhdG9yPi5pbmRpcmVjdEZpZWxkQWNjZXNz	PG9wZXJhdG9yPi5pbmRpcmVjdEZpZWxkQWNjZXNz	U1RBVElDX0RJU1BBVENI	QU5Z	dGhpcy0+dmFsdWVf	YmluZGluZ3MuY3Bw	891	107374182595	PG9wZXJhdG9yPi5pbmRpcmVjdEZpZWxkQWNjZXNz
30064771953	107374182474	U2V0U3RhdHVz	QmFzZVdvcmtlci5TZXRTdGF0dXM6dm9pZChBTlkp	U1RBVElDX0RJU1BBVENI	dm9pZA==	U2V0U3RhdHVzKGRhdGFiYXNlXy0+UHV0KG9wdGlvbnNfLCBrZXlfLCB2YWx1ZV8pKQ==	YmluZGluZ3MuY3Bw	895	107374182675	QmFzZVdvcmtlci5TZXRTdGF0dXM6dm9pZChBTlkp
30064771954	107374182474	UHV0	RGF0YWJhc2UuUHV0OkFOWShBTlksQU5ZLEFOWSk=	U1RBVElDX0RJU1BBVENI	QU5Z	ZGF0YWJhc2VfLT5QdXQob3B0aW9uc18sIGtleV8sIHZhbHVlXyk=	YmluZGluZ3MuY3Bw	895	107374182676	RGF0YWJhc2UuUHV0OkFOWShBTlksQU5ZLEFOWSk=
30064771955	107374182474	PG9wZXJhdG9yPi5pbmRpcmVjdEZpZWxkQWNjZXNz	PG9wZXJhdG9yPi5pbmRpcmVjdEZpZWxkQWNjZXNz	U1RBVElDX0RJU1BBVENI	RGF0YWJhc2Uq	dGhpcy0+ZGF0YWJhc2Vf	YmluZGluZ3MuY3Bw	895	107374182595	PG9wZXJhdG9yPi5pbmRpcmVjdEZpZWxkQWNjZXNz
30064771956	107374182474	PG9wZXJhdG9yPi5pbmRpcmVjdEZpZWxkQWNjZXNz	PG9wZXJhdG9yPi5pbmRpcmVjdEZpZWxkQWNjZXNz	U1RBVElDX0RJU1BBVENI	QU5Z	dGhpcy0+b3B0aW9uc18=	YmluZGluZ3MuY3Bw	895	107374182595	PG9wZXJhdG9yPi5pbmRpcmVjdEZpZWxkQWNjZXNz
30064771957	107374182474	PG9wZXJhdG9yPi5pbmRpcmVjdEZpZWxkQWNjZXNz	PG9wZXJhdG9yPi5pbmRpcmVjdEZpZWxkQWNjZXNz	U1RBVElDX0RJU1BBVENI	QU5Z	dGhpcy0+a2V5Xw==	YmluZGluZ3MuY3Bw	895	107374182595	PG9wZXJhdG9yPi5pbmRpcmVjdEZpZWxkQWNjZXNz
30064771958	107374182474	PG9wZXJhdG9yPi5pbmRpcmVjdEZpZWxkQWNjZXNz	PG9wZXJhdG9yPi5pbmRpcmVjdEZpZWxkQWNjZXNz	U1RBVElDX0RJU1BBVENI	QU5Z	dGhpcy0+dmFsdWVf	YmluZGluZ3MuY3Bw	895	107374182595	PG9wZXJhdG9yPi5pbmRpcmVjdEZpZWxkQWNjZXNz
30064771959	107374182475	TkFQSV9BUkdW	L3RtcC9jbGF1ZGUtMC8taG9tZS11c2VyLWJ1Zy10cmFja2VyLzYzYjcwZTVhLTc1ZDMtNWRhMi1hZTgxLWUwMDk2MTI4N2M2ZS9zY3JhdGNocGFkL3ZhbDEwL0A4Y3JhZnRlcl9fbGV2ZWxkYi16bGliL3BrZy9wYWNrYWdlL3NyYy9uYXBpLW1hY3Jvcy5oOk5BUElfQVJHVjpBTlkoMSk=	SU5MSU5FRA==	QU5Z	TkFQSV9BUkdWKDUp	YmluZGluZ3MuY3Bw	907	107374182550	L3RtcC9jbGF1ZGUtMC8taG9tZS11c2VyLWJ1Zy10cmFja2VyLzYzYjcwZTVhLTc1ZDMtNWRhMi1hZTgxLWUwMDk2MTI4N2M2ZS9zY3JhdGNocGFkL3ZhbDEwL0A4Y3JhZnRlcl9fbGV2ZWxkYi16bGliL3BrZy9wYWNrYWdlL3NyYy9uYXBpLW1hY3Jvcy5oOk5BUElfQVJHVjpBTlkoMSk=
30064771962	107374182475	PG9wZXJhdG9yPi5hc3NpZ25tZW50	PG9wZXJhdG9yPi5hc3NpZ25tZW50	U1RBVElDX0RJU1BBVENI	dm9pZA==	c2l6ZV90	YmluZGluZ3MuY3Bw	907	107374182564	PG9wZXJhdG9yPi5hc3NpZ25tZW50
30064771967	107374182475	TkFQSV9EQl9DT05URVhU	YmluZGluZ3MuY3BwOk5BUElfREJfQ09OVEVYVDpBTlkoMCk=	SU5MSU5FRA==	QU5Z	TkFQSV9EQl9DT05URVhUKCk=	YmluZGluZ3MuY3Bw	908	107374182551	YmluZGluZ3MuY3BwOk5BUElfREJfQ09OVEVYVDpBTlkoMCk=
30064771975	107374182475	PG9wZXJhdG9yPi5hc3NpZ25tZW50	PG9wZXJhdG9yPi5hc3NpZ25tZW50	U1RBVElDX0RJU1BBVENI	dm9pZA==	a2V5ID0gVG9TbGljZShlbnYsIGFyZ3ZbMV0p	YmluZGluZ3MuY3Bw	910	107374182564	PG9wZXJhdG9yPi5hc3NpZ25tZW50
30064771978	107374182475	PG9wZXJhdG9yPi5hc3NpZ25tZW50	PG9wZXJhdG9yPi5hc3NpZ25tZW50	U1RBVElDX0RJU1BBVENI	dm9pZA==	dmFsdWUgPSBUb1NsaWNlKGVudiwgYXJndlsyXSk=	YmluZGluZ3MuY3Bw	911	107374182564	PG9wZXJhdG9yPi5hc3NpZ25tZW50
30064771981	107374182475	PG9wZXJhdG9yPi5hc3NpZ25tZW50	PG9wZXJhdG9yPi5hc3NpZ25tZW50	U1RBVElDX0RJU1BBVENI	dm9pZA==	c3luYyA9IEJvb2xlYW5Qcm9wZXJ0eShlbnYsIGFyZ3ZbM10sICJzeW5jIiwgZmFsc2Up	YmluZGluZ3MuY3Bw	912	107374182564	PG9wZXJhdG9yPi5hc3NpZ25tZW50
30064771984	107374182475	PG9wZXJhdG9yPi5hc3NpZ25tZW50	PG9wZXJhdG9yPi5hc3NpZ25tZW50	U1RBVElDX0RJU1BBVENI	dm9pZA==	Y2FsbGJhY2sgPSBhcmd2WzRd	YmluZGluZ3MuY3Bw	913	107374182564	PG9wZXJhdG9yPi5hc3NpZ25tZW50
30064771986	107374182475	PG9wZXJhdG9yPi5hc3NpZ25tZW50	PG9wZXJhdG9yPi5hc3NpZ25tZW50	U1RBVElDX0RJU1BBVENI	dm9pZA==	d29ya2VyID0gbmV3IFB1dFdvcmtlcihlbnYsIGRhdGFiYXNlLCBjYWxsYmFjaywga2V5LCB2YWx1ZSwgc3luYyk=	YmluZGluZ3MuY3Bw	915	107374182564	PG9wZXJhdG9yPi5hc3NpZ25tZW50
30064771992	107374182475	UXVldWU=	UHV0V29ya2VyLlF1ZXVlOnZvaWQoKQ==	U1RBVElDX0RJU1BBVENI	dm9pZA==	d29ya2VyLT5RdWV1ZSgp	YmluZGluZ3MuY3Bw	916	107374182679	UHV0V29ya2VyLlF1ZXVlOnZvaWQoKQ==
30064771993	107374182475	TkFQSV9SRVRVUk5fVU5ERUZJTkVE	YmluZGluZ3MuY3BwOk5BUElfUkVUVVJOX1VOREVGSU5FRDpBTlkoMCk=	SU5MSU5FRA==	QU5Z	TkFQSV9SRVRVUk5fVU5ERUZJTkVEKCk=	YmluZGluZ3MuY3Bw	918	107374182553	YmluZGluZ3MuY3BwOk5BUElfUkVUVVJOX1VOREVGSU5FRDpBTlkoMCk=
30064771963	107374182475	PG9wZXJhdG9yPi5ub3RFcXVhbHM=	PG9wZXJhdG9yPi5ub3RFcXVhbHM=	U1RBVElDX0RJU1BBVENI	QU5Z	KG5hcGlfZ2V0X2NiX2luZm8oZW52LCBpbmZvLCAmYXJnYywgYXJndiwgTlVMTCwgTlVMTCkpICE9IG5hcGlfb2s=	YmluZGluZ3MuY3Bw	907	107374182593	PG9wZXJhdG9yPi5ub3RFcXVhbHM=
30064771969	107374182475	PG9wZXJhdG9yPi5ub3RFcXVhbHM=	PG9wZXJhdG9yPi5ub3RFcXVhbHM=	U1RBVElDX0RJU1BBVENI	QU5Z	KG5hcGlfZ2V0X3ZhbHVlX2V4dGVybmFsKGVudiwgYXJndlswXSwgKHZvaWQgKiAqKSZkYXRhYmFzZSkpICE9IG5hcGlfb2s=	YmluZGluZ3MuY3Bw	908	107374182593	PG9wZXJhdG9yPi5ub3RFcXVhbHM=
30064771976	107374182475	VG9TbGljZQ==	VG9TbGljZTpBTlkobmFwaV9lbnZfXyosbmFwaV92YWx1ZV9fKik=	U1RBVElDX0RJU1BBVENI	QU5Z	VG9TbGljZShlbnYsIGFyZ3ZbMV0p	YmluZGluZ3MuY3Bw	910	107374182677	VG9TbGljZTpBTlkobmFwaV9lbnZfXyosbmFwaV92YWx1ZV9fKik=
30064771979	107374182475	VG9TbGljZQ==	VG9TbGljZTpBTlkobmFwaV9lbnZfXyosbmFwaV92YWx1ZV9fKik=	U1RBVElDX0RJU1BBVENI	QU5Z	VG9TbGljZShlbnYsIGFyZ3ZbMl0p	YmluZGluZ3MuY3Bw	911	107374182677	VG9TbGljZTpBTlkobmFwaV9lbnZfXyosbmFwaV92YWx1ZV9fKik=
30064771982	107374182475	Qm9vbGVhblByb3BlcnR5	Qm9vbGVhblByb3BlcnR5OmJvb2wobmFwaV9lbnZfXyosbmFwaV92YWx1ZV9fKixjaGFyKixib29sKQ==	U1RBVElDX0RJU1BBVENI	Ym9vbA==	Qm9vbGVhblByb3BlcnR5KGVudiwgYXJndlszXSwgInN5bmMiLCBmYWxzZSk=	YmluZGluZ3MuY3Bw	912	107374182662	Qm9vbGVhblByb3BlcnR5OmJvb2wobmFwaV9lbnZfXyosbmFwaV92YWx1ZV9fKixjaGFyKixib29sKQ==
30064771985	107374182475	PG9wZXJhdG9yPi5pbmRpcmVjdEluZGV4QWNjZXNz	PG9wZXJhdG9yPi5pbmRpcmVjdEluZGV4QWNjZXNz	U1RBVElDX0RJU1BBVENI	QU5Z	YXJndls0XQ==	YmluZGluZ3MuY3Bw	913	107374182578	PG9wZXJhdG9yPi5pbmRpcmVjdEluZGV4QWNjZXNz
30064771987	107374182475	PG9wZXJhdG9yPi5uZXc=	PG9wZXJhdG9yPi5uZXc=	U1RBVElDX0RJU1BBVENI	QU5Z	bmV3IFB1dFdvcmtlcihlbnYsIGRhdGFiYXNlLCBjYWxsYmFjaywga2V5LCB2YWx1ZSwgc3luYyk=	YmluZGluZ3MuY3Bw	915	107374182574	PG9wZXJhdG9yPi5uZXc=
30064771960	107374182475	PG9wZXJhdG9yPi5hc3NpZ25tZW50	PG9wZXJhdG9yPi5hc3NpZ25tZW50	U1RBVElDX0RJU1BBVENI	dm9pZA==	bmFwaV92YWx1ZSBbXQ==	YmluZGluZ3MuY3Bw	907	107374182564	PG9wZXJhdG9yPi5hc3NpZ25tZW50
30064771964	107374182475	bmFwaV9nZXRfY2JfaW5mbw==	PHVucmVzb2x2ZWROYW1lc3BhY2U+Lm5hcGlfZ2V0X2NiX2luZm86PHVucmVzb2x2ZWRTaWduYXR1cmU+KDYp	U1RBVElDX0RJU1BBVENI	QU5Z	bmFwaV9nZXRfY2JfaW5mbyhlbnYsIGluZm8sICZhcmdjLCBhcmd2LCBOVUxMLCBOVUxMKQ==	YmluZGluZ3MuY3Bw	907	107374182660	PHVucmVzb2x2ZWROYW1lc3BhY2U+Lm5hcGlfZ2V0X2NiX2luZm86PHVucmVzb2x2ZWRTaWduYXR1cmU+KDYp
30064771966	107374182475	bmFwaV90aHJvd19lcnJvcg==	PHVucmVzb2x2ZWROYW1lc3BhY2U+Lm5hcGlfdGhyb3dfZXJyb3I6PHVucmVzb2x2ZWRTaWduYXR1cmU+KDMp	U1RBVElDX0RJU1BBVENI	QU5Z	bmFwaV90aHJvd19lcnJvcihlbnYsIE5VTEwsICJuYXBpX2dldF9jYl9pbmZvKGVudiwgaW5mbywgJmFyZ2MsIGFyZ3YsIE5VTEwsIE5VTEwpIGZhaWxlZCEiKQ==	YmluZGluZ3MuY3Bw	907	107374182596	PHVucmVzb2x2ZWROYW1lc3BhY2U+Lm5hcGlfdGhyb3dfZXJyb3I6PHVucmVzb2x2ZWRTaWduYXR1cmU+KDMp
30064771968	107374182475	PG9wZXJhdG9yPi5hc3NpZ25tZW50	PG9wZXJhdG9yPi5hc3NpZ25tZW50	U1RBVElDX0RJU1BBVENI	dm9pZA==	RGF0YWJhc2UgKg==	YmluZGluZ3MuY3Bw	908	107374182564	PG9wZXJhdG9yPi5hc3NpZ25tZW50
30064771970	107374182475	bmFwaV9nZXRfdmFsdWVfZXh0ZXJuYWw=	bmFwaV9nZXRfdmFsdWVfZXh0ZXJuYWw=	U1RBVElDX0RJU1BBVENI	QU5Z	bmFwaV9nZXRfdmFsdWVfZXh0ZXJuYWwoZW52LCBhcmd2WzBdLCAodm9pZCAqICopJmRhdGFiYXNlKQ==	YmluZGluZ3MuY3Bw	908	107374182661	bmFwaV9nZXRfdmFsdWVfZXh0ZXJuYWw=
30064771974	107374182475	bmFwaV90aHJvd19lcnJvcg==	PHVucmVzb2x2ZWROYW1lc3BhY2U+Lm5hcGlfdGhyb3dfZXJyb3I6PHVucmVzb2x2ZWRTaWduYXR1cmU+KDMp	U1RBVElDX0RJU1BBVENI	QU5Z	bmFwaV90aHJvd19lcnJvcihlbnYsIE5VTEwsICJuYXBpX2dldF92YWx1ZV9leHRlcm5hbChlbnYsIGFyZ3ZbMF0sICh2b2lkKiopJmRhdGFiYXNlKSBmYWlsZWQhIik=	YmluZGluZ3MuY3Bw	908	107374182596	PHVucmVzb2x2ZWROYW1lc3BhY2U+Lm5hcGlfdGhyb3dfZXJyb3I6PHVucmVzb2x2ZWRTaWduYXR1cmU+KDMp
30064771977	107374182475	PG9wZXJhdG9yPi5pbmRpcmVjdEluZGV4QWNjZXNz	PG9wZXJhdG9yPi5pbmRpcmVjdEluZGV4QWNjZXNz	U1RBVElDX0RJU1BBVENI	QU5Z	YXJndlsxXQ==	YmluZGluZ3MuY3Bw	910	107374182578	PG9wZXJhdG9yPi5pbmRpcmVjdEluZGV4QWNjZXNz
30064771980	107374182475	PG9wZXJhdG9yPi5pbmRpcmVjdEluZGV4QWNjZXNz	PG9wZXJhdG9yPi5pbmRpcmVjdEluZGV4QWNjZXNz	U1RBVElDX0RJU1BBVENI	QU5Z	YXJndlsyXQ==	YmluZGluZ3MuY3Bw	911	107374182578	PG9wZXJhdG9yPi5pbmRpcmVjdEluZGV4QWNjZXNz
30064771983	107374182475	PG9wZXJhdG9yPi5pbmRpcmVjdEluZGV4QWNjZXNz	PG9wZXJhdG9yPi5pbmRpcmVjdEluZGV4QWNjZXNz	U1RBVElDX0RJU1BBVENI	QU5Z	YXJndlszXQ==	YmluZGluZ3MuY3Bw	912	107374182578	PG9wZXJhdG9yPi5pbmRpcmVjdEluZGV4QWNjZXNz
30064771961	107374182475	PG9wZXJhdG9yPi5hbGxvYw==	PG9wZXJhdG9yPi5hbGxvYw==	U1RBVElDX0RJU1BBVENI	bmFwaV92YWx1ZVs1XQ==	bmFwaV92YWx1ZSBbXQ==	YmluZGluZ3MuY3Bw	907	107374182575	PG9wZXJhdG9yPi5hbGxvYw==
30064771965	107374182475	PG9wZXJhdG9yPi5hZGRyZXNzT2Y=	PG9wZXJhdG9yPi5hZGRyZXNzT2Y=	U1RBVElDX0RJU1BBVENI	QU5Z	JmFyZ2M=	YmluZGluZ3MuY3Bw	907	107374182558	PG9wZXJhdG9yPi5hZGRyZXNzT2Y=
30064771971	107374182475	PG9wZXJhdG9yPi5pbmRpcmVjdEluZGV4QWNjZXNz	PG9wZXJhdG9yPi5pbmRpcmVjdEluZGV4QWNjZXNz	U1RBVElDX0RJU1BBVENI	QU5Z	YXJndlswXQ==	YmluZGluZ3MuY3Bw	908	107374182578	PG9wZXJhdG9yPi5pbmRpcmVjdEluZGV4QWNjZXNz
30064771972	107374182475	PG9wZXJhdG9yPi5jYXN0	PG9wZXJhdG9yPi5jYXN0	U1RBVElDX0RJU1BBVENI	dm9pZA==	KHZvaWQgKiAqKSZkYXRhYmFzZQ==	YmluZGluZ3MuY3Bw	908	107374182585	PG9wZXJhdG9yPi5jYXN0
30064771988	107374182475	PG9wZXJhdG9yPi5hc3NpZ25tZW50	PG9wZXJhdG9yPi5hc3NpZ25tZW50	U1RBVElDX0RJU1BBVENI	QU5Z	PHRtcD4wID0gPG9wZXJhdG9yPi5hbGxvYw==	YmluZGluZ3MuY3Bw	915	107374182564	PG9wZXJhdG9yPi5hc3NpZ25tZW50
30064771990	107374182475	UHV0V29ya2Vy	UHV0V29ya2VyLlB1dFdvcmtlcjp2b2lkKG5hcGlfZW52X18qLERhdGFiYXNlKixuYXBpX3ZhbHVlX18qLEFOWSxBTlksYm9vbCk=	U1RBVElDX0RJU1BBVENI	dm9pZA==	bmV3IFB1dFdvcmtlcihlbnYsIGRhdGFiYXNlLCBjYWxsYmFjaywga2V5LCB2YWx1ZSwgc3luYyk=	YmluZGluZ3MuY3Bw	915	107374182678	UHV0V29ya2VyLlB1dFdvcmtlcjp2b2lkKG5hcGlfZW52X18qLERhdGFiYXNlKixuYXBpX3ZhbHVlX18qLEFOWSxBTlksYm9vbCk=
30064771973	107374182475	PG9wZXJhdG9yPi5hZGRyZXNzT2Y=	PG9wZXJhdG9yPi5hZGRyZXNzT2Y=	U1RBVElDX0RJU1BBVENI	QU5Z	JmRhdGFiYXNl	YmluZGluZ3MuY3Bw	908	107374182558	PG9wZXJhdG9yPi5hZGRyZXNzT2Y=
30064771989	107374182475	PG9wZXJhdG9yPi5hbGxvYw==	PG9wZXJhdG9yPi5hbGxvYw==	U1RBVElDX0RJU1BBVENI	QU5Z	PG9wZXJhdG9yPi5hbGxvYw==	YmluZGluZ3MuY3Bw	915	107374182575	PG9wZXJhdG9yPi5hbGxvYw==
30064771991	107374182475	PG9wZXJhdG9yPi5hZGRyZXNzT2Y=	PG9wZXJhdG9yPi5hZGRyZXNzT2Y=	U1RBVElDX0RJU1BBVENI	QU5Z	Jjx0bXA+MA==	YmluZGluZ3MuY3Bw	915	107374182558	PG9wZXJhdG9yPi5hZGRyZXNzT2Y=
30064771994	107374182476	PG9wZXJhdG9yPi5hc3NpZ25tZW50	PG9wZXJhdG9yPi5hc3NpZ25tZW50	U1RBVElDX0RJU1BBVENI	QU5Z	b3B0aW9uc18uZmlsbF9jYWNoZSA9IGZpbGxDYWNoZQ==	YmluZGluZ3MuY3Bw	934	107374182564	PG9wZXJhdG9yPi5hc3NpZ25tZW50
30064771997	107374182476	PG9wZXJhdG9yPi5hc3NpZ25tZW50	PG9wZXJhdG9yPi5hc3NpZ25tZW50	U1RBVElDX0RJU1BBVENI	dm9pZA==	dGhpcy0+UHJpb3JpdHlXb3JrZXIgPSBlbnY=	YmluZGluZ3MuY3Bw	931	107374182564	PG9wZXJhdG9yPi5hc3NpZ25tZW50
30064771999	107374182476	PG9wZXJhdG9yPi5hc3NpZ25tZW50	PG9wZXJhdG9yPi5hc3NpZ25tZW50	U1RBVElDX0RJU1BBVENI	dm9pZA==	dGhpcy0+a2V5XyA9IGtleQ==	YmluZGluZ3MuY3Bw	932	107374182564	PG9wZXJhdG9yPi5hc3NpZ25tZW50
30064772001	107374182476	PG9wZXJhdG9yPi5hc3NpZ25tZW50	PG9wZXJhdG9yPi5hc3NpZ25tZW50	U1RBVElDX0RJU1BBVENI	dm9pZA==	dGhpcy0+YXNCdWZmZXJfID0gYXNCdWZmZXI=	YmluZGluZ3MuY3Bw	933	107374182564	PG9wZXJhdG9yPi5hc3NpZ25tZW50
30064771995	107374182476	PG9wZXJhdG9yPi5maWVsZEFjY2Vzcw==	PG9wZXJhdG9yPi5maWVsZEFjY2Vzcw==	U1RBVElDX0RJU1BBVENI	QU5Z	b3B0aW9uc18uZmlsbF9jYWNoZQ==	YmluZGluZ3MuY3Bw	934	107374182628	PG9wZXJhdG9yPi5maWVsZEFjY2Vzcw==
30064771998	107374182476	PG9wZXJhdG9yPi5pbmRpcmVjdEZpZWxkQWNjZXNz	PG9wZXJhdG9yPi5pbmRpcmVjdEZpZWxkQWNjZXNz	U1RBVElDX0RJU1BBVENI	R2V0V29ya2VyKg==	dGhpcy0+UHJpb3JpdHlXb3JrZXI=	YmluZGluZ3MuY3Bw	931	107374182595	PG9wZXJhdG9yPi5pbmRpcmVjdEZpZWxkQWNjZXNz
30064772000	107374182476	PG9wZXJhdG9yPi5pbmRpcmVjdEZpZWxkQWNjZXNz	PG9wZXJhdG9yPi5pbmRpcmVjdEZpZWxkQWNjZXNz	U1RBVElDX0RJU1BBVENI	R2V0V29ya2VyKg==	dGhpcy0+a2V5Xw==	YmluZGluZ3MuY3Bw	932	107374182595	PG9wZXJhdG9yPi5pbmRpcmVjdEZpZWxkQWNjZXNz
30064772002	107374182476	PG9wZXJhdG9yPi5pbmRpcmVjdEZpZWxkQWNjZXNz	PG9wZXJhdG9yPi5pbmRpcmVjdEZpZWxkQWNjZXNz	U1RBVElDX0RJU1BBVENI	R2V0V29ya2VyKg==	dGhpcy0+YXNCdWZmZXJf	YmluZGluZ3MuY3Bw	933	107374182595	PG9wZXJhdG9yPi5pbmRpcmVjdEZpZWxkQWNjZXNz
30064771996	107374182476	PG9wZXJhdG9yPi5pbmRpcmVjdEZpZWxkQWNjZXNz	PG9wZXJhdG9yPi5pbmRpcmVjdEZpZWxkQWNjZXNz	U1RBVElDX0RJU1BBVENI	QU5Z	dGhpcy0+b3B0aW9uc18=	YmluZGluZ3MuY3Bw	934	107374182595	PG9wZXJhdG9yPi5pbmRpcmVjdEZpZWxkQWNjZXNz
30064772003	107374182477	RGlzcG9zZVNsaWNlQnVmZmVy	RGlzcG9zZVNsaWNlQnVmZmVyOnZvaWQoQU5ZKQ==	U1RBVElDX0RJU1BBVENI	dm9pZA==	RGlzcG9zZVNsaWNlQnVmZmVyKGtleV8p	YmluZGluZ3MuY3Bw	938	107374182674	RGlzcG9zZVNsaWNlQnVmZmVyOnZvaWQoQU5ZKQ==
30064772004	107374182477	PG9wZXJhdG9yPi5pbmRpcmVjdEZpZWxkQWNjZXNz	PG9wZXJhdG9yPi5pbmRpcmVjdEZpZWxkQWNjZXNz	U1RBVElDX0RJU1BBVENI	QU5Z	dGhpcy0+a2V5Xw==	YmluZGluZ3MuY3Bw	938	107374182595	PG9wZXJhdG9yPi5pbmRpcmVjdEZpZWxkQWNjZXNz
30064772005	107374182478	U2V0U3RhdHVz	QmFzZVdvcmtlci5TZXRTdGF0dXM6dm9pZChBTlkp	U1RBVElDX0RJU1BBVENI	dm9pZA==	U2V0U3RhdHVzKGRhdGFiYXNlXy0+R2V0KG9wdGlvbnNfLCBrZXlfLCB2YWx1ZV8pKQ==	YmluZGluZ3MuY3Bw	942	107374182675	QmFzZVdvcmtlci5TZXRTdGF0dXM6dm9pZChBTlkp
30064772006	107374182478	R2V0	RGF0YWJhc2UuR2V0OkFOWShBTlksQU5ZLEFOWSk=	U1RBVElDX0RJU1BBVENI	QU5Z	ZGF0YWJhc2VfLT5HZXQob3B0aW9uc18sIGtleV8sIHZhbHVlXyk=	YmluZGluZ3MuY3Bw	942	107374182680	RGF0YWJhc2UuR2V0OkFOWShBTlksQU5ZLEFOWSk=
30064772007	107374182478	PG9wZXJhdG9yPi5pbmRpcmVjdEZpZWxkQWNjZXNz	PG9wZXJhdG9yPi5pbmRpcmVjdEZpZWxkQWNjZXNz	U1RBVElDX0RJU1BBVENI	RGF0YWJhc2Uq	dGhpcy0+ZGF0YWJhc2Vf	YmluZGluZ3MuY3Bw	942	107374182595	PG9wZXJhdG9yPi5pbmRpcmVjdEZpZWxkQWNjZXNz
30064772008	107374182478	PG9wZXJhdG9yPi5pbmRpcmVjdEZpZWxkQWNjZXNz	PG9wZXJhdG9yPi5pbmRpcmVjdEZpZWxkQWNjZXNz	U1RBVElDX0RJU1BBVENI	QU5Z	dGhpcy0+b3B0aW9uc18=	YmluZGluZ3MuY3Bw	942	107374182595	PG9wZXJhdG9yPi5pbmRpcmVjdEZpZWxkQWNjZXNz
30064772009	107374182478	PG9wZXJhdG9yPi5pbmRpcmVjdEZpZWxkQWNjZXNz	PG9wZXJhdG9yPi5pbmRpcmVjdEZpZWxkQWNjZXNz	U1RBVElDX0RJU1BBVENI	QU5Z	dGhpcy0+a2V5Xw==	YmluZGluZ3MuY3Bw	942	107374182595	PG9wZXJhdG9yPi5pbmRpcmVjdEZpZWxkQWNjZXNz
30064772010	107374182478	PG9wZXJhdG9yPi5pbmRpcmVjdEZpZWxkQWNjZXNz	PG9wZXJhdG9yPi5pbmRpcmVjdEZpZWxkQWNjZXNz	U1RBVElDX0RJU1BBVENI	QU5Z	dGhpcy0+dmFsdWVf	YmluZGluZ3MuY3Bw	942	107374182595	PG9wZXJhdG9yPi5pbmRpcmVjdEZpZWxkQWNjZXNz
30064772011	107374182479	PG9wZXJhdG9yPi5hc3NpZ25tZW50	PG9wZXJhdG9yPi5hc3NpZ25tZW50	U1RBVElDX0RJU1BBVENI	dm9pZA==	YXJndlsyXQ==	YmluZGluZ3MuY3Bw	946	107374182564	PG9wZXJhdG9yPi5hc3NpZ25tZW50
30064772013	107374182479	bmFwaV9nZXRfbnVsbA==	bmFwaV9nZXRfbnVsbA==	U1RBVElDX0RJU1BBVENI	QU5Z	bmFwaV9nZXRfbnVsbChlbnZfLCAmYXJndlswXSk=	YmluZGluZ3MuY3Bw	947	107374182607	bmFwaV9nZXRfbnVsbA==
30064772034	107374182479	bmFwaV9nZXRfcmVmZXJlbmNlX3ZhbHVl	bmFwaV9nZXRfcmVmZXJlbmNlX3ZhbHVl	U1RBVElDX0RJU1BBVENI	QU5Z	bmFwaV9nZXRfcmVmZXJlbmNlX3ZhbHVlKGVudl8sIGNhbGxiYWNrUmVmXywgJmNhbGxiYWNrKQ==	YmluZGluZ3MuY3Bw	956	107374182605	bmFwaV9nZXRfcmVmZXJlbmNlX3ZhbHVl
30064772038	107374182479	Q2FsbEZ1bmN0aW9u	Q2FsbEZ1bmN0aW9uOkFOWShuYXBpX2Vudl9fKixuYXBpX3ZhbHVlX18qLGludCxuYXBpX3ZhbHVlX18qKik=	U1RBVElDX0RJU1BBVENI	QU5Z	Q2FsbEZ1bmN0aW9uKGVudl8sIGNhbGxiYWNrLCAyLCBhcmd2KQ==	YmluZGluZ3MuY3Bw	957	107374182606	Q2FsbEZ1bmN0aW9uOkFOWShuYXBpX2Vudl9fKixuYXBpX3ZhbHVlX18qLGludCxuYXBpX3ZhbHVlX18qKik=
30064772012	107374182479	PG9wZXJhdG9yPi5hbGxvYw==	PG9wZXJhdG9yPi5hbGxvYw==	U1RBVElDX0RJU1BBVENI	bmFwaV92YWx1ZVsyXQ==	YXJndlsyXQ==	YmluZGluZ3MuY3Bw	946	107374182575	PG9wZXJhdG9yPi5hbGxvYw==
30064772014	107374182479	PG9wZXJhdG9yPi5pbmRpcmVjdEZpZWxkQWNjZXNz	PG9wZXJhdG9yPi5pbmRpcmVjdEZpZWxkQWNjZXNz	U1RBVElDX0RJU1BBVENI	bmFwaV9lbnZfXyo=	dGhpcy0+ZW52Xw==	YmluZGluZ3MuY3Bw	947	107374182595	PG9wZXJhdG9yPi5pbmRpcmVjdEZpZWxkQWNjZXNz
30064772015	107374182479	PG9wZXJhdG9yPi5hZGRyZXNzT2Y=	PG9wZXJhdG9yPi5hZGRyZXNzT2Y=	U1RBVElDX0RJU1BBVENI	QU5Z	JmFyZ3ZbMF0=	YmluZGluZ3MuY3Bw	947	107374182558	PG9wZXJhdG9yPi5hZGRyZXNzT2Y=
30064772017	107374182479	PG9wZXJhdG9yPi5pbmRpcmVjdEZpZWxkQWNjZXNz	PG9wZXJhdG9yPi5pbmRpcmVjdEZpZWxkQWNjZXNz	U1RBVElDX0RJU1BBVENI	Ym9vbA==	dGhpcy0+YXNCdWZmZXJf	YmluZGluZ3MuY3Bw	949	107374182595	PG9wZXJhdG9yPi5pbmRpcmVjdEZpZWxkQWNjZXNz
30064772035	107374182479	PG9wZXJhdG9yPi5pbmRpcmVjdEZpZWxkQWNjZXNz	PG9wZXJhdG9yPi5pbmRpcmVjdEZpZWxkQWNjZXNz	U1RBVElDX0RJU1BBVENI	bmFwaV9lbnZfXyo=	dGhpcy0+ZW52Xw==	YmluZGluZ3MuY3Bw	956	107374182595	PG9wZXJhdG9yPi5pbmRpcmVjdEZpZWxkQWNjZXNz
30064772036	107374182479	PG9wZXJhdG9yPi5pbmRpcmVjdEZpZWxkQWNjZXNz	PG9wZXJhdG9yPi5pbmRpcmVjdEZpZWxkQWNjZXNz	U1RBVElDX0RJU1BBVENI	bmFwaV9yZWZfXyo=	dGhpcy0+Y2FsbGJhY2tSZWZf	YmluZGluZ3MuY3Bw	956	107374182595	PG9wZXJhdG9yPi5pbmRpcmVjdEZpZWxkQWNjZXNz
30064772037	107374182479	PG9wZXJhdG9yPi5hZGRyZXNzT2Y=	PG9wZXJhdG9yPi5hZGRyZXNzT2Y=	U1RBVElDX0RJU1BBVENI	QU5Z	JmNhbGxiYWNr	YmluZGluZ3MuY3Bw	956	107374182558	PG9wZXJhdG9yPi5hZGRyZXNzT2Y=
30064772039	107374182479	PG9wZXJhdG9yPi5pbmRpcmVjdEZpZWxkQWNjZXNz	PG9wZXJhdG9yPi5pbmRpcmVjdEZpZWxkQWNjZXNz	U1RBVElDX0RJU1BBVENI	bmFwaV9lbnZfXyo=	dGhpcy0+ZW52Xw==	YmluZGluZ3MuY3Bw	957	107374182595	PG9wZXJhdG9yPi5pbmRpcmVjdEZpZWxkQWNjZXNz
30064772016	107374182479	PG9wZXJhdG9yPi5pbmRpcmVjdEluZGV4QWNjZXNz	PG9wZXJhdG9yPi5pbmRpcmVjdEluZGV4QWNjZXNz	U1RBVElDX0RJU1BBVENI	QU5Z	YXJndlswXQ==	YmluZGluZ3MuY3Bw	947	107374182578	PG9wZXJhdG9yPi5pbmRpcmVjdEluZGV4QWNjZXNz
30064772018	107374182479	bmFwaV9jcmVhdGVfYnVmZmVyX2NvcHk=	PHVucmVzb2x2ZWROYW1lc3BhY2U+Lm5hcGlfY3JlYXRlX2J1ZmZlcl9jb3B5Ojx1bnJlc29sdmVkU2lnbmF0dXJlPig1KQ==	U1RBVElDX0RJU1BBVENI	QU5Z	bmFwaV9jcmVhdGVfYnVmZmVyX2NvcHkoZW52XywgdmFsdWVfLnNpemUoKSwgdmFsdWVfLmRhdGEoKSwgTlVMTCwgJmFyZ3ZbMV0p	YmluZGluZ3MuY3Bw	950	107374182681	PHVucmVzb2x2ZWROYW1lc3BhY2U+Lm5hcGlfY3JlYXRlX2J1ZmZlcl9jb3B5Ojx1bnJlc29sdmVkU2lnbmF0dXJlPig1KQ==
30064772026	107374182479	bmFwaV9jcmVhdGVfc3RyaW5nX3V0Zjg=	PHVucmVzb2x2ZWROYW1lc3BhY2U+Lm5hcGlfY3JlYXRlX3N0cmluZ191dGY4Ojx1bnJlc29sdmVkU2lnbmF0dXJlPig0KQ==	U1RBVElDX0RJU1BBVENI	QU5Z	bmFwaV9jcmVhdGVfc3RyaW5nX3V0ZjgoZW52XywgdmFsdWVfLmRhdGEoKSwgdmFsdWVfLnNpemUoKSwgJmFyZ3ZbMV0p	YmluZGluZ3MuY3Bw	952	107374182561	PHVucmVzb2x2ZWROYW1lc3BhY2U+Lm5hcGlfY3JlYXRlX3N0cmluZ191dGY4Ojx1bnJlc29sdmVkU2lnbmF0dXJlPig0KQ==
30064772019	107374182479	PG9wZXJhdG9yPi5pbmRpcmVjdEZpZWxkQWNjZXNz	PG9wZXJhdG9yPi5pbmRpcmVjdEZpZWxkQWNjZXNz	U1RBVElDX0RJU1BBVENI	bmFwaV9lbnZfXyo=	dGhpcy0+ZW52Xw==	YmluZGluZ3MuY3Bw	950	107374182595	PG9wZXJhdG9yPi5pbmRpcmVjdEZpZWxkQWNjZXNz
30064772020	107374182479	c2l6ZQ==	PHVucmVzb2x2ZWROYW1lc3BhY2U+LnNpemU6PHVucmVzb2x2ZWRTaWduYXR1cmU+KDAp	U1RBVElDX0RJU1BBVENI	QU5Z	dmFsdWVfLnNpemUoKQ==	YmluZGluZ3MuY3Bw	950	107374182648	PHVucmVzb2x2ZWROYW1lc3BhY2U+LnNpemU6PHVucmVzb2x2ZWRTaWduYXR1cmU+KDAp
30064772022	107374182479	ZGF0YQ==	PHVucmVzb2x2ZWROYW1lc3BhY2U+LmRhdGE6PHVucmVzb2x2ZWRTaWduYXR1cmU+KDAp	U1RBVElDX0RJU1BBVENI	QU5Z	dmFsdWVfLmRhdGEoKQ==	YmluZGluZ3MuY3Bw	950	107374182582	PHVucmVzb2x2ZWROYW1lc3BhY2U+LmRhdGE6PHVucmVzb2x2ZWRTaWduYXR1cmU+KDAp
30064772024	107374182479	PG9wZXJhdG9yPi5hZGRyZXNzT2Y=	PG9wZXJhdG9yPi5hZGRyZXNzT2Y=	U1RBVElDX0RJU1BBVENI	QU5Z	JmFyZ3ZbMV0=	YmluZGluZ3MuY3Bw	950	107374182558	PG9wZXJhdG9yPi5hZGRyZXNzT2Y=
30064772027	107374182479	PG9wZXJhdG9yPi5pbmRpcmVjdEZpZWxkQWNjZXNz	PG9wZXJhdG9yPi5pbmRpcmVjdEZpZWxkQWNjZXNz	U1RBVElDX0RJU1BBVENI	bmFwaV9lbnZfXyo=	dGhpcy0+ZW52Xw==	YmluZGluZ3MuY3Bw	952	107374182595	PG9wZXJhdG9yPi5pbmRpcmVjdEZpZWxkQWNjZXNz
30064772028	107374182479	ZGF0YQ==	PHVucmVzb2x2ZWROYW1lc3BhY2U+LmRhdGE6PHVucmVzb2x2ZWRTaWduYXR1cmU+KDAp	U1RBVElDX0RJU1BBVENI	QU5Z	dmFsdWVfLmRhdGEoKQ==	YmluZGluZ3MuY3Bw	952	107374182582	PHVucmVzb2x2ZWROYW1lc3BhY2U+LmRhdGE6PHVucmVzb2x2ZWRTaWduYXR1cmU+KDAp
30064772030	107374182479	c2l6ZQ==	PHVucmVzb2x2ZWROYW1lc3BhY2U+LnNpemU6PHVucmVzb2x2ZWRTaWduYXR1cmU+KDAp	U1RBVElDX0RJU1BBVENI	QU5Z	dmFsdWVfLnNpemUoKQ==	YmluZGluZ3MuY3Bw	952	107374182648	PHVucmVzb2x2ZWROYW1lc3BhY2U+LnNpemU6PHVucmVzb2x2ZWRTaWduYXR1cmU+KDAp
30064772032	107374182479	PG9wZXJhdG9yPi5hZGRyZXNzT2Y=	PG9wZXJhdG9yPi5hZGRyZXNzT2Y=	U1RBVElDX0RJU1BBVENI	QU5Z	JmFyZ3ZbMV0=	YmluZGluZ3MuY3Bw	952	107374182558	PG9wZXJhdG9yPi5hZGRyZXNzT2Y=
30064772021	107374182479	PG9wZXJhdG9yPi5pbmRpcmVjdEZpZWxkQWNjZXNz	PG9wZXJhdG9yPi5pbmRpcmVjdEZpZWxkQWNjZXNz	U1RBVElDX0RJU1BBVENI	QU5Z	dGhpcy0+dmFsdWVf	YmluZGluZ3MuY3Bw	950	107374182595	PG9wZXJhdG9yPi5pbmRpcmVjdEZpZWxkQWNjZXNz
30064772023	107374182479	PG9wZXJhdG9yPi5pbmRpcmVjdEZpZWxkQWNjZXNz	PG9wZXJhdG9yPi5pbmRpcmVjdEZpZWxkQWNjZXNz	U1RBVElDX0RJU1BBVENI	QU5Z	dGhpcy0+dmFsdWVf	YmluZGluZ3MuY3Bw	950	107374182595	PG9wZXJhdG9yPi5pbmRpcmVjdEZpZWxkQWNjZXNz
30064772025	107374182479	PG9wZXJhdG9yPi5pbmRpcmVjdEluZGV4QWNjZXNz	PG9wZXJhdG9yPi5pbmRpcmVjdEluZGV4QWNjZXNz	U1RBVElDX0RJU1BBVENI	QU5Z	YXJndlsxXQ==	YmluZGluZ3MuY3Bw	950	107374182578	PG9wZXJhdG9yPi5pbmRpcmVjdEluZGV4QWNjZXNz
30064772029	107374182479	PG9wZXJhdG9yPi5pbmRpcmVjdEZpZWxkQWNjZXNz	PG9wZXJhdG9yPi5pbmRpcmVjdEZpZWxkQWNjZXNz	U1RBVElDX0RJU1BBVENI	QU5Z	dGhpcy0+dmFsdWVf	YmluZGluZ3MuY3Bw	952	107374182595	PG9wZXJhdG9yPi5pbmRpcmVjdEZpZWxkQWNjZXNz
30064772031	107374182479	PG9wZXJhdG9yPi5pbmRpcmVjdEZpZWxkQWNjZXNz	PG9wZXJhdG9yPi5pbmRpcmVjdEZpZWxkQWNjZXNz	U1RBVElDX0RJU1BBVENI	QU5Z	dGhpcy0+dmFsdWVf	YmluZGluZ3MuY3Bw	952	107374182595	PG9wZXJhdG9yPi5pbmRpcmVjdEZpZWxkQWNjZXNz
30064772033	107374182479	PG9wZXJhdG9yPi5pbmRpcmVjdEluZGV4QWNjZXNz	PG9wZXJhdG9yPi5pbmRpcmVjdEluZGV4QWNjZXNz	U1RBVElDX0RJU1BBVENI	QU5Z	YXJndlsxXQ==	YmluZGluZ3MuY3Bw	952	107374182578	PG9wZXJhdG9yPi5pbmRpcmVjdEluZGV4QWNjZXNz
30064772040	107374182480	TkFQSV9BUkdW	L3RtcC9jbGF1ZGUtMC8taG9tZS11c2VyLWJ1Zy10cmFja2VyLzYzYjcwZTVhLTc1ZDMtNWRhMi1hZTgxLWUwMDk2MTI4N2M2ZS9zY3JhdGNocGFkL3ZhbDEwL0A4Y3JhZnRlcl9fbGV2ZWxkYi16bGliL3BrZy9wYWNrYWdlL3NyYy9uYXBpLW1hY3Jvcy5oOk5BUElfQVJHVjpBTlkoMSk=	SU5MSU5FRA==	QU5Z	TkFQSV9BUkdWKDQp	YmluZGluZ3MuY3Bw	970	107374182550	L3RtcC9jbGF1ZGUtMC8taG9tZS11c2VyLWJ1Zy10cmFja2VyLzYzYjcwZTVhLTc1ZDMtNWRhMi1hZTgxLWUwMDk2MTI4N2M2ZS9zY3JhdGNocGFkL3ZhbDEwL0A4Y3JhZnRlcl9fbGV2ZWxkYi16bGliL3BrZy9wYWNrYWdlL3NyYy9uYXBpLW1hY3Jvcy5oOk5BUElfQVJHVjpBTlkoMSk=
30064772043	107374182480	PG9wZXJhdG9yPi5hc3NpZ25tZW50	PG9wZXJhdG9yPi5hc3NpZ25tZW50	U1RBVElDX0RJU1BBVENI	dm9pZA==	c2l6ZV90	YmluZGluZ3MuY3Bw	970	107374182564	PG9wZXJhdG9yPi5hc3NpZ25tZW50
30064772048	107374182480	TkFQSV9EQl9DT05URVhU	YmluZGluZ3MuY3BwOk5BUElfREJfQ09OVEVYVDpBTlkoMCk=	SU5MSU5FRA==	QU5Z	TkFQSV9EQl9DT05URVhUKCk=	YmluZGluZ3MuY3Bw	971	107374182551	YmluZGluZ3MuY3BwOk5BUElfREJfQ09OVEVYVDpBTlkoMCk=
30064772056	107374182480	PG9wZXJhdG9yPi5hc3NpZ25tZW50	PG9wZXJhdG9yPi5hc3NpZ25tZW50	U1RBVElDX0RJU1BBVENI	dm9pZA==	a2V5ID0gVG9TbGljZShlbnYsIGFyZ3ZbMV0p	YmluZGluZ3MuY3Bw	973	107374182564	PG9wZXJhdG9yPi5hc3NpZ25tZW50
30064772059	107374182480	PG9wZXJhdG9yPi5hc3NpZ25tZW50	PG9wZXJhdG9yPi5hc3NpZ25tZW50	U1RBVElDX0RJU1BBVENI	dm9pZA==	b3B0aW9ucyA9IGFyZ3ZbMl0=	YmluZGluZ3MuY3Bw	974	107374182564	PG9wZXJhdG9yPi5hc3NpZ25tZW50
30064772061	107374182480	PG9wZXJhdG9yPi5hc3NpZ25tZW50	PG9wZXJhdG9yPi5hc3NpZ25tZW50	U1RBVElDX0RJU1BBVENI	dm9pZA==	YXNCdWZmZXIgPSBCb29sZWFuUHJvcGVydHkoZW52LCBvcHRpb25zLCAiYXNCdWZmZXIiLCB0cnVlKQ==	YmluZGluZ3MuY3Bw	975	107374182564	PG9wZXJhdG9yPi5hc3NpZ25tZW50
30064772063	107374182480	PG9wZXJhdG9yPi5hc3NpZ25tZW50	PG9wZXJhdG9yPi5hc3NpZ25tZW50	U1RBVElDX0RJU1BBVENI	dm9pZA==	ZmlsbENhY2hlID0gQm9vbGVhblByb3BlcnR5KGVudiwgb3B0aW9ucywgImZpbGxDYWNoZSIsIHRydWUp	YmluZGluZ3MuY3Bw	976	107374182564	PG9wZXJhdG9yPi5hc3NpZ25tZW50
30064772065	107374182480	PG9wZXJhdG9yPi5hc3NpZ25tZW50	PG9wZXJhdG9yPi5hc3NpZ25tZW50	U1RBVElDX0RJU1BBVENI	dm9pZA==	Y2FsbGJhY2sgPSBhcmd2WzNd	YmluZGluZ3MuY3Bw	977	107374182564	PG9wZXJhdG9yPi5hc3NpZ25tZW50
30064772067	107374182480	PG9wZXJhdG9yPi5hc3NpZ25tZW50	PG9wZXJhdG9yPi5hc3NpZ25tZW50	U1RBVElDX0RJU1BBVENI	dm9pZA==	d29ya2VyID0gbmV3IEdldFdvcmtlcihlbnYsIGRhdGFiYXNlLCBjYWxsYmFjaywga2V5LCBhc0J1ZmZlciwKICAgICAgICAgICAgICAgICAgICAgICAgICAgICAgICAgICAgZmlsbENhY2hlKQ==	YmluZGluZ3MuY3Bw	979	107374182564	PG9wZXJhdG9yPi5hc3NpZ25tZW50
30064772073	107374182480	UXVldWU=	R2V0V29ya2VyLlF1ZXVlOnZvaWQoKQ==	U1RBVElDX0RJU1BBVENI	dm9pZA==	d29ya2VyLT5RdWV1ZSgp	YmluZGluZ3MuY3Bw	981	107374182683	R2V0V29ya2VyLlF1ZXVlOnZvaWQoKQ==
30064772074	107374182480	TkFQSV9SRVRVUk5fVU5ERUZJTkVE	YmluZGluZ3MuY3BwOk5BUElfUkVUVVJOX1VOREVGSU5FRDpBTlkoMCk=	SU5MSU5FRA==	QU5Z	TkFQSV9SRVRVUk5fVU5ERUZJTkVEKCk=	YmluZGluZ3MuY3Bw	983	107374182553	YmluZGluZ3MuY3BwOk5BUElfUkVUVVJOX1VOREVGSU5FRDpBTlkoMCk=
30064772044	107374182480	PG9wZXJhdG9yPi5ub3RFcXVhbHM=	PG9wZXJhdG9yPi5ub3RFcXVhbHM=	U1RBVElDX0RJU1BBVENI	QU5Z	KG5hcGlfZ2V0X2NiX2luZm8oZW52LCBpbmZvLCAmYXJnYywgYXJndiwgTlVMTCwgTlVMTCkpICE9IG5hcGlfb2s=	YmluZGluZ3MuY3Bw	970	107374182593	PG9wZXJhdG9yPi5ub3RFcXVhbHM=
30064772050	107374182480	PG9wZXJhdG9yPi5ub3RFcXVhbHM=	PG9wZXJhdG9yPi5ub3RFcXVhbHM=	U1RBVElDX0RJU1BBVENI	QU5Z	KG5hcGlfZ2V0X3ZhbHVlX2V4dGVybmFsKGVudiwgYXJndlswXSwgKHZvaWQgKiAqKSZkYXRhYmFzZSkpICE9IG5hcGlfb2s=	YmluZGluZ3MuY3Bw	971	107374182593	PG9wZXJhdG9yPi5ub3RFcXVhbHM=
30064772057	107374182480	VG9TbGljZQ==	VG9TbGljZTpBTlkobmFwaV9lbnZfXyosbmFwaV92YWx1ZV9fKik=	U1RBVElDX0RJU1BBVENI	QU5Z	VG9TbGljZShlbnYsIGFyZ3ZbMV0p	YmluZGluZ3MuY3Bw	973	107374182677	VG9TbGljZTpBTlkobmFwaV9lbnZfXyosbmFwaV92YWx1ZV9fKik=
30064772060	107374182480	PG9wZXJhdG9yPi5pbmRpcmVjdEluZGV4QWNjZXNz	PG9wZXJhdG9yPi5pbmRpcmVjdEluZGV4QWNjZXNz	U1RBVElDX0RJU1BBVENI	QU5Z	YXJndlsyXQ==	YmluZGluZ3MuY3Bw	974	107374182578	PG9wZXJhdG9yPi5pbmRpcmVjdEluZGV4QWNjZXNz
30064772062	107374182480	Qm9vbGVhblByb3BlcnR5	Qm9vbGVhblByb3BlcnR5OmJvb2wobmFwaV9lbnZfXyosbmFwaV92YWx1ZV9fKixjaGFyKixib29sKQ==	U1RBVElDX0RJU1BBVENI	Ym9vbA==	Qm9vbGVhblByb3BlcnR5KGVudiwgb3B0aW9ucywgImFzQnVmZmVyIiwgdHJ1ZSk=	YmluZGluZ3MuY3Bw	975	107374182662	Qm9vbGVhblByb3BlcnR5OmJvb2wobmFwaV9lbnZfXyosbmFwaV92YWx1ZV9fKixjaGFyKixib29sKQ==
30064772064	107374182480	Qm9vbGVhblByb3BlcnR5	Qm9vbGVhblByb3BlcnR5OmJvb2wobmFwaV9lbnZfXyosbmFwaV92YWx1ZV9fKixjaGFyKixib29sKQ==	U1RBVElDX0RJU1BBVENI	Ym9vbA==	Qm9vbGVhblByb3BlcnR5KGVudiwgb3B0aW9ucywgImZpbGxDYWNoZSIsIHRydWUp	YmluZGluZ3MuY3Bw	976	107374182662	Qm9vbGVhblByb3BlcnR5OmJvb2wobmFwaV9lbnZfXyosbmFwaV92YWx1ZV9fKixjaGFyKixib29sKQ==
30064772066	107374182480	PG9wZXJhdG9yPi5pbmRpcmVjdEluZGV4QWNjZXNz	PG9wZXJhdG9yPi5pbmRpcmVjdEluZGV4QWNjZXNz	U1RBVElDX0RJU1BBVENI	QU5Z	YXJndlszXQ==	YmluZGluZ3MuY3Bw	977	107374182578	PG9wZXJhdG9yPi5pbmRpcmVjdEluZGV4QWNjZXNz
30064772068	107374182480	PG9wZXJhdG9yPi5uZXc=	PG9wZXJhdG9yPi5uZXc=	U1RBVElDX0RJU1BBVENI	QU5Z	bmV3IEdldFdvcmtlcihlbnYsIGRhdGFiYXNlLCBjYWxsYmFjaywga2V5LCBhc0J1ZmZlciwKICAgICAgICAgICAgICAgICAgICAgICAgICAgICAgICAgICAgZmlsbENhY2hlKQ==	YmluZGluZ3MuY3Bw	979	107374182574	PG9wZXJhdG9yPi5uZXc=
30064772041	107374182480	PG9wZXJhdG9yPi5hc3NpZ25tZW50	PG9wZXJhdG9yPi5hc3NpZ25tZW50	U1RBVElDX0RJU1BBVENI	dm9pZA==	bmFwaV92YWx1ZSBbXQ==	YmluZGluZ3MuY3Bw	970	107374182564	PG9wZXJhdG9yPi5hc3NpZ25tZW50
30064772045	107374182480	bmFwaV9nZXRfY2JfaW5mbw==	PHVucmVzb2x2ZWROYW1lc3BhY2U+Lm5hcGlfZ2V0X2NiX2luZm86PHVucmVzb2x2ZWRTaWduYXR1cmU+KDYp	U1RBVElDX0RJU1BBVENI	QU5Z	bmFwaV9nZXRfY2JfaW5mbyhlbnYsIGluZm8sICZhcmdjLCBhcmd2LCBOVUxMLCBOVUxMKQ==	YmluZGluZ3MuY3Bw	970	107374182660	PHVucmVzb2x2ZWROYW1lc3BhY2U+Lm5hcGlfZ2V0X2NiX2luZm86PHVucmVzb2x2ZWRTaWduYXR1cmU+KDYp
30064772047	107374182480	bmFwaV90aHJvd19lcnJvcg==	PHVucmVzb2x2ZWROYW1lc3BhY2U+Lm5hcGlfdGhyb3dfZXJyb3I6PHVucmVzb2x2ZWRTaWduYXR1cmU+KDMp	U1RBVElDX0RJU1BBVENI	QU5Z	bmFwaV90aHJvd19lcnJvcihlbnYsIE5VTEwsICJuYXBpX2dldF9jYl9pbmZvKGVudiwgaW5mbywgJmFyZ2MsIGFyZ3YsIE5VTEwsIE5VTEwpIGZhaWxlZCEiKQ==	YmluZGluZ3MuY3Bw	970	107374182596	PHVucmVzb2x2ZWROYW1lc3BhY2U+Lm5hcGlfdGhyb3dfZXJyb3I6PHVucmVzb2x2ZWRTaWduYXR1cmU+KDMp
30064772049	107374182480	PG9wZXJhdG9yPi5hc3NpZ25tZW50	PG9wZXJhdG9yPi5hc3NpZ25tZW50	U1RBVElDX0RJU1BBVENI	dm9pZA==	RGF0YWJhc2UgKg==	YmluZGluZ3MuY3Bw	971	107374182564	PG9wZXJhdG9yPi5hc3NpZ25tZW50
30064772051	107374182480	bmFwaV9nZXRfdmFsdWVfZXh0ZXJuYWw=	bmFwaV9nZXRfdmFsdWVfZXh0ZXJuYWw=	U1RBVElDX0RJU1BBVENI	QU5Z	bmFwaV9nZXRfdmFsdWVfZXh0ZXJuYWwoZW52LCBhcmd2WzBdLCAodm9pZCAqICopJmRhdGFiYXNlKQ==	YmluZGluZ3MuY3Bw	971	107374182661	bmFwaV9nZXRfdmFsdWVfZXh0ZXJuYWw=
30064772055	107374182480	bmFwaV90aHJvd19lcnJvcg==	PHVucmVzb2x2ZWROYW1lc3BhY2U+Lm5hcGlfdGhyb3dfZXJyb3I6PHVucmVzb2x2ZWRTaWduYXR1cmU+KDMp	U1RBVElDX0RJU1BBVENI	QU5Z	bmFwaV90aHJvd19lcnJvcihlbnYsIE5VTEwsICJuYXBpX2dldF92YWx1ZV9leHRlcm5hbChlbnYsIGFyZ3ZbMF0sICh2b2lkKiopJmRhdGFiYXNlKSBmYWlsZWQhIik=	YmluZGluZ3MuY3Bw	971	107374182596	PHVucmVzb2x2ZWROYW1lc3BhY2U+Lm5hcGlfdGhyb3dfZXJyb3I6PHVucmVzb2x2ZWRTaWduYXR1cmU+KDMp
30064772058	107374182480	PG9wZXJhdG9yPi5pbmRpcmVjdEluZGV4QWNjZXNz	PG9wZXJhdG9yPi5pbmRpcmVjdEluZGV4QWNjZXNz	U1RBVElDX0RJU1BBVENI	QU5Z	YXJndlsxXQ==	YmluZGluZ3MuY3Bw	973	107374182578	PG9wZXJhdG9yPi5pbmRpcmVjdEluZGV4QWNjZXNz
30064772042	107374182480	PG9wZXJhdG9yPi5hbGxvYw==	PG9wZXJhdG9yPi5hbGxvYw==	U1RBVElDX0RJU1BBVENI	bmFwaV92YWx1ZVs0XQ==	bmFwaV92YWx1ZSBbXQ==	YmluZGluZ3MuY3Bw	970	107374182575	PG9wZXJhdG9yPi5hbGxvYw==
30064772046	107374182480	PG9wZXJhdG9yPi5hZGRyZXNzT2Y=	PG9wZXJhdG9yPi5hZGRyZXNzT2Y=	U1RBVElDX0RJU1BBVENI	QU5Z	JmFyZ2M=	YmluZGluZ3MuY3Bw	970	107374182558	PG9wZXJhdG9yPi5hZGRyZXNzT2Y=
30064772052	107374182480	PG9wZXJhdG9yPi5pbmRpcmVjdEluZGV4QWNjZXNz	PG9wZXJhdG9yPi5pbmRpcmVjdEluZGV4QWNjZXNz	U1RBVElDX0RJU1BBVENI	QU5Z	YXJndlswXQ==	YmluZGluZ3MuY3Bw	971	107374182578	PG9wZXJhdG9yPi5pbmRpcmVjdEluZGV4QWNjZXNz
30064772053	107374182480	PG9wZXJhdG9yPi5jYXN0	PG9wZXJhdG9yPi5jYXN0	U1RBVElDX0RJU1BBVENI	dm9pZA==	KHZvaWQgKiAqKSZkYXRhYmFzZQ==	YmluZGluZ3MuY3Bw	971	107374182585	PG9wZXJhdG9yPi5jYXN0
30064772069	107374182480	PG9wZXJhdG9yPi5hc3NpZ25tZW50	PG9wZXJhdG9yPi5hc3NpZ25tZW50	U1RBVElDX0RJU1BBVENI	QU5Z	PHRtcD4wID0gPG9wZXJhdG9yPi5hbGxvYw==	YmluZGluZ3MuY3Bw	979	107374182564	PG9wZXJhdG9yPi5hc3NpZ25tZW50
30064772071	107374182480	R2V0V29ya2Vy	R2V0V29ya2VyLkdldFdvcmtlcjp2b2lkKG5hcGlfZW52X18qLERhdGFiYXNlKixuYXBpX3ZhbHVlX18qLEFOWSxib29sLGJvb2wp	U1RBVElDX0RJU1BBVENI	dm9pZA==	bmV3IEdldFdvcmtlcihlbnYsIGRhdGFiYXNlLCBjYWxsYmFjaywga2V5LCBhc0J1ZmZlciwKICAgICAgICAgICAgICAgICAgICAgICAgICAgICAgICAgICAgZmlsbENhY2hlKQ==	YmluZGluZ3MuY3Bw	979	107374182682	R2V0V29ya2VyLkdldFdvcmtlcjp2b2lkKG5hcGlfZW52X18qLERhdGFiYXNlKixuYXBpX3ZhbHVlX18qLEFOWSxib29sLGJvb2wp
30064772054	107374182480	PG9wZXJhdG9yPi5hZGRyZXNzT2Y=	PG9wZXJhdG9yPi5hZGRyZXNzT2Y=	U1RBVElDX0RJU1BBVENI	QU5Z	JmRhdGFiYXNl	YmluZGluZ3MuY3Bw	971	107374182558	PG9wZXJhdG9yPi5hZGRyZXNzT2Y=
30064772070	107374182480	PG9wZXJhdG9yPi5hbGxvYw==	PG9wZXJhdG9yPi5hbGxvYw==	U1RBVElDX0RJU1BBVENI	QU5Z	PG9wZXJhdG9yPi5hbGxvYw==	YmluZGluZ3MuY3Bw	979	107374182575	PG9wZXJhdG9yPi5hbGxvYw==
30064772072	107374182480	PG9wZXJhdG9yPi5hZGRyZXNzT2Y=	PG9wZXJhdG9yPi5hZGRyZXNzT2Y=	U1RBVElDX0RJU1BBVENI	QU5Z	Jjx0bXA+MA==	YmluZGluZ3MuY3Bw	979	107374182558	PG9wZXJhdG9yPi5hZGRyZXNzT2Y=
30064772075	107374182481	PG9wZXJhdG9yPi5hc3NpZ25tZW50	PG9wZXJhdG9yPi5hc3NpZ25tZW50	U1RBVElDX0RJU1BBVENI	QU5Z	b3B0aW9uc18uc3luYyA9IHN5bmM=	YmluZGluZ3MuY3Bw	997	107374182564	PG9wZXJhdG9yPi5hc3NpZ25tZW50
30064772078	107374182481	PG9wZXJhdG9yPi5hc3NpZ25tZW50	PG9wZXJhdG9yPi5hc3NpZ25tZW50	U1RBVElDX0RJU1BBVENI	dm9pZA==	dGhpcy0+UHJpb3JpdHlXb3JrZXIgPSBlbnY=	YmluZGluZ3MuY3Bw	995	107374182564	PG9wZXJhdG9yPi5hc3NpZ25tZW50
30064772080	107374182481	PG9wZXJhdG9yPi5hc3NpZ25tZW50	PG9wZXJhdG9yPi5hc3NpZ25tZW50	U1RBVElDX0RJU1BBVENI	dm9pZA==	dGhpcy0+a2V5XyA9IGtleQ==	YmluZGluZ3MuY3Bw	996	107374182564	PG9wZXJhdG9yPi5hc3NpZ25tZW50
30064772076	107374182481	PG9wZXJhdG9yPi5maWVsZEFjY2Vzcw==	PG9wZXJhdG9yPi5maWVsZEFjY2Vzcw==	U1RBVElDX0RJU1BBVENI	QU5Z	b3B0aW9uc18uc3luYw==	YmluZGluZ3MuY3Bw	997	107374182628	PG9wZXJhdG9yPi5maWVsZEFjY2Vzcw==
30064772079	107374182481	PG9wZXJhdG9yPi5pbmRpcmVjdEZpZWxkQWNjZXNz	PG9wZXJhdG9yPi5pbmRpcmVjdEZpZWxkQWNjZXNz	U1RBVElDX0RJU1BBVENI	RGVsV29ya2VyKg==	dGhpcy0+UHJpb3JpdHlXb3JrZXI=	YmluZGluZ3MuY3Bw	995	107374182595	PG9wZXJhdG9yPi5pbmRpcmVjdEZpZWxkQWNjZXNz
30064772081	107374182481	PG9wZXJhdG9yPi5pbmRpcmVjdEZpZWxkQWNjZXNz	PG9wZXJhdG9yPi5pbmRpcmVjdEZpZWxkQWNjZXNz	U1RBVElDX0RJU1BBVENI	RGVsV29ya2VyKg==	dGhpcy0+a2V5Xw==	YmluZGluZ3MuY3Bw	996	107374182595	PG9wZXJhdG9yPi5pbmRpcmVjdEZpZWxkQWNjZXNz
30064772077	107374182481	PG9wZXJhdG9yPi5pbmRpcmVjdEZpZWxkQWNjZXNz	PG9wZXJhdG9yPi5pbmRpcmVjdEZpZWxkQWNjZXNz	U1RBVElDX0RJU1BBVENI	QU5Z	dGhpcy0+b3B0aW9uc18=	YmluZGluZ3MuY3Bw	997	107374182595	PG9wZXJhdG9yPi5pbmRpcmVjdEZpZWxkQWNjZXNz
30064772082	107374182482	RGlzcG9zZVNsaWNlQnVmZmVy	RGlzcG9zZVNsaWNlQnVmZmVyOnZvaWQoQU5ZKQ==	U1RBVElDX0RJU1BBVENI	dm9pZA==	RGlzcG9zZVNsaWNlQnVmZmVyKGtleV8p	YmluZGluZ3MuY3Bw	1001	107374182674	RGlzcG9zZVNsaWNlQnVmZmVyOnZvaWQoQU5ZKQ==
30064772083	107374182482	PG9wZXJhdG9yPi5pbmRpcmVjdEZpZWxkQWNjZXNz	PG9wZXJhdG9yPi5pbmRpcmVjdEZpZWxkQWNjZXNz	U1RBVElDX0RJU1BBVENI	QU5Z	dGhpcy0+a2V5Xw==	YmluZGluZ3MuY3Bw	1001	107374182595	PG9wZXJhdG9yPi5pbmRpcmVjdEZpZWxkQWNjZXNz
30064772084	107374182483	U2V0U3RhdHVz	QmFzZVdvcmtlci5TZXRTdGF0dXM6dm9pZChBTlkp	U1RBVElDX0RJU1BBVENI	dm9pZA==	U2V0U3RhdHVzKGRhdGFiYXNlXy0+RGVsKG9wdGlvbnNfLCBrZXlfKSk=	YmluZGluZ3MuY3Bw	1005	107374182675	QmFzZVdvcmtlci5TZXRTdGF0dXM6dm9pZChBTlkp
30064772085	107374182483	RGVs	RGF0YWJhc2UuRGVsOkFOWShBTlksQU5ZKQ==	U1RBVElDX0RJU1BBVENI	QU5Z	ZGF0YWJhc2VfLT5EZWwob3B0aW9uc18sIGtleV8p	YmluZGluZ3MuY3Bw	1005	107374182684	RGF0YWJhc2UuRGVsOkFOWShBTlksQU5ZKQ==
30064772086	107374182483	PG9wZXJhdG9yPi5pbmRpcmVjdEZpZWxkQWNjZXNz	PG9wZXJhdG9yPi5pbmRpcmVjdEZpZWxkQWNjZXNz	U1RBVElDX0RJU1BBVENI	RGF0YWJhc2Uq	dGhpcy0+ZGF0YWJhc2Vf	YmluZGluZ3MuY3Bw	1005	107374182595	PG9wZXJhdG9yPi5pbmRpcmVjdEZpZWxkQWNjZXNz
30064772087	107374182483	PG9wZXJhdG9yPi5pbmRpcmVjdEZpZWxkQWNjZXNz	PG9wZXJhdG9yPi5pbmRpcmVjdEZpZWxkQWNjZXNz	U1RBVElDX0RJU1BBVENI	QU5Z	dGhpcy0+b3B0aW9uc18=	YmluZGluZ3MuY3Bw	1005	107374182595	PG9wZXJhdG9yPi5pbmRpcmVjdEZpZWxkQWNjZXNz
30064772088	107374182483	PG9wZXJhdG9yPi5pbmRpcmVjdEZpZWxkQWNjZXNz	PG9wZXJhdG9yPi5pbmRpcmVjdEZpZWxkQWNjZXNz	U1RBVElDX0RJU1BBVENI	QU5Z	dGhpcy0+a2V5Xw==	YmluZGluZ3MuY3Bw	1005	107374182595	PG9wZXJhdG9yPi5pbmRpcmVjdEZpZWxkQWNjZXNz
30064772089	107374182484	TkFQSV9BUkdW	L3RtcC9jbGF1ZGUtMC8taG9tZS11c2VyLWJ1Zy10cmFja2VyLzYzYjcwZTVhLTc1ZDMtNWRhMi1hZTgxLWUwMDk2MTI4N2M2ZS9zY3JhdGNocGFkL3ZhbDEwL0A4Y3JhZnRlcl9fbGV2ZWxkYi16bGliL3BrZy9wYWNrYWdlL3NyYy9uYXBpLW1hY3Jvcy5oOk5BUElfQVJHVjpBTlkoMSk=	SU5MSU5FRA==	QU5Z	TkFQSV9BUkdWKDQp	YmluZGluZ3MuY3Bw	1016	107374182550	L3RtcC9jbGF1ZGUtMC8taG9tZS11c2VyLWJ1Zy10cmFja2VyLzYzYjcwZTVhLTc1ZDMtNWRhMi1hZTgxLWUwMDk2MTI4N2M2ZS9zY3JhdGNocGFkL3ZhbDEwL0A4Y3JhZnRlcl9fbGV2ZWxkYi16bGliL3BrZy9wYWNrYWdlL3NyYy9uYXBpLW1hY3Jvcy5oOk5BUElfQVJHVjpBTlkoMSk=
30064772092	107374182484	PG9wZXJhdG9yPi5hc3NpZ25tZW50	PG9wZXJhdG9yPi5hc3NpZ25tZW50	U1RBVElDX0RJU1BBVENI	dm9pZA==	c2l6ZV90	YmluZGluZ3MuY3Bw	1016	107374182564	PG9wZXJhdG9yPi5hc3NpZ25tZW50
30064772097	107374182484	TkFQSV9EQl9DT05URVhU	YmluZGluZ3MuY3BwOk5BUElfREJfQ09OVEVYVDpBTlkoMCk=	SU5MSU5FRA==	QU5Z	TkFQSV9EQl9DT05URVhUKCk=	YmluZGluZ3MuY3Bw	1017	107374182551	YmluZGluZ3MuY3BwOk5BUElfREJfQ09OVEVYVDpBTlkoMCk=
30064772105	107374182484	PG9wZXJhdG9yPi5hc3NpZ25tZW50	PG9wZXJhdG9yPi5hc3NpZ25tZW50	U1RBVElDX0RJU1BBVENI	dm9pZA==	a2V5ID0gVG9TbGljZShlbnYsIGFyZ3ZbMV0p	YmluZGluZ3MuY3Bw	1019	107374182564	PG9wZXJhdG9yPi5hc3NpZ25tZW50
30064772108	107374182484	PG9wZXJhdG9yPi5hc3NpZ25tZW50	PG9wZXJhdG9yPi5hc3NpZ25tZW50	U1RBVElDX0RJU1BBVENI	dm9pZA==	c3luYyA9IEJvb2xlYW5Qcm9wZXJ0eShlbnYsIGFyZ3ZbMl0sICJzeW5jIiwgZmFsc2Up	YmluZGluZ3MuY3Bw	1020	107374182564	PG9wZXJhdG9yPi5hc3NpZ25tZW50
30064772111	107374182484	PG9wZXJhdG9yPi5hc3NpZ25tZW50	PG9wZXJhdG9yPi5hc3NpZ25tZW50	U1RBVElDX0RJU1BBVENI	dm9pZA==	Y2FsbGJhY2sgPSBhcmd2WzNd	YmluZGluZ3MuY3Bw	1021	107374182564	PG9wZXJhdG9yPi5hc3NpZ25tZW50
30064772113	107374182484	PG9wZXJhdG9yPi5hc3NpZ25tZW50	PG9wZXJhdG9yPi5hc3NpZ25tZW50	U1RBVElDX0RJU1BBVENI	dm9pZA==	d29ya2VyID0gbmV3IERlbFdvcmtlcihlbnYsIGRhdGFiYXNlLCBjYWxsYmFjaywga2V5LCBzeW5jKQ==	YmluZGluZ3MuY3Bw	1023	107374182564	PG9wZXJhdG9yPi5hc3NpZ25tZW50
30064772119	107374182484	UXVldWU=	RGVsV29ya2VyLlF1ZXVlOnZvaWQoKQ==	U1RBVElDX0RJU1BBVENI	dm9pZA==	d29ya2VyLT5RdWV1ZSgp	YmluZGluZ3MuY3Bw	1024	107374182686	RGVsV29ya2VyLlF1ZXVlOnZvaWQoKQ==
30064772120	107374182484	TkFQSV9SRVRVUk5fVU5ERUZJTkVE	YmluZGluZ3MuY3BwOk5BUElfUkVUVVJOX1VOREVGSU5FRDpBTlkoMCk=	SU5MSU5FRA==	QU5Z	TkFQSV9SRVRVUk5fVU5ERUZJTkVEKCk=	YmluZGluZ3MuY3Bw	1026	107374182553	YmluZGluZ3MuY3BwOk5BUElfUkVUVVJOX1VOREVGSU5FRDpBTlkoMCk=
30064772093	107374182484	PG9wZXJhdG9yPi5ub3RFcXVhbHM=	PG9wZXJhdG9yPi5ub3RFcXVhbHM=	U1RBVElDX0RJU1BBVENI	QU5Z	KG5hcGlfZ2V0X2NiX2luZm8oZW52LCBpbmZvLCAmYXJnYywgYXJndiwgTlVMTCwgTlVMTCkpICE9IG5hcGlfb2s=	YmluZGluZ3MuY3Bw	1016	107374182593	PG9wZXJhdG9yPi5ub3RFcXVhbHM=
30064772099	107374182484	PG9wZXJhdG9yPi5ub3RFcXVhbHM=	PG9wZXJhdG9yPi5ub3RFcXVhbHM=	U1RBVElDX0RJU1BBVENI	QU5Z	KG5hcGlfZ2V0X3ZhbHVlX2V4dGVybmFsKGVudiwgYXJndlswXSwgKHZvaWQgKiAqKSZkYXRhYmFzZSkpICE9IG5hcGlfb2s=	YmluZGluZ3MuY3Bw	1017	107374182593	PG9wZXJhdG9yPi5ub3RFcXVhbHM=
30064772106	107374182484	VG9TbGljZQ==	VG9TbGljZTpBTlkobmFwaV9lbnZfXyosbmFwaV92YWx1ZV9fKik=	U1RBVElDX0RJU1BBVENI	QU5Z	VG9TbGljZShlbnYsIGFyZ3ZbMV0p	YmluZGluZ3MuY3Bw	1019	107374182677	VG9TbGljZTpBTlkobmFwaV9lbnZfXyosbmFwaV92YWx1ZV9fKik=
30064772109	107374182484	Qm9vbGVhblByb3BlcnR5	Qm9vbGVhblByb3BlcnR5OmJvb2wobmFwaV9lbnZfXyosbmFwaV92YWx1ZV9fKixjaGFyKixib29sKQ==	U1RBVElDX0RJU1BBVENI	Ym9vbA==	Qm9vbGVhblByb3BlcnR5KGVudiwgYXJndlsyXSwgInN5bmMiLCBmYWxzZSk=	YmluZGluZ3MuY3Bw	1020	107374182662	Qm9vbGVhblByb3BlcnR5OmJvb2wobmFwaV9lbnZfXyosbmFwaV92YWx1ZV9fKixjaGFyKixib29sKQ==
30064772112	107374182484	PG9wZXJhdG9yPi5pbmRpcmVjdEluZGV4QWNjZXNz	PG9wZXJhdG9yPi5pbmRpcmVjdEluZGV4QWNjZXNz	U1RBVElDX0RJU1BBVENI	QU5Z	YXJndlszXQ==	YmluZGluZ3MuY3Bw	1021	107374182578	PG9wZXJhdG9yPi5pbmRpcmVjdEluZGV4QWNjZXNz
30064772114	107374182484	PG9wZXJhdG9yPi5uZXc=	PG9wZXJhdG9yPi5uZXc=	U1RBVElDX0RJU1BBVENI	QU5Z	bmV3IERlbFdvcmtlcihlbnYsIGRhdGFiYXNlLCBjYWxsYmFjaywga2V5LCBzeW5jKQ==	YmluZGluZ3MuY3Bw	1023	107374182574	PG9wZXJhdG9yPi5uZXc=
30064772090	107374182484	PG9wZXJhdG9yPi5hc3NpZ25tZW50	PG9wZXJhdG9yPi5hc3NpZ25tZW50	U1RBVElDX0RJU1BBVENI	dm9pZA==	bmFwaV92YWx1ZSBbXQ==	YmluZGluZ3MuY3Bw	1016	107374182564	PG9wZXJhdG9yPi5hc3NpZ25tZW50
30064772094	107374182484	bmFwaV9nZXRfY2JfaW5mbw==	PHVucmVzb2x2ZWROYW1lc3BhY2U+Lm5hcGlfZ2V0X2NiX2luZm86PHVucmVzb2x2ZWRTaWduYXR1cmU+KDYp	U1RBVElDX0RJU1BBVENI	QU5Z	bmFwaV9nZXRfY2JfaW5mbyhlbnYsIGluZm8sICZhcmdjLCBhcmd2LCBOVUxMLCBOVUxMKQ==	YmluZGluZ3MuY3Bw	1016	107374182660	PHVucmVzb2x2ZWROYW1lc3BhY2U+Lm5hcGlfZ2V0X2NiX2luZm86PHVucmVzb2x2ZWRTaWduYXR1cmU+KDYp
30064772096	107374182484	bmFwaV90aHJvd19lcnJvcg==	PHVucmVzb2x2ZWROYW1lc3BhY2U+Lm5hcGlfdGhyb3dfZXJyb3I6PHVucmVzb2x2ZWRTaWduYXR1cmU+KDMp	U1RBVElDX0RJU1BBVENI	QU5Z	bmFwaV90aHJvd19lcnJvcihlbnYsIE5VTEwsICJuYXBpX2dldF9jYl9pbmZvKGVudiwgaW5mbywgJmFyZ2MsIGFyZ3YsIE5VTEwsIE5VTEwpIGZhaWxlZCEiKQ==	YmluZGluZ3MuY3Bw	1016	107374182596	PHVucmVzb2x2ZWROYW1lc3BhY2U+Lm5hcGlfdGhyb3dfZXJyb3I6PHVucmVzb2x2ZWRTaWduYXR1cmU+KDMp
30064772098	107374182484	PG9wZXJhdG9yPi5hc3NpZ25tZW50	PG9wZXJhdG9yPi5hc3NpZ25tZW50	U1RBVElDX0RJU1BBVENI	dm9pZA==	RGF0YWJhc2UgKg==	YmluZGluZ3MuY3Bw	1017	107374182564	PG9wZXJhdG9yPi5hc3NpZ25tZW50
30064772100	107374182484	bmFwaV9nZXRfdmFsdWVfZXh0ZXJuYWw=	bmFwaV9nZXRfdmFsdWVfZXh0ZXJuYWw=	U1RBVElDX0RJU1BBVENI	QU5Z	bmFwaV9nZXRfdmFsdWVfZXh0ZXJuYWwoZW52LCBhcmd2WzBdLCAodm9pZCAqICopJmRhdGFiYXNlKQ==	YmluZGluZ3MuY3Bw	1017	107374182661	bmFwaV9nZXRfdmFsdWVfZXh0ZXJuYWw=
30064772104	107374182484	bmFwaV90aHJvd19lcnJvcg==	PHVucmVzb2x2ZWROYW1lc3BhY2U+Lm5hcGlfdGhyb3dfZXJyb3I6PHVucmVzb2x2ZWRTaWduYXR1cmU+KDMp	U1RBVElDX0RJU1BBVENI	QU5Z	bmFwaV90aHJvd19lcnJvcihlbnYsIE5VTEwsICJuYXBpX2dldF92YWx1ZV9leHRlcm5hbChlbnYsIGFyZ3ZbMF0sICh2b2lkKiopJmRhdGFiYXNlKSBmYWlsZWQhIik=	YmluZGluZ3MuY3Bw	1017	107374182596	PHVucmVzb2x2ZWROYW1lc3BhY2U+Lm5hcGlfdGhyb3dfZXJyb3I6PHVucmVzb2x2ZWRTaWduYXR1cmU+KDMp
30064772107	107374182484	PG9wZXJhdG9yPi5pbmRpcmVjdEluZGV4QWNjZXNz	PG9wZXJhdG9yPi5pbmRpcmVjdEluZGV4QWNjZXNz	U1RBVElDX0RJU1BBVENI	QU5Z	YXJndlsxXQ==	YmluZGluZ3MuY3Bw	1019	107374182578	PG9wZXJhdG9yPi5pbmRpcmVjdEluZGV4QWNjZXNz
30064772110	107374182484	PG9wZXJhdG9yPi5pbmRpcmVjdEluZGV4QWNjZXNz	PG9wZXJhdG9yPi5pbmRpcmVjdEluZGV4QWNjZXNz	U1RBVElDX0RJU1BBVENI	QU5Z	YXJndlsyXQ==	YmluZGluZ3MuY3Bw	1020	107374182578	PG9wZXJhdG9yPi5pbmRpcmVjdEluZGV4QWNjZXNz
30064772091	107374182484	PG9wZXJhdG9yPi5hbGxvYw==	PG9wZXJhdG9yPi5hbGxvYw==	U1RBVElDX0RJU1BBVENI	bmFwaV92YWx1ZVs0XQ==	bmFwaV92YWx1ZSBbXQ==	YmluZGluZ3MuY3Bw	1016	107374182575	PG9wZXJhdG9yPi5hbGxvYw==
30064772095	107374182484	PG9wZXJhdG9yPi5hZGRyZXNzT2Y=	PG9wZXJhdG9yPi5hZGRyZXNzT2Y=	U1RBVElDX0RJU1BBVENI	QU5Z	JmFyZ2M=	YmluZGluZ3MuY3Bw	1016	107374182558	PG9wZXJhdG9yPi5hZGRyZXNzT2Y=
30064772101	107374182484	PG9wZXJhdG9yPi5pbmRpcmVjdEluZGV4QWNjZXNz	PG9wZXJhdG9yPi5pbmRpcmVjdEluZGV4QWNjZXNz	U1RBVElDX0RJU1BBVENI	QU5Z	YXJndlswXQ==	YmluZGluZ3MuY3Bw	1017	107374182578	PG9wZXJhdG9yPi5pbmRpcmVjdEluZGV4QWNjZXNz
30064772102	107374182484	PG9wZXJhdG9yPi5jYXN0	PG9wZXJhdG9yPi5jYXN0	U1RBVElDX0RJU1BBVENI	dm9pZA==	KHZvaWQgKiAqKSZkYXRhYmFzZQ==	YmluZGluZ3MuY3Bw	1017	107374182585	PG9wZXJhdG9yPi5jYXN0
30064772115	107374182484	PG9wZXJhdG9yPi5hc3NpZ25tZW50	PG9wZXJhdG9yPi5hc3NpZ25tZW50	U1RBVElDX0RJU1BBVENI	QU5Z	PHRtcD4wID0gPG9wZXJhdG9yPi5hbGxvYw==	YmluZGluZ3MuY3Bw	1023	107374182564	PG9wZXJhdG9yPi5hc3NpZ25tZW50
30064772117	107374182484	RGVsV29ya2Vy	RGVsV29ya2VyLkRlbFdvcmtlcjp2b2lkKG5hcGlfZW52X18qLERhdGFiYXNlKixuYXBpX3ZhbHVlX18qLEFOWSxib29sKQ==	U1RBVElDX0RJU1BBVENI	dm9pZA==	bmV3IERlbFdvcmtlcihlbnYsIGRhdGFiYXNlLCBjYWxsYmFjaywga2V5LCBzeW5jKQ==	YmluZGluZ3MuY3Bw	1023	107374182685	RGVsV29ya2VyLkRlbFdvcmtlcjp2b2lkKG5hcGlfZW52X18qLERhdGFiYXNlKixuYXBpX3ZhbHVlX18qLEFOWSxib29sKQ==
30064772103	107374182484	PG9wZXJhdG9yPi5hZGRyZXNzT2Y=	PG9wZXJhdG9yPi5hZGRyZXNzT2Y=	U1RBVElDX0RJU1BBVENI	QU5Z	JmRhdGFiYXNl	YmluZGluZ3MuY3Bw	1017	107374182558	PG9wZXJhdG9yPi5hZGRyZXNzT2Y=
30064772116	107374182484	PG9wZXJhdG9yPi5hbGxvYw==	PG9wZXJhdG9yPi5hbGxvYw==	U1RBVElDX0RJU1BBVENI	QU5Z	PG9wZXJhdG9yPi5hbGxvYw==	YmluZGluZ3MuY3Bw	1023	107374182575	PG9wZXJhdG9yPi5hbGxvYw==
30064772118	107374182484	PG9wZXJhdG9yPi5hZGRyZXNzT2Y=	PG9wZXJhdG9yPi5hZGRyZXNzT2Y=	U1RBVElDX0RJU1BBVENI	QU5Z	Jjx0bXA+MA==	YmluZGluZ3MuY3Bw	1023	107374182558	PG9wZXJhdG9yPi5hZGRyZXNzT2Y=
30064772121	107374182485	PG9wZXJhdG9yPi5hc3NpZ25tZW50	PG9wZXJhdG9yPi5hc3NpZ25tZW50	U1RBVElDX0RJU1BBVENI	dm9pZA==	dGhpcy0+UHJpb3JpdHlXb3JrZXIgPSBlbnY=	YmluZGluZ3MuY3Bw	1038	107374182564	PG9wZXJhdG9yPi5hc3NpZ25tZW50
30064772123	107374182485	PG9wZXJhdG9yPi5hc3NpZ25tZW50	PG9wZXJhdG9yPi5hc3NpZ25tZW50	U1RBVElDX0RJU1BBVENI	dm9pZA==	dGhpcy0+c3RhcnRfID0gc3RhcnQ=	YmluZGluZ3MuY3Bw	1039	107374182564	PG9wZXJhdG9yPi5hc3NpZ25tZW50
30064772125	107374182485	PG9wZXJhdG9yPi5hc3NpZ25tZW50	PG9wZXJhdG9yPi5hc3NpZ25tZW50	U1RBVElDX0RJU1BBVENI	dm9pZA==	dGhpcy0+ZW5kXyA9IGVuZA==	YmluZGluZ3MuY3Bw	1039	107374182564	PG9wZXJhdG9yPi5hc3NpZ25tZW50
30064772122	107374182485	PG9wZXJhdG9yPi5pbmRpcmVjdEZpZWxkQWNjZXNz	PG9wZXJhdG9yPi5pbmRpcmVjdEZpZWxkQWNjZXNz	U1RBVElDX0RJU1BBVENI	QXBwcm94aW1hdGVTaXplV29ya2VyKg==	dGhpcy0+UHJpb3JpdHlXb3JrZXI=	YmluZGluZ3MuY3Bw	1038	107374182595	PG9wZXJhdG9yPi5pbmRpcmVjdEZpZWxkQWNjZXNz
30064772124	107374182485	PG9wZXJhdG9yPi5pbmRpcmVjdEZpZWxkQWNjZXNz	PG9wZXJhdG9yPi5pbmRpcmVjdEZpZWxkQWNjZXNz	U1RBVElDX0RJU1BBVENI	QXBwcm94aW1hdGVTaXplV29ya2VyKg==	dGhpcy0+c3RhcnRf	YmluZGluZ3MuY3Bw	1039	107374182595	PG9wZXJhdG9yPi5pbmRpcmVjdEZpZWxkQWNjZXNz
30064772126	107374182485	PG9wZXJhdG9yPi5pbmRpcmVjdEZpZWxkQWNjZXNz	PG9wZXJhdG9yPi5pbmRpcmVjdEZpZWxkQWNjZXNz	U1RBVElDX0RJU1BBVENI	QXBwcm94aW1hdGVTaXplV29ya2VyKg==	dGhpcy0+ZW5kXw==	YmluZGluZ3MuY3Bw	1039	107374182595	PG9wZXJhdG9yPi5pbmRpcmVjdEZpZWxkQWNjZXNz
30064772127	107374182486	RGlzcG9zZVNsaWNlQnVmZmVy	RGlzcG9zZVNsaWNlQnVmZmVyOnZvaWQoQU5ZKQ==	U1RBVElDX0RJU1BBVENI	dm9pZA==	RGlzcG9zZVNsaWNlQnVmZmVyKHN0YXJ0Xyk=	YmluZGluZ3MuY3Bw	1042	107374182674	RGlzcG9zZVNsaWNlQnVmZmVyOnZvaWQoQU5ZKQ==
30064772129	107374182486	RGlzcG9zZVNsaWNlQnVmZmVy	RGlzcG9zZVNsaWNlQnVmZmVyOnZvaWQoQU5ZKQ==	U1RBVElDX0RJU1BBVENI	dm9pZA==	RGlzcG9zZVNsaWNlQnVmZmVyKGVuZF8p	YmluZGluZ3MuY3Bw	1043	107374182674	RGlzcG9zZVNsaWNlQnVmZmVyOnZvaWQoQU5ZKQ==
30064772128	107374182486	PG9wZXJhdG9yPi5pbmRpcmVjdEZpZWxkQWNjZXNz	PG9wZXJhdG9yPi5pbmRpcmVjdEZpZWxkQWNjZXNz	U1RBVElDX0RJU1BBVENI	QU5Z	dGhpcy0+c3RhcnRf	YmluZGluZ3MuY3Bw	1042	107374182595	PG9wZXJhdG9yPi5pbmRpcmVjdEZpZWxkQWNjZXNz
30064772130	107374182486	PG9wZXJhdG9yPi5pbmRpcmVjdEZpZWxkQWNjZXNz	PG9wZXJhdG9yPi5pbmRpcmVjdEZpZWxkQWNjZXNz	U1RBVElDX0RJU1BBVENI	QU5Z	dGhpcy0+ZW5kXw==	YmluZGluZ3MuY3Bw	1043	107374182595	PG9wZXJhdG9yPi5pbmRpcmVjdEZpZWxkQWNjZXNz
30064772131	107374182487	PG9wZXJhdG9yPi5hc3NpZ25tZW50	PG9wZXJhdG9yPi5hc3NpZ25tZW50	U1RBVElDX0RJU1BBVENI	dm9pZA==	cmFuZ2UgPSBsZXZlbGRiLlJhbmdlLlJhbmdlKHN0YXJ0XywgZW5kXyk=	YmluZGluZ3MuY3Bw	1047	107374182564	PG9wZXJhdG9yPi5hc3NpZ25tZW50
30064772138	107374182487	PG9wZXJhdG9yPi5hc3NpZ25tZW50	PG9wZXJhdG9yPi5hc3NpZ25tZW50	U1RBVElDX0RJU1BBVENI	QU5Z	c2l6ZV8gPSBkYXRhYmFzZV8tPkFwcHJveGltYXRlU2l6ZSgmcmFuZ2Up	YmluZGluZ3MuY3Bw	1048	107374182564	PG9wZXJhdG9yPi5hc3NpZ25tZW50
30064772139	107374182487	PG9wZXJhdG9yPi5pbmRpcmVjdEZpZWxkQWNjZXNz	PG9wZXJhdG9yPi5pbmRpcmVjdEZpZWxkQWNjZXNz	U1RBVElDX0RJU1BBVENI	QU5Z	dGhpcy0+c2l6ZV8=	YmluZGluZ3MuY3Bw	1048	107374182595	PG9wZXJhdG9yPi5pbmRpcmVjdEZpZWxkQWNjZXNz
30064772140	107374182487	QXBwcm94aW1hdGVTaXpl	RGF0YWJhc2UuQXBwcm94aW1hdGVTaXplOkFOWShBTlkp	U1RBVElDX0RJU1BBVENI	QU5Z	ZGF0YWJhc2VfLT5BcHByb3hpbWF0ZVNpemUoJnJhbmdlKQ==	YmluZGluZ3MuY3Bw	1048	107374182688	RGF0YWJhc2UuQXBwcm94aW1hdGVTaXplOkFOWShBTlkp
30064772132	107374182487	PG9wZXJhdG9yPi5hc3NpZ25tZW50	PG9wZXJhdG9yPi5hc3NpZ25tZW50	U1RBVElDX0RJU1BBVENI	QU5Z	PHRtcD4wID0gPG9wZXJhdG9yPi5hbGxvYw==	YmluZGluZ3MuY3Bw	1047	107374182564	PG9wZXJhdG9yPi5hc3NpZ25tZW50
30064772134	107374182487	bGV2ZWxkYi5SYW5nZQ==	bGV2ZWxkYi5SYW5nZS5SYW5nZTp2b2lkKEFOWSxBTlkp	U1RBVElDX0RJU1BBVENI	dm9pZA==	bGV2ZWxkYi5SYW5nZS5SYW5nZShzdGFydF8sIGVuZF8p	YmluZGluZ3MuY3Bw	1047	107374182687	bGV2ZWxkYi5SYW5nZS5SYW5nZTp2b2lkKEFOWSxBTlkp
30064772141	107374182487	PG9wZXJhdG9yPi5pbmRpcmVjdEZpZWxkQWNjZXNz	PG9wZXJhdG9yPi5pbmRpcmVjdEZpZWxkQWNjZXNz	U1RBVElDX0RJU1BBVENI	RGF0YWJhc2Uq	dGhpcy0+ZGF0YWJhc2Vf	YmluZGluZ3MuY3Bw	1048	107374182595	PG9wZXJhdG9yPi5pbmRpcmVjdEZpZWxkQWNjZXNz
30064772142	107374182487	PG9wZXJhdG9yPi5hZGRyZXNzT2Y=	PG9wZXJhdG9yPi5hZGRyZXNzT2Y=	U1RBVElDX0RJU1BBVENI	QU5Z	JnJhbmdl	YmluZGluZ3MuY3Bw	1048	107374182558	PG9wZXJhdG9yPi5hZGRyZXNzT2Y=
30064772133	107374182487	PG9wZXJhdG9yPi5hbGxvYw==	PG9wZXJhdG9yPi5hbGxvYw==	U1RBVElDX0RJU1BBVENI	QU5Z	PG9wZXJhdG9yPi5hbGxvYw==	YmluZGluZ3MuY3Bw	1047	107374182575	PG9wZXJhdG9yPi5hbGxvYw==
30064772135	107374182487	PG9wZXJhdG9yPi5hZGRyZXNzT2Y=	PG9wZXJhdG9yPi5hZGRyZXNzT2Y=	U1RBVElDX0RJU1BBVENI	QU5Z	Jjx0bXA+MA==	YmluZGluZ3MuY3Bw	1047	107374182558	PG9wZXJhdG9yPi5hZGRyZXNzT2Y=
30064772136	107374182487	PG9wZXJhdG9yPi5pbmRpcmVjdEZpZWxkQWNjZXNz	PG9wZXJhdG9yPi5pbmRpcmVjdEZpZWxkQWNjZXNz	U1RBVElDX0RJU1BBVENI	QU5Z	dGhpcy0+c3RhcnRf	YmluZGluZ3MuY3Bw	1047	107374182595	PG9wZXJhdG9yPi5pbmRpcmVjdEZpZWxkQWNjZXNz
30064772137	107374182487	PG9wZXJhdG9yPi5pbmRpcmVjdEZpZWxkQWNjZXNz	PG9wZXJhdG9yPi5pbmRpcmVjdEZpZWxkQWNjZXNz	U1RBVElDX0RJU1BBVENI	QU5Z	dGhpcy0+ZW5kXw==	YmluZGluZ3MuY3Bw	1047	107374182595	PG9wZXJhdG9yPi5pbmRpcmVjdEZpZWxkQWNjZXNz
30064772143	107374182488	PG9wZXJhdG9yPi5hc3NpZ25tZW50	PG9wZXJhdG9yPi5hc3NpZ25tZW50	U1RBVElDX0RJU1BBVENI	dm9pZA==	YXJndlsyXQ==	YmluZGluZ3MuY3Bw	1052	107374182564	PG9wZXJhdG9yPi5hc3NpZ25tZW50
30064772145	107374182488	bmFwaV9nZXRfbnVsbA==	bmFwaV9nZXRfbnVsbA==	U1RBVElDX0RJU1BBVENI	QU5Z	bmFwaV9nZXRfbnVsbChlbnZfLCAmYXJndlswXSk=	YmluZGluZ3MuY3Bw	1053	107374182607	bmFwaV9nZXRfbnVsbA==
30064772149	107374182488	bmFwaV9jcmVhdGVfdWludDMy	PHVucmVzb2x2ZWROYW1lc3BhY2U+Lm5hcGlfY3JlYXRlX3VpbnQzMjo8dW5yZXNvbHZlZFNpZ25hdHVyZT4oMyk=	U1RBVElDX0RJU1BBVENI	QU5Z	bmFwaV9jcmVhdGVfdWludDMyKGVudl8sICh1aW50MzJfdClzaXplXywgJmFyZ3ZbMV0p	YmluZGluZ3MuY3Bw	1054	107374182689	PHVucmVzb2x2ZWROYW1lc3BhY2U+Lm5hcGlfY3JlYXRlX3VpbnQzMjo8dW5yZXNvbHZlZFNpZ25hdHVyZT4oMyk=
30064772155	107374182488	bmFwaV9nZXRfcmVmZXJlbmNlX3ZhbHVl	bmFwaV9nZXRfcmVmZXJlbmNlX3ZhbHVl	U1RBVElDX0RJU1BBVENI	QU5Z	bmFwaV9nZXRfcmVmZXJlbmNlX3ZhbHVlKGVudl8sIGNhbGxiYWNrUmVmXywgJmNhbGxiYWNrKQ==	YmluZGluZ3MuY3Bw	1056	107374182605	bmFwaV9nZXRfcmVmZXJlbmNlX3ZhbHVl
30064772159	107374182488	Q2FsbEZ1bmN0aW9u	Q2FsbEZ1bmN0aW9uOkFOWShuYXBpX2Vudl9fKixuYXBpX3ZhbHVlX18qLGludCxuYXBpX3ZhbHVlX18qKik=	U1RBVElDX0RJU1BBVENI	QU5Z	Q2FsbEZ1bmN0aW9uKGVudl8sIGNhbGxiYWNrLCAyLCBhcmd2KQ==	YmluZGluZ3MuY3Bw	1057	107374182606	Q2FsbEZ1bmN0aW9uOkFOWShuYXBpX2Vudl9fKixuYXBpX3ZhbHVlX18qLGludCxuYXBpX3ZhbHVlX18qKik=
30064772144	107374182488	PG9wZXJhdG9yPi5hbGxvYw==	PG9wZXJhdG9yPi5hbGxvYw==	U1RBVElDX0RJU1BBVENI	bmFwaV92YWx1ZVsyXQ==	YXJndlsyXQ==	YmluZGluZ3MuY3Bw	1052	107374182575	PG9wZXJhdG9yPi5hbGxvYw==
30064772146	107374182488	PG9wZXJhdG9yPi5pbmRpcmVjdEZpZWxkQWNjZXNz	PG9wZXJhdG9yPi5pbmRpcmVjdEZpZWxkQWNjZXNz	U1RBVElDX0RJU1BBVENI	bmFwaV9lbnZfXyo=	dGhpcy0+ZW52Xw==	YmluZGluZ3MuY3Bw	1053	107374182595	PG9wZXJhdG9yPi5pbmRpcmVjdEZpZWxkQWNjZXNz
30064772147	107374182488	PG9wZXJhdG9yPi5hZGRyZXNzT2Y=	PG9wZXJhdG9yPi5hZGRyZXNzT2Y=	U1RBVElDX0RJU1BBVENI	QU5Z	JmFyZ3ZbMF0=	YmluZGluZ3MuY3Bw	1053	107374182558	PG9wZXJhdG9yPi5hZGRyZXNzT2Y=
30064772150	107374182488	PG9wZXJhdG9yPi5pbmRpcmVjdEZpZWxkQWNjZXNz	PG9wZXJhdG9yPi5pbmRpcmVjdEZpZWxkQWNjZXNz	U1RBVElDX0RJU1BBVENI	bmFwaV9lbnZfXyo=	dGhpcy0+ZW52Xw==	YmluZGluZ3MuY3Bw	1054	107374182595	PG9wZXJhdG9yPi5pbmRpcmVjdEZpZWxkQWNjZXNz
30064772151	107374182488	PG9wZXJhdG9yPi5jYXN0	PG9wZXJhdG9yPi5jYXN0	U1RBVElDX0RJU1BBVENI	dWludDMyX3Q=	KHVpbnQzMl90KXNpemVf	YmluZGluZ3MuY3Bw	1054	107374182585	PG9wZXJhdG9yPi5jYXN0
30064772153	107374182488	PG9wZXJhdG9yPi5hZGRyZXNzT2Y=	PG9wZXJhdG9yPi5hZGRyZXNzT2Y=	U1RBVElDX0RJU1BBVENI	QU5Z	JmFyZ3ZbMV0=	YmluZGluZ3MuY3Bw	1054	107374182558	PG9wZXJhdG9yPi5hZGRyZXNzT2Y=
30064772156	107374182488	PG9wZXJhdG9yPi5pbmRpcmVjdEZpZWxkQWNjZXNz	PG9wZXJhdG9yPi5pbmRpcmVjdEZpZWxkQWNjZXNz	U1RBVElDX0RJU1BBVENI	bmFwaV9lbnZfXyo=	dGhpcy0+ZW52Xw==	YmluZGluZ3MuY3Bw	1056	107374182595	PG9wZXJhdG9yPi5pbmRpcmVjdEZpZWxkQWNjZXNz
30064772157	107374182488	PG9wZXJhdG9yPi5pbmRpcmVjdEZpZWxkQWNjZXNz	PG9wZXJhdG9yPi5pbmRpcmVjdEZpZWxkQWNjZXNz	U1RBVElDX0RJU1BBVENI	bmFwaV9yZWZfXyo=	dGhpcy0+Y2FsbGJhY2tSZWZf	YmluZGluZ3MuY3Bw	1056	107374182595	PG9wZXJhdG9yPi5pbmRpcmVjdEZpZWxkQWNjZXNz
30064772158	107374182488	PG9wZXJhdG9yPi5hZGRyZXNzT2Y=	PG9wZXJhdG9yPi5hZGRyZXNzT2Y=	U1RBVElDX0RJU1BBVENI	QU5Z	JmNhbGxiYWNr	YmluZGluZ3MuY3Bw	1056	107374182558	PG9wZXJhdG9yPi5hZGRyZXNzT2Y=
30064772160	107374182488	PG9wZXJhdG9yPi5pbmRpcmVjdEZpZWxkQWNjZXNz	PG9wZXJhdG9yPi5pbmRpcmVjdEZpZWxkQWNjZXNz	U1RBVElDX0RJU1BBVENI	bmFwaV9lbnZfXyo=	dGhpcy0+ZW52Xw==	YmluZGluZ3MuY3Bw	1057	107374182595	PG9wZXJhdG9yPi5pbmRpcmVjdEZpZWxkQWNjZXNz
30064772148	107374182488	PG9wZXJhdG9yPi5pbmRpcmVjdEluZGV4QWNjZXNz	PG9wZXJhdG9yPi5pbmRpcmVjdEluZGV4QWNjZXNz	U1RBVElDX0RJU1BBVENI	QU5Z	YXJndlswXQ==	YmluZGluZ3MuY3Bw	1053	107374182578	PG9wZXJhdG9yPi5pbmRpcmVjdEluZGV4QWNjZXNz
30064772152	107374182488	PG9wZXJhdG9yPi5pbmRpcmVjdEZpZWxkQWNjZXNz	PG9wZXJhdG9yPi5pbmRpcmVjdEZpZWxkQWNjZXNz	U1RBVElDX0RJU1BBVENI	QU5Z	dGhpcy0+c2l6ZV8=	YmluZGluZ3MuY3Bw	1054	107374182595	PG9wZXJhdG9yPi5pbmRpcmVjdEZpZWxkQWNjZXNz
30064772154	107374182488	PG9wZXJhdG9yPi5pbmRpcmVjdEluZGV4QWNjZXNz	PG9wZXJhdG9yPi5pbmRpcmVjdEluZGV4QWNjZXNz	U1RBVElDX0RJU1BBVENI	QU5Z	YXJndlsxXQ==	YmluZGluZ3MuY3Bw	1054	107374182578	PG9wZXJhdG9yPi5pbmRpcmVjdEluZGV4QWNjZXNz
30064772161	107374182489	TkFQSV9BUkdW	L3RtcC9jbGF1ZGUtMC8taG9tZS11c2VyLWJ1Zy10cmFja2VyLzYzYjcwZTVhLTc1ZDMtNWRhMi1hZTgxLWUwMDk2MTI4N2M2ZS9zY3JhdGNocGFkL3ZhbDEwL0A4Y3JhZnRlcl9fbGV2ZWxkYi16bGliL3BrZy9wYWNrYWdlL3NyYy9uYXBpLW1hY3Jvcy5oOk5BUElfQVJHVjpBTlkoMSk=	SU5MSU5FRA==	QU5Z	TkFQSV9BUkdWKDQp	YmluZGluZ3MuY3Bw	1069	107374182550	L3RtcC9jbGF1ZGUtMC8taG9tZS11c2VyLWJ1Zy10cmFja2VyLzYzYjcwZTVhLTc1ZDMtNWRhMi1hZTgxLWUwMDk2MTI4N2M2ZS9zY3JhdGNocGFkL3ZhbDEwL0A4Y3JhZnRlcl9fbGV2ZWxkYi16bGliL3BrZy9wYWNrYWdlL3NyYy9uYXBpLW1hY3Jvcy5oOk5BUElfQVJHVjpBTlkoMSk=
30064772164	107374182489	PG9wZXJhdG9yPi5hc3NpZ25tZW50	PG9wZXJhdG9yPi5hc3NpZ25tZW50	U1RBVElDX0RJU1BBVENI	dm9pZA==	c2l6ZV90	YmluZGluZ3MuY3Bw	1069	107374182564	PG9wZXJhdG9yPi5hc3NpZ25tZW50
30064772169	107374182489	TkFQSV9EQl9DT05URVhU	YmluZGluZ3MuY3BwOk5BUElfREJfQ09OVEVYVDpBTlkoMCk=	SU5MSU5FRA==	QU5Z	TkFQSV9EQl9DT05URVhUKCk=	YmluZGluZ3MuY3Bw	1070	107374182551	YmluZGluZ3MuY3BwOk5BUElfREJfQ09OVEVYVDpBTlkoMCk=
30064772177	107374182489	PG9wZXJhdG9yPi5hc3NpZ25tZW50	PG9wZXJhdG9yPi5hc3NpZ25tZW50	U1RBVElDX0RJU1BBVENI	dm9pZA==	c3RhcnQgPSBUb1NsaWNlKGVudiwgYXJndlsxXSk=	YmluZGluZ3MuY3Bw	1072	107374182564	PG9wZXJhdG9yPi5hc3NpZ25tZW50
30064772180	107374182489	PG9wZXJhdG9yPi5hc3NpZ25tZW50	PG9wZXJhdG9yPi5hc3NpZ25tZW50	U1RBVElDX0RJU1BBVENI	dm9pZA==	ZW5kID0gVG9TbGljZShlbnYsIGFyZ3ZbMl0p	YmluZGluZ3MuY3Bw	1073	107374182564	PG9wZXJhdG9yPi5hc3NpZ25tZW50
30064772183	107374182489	PG9wZXJhdG9yPi5hc3NpZ25tZW50	PG9wZXJhdG9yPi5hc3NpZ25tZW50	U1RBVElDX0RJU1BBVENI	dm9pZA==	Y2FsbGJhY2sgPSBhcmd2WzNd	YmluZGluZ3MuY3Bw	1075	107374182564	PG9wZXJhdG9yPi5hc3NpZ25tZW50
30064772185	107374182489	PG9wZXJhdG9yPi5hc3NpZ25tZW50	PG9wZXJhdG9yPi5hc3NpZ25tZW50	U1RBVElDX0RJU1BBVENI	dm9pZA==	d29ya2VyICA9IG5ldyBBcHByb3hpbWF0ZVNpemVXb3JrZXIoZW52LCBkYXRhYmFzZSwKICAgICAgICAgICAgICAgICAgICAgICAgICAgICAgICAgICAgICAgICAgICAgICAgICAgICAgICAgICAgIGNhbGxiYWNrLCBzdGFydCwKICAgICAgICAgICAgICAgICAgICAgICAgICAgICAgICAgICAgICAgICAgICAgICAgICAgICAgICAgICAgIGVuZCk=	YmluZGluZ3MuY3Bw	1077	107374182564	PG9wZXJhdG9yPi5hc3NpZ25tZW50
30064772191	107374182489	UXVldWU=	QXBwcm94aW1hdGVTaXplV29ya2VyLlF1ZXVlOnZvaWQoKQ==	U1RBVElDX0RJU1BBVENI	dm9pZA==	d29ya2VyLT5RdWV1ZSgp	YmluZGluZ3MuY3Bw	1080	107374182691	QXBwcm94aW1hdGVTaXplV29ya2VyLlF1ZXVlOnZvaWQoKQ==
30064772192	107374182489	TkFQSV9SRVRVUk5fVU5ERUZJTkVE	YmluZGluZ3MuY3BwOk5BUElfUkVUVVJOX1VOREVGSU5FRDpBTlkoMCk=	SU5MSU5FRA==	QU5Z	TkFQSV9SRVRVUk5fVU5ERUZJTkVEKCk=	YmluZGluZ3MuY3Bw	1082	107374182553	YmluZGluZ3MuY3BwOk5BUElfUkVUVVJOX1VOREVGSU5FRDpBTlkoMCk=
30064772165	107374182489	PG9wZXJhdG9yPi5ub3RFcXVhbHM=	PG9wZXJhdG9yPi5ub3RFcXVhbHM=	U1RBVElDX0RJU1BBVENI	QU5Z	KG5hcGlfZ2V0X2NiX2luZm8oZW52LCBpbmZvLCAmYXJnYywgYXJndiwgTlVMTCwgTlVMTCkpICE9IG5hcGlfb2s=	YmluZGluZ3MuY3Bw	1069	107374182593	PG9wZXJhdG9yPi5ub3RFcXVhbHM=
30064772171	107374182489	PG9wZXJhdG9yPi5ub3RFcXVhbHM=	PG9wZXJhdG9yPi5ub3RFcXVhbHM=	U1RBVElDX0RJU1BBVENI	QU5Z	KG5hcGlfZ2V0X3ZhbHVlX2V4dGVybmFsKGVudiwgYXJndlswXSwgKHZvaWQgKiAqKSZkYXRhYmFzZSkpICE9IG5hcGlfb2s=	YmluZGluZ3MuY3Bw	1070	107374182593	PG9wZXJhdG9yPi5ub3RFcXVhbHM=
30064772178	107374182489	VG9TbGljZQ==	VG9TbGljZTpBTlkobmFwaV9lbnZfXyosbmFwaV92YWx1ZV9fKik=	U1RBVElDX0RJU1BBVENI	QU5Z	VG9TbGljZShlbnYsIGFyZ3ZbMV0p	YmluZGluZ3MuY3Bw	1072	107374182677	VG9TbGljZTpBTlkobmFwaV9lbnZfXyosbmFwaV92YWx1ZV9fKik=
30064772181	107374182489	VG9TbGljZQ==	VG9TbGljZTpBTlkobmFwaV9lbnZfXyosbmFwaV92YWx1ZV9fKik=	U1RBVElDX0RJU1BBVENI	QU5Z	VG9TbGljZShlbnYsIGFyZ3ZbMl0p	YmluZGluZ3MuY3Bw	1073	107374182677	VG9TbGljZTpBTlkobmFwaV9lbnZfXyosbmFwaV92YWx1ZV9fKik=
30064772184	107374182489	PG9wZXJhdG9yPi5pbmRpcmVjdEluZGV4QWNjZXNz	PG9wZXJhdG9yPi5pbmRpcmVjdEluZGV4QWNjZXNz	U1RBVElDX0RJU1BBVENI	QU5Z	YXJndlszXQ==	YmluZGluZ3MuY3Bw	1075	107374182578	PG9wZXJhdG9yPi5pbmRpcmVjdEluZGV4QWNjZXNz
30064772186	107374182489	PG9wZXJhdG9yPi5uZXc=	PG9wZXJhdG9yPi5uZXc=	U1RBVElDX0RJU1BBVENI	QU5Z	bmV3IEFwcHJveGltYXRlU2l6ZVdvcmtlcihlbnYsIGRhdGFiYXNlLAogICAgICAgICAgICAgICAgICAgICAgICAgICAgICAgICAgICAgICAgICAgICAgICAgICAgICAgICAgICAgY2FsbGJhY2ssIHN0YXJ0LAogICAgICAgICAgICAgICAgICAgICAgICAgICAgICAgICAgICAgICAgICAgICAgICAgICAgICAgICAgICAgZW5kKQ==	YmluZGluZ3MuY3Bw	1077	107374182574	PG9wZXJhdG9yPi5uZXc=
30064772162	107374182489	PG9wZXJhdG9yPi5hc3NpZ25tZW50	PG9wZXJhdG9yPi5hc3NpZ25tZW50	U1RBVElDX0RJU1BBVENI	dm9pZA==	bmFwaV92YWx1ZSBbXQ==	YmluZGluZ3MuY3Bw	1069	107374182564	PG9wZXJhdG9yPi5hc3NpZ25tZW50
30064772166	107374182489	bmFwaV9nZXRfY2JfaW5mbw==	PHVucmVzb2x2ZWROYW1lc3BhY2U+Lm5hcGlfZ2V0X2NiX2luZm86PHVucmVzb2x2ZWRTaWduYXR1cmU+KDYp	U1RBVElDX0RJU1BBVENI	QU5Z	bmFwaV9nZXRfY2JfaW5mbyhlbnYsIGluZm8sICZhcmdjLCBhcmd2LCBOVUxMLCBOVUxMKQ==	YmluZGluZ3MuY3Bw	1069	107374182660	PHVucmVzb2x2ZWROYW1lc3BhY2U+Lm5hcGlfZ2V0X2NiX2luZm86PHVucmVzb2x2ZWRTaWduYXR1cmU+KDYp
30064772168	107374182489	bmFwaV90aHJvd19lcnJvcg==	PHVucmVzb2x2ZWROYW1lc3BhY2U+Lm5hcGlfdGhyb3dfZXJyb3I6PHVucmVzb2x2ZWRTaWduYXR1cmU+KDMp	U1RBVElDX0RJU1BBVENI	QU5Z	bmFwaV90aHJvd19lcnJvcihlbnYsIE5VTEwsICJuYXBpX2dldF9jYl9pbmZvKGVudiwgaW5mbywgJmFyZ2MsIGFyZ3YsIE5VTEwsIE5VTEwpIGZhaWxlZCEiKQ==	YmluZGluZ3MuY3Bw	1069	107374182596	PHVucmVzb2x2ZWROYW1lc3BhY2U+Lm5hcGlfdGhyb3dfZXJyb3I6PHVucmVzb2x2ZWRTaWduYXR1cmU+KDMp
30064772170	107374182489	PG9wZXJhdG9yPi5hc3NpZ25tZW50	PG9wZXJhdG9yPi5hc3NpZ25tZW50	U1RBVElDX0RJU1BBVENI	dm9pZA==	RGF0YWJhc2UgKg==	YmluZGluZ3MuY3Bw	1070	107374182564	PG9wZXJhdG9yPi5hc3NpZ25tZW50
30064772172	107374182489	bmFwaV9nZXRfdmFsdWVfZXh0ZXJuYWw=	bmFwaV9nZXRfdmFsdWVfZXh0ZXJuYWw=	U1RBVElDX0RJU1BBVENI	QU5Z	bmFwaV9nZXRfdmFsdWVfZXh0ZXJuYWwoZW52LCBhcmd2WzBdLCAodm9pZCAqICopJmRhdGFiYXNlKQ==	YmluZGluZ3MuY3Bw	1070	107374182661	bmFwaV9nZXRfdmFsdWVfZXh0ZXJuYWw=
30064772176	107374182489	bmFwaV90aHJvd19lcnJvcg==	PHVucmVzb2x2ZWROYW1lc3BhY2U+Lm5hcGlfdGhyb3dfZXJyb3I6PHVucmVzb2x2ZWRTaWduYXR1cmU+KDMp	U1RBVElDX0RJU1BBVENI	QU5Z	bmFwaV90aHJvd19lcnJvcihlbnYsIE5VTEwsICJuYXBpX2dldF92YWx1ZV9leHRlcm5hbChlbnYsIGFyZ3ZbMF0sICh2b2lkKiopJmRhdGFiYXNlKSBmYWlsZWQhIik=	YmluZGluZ3MuY3Bw	1070	107374182596	PHVucmVzb2x2ZWROYW1lc3BhY2U+Lm5hcGlfdGhyb3dfZXJyb3I6PHVucmVzb2x2ZWRTaWduYXR1cmU+KDMp
30064772179	107374182489	PG9wZXJhdG9yPi5pbmRpcmVjdEluZGV4QWNjZXNz	PG9wZXJhdG9yPi5pbmRpcmVjdEluZGV4QWNjZXNz	U1RBVElDX0RJU1BBVENI	QU5Z	YXJndlsxXQ==	YmluZGluZ3MuY3Bw	1072	107374182578	PG9wZXJhdG9yPi5pbmRpcmVjdEluZGV4QWNjZXNz
30064772182	107374182489	PG9wZXJhdG9yPi5pbmRpcmVjdEluZGV4QWNjZXNz	PG9wZXJhdG9yPi5pbmRpcmVjdEluZGV4QWNjZXNz	U1RBVElDX0RJU1BBVENI	QU5Z	YXJndlsyXQ==	YmluZGluZ3MuY3Bw	1073	107374182578	PG9wZXJhdG9yPi5pbmRpcmVjdEluZGV4QWNjZXNz
30064772163	107374182489	PG9wZXJhdG9yPi5hbGxvYw==	PG9wZXJhdG9yPi5hbGxvYw==	U1RBVElDX0RJU1BBVENI	bmFwaV92YWx1ZVs0XQ==	bmFwaV92YWx1ZSBbXQ==	YmluZGluZ3MuY3Bw	1069	107374182575	PG9wZXJhdG9yPi5hbGxvYw==
30064772167	107374182489	PG9wZXJhdG9yPi5hZGRyZXNzT2Y=	PG9wZXJhdG9yPi5hZGRyZXNzT2Y=	U1RBVElDX0RJU1BBVENI	QU5Z	JmFyZ2M=	YmluZGluZ3MuY3Bw	1069	107374182558	PG9wZXJhdG9yPi5hZGRyZXNzT2Y=
30064772173	107374182489	PG9wZXJhdG9yPi5pbmRpcmVjdEluZGV4QWNjZXNz	PG9wZXJhdG9yPi5pbmRpcmVjdEluZGV4QWNjZXNz	U1RBVElDX0RJU1BBVENI	QU5Z	YXJndlswXQ==	YmluZGluZ3MuY3Bw	1070	107374182578	PG9wZXJhdG9yPi5pbmRpcmVjdEluZGV4QWNjZXNz
30064772174	107374182489	PG9wZXJhdG9yPi5jYXN0	PG9wZXJhdG9yPi5jYXN0	U1RBVElDX0RJU1BBVENI	dm9pZA==	KHZvaWQgKiAqKSZkYXRhYmFzZQ==	YmluZGluZ3MuY3Bw	1070	107374182585	PG9wZXJhdG9yPi5jYXN0
30064772187	107374182489	PG9wZXJhdG9yPi5hc3NpZ25tZW50	PG9wZXJhdG9yPi5hc3NpZ25tZW50	U1RBVElDX0RJU1BBVENI	QU5Z	PHRtcD4wID0gPG9wZXJhdG9yPi5hbGxvYw==	YmluZGluZ3MuY3Bw	1077	107374182564	PG9wZXJhdG9yPi5hc3NpZ25tZW50
30064772189	107374182489	QXBwcm94aW1hdGVTaXplV29ya2Vy	QXBwcm94aW1hdGVTaXplV29ya2VyLkFwcHJveGltYXRlU2l6ZVdvcmtlcjp2b2lkKG5hcGlfZW52X18qLERhdGFiYXNlKixuYXBpX3ZhbHVlX18qLEFOWSxBTlkp	U1RBVElDX0RJU1BBVENI	dm9pZA==	bmV3IEFwcHJveGltYXRlU2l6ZVdvcmtlcihlbnYsIGRhdGFiYXNlLAogICAgICAgICAgICAgICAgICAgICAgICAgICAgICAgICAgICAgICAgICAgICAgICAgICAgICAgICAgICAgY2FsbGJhY2ssIHN0YXJ0LAogICAgICAgICAgICAgICAgICAgICAgICAgICAgICAgICAgICAgICAgICAgICAgICAgICAgICAgICAgICAgZW5kKQ==	YmluZGluZ3MuY3Bw	1077	107374182690	QXBwcm94aW1hdGVTaXplV29ya2VyLkFwcHJveGltYXRlU2l6ZVdvcmtlcjp2b2lkKG5hcGlfZW52X18qLERhdGFiYXNlKixuYXBpX3ZhbHVlX18qLEFOWSxBTlkp
30064772175	107374182489	PG9wZXJhdG9yPi5hZGRyZXNzT2Y=	PG9wZXJhdG9yPi5hZGRyZXNzT2Y=	U1RBVElDX0RJU1BBVENI	QU5Z	JmRhdGFiYXNl	YmluZGluZ3MuY3Bw	1070	107374182558	PG9wZXJhdG9yPi5hZGRyZXNzT2Y=
30064772188	107374182489	PG9wZXJhdG9yPi5hbGxvYw==	PG9wZXJhdG9yPi5hbGxvYw==	U1RBVElDX0RJU1BBVENI	QU5Z	PG9wZXJhdG9yPi5hbGxvYw==	YmluZGluZ3MuY3Bw	1077	107374182575	PG9wZXJhdG9yPi5hbGxvYw==
30064772190	107374182489	PG9wZXJhdG9yPi5hZGRyZXNzT2Y=	PG9wZXJhdG9yPi5hZGRyZXNzT2Y=	U1RBVElDX0RJU1BBVENI	QU5Z	Jjx0bXA+MA==	YmluZGluZ3MuY3Bw	1077	107374182558	PG9wZXJhdG9yPi5hZGRyZXNzT2Y=
30064772193	107374182490	PG9wZXJhdG9yPi5hc3NpZ25tZW50	PG9wZXJhdG9yPi5hc3NpZ25tZW50	U1RBVElDX0RJU1BBVENI	dm9pZA==	dGhpcy0+UHJpb3JpdHlXb3JrZXIgPSBlbnY=	YmluZGluZ3MuY3Bw	1094	107374182564	PG9wZXJhdG9yPi5hc3NpZ25tZW50
30064772195	107374182490	PG9wZXJhdG9yPi5hc3NpZ25tZW50	PG9wZXJhdG9yPi5hc3NpZ25tZW50	U1RBVElDX0RJU1BBVENI	dm9pZA==	dGhpcy0+c3RhcnRfID0gc3RhcnQ=	YmluZGluZ3MuY3Bw	1095	107374182564	PG9wZXJhdG9yPi5hc3NpZ25tZW50
30064772197	107374182490	PG9wZXJhdG9yPi5hc3NpZ25tZW50	PG9wZXJhdG9yPi5hc3NpZ25tZW50	U1RBVElDX0RJU1BBVENI	dm9pZA==	dGhpcy0+ZW5kXyA9IGVuZA==	YmluZGluZ3MuY3Bw	1095	107374182564	PG9wZXJhdG9yPi5hc3NpZ25tZW50
30064772194	107374182490	PG9wZXJhdG9yPi5pbmRpcmVjdEZpZWxkQWNjZXNz	PG9wZXJhdG9yPi5pbmRpcmVjdEZpZWxkQWNjZXNz	U1RBVElDX0RJU1BBVENI	Q29tcGFjdFJhbmdlV29ya2VyKg==	dGhpcy0+UHJpb3JpdHlXb3JrZXI=	YmluZGluZ3MuY3Bw	1094	107374182595	PG9wZXJhdG9yPi5pbmRpcmVjdEZpZWxkQWNjZXNz
30064772196	107374182490	PG9wZXJhdG9yPi5pbmRpcmVjdEZpZWxkQWNjZXNz	PG9wZXJhdG9yPi5pbmRpcmVjdEZpZWxkQWNjZXNz	U1RBVElDX0RJU1BBVENI	Q29tcGFjdFJhbmdlV29ya2VyKg==	dGhpcy0+c3RhcnRf	YmluZGluZ3MuY3Bw	1095	107374182595	PG9wZXJhdG9yPi5pbmRpcmVjdEZpZWxkQWNjZXNz
30064772198	107374182490	PG9wZXJhdG9yPi5pbmRpcmVjdEZpZWxkQWNjZXNz	PG9wZXJhdG9yPi5pbmRpcmVjdEZpZWxkQWNjZXNz	U1RBVElDX0RJU1BBVENI	Q29tcGFjdFJhbmdlV29ya2VyKg==	dGhpcy0+ZW5kXw==	YmluZGluZ3MuY3Bw	1095	107374182595	PG9wZXJhdG9yPi5pbmRpcmVjdEZpZWxkQWNjZXNz
30064772199	107374182491	RGlzcG9zZVNsaWNlQnVmZmVy	RGlzcG9zZVNsaWNlQnVmZmVyOnZvaWQoQU5ZKQ==	U1RBVElDX0RJU1BBVENI	dm9pZA==	RGlzcG9zZVNsaWNlQnVmZmVyKHN0YXJ0Xyk=	YmluZGluZ3MuY3Bw	1098	107374182674	RGlzcG9zZVNsaWNlQnVmZmVyOnZvaWQoQU5ZKQ==
30064772201	107374182491	RGlzcG9zZVNsaWNlQnVmZmVy	RGlzcG9zZVNsaWNlQnVmZmVyOnZvaWQoQU5ZKQ==	U1RBVElDX0RJU1BBVENI	dm9pZA==	RGlzcG9zZVNsaWNlQnVmZmVyKGVuZF8p	YmluZGluZ3MuY3Bw	1099	107374182674	RGlzcG9zZVNsaWNlQnVmZmVyOnZvaWQoQU5ZKQ==
30064772200	107374182491	PG9wZXJhdG9yPi5pbmRpcmVjdEZpZWxkQWNjZXNz	PG9wZXJhdG9yPi5pbmRpcmVjdEZpZWxkQWNjZXNz	U1RBVElDX0RJU1BBVENI	QU5Z	dGhpcy0+c3RhcnRf	YmluZGluZ3MuY3Bw	1098	107374182595	PG9wZXJhdG9yPi5pbmRpcmVjdEZpZWxkQWNjZXNz
30064772202	107374182491	PG9wZXJhdG9yPi5pbmRpcmVjdEZpZWxkQWNjZXNz	PG9wZXJhdG9yPi5pbmRpcmVjdEZpZWxkQWNjZXNz	U1RBVElDX0RJU1BBVENI	QU5Z	dGhpcy0+ZW5kXw==	YmluZGluZ3MuY3Bw	1099	107374182595	PG9wZXJhdG9yPi5pbmRpcmVjdEZpZWxkQWNjZXNz
30064772203	107374182492	Q29tcGFjdFJhbmdl	RGF0YWJhc2UuQ29tcGFjdFJhbmdlOnZvaWQoQU5ZLEFOWSk=	U1RBVElDX0RJU1BBVENI	dm9pZA==	ZGF0YWJhc2VfLT5Db21wYWN0UmFuZ2UoJnN0YXJ0XywgJmVuZF8p	YmluZGluZ3MuY3Bw	1103	107374182692	RGF0YWJhc2UuQ29tcGFjdFJhbmdlOnZvaWQoQU5ZLEFOWSk=
30064772204	107374182492	PG9wZXJhdG9yPi5pbmRpcmVjdEZpZWxkQWNjZXNz	PG9wZXJhdG9yPi5pbmRpcmVjdEZpZWxkQWNjZXNz	U1RBVElDX0RJU1BBVENI	RGF0YWJhc2Uq	dGhpcy0+ZGF0YWJhc2Vf	YmluZGluZ3MuY3Bw	1103	107374182595	PG9wZXJhdG9yPi5pbmRpcmVjdEZpZWxkQWNjZXNz
30064772205	107374182492	PG9wZXJhdG9yPi5hZGRyZXNzT2Y=	PG9wZXJhdG9yPi5hZGRyZXNzT2Y=	U1RBVElDX0RJU1BBVENI	QU5Z	JnN0YXJ0Xw==	YmluZGluZ3MuY3Bw	1103	107374182558	PG9wZXJhdG9yPi5hZGRyZXNzT2Y=
30064772207	107374182492	PG9wZXJhdG9yPi5hZGRyZXNzT2Y=	PG9wZXJhdG9yPi5hZGRyZXNzT2Y=	U1RBVElDX0RJU1BBVENI	QU5Z	JmVuZF8=	YmluZGluZ3MuY3Bw	1103	107374182558	PG9wZXJhdG9yPi5hZGRyZXNzT2Y=
30064772206	107374182492	PG9wZXJhdG9yPi5pbmRpcmVjdEZpZWxkQWNjZXNz	PG9wZXJhdG9yPi5pbmRpcmVjdEZpZWxkQWNjZXNz	U1RBVElDX0RJU1BBVENI	QU5Z	dGhpcy0+c3RhcnRf	YmluZGluZ3MuY3Bw	1103	107374182595	PG9wZXJhdG9yPi5pbmRpcmVjdEZpZWxkQWNjZXNz
30064772208	107374182492	PG9wZXJhdG9yPi5pbmRpcmVjdEZpZWxkQWNjZXNz	PG9wZXJhdG9yPi5pbmRpcmVjdEZpZWxkQWNjZXNz	U1RBVElDX0RJU1BBVENI	QU5Z	dGhpcy0+ZW5kXw==	YmluZGluZ3MuY3Bw	1103	107374182595	PG9wZXJhdG9yPi5pbmRpcmVjdEZpZWxkQWNjZXNz
30064772209	107374182493	TkFQSV9BUkdW	L3RtcC9jbGF1ZGUtMC8taG9tZS11c2VyLWJ1Zy10cmFja2VyLzYzYjcwZTVhLTc1ZDMtNWRhMi1hZTgxLWUwMDk2MTI4N2M2ZS9zY3JhdGNocGFkL3ZhbDEwL0A4Y3JhZnRlcl9fbGV2ZWxkYi16bGliL3BrZy9wYWNrYWdlL3NyYy9uYXBpLW1hY3Jvcy5oOk5BUElfQVJHVjpBTlkoMSk=	SU5MSU5FRA==	QU5Z	TkFQSV9BUkdWKDQp	YmluZGluZ3MuY3Bw	1114	107374182550	L3RtcC9jbGF1ZGUtMC8taG9tZS11c2VyLWJ1Zy10cmFja2VyLzYzYjcwZTVhLTc1ZDMtNWRhMi1hZTgxLWUwMDk2MTI4N2M2ZS9zY3JhdGNocGFkL3ZhbDEwL0A4Y3JhZnRlcl9fbGV2ZWxkYi16bGliL3BrZy9wYWNrYWdlL3NyYy9uYXBpLW1hY3Jvcy5oOk5BUElfQVJHVjpBTlkoMSk=
30064772212	107374182493	PG9wZXJhdG9yPi5hc3NpZ25tZW50	PG9wZXJhdG9yPi5hc3NpZ25tZW50	U1RBVElDX0RJU1BBVENI	dm9pZA==	c2l6ZV90	YmluZGluZ3MuY3Bw	1114	107374182564	PG9wZXJhdG9yPi5hc3NpZ25tZW50
30064772217	107374182493	TkFQSV9EQl9DT05URVhU	YmluZGluZ3MuY3BwOk5BUElfREJfQ09OVEVYVDpBTlkoMCk=	SU5MSU5FRA==	QU5Z	TkFQSV9EQl9DT05URVhUKCk=	YmluZGluZ3MuY3Bw	1115	107374182551	YmluZGluZ3MuY3BwOk5BUElfREJfQ09OVEVYVDpBTlkoMCk=
30064772225	107374182493	PG9wZXJhdG9yPi5hc3NpZ25tZW50	PG9wZXJhdG9yPi5hc3NpZ25tZW50	U1RBVElDX0RJU1BBVENI	dm9pZA==	c3RhcnQgPSBUb1NsaWNlKGVudiwgYXJndlsxXSk=	YmluZGluZ3MuY3Bw	1117	107374182564	PG9wZXJhdG9yPi5hc3NpZ25tZW50
30064772228	107374182493	PG9wZXJhdG9yPi5hc3NpZ25tZW50	PG9wZXJhdG9yPi5hc3NpZ25tZW50	U1RBVElDX0RJU1BBVENI	dm9pZA==	ZW5kID0gVG9TbGljZShlbnYsIGFyZ3ZbMl0p	YmluZGluZ3MuY3Bw	1118	107374182564	PG9wZXJhdG9yPi5hc3NpZ25tZW50
30064772231	107374182493	PG9wZXJhdG9yPi5hc3NpZ25tZW50	PG9wZXJhdG9yPi5hc3NpZ25tZW50	U1RBVElDX0RJU1BBVENI	dm9pZA==	Y2FsbGJhY2sgPSBhcmd2WzNd	YmluZGluZ3MuY3Bw	1119	107374182564	PG9wZXJhdG9yPi5hc3NpZ25tZW50
30064772233	107374182493	PG9wZXJhdG9yPi5hc3NpZ25tZW50	PG9wZXJhdG9yPi5hc3NpZ25tZW50	U1RBVElDX0RJU1BBVENI	dm9pZA==	d29ya2VyICA9IG5ldyBDb21wYWN0UmFuZ2VXb3JrZXIoZW52LCBkYXRhYmFzZSwgY2FsbGJhY2ssCiAgICAgICAgICAgICAgICAgICAgICAgICAgICAgICAgICAgICAgICAgICAgICAgICAgICAgICBzdGFydCwgZW5kKQ==	YmluZGluZ3MuY3Bw	1121	107374182564	PG9wZXJhdG9yPi5hc3NpZ25tZW50
30064772239	107374182493	UXVldWU=	Q29tcGFjdFJhbmdlV29ya2VyLlF1ZXVlOnZvaWQoKQ==	U1RBVElDX0RJU1BBVENI	dm9pZA==	d29ya2VyLT5RdWV1ZSgp	YmluZGluZ3MuY3Bw	1123	107374182694	Q29tcGFjdFJhbmdlV29ya2VyLlF1ZXVlOnZvaWQoKQ==
30064772240	107374182493	TkFQSV9SRVRVUk5fVU5ERUZJTkVE	YmluZGluZ3MuY3BwOk5BUElfUkVUVVJOX1VOREVGSU5FRDpBTlkoMCk=	SU5MSU5FRA==	QU5Z	TkFQSV9SRVRVUk5fVU5ERUZJTkVEKCk=	YmluZGluZ3MuY3Bw	1125	107374182553	YmluZGluZ3MuY3BwOk5BUElfUkVUVVJOX1VOREVGSU5FRDpBTlkoMCk=
30064772213	107374182493	PG9wZXJhdG9yPi5ub3RFcXVhbHM=	PG9wZXJhdG9yPi5ub3RFcXVhbHM=	U1RBVElDX0RJU1BBVENI	QU5Z	KG5hcGlfZ2V0X2NiX2luZm8oZW52LCBpbmZvLCAmYXJnYywgYXJndiwgTlVMTCwgTlVMTCkpICE9IG5hcGlfb2s=	YmluZGluZ3MuY3Bw	1114	107374182593	PG9wZXJhdG9yPi5ub3RFcXVhbHM=
30064772219	107374182493	PG9wZXJhdG9yPi5ub3RFcXVhbHM=	PG9wZXJhdG9yPi5ub3RFcXVhbHM=	U1RBVElDX0RJU1BBVENI	QU5Z	KG5hcGlfZ2V0X3ZhbHVlX2V4dGVybmFsKGVudiwgYXJndlswXSwgKHZvaWQgKiAqKSZkYXRhYmFzZSkpICE9IG5hcGlfb2s=	YmluZGluZ3MuY3Bw	1115	107374182593	PG9wZXJhdG9yPi5ub3RFcXVhbHM=
30064772226	107374182493	VG9TbGljZQ==	VG9TbGljZTpBTlkobmFwaV9lbnZfXyosbmFwaV92YWx1ZV9fKik=	U1RBVElDX0RJU1BBVENI	QU5Z	VG9TbGljZShlbnYsIGFyZ3ZbMV0p	YmluZGluZ3MuY3Bw	1117	107374182677	VG9TbGljZTpBTlkobmFwaV9lbnZfXyosbmFwaV92YWx1ZV9fKik=
30064772229	107374182493	VG9TbGljZQ==	VG9TbGljZTpBTlkobmFwaV9lbnZfXyosbmFwaV92YWx1ZV9fKik=	U1RBVElDX0RJU1BBVENI	QU5Z	VG9TbGljZShlbnYsIGFyZ3ZbMl0p	YmluZGluZ3MuY3Bw	1118	107374182677	VG9TbGljZTpBTlkobmFwaV9lbnZfXyosbmFwaV92YWx1ZV9fKik=
30064772232	107374182493	PG9wZXJhdG9yPi5pbmRpcmVjdEluZGV4QWNjZXNz	PG9wZXJhdG9yPi5pbmRpcmVjdEluZGV4QWNjZXNz	U1RBVElDX0RJU1BBVENI	QU5Z	YXJndlszXQ==	YmluZGluZ3MuY3Bw	1119	107374182578	PG9wZXJhdG9yPi5pbmRpcmVjdEluZGV4QWNjZXNz
30064772234	107374182493	PG9wZXJhdG9yPi5uZXc=	PG9wZXJhdG9yPi5uZXc=	U1RBVElDX0RJU1BBVENI	QU5Z	bmV3IENvbXBhY3RSYW5nZVdvcmtlcihlbnYsIGRhdGFiYXNlLCBjYWxsYmFjaywKICAgICAgICAgICAgICAgICAgICAgICAgICAgICAgICAgICAgICAgICAgICAgICAgICAgICAgIHN0YXJ0LCBlbmQp	YmluZGluZ3MuY3Bw	1121	107374182574	PG9wZXJhdG9yPi5uZXc=
30064772210	107374182493	PG9wZXJhdG9yPi5hc3NpZ25tZW50	PG9wZXJhdG9yPi5hc3NpZ25tZW50	U1RBVElDX0RJU1BBVENI	dm9pZA==	bmFwaV92YWx1ZSBbXQ==	YmluZGluZ3MuY3Bw	1114	107374182564	PG9wZXJhdG9yPi5hc3NpZ25tZW50
30064772214	107374182493	bmFwaV9nZXRfY2JfaW5mbw==	PHVucmVzb2x2ZWROYW1lc3BhY2U+Lm5hcGlfZ2V0X2NiX2luZm86PHVucmVzb2x2ZWRTaWduYXR1cmU+KDYp	U1RBVElDX0RJU1BBVENI	QU5Z	bmFwaV9nZXRfY2JfaW5mbyhlbnYsIGluZm8sICZhcmdjLCBhcmd2LCBOVUxMLCBOVUxMKQ==	YmluZGluZ3MuY3Bw	1114	107374182660	PHVucmVzb2x2ZWROYW1lc3BhY2U+Lm5hcGlfZ2V0X2NiX2luZm86PHVucmVzb2x2ZWRTaWduYXR1cmU+KDYp
30064772216	107374182493	bmFwaV90aHJvd19lcnJvcg==	PHVucmVzb2x2ZWROYW1lc3BhY2U+Lm5hcGlfdGhyb3dfZXJyb3I6PHVucmVzb2x2ZWRTaWduYXR1cmU+KDMp	U1RBVElDX0RJU1BBVENI	QU5Z	bmFwaV90aHJvd19lcnJvcihlbnYsIE5VTEwsICJuYXBpX2dldF9jYl9pbmZvKGVudiwgaW5mbywgJmFyZ2MsIGFyZ3YsIE5VTEwsIE5VTEwpIGZhaWxlZCEiKQ==	YmluZGluZ3MuY3Bw	1114	107374182596	PHVucmVzb2x2ZWROYW1lc3BhY2U+Lm5hcGlfdGhyb3dfZXJyb3I6PHVucmVzb2x2ZWRTaWduYXR1cmU+KDMp
30064772218	107374182493	PG9wZXJhdG9yPi5hc3NpZ25tZW50	PG9wZXJhdG9yPi5hc3NpZ25tZW50	U1RBVElDX0RJU1BBVENI	dm9pZA==	RGF0YWJhc2UgKg==	YmluZGluZ3MuY3Bw	1115	107374182564	PG9wZXJhdG9yPi5hc3NpZ25tZW50
30064772220	107374182493	bmFwaV9nZXRfdmFsdWVfZXh0ZXJuYWw=	bmFwaV9nZXRfdmFsdWVfZXh0ZXJuYWw=	U1RBVElDX0RJU1BBVENI	QU5Z	bmFwaV9nZXRfdmFsdWVfZXh0ZXJuYWwoZW52LCBhcmd2WzBdLCAodm9pZCAqICopJmRhdGFiYXNlKQ==	YmluZGluZ3MuY3Bw	1115	107374182661	bmFwaV9nZXRfdmFsdWVfZXh0ZXJuYWw=
30064772224	107374182493	bmFwaV90aHJvd19lcnJvcg==	PHVucmVzb2x2ZWROYW1lc3BhY2U+Lm5hcGlfdGhyb3dfZXJyb3I6PHVucmVzb2x2ZWRTaWduYXR1cmU+KDMp	U1RBVElDX0RJU1BBVENI	QU5Z	bmFwaV90aHJvd19lcnJvcihlbnYsIE5VTEwsICJuYXBpX2dldF92YWx1ZV9leHRlcm5hbChlbnYsIGFyZ3ZbMF0sICh2b2lkKiopJmRhdGFiYXNlKSBmYWlsZWQhIik=	YmluZGluZ3MuY3Bw	1115	107374182596	PHVucmVzb2x2ZWROYW1lc3BhY2U+Lm5hcGlfdGhyb3dfZXJyb3I6PHVucmVzb2x2ZWRTaWduYXR1cmU+KDMp
30064772227	107374182493	PG9wZXJhdG9yPi5pbmRpcmVjdEluZGV4QWNjZXNz	PG9wZXJhdG9yPi5pbmRpcmVjdEluZGV4QWNjZXNz	U1RBVElDX0RJU1BBVENI	QU5Z	YXJndlsxXQ==	YmluZGluZ3MuY3Bw	1117	107374182578	PG9wZXJhdG9yPi5pbmRpcmVjdEluZGV4QWNjZXNz
30064772230	107374182493	PG9wZXJhdG9yPi5pbmRpcmVjdEluZGV4QWNjZXNz	PG9wZXJhdG9yPi5pbmRpcmVjdEluZGV4QWNjZXNz	U1RBVElDX0RJU1BBVENI	QU5Z	YXJndlsyXQ==	YmluZGluZ3MuY3Bw	1118	107374182578	PG9wZXJhdG9yPi5pbmRpcmVjdEluZGV4QWNjZXNz
30064772211	107374182493	PG9wZXJhdG9yPi5hbGxvYw==	PG9wZXJhdG9yPi5hbGxvYw==	U1RBVElDX0RJU1BBVENI	bmFwaV92YWx1ZVs0XQ==	bmFwaV92YWx1ZSBbXQ==	YmluZGluZ3MuY3Bw	1114	107374182575	PG9wZXJhdG9yPi5hbGxvYw==
30064772215	107374182493	PG9wZXJhdG9yPi5hZGRyZXNzT2Y=	PG9wZXJhdG9yPi5hZGRyZXNzT2Y=	U1RBVElDX0RJU1BBVENI	QU5Z	JmFyZ2M=	YmluZGluZ3MuY3Bw	1114	107374182558	PG9wZXJhdG9yPi5hZGRyZXNzT2Y=
30064772221	107374182493	PG9wZXJhdG9yPi5pbmRpcmVjdEluZGV4QWNjZXNz	PG9wZXJhdG9yPi5pbmRpcmVjdEluZGV4QWNjZXNz	U1RBVElDX0RJU1BBVENI	QU5Z	YXJndlswXQ==	YmluZGluZ3MuY3Bw	1115	107374182578	PG9wZXJhdG9yPi5pbmRpcmVjdEluZGV4QWNjZXNz
30064772222	107374182493	PG9wZXJhdG9yPi5jYXN0	PG9wZXJhdG9yPi5jYXN0	U1RBVElDX0RJU1BBVENI	dm9pZA==	KHZvaWQgKiAqKSZkYXRhYmFzZQ==	YmluZGluZ3MuY3Bw	1115	107374182585	PG9wZXJhdG9yPi5jYXN0
30064772235	107374182493	PG9wZXJhdG9yPi5hc3NpZ25tZW50	PG9wZXJhdG9yPi5hc3NpZ25tZW50	U1RBVElDX0RJU1BBVENI	QU5Z	PHRtcD4wID0gPG9wZXJhdG9yPi5hbGxvYw==	YmluZGluZ3MuY3Bw	1121	107374182564	PG9wZXJhdG9yPi5hc3NpZ25tZW50
30064772237	107374182493	Q29tcGFjdFJhbmdlV29ya2Vy	Q29tcGFjdFJhbmdlV29ya2VyLkNvbXBhY3RSYW5nZVdvcmtlcjp2b2lkKG5hcGlfZW52X18qLERhdGFiYXNlKixuYXBpX3ZhbHVlX18qLEFOWSxBTlkp	U1RBVElDX0RJU1BBVENI	dm9pZA==	bmV3IENvbXBhY3RSYW5nZVdvcmtlcihlbnYsIGRhdGFiYXNlLCBjYWxsYmFjaywKICAgICAgICAgICAgICAgICAgICAgICAgICAgICAgICAgICAgICAgICAgICAgICAgICAgICAgIHN0YXJ0LCBlbmQp	YmluZGluZ3MuY3Bw	1121	107374182693	Q29tcGFjdFJhbmdlV29ya2VyLkNvbXBhY3RSYW5nZVdvcmtlcjp2b2lkKG5hcGlfZW52X18qLERhdGFiYXNlKixuYXBpX3ZhbHVlX18qLEFOWSxBTlkp
30064772223	107374182493	PG9wZXJhdG9yPi5hZGRyZXNzT2Y=	PG9wZXJhdG9yPi5hZGRyZXNzT2Y=	U1RBVElDX0RJU1BBVENI	QU5Z	JmRhdGFiYXNl	YmluZGluZ3MuY3Bw	1115	107374182558	PG9wZXJhdG9yPi5hZGRyZXNzT2Y=
30064772236	107374182493	PG9wZXJhdG9yPi5hbGxvYw==	PG9wZXJhdG9yPi5hbGxvYw==	U1RBVElDX0RJU1BBVENI	QU5Z	PG9wZXJhdG9yPi5hbGxvYw==	YmluZGluZ3MuY3Bw	1121	107374182575	PG9wZXJhdG9yPi5hbGxvYw==
30064772238	107374182493	PG9wZXJhdG9yPi5hZGRyZXNzT2Y=	PG9wZXJhdG9yPi5hZGRyZXNzT2Y=	U1RBVElDX0RJU1BBVENI	QU5Z	Jjx0bXA+MA==	YmluZGluZ3MuY3Bw	1121	107374182558	PG9wZXJhdG9yPi5hZGRyZXNzT2Y=
30064772241	107374182494	TkFQSV9BUkdW	L3RtcC9jbGF1ZGUtMC8taG9tZS11c2VyLWJ1Zy10cmFja2VyLzYzYjcwZTVhLTc1ZDMtNWRhMi1hZTgxLWUwMDk2MTI4N2M2ZS9zY3JhdGNocGFkL3ZhbDEwL0A4Y3JhZnRlcl9fbGV2ZWxkYi16bGliL3BrZy9wYWNrYWdlL3NyYy9uYXBpLW1hY3Jvcy5oOk5BUElfQVJHVjpBTlkoMSk=	SU5MSU5FRA==	QU5Z	TkFQSV9BUkdWKDIp	YmluZGluZ3MuY3Bw	1132	107374182550	L3RtcC9jbGF1ZGUtMC8taG9tZS11c2VyLWJ1Zy10cmFja2VyLzYzYjcwZTVhLTc1ZDMtNWRhMi1hZTgxLWUwMDk2MTI4N2M2ZS9zY3JhdGNocGFkL3ZhbDEwL0A4Y3JhZnRlcl9fbGV2ZWxkYi16bGliL3BrZy9wYWNrYWdlL3NyYy9uYXBpLW1hY3Jvcy5oOk5BUElfQVJHVjpBTlkoMSk=
30064772244	107374182494	PG9wZXJhdG9yPi5hc3NpZ25tZW50	PG9wZXJhdG9yPi5hc3NpZ25tZW50	U1RBVElDX0RJU1BBVENI	dm9pZA==	c2l6ZV90	YmluZGluZ3MuY3Bw	1132	107374182564	PG9wZXJhdG9yPi5hc3NpZ25tZW50
30064772249	107374182494	TkFQSV9EQl9DT05URVhU	YmluZGluZ3MuY3BwOk5BUElfREJfQ09OVEVYVDpBTlkoMCk=	SU5MSU5FRA==	QU5Z	TkFQSV9EQl9DT05URVhUKCk=	YmluZGluZ3MuY3Bw	1133	107374182551	YmluZGluZ3MuY3BwOk5BUElfREJfQ09OVEVYVDpBTlkoMCk=
30064772257	107374182494	PG9wZXJhdG9yPi5hc3NpZ25tZW50	PG9wZXJhdG9yPi5hc3NpZ25tZW50	U1RBVElDX0RJU1BBVENI	dm9pZA==	cHJvcGVydHkgPSBUb1NsaWNlKGVudiwgYXJndlsxXSk=	YmluZGluZ3MuY3Bw	1135	107374182564	PG9wZXJhdG9yPi5hc3NpZ25tZW50
30064772260	107374182494	R2V0UHJvcGVydHk=	RGF0YWJhc2UuR2V0UHJvcGVydHk6dm9pZChBTlksQU5ZKQ==	U1RBVElDX0RJU1BBVENI	dm9pZA==	ZGF0YWJhc2UtPkdldFByb3BlcnR5KHByb3BlcnR5LCAmdmFsdWUp	YmluZGluZ3MuY3Bw	1138	107374182695	RGF0YWJhc2UuR2V0UHJvcGVydHk6dm9pZChBTlksQU5ZKQ==
30064772262	107374182494	bmFwaV9jcmVhdGVfc3RyaW5nX3V0Zjg=	PHVucmVzb2x2ZWROYW1lc3BhY2U+Lm5hcGlfY3JlYXRlX3N0cmluZ191dGY4Ojx1bnJlc29sdmVkU2lnbmF0dXJlPig0KQ==	U1RBVElDX0RJU1BBVENI	QU5Z	bmFwaV9jcmVhdGVfc3RyaW5nX3V0ZjgoZW52LCB2YWx1ZS5kYXRhKCksIHZhbHVlLnNpemUoKSwgJnJlc3VsdCk=	YmluZGluZ3MuY3Bw	1141	107374182561	PHVucmVzb2x2ZWROYW1lc3BhY2U+Lm5hcGlfY3JlYXRlX3N0cmluZ191dGY4Ojx1bnJlc29sdmVkU2lnbmF0dXJlPig0KQ==
30064772266	107374182494	RGlzcG9zZVNsaWNlQnVmZmVy	RGlzcG9zZVNsaWNlQnVmZmVyOnZvaWQoQU5ZKQ==	U1RBVElDX0RJU1BBVENI	dm9pZA==	RGlzcG9zZVNsaWNlQnVmZmVyKHByb3BlcnR5KQ==	YmluZGluZ3MuY3Bw	1143	107374182674	RGlzcG9zZVNsaWNlQnVmZmVyOnZvaWQoQU5ZKQ==
30064772245	107374182494	PG9wZXJhdG9yPi5ub3RFcXVhbHM=	PG9wZXJhdG9yPi5ub3RFcXVhbHM=	U1RBVElDX0RJU1BBVENI	QU5Z	KG5hcGlfZ2V0X2NiX2luZm8oZW52LCBpbmZvLCAmYXJnYywgYXJndiwgTlVMTCwgTlVMTCkpICE9IG5hcGlfb2s=	YmluZGluZ3MuY3Bw	1132	107374182593	PG9wZXJhdG9yPi5ub3RFcXVhbHM=
30064772251	107374182494	PG9wZXJhdG9yPi5ub3RFcXVhbHM=	PG9wZXJhdG9yPi5ub3RFcXVhbHM=	U1RBVElDX0RJU1BBVENI	QU5Z	KG5hcGlfZ2V0X3ZhbHVlX2V4dGVybmFsKGVudiwgYXJndlswXSwgKHZvaWQgKiAqKSZkYXRhYmFzZSkpICE9IG5hcGlfb2s=	YmluZGluZ3MuY3Bw	1133	107374182593	PG9wZXJhdG9yPi5ub3RFcXVhbHM=
30064772258	107374182494	VG9TbGljZQ==	VG9TbGljZTpBTlkobmFwaV9lbnZfXyosbmFwaV92YWx1ZV9fKik=	U1RBVElDX0RJU1BBVENI	QU5Z	VG9TbGljZShlbnYsIGFyZ3ZbMV0p	YmluZGluZ3MuY3Bw	1135	107374182677	VG9TbGljZTpBTlkobmFwaV9lbnZfXyosbmFwaV92YWx1ZV9fKik=
30064772261	107374182494	PG9wZXJhdG9yPi5hZGRyZXNzT2Y=	PG9wZXJhdG9yPi5hZGRyZXNzT2Y=	U1RBVElDX0RJU1BBVENI	QU5Z	JnZhbHVl	YmluZGluZ3MuY3Bw	1138	107374182558	PG9wZXJhdG9yPi5hZGRyZXNzT2Y=
30064772263	107374182494	ZGF0YQ==	PHVucmVzb2x2ZWROYW1lc3BhY2U+LmRhdGE6PHVucmVzb2x2ZWRTaWduYXR1cmU+KDAp	U1RBVElDX0RJU1BBVENI	QU5Z	dmFsdWUuZGF0YSgp	YmluZGluZ3MuY3Bw	1141	107374182582	PHVucmVzb2x2ZWROYW1lc3BhY2U+LmRhdGE6PHVucmVzb2x2ZWRTaWduYXR1cmU+KDAp
30064772264	107374182494	c2l6ZQ==	PHVucmVzb2x2ZWROYW1lc3BhY2U+LnNpemU6PHVucmVzb2x2ZWRTaWduYXR1cmU+KDAp	U1RBVElDX0RJU1BBVENI	QU5Z	dmFsdWUuc2l6ZSgp	YmluZGluZ3MuY3Bw	1141	107374182648	PHVucmVzb2x2ZWROYW1lc3BhY2U+LnNpemU6PHVucmVzb2x2ZWRTaWduYXR1cmU+KDAp
30064772265	107374182494	PG9wZXJhdG9yPi5hZGRyZXNzT2Y=	PG9wZXJhdG9yPi5hZGRyZXNzT2Y=	U1RBVElDX0RJU1BBVENI	QU5Z	JnJlc3VsdA==	YmluZGluZ3MuY3Bw	1141	107374182558	PG9wZXJhdG9yPi5hZGRyZXNzT2Y=
30064772242	107374182494	PG9wZXJhdG9yPi5hc3NpZ25tZW50	PG9wZXJhdG9yPi5hc3NpZ25tZW50	U1RBVElDX0RJU1BBVENI	dm9pZA==	bmFwaV92YWx1ZSBbXQ==	YmluZGluZ3MuY3Bw	1132	107374182564	PG9wZXJhdG9yPi5hc3NpZ25tZW50
30064772246	107374182494	bmFwaV9nZXRfY2JfaW5mbw==	PHVucmVzb2x2ZWROYW1lc3BhY2U+Lm5hcGlfZ2V0X2NiX2luZm86PHVucmVzb2x2ZWRTaWduYXR1cmU+KDYp	U1RBVElDX0RJU1BBVENI	QU5Z	bmFwaV9nZXRfY2JfaW5mbyhlbnYsIGluZm8sICZhcmdjLCBhcmd2LCBOVUxMLCBOVUxMKQ==	YmluZGluZ3MuY3Bw	1132	107374182660	PHVucmVzb2x2ZWROYW1lc3BhY2U+Lm5hcGlfZ2V0X2NiX2luZm86PHVucmVzb2x2ZWRTaWduYXR1cmU+KDYp
30064772248	107374182494	bmFwaV90aHJvd19lcnJvcg==	PHVucmVzb2x2ZWROYW1lc3BhY2U+Lm5hcGlfdGhyb3dfZXJyb3I6PHVucmVzb2x2ZWRTaWduYXR1cmU+KDMp	U1RBVElDX0RJU1BBVENI	QU5Z	bmFwaV90aHJvd19lcnJvcihlbnYsIE5VTEwsICJuYXBpX2dldF9jYl9pbmZvKGVudiwgaW5mbywgJmFyZ2MsIGFyZ3YsIE5VTEwsIE5VTEwpIGZhaWxlZCEiKQ==	YmluZGluZ3MuY3Bw	1132	107374182596	PHVucmVzb2x2ZWROYW1lc3BhY2U+Lm5hcGlfdGhyb3dfZXJyb3I6PHVucmVzb2x2ZWRTaWduYXR1cmU+KDMp
30064772250	107374182494	PG9wZXJhdG9yPi5hc3NpZ25tZW50	PG9wZXJhdG9yPi5hc3NpZ25tZW50	U1RBVElDX0RJU1BBVENI	dm9pZA==	RGF0YWJhc2UgKg==	YmluZGluZ3MuY3Bw	1133	107374182564	PG9wZXJhdG9yPi5hc3NpZ25tZW50
30064772252	107374182494	bmFwaV9nZXRfdmFsdWVfZXh0ZXJuYWw=	bmFwaV9nZXRfdmFsdWVfZXh0ZXJuYWw=	U1RBVElDX0RJU1BBVENI	QU5Z	bmFwaV9nZXRfdmFsdWVfZXh0ZXJuYWwoZW52LCBhcmd2WzBdLCAodm9pZCAqICopJmRhdGFiYXNlKQ==	YmluZGluZ3MuY3Bw	1133	107374182661	bmFwaV9nZXRfdmFsdWVfZXh0ZXJuYWw=
30064772256	107374182494	bmFwaV90aHJvd19lcnJvcg==	PHVucmVzb2x2ZWROYW1lc3BhY2U+Lm5hcGlfdGhyb3dfZXJyb3I6PHVucmVzb2x2ZWRTaWduYXR1cmU+KDMp	U1RBVElDX0RJU1BBVENI	QU5Z	bmFwaV90aHJvd19lcnJvcihlbnYsIE5VTEwsICJuYXBpX2dldF92YWx1ZV9leHRlcm5hbChlbnYsIGFyZ3ZbMF0sICh2b2lkKiopJmRhdGFiYXNlKSBmYWlsZWQhIik=	YmluZGluZ3MuY3Bw	1133	107374182596	PHVucmVzb2x2ZWROYW1lc3BhY2U+Lm5hcGlfdGhyb3dfZXJyb3I6PHVucmVzb2x2ZWRTaWduYXR1cmU+KDMp
30064772259	107374182494	PG9wZXJhdG9yPi5pbmRpcmVjdEluZGV4QWNjZXNz	PG9wZXJhdG9yPi5pbmRpcmVjdEluZGV4QWNjZXNz	U1RBVElDX0RJU1BBVENI	QU5Z	YXJndlsxXQ==	YmluZGluZ3MuY3Bw	1135	107374182578	PG9wZXJhdG9yPi5pbmRpcmVjdEluZGV4QWNjZXNz
30064772243	107374182494	PG9wZXJhdG9yPi5hbGxvYw==	PG9wZXJhdG9yPi5hbGxvYw==	U1RBVElDX0RJU1BBVENI	bmFwaV92YWx1ZVsyXQ==	bmFwaV92YWx1ZSBbXQ==	YmluZGluZ3MuY3Bw	1132	107374182575	PG9wZXJhdG9yPi5hbGxvYw==
30064772247	107374182494	PG9wZXJhdG9yPi5hZGRyZXNzT2Y=	PG9wZXJhdG9yPi5hZGRyZXNzT2Y=	U1RBVElDX0RJU1BBVENI	QU5Z	JmFyZ2M=	YmluZGluZ3MuY3Bw	1132	107374182558	PG9wZXJhdG9yPi5hZGRyZXNzT2Y=
30064772253	107374182494	PG9wZXJhdG9yPi5pbmRpcmVjdEluZGV4QWNjZXNz	PG9wZXJhdG9yPi5pbmRpcmVjdEluZGV4QWNjZXNz	U1RBVElDX0RJU1BBVENI	QU5Z	YXJndlswXQ==	YmluZGluZ3MuY3Bw	1133	107374182578	PG9wZXJhdG9yPi5pbmRpcmVjdEluZGV4QWNjZXNz
30064772254	107374182494	PG9wZXJhdG9yPi5jYXN0	PG9wZXJhdG9yPi5jYXN0	U1RBVElDX0RJU1BBVENI	dm9pZA==	KHZvaWQgKiAqKSZkYXRhYmFzZQ==	YmluZGluZ3MuY3Bw	1133	107374182585	PG9wZXJhdG9yPi5jYXN0
30064772255	107374182494	PG9wZXJhdG9yPi5hZGRyZXNzT2Y=	PG9wZXJhdG9yPi5hZGRyZXNzT2Y=	U1RBVElDX0RJU1BBVENI	QU5Z	JmRhdGFiYXNl	YmluZGluZ3MuY3Bw	1133	107374182558	PG9wZXJhdG9yPi5hZGRyZXNzT2Y=
30064772267	107374182495	PG9wZXJhdG9yPi5hc3NpZ25tZW50	PG9wZXJhdG9yPi5hc3NpZ25tZW50	U1RBVElDX0RJU1BBVENI	dm9pZA==	dGhpcy0+QmFzZVdvcmtlciA9IGVudg==	YmluZGluZ3MuY3Bw	1155	107374182564	PG9wZXJhdG9yPi5hc3NpZ25tZW50
30064772269	107374182495	PG9wZXJhdG9yPi5hc3NpZ25tZW50	PG9wZXJhdG9yPi5hc3NpZ25tZW50	U1RBVElDX0RJU1BBVENI	dm9pZA==	dGhpcy0+bG9jYXRpb25fID0gbG9jYXRpb24=	YmluZGluZ3MuY3Bw	1156	107374182564	PG9wZXJhdG9yPi5hc3NpZ25tZW50
30064772268	107374182495	PG9wZXJhdG9yPi5pbmRpcmVjdEZpZWxkQWNjZXNz	PG9wZXJhdG9yPi5pbmRpcmVjdEZpZWxkQWNjZXNz	U1RBVElDX0RJU1BBVENI	RGVzdHJveVdvcmtlcio=	dGhpcy0+QmFzZVdvcmtlcg==	YmluZGluZ3MuY3Bw	1155	107374182595	PG9wZXJhdG9yPi5pbmRpcmVjdEZpZWxkQWNjZXNz
30064772270	107374182495	PG9wZXJhdG9yPi5pbmRpcmVjdEZpZWxkQWNjZXNz	PG9wZXJhdG9yPi5pbmRpcmVjdEZpZWxkQWNjZXNz	U1RBVElDX0RJU1BBVENI	RGVzdHJveVdvcmtlcio=	dGhpcy0+bG9jYXRpb25f	YmluZGluZ3MuY3Bw	1156	107374182595	PG9wZXJhdG9yPi5pbmRpcmVjdEZpZWxkQWNjZXNz
30064772271	107374182497	U2V0U3RhdHVz	PHVucmVzb2x2ZWROYW1lc3BhY2U+LlNldFN0YXR1czo8dW5yZXNvbHZlZFNpZ25hdHVyZT4oMSk=	U1RBVElDX0RJU1BBVENI	QU5Z	U2V0U3RhdHVzKGxldmVsZGI6OkRlc3Ryb3lEQihsb2NhdGlvbl8sIG9wdGlvbnMpKQ==	YmluZGluZ3MuY3Bw	1162	107374182658	PHVucmVzb2x2ZWROYW1lc3BhY2U+LlNldFN0YXR1czo8dW5yZXNvbHZlZFNpZ25hdHVyZT4oMSk=
30064772272	107374182497	RGVzdHJveURC	PHVucmVzb2x2ZWROYW1lc3BhY2U+LkRlc3Ryb3lEQjo8dW5yZXNvbHZlZFNpZ25hdHVyZT4oMik=	U1RBVElDX0RJU1BBVENI	QU5Z	bGV2ZWxkYjo6RGVzdHJveURCKGxvY2F0aW9uXywgb3B0aW9ucyk=	YmluZGluZ3MuY3Bw	1162	107374182696	PHVucmVzb2x2ZWROYW1lc3BhY2U+LkRlc3Ryb3lEQjo8dW5yZXNvbHZlZFNpZ25hdHVyZT4oMik=
30064772273	107374182497	PG9wZXJhdG9yPi5pbmRpcmVjdEZpZWxkQWNjZXNz	PG9wZXJhdG9yPi5pbmRpcmVjdEZpZWxkQWNjZXNz	U1RBVElDX0RJU1BBVENI	QU5Z	dGhpcy0+bG9jYXRpb25f	YmluZGluZ3MuY3Bw	1162	107374182595	PG9wZXJhdG9yPi5pbmRpcmVjdEZpZWxkQWNjZXNz
30064772274	107374182498	TkFQSV9BUkdW	L3RtcC9jbGF1ZGUtMC8taG9tZS11c2VyLWJ1Zy10cmFja2VyLzYzYjcwZTVhLTc1ZDMtNWRhMi1hZTgxLWUwMDk2MTI4N2M2ZS9zY3JhdGNocGFkL3ZhbDEwL0A4Y3JhZnRlcl9fbGV2ZWxkYi16bGliL3BrZy9wYWNrYWdlL3NyYy9uYXBpLW1hY3Jvcy5oOk5BUElfQVJHVjpBTlkoMSk=	SU5MSU5FRA==	QU5Z	TkFQSV9BUkdWKDIp	YmluZGluZ3MuY3Bw	1172	107374182550	L3RtcC9jbGF1ZGUtMC8taG9tZS11c2VyLWJ1Zy10cmFja2VyLzYzYjcwZTVhLTc1ZDMtNWRhMi1hZTgxLWUwMDk2MTI4N2M2ZS9zY3JhdGNocGFkL3ZhbDEwL0A4Y3JhZnRlcl9fbGV2ZWxkYi16bGliL3BrZy9wYWNrYWdlL3NyYy9uYXBpLW1hY3Jvcy5oOk5BUElfQVJHVjpBTlkoMSk=
30064772277	107374182498	PG9wZXJhdG9yPi5hc3NpZ25tZW50	PG9wZXJhdG9yPi5hc3NpZ25tZW50	U1RBVElDX0RJU1BBVENI	dm9pZA==	c2l6ZV90	YmluZGluZ3MuY3Bw	1172	107374182564	PG9wZXJhdG9yPi5hc3NpZ25tZW50
30064772282	107374182498	TkFQSV9BUkdWX1VURjhfTkVX	YmluZGluZ3MuY3BwOk5BUElfQVJHVl9VVEY4X05FVzpBTlkoMik=	SU5MSU5FRA==	QU5Z	TkFQSV9BUkdWX1VURjhfTkVXKGxvY2F0aW9uLCAwKQ==	YmluZGluZ3MuY3Bw	1173	107374182552	YmluZGluZ3MuY3BwOk5BUElfQVJHVl9VVEY4X05FVzpBTlkoMik=
30064772289	107374182498	PG9wZXJhdG9yPi5hc3NpZ25tZW50	PG9wZXJhdG9yPi5hc3NpZ25tZW50	U1RBVElDX0RJU1BBVENI	dm9pZA==	Y2hhciAq	YmluZGluZ3MuY3Bw	1173	107374182564	PG9wZXJhdG9yPi5hc3NpZ25tZW50
30064772299	107374182498	PG9wZXJhdG9yPi5hc3NpZ25tZW50	PG9wZXJhdG9yPi5hc3NpZ25tZW50	U1RBVElDX0RJU1BBVENI	QU5Z	bG9jYXRpb25bbG9jYXRpb25fc2l6ZV0gPSAnXDAn	YmluZGluZ3MuY3Bw	1173	107374182564	PG9wZXJhdG9yPi5hc3NpZ25tZW50
30064772301	107374182498	PG9wZXJhdG9yPi5hc3NpZ25tZW50	PG9wZXJhdG9yPi5hc3NpZ25tZW50	U1RBVElDX0RJU1BBVENI	dm9pZA==	Y2FsbGJhY2sgPSBhcmd2WzFd	YmluZGluZ3MuY3Bw	1174	107374182564	PG9wZXJhdG9yPi5hc3NpZ25tZW50
30064772303	107374182498	PG9wZXJhdG9yPi5hc3NpZ25tZW50	PG9wZXJhdG9yPi5hc3NpZ25tZW50	U1RBVElDX0RJU1BBVENI	dm9pZA==	d29ya2VyID0gbmV3IERlc3Ryb3lXb3JrZXIoZW52LCBsb2NhdGlvbiwgY2FsbGJhY2sp	YmluZGluZ3MuY3Bw	1176	107374182564	PG9wZXJhdG9yPi5hc3NpZ25tZW50
30064772309	107374182498	UXVldWU=	RGVzdHJveVdvcmtlci5RdWV1ZTp2b2lkKCk=	U1RBVElDX0RJU1BBVENI	dm9pZA==	d29ya2VyLT5RdWV1ZSgp	YmluZGluZ3MuY3Bw	1177	107374182698	RGVzdHJveVdvcmtlci5RdWV1ZTp2b2lkKCk=
30064772310	107374182498	PG9wZXJhdG9yPi5kZWxldGU=	PG9wZXJhdG9yPi5kZWxldGU=	U1RBVElDX0RJU1BBVENI	dm9pZA==	ZGVsZXRlIFtdIGxvY2F0aW9u	YmluZGluZ3MuY3Bw	1179	107374182579	PG9wZXJhdG9yPi5kZWxldGU=
30064772311	107374182498	TkFQSV9SRVRVUk5fVU5ERUZJTkVE	YmluZGluZ3MuY3BwOk5BUElfUkVUVVJOX1VOREVGSU5FRDpBTlkoMCk=	SU5MSU5FRA==	QU5Z	TkFQSV9SRVRVUk5fVU5ERUZJTkVEKCk=	YmluZGluZ3MuY3Bw	1181	107374182553	YmluZGluZ3MuY3BwOk5BUElfUkVUVVJOX1VOREVGSU5FRDpBTlkoMCk=
30064772278	107374182498	PG9wZXJhdG9yPi5ub3RFcXVhbHM=	PG9wZXJhdG9yPi5ub3RFcXVhbHM=	U1RBVElDX0RJU1BBVENI	QU5Z	KG5hcGlfZ2V0X2NiX2luZm8oZW52LCBpbmZvLCAmYXJnYywgYXJndiwgTlVMTCwgTlVMTCkpICE9IG5hcGlfb2s=	YmluZGluZ3MuY3Bw	1172	107374182593	PG9wZXJhdG9yPi5ub3RFcXVhbHM=
30064772284	107374182498	PG9wZXJhdG9yPi5ub3RFcXVhbHM=	PG9wZXJhdG9yPi5ub3RFcXVhbHM=	U1RBVElDX0RJU1BBVENI	QU5Z	KG5hcGlfZ2V0X3ZhbHVlX3N0cmluZ191dGY4KGVudiwgYXJndlswXSwgTlVMTCwgMCwgJmxvY2F0aW9uX3NpemUpKSAhPSBuYXBpX29r	YmluZGluZ3MuY3Bw	1173	107374182593	PG9wZXJhdG9yPi5ub3RFcXVhbHM=
30064772290	107374182498	PG9wZXJhdG9yPi5uZXc=	PG9wZXJhdG9yPi5uZXc=	U1RBVElDX0RJU1BBVENI	QU5Z	bmV3IGNoYXIgW10=	YmluZGluZ3MuY3Bw	1173	107374182574	PG9wZXJhdG9yPi5uZXc=
30064772293	107374182498	PG9wZXJhdG9yPi5ub3RFcXVhbHM=	PG9wZXJhdG9yPi5ub3RFcXVhbHM=	U1RBVElDX0RJU1BBVENI	QU5Z	KG5hcGlfZ2V0X3ZhbHVlX3N0cmluZ191dGY4KGVudiwgYXJndlswXSwgbG9jYXRpb24sIGxvY2F0aW9uX3NpemUgKyAxLCAmbG9jYXRpb25fc2l6ZSkpICE9IG5hcGlfb2s=	YmluZGluZ3MuY3Bw	1173	107374182593	PG9wZXJhdG9yPi5ub3RFcXVhbHM=
30064772300	107374182498	PG9wZXJhdG9yPi5pbmRpcmVjdEluZGV4QWNjZXNz	PG9wZXJhdG9yPi5pbmRpcmVjdEluZGV4QWNjZXNz	U1RBVElDX0RJU1BBVENI	QU5Z	bG9jYXRpb25bbG9jYXRpb25fc2l6ZV0=	YmluZGluZ3MuY3Bw	1173	107374182578	PG9wZXJhdG9yPi5pbmRpcmVjdEluZGV4QWNjZXNz
30064772302	107374182498	PG9wZXJhdG9yPi5pbmRpcmVjdEluZGV4QWNjZXNz	PG9wZXJhdG9yPi5pbmRpcmVjdEluZGV4QWNjZXNz	U1RBVElDX0RJU1BBVENI	QU5Z	YXJndlsxXQ==	YmluZGluZ3MuY3Bw	1174	107374182578	PG9wZXJhdG9yPi5pbmRpcmVjdEluZGV4QWNjZXNz
30064772304	107374182498	PG9wZXJhdG9yPi5uZXc=	PG9wZXJhdG9yPi5uZXc=	U1RBVElDX0RJU1BBVENI	QU5Z	bmV3IERlc3Ryb3lXb3JrZXIoZW52LCBsb2NhdGlvbiwgY2FsbGJhY2sp	YmluZGluZ3MuY3Bw	1176	107374182574	PG9wZXJhdG9yPi5uZXc=
30064772275	107374182498	PG9wZXJhdG9yPi5hc3NpZ25tZW50	PG9wZXJhdG9yPi5hc3NpZ25tZW50	U1RBVElDX0RJU1BBVENI	dm9pZA==	bmFwaV92YWx1ZSBbXQ==	YmluZGluZ3MuY3Bw	1172	107374182564	PG9wZXJhdG9yPi5hc3NpZ25tZW50
30064772279	107374182498	bmFwaV9nZXRfY2JfaW5mbw==	PHVucmVzb2x2ZWROYW1lc3BhY2U+Lm5hcGlfZ2V0X2NiX2luZm86PHVucmVzb2x2ZWRTaWduYXR1cmU+KDYp	U1RBVElDX0RJU1BBVENI	QU5Z	bmFwaV9nZXRfY2JfaW5mbyhlbnYsIGluZm8sICZhcmdjLCBhcmd2LCBOVUxMLCBOVUxMKQ==	YmluZGluZ3MuY3Bw	1172	107374182660	PHVucmVzb2x2ZWROYW1lc3BhY2U+Lm5hcGlfZ2V0X2NiX2luZm86PHVucmVzb2x2ZWRTaWduYXR1cmU+KDYp
30064772281	107374182498	bmFwaV90aHJvd19lcnJvcg==	PHVucmVzb2x2ZWROYW1lc3BhY2U+Lm5hcGlfdGhyb3dfZXJyb3I6PHVucmVzb2x2ZWRTaWduYXR1cmU+KDMp	U1RBVElDX0RJU1BBVENI	QU5Z	bmFwaV90aHJvd19lcnJvcihlbnYsIE5VTEwsICJuYXBpX2dldF9jYl9pbmZvKGVudiwgaW5mbywgJmFyZ2MsIGFyZ3YsIE5VTEwsIE5VTEwpIGZhaWxlZCEiKQ==	YmluZGluZ3MuY3Bw	1172	107374182596	PHVucmVzb2x2ZWROYW1lc3BhY2U+Lm5hcGlfdGhyb3dfZXJyb3I6PHVucmVzb2x2ZWRTaWduYXR1cmU+KDMp
30064772283	107374182498	PG9wZXJhdG9yPi5hc3NpZ25tZW50	PG9wZXJhdG9yPi5hc3NpZ25tZW50	U1RBVElDX0RJU1BBVENI	dm9pZA==	c2l6ZV90	YmluZGluZ3MuY3Bw	1173	107374182564	PG9wZXJhdG9yPi5hc3NpZ25tZW50
30064772285	107374182498	bmFwaV9nZXRfdmFsdWVfc3RyaW5nX3V0Zjg=	PHVucmVzb2x2ZWROYW1lc3BhY2U+Lm5hcGlfZ2V0X3ZhbHVlX3N0cmluZ191dGY4Ojx1bnJlc29sdmVkU2lnbmF0dXJlPig1KQ==	U1RBVElDX0RJU1BBVENI	QU5Z	bmFwaV9nZXRfdmFsdWVfc3RyaW5nX3V0ZjgoZW52LCBhcmd2WzBdLCBOVUxMLCAwLCAmbG9jYXRpb25fc2l6ZSk=	YmluZGluZ3MuY3Bw	1173	107374182573	PHVucmVzb2x2ZWROYW1lc3BhY2U+Lm5hcGlfZ2V0X3ZhbHVlX3N0cmluZ191dGY4Ojx1bnJlc29sdmVkU2lnbmF0dXJlPig1KQ==
30064772288	107374182498	bmFwaV90aHJvd19lcnJvcg==	PHVucmVzb2x2ZWROYW1lc3BhY2U+Lm5hcGlfdGhyb3dfZXJyb3I6PHVucmVzb2x2ZWRTaWduYXR1cmU+KDMp	U1RBVElDX0RJU1BBVENI	QU5Z	bmFwaV90aHJvd19lcnJvcihlbnYsIE5VTEwsICJuYXBpX2dldF92YWx1ZV9zdHJpbmdfdXRmOChlbnYsIGFyZ3ZbMF0sIE5VTEwsIDAsICZsb2NhdGlvbl9zaXplKSBmYWlsZWQhIik=	YmluZGluZ3MuY3Bw	1173	107374182596	PHVucmVzb2x2ZWROYW1lc3BhY2U+Lm5hcGlfdGhyb3dfZXJyb3I6PHVucmVzb2x2ZWRTaWduYXR1cmU+KDMp
30064772291	107374182498	PG9wZXJhdG9yPi5hbGxvYw==	PG9wZXJhdG9yPi5hbGxvYw==	U1RBVElDX0RJU1BBVENI	QU5Z	bmV3IGNoYXIgW10=	YmluZGluZ3MuY3Bw	1173	107374182575	PG9wZXJhdG9yPi5hbGxvYw==
30064772294	107374182498	bmFwaV9nZXRfdmFsdWVfc3RyaW5nX3V0Zjg=	bmFwaV9nZXRfdmFsdWVfc3RyaW5nX3V0Zjg=	U1RBVElDX0RJU1BBVENI	QU5Z	bmFwaV9nZXRfdmFsdWVfc3RyaW5nX3V0ZjgoZW52LCBhcmd2WzBdLCBsb2NhdGlvbiwgbG9jYXRpb25fc2l6ZSArIDEsICZsb2NhdGlvbl9zaXplKQ==	YmluZGluZ3MuY3Bw	1173	107374182577	bmFwaV9nZXRfdmFsdWVfc3RyaW5nX3V0Zjg=
30064772298	107374182498	bmFwaV90aHJvd19lcnJvcg==	PHVucmVzb2x2ZWROYW1lc3BhY2U+Lm5hcGlfdGhyb3dfZXJyb3I6PHVucmVzb2x2ZWRTaWduYXR1cmU+KDMp	U1RBVElDX0RJU1BBVENI	QU5Z	bmFwaV90aHJvd19lcnJvcihlbnYsIE5VTEwsICJuYXBpX2dldF92YWx1ZV9zdHJpbmdfdXRmOChlbnYsIGFyZ3ZbMF0sIGxvY2F0aW9uLCBsb2NhdGlvbl9zaXplICsgMSwgJmxvY2F0aW9uX3NpemUpIGZhaWxlZCEiKQ==	YmluZGluZ3MuY3Bw	1173	107374182596	PHVucmVzb2x2ZWROYW1lc3BhY2U+Lm5hcGlfdGhyb3dfZXJyb3I6PHVucmVzb2x2ZWRTaWduYXR1cmU+KDMp
30064772276	107374182498	PG9wZXJhdG9yPi5hbGxvYw==	PG9wZXJhdG9yPi5hbGxvYw==	U1RBVElDX0RJU1BBVENI	bmFwaV92YWx1ZVsyXQ==	bmFwaV92YWx1ZSBbXQ==	YmluZGluZ3MuY3Bw	1172	107374182575	PG9wZXJhdG9yPi5hbGxvYw==
30064772280	107374182498	PG9wZXJhdG9yPi5hZGRyZXNzT2Y=	PG9wZXJhdG9yPi5hZGRyZXNzT2Y=	U1RBVElDX0RJU1BBVENI	QU5Z	JmFyZ2M=	YmluZGluZ3MuY3Bw	1172	107374182558	PG9wZXJhdG9yPi5hZGRyZXNzT2Y=
30064772286	107374182498	PG9wZXJhdG9yPi5pbmRpcmVjdEluZGV4QWNjZXNz	PG9wZXJhdG9yPi5pbmRpcmVjdEluZGV4QWNjZXNz	U1RBVElDX0RJU1BBVENI	QU5Z	YXJndlswXQ==	YmluZGluZ3MuY3Bw	1173	107374182578	PG9wZXJhdG9yPi5pbmRpcmVjdEluZGV4QWNjZXNz
30064772287	107374182498	PG9wZXJhdG9yPi5hZGRyZXNzT2Y=	PG9wZXJhdG9yPi5hZGRyZXNzT2Y=	U1RBVElDX0RJU1BBVENI	QU5Z	JmxvY2F0aW9uX3NpemU=	YmluZGluZ3MuY3Bw	1173	107374182558	PG9wZXJhdG9yPi5hZGRyZXNzT2Y=
30064772292	107374182498	PG9wZXJhdG9yPi5hZGRpdGlvbg==	PG9wZXJhdG9yPi5hZGRpdGlvbg==	U1RBVElDX0RJU1BBVENI	QU5Z	bG9jYXRpb25fc2l6ZSArIDE=	YmluZGluZ3MuY3Bw	1173	107374182576	PG9wZXJhdG9yPi5hZGRpdGlvbg==
30064772295	107374182498	PG9wZXJhdG9yPi5pbmRpcmVjdEluZGV4QWNjZXNz	PG9wZXJhdG9yPi5pbmRpcmVjdEluZGV4QWNjZXNz	U1RBVElDX0RJU1BBVENI	QU5Z	YXJndlswXQ==	YmluZGluZ3MuY3Bw	1173	107374182578	PG9wZXJhdG9yPi5pbmRpcmVjdEluZGV4QWNjZXNz
30064772296	107374182498	PG9wZXJhdG9yPi5hZGRpdGlvbg==	PG9wZXJhdG9yPi5hZGRpdGlvbg==	U1RBVElDX0RJU1BBVENI	QU5Z	bG9jYXRpb25fc2l6ZSArIDE=	YmluZGluZ3MuY3Bw	1173	107374182576	PG9wZXJhdG9yPi5hZGRpdGlvbg==
30064772297	107374182498	PG9wZXJhdG9yPi5hZGRyZXNzT2Y=	PG9wZXJhdG9yPi5hZGRyZXNzT2Y=	U1RBVElDX0RJU1BBVENI	QU5Z	JmxvY2F0aW9uX3NpemU=	YmluZGluZ3MuY3Bw	1173	107374182558	PG9wZXJhdG9yPi5hZGRyZXNzT2Y=
30064772305	107374182498	PG9wZXJhdG9yPi5hc3NpZ25tZW50	PG9wZXJhdG9yPi5hc3NpZ25tZW50	U1RBVElDX0RJU1BBVENI	QU5Z	PHRtcD4wID0gPG9wZXJhdG9yPi5hbGxvYw==	YmluZGluZ3MuY3Bw	1176	107374182564	PG9wZXJhdG9yPi5hc3NpZ25tZW50
30064772307	107374182498	RGVzdHJveVdvcmtlcg==	RGVzdHJveVdvcmtlci5EZXN0cm95V29ya2VyOnZvaWQobmFwaV9lbnZfXyosY2hhciosbmFwaV92YWx1ZV9fKik=	U1RBVElDX0RJU1BBVENI	dm9pZA==	bmV3IERlc3Ryb3lXb3JrZXIoZW52LCBsb2NhdGlvbiwgY2FsbGJhY2sp	YmluZGluZ3MuY3Bw	1176	107374182697	RGVzdHJveVdvcmtlci5EZXN0cm95V29ya2VyOnZvaWQobmFwaV9lbnZfXyosY2hhciosbmFwaV92YWx1ZV9fKik=
30064772306	107374182498	PG9wZXJhdG9yPi5hbGxvYw==	PG9wZXJhdG9yPi5hbGxvYw==	U1RBVElDX0RJU1BBVENI	QU5Z	PG9wZXJhdG9yPi5hbGxvYw==	YmluZGluZ3MuY3Bw	1176	107374182575	PG9wZXJhdG9yPi5hbGxvYw==
30064772308	107374182498	PG9wZXJhdG9yPi5hZGRyZXNzT2Y=	PG9wZXJhdG9yPi5hZGRyZXNzT2Y=	U1RBVElDX0RJU1BBVENI	QU5Z	Jjx0bXA+MA==	YmluZGluZ3MuY3Bw	1176	107374182558	PG9wZXJhdG9yPi5hZGRyZXNzT2Y=
30064772312	107374182499	PG9wZXJhdG9yPi5hc3NpZ25tZW50	PG9wZXJhdG9yPi5hc3NpZ25tZW50	U1RBVElDX0RJU1BBVENI	dm9pZA==	dGhpcy0+QmFzZVdvcmtlciA9IGVudg==	YmluZGluZ3MuY3Bw	1191	107374182564	PG9wZXJhdG9yPi5hc3NpZ25tZW50
30064772314	107374182499	PG9wZXJhdG9yPi5hc3NpZ25tZW50	PG9wZXJhdG9yPi5hc3NpZ25tZW50	U1RBVElDX0RJU1BBVENI	dm9pZA==	dGhpcy0+bG9jYXRpb25fID0gbG9jYXRpb24=	YmluZGluZ3MuY3Bw	1192	107374182564	PG9wZXJhdG9yPi5hc3NpZ25tZW50
30064772313	107374182499	PG9wZXJhdG9yPi5pbmRpcmVjdEZpZWxkQWNjZXNz	PG9wZXJhdG9yPi5pbmRpcmVjdEZpZWxkQWNjZXNz	U1RBVElDX0RJU1BBVENI	UmVwYWlyV29ya2VyKg==	dGhpcy0+QmFzZVdvcmtlcg==	YmluZGluZ3MuY3Bw	1191	107374182595	PG9wZXJhdG9yPi5pbmRpcmVjdEZpZWxkQWNjZXNz
30064772315	107374182499	PG9wZXJhdG9yPi5pbmRpcmVjdEZpZWxkQWNjZXNz	PG9wZXJhdG9yPi5pbmRpcmVjdEZpZWxkQWNjZXNz	U1RBVElDX0RJU1BBVENI	UmVwYWlyV29ya2VyKg==	dGhpcy0+bG9jYXRpb25f	YmluZGluZ3MuY3Bw	1192	107374182595	PG9wZXJhdG9yPi5pbmRpcmVjdEZpZWxkQWNjZXNz
30064772316	107374182501	U2V0U3RhdHVz	PHVucmVzb2x2ZWROYW1lc3BhY2U+LlNldFN0YXR1czo8dW5yZXNvbHZlZFNpZ25hdHVyZT4oMSk=	U1RBVElDX0RJU1BBVENI	QU5Z	U2V0U3RhdHVzKGxldmVsZGI6OlJlcGFpckRCKGxvY2F0aW9uXywgb3B0aW9ucykp	YmluZGluZ3MuY3Bw	1198	107374182658	PHVucmVzb2x2ZWROYW1lc3BhY2U+LlNldFN0YXR1czo8dW5yZXNvbHZlZFNpZ25hdHVyZT4oMSk=
30064772317	107374182501	UmVwYWlyREI=	PHVucmVzb2x2ZWROYW1lc3BhY2U+LlJlcGFpckRCOjx1bnJlc29sdmVkU2lnbmF0dXJlPigyKQ==	U1RBVElDX0RJU1BBVENI	QU5Z	bGV2ZWxkYjo6UmVwYWlyREIobG9jYXRpb25fLCBvcHRpb25zKQ==	YmluZGluZ3MuY3Bw	1198	107374182699	PHVucmVzb2x2ZWROYW1lc3BhY2U+LlJlcGFpckRCOjx1bnJlc29sdmVkU2lnbmF0dXJlPigyKQ==
30064772318	107374182501	PG9wZXJhdG9yPi5pbmRpcmVjdEZpZWxkQWNjZXNz	PG9wZXJhdG9yPi5pbmRpcmVjdEZpZWxkQWNjZXNz	U1RBVElDX0RJU1BBVENI	QU5Z	dGhpcy0+bG9jYXRpb25f	YmluZGluZ3MuY3Bw	1198	107374182595	PG9wZXJhdG9yPi5pbmRpcmVjdEZpZWxkQWNjZXNz
30064772319	107374182502	TkFQSV9BUkdW	L3RtcC9jbGF1ZGUtMC8taG9tZS11c2VyLWJ1Zy10cmFja2VyLzYzYjcwZTVhLTc1ZDMtNWRhMi1hZTgxLWUwMDk2MTI4N2M2ZS9zY3JhdGNocGFkL3ZhbDEwL0A4Y3JhZnRlcl9fbGV2ZWxkYi16bGliL3BrZy9wYWNrYWdlL3NyYy9uYXBpLW1hY3Jvcy5oOk5BUElfQVJHVjpBTlkoMSk=	SU5MSU5FRA==	QU5Z	TkFQSV9BUkdWKDIp	YmluZGluZ3MuY3Bw	1208	107374182550	L3RtcC9jbGF1ZGUtMC8taG9tZS11c2VyLWJ1Zy10cmFja2VyLzYzYjcwZTVhLTc1ZDMtNWRhMi1hZTgxLWUwMDk2MTI4N2M2ZS9zY3JhdGNocGFkL3ZhbDEwL0A4Y3JhZnRlcl9fbGV2ZWxkYi16bGliL3BrZy9wYWNrYWdlL3NyYy9uYXBpLW1hY3Jvcy5oOk5BUElfQVJHVjpBTlkoMSk=
30064772322	107374182502	PG9wZXJhdG9yPi5hc3NpZ25tZW50	PG9wZXJhdG9yPi5hc3NpZ25tZW50	U1RBVElDX0RJU1BBVENI	dm9pZA==	c2l6ZV90	YmluZGluZ3MuY3Bw	1208	107374182564	PG9wZXJhdG9yPi5hc3NpZ25tZW50
30064772327	107374182502	TkFQSV9BUkdWX1VURjhfTkVX	YmluZGluZ3MuY3BwOk5BUElfQVJHVl9VVEY4X05FVzpBTlkoMik=	SU5MSU5FRA==	QU5Z	TkFQSV9BUkdWX1VURjhfTkVXKGxvY2F0aW9uLCAwKQ==	YmluZGluZ3MuY3Bw	1209	107374182552	YmluZGluZ3MuY3BwOk5BUElfQVJHVl9VVEY4X05FVzpBTlkoMik=
30064772334	107374182502	PG9wZXJhdG9yPi5hc3NpZ25tZW50	PG9wZXJhdG9yPi5hc3NpZ25tZW50	U1RBVElDX0RJU1BBVENI	dm9pZA==	Y2hhciAq	YmluZGluZ3MuY3Bw	1209	107374182564	PG9wZXJhdG9yPi5hc3NpZ25tZW50
30064772344	107374182502	PG9wZXJhdG9yPi5hc3NpZ25tZW50	PG9wZXJhdG9yPi5hc3NpZ25tZW50	U1RBVElDX0RJU1BBVENI	QU5Z	bG9jYXRpb25bbG9jYXRpb25fc2l6ZV0gPSAnXDAn	YmluZGluZ3MuY3Bw	1209	107374182564	PG9wZXJhdG9yPi5hc3NpZ25tZW50
30064772346	107374182502	PG9wZXJhdG9yPi5hc3NpZ25tZW50	PG9wZXJhdG9yPi5hc3NpZ25tZW50	U1RBVElDX0RJU1BBVENI	dm9pZA==	Y2FsbGJhY2sgPSBhcmd2WzFd	YmluZGluZ3MuY3Bw	1210	107374182564	PG9wZXJhdG9yPi5hc3NpZ25tZW50
30064772348	107374182502	PG9wZXJhdG9yPi5hc3NpZ25tZW50	PG9wZXJhdG9yPi5hc3NpZ25tZW50	U1RBVElDX0RJU1BBVENI	dm9pZA==	d29ya2VyID0gbmV3IFJlcGFpcldvcmtlcihlbnYsIGxvY2F0aW9uLCBjYWxsYmFjayk=	YmluZGluZ3MuY3Bw	1212	107374182564	PG9wZXJhdG9yPi5hc3NpZ25tZW50
30064772354	107374182502	UXVldWU=	UmVwYWlyV29ya2VyLlF1ZXVlOnZvaWQoKQ==	U1RBVElDX0RJU1BBVENI	dm9pZA==	d29ya2VyLT5RdWV1ZSgp	YmluZGluZ3MuY3Bw	1213	107374182701	UmVwYWlyV29ya2VyLlF1ZXVlOnZvaWQoKQ==
30064772355	107374182502	PG9wZXJhdG9yPi5kZWxldGU=	PG9wZXJhdG9yPi5kZWxldGU=	U1RBVElDX0RJU1BBVENI	dm9pZA==	ZGVsZXRlIFtdIGxvY2F0aW9u	YmluZGluZ3MuY3Bw	1215	107374182579	PG9wZXJhdG9yPi5kZWxldGU=
30064772356	107374182502	TkFQSV9SRVRVUk5fVU5ERUZJTkVE	YmluZGluZ3MuY3BwOk5BUElfUkVUVVJOX1VOREVGSU5FRDpBTlkoMCk=	SU5MSU5FRA==	QU5Z	TkFQSV9SRVRVUk5fVU5ERUZJTkVEKCk=	YmluZGluZ3MuY3Bw	1217	107374182553	YmluZGluZ3MuY3BwOk5BUElfUkVUVVJOX1VOREVGSU5FRDpBTlkoMCk=
30064772323	107374182502	PG9wZXJhdG9yPi5ub3RFcXVhbHM=	PG9wZXJhdG9yPi5ub3RFcXVhbHM=	U1RBVElDX0RJU1BBVENI	QU5Z	KG5hcGlfZ2V0X2NiX2luZm8oZW52LCBpbmZvLCAmYXJnYywgYXJndiwgTlVMTCwgTlVMTCkpICE9IG5hcGlfb2s=	YmluZGluZ3MuY3Bw	1208	107374182593	PG9wZXJhdG9yPi5ub3RFcXVhbHM=
30064772329	107374182502	PG9wZXJhdG9yPi5ub3RFcXVhbHM=	PG9wZXJhdG9yPi5ub3RFcXVhbHM=	U1RBVElDX0RJU1BBVENI	QU5Z	KG5hcGlfZ2V0X3ZhbHVlX3N0cmluZ191dGY4KGVudiwgYXJndlswXSwgTlVMTCwgMCwgJmxvY2F0aW9uX3NpemUpKSAhPSBuYXBpX29r	YmluZGluZ3MuY3Bw	1209	107374182593	PG9wZXJhdG9yPi5ub3RFcXVhbHM=
30064772335	107374182502	PG9wZXJhdG9yPi5uZXc=	PG9wZXJhdG9yPi5uZXc=	U1RBVElDX0RJU1BBVENI	QU5Z	bmV3IGNoYXIgW10=	YmluZGluZ3MuY3Bw	1209	107374182574	PG9wZXJhdG9yPi5uZXc=
30064772338	107374182502	PG9wZXJhdG9yPi5ub3RFcXVhbHM=	PG9wZXJhdG9yPi5ub3RFcXVhbHM=	U1RBVElDX0RJU1BBVENI	QU5Z	KG5hcGlfZ2V0X3ZhbHVlX3N0cmluZ191dGY4KGVudiwgYXJndlswXSwgbG9jYXRpb24sIGxvY2F0aW9uX3NpemUgKyAxLCAmbG9jYXRpb25fc2l6ZSkpICE9IG5hcGlfb2s=	YmluZGluZ3MuY3Bw	1209	107374182593	PG9wZXJhdG9yPi5ub3RFcXVhbHM=
30064772345	107374182502	PG9wZXJhdG9yPi5pbmRpcmVjdEluZGV4QWNjZXNz	PG9wZXJhdG9yPi5pbmRpcmVjdEluZGV4QWNjZXNz	U1RBVElDX0RJU1BBVENI	QU5Z	bG9jYXRpb25bbG9jYXRpb25fc2l6ZV0=	YmluZGluZ3MuY3Bw	1209	107374182578	PG9wZXJhdG9yPi5pbmRpcmVjdEluZGV4QWNjZXNz
30064772347	107374182502	PG9wZXJhdG9yPi5pbmRpcmVjdEluZGV4QWNjZXNz	PG9wZXJhdG9yPi5pbmRpcmVjdEluZGV4QWNjZXNz	U1RBVElDX0RJU1BBVENI	QU5Z	YXJndlsxXQ==	YmluZGluZ3MuY3Bw	1210	107374182578	PG9wZXJhdG9yPi5pbmRpcmVjdEluZGV4QWNjZXNz
30064772349	107374182502	PG9wZXJhdG9yPi5uZXc=	PG9wZXJhdG9yPi5uZXc=	U1RBVElDX0RJU1BBVENI	QU5Z	bmV3IFJlcGFpcldvcmtlcihlbnYsIGxvY2F0aW9uLCBjYWxsYmFjayk=	YmluZGluZ3MuY3Bw	1212	107374182574	PG9wZXJhdG9yPi5uZXc=
30064772320	107374182502	PG9wZXJhdG9yPi5hc3NpZ25tZW50	PG9wZXJhdG9yPi5hc3NpZ25tZW50	U1RBVElDX0RJU1BBVENI	dm9pZA==	bmFwaV92YWx1ZSBbXQ==	YmluZGluZ3MuY3Bw	1208	107374182564	PG9wZXJhdG9yPi5hc3NpZ25tZW50
30064772324	107374182502	bmFwaV9nZXRfY2JfaW5mbw==	PHVucmVzb2x2ZWROYW1lc3BhY2U+Lm5hcGlfZ2V0X2NiX2luZm86PHVucmVzb2x2ZWRTaWduYXR1cmU+KDYp	U1RBVElDX0RJU1BBVENI	QU5Z	bmFwaV9nZXRfY2JfaW5mbyhlbnYsIGluZm8sICZhcmdjLCBhcmd2LCBOVUxMLCBOVUxMKQ==	YmluZGluZ3MuY3Bw	1208	107374182660	PHVucmVzb2x2ZWROYW1lc3BhY2U+Lm5hcGlfZ2V0X2NiX2luZm86PHVucmVzb2x2ZWRTaWduYXR1cmU+KDYp
30064772326	107374182502	bmFwaV90aHJvd19lcnJvcg==	PHVucmVzb2x2ZWROYW1lc3BhY2U+Lm5hcGlfdGhyb3dfZXJyb3I6PHVucmVzb2x2ZWRTaWduYXR1cmU+KDMp	U1RBVElDX0RJU1BBVENI	QU5Z	bmFwaV90aHJvd19lcnJvcihlbnYsIE5VTEwsICJuYXBpX2dldF9jYl9pbmZvKGVudiwgaW5mbywgJmFyZ2MsIGFyZ3YsIE5VTEwsIE5VTEwpIGZhaWxlZCEiKQ==	YmluZGluZ3MuY3Bw	1208	107374182596	PHVucmVzb2x2ZWROYW1lc3BhY2U+Lm5hcGlfdGhyb3dfZXJyb3I6PHVucmVzb2x2ZWRTaWduYXR1cmU+KDMp
30064772328	107374182502	PG9wZXJhdG9yPi5hc3NpZ25tZW50	PG9wZXJhdG9yPi5hc3NpZ25tZW50	U1RBVElDX0RJU1BBVENI	dm9pZA==	c2l6ZV90	YmluZGluZ3MuY3Bw	1209	107374182564	PG9wZXJhdG9yPi5hc3NpZ25tZW50
30064772330	107374182502	bmFwaV9nZXRfdmFsdWVfc3RyaW5nX3V0Zjg=	PHVucmVzb2x2ZWROYW1lc3BhY2U+Lm5hcGlfZ2V0X3ZhbHVlX3N0cmluZ191dGY4Ojx1bnJlc29sdmVkU2lnbmF0dXJlPig1KQ==	U1RBVElDX0RJU1BBVENI	QU5Z	bmFwaV9nZXRfdmFsdWVfc3RyaW5nX3V0ZjgoZW52LCBhcmd2WzBdLCBOVUxMLCAwLCAmbG9jYXRpb25fc2l6ZSk=	YmluZGluZ3MuY3Bw	1209	107374182573	PHVucmVzb2x2ZWROYW1lc3BhY2U+Lm5hcGlfZ2V0X3ZhbHVlX3N0cmluZ191dGY4Ojx1bnJlc29sdmVkU2lnbmF0dXJlPig1KQ==
30064772333	107374182502	bmFwaV90aHJvd19lcnJvcg==	PHVucmVzb2x2ZWROYW1lc3BhY2U+Lm5hcGlfdGhyb3dfZXJyb3I6PHVucmVzb2x2ZWRTaWduYXR1cmU+KDMp	U1RBVElDX0RJU1BBVENI	QU5Z	bmFwaV90aHJvd19lcnJvcihlbnYsIE5VTEwsICJuYXBpX2dldF92YWx1ZV9zdHJpbmdfdXRmOChlbnYsIGFyZ3ZbMF0sIE5VTEwsIDAsICZsb2NhdGlvbl9zaXplKSBmYWlsZWQhIik=	YmluZGluZ3MuY3Bw	1209	107374182596	PHVucmVzb2x2ZWROYW1lc3BhY2U+Lm5hcGlfdGhyb3dfZXJyb3I6PHVucmVzb2x2ZWRTaWduYXR1cmU+KDMp
30064772336	107374182502	PG9wZXJhdG9yPi5hbGxvYw==	PG9wZXJhdG9yPi5hbGxvYw==	U1RBVElDX0RJU1BBVENI	QU5Z	bmV3IGNoYXIgW10=	YmluZGluZ3MuY3Bw	1209	107374182575	PG9wZXJhdG9yPi5hbGxvYw==
30064772339	107374182502	bmFwaV9nZXRfdmFsdWVfc3RyaW5nX3V0Zjg=	bmFwaV9nZXRfdmFsdWVfc3RyaW5nX3V0Zjg=	U1RBVElDX0RJU1BBVENI	QU5Z	bmFwaV9nZXRfdmFsdWVfc3RyaW5nX3V0ZjgoZW52LCBhcmd2WzBdLCBsb2NhdGlvbiwgbG9jYXRpb25fc2l6ZSArIDEsICZsb2NhdGlvbl9zaXplKQ==	YmluZGluZ3MuY3Bw	1209	107374182577	bmFwaV9nZXRfdmFsdWVfc3RyaW5nX3V0Zjg=
30064772343	107374182502	bmFwaV90aHJvd19lcnJvcg==	PHVucmVzb2x2ZWROYW1lc3BhY2U+Lm5hcGlfdGhyb3dfZXJyb3I6PHVucmVzb2x2ZWRTaWduYXR1cmU+KDMp	U1RBVElDX0RJU1BBVENI	QU5Z	bmFwaV90aHJvd19lcnJvcihlbnYsIE5VTEwsICJuYXBpX2dldF92YWx1ZV9zdHJpbmdfdXRmOChlbnYsIGFyZ3ZbMF0sIGxvY2F0aW9uLCBsb2NhdGlvbl9zaXplICsgMSwgJmxvY2F0aW9uX3NpemUpIGZhaWxlZCEiKQ==	YmluZGluZ3MuY3Bw	1209	107374182596	PHVucmVzb2x2ZWROYW1lc3BhY2U+Lm5hcGlfdGhyb3dfZXJyb3I6PHVucmVzb2x2ZWRTaWduYXR1cmU+KDMp
30064772321	107374182502	PG9wZXJhdG9yPi5hbGxvYw==	PG9wZXJhdG9yPi5hbGxvYw==	U1RBVElDX0RJU1BBVENI	bmFwaV92YWx1ZVsyXQ==	bmFwaV92YWx1ZSBbXQ==	YmluZGluZ3MuY3Bw	1208	107374182575	PG9wZXJhdG9yPi5hbGxvYw==
30064772325	107374182502	PG9wZXJhdG9yPi5hZGRyZXNzT2Y=	PG9wZXJhdG9yPi5hZGRyZXNzT2Y=	U1RBVElDX0RJU1BBVENI	QU5Z	JmFyZ2M=	YmluZGluZ3MuY3Bw	1208	107374182558	PG9wZXJhdG9yPi5hZGRyZXNzT2Y=
30064772331	107374182502	PG9wZXJhdG9yPi5pbmRpcmVjdEluZGV4QWNjZXNz	PG9wZXJhdG9yPi5pbmRpcmVjdEluZGV4QWNjZXNz	U1RBVElDX0RJU1BBVENI	QU5Z	YXJndlswXQ==	YmluZGluZ3MuY3Bw	1209	107374182578	PG9wZXJhdG9yPi5pbmRpcmVjdEluZGV4QWNjZXNz
30064772332	107374182502	PG9wZXJhdG9yPi5hZGRyZXNzT2Y=	PG9wZXJhdG9yPi5hZGRyZXNzT2Y=	U1RBVElDX0RJU1BBVENI	QU5Z	JmxvY2F0aW9uX3NpemU=	YmluZGluZ3MuY3Bw	1209	107374182558	PG9wZXJhdG9yPi5hZGRyZXNzT2Y=
30064772337	107374182502	PG9wZXJhdG9yPi5hZGRpdGlvbg==	PG9wZXJhdG9yPi5hZGRpdGlvbg==	U1RBVElDX0RJU1BBVENI	QU5Z	bG9jYXRpb25fc2l6ZSArIDE=	YmluZGluZ3MuY3Bw	1209	107374182576	PG9wZXJhdG9yPi5hZGRpdGlvbg==
30064772340	107374182502	PG9wZXJhdG9yPi5pbmRpcmVjdEluZGV4QWNjZXNz	PG9wZXJhdG9yPi5pbmRpcmVjdEluZGV4QWNjZXNz	U1RBVElDX0RJU1BBVENI	QU5Z	YXJndlswXQ==	YmluZGluZ3MuY3Bw	1209	107374182578	PG9wZXJhdG9yPi5pbmRpcmVjdEluZGV4QWNjZXNz
30064772341	107374182502	PG9wZXJhdG9yPi5hZGRpdGlvbg==	PG9wZXJhdG9yPi5hZGRpdGlvbg==	U1RBVElDX0RJU1BBVENI	QU5Z	bG9jYXRpb25fc2l6ZSArIDE=	YmluZGluZ3MuY3Bw	1209	107374182576	PG9wZXJhdG9yPi5hZGRpdGlvbg==
30064772342	107374182502	PG9wZXJhdG9yPi5hZGRyZXNzT2Y=	PG9wZXJhdG9yPi5hZGRyZXNzT2Y=	U1RBVElDX0RJU1BBVENI	QU5Z	JmxvY2F0aW9uX3NpemU=	YmluZGluZ3MuY3Bw	1209	107374182558	PG9wZXJhdG9yPi5hZGRyZXNzT2Y=
30064772350	107374182502	PG9wZXJhdG9yPi5hc3NpZ25tZW50	PG9wZXJhdG9yPi5hc3NpZ25tZW50	U1RBVElDX0RJU1BBVENI	QU5Z	PHRtcD4wID0gPG9wZXJhdG9yPi5hbGxvYw==	YmluZGluZ3MuY3Bw	1212	107374182564	PG9wZXJhdG9yPi5hc3NpZ25tZW50
30064772352	107374182502	UmVwYWlyV29ya2Vy	UmVwYWlyV29ya2VyLlJlcGFpcldvcmtlcjp2b2lkKG5hcGlfZW52X18qLGNoYXIqLG5hcGlfdmFsdWVfXyop	U1RBVElDX0RJU1BBVENI	dm9pZA==	bmV3IFJlcGFpcldvcmtlcihlbnYsIGxvY2F0aW9uLCBjYWxsYmFjayk=	YmluZGluZ3MuY3Bw	1212	107374182700	UmVwYWlyV29ya2VyLlJlcGFpcldvcmtlcjp2b2lkKG5hcGlfZW52X18qLGNoYXIqLG5hcGlfdmFsdWVfXyop
30064772351	107374182502	PG9wZXJhdG9yPi5hbGxvYw==	PG9wZXJhdG9yPi5hbGxvYw==	U1RBVElDX0RJU1BBVENI	QU5Z	PG9wZXJhdG9yPi5hbGxvYw==	YmluZGluZ3MuY3Bw	1212	107374182575	PG9wZXJhdG9yPi5hbGxvYw==
30064772353	107374182502	PG9wZXJhdG9yPi5hZGRyZXNzT2Y=	PG9wZXJhdG9yPi5hZGRyZXNzT2Y=	U1RBVElDX0RJU1BBVENI	QU5Z	Jjx0bXA+MA==	YmluZGluZ3MuY3Bw	1212	107374182558	PG9wZXJhdG9yPi5hZGRyZXNzT2Y=
30064772357	107374182503	PG9wZXJhdG9yPi5ub3RFcXVhbHM=	PG9wZXJhdG9yPi5ub3RFcXVhbHM=	U1RBVElDX0RJU1BBVENI	aW50	ZGF0YSAhPSBOVUxM	YmluZGluZ3MuY3Bw	1224	107374182593	PG9wZXJhdG9yPi5ub3RFcXVhbHM=
30064772358	107374182503	PG9wZXJhdG9yPi5kZWxldGU=	PG9wZXJhdG9yPi5kZWxldGU=	U1RBVElDX0RJU1BBVENI	dm9pZA==	ZGVsZXRlIChJdGVyYXRvciopZGF0YQ==	YmluZGluZ3MuY3Bw	1225	107374182579	PG9wZXJhdG9yPi5kZWxldGU=
30064772359	107374182503	PG9wZXJhdG9yPi5jYXN0	PG9wZXJhdG9yPi5jYXN0	U1RBVElDX0RJU1BBVENI	SXRlcmF0b3I=	KEl0ZXJhdG9yKilkYXRh	YmluZGluZ3MuY3Bw	1225	107374182585	PG9wZXJhdG9yPi5jYXN0
30064772360	107374182504	TkFQSV9BUkdW	L3RtcC9jbGF1ZGUtMC8taG9tZS11c2VyLWJ1Zy10cmFja2VyLzYzYjcwZTVhLTc1ZDMtNWRhMi1hZTgxLWUwMDk2MTI4N2M2ZS9zY3JhdGNocGFkL3ZhbDEwL0A4Y3JhZnRlcl9fbGV2ZWxkYi16bGliL3BrZy9wYWNrYWdlL3NyYy9uYXBpLW1hY3Jvcy5oOk5BUElfQVJHVjpBTlkoMSk=	SU5MSU5FRA==	QU5Z	TkFQSV9BUkdWKDIp	YmluZGluZ3MuY3Bw	1233	107374182550	L3RtcC9jbGF1ZGUtMC8taG9tZS11c2VyLWJ1Zy10cmFja2VyLzYzYjcwZTVhLTc1ZDMtNWRhMi1hZTgxLWUwMDk2MTI4N2M2ZS9zY3JhdGNocGFkL3ZhbDEwL0A4Y3JhZnRlcl9fbGV2ZWxkYi16bGliL3BrZy9wYWNrYWdlL3NyYy9uYXBpLW1hY3Jvcy5oOk5BUElfQVJHVjpBTlkoMSk=
30064772363	107374182504	PG9wZXJhdG9yPi5hc3NpZ25tZW50	PG9wZXJhdG9yPi5hc3NpZ25tZW50	U1RBVElDX0RJU1BBVENI	dm9pZA==	c2l6ZV90	YmluZGluZ3MuY3Bw	1233	107374182564	PG9wZXJhdG9yPi5hc3NpZ25tZW50
30064772368	107374182504	TkFQSV9EQl9DT05URVhU	YmluZGluZ3MuY3BwOk5BUElfREJfQ09OVEVYVDpBTlkoMCk=	SU5MSU5FRA==	QU5Z	TkFQSV9EQl9DT05URVhUKCk=	YmluZGluZ3MuY3Bw	1234	107374182551	YmluZGluZ3MuY3BwOk5BUElfREJfQ09OVEVYVDpBTlkoMCk=
30064772376	107374182504	PG9wZXJhdG9yPi5hc3NpZ25tZW50	PG9wZXJhdG9yPi5hc3NpZ25tZW50	U1RBVElDX0RJU1BBVENI	dm9pZA==	b3B0aW9ucyA9IGFyZ3ZbMV0=	YmluZGluZ3MuY3Bw	1236	107374182564	PG9wZXJhdG9yPi5hc3NpZ25tZW50
30064772378	107374182504	PG9wZXJhdG9yPi5hc3NpZ25tZW50	PG9wZXJhdG9yPi5hc3NpZ25tZW50	U1RBVElDX0RJU1BBVENI	dm9pZA==	cmV2ZXJzZSA9IEJvb2xlYW5Qcm9wZXJ0eShlbnYsIG9wdGlvbnMsICJyZXZlcnNlIiwgZmFsc2Up	YmluZGluZ3MuY3Bw	1237	107374182564	PG9wZXJhdG9yPi5hc3NpZ25tZW50
30064772380	107374182504	PG9wZXJhdG9yPi5hc3NpZ25tZW50	PG9wZXJhdG9yPi5hc3NpZ25tZW50	U1RBVElDX0RJU1BBVENI	dm9pZA==	a2V5cyA9IEJvb2xlYW5Qcm9wZXJ0eShlbnYsIG9wdGlvbnMsICJrZXlzIiwgdHJ1ZSk=	YmluZGluZ3MuY3Bw	1238	107374182564	PG9wZXJhdG9yPi5hc3NpZ25tZW50
30064772382	107374182504	PG9wZXJhdG9yPi5hc3NpZ25tZW50	PG9wZXJhdG9yPi5hc3NpZ25tZW50	U1RBVElDX0RJU1BBVENI	dm9pZA==	dmFsdWVzID0gQm9vbGVhblByb3BlcnR5KGVudiwgb3B0aW9ucywgInZhbHVlcyIsIHRydWUp	YmluZGluZ3MuY3Bw	1239	107374182564	PG9wZXJhdG9yPi5hc3NpZ25tZW50
30064772384	107374182504	PG9wZXJhdG9yPi5hc3NpZ25tZW50	PG9wZXJhdG9yPi5hc3NpZ25tZW50	U1RBVElDX0RJU1BBVENI	dm9pZA==	ZmlsbENhY2hlID0gQm9vbGVhblByb3BlcnR5KGVudiwgb3B0aW9ucywgImZpbGxDYWNoZSIsIGZhbHNlKQ==	YmluZGluZ3MuY3Bw	1240	107374182564	PG9wZXJhdG9yPi5hc3NpZ25tZW50
30064772386	107374182504	PG9wZXJhdG9yPi5hc3NpZ25tZW50	PG9wZXJhdG9yPi5hc3NpZ25tZW50	U1RBVElDX0RJU1BBVENI	dm9pZA==	a2V5QXNCdWZmZXIgPSBCb29sZWFuUHJvcGVydHkoZW52LCBvcHRpb25zLCAia2V5QXNCdWZmZXIiLCB0cnVlKQ==	YmluZGluZ3MuY3Bw	1241	107374182564	PG9wZXJhdG9yPi5hc3NpZ25tZW50
30064772388	107374182504	PG9wZXJhdG9yPi5hc3NpZ25tZW50	PG9wZXJhdG9yPi5hc3NpZ25tZW50	U1RBVElDX0RJU1BBVENI	dm9pZA==	dmFsdWVBc0J1ZmZlciA9IEJvb2xlYW5Qcm9wZXJ0eShlbnYsIG9wdGlvbnMsICJ2YWx1ZUFzQnVmZmVyIiwgdHJ1ZSk=	YmluZGluZ3MuY3Bw	1242	107374182564	PG9wZXJhdG9yPi5hc3NpZ25tZW50
30064772390	107374182504	PG9wZXJhdG9yPi5hc3NpZ25tZW50	PG9wZXJhdG9yPi5hc3NpZ25tZW50	U1RBVElDX0RJU1BBVENI	dm9pZA==	bGltaXQgPSBJbnQzMlByb3BlcnR5KGVudiwgb3B0aW9ucywgImxpbWl0IiwgLTEp	YmluZGluZ3MuY3Bw	1243	107374182564	PG9wZXJhdG9yPi5hc3NpZ25tZW50
30064772393	107374182504	PG9wZXJhdG9yPi5hc3NpZ25tZW50	PG9wZXJhdG9yPi5hc3NpZ25tZW50	U1RBVElDX0RJU1BBVENI	dm9pZA==	aGlnaFdhdGVyTWFyayA9IFVpbnQzMlByb3BlcnR5KGVudiwgb3B0aW9ucywgImhpZ2hXYXRlck1hcmsiLAogICAgICAgICAgICAgICAgICAgICAgICAgICAgICAgICAgICAgICAgICAxNiAqIDEwMjQp	YmluZGluZ3MuY3Bw	1244	107374182564	PG9wZXJhdG9yPi5hc3NpZ25tZW50
30064772396	107374182504	PG9wZXJhdG9yPi5hc3NpZ25tZW50	PG9wZXJhdG9yPi5hc3NpZ25tZW50	U1RBVElDX0RJU1BBVENI	dm9pZA==	c3RhcnQgPSBOVUxM	YmluZGluZ3MuY3Bw	1247	107374182564	PG9wZXJhdG9yPi5hc3NpZ25tZW50
30064772397	107374182504	PG9wZXJhdG9yPi5hc3NpZ25tZW50	PG9wZXJhdG9yPi5hc3NpZ25tZW50	U1RBVElDX0RJU1BBVENI	dm9pZA==	ZW5kID0gUmFuZ2VPcHRpb24oZW52LCBvcHRpb25zLCAiZW5kIik=	YmluZGluZ3MuY3Bw	1248	107374182564	PG9wZXJhdG9yPi5hc3NpZ25tZW50
30064772399	107374182504	PG9wZXJhdG9yPi5hc3NpZ25tZW50	PG9wZXJhdG9yPi5hc3NpZ25tZW50	U1RBVElDX0RJU1BBVENI	dm9pZA==	bHQgPSBSYW5nZU9wdGlvbihlbnYsIG9wdGlvbnMsICJsdCIp	YmluZGluZ3MuY3Bw	1249	107374182564	PG9wZXJhdG9yPi5hc3NpZ25tZW50
30064772401	107374182504	PG9wZXJhdG9yPi5hc3NpZ25tZW50	PG9wZXJhdG9yPi5hc3NpZ25tZW50	U1RBVElDX0RJU1BBVENI	dm9pZA==	bHRlID0gUmFuZ2VPcHRpb24oZW52LCBvcHRpb25zLCAibHRlIik=	YmluZGluZ3MuY3Bw	1250	107374182564	PG9wZXJhdG9yPi5hc3NpZ25tZW50
30064772403	107374182504	PG9wZXJhdG9yPi5hc3NpZ25tZW50	PG9wZXJhdG9yPi5hc3NpZ25tZW50	U1RBVElDX0RJU1BBVENI	dm9pZA==	Z3QgPSBSYW5nZU9wdGlvbihlbnYsIG9wdGlvbnMsICJndCIp	YmluZGluZ3MuY3Bw	1251	107374182564	PG9wZXJhdG9yPi5hc3NpZ25tZW50
30064772405	107374182504	PG9wZXJhdG9yPi5hc3NpZ25tZW50	PG9wZXJhdG9yPi5hc3NpZ25tZW50	U1RBVElDX0RJU1BBVENI	dm9pZA==	Z3RlID0gUmFuZ2VPcHRpb24oZW52LCBvcHRpb25zLCAiZ3RlIik=	YmluZGluZ3MuY3Bw	1252	107374182564	PG9wZXJhdG9yPi5hc3NpZ25tZW50
30064772447	107374182504	PG9wZXJhdG9yPi5hc3NpZ25tZW50	PG9wZXJhdG9yPi5hc3NpZ25tZW50	U1RBVElDX0RJU1BBVENI	dm9pZA==	aWQgPSBkYXRhYmFzZS0+Y3VycmVudEl0ZXJhdG9ySWRfKys=	YmluZGluZ3MuY3Bw	1260	107374182564	PG9wZXJhdG9yPi5hc3NpZ25tZW50
30064772450	107374182504	PG9wZXJhdG9yPi5hc3NpZ25tZW50	PG9wZXJhdG9yPi5hc3NpZ25tZW50	U1RBVElDX0RJU1BBVENI	dm9pZA==	aXRlcmF0b3IgPSBuZXcgSXRlcmF0b3IoZGF0YWJhc2UsIGlkLCBzdGFydCwgZW5kLCByZXZlcnNlLCBrZXlzLAogICAgICAgICAgICAgICAgICAgICAgICAgICAgICAgICAgICB2YWx1ZXMsIGxpbWl0LCBsdCwgbHRlLCBndCwgZ3RlLCBmaWxsQ2FjaGUsCiAgICAgICAgICAgICAgICAgICAgICAgICAgICAgICAgICAgIGtleUFzQnVmZmVyLCB2YWx1ZUFzQnVmZmVyLCBoaWdoV2F0ZXJNYXJrKQ==	YmluZGluZ3MuY3Bw	1261	107374182564	PG9wZXJhdG9yPi5hc3NpZ25tZW50
30064772456	107374182504	TkFQSV9TVEFUVVNfVEhST1dT	L3RtcC9jbGF1ZGUtMC8taG9tZS11c2VyLWJ1Zy10cmFja2VyLzYzYjcwZTVhLTc1ZDMtNWRhMi1hZTgxLWUwMDk2MTI4N2M2ZS9zY3JhdGNocGFkL3ZhbDEwL0A4Y3JhZnRlcl9fbGV2ZWxkYi16bGliL3BrZy9wYWNrYWdlL3NyYy9uYXBpLW1hY3Jvcy5oOk5BUElfU1RBVFVTX1RIUk9XUzpBTlkoMSk=	SU5MSU5FRA==	QU5Z	TkFQSV9TVEFUVVNfVEhST1dTKG5hcGlfY3JlYXRlX2V4dGVybmFsKGVudiwgaXRlcmF0b3IsCiAgICAgICAgICAgICAgICAgICAgICAgICAgICAgICAgICAgICAgICAgIEZpbmFsaXplSXRlcmF0b3IsCiAgICAgICAgICAgICAgICAgICAgICAgICAgICAgICAgICAgICAgICAgIE5VTEwsICZyZXN1bHQpKQ==	YmluZGluZ3MuY3Bw	1267	107374182549	L3RtcC9jbGF1ZGUtMC8taG9tZS11c2VyLWJ1Zy10cmFja2VyLzYzYjcwZTVhLTc1ZDMtNWRhMi1hZTgxLWUwMDk2MTI4N2M2ZS9zY3JhdGNocGFkL3ZhbDEwL0A4Y3JhZnRlcl9fbGV2ZWxkYi16bGliL3BrZy9wYWNrYWdlL3NyYy9uYXBpLW1hY3Jvcy5oOk5BUElfU1RBVFVTX1RIUk9XUzpBTlkoMSk=
30064772461	107374182504	TkFQSV9TVEFUVVNfVEhST1dT	L3RtcC9jbGF1ZGUtMC8taG9tZS11c2VyLWJ1Zy10cmFja2VyLzYzYjcwZTVhLTc1ZDMtNWRhMi1hZTgxLWUwMDk2MTI4N2M2ZS9zY3JhdGNocGFkL3ZhbDEwL0A4Y3JhZnRlcl9fbGV2ZWxkYi16bGliL3BrZy9wYWNrYWdlL3NyYy9uYXBpLW1hY3Jvcy5oOk5BUElfU1RBVFVTX1RIUk9XUzpBTlkoMSk=	SU5MSU5FRA==	QU5Z	TkFQSV9TVEFUVVNfVEhST1dTKG5hcGlfY3JlYXRlX3JlZmVyZW5jZShlbnYsIHJlc3VsdCwgMSwgJnJlZikp	YmluZGluZ3MuY3Bw	1273	107374182549	L3RtcC9jbGF1ZGUtMC8taG9tZS11c2VyLWJ1Zy10cmFja2VyLzYzYjcwZTVhLTc1ZDMtNWRhMi1hZTgxLWUwMDk2MTI4N2M2ZS9zY3JhdGNocGFkL3ZhbDEwL0A4Y3JhZnRlcl9fbGV2ZWxkYi16bGliL3BrZy9wYWNrYWdlL3NyYy9uYXBpLW1hY3Jvcy5oOk5BUElfU1RBVFVTX1RIUk9XUzpBTlkoMSk=
30064772466	107374182504	QXR0YWNo	SXRlcmF0b3IuQXR0YWNoOnZvaWQobmFwaV9yZWZfXyop	U1RBVElDX0RJU1BBVENI	dm9pZA==	aXRlcmF0b3ItPkF0dGFjaChyZWYp	YmluZGluZ3MuY3Bw	1274	107374182708	SXRlcmF0b3IuQXR0YWNoOnZvaWQobmFwaV9yZWZfXyop
30064772364	107374182504	PG9wZXJhdG9yPi5ub3RFcXVhbHM=	PG9wZXJhdG9yPi5ub3RFcXVhbHM=	U1RBVElDX0RJU1BBVENI	QU5Z	KG5hcGlfZ2V0X2NiX2luZm8oZW52LCBpbmZvLCAmYXJnYywgYXJndiwgTlVMTCwgTlVMTCkpICE9IG5hcGlfb2s=	YmluZGluZ3MuY3Bw	1233	107374182593	PG9wZXJhdG9yPi5ub3RFcXVhbHM=
30064772370	107374182504	PG9wZXJhdG9yPi5ub3RFcXVhbHM=	PG9wZXJhdG9yPi5ub3RFcXVhbHM=	U1RBVElDX0RJU1BBVENI	QU5Z	KG5hcGlfZ2V0X3ZhbHVlX2V4dGVybmFsKGVudiwgYXJndlswXSwgKHZvaWQgKiAqKSZkYXRhYmFzZSkpICE9IG5hcGlfb2s=	YmluZGluZ3MuY3Bw	1234	107374182593	PG9wZXJhdG9yPi5ub3RFcXVhbHM=
30064772377	107374182504	PG9wZXJhdG9yPi5pbmRpcmVjdEluZGV4QWNjZXNz	PG9wZXJhdG9yPi5pbmRpcmVjdEluZGV4QWNjZXNz	U1RBVElDX0RJU1BBVENI	QU5Z	YXJndlsxXQ==	YmluZGluZ3MuY3Bw	1236	107374182578	PG9wZXJhdG9yPi5pbmRpcmVjdEluZGV4QWNjZXNz
30064772379	107374182504	Qm9vbGVhblByb3BlcnR5	Qm9vbGVhblByb3BlcnR5OmJvb2wobmFwaV9lbnZfXyosbmFwaV92YWx1ZV9fKixjaGFyKixib29sKQ==	U1RBVElDX0RJU1BBVENI	Ym9vbA==	Qm9vbGVhblByb3BlcnR5KGVudiwgb3B0aW9ucywgInJldmVyc2UiLCBmYWxzZSk=	YmluZGluZ3MuY3Bw	1237	107374182662	Qm9vbGVhblByb3BlcnR5OmJvb2wobmFwaV9lbnZfXyosbmFwaV92YWx1ZV9fKixjaGFyKixib29sKQ==
30064772381	107374182504	Qm9vbGVhblByb3BlcnR5	Qm9vbGVhblByb3BlcnR5OmJvb2wobmFwaV9lbnZfXyosbmFwaV92YWx1ZV9fKixjaGFyKixib29sKQ==	U1RBVElDX0RJU1BBVENI	Ym9vbA==	Qm9vbGVhblByb3BlcnR5KGVudiwgb3B0aW9ucywgImtleXMiLCB0cnVlKQ==	YmluZGluZ3MuY3Bw	1238	107374182662	Qm9vbGVhblByb3BlcnR5OmJvb2wobmFwaV9lbnZfXyosbmFwaV92YWx1ZV9fKixjaGFyKixib29sKQ==
30064772383	107374182504	Qm9vbGVhblByb3BlcnR5	Qm9vbGVhblByb3BlcnR5OmJvb2wobmFwaV9lbnZfXyosbmFwaV92YWx1ZV9fKixjaGFyKixib29sKQ==	U1RBVElDX0RJU1BBVENI	Ym9vbA==	Qm9vbGVhblByb3BlcnR5KGVudiwgb3B0aW9ucywgInZhbHVlcyIsIHRydWUp	YmluZGluZ3MuY3Bw	1239	107374182662	Qm9vbGVhblByb3BlcnR5OmJvb2wobmFwaV9lbnZfXyosbmFwaV92YWx1ZV9fKixjaGFyKixib29sKQ==
30064772385	107374182504	Qm9vbGVhblByb3BlcnR5	Qm9vbGVhblByb3BlcnR5OmJvb2wobmFwaV9lbnZfXyosbmFwaV92YWx1ZV9fKixjaGFyKixib29sKQ==	U1RBVElDX0RJU1BBVENI	Ym9vbA==	Qm9vbGVhblByb3BlcnR5KGVudiwgb3B0aW9ucywgImZpbGxDYWNoZSIsIGZhbHNlKQ==	YmluZGluZ3MuY3Bw	1240	107374182662	Qm9vbGVhblByb3BlcnR5OmJvb2wobmFwaV9lbnZfXyosbmFwaV92YWx1ZV9fKixjaGFyKixib29sKQ==
30064772387	107374182504	Qm9vbGVhblByb3BlcnR5	Qm9vbGVhblByb3BlcnR5OmJvb2wobmFwaV9lbnZfXyosbmFwaV92YWx1ZV9fKixjaGFyKixib29sKQ==	U1RBVElDX0RJU1BBVENI	Ym9vbA==	Qm9vbGVhblByb3BlcnR5KGVudiwgb3B0aW9ucywgImtleUFzQnVmZmVyIiwgdHJ1ZSk=	YmluZGluZ3MuY3Bw	1241	107374182662	Qm9vbGVhblByb3BlcnR5OmJvb2wobmFwaV9lbnZfXyosbmFwaV92YWx1ZV9fKixjaGFyKixib29sKQ==
30064772389	107374182504	Qm9vbGVhblByb3BlcnR5	Qm9vbGVhblByb3BlcnR5OmJvb2wobmFwaV9lbnZfXyosbmFwaV92YWx1ZV9fKixjaGFyKixib29sKQ==	U1RBVElDX0RJU1BBVENI	Ym9vbA==	Qm9vbGVhblByb3BlcnR5KGVudiwgb3B0aW9ucywgInZhbHVlQXNCdWZmZXIiLCB0cnVlKQ==	YmluZGluZ3MuY3Bw	1242	107374182662	Qm9vbGVhblByb3BlcnR5OmJvb2wobmFwaV9lbnZfXyosbmFwaV92YWx1ZV9fKixjaGFyKixib29sKQ==
30064772391	107374182504	SW50MzJQcm9wZXJ0eQ==	SW50MzJQcm9wZXJ0eTppbnQobmFwaV9lbnZfXyosbmFwaV92YWx1ZV9fKixjaGFyKixpbnQp	U1RBVElDX0RJU1BBVENI	aW50	SW50MzJQcm9wZXJ0eShlbnYsIG9wdGlvbnMsICJsaW1pdCIsIC0xKQ==	YmluZGluZ3MuY3Bw	1243	107374182702	SW50MzJQcm9wZXJ0eTppbnQobmFwaV9lbnZfXyosbmFwaV92YWx1ZV9fKixjaGFyKixpbnQp
30064772394	107374182504	VWludDMyUHJvcGVydHk=	PHVucmVzb2x2ZWROYW1lc3BhY2U+LlVpbnQzMlByb3BlcnR5Ojx1bnJlc29sdmVkU2lnbmF0dXJlPig0KQ==	U1RBVElDX0RJU1BBVENI	QU5Z	VWludDMyUHJvcGVydHkoZW52LCBvcHRpb25zLCAiaGlnaFdhdGVyTWFyayIsCiAgICAgICAgICAgICAgICAgICAgICAgICAgICAgICAgICAgICAgICAgIDE2ICogMTAyNCk=	YmluZGluZ3MuY3Bw	1244	107374182663	PHVucmVzb2x2ZWROYW1lc3BhY2U+LlVpbnQzMlByb3BlcnR5Ojx1bnJlc29sdmVkU2lnbmF0dXJlPig0KQ==
30064772398	107374182504	UmFuZ2VPcHRpb24=	UmFuZ2VPcHRpb246QU5ZKG5hcGlfZW52X18qLG5hcGlfdmFsdWVfXyosY2hhciop	U1RBVElDX0RJU1BBVENI	QU5Z	UmFuZ2VPcHRpb24oZW52LCBvcHRpb25zLCAiZW5kIik=	YmluZGluZ3MuY3Bw	1248	107374182704	UmFuZ2VPcHRpb246QU5ZKG5hcGlfZW52X18qLG5hcGlfdmFsdWVfXyosY2hhciop
30064772400	107374182504	UmFuZ2VPcHRpb24=	UmFuZ2VPcHRpb246QU5ZKG5hcGlfZW52X18qLG5hcGlfdmFsdWVfXyosY2hhciop	U1RBVElDX0RJU1BBVENI	QU5Z	UmFuZ2VPcHRpb24oZW52LCBvcHRpb25zLCAibHQiKQ==	YmluZGluZ3MuY3Bw	1249	107374182704	UmFuZ2VPcHRpb246QU5ZKG5hcGlfZW52X18qLG5hcGlfdmFsdWVfXyosY2hhciop
30064772402	107374182504	UmFuZ2VPcHRpb24=	UmFuZ2VPcHRpb246QU5ZKG5hcGlfZW52X18qLG5hcGlfdmFsdWVfXyosY2hhciop	U1RBVElDX0RJU1BBVENI	QU5Z	UmFuZ2VPcHRpb24oZW52LCBvcHRpb25zLCAibHRlIik=	YmluZGluZ3MuY3Bw	1250	107374182704	UmFuZ2VPcHRpb246QU5ZKG5hcGlfZW52X18qLG5hcGlfdmFsdWVfXyosY2hhciop
30064772404	107374182504	UmFuZ2VPcHRpb24=	UmFuZ2VPcHRpb246QU5ZKG5hcGlfZW52X18qLG5hcGlfdmFsdWVfXyosY2hhciop	U1RBVElDX0RJU1BBVENI	QU5Z	UmFuZ2VPcHRpb24oZW52LCBvcHRpb25zLCAiZ3QiKQ==	YmluZGluZ3MuY3Bw	1251	107374182704	UmFuZ2VPcHRpb246QU5ZKG5hcGlfZW52X18qLG5hcGlfdmFsdWVfXyosY2hhciop
30064772406	107374182504	UmFuZ2VPcHRpb24=	UmFuZ2VPcHRpb246QU5ZKG5hcGlfZW52X18qLG5hcGlfdmFsdWVfXyosY2hhciop	U1RBVElDX0RJU1BBVENI	QU5Z	UmFuZ2VPcHRpb24oZW52LCBvcHRpb25zLCAiZ3RlIik=	YmluZGluZ3MuY3Bw	1252	107374182704	UmFuZ2VPcHRpb246QU5ZKG5hcGlfZW52X18qLG5hcGlfdmFsdWVfXyosY2hhciop
30064772407	107374182504	PG9wZXJhdG9yPi5sb2dpY2FsQW5k	PG9wZXJhdG9yPi5sb2dpY2FsQW5k	U1RBVElDX0RJU1BBVENI	QU5Z	IXJldmVyc2UgJiYgZ3RlICE9IE5VTEw=	YmluZGluZ3MuY3Bw	1254	107374182625	PG9wZXJhdG9yPi5sb2dpY2FsQW5k
30064772448	107374182504	PG9wZXJhdG9yPi5wb3N0SW5jcmVtZW50	PG9wZXJhdG9yPi5wb3N0SW5jcmVtZW50	U1RBVElDX0RJU1BBVENI	QU5Z	ZGF0YWJhc2UtPmN1cnJlbnRJdGVyYXRvcklkXysr	YmluZGluZ3MuY3Bw	1260	107374182706	PG9wZXJhdG9yPi5wb3N0SW5jcmVtZW50
30064772451	107374182504	PG9wZXJhdG9yPi5uZXc=	PG9wZXJhdG9yPi5uZXc=	U1RBVElDX0RJU1BBVENI	QU5Z	bmV3IEl0ZXJhdG9yKGRhdGFiYXNlLCBpZCwgc3RhcnQsIGVuZCwgcmV2ZXJzZSwga2V5cywKICAgICAgICAgICAgICAgICAgICAgICAgICAgICAgICAgICAgdmFsdWVzLCBsaW1pdCwgbHQsIGx0ZSwgZ3QsIGd0ZSwgZmlsbENhY2hlLAogICAgICAgICAgICAgICAgICAgICAgICAgICAgICAgICAgICBrZXlBc0J1ZmZlciwgdmFsdWVBc0J1ZmZlciwgaGlnaFdhdGVyTWFyayk=	YmluZGluZ3MuY3Bw	1261	107374182574	PG9wZXJhdG9yPi5uZXc=
30064772361	107374182504	PG9wZXJhdG9yPi5hc3NpZ25tZW50	PG9wZXJhdG9yPi5hc3NpZ25tZW50	U1RBVElDX0RJU1BBVENI	dm9pZA==	bmFwaV92YWx1ZSBbXQ==	YmluZGluZ3MuY3Bw	1233	107374182564	PG9wZXJhdG9yPi5hc3NpZ25tZW50
30064772365	107374182504	bmFwaV9nZXRfY2JfaW5mbw==	PHVucmVzb2x2ZWROYW1lc3BhY2U+Lm5hcGlfZ2V0X2NiX2luZm86PHVucmVzb2x2ZWRTaWduYXR1cmU+KDYp	U1RBVElDX0RJU1BBVENI	QU5Z	bmFwaV9nZXRfY2JfaW5mbyhlbnYsIGluZm8sICZhcmdjLCBhcmd2LCBOVUxMLCBOVUxMKQ==	YmluZGluZ3MuY3Bw	1233	107374182660	PHVucmVzb2x2ZWROYW1lc3BhY2U+Lm5hcGlfZ2V0X2NiX2luZm86PHVucmVzb2x2ZWRTaWduYXR1cmU+KDYp
30064772367	107374182504	bmFwaV90aHJvd19lcnJvcg==	PHVucmVzb2x2ZWROYW1lc3BhY2U+Lm5hcGlfdGhyb3dfZXJyb3I6PHVucmVzb2x2ZWRTaWduYXR1cmU+KDMp	U1RBVElDX0RJU1BBVENI	QU5Z	bmFwaV90aHJvd19lcnJvcihlbnYsIE5VTEwsICJuYXBpX2dldF9jYl9pbmZvKGVudiwgaW5mbywgJmFyZ2MsIGFyZ3YsIE5VTEwsIE5VTEwpIGZhaWxlZCEiKQ==	YmluZGluZ3MuY3Bw	1233	107374182596	PHVucmVzb2x2ZWROYW1lc3BhY2U+Lm5hcGlfdGhyb3dfZXJyb3I6PHVucmVzb2x2ZWRTaWduYXR1cmU+KDMp
30064772369	107374182504	PG9wZXJhdG9yPi5hc3NpZ25tZW50	PG9wZXJhdG9yPi5hc3NpZ25tZW50	U1RBVElDX0RJU1BBVENI	dm9pZA==	RGF0YWJhc2UgKg==	YmluZGluZ3MuY3Bw	1234	107374182564	PG9wZXJhdG9yPi5hc3NpZ25tZW50
30064772371	107374182504	bmFwaV9nZXRfdmFsdWVfZXh0ZXJuYWw=	bmFwaV9nZXRfdmFsdWVfZXh0ZXJuYWw=	U1RBVElDX0RJU1BBVENI	QU5Z	bmFwaV9nZXRfdmFsdWVfZXh0ZXJuYWwoZW52LCBhcmd2WzBdLCAodm9pZCAqICopJmRhdGFiYXNlKQ==	YmluZGluZ3MuY3Bw	1234	107374182661	bmFwaV9nZXRfdmFsdWVfZXh0ZXJuYWw=
30064772375	107374182504	bmFwaV90aHJvd19lcnJvcg==	PHVucmVzb2x2ZWROYW1lc3BhY2U+Lm5hcGlfdGhyb3dfZXJyb3I6PHVucmVzb2x2ZWRTaWduYXR1cmU+KDMp	U1RBVElDX0RJU1BBVENI	QU5Z	bmFwaV90aHJvd19lcnJvcihlbnYsIE5VTEwsICJuYXBpX2dldF92YWx1ZV9leHRlcm5hbChlbnYsIGFyZ3ZbMF0sICh2b2lkKiopJmRhdGFiYXNlKSBmYWlsZWQhIik=	YmluZGluZ3MuY3Bw	1234	107374182596	PHVucmVzb2x2ZWROYW1lc3BhY2U+Lm5hcGlfdGhyb3dfZXJyb3I6PHVucmVzb2x2ZWRTaWduYXR1cmU+KDMp
30064772392	107374182504	PG9wZXJhdG9yPi5taW51cw==	PG9wZXJhdG9yPi5taW51cw==	U1RBVElDX0RJU1BBVENI	QU5Z	LTE=	YmluZGluZ3MuY3Bw	1243	107374182656	PG9wZXJhdG9yPi5taW51cw==
30064772395	107374182504	PG9wZXJhdG9yPi5tdWx0aXBsaWNhdGlvbg==	PG9wZXJhdG9yPi5tdWx0aXBsaWNhdGlvbg==	U1RBVElDX0RJU1BBVENI	QU5Z	MTYgKiAxMDI0	YmluZGluZ3MuY3Bw	1245	107374182703	PG9wZXJhdG9yPi5tdWx0aXBsaWNhdGlvbg==
30064772408	107374182504	PG9wZXJhdG9yPi5sb2dpY2FsTm90	PG9wZXJhdG9yPi5sb2dpY2FsTm90	U1RBVElDX0RJU1BBVENI	QU5Z	IXJldmVyc2U=	YmluZGluZ3MuY3Bw	1254	107374182580	PG9wZXJhdG9yPi5sb2dpY2FsTm90
30064772409	107374182504	PG9wZXJhdG9yPi5ub3RFcXVhbHM=	PG9wZXJhdG9yPi5ub3RFcXVhbHM=	U1RBVElDX0RJU1BBVENI	QU5Z	Z3RlICE9IE5VTEw=	YmluZGluZ3MuY3Bw	1254	107374182593	PG9wZXJhdG9yPi5ub3RFcXVhbHM=
30064772410	107374182504	PG9wZXJhdG9yPi5hc3NpZ25tZW50	PG9wZXJhdG9yPi5hc3NpZ25tZW50	U1RBVElDX0RJU1BBVENI	QU5Z	c3RhcnQgPSBuZXcgc3RkOjpzdHJpbmcoKmd0ZSk=	YmluZGluZ3MuY3Bw	1254	107374182564	PG9wZXJhdG9yPi5hc3NpZ25tZW50
30064772449	107374182504	PG9wZXJhdG9yPi5pbmRpcmVjdEZpZWxkQWNjZXNz	PG9wZXJhdG9yPi5pbmRpcmVjdEZpZWxkQWNjZXNz	U1RBVElDX0RJU1BBVENI	QU5Z	ZGF0YWJhc2UtPmN1cnJlbnRJdGVyYXRvcklkXw==	YmluZGluZ3MuY3Bw	1260	107374182595	PG9wZXJhdG9yPi5pbmRpcmVjdEZpZWxkQWNjZXNz
30064772362	107374182504	PG9wZXJhdG9yPi5hbGxvYw==	PG9wZXJhdG9yPi5hbGxvYw==	U1RBVElDX0RJU1BBVENI	bmFwaV92YWx1ZVsyXQ==	bmFwaV92YWx1ZSBbXQ==	YmluZGluZ3MuY3Bw	1233	107374182575	PG9wZXJhdG9yPi5hbGxvYw==
30064772366	107374182504	PG9wZXJhdG9yPi5hZGRyZXNzT2Y=	PG9wZXJhdG9yPi5hZGRyZXNzT2Y=	U1RBVElDX0RJU1BBVENI	QU5Z	JmFyZ2M=	YmluZGluZ3MuY3Bw	1233	107374182558	PG9wZXJhdG9yPi5hZGRyZXNzT2Y=
30064772372	107374182504	PG9wZXJhdG9yPi5pbmRpcmVjdEluZGV4QWNjZXNz	PG9wZXJhdG9yPi5pbmRpcmVjdEluZGV4QWNjZXNz	U1RBVElDX0RJU1BBVENI	QU5Z	YXJndlswXQ==	YmluZGluZ3MuY3Bw	1234	107374182578	PG9wZXJhdG9yPi5pbmRpcmVjdEluZGV4QWNjZXNz
30064772373	107374182504	PG9wZXJhdG9yPi5jYXN0	PG9wZXJhdG9yPi5jYXN0	U1RBVElDX0RJU1BBVENI	dm9pZA==	KHZvaWQgKiAqKSZkYXRhYmFzZQ==	YmluZGluZ3MuY3Bw	1234	107374182585	PG9wZXJhdG9yPi5jYXN0
30064772411	107374182504	PG9wZXJhdG9yPi5uZXc=	PG9wZXJhdG9yPi5uZXc=	U1RBVElDX0RJU1BBVENI	QU5Z	bmV3IHN0ZDo6c3RyaW5nKCpndGUp	YmluZGluZ3MuY3Bw	1254	107374182574	PG9wZXJhdG9yPi5uZXc=
30064772417	107374182504	PG9wZXJhdG9yPi5sb2dpY2FsQW5k	PG9wZXJhdG9yPi5sb2dpY2FsQW5k	U1RBVElDX0RJU1BBVENI	QU5Z	IXJldmVyc2UgJiYgZ3QgIT0gTlVMTA==	YmluZGluZ3MuY3Bw	1255	107374182625	PG9wZXJhdG9yPi5sb2dpY2FsQW5k
30064772452	107374182504	PG9wZXJhdG9yPi5hc3NpZ25tZW50	PG9wZXJhdG9yPi5hc3NpZ25tZW50	U1RBVElDX0RJU1BBVENI	QU5Z	PHRtcD40ID0gPG9wZXJhdG9yPi5hbGxvYw==	YmluZGluZ3MuY3Bw	1261	107374182564	PG9wZXJhdG9yPi5hc3NpZ25tZW50
30064772454	107374182504	SXRlcmF0b3I=	SXRlcmF0b3IuSXRlcmF0b3I6dm9pZChEYXRhYmFzZSosQU5ZLEFOWSxBTlksYm9vbCxib29sLGJvb2wsaW50LEFOWSxBTlksQU5ZLEFOWSxib29sLGJvb2wsYm9vbCxBTlkp	U1RBVElDX0RJU1BBVENI	dm9pZA==	bmV3IEl0ZXJhdG9yKGRhdGFiYXNlLCBpZCwgc3RhcnQsIGVuZCwgcmV2ZXJzZSwga2V5cywKICAgICAgICAgICAgICAgICAgICAgICAgICAgICAgICAgICAgdmFsdWVzLCBsaW1pdCwgbHQsIGx0ZSwgZ3QsIGd0ZSwgZmlsbENhY2hlLAogICAgICAgICAgICAgICAgICAgICAgICAgICAgICAgICAgICBrZXlBc0J1ZmZlciwgdmFsdWVBc0J1ZmZlciwgaGlnaFdhdGVyTWFyayk=	YmluZGluZ3MuY3Bw	1261	107374182707	SXRlcmF0b3IuSXRlcmF0b3I6dm9pZChEYXRhYmFzZSosQU5ZLEFOWSxBTlksYm9vbCxib29sLGJvb2wsaW50LEFOWSxBTlksQU5ZLEFOWSxib29sLGJvb2wsYm9vbCxBTlkp
30064772457	107374182504	PG9wZXJhdG9yPi5ub3RFcXVhbHM=	PG9wZXJhdG9yPi5ub3RFcXVhbHM=	U1RBVElDX0RJU1BBVENI	QU5Z	KG5hcGlfY3JlYXRlX2V4dGVybmFsKGVudiwgaXRlcmF0b3IsIEZpbmFsaXplSXRlcmF0b3IsIE5VTEwsICZyZXN1bHQpKSAhPSBuYXBpX29r	YmluZGluZ3MuY3Bw	1267	107374182593	PG9wZXJhdG9yPi5ub3RFcXVhbHM=
30064772462	107374182504	PG9wZXJhdG9yPi5ub3RFcXVhbHM=	PG9wZXJhdG9yPi5ub3RFcXVhbHM=	U1RBVElDX0RJU1BBVENI	QU5Z	KG5hcGlfY3JlYXRlX3JlZmVyZW5jZShlbnYsIHJlc3VsdCwgMSwgJnJlZikpICE9IG5hcGlfb2s=	YmluZGluZ3MuY3Bw	1273	107374182593	PG9wZXJhdG9yPi5ub3RFcXVhbHM=
30064772374	107374182504	PG9wZXJhdG9yPi5hZGRyZXNzT2Y=	PG9wZXJhdG9yPi5hZGRyZXNzT2Y=	U1RBVElDX0RJU1BBVENI	QU5Z	JmRhdGFiYXNl	YmluZGluZ3MuY3Bw	1234	107374182558	PG9wZXJhdG9yPi5hZGRyZXNzT2Y=
30064772418	107374182504	PG9wZXJhdG9yPi5sb2dpY2FsTm90	PG9wZXJhdG9yPi5sb2dpY2FsTm90	U1RBVElDX0RJU1BBVENI	QU5Z	IXJldmVyc2U=	YmluZGluZ3MuY3Bw	1255	107374182580	PG9wZXJhdG9yPi5sb2dpY2FsTm90
30064772419	107374182504	PG9wZXJhdG9yPi5ub3RFcXVhbHM=	PG9wZXJhdG9yPi5ub3RFcXVhbHM=	U1RBVElDX0RJU1BBVENI	QU5Z	Z3QgIT0gTlVMTA==	YmluZGluZ3MuY3Bw	1255	107374182593	PG9wZXJhdG9yPi5ub3RFcXVhbHM=
30064772420	107374182504	PG9wZXJhdG9yPi5hc3NpZ25tZW50	PG9wZXJhdG9yPi5hc3NpZ25tZW50	U1RBVElDX0RJU1BBVENI	QU5Z	c3RhcnQgPSBuZXcgc3RkOjpzdHJpbmcoKmd0KQ==	YmluZGluZ3MuY3Bw	1255	107374182564	PG9wZXJhdG9yPi5hc3NpZ25tZW50
30064772453	107374182504	PG9wZXJhdG9yPi5hbGxvYw==	PG9wZXJhdG9yPi5hbGxvYw==	U1RBVElDX0RJU1BBVENI	QU5Z	PG9wZXJhdG9yPi5hbGxvYw==	YmluZGluZ3MuY3Bw	1261	107374182575	PG9wZXJhdG9yPi5hbGxvYw==
30064772455	107374182504	PG9wZXJhdG9yPi5hZGRyZXNzT2Y=	PG9wZXJhdG9yPi5hZGRyZXNzT2Y=	U1RBVElDX0RJU1BBVENI	QU5Z	Jjx0bXA+NA==	YmluZGluZ3MuY3Bw	1261	107374182558	PG9wZXJhdG9yPi5hZGRyZXNzT2Y=
30064772458	107374182504	bmFwaV9jcmVhdGVfZXh0ZXJuYWw=	PHVucmVzb2x2ZWROYW1lc3BhY2U+Lm5hcGlfY3JlYXRlX2V4dGVybmFsOjx1bnJlc29sdmVkU2lnbmF0dXJlPig1KQ==	U1RBVElDX0RJU1BBVENI	QU5Z	bmFwaV9jcmVhdGVfZXh0ZXJuYWwoZW52LCBpdGVyYXRvciwgRmluYWxpemVJdGVyYXRvciwgTlVMTCwgJnJlc3VsdCk=	YmluZGluZ3MuY3Bw	1267	107374182654	PHVucmVzb2x2ZWROYW1lc3BhY2U+Lm5hcGlfY3JlYXRlX2V4dGVybmFsOjx1bnJlc29sdmVkU2lnbmF0dXJlPig1KQ==
30064772460	107374182504	bmFwaV90aHJvd19lcnJvcg==	PHVucmVzb2x2ZWROYW1lc3BhY2U+Lm5hcGlfdGhyb3dfZXJyb3I6PHVucmVzb2x2ZWRTaWduYXR1cmU+KDMp	U1RBVElDX0RJU1BBVENI	QU5Z	bmFwaV90aHJvd19lcnJvcihlbnYsIE5VTEwsICJuYXBpX2NyZWF0ZV9leHRlcm5hbChlbnYsIGl0ZXJhdG9yLCBGaW5hbGl6ZUl0ZXJhdG9yLCBOVUxMLCAmcmVzdWx0KSBmYWlsZWQhIik=	YmluZGluZ3MuY3Bw	1267	107374182596	PHVucmVzb2x2ZWROYW1lc3BhY2U+Lm5hcGlfdGhyb3dfZXJyb3I6PHVucmVzb2x2ZWRTaWduYXR1cmU+KDMp
30064772463	107374182504	bmFwaV9jcmVhdGVfcmVmZXJlbmNl	PHVucmVzb2x2ZWROYW1lc3BhY2U+Lm5hcGlfY3JlYXRlX3JlZmVyZW5jZTo8dW5yZXNvbHZlZFNpZ25hdHVyZT4oNCk=	U1RBVElDX0RJU1BBVENI	QU5Z	bmFwaV9jcmVhdGVfcmVmZXJlbmNlKGVudiwgcmVzdWx0LCAxLCAmcmVmKQ==	YmluZGluZ3MuY3Bw	1273	107374182594	PHVucmVzb2x2ZWROYW1lc3BhY2U+Lm5hcGlfY3JlYXRlX3JlZmVyZW5jZTo8dW5yZXNvbHZlZFNpZ25hdHVyZT4oNCk=
30064772465	107374182504	bmFwaV90aHJvd19lcnJvcg==	PHVucmVzb2x2ZWROYW1lc3BhY2U+Lm5hcGlfdGhyb3dfZXJyb3I6PHVucmVzb2x2ZWRTaWduYXR1cmU+KDMp	U1RBVElDX0RJU1BBVENI	QU5Z	bmFwaV90aHJvd19lcnJvcihlbnYsIE5VTEwsICJuYXBpX2NyZWF0ZV9yZWZlcmVuY2UoZW52LCByZXN1bHQsIDEsICZyZWYpIGZhaWxlZCEiKQ==	YmluZGluZ3MuY3Bw	1273	107374182596	PHVucmVzb2x2ZWROYW1lc3BhY2U+Lm5hcGlfdGhyb3dfZXJyb3I6PHVucmVzb2x2ZWRTaWduYXR1cmU+KDMp
30064772412	107374182504	PG9wZXJhdG9yPi5hc3NpZ25tZW50	PG9wZXJhdG9yPi5hc3NpZ25tZW50	U1RBVElDX0RJU1BBVENI	QU5Z	PHRtcD4wID0gPG9wZXJhdG9yPi5hbGxvYw==	YmluZGluZ3MuY3Bw	1254	107374182564	PG9wZXJhdG9yPi5hc3NpZ25tZW50
30064772414	107374182504	c3RkLnN0cmluZw==	c3RkLnN0cmluZy5zdHJpbmc6dm9pZChBTlkp	U1RBVElDX0RJU1BBVENI	dm9pZA==	bmV3IHN0ZDo6c3RyaW5nKCpndGUp	YmluZGluZ3MuY3Bw	1254	107374182705	c3RkLnN0cmluZy5zdHJpbmc6dm9pZChBTlkp
30064772421	107374182504	PG9wZXJhdG9yPi5uZXc=	PG9wZXJhdG9yPi5uZXc=	U1RBVElDX0RJU1BBVENI	QU5Z	bmV3IHN0ZDo6c3RyaW5nKCpndCk=	YmluZGluZ3MuY3Bw	1255	107374182574	PG9wZXJhdG9yPi5uZXc=
30064772427	107374182504	PG9wZXJhdG9yPi5sb2dpY2FsQW5k	PG9wZXJhdG9yPi5sb2dpY2FsQW5k	U1RBVElDX0RJU1BBVENI	QU5Z	cmV2ZXJzZSAmJiBsdGUgIT0gTlVMTA==	YmluZGluZ3MuY3Bw	1256	107374182625	PG9wZXJhdG9yPi5sb2dpY2FsQW5k
30064772459	107374182504	PG9wZXJhdG9yPi5hZGRyZXNzT2Y=	PG9wZXJhdG9yPi5hZGRyZXNzT2Y=	U1RBVElDX0RJU1BBVENI	QU5Z	JnJlc3VsdA==	YmluZGluZ3MuY3Bw	1267	107374182558	PG9wZXJhdG9yPi5hZGRyZXNzT2Y=
30064772464	107374182504	PG9wZXJhdG9yPi5hZGRyZXNzT2Y=	PG9wZXJhdG9yPi5hZGRyZXNzT2Y=	U1RBVElDX0RJU1BBVENI	QU5Z	JnJlZg==	YmluZGluZ3MuY3Bw	1273	107374182558	PG9wZXJhdG9yPi5hZGRyZXNzT2Y=
30064772413	107374182504	PG9wZXJhdG9yPi5hbGxvYw==	PG9wZXJhdG9yPi5hbGxvYw==	U1RBVElDX0RJU1BBVENI	QU5Z	PG9wZXJhdG9yPi5hbGxvYw==	YmluZGluZ3MuY3Bw	1254	107374182575	PG9wZXJhdG9yPi5hbGxvYw==
30064772415	107374182504	PG9wZXJhdG9yPi5hZGRyZXNzT2Y=	PG9wZXJhdG9yPi5hZGRyZXNzT2Y=	U1RBVElDX0RJU1BBVENI	QU5Z	Jjx0bXA+MA==	YmluZGluZ3MuY3Bw	1254	107374182558	PG9wZXJhdG9yPi5hZGRyZXNzT2Y=
30064772416	107374182504	PG9wZXJhdG9yPi5pbmRpcmVjdGlvbg==	PG9wZXJhdG9yPi5pbmRpcmVjdGlvbg==	U1RBVElDX0RJU1BBVENI	QU5Z	Kmd0ZQ==	YmluZGluZ3MuY3Bw	1254	107374182621	PG9wZXJhdG9yPi5pbmRpcmVjdGlvbg==
30064772428	107374182504	PG9wZXJhdG9yPi5ub3RFcXVhbHM=	PG9wZXJhdG9yPi5ub3RFcXVhbHM=	U1RBVElDX0RJU1BBVENI	QU5Z	bHRlICE9IE5VTEw=	YmluZGluZ3MuY3Bw	1256	107374182593	PG9wZXJhdG9yPi5ub3RFcXVhbHM=
30064772429	107374182504	PG9wZXJhdG9yPi5hc3NpZ25tZW50	PG9wZXJhdG9yPi5hc3NpZ25tZW50	U1RBVElDX0RJU1BBVENI	QU5Z	c3RhcnQgPSBuZXcgc3RkOjpzdHJpbmcoKmx0ZSk=	YmluZGluZ3MuY3Bw	1256	107374182564	PG9wZXJhdG9yPi5hc3NpZ25tZW50
30064772422	107374182504	PG9wZXJhdG9yPi5hc3NpZ25tZW50	PG9wZXJhdG9yPi5hc3NpZ25tZW50	U1RBVElDX0RJU1BBVENI	QU5Z	PHRtcD4xID0gPG9wZXJhdG9yPi5hbGxvYw==	YmluZGluZ3MuY3Bw	1255	107374182564	PG9wZXJhdG9yPi5hc3NpZ25tZW50
30064772424	107374182504	c3RkLnN0cmluZw==	c3RkLnN0cmluZy5zdHJpbmc6dm9pZChBTlkp	U1RBVElDX0RJU1BBVENI	dm9pZA==	bmV3IHN0ZDo6c3RyaW5nKCpndCk=	YmluZGluZ3MuY3Bw	1255	107374182705	c3RkLnN0cmluZy5zdHJpbmc6dm9pZChBTlkp
30064772430	107374182504	PG9wZXJhdG9yPi5uZXc=	PG9wZXJhdG9yPi5uZXc=	U1RBVElDX0RJU1BBVENI	QU5Z	bmV3IHN0ZDo6c3RyaW5nKCpsdGUp	YmluZGluZ3MuY3Bw	1256	107374182574	PG9wZXJhdG9yPi5uZXc=
30064772436	107374182504	PG9wZXJhdG9yPi5sb2dpY2FsQW5k	PG9wZXJhdG9yPi5sb2dpY2FsQW5k	U1RBVElDX0RJU1BBVENI	QU5Z	cmV2ZXJzZSAmJiBsdCAhPSBOVUxM	YmluZGluZ3MuY3Bw	1257	107374182625	PG9wZXJhdG9yPi5sb2dpY2FsQW5k
30064772423	107374182504	PG9wZXJhdG9yPi5hbGxvYw==	PG9wZXJhdG9yPi5hbGxvYw==	U1RBVElDX0RJU1BBVENI	QU5Z	PG9wZXJhdG9yPi5hbGxvYw==	YmluZGluZ3MuY3Bw	1255	107374182575	PG9wZXJhdG9yPi5hbGxvYw==
30064772425	107374182504	PG9wZXJhdG9yPi5hZGRyZXNzT2Y=	PG9wZXJhdG9yPi5hZGRyZXNzT2Y=	U1RBVElDX0RJU1BBVENI	QU5Z	Jjx0bXA+MQ==	YmluZGluZ3MuY3Bw	1255	107374182558	PG9wZXJhdG9yPi5hZGRyZXNzT2Y=
30064772426	107374182504	PG9wZXJhdG9yPi5pbmRpcmVjdGlvbg==	PG9wZXJhdG9yPi5pbmRpcmVjdGlvbg==	U1RBVElDX0RJU1BBVENI	QU5Z	Kmd0	YmluZGluZ3MuY3Bw	1255	107374182621	PG9wZXJhdG9yPi5pbmRpcmVjdGlvbg==
30064772437	107374182504	PG9wZXJhdG9yPi5ub3RFcXVhbHM=	PG9wZXJhdG9yPi5ub3RFcXVhbHM=	U1RBVElDX0RJU1BBVENI	QU5Z	bHQgIT0gTlVMTA==	YmluZGluZ3MuY3Bw	1257	107374182593	PG9wZXJhdG9yPi5ub3RFcXVhbHM=
30064772438	107374182504	PG9wZXJhdG9yPi5hc3NpZ25tZW50	PG9wZXJhdG9yPi5hc3NpZ25tZW50	U1RBVElDX0RJU1BBVENI	QU5Z	c3RhcnQgPSBuZXcgc3RkOjpzdHJpbmcoKmx0KQ==	YmluZGluZ3MuY3Bw	1257	107374182564	PG9wZXJhdG9yPi5hc3NpZ25tZW50
30064772445	107374182504	PG9wZXJhdG9yPi5hc3NpZ25tZW50	PG9wZXJhdG9yPi5hc3NpZ25tZW50	U1RBVElDX0RJU1BBVENI	QU5Z	c3RhcnQgPSBSYW5nZU9wdGlvbihlbnYsIG9wdGlvbnMsICJzdGFydCIp	YmluZGluZ3MuY3Bw	1258	107374182564	PG9wZXJhdG9yPi5hc3NpZ25tZW50
30064772431	107374182504	PG9wZXJhdG9yPi5hc3NpZ25tZW50	PG9wZXJhdG9yPi5hc3NpZ25tZW50	U1RBVElDX0RJU1BBVENI	QU5Z	PHRtcD4yID0gPG9wZXJhdG9yPi5hbGxvYw==	YmluZGluZ3MuY3Bw	1256	107374182564	PG9wZXJhdG9yPi5hc3NpZ25tZW50
30064772433	107374182504	c3RkLnN0cmluZw==	c3RkLnN0cmluZy5zdHJpbmc6dm9pZChBTlkp	U1RBVElDX0RJU1BBVENI	dm9pZA==	bmV3IHN0ZDo6c3RyaW5nKCpsdGUp	YmluZGluZ3MuY3Bw	1256	107374182705	c3RkLnN0cmluZy5zdHJpbmc6dm9pZChBTlkp
30064772439	107374182504	PG9wZXJhdG9yPi5uZXc=	PG9wZXJhdG9yPi5uZXc=	U1RBVElDX0RJU1BBVENI	QU5Z	bmV3IHN0ZDo6c3RyaW5nKCpsdCk=	YmluZGluZ3MuY3Bw	1257	107374182574	PG9wZXJhdG9yPi5uZXc=
30064772446	107374182504	UmFuZ2VPcHRpb24=	UmFuZ2VPcHRpb246QU5ZKG5hcGlfZW52X18qLG5hcGlfdmFsdWVfXyosY2hhciop	U1RBVElDX0RJU1BBVENI	QU5Z	UmFuZ2VPcHRpb24oZW52LCBvcHRpb25zLCAic3RhcnQiKQ==	YmluZGluZ3MuY3Bw	1258	107374182704	UmFuZ2VPcHRpb246QU5ZKG5hcGlfZW52X18qLG5hcGlfdmFsdWVfXyosY2hhciop
30064772432	107374182504	PG9wZXJhdG9yPi5hbGxvYw==	PG9wZXJhdG9yPi5hbGxvYw==	U1RBVElDX0RJU1BBVENI	QU5Z	PG9wZXJhdG9yPi5hbGxvYw==	YmluZGluZ3MuY3Bw	1256	107374182575	PG9wZXJhdG9yPi5hbGxvYw==
30064772434	107374182504	PG9wZXJhdG9yPi5hZGRyZXNzT2Y=	PG9wZXJhdG9yPi5hZGRyZXNzT2Y=	U1RBVElDX0RJU1BBVENI	QU5Z	Jjx0bXA+Mg==	YmluZGluZ3MuY3Bw	1256	107374182558	PG9wZXJhdG9yPi5hZGRyZXNzT2Y=
30064772435	107374182504	PG9wZXJhdG9yPi5pbmRpcmVjdGlvbg==	PG9wZXJhdG9yPi5pbmRpcmVjdGlvbg==	U1RBVElDX0RJU1BBVENI	QU5Z	Kmx0ZQ==	YmluZGluZ3MuY3Bw	1256	107374182621	PG9wZXJhdG9yPi5pbmRpcmVjdGlvbg==
30064772440	107374182504	PG9wZXJhdG9yPi5hc3NpZ25tZW50	PG9wZXJhdG9yPi5hc3NpZ25tZW50	U1RBVElDX0RJU1BBVENI	QU5Z	PHRtcD4zID0gPG9wZXJhdG9yPi5hbGxvYw==	YmluZGluZ3MuY3Bw	1257	107374182564	PG9wZXJhdG9yPi5hc3NpZ25tZW50
30064772442	107374182504	c3RkLnN0cmluZw==	c3RkLnN0cmluZy5zdHJpbmc6dm9pZChBTlkp	U1RBVElDX0RJU1BBVENI	dm9pZA==	bmV3IHN0ZDo6c3RyaW5nKCpsdCk=	YmluZGluZ3MuY3Bw	1257	107374182705	c3RkLnN0cmluZy5zdHJpbmc6dm9pZChBTlkp
30064772441	107374182504	PG9wZXJhdG9yPi5hbGxvYw==	PG9wZXJhdG9yPi5hbGxvYw==	U1RBVElDX0RJU1BBVENI	QU5Z	PG9wZXJhdG9yPi5hbGxvYw==	YmluZGluZ3MuY3Bw	1257	107374182575	PG9wZXJhdG9yPi5hbGxvYw==
30064772443	107374182504	PG9wZXJhdG9yPi5hZGRyZXNzT2Y=	PG9wZXJhdG9yPi5hZGRyZXNzT2Y=	U1RBVElDX0RJU1BBVENI	QU5Z	Jjx0bXA+Mw==	YmluZGluZ3MuY3Bw	1257	107374182558	PG9wZXJhdG9yPi5hZGRyZXNzT2Y=
30064772444	107374182504	PG9wZXJhdG9yPi5pbmRpcmVjdGlvbg==	PG9wZXJhdG9yPi5pbmRpcmVjdGlvbg==	U1RBVElDX0RJU1BBVENI	QU5Z	Kmx0	YmluZGluZ3MuY3Bw	1257	107374182621	PG9wZXJhdG9yPi5pbmRpcmVjdGlvbg==
30064772467	107374182505	TkFQSV9BUkdW	L3RtcC9jbGF1ZGUtMC8taG9tZS11c2VyLWJ1Zy10cmFja2VyLzYzYjcwZTVhLTc1ZDMtNWRhMi1hZTgxLWUwMDk2MTI4N2M2ZS9zY3JhdGNocGFkL3ZhbDEwL0A4Y3JhZnRlcl9fbGV2ZWxkYi16bGliL3BrZy9wYWNrYWdlL3NyYy9uYXBpLW1hY3Jvcy5oOk5BUElfQVJHVjpBTlkoMSk=	SU5MSU5FRA==	QU5Z	TkFQSV9BUkdWKDIp	YmluZGluZ3MuY3Bw	1283	107374182550	L3RtcC9jbGF1ZGUtMC8taG9tZS11c2VyLWJ1Zy10cmFja2VyLzYzYjcwZTVhLTc1ZDMtNWRhMi1hZTgxLWUwMDk2MTI4N2M2ZS9zY3JhdGNocGFkL3ZhbDEwL0A4Y3JhZnRlcl9fbGV2ZWxkYi16bGliL3BrZy9wYWNrYWdlL3NyYy9uYXBpLW1hY3Jvcy5oOk5BUElfQVJHVjpBTlkoMSk=
30064772470	107374182505	PG9wZXJhdG9yPi5hc3NpZ25tZW50	PG9wZXJhdG9yPi5hc3NpZ25tZW50	U1RBVElDX0RJU1BBVENI	dm9pZA==	c2l6ZV90	YmluZGluZ3MuY3Bw	1283	107374182564	PG9wZXJhdG9yPi5hc3NpZ25tZW50
30064772475	107374182505	TkFQSV9JVEVSQVRPUl9DT05URVhU	YmluZGluZ3MuY3BwOk5BUElfSVRFUkFUT1JfQ09OVEVYVDpBTlkoMCk=	SU5MSU5FRA==	QU5Z	TkFQSV9JVEVSQVRPUl9DT05URVhUKCk=	YmluZGluZ3MuY3Bw	1284	107374182554	YmluZGluZ3MuY3BwOk5BUElfSVRFUkFUT1JfQ09OVEVYVDpBTlkoMCk=
30064772485	107374182505	PG9wZXJhdG9yPi5hc3NpZ25tZW50	PG9wZXJhdG9yPi5hc3NpZ25tZW50	U1RBVElDX0RJU1BBVENI	dm9pZA==	dGFyZ2V0ID0gVG9TbGljZShlbnYsIGFyZ3ZbMV0p	YmluZGluZ3MuY3Bw	1290	107374182564	PG9wZXJhdG9yPi5hc3NpZ25tZW50
30064772488	107374182505	R2V0SXRlcmF0b3I=	SXRlcmF0b3IuR2V0SXRlcmF0b3I6Ym9vbCgp	U1RBVElDX0RJU1BBVENI	Ym9vbA==	aXRlcmF0b3ItPkdldEl0ZXJhdG9yKCk=	YmluZGluZ3MuY3Bw	1291	107374182458	SXRlcmF0b3IuR2V0SXRlcmF0b3I6Ym9vbCgp
30064772489	107374182505	PG9wZXJhdG9yPi5hc3NpZ25tZW50	PG9wZXJhdG9yPi5hc3NpZ25tZW50	U1RBVElDX0RJU1BBVENI	dm9pZA==	ZGJJdGVyYXRvciA9IGl0ZXJhdG9yLT5kYkl0ZXJhdG9yXw==	YmluZGluZ3MuY3Bw	1293	107374182564	PG9wZXJhdG9yPi5hc3NpZ25tZW50
30064772496	107374182505	PG9wZXJhdG9yPi5hc3NpZ25tZW50	PG9wZXJhdG9yPi5hc3NpZ25tZW50	U1RBVElDX0RJU1BBVENI	QU5Z	aXRlcmF0b3ItPnNlZWtpbmdfID0gdHJ1ZQ==	YmluZGluZ3MuY3Bw	1301	107374182564	PG9wZXJhdG9yPi5hc3NpZ25tZW50
30064772498	107374182505	PG9wZXJhdG9yPi5hc3NpZ25tZW50	PG9wZXJhdG9yPi5hc3NpZ25tZW50	U1RBVElDX0RJU1BBVENI	QU5Z	aXRlcmF0b3ItPmxhbmRlZF8gPSBmYWxzZQ==	YmluZGluZ3MuY3Bw	1302	107374182564	PG9wZXJhdG9yPi5hc3NpZ25tZW50
30064772537	107374182505	RGlzcG9zZVNsaWNlQnVmZmVy	RGlzcG9zZVNsaWNlQnVmZmVyOnZvaWQoQU5ZKQ==	U1RBVElDX0RJU1BBVENI	dm9pZA==	RGlzcG9zZVNsaWNlQnVmZmVyKHRhcmdldCk=	YmluZGluZ3MuY3Bw	1337	107374182674	RGlzcG9zZVNsaWNlQnVmZmVyOnZvaWQoQU5ZKQ==
30064772538	107374182505	TkFQSV9SRVRVUk5fVU5ERUZJTkVE	YmluZGluZ3MuY3BwOk5BUElfUkVUVVJOX1VOREVGSU5FRDpBTlkoMCk=	SU5MSU5FRA==	QU5Z	TkFQSV9SRVRVUk5fVU5ERUZJTkVEKCk=	YmluZGluZ3MuY3Bw	1338	107374182553	YmluZGluZ3MuY3BwOk5BUElfUkVUVVJOX1VOREVGSU5FRDpBTlkoMCk=
30064772471	107374182505	PG9wZXJhdG9yPi5ub3RFcXVhbHM=	PG9wZXJhdG9yPi5ub3RFcXVhbHM=	U1RBVElDX0RJU1BBVENI	QU5Z	KG5hcGlfZ2V0X2NiX2luZm8oZW52LCBpbmZvLCAmYXJnYywgYXJndiwgTlVMTCwgTlVMTCkpICE9IG5hcGlfb2s=	YmluZGluZ3MuY3Bw	1283	107374182593	PG9wZXJhdG9yPi5ub3RFcXVhbHM=
30064772477	107374182505	PG9wZXJhdG9yPi5ub3RFcXVhbHM=	PG9wZXJhdG9yPi5ub3RFcXVhbHM=	U1RBVElDX0RJU1BBVENI	QU5Z	KG5hcGlfZ2V0X3ZhbHVlX2V4dGVybmFsKGVudiwgYXJndlswXSwgKHZvaWQgKiAqKSZpdGVyYXRvcikpICE9IG5hcGlfb2s=	YmluZGluZ3MuY3Bw	1284	107374182593	PG9wZXJhdG9yPi5ub3RFcXVhbHM=
30064772483	107374182505	PG9wZXJhdG9yPi5pbmRpcmVjdEZpZWxkQWNjZXNz	PG9wZXJhdG9yPi5pbmRpcmVjdEZpZWxkQWNjZXNz	U1RBVElDX0RJU1BBVENI	QU5Z	aXRlcmF0b3ItPmVuZGVkXw==	YmluZGluZ3MuY3Bw	1286	107374182595	PG9wZXJhdG9yPi5pbmRpcmVjdEZpZWxkQWNjZXNz
30064772486	107374182505	VG9TbGljZQ==	VG9TbGljZTpBTlkobmFwaV9lbnZfXyosbmFwaV92YWx1ZV9fKik=	U1RBVElDX0RJU1BBVENI	QU5Z	VG9TbGljZShlbnYsIGFyZ3ZbMV0p	YmluZGluZ3MuY3Bw	1290	107374182677	VG9TbGljZTpBTlkobmFwaV9lbnZfXyosbmFwaV92YWx1ZV9fKik=
30064772490	107374182505	PG9wZXJhdG9yPi5pbmRpcmVjdEZpZWxkQWNjZXNz	PG9wZXJhdG9yPi5pbmRpcmVjdEZpZWxkQWNjZXNz	U1RBVElDX0RJU1BBVENI	QU5Z	aXRlcmF0b3ItPmRiSXRlcmF0b3Jf	YmluZGluZ3MuY3Bw	1293	107374182595	PG9wZXJhdG9yPi5pbmRpcmVjdEZpZWxkQWNjZXNz
30064772491	107374182505	PG9wZXJhdG9yPi5lcXVhbHM=	PG9wZXJhdG9yPi5lcXVhbHM=	U1RBVElDX0RJU1BBVENI	QU5Z	dGFyZ2V0ID09ICIi	YmluZGluZ3MuY3Bw	1294	107374182559	PG9wZXJhdG9yPi5lcXVhbHM=
30064772497	107374182505	PG9wZXJhdG9yPi5pbmRpcmVjdEZpZWxkQWNjZXNz	PG9wZXJhdG9yPi5pbmRpcmVjdEZpZWxkQWNjZXNz	U1RBVElDX0RJU1BBVENI	QU5Z	aXRlcmF0b3ItPnNlZWtpbmdf	YmluZGluZ3MuY3Bw	1301	107374182595	PG9wZXJhdG9yPi5pbmRpcmVjdEZpZWxkQWNjZXNz
30064772499	107374182505	PG9wZXJhdG9yPi5pbmRpcmVjdEZpZWxkQWNjZXNz	PG9wZXJhdG9yPi5pbmRpcmVjdEZpZWxkQWNjZXNz	U1RBVElDX0RJU1BBVENI	QU5Z	aXRlcmF0b3ItPmxhbmRlZF8=	YmluZGluZ3MuY3Bw	1302	107374182595	PG9wZXJhdG9yPi5pbmRpcmVjdEZpZWxkQWNjZXNz
30064772500	107374182505	T3V0T2ZSYW5nZQ==	SXRlcmF0b3IuT3V0T2ZSYW5nZTpib29sKEFOWSk=	U1RBVElDX0RJU1BBVENI	Ym9vbA==	aXRlcmF0b3ItPk91dE9mUmFuZ2UodGFyZ2V0KQ==	YmluZGluZ3MuY3Bw	1304	107374182709	SXRlcmF0b3IuT3V0T2ZSYW5nZTpib29sKEFOWSk=
30064772468	107374182505	PG9wZXJhdG9yPi5hc3NpZ25tZW50	PG9wZXJhdG9yPi5hc3NpZ25tZW50	U1RBVElDX0RJU1BBVENI	dm9pZA==	bmFwaV92YWx1ZSBbXQ==	YmluZGluZ3MuY3Bw	1283	107374182564	PG9wZXJhdG9yPi5hc3NpZ25tZW50
30064772472	107374182505	bmFwaV9nZXRfY2JfaW5mbw==	PHVucmVzb2x2ZWROYW1lc3BhY2U+Lm5hcGlfZ2V0X2NiX2luZm86PHVucmVzb2x2ZWRTaWduYXR1cmU+KDYp	U1RBVElDX0RJU1BBVENI	QU5Z	bmFwaV9nZXRfY2JfaW5mbyhlbnYsIGluZm8sICZhcmdjLCBhcmd2LCBOVUxMLCBOVUxMKQ==	YmluZGluZ3MuY3Bw	1283	107374182660	PHVucmVzb2x2ZWROYW1lc3BhY2U+Lm5hcGlfZ2V0X2NiX2luZm86PHVucmVzb2x2ZWRTaWduYXR1cmU+KDYp
30064772474	107374182505	bmFwaV90aHJvd19lcnJvcg==	PHVucmVzb2x2ZWROYW1lc3BhY2U+Lm5hcGlfdGhyb3dfZXJyb3I6PHVucmVzb2x2ZWRTaWduYXR1cmU+KDMp	U1RBVElDX0RJU1BBVENI	QU5Z	bmFwaV90aHJvd19lcnJvcihlbnYsIE5VTEwsICJuYXBpX2dldF9jYl9pbmZvKGVudiwgaW5mbywgJmFyZ2MsIGFyZ3YsIE5VTEwsIE5VTEwpIGZhaWxlZCEiKQ==	YmluZGluZ3MuY3Bw	1283	107374182596	PHVucmVzb2x2ZWROYW1lc3BhY2U+Lm5hcGlfdGhyb3dfZXJyb3I6PHVucmVzb2x2ZWRTaWduYXR1cmU+KDMp
30064772476	107374182505	PG9wZXJhdG9yPi5hc3NpZ25tZW50	PG9wZXJhdG9yPi5hc3NpZ25tZW50	U1RBVElDX0RJU1BBVENI	dm9pZA==	SXRlcmF0b3IgKg==	YmluZGluZ3MuY3Bw	1284	107374182564	PG9wZXJhdG9yPi5hc3NpZ25tZW50
30064772478	107374182505	bmFwaV9nZXRfdmFsdWVfZXh0ZXJuYWw=	bmFwaV9nZXRfdmFsdWVfZXh0ZXJuYWw=	U1RBVElDX0RJU1BBVENI	QU5Z	bmFwaV9nZXRfdmFsdWVfZXh0ZXJuYWwoZW52LCBhcmd2WzBdLCAodm9pZCAqICopJml0ZXJhdG9yKQ==	YmluZGluZ3MuY3Bw	1284	107374182661	bmFwaV9nZXRfdmFsdWVfZXh0ZXJuYWw=
30064772482	107374182505	bmFwaV90aHJvd19lcnJvcg==	PHVucmVzb2x2ZWROYW1lc3BhY2U+Lm5hcGlfdGhyb3dfZXJyb3I6PHVucmVzb2x2ZWRTaWduYXR1cmU+KDMp	U1RBVElDX0RJU1BBVENI	QU5Z	bmFwaV90aHJvd19lcnJvcihlbnYsIE5VTEwsICJuYXBpX2dldF92YWx1ZV9leHRlcm5hbChlbnYsIGFyZ3ZbMF0sICh2b2lkKiopJml0ZXJhdG9yKSBmYWlsZWQhIik=	YmluZGluZ3MuY3Bw	1284	107374182596	PHVucmVzb2x2ZWROYW1lc3BhY2U+Lm5hcGlfdGhyb3dfZXJyb3I6PHVucmVzb2x2ZWRTaWduYXR1cmU+KDMp
30064772484	107374182505	bmFwaV90aHJvd19lcnJvcg==	PHVucmVzb2x2ZWROYW1lc3BhY2U+Lm5hcGlfdGhyb3dfZXJyb3I6PHVucmVzb2x2ZWRTaWduYXR1cmU+KDMp	U1RBVElDX0RJU1BBVENI	QU5Z	bmFwaV90aHJvd19lcnJvcihlbnYsIE5VTEwsICJpdGVyYXRvciBoYXMgZW5kZWQiKQ==	YmluZGluZ3MuY3Bw	1287	107374182596	PHVucmVzb2x2ZWROYW1lc3BhY2U+Lm5hcGlfdGhyb3dfZXJyb3I6PHVucmVzb2x2ZWRTaWduYXR1cmU+KDMp
30064772487	107374182505	PG9wZXJhdG9yPi5pbmRpcmVjdEluZGV4QWNjZXNz	PG9wZXJhdG9yPi5pbmRpcmVjdEluZGV4QWNjZXNz	U1RBVElDX0RJU1BBVENI	QU5Z	YXJndlsxXQ==	YmluZGluZ3MuY3Bw	1290	107374182578	PG9wZXJhdG9yPi5pbmRpcmVjdEluZGV4QWNjZXNz
30064772495	107374182505	U2Vlaw==	PHVucmVzb2x2ZWROYW1lc3BhY2U+LlNlZWs6PHVucmVzb2x2ZWRTaWduYXR1cmU+KDEp	U1RBVElDX0RJU1BBVENI	QU5Z	ZGJJdGVyYXRvci0+U2Vlayh0YXJnZXQp	YmluZGluZ3MuY3Bw	1298	107374182634	PHVucmVzb2x2ZWROYW1lc3BhY2U+LlNlZWs6PHVucmVzb2x2ZWRTaWduYXR1cmU+KDEp
30064772469	107374182505	PG9wZXJhdG9yPi5hbGxvYw==	PG9wZXJhdG9yPi5hbGxvYw==	U1RBVElDX0RJU1BBVENI	bmFwaV92YWx1ZVsyXQ==	bmFwaV92YWx1ZSBbXQ==	YmluZGluZ3MuY3Bw	1283	107374182575	PG9wZXJhdG9yPi5hbGxvYw==
30064772473	107374182505	PG9wZXJhdG9yPi5hZGRyZXNzT2Y=	PG9wZXJhdG9yPi5hZGRyZXNzT2Y=	U1RBVElDX0RJU1BBVENI	QU5Z	JmFyZ2M=	YmluZGluZ3MuY3Bw	1283	107374182558	PG9wZXJhdG9yPi5hZGRyZXNzT2Y=
30064772479	107374182505	PG9wZXJhdG9yPi5pbmRpcmVjdEluZGV4QWNjZXNz	PG9wZXJhdG9yPi5pbmRpcmVjdEluZGV4QWNjZXNz	U1RBVElDX0RJU1BBVENI	QU5Z	YXJndlswXQ==	YmluZGluZ3MuY3Bw	1284	107374182578	PG9wZXJhdG9yPi5pbmRpcmVjdEluZGV4QWNjZXNz
30064772480	107374182505	PG9wZXJhdG9yPi5jYXN0	PG9wZXJhdG9yPi5jYXN0	U1RBVElDX0RJU1BBVENI	dm9pZA==	KHZvaWQgKiAqKSZpdGVyYXRvcg==	YmluZGluZ3MuY3Bw	1284	107374182585	PG9wZXJhdG9yPi5jYXN0
30064772492	107374182505	PG9wZXJhdG9yPi5pbmRpcmVjdEZpZWxkQWNjZXNz	PG9wZXJhdG9yPi5pbmRpcmVjdEZpZWxkQWNjZXNz	U1RBVElDX0RJU1BBVENI	QU5Z	aXRlcmF0b3ItPnJldmVyc2Vf	YmluZGluZ3MuY3Bw	1295	107374182595	PG9wZXJhdG9yPi5pbmRpcmVjdEZpZWxkQWNjZXNz
30064772501	107374182505	PG9wZXJhdG9yPi5pbmRpcmVjdEZpZWxkQWNjZXNz	PG9wZXJhdG9yPi5pbmRpcmVjdEZpZWxkQWNjZXNz	U1RBVElDX0RJU1BBVENI	QU5Z	aXRlcmF0b3ItPnJldmVyc2Vf	YmluZGluZ3MuY3Bw	1305	107374182595	PG9wZXJhdG9yPi5pbmRpcmVjdEZpZWxkQWNjZXNz
30064772506	107374182505	VmFsaWQ=	PHVucmVzb2x2ZWROYW1lc3BhY2U+LlZhbGlkOjx1bnJlc29sdmVkU2lnbmF0dXJlPigwKQ==	U1RBVElDX0RJU1BBVENI	QU5Z	ZGJJdGVyYXRvci0+VmFsaWQoKQ==	YmluZGluZ3MuY3Bw	1312	107374182635	PHVucmVzb2x2ZWROYW1lc3BhY2U+LlZhbGlkOjx1bnJlc29sdmVkU2lnbmF0dXJlPigwKQ==
30064772481	107374182505	PG9wZXJhdG9yPi5hZGRyZXNzT2Y=	PG9wZXJhdG9yPi5hZGRyZXNzT2Y=	U1RBVElDX0RJU1BBVENI	QU5Z	Jml0ZXJhdG9y	YmluZGluZ3MuY3Bw	1284	107374182558	PG9wZXJhdG9yPi5hZGRyZXNzT2Y=
30064772493	107374182505	U2Vla1RvTGFzdA==	PHVucmVzb2x2ZWROYW1lc3BhY2U+LlNlZWtUb0xhc3Q6PHVucmVzb2x2ZWRTaWduYXR1cmU+KDAp	U1RBVElDX0RJU1BBVENI	QU5Z	ZGJJdGVyYXRvci0+U2Vla1RvTGFzdCgp	YmluZGluZ3MuY3Bw	1295	107374182636	PHVucmVzb2x2ZWROYW1lc3BhY2U+LlNlZWtUb0xhc3Q6PHVucmVzb2x2ZWRTaWduYXR1cmU+KDAp
30064772494	107374182505	U2Vla1RvRmlyc3Q=	PHVucmVzb2x2ZWROYW1lc3BhY2U+LlNlZWtUb0ZpcnN0Ojx1bnJlc29sdmVkU2lnbmF0dXJlPigwKQ==	U1RBVElDX0RJU1BBVENI	QU5Z	ZGJJdGVyYXRvci0+U2Vla1RvRmlyc3QoKQ==	YmluZGluZ3MuY3Bw	1296	107374182643	PHVucmVzb2x2ZWROYW1lc3BhY2U+LlNlZWtUb0ZpcnN0Ojx1bnJlc29sdmVkU2lnbmF0dXJlPigwKQ==
30064772502	107374182505	U2Vla1RvRmlyc3Q=	PHVucmVzb2x2ZWROYW1lc3BhY2U+LlNlZWtUb0ZpcnN0Ojx1bnJlc29sdmVkU2lnbmF0dXJlPigwKQ==	U1RBVElDX0RJU1BBVENI	QU5Z	ZGJJdGVyYXRvci0+U2Vla1RvRmlyc3QoKQ==	YmluZGluZ3MuY3Bw	1306	107374182643	PHVucmVzb2x2ZWROYW1lc3BhY2U+LlNlZWtUb0ZpcnN0Ojx1bnJlc29sdmVkU2lnbmF0dXJlPigwKQ==
30064772503	107374182505	UHJldg==	PHVucmVzb2x2ZWROYW1lc3BhY2U+LlByZXY6PHVucmVzb2x2ZWRTaWduYXR1cmU+KDAp	U1RBVElDX0RJU1BBVENI	QU5Z	ZGJJdGVyYXRvci0+UHJldigp	YmluZGluZ3MuY3Bw	1307	107374182641	PHVucmVzb2x2ZWROYW1lc3BhY2U+LlByZXY6PHVucmVzb2x2ZWRTaWduYXR1cmU+KDAp
30064772504	107374182505	U2Vla1RvTGFzdA==	PHVucmVzb2x2ZWROYW1lc3BhY2U+LlNlZWtUb0xhc3Q6PHVucmVzb2x2ZWRTaWduYXR1cmU+KDAp	U1RBVElDX0RJU1BBVENI	QU5Z	ZGJJdGVyYXRvci0+U2Vla1RvTGFzdCgp	YmluZGluZ3MuY3Bw	1309	107374182636	PHVucmVzb2x2ZWROYW1lc3BhY2U+LlNlZWtUb0xhc3Q6PHVucmVzb2x2ZWRTaWduYXR1cmU+KDAp
30064772505	107374182505	TmV4dA==	PHVucmVzb2x2ZWROYW1lc3BhY2U+Lk5leHQ6PHVucmVzb2x2ZWRTaWduYXR1cmU+KDAp	U1RBVElDX0RJU1BBVENI	QU5Z	ZGJJdGVyYXRvci0+TmV4dCgp	YmluZGluZ3MuY3Bw	1310	107374182642	PHVucmVzb2x2ZWROYW1lc3BhY2U+Lk5leHQ6PHVucmVzb2x2ZWRTaWduYXR1cmU+KDAp
30064772507	107374182505	PG9wZXJhdG9yPi5hc3NpZ25tZW50	PG9wZXJhdG9yPi5hc3NpZ25tZW50	U1RBVElDX0RJU1BBVENI	dm9pZA==	Y21wID0gZGJJdGVyYXRvci0+a2V5KCkuY29tcGFyZSh0YXJnZXQp	YmluZGluZ3MuY3Bw	1313	107374182564	PG9wZXJhdG9yPi5hc3NpZ25tZW50
30064772508	107374182505	Y29tcGFyZQ==	PHVucmVzb2x2ZWROYW1lc3BhY2U+LmNvbXBhcmU6PHVucmVzb2x2ZWRTaWduYXR1cmU+KDEp	U1RBVElDX0RJU1BBVENI	QU5Z	ZGJJdGVyYXRvci0+a2V5KCkuY29tcGFyZSh0YXJnZXQp	YmluZGluZ3MuY3Bw	1313	107374182640	PHVucmVzb2x2ZWROYW1lc3BhY2U+LmNvbXBhcmU6PHVucmVzb2x2ZWRTaWduYXR1cmU+KDEp
30064772510	107374182505	PG9wZXJhdG9yPi5sb2dpY2FsQW5k	PG9wZXJhdG9yPi5sb2dpY2FsQW5k	U1RBVElDX0RJU1BBVENI	QU5Z	Y21wID4gMCAmJiBpdGVyYXRvci0+cmV2ZXJzZV8=	YmluZGluZ3MuY3Bw	1314	107374182625	PG9wZXJhdG9yPi5sb2dpY2FsQW5k
30064772519	107374182505	PG9wZXJhdG9yPi5pbmRpcmVjdEZpZWxkQWNjZXNz	PG9wZXJhdG9yPi5pbmRpcmVjdEZpZWxkQWNjZXNz	U1RBVElDX0RJU1BBVENI	QU5Z	aXRlcmF0b3ItPnJldmVyc2Vf	YmluZGluZ3MuY3Bw	1320	107374182595	PG9wZXJhdG9yPi5pbmRpcmVjdEZpZWxkQWNjZXNz
30064772522	107374182505	VmFsaWQ=	PHVucmVzb2x2ZWROYW1lc3BhY2U+LlZhbGlkOjx1bnJlc29sdmVkU2lnbmF0dXJlPigwKQ==	U1RBVElDX0RJU1BBVENI	QU5Z	ZGJJdGVyYXRvci0+VmFsaWQoKQ==	YmluZGluZ3MuY3Bw	1325	107374182635	PHVucmVzb2x2ZWROYW1lc3BhY2U+LlZhbGlkOjx1bnJlc29sdmVkU2lnbmF0dXJlPigwKQ==
30064772509	107374182505	a2V5	PHVucmVzb2x2ZWROYW1lc3BhY2U+LmtleTo8dW5yZXNvbHZlZFNpZ25hdHVyZT4oMCk=	U1RBVElDX0RJU1BBVENI	QU5Z	ZGJJdGVyYXRvci0+a2V5KCk=	YmluZGluZ3MuY3Bw	1313	107374182637	PHVucmVzb2x2ZWROYW1lc3BhY2U+LmtleTo8dW5yZXNvbHZlZFNpZ25hdHVyZT4oMCk=
30064772511	107374182505	PG9wZXJhdG9yPi5ncmVhdGVyVGhhbg==	PG9wZXJhdG9yPi5ncmVhdGVyVGhhbg==	U1RBVElDX0RJU1BBVENI	QU5Z	Y21wID4gMA==	YmluZGluZ3MuY3Bw	1314	107374182588	PG9wZXJhdG9yPi5ncmVhdGVyVGhhbg==
30064772512	107374182505	PG9wZXJhdG9yPi5pbmRpcmVjdEZpZWxkQWNjZXNz	PG9wZXJhdG9yPi5pbmRpcmVjdEZpZWxkQWNjZXNz	U1RBVElDX0RJU1BBVENI	QU5Z	aXRlcmF0b3ItPnJldmVyc2Vf	YmluZGluZ3MuY3Bw	1314	107374182595	PG9wZXJhdG9yPi5pbmRpcmVjdEZpZWxkQWNjZXNz
30064772513	107374182505	UHJldg==	PHVucmVzb2x2ZWROYW1lc3BhY2U+LlByZXY6PHVucmVzb2x2ZWRTaWduYXR1cmU+KDAp	U1RBVElDX0RJU1BBVENI	QU5Z	ZGJJdGVyYXRvci0+UHJldigp	YmluZGluZ3MuY3Bw	1315	107374182641	PHVucmVzb2x2ZWROYW1lc3BhY2U+LlByZXY6PHVucmVzb2x2ZWRTaWduYXR1cmU+KDAp
30064772520	107374182505	U2Vla1RvTGFzdA==	PHVucmVzb2x2ZWROYW1lc3BhY2U+LlNlZWtUb0xhc3Q6PHVucmVzb2x2ZWRTaWduYXR1cmU+KDAp	U1RBVElDX0RJU1BBVENI	QU5Z	ZGJJdGVyYXRvci0+U2Vla1RvTGFzdCgp	YmluZGluZ3MuY3Bw	1321	107374182636	PHVucmVzb2x2ZWROYW1lc3BhY2U+LlNlZWtUb0xhc3Q6PHVucmVzb2x2ZWRTaWduYXR1cmU+KDAp
30064772521	107374182505	U2Vla1RvRmlyc3Q=	PHVucmVzb2x2ZWROYW1lc3BhY2U+LlNlZWtUb0ZpcnN0Ojx1bnJlc29sdmVkU2lnbmF0dXJlPigwKQ==	U1RBVElDX0RJU1BBVENI	QU5Z	ZGJJdGVyYXRvci0+U2Vla1RvRmlyc3QoKQ==	YmluZGluZ3MuY3Bw	1323	107374182643	PHVucmVzb2x2ZWROYW1lc3BhY2U+LlNlZWtUb0ZpcnN0Ojx1bnJlc29sdmVkU2lnbmF0dXJlPigwKQ==
30064772523	107374182505	PG9wZXJhdG9yPi5hc3NpZ25tZW50	PG9wZXJhdG9yPi5hc3NpZ25tZW50	U1RBVElDX0RJU1BBVENI	dm9pZA==	Y21wID0gZGJJdGVyYXRvci0+a2V5KCkuY29tcGFyZSh0YXJnZXQp	YmluZGluZ3MuY3Bw	1326	107374182564	PG9wZXJhdG9yPi5hc3NpZ25tZW50
30064772514	107374182505	PG9wZXJhdG9yPi5sb2dpY2FsQW5k	PG9wZXJhdG9yPi5sb2dpY2FsQW5k	U1RBVElDX0RJU1BBVENI	QU5Z	Y21wIDwgMCAmJiAhaXRlcmF0b3ItPnJldmVyc2Vf	YmluZGluZ3MuY3Bw	1316	107374182625	PG9wZXJhdG9yPi5sb2dpY2FsQW5k
30064772524	107374182505	Y29tcGFyZQ==	PHVucmVzb2x2ZWROYW1lc3BhY2U+LmNvbXBhcmU6PHVucmVzb2x2ZWRTaWduYXR1cmU+KDEp	U1RBVElDX0RJU1BBVENI	QU5Z	ZGJJdGVyYXRvci0+a2V5KCkuY29tcGFyZSh0YXJnZXQp	YmluZGluZ3MuY3Bw	1326	107374182640	PHVucmVzb2x2ZWROYW1lc3BhY2U+LmNvbXBhcmU6PHVucmVzb2x2ZWRTaWduYXR1cmU+KDEp
30064772526	107374182505	PG9wZXJhdG9yPi5sb2dpY2FsQW5k	PG9wZXJhdG9yPi5sb2dpY2FsQW5k	U1RBVElDX0RJU1BBVENI	QU5Z	Y21wID4gMCAmJiBpdGVyYXRvci0+cmV2ZXJzZV8=	YmluZGluZ3MuY3Bw	1327	107374182625	PG9wZXJhdG9yPi5sb2dpY2FsQW5k
30064772515	107374182505	PG9wZXJhdG9yPi5sZXNzVGhhbg==	PG9wZXJhdG9yPi5sZXNzVGhhbg==	U1RBVElDX0RJU1BBVENI	QU5Z	Y21wIDwgMA==	YmluZGluZ3MuY3Bw	1316	107374182645	PG9wZXJhdG9yPi5sZXNzVGhhbg==
30064772516	107374182505	PG9wZXJhdG9yPi5sb2dpY2FsTm90	PG9wZXJhdG9yPi5sb2dpY2FsTm90	U1RBVElDX0RJU1BBVENI	QU5Z	IWl0ZXJhdG9yLT5yZXZlcnNlXw==	YmluZGluZ3MuY3Bw	1316	107374182580	PG9wZXJhdG9yPi5sb2dpY2FsTm90
30064772518	107374182505	TmV4dA==	PHVucmVzb2x2ZWROYW1lc3BhY2U+Lk5leHQ6PHVucmVzb2x2ZWRTaWduYXR1cmU+KDAp	U1RBVElDX0RJU1BBVENI	QU5Z	ZGJJdGVyYXRvci0+TmV4dCgp	YmluZGluZ3MuY3Bw	1317	107374182642	PHVucmVzb2x2ZWROYW1lc3BhY2U+Lk5leHQ6PHVucmVzb2x2ZWRTaWduYXR1cmU+KDAp
30064772525	107374182505	a2V5	PHVucmVzb2x2ZWROYW1lc3BhY2U+LmtleTo8dW5yZXNvbHZlZFNpZ25hdHVyZT4oMCk=	U1RBVElDX0RJU1BBVENI	QU5Z	ZGJJdGVyYXRvci0+a2V5KCk=	YmluZGluZ3MuY3Bw	1326	107374182637	PHVucmVzb2x2ZWROYW1lc3BhY2U+LmtleTo8dW5yZXNvbHZlZFNpZ25hdHVyZT4oMCk=
30064772527	107374182505	PG9wZXJhdG9yPi5ncmVhdGVyVGhhbg==	PG9wZXJhdG9yPi5ncmVhdGVyVGhhbg==	U1RBVElDX0RJU1BBVENI	QU5Z	Y21wID4gMA==	YmluZGluZ3MuY3Bw	1327	107374182588	PG9wZXJhdG9yPi5ncmVhdGVyVGhhbg==
30064772528	107374182505	PG9wZXJhdG9yPi5pbmRpcmVjdEZpZWxkQWNjZXNz	PG9wZXJhdG9yPi5pbmRpcmVjdEZpZWxkQWNjZXNz	U1RBVElDX0RJU1BBVENI	QU5Z	aXRlcmF0b3ItPnJldmVyc2Vf	YmluZGluZ3MuY3Bw	1327	107374182595	PG9wZXJhdG9yPi5pbmRpcmVjdEZpZWxkQWNjZXNz
30064772529	107374182505	U2Vla1RvRmlyc3Q=	PHVucmVzb2x2ZWROYW1lc3BhY2U+LlNlZWtUb0ZpcnN0Ojx1bnJlc29sdmVkU2lnbmF0dXJlPigwKQ==	U1RBVElDX0RJU1BBVENI	QU5Z	ZGJJdGVyYXRvci0+U2Vla1RvRmlyc3QoKQ==	YmluZGluZ3MuY3Bw	1328	107374182643	PHVucmVzb2x2ZWROYW1lc3BhY2U+LlNlZWtUb0ZpcnN0Ojx1bnJlc29sdmVkU2lnbmF0dXJlPigwKQ==
30064772530	107374182505	UHJldg==	PHVucmVzb2x2ZWROYW1lc3BhY2U+LlByZXY6PHVucmVzb2x2ZWRTaWduYXR1cmU+KDAp	U1RBVElDX0RJU1BBVENI	QU5Z	ZGJJdGVyYXRvci0+UHJldigp	YmluZGluZ3MuY3Bw	1329	107374182641	PHVucmVzb2x2ZWROYW1lc3BhY2U+LlByZXY6PHVucmVzb2x2ZWRTaWduYXR1cmU+KDAp
30064772517	107374182505	PG9wZXJhdG9yPi5pbmRpcmVjdEZpZWxkQWNjZXNz	PG9wZXJhdG9yPi5pbmRpcmVjdEZpZWxkQWNjZXNz	U1RBVElDX0RJU1BBVENI	QU5Z	aXRlcmF0b3ItPnJldmVyc2Vf	YmluZGluZ3MuY3Bw	1316	107374182595	PG9wZXJhdG9yPi5pbmRpcmVjdEZpZWxkQWNjZXNz
30064772531	107374182505	PG9wZXJhdG9yPi5sb2dpY2FsQW5k	PG9wZXJhdG9yPi5sb2dpY2FsQW5k	U1RBVElDX0RJU1BBVENI	QU5Z	Y21wIDwgMCAmJiAhaXRlcmF0b3ItPnJldmVyc2Vf	YmluZGluZ3MuY3Bw	1330	107374182625	PG9wZXJhdG9yPi5sb2dpY2FsQW5k
30064772532	107374182505	PG9wZXJhdG9yPi5sZXNzVGhhbg==	PG9wZXJhdG9yPi5sZXNzVGhhbg==	U1RBVElDX0RJU1BBVENI	QU5Z	Y21wIDwgMA==	YmluZGluZ3MuY3Bw	1330	107374182645	PG9wZXJhdG9yPi5sZXNzVGhhbg==
30064772533	107374182505	PG9wZXJhdG9yPi5sb2dpY2FsTm90	PG9wZXJhdG9yPi5sb2dpY2FsTm90	U1RBVElDX0RJU1BBVENI	QU5Z	IWl0ZXJhdG9yLT5yZXZlcnNlXw==	YmluZGluZ3MuY3Bw	1330	107374182580	PG9wZXJhdG9yPi5sb2dpY2FsTm90
30064772535	107374182505	U2Vla1RvTGFzdA==	PHVucmVzb2x2ZWROYW1lc3BhY2U+LlNlZWtUb0xhc3Q6PHVucmVzb2x2ZWRTaWduYXR1cmU+KDAp	U1RBVElDX0RJU1BBVENI	QU5Z	ZGJJdGVyYXRvci0+U2Vla1RvTGFzdCgp	YmluZGluZ3MuY3Bw	1331	107374182636	PHVucmVzb2x2ZWROYW1lc3BhY2U+LlNlZWtUb0xhc3Q6PHVucmVzb2x2ZWRTaWduYXR1cmU+KDAp
30064772536	107374182505	TmV4dA==	PHVucmVzb2x2ZWROYW1lc3BhY2U+Lk5leHQ6PHVucmVzb2x2ZWRTaWduYXR1cmU+KDAp	U1RBVElDX0RJU1BBVENI	QU5Z	ZGJJdGVyYXRvci0+TmV4dCgp	YmluZGluZ3MuY3Bw	1332	107374182642	PHVucmVzb2x2ZWROYW1lc3BhY2U+Lk5leHQ6PHVucmVzb2x2ZWRTaWduYXR1cmU+KDAp
30064772534	107374182505	PG9wZXJhdG9yPi5pbmRpcmVjdEZpZWxkQWNjZXNz	PG9wZXJhdG9yPi5pbmRpcmVjdEZpZWxkQWNjZXNz	U1RBVElDX0RJU1BBVENI	QU5Z	aXRlcmF0b3ItPnJldmVyc2Vf	YmluZGluZ3MuY3Bw	1330	107374182595	PG9wZXJhdG9yPi5pbmRpcmVjdEZpZWxkQWNjZXNz
30064772550	107374182506	PG9wZXJhdG9yPi5hc3NpZ25tZW50	PG9wZXJhdG9yPi5hc3NpZ25tZW50	U1RBVElDX0RJU1BBVENI	dm9pZA==	KiBpdGVyYXRvcl8gPSBBTlkuQU5ZKCk=	YmluZGluZ3MuY3Bw	1362	107374182564	PG9wZXJhdG9yPi5hc3NpZ25tZW50
30064772551	107374182506	PG9wZXJhdG9yPi5hc3NpZ25tZW50	PG9wZXJhdG9yPi5hc3NpZ25tZW50	U1RBVElDX0RJU1BBVENI	QU5Z	PHRtcD4wID0gPG9wZXJhdG9yPi5hbGxvYw==	YmluZGluZ3MuY3Bw	1362	107374182564	PG9wZXJhdG9yPi5hc3NpZ25tZW50
30064772553	107374182506	QU5Z	QU5ZLkFOWTp2b2lkKCk=	U1RBVElDX0RJU1BBVENI	dm9pZA==	QU5ZLkFOWSgp	YmluZGluZ3MuY3Bw	1362	107374182609	QU5ZLkFOWTp2b2lkKCk=
30064772552	107374182506	PG9wZXJhdG9yPi5hbGxvYw==	PG9wZXJhdG9yPi5hbGxvYw==	U1RBVElDX0RJU1BBVENI	QU5Z	PG9wZXJhdG9yPi5hbGxvYw==	YmluZGluZ3MuY3Bw	1362	107374182575	PG9wZXJhdG9yPi5hbGxvYw==
30064772554	107374182506	PG9wZXJhdG9yPi5hZGRyZXNzT2Y=	PG9wZXJhdG9yPi5hZGRyZXNzT2Y=	U1RBVElDX0RJU1BBVENI	QU5Z	Jjx0bXA+MA==	YmluZGluZ3MuY3Bw	1362	107374182558	PG9wZXJhdG9yPi5hZGRyZXNzT2Y=
30064772539	107374182507	PG9wZXJhdG9yPi5hc3NpZ25tZW50	PG9wZXJhdG9yPi5hc3NpZ25tZW50	U1RBVElDX0RJU1BBVENI	dm9pZA==	dGhpcy0+QmFzZVdvcmtlciA9IGVudg==	YmluZGluZ3MuY3Bw	1348	107374182564	PG9wZXJhdG9yPi5hc3NpZ25tZW50
30064772541	107374182507	PG9wZXJhdG9yPi5hc3NpZ25tZW50	PG9wZXJhdG9yPi5hc3NpZ25tZW50	U1RBVElDX0RJU1BBVENI	dm9pZA==	dGhpcy0+aXRlcmF0b3JfID0gaXRlcmF0b3I=	YmluZGluZ3MuY3Bw	1349	107374182564	PG9wZXJhdG9yPi5hc3NpZ25tZW50
30064772540	107374182507	PG9wZXJhdG9yPi5pbmRpcmVjdEZpZWxkQWNjZXNz	PG9wZXJhdG9yPi5pbmRpcmVjdEZpZWxkQWNjZXNz	U1RBVElDX0RJU1BBVENI	RW5kV29ya2VyKg==	dGhpcy0+QmFzZVdvcmtlcg==	YmluZGluZ3MuY3Bw	1348	107374182595	PG9wZXJhdG9yPi5pbmRpcmVjdEZpZWxkQWNjZXNz
30064772542	107374182507	PG9wZXJhdG9yPi5pbmRpcmVjdEZpZWxkQWNjZXNz	PG9wZXJhdG9yPi5pbmRpcmVjdEZpZWxkQWNjZXNz	U1RBVElDX0RJU1BBVENI	RW5kV29ya2VyKg==	dGhpcy0+aXRlcmF0b3Jf	YmluZGluZ3MuY3Bw	1349	107374182595	PG9wZXJhdG9yPi5pbmRpcmVjdEZpZWxkQWNjZXNz
30064772543	107374182509	SXRlcmF0b3JFbmQ=	SXRlcmF0b3IuSXRlcmF0b3JFbmQ6dm9pZCgp	U1RBVElDX0RJU1BBVENI	dm9pZA==	aXRlcmF0b3JfLT5JdGVyYXRvckVuZCgp	YmluZGluZ3MuY3Bw	1354	107374182457	SXRlcmF0b3IuSXRlcmF0b3JFbmQ6dm9pZCgp
30064772544	107374182509	PG9wZXJhdG9yPi5pbmRpcmVjdEZpZWxkQWNjZXNz	PG9wZXJhdG9yPi5pbmRpcmVjdEZpZWxkQWNjZXNz	U1RBVElDX0RJU1BBVENI	SXRlcmF0b3Iq	dGhpcy0+aXRlcmF0b3Jf	YmluZGluZ3MuY3Bw	1354	107374182595	PG9wZXJhdG9yPi5pbmRpcmVjdEZpZWxkQWNjZXNz
30064772545	107374182510	bmFwaV9kZWxldGVfcmVmZXJlbmNl	bmFwaV9kZWxldGVfcmVmZXJlbmNl	U1RBVElDX0RJU1BBVENI	QU5Z	bmFwaV9kZWxldGVfcmVmZXJlbmNlKGVudl8sIGl0ZXJhdG9yXy0+RGV0YWNoKCkp	YmluZGluZ3MuY3Bw	1358	107374182598	bmFwaV9kZWxldGVfcmVmZXJlbmNl
30064772549	107374182510	SGFuZGxlT0tDYWxsYmFjaw==	QmFzZVdvcmtlci5IYW5kbGVPS0NhbGxiYWNrOnZvaWQoKQ==	U1RBVElDX0RJU1BBVENI	dm9pZA==	QmFzZVdvcmtlcjo6SGFuZGxlT0tDYWxsYmFjaygp	YmluZGluZ3MuY3Bw	1359	107374182425	QmFzZVdvcmtlci5IYW5kbGVPS0NhbGxiYWNrOnZvaWQoKQ==
30064772546	107374182510	PG9wZXJhdG9yPi5pbmRpcmVjdEZpZWxkQWNjZXNz	PG9wZXJhdG9yPi5pbmRpcmVjdEZpZWxkQWNjZXNz	U1RBVElDX0RJU1BBVENI	bmFwaV9lbnZfXyo=	dGhpcy0+ZW52Xw==	YmluZGluZ3MuY3Bw	1358	107374182595	PG9wZXJhdG9yPi5pbmRpcmVjdEZpZWxkQWNjZXNz
30064772547	107374182510	RGV0YWNo	SXRlcmF0b3IuRGV0YWNoOm5hcGlfcmVmX18qKCk=	U1RBVElDX0RJU1BBVENI	bmFwaV9yZWZfXyo=	aXRlcmF0b3JfLT5EZXRhY2goKQ==	YmluZGluZ3MuY3Bw	1358	107374182455	SXRlcmF0b3IuRGV0YWNoOm5hcGlfcmVmX18qKCk=
30064772548	107374182510	PG9wZXJhdG9yPi5pbmRpcmVjdEZpZWxkQWNjZXNz	PG9wZXJhdG9yPi5pbmRpcmVjdEZpZWxkQWNjZXNz	U1RBVElDX0RJU1BBVENI	SXRlcmF0b3Iq	dGhpcy0+aXRlcmF0b3Jf	YmluZGluZ3MuY3Bw	1358	107374182595	PG9wZXJhdG9yPi5pbmRpcmVjdEZpZWxkQWNjZXNz
30064772555	107374182511	PG9wZXJhdG9yPi5sb2dpY2FsTm90	PG9wZXJhdG9yPi5sb2dpY2FsTm90	U1RBVElDX0RJU1BBVENI	QU5Z	IWl0ZXJhdG9yLT5lbmRlZF8=	YmluZGluZ3MuY3Bw	1370	107374182580	PG9wZXJhdG9yPi5sb2dpY2FsTm90
30064772556	107374182511	PG9wZXJhdG9yPi5pbmRpcmVjdEZpZWxkQWNjZXNz	PG9wZXJhdG9yPi5pbmRpcmVjdEZpZWxkQWNjZXNz	U1RBVElDX0RJU1BBVENI	QU5Z	aXRlcmF0b3ItPmVuZGVkXw==	YmluZGluZ3MuY3Bw	1370	107374182595	PG9wZXJhdG9yPi5pbmRpcmVjdEZpZWxkQWNjZXNz
30064772557	107374182511	PG9wZXJhdG9yPi5hc3NpZ25tZW50	PG9wZXJhdG9yPi5hc3NpZ25tZW50	U1RBVElDX0RJU1BBVENI	dm9pZA==	d29ya2VyID0gbmV3IEVuZFdvcmtlcihlbnYsIGl0ZXJhdG9yLCBjYik=	YmluZGluZ3MuY3Bw	1371	107374182564	PG9wZXJhdG9yPi5hc3NpZ25tZW50
30064772563	107374182511	PG9wZXJhdG9yPi5hc3NpZ25tZW50	PG9wZXJhdG9yPi5hc3NpZ25tZW50	U1RBVElDX0RJU1BBVENI	QU5Z	aXRlcmF0b3ItPmVuZGVkXyA9IHRydWU=	YmluZGluZ3MuY3Bw	1372	107374182564	PG9wZXJhdG9yPi5hc3NpZ25tZW50
30064772558	107374182511	PG9wZXJhdG9yPi5uZXc=	PG9wZXJhdG9yPi5uZXc=	U1RBVElDX0RJU1BBVENI	QU5Z	bmV3IEVuZFdvcmtlcihlbnYsIGl0ZXJhdG9yLCBjYik=	YmluZGluZ3MuY3Bw	1371	107374182574	PG9wZXJhdG9yPi5uZXc=
30064772564	107374182511	PG9wZXJhdG9yPi5pbmRpcmVjdEZpZWxkQWNjZXNz	PG9wZXJhdG9yPi5pbmRpcmVjdEZpZWxkQWNjZXNz	U1RBVElDX0RJU1BBVENI	QU5Z	aXRlcmF0b3ItPmVuZGVkXw==	YmluZGluZ3MuY3Bw	1372	107374182595	PG9wZXJhdG9yPi5pbmRpcmVjdEZpZWxkQWNjZXNz
30064772565	107374182511	PG9wZXJhdG9yPi5pbmRpcmVjdEZpZWxkQWNjZXNz	PG9wZXJhdG9yPi5pbmRpcmVjdEZpZWxkQWNjZXNz	U1RBVElDX0RJU1BBVENI	QU5Z	aXRlcmF0b3ItPm5leHRpbmdf	YmluZGluZ3MuY3Bw	1374	107374182595	PG9wZXJhdG9yPi5pbmRpcmVjdEZpZWxkQWNjZXNz
30064772566	107374182511	PG9wZXJhdG9yPi5hc3NpZ25tZW50	PG9wZXJhdG9yPi5hc3NpZ25tZW50	U1RBVElDX0RJU1BBVENI	QU5Z	aXRlcmF0b3ItPmVuZFdvcmtlcl8gPSB3b3JrZXI=	YmluZGluZ3MuY3Bw	1375	107374182564	PG9wZXJhdG9yPi5hc3NpZ25tZW50
30064772568	107374182511	UXVldWU=	RW5kV29ya2VyLlF1ZXVlOnZvaWQoKQ==	U1RBVElDX0RJU1BBVENI	dm9pZA==	d29ya2VyLT5RdWV1ZSgp	YmluZGluZ3MuY3Bw	1377	107374182711	RW5kV29ya2VyLlF1ZXVlOnZvaWQoKQ==
30064772559	107374182511	PG9wZXJhdG9yPi5hc3NpZ25tZW50	PG9wZXJhdG9yPi5hc3NpZ25tZW50	U1RBVElDX0RJU1BBVENI	QU5Z	PHRtcD4wID0gPG9wZXJhdG9yPi5hbGxvYw==	YmluZGluZ3MuY3Bw	1371	107374182564	PG9wZXJhdG9yPi5hc3NpZ25tZW50
30064772561	107374182511	RW5kV29ya2Vy	RW5kV29ya2VyLkVuZFdvcmtlcjp2b2lkKG5hcGlfZW52X18qLEl0ZXJhdG9yKixuYXBpX3ZhbHVlX18qKQ==	U1RBVElDX0RJU1BBVENI	dm9pZA==	bmV3IEVuZFdvcmtlcihlbnYsIGl0ZXJhdG9yLCBjYik=	YmluZGluZ3MuY3Bw	1371	107374182710	RW5kV29ya2VyLkVuZFdvcmtlcjp2b2lkKG5hcGlfZW52X18qLEl0ZXJhdG9yKixuYXBpX3ZhbHVlX18qKQ==
30064772567	107374182511	PG9wZXJhdG9yPi5pbmRpcmVjdEZpZWxkQWNjZXNz	PG9wZXJhdG9yPi5pbmRpcmVjdEZpZWxkQWNjZXNz	U1RBVElDX0RJU1BBVENI	QU5Z	aXRlcmF0b3ItPmVuZFdvcmtlcl8=	YmluZGluZ3MuY3Bw	1375	107374182595	PG9wZXJhdG9yPi5pbmRpcmVjdEZpZWxkQWNjZXNz
30064772560	107374182511	PG9wZXJhdG9yPi5hbGxvYw==	PG9wZXJhdG9yPi5hbGxvYw==	U1RBVElDX0RJU1BBVENI	QU5Z	PG9wZXJhdG9yPi5hbGxvYw==	YmluZGluZ3MuY3Bw	1371	107374182575	PG9wZXJhdG9yPi5hbGxvYw==
30064772562	107374182511	PG9wZXJhdG9yPi5hZGRyZXNzT2Y=	PG9wZXJhdG9yPi5hZGRyZXNzT2Y=	U1RBVElDX0RJU1BBVENI	QU5Z	Jjx0bXA+MA==	YmluZGluZ3MuY3Bw	1371	107374182558	PG9wZXJhdG9yPi5hZGRyZXNzT2Y=
30064772569	107374182512	TkFQSV9BUkdW	L3RtcC9jbGF1ZGUtMC8taG9tZS11c2VyLWJ1Zy10cmFja2VyLzYzYjcwZTVhLTc1ZDMtNWRhMi1hZTgxLWUwMDk2MTI4N2M2ZS9zY3JhdGNocGFkL3ZhbDEwL0A4Y3JhZnRlcl9fbGV2ZWxkYi16bGliL3BrZy9wYWNrYWdlL3NyYy9uYXBpLW1hY3Jvcy5oOk5BUElfQVJHVjpBTlkoMSk=	SU5MSU5FRA==	QU5Z	TkFQSV9BUkdWKDIp	YmluZGluZ3MuY3Bw	1386	107374182550	L3RtcC9jbGF1ZGUtMC8taG9tZS11c2VyLWJ1Zy10cmFja2VyLzYzYjcwZTVhLTc1ZDMtNWRhMi1hZTgxLWUwMDk2MTI4N2M2ZS9zY3JhdGNocGFkL3ZhbDEwL0A4Y3JhZnRlcl9fbGV2ZWxkYi16bGliL3BrZy9wYWNrYWdlL3NyYy9uYXBpLW1hY3Jvcy5oOk5BUElfQVJHVjpBTlkoMSk=
30064772572	107374182512	PG9wZXJhdG9yPi5hc3NpZ25tZW50	PG9wZXJhdG9yPi5hc3NpZ25tZW50	U1RBVElDX0RJU1BBVENI	dm9pZA==	c2l6ZV90	YmluZGluZ3MuY3Bw	1386	107374182564	PG9wZXJhdG9yPi5hc3NpZ25tZW50
30064772577	107374182512	TkFQSV9JVEVSQVRPUl9DT05URVhU	YmluZGluZ3MuY3BwOk5BUElfSVRFUkFUT1JfQ09OVEVYVDpBTlkoMCk=	SU5MSU5FRA==	QU5Z	TkFQSV9JVEVSQVRPUl9DT05URVhUKCk=	YmluZGluZ3MuY3Bw	1387	107374182554	YmluZGluZ3MuY3BwOk5BUElfSVRFUkFUT1JfQ09OVEVYVDpBTlkoMCk=
30064772585	107374182512	aXRlcmF0b3JfZW5kX2Rv	aXRlcmF0b3JfZW5kX2RvOnZvaWQobmFwaV9lbnZfXyosSXRlcmF0b3IqLG5hcGlfdmFsdWVfXyop	U1RBVElDX0RJU1BBVENI	dm9pZA==	aXRlcmF0b3JfZW5kX2RvKGVudiwgaXRlcmF0b3IsIGFyZ3ZbMV0p	YmluZGluZ3MuY3Bw	1389	107374182712	aXRlcmF0b3JfZW5kX2RvOnZvaWQobmFwaV9lbnZfXyosSXRlcmF0b3IqLG5hcGlfdmFsdWVfXyop
30064772587	107374182512	TkFQSV9SRVRVUk5fVU5ERUZJTkVE	YmluZGluZ3MuY3BwOk5BUElfUkVUVVJOX1VOREVGSU5FRDpBTlkoMCk=	SU5MSU5FRA==	QU5Z	TkFQSV9SRVRVUk5fVU5ERUZJTkVEKCk=	YmluZGluZ3MuY3Bw	1391	107374182553	YmluZGluZ3MuY3BwOk5BUElfUkVUVVJOX1VOREVGSU5FRDpBTlkoMCk=
30064772573	107374182512	PG9wZXJhdG9yPi5ub3RFcXVhbHM=	PG9wZXJhdG9yPi5ub3RFcXVhbHM=	U1RBVElDX0RJU1BBVENI	QU5Z	KG5hcGlfZ2V0X2NiX2luZm8oZW52LCBpbmZvLCAmYXJnYywgYXJndiwgTlVMTCwgTlVMTCkpICE9IG5hcGlfb2s=	YmluZGluZ3MuY3Bw	1386	107374182593	PG9wZXJhdG9yPi5ub3RFcXVhbHM=
30064772579	107374182512	PG9wZXJhdG9yPi5ub3RFcXVhbHM=	PG9wZXJhdG9yPi5ub3RFcXVhbHM=	U1RBVElDX0RJU1BBVENI	QU5Z	KG5hcGlfZ2V0X3ZhbHVlX2V4dGVybmFsKGVudiwgYXJndlswXSwgKHZvaWQgKiAqKSZpdGVyYXRvcikpICE9IG5hcGlfb2s=	YmluZGluZ3MuY3Bw	1387	107374182593	PG9wZXJhdG9yPi5ub3RFcXVhbHM=
30064772586	107374182512	PG9wZXJhdG9yPi5pbmRpcmVjdEluZGV4QWNjZXNz	PG9wZXJhdG9yPi5pbmRpcmVjdEluZGV4QWNjZXNz	U1RBVElDX0RJU1BBVENI	QU5Z	YXJndlsxXQ==	YmluZGluZ3MuY3Bw	1389	107374182578	PG9wZXJhdG9yPi5pbmRpcmVjdEluZGV4QWNjZXNz
30064772570	107374182512	PG9wZXJhdG9yPi5hc3NpZ25tZW50	PG9wZXJhdG9yPi5hc3NpZ25tZW50	U1RBVElDX0RJU1BBVENI	dm9pZA==	bmFwaV92YWx1ZSBbXQ==	YmluZGluZ3MuY3Bw	1386	107374182564	PG9wZXJhdG9yPi5hc3NpZ25tZW50
30064772574	107374182512	bmFwaV9nZXRfY2JfaW5mbw==	PHVucmVzb2x2ZWROYW1lc3BhY2U+Lm5hcGlfZ2V0X2NiX2luZm86PHVucmVzb2x2ZWRTaWduYXR1cmU+KDYp	U1RBVElDX0RJU1BBVENI	QU5Z	bmFwaV9nZXRfY2JfaW5mbyhlbnYsIGluZm8sICZhcmdjLCBhcmd2LCBOVUxMLCBOVUxMKQ==	YmluZGluZ3MuY3Bw	1386	107374182660	PHVucmVzb2x2ZWROYW1lc3BhY2U+Lm5hcGlfZ2V0X2NiX2luZm86PHVucmVzb2x2ZWRTaWduYXR1cmU+KDYp
30064772576	107374182512	bmFwaV90aHJvd19lcnJvcg==	PHVucmVzb2x2ZWROYW1lc3BhY2U+Lm5hcGlfdGhyb3dfZXJyb3I6PHVucmVzb2x2ZWRTaWduYXR1cmU+KDMp	U1RBVElDX0RJU1BBVENI	QU5Z	bmFwaV90aHJvd19lcnJvcihlbnYsIE5VTEwsICJuYXBpX2dldF9jYl9pbmZvKGVudiwgaW5mbywgJmFyZ2MsIGFyZ3YsIE5VTEwsIE5VTEwpIGZhaWxlZCEiKQ==	YmluZGluZ3MuY3Bw	1386	107374182596	PHVucmVzb2x2ZWROYW1lc3BhY2U+Lm5hcGlfdGhyb3dfZXJyb3I6PHVucmVzb2x2ZWRTaWduYXR1cmU+KDMp
30064772578	107374182512	PG9wZXJhdG9yPi5hc3NpZ25tZW50	PG9wZXJhdG9yPi5hc3NpZ25tZW50	U1RBVElDX0RJU1BBVENI	dm9pZA==	SXRlcmF0b3IgKg==	YmluZGluZ3MuY3Bw	1387	107374182564	PG9wZXJhdG9yPi5hc3NpZ25tZW50
30064772580	107374182512	bmFwaV9nZXRfdmFsdWVfZXh0ZXJuYWw=	bmFwaV9nZXRfdmFsdWVfZXh0ZXJuYWw=	U1RBVElDX0RJU1BBVENI	QU5Z	bmFwaV9nZXRfdmFsdWVfZXh0ZXJuYWwoZW52LCBhcmd2WzBdLCAodm9pZCAqICopJml0ZXJhdG9yKQ==	YmluZGluZ3MuY3Bw	1387	107374182661	bmFwaV9nZXRfdmFsdWVfZXh0ZXJuYWw=
30064772584	107374182512	bmFwaV90aHJvd19lcnJvcg==	PHVucmVzb2x2ZWROYW1lc3BhY2U+Lm5hcGlfdGhyb3dfZXJyb3I6PHVucmVzb2x2ZWRTaWduYXR1cmU+KDMp	U1RBVElDX0RJU1BBVENI	QU5Z	bmFwaV90aHJvd19lcnJvcihlbnYsIE5VTEwsICJuYXBpX2dldF92YWx1ZV9leHRlcm5hbChlbnYsIGFyZ3ZbMF0sICh2b2lkKiopJml0ZXJhdG9yKSBmYWlsZWQhIik=	YmluZGluZ3MuY3Bw	1387	107374182596	PHVucmVzb2x2ZWROYW1lc3BhY2U+Lm5hcGlfdGhyb3dfZXJyb3I6PHVucmVzb2x2ZWRTaWduYXR1cmU+KDMp
30064772571	107374182512	PG9wZXJhdG9yPi5hbGxvYw==	PG9wZXJhdG9yPi5hbGxvYw==	U1RBVElDX0RJU1BBVENI	bmFwaV92YWx1ZVsyXQ==	bmFwaV92YWx1ZSBbXQ==	YmluZGluZ3MuY3Bw	1386	107374182575	PG9wZXJhdG9yPi5hbGxvYw==
30064772575	107374182512	PG9wZXJhdG9yPi5hZGRyZXNzT2Y=	PG9wZXJhdG9yPi5hZGRyZXNzT2Y=	U1RBVElDX0RJU1BBVENI	QU5Z	JmFyZ2M=	YmluZGluZ3MuY3Bw	1386	107374182558	PG9wZXJhdG9yPi5hZGRyZXNzT2Y=
30064772581	107374182512	PG9wZXJhdG9yPi5pbmRpcmVjdEluZGV4QWNjZXNz	PG9wZXJhdG9yPi5pbmRpcmVjdEluZGV4QWNjZXNz	U1RBVElDX0RJU1BBVENI	QU5Z	YXJndlswXQ==	YmluZGluZ3MuY3Bw	1387	107374182578	PG9wZXJhdG9yPi5pbmRpcmVjdEluZGV4QWNjZXNz
30064772582	107374182512	PG9wZXJhdG9yPi5jYXN0	PG9wZXJhdG9yPi5jYXN0	U1RBVElDX0RJU1BBVENI	dm9pZA==	KHZvaWQgKiAqKSZpdGVyYXRvcg==	YmluZGluZ3MuY3Bw	1387	107374182585	PG9wZXJhdG9yPi5jYXN0
30064772583	107374182512	PG9wZXJhdG9yPi5hZGRyZXNzT2Y=	PG9wZXJhdG9yPi5hZGRyZXNzT2Y=	U1RBVElDX0RJU1BBVENI	QU5Z	Jml0ZXJhdG9y	YmluZGluZ3MuY3Bw	1387	107374182558	PG9wZXJhdG9yPi5hZGRyZXNzT2Y=
30064772588	107374182513	PG9wZXJhdG9yPi5hc3NpZ25tZW50	PG9wZXJhdG9yPi5hc3NpZ25tZW50	U1RBVElDX0RJU1BBVENI	QU5Z	aXRlcmF0b3ItPm5leHRpbmdfID0gZmFsc2U=	YmluZGluZ3MuY3Bw	1399	107374182564	PG9wZXJhdG9yPi5hc3NpZ25tZW50
30064772589	107374182513	PG9wZXJhdG9yPi5pbmRpcmVjdEZpZWxkQWNjZXNz	PG9wZXJhdG9yPi5pbmRpcmVjdEZpZWxkQWNjZXNz	U1RBVElDX0RJU1BBVENI	QU5Z	aXRlcmF0b3ItPm5leHRpbmdf	YmluZGluZ3MuY3Bw	1399	107374182595	PG9wZXJhdG9yPi5pbmRpcmVjdEZpZWxkQWNjZXNz
30064772590	107374182513	PG9wZXJhdG9yPi5ub3RFcXVhbHM=	PG9wZXJhdG9yPi5ub3RFcXVhbHM=	U1RBVElDX0RJU1BBVENI	QU5Z	aXRlcmF0b3ItPmVuZFdvcmtlcl8gIT0gTlVMTA==	YmluZGluZ3MuY3Bw	1400	107374182593	PG9wZXJhdG9yPi5ub3RFcXVhbHM=
30064772591	107374182513	PG9wZXJhdG9yPi5pbmRpcmVjdEZpZWxkQWNjZXNz	PG9wZXJhdG9yPi5pbmRpcmVjdEZpZWxkQWNjZXNz	U1RBVElDX0RJU1BBVENI	QU5Z	aXRlcmF0b3ItPmVuZFdvcmtlcl8=	YmluZGluZ3MuY3Bw	1400	107374182595	PG9wZXJhdG9yPi5pbmRpcmVjdEZpZWxkQWNjZXNz
30064772592	107374182513	UXVldWU=	RW5kV29ya2VyLlF1ZXVlOnZvaWQoKQ==	U1RBVElDX0RJU1BBVENI	dm9pZA==	aXRlcmF0b3ItPmVuZFdvcmtlcl8tPlF1ZXVlKCk=	YmluZGluZ3MuY3Bw	1401	107374182711	RW5kV29ya2VyLlF1ZXVlOnZvaWQoKQ==
30064772594	107374182513	PG9wZXJhdG9yPi5hc3NpZ25tZW50	PG9wZXJhdG9yPi5hc3NpZ25tZW50	U1RBVElDX0RJU1BBVENI	QU5Z	aXRlcmF0b3ItPmVuZFdvcmtlcl8gPSBOVUxM	YmluZGluZ3MuY3Bw	1402	107374182564	PG9wZXJhdG9yPi5hc3NpZ25tZW50
30064772593	107374182513	PG9wZXJhdG9yPi5pbmRpcmVjdEZpZWxkQWNjZXNz	PG9wZXJhdG9yPi5pbmRpcmVjdEZpZWxkQWNjZXNz	U1RBVElDX0RJU1BBVENI	QU5Z	aXRlcmF0b3ItPmVuZFdvcmtlcl8=	YmluZGluZ3MuY3Bw	1401	107374182595	PG9wZXJhdG9yPi5pbmRpcmVjdEZpZWxkQWNjZXNz
30064772595	107374182513	PG9wZXJhdG9yPi5pbmRpcmVjdEZpZWxkQWNjZXNz	PG9wZXJhdG9yPi5pbmRpcmVjdEZpZWxkQWNjZXNz	U1RBVElDX0RJU1BBVENI	QU5Z	aXRlcmF0b3ItPmVuZFdvcmtlcl8=	YmluZGluZ3MuY3Bw	1402	107374182595	PG9wZXJhdG9yPi5pbmRpcmVjdEZpZWxkQWNjZXNz
30064772695	107374182514	PG9wZXJhdG9yPi5hc3NpZ25tZW50	PG9wZXJhdG9yPi5hc3NpZ25tZW50	U1RBVElDX0RJU1BBVENI	dm9pZA==	KiBpdGVyYXRvcl8gPSBBTlkuQU5ZKCk=	YmluZGluZ3MuY3Bw	1470	107374182564	PG9wZXJhdG9yPi5hc3NpZ25tZW50
30064772700	107374182514	PG9wZXJhdG9yPi5hc3NpZ25tZW50	PG9wZXJhdG9yPi5hc3NpZ25tZW50	U1RBVElDX0RJU1BBVENI	dm9pZA==	cmVzdWx0XyA9IEFOWS5BTlkoKQ==	YmluZGluZ3MuY3Bw	1473	107374182564	PG9wZXJhdG9yPi5hc3NpZ25tZW50
30064772696	107374182514	PG9wZXJhdG9yPi5hc3NpZ25tZW50	PG9wZXJhdG9yPi5hc3NpZ25tZW50	U1RBVElDX0RJU1BBVENI	QU5Z	PHRtcD4wID0gPG9wZXJhdG9yPi5hbGxvYw==	YmluZGluZ3MuY3Bw	1470	107374182564	PG9wZXJhdG9yPi5hc3NpZ25tZW50
30064772698	107374182514	QU5Z	QU5ZLkFOWTp2b2lkKCk=	U1RBVElDX0RJU1BBVENI	dm9pZA==	QU5ZLkFOWSgp	YmluZGluZ3MuY3Bw	1470	107374182609	QU5ZLkFOWTp2b2lkKCk=
30064772701	107374182514	PG9wZXJhdG9yPi5hc3NpZ25tZW50	PG9wZXJhdG9yPi5hc3NpZ25tZW50	U1RBVElDX0RJU1BBVENI	QU5Z	PHRtcD4xID0gPG9wZXJhdG9yPi5hbGxvYw==	YmluZGluZ3MuY3Bw	1473	107374182564	PG9wZXJhdG9yPi5hc3NpZ25tZW50
30064772703	107374182514	QU5Z	QU5ZLkFOWTp2b2lkKCk=	U1RBVElDX0RJU1BBVENI	dm9pZA==	QU5ZLkFOWSgp	YmluZGluZ3MuY3Bw	1473	107374182609	QU5ZLkFOWTp2b2lkKCk=
30064772697	107374182514	PG9wZXJhdG9yPi5hbGxvYw==	PG9wZXJhdG9yPi5hbGxvYw==	U1RBVElDX0RJU1BBVENI	QU5Z	PG9wZXJhdG9yPi5hbGxvYw==	YmluZGluZ3MuY3Bw	1470	107374182575	PG9wZXJhdG9yPi5hbGxvYw==
30064772699	107374182514	PG9wZXJhdG9yPi5hZGRyZXNzT2Y=	PG9wZXJhdG9yPi5hZGRyZXNzT2Y=	U1RBVElDX0RJU1BBVENI	QU5Z	Jjx0bXA+MA==	YmluZGluZ3MuY3Bw	1470	107374182558	PG9wZXJhdG9yPi5hZGRyZXNzT2Y=
30064772702	107374182514	PG9wZXJhdG9yPi5hbGxvYw==	PG9wZXJhdG9yPi5hbGxvYw==	U1RBVElDX0RJU1BBVENI	QU5Z	PG9wZXJhdG9yPi5hbGxvYw==	YmluZGluZ3MuY3Bw	1473	107374182575	PG9wZXJhdG9yPi5hbGxvYw==
30064772704	107374182514	PG9wZXJhdG9yPi5hZGRyZXNzT2Y=	PG9wZXJhdG9yPi5hZGRyZXNzT2Y=	U1RBVElDX0RJU1BBVENI	QU5Z	Jjx0bXA+MQ==	YmluZGluZ3MuY3Bw	1473	107374182558	PG9wZXJhdG9yPi5hZGRyZXNzT2Y=
30064772596	107374182515	PG9wZXJhdG9yPi5hc3NpZ25tZW50	PG9wZXJhdG9yPi5hc3NpZ25tZW50	U1RBVElDX0RJU1BBVENI	dm9pZA==	dGhpcy0+QmFzZVdvcmtlciA9IGVudg==	YmluZGluZ3MuY3Bw	1414	107374182564	PG9wZXJhdG9yPi5hc3NpZ25tZW50
30064772598	107374182515	PG9wZXJhdG9yPi5hc3NpZ25tZW50	PG9wZXJhdG9yPi5hc3NpZ25tZW50	U1RBVElDX0RJU1BBVENI	dm9pZA==	dGhpcy0+aXRlcmF0b3JfID0gaXRlcmF0b3I=	YmluZGluZ3MuY3Bw	1416	107374182564	PG9wZXJhdG9yPi5hc3NpZ25tZW50
30064772600	107374182515	PG9wZXJhdG9yPi5hc3NpZ25tZW50	PG9wZXJhdG9yPi5hc3NpZ25tZW50	U1RBVElDX0RJU1BBVENI	dm9pZA==	dGhpcy0+bG9jYWxDYWxsYmFja18gPSBsb2NhbENhbGxiYWNr	YmluZGluZ3MuY3Bw	1417	107374182564	PG9wZXJhdG9yPi5hc3NpZ25tZW50
30064772597	107374182515	PG9wZXJhdG9yPi5pbmRpcmVjdEZpZWxkQWNjZXNz	PG9wZXJhdG9yPi5pbmRpcmVjdEZpZWxkQWNjZXNz	U1RBVElDX0RJU1BBVENI	TmV4dFdvcmtlcio=	dGhpcy0+QmFzZVdvcmtlcg==	YmluZGluZ3MuY3Bw	1414	107374182595	PG9wZXJhdG9yPi5pbmRpcmVjdEZpZWxkQWNjZXNz
30064772599	107374182515	PG9wZXJhdG9yPi5pbmRpcmVjdEZpZWxkQWNjZXNz	PG9wZXJhdG9yPi5pbmRpcmVjdEZpZWxkQWNjZXNz	U1RBVElDX0RJU1BBVENI	TmV4dFdvcmtlcio=	dGhpcy0+aXRlcmF0b3Jf	YmluZGluZ3MuY3Bw	1416	107374182595	PG9wZXJhdG9yPi5pbmRpcmVjdEZpZWxkQWNjZXNz
30064772601	107374182515	PG9wZXJhdG9yPi5pbmRpcmVjdEZpZWxkQWNjZXNz	PG9wZXJhdG9yPi5pbmRpcmVjdEZpZWxkQWNjZXNz	U1RBVElDX0RJU1BBVENI	TmV4dFdvcmtlcio=	dGhpcy0+bG9jYWxDYWxsYmFja18=	YmluZGluZ3MuY3Bw	1417	107374182595	PG9wZXJhdG9yPi5pbmRpcmVjdEZpZWxkQWNjZXNz
30064772602	107374182517	PG9wZXJhdG9yPi5hc3NpZ25tZW50	PG9wZXJhdG9yPi5hc3NpZ25tZW50	U1RBVElDX0RJU1BBVENI	QU5Z	b2tfID0gaXRlcmF0b3JfLT5JdGVyYXRvck5leHQocmVzdWx0Xyk=	YmluZGluZ3MuY3Bw	1422	107374182564	PG9wZXJhdG9yPi5hc3NpZ25tZW50
30064772603	107374182517	PG9wZXJhdG9yPi5pbmRpcmVjdEZpZWxkQWNjZXNz	PG9wZXJhdG9yPi5pbmRpcmVjdEZpZWxkQWNjZXNz	U1RBVElDX0RJU1BBVENI	Ym9vbA==	dGhpcy0+b2tf	YmluZGluZ3MuY3Bw	1422	107374182595	PG9wZXJhdG9yPi5pbmRpcmVjdEZpZWxkQWNjZXNz
30064772604	107374182517	SXRlcmF0b3JOZXh0	SXRlcmF0b3IuSXRlcmF0b3JOZXh0OmJvb2woQU5ZKQ==	U1RBVElDX0RJU1BBVENI	Ym9vbA==	aXRlcmF0b3JfLT5JdGVyYXRvck5leHQocmVzdWx0Xyk=	YmluZGluZ3MuY3Bw	1422	107374182713	SXRlcmF0b3IuSXRlcmF0b3JOZXh0OmJvb2woQU5ZKQ==
30064772607	107374182517	PG9wZXJhdG9yPi5sb2dpY2FsTm90	PG9wZXJhdG9yPi5sb2dpY2FsTm90	U1RBVElDX0RJU1BBVENI	QU5Z	IW9rXw==	YmluZGluZ3MuY3Bw	1423	107374182580	PG9wZXJhdG9yPi5sb2dpY2FsTm90
30064772605	107374182517	PG9wZXJhdG9yPi5pbmRpcmVjdEZpZWxkQWNjZXNz	PG9wZXJhdG9yPi5pbmRpcmVjdEZpZWxkQWNjZXNz	U1RBVElDX0RJU1BBVENI	SXRlcmF0b3Iq	dGhpcy0+aXRlcmF0b3Jf	YmluZGluZ3MuY3Bw	1422	107374182595	PG9wZXJhdG9yPi5pbmRpcmVjdEZpZWxkQWNjZXNz
30064772606	107374182517	PG9wZXJhdG9yPi5pbmRpcmVjdEZpZWxkQWNjZXNz	PG9wZXJhdG9yPi5pbmRpcmVjdEZpZWxkQWNjZXNz	U1RBVElDX0RJU1BBVENI	QU5Z	dGhpcy0+cmVzdWx0Xw==	YmluZGluZ3MuY3Bw	1422	107374182595	PG9wZXJhdG9yPi5pbmRpcmVjdEZpZWxkQWNjZXNz
30064772608	107374182517	PG9wZXJhdG9yPi5pbmRpcmVjdEZpZWxkQWNjZXNz	PG9wZXJhdG9yPi5pbmRpcmVjdEZpZWxkQWNjZXNz	U1RBVElDX0RJU1BBVENI	Ym9vbA==	dGhpcy0+b2tf	YmluZGluZ3MuY3Bw	1423	107374182595	PG9wZXJhdG9yPi5pbmRpcmVjdEZpZWxkQWNjZXNz
30064772609	107374182517	U2V0U3RhdHVz	QmFzZVdvcmtlci5TZXRTdGF0dXM6dm9pZChBTlkp	U1RBVElDX0RJU1BBVENI	dm9pZA==	U2V0U3RhdHVzKGl0ZXJhdG9yXy0+SXRlcmF0b3JTdGF0dXMoKSk=	YmluZGluZ3MuY3Bw	1424	107374182675	QmFzZVdvcmtlci5TZXRTdGF0dXM6dm9pZChBTlkp
30064772610	107374182517	SXRlcmF0b3JTdGF0dXM=	SXRlcmF0b3IuSXRlcmF0b3JTdGF0dXM6QU5ZKCk=	U1RBVElDX0RJU1BBVENI	QU5Z	aXRlcmF0b3JfLT5JdGVyYXRvclN0YXR1cygp	YmluZGluZ3MuY3Bw	1424	107374182714	SXRlcmF0b3IuSXRlcmF0b3JTdGF0dXM6QU5ZKCk=
30064772611	107374182517	PG9wZXJhdG9yPi5pbmRpcmVjdEZpZWxkQWNjZXNz	PG9wZXJhdG9yPi5pbmRpcmVjdEZpZWxkQWNjZXNz	U1RBVElDX0RJU1BBVENI	SXRlcmF0b3Iq	dGhpcy0+aXRlcmF0b3Jf	YmluZGluZ3MuY3Bw	1424	107374182595	PG9wZXJhdG9yPi5pbmRpcmVjdEZpZWxkQWNjZXNz
30064772612	107374182518	PG9wZXJhdG9yPi5hc3NpZ25tZW50	PG9wZXJhdG9yPi5hc3NpZ25tZW50	U1RBVElDX0RJU1BBVENI	dm9pZA==	YXJyYXlTaXplID0gcmVzdWx0Xy5zaXplKCkgKiAy	YmluZGluZ3MuY3Bw	1429	107374182564	PG9wZXJhdG9yPi5hc3NpZ25tZW50
30064772616	107374182518	bmFwaV9jcmVhdGVfYXJyYXlfd2l0aF9sZW5ndGg=	bmFwaV9jcmVhdGVfYXJyYXlfd2l0aF9sZW5ndGg=	U1RBVElDX0RJU1BBVENI	QU5Z	bmFwaV9jcmVhdGVfYXJyYXlfd2l0aF9sZW5ndGgoZW52XywgYXJyYXlTaXplLCAmanNBcnJheSk=	YmluZGluZ3MuY3Bw	1431	107374182715	bmFwaV9jcmVhdGVfYXJyYXlfd2l0aF9sZW5ndGg=
30064772672	107374182518	PG9wZXJhdG9yPi5wb2ludGVyQ2FsbA==	PG9wZXJhdG9yPi5wb2ludGVyQ2FsbA==	RFlOQU1JQ19ESVNQQVRDSA==	dm9pZA==	bG9jYWxDYWxsYmFja18oaXRlcmF0b3JfKQ==	YmluZGluZ3MuY3Bw	1459		
30064772675	107374182518	PG9wZXJhdG9yPi5hc3NpZ25tZW50	PG9wZXJhdG9yPi5hc3NpZ25tZW50	U1RBVElDX0RJU1BBVENI	dm9pZA==	YXJndlszXQ==	YmluZGluZ3MuY3Bw	1461	107374182564	PG9wZXJhdG9yPi5hc3NpZ25tZW50
30064772677	107374182518	bmFwaV9nZXRfbnVsbA==	bmFwaV9nZXRfbnVsbA==	U1RBVElDX0RJU1BBVENI	QU5Z	bmFwaV9nZXRfbnVsbChlbnZfLCAmYXJndlswXSk=	YmluZGluZ3MuY3Bw	1462	107374182607	bmFwaV9nZXRfbnVsbA==
30064772681	107374182518	PG9wZXJhdG9yPi5hc3NpZ25tZW50	PG9wZXJhdG9yPi5hc3NpZ25tZW50	U1RBVElDX0RJU1BBVENI	QU5Z	YXJndlsxXSA9IGpzQXJyYXk=	YmluZGluZ3MuY3Bw	1463	107374182564	PG9wZXJhdG9yPi5hc3NpZ25tZW50
30064772683	107374182518	bmFwaV9nZXRfYm9vbGVhbg==	bmFwaV9nZXRfYm9vbGVhbg==	U1RBVElDX0RJU1BBVENI	QU5Z	bmFwaV9nZXRfYm9vbGVhbihlbnZfLCAhb2tfLCAmYXJndlsyXSk=	YmluZGluZ3MuY3Bw	1464	107374182719	bmFwaV9nZXRfYm9vbGVhbg==
30064772689	107374182518	bmFwaV9nZXRfcmVmZXJlbmNlX3ZhbHVl	bmFwaV9nZXRfcmVmZXJlbmNlX3ZhbHVl	U1RBVElDX0RJU1BBVENI	QU5Z	bmFwaV9nZXRfcmVmZXJlbmNlX3ZhbHVlKGVudl8sIGNhbGxiYWNrUmVmXywgJmNhbGxiYWNrKQ==	YmluZGluZ3MuY3Bw	1466	107374182605	bmFwaV9nZXRfcmVmZXJlbmNlX3ZhbHVl
30064772693	107374182518	Q2FsbEZ1bmN0aW9u	Q2FsbEZ1bmN0aW9uOkFOWShuYXBpX2Vudl9fKixuYXBpX3ZhbHVlX18qLGludCxuYXBpX3ZhbHVlX18qKik=	U1RBVElDX0RJU1BBVENI	QU5Z	Q2FsbEZ1bmN0aW9uKGVudl8sIGNhbGxiYWNrLCAzLCBhcmd2KQ==	YmluZGluZ3MuY3Bw	1467	107374182606	Q2FsbEZ1bmN0aW9uOkFOWShuYXBpX2Vudl9fKixuYXBpX3ZhbHVlX18qLGludCxuYXBpX3ZhbHVlX18qKik=
30064772613	107374182518	PG9wZXJhdG9yPi5tdWx0aXBsaWNhdGlvbg==	PG9wZXJhdG9yPi5tdWx0aXBsaWNhdGlvbg==	U1RBVElDX0RJU1BBVENI	QU5Z	cmVzdWx0Xy5zaXplKCkgKiAy	YmluZGluZ3MuY3Bw	1429	107374182703	PG9wZXJhdG9yPi5tdWx0aXBsaWNhdGlvbg==
30064772617	107374182518	PG9wZXJhdG9yPi5pbmRpcmVjdEZpZWxkQWNjZXNz	PG9wZXJhdG9yPi5pbmRpcmVjdEZpZWxkQWNjZXNz	U1RBVElDX0RJU1BBVENI	bmFwaV9lbnZfXyo=	dGhpcy0+ZW52Xw==	YmluZGluZ3MuY3Bw	1431	107374182595	PG9wZXJhdG9yPi5pbmRpcmVjdEZpZWxkQWNjZXNz
30064772618	107374182518	PG9wZXJhdG9yPi5hZGRyZXNzT2Y=	PG9wZXJhdG9yPi5hZGRyZXNzT2Y=	U1RBVElDX0RJU1BBVENI	QU5Z	JmpzQXJyYXk=	YmluZGluZ3MuY3Bw	1431	107374182558	PG9wZXJhdG9yPi5hZGRyZXNzT2Y=
30064772619	107374182518	PG9wZXJhdG9yPi5hc3NpZ25tZW50	PG9wZXJhdG9yPi5hc3NpZ25tZW50	U1RBVElDX0RJU1BBVENI	dm9pZA==	aWR4ID0gMA==	YmluZGluZ3MuY3Bw	1433	107374182564	PG9wZXJhdG9yPi5hc3NpZ25tZW50
30064772620	107374182518	PG9wZXJhdG9yPi5sZXNzVGhhbg==	PG9wZXJhdG9yPi5sZXNzVGhhbg==	U1RBVElDX0RJU1BBVENI	QU5Z	aWR4IDwgcmVzdWx0Xy5zaXplKCk=	YmluZGluZ3MuY3Bw	1433	107374182645	PG9wZXJhdG9yPi5sZXNzVGhhbg==
30064772623	107374182518	PG9wZXJhdG9yPi5wcmVJbmNyZW1lbnQ=	PG9wZXJhdG9yPi5wcmVJbmNyZW1lbnQ=	U1RBVElDX0RJU1BBVENI	QU5Z	KytpZHg=	YmluZGluZ3MuY3Bw	1433	107374182624	PG9wZXJhdG9yPi5wcmVJbmNyZW1lbnQ=
30064772673	107374182518	PG9wZXJhdG9yPi5pbmRpcmVjdEZpZWxkQWNjZXNz	PG9wZXJhdG9yPi5pbmRpcmVjdEZpZWxkQWNjZXNz	U1RBVElDX0RJU1BBVENI	dm9pZCgqKShJdGVyYXRvciop	dGhpcy0+bG9jYWxDYWxsYmFja18=	YmluZGluZ3MuY3Bw	1459	107374182595	PG9wZXJhdG9yPi5pbmRpcmVjdEZpZWxkQWNjZXNz
30064772674	107374182518	PG9wZXJhdG9yPi5pbmRpcmVjdEZpZWxkQWNjZXNz	PG9wZXJhdG9yPi5pbmRpcmVjdEZpZWxkQWNjZXNz	U1RBVElDX0RJU1BBVENI	SXRlcmF0b3Iq	dGhpcy0+aXRlcmF0b3Jf	YmluZGluZ3MuY3Bw	1459	107374182595	PG9wZXJhdG9yPi5pbmRpcmVjdEZpZWxkQWNjZXNz
30064772676	107374182518	PG9wZXJhdG9yPi5hbGxvYw==	PG9wZXJhdG9yPi5hbGxvYw==	U1RBVElDX0RJU1BBVENI	bmFwaV92YWx1ZVszXQ==	YXJndlszXQ==	YmluZGluZ3MuY3Bw	1461	107374182575	PG9wZXJhdG9yPi5hbGxvYw==
30064772678	107374182518	PG9wZXJhdG9yPi5pbmRpcmVjdEZpZWxkQWNjZXNz	PG9wZXJhdG9yPi5pbmRpcmVjdEZpZWxkQWNjZXNz	U1RBVElDX0RJU1BBVENI	bmFwaV9lbnZfXyo=	dGhpcy0+ZW52Xw==	YmluZGluZ3MuY3Bw	1462	107374182595	PG9wZXJhdG9yPi5pbmRpcmVjdEZpZWxkQWNjZXNz
30064772679	107374182518	PG9wZXJhdG9yPi5hZGRyZXNzT2Y=	PG9wZXJhdG9yPi5hZGRyZXNzT2Y=	U1RBVElDX0RJU1BBVENI	QU5Z	JmFyZ3ZbMF0=	YmluZGluZ3MuY3Bw	1462	107374182558	PG9wZXJhdG9yPi5hZGRyZXNzT2Y=
30064772682	107374182518	PG9wZXJhdG9yPi5pbmRpcmVjdEluZGV4QWNjZXNz	PG9wZXJhdG9yPi5pbmRpcmVjdEluZGV4QWNjZXNz	U1RBVElDX0RJU1BBVENI	QU5Z	YXJndlsxXQ==	YmluZGluZ3MuY3Bw	1463	107374182578	PG9wZXJhdG9yPi5pbmRpcmVjdEluZGV4QWNjZXNz
30064772684	107374182518	PG9wZXJhdG9yPi5pbmRpcmVjdEZpZWxkQWNjZXNz	PG9wZXJhdG9yPi5pbmRpcmVjdEZpZWxkQWNjZXNz	U1RBVElDX0RJU1BBVENI	bmFwaV9lbnZfXyo=	dGhpcy0+ZW52Xw==	YmluZGluZ3MuY3Bw	1464	107374182595	PG9wZXJhdG9yPi5pbmRpcmVjdEZpZWxkQWNjZXNz
30064772685	107374182518	PG9wZXJhdG9yPi5sb2dpY2FsTm90	PG9wZXJhdG9yPi5sb2dpY2FsTm90	U1RBVElDX0RJU1BBVENI	QU5Z	IW9rXw==	YmluZGluZ3MuY3Bw	1464	107374182580	PG9wZXJhdG9yPi5sb2dpY2FsTm90
30064772687	107374182518	PG9wZXJhdG9yPi5hZGRyZXNzT2Y=	PG9wZXJhdG9yPi5hZGRyZXNzT2Y=	U1RBVElDX0RJU1BBVENI	QU5Z	JmFyZ3ZbMl0=	YmluZGluZ3MuY3Bw	1464	107374182558	PG9wZXJhdG9yPi5hZGRyZXNzT2Y=
30064772690	107374182518	PG9wZXJhdG9yPi5pbmRpcmVjdEZpZWxkQWNjZXNz	PG9wZXJhdG9yPi5pbmRpcmVjdEZpZWxkQWNjZXNz	U1RBVElDX0RJU1BBVENI	bmFwaV9lbnZfXyo=	dGhpcy0+ZW52Xw==	YmluZGluZ3MuY3Bw	1466	107374182595	PG9wZXJhdG9yPi5pbmRpcmVjdEZpZWxkQWNjZXNz
30064772691	107374182518	PG9wZXJhdG9yPi5pbmRpcmVjdEZpZWxkQWNjZXNz	PG9wZXJhdG9yPi5pbmRpcmVjdEZpZWxkQWNjZXNz	U1RBVElDX0RJU1BBVENI	bmFwaV9yZWZfXyo=	dGhpcy0+Y2FsbGJhY2tSZWZf	YmluZGluZ3MuY3Bw	1466	107374182595	PG9wZXJhdG9yPi5pbmRpcmVjdEZpZWxkQWNjZXNz
30064772692	107374182518	PG9wZXJhdG9yPi5hZGRyZXNzT2Y=	PG9wZXJhdG9yPi5hZGRyZXNzT2Y=	U1RBVElDX0RJU1BBVENI	QU5Z	JmNhbGxiYWNr	YmluZGluZ3MuY3Bw	1466	107374182558	PG9wZXJhdG9yPi5hZGRyZXNzT2Y=
30064772694	107374182518	PG9wZXJhdG9yPi5pbmRpcmVjdEZpZWxkQWNjZXNz	PG9wZXJhdG9yPi5pbmRpcmVjdEZpZWxkQWNjZXNz	U1RBVElDX0RJU1BBVENI	bmFwaV9lbnZfXyo=	dGhpcy0+ZW52Xw==	YmluZGluZ3MuY3Bw	1467	107374182595	PG9wZXJhdG9yPi5pbmRpcmVjdEZpZWxkQWNjZXNz
30064772614	107374182518	c2l6ZQ==	PHVucmVzb2x2ZWROYW1lc3BhY2U+LnNpemU6PHVucmVzb2x2ZWRTaWduYXR1cmU+KDAp	U1RBVElDX0RJU1BBVENI	QU5Z	cmVzdWx0Xy5zaXplKCk=	YmluZGluZ3MuY3Bw	1429	107374182648	PHVucmVzb2x2ZWROYW1lc3BhY2U+LnNpemU6PHVucmVzb2x2ZWRTaWduYXR1cmU+KDAp
30064772621	107374182518	c2l6ZQ==	PHVucmVzb2x2ZWROYW1lc3BhY2U+LnNpemU6PHVucmVzb2x2ZWRTaWduYXR1cmU+KDAp	U1RBVElDX0RJU1BBVENI	QU5Z	cmVzdWx0Xy5zaXplKCk=	YmluZGluZ3MuY3Bw	1433	107374182648	PHVucmVzb2x2ZWROYW1lc3BhY2U+LnNpemU6PHVucmVzb2x2ZWRTaWduYXR1cmU+KDAp
30064772632	107374182518	PG9wZXJhdG9yPi5hc3NpZ25tZW50	PG9wZXJhdG9yPi5hc3NpZ25tZW50	U1RBVElDX0RJU1BBVENI	dm9pZA==	a2V5ID0gcm93LmZpcnN0	YmluZGluZ3MuY3Bw	1435	107374182564	PG9wZXJhdG9yPi5hc3NpZ25tZW50
30064772634	107374182518	PG9wZXJhdG9yPi5hc3NpZ25tZW50	PG9wZXJhdG9yPi5hc3NpZ25tZW50	U1RBVElDX0RJU1BBVENI	dm9pZA==	dmFsdWUgPSByb3cuc2Vjb25k	YmluZGluZ3MuY3Bw	1436	107374182564	PG9wZXJhdG9yPi5hc3NpZ25tZW50
30064772660	107374182518	bmFwaV9zZXRfZWxlbWVudA==	PHVucmVzb2x2ZWROYW1lc3BhY2U+Lm5hcGlfc2V0X2VsZW1lbnQ6PHVucmVzb2x2ZWRTaWduYXR1cmU+KDQp	U1RBVElDX0RJU1BBVENI	QU5Z	bmFwaV9zZXRfZWxlbWVudChlbnZfLCBqc0FycmF5LCBzdGF0aWNfY2FzdDxpbnQ+KGFycmF5U2l6ZSAtIGlkeCAqIDIgLSAxKSwgcmV0dXJuS2V5KQ==	YmluZGluZ3MuY3Bw	1453	107374182716	PHVucmVzb2x2ZWROYW1lc3BhY2U+Lm5hcGlfc2V0X2VsZW1lbnQ6PHVucmVzb2x2ZWRTaWduYXR1cmU+KDQp
30064772666	107374182518	bmFwaV9zZXRfZWxlbWVudA==	PHVucmVzb2x2ZWROYW1lc3BhY2U+Lm5hcGlfc2V0X2VsZW1lbnQ6PHVucmVzb2x2ZWRTaWduYXR1cmU+KDQp	U1RBVElDX0RJU1BBVENI	QU5Z	bmFwaV9zZXRfZWxlbWVudChlbnZfLCBqc0FycmF5LCBzdGF0aWNfY2FzdDxpbnQ+KGFycmF5U2l6ZSAtIGlkeCAqIDIgLSAyKSwgcmV0dXJuVmFsdWUp	YmluZGluZ3MuY3Bw	1454	107374182716	PHVucmVzb2x2ZWROYW1lc3BhY2U+Lm5hcGlfc2V0X2VsZW1lbnQ6PHVucmVzb2x2ZWRTaWduYXR1cmU+KDQp
30064772680	107374182518	PG9wZXJhdG9yPi5pbmRpcmVjdEluZGV4QWNjZXNz	PG9wZXJhdG9yPi5pbmRpcmVjdEluZGV4QWNjZXNz	U1RBVElDX0RJU1BBVENI	QU5Z	YXJndlswXQ==	YmluZGluZ3MuY3Bw	1462	107374182578	PG9wZXJhdG9yPi5pbmRpcmVjdEluZGV4QWNjZXNz
30064772686	107374182518	PG9wZXJhdG9yPi5pbmRpcmVjdEZpZWxkQWNjZXNz	PG9wZXJhdG9yPi5pbmRpcmVjdEZpZWxkQWNjZXNz	U1RBVElDX0RJU1BBVENI	Ym9vbA==	dGhpcy0+b2tf	YmluZGluZ3MuY3Bw	1464	107374182595	PG9wZXJhdG9yPi5pbmRpcmVjdEZpZWxkQWNjZXNz
30064772688	107374182518	PG9wZXJhdG9yPi5pbmRpcmVjdEluZGV4QWNjZXNz	PG9wZXJhdG9yPi5pbmRpcmVjdEluZGV4QWNjZXNz	U1RBVElDX0RJU1BBVENI	QU5Z	YXJndlsyXQ==	YmluZGluZ3MuY3Bw	1464	107374182578	PG9wZXJhdG9yPi5pbmRpcmVjdEluZGV4QWNjZXNz
30064772615	107374182518	PG9wZXJhdG9yPi5pbmRpcmVjdEZpZWxkQWNjZXNz	PG9wZXJhdG9yPi5pbmRpcmVjdEZpZWxkQWNjZXNz	U1RBVElDX0RJU1BBVENI	QU5Z	dGhpcy0+cmVzdWx0Xw==	YmluZGluZ3MuY3Bw	1429	107374182595	PG9wZXJhdG9yPi5pbmRpcmVjdEZpZWxkQWNjZXNz
30064772622	107374182518	PG9wZXJhdG9yPi5pbmRpcmVjdEZpZWxkQWNjZXNz	PG9wZXJhdG9yPi5pbmRpcmVjdEZpZWxkQWNjZXNz	U1RBVElDX0RJU1BBVENI	QU5Z	dGhpcy0+cmVzdWx0Xw==	YmluZGluZ3MuY3Bw	1433	107374182595	PG9wZXJhdG9yPi5pbmRpcmVjdEZpZWxkQWNjZXNz
30064772624	107374182518	PG9wZXJhdG9yPi5sZXNzVGhhbg==	PG9wZXJhdG9yPi5sZXNzVGhhbg==	U1RBVElDX0RJU1BBVENI	QU5Z	c3RkOjpwYWlyPHN0ZDo6c3RyaW5n	YmluZGluZ3MuY3Bw	1434	107374182645	PG9wZXJhdG9yPi5sZXNzVGhhbg==
30064772627	107374182518	PG9wZXJhdG9yPi5hc3NpZ25tZW50	PG9wZXJhdG9yPi5hc3NpZ25tZW50	U1RBVElDX0RJU1BBVENI	QU5Z	c3RkOjpzdHJpbmc+IHJvdyA9IHJlc3VsdF9baWR4XQ==	YmluZGluZ3MuY3Bw	1434	107374182564	PG9wZXJhdG9yPi5hc3NpZ25tZW50
30064772633	107374182518	PG9wZXJhdG9yPi5maWVsZEFjY2Vzcw==	PG9wZXJhdG9yPi5maWVsZEFjY2Vzcw==	U1RBVElDX0RJU1BBVENI	QU5Z	cm93LmZpcnN0	YmluZGluZ3MuY3Bw	1435	107374182628	PG9wZXJhdG9yPi5maWVsZEFjY2Vzcw==
30064772635	107374182518	PG9wZXJhdG9yPi5maWVsZEFjY2Vzcw==	PG9wZXJhdG9yPi5maWVsZEFjY2Vzcw==	U1RBVElDX0RJU1BBVENI	QU5Z	cm93LnNlY29uZA==	YmluZGluZ3MuY3Bw	1436	107374182628	PG9wZXJhdG9yPi5maWVsZEFjY2Vzcw==
30064772636	107374182518	PG9wZXJhdG9yPi5pbmRpcmVjdEZpZWxkQWNjZXNz	PG9wZXJhdG9yPi5pbmRpcmVjdEZpZWxkQWNjZXNz	U1RBVElDX0RJU1BBVENI	QU5Z	aXRlcmF0b3JfLT5rZXlBc0J1ZmZlcl8=	YmluZGluZ3MuY3Bw	1439	107374182595	PG9wZXJhdG9yPi5pbmRpcmVjdEZpZWxkQWNjZXNz
30064772648	107374182518	PG9wZXJhdG9yPi5pbmRpcmVjdEZpZWxkQWNjZXNz	PG9wZXJhdG9yPi5pbmRpcmVjdEZpZWxkQWNjZXNz	U1RBVElDX0RJU1BBVENI	QU5Z	aXRlcmF0b3JfLT52YWx1ZUFzQnVmZmVyXw==	YmluZGluZ3MuY3Bw	1446	107374182595	PG9wZXJhdG9yPi5pbmRpcmVjdEZpZWxkQWNjZXNz
30064772661	107374182518	PG9wZXJhdG9yPi5pbmRpcmVjdEZpZWxkQWNjZXNz	PG9wZXJhdG9yPi5pbmRpcmVjdEZpZWxkQWNjZXNz	U1RBVElDX0RJU1BBVENI	bmFwaV9lbnZfXyo=	dGhpcy0+ZW52Xw==	YmluZGluZ3MuY3Bw	1453	107374182595	PG9wZXJhdG9yPi5pbmRpcmVjdEZpZWxkQWNjZXNz
30064772662	107374182518	PG9wZXJhdG9yPi5jYXN0	PG9wZXJhdG9yPi5jYXN0	U1RBVElDX0RJU1BBVENI	aW50	c3RhdGljX2Nhc3Q8aW50PihhcnJheVNpemUgLSBpZHggKiAyIC0gMSk=	YmluZGluZ3MuY3Bw	1453	107374182585	PG9wZXJhdG9yPi5jYXN0
30064772667	107374182518	PG9wZXJhdG9yPi5pbmRpcmVjdEZpZWxkQWNjZXNz	PG9wZXJhdG9yPi5pbmRpcmVjdEZpZWxkQWNjZXNz	U1RBVElDX0RJU1BBVENI	bmFwaV9lbnZfXyo=	dGhpcy0+ZW52Xw==	YmluZGluZ3MuY3Bw	1454	107374182595	PG9wZXJhdG9yPi5pbmRpcmVjdEZpZWxkQWNjZXNz
30064772668	107374182518	PG9wZXJhdG9yPi5jYXN0	PG9wZXJhdG9yPi5jYXN0	U1RBVElDX0RJU1BBVENI	aW50	c3RhdGljX2Nhc3Q8aW50PihhcnJheVNpemUgLSBpZHggKiAyIC0gMik=	YmluZGluZ3MuY3Bw	1454	107374182585	PG9wZXJhdG9yPi5jYXN0
30064772625	107374182518	PG9wZXJhdG9yPi5maWVsZEFjY2Vzcw==	PG9wZXJhdG9yPi5maWVsZEFjY2Vzcw==	U1RBVElDX0RJU1BBVENI	QU5Z	c3RkOjpwYWly	YmluZGluZ3MuY3Bw	1434	107374182628	PG9wZXJhdG9yPi5maWVsZEFjY2Vzcw==
30064772626	107374182518	PG9wZXJhdG9yPi5maWVsZEFjY2Vzcw==	PG9wZXJhdG9yPi5maWVsZEFjY2Vzcw==	U1RBVElDX0RJU1BBVENI	QU5Z	c3RkOjpzdHJpbmc=	YmluZGluZ3MuY3Bw	1434	107374182628	PG9wZXJhdG9yPi5maWVsZEFjY2Vzcw==
30064772628	107374182518	PG9wZXJhdG9yPi5ncmVhdGVyVGhhbg==	PG9wZXJhdG9yPi5ncmVhdGVyVGhhbg==	U1RBVElDX0RJU1BBVENI	QU5Z	c3RkOjpzdHJpbmc+IHJvdw==	YmluZGluZ3MuY3Bw	1434	107374182588	PG9wZXJhdG9yPi5ncmVhdGVyVGhhbg==
30064772630	107374182518	PG9wZXJhdG9yPi5pbmRpcmVjdEluZGV4QWNjZXNz	PG9wZXJhdG9yPi5pbmRpcmVjdEluZGV4QWNjZXNz	U1RBVElDX0RJU1BBVENI	QU5Z	cmVzdWx0X1tpZHhd	YmluZGluZ3MuY3Bw	1434	107374182578	PG9wZXJhdG9yPi5pbmRpcmVjdEluZGV4QWNjZXNz
30064772637	107374182518	PG9wZXJhdG9yPi5pbmRpcmVjdEZpZWxkQWNjZXNz	PG9wZXJhdG9yPi5pbmRpcmVjdEZpZWxkQWNjZXNz	U1RBVElDX0RJU1BBVENI	SXRlcmF0b3Iq	dGhpcy0+aXRlcmF0b3Jf	YmluZGluZ3MuY3Bw	1439	107374182595	PG9wZXJhdG9yPi5pbmRpcmVjdEZpZWxkQWNjZXNz
30064772638	107374182518	bmFwaV9jcmVhdGVfYnVmZmVyX2NvcHk=	PHVucmVzb2x2ZWROYW1lc3BhY2U+Lm5hcGlfY3JlYXRlX2J1ZmZlcl9jb3B5Ojx1bnJlc29sdmVkU2lnbmF0dXJlPig1KQ==	U1RBVElDX0RJU1BBVENI	QU5Z	bmFwaV9jcmVhdGVfYnVmZmVyX2NvcHkoZW52Xywga2V5LnNpemUoKSwga2V5LmRhdGEoKSwgTlVMTCwgJnJldHVybktleSk=	YmluZGluZ3MuY3Bw	1440	107374182681	PHVucmVzb2x2ZWROYW1lc3BhY2U+Lm5hcGlfY3JlYXRlX2J1ZmZlcl9jb3B5Ojx1bnJlc29sdmVkU2lnbmF0dXJlPig1KQ==
30064772643	107374182518	bmFwaV9jcmVhdGVfc3RyaW5nX3V0Zjg=	PHVucmVzb2x2ZWROYW1lc3BhY2U+Lm5hcGlfY3JlYXRlX3N0cmluZ191dGY4Ojx1bnJlc29sdmVkU2lnbmF0dXJlPig0KQ==	U1RBVElDX0RJU1BBVENI	QU5Z	bmFwaV9jcmVhdGVfc3RyaW5nX3V0ZjgoZW52Xywga2V5LmRhdGEoKSwga2V5LnNpemUoKSwgJnJldHVybktleSk=	YmluZGluZ3MuY3Bw	1442	107374182561	PHVucmVzb2x2ZWROYW1lc3BhY2U+Lm5hcGlfY3JlYXRlX3N0cmluZ191dGY4Ojx1bnJlc29sdmVkU2lnbmF0dXJlPig0KQ==
30064772649	107374182518	PG9wZXJhdG9yPi5pbmRpcmVjdEZpZWxkQWNjZXNz	PG9wZXJhdG9yPi5pbmRpcmVjdEZpZWxkQWNjZXNz	U1RBVElDX0RJU1BBVENI	SXRlcmF0b3Iq	dGhpcy0+aXRlcmF0b3Jf	YmluZGluZ3MuY3Bw	1446	107374182595	PG9wZXJhdG9yPi5pbmRpcmVjdEZpZWxkQWNjZXNz
30064772650	107374182518	bmFwaV9jcmVhdGVfYnVmZmVyX2NvcHk=	PHVucmVzb2x2ZWROYW1lc3BhY2U+Lm5hcGlfY3JlYXRlX2J1ZmZlcl9jb3B5Ojx1bnJlc29sdmVkU2lnbmF0dXJlPig1KQ==	U1RBVElDX0RJU1BBVENI	QU5Z	bmFwaV9jcmVhdGVfYnVmZmVyX2NvcHkoZW52XywgdmFsdWUuc2l6ZSgpLCB2YWx1ZS5kYXRhKCksIE5VTEwsICZyZXR1cm5WYWx1ZSk=	YmluZGluZ3MuY3Bw	1447	107374182681	PHVucmVzb2x2ZWROYW1lc3BhY2U+Lm5hcGlfY3JlYXRlX2J1ZmZlcl9jb3B5Ojx1bnJlc29sdmVkU2lnbmF0dXJlPig1KQ==
30064772655	107374182518	bmFwaV9jcmVhdGVfc3RyaW5nX3V0Zjg=	PHVucmVzb2x2ZWROYW1lc3BhY2U+Lm5hcGlfY3JlYXRlX3N0cmluZ191dGY4Ojx1bnJlc29sdmVkU2lnbmF0dXJlPig0KQ==	U1RBVElDX0RJU1BBVENI	QU5Z	bmFwaV9jcmVhdGVfc3RyaW5nX3V0ZjgoZW52XywgdmFsdWUuZGF0YSgpLCB2YWx1ZS5zaXplKCksICZyZXR1cm5WYWx1ZSk=	YmluZGluZ3MuY3Bw	1449	107374182561	PHVucmVzb2x2ZWROYW1lc3BhY2U+Lm5hcGlfY3JlYXRlX3N0cmluZ191dGY4Ojx1bnJlc29sdmVkU2lnbmF0dXJlPig0KQ==
30064772663	107374182518	PG9wZXJhdG9yPi5zdWJ0cmFjdGlvbg==	PG9wZXJhdG9yPi5zdWJ0cmFjdGlvbg==	U1RBVElDX0RJU1BBVENI	QU5Z	YXJyYXlTaXplIC0gaWR4ICogMiAtIDE=	YmluZGluZ3MuY3Bw	1453	107374182717	PG9wZXJhdG9yPi5zdWJ0cmFjdGlvbg==
30064772669	107374182518	PG9wZXJhdG9yPi5zdWJ0cmFjdGlvbg==	PG9wZXJhdG9yPi5zdWJ0cmFjdGlvbg==	U1RBVElDX0RJU1BBVENI	QU5Z	YXJyYXlTaXplIC0gaWR4ICogMiAtIDI=	YmluZGluZ3MuY3Bw	1454	107374182717	PG9wZXJhdG9yPi5zdWJ0cmFjdGlvbg==
30064772629	107374182518	PG9wZXJhdG9yPi5maWVsZEFjY2Vzcw==	PG9wZXJhdG9yPi5maWVsZEFjY2Vzcw==	U1RBVElDX0RJU1BBVENI	QU5Z	c3RkOjpzdHJpbmc=	YmluZGluZ3MuY3Bw	1434	107374182628	PG9wZXJhdG9yPi5maWVsZEFjY2Vzcw==
30064772631	107374182518	PG9wZXJhdG9yPi5pbmRpcmVjdEZpZWxkQWNjZXNz	PG9wZXJhdG9yPi5pbmRpcmVjdEZpZWxkQWNjZXNz	U1RBVElDX0RJU1BBVENI	QU5Z	dGhpcy0+cmVzdWx0Xw==	YmluZGluZ3MuY3Bw	1434	107374182595	PG9wZXJhdG9yPi5pbmRpcmVjdEZpZWxkQWNjZXNz
30064772639	107374182518	PG9wZXJhdG9yPi5pbmRpcmVjdEZpZWxkQWNjZXNz	PG9wZXJhdG9yPi5pbmRpcmVjdEZpZWxkQWNjZXNz	U1RBVElDX0RJU1BBVENI	bmFwaV9lbnZfXyo=	dGhpcy0+ZW52Xw==	YmluZGluZ3MuY3Bw	1440	107374182595	PG9wZXJhdG9yPi5pbmRpcmVjdEZpZWxkQWNjZXNz
30064772640	107374182518	c2l6ZQ==	PHVucmVzb2x2ZWROYW1lc3BhY2U+LnNpemU6PHVucmVzb2x2ZWRTaWduYXR1cmU+KDAp	U1RBVElDX0RJU1BBVENI	QU5Z	a2V5LnNpemUoKQ==	YmluZGluZ3MuY3Bw	1440	107374182648	PHVucmVzb2x2ZWROYW1lc3BhY2U+LnNpemU6PHVucmVzb2x2ZWRTaWduYXR1cmU+KDAp
30064772641	107374182518	ZGF0YQ==	PHVucmVzb2x2ZWROYW1lc3BhY2U+LmRhdGE6PHVucmVzb2x2ZWRTaWduYXR1cmU+KDAp	U1RBVElDX0RJU1BBVENI	QU5Z	a2V5LmRhdGEoKQ==	YmluZGluZ3MuY3Bw	1440	107374182582	PHVucmVzb2x2ZWROYW1lc3BhY2U+LmRhdGE6PHVucmVzb2x2ZWRTaWduYXR1cmU+KDAp
30064772642	107374182518	PG9wZXJhdG9yPi5hZGRyZXNzT2Y=	PG9wZXJhdG9yPi5hZGRyZXNzT2Y=	U1RBVElDX0RJU1BBVENI	QU5Z	JnJldHVybktleQ==	YmluZGluZ3MuY3Bw	1440	107374182558	PG9wZXJhdG9yPi5hZGRyZXNzT2Y=
30064772644	107374182518	PG9wZXJhdG9yPi5pbmRpcmVjdEZpZWxkQWNjZXNz	PG9wZXJhdG9yPi5pbmRpcmVjdEZpZWxkQWNjZXNz	U1RBVElDX0RJU1BBVENI	bmFwaV9lbnZfXyo=	dGhpcy0+ZW52Xw==	YmluZGluZ3MuY3Bw	1442	107374182595	PG9wZXJhdG9yPi5pbmRpcmVjdEZpZWxkQWNjZXNz
30064772645	107374182518	ZGF0YQ==	PHVucmVzb2x2ZWROYW1lc3BhY2U+LmRhdGE6PHVucmVzb2x2ZWRTaWduYXR1cmU+KDAp	U1RBVElDX0RJU1BBVENI	QU5Z	a2V5LmRhdGEoKQ==	YmluZGluZ3MuY3Bw	1442	107374182582	PHVucmVzb2x2ZWROYW1lc3BhY2U+LmRhdGE6PHVucmVzb2x2ZWRTaWduYXR1cmU+KDAp
30064772646	107374182518	c2l6ZQ==	PHVucmVzb2x2ZWROYW1lc3BhY2U+LnNpemU6PHVucmVzb2x2ZWRTaWduYXR1cmU+KDAp	U1RBVElDX0RJU1BBVENI	QU5Z	a2V5LnNpemUoKQ==	YmluZGluZ3MuY3Bw	1442	107374182648	PHVucmVzb2x2ZWROYW1lc3BhY2U+LnNpemU6PHVucmVzb2x2ZWRTaWduYXR1cmU+KDAp
30064772647	107374182518	PG9wZXJhdG9yPi5hZGRyZXNzT2Y=	PG9wZXJhdG9yPi5hZGRyZXNzT2Y=	U1RBVElDX0RJU1BBVENI	QU5Z	JnJldHVybktleQ==	YmluZGluZ3MuY3Bw	1442	107374182558	PG9wZXJhdG9yPi5hZGRyZXNzT2Y=
30064772651	107374182518	PG9wZXJhdG9yPi5pbmRpcmVjdEZpZWxkQWNjZXNz	PG9wZXJhdG9yPi5pbmRpcmVjdEZpZWxkQWNjZXNz	U1RBVElDX0RJU1BBVENI	bmFwaV9lbnZfXyo=	dGhpcy0+ZW52Xw==	YmluZGluZ3MuY3Bw	1447	107374182595	PG9wZXJhdG9yPi5pbmRpcmVjdEZpZWxkQWNjZXNz
30064772652	107374182518	c2l6ZQ==	PHVucmVzb2x2ZWROYW1lc3BhY2U+LnNpemU6PHVucmVzb2x2ZWRTaWduYXR1cmU+KDAp	U1RBVElDX0RJU1BBVENI	QU5Z	dmFsdWUuc2l6ZSgp	YmluZGluZ3MuY3Bw	1447	107374182648	PHVucmVzb2x2ZWROYW1lc3BhY2U+LnNpemU6PHVucmVzb2x2ZWRTaWduYXR1cmU+KDAp
30064772653	107374182518	ZGF0YQ==	PHVucmVzb2x2ZWROYW1lc3BhY2U+LmRhdGE6PHVucmVzb2x2ZWRTaWduYXR1cmU+KDAp	U1RBVElDX0RJU1BBVENI	QU5Z	dmFsdWUuZGF0YSgp	YmluZGluZ3MuY3Bw	1447	107374182582	PHVucmVzb2x2ZWROYW1lc3BhY2U+LmRhdGE6PHVucmVzb2x2ZWRTaWduYXR1cmU+KDAp
30064772654	107374182518	PG9wZXJhdG9yPi5hZGRyZXNzT2Y=	PG9wZXJhdG9yPi5hZGRyZXNzT2Y=	U1RBVElDX0RJU1BBVENI	QU5Z	JnJldHVyblZhbHVl	YmluZGluZ3MuY3Bw	1447	107374182558	PG9wZXJhdG9yPi5hZGRyZXNzT2Y=
30064772656	107374182518	PG9wZXJhdG9yPi5pbmRpcmVjdEZpZWxkQWNjZXNz	PG9wZXJhdG9yPi5pbmRpcmVjdEZpZWxkQWNjZXNz	U1RBVElDX0RJU1BBVENI	bmFwaV9lbnZfXyo=	dGhpcy0+ZW52Xw==	YmluZGluZ3MuY3Bw	1449	107374182595	PG9wZXJhdG9yPi5pbmRpcmVjdEZpZWxkQWNjZXNz
30064772657	107374182518	ZGF0YQ==	PHVucmVzb2x2ZWROYW1lc3BhY2U+LmRhdGE6PHVucmVzb2x2ZWRTaWduYXR1cmU+KDAp	U1RBVElDX0RJU1BBVENI	QU5Z	dmFsdWUuZGF0YSgp	YmluZGluZ3MuY3Bw	1449	107374182582	PHVucmVzb2x2ZWROYW1lc3BhY2U+LmRhdGE6PHVucmVzb2x2ZWRTaWduYXR1cmU+KDAp
30064772658	107374182518	c2l6ZQ==	PHVucmVzb2x2ZWROYW1lc3BhY2U+LnNpemU6PHVucmVzb2x2ZWRTaWduYXR1cmU+KDAp	U1RBVElDX0RJU1BBVENI	QU5Z	dmFsdWUuc2l6ZSgp	YmluZGluZ3MuY3Bw	1449	107374182648	PHVucmVzb2x2ZWROYW1lc3BhY2U+LnNpemU6PHVucmVzb2x2ZWRTaWduYXR1cmU+KDAp
30064772659	107374182518	PG9wZXJhdG9yPi5hZGRyZXNzT2Y=	PG9wZXJhdG9yPi5hZGRyZXNzT2Y=	U1RBVElDX0RJU1BBVENI	QU5Z	JnJldHVyblZhbHVl	YmluZGluZ3MuY3Bw	1449	107374182558	PG9wZXJhdG9yPi5hZGRyZXNzT2Y=
30064772664	107374182518	PG9wZXJhdG9yPi5zdWJ0cmFjdGlvbg==	PG9wZXJhdG9yPi5zdWJ0cmFjdGlvbg==	U1RBVElDX0RJU1BBVENI	QU5Z	YXJyYXlTaXplIC0gaWR4ICogMg==	YmluZGluZ3MuY3Bw	1453	107374182717	PG9wZXJhdG9yPi5zdWJ0cmFjdGlvbg==
30064772670	107374182518	PG9wZXJhdG9yPi5zdWJ0cmFjdGlvbg==	PG9wZXJhdG9yPi5zdWJ0cmFjdGlvbg==	U1RBVElDX0RJU1BBVENI	QU5Z	YXJyYXlTaXplIC0gaWR4ICogMg==	YmluZGluZ3MuY3Bw	1454	107374182717	PG9wZXJhdG9yPi5zdWJ0cmFjdGlvbg==
30064772665	107374182518	PG9wZXJhdG9yPi5tdWx0aXBsaWNhdGlvbg==	PG9wZXJhdG9yPi5tdWx0aXBsaWNhdGlvbg==	U1RBVElDX0RJU1BBVENI	QU5Z	aWR4ICogMg==	YmluZGluZ3MuY3Bw	1453	107374182703	PG9wZXJhdG9yPi5tdWx0aXBsaWNhdGlvbg==
30064772671	107374182518	PG9wZXJhdG9yPi5tdWx0aXBsaWNhdGlvbg==	PG9wZXJhdG9yPi5tdWx0aXBsaWNhdGlvbg==	U1RBVElDX0RJU1BBVENI	QU5Z	aWR4ICogMg==	YmluZGluZ3MuY3Bw	1454	107374182703	PG9wZXJhdG9yPi5tdWx0aXBsaWNhdGlvbg==
30064772705	107374182519	TkFQSV9BUkdW	L3RtcC9jbGF1ZGUtMC8taG9tZS11c2VyLWJ1Zy10cmFja2VyLzYzYjcwZTVhLTc1ZDMtNWRhMi1hZTgxLWUwMDk2MTI4N2M2ZS9zY3JhdGNocGFkL3ZhbDEwL0A4Y3JhZnRlcl9fbGV2ZWxkYi16bGliL3BrZy9wYWNrYWdlL3NyYy9uYXBpLW1hY3Jvcy5oOk5BUElfQVJHVjpBTlkoMSk=	SU5MSU5FRA==	QU5Z	TkFQSV9BUkdWKDIp	YmluZGluZ3MuY3Bw	1481	107374182550	L3RtcC9jbGF1ZGUtMC8taG9tZS11c2VyLWJ1Zy10cmFja2VyLzYzYjcwZTVhLTc1ZDMtNWRhMi1hZTgxLWUwMDk2MTI4N2M2ZS9zY3JhdGNocGFkL3ZhbDEwL0A4Y3JhZnRlcl9fbGV2ZWxkYi16bGliL3BrZy9wYWNrYWdlL3NyYy9uYXBpLW1hY3Jvcy5oOk5BUElfQVJHVjpBTlkoMSk=
30064772708	107374182519	PG9wZXJhdG9yPi5hc3NpZ25tZW50	PG9wZXJhdG9yPi5hc3NpZ25tZW50	U1RBVElDX0RJU1BBVENI	dm9pZA==	c2l6ZV90	YmluZGluZ3MuY3Bw	1481	107374182564	PG9wZXJhdG9yPi5hc3NpZ25tZW50
30064772713	107374182519	TkFQSV9JVEVSQVRPUl9DT05URVhU	YmluZGluZ3MuY3BwOk5BUElfSVRFUkFUT1JfQ09OVEVYVDpBTlkoMCk=	SU5MSU5FRA==	QU5Z	TkFQSV9JVEVSQVRPUl9DT05URVhUKCk=	YmluZGluZ3MuY3Bw	1482	107374182554	YmluZGluZ3MuY3BwOk5BUElfSVRFUkFUT1JfQ09OVEVYVDpBTlkoMCk=
30064772721	107374182519	PG9wZXJhdG9yPi5hc3NpZ25tZW50	PG9wZXJhdG9yPi5hc3NpZ25tZW50	U1RBVElDX0RJU1BBVENI	dm9pZA==	Y2FsbGJhY2sgPSBhcmd2WzFd	YmluZGluZ3MuY3Bw	1484	107374182564	PG9wZXJhdG9yPi5hc3NpZ25tZW50
30064772729	107374182519	PG9wZXJhdG9yPi5hc3NpZ25tZW50	PG9wZXJhdG9yPi5hc3NpZ25tZW50	U1RBVElDX0RJU1BBVENI	dm9pZA==	d29ya2VyID0gbmV3IE5leHRXb3JrZXIoZW52LCBpdGVyYXRvciwgY2FsbGJhY2ssCiAgICAgICAgICAgICAgICAgICAgICAgICAgICAgICAgICAgICAgQ2hlY2tFbmRDYWxsYmFjayk=	YmluZGluZ3MuY3Bw	1493	107374182564	PG9wZXJhdG9yPi5hc3NpZ25tZW50
30064772735	107374182519	PG9wZXJhdG9yPi5hc3NpZ25tZW50	PG9wZXJhdG9yPi5hc3NpZ25tZW50	U1RBVElDX0RJU1BBVENI	QU5Z	aXRlcmF0b3ItPm5leHRpbmdfID0gdHJ1ZQ==	YmluZGluZ3MuY3Bw	1495	107374182564	PG9wZXJhdG9yPi5hc3NpZ25tZW50
30064772737	107374182519	UXVldWU=	TmV4dFdvcmtlci5RdWV1ZTp2b2lkKCk=	U1RBVElDX0RJU1BBVENI	dm9pZA==	d29ya2VyLT5RdWV1ZSgp	YmluZGluZ3MuY3Bw	1496	107374182721	TmV4dFdvcmtlci5RdWV1ZTp2b2lkKCk=
30064772738	107374182519	TkFQSV9SRVRVUk5fVU5ERUZJTkVE	YmluZGluZ3MuY3BwOk5BUElfUkVUVVJOX1VOREVGSU5FRDpBTlkoMCk=	SU5MSU5FRA==	QU5Z	TkFQSV9SRVRVUk5fVU5ERUZJTkVEKCk=	YmluZGluZ3MuY3Bw	1498	107374182553	YmluZGluZ3MuY3BwOk5BUElfUkVUVVJOX1VOREVGSU5FRDpBTlkoMCk=
30064772709	107374182519	PG9wZXJhdG9yPi5ub3RFcXVhbHM=	PG9wZXJhdG9yPi5ub3RFcXVhbHM=	U1RBVElDX0RJU1BBVENI	QU5Z	KG5hcGlfZ2V0X2NiX2luZm8oZW52LCBpbmZvLCAmYXJnYywgYXJndiwgTlVMTCwgTlVMTCkpICE9IG5hcGlfb2s=	YmluZGluZ3MuY3Bw	1481	107374182593	PG9wZXJhdG9yPi5ub3RFcXVhbHM=
30064772715	107374182519	PG9wZXJhdG9yPi5ub3RFcXVhbHM=	PG9wZXJhdG9yPi5ub3RFcXVhbHM=	U1RBVElDX0RJU1BBVENI	QU5Z	KG5hcGlfZ2V0X3ZhbHVlX2V4dGVybmFsKGVudiwgYXJndlswXSwgKHZvaWQgKiAqKSZpdGVyYXRvcikpICE9IG5hcGlfb2s=	YmluZGluZ3MuY3Bw	1482	107374182593	PG9wZXJhdG9yPi5ub3RFcXVhbHM=
30064772722	107374182519	PG9wZXJhdG9yPi5pbmRpcmVjdEluZGV4QWNjZXNz	PG9wZXJhdG9yPi5pbmRpcmVjdEluZGV4QWNjZXNz	U1RBVElDX0RJU1BBVENI	QU5Z	YXJndlsxXQ==	YmluZGluZ3MuY3Bw	1484	107374182578	PG9wZXJhdG9yPi5pbmRpcmVjdEluZGV4QWNjZXNz
30064772723	107374182519	PG9wZXJhdG9yPi5pbmRpcmVjdEZpZWxkQWNjZXNz	PG9wZXJhdG9yPi5pbmRpcmVjdEZpZWxkQWNjZXNz	U1RBVElDX0RJU1BBVENI	QU5Z	aXRlcmF0b3ItPmVuZGVkXw==	YmluZGluZ3MuY3Bw	1486	107374182595	PG9wZXJhdG9yPi5pbmRpcmVjdEZpZWxkQWNjZXNz
30064772730	107374182519	PG9wZXJhdG9yPi5uZXc=	PG9wZXJhdG9yPi5uZXc=	U1RBVElDX0RJU1BBVENI	QU5Z	bmV3IE5leHRXb3JrZXIoZW52LCBpdGVyYXRvciwgY2FsbGJhY2ssCiAgICAgICAgICAgICAgICAgICAgICAgICAgICAgICAgICAgICAgQ2hlY2tFbmRDYWxsYmFjayk=	YmluZGluZ3MuY3Bw	1493	107374182574	PG9wZXJhdG9yPi5uZXc=
30064772736	107374182519	PG9wZXJhdG9yPi5pbmRpcmVjdEZpZWxkQWNjZXNz	PG9wZXJhdG9yPi5pbmRpcmVjdEZpZWxkQWNjZXNz	U1RBVElDX0RJU1BBVENI	QU5Z	aXRlcmF0b3ItPm5leHRpbmdf	YmluZGluZ3MuY3Bw	1495	107374182595	PG9wZXJhdG9yPi5pbmRpcmVjdEZpZWxkQWNjZXNz
30064772706	107374182519	PG9wZXJhdG9yPi5hc3NpZ25tZW50	PG9wZXJhdG9yPi5hc3NpZ25tZW50	U1RBVElDX0RJU1BBVENI	dm9pZA==	bmFwaV92YWx1ZSBbXQ==	YmluZGluZ3MuY3Bw	1481	107374182564	PG9wZXJhdG9yPi5hc3NpZ25tZW50
30064772710	107374182519	bmFwaV9nZXRfY2JfaW5mbw==	PHVucmVzb2x2ZWROYW1lc3BhY2U+Lm5hcGlfZ2V0X2NiX2luZm86PHVucmVzb2x2ZWRTaWduYXR1cmU+KDYp	U1RBVElDX0RJU1BBVENI	QU5Z	bmFwaV9nZXRfY2JfaW5mbyhlbnYsIGluZm8sICZhcmdjLCBhcmd2LCBOVUxMLCBOVUxMKQ==	YmluZGluZ3MuY3Bw	1481	107374182660	PHVucmVzb2x2ZWROYW1lc3BhY2U+Lm5hcGlfZ2V0X2NiX2luZm86PHVucmVzb2x2ZWRTaWduYXR1cmU+KDYp
30064772712	107374182519	bmFwaV90aHJvd19lcnJvcg==	PHVucmVzb2x2ZWROYW1lc3BhY2U+Lm5hcGlfdGhyb3dfZXJyb3I6PHVucmVzb2x2ZWRTaWduYXR1cmU+KDMp	U1RBVElDX0RJU1BBVENI	QU5Z	bmFwaV90aHJvd19lcnJvcihlbnYsIE5VTEwsICJuYXBpX2dldF9jYl9pbmZvKGVudiwgaW5mbywgJmFyZ2MsIGFyZ3YsIE5VTEwsIE5VTEwpIGZhaWxlZCEiKQ==	YmluZGluZ3MuY3Bw	1481	107374182596	PHVucmVzb2x2ZWROYW1lc3BhY2U+Lm5hcGlfdGhyb3dfZXJyb3I6PHVucmVzb2x2ZWRTaWduYXR1cmU+KDMp
30064772714	107374182519	PG9wZXJhdG9yPi5hc3NpZ25tZW50	PG9wZXJhdG9yPi5hc3NpZ25tZW50	U1RBVElDX0RJU1BBVENI	dm9pZA==	SXRlcmF0b3IgKg==	YmluZGluZ3MuY3Bw	1482	107374182564	PG9wZXJhdG9yPi5hc3NpZ25tZW50
30064772716	107374182519	bmFwaV9nZXRfdmFsdWVfZXh0ZXJuYWw=	bmFwaV9nZXRfdmFsdWVfZXh0ZXJuYWw=	U1RBVElDX0RJU1BBVENI	QU5Z	bmFwaV9nZXRfdmFsdWVfZXh0ZXJuYWwoZW52LCBhcmd2WzBdLCAodm9pZCAqICopJml0ZXJhdG9yKQ==	YmluZGluZ3MuY3Bw	1482	107374182661	bmFwaV9nZXRfdmFsdWVfZXh0ZXJuYWw=
30064772720	107374182519	bmFwaV90aHJvd19lcnJvcg==	PHVucmVzb2x2ZWROYW1lc3BhY2U+Lm5hcGlfdGhyb3dfZXJyb3I6PHVucmVzb2x2ZWRTaWduYXR1cmU+KDMp	U1RBVElDX0RJU1BBVENI	QU5Z	bmFwaV90aHJvd19lcnJvcihlbnYsIE5VTEwsICJuYXBpX2dldF92YWx1ZV9leHRlcm5hbChlbnYsIGFyZ3ZbMF0sICh2b2lkKiopJml0ZXJhdG9yKSBmYWlsZWQhIik=	YmluZGluZ3MuY3Bw	1482	107374182596	PHVucmVzb2x2ZWROYW1lc3BhY2U+Lm5hcGlfdGhyb3dfZXJyb3I6PHVucmVzb2x2ZWRTaWduYXR1cmU+KDMp
30064772724	107374182519	PG9wZXJhdG9yPi5hc3NpZ25tZW50	PG9wZXJhdG9yPi5hc3NpZ25tZW50	U1RBVElDX0RJU1BBVENI	dm9pZA==	YXJndiA9IENyZWF0ZUVycm9yKGVudiwgIml0ZXJhdG9yIGhhcyBlbmRlZCIp	YmluZGluZ3MuY3Bw	1487	107374182564	PG9wZXJhdG9yPi5hc3NpZ25tZW50
30064772726	107374182519	Q2FsbEZ1bmN0aW9u	Q2FsbEZ1bmN0aW9uOkFOWShuYXBpX2Vudl9fKixuYXBpX3ZhbHVlX18qLGludCxuYXBpX3ZhbHVlX18qKik=	U1RBVElDX0RJU1BBVENI	QU5Z	Q2FsbEZ1bmN0aW9uKGVudiwgY2FsbGJhY2ssIDEsICZhcmd2KQ==	YmluZGluZ3MuY3Bw	1488	107374182606	Q2FsbEZ1bmN0aW9uOkFOWShuYXBpX2Vudl9fKixuYXBpX3ZhbHVlX18qLGludCxuYXBpX3ZhbHVlX18qKik=
30064772728	107374182519	TkFQSV9SRVRVUk5fVU5ERUZJTkVE	YmluZGluZ3MuY3BwOk5BUElfUkVUVVJOX1VOREVGSU5FRDpBTlkoMCk=	SU5MSU5FRA==	QU5Z	TkFQSV9SRVRVUk5fVU5ERUZJTkVEKCk=	YmluZGluZ3MuY3Bw	1490	107374182553	YmluZGluZ3MuY3BwOk5BUElfUkVUVVJOX1VOREVGSU5FRDpBTlkoMCk=
30064772707	107374182519	PG9wZXJhdG9yPi5hbGxvYw==	PG9wZXJhdG9yPi5hbGxvYw==	U1RBVElDX0RJU1BBVENI	bmFwaV92YWx1ZVsyXQ==	bmFwaV92YWx1ZSBbXQ==	YmluZGluZ3MuY3Bw	1481	107374182575	PG9wZXJhdG9yPi5hbGxvYw==
30064772711	107374182519	PG9wZXJhdG9yPi5hZGRyZXNzT2Y=	PG9wZXJhdG9yPi5hZGRyZXNzT2Y=	U1RBVElDX0RJU1BBVENI	QU5Z	JmFyZ2M=	YmluZGluZ3MuY3Bw	1481	107374182558	PG9wZXJhdG9yPi5hZGRyZXNzT2Y=
30064772717	107374182519	PG9wZXJhdG9yPi5pbmRpcmVjdEluZGV4QWNjZXNz	PG9wZXJhdG9yPi5pbmRpcmVjdEluZGV4QWNjZXNz	U1RBVElDX0RJU1BBVENI	QU5Z	YXJndlswXQ==	YmluZGluZ3MuY3Bw	1482	107374182578	PG9wZXJhdG9yPi5pbmRpcmVjdEluZGV4QWNjZXNz
30064772718	107374182519	PG9wZXJhdG9yPi5jYXN0	PG9wZXJhdG9yPi5jYXN0	U1RBVElDX0RJU1BBVENI	dm9pZA==	KHZvaWQgKiAqKSZpdGVyYXRvcg==	YmluZGluZ3MuY3Bw	1482	107374182585	PG9wZXJhdG9yPi5jYXN0
30064772725	107374182519	Q3JlYXRlRXJyb3I=	Q3JlYXRlRXJyb3I6bmFwaV92YWx1ZV9fKihuYXBpX2Vudl9fKixjaGFyKik=	U1RBVElDX0RJU1BBVENI	bmFwaV92YWx1ZV9fKg==	Q3JlYXRlRXJyb3IoZW52LCAiaXRlcmF0b3IgaGFzIGVuZGVkIik=	YmluZGluZ3MuY3Bw	1487	107374182604	Q3JlYXRlRXJyb3I6bmFwaV92YWx1ZV9fKihuYXBpX2Vudl9fKixjaGFyKik=
30064772727	107374182519	PG9wZXJhdG9yPi5hZGRyZXNzT2Y=	PG9wZXJhdG9yPi5hZGRyZXNzT2Y=	U1RBVElDX0RJU1BBVENI	QU5Z	JmFyZ3Y=	YmluZGluZ3MuY3Bw	1488	107374182558	PG9wZXJhdG9yPi5hZGRyZXNzT2Y=
30064772731	107374182519	PG9wZXJhdG9yPi5hc3NpZ25tZW50	PG9wZXJhdG9yPi5hc3NpZ25tZW50	U1RBVElDX0RJU1BBVENI	QU5Z	PHRtcD4wID0gPG9wZXJhdG9yPi5hbGxvYw==	YmluZGluZ3MuY3Bw	1493	107374182564	PG9wZXJhdG9yPi5hc3NpZ25tZW50
30064772733	107374182519	TmV4dFdvcmtlcg==	TmV4dFdvcmtlci5OZXh0V29ya2VyOnZvaWQobmFwaV9lbnZfXyosSXRlcmF0b3IqLG5hcGlfdmFsdWVfXyosdm9pZChJdGVyYXRvciopKQ==	U1RBVElDX0RJU1BBVENI	dm9pZA==	bmV3IE5leHRXb3JrZXIoZW52LCBpdGVyYXRvciwgY2FsbGJhY2ssCiAgICAgICAgICAgICAgICAgICAgICAgICAgICAgICAgICAgICAgQ2hlY2tFbmRDYWxsYmFjayk=	YmluZGluZ3MuY3Bw	1493	107374182720	TmV4dFdvcmtlci5OZXh0V29ya2VyOnZvaWQobmFwaV9lbnZfXyosSXRlcmF0b3IqLG5hcGlfdmFsdWVfXyosdm9pZChJdGVyYXRvciopKQ==
30064772719	107374182519	PG9wZXJhdG9yPi5hZGRyZXNzT2Y=	PG9wZXJhdG9yPi5hZGRyZXNzT2Y=	U1RBVElDX0RJU1BBVENI	QU5Z	Jml0ZXJhdG9y	YmluZGluZ3MuY3Bw	1482	107374182558	PG9wZXJhdG9yPi5hZGRyZXNzT2Y=
30064772732	107374182519	PG9wZXJhdG9yPi5hbGxvYw==	PG9wZXJhdG9yPi5hbGxvYw==	U1RBVElDX0RJU1BBVENI	QU5Z	PG9wZXJhdG9yPi5hbGxvYw==	YmluZGluZ3MuY3Bw	1493	107374182575	PG9wZXJhdG9yPi5hbGxvYw==
30064772734	107374182519	PG9wZXJhdG9yPi5hZGRyZXNzT2Y=	PG9wZXJhdG9yPi5hZGRyZXNzT2Y=	U1RBVElDX0RJU1BBVENI	QU5Z	Jjx0bXA+MA==	YmluZGluZ3MuY3Bw	1493	107374182558	PG9wZXJhdG9yPi5hZGRyZXNzT2Y=
30064772739	107374182520	PG9wZXJhdG9yPi5hc3NpZ25tZW50	PG9wZXJhdG9yPi5hc3NpZ25tZW50	U1RBVElDX0RJU1BBVENI	QU5Z	b3B0aW9uc18uc3luYyA9IHN5bmM=	YmluZGluZ3MuY3Bw	1513	107374182564	PG9wZXJhdG9yPi5hc3NpZ25tZW50
30064772742	107374182520	PG9wZXJhdG9yPi5hc3NpZ25tZW50	PG9wZXJhdG9yPi5hc3NpZ25tZW50	U1RBVElDX0RJU1BBVENI	dm9pZA==	dGhpcy0+UHJpb3JpdHlXb3JrZXIgPSBlbnY=	YmluZGluZ3MuY3Bw	1511	107374182564	PG9wZXJhdG9yPi5hc3NpZ25tZW50
30064772744	107374182520	PG9wZXJhdG9yPi5hc3NpZ25tZW50	PG9wZXJhdG9yPi5hc3NpZ25tZW50	U1RBVElDX0RJU1BBVENI	dm9pZA==	dGhpcy0+YmF0Y2hfID0gYmF0Y2g=	YmluZGluZ3MuY3Bw	1512	107374182564	PG9wZXJhdG9yPi5hc3NpZ25tZW50
30064772746	107374182520	PG9wZXJhdG9yPi5hc3NpZ25tZW50	PG9wZXJhdG9yPi5hc3NpZ25tZW50	U1RBVElDX0RJU1BBVENI	dm9pZA==	dGhpcy0+aGFzRGF0YV8gPSBoYXNEYXRh	YmluZGluZ3MuY3Bw	1512	107374182564	PG9wZXJhdG9yPi5hc3NpZ25tZW50
30064772740	107374182520	PG9wZXJhdG9yPi5maWVsZEFjY2Vzcw==	PG9wZXJhdG9yPi5maWVsZEFjY2Vzcw==	U1RBVElDX0RJU1BBVENI	QU5Z	b3B0aW9uc18uc3luYw==	YmluZGluZ3MuY3Bw	1513	107374182628	PG9wZXJhdG9yPi5maWVsZEFjY2Vzcw==
30064772743	107374182520	PG9wZXJhdG9yPi5pbmRpcmVjdEZpZWxkQWNjZXNz	PG9wZXJhdG9yPi5pbmRpcmVjdEZpZWxkQWNjZXNz	U1RBVElDX0RJU1BBVENI	QmF0Y2hXb3JrZXIq	dGhpcy0+UHJpb3JpdHlXb3JrZXI=	YmluZGluZ3MuY3Bw	1511	107374182595	PG9wZXJhdG9yPi5pbmRpcmVjdEZpZWxkQWNjZXNz
30064772745	107374182520	PG9wZXJhdG9yPi5pbmRpcmVjdEZpZWxkQWNjZXNz	PG9wZXJhdG9yPi5pbmRpcmVjdEZpZWxkQWNjZXNz	U1RBVElDX0RJU1BBVENI	QmF0Y2hXb3JrZXIq	dGhpcy0+YmF0Y2hf	YmluZGluZ3MuY3Bw	1512	107374182595	PG9wZXJhdG9yPi5pbmRpcmVjdEZpZWxkQWNjZXNz
30064772747	107374182520	PG9wZXJhdG9yPi5pbmRpcmVjdEZpZWxkQWNjZXNz	PG9wZXJhdG9yPi5pbmRpcmVjdEZpZWxkQWNjZXNz	U1RBVElDX0RJU1BBVENI	QmF0Y2hXb3JrZXIq	dGhpcy0+aGFzRGF0YV8=	YmluZGluZ3MuY3Bw	1512	107374182595	PG9wZXJhdG9yPi5pbmRpcmVjdEZpZWxkQWNjZXNz
30064772741	107374182520	PG9wZXJhdG9yPi5pbmRpcmVjdEZpZWxkQWNjZXNz	PG9wZXJhdG9yPi5pbmRpcmVjdEZpZWxkQWNjZXNz	U1RBVElDX0RJU1BBVENI	QU5Z	dGhpcy0+b3B0aW9uc18=	YmluZGluZ3MuY3Bw	1513	107374182595	PG9wZXJhdG9yPi5pbmRpcmVjdEZpZWxkQWNjZXNz
30064772748	107374182521	PG9wZXJhdG9yPi5kZWxldGU=	PG9wZXJhdG9yPi5kZWxldGU=	U1RBVElDX0RJU1BBVENI	dm9pZA==	ZGVsZXRlIGJhdGNoXw==	YmluZGluZ3MuY3Bw	1517	107374182579	PG9wZXJhdG9yPi5kZWxldGU=
30064772749	107374182521	PG9wZXJhdG9yPi5pbmRpcmVjdEZpZWxkQWNjZXNz	PG9wZXJhdG9yPi5pbmRpcmVjdEZpZWxkQWNjZXNz	U1RBVElDX0RJU1BBVENI	QU5Z	dGhpcy0+YmF0Y2hf	YmluZGluZ3MuY3Bw	1517	107374182595	PG9wZXJhdG9yPi5pbmRpcmVjdEZpZWxkQWNjZXNz
30064772750	107374182522	PG9wZXJhdG9yPi5pbmRpcmVjdEZpZWxkQWNjZXNz	PG9wZXJhdG9yPi5pbmRpcmVjdEZpZWxkQWNjZXNz	U1RBVElDX0RJU1BBVENI	Ym9vbA==	dGhpcy0+aGFzRGF0YV8=	YmluZGluZ3MuY3Bw	1521	107374182595	PG9wZXJhdG9yPi5pbmRpcmVjdEZpZWxkQWNjZXNz
30064772751	107374182522	U2V0U3RhdHVz	QmFzZVdvcmtlci5TZXRTdGF0dXM6dm9pZChBTlkp	U1RBVElDX0RJU1BBVENI	dm9pZA==	U2V0U3RhdHVzKGRhdGFiYXNlXy0+V3JpdGVCYXRjaChvcHRpb25zXywgYmF0Y2hfKSk=	YmluZGluZ3MuY3Bw	1522	107374182675	QmFzZVdvcmtlci5TZXRTdGF0dXM6dm9pZChBTlkp
30064772752	107374182522	V3JpdGVCYXRjaA==	RGF0YWJhc2UuV3JpdGVCYXRjaDpBTlkoQU5ZLEFOWSk=	U1RBVElDX0RJU1BBVENI	QU5Z	ZGF0YWJhc2VfLT5Xcml0ZUJhdGNoKG9wdGlvbnNfLCBiYXRjaF8p	YmluZGluZ3MuY3Bw	1522	107374182722	RGF0YWJhc2UuV3JpdGVCYXRjaDpBTlkoQU5ZLEFOWSk=
30064772753	107374182522	PG9wZXJhdG9yPi5pbmRpcmVjdEZpZWxkQWNjZXNz	PG9wZXJhdG9yPi5pbmRpcmVjdEZpZWxkQWNjZXNz	U1RBVElDX0RJU1BBVENI	RGF0YWJhc2Uq	dGhpcy0+ZGF0YWJhc2Vf	YmluZGluZ3MuY3Bw	1522	107374182595	PG9wZXJhdG9yPi5pbmRpcmVjdEZpZWxkQWNjZXNz
30064772754	107374182522	PG9wZXJhdG9yPi5pbmRpcmVjdEZpZWxkQWNjZXNz	PG9wZXJhdG9yPi5pbmRpcmVjdEZpZWxkQWNjZXNz	U1RBVElDX0RJU1BBVENI	QU5Z	dGhpcy0+b3B0aW9uc18=	YmluZGluZ3MuY3Bw	1522	107374182595	PG9wZXJhdG9yPi5pbmRpcmVjdEZpZWxkQWNjZXNz
30064772755	107374182522	PG9wZXJhdG9yPi5pbmRpcmVjdEZpZWxkQWNjZXNz	PG9wZXJhdG9yPi5pbmRpcmVjdEZpZWxkQWNjZXNz	U1RBVElDX0RJU1BBVENI	QU5Z	dGhpcy0+YmF0Y2hf	YmluZGluZ3MuY3Bw	1522	107374182595	PG9wZXJhdG9yPi5pbmRpcmVjdEZpZWxkQWNjZXNz
30064772756	107374182523	TkFQSV9BUkdW	L3RtcC9jbGF1ZGUtMC8taG9tZS11c2VyLWJ1Zy10cmFja2VyLzYzYjcwZTVhLTc1ZDMtNWRhMi1hZTgxLWUwMDk2MTI4N2M2ZS9zY3JhdGNocGFkL3ZhbDEwL0A4Y3JhZnRlcl9fbGV2ZWxkYi16bGliL3BrZy9wYWNrYWdlL3NyYy9uYXBpLW1hY3Jvcy5oOk5BUElfQVJHVjpBTlkoMSk=	SU5MSU5FRA==	QU5Z	TkFQSV9BUkdWKDQp	YmluZGluZ3MuY3Bw	1535	107374182550	L3RtcC9jbGF1ZGUtMC8taG9tZS11c2VyLWJ1Zy10cmFja2VyLzYzYjcwZTVhLTc1ZDMtNWRhMi1hZTgxLWUwMDk2MTI4N2M2ZS9zY3JhdGNocGFkL3ZhbDEwL0A4Y3JhZnRlcl9fbGV2ZWxkYi16bGliL3BrZy9wYWNrYWdlL3NyYy9uYXBpLW1hY3Jvcy5oOk5BUElfQVJHVjpBTlkoMSk=
30064772759	107374182523	PG9wZXJhdG9yPi5hc3NpZ25tZW50	PG9wZXJhdG9yPi5hc3NpZ25tZW50	U1RBVElDX0RJU1BBVENI	dm9pZA==	c2l6ZV90	YmluZGluZ3MuY3Bw	1535	107374182564	PG9wZXJhdG9yPi5hc3NpZ25tZW50
30064772764	107374182523	TkFQSV9EQl9DT05URVhU	YmluZGluZ3MuY3BwOk5BUElfREJfQ09OVEVYVDpBTlkoMCk=	SU5MSU5FRA==	QU5Z	TkFQSV9EQl9DT05URVhUKCk=	YmluZGluZ3MuY3Bw	1536	107374182551	YmluZGluZ3MuY3BwOk5BUElfREJfQ09OVEVYVDpBTlkoMCk=
30064772772	107374182523	PG9wZXJhdG9yPi5hc3NpZ25tZW50	PG9wZXJhdG9yPi5hc3NpZ25tZW50	U1RBVElDX0RJU1BBVENI	dm9pZA==	YXJyYXkgPSBhcmd2WzFd	YmluZGluZ3MuY3Bw	1538	107374182564	PG9wZXJhdG9yPi5hc3NpZ25tZW50
30064772774	107374182523	PG9wZXJhdG9yPi5hc3NpZ25tZW50	PG9wZXJhdG9yPi5hc3NpZ25tZW50	U1RBVElDX0RJU1BBVENI	dm9pZA==	c3luYyA9IEJvb2xlYW5Qcm9wZXJ0eShlbnYsIGFyZ3ZbMl0sICJzeW5jIiwgZmFsc2Up	YmluZGluZ3MuY3Bw	1539	107374182564	PG9wZXJhdG9yPi5hc3NpZ25tZW50
30064772777	107374182523	PG9wZXJhdG9yPi5hc3NpZ25tZW50	PG9wZXJhdG9yPi5hc3NpZ25tZW50	U1RBVElDX0RJU1BBVENI	dm9pZA==	Y2FsbGJhY2sgPSBhcmd2WzNd	YmluZGluZ3MuY3Bw	1540	107374182564	PG9wZXJhdG9yPi5hc3NpZ25tZW50
30064772779	107374182523	bmFwaV9nZXRfYXJyYXlfbGVuZ3Ro	bmFwaV9nZXRfYXJyYXlfbGVuZ3Ro	U1RBVElDX0RJU1BBVENI	QU5Z	bmFwaV9nZXRfYXJyYXlfbGVuZ3RoKGVudiwgYXJyYXksICZsZW5ndGgp	YmluZGluZ3MuY3Bw	1543	107374182723	bmFwaV9nZXRfYXJyYXlfbGVuZ3Ro
30064772781	107374182523	PG9wZXJhdG9yPi5hc3NpZ25tZW50	PG9wZXJhdG9yPi5hc3NpZ25tZW50	U1RBVElDX0RJU1BBVENI	dm9pZA==	YmF0Y2ggPSBuZXcgbGV2ZWxkYjo6V3JpdGVCYXRjaCgp	YmluZGluZ3MuY3Bw	1545	107374182564	PG9wZXJhdG9yPi5hc3NpZ25tZW50
30064772787	107374182523	PG9wZXJhdG9yPi5hc3NpZ25tZW50	PG9wZXJhdG9yPi5hc3NpZ25tZW50	U1RBVElDX0RJU1BBVENI	dm9pZA==	aGFzRGF0YSA9IGZhbHNl	YmluZGluZ3MuY3Bw	1546	107374182564	PG9wZXJhdG9yPi5hc3NpZ25tZW50
30064772823	107374182523	PG9wZXJhdG9yPi5hc3NpZ25tZW50	PG9wZXJhdG9yPi5hc3NpZ25tZW50	U1RBVElDX0RJU1BBVENI	dm9pZA==	d29ya2VyID0gbmV3IEJhdGNoV29ya2VyKGVudiwgZGF0YWJhc2UsIGNhbGxiYWNrLCBiYXRjaCwgc3luYywgaGFzRGF0YSk=	YmluZGluZ3MuY3Bw	1579	107374182564	PG9wZXJhdG9yPi5hc3NpZ25tZW50
30064772829	107374182523	UXVldWU=	QmF0Y2hXb3JrZXIuUXVldWU6dm9pZCgp	U1RBVElDX0RJU1BBVENI	dm9pZA==	d29ya2VyLT5RdWV1ZSgp	YmluZGluZ3MuY3Bw	1580	107374182731	QmF0Y2hXb3JrZXIuUXVldWU6dm9pZCgp
30064772830	107374182523	TkFQSV9SRVRVUk5fVU5ERUZJTkVE	YmluZGluZ3MuY3BwOk5BUElfUkVUVVJOX1VOREVGSU5FRDpBTlkoMCk=	SU5MSU5FRA==	QU5Z	TkFQSV9SRVRVUk5fVU5ERUZJTkVEKCk=	YmluZGluZ3MuY3Bw	1582	107374182553	YmluZGluZ3MuY3BwOk5BUElfUkVUVVJOX1VOREVGSU5FRDpBTlkoMCk=
30064772760	107374182523	PG9wZXJhdG9yPi5ub3RFcXVhbHM=	PG9wZXJhdG9yPi5ub3RFcXVhbHM=	U1RBVElDX0RJU1BBVENI	QU5Z	KG5hcGlfZ2V0X2NiX2luZm8oZW52LCBpbmZvLCAmYXJnYywgYXJndiwgTlVMTCwgTlVMTCkpICE9IG5hcGlfb2s=	YmluZGluZ3MuY3Bw	1535	107374182593	PG9wZXJhdG9yPi5ub3RFcXVhbHM=
30064772766	107374182523	PG9wZXJhdG9yPi5ub3RFcXVhbHM=	PG9wZXJhdG9yPi5ub3RFcXVhbHM=	U1RBVElDX0RJU1BBVENI	QU5Z	KG5hcGlfZ2V0X3ZhbHVlX2V4dGVybmFsKGVudiwgYXJndlswXSwgKHZvaWQgKiAqKSZkYXRhYmFzZSkpICE9IG5hcGlfb2s=	YmluZGluZ3MuY3Bw	1536	107374182593	PG9wZXJhdG9yPi5ub3RFcXVhbHM=
30064772773	107374182523	PG9wZXJhdG9yPi5pbmRpcmVjdEluZGV4QWNjZXNz	PG9wZXJhdG9yPi5pbmRpcmVjdEluZGV4QWNjZXNz	U1RBVElDX0RJU1BBVENI	QU5Z	YXJndlsxXQ==	YmluZGluZ3MuY3Bw	1538	107374182578	PG9wZXJhdG9yPi5pbmRpcmVjdEluZGV4QWNjZXNz
30064772775	107374182523	Qm9vbGVhblByb3BlcnR5	Qm9vbGVhblByb3BlcnR5OmJvb2wobmFwaV9lbnZfXyosbmFwaV92YWx1ZV9fKixjaGFyKixib29sKQ==	U1RBVElDX0RJU1BBVENI	Ym9vbA==	Qm9vbGVhblByb3BlcnR5KGVudiwgYXJndlsyXSwgInN5bmMiLCBmYWxzZSk=	YmluZGluZ3MuY3Bw	1539	107374182662	Qm9vbGVhblByb3BlcnR5OmJvb2wobmFwaV9lbnZfXyosbmFwaV92YWx1ZV9fKixjaGFyKixib29sKQ==
30064772778	107374182523	PG9wZXJhdG9yPi5pbmRpcmVjdEluZGV4QWNjZXNz	PG9wZXJhdG9yPi5pbmRpcmVjdEluZGV4QWNjZXNz	U1RBVElDX0RJU1BBVENI	QU5Z	YXJndlszXQ==	YmluZGluZ3MuY3Bw	1540	107374182578	PG9wZXJhdG9yPi5pbmRpcmVjdEluZGV4QWNjZXNz
30064772780	107374182523	PG9wZXJhdG9yPi5hZGRyZXNzT2Y=	PG9wZXJhdG9yPi5hZGRyZXNzT2Y=	U1RBVElDX0RJU1BBVENI	QU5Z	Jmxlbmd0aA==	YmluZGluZ3MuY3Bw	1543	107374182558	PG9wZXJhdG9yPi5hZGRyZXNzT2Y=
30064772782	107374182523	PG9wZXJhdG9yPi5uZXc=	PG9wZXJhdG9yPi5uZXc=	U1RBVElDX0RJU1BBVENI	QU5Z	bmV3IGxldmVsZGI6OldyaXRlQmF0Y2goKQ==	YmluZGluZ3MuY3Bw	1545	107374182574	PG9wZXJhdG9yPi5uZXc=
30064772788	107374182523	PG9wZXJhdG9yPi5hc3NpZ25tZW50	PG9wZXJhdG9yPi5hc3NpZ25tZW50	U1RBVElDX0RJU1BBVENI	dm9pZA==	aSA9IDA=	YmluZGluZ3MuY3Bw	1548	107374182564	PG9wZXJhdG9yPi5hc3NpZ25tZW50
30064772789	107374182523	PG9wZXJhdG9yPi5sZXNzVGhhbg==	PG9wZXJhdG9yPi5sZXNzVGhhbg==	U1RBVElDX0RJU1BBVENI	QU5Z	aSA8IGxlbmd0aA==	YmluZGluZ3MuY3Bw	1548	107374182645	PG9wZXJhdG9yPi5sZXNzVGhhbg==
30064772790	107374182523	PG9wZXJhdG9yPi5wb3N0SW5jcmVtZW50	PG9wZXJhdG9yPi5wb3N0SW5jcmVtZW50	U1RBVElDX0RJU1BBVENI	QU5Z	aSsr	YmluZGluZ3MuY3Bw	1548	107374182706	PG9wZXJhdG9yPi5wb3N0SW5jcmVtZW50
30064772824	107374182523	PG9wZXJhdG9yPi5uZXc=	PG9wZXJhdG9yPi5uZXc=	U1RBVElDX0RJU1BBVENI	QU5Z	bmV3IEJhdGNoV29ya2VyKGVudiwgZGF0YWJhc2UsIGNhbGxiYWNrLCBiYXRjaCwgc3luYywgaGFzRGF0YSk=	YmluZGluZ3MuY3Bw	1579	107374182574	PG9wZXJhdG9yPi5uZXc=
30064772757	107374182523	PG9wZXJhdG9yPi5hc3NpZ25tZW50	PG9wZXJhdG9yPi5hc3NpZ25tZW50	U1RBVElDX0RJU1BBVENI	dm9pZA==	bmFwaV92YWx1ZSBbXQ==	YmluZGluZ3MuY3Bw	1535	107374182564	PG9wZXJhdG9yPi5hc3NpZ25tZW50
30064772761	107374182523	bmFwaV9nZXRfY2JfaW5mbw==	PHVucmVzb2x2ZWROYW1lc3BhY2U+Lm5hcGlfZ2V0X2NiX2luZm86PHVucmVzb2x2ZWRTaWduYXR1cmU+KDYp	U1RBVElDX0RJU1BBVENI	QU5Z	bmFwaV9nZXRfY2JfaW5mbyhlbnYsIGluZm8sICZhcmdjLCBhcmd2LCBOVUxMLCBOVUxMKQ==	YmluZGluZ3MuY3Bw	1535	107374182660	PHVucmVzb2x2ZWROYW1lc3BhY2U+Lm5hcGlfZ2V0X2NiX2luZm86PHVucmVzb2x2ZWRTaWduYXR1cmU+KDYp
30064772763	107374182523	bmFwaV90aHJvd19lcnJvcg==	PHVucmVzb2x2ZWROYW1lc3BhY2U+Lm5hcGlfdGhyb3dfZXJyb3I6PHVucmVzb2x2ZWRTaWduYXR1cmU+KDMp	U1RBVElDX0RJU1BBVENI	QU5Z	bmFwaV90aHJvd19lcnJvcihlbnYsIE5VTEwsICJuYXBpX2dldF9jYl9pbmZvKGVudiwgaW5mbywgJmFyZ2MsIGFyZ3YsIE5VTEwsIE5VTEwpIGZhaWxlZCEiKQ==	YmluZGluZ3MuY3Bw	1535	107374182596	PHVucmVzb2x2ZWROYW1lc3BhY2U+Lm5hcGlfdGhyb3dfZXJyb3I6PHVucmVzb2x2ZWRTaWduYXR1cmU+KDMp
30064772765	107374182523	PG9wZXJhdG9yPi5hc3NpZ25tZW50	PG9wZXJhdG9yPi5hc3NpZ25tZW50	U1RBVElDX0RJU1BBVENI	dm9pZA==	RGF0YWJhc2UgKg==	YmluZGluZ3MuY3Bw	1536	107374182564	PG9wZXJhdG9yPi5hc3NpZ25tZW50
30064772767	107374182523	bmFwaV9nZXRfdmFsdWVfZXh0ZXJuYWw=	bmFwaV9nZXRfdmFsdWVfZXh0ZXJuYWw=	U1RBVElDX0RJU1BBVENI	QU5Z	bmFwaV9nZXRfdmFsdWVfZXh0ZXJuYWwoZW52LCBhcmd2WzBdLCAodm9pZCAqICopJmRhdGFiYXNlKQ==	YmluZGluZ3MuY3Bw	1536	107374182661	bmFwaV9nZXRfdmFsdWVfZXh0ZXJuYWw=
30064772771	107374182523	bmFwaV90aHJvd19lcnJvcg==	PHVucmVzb2x2ZWROYW1lc3BhY2U+Lm5hcGlfdGhyb3dfZXJyb3I6PHVucmVzb2x2ZWRTaWduYXR1cmU+KDMp	U1RBVElDX0RJU1BBVENI	QU5Z	bmFwaV90aHJvd19lcnJvcihlbnYsIE5VTEwsICJuYXBpX2dldF92YWx1ZV9leHRlcm5hbChlbnYsIGFyZ3ZbMF0sICh2b2lkKiopJmRhdGFiYXNlKSBmYWlsZWQhIik=	YmluZGluZ3MuY3Bw	1536	107374182596	PHVucmVzb2x2ZWROYW1lc3BhY2U+Lm5hcGlfdGhyb3dfZXJyb3I6PHVucmVzb2x2ZWRTaWduYXR1cmU+KDMp
30064772776	107374182523	PG9wZXJhdG9yPi5pbmRpcmVjdEluZGV4QWNjZXNz	PG9wZXJhdG9yPi5pbmRpcmVjdEluZGV4QWNjZXNz	U1RBVElDX0RJU1BBVENI	QU5Z	YXJndlsyXQ==	YmluZGluZ3MuY3Bw	1539	107374182578	PG9wZXJhdG9yPi5pbmRpcmVjdEluZGV4QWNjZXNz
30064772791	107374182523	bmFwaV9nZXRfZWxlbWVudA==	bmFwaV9nZXRfZWxlbWVudA==	U1RBVElDX0RJU1BBVENI	QU5Z	bmFwaV9nZXRfZWxlbWVudChlbnYsIGFycmF5LCBpLCAmZWxlbWVudCk=	YmluZGluZ3MuY3Bw	1550	107374182725	bmFwaV9nZXRfZWxlbWVudA==
30064772795	107374182523	PG9wZXJhdG9yPi5hc3NpZ25tZW50	PG9wZXJhdG9yPi5hc3NpZ25tZW50	U1RBVElDX0RJU1BBVENI	dm9pZA==	dHlwZSA9IFN0cmluZ1Byb3BlcnR5KGVudiwgZWxlbWVudCwgInR5cGUiKQ==	YmluZGluZ3MuY3Bw	1554	107374182564	PG9wZXJhdG9yPi5hc3NpZ25tZW50
30064772758	107374182523	PG9wZXJhdG9yPi5hbGxvYw==	PG9wZXJhdG9yPi5hbGxvYw==	U1RBVElDX0RJU1BBVENI	bmFwaV92YWx1ZVs0XQ==	bmFwaV92YWx1ZSBbXQ==	YmluZGluZ3MuY3Bw	1535	107374182575	PG9wZXJhdG9yPi5hbGxvYw==
30064772762	107374182523	PG9wZXJhdG9yPi5hZGRyZXNzT2Y=	PG9wZXJhdG9yPi5hZGRyZXNzT2Y=	U1RBVElDX0RJU1BBVENI	QU5Z	JmFyZ2M=	YmluZGluZ3MuY3Bw	1535	107374182558	PG9wZXJhdG9yPi5hZGRyZXNzT2Y=
30064772768	107374182523	PG9wZXJhdG9yPi5pbmRpcmVjdEluZGV4QWNjZXNz	PG9wZXJhdG9yPi5pbmRpcmVjdEluZGV4QWNjZXNz	U1RBVElDX0RJU1BBVENI	QU5Z	YXJndlswXQ==	YmluZGluZ3MuY3Bw	1536	107374182578	PG9wZXJhdG9yPi5pbmRpcmVjdEluZGV4QWNjZXNz
30064772769	107374182523	PG9wZXJhdG9yPi5jYXN0	PG9wZXJhdG9yPi5jYXN0	U1RBVElDX0RJU1BBVENI	dm9pZA==	KHZvaWQgKiAqKSZkYXRhYmFzZQ==	YmluZGluZ3MuY3Bw	1536	107374182585	PG9wZXJhdG9yPi5jYXN0
30064772783	107374182523	PG9wZXJhdG9yPi5hc3NpZ25tZW50	PG9wZXJhdG9yPi5hc3NpZ25tZW50	U1RBVElDX0RJU1BBVENI	QU5Z	PHRtcD4wID0gPG9wZXJhdG9yPi5hbGxvYw==	YmluZGluZ3MuY3Bw	1545	107374182564	PG9wZXJhdG9yPi5hc3NpZ25tZW50
30064772785	107374182523	bGV2ZWxkYi5Xcml0ZUJhdGNo	bGV2ZWxkYi5Xcml0ZUJhdGNoLldyaXRlQmF0Y2g6dm9pZCgp	U1RBVElDX0RJU1BBVENI	dm9pZA==	bmV3IGxldmVsZGI6OldyaXRlQmF0Y2goKQ==	YmluZGluZ3MuY3Bw	1545	107374182724	bGV2ZWxkYi5Xcml0ZUJhdGNoLldyaXRlQmF0Y2g6dm9pZCgp
30064772792	107374182523	PG9wZXJhdG9yPi5hZGRyZXNzT2Y=	PG9wZXJhdG9yPi5hZGRyZXNzT2Y=	U1RBVElDX0RJU1BBVENI	QU5Z	JmVsZW1lbnQ=	YmluZGluZ3MuY3Bw	1550	107374182558	PG9wZXJhdG9yPi5hZGRyZXNzT2Y=
30064772793	107374182523	PG9wZXJhdG9yPi5sb2dpY2FsTm90	PG9wZXJhdG9yPi5sb2dpY2FsTm90	U1RBVElDX0RJU1BBVENI	QU5Z	IUlzT2JqZWN0KGVudiwgZWxlbWVudCk=	YmluZGluZ3MuY3Bw	1552	107374182580	PG9wZXJhdG9yPi5sb2dpY2FsTm90
30064772796	107374182523	U3RyaW5nUHJvcGVydHk=	U3RyaW5nUHJvcGVydHk6QU5ZKG5hcGlfZW52X18qLG5hcGlfdmFsdWVfXyosY2hhciop	U1RBVElDX0RJU1BBVENI	QU5Z	U3RyaW5nUHJvcGVydHkoZW52LCBlbGVtZW50LCAidHlwZSIp	YmluZGluZ3MuY3Bw	1554	107374182727	U3RyaW5nUHJvcGVydHk6QU5ZKG5hcGlfZW52X18qLG5hcGlfdmFsdWVfXyosY2hhciop
30064772797	107374182523	PG9wZXJhdG9yPi5lcXVhbHM=	PG9wZXJhdG9yPi5lcXVhbHM=	U1RBVElDX0RJU1BBVENI	QU5Z	dHlwZSA9PSAiZGVsIg==	YmluZGluZ3MuY3Bw	1556	107374182559	PG9wZXJhdG9yPi5lcXVhbHM=
30064772825	107374182523	PG9wZXJhdG9yPi5hc3NpZ25tZW50	PG9wZXJhdG9yPi5hc3NpZ25tZW50	U1RBVElDX0RJU1BBVENI	QU5Z	PHRtcD4xID0gPG9wZXJhdG9yPi5hbGxvYw==	YmluZGluZ3MuY3Bw	1579	107374182564	PG9wZXJhdG9yPi5hc3NpZ25tZW50
30064772827	107374182523	QmF0Y2hXb3JrZXI=	QmF0Y2hXb3JrZXIuQmF0Y2hXb3JrZXI6dm9pZChuYXBpX2Vudl9fKixEYXRhYmFzZSosbmFwaV92YWx1ZV9fKixBTlksYm9vbCxib29sKQ==	U1RBVElDX0RJU1BBVENI	dm9pZA==	bmV3IEJhdGNoV29ya2VyKGVudiwgZGF0YWJhc2UsIGNhbGxiYWNrLCBiYXRjaCwgc3luYywgaGFzRGF0YSk=	YmluZGluZ3MuY3Bw	1579	107374182730	QmF0Y2hXb3JrZXIuQmF0Y2hXb3JrZXI6dm9pZChuYXBpX2Vudl9fKixEYXRhYmFzZSosbmFwaV92YWx1ZV9fKixBTlksYm9vbCxib29sKQ==
30064772770	107374182523	PG9wZXJhdG9yPi5hZGRyZXNzT2Y=	PG9wZXJhdG9yPi5hZGRyZXNzT2Y=	U1RBVElDX0RJU1BBVENI	QU5Z	JmRhdGFiYXNl	YmluZGluZ3MuY3Bw	1536	107374182558	PG9wZXJhdG9yPi5hZGRyZXNzT2Y=
30064772784	107374182523	PG9wZXJhdG9yPi5hbGxvYw==	PG9wZXJhdG9yPi5hbGxvYw==	U1RBVElDX0RJU1BBVENI	QU5Z	PG9wZXJhdG9yPi5hbGxvYw==	YmluZGluZ3MuY3Bw	1545	107374182575	PG9wZXJhdG9yPi5hbGxvYw==
30064772786	107374182523	PG9wZXJhdG9yPi5hZGRyZXNzT2Y=	PG9wZXJhdG9yPi5hZGRyZXNzT2Y=	U1RBVElDX0RJU1BBVENI	QU5Z	Jjx0bXA+MA==	YmluZGluZ3MuY3Bw	1545	107374182558	PG9wZXJhdG9yPi5hZGRyZXNzT2Y=
30064772794	107374182523	SXNPYmplY3Q=	SXNPYmplY3Q6Ym9vbChuYXBpX2Vudl9fKixuYXBpX3ZhbHVlX18qKQ==	U1RBVElDX0RJU1BBVENI	Ym9vbA==	SXNPYmplY3QoZW52LCBlbGVtZW50KQ==	YmluZGluZ3MuY3Bw	1552	107374182726	SXNPYmplY3Q6Ym9vbChuYXBpX2Vudl9fKixuYXBpX3ZhbHVlX18qKQ==
30064772800	107374182523	PG9wZXJhdG9yPi5hc3NpZ25tZW50	PG9wZXJhdG9yPi5hc3NpZ25tZW50	U1RBVElDX0RJU1BBVENI	dm9pZA==	a2V5ID0gVG9TbGljZShlbnYsIEdldFByb3BlcnR5KGVudiwgZWxlbWVudCwgImtleSIpKQ==	YmluZGluZ3MuY3Bw	1558	107374182564	PG9wZXJhdG9yPi5hc3NpZ25tZW50
30064772803	107374182523	RGVsZXRl	PHVucmVzb2x2ZWROYW1lc3BhY2U+LkRlbGV0ZTo8dW5yZXNvbHZlZFNpZ25hdHVyZT4oMSk=	U1RBVElDX0RJU1BBVENI	QU5Z	YmF0Y2gtPkRlbGV0ZShrZXkp	YmluZGluZ3MuY3Bw	1560	107374182728	PHVucmVzb2x2ZWROYW1lc3BhY2U+LkRlbGV0ZTo8dW5yZXNvbHZlZFNpZ25hdHVyZT4oMSk=
30064772806	107374182523	RGlzcG9zZVNsaWNlQnVmZmVy	RGlzcG9zZVNsaWNlQnVmZmVyOnZvaWQoQU5ZKQ==	U1RBVElDX0RJU1BBVENI	dm9pZA==	RGlzcG9zZVNsaWNlQnVmZmVyKGtleSk=	YmluZGluZ3MuY3Bw	1563	107374182674	RGlzcG9zZVNsaWNlQnVmZmVyOnZvaWQoQU5ZKQ==
30064772826	107374182523	PG9wZXJhdG9yPi5hbGxvYw==	PG9wZXJhdG9yPi5hbGxvYw==	U1RBVElDX0RJU1BBVENI	QU5Z	PG9wZXJhdG9yPi5hbGxvYw==	YmluZGluZ3MuY3Bw	1579	107374182575	PG9wZXJhdG9yPi5hbGxvYw==
30064772828	107374182523	PG9wZXJhdG9yPi5hZGRyZXNzT2Y=	PG9wZXJhdG9yPi5hZGRyZXNzT2Y=	U1RBVElDX0RJU1BBVENI	QU5Z	Jjx0bXA+MQ==	YmluZGluZ3MuY3Bw	1579	107374182558	PG9wZXJhdG9yPi5hZGRyZXNzT2Y=
30064772798	107374182523	PG9wZXJhdG9yPi5sb2dpY2FsTm90	PG9wZXJhdG9yPi5sb2dpY2FsTm90	U1RBVElDX0RJU1BBVENI	QU5Z	IUhhc1Byb3BlcnR5KGVudiwgZWxlbWVudCwgImtleSIp	YmluZGluZ3MuY3Bw	1557	107374182580	PG9wZXJhdG9yPi5sb2dpY2FsTm90
30064772801	107374182523	VG9TbGljZQ==	VG9TbGljZTpBTlkobmFwaV9lbnZfXyosbmFwaV92YWx1ZV9fKik=	U1RBVElDX0RJU1BBVENI	QU5Z	VG9TbGljZShlbnYsIEdldFByb3BlcnR5KGVudiwgZWxlbWVudCwgImtleSIpKQ==	YmluZGluZ3MuY3Bw	1558	107374182677	VG9TbGljZTpBTlkobmFwaV9lbnZfXyosbmFwaV92YWx1ZV9fKik=
30064772804	107374182523	PG9wZXJhdG9yPi5sb2dpY2FsTm90	PG9wZXJhdG9yPi5sb2dpY2FsTm90	U1RBVElDX0RJU1BBVENI	QU5Z	IWhhc0RhdGE=	YmluZGluZ3MuY3Bw	1561	107374182580	PG9wZXJhdG9yPi5sb2dpY2FsTm90
30064772807	107374182523	PG9wZXJhdG9yPi5lcXVhbHM=	PG9wZXJhdG9yPi5lcXVhbHM=	U1RBVElDX0RJU1BBVENI	QU5Z	dHlwZSA9PSAicHV0Ig==	YmluZGluZ3MuY3Bw	1564	107374182559	PG9wZXJhdG9yPi5lcXVhbHM=
30064772799	107374182523	SGFzUHJvcGVydHk=	SGFzUHJvcGVydHk6Ym9vbChuYXBpX2Vudl9fKixuYXBpX3ZhbHVlX18qLGNoYXIqKQ==	U1RBVElDX0RJU1BBVENI	Ym9vbA==	SGFzUHJvcGVydHkoZW52LCBlbGVtZW50LCAia2V5Iik=	YmluZGluZ3MuY3Bw	1557	107374182567	SGFzUHJvcGVydHk6Ym9vbChuYXBpX2Vudl9fKixuYXBpX3ZhbHVlX18qLGNoYXIqKQ==
30064772802	107374182523	R2V0UHJvcGVydHk=	R2V0UHJvcGVydHk6bmFwaV92YWx1ZV9fKihuYXBpX2Vudl9fKixuYXBpX3ZhbHVlX18qLGNoYXIqKQ==	U1RBVElDX0RJU1BBVENI	bmFwaV92YWx1ZV9fKg==	R2V0UHJvcGVydHkoZW52LCBlbGVtZW50LCAia2V5Iik=	YmluZGluZ3MuY3Bw	1558	107374182568	R2V0UHJvcGVydHk6bmFwaV92YWx1ZV9fKihuYXBpX2Vudl9fKixuYXBpX3ZhbHVlX18qLGNoYXIqKQ==
30064772805	107374182523	PG9wZXJhdG9yPi5hc3NpZ25tZW50	PG9wZXJhdG9yPi5hc3NpZ25tZW50	U1RBVElDX0RJU1BBVENI	QU5Z	aGFzRGF0YSA9IHRydWU=	YmluZGluZ3MuY3Bw	1561	107374182564	PG9wZXJhdG9yPi5hc3NpZ25tZW50
30064772812	107374182523	PG9wZXJhdG9yPi5hc3NpZ25tZW50	PG9wZXJhdG9yPi5hc3NpZ25tZW50	U1RBVElDX0RJU1BBVENI	dm9pZA==	a2V5ID0gVG9TbGljZShlbnYsIEdldFByb3BlcnR5KGVudiwgZWxlbWVudCwgImtleSIpKQ==	YmluZGluZ3MuY3Bw	1568	107374182564	PG9wZXJhdG9yPi5hc3NpZ25tZW50
30064772815	107374182523	PG9wZXJhdG9yPi5hc3NpZ25tZW50	PG9wZXJhdG9yPi5hc3NpZ25tZW50	U1RBVElDX0RJU1BBVENI	dm9pZA==	dmFsdWUgPSBUb1NsaWNlKGVudiwgR2V0UHJvcGVydHkoZW52LCBlbGVtZW50LCAidmFsdWUiKSk=	YmluZGluZ3MuY3Bw	1569	107374182564	PG9wZXJhdG9yPi5hc3NpZ25tZW50
30064772818	107374182523	UHV0	PHVucmVzb2x2ZWROYW1lc3BhY2U+LlB1dDo8dW5yZXNvbHZlZFNpZ25hdHVyZT4oMik=	U1RBVElDX0RJU1BBVENI	QU5Z	YmF0Y2gtPlB1dChrZXksIHZhbHVlKQ==	YmluZGluZ3MuY3Bw	1571	107374182729	PHVucmVzb2x2ZWROYW1lc3BhY2U+LlB1dDo8dW5yZXNvbHZlZFNpZ25hdHVyZT4oMik=
30064772821	107374182523	RGlzcG9zZVNsaWNlQnVmZmVy	RGlzcG9zZVNsaWNlQnVmZmVyOnZvaWQoQU5ZKQ==	U1RBVElDX0RJU1BBVENI	dm9pZA==	RGlzcG9zZVNsaWNlQnVmZmVyKGtleSk=	YmluZGluZ3MuY3Bw	1574	107374182674	RGlzcG9zZVNsaWNlQnVmZmVyOnZvaWQoQU5ZKQ==
30064772822	107374182523	RGlzcG9zZVNsaWNlQnVmZmVy	RGlzcG9zZVNsaWNlQnVmZmVyOnZvaWQoQU5ZKQ==	U1RBVElDX0RJU1BBVENI	dm9pZA==	RGlzcG9zZVNsaWNlQnVmZmVyKHZhbHVlKQ==	YmluZGluZ3MuY3Bw	1575	107374182674	RGlzcG9zZVNsaWNlQnVmZmVyOnZvaWQoQU5ZKQ==
30064772808	107374182523	PG9wZXJhdG9yPi5sb2dpY2FsTm90	PG9wZXJhdG9yPi5sb2dpY2FsTm90	U1RBVElDX0RJU1BBVENI	QU5Z	IUhhc1Byb3BlcnR5KGVudiwgZWxlbWVudCwgImtleSIp	YmluZGluZ3MuY3Bw	1565	107374182580	PG9wZXJhdG9yPi5sb2dpY2FsTm90
30064772810	107374182523	PG9wZXJhdG9yPi5sb2dpY2FsTm90	PG9wZXJhdG9yPi5sb2dpY2FsTm90	U1RBVElDX0RJU1BBVENI	QU5Z	IUhhc1Byb3BlcnR5KGVudiwgZWxlbWVudCwgInZhbHVlIik=	YmluZGluZ3MuY3Bw	1566	107374182580	PG9wZXJhdG9yPi5sb2dpY2FsTm90
30064772813	107374182523	VG9TbGljZQ==	VG9TbGljZTpBTlkobmFwaV9lbnZfXyosbmFwaV92YWx1ZV9fKik=	U1RBVElDX0RJU1BBVENI	QU5Z	VG9TbGljZShlbnYsIEdldFByb3BlcnR5KGVudiwgZWxlbWVudCwgImtleSIpKQ==	YmluZGluZ3MuY3Bw	1568	107374182677	VG9TbGljZTpBTlkobmFwaV9lbnZfXyosbmFwaV92YWx1ZV9fKik=
30064772816	107374182523	VG9TbGljZQ==	VG9TbGljZTpBTlkobmFwaV9lbnZfXyosbmFwaV92YWx1ZV9fKik=	U1RBVElDX0RJU1BBVENI	QU5Z	VG9TbGljZShlbnYsIEdldFByb3BlcnR5KGVudiwgZWxlbWVudCwgInZhbHVlIikp	YmluZGluZ3MuY3Bw	1569	107374182677	VG9TbGljZTpBTlkobmFwaV9lbnZfXyosbmFwaV92YWx1ZV9fKik=
30064772819	107374182523	PG9wZXJhdG9yPi5sb2dpY2FsTm90	PG9wZXJhdG9yPi5sb2dpY2FsTm90	U1RBVElDX0RJU1BBVENI	QU5Z	IWhhc0RhdGE=	YmluZGluZ3MuY3Bw	1572	107374182580	PG9wZXJhdG9yPi5sb2dpY2FsTm90
30064772809	107374182523	SGFzUHJvcGVydHk=	SGFzUHJvcGVydHk6Ym9vbChuYXBpX2Vudl9fKixuYXBpX3ZhbHVlX18qLGNoYXIqKQ==	U1RBVElDX0RJU1BBVENI	Ym9vbA==	SGFzUHJvcGVydHkoZW52LCBlbGVtZW50LCAia2V5Iik=	YmluZGluZ3MuY3Bw	1565	107374182567	SGFzUHJvcGVydHk6Ym9vbChuYXBpX2Vudl9fKixuYXBpX3ZhbHVlX18qLGNoYXIqKQ==
30064772811	107374182523	SGFzUHJvcGVydHk=	SGFzUHJvcGVydHk6Ym9vbChuYXBpX2Vudl9fKixuYXBpX3ZhbHVlX18qLGNoYXIqKQ==	U1RBVElDX0RJU1BBVENI	Ym9vbA==	SGFzUHJvcGVydHkoZW52LCBlbGVtZW50LCAidmFsdWUiKQ==	YmluZGluZ3MuY3Bw	1566	107374182567	SGFzUHJvcGVydHk6Ym9vbChuYXBpX2Vudl9fKixuYXBpX3ZhbHVlX18qLGNoYXIqKQ==
30064772814	107374182523	R2V0UHJvcGVydHk=	R2V0UHJvcGVydHk6bmFwaV92YWx1ZV9fKihuYXBpX2Vudl9fKixuYXBpX3ZhbHVlX18qLGNoYXIqKQ==	U1RBVElDX0RJU1BBVENI	bmFwaV92YWx1ZV9fKg==	R2V0UHJvcGVydHkoZW52LCBlbGVtZW50LCAia2V5Iik=	YmluZGluZ3MuY3Bw	1568	107374182568	R2V0UHJvcGVydHk6bmFwaV92YWx1ZV9fKihuYXBpX2Vudl9fKixuYXBpX3ZhbHVlX18qLGNoYXIqKQ==
30064772817	107374182523	R2V0UHJvcGVydHk=	R2V0UHJvcGVydHk6bmFwaV92YWx1ZV9fKihuYXBpX2Vudl9fKixuYXBpX3ZhbHVlX18qLGNoYXIqKQ==	U1RBVElDX0RJU1BBVENI	bmFwaV92YWx1ZV9fKg==	R2V0UHJvcGVydHkoZW52LCBlbGVtZW50LCAidmFsdWUiKQ==	YmluZGluZ3MuY3Bw	1569	107374182568	R2V0UHJvcGVydHk6bmFwaV92YWx1ZV9fKihuYXBpX2Vudl9fKixuYXBpX3ZhbHVlX18qLGNoYXIqKQ==
30064772820	107374182523	PG9wZXJhdG9yPi5hc3NpZ25tZW50	PG9wZXJhdG9yPi5hc3NpZ25tZW50	U1RBVElDX0RJU1BBVENI	QU5Z	aGFzRGF0YSA9IHRydWU=	YmluZGluZ3MuY3Bw	1572	107374182564	PG9wZXJhdG9yPi5hc3NpZ25tZW50
30064772861	107374182524	PG9wZXJhdG9yPi5hc3NpZ25tZW50	PG9wZXJhdG9yPi5hc3NpZ25tZW50	U1RBVElDX0RJU1BBVENI	dm9pZA==	KiBkYXRhYmFzZV8gPSBBTlkuQU5ZKCk=	YmluZGluZ3MuY3Bw	1619	107374182564	PG9wZXJhdG9yPi5hc3NpZ25tZW50
30064772862	107374182524	PG9wZXJhdG9yPi5hc3NpZ25tZW50	PG9wZXJhdG9yPi5hc3NpZ25tZW50	U1RBVElDX0RJU1BBVENI	QU5Z	PHRtcD4wID0gPG9wZXJhdG9yPi5hbGxvYw==	YmluZGluZ3MuY3Bw	1619	107374182564	PG9wZXJhdG9yPi5hc3NpZ25tZW50
30064772864	107374182524	QU5Z	QU5ZLkFOWTp2b2lkKCk=	U1RBVElDX0RJU1BBVENI	dm9pZA==	QU5ZLkFOWSgp	YmluZGluZ3MuY3Bw	1619	107374182609	QU5ZLkFOWTp2b2lkKCk=
30064772863	107374182524	PG9wZXJhdG9yPi5hbGxvYw==	PG9wZXJhdG9yPi5hbGxvYw==	U1RBVElDX0RJU1BBVENI	QU5Z	PG9wZXJhdG9yPi5hbGxvYw==	YmluZGluZ3MuY3Bw	1619	107374182575	PG9wZXJhdG9yPi5hbGxvYw==
30064772865	107374182524	PG9wZXJhdG9yPi5hZGRyZXNzT2Y=	PG9wZXJhdG9yPi5hZGRyZXNzT2Y=	U1RBVElDX0RJU1BBVENI	QU5Z	Jjx0bXA+MA==	YmluZGluZ3MuY3Bw	1619	107374182558	PG9wZXJhdG9yPi5hZGRyZXNzT2Y=
30064772831	107374182525	PG9wZXJhdG9yPi5hc3NpZ25tZW50	PG9wZXJhdG9yPi5hc3NpZ25tZW50	U1RBVElDX0RJU1BBVENI	dm9pZA==	dGhpcy0+ZGF0YWJhc2VfID0gZGF0YWJhc2U=	YmluZGluZ3MuY3Bw	1590	107374182564	PG9wZXJhdG9yPi5hc3NpZ25tZW50
30064772833	107374182525	PG9wZXJhdG9yPi5hc3NpZ25tZW50	PG9wZXJhdG9yPi5hc3NpZ25tZW50	U1RBVElDX0RJU1BBVENI	dm9pZA==	dGhpcy0+YmF0Y2hfID0gbmV3IGxldmVsZGI6OldyaXRlQmF0Y2goKQ==	YmluZGluZ3MuY3Bw	1591	107374182564	PG9wZXJhdG9yPi5hc3NpZ25tZW50
30064772840	107374182525	PG9wZXJhdG9yPi5hc3NpZ25tZW50	PG9wZXJhdG9yPi5hc3NpZ25tZW50	U1RBVElDX0RJU1BBVENI	dm9pZA==	dGhpcy0+aGFzRGF0YV8gPSBmYWxzZQ==	YmluZGluZ3MuY3Bw	1592	107374182564	PG9wZXJhdG9yPi5hc3NpZ25tZW50
30064772832	107374182525	PG9wZXJhdG9yPi5pbmRpcmVjdEZpZWxkQWNjZXNz	PG9wZXJhdG9yPi5pbmRpcmVjdEZpZWxkQWNjZXNz	U1RBVElDX0RJU1BBVENI	QmF0Y2gq	dGhpcy0+ZGF0YWJhc2Vf	YmluZGluZ3MuY3Bw	1590	107374182595	PG9wZXJhdG9yPi5pbmRpcmVjdEZpZWxkQWNjZXNz
30064772834	107374182525	PG9wZXJhdG9yPi5pbmRpcmVjdEZpZWxkQWNjZXNz	PG9wZXJhdG9yPi5pbmRpcmVjdEZpZWxkQWNjZXNz	U1RBVElDX0RJU1BBVENI	QmF0Y2gq	dGhpcy0+YmF0Y2hf	YmluZGluZ3MuY3Bw	1591	107374182595	PG9wZXJhdG9yPi5pbmRpcmVjdEZpZWxkQWNjZXNz
30064772835	107374182525	PG9wZXJhdG9yPi5uZXc=	PG9wZXJhdG9yPi5uZXc=	U1RBVElDX0RJU1BBVENI	QU5Z	bmV3IGxldmVsZGI6OldyaXRlQmF0Y2goKQ==	YmluZGluZ3MuY3Bw	1591	107374182574	PG9wZXJhdG9yPi5uZXc=
30064772841	107374182525	PG9wZXJhdG9yPi5pbmRpcmVjdEZpZWxkQWNjZXNz	PG9wZXJhdG9yPi5pbmRpcmVjdEZpZWxkQWNjZXNz	U1RBVElDX0RJU1BBVENI	QmF0Y2gq	dGhpcy0+aGFzRGF0YV8=	YmluZGluZ3MuY3Bw	1592	107374182595	PG9wZXJhdG9yPi5pbmRpcmVjdEZpZWxkQWNjZXNz
30064772836	107374182525	PG9wZXJhdG9yPi5hc3NpZ25tZW50	PG9wZXJhdG9yPi5hc3NpZ25tZW50	U1RBVElDX0RJU1BBVENI	QU5Z	PHRtcD4wID0gPG9wZXJhdG9yPi5hbGxvYw==	YmluZGluZ3MuY3Bw	1591	107374182564	PG9wZXJhdG9yPi5hc3NpZ25tZW50
30064772838	107374182525	bGV2ZWxkYi5Xcml0ZUJhdGNo	bGV2ZWxkYi5Xcml0ZUJhdGNoLldyaXRlQmF0Y2g6dm9pZCgp	U1RBVElDX0RJU1BBVENI	dm9pZA==	bmV3IGxldmVsZGI6OldyaXRlQmF0Y2goKQ==	YmluZGluZ3MuY3Bw	1591	107374182724	bGV2ZWxkYi5Xcml0ZUJhdGNoLldyaXRlQmF0Y2g6dm9pZCgp
30064772837	107374182525	PG9wZXJhdG9yPi5hbGxvYw==	PG9wZXJhdG9yPi5hbGxvYw==	U1RBVElDX0RJU1BBVENI	QU5Z	PG9wZXJhdG9yPi5hbGxvYw==	YmluZGluZ3MuY3Bw	1591	107374182575	PG9wZXJhdG9yPi5hbGxvYw==
30064772839	107374182525	PG9wZXJhdG9yPi5hZGRyZXNzT2Y=	PG9wZXJhdG9yPi5hZGRyZXNzT2Y=	U1RBVElDX0RJU1BBVENI	QU5Z	Jjx0bXA+MA==	YmluZGluZ3MuY3Bw	1591	107374182558	PG9wZXJhdG9yPi5hZGRyZXNzT2Y=
30064772842	107374182526	PG9wZXJhdG9yPi5kZWxldGU=	PG9wZXJhdG9yPi5kZWxldGU=	U1RBVElDX0RJU1BBVENI	dm9pZA==	ZGVsZXRlIGJhdGNoXw==	YmluZGluZ3MuY3Bw	1595	107374182579	PG9wZXJhdG9yPi5kZWxldGU=
30064772843	107374182526	PG9wZXJhdG9yPi5pbmRpcmVjdEZpZWxkQWNjZXNz	PG9wZXJhdG9yPi5pbmRpcmVjdEZpZWxkQWNjZXNz	U1RBVElDX0RJU1BBVENI	QU5Z	dGhpcy0+YmF0Y2hf	YmluZGluZ3MuY3Bw	1595	107374182595	PG9wZXJhdG9yPi5pbmRpcmVjdEZpZWxkQWNjZXNz
30064772844	107374182527	UHV0	PHVucmVzb2x2ZWROYW1lc3BhY2U+LlB1dDo8dW5yZXNvbHZlZFNpZ25hdHVyZT4oMik=	U1RBVElDX0RJU1BBVENI	QU5Z	YmF0Y2hfLT5QdXQoa2V5LCB2YWx1ZSk=	YmluZGluZ3MuY3Bw	1599	107374182729	PHVucmVzb2x2ZWROYW1lc3BhY2U+LlB1dDo8dW5yZXNvbHZlZFNpZ25hdHVyZT4oMik=
30064772846	107374182527	PG9wZXJhdG9yPi5hc3NpZ25tZW50	PG9wZXJhdG9yPi5hc3NpZ25tZW50	U1RBVElDX0RJU1BBVENI	QU5Z	aGFzRGF0YV8gPSB0cnVl	YmluZGluZ3MuY3Bw	1600	107374182564	PG9wZXJhdG9yPi5hc3NpZ25tZW50
30064772845	107374182527	PG9wZXJhdG9yPi5pbmRpcmVjdEZpZWxkQWNjZXNz	PG9wZXJhdG9yPi5pbmRpcmVjdEZpZWxkQWNjZXNz	U1RBVElDX0RJU1BBVENI	QU5Z	dGhpcy0+YmF0Y2hf	YmluZGluZ3MuY3Bw	1599	107374182595	PG9wZXJhdG9yPi5pbmRpcmVjdEZpZWxkQWNjZXNz
30064772847	107374182527	PG9wZXJhdG9yPi5pbmRpcmVjdEZpZWxkQWNjZXNz	PG9wZXJhdG9yPi5pbmRpcmVjdEZpZWxkQWNjZXNz	U1RBVElDX0RJU1BBVENI	Ym9vbA==	dGhpcy0+aGFzRGF0YV8=	YmluZGluZ3MuY3Bw	1600	107374182595	PG9wZXJhdG9yPi5pbmRpcmVjdEZpZWxkQWNjZXNz
30064772848	107374182528	RGVsZXRl	PHVucmVzb2x2ZWROYW1lc3BhY2U+LkRlbGV0ZTo8dW5yZXNvbHZlZFNpZ25hdHVyZT4oMSk=	U1RBVElDX0RJU1BBVENI	QU5Z	YmF0Y2hfLT5EZWxldGUoa2V5KQ==	YmluZGluZ3MuY3Bw	1604	107374182728	PHVucmVzb2x2ZWROYW1lc3BhY2U+LkRlbGV0ZTo8dW5yZXNvbHZlZFNpZ25hdHVyZT4oMSk=
30064772850	107374182528	PG9wZXJhdG9yPi5hc3NpZ25tZW50	PG9wZXJhdG9yPi5hc3NpZ25tZW50	U1RBVElDX0RJU1BBVENI	QU5Z	aGFzRGF0YV8gPSB0cnVl	YmluZGluZ3MuY3Bw	1605	107374182564	PG9wZXJhdG9yPi5hc3NpZ25tZW50
30064772849	107374182528	PG9wZXJhdG9yPi5pbmRpcmVjdEZpZWxkQWNjZXNz	PG9wZXJhdG9yPi5pbmRpcmVjdEZpZWxkQWNjZXNz	U1RBVElDX0RJU1BBVENI	QU5Z	dGhpcy0+YmF0Y2hf	YmluZGluZ3MuY3Bw	1604	107374182595	PG9wZXJhdG9yPi5pbmRpcmVjdEZpZWxkQWNjZXNz
30064772851	107374182528	PG9wZXJhdG9yPi5pbmRpcmVjdEZpZWxkQWNjZXNz	PG9wZXJhdG9yPi5pbmRpcmVjdEZpZWxkQWNjZXNz	U1RBVElDX0RJU1BBVENI	Ym9vbA==	dGhpcy0+aGFzRGF0YV8=	YmluZGluZ3MuY3Bw	1605	107374182595	PG9wZXJhdG9yPi5pbmRpcmVjdEZpZWxkQWNjZXNz
30064772852	107374182529	Q2xlYXI=	PHVucmVzb2x2ZWROYW1lc3BhY2U+LkNsZWFyOjx1bnJlc29sdmVkU2lnbmF0dXJlPigwKQ==	U1RBVElDX0RJU1BBVENI	QU5Z	YmF0Y2hfLT5DbGVhcigp	YmluZGluZ3MuY3Bw	1609	107374182732	PHVucmVzb2x2ZWROYW1lc3BhY2U+LkNsZWFyOjx1bnJlc29sdmVkU2lnbmF0dXJlPigwKQ==
30064772854	107374182529	PG9wZXJhdG9yPi5hc3NpZ25tZW50	PG9wZXJhdG9yPi5hc3NpZ25tZW50	U1RBVElDX0RJU1BBVENI	QU5Z	aGFzRGF0YV8gPSBmYWxzZQ==	YmluZGluZ3MuY3Bw	1610	107374182564	PG9wZXJhdG9yPi5hc3NpZ25tZW50
30064772853	107374182529	PG9wZXJhdG9yPi5pbmRpcmVjdEZpZWxkQWNjZXNz	PG9wZXJhdG9yPi5pbmRpcmVjdEZpZWxkQWNjZXNz	U1RBVElDX0RJU1BBVENI	QU5Z	dGhpcy0+YmF0Y2hf	YmluZGluZ3MuY3Bw	1609	107374182595	PG9wZXJhdG9yPi5pbmRpcmVjdEZpZWxkQWNjZXNz
30064772855	107374182529	PG9wZXJhdG9yPi5pbmRpcmVjdEZpZWxkQWNjZXNz	PG9wZXJhdG9yPi5pbmRpcmVjdEZpZWxkQWNjZXNz	U1RBVElDX0RJU1BBVENI	Ym9vbA==	dGhpcy0+aGFzRGF0YV8=	YmluZGluZ3MuY3Bw	1610	107374182595	PG9wZXJhdG9yPi5pbmRpcmVjdEZpZWxkQWNjZXNz
30064772856	107374182530	PG9wZXJhdG9yPi5hc3NpZ25tZW50	PG9wZXJhdG9yPi5hc3NpZ25tZW50	U1RBVElDX0RJU1BBVENI	QU5Z	b3B0aW9ucy5zeW5jID0gc3luYw==	YmluZGluZ3MuY3Bw	1615	107374182564	PG9wZXJhdG9yPi5hc3NpZ25tZW50
30064772857	107374182530	PG9wZXJhdG9yPi5maWVsZEFjY2Vzcw==	PG9wZXJhdG9yPi5maWVsZEFjY2Vzcw==	U1RBVElDX0RJU1BBVENI	QU5Z	b3B0aW9ucy5zeW5j	YmluZGluZ3MuY3Bw	1615	107374182628	PG9wZXJhdG9yPi5maWVsZEFjY2Vzcw==
30064772858	107374182530	V3JpdGVCYXRjaA==	RGF0YWJhc2UuV3JpdGVCYXRjaDpBTlkoQU5ZLEFOWSk=	U1RBVElDX0RJU1BBVENI	QU5Z	ZGF0YWJhc2VfLT5Xcml0ZUJhdGNoKG9wdGlvbnMsIGJhdGNoXyk=	YmluZGluZ3MuY3Bw	1616	107374182722	RGF0YWJhc2UuV3JpdGVCYXRjaDpBTlkoQU5ZLEFOWSk=
30064772859	107374182530	PG9wZXJhdG9yPi5pbmRpcmVjdEZpZWxkQWNjZXNz	PG9wZXJhdG9yPi5pbmRpcmVjdEZpZWxkQWNjZXNz	U1RBVElDX0RJU1BBVENI	RGF0YWJhc2Uq	dGhpcy0+ZGF0YWJhc2Vf	YmluZGluZ3MuY3Bw	1616	107374182595	PG9wZXJhdG9yPi5pbmRpcmVjdEZpZWxkQWNjZXNz
30064772860	107374182530	PG9wZXJhdG9yPi5pbmRpcmVjdEZpZWxkQWNjZXNz	PG9wZXJhdG9yPi5pbmRpcmVjdEZpZWxkQWNjZXNz	U1RBVElDX0RJU1BBVENI	QU5Z	dGhpcy0+YmF0Y2hf	YmluZGluZ3MuY3Bw	1616	107374182595	PG9wZXJhdG9yPi5pbmRpcmVjdEZpZWxkQWNjZXNz
30064772866	107374182531	PG9wZXJhdG9yPi5ub3RFcXVhbHM=	PG9wZXJhdG9yPi5ub3RFcXVhbHM=	U1RBVElDX0RJU1BBVENI	aW50	ZGF0YSAhPSBOVUxM	YmluZGluZ3MuY3Bw	1628	107374182593	PG9wZXJhdG9yPi5ub3RFcXVhbHM=
30064772867	107374182531	PG9wZXJhdG9yPi5kZWxldGU=	PG9wZXJhdG9yPi5kZWxldGU=	U1RBVElDX0RJU1BBVENI	dm9pZA==	ZGVsZXRlIChCYXRjaCopZGF0YQ==	YmluZGluZ3MuY3Bw	1629	107374182579	PG9wZXJhdG9yPi5kZWxldGU=
30064772868	107374182531	PG9wZXJhdG9yPi5jYXN0	PG9wZXJhdG9yPi5jYXN0	U1RBVElDX0RJU1BBVENI	QmF0Y2g=	KEJhdGNoKilkYXRh	YmluZGluZ3MuY3Bw	1629	107374182585	PG9wZXJhdG9yPi5jYXN0
30064772869	107374182532	TkFQSV9BUkdW	L3RtcC9jbGF1ZGUtMC8taG9tZS11c2VyLWJ1Zy10cmFja2VyLzYzYjcwZTVhLTc1ZDMtNWRhMi1hZTgxLWUwMDk2MTI4N2M2ZS9zY3JhdGNocGFkL3ZhbDEwL0A4Y3JhZnRlcl9fbGV2ZWxkYi16bGliL3BrZy9wYWNrYWdlL3NyYy9uYXBpLW1hY3Jvcy5oOk5BUElfQVJHVjpBTlkoMSk=	SU5MSU5FRA==	QU5Z	TkFQSV9BUkdWKDEp	YmluZGluZ3MuY3Bw	1637	107374182550	L3RtcC9jbGF1ZGUtMC8taG9tZS11c2VyLWJ1Zy10cmFja2VyLzYzYjcwZTVhLTc1ZDMtNWRhMi1hZTgxLWUwMDk2MTI4N2M2ZS9zY3JhdGNocGFkL3ZhbDEwL0A4Y3JhZnRlcl9fbGV2ZWxkYi16bGliL3BrZy9wYWNrYWdlL3NyYy9uYXBpLW1hY3Jvcy5oOk5BUElfQVJHVjpBTlkoMSk=
30064772872	107374182532	PG9wZXJhdG9yPi5hc3NpZ25tZW50	PG9wZXJhdG9yPi5hc3NpZ25tZW50	U1RBVElDX0RJU1BBVENI	dm9pZA==	c2l6ZV90	YmluZGluZ3MuY3Bw	1637	107374182564	PG9wZXJhdG9yPi5hc3NpZ25tZW50
30064772877	107374182532	TkFQSV9EQl9DT05URVhU	YmluZGluZ3MuY3BwOk5BUElfREJfQ09OVEVYVDpBTlkoMCk=	SU5MSU5FRA==	QU5Z	TkFQSV9EQl9DT05URVhUKCk=	YmluZGluZ3MuY3Bw	1638	107374182551	YmluZGluZ3MuY3BwOk5BUElfREJfQ09OVEVYVDpBTlkoMCk=
30064772885	107374182532	PG9wZXJhdG9yPi5hc3NpZ25tZW50	PG9wZXJhdG9yPi5hc3NpZ25tZW50	U1RBVElDX0RJU1BBVENI	dm9pZA==	YmF0Y2ggPSBuZXcgQmF0Y2goZGF0YWJhc2Up	YmluZGluZ3MuY3Bw	1640	107374182564	PG9wZXJhdG9yPi5hc3NpZ25tZW50
30064772891	107374182532	TkFQSV9TVEFUVVNfVEhST1dT	L3RtcC9jbGF1ZGUtMC8taG9tZS11c2VyLWJ1Zy10cmFja2VyLzYzYjcwZTVhLTc1ZDMtNWRhMi1hZTgxLWUwMDk2MTI4N2M2ZS9zY3JhdGNocGFkL3ZhbDEwL0A4Y3JhZnRlcl9fbGV2ZWxkYi16bGliL3BrZy9wYWNrYWdlL3NyYy9uYXBpLW1hY3Jvcy5oOk5BUElfU1RBVFVTX1RIUk9XUzpBTlkoMSk=	SU5MSU5FRA==	QU5Z	TkFQSV9TVEFUVVNfVEhST1dTKG5hcGlfY3JlYXRlX2V4dGVybmFsKGVudiwgYmF0Y2gsCiAgICAgICAgICAgICAgICAgICAgICAgICAgICAgICAgICAgICAgICAgIEZpbmFsaXplQmF0Y2gsCiAgICAgICAgICAgICAgICAgICAgICAgICAgICAgICAgICAgICAgICAgIE5VTEwsICZyZXN1bHQpKQ==	YmluZGluZ3MuY3Bw	1643	107374182549	L3RtcC9jbGF1ZGUtMC8taG9tZS11c2VyLWJ1Zy10cmFja2VyLzYzYjcwZTVhLTc1ZDMtNWRhMi1hZTgxLWUwMDk2MTI4N2M2ZS9zY3JhdGNocGFkL3ZhbDEwL0A4Y3JhZnRlcl9fbGV2ZWxkYi16bGliL3BrZy9wYWNrYWdlL3NyYy9uYXBpLW1hY3Jvcy5oOk5BUElfU1RBVFVTX1RIUk9XUzpBTlkoMSk=
30064772873	107374182532	PG9wZXJhdG9yPi5ub3RFcXVhbHM=	PG9wZXJhdG9yPi5ub3RFcXVhbHM=	U1RBVElDX0RJU1BBVENI	QU5Z	KG5hcGlfZ2V0X2NiX2luZm8oZW52LCBpbmZvLCAmYXJnYywgYXJndiwgTlVMTCwgTlVMTCkpICE9IG5hcGlfb2s=	YmluZGluZ3MuY3Bw	1637	107374182593	PG9wZXJhdG9yPi5ub3RFcXVhbHM=
30064772879	107374182532	PG9wZXJhdG9yPi5ub3RFcXVhbHM=	PG9wZXJhdG9yPi5ub3RFcXVhbHM=	U1RBVElDX0RJU1BBVENI	QU5Z	KG5hcGlfZ2V0X3ZhbHVlX2V4dGVybmFsKGVudiwgYXJndlswXSwgKHZvaWQgKiAqKSZkYXRhYmFzZSkpICE9IG5hcGlfb2s=	YmluZGluZ3MuY3Bw	1638	107374182593	PG9wZXJhdG9yPi5ub3RFcXVhbHM=
30064772886	107374182532	PG9wZXJhdG9yPi5uZXc=	PG9wZXJhdG9yPi5uZXc=	U1RBVElDX0RJU1BBVENI	QU5Z	bmV3IEJhdGNoKGRhdGFiYXNlKQ==	YmluZGluZ3MuY3Bw	1640	107374182574	PG9wZXJhdG9yPi5uZXc=
30064772870	107374182532	PG9wZXJhdG9yPi5hc3NpZ25tZW50	PG9wZXJhdG9yPi5hc3NpZ25tZW50	U1RBVElDX0RJU1BBVENI	dm9pZA==	bmFwaV92YWx1ZSBbXQ==	YmluZGluZ3MuY3Bw	1637	107374182564	PG9wZXJhdG9yPi5hc3NpZ25tZW50
30064772874	107374182532	bmFwaV9nZXRfY2JfaW5mbw==	PHVucmVzb2x2ZWROYW1lc3BhY2U+Lm5hcGlfZ2V0X2NiX2luZm86PHVucmVzb2x2ZWRTaWduYXR1cmU+KDYp	U1RBVElDX0RJU1BBVENI	QU5Z	bmFwaV9nZXRfY2JfaW5mbyhlbnYsIGluZm8sICZhcmdjLCBhcmd2LCBOVUxMLCBOVUxMKQ==	YmluZGluZ3MuY3Bw	1637	107374182660	PHVucmVzb2x2ZWROYW1lc3BhY2U+Lm5hcGlfZ2V0X2NiX2luZm86PHVucmVzb2x2ZWRTaWduYXR1cmU+KDYp
30064772876	107374182532	bmFwaV90aHJvd19lcnJvcg==	PHVucmVzb2x2ZWROYW1lc3BhY2U+Lm5hcGlfdGhyb3dfZXJyb3I6PHVucmVzb2x2ZWRTaWduYXR1cmU+KDMp	U1RBVElDX0RJU1BBVENI	QU5Z	bmFwaV90aHJvd19lcnJvcihlbnYsIE5VTEwsICJuYXBpX2dldF9jYl9pbmZvKGVudiwgaW5mbywgJmFyZ2MsIGFyZ3YsIE5VTEwsIE5VTEwpIGZhaWxlZCEiKQ==	YmluZGluZ3MuY3Bw	1637	107374182596	PHVucmVzb2x2ZWROYW1lc3BhY2U+Lm5hcGlfdGhyb3dfZXJyb3I6PHVucmVzb2x2ZWRTaWduYXR1cmU+KDMp
30064772878	107374182532	PG9wZXJhdG9yPi5hc3NpZ25tZW50	PG9wZXJhdG9yPi5hc3NpZ25tZW50	U1RBVElDX0RJU1BBVENI	dm9pZA==	RGF0YWJhc2UgKg==	YmluZGluZ3MuY3Bw	1638	107374182564	PG9wZXJhdG9yPi5hc3NpZ25tZW50
30064772880	107374182532	bmFwaV9nZXRfdmFsdWVfZXh0ZXJuYWw=	bmFwaV9nZXRfdmFsdWVfZXh0ZXJuYWw=	U1RBVElDX0RJU1BBVENI	QU5Z	bmFwaV9nZXRfdmFsdWVfZXh0ZXJuYWwoZW52LCBhcmd2WzBdLCAodm9pZCAqICopJmRhdGFiYXNlKQ==	YmluZGluZ3MuY3Bw	1638	107374182661	bmFwaV9nZXRfdmFsdWVfZXh0ZXJuYWw=
30064772884	107374182532	bmFwaV90aHJvd19lcnJvcg==	PHVucmVzb2x2ZWROYW1lc3BhY2U+Lm5hcGlfdGhyb3dfZXJyb3I6PHVucmVzb2x2ZWRTaWduYXR1cmU+KDMp	U1RBVElDX0RJU1BBVENI	QU5Z	bmFwaV90aHJvd19lcnJvcihlbnYsIE5VTEwsICJuYXBpX2dldF92YWx1ZV9leHRlcm5hbChlbnYsIGFyZ3ZbMF0sICh2b2lkKiopJmRhdGFiYXNlKSBmYWlsZWQhIik=	YmluZGluZ3MuY3Bw	1638	107374182596	PHVucmVzb2x2ZWROYW1lc3BhY2U+Lm5hcGlfdGhyb3dfZXJyb3I6PHVucmVzb2x2ZWRTaWduYXR1cmU+KDMp
30064772871	107374182532	PG9wZXJhdG9yPi5hbGxvYw==	PG9wZXJhdG9yPi5hbGxvYw==	U1RBVElDX0RJU1BBVENI	bmFwaV92YWx1ZVsxXQ==	bmFwaV92YWx1ZSBbXQ==	YmluZGluZ3MuY3Bw	1637	107374182575	PG9wZXJhdG9yPi5hbGxvYw==
30064772875	107374182532	PG9wZXJhdG9yPi5hZGRyZXNzT2Y=	PG9wZXJhdG9yPi5hZGRyZXNzT2Y=	U1RBVElDX0RJU1BBVENI	QU5Z	JmFyZ2M=	YmluZGluZ3MuY3Bw	1637	107374182558	PG9wZXJhdG9yPi5hZGRyZXNzT2Y=
30064772881	107374182532	PG9wZXJhdG9yPi5pbmRpcmVjdEluZGV4QWNjZXNz	PG9wZXJhdG9yPi5pbmRpcmVjdEluZGV4QWNjZXNz	U1RBVElDX0RJU1BBVENI	QU5Z	YXJndlswXQ==	YmluZGluZ3MuY3Bw	1638	107374182578	PG9wZXJhdG9yPi5pbmRpcmVjdEluZGV4QWNjZXNz
30064772882	107374182532	PG9wZXJhdG9yPi5jYXN0	PG9wZXJhdG9yPi5jYXN0	U1RBVElDX0RJU1BBVENI	dm9pZA==	KHZvaWQgKiAqKSZkYXRhYmFzZQ==	YmluZGluZ3MuY3Bw	1638	107374182585	PG9wZXJhdG9yPi5jYXN0
30064772887	107374182532	PG9wZXJhdG9yPi5hc3NpZ25tZW50	PG9wZXJhdG9yPi5hc3NpZ25tZW50	U1RBVElDX0RJU1BBVENI	QU5Z	PHRtcD4wID0gPG9wZXJhdG9yPi5hbGxvYw==	YmluZGluZ3MuY3Bw	1640	107374182564	PG9wZXJhdG9yPi5hc3NpZ25tZW50
30064772889	107374182532	QmF0Y2g=	QmF0Y2guQmF0Y2g6dm9pZChEYXRhYmFzZSop	U1RBVElDX0RJU1BBVENI	dm9pZA==	bmV3IEJhdGNoKGRhdGFiYXNlKQ==	YmluZGluZ3MuY3Bw	1640	107374182525	QmF0Y2guQmF0Y2g6dm9pZChEYXRhYmFzZSop
30064772892	107374182532	PG9wZXJhdG9yPi5ub3RFcXVhbHM=	PG9wZXJhdG9yPi5ub3RFcXVhbHM=	U1RBVElDX0RJU1BBVENI	QU5Z	KG5hcGlfY3JlYXRlX2V4dGVybmFsKGVudiwgYmF0Y2gsIEZpbmFsaXplQmF0Y2gsIE5VTEwsICZyZXN1bHQpKSAhPSBuYXBpX29r	YmluZGluZ3MuY3Bw	1643	107374182593	PG9wZXJhdG9yPi5ub3RFcXVhbHM=
30064772883	107374182532	PG9wZXJhdG9yPi5hZGRyZXNzT2Y=	PG9wZXJhdG9yPi5hZGRyZXNzT2Y=	U1RBVElDX0RJU1BBVENI	QU5Z	JmRhdGFiYXNl	YmluZGluZ3MuY3Bw	1638	107374182558	PG9wZXJhdG9yPi5hZGRyZXNzT2Y=
30064772888	107374182532	PG9wZXJhdG9yPi5hbGxvYw==	PG9wZXJhdG9yPi5hbGxvYw==	U1RBVElDX0RJU1BBVENI	QU5Z	PG9wZXJhdG9yPi5hbGxvYw==	YmluZGluZ3MuY3Bw	1640	107374182575	PG9wZXJhdG9yPi5hbGxvYw==
30064772890	107374182532	PG9wZXJhdG9yPi5hZGRyZXNzT2Y=	PG9wZXJhdG9yPi5hZGRyZXNzT2Y=	U1RBVElDX0RJU1BBVENI	QU5Z	Jjx0bXA+MA==	YmluZGluZ3MuY3Bw	1640	107374182558	PG9wZXJhdG9yPi5hZGRyZXNzT2Y=
30064772893	107374182532	bmFwaV9jcmVhdGVfZXh0ZXJuYWw=	PHVucmVzb2x2ZWROYW1lc3BhY2U+Lm5hcGlfY3JlYXRlX2V4dGVybmFsOjx1bnJlc29sdmVkU2lnbmF0dXJlPig1KQ==	U1RBVElDX0RJU1BBVENI	QU5Z	bmFwaV9jcmVhdGVfZXh0ZXJuYWwoZW52LCBiYXRjaCwgRmluYWxpemVCYXRjaCwgTlVMTCwgJnJlc3VsdCk=	YmluZGluZ3MuY3Bw	1643	107374182654	PHVucmVzb2x2ZWROYW1lc3BhY2U+Lm5hcGlfY3JlYXRlX2V4dGVybmFsOjx1bnJlc29sdmVkU2lnbmF0dXJlPig1KQ==
30064772895	107374182532	bmFwaV90aHJvd19lcnJvcg==	PHVucmVzb2x2ZWROYW1lc3BhY2U+Lm5hcGlfdGhyb3dfZXJyb3I6PHVucmVzb2x2ZWRTaWduYXR1cmU+KDMp	U1RBVElDX0RJU1BBVENI	QU5Z	bmFwaV90aHJvd19lcnJvcihlbnYsIE5VTEwsICJuYXBpX2NyZWF0ZV9leHRlcm5hbChlbnYsIGJhdGNoLCBGaW5hbGl6ZUJhdGNoLCBOVUxMLCAmcmVzdWx0KSBmYWlsZWQhIik=	YmluZGluZ3MuY3Bw	1643	107374182596	PHVucmVzb2x2ZWROYW1lc3BhY2U+Lm5hcGlfdGhyb3dfZXJyb3I6PHVucmVzb2x2ZWRTaWduYXR1cmU+KDMp
30064772894	107374182532	PG9wZXJhdG9yPi5hZGRyZXNzT2Y=	PG9wZXJhdG9yPi5hZGRyZXNzT2Y=	U1RBVElDX0RJU1BBVENI	QU5Z	JnJlc3VsdA==	YmluZGluZ3MuY3Bw	1643	107374182558	PG9wZXJhdG9yPi5hZGRyZXNzT2Y=
30064772896	107374182533	TkFQSV9BUkdW	L3RtcC9jbGF1ZGUtMC8taG9tZS11c2VyLWJ1Zy10cmFja2VyLzYzYjcwZTVhLTc1ZDMtNWRhMi1hZTgxLWUwMDk2MTI4N2M2ZS9zY3JhdGNocGFkL3ZhbDEwL0A4Y3JhZnRlcl9fbGV2ZWxkYi16bGliL3BrZy9wYWNrYWdlL3NyYy9uYXBpLW1hY3Jvcy5oOk5BUElfQVJHVjpBTlkoMSk=	SU5MSU5FRA==	QU5Z	TkFQSV9BUkdWKDMp	YmluZGluZ3MuY3Bw	1653	107374182550	L3RtcC9jbGF1ZGUtMC8taG9tZS11c2VyLWJ1Zy10cmFja2VyLzYzYjcwZTVhLTc1ZDMtNWRhMi1hZTgxLWUwMDk2MTI4N2M2ZS9zY3JhdGNocGFkL3ZhbDEwL0A4Y3JhZnRlcl9fbGV2ZWxkYi16bGliL3BrZy9wYWNrYWdlL3NyYy9uYXBpLW1hY3Jvcy5oOk5BUElfQVJHVjpBTlkoMSk=
30064772899	107374182533	PG9wZXJhdG9yPi5hc3NpZ25tZW50	PG9wZXJhdG9yPi5hc3NpZ25tZW50	U1RBVElDX0RJU1BBVENI	dm9pZA==	c2l6ZV90	YmluZGluZ3MuY3Bw	1653	107374182564	PG9wZXJhdG9yPi5hc3NpZ25tZW50
30064772904	107374182533	TkFQSV9CQVRDSF9DT05URVhU	YmluZGluZ3MuY3BwOk5BUElfQkFUQ0hfQ09OVEVYVDpBTlkoMCk=	SU5MSU5FRA==	QU5Z	TkFQSV9CQVRDSF9DT05URVhUKCk=	YmluZGluZ3MuY3Bw	1654	107374182555	YmluZGluZ3MuY3BwOk5BUElfQkFUQ0hfQ09OVEVYVDpBTlkoMCk=
30064772912	107374182533	PG9wZXJhdG9yPi5hc3NpZ25tZW50	PG9wZXJhdG9yPi5hc3NpZ25tZW50	U1RBVElDX0RJU1BBVENI	dm9pZA==	a2V5ID0gVG9TbGljZShlbnYsIGFyZ3ZbMV0p	YmluZGluZ3MuY3Bw	1656	107374182564	PG9wZXJhdG9yPi5hc3NpZ25tZW50
30064772915	107374182533	PG9wZXJhdG9yPi5hc3NpZ25tZW50	PG9wZXJhdG9yPi5hc3NpZ25tZW50	U1RBVElDX0RJU1BBVENI	dm9pZA==	dmFsdWUgPSBUb1NsaWNlKGVudiwgYXJndlsyXSk=	YmluZGluZ3MuY3Bw	1657	107374182564	PG9wZXJhdG9yPi5hc3NpZ25tZW50
30064772918	107374182533	UHV0	QmF0Y2guUHV0OnZvaWQoQU5ZLEFOWSk=	U1RBVElDX0RJU1BBVENI	dm9pZA==	YmF0Y2gtPlB1dChrZXksIHZhbHVlKQ==	YmluZGluZ3MuY3Bw	1658	107374182733	QmF0Y2guUHV0OnZvaWQoQU5ZLEFOWSk=
30064772919	107374182533	RGlzcG9zZVNsaWNlQnVmZmVy	RGlzcG9zZVNsaWNlQnVmZmVyOnZvaWQoQU5ZKQ==	U1RBVElDX0RJU1BBVENI	dm9pZA==	RGlzcG9zZVNsaWNlQnVmZmVyKGtleSk=	YmluZGluZ3MuY3Bw	1659	107374182674	RGlzcG9zZVNsaWNlQnVmZmVyOnZvaWQoQU5ZKQ==
30064772920	107374182533	RGlzcG9zZVNsaWNlQnVmZmVy	RGlzcG9zZVNsaWNlQnVmZmVyOnZvaWQoQU5ZKQ==	U1RBVElDX0RJU1BBVENI	dm9pZA==	RGlzcG9zZVNsaWNlQnVmZmVyKHZhbHVlKQ==	YmluZGluZ3MuY3Bw	1660	107374182674	RGlzcG9zZVNsaWNlQnVmZmVyOnZvaWQoQU5ZKQ==
30064772921	107374182533	TkFQSV9SRVRVUk5fVU5ERUZJTkVE	YmluZGluZ3MuY3BwOk5BUElfUkVUVVJOX1VOREVGSU5FRDpBTlkoMCk=	SU5MSU5FRA==	QU5Z	TkFQSV9SRVRVUk5fVU5ERUZJTkVEKCk=	YmluZGluZ3MuY3Bw	1662	107374182553	YmluZGluZ3MuY3BwOk5BUElfUkVUVVJOX1VOREVGSU5FRDpBTlkoMCk=
30064772900	107374182533	PG9wZXJhdG9yPi5ub3RFcXVhbHM=	PG9wZXJhdG9yPi5ub3RFcXVhbHM=	U1RBVElDX0RJU1BBVENI	QU5Z	KG5hcGlfZ2V0X2NiX2luZm8oZW52LCBpbmZvLCAmYXJnYywgYXJndiwgTlVMTCwgTlVMTCkpICE9IG5hcGlfb2s=	YmluZGluZ3MuY3Bw	1653	107374182593	PG9wZXJhdG9yPi5ub3RFcXVhbHM=
30064772906	107374182533	PG9wZXJhdG9yPi5ub3RFcXVhbHM=	PG9wZXJhdG9yPi5ub3RFcXVhbHM=	U1RBVElDX0RJU1BBVENI	QU5Z	KG5hcGlfZ2V0X3ZhbHVlX2V4dGVybmFsKGVudiwgYXJndlswXSwgKHZvaWQgKiAqKSZiYXRjaCkpICE9IG5hcGlfb2s=	YmluZGluZ3MuY3Bw	1654	107374182593	PG9wZXJhdG9yPi5ub3RFcXVhbHM=
30064772913	107374182533	VG9TbGljZQ==	VG9TbGljZTpBTlkobmFwaV9lbnZfXyosbmFwaV92YWx1ZV9fKik=	U1RBVElDX0RJU1BBVENI	QU5Z	VG9TbGljZShlbnYsIGFyZ3ZbMV0p	YmluZGluZ3MuY3Bw	1656	107374182677	VG9TbGljZTpBTlkobmFwaV9lbnZfXyosbmFwaV92YWx1ZV9fKik=
30064772916	107374182533	VG9TbGljZQ==	VG9TbGljZTpBTlkobmFwaV9lbnZfXyosbmFwaV92YWx1ZV9fKik=	U1RBVElDX0RJU1BBVENI	QU5Z	VG9TbGljZShlbnYsIGFyZ3ZbMl0p	YmluZGluZ3MuY3Bw	1657	107374182677	VG9TbGljZTpBTlkobmFwaV9lbnZfXyosbmFwaV92YWx1ZV9fKik=
30064772897	107374182533	PG9wZXJhdG9yPi5hc3NpZ25tZW50	PG9wZXJhdG9yPi5hc3NpZ25tZW50	U1RBVElDX0RJU1BBVENI	dm9pZA==	bmFwaV92YWx1ZSBbXQ==	YmluZGluZ3MuY3Bw	1653	107374182564	PG9wZXJhdG9yPi5hc3NpZ25tZW50
30064772901	107374182533	bmFwaV9nZXRfY2JfaW5mbw==	PHVucmVzb2x2ZWROYW1lc3BhY2U+Lm5hcGlfZ2V0X2NiX2luZm86PHVucmVzb2x2ZWRTaWduYXR1cmU+KDYp	U1RBVElDX0RJU1BBVENI	QU5Z	bmFwaV9nZXRfY2JfaW5mbyhlbnYsIGluZm8sICZhcmdjLCBhcmd2LCBOVUxMLCBOVUxMKQ==	YmluZGluZ3MuY3Bw	1653	107374182660	PHVucmVzb2x2ZWROYW1lc3BhY2U+Lm5hcGlfZ2V0X2NiX2luZm86PHVucmVzb2x2ZWRTaWduYXR1cmU+KDYp
30064772903	107374182533	bmFwaV90aHJvd19lcnJvcg==	PHVucmVzb2x2ZWROYW1lc3BhY2U+Lm5hcGlfdGhyb3dfZXJyb3I6PHVucmVzb2x2ZWRTaWduYXR1cmU+KDMp	U1RBVElDX0RJU1BBVENI	QU5Z	bmFwaV90aHJvd19lcnJvcihlbnYsIE5VTEwsICJuYXBpX2dldF9jYl9pbmZvKGVudiwgaW5mbywgJmFyZ2MsIGFyZ3YsIE5VTEwsIE5VTEwpIGZhaWxlZCEiKQ==	YmluZGluZ3MuY3Bw	1653	107374182596	PHVucmVzb2x2ZWROYW1lc3BhY2U+Lm5hcGlfdGhyb3dfZXJyb3I6PHVucmVzb2x2ZWRTaWduYXR1cmU+KDMp
30064772905	107374182533	PG9wZXJhdG9yPi5hc3NpZ25tZW50	PG9wZXJhdG9yPi5hc3NpZ25tZW50	U1RBVElDX0RJU1BBVENI	dm9pZA==	QmF0Y2ggKg==	YmluZGluZ3MuY3Bw	1654	107374182564	PG9wZXJhdG9yPi5hc3NpZ25tZW50
30064772907	107374182533	bmFwaV9nZXRfdmFsdWVfZXh0ZXJuYWw=	bmFwaV9nZXRfdmFsdWVfZXh0ZXJuYWw=	U1RBVElDX0RJU1BBVENI	QU5Z	bmFwaV9nZXRfdmFsdWVfZXh0ZXJuYWwoZW52LCBhcmd2WzBdLCAodm9pZCAqICopJmJhdGNoKQ==	YmluZGluZ3MuY3Bw	1654	107374182661	bmFwaV9nZXRfdmFsdWVfZXh0ZXJuYWw=
30064772911	107374182533	bmFwaV90aHJvd19lcnJvcg==	PHVucmVzb2x2ZWROYW1lc3BhY2U+Lm5hcGlfdGhyb3dfZXJyb3I6PHVucmVzb2x2ZWRTaWduYXR1cmU+KDMp	U1RBVElDX0RJU1BBVENI	QU5Z	bmFwaV90aHJvd19lcnJvcihlbnYsIE5VTEwsICJuYXBpX2dldF92YWx1ZV9leHRlcm5hbChlbnYsIGFyZ3ZbMF0sICh2b2lkKiopJmJhdGNoKSBmYWlsZWQhIik=	YmluZGluZ3MuY3Bw	1654	107374182596	PHVucmVzb2x2ZWROYW1lc3BhY2U+Lm5hcGlfdGhyb3dfZXJyb3I6PHVucmVzb2x2ZWRTaWduYXR1cmU+KDMp
30064772914	107374182533	PG9wZXJhdG9yPi5pbmRpcmVjdEluZGV4QWNjZXNz	PG9wZXJhdG9yPi5pbmRpcmVjdEluZGV4QWNjZXNz	U1RBVElDX0RJU1BBVENI	QU5Z	YXJndlsxXQ==	YmluZGluZ3MuY3Bw	1656	107374182578	PG9wZXJhdG9yPi5pbmRpcmVjdEluZGV4QWNjZXNz
30064772917	107374182533	PG9wZXJhdG9yPi5pbmRpcmVjdEluZGV4QWNjZXNz	PG9wZXJhdG9yPi5pbmRpcmVjdEluZGV4QWNjZXNz	U1RBVElDX0RJU1BBVENI	QU5Z	YXJndlsyXQ==	YmluZGluZ3MuY3Bw	1657	107374182578	PG9wZXJhdG9yPi5pbmRpcmVjdEluZGV4QWNjZXNz
30064772898	107374182533	PG9wZXJhdG9yPi5hbGxvYw==	PG9wZXJhdG9yPi5hbGxvYw==	U1RBVElDX0RJU1BBVENI	bmFwaV92YWx1ZVszXQ==	bmFwaV92YWx1ZSBbXQ==	YmluZGluZ3MuY3Bw	1653	107374182575	PG9wZXJhdG9yPi5hbGxvYw==
30064772902	107374182533	PG9wZXJhdG9yPi5hZGRyZXNzT2Y=	PG9wZXJhdG9yPi5hZGRyZXNzT2Y=	U1RBVElDX0RJU1BBVENI	QU5Z	JmFyZ2M=	YmluZGluZ3MuY3Bw	1653	107374182558	PG9wZXJhdG9yPi5hZGRyZXNzT2Y=
30064772908	107374182533	PG9wZXJhdG9yPi5pbmRpcmVjdEluZGV4QWNjZXNz	PG9wZXJhdG9yPi5pbmRpcmVjdEluZGV4QWNjZXNz	U1RBVElDX0RJU1BBVENI	QU5Z	YXJndlswXQ==	YmluZGluZ3MuY3Bw	1654	107374182578	PG9wZXJhdG9yPi5pbmRpcmVjdEluZGV4QWNjZXNz
30064772909	107374182533	PG9wZXJhdG9yPi5jYXN0	PG9wZXJhdG9yPi5jYXN0	U1RBVElDX0RJU1BBVENI	dm9pZA==	KHZvaWQgKiAqKSZiYXRjaA==	YmluZGluZ3MuY3Bw	1654	107374182585	PG9wZXJhdG9yPi5jYXN0
30064772910	107374182533	PG9wZXJhdG9yPi5hZGRyZXNzT2Y=	PG9wZXJhdG9yPi5hZGRyZXNzT2Y=	U1RBVElDX0RJU1BBVENI	QU5Z	JmJhdGNo	YmluZGluZ3MuY3Bw	1654	107374182558	PG9wZXJhdG9yPi5hZGRyZXNzT2Y=
30064772922	107374182534	TkFQSV9BUkdW	L3RtcC9jbGF1ZGUtMC8taG9tZS11c2VyLWJ1Zy10cmFja2VyLzYzYjcwZTVhLTc1ZDMtNWRhMi1hZTgxLWUwMDk2MTI4N2M2ZS9zY3JhdGNocGFkL3ZhbDEwL0A4Y3JhZnRlcl9fbGV2ZWxkYi16bGliL3BrZy9wYWNrYWdlL3NyYy9uYXBpLW1hY3Jvcy5oOk5BUElfQVJHVjpBTlkoMSk=	SU5MSU5FRA==	QU5Z	TkFQSV9BUkdWKDIp	YmluZGluZ3MuY3Bw	1669	107374182550	L3RtcC9jbGF1ZGUtMC8taG9tZS11c2VyLWJ1Zy10cmFja2VyLzYzYjcwZTVhLTc1ZDMtNWRhMi1hZTgxLWUwMDk2MTI4N2M2ZS9zY3JhdGNocGFkL3ZhbDEwL0A4Y3JhZnRlcl9fbGV2ZWxkYi16bGliL3BrZy9wYWNrYWdlL3NyYy9uYXBpLW1hY3Jvcy5oOk5BUElfQVJHVjpBTlkoMSk=
30064772925	107374182534	PG9wZXJhdG9yPi5hc3NpZ25tZW50	PG9wZXJhdG9yPi5hc3NpZ25tZW50	U1RBVElDX0RJU1BBVENI	dm9pZA==	c2l6ZV90	YmluZGluZ3MuY3Bw	1669	107374182564	PG9wZXJhdG9yPi5hc3NpZ25tZW50
30064772930	107374182534	TkFQSV9CQVRDSF9DT05URVhU	YmluZGluZ3MuY3BwOk5BUElfQkFUQ0hfQ09OVEVYVDpBTlkoMCk=	SU5MSU5FRA==	QU5Z	TkFQSV9CQVRDSF9DT05URVhUKCk=	YmluZGluZ3MuY3Bw	1670	107374182555	YmluZGluZ3MuY3BwOk5BUElfQkFUQ0hfQ09OVEVYVDpBTlkoMCk=
30064772938	107374182534	PG9wZXJhdG9yPi5hc3NpZ25tZW50	PG9wZXJhdG9yPi5hc3NpZ25tZW50	U1RBVElDX0RJU1BBVENI	dm9pZA==	a2V5ID0gVG9TbGljZShlbnYsIGFyZ3ZbMV0p	YmluZGluZ3MuY3Bw	1672	107374182564	PG9wZXJhdG9yPi5hc3NpZ25tZW50
30064772941	107374182534	RGVs	QmF0Y2guRGVsOnZvaWQoQU5ZKQ==	U1RBVElDX0RJU1BBVENI	dm9pZA==	YmF0Y2gtPkRlbChrZXkp	YmluZGluZ3MuY3Bw	1673	107374182734	QmF0Y2guRGVsOnZvaWQoQU5ZKQ==
30064772942	107374182534	RGlzcG9zZVNsaWNlQnVmZmVy	RGlzcG9zZVNsaWNlQnVmZmVyOnZvaWQoQU5ZKQ==	U1RBVElDX0RJU1BBVENI	dm9pZA==	RGlzcG9zZVNsaWNlQnVmZmVyKGtleSk=	YmluZGluZ3MuY3Bw	1674	107374182674	RGlzcG9zZVNsaWNlQnVmZmVyOnZvaWQoQU5ZKQ==
30064772943	107374182534	TkFQSV9SRVRVUk5fVU5ERUZJTkVE	YmluZGluZ3MuY3BwOk5BUElfUkVUVVJOX1VOREVGSU5FRDpBTlkoMCk=	SU5MSU5FRA==	QU5Z	TkFQSV9SRVRVUk5fVU5ERUZJTkVEKCk=	YmluZGluZ3MuY3Bw	1676	107374182553	YmluZGluZ3MuY3BwOk5BUElfUkVUVVJOX1VOREVGSU5FRDpBTlkoMCk=
30064772926	107374182534	PG9wZXJhdG9yPi5ub3RFcXVhbHM=	PG9wZXJhdG9yPi5ub3RFcXVhbHM=	U1RBVElDX0RJU1BBVENI	QU5Z	KG5hcGlfZ2V0X2NiX2luZm8oZW52LCBpbmZvLCAmYXJnYywgYXJndiwgTlVMTCwgTlVMTCkpICE9IG5hcGlfb2s=	YmluZGluZ3MuY3Bw	1669	107374182593	PG9wZXJhdG9yPi5ub3RFcXVhbHM=
30064772932	107374182534	PG9wZXJhdG9yPi5ub3RFcXVhbHM=	PG9wZXJhdG9yPi5ub3RFcXVhbHM=	U1RBVElDX0RJU1BBVENI	QU5Z	KG5hcGlfZ2V0X3ZhbHVlX2V4dGVybmFsKGVudiwgYXJndlswXSwgKHZvaWQgKiAqKSZiYXRjaCkpICE9IG5hcGlfb2s=	YmluZGluZ3MuY3Bw	1670	107374182593	PG9wZXJhdG9yPi5ub3RFcXVhbHM=
30064772939	107374182534	VG9TbGljZQ==	VG9TbGljZTpBTlkobmFwaV9lbnZfXyosbmFwaV92YWx1ZV9fKik=	U1RBVElDX0RJU1BBVENI	QU5Z	VG9TbGljZShlbnYsIGFyZ3ZbMV0p	YmluZGluZ3MuY3Bw	1672	107374182677	VG9TbGljZTpBTlkobmFwaV9lbnZfXyosbmFwaV92YWx1ZV9fKik=
30064772923	107374182534	PG9wZXJhdG9yPi5hc3NpZ25tZW50	PG9wZXJhdG9yPi5hc3NpZ25tZW50	U1RBVElDX0RJU1BBVENI	dm9pZA==	bmFwaV92YWx1ZSBbXQ==	YmluZGluZ3MuY3Bw	1669	107374182564	PG9wZXJhdG9yPi5hc3NpZ25tZW50
30064772927	107374182534	bmFwaV9nZXRfY2JfaW5mbw==	PHVucmVzb2x2ZWROYW1lc3BhY2U+Lm5hcGlfZ2V0X2NiX2luZm86PHVucmVzb2x2ZWRTaWduYXR1cmU+KDYp	U1RBVElDX0RJU1BBVENI	QU5Z	bmFwaV9nZXRfY2JfaW5mbyhlbnYsIGluZm8sICZhcmdjLCBhcmd2LCBOVUxMLCBOVUxMKQ==	YmluZGluZ3MuY3Bw	1669	107374182660	PHVucmVzb2x2ZWROYW1lc3BhY2U+Lm5hcGlfZ2V0X2NiX2luZm86PHVucmVzb2x2ZWRTaWduYXR1cmU+KDYp
30064772929	107374182534	bmFwaV90aHJvd19lcnJvcg==	PHVucmVzb2x2ZWROYW1lc3BhY2U+Lm5hcGlfdGhyb3dfZXJyb3I6PHVucmVzb2x2ZWRTaWduYXR1cmU+KDMp	U1RBVElDX0RJU1BBVENI	QU5Z	bmFwaV90aHJvd19lcnJvcihlbnYsIE5VTEwsICJuYXBpX2dldF9jYl9pbmZvKGVudiwgaW5mbywgJmFyZ2MsIGFyZ3YsIE5VTEwsIE5VTEwpIGZhaWxlZCEiKQ==	YmluZGluZ3MuY3Bw	1669	107374182596	PHVucmVzb2x2ZWROYW1lc3BhY2U+Lm5hcGlfdGhyb3dfZXJyb3I6PHVucmVzb2x2ZWRTaWduYXR1cmU+KDMp
30064772931	107374182534	PG9wZXJhdG9yPi5hc3NpZ25tZW50	PG9wZXJhdG9yPi5hc3NpZ25tZW50	U1RBVElDX0RJU1BBVENI	dm9pZA==	QmF0Y2ggKg==	YmluZGluZ3MuY3Bw	1670	107374182564	PG9wZXJhdG9yPi5hc3NpZ25tZW50
30064772933	107374182534	bmFwaV9nZXRfdmFsdWVfZXh0ZXJuYWw=	bmFwaV9nZXRfdmFsdWVfZXh0ZXJuYWw=	U1RBVElDX0RJU1BBVENI	QU5Z	bmFwaV9nZXRfdmFsdWVfZXh0ZXJuYWwoZW52LCBhcmd2WzBdLCAodm9pZCAqICopJmJhdGNoKQ==	YmluZGluZ3MuY3Bw	1670	107374182661	bmFwaV9nZXRfdmFsdWVfZXh0ZXJuYWw=
30064772937	107374182534	bmFwaV90aHJvd19lcnJvcg==	PHVucmVzb2x2ZWROYW1lc3BhY2U+Lm5hcGlfdGhyb3dfZXJyb3I6PHVucmVzb2x2ZWRTaWduYXR1cmU+KDMp	U1RBVElDX0RJU1BBVENI	QU5Z	bmFwaV90aHJvd19lcnJvcihlbnYsIE5VTEwsICJuYXBpX2dldF92YWx1ZV9leHRlcm5hbChlbnYsIGFyZ3ZbMF0sICh2b2lkKiopJmJhdGNoKSBmYWlsZWQhIik=	YmluZGluZ3MuY3Bw	1670	107374182596	PHVucmVzb2x2ZWROYW1lc3BhY2U+Lm5hcGlfdGhyb3dfZXJyb3I6PHVucmVzb2x2ZWRTaWduYXR1cmU+KDMp
30064772940	107374182534	PG9wZXJhdG9yPi5pbmRpcmVjdEluZGV4QWNjZXNz	PG9wZXJhdG9yPi5pbmRpcmVjdEluZGV4QWNjZXNz	U1RBVElDX0RJU1BBVENI	QU5Z	YXJndlsxXQ==	YmluZGluZ3MuY3Bw	1672	107374182578	PG9wZXJhdG9yPi5pbmRpcmVjdEluZGV4QWNjZXNz
30064772924	107374182534	PG9wZXJhdG9yPi5hbGxvYw==	PG9wZXJhdG9yPi5hbGxvYw==	U1RBVElDX0RJU1BBVENI	bmFwaV92YWx1ZVsyXQ==	bmFwaV92YWx1ZSBbXQ==	YmluZGluZ3MuY3Bw	1669	107374182575	PG9wZXJhdG9yPi5hbGxvYw==
30064772928	107374182534	PG9wZXJhdG9yPi5hZGRyZXNzT2Y=	PG9wZXJhdG9yPi5hZGRyZXNzT2Y=	U1RBVElDX0RJU1BBVENI	QU5Z	JmFyZ2M=	YmluZGluZ3MuY3Bw	1669	107374182558	PG9wZXJhdG9yPi5hZGRyZXNzT2Y=
30064772934	107374182534	PG9wZXJhdG9yPi5pbmRpcmVjdEluZGV4QWNjZXNz	PG9wZXJhdG9yPi5pbmRpcmVjdEluZGV4QWNjZXNz	U1RBVElDX0RJU1BBVENI	QU5Z	YXJndlswXQ==	YmluZGluZ3MuY3Bw	1670	107374182578	PG9wZXJhdG9yPi5pbmRpcmVjdEluZGV4QWNjZXNz
30064772935	107374182534	PG9wZXJhdG9yPi5jYXN0	PG9wZXJhdG9yPi5jYXN0	U1RBVElDX0RJU1BBVENI	dm9pZA==	KHZvaWQgKiAqKSZiYXRjaA==	YmluZGluZ3MuY3Bw	1670	107374182585	PG9wZXJhdG9yPi5jYXN0
30064772936	107374182534	PG9wZXJhdG9yPi5hZGRyZXNzT2Y=	PG9wZXJhdG9yPi5hZGRyZXNzT2Y=	U1RBVElDX0RJU1BBVENI	QU5Z	JmJhdGNo	YmluZGluZ3MuY3Bw	1670	107374182558	PG9wZXJhdG9yPi5hZGRyZXNzT2Y=
30064772944	107374182535	TkFQSV9BUkdW	L3RtcC9jbGF1ZGUtMC8taG9tZS11c2VyLWJ1Zy10cmFja2VyLzYzYjcwZTVhLTc1ZDMtNWRhMi1hZTgxLWUwMDk2MTI4N2M2ZS9zY3JhdGNocGFkL3ZhbDEwL0A4Y3JhZnRlcl9fbGV2ZWxkYi16bGliL3BrZy9wYWNrYWdlL3NyYy9uYXBpLW1hY3Jvcy5oOk5BUElfQVJHVjpBTlkoMSk=	SU5MSU5FRA==	QU5Z	TkFQSV9BUkdWKDEp	YmluZGluZ3MuY3Bw	1683	107374182550	L3RtcC9jbGF1ZGUtMC8taG9tZS11c2VyLWJ1Zy10cmFja2VyLzYzYjcwZTVhLTc1ZDMtNWRhMi1hZTgxLWUwMDk2MTI4N2M2ZS9zY3JhdGNocGFkL3ZhbDEwL0A4Y3JhZnRlcl9fbGV2ZWxkYi16bGliL3BrZy9wYWNrYWdlL3NyYy9uYXBpLW1hY3Jvcy5oOk5BUElfQVJHVjpBTlkoMSk=
30064772947	107374182535	PG9wZXJhdG9yPi5hc3NpZ25tZW50	PG9wZXJhdG9yPi5hc3NpZ25tZW50	U1RBVElDX0RJU1BBVENI	dm9pZA==	c2l6ZV90	YmluZGluZ3MuY3Bw	1683	107374182564	PG9wZXJhdG9yPi5hc3NpZ25tZW50
30064772952	107374182535	TkFQSV9CQVRDSF9DT05URVhU	YmluZGluZ3MuY3BwOk5BUElfQkFUQ0hfQ09OVEVYVDpBTlkoMCk=	SU5MSU5FRA==	QU5Z	TkFQSV9CQVRDSF9DT05URVhUKCk=	YmluZGluZ3MuY3Bw	1684	107374182555	YmluZGluZ3MuY3BwOk5BUElfQkFUQ0hfQ09OVEVYVDpBTlkoMCk=
30064772960	107374182535	Q2xlYXI=	QmF0Y2guQ2xlYXI6dm9pZCgp	U1RBVElDX0RJU1BBVENI	dm9pZA==	YmF0Y2gtPkNsZWFyKCk=	YmluZGluZ3MuY3Bw	1686	107374182529	QmF0Y2guQ2xlYXI6dm9pZCgp
30064772961	107374182535	TkFQSV9SRVRVUk5fVU5ERUZJTkVE	YmluZGluZ3MuY3BwOk5BUElfUkVUVVJOX1VOREVGSU5FRDpBTlkoMCk=	SU5MSU5FRA==	QU5Z	TkFQSV9SRVRVUk5fVU5ERUZJTkVEKCk=	YmluZGluZ3MuY3Bw	1688	107374182553	YmluZGluZ3MuY3BwOk5BUElfUkVUVVJOX1VOREVGSU5FRDpBTlkoMCk=
30064772948	107374182535	PG9wZXJhdG9yPi5ub3RFcXVhbHM=	PG9wZXJhdG9yPi5ub3RFcXVhbHM=	U1RBVElDX0RJU1BBVENI	QU5Z	KG5hcGlfZ2V0X2NiX2luZm8oZW52LCBpbmZvLCAmYXJnYywgYXJndiwgTlVMTCwgTlVMTCkpICE9IG5hcGlfb2s=	YmluZGluZ3MuY3Bw	1683	107374182593	PG9wZXJhdG9yPi5ub3RFcXVhbHM=
30064772954	107374182535	PG9wZXJhdG9yPi5ub3RFcXVhbHM=	PG9wZXJhdG9yPi5ub3RFcXVhbHM=	U1RBVElDX0RJU1BBVENI	QU5Z	KG5hcGlfZ2V0X3ZhbHVlX2V4dGVybmFsKGVudiwgYXJndlswXSwgKHZvaWQgKiAqKSZiYXRjaCkpICE9IG5hcGlfb2s=	YmluZGluZ3MuY3Bw	1684	107374182593	PG9wZXJhdG9yPi5ub3RFcXVhbHM=
30064772945	107374182535	PG9wZXJhdG9yPi5hc3NpZ25tZW50	PG9wZXJhdG9yPi5hc3NpZ25tZW50	U1RBVElDX0RJU1BBVENI	dm9pZA==	bmFwaV92YWx1ZSBbXQ==	YmluZGluZ3MuY3Bw	1683	107374182564	PG9wZXJhdG9yPi5hc3NpZ25tZW50
30064772949	107374182535	bmFwaV9nZXRfY2JfaW5mbw==	PHVucmVzb2x2ZWROYW1lc3BhY2U+Lm5hcGlfZ2V0X2NiX2luZm86PHVucmVzb2x2ZWRTaWduYXR1cmU+KDYp	U1RBVElDX0RJU1BBVENI	QU5Z	bmFwaV9nZXRfY2JfaW5mbyhlbnYsIGluZm8sICZhcmdjLCBhcmd2LCBOVUxMLCBOVUxMKQ==	YmluZGluZ3MuY3Bw	1683	107374182660	PHVucmVzb2x2ZWROYW1lc3BhY2U+Lm5hcGlfZ2V0X2NiX2luZm86PHVucmVzb2x2ZWRTaWduYXR1cmU+KDYp
30064772951	107374182535	bmFwaV90aHJvd19lcnJvcg==	PHVucmVzb2x2ZWROYW1lc3BhY2U+Lm5hcGlfdGhyb3dfZXJyb3I6PHVucmVzb2x2ZWRTaWduYXR1cmU+KDMp	U1RBVElDX0RJU1BBVENI	QU5Z	bmFwaV90aHJvd19lcnJvcihlbnYsIE5VTEwsICJuYXBpX2dldF9jYl9pbmZvKGVudiwgaW5mbywgJmFyZ2MsIGFyZ3YsIE5VTEwsIE5VTEwpIGZhaWxlZCEiKQ==	YmluZGluZ3MuY3Bw	1683	107374182596	PHVucmVzb2x2ZWROYW1lc3BhY2U+Lm5hcGlfdGhyb3dfZXJyb3I6PHVucmVzb2x2ZWRTaWduYXR1cmU+KDMp
30064772953	107374182535	PG9wZXJhdG9yPi5hc3NpZ25tZW50	PG9wZXJhdG9yPi5hc3NpZ25tZW50	U1RBVElDX0RJU1BBVENI	dm9pZA==	QmF0Y2ggKg==	YmluZGluZ3MuY3Bw	1684	107374182564	PG9wZXJhdG9yPi5hc3NpZ25tZW50
30064772955	107374182535	bmFwaV9nZXRfdmFsdWVfZXh0ZXJuYWw=	bmFwaV9nZXRfdmFsdWVfZXh0ZXJuYWw=	U1RBVElDX0RJU1BBVENI	QU5Z	bmFwaV9nZXRfdmFsdWVfZXh0ZXJuYWwoZW52LCBhcmd2WzBdLCAodm9pZCAqICopJmJhdGNoKQ==	YmluZGluZ3MuY3Bw	1684	107374182661	bmFwaV9nZXRfdmFsdWVfZXh0ZXJuYWw=
30064772959	107374182535	bmFwaV90aHJvd19lcnJvcg==	PHVucmVzb2x2ZWROYW1lc3BhY2U+Lm5hcGlfdGhyb3dfZXJyb3I6PHVucmVzb2x2ZWRTaWduYXR1cmU+KDMp	U1RBVElDX0RJU1BBVENI	QU5Z	bmFwaV90aHJvd19lcnJvcihlbnYsIE5VTEwsICJuYXBpX2dldF92YWx1ZV9leHRlcm5hbChlbnYsIGFyZ3ZbMF0sICh2b2lkKiopJmJhdGNoKSBmYWlsZWQhIik=	YmluZGluZ3MuY3Bw	1684	107374182596	PHVucmVzb2x2ZWROYW1lc3BhY2U+Lm5hcGlfdGhyb3dfZXJyb3I6PHVucmVzb2x2ZWRTaWduYXR1cmU+KDMp
30064772946	107374182535	PG9wZXJhdG9yPi5hbGxvYw==	PG9wZXJhdG9yPi5hbGxvYw==	U1RBVElDX0RJU1BBVENI	bmFwaV92YWx1ZVsxXQ==	bmFwaV92YWx1ZSBbXQ==	YmluZGluZ3MuY3Bw	1683	107374182575	PG9wZXJhdG9yPi5hbGxvYw==
30064772950	107374182535	PG9wZXJhdG9yPi5hZGRyZXNzT2Y=	PG9wZXJhdG9yPi5hZGRyZXNzT2Y=	U1RBVElDX0RJU1BBVENI	QU5Z	JmFyZ2M=	YmluZGluZ3MuY3Bw	1683	107374182558	PG9wZXJhdG9yPi5hZGRyZXNzT2Y=
30064772956	107374182535	PG9wZXJhdG9yPi5pbmRpcmVjdEluZGV4QWNjZXNz	PG9wZXJhdG9yPi5pbmRpcmVjdEluZGV4QWNjZXNz	U1RBVElDX0RJU1BBVENI	QU5Z	YXJndlswXQ==	YmluZGluZ3MuY3Bw	1684	107374182578	PG9wZXJhdG9yPi5pbmRpcmVjdEluZGV4QWNjZXNz
30064772957	107374182535	PG9wZXJhdG9yPi5jYXN0	PG9wZXJhdG9yPi5jYXN0	U1RBVElDX0RJU1BBVENI	dm9pZA==	KHZvaWQgKiAqKSZiYXRjaA==	YmluZGluZ3MuY3Bw	1684	107374182585	PG9wZXJhdG9yPi5jYXN0
30064772958	107374182535	PG9wZXJhdG9yPi5hZGRyZXNzT2Y=	PG9wZXJhdG9yPi5hZGRyZXNzT2Y=	U1RBVElDX0RJU1BBVENI	QU5Z	JmJhdGNo	YmluZGluZ3MuY3Bw	1684	107374182558	PG9wZXJhdG9yPi5hZGRyZXNzT2Y=
30064772984	107374182536	PG9wZXJhdG9yPi5hc3NpZ25tZW50	PG9wZXJhdG9yPi5hc3NpZ25tZW50	U1RBVElDX0RJU1BBVENI	dm9pZA==	KiBiYXRjaF8gPSBBTlkuQU5ZKCk=	YmluZGluZ3MuY3Bw	1717	107374182564	PG9wZXJhdG9yPi5hc3NpZ25tZW50
30064772985	107374182536	PG9wZXJhdG9yPi5hc3NpZ25tZW50	PG9wZXJhdG9yPi5hc3NpZ25tZW50	U1RBVElDX0RJU1BBVENI	QU5Z	PHRtcD4wID0gPG9wZXJhdG9yPi5hbGxvYw==	YmluZGluZ3MuY3Bw	1717	107374182564	PG9wZXJhdG9yPi5hc3NpZ25tZW50
30064772987	107374182536	QU5Z	QU5ZLkFOWTp2b2lkKCk=	U1RBVElDX0RJU1BBVENI	dm9pZA==	QU5ZLkFOWSgp	YmluZGluZ3MuY3Bw	1717	107374182609	QU5ZLkFOWTp2b2lkKCk=
30064772986	107374182536	PG9wZXJhdG9yPi5hbGxvYw==	PG9wZXJhdG9yPi5hbGxvYw==	U1RBVElDX0RJU1BBVENI	QU5Z	PG9wZXJhdG9yPi5hbGxvYw==	YmluZGluZ3MuY3Bw	1717	107374182575	PG9wZXJhdG9yPi5hbGxvYw==
30064772988	107374182536	PG9wZXJhdG9yPi5hZGRyZXNzT2Y=	PG9wZXJhdG9yPi5hZGRyZXNzT2Y=	U1RBVElDX0RJU1BBVENI	QU5Z	Jjx0bXA+MA==	YmluZGluZ3MuY3Bw	1717	107374182558	PG9wZXJhdG9yPi5hZGRyZXNzT2Y=
30064772962	107374182537	TkFQSV9TVEFUVVNfVEhST1dTX1ZPSUQ=	L3RtcC9jbGF1ZGUtMC8taG9tZS11c2VyLWJ1Zy10cmFja2VyLzYzYjcwZTVhLTc1ZDMtNWRhMi1hZTgxLWUwMDk2MTI4N2M2ZS9zY3JhdGNocGFkL3ZhbDEwL0A4Y3JhZnRlcl9fbGV2ZWxkYi16bGliL3BrZy9wYWNrYWdlL3NyYy9uYXBpLW1hY3Jvcy5oOk5BUElfU1RBVFVTX1RIUk9XU19WT0lEOkFOWSgxKQ==	SU5MSU5FRA==	QU5Z	TkFQSV9TVEFUVVNfVEhST1dTX1ZPSUQobmFwaV9jcmVhdGVfcmVmZXJlbmNlKGVudl8sIGNvbnRleHQsIDEsICZjb250ZXh0UmVmXykp	YmluZGluZ3MuY3Bw	1704	107374182547	L3RtcC9jbGF1ZGUtMC8taG9tZS11c2VyLWJ1Zy10cmFja2VyLzYzYjcwZTVhLTc1ZDMtNWRhMi1hZTgxLWUwMDk2MTI4N2M2ZS9zY3JhdGNocGFkL3ZhbDEwL0A4Y3JhZnRlcl9fbGV2ZWxkYi16bGliL3BrZy9wYWNrYWdlL3NyYy9uYXBpLW1hY3Jvcy5oOk5BUElfU1RBVFVTX1RIUk9XU19WT0lEOkFOWSgxKQ==
30064772969	107374182537	PG9wZXJhdG9yPi5hc3NpZ25tZW50	PG9wZXJhdG9yPi5hc3NpZ25tZW50	U1RBVElDX0RJU1BBVENI	dm9pZA==	dGhpcy0+UHJpb3JpdHlXb3JrZXIgPSBlbnY=	YmluZGluZ3MuY3Bw	1700	107374182564	PG9wZXJhdG9yPi5hc3NpZ25tZW50
30064772971	107374182537	PG9wZXJhdG9yPi5hc3NpZ25tZW50	PG9wZXJhdG9yPi5hc3NpZ25tZW50	U1RBVElDX0RJU1BBVENI	dm9pZA==	dGhpcy0+YmF0Y2hfID0gYmF0Y2g=	YmluZGluZ3MuY3Bw	1701	107374182564	PG9wZXJhdG9yPi5hc3NpZ25tZW50
30064772973	107374182537	PG9wZXJhdG9yPi5hc3NpZ25tZW50	PG9wZXJhdG9yPi5hc3NpZ25tZW50	U1RBVElDX0RJU1BBVENI	dm9pZA==	dGhpcy0+c3luY18gPSBzeW5j	YmluZGluZ3MuY3Bw	1702	107374182564	PG9wZXJhdG9yPi5hc3NpZ25tZW50
30064772970	107374182537	PG9wZXJhdG9yPi5pbmRpcmVjdEZpZWxkQWNjZXNz	PG9wZXJhdG9yPi5pbmRpcmVjdEZpZWxkQWNjZXNz	U1RBVElDX0RJU1BBVENI	QmF0Y2hXcml0ZVdvcmtlcio=	dGhpcy0+UHJpb3JpdHlXb3JrZXI=	YmluZGluZ3MuY3Bw	1700	107374182595	PG9wZXJhdG9yPi5pbmRpcmVjdEZpZWxkQWNjZXNz
30064772972	107374182537	PG9wZXJhdG9yPi5pbmRpcmVjdEZpZWxkQWNjZXNz	PG9wZXJhdG9yPi5pbmRpcmVjdEZpZWxkQWNjZXNz	U1RBVElDX0RJU1BBVENI	QmF0Y2hXcml0ZVdvcmtlcio=	dGhpcy0+YmF0Y2hf	YmluZGluZ3MuY3Bw	1701	107374182595	PG9wZXJhdG9yPi5pbmRpcmVjdEZpZWxkQWNjZXNz
30064772974	107374182537	PG9wZXJhdG9yPi5pbmRpcmVjdEZpZWxkQWNjZXNz	PG9wZXJhdG9yPi5pbmRpcmVjdEZpZWxkQWNjZXNz	U1RBVElDX0RJU1BBVENI	QmF0Y2hXcml0ZVdvcmtlcio=	dGhpcy0+c3luY18=	YmluZGluZ3MuY3Bw	1702	107374182595	PG9wZXJhdG9yPi5pbmRpcmVjdEZpZWxkQWNjZXNz
30064772963	107374182537	PG9wZXJhdG9yPi5ub3RFcXVhbHM=	PG9wZXJhdG9yPi5ub3RFcXVhbHM=	U1RBVElDX0RJU1BBVENI	QU5Z	KG5hcGlfY3JlYXRlX3JlZmVyZW5jZShlbnZfLCBjb250ZXh0LCAxLCAmY29udGV4dFJlZl8pKSAhPSBuYXBpX29r	YmluZGluZ3MuY3Bw	1704	107374182593	PG9wZXJhdG9yPi5ub3RFcXVhbHM=
30064772964	107374182537	bmFwaV9jcmVhdGVfcmVmZXJlbmNl	PHVucmVzb2x2ZWROYW1lc3BhY2U+Lm5hcGlfY3JlYXRlX3JlZmVyZW5jZTo8dW5yZXNvbHZlZFNpZ25hdHVyZT4oNCk=	U1RBVElDX0RJU1BBVENI	QU5Z	bmFwaV9jcmVhdGVfcmVmZXJlbmNlKGVudl8sIGNvbnRleHQsIDEsICZjb250ZXh0UmVmXyk=	YmluZGluZ3MuY3Bw	1704	107374182594	PHVucmVzb2x2ZWROYW1lc3BhY2U+Lm5hcGlfY3JlYXRlX3JlZmVyZW5jZTo8dW5yZXNvbHZlZFNpZ25hdHVyZT4oNCk=
30064772968	107374182537	bmFwaV90aHJvd19lcnJvcg==	PHVucmVzb2x2ZWROYW1lc3BhY2U+Lm5hcGlfdGhyb3dfZXJyb3I6PHVucmVzb2x2ZWRTaWduYXR1cmU+KDMp	U1RBVElDX0RJU1BBVENI	QU5Z	bmFwaV90aHJvd19lcnJvcihlbnYsIE5VTEwsICJuYXBpX2NyZWF0ZV9yZWZlcmVuY2UoZW52XywgY29udGV4dCwgMSwgJmNvbnRleHRSZWZfKSBmYWlsZWQhIik=	YmluZGluZ3MuY3Bw	1704	107374182596	PHVucmVzb2x2ZWROYW1lc3BhY2U+Lm5hcGlfdGhyb3dfZXJyb3I6PHVucmVzb2x2ZWRTaWduYXR1cmU+KDMp
30064772965	107374182537	PG9wZXJhdG9yPi5pbmRpcmVjdEZpZWxkQWNjZXNz	PG9wZXJhdG9yPi5pbmRpcmVjdEZpZWxkQWNjZXNz	U1RBVElDX0RJU1BBVENI	bmFwaV9lbnZfXyo=	dGhpcy0+ZW52Xw==	YmluZGluZ3MuY3Bw	1704	107374182595	PG9wZXJhdG9yPi5pbmRpcmVjdEZpZWxkQWNjZXNz
30064772966	107374182537	PG9wZXJhdG9yPi5hZGRyZXNzT2Y=	PG9wZXJhdG9yPi5hZGRyZXNzT2Y=	U1RBVElDX0RJU1BBVENI	QU5Z	JmNvbnRleHRSZWZf	YmluZGluZ3MuY3Bw	1704	107374182558	PG9wZXJhdG9yPi5hZGRyZXNzT2Y=
30064772967	107374182537	PG9wZXJhdG9yPi5pbmRpcmVjdEZpZWxkQWNjZXNz	PG9wZXJhdG9yPi5pbmRpcmVjdEZpZWxkQWNjZXNz	U1RBVElDX0RJU1BBVENI	bmFwaV9yZWZfXyo=	dGhpcy0+Y29udGV4dFJlZl8=	YmluZGluZ3MuY3Bw	1704	107374182595	PG9wZXJhdG9yPi5pbmRpcmVjdEZpZWxkQWNjZXNz
30064772975	107374182538	bmFwaV9kZWxldGVfcmVmZXJlbmNl	bmFwaV9kZWxldGVfcmVmZXJlbmNl	U1RBVElDX0RJU1BBVENI	QU5Z	bmFwaV9kZWxldGVfcmVmZXJlbmNlKGVudl8sIGNvbnRleHRSZWZfKQ==	YmluZGluZ3MuY3Bw	1708	107374182598	bmFwaV9kZWxldGVfcmVmZXJlbmNl
30064772976	107374182538	PG9wZXJhdG9yPi5pbmRpcmVjdEZpZWxkQWNjZXNz	PG9wZXJhdG9yPi5pbmRpcmVjdEZpZWxkQWNjZXNz	U1RBVElDX0RJU1BBVENI	bmFwaV9lbnZfXyo=	dGhpcy0+ZW52Xw==	YmluZGluZ3MuY3Bw	1708	107374182595	PG9wZXJhdG9yPi5pbmRpcmVjdEZpZWxkQWNjZXNz
30064772977	107374182538	PG9wZXJhdG9yPi5pbmRpcmVjdEZpZWxkQWNjZXNz	PG9wZXJhdG9yPi5pbmRpcmVjdEZpZWxkQWNjZXNz	U1RBVElDX0RJU1BBVENI	bmFwaV9yZWZfXyo=	dGhpcy0+Y29udGV4dFJlZl8=	YmluZGluZ3MuY3Bw	1708	107374182595	PG9wZXJhdG9yPi5pbmRpcmVjdEZpZWxkQWNjZXNz
30064772978	107374182539	PG9wZXJhdG9yPi5pbmRpcmVjdEZpZWxkQWNjZXNz	PG9wZXJhdG9yPi5pbmRpcmVjdEZpZWxkQWNjZXNz	U1RBVElDX0RJU1BBVENI	QU5Z	YmF0Y2hfLT5oYXNEYXRhXw==	YmluZGluZ3MuY3Bw	1712	107374182595	PG9wZXJhdG9yPi5pbmRpcmVjdEZpZWxkQWNjZXNz
30064772979	107374182539	PG9wZXJhdG9yPi5pbmRpcmVjdEZpZWxkQWNjZXNz	PG9wZXJhdG9yPi5pbmRpcmVjdEZpZWxkQWNjZXNz	U1RBVElDX0RJU1BBVENI	QmF0Y2gq	dGhpcy0+YmF0Y2hf	YmluZGluZ3MuY3Bw	1712	107374182595	PG9wZXJhdG9yPi5pbmRpcmVjdEZpZWxkQWNjZXNz
30064772980	107374182539	U2V0U3RhdHVz	QmFzZVdvcmtlci5TZXRTdGF0dXM6dm9pZChBTlkp	U1RBVElDX0RJU1BBVENI	dm9pZA==	U2V0U3RhdHVzKGJhdGNoXy0+V3JpdGUoc3luY18pKQ==	YmluZGluZ3MuY3Bw	1713	107374182675	QmFzZVdvcmtlci5TZXRTdGF0dXM6dm9pZChBTlkp
30064772981	107374182539	V3JpdGU=	QmF0Y2guV3JpdGU6QU5ZKGJvb2wp	U1RBVElDX0RJU1BBVENI	QU5Z	YmF0Y2hfLT5Xcml0ZShzeW5jXyk=	YmluZGluZ3MuY3Bw	1713	107374182735	QmF0Y2guV3JpdGU6QU5ZKGJvb2wp
30064772982	107374182539	PG9wZXJhdG9yPi5pbmRpcmVjdEZpZWxkQWNjZXNz	PG9wZXJhdG9yPi5pbmRpcmVjdEZpZWxkQWNjZXNz	U1RBVElDX0RJU1BBVENI	QmF0Y2gq	dGhpcy0+YmF0Y2hf	YmluZGluZ3MuY3Bw	1713	107374182595	PG9wZXJhdG9yPi5pbmRpcmVjdEZpZWxkQWNjZXNz
30064772983	107374182539	PG9wZXJhdG9yPi5pbmRpcmVjdEZpZWxkQWNjZXNz	PG9wZXJhdG9yPi5pbmRpcmVjdEZpZWxkQWNjZXNz	U1RBVElDX0RJU1BBVENI	Ym9vbA==	dGhpcy0+c3luY18=	YmluZGluZ3MuY3Bw	1713	107374182595	PG9wZXJhdG9yPi5pbmRpcmVjdEZpZWxkQWNjZXNz
30064772989	107374182540	TkFQSV9BUkdW	L3RtcC9jbGF1ZGUtMC8taG9tZS11c2VyLWJ1Zy10cmFja2VyLzYzYjcwZTVhLTc1ZDMtNWRhMi1hZTgxLWUwMDk2MTI4N2M2ZS9zY3JhdGNocGFkL3ZhbDEwL0A4Y3JhZnRlcl9fbGV2ZWxkYi16bGliL3BrZy9wYWNrYWdlL3NyYy9uYXBpLW1hY3Jvcy5oOk5BUElfQVJHVjpBTlkoMSk=	SU5MSU5FRA==	QU5Z	TkFQSV9BUkdWKDMp	YmluZGluZ3MuY3Bw	1728	107374182550	L3RtcC9jbGF1ZGUtMC8taG9tZS11c2VyLWJ1Zy10cmFja2VyLzYzYjcwZTVhLTc1ZDMtNWRhMi1hZTgxLWUwMDk2MTI4N2M2ZS9zY3JhdGNocGFkL3ZhbDEwL0A4Y3JhZnRlcl9fbGV2ZWxkYi16bGliL3BrZy9wYWNrYWdlL3NyYy9uYXBpLW1hY3Jvcy5oOk5BUElfQVJHVjpBTlkoMSk=
30064772992	107374182540	PG9wZXJhdG9yPi5hc3NpZ25tZW50	PG9wZXJhdG9yPi5hc3NpZ25tZW50	U1RBVElDX0RJU1BBVENI	dm9pZA==	c2l6ZV90	YmluZGluZ3MuY3Bw	1728	107374182564	PG9wZXJhdG9yPi5hc3NpZ25tZW50
30064772997	107374182540	TkFQSV9CQVRDSF9DT05URVhU	YmluZGluZ3MuY3BwOk5BUElfQkFUQ0hfQ09OVEVYVDpBTlkoMCk=	SU5MSU5FRA==	QU5Z	TkFQSV9CQVRDSF9DT05URVhUKCk=	YmluZGluZ3MuY3Bw	1729	107374182555	YmluZGluZ3MuY3BwOk5BUElfQkFUQ0hfQ09OVEVYVDpBTlkoMCk=
30064773005	107374182540	PG9wZXJhdG9yPi5hc3NpZ25tZW50	PG9wZXJhdG9yPi5hc3NpZ25tZW50	U1RBVElDX0RJU1BBVENI	dm9pZA==	b3B0aW9ucyA9IGFyZ3ZbMV0=	YmluZGluZ3MuY3Bw	1731	107374182564	PG9wZXJhdG9yPi5hc3NpZ25tZW50
30064773007	107374182540	PG9wZXJhdG9yPi5hc3NpZ25tZW50	PG9wZXJhdG9yPi5hc3NpZ25tZW50	U1RBVElDX0RJU1BBVENI	dm9pZA==	c3luYyA9IEJvb2xlYW5Qcm9wZXJ0eShlbnYsIG9wdGlvbnMsICJzeW5jIiwgZmFsc2Up	YmluZGluZ3MuY3Bw	1732	107374182564	PG9wZXJhdG9yPi5hc3NpZ25tZW50
30064773009	107374182540	PG9wZXJhdG9yPi5hc3NpZ25tZW50	PG9wZXJhdG9yPi5hc3NpZ25tZW50	U1RBVElDX0RJU1BBVENI	dm9pZA==	Y2FsbGJhY2sgPSBhcmd2WzJd	YmluZGluZ3MuY3Bw	1733	107374182564	PG9wZXJhdG9yPi5hc3NpZ25tZW50
30064773011	107374182540	PG9wZXJhdG9yPi5hc3NpZ25tZW50	PG9wZXJhdG9yPi5hc3NpZ25tZW50	U1RBVElDX0RJU1BBVENI	dm9pZA==	d29ya2VyICA9IG5ldyBCYXRjaFdyaXRlV29ya2VyKGVudiwgYXJndlswXSwgYmF0Y2gsIGNhbGxiYWNrLCBzeW5jKQ==	YmluZGluZ3MuY3Bw	1735	107374182564	PG9wZXJhdG9yPi5hc3NpZ25tZW50
30064773018	107374182540	UXVldWU=	QmF0Y2hXcml0ZVdvcmtlci5RdWV1ZTp2b2lkKCk=	U1RBVElDX0RJU1BBVENI	dm9pZA==	d29ya2VyLT5RdWV1ZSgp	YmluZGluZ3MuY3Bw	1736	107374182737	QmF0Y2hXcml0ZVdvcmtlci5RdWV1ZTp2b2lkKCk=
30064773019	107374182540	TkFQSV9SRVRVUk5fVU5ERUZJTkVE	YmluZGluZ3MuY3BwOk5BUElfUkVUVVJOX1VOREVGSU5FRDpBTlkoMCk=	SU5MSU5FRA==	QU5Z	TkFQSV9SRVRVUk5fVU5ERUZJTkVEKCk=	YmluZGluZ3MuY3Bw	1738	107374182553	YmluZGluZ3MuY3BwOk5BUElfUkVUVVJOX1VOREVGSU5FRDpBTlkoMCk=
30064772993	107374182540	PG9wZXJhdG9yPi5ub3RFcXVhbHM=	PG9wZXJhdG9yPi5ub3RFcXVhbHM=	U1RBVElDX0RJU1BBVENI	QU5Z	KG5hcGlfZ2V0X2NiX2luZm8oZW52LCBpbmZvLCAmYXJnYywgYXJndiwgTlVMTCwgTlVMTCkpICE9IG5hcGlfb2s=	YmluZGluZ3MuY3Bw	1728	107374182593	PG9wZXJhdG9yPi5ub3RFcXVhbHM=
30064772999	107374182540	PG9wZXJhdG9yPi5ub3RFcXVhbHM=	PG9wZXJhdG9yPi5ub3RFcXVhbHM=	U1RBVElDX0RJU1BBVENI	QU5Z	KG5hcGlfZ2V0X3ZhbHVlX2V4dGVybmFsKGVudiwgYXJndlswXSwgKHZvaWQgKiAqKSZiYXRjaCkpICE9IG5hcGlfb2s=	YmluZGluZ3MuY3Bw	1729	107374182593	PG9wZXJhdG9yPi5ub3RFcXVhbHM=
30064773006	107374182540	PG9wZXJhdG9yPi5pbmRpcmVjdEluZGV4QWNjZXNz	PG9wZXJhdG9yPi5pbmRpcmVjdEluZGV4QWNjZXNz	U1RBVElDX0RJU1BBVENI	QU5Z	YXJndlsxXQ==	YmluZGluZ3MuY3Bw	1731	107374182578	PG9wZXJhdG9yPi5pbmRpcmVjdEluZGV4QWNjZXNz
30064773008	107374182540	Qm9vbGVhblByb3BlcnR5	Qm9vbGVhblByb3BlcnR5OmJvb2wobmFwaV9lbnZfXyosbmFwaV92YWx1ZV9fKixjaGFyKixib29sKQ==	U1RBVElDX0RJU1BBVENI	Ym9vbA==	Qm9vbGVhblByb3BlcnR5KGVudiwgb3B0aW9ucywgInN5bmMiLCBmYWxzZSk=	YmluZGluZ3MuY3Bw	1732	107374182662	Qm9vbGVhblByb3BlcnR5OmJvb2wobmFwaV9lbnZfXyosbmFwaV92YWx1ZV9fKixjaGFyKixib29sKQ==
30064773010	107374182540	PG9wZXJhdG9yPi5pbmRpcmVjdEluZGV4QWNjZXNz	PG9wZXJhdG9yPi5pbmRpcmVjdEluZGV4QWNjZXNz	U1RBVElDX0RJU1BBVENI	QU5Z	YXJndlsyXQ==	YmluZGluZ3MuY3Bw	1733	107374182578	PG9wZXJhdG9yPi5pbmRpcmVjdEluZGV4QWNjZXNz
30064773012	107374182540	PG9wZXJhdG9yPi5uZXc=	PG9wZXJhdG9yPi5uZXc=	U1RBVElDX0RJU1BBVENI	QU5Z	bmV3IEJhdGNoV3JpdGVXb3JrZXIoZW52LCBhcmd2WzBdLCBiYXRjaCwgY2FsbGJhY2ssIHN5bmMp	YmluZGluZ3MuY3Bw	1735	107374182574	PG9wZXJhdG9yPi5uZXc=
30064772990	107374182540	PG9wZXJhdG9yPi5hc3NpZ25tZW50	PG9wZXJhdG9yPi5hc3NpZ25tZW50	U1RBVElDX0RJU1BBVENI	dm9pZA==	bmFwaV92YWx1ZSBbXQ==	YmluZGluZ3MuY3Bw	1728	107374182564	PG9wZXJhdG9yPi5hc3NpZ25tZW50
30064772994	107374182540	bmFwaV9nZXRfY2JfaW5mbw==	PHVucmVzb2x2ZWROYW1lc3BhY2U+Lm5hcGlfZ2V0X2NiX2luZm86PHVucmVzb2x2ZWRTaWduYXR1cmU+KDYp	U1RBVElDX0RJU1BBVENI	QU5Z	bmFwaV9nZXRfY2JfaW5mbyhlbnYsIGluZm8sICZhcmdjLCBhcmd2LCBOVUxMLCBOVUxMKQ==	YmluZGluZ3MuY3Bw	1728	107374182660	PHVucmVzb2x2ZWROYW1lc3BhY2U+Lm5hcGlfZ2V0X2NiX2luZm86PHVucmVzb2x2ZWRTaWduYXR1cmU+KDYp
30064772996	107374182540	bmFwaV90aHJvd19lcnJvcg==	PHVucmVzb2x2ZWROYW1lc3BhY2U+Lm5hcGlfdGhyb3dfZXJyb3I6PHVucmVzb2x2ZWRTaWduYXR1cmU+KDMp	U1RBVElDX0RJU1BBVENI	QU5Z	bmFwaV90aHJvd19lcnJvcihlbnYsIE5VTEwsICJuYXBpX2dldF9jYl9pbmZvKGVudiwgaW5mbywgJmFyZ2MsIGFyZ3YsIE5VTEwsIE5VTEwpIGZhaWxlZCEiKQ==	YmluZGluZ3MuY3Bw	1728	107374182596	PHVucmVzb2x2ZWROYW1lc3BhY2U+Lm5hcGlfdGhyb3dfZXJyb3I6PHVucmVzb2x2ZWRTaWduYXR1cmU+KDMp
30064772998	107374182540	PG9wZXJhdG9yPi5hc3NpZ25tZW50	PG9wZXJhdG9yPi5hc3NpZ25tZW50	U1RBVElDX0RJU1BBVENI	dm9pZA==	QmF0Y2ggKg==	YmluZGluZ3MuY3Bw	1729	107374182564	PG9wZXJhdG9yPi5hc3NpZ25tZW50
30064773000	107374182540	bmFwaV9nZXRfdmFsdWVfZXh0ZXJuYWw=	bmFwaV9nZXRfdmFsdWVfZXh0ZXJuYWw=	U1RBVElDX0RJU1BBVENI	QU5Z	bmFwaV9nZXRfdmFsdWVfZXh0ZXJuYWwoZW52LCBhcmd2WzBdLCAodm9pZCAqICopJmJhdGNoKQ==	YmluZGluZ3MuY3Bw	1729	107374182661	bmFwaV9nZXRfdmFsdWVfZXh0ZXJuYWw=
30064773004	107374182540	bmFwaV90aHJvd19lcnJvcg==	PHVucmVzb2x2ZWROYW1lc3BhY2U+Lm5hcGlfdGhyb3dfZXJyb3I6PHVucmVzb2x2ZWRTaWduYXR1cmU+KDMp	U1RBVElDX0RJU1BBVENI	QU5Z	bmFwaV90aHJvd19lcnJvcihlbnYsIE5VTEwsICJuYXBpX2dldF92YWx1ZV9leHRlcm5hbChlbnYsIGFyZ3ZbMF0sICh2b2lkKiopJmJhdGNoKSBmYWlsZWQhIik=	YmluZGluZ3MuY3Bw	1729	107374182596	PHVucmVzb2x2ZWROYW1lc3BhY2U+Lm5hcGlfdGhyb3dfZXJyb3I6PHVucmVzb2x2ZWRTaWduYXR1cmU+KDMp
30064772991	107374182540	PG9wZXJhdG9yPi5hbGxvYw==	PG9wZXJhdG9yPi5hbGxvYw==	U1RBVElDX0RJU1BBVENI	bmFwaV92YWx1ZVszXQ==	bmFwaV92YWx1ZSBbXQ==	YmluZGluZ3MuY3Bw	1728	107374182575	PG9wZXJhdG9yPi5hbGxvYw==
30064772995	107374182540	PG9wZXJhdG9yPi5hZGRyZXNzT2Y=	PG9wZXJhdG9yPi5hZGRyZXNzT2Y=	U1RBVElDX0RJU1BBVENI	QU5Z	JmFyZ2M=	YmluZGluZ3MuY3Bw	1728	107374182558	PG9wZXJhdG9yPi5hZGRyZXNzT2Y=
30064773001	107374182540	PG9wZXJhdG9yPi5pbmRpcmVjdEluZGV4QWNjZXNz	PG9wZXJhdG9yPi5pbmRpcmVjdEluZGV4QWNjZXNz	U1RBVElDX0RJU1BBVENI	QU5Z	YXJndlswXQ==	YmluZGluZ3MuY3Bw	1729	107374182578	PG9wZXJhdG9yPi5pbmRpcmVjdEluZGV4QWNjZXNz
30064773002	107374182540	PG9wZXJhdG9yPi5jYXN0	PG9wZXJhdG9yPi5jYXN0	U1RBVElDX0RJU1BBVENI	dm9pZA==	KHZvaWQgKiAqKSZiYXRjaA==	YmluZGluZ3MuY3Bw	1729	107374182585	PG9wZXJhdG9yPi5jYXN0
30064773013	107374182540	PG9wZXJhdG9yPi5hc3NpZ25tZW50	PG9wZXJhdG9yPi5hc3NpZ25tZW50	U1RBVElDX0RJU1BBVENI	QU5Z	PHRtcD4wID0gPG9wZXJhdG9yPi5hbGxvYw==	YmluZGluZ3MuY3Bw	1735	107374182564	PG9wZXJhdG9yPi5hc3NpZ25tZW50
30064773015	107374182540	QmF0Y2hXcml0ZVdvcmtlcg==	QmF0Y2hXcml0ZVdvcmtlci5CYXRjaFdyaXRlV29ya2VyOnZvaWQobmFwaV9lbnZfXyosbmFwaV92YWx1ZV9fKixCYXRjaCosbmFwaV92YWx1ZV9fKixib29sKQ==	U1RBVElDX0RJU1BBVENI	dm9pZA==	bmV3IEJhdGNoV3JpdGVXb3JrZXIoZW52LCBhcmd2WzBdLCBiYXRjaCwgY2FsbGJhY2ssIHN5bmMp	YmluZGluZ3MuY3Bw	1735	107374182736	QmF0Y2hXcml0ZVdvcmtlci5CYXRjaFdyaXRlV29ya2VyOnZvaWQobmFwaV9lbnZfXyosbmFwaV92YWx1ZV9fKixCYXRjaCosbmFwaV92YWx1ZV9fKixib29sKQ==
30064773003	107374182540	PG9wZXJhdG9yPi5hZGRyZXNzT2Y=	PG9wZXJhdG9yPi5hZGRyZXNzT2Y=	U1RBVElDX0RJU1BBVENI	QU5Z	JmJhdGNo	YmluZGluZ3MuY3Bw	1729	107374182558	PG9wZXJhdG9yPi5hZGRyZXNzT2Y=
30064773014	107374182540	PG9wZXJhdG9yPi5hbGxvYw==	PG9wZXJhdG9yPi5hbGxvYw==	U1RBVElDX0RJU1BBVENI	QU5Z	PG9wZXJhdG9yPi5hbGxvYw==	YmluZGluZ3MuY3Bw	1735	107374182575	PG9wZXJhdG9yPi5hbGxvYw==
30064773016	107374182540	PG9wZXJhdG9yPi5hZGRyZXNzT2Y=	PG9wZXJhdG9yPi5hZGRyZXNzT2Y=	U1RBVElDX0RJU1BBVENI	QU5Z	Jjx0bXA+MA==	YmluZGluZ3MuY3Bw	1735	107374182558	PG9wZXJhdG9yPi5hZGRyZXNzT2Y=
30064773017	107374182540	PG9wZXJhdG9yPi5pbmRpcmVjdEluZGV4QWNjZXNz	PG9wZXJhdG9yPi5pbmRpcmVjdEluZGV4QWNjZXNz	U1RBVElDX0RJU1BBVENI	QU5Z	YXJndlswXQ==	YmluZGluZ3MuY3Bw	1735	107374182578	PG9wZXJhdG9yPi5pbmRpcmVjdEluZGV4QWNjZXNz
30064773020	107374182541	bmFwaV9tYWNyb3NfaW5pdA==	bmFwaV9tYWNyb3NfaW5pdDp2b2lkKG5hcGlfZW52X18qLG5hcGlfdmFsdWVfXyop	U1RBVElDX0RJU1BBVENI	dm9pZA==	bmFwaV9tYWNyb3NfaW5pdChlbnYsIGV4cG9ydHMp	YmluZGluZ3MuY3Bw	1744	107374182738	bmFwaV9tYWNyb3NfaW5pdDp2b2lkKG5hcGlfZW52X18qLG5hcGlfdmFsdWVfXyop
30064773021	107374182543	bmFwaV9tYWNyb3NfaW5pdF93cmFw	bmFwaV9tYWNyb3NfaW5pdF93cmFwOm5hcGlfdmFsdWVfXyoobmFwaV9lbnZfXyosbmFwaV92YWx1ZV9fKik=	U1RBVElDX0RJU1BBVENI	bmFwaV92YWx1ZV9fKg==	bmFwaV9tYWNyb3NfaW5pdF93cmFwKGVudiwgZXhwb3J0cyk=	YmluZGluZ3MuY3Bw	1744	107374182739	bmFwaV9tYWNyb3NfaW5pdF93cmFwOm5hcGlfdmFsdWVfXyoobmFwaV9lbnZfXyosbmFwaV92YWx1ZV9fKik=
30064773022	107374182544	TkFQSV9FWFBPUlRfRlVOQ1RJT04=	L3RtcC9jbGF1ZGUtMC8taG9tZS11c2VyLWJ1Zy10cmFja2VyLzYzYjcwZTVhLTc1ZDMtNWRhMi1hZTgxLWUwMDk2MTI4N2M2ZS9zY3JhdGNocGFkL3ZhbDEwL0A4Y3JhZnRlcl9fbGV2ZWxkYi16bGliL3BrZy9wYWNrYWdlL3NyYy9uYXBpLW1hY3Jvcy5oOk5BUElfRVhQT1JUX0ZVTkNUSU9OOkFOWSgxKQ==	SU5MSU5FRA==	QU5Z	TkFQSV9FWFBPUlRfRlVOQ1RJT04oZGJfaW5pdCk=	YmluZGluZ3MuY3Bw	1745	107374182556	L3RtcC9jbGF1ZGUtMC8taG9tZS11c2VyLWJ1Zy10cmFja2VyLzYzYjcwZTVhLTc1ZDMtNWRhMi1hZTgxLWUwMDk2MTI4N2M2ZS9zY3JhdGNocGFkL3ZhbDEwL0A4Y3JhZnRlcl9fbGV2ZWxkYi16bGliL3BrZy9wYWNrYWdlL3NyYy9uYXBpLW1hY3Jvcy5oOk5BUElfRVhQT1JUX0ZVTkNUSU9OOkFOWSgxKQ==
30064773030	107374182544	TkFQSV9FWFBPUlRfRlVOQ1RJT04=	L3RtcC9jbGF1ZGUtMC8taG9tZS11c2VyLWJ1Zy10cmFja2VyLzYzYjcwZTVhLTc1ZDMtNWRhMi1hZTgxLWUwMDk2MTI4N2M2ZS9zY3JhdGNocGFkL3ZhbDEwL0A4Y3JhZnRlcl9fbGV2ZWxkYi16bGliL3BrZy9wYWNrYWdlL3NyYy9uYXBpLW1hY3Jvcy5oOk5BUElfRVhQT1JUX0ZVTkNUSU9OOkFOWSgxKQ==	SU5MSU5FRA==	QU5Z	TkFQSV9FWFBPUlRfRlVOQ1RJT04oZGJfb3Blbik=	YmluZGluZ3MuY3Bw	1746	107374182556	L3RtcC9jbGF1ZGUtMC8taG9tZS11c2VyLWJ1Zy10cmFja2VyLzYzYjcwZTVhLTc1ZDMtNWRhMi1hZTgxLWUwMDk2MTI4N2M2ZS9zY3JhdGNocGFkL3ZhbDEwL0A4Y3JhZnRlcl9fbGV2ZWxkYi16bGliL3BrZy9wYWNrYWdlL3NyYy9uYXBpLW1hY3Jvcy5oOk5BUElfRVhQT1JUX0ZVTkNUSU9OOkFOWSgxKQ==
30064773038	107374182544	TkFQSV9FWFBPUlRfRlVOQ1RJT04=	L3RtcC9jbGF1ZGUtMC8taG9tZS11c2VyLWJ1Zy10cmFja2VyLzYzYjcwZTVhLTc1ZDMtNWRhMi1hZTgxLWUwMDk2MTI4N2M2ZS9zY3JhdGNocGFkL3ZhbDEwL0A4Y3JhZnRlcl9fbGV2ZWxkYi16bGliL3BrZy9wYWNrYWdlL3NyYy9uYXBpLW1hY3Jvcy5oOk5BUElfRVhQT1JUX0ZVTkNUSU9OOkFOWSgxKQ==	SU5MSU5FRA==	QU5Z	TkFQSV9FWFBPUlRfRlVOQ1RJT04oZGJfY2xvc2Up	YmluZGluZ3MuY3Bw	1747	107374182556	L3RtcC9jbGF1ZGUtMC8taG9tZS11c2VyLWJ1Zy10cmFja2VyLzYzYjcwZTVhLTc1ZDMtNWRhMi1hZTgxLWUwMDk2MTI4N2M2ZS9zY3JhdGNocGFkL3ZhbDEwL0A4Y3JhZnRlcl9fbGV2ZWxkYi16bGliL3BrZy9wYWNrYWdlL3NyYy9uYXBpLW1hY3Jvcy5oOk5BUElfRVhQT1JUX0ZVTkNUSU9OOkFOWSgxKQ==
30064773046	107374182544	TkFQSV9FWFBPUlRfRlVOQ1RJT04=	L3RtcC9jbGF1ZGUtMC8taG9tZS11c2VyLWJ1Zy10cmFja2VyLzYzYjcwZTVhLTc1ZDMtNWRhMi1hZTgxLWUwMDk2MTI4N2M2ZS9zY3JhdGNocGFkL3ZhbDEwL0A4Y3JhZnRlcl9fbGV2ZWxkYi16bGliL3BrZy9wYWNrYWdlL3NyYy9uYXBpLW1hY3Jvcy5oOk5BUElfRVhQT1JUX0ZVTkNUSU9OOkFOWSgxKQ==	SU5MSU5FRA==	QU5Z	TkFQSV9FWFBPUlRfRlVOQ1RJT04oZGJfcHV0KQ==	YmluZGluZ3MuY3Bw	1748	107374182556	L3RtcC9jbGF1ZGUtMC8taG9tZS11c2VyLWJ1Zy10cmFja2VyLzYzYjcwZTVhLTc1ZDMtNWRhMi1hZTgxLWUwMDk2MTI4N2M2ZS9zY3JhdGNocGFkL3ZhbDEwL0A4Y3JhZnRlcl9fbGV2ZWxkYi16bGliL3BrZy9wYWNrYWdlL3NyYy9uYXBpLW1hY3Jvcy5oOk5BUElfRVhQT1JUX0ZVTkNUSU9OOkFOWSgxKQ==
30064773054	107374182544	TkFQSV9FWFBPUlRfRlVOQ1RJT04=	L3RtcC9jbGF1ZGUtMC8taG9tZS11c2VyLWJ1Zy10cmFja2VyLzYzYjcwZTVhLTc1ZDMtNWRhMi1hZTgxLWUwMDk2MTI4N2M2ZS9zY3JhdGNocGFkL3ZhbDEwL0A4Y3JhZnRlcl9fbGV2ZWxkYi16bGliL3BrZy9wYWNrYWdlL3NyYy9uYXBpLW1hY3Jvcy5oOk5BUElfRVhQT1JUX0ZVTkNUSU9OOkFOWSgxKQ==	SU5MSU5FRA==	QU5Z	TkFQSV9FWFBPUlRfRlVOQ1RJT04oZGJfZ2V0KQ==	YmluZGluZ3MuY3Bw	1749	107374182556	L3RtcC9jbGF1ZGUtMC8taG9tZS11c2VyLWJ1Zy10cmFja2VyLzYzYjcwZTVhLTc1ZDMtNWRhMi1hZTgxLWUwMDk2MTI4N2M2ZS9zY3JhdGNocGFkL3ZhbDEwL0A4Y3JhZnRlcl9fbGV2ZWxkYi16bGliL3BrZy9wYWNrYWdlL3NyYy9uYXBpLW1hY3Jvcy5oOk5BUElfRVhQT1JUX0ZVTkNUSU9OOkFOWSgxKQ==
30064773062	107374182544	TkFQSV9FWFBPUlRfRlVOQ1RJT04=	L3RtcC9jbGF1ZGUtMC8taG9tZS11c2VyLWJ1Zy10cmFja2VyLzYzYjcwZTVhLTc1ZDMtNWRhMi1hZTgxLWUwMDk2MTI4N2M2ZS9zY3JhdGNocGFkL3ZhbDEwL0A4Y3JhZnRlcl9fbGV2ZWxkYi16bGliL3BrZy9wYWNrYWdlL3NyYy9uYXBpLW1hY3Jvcy5oOk5BUElfRVhQT1JUX0ZVTkNUSU9OOkFOWSgxKQ==	SU5MSU5FRA==	QU5Z	TkFQSV9FWFBPUlRfRlVOQ1RJT04oZGJfZGVsKQ==	YmluZGluZ3MuY3Bw	1750	107374182556	L3RtcC9jbGF1ZGUtMC8taG9tZS11c2VyLWJ1Zy10cmFja2VyLzYzYjcwZTVhLTc1ZDMtNWRhMi1hZTgxLWUwMDk2MTI4N2M2ZS9zY3JhdGNocGFkL3ZhbDEwL0A4Y3JhZnRlcl9fbGV2ZWxkYi16bGliL3BrZy9wYWNrYWdlL3NyYy9uYXBpLW1hY3Jvcy5oOk5BUElfRVhQT1JUX0ZVTkNUSU9OOkFOWSgxKQ==
30064773070	107374182544	TkFQSV9FWFBPUlRfRlVOQ1RJT04=	L3RtcC9jbGF1ZGUtMC8taG9tZS11c2VyLWJ1Zy10cmFja2VyLzYzYjcwZTVhLTc1ZDMtNWRhMi1hZTgxLWUwMDk2MTI4N2M2ZS9zY3JhdGNocGFkL3ZhbDEwL0A4Y3JhZnRlcl9fbGV2ZWxkYi16bGliL3BrZy9wYWNrYWdlL3NyYy9uYXBpLW1hY3Jvcy5oOk5BUElfRVhQT1JUX0ZVTkNUSU9OOkFOWSgxKQ==	SU5MSU5FRA==	QU5Z	TkFQSV9FWFBPUlRfRlVOQ1RJT04oZGJfYXBwcm94aW1hdGVfc2l6ZSk=	YmluZGluZ3MuY3Bw	1751	107374182556	L3RtcC9jbGF1ZGUtMC8taG9tZS11c2VyLWJ1Zy10cmFja2VyLzYzYjcwZTVhLTc1ZDMtNWRhMi1hZTgxLWUwMDk2MTI4N2M2ZS9zY3JhdGNocGFkL3ZhbDEwL0A4Y3JhZnRlcl9fbGV2ZWxkYi16bGliL3BrZy9wYWNrYWdlL3NyYy9uYXBpLW1hY3Jvcy5oOk5BUElfRVhQT1JUX0ZVTkNUSU9OOkFOWSgxKQ==
30064773078	107374182544	TkFQSV9FWFBPUlRfRlVOQ1RJT04=	L3RtcC9jbGF1ZGUtMC8taG9tZS11c2VyLWJ1Zy10cmFja2VyLzYzYjcwZTVhLTc1ZDMtNWRhMi1hZTgxLWUwMDk2MTI4N2M2ZS9zY3JhdGNocGFkL3ZhbDEwL0A4Y3JhZnRlcl9fbGV2ZWxkYi16bGliL3BrZy9wYWNrYWdlL3NyYy9uYXBpLW1hY3Jvcy5oOk5BUElfRVhQT1JUX0ZVTkNUSU9OOkFOWSgxKQ==	SU5MSU5FRA==	QU5Z	TkFQSV9FWFBPUlRfRlVOQ1RJT04oZGJfY29tcGFjdF9yYW5nZSk=	YmluZGluZ3MuY3Bw	1752	107374182556	L3RtcC9jbGF1ZGUtMC8taG9tZS11c2VyLWJ1Zy10cmFja2VyLzYzYjcwZTVhLTc1ZDMtNWRhMi1hZTgxLWUwMDk2MTI4N2M2ZS9zY3JhdGNocGFkL3ZhbDEwL0A4Y3JhZnRlcl9fbGV2ZWxkYi16bGliL3BrZy9wYWNrYWdlL3NyYy9uYXBpLW1hY3Jvcy5oOk5BUElfRVhQT1JUX0ZVTkNUSU9OOkFOWSgxKQ==
30064773086	107374182544	TkFQSV9FWFBPUlRfRlVOQ1RJT04=	L3RtcC9jbGF1ZGUtMC8taG9tZS11c2VyLWJ1Zy10cmFja2VyLzYzYjcwZTVhLTc1ZDMtNWRhMi1hZTgxLWUwMDk2MTI4N2M2ZS9zY3JhdGNocGFkL3ZhbDEwL0A4Y3JhZnRlcl9fbGV2ZWxkYi16bGliL3BrZy9wYWNrYWdlL3NyYy9uYXBpLW1hY3Jvcy5oOk5BUElfRVhQT1JUX0ZVTkNUSU9OOkFOWSgxKQ==	SU5MSU5FRA==	QU5Z	TkFQSV9FWFBPUlRfRlVOQ1RJT04oZGJfZ2V0X3Byb3BlcnR5KQ==	YmluZGluZ3MuY3Bw	1753	107374182556	L3RtcC9jbGF1ZGUtMC8taG9tZS11c2VyLWJ1Zy10cmFja2VyLzYzYjcwZTVhLTc1ZDMtNWRhMi1hZTgxLWUwMDk2MTI4N2M2ZS9zY3JhdGNocGFkL3ZhbDEwL0A4Y3JhZnRlcl9fbGV2ZWxkYi16bGliL3BrZy9wYWNrYWdlL3NyYy9uYXBpLW1hY3Jvcy5oOk5BUElfRVhQT1JUX0ZVTkNUSU9OOkFOWSgxKQ==
30064773094	107374182544	TkFQSV9FWFBPUlRfRlVOQ1RJT04=	L3RtcC9jbGF1ZGUtMC8taG9tZS11c2VyLWJ1Zy10cmFja2VyLzYzYjcwZTVhLTc1ZDMtNWRhMi1hZTgxLWUwMDk2MTI4N2M2ZS9zY3JhdGNocGFkL3ZhbDEwL0A4Y3JhZnRlcl9fbGV2ZWxkYi16bGliL3BrZy9wYWNrYWdlL3NyYy9uYXBpLW1hY3Jvcy5oOk5BUElfRVhQT1JUX0ZVTkNUSU9OOkFOWSgxKQ==	SU5MSU5FRA==	QU5Z	TkFQSV9FWFBPUlRfRlVOQ1RJT04oZGVzdHJveV9kYik=	YmluZGluZ3MuY3Bw	1755	107374182556	L3RtcC9jbGF1ZGUtMC8taG9tZS11c2VyLWJ1Zy10cmFja2VyLzYzYjcwZTVhLTc1ZDMtNWRhMi1hZTgxLWUwMDk2MTI4N2M2ZS9zY3JhdGNocGFkL3ZhbDEwL0A4Y3JhZnRlcl9fbGV2ZWxkYi16bGliL3BrZy9wYWNrYWdlL3NyYy9uYXBpLW1hY3Jvcy5oOk5BUElfRVhQT1JUX0ZVTkNUSU9OOkFOWSgxKQ==
30064773102	107374182544	TkFQSV9FWFBPUlRfRlVOQ1RJT04=	L3RtcC9jbGF1ZGUtMC8taG9tZS11c2VyLWJ1Zy10cmFja2VyLzYzYjcwZTVhLTc1ZDMtNWRhMi1hZTgxLWUwMDk2MTI4N2M2ZS9zY3JhdGNocGFkL3ZhbDEwL0A4Y3JhZnRlcl9fbGV2ZWxkYi16bGliL3BrZy9wYWNrYWdlL3NyYy9uYXBpLW1hY3Jvcy5oOk5BUElfRVhQT1JUX0ZVTkNUSU9OOkFOWSgxKQ==	SU5MSU5FRA==	QU5Z	TkFQSV9FWFBPUlRfRlVOQ1RJT04ocmVwYWlyX2RiKQ==	YmluZGluZ3MuY3Bw	1756	107374182556	L3RtcC9jbGF1ZGUtMC8taG9tZS11c2VyLWJ1Zy10cmFja2VyLzYzYjcwZTVhLTc1ZDMtNWRhMi1hZTgxLWUwMDk2MTI4N2M2ZS9zY3JhdGNocGFkL3ZhbDEwL0A4Y3JhZnRlcl9fbGV2ZWxkYi16bGliL3BrZy9wYWNrYWdlL3NyYy9uYXBpLW1hY3Jvcy5oOk5BUElfRVhQT1JUX0ZVTkNUSU9OOkFOWSgxKQ==
30064773110	107374182544	TkFQSV9FWFBPUlRfRlVOQ1RJT04=	L3RtcC9jbGF1ZGUtMC8taG9tZS11c2VyLWJ1Zy10cmFja2VyLzYzYjcwZTVhLTc1ZDMtNWRhMi1hZTgxLWUwMDk2MTI4N2M2ZS9zY3JhdGNocGFkL3ZhbDEwL0A4Y3JhZnRlcl9fbGV2ZWxkYi16bGliL3BrZy9wYWNrYWdlL3NyYy9uYXBpLW1hY3Jvcy5oOk5BUElfRVhQT1JUX0ZVTkNUSU9OOkFOWSgxKQ==	SU5MSU5FRA==	QU5Z	TkFQSV9FWFBPUlRfRlVOQ1RJT04oaXRlcmF0b3JfaW5pdCk=	YmluZGluZ3MuY3Bw	1758	107374182556	L3RtcC9jbGF1ZGUtMC8taG9tZS11c2VyLWJ1Zy10cmFja2VyLzYzYjcwZTVhLTc1ZDMtNWRhMi1hZTgxLWUwMDk2MTI4N2M2ZS9zY3JhdGNocGFkL3ZhbDEwL0A4Y3JhZnRlcl9fbGV2ZWxkYi16bGliL3BrZy9wYWNrYWdlL3NyYy9uYXBpLW1hY3Jvcy5oOk5BUElfRVhQT1JUX0ZVTkNUSU9OOkFOWSgxKQ==
30064773118	107374182544	TkFQSV9FWFBPUlRfRlVOQ1RJT04=	L3RtcC9jbGF1ZGUtMC8taG9tZS11c2VyLWJ1Zy10cmFja2VyLzYzYjcwZTVhLTc1ZDMtNWRhMi1hZTgxLWUwMDk2MTI4N2M2ZS9zY3JhdGNocGFkL3ZhbDEwL0A4Y3JhZnRlcl9fbGV2ZWxkYi16bGliL3BrZy9wYWNrYWdlL3NyYy9uYXBpLW1hY3Jvcy5oOk5BUElfRVhQT1JUX0ZVTkNUSU9OOkFOWSgxKQ==	SU5MSU5FRA==	QU5Z	TkFQSV9FWFBPUlRfRlVOQ1RJT04oaXRlcmF0b3Jfc2Vlayk=	YmluZGluZ3MuY3Bw	1759	107374182556	L3RtcC9jbGF1ZGUtMC8taG9tZS11c2VyLWJ1Zy10cmFja2VyLzYzYjcwZTVhLTc1ZDMtNWRhMi1hZTgxLWUwMDk2MTI4N2M2ZS9zY3JhdGNocGFkL3ZhbDEwL0A4Y3JhZnRlcl9fbGV2ZWxkYi16bGliL3BrZy9wYWNrYWdlL3NyYy9uYXBpLW1hY3Jvcy5oOk5BUElfRVhQT1JUX0ZVTkNUSU9OOkFOWSgxKQ==
30064773126	107374182544	TkFQSV9FWFBPUlRfRlVOQ1RJT04=	L3RtcC9jbGF1ZGUtMC8taG9tZS11c2VyLWJ1Zy10cmFja2VyLzYzYjcwZTVhLTc1ZDMtNWRhMi1hZTgxLWUwMDk2MTI4N2M2ZS9zY3JhdGNocGFkL3ZhbDEwL0A4Y3JhZnRlcl9fbGV2ZWxkYi16bGliL3BrZy9wYWNrYWdlL3NyYy9uYXBpLW1hY3Jvcy5oOk5BUElfRVhQT1JUX0ZVTkNUSU9OOkFOWSgxKQ==	SU5MSU5FRA==	QU5Z	TkFQSV9FWFBPUlRfRlVOQ1RJT04oaXRlcmF0b3JfZW5kKQ==	YmluZGluZ3MuY3Bw	1760	107374182556	L3RtcC9jbGF1ZGUtMC8taG9tZS11c2VyLWJ1Zy10cmFja2VyLzYzYjcwZTVhLTc1ZDMtNWRhMi1hZTgxLWUwMDk2MTI4N2M2ZS9zY3JhdGNocGFkL3ZhbDEwL0A4Y3JhZnRlcl9fbGV2ZWxkYi16bGliL3BrZy9wYWNrYWdlL3NyYy9uYXBpLW1hY3Jvcy5oOk5BUElfRVhQT1JUX0ZVTkNUSU9OOkFOWSgxKQ==
30064773134	107374182544	TkFQSV9FWFBPUlRfRlVOQ1RJT04=	L3RtcC9jbGF1ZGUtMC8taG9tZS11c2VyLWJ1Zy10cmFja2VyLzYzYjcwZTVhLTc1ZDMtNWRhMi1hZTgxLWUwMDk2MTI4N2M2ZS9zY3JhdGNocGFkL3ZhbDEwL0A4Y3JhZnRlcl9fbGV2ZWxkYi16bGliL3BrZy9wYWNrYWdlL3NyYy9uYXBpLW1hY3Jvcy5oOk5BUElfRVhQT1JUX0ZVTkNUSU9OOkFOWSgxKQ==	SU5MSU5FRA==	QU5Z	TkFQSV9FWFBPUlRfRlVOQ1RJT04oaXRlcmF0b3JfbmV4dCk=	YmluZGluZ3MuY3Bw	1761	107374182556	L3RtcC9jbGF1ZGUtMC8taG9tZS11c2VyLWJ1Zy10cmFja2VyLzYzYjcwZTVhLTc1ZDMtNWRhMi1hZTgxLWUwMDk2MTI4N2M2ZS9zY3JhdGNocGFkL3ZhbDEwL0A4Y3JhZnRlcl9fbGV2ZWxkYi16bGliL3BrZy9wYWNrYWdlL3NyYy9uYXBpLW1hY3Jvcy5oOk5BUElfRVhQT1JUX0ZVTkNUSU9OOkFOWSgxKQ==
30064773142	107374182544	TkFQSV9FWFBPUlRfRlVOQ1RJT04=	L3RtcC9jbGF1ZGUtMC8taG9tZS11c2VyLWJ1Zy10cmFja2VyLzYzYjcwZTVhLTc1ZDMtNWRhMi1hZTgxLWUwMDk2MTI4N2M2ZS9zY3JhdGNocGFkL3ZhbDEwL0A4Y3JhZnRlcl9fbGV2ZWxkYi16bGliL3BrZy9wYWNrYWdlL3NyYy9uYXBpLW1hY3Jvcy5oOk5BUElfRVhQT1JUX0ZVTkNUSU9OOkFOWSgxKQ==	SU5MSU5FRA==	QU5Z	TkFQSV9FWFBPUlRfRlVOQ1RJT04oYmF0Y2hfZG8p	YmluZGluZ3MuY3Bw	1763	107374182556	L3RtcC9jbGF1ZGUtMC8taG9tZS11c2VyLWJ1Zy10cmFja2VyLzYzYjcwZTVhLTc1ZDMtNWRhMi1hZTgxLWUwMDk2MTI4N2M2ZS9zY3JhdGNocGFkL3ZhbDEwL0A4Y3JhZnRlcl9fbGV2ZWxkYi16bGliL3BrZy9wYWNrYWdlL3NyYy9uYXBpLW1hY3Jvcy5oOk5BUElfRVhQT1JUX0ZVTkNUSU9OOkFOWSgxKQ==
30064773150	107374182544	TkFQSV9FWFBPUlRfRlVOQ1RJT04=	L3RtcC9jbGF1ZGUtMC8taG9tZS11c2VyLWJ1Zy10cmFja2VyLzYzYjcwZTVhLTc1ZDMtNWRhMi1hZTgxLWUwMDk2MTI4N2M2ZS9zY3JhdGNocGFkL3ZhbDEwL0A4Y3JhZnRlcl9fbGV2ZWxkYi16bGliL3BrZy9wYWNrYWdlL3NyYy9uYXBpLW1hY3Jvcy5oOk5BUElfRVhQT1JUX0ZVTkNUSU9OOkFOWSgxKQ==	SU5MSU5FRA==	QU5Z	TkFQSV9FWFBPUlRfRlVOQ1RJT04oYmF0Y2hfaW5pdCk=	YmluZGluZ3MuY3Bw	1764	107374182556	L3RtcC9jbGF1ZGUtMC8taG9tZS11c2VyLWJ1Zy10cmFja2VyLzYzYjcwZTVhLTc1ZDMtNWRhMi1hZTgxLWUwMDk2MTI4N2M2ZS9zY3JhdGNocGFkL3ZhbDEwL0A4Y3JhZnRlcl9fbGV2ZWxkYi16bGliL3BrZy9wYWNrYWdlL3NyYy9uYXBpLW1hY3Jvcy5oOk5BUElfRVhQT1JUX0ZVTkNUSU9OOkFOWSgxKQ==
30064773158	107374182544	TkFQSV9FWFBPUlRfRlVOQ1RJT04=	L3RtcC9jbGF1ZGUtMC8taG9tZS11c2VyLWJ1Zy10cmFja2VyLzYzYjcwZTVhLTc1ZDMtNWRhMi1hZTgxLWUwMDk2MTI4N2M2ZS9zY3JhdGNocGFkL3ZhbDEwL0A4Y3JhZnRlcl9fbGV2ZWxkYi16bGliL3BrZy9wYWNrYWdlL3NyYy9uYXBpLW1hY3Jvcy5oOk5BUElfRVhQT1JUX0ZVTkNUSU9OOkFOWSgxKQ==	SU5MSU5FRA==	QU5Z	TkFQSV9FWFBPUlRfRlVOQ1RJT04oYmF0Y2hfcHV0KQ==	YmluZGluZ3MuY3Bw	1765	107374182556	L3RtcC9jbGF1ZGUtMC8taG9tZS11c2VyLWJ1Zy10cmFja2VyLzYzYjcwZTVhLTc1ZDMtNWRhMi1hZTgxLWUwMDk2MTI4N2M2ZS9zY3JhdGNocGFkL3ZhbDEwL0A4Y3JhZnRlcl9fbGV2ZWxkYi16bGliL3BrZy9wYWNrYWdlL3NyYy9uYXBpLW1hY3Jvcy5oOk5BUElfRVhQT1JUX0ZVTkNUSU9OOkFOWSgxKQ==
30064773166	107374182544	TkFQSV9FWFBPUlRfRlVOQ1RJT04=	L3RtcC9jbGF1ZGUtMC8taG9tZS11c2VyLWJ1Zy10cmFja2VyLzYzYjcwZTVhLTc1ZDMtNWRhMi1hZTgxLWUwMDk2MTI4N2M2ZS9zY3JhdGNocGFkL3ZhbDEwL0A4Y3JhZnRlcl9fbGV2ZWxkYi16bGliL3BrZy9wYWNrYWdlL3NyYy9uYXBpLW1hY3Jvcy5oOk5BUElfRVhQT1JUX0ZVTkNUSU9OOkFOWSgxKQ==	SU5MSU5FRA==	QU5Z	TkFQSV9FWFBPUlRfRlVOQ1RJT04oYmF0Y2hfZGVsKQ==	YmluZGluZ3MuY3Bw	1766	107374182556	L3RtcC9jbGF1ZGUtMC8taG9tZS11c2VyLWJ1Zy10cmFja2VyLzYzYjcwZTVhLTc1ZDMtNWRhMi1hZTgxLWUwMDk2MTI4N2M2ZS9zY3JhdGNocGFkL3ZhbDEwL0A4Y3JhZnRlcl9fbGV2ZWxkYi16bGliL3BrZy9wYWNrYWdlL3NyYy9uYXBpLW1hY3Jvcy5oOk5BUElfRVhQT1JUX0ZVTkNUSU9OOkFOWSgxKQ==
30064773174	107374182544	TkFQSV9FWFBPUlRfRlVOQ1RJT04=	L3RtcC9jbGF1ZGUtMC8taG9tZS11c2VyLWJ1Zy10cmFja2VyLzYzYjcwZTVhLTc1ZDMtNWRhMi1hZTgxLWUwMDk2MTI4N2M2ZS9zY3JhdGNocGFkL3ZhbDEwL0A4Y3JhZnRlcl9fbGV2ZWxkYi16bGliL3BrZy9wYWNrYWdlL3NyYy9uYXBpLW1hY3Jvcy5oOk5BUElfRVhQT1JUX0ZVTkNUSU9OOkFOWSgxKQ==	SU5MSU5FRA==	QU5Z	TkFQSV9FWFBPUlRfRlVOQ1RJT04oYmF0Y2hfY2xlYXIp	YmluZGluZ3MuY3Bw	1767	107374182556	L3RtcC9jbGF1ZGUtMC8taG9tZS11c2VyLWJ1Zy10cmFja2VyLzYzYjcwZTVhLTc1ZDMtNWRhMi1hZTgxLWUwMDk2MTI4N2M2ZS9zY3JhdGNocGFkL3ZhbDEwL0A4Y3JhZnRlcl9fbGV2ZWxkYi16bGliL3BrZy9wYWNrYWdlL3NyYy9uYXBpLW1hY3Jvcy5oOk5BUElfRVhQT1JUX0ZVTkNUSU9OOkFOWSgxKQ==
30064773182	107374182544	TkFQSV9FWFBPUlRfRlVOQ1RJT04=	L3RtcC9jbGF1ZGUtMC8taG9tZS11c2VyLWJ1Zy10cmFja2VyLzYzYjcwZTVhLTc1ZDMtNWRhMi1hZTgxLWUwMDk2MTI4N2M2ZS9zY3JhdGNocGFkL3ZhbDEwL0A4Y3JhZnRlcl9fbGV2ZWxkYi16bGliL3BrZy9wYWNrYWdlL3NyYy9uYXBpLW1hY3Jvcy5oOk5BUElfRVhQT1JUX0ZVTkNUSU9OOkFOWSgxKQ==	SU5MSU5FRA==	QU5Z	TkFQSV9FWFBPUlRfRlVOQ1RJT04oYmF0Y2hfd3JpdGUp	YmluZGluZ3MuY3Bw	1768	107374182556	L3RtcC9jbGF1ZGUtMC8taG9tZS11c2VyLWJ1Zy10cmFja2VyLzYzYjcwZTVhLTc1ZDMtNWRhMi1hZTgxLWUwMDk2MTI4N2M2ZS9zY3JhdGNocGFkL3ZhbDEwL0A4Y3JhZnRlcl9fbGV2ZWxkYi16bGliL3BrZy9wYWNrYWdlL3NyYy9uYXBpLW1hY3Jvcy5oOk5BUElfRVhQT1JUX0ZVTkNUSU9OOkFOWSgxKQ==
30064773023	107374182544	PG9wZXJhdG9yPi5ub3RFcXVhbHM=	PG9wZXJhdG9yPi5ub3RFcXVhbHM=	U1RBVElDX0RJU1BBVENI	QU5Z	KG5hcGlfY3JlYXRlX2Z1bmN0aW9uKGVudiwgTlVMTCwgMCwgZGJfaW5pdCwgTlVMTCwgJmRiX2luaXRfZm4pKSAhPSBuYXBpX29r	YmluZGluZ3MuY3Bw	1745	107374182593	PG9wZXJhdG9yPi5ub3RFcXVhbHM=
30064773027	107374182544	PG9wZXJhdG9yPi5ub3RFcXVhbHM=	PG9wZXJhdG9yPi5ub3RFcXVhbHM=	U1RBVElDX0RJU1BBVENI	QU5Z	KG5hcGlfc2V0X25hbWVkX3Byb3BlcnR5KGVudiwgZXhwb3J0cywgImRiX2luaXQiLCBkYl9pbml0X2ZuKSkgIT0gbmFwaV9vaw==	YmluZGluZ3MuY3Bw	1745	107374182593	PG9wZXJhdG9yPi5ub3RFcXVhbHM=
30064773031	107374182544	PG9wZXJhdG9yPi5ub3RFcXVhbHM=	PG9wZXJhdG9yPi5ub3RFcXVhbHM=	U1RBVElDX0RJU1BBVENI	QU5Z	KG5hcGlfY3JlYXRlX2Z1bmN0aW9uKGVudiwgTlVMTCwgMCwgZGJfb3BlbiwgTlVMTCwgJmRiX29wZW5fZm4pKSAhPSBuYXBpX29r	YmluZGluZ3MuY3Bw	1746	107374182593	PG9wZXJhdG9yPi5ub3RFcXVhbHM=
30064773035	107374182544	PG9wZXJhdG9yPi5ub3RFcXVhbHM=	PG9wZXJhdG9yPi5ub3RFcXVhbHM=	U1RBVElDX0RJU1BBVENI	QU5Z	KG5hcGlfc2V0X25hbWVkX3Byb3BlcnR5KGVudiwgZXhwb3J0cywgImRiX29wZW4iLCBkYl9vcGVuX2ZuKSkgIT0gbmFwaV9vaw==	YmluZGluZ3MuY3Bw	1746	107374182593	PG9wZXJhdG9yPi5ub3RFcXVhbHM=
30064773039	107374182544	PG9wZXJhdG9yPi5ub3RFcXVhbHM=	PG9wZXJhdG9yPi5ub3RFcXVhbHM=	U1RBVElDX0RJU1BBVENI	QU5Z	KG5hcGlfY3JlYXRlX2Z1bmN0aW9uKGVudiwgTlVMTCwgMCwgZGJfY2xvc2UsIE5VTEwsICZkYl9jbG9zZV9mbikpICE9IG5hcGlfb2s=	YmluZGluZ3MuY3Bw	1747	107374182593	PG9wZXJhdG9yPi5ub3RFcXVhbHM=
30064773043	107374182544	PG9wZXJhdG9yPi5ub3RFcXVhbHM=	PG9wZXJhdG9yPi5ub3RFcXVhbHM=	U1RBVElDX0RJU1BBVENI	QU5Z	KG5hcGlfc2V0X25hbWVkX3Byb3BlcnR5KGVudiwgZXhwb3J0cywgImRiX2Nsb3NlIiwgZGJfY2xvc2VfZm4pKSAhPSBuYXBpX29r	YmluZGluZ3MuY3Bw	1747	107374182593	PG9wZXJhdG9yPi5ub3RFcXVhbHM=
30064773047	107374182544	PG9wZXJhdG9yPi5ub3RFcXVhbHM=	PG9wZXJhdG9yPi5ub3RFcXVhbHM=	U1RBVElDX0RJU1BBVENI	QU5Z	KG5hcGlfY3JlYXRlX2Z1bmN0aW9uKGVudiwgTlVMTCwgMCwgZGJfcHV0LCBOVUxMLCAmZGJfcHV0X2ZuKSkgIT0gbmFwaV9vaw==	YmluZGluZ3MuY3Bw	1748	107374182593	PG9wZXJhdG9yPi5ub3RFcXVhbHM=
30064773051	107374182544	PG9wZXJhdG9yPi5ub3RFcXVhbHM=	PG9wZXJhdG9yPi5ub3RFcXVhbHM=	U1RBVElDX0RJU1BBVENI	QU5Z	KG5hcGlfc2V0X25hbWVkX3Byb3BlcnR5KGVudiwgZXhwb3J0cywgImRiX3B1dCIsIGRiX3B1dF9mbikpICE9IG5hcGlfb2s=	YmluZGluZ3MuY3Bw	1748	107374182593	PG9wZXJhdG9yPi5ub3RFcXVhbHM=
30064773055	107374182544	PG9wZXJhdG9yPi5ub3RFcXVhbHM=	PG9wZXJhdG9yPi5ub3RFcXVhbHM=	U1RBVElDX0RJU1BBVENI	QU5Z	KG5hcGlfY3JlYXRlX2Z1bmN0aW9uKGVudiwgTlVMTCwgMCwgZGJfZ2V0LCBOVUxMLCAmZGJfZ2V0X2ZuKSkgIT0gbmFwaV9vaw==	YmluZGluZ3MuY3Bw	1749	107374182593	PG9wZXJhdG9yPi5ub3RFcXVhbHM=
30064773059	107374182544	PG9wZXJhdG9yPi5ub3RFcXVhbHM=	PG9wZXJhdG9yPi5ub3RFcXVhbHM=	U1RBVElDX0RJU1BBVENI	QU5Z	KG5hcGlfc2V0X25hbWVkX3Byb3BlcnR5KGVudiwgZXhwb3J0cywgImRiX2dldCIsIGRiX2dldF9mbikpICE9IG5hcGlfb2s=	YmluZGluZ3MuY3Bw	1749	107374182593	PG9wZXJhdG9yPi5ub3RFcXVhbHM=
30064773063	107374182544	PG9wZXJhdG9yPi5ub3RFcXVhbHM=	PG9wZXJhdG9yPi5ub3RFcXVhbHM=	U1RBVElDX0RJU1BBVENI	QU5Z	KG5hcGlfY3JlYXRlX2Z1bmN0aW9uKGVudiwgTlVMTCwgMCwgZGJfZGVsLCBOVUxMLCAmZGJfZGVsX2ZuKSkgIT0gbmFwaV9vaw==	YmluZGluZ3MuY3Bw	1750	107374182593	PG9wZXJhdG9yPi5ub3RFcXVhbHM=
30064773067	107374182544	PG9wZXJhdG9yPi5ub3RFcXVhbHM=	PG9wZXJhdG9yPi5ub3RFcXVhbHM=	U1RBVElDX0RJU1BBVENI	QU5Z	KG5hcGlfc2V0X25hbWVkX3Byb3BlcnR5KGVudiwgZXhwb3J0cywgImRiX2RlbCIsIGRiX2RlbF9mbikpICE9IG5hcGlfb2s=	YmluZGluZ3MuY3Bw	1750	107374182593	PG9wZXJhdG9yPi5ub3RFcXVhbHM=
30064773071	107374182544	PG9wZXJhdG9yPi5ub3RFcXVhbHM=	PG9wZXJhdG9yPi5ub3RFcXVhbHM=	U1RBVElDX0RJU1BBVENI	QU5Z	KG5hcGlfY3JlYXRlX2Z1bmN0aW9uKGVudiwgTlVMTCwgMCwgZGJfYXBwcm94aW1hdGVfc2l6ZSwgTlVMTCwgJmRiX2FwcHJveGltYXRlX3NpemVfZm4pKSAhPSBuYXBpX29r	YmluZGluZ3MuY3Bw	1751	107374182593	PG9wZXJhdG9yPi5ub3RFcXVhbHM=
30064773075	107374182544	PG9wZXJhdG9yPi5ub3RFcXVhbHM=	PG9wZXJhdG9yPi5ub3RFcXVhbHM=	U1RBVElDX0RJU1BBVENI	QU5Z	KG5hcGlfc2V0X25hbWVkX3Byb3BlcnR5KGVudiwgZXhwb3J0cywgImRiX2FwcHJveGltYXRlX3NpemUiLCBkYl9hcHByb3hpbWF0ZV9zaXplX2ZuKSkgIT0gbmFwaV9vaw==	YmluZGluZ3MuY3Bw	1751	107374182593	PG9wZXJhdG9yPi5ub3RFcXVhbHM=
30064773079	107374182544	PG9wZXJhdG9yPi5ub3RFcXVhbHM=	PG9wZXJhdG9yPi5ub3RFcXVhbHM=	U1RBVElDX0RJU1BBVENI	QU5Z	KG5hcGlfY3JlYXRlX2Z1bmN0aW9uKGVudiwgTlVMTCwgMCwgZGJfY29tcGFjdF9yYW5nZSwgTlVMTCwgJmRiX2NvbXBhY3RfcmFuZ2VfZm4pKSAhPSBuYXBpX29r	YmluZGluZ3MuY3Bw	1752	107374182593	PG9wZXJhdG9yPi5ub3RFcXVhbHM=
30064773083	107374182544	PG9wZXJhdG9yPi5ub3RFcXVhbHM=	PG9wZXJhdG9yPi5ub3RFcXVhbHM=	U1RBVElDX0RJU1BBVENI	QU5Z	KG5hcGlfc2V0X25hbWVkX3Byb3BlcnR5KGVudiwgZXhwb3J0cywgImRiX2NvbXBhY3RfcmFuZ2UiLCBkYl9jb21wYWN0X3JhbmdlX2ZuKSkgIT0gbmFwaV9vaw==	YmluZGluZ3MuY3Bw	1752	107374182593	PG9wZXJhdG9yPi5ub3RFcXVhbHM=
30064773087	107374182544	PG9wZXJhdG9yPi5ub3RFcXVhbHM=	PG9wZXJhdG9yPi5ub3RFcXVhbHM=	U1RBVElDX0RJU1BBVENI	QU5Z	KG5hcGlfY3JlYXRlX2Z1bmN0aW9uKGVudiwgTlVMTCwgMCwgZGJfZ2V0X3Byb3BlcnR5LCBOVUxMLCAmZGJfZ2V0X3Byb3BlcnR5X2ZuKSkgIT0gbmFwaV9vaw==	YmluZGluZ3MuY3Bw	1753	107374182593	PG9wZXJhdG9yPi5ub3RFcXVhbHM=
30064773091	107374182544	PG9wZXJhdG9yPi5ub3RFcXVhbHM=	PG9wZXJhdG9yPi5ub3RFcXVhbHM=	U1RBVElDX0RJU1BBVENI	QU5Z	KG5hcGlfc2V0X25hbWVkX3Byb3BlcnR5KGVudiwgZXhwb3J0cywgImRiX2dldF9wcm9wZXJ0eSIsIGRiX2dldF9wcm9wZXJ0eV9mbikpICE9IG5hcGlfb2s=	YmluZGluZ3MuY3Bw	1753	107374182593	PG9wZXJhdG9yPi5ub3RFcXVhbHM=
30064773095	107374182544	PG9wZXJhdG9yPi5ub3RFcXVhbHM=	PG9wZXJhdG9yPi5ub3RFcXVhbHM=	U1RBVElDX0RJU1BBVENI	QU5Z	KG5hcGlfY3JlYXRlX2Z1bmN0aW9uKGVudiwgTlVMTCwgMCwgZGVzdHJveV9kYiwgTlVMTCwgJmRlc3Ryb3lfZGJfZm4pKSAhPSBuYXBpX29r	YmluZGluZ3MuY3Bw	1755	107374182593	PG9wZXJhdG9yPi5ub3RFcXVhbHM=
30064773099	107374182544	PG9wZXJhdG9yPi5ub3RFcXVhbHM=	PG9wZXJhdG9yPi5ub3RFcXVhbHM=	U1RBVElDX0RJU1BBVENI	QU5Z	KG5hcGlfc2V0X25hbWVkX3Byb3BlcnR5KGVudiwgZXhwb3J0cywgImRlc3Ryb3lfZGIiLCBkZXN0cm95X2RiX2ZuKSkgIT0gbmFwaV9vaw==	YmluZGluZ3MuY3Bw	1755	107374182593	PG9wZXJhdG9yPi5ub3RFcXVhbHM=
30064773103	107374182544	PG9wZXJhdG9yPi5ub3RFcXVhbHM=	PG9wZXJhdG9yPi5ub3RFcXVhbHM=	U1RBVElDX0RJU1BBVENI	QU5Z	KG5hcGlfY3JlYXRlX2Z1bmN0aW9uKGVudiwgTlVMTCwgMCwgcmVwYWlyX2RiLCBOVUxMLCAmcmVwYWlyX2RiX2ZuKSkgIT0gbmFwaV9vaw==	YmluZGluZ3MuY3Bw	1756	107374182593	PG9wZXJhdG9yPi5ub3RFcXVhbHM=
30064773107	107374182544	PG9wZXJhdG9yPi5ub3RFcXVhbHM=	PG9wZXJhdG9yPi5ub3RFcXVhbHM=	U1RBVElDX0RJU1BBVENI	QU5Z	KG5hcGlfc2V0X25hbWVkX3Byb3BlcnR5KGVudiwgZXhwb3J0cywgInJlcGFpcl9kYiIsIHJlcGFpcl9kYl9mbikpICE9IG5hcGlfb2s=	YmluZGluZ3MuY3Bw	1756	107374182593	PG9wZXJhdG9yPi5ub3RFcXVhbHM=
30064773111	107374182544	PG9wZXJhdG9yPi5ub3RFcXVhbHM=	PG9wZXJhdG9yPi5ub3RFcXVhbHM=	U1RBVElDX0RJU1BBVENI	QU5Z	KG5hcGlfY3JlYXRlX2Z1bmN0aW9uKGVudiwgTlVMTCwgMCwgaXRlcmF0b3JfaW5pdCwgTlVMTCwgJml0ZXJhdG9yX2luaXRfZm4pKSAhPSBuYXBpX29r	YmluZGluZ3MuY3Bw	1758	107374182593	PG9wZXJhdG9yPi5ub3RFcXVhbHM=
30064773115	107374182544	PG9wZXJhdG9yPi5ub3RFcXVhbHM=	PG9wZXJhdG9yPi5ub3RFcXVhbHM=	U1RBVElDX0RJU1BBVENI	QU5Z	KG5hcGlfc2V0X25hbWVkX3Byb3BlcnR5KGVudiwgZXhwb3J0cywgIml0ZXJhdG9yX2luaXQiLCBpdGVyYXRvcl9pbml0X2ZuKSkgIT0gbmFwaV9vaw==	YmluZGluZ3MuY3Bw	1758	107374182593	PG9wZXJhdG9yPi5ub3RFcXVhbHM=
30064773119	107374182544	PG9wZXJhdG9yPi5ub3RFcXVhbHM=	PG9wZXJhdG9yPi5ub3RFcXVhbHM=	U1RBVElDX0RJU1BBVENI	QU5Z	KG5hcGlfY3JlYXRlX2Z1bmN0aW9uKGVudiwgTlVMTCwgMCwgaXRlcmF0b3Jfc2VlaywgTlVMTCwgJml0ZXJhdG9yX3NlZWtfZm4pKSAhPSBuYXBpX29r	YmluZGluZ3MuY3Bw	1759	107374182593	PG9wZXJhdG9yPi5ub3RFcXVhbHM=
30064773123	107374182544	PG9wZXJhdG9yPi5ub3RFcXVhbHM=	PG9wZXJhdG9yPi5ub3RFcXVhbHM=	U1RBVElDX0RJU1BBVENI	QU5Z	KG5hcGlfc2V0X25hbWVkX3Byb3BlcnR5KGVudiwgZXhwb3J0cywgIml0ZXJhdG9yX3NlZWsiLCBpdGVyYXRvcl9zZWVrX2ZuKSkgIT0gbmFwaV9vaw==	YmluZGluZ3MuY3Bw	1759	107374182593	PG9wZXJhdG9yPi5ub3RFcXVhbHM=
30064773127	107374182544	PG9wZXJhdG9yPi5ub3RFcXVhbHM=	PG9wZXJhdG9yPi5ub3RFcXVhbHM=	U1RBVElDX0RJU1BBVENI	QU5Z	KG5hcGlfY3JlYXRlX2Z1bmN0aW9uKGVudiwgTlVMTCwgMCwgaXRlcmF0b3JfZW5kLCBOVUxMLCAmaXRlcmF0b3JfZW5kX2ZuKSkgIT0gbmFwaV9vaw==	YmluZGluZ3MuY3Bw	1760	107374182593	PG9wZXJhdG9yPi5ub3RFcXVhbHM=
30064773131	107374182544	PG9wZXJhdG9yPi5ub3RFcXVhbHM=	PG9wZXJhdG9yPi5ub3RFcXVhbHM=	U1RBVElDX0RJU1BBVENI	QU5Z	KG5hcGlfc2V0X25hbWVkX3Byb3BlcnR5KGVudiwgZXhwb3J0cywgIml0ZXJhdG9yX2VuZCIsIGl0ZXJhdG9yX2VuZF9mbikpICE9IG5hcGlfb2s=	YmluZGluZ3MuY3Bw	1760	107374182593	PG9wZXJhdG9yPi5ub3RFcXVhbHM=
30064773135	107374182544	PG9wZXJhdG9yPi5ub3RFcXVhbHM=	PG9wZXJhdG9yPi5ub3RFcXVhbHM=	U1RBVElDX0RJU1BBVENI	QU5Z	KG5hcGlfY3JlYXRlX2Z1bmN0aW9uKGVudiwgTlVMTCwgMCwgaXRlcmF0b3JfbmV4dCwgTlVMTCwgJml0ZXJhdG9yX25leHRfZm4pKSAhPSBuYXBpX29r	YmluZGluZ3MuY3Bw	1761	107374182593	PG9wZXJhdG9yPi5ub3RFcXVhbHM=
30064773139	107374182544	PG9wZXJhdG9yPi5ub3RFcXVhbHM=	PG9wZXJhdG9yPi5ub3RFcXVhbHM=	U1RBVElDX0RJU1BBVENI	QU5Z	KG5hcGlfc2V0X25hbWVkX3Byb3BlcnR5KGVudiwgZXhwb3J0cywgIml0ZXJhdG9yX25leHQiLCBpdGVyYXRvcl9uZXh0X2ZuKSkgIT0gbmFwaV9vaw==	YmluZGluZ3MuY3Bw	1761	107374182593	PG9wZXJhdG9yPi5ub3RFcXVhbHM=
30064773143	107374182544	PG9wZXJhdG9yPi5ub3RFcXVhbHM=	PG9wZXJhdG9yPi5ub3RFcXVhbHM=	U1RBVElDX0RJU1BBVENI	QU5Z	KG5hcGlfY3JlYXRlX2Z1bmN0aW9uKGVudiwgTlVMTCwgMCwgYmF0Y2hfZG8sIE5VTEwsICZiYXRjaF9kb19mbikpICE9IG5hcGlfb2s=	YmluZGluZ3MuY3Bw	1763	107374182593	PG9wZXJhdG9yPi5ub3RFcXVhbHM=
30064773147	107374182544	PG9wZXJhdG9yPi5ub3RFcXVhbHM=	PG9wZXJhdG9yPi5ub3RFcXVhbHM=	U1RBVElDX0RJU1BBVENI	QU5Z	KG5hcGlfc2V0X25hbWVkX3Byb3BlcnR5KGVudiwgZXhwb3J0cywgImJhdGNoX2RvIiwgYmF0Y2hfZG9fZm4pKSAhPSBuYXBpX29r	YmluZGluZ3MuY3Bw	1763	107374182593	PG9wZXJhdG9yPi5ub3RFcXVhbHM=
30064773151	107374182544	PG9wZXJhdG9yPi5ub3RFcXVhbHM=	PG9wZXJhdG9yPi5ub3RFcXVhbHM=	U1RBVElDX0RJU1BBVENI	QU5Z	KG5hcGlfY3JlYXRlX2Z1bmN0aW9uKGVudiwgTlVMTCwgMCwgYmF0Y2hfaW5pdCwgTlVMTCwgJmJhdGNoX2luaXRfZm4pKSAhPSBuYXBpX29r	YmluZGluZ3MuY3Bw	1764	107374182593	PG9wZXJhdG9yPi5ub3RFcXVhbHM=
30064773155	107374182544	PG9wZXJhdG9yPi5ub3RFcXVhbHM=	PG9wZXJhdG9yPi5ub3RFcXVhbHM=	U1RBVElDX0RJU1BBVENI	QU5Z	KG5hcGlfc2V0X25hbWVkX3Byb3BlcnR5KGVudiwgZXhwb3J0cywgImJhdGNoX2luaXQiLCBiYXRjaF9pbml0X2ZuKSkgIT0gbmFwaV9vaw==	YmluZGluZ3MuY3Bw	1764	107374182593	PG9wZXJhdG9yPi5ub3RFcXVhbHM=
30064773159	107374182544	PG9wZXJhdG9yPi5ub3RFcXVhbHM=	PG9wZXJhdG9yPi5ub3RFcXVhbHM=	U1RBVElDX0RJU1BBVENI	QU5Z	KG5hcGlfY3JlYXRlX2Z1bmN0aW9uKGVudiwgTlVMTCwgMCwgYmF0Y2hfcHV0LCBOVUxMLCAmYmF0Y2hfcHV0X2ZuKSkgIT0gbmFwaV9vaw==	YmluZGluZ3MuY3Bw	1765	107374182593	PG9wZXJhdG9yPi5ub3RFcXVhbHM=
30064773163	107374182544	PG9wZXJhdG9yPi5ub3RFcXVhbHM=	PG9wZXJhdG9yPi5ub3RFcXVhbHM=	U1RBVElDX0RJU1BBVENI	QU5Z	KG5hcGlfc2V0X25hbWVkX3Byb3BlcnR5KGVudiwgZXhwb3J0cywgImJhdGNoX3B1dCIsIGJhdGNoX3B1dF9mbikpICE9IG5hcGlfb2s=	YmluZGluZ3MuY3Bw	1765	107374182593	PG9wZXJhdG9yPi5ub3RFcXVhbHM=
30064773167	107374182544	PG9wZXJhdG9yPi5ub3RFcXVhbHM=	PG9wZXJhdG9yPi5ub3RFcXVhbHM=	U1RBVElDX0RJU1BBVENI	QU5Z	KG5hcGlfY3JlYXRlX2Z1bmN0aW9uKGVudiwgTlVMTCwgMCwgYmF0Y2hfZGVsLCBOVUxMLCAmYmF0Y2hfZGVsX2ZuKSkgIT0gbmFwaV9vaw==	YmluZGluZ3MuY3Bw	1766	107374182593	PG9wZXJhdG9yPi5ub3RFcXVhbHM=
30064773171	107374182544	PG9wZXJhdG9yPi5ub3RFcXVhbHM=	PG9wZXJhdG9yPi5ub3RFcXVhbHM=	U1RBVElDX0RJU1BBVENI	QU5Z	KG5hcGlfc2V0X25hbWVkX3Byb3BlcnR5KGVudiwgZXhwb3J0cywgImJhdGNoX2RlbCIsIGJhdGNoX2RlbF9mbikpICE9IG5hcGlfb2s=	YmluZGluZ3MuY3Bw	1766	107374182593	PG9wZXJhdG9yPi5ub3RFcXVhbHM=
30064773175	107374182544	PG9wZXJhdG9yPi5ub3RFcXVhbHM=	PG9wZXJhdG9yPi5ub3RFcXVhbHM=	U1RBVElDX0RJU1BBVENI	QU5Z	KG5hcGlfY3JlYXRlX2Z1bmN0aW9uKGVudiwgTlVMTCwgMCwgYmF0Y2hfY2xlYXIsIE5VTEwsICZiYXRjaF9jbGVhcl9mbikpICE9IG5hcGlfb2s=	YmluZGluZ3MuY3Bw	1767	107374182593	PG9wZXJhdG9yPi5ub3RFcXVhbHM=
30064773179	107374182544	PG9wZXJhdG9yPi5ub3RFcXVhbHM=	PG9wZXJhdG9yPi5ub3RFcXVhbHM=	U1RBVElDX0RJU1BBVENI	QU5Z	KG5hcGlfc2V0X25hbWVkX3Byb3BlcnR5KGVudiwgZXhwb3J0cywgImJhdGNoX2NsZWFyIiwgYmF0Y2hfY2xlYXJfZm4pKSAhPSBuYXBpX29r	YmluZGluZ3MuY3Bw	1767	107374182593	PG9wZXJhdG9yPi5ub3RFcXVhbHM=
30064773183	107374182544	PG9wZXJhdG9yPi5ub3RFcXVhbHM=	PG9wZXJhdG9yPi5ub3RFcXVhbHM=	U1RBVElDX0RJU1BBVENI	QU5Z	KG5hcGlfY3JlYXRlX2Z1bmN0aW9uKGVudiwgTlVMTCwgMCwgYmF0Y2hfd3JpdGUsIE5VTEwsICZiYXRjaF93cml0ZV9mbikpICE9IG5hcGlfb2s=	YmluZGluZ3MuY3Bw	1768	107374182593	PG9wZXJhdG9yPi5ub3RFcXVhbHM=
30064773187	107374182544	PG9wZXJhdG9yPi5ub3RFcXVhbHM=	PG9wZXJhdG9yPi5ub3RFcXVhbHM=	U1RBVElDX0RJU1BBVENI	QU5Z	KG5hcGlfc2V0X25hbWVkX3Byb3BlcnR5KGVudiwgZXhwb3J0cywgImJhdGNoX3dyaXRlIiwgYmF0Y2hfd3JpdGVfZm4pKSAhPSBuYXBpX29r	YmluZGluZ3MuY3Bw	1768	107374182593	PG9wZXJhdG9yPi5ub3RFcXVhbHM=
30064773024	107374182544	bmFwaV9jcmVhdGVfZnVuY3Rpb24=	PHVucmVzb2x2ZWROYW1lc3BhY2U+Lm5hcGlfY3JlYXRlX2Z1bmN0aW9uOjx1bnJlc29sdmVkU2lnbmF0dXJlPig2KQ==	U1RBVElDX0RJU1BBVENI	QU5Z	bmFwaV9jcmVhdGVfZnVuY3Rpb24oZW52LCBOVUxMLCAwLCBkYl9pbml0LCBOVUxMLCAmZGJfaW5pdF9mbik=	YmluZGluZ3MuY3Bw	1745	107374182670	PHVucmVzb2x2ZWROYW1lc3BhY2U+Lm5hcGlfY3JlYXRlX2Z1bmN0aW9uOjx1bnJlc29sdmVkU2lnbmF0dXJlPig2KQ==
30064773026	107374182544	bmFwaV90aHJvd19lcnJvcg==	PHVucmVzb2x2ZWROYW1lc3BhY2U+Lm5hcGlfdGhyb3dfZXJyb3I6PHVucmVzb2x2ZWRTaWduYXR1cmU+KDMp	U1RBVElDX0RJU1BBVENI	QU5Z	bmFwaV90aHJvd19lcnJvcihlbnYsIE5VTEwsICJuYXBpX2NyZWF0ZV9mdW5jdGlvbihlbnYsIE5VTEwsIDAsIGRiX2luaXQsIE5VTEwsICZkYl9pbml0X2ZuKSBmYWlsZWQhIik=	YmluZGluZ3MuY3Bw	1745	107374182596	PHVucmVzb2x2ZWROYW1lc3BhY2U+Lm5hcGlfdGhyb3dfZXJyb3I6PHVucmVzb2x2ZWRTaWduYXR1cmU+KDMp
30064773028	107374182544	bmFwaV9zZXRfbmFtZWRfcHJvcGVydHk=	bmFwaV9zZXRfbmFtZWRfcHJvcGVydHk=	U1RBVElDX0RJU1BBVENI	QU5Z	bmFwaV9zZXRfbmFtZWRfcHJvcGVydHkoZW52LCBleHBvcnRzLCAiZGJfaW5pdCIsIGRiX2luaXRfZm4p	YmluZGluZ3MuY3Bw	1745	107374182740	bmFwaV9zZXRfbmFtZWRfcHJvcGVydHk=
30064773029	107374182544	bmFwaV90aHJvd19lcnJvcg==	PHVucmVzb2x2ZWROYW1lc3BhY2U+Lm5hcGlfdGhyb3dfZXJyb3I6PHVucmVzb2x2ZWRTaWduYXR1cmU+KDMp	U1RBVElDX0RJU1BBVENI	QU5Z	bmFwaV90aHJvd19lcnJvcihlbnYsIE5VTEwsICJuYXBpX3NldF9uYW1lZF9wcm9wZXJ0eShlbnYsIGV4cG9ydHMsIFwiZGJfaW5pdFwiLCBkYl9pbml0X2ZuKSBmYWlsZWQhIik=	YmluZGluZ3MuY3Bw	1745	107374182596	PHVucmVzb2x2ZWROYW1lc3BhY2U+Lm5hcGlfdGhyb3dfZXJyb3I6PHVucmVzb2x2ZWRTaWduYXR1cmU+KDMp
30064773032	107374182544	bmFwaV9jcmVhdGVfZnVuY3Rpb24=	PHVucmVzb2x2ZWROYW1lc3BhY2U+Lm5hcGlfY3JlYXRlX2Z1bmN0aW9uOjx1bnJlc29sdmVkU2lnbmF0dXJlPig2KQ==	U1RBVElDX0RJU1BBVENI	QU5Z	bmFwaV9jcmVhdGVfZnVuY3Rpb24oZW52LCBOVUxMLCAwLCBkYl9vcGVuLCBOVUxMLCAmZGJfb3Blbl9mbik=	YmluZGluZ3MuY3Bw	1746	107374182670	PHVucmVzb2x2ZWROYW1lc3BhY2U+Lm5hcGlfY3JlYXRlX2Z1bmN0aW9uOjx1bnJlc29sdmVkU2lnbmF0dXJlPig2KQ==
30064773034	107374182544	bmFwaV90aHJvd19lcnJvcg==	PHVucmVzb2x2ZWROYW1lc3BhY2U+Lm5hcGlfdGhyb3dfZXJyb3I6PHVucmVzb2x2ZWRTaWduYXR1cmU+KDMp	U1RBVElDX0RJU1BBVENI	QU5Z	bmFwaV90aHJvd19lcnJvcihlbnYsIE5VTEwsICJuYXBpX2NyZWF0ZV9mdW5jdGlvbihlbnYsIE5VTEwsIDAsIGRiX29wZW4sIE5VTEwsICZkYl9vcGVuX2ZuKSBmYWlsZWQhIik=	YmluZGluZ3MuY3Bw	1746	107374182596	PHVucmVzb2x2ZWROYW1lc3BhY2U+Lm5hcGlfdGhyb3dfZXJyb3I6PHVucmVzb2x2ZWRTaWduYXR1cmU+KDMp
30064773036	107374182544	bmFwaV9zZXRfbmFtZWRfcHJvcGVydHk=	bmFwaV9zZXRfbmFtZWRfcHJvcGVydHk=	U1RBVElDX0RJU1BBVENI	QU5Z	bmFwaV9zZXRfbmFtZWRfcHJvcGVydHkoZW52LCBleHBvcnRzLCAiZGJfb3BlbiIsIGRiX29wZW5fZm4p	YmluZGluZ3MuY3Bw	1746	107374182740	bmFwaV9zZXRfbmFtZWRfcHJvcGVydHk=
30064773037	107374182544	bmFwaV90aHJvd19lcnJvcg==	PHVucmVzb2x2ZWROYW1lc3BhY2U+Lm5hcGlfdGhyb3dfZXJyb3I6PHVucmVzb2x2ZWRTaWduYXR1cmU+KDMp	U1RBVElDX0RJU1BBVENI	QU5Z	bmFwaV90aHJvd19lcnJvcihlbnYsIE5VTEwsICJuYXBpX3NldF9uYW1lZF9wcm9wZXJ0eShlbnYsIGV4cG9ydHMsIFwiZGJfb3BlblwiLCBkYl9vcGVuX2ZuKSBmYWlsZWQhIik=	YmluZGluZ3MuY3Bw	1746	107374182596	PHVucmVzb2x2ZWROYW1lc3BhY2U+Lm5hcGlfdGhyb3dfZXJyb3I6PHVucmVzb2x2ZWRTaWduYXR1cmU+KDMp
30064773040	107374182544	bmFwaV9jcmVhdGVfZnVuY3Rpb24=	PHVucmVzb2x2ZWROYW1lc3BhY2U+Lm5hcGlfY3JlYXRlX2Z1bmN0aW9uOjx1bnJlc29sdmVkU2lnbmF0dXJlPig2KQ==	U1RBVElDX0RJU1BBVENI	QU5Z	bmFwaV9jcmVhdGVfZnVuY3Rpb24oZW52LCBOVUxMLCAwLCBkYl9jbG9zZSwgTlVMTCwgJmRiX2Nsb3NlX2ZuKQ==	YmluZGluZ3MuY3Bw	1747	107374182670	PHVucmVzb2x2ZWROYW1lc3BhY2U+Lm5hcGlfY3JlYXRlX2Z1bmN0aW9uOjx1bnJlc29sdmVkU2lnbmF0dXJlPig2KQ==
30064773042	107374182544	bmFwaV90aHJvd19lcnJvcg==	PHVucmVzb2x2ZWROYW1lc3BhY2U+Lm5hcGlfdGhyb3dfZXJyb3I6PHVucmVzb2x2ZWRTaWduYXR1cmU+KDMp	U1RBVElDX0RJU1BBVENI	QU5Z	bmFwaV90aHJvd19lcnJvcihlbnYsIE5VTEwsICJuYXBpX2NyZWF0ZV9mdW5jdGlvbihlbnYsIE5VTEwsIDAsIGRiX2Nsb3NlLCBOVUxMLCAmZGJfY2xvc2VfZm4pIGZhaWxlZCEiKQ==	YmluZGluZ3MuY3Bw	1747	107374182596	PHVucmVzb2x2ZWROYW1lc3BhY2U+Lm5hcGlfdGhyb3dfZXJyb3I6PHVucmVzb2x2ZWRTaWduYXR1cmU+KDMp
30064773044	107374182544	bmFwaV9zZXRfbmFtZWRfcHJvcGVydHk=	bmFwaV9zZXRfbmFtZWRfcHJvcGVydHk=	U1RBVElDX0RJU1BBVENI	QU5Z	bmFwaV9zZXRfbmFtZWRfcHJvcGVydHkoZW52LCBleHBvcnRzLCAiZGJfY2xvc2UiLCBkYl9jbG9zZV9mbik=	YmluZGluZ3MuY3Bw	1747	107374182740	bmFwaV9zZXRfbmFtZWRfcHJvcGVydHk=
30064773045	107374182544	bmFwaV90aHJvd19lcnJvcg==	PHVucmVzb2x2ZWROYW1lc3BhY2U+Lm5hcGlfdGhyb3dfZXJyb3I6PHVucmVzb2x2ZWRTaWduYXR1cmU+KDMp	U1RBVElDX0RJU1BBVENI	QU5Z	bmFwaV90aHJvd19lcnJvcihlbnYsIE5VTEwsICJuYXBpX3NldF9uYW1lZF9wcm9wZXJ0eShlbnYsIGV4cG9ydHMsIFwiZGJfY2xvc2VcIiwgZGJfY2xvc2VfZm4pIGZhaWxlZCEiKQ==	YmluZGluZ3MuY3Bw	1747	107374182596	PHVucmVzb2x2ZWROYW1lc3BhY2U+Lm5hcGlfdGhyb3dfZXJyb3I6PHVucmVzb2x2ZWRTaWduYXR1cmU+KDMp
30064773048	107374182544	bmFwaV9jcmVhdGVfZnVuY3Rpb24=	PHVucmVzb2x2ZWROYW1lc3BhY2U+Lm5hcGlfY3JlYXRlX2Z1bmN0aW9uOjx1bnJlc29sdmVkU2lnbmF0dXJlPig2KQ==	U1RBVElDX0RJU1BBVENI	QU5Z	bmFwaV9jcmVhdGVfZnVuY3Rpb24oZW52LCBOVUxMLCAwLCBkYl9wdXQsIE5VTEwsICZkYl9wdXRfZm4p	YmluZGluZ3MuY3Bw	1748	107374182670	PHVucmVzb2x2ZWROYW1lc3BhY2U+Lm5hcGlfY3JlYXRlX2Z1bmN0aW9uOjx1bnJlc29sdmVkU2lnbmF0dXJlPig2KQ==
30064773050	107374182544	bmFwaV90aHJvd19lcnJvcg==	PHVucmVzb2x2ZWROYW1lc3BhY2U+Lm5hcGlfdGhyb3dfZXJyb3I6PHVucmVzb2x2ZWRTaWduYXR1cmU+KDMp	U1RBVElDX0RJU1BBVENI	QU5Z	bmFwaV90aHJvd19lcnJvcihlbnYsIE5VTEwsICJuYXBpX2NyZWF0ZV9mdW5jdGlvbihlbnYsIE5VTEwsIDAsIGRiX3B1dCwgTlVMTCwgJmRiX3B1dF9mbikgZmFpbGVkISIp	YmluZGluZ3MuY3Bw	1748	107374182596	PHVucmVzb2x2ZWROYW1lc3BhY2U+Lm5hcGlfdGhyb3dfZXJyb3I6PHVucmVzb2x2ZWRTaWduYXR1cmU+KDMp
30064773052	107374182544	bmFwaV9zZXRfbmFtZWRfcHJvcGVydHk=	bmFwaV9zZXRfbmFtZWRfcHJvcGVydHk=	U1RBVElDX0RJU1BBVENI	QU5Z	bmFwaV9zZXRfbmFtZWRfcHJvcGVydHkoZW52LCBleHBvcnRzLCAiZGJfcHV0IiwgZGJfcHV0X2ZuKQ==	YmluZGluZ3MuY3Bw	1748	107374182740	bmFwaV9zZXRfbmFtZWRfcHJvcGVydHk=
30064773053	107374182544	bmFwaV90aHJvd19lcnJvcg==	PHVucmVzb2x2ZWROYW1lc3BhY2U+Lm5hcGlfdGhyb3dfZXJyb3I6PHVucmVzb2x2ZWRTaWduYXR1cmU+KDMp	U1RBVElDX0RJU1BBVENI	QU5Z	bmFwaV90aHJvd19lcnJvcihlbnYsIE5VTEwsICJuYXBpX3NldF9uYW1lZF9wcm9wZXJ0eShlbnYsIGV4cG9ydHMsIFwiZGJfcHV0XCIsIGRiX3B1dF9mbikgZmFpbGVkISIp	YmluZGluZ3MuY3Bw	1748	107374182596	PHVucmVzb2x2ZWROYW1lc3BhY2U+Lm5hcGlfdGhyb3dfZXJyb3I6PHVucmVzb2x2ZWRTaWduYXR1cmU+KDMp
30064773056	107374182544	bmFwaV9jcmVhdGVfZnVuY3Rpb24=	PHVucmVzb2x2ZWROYW1lc3BhY2U+Lm5hcGlfY3JlYXRlX2Z1bmN0aW9uOjx1bnJlc29sdmVkU2lnbmF0dXJlPig2KQ==	U1RBVElDX0RJU1BBVENI	QU5Z	bmFwaV9jcmVhdGVfZnVuY3Rpb24oZW52LCBOVUxMLCAwLCBkYl9nZXQsIE5VTEwsICZkYl9nZXRfZm4p	YmluZGluZ3MuY3Bw	1749	107374182670	PHVucmVzb2x2ZWROYW1lc3BhY2U+Lm5hcGlfY3JlYXRlX2Z1bmN0aW9uOjx1bnJlc29sdmVkU2lnbmF0dXJlPig2KQ==
30064773058	107374182544	bmFwaV90aHJvd19lcnJvcg==	PHVucmVzb2x2ZWROYW1lc3BhY2U+Lm5hcGlfdGhyb3dfZXJyb3I6PHVucmVzb2x2ZWRTaWduYXR1cmU+KDMp	U1RBVElDX0RJU1BBVENI	QU5Z	bmFwaV90aHJvd19lcnJvcihlbnYsIE5VTEwsICJuYXBpX2NyZWF0ZV9mdW5jdGlvbihlbnYsIE5VTEwsIDAsIGRiX2dldCwgTlVMTCwgJmRiX2dldF9mbikgZmFpbGVkISIp	YmluZGluZ3MuY3Bw	1749	107374182596	PHVucmVzb2x2ZWROYW1lc3BhY2U+Lm5hcGlfdGhyb3dfZXJyb3I6PHVucmVzb2x2ZWRTaWduYXR1cmU+KDMp
30064773060	107374182544	bmFwaV9zZXRfbmFtZWRfcHJvcGVydHk=	bmFwaV9zZXRfbmFtZWRfcHJvcGVydHk=	U1RBVElDX0RJU1BBVENI	QU5Z	bmFwaV9zZXRfbmFtZWRfcHJvcGVydHkoZW52LCBleHBvcnRzLCAiZGJfZ2V0IiwgZGJfZ2V0X2ZuKQ==	YmluZGluZ3MuY3Bw	1749	107374182740	bmFwaV9zZXRfbmFtZWRfcHJvcGVydHk=
30064773061	107374182544	bmFwaV90aHJvd19lcnJvcg==	PHVucmVzb2x2ZWROYW1lc3BhY2U+Lm5hcGlfdGhyb3dfZXJyb3I6PHVucmVzb2x2ZWRTaWduYXR1cmU+KDMp	U1RBVElDX0RJU1BBVENI	QU5Z	bmFwaV90aHJvd19lcnJvcihlbnYsIE5VTEwsICJuYXBpX3NldF9uYW1lZF9wcm9wZXJ0eShlbnYsIGV4cG9ydHMsIFwiZGJfZ2V0XCIsIGRiX2dldF9mbikgZmFpbGVkISIp	YmluZGluZ3MuY3Bw	1749	107374182596	PHVucmVzb2x2ZWROYW1lc3BhY2U+Lm5hcGlfdGhyb3dfZXJyb3I6PHVucmVzb2x2ZWRTaWduYXR1cmU+KDMp
30064773064	107374182544	bmFwaV9jcmVhdGVfZnVuY3Rpb24=	PHVucmVzb2x2ZWROYW1lc3BhY2U+Lm5hcGlfY3JlYXRlX2Z1bmN0aW9uOjx1bnJlc29sdmVkU2lnbmF0dXJlPig2KQ==	U1RBVElDX0RJU1BBVENI	QU5Z	bmFwaV9jcmVhdGVfZnVuY3Rpb24oZW52LCBOVUxMLCAwLCBkYl9kZWwsIE5VTEwsICZkYl9kZWxfZm4p	YmluZGluZ3MuY3Bw	1750	107374182670	PHVucmVzb2x2ZWROYW1lc3BhY2U+Lm5hcGlfY3JlYXRlX2Z1bmN0aW9uOjx1bnJlc29sdmVkU2lnbmF0dXJlPig2KQ==
30064773066	107374182544	bmFwaV90aHJvd19lcnJvcg==	PHVucmVzb2x2ZWROYW1lc3BhY2U+Lm5hcGlfdGhyb3dfZXJyb3I6PHVucmVzb2x2ZWRTaWduYXR1cmU+KDMp	U1RBVElDX0RJU1BBVENI	QU5Z	bmFwaV90aHJvd19lcnJvcihlbnYsIE5VTEwsICJuYXBpX2NyZWF0ZV9mdW5jdGlvbihlbnYsIE5VTEwsIDAsIGRiX2RlbCwgTlVMTCwgJmRiX2RlbF9mbikgZmFpbGVkISIp	YmluZGluZ3MuY3Bw	1750	107374182596	PHVucmVzb2x2ZWROYW1lc3BhY2U+Lm5hcGlfdGhyb3dfZXJyb3I6PHVucmVzb2x2ZWRTaWduYXR1cmU+KDMp
30064773068	107374182544	bmFwaV9zZXRfbmFtZWRfcHJvcGVydHk=	bmFwaV9zZXRfbmFtZWRfcHJvcGVydHk=	U1RBVElDX0RJU1BBVENI	QU5Z	bmFwaV9zZXRfbmFtZWRfcHJvcGVydHkoZW52LCBleHBvcnRzLCAiZGJfZGVsIiwgZGJfZGVsX2ZuKQ==	YmluZGluZ3MuY3Bw	1750	107374182740	bmFwaV9zZXRfbmFtZWRfcHJvcGVydHk=
30064773069	107374182544	bmFwaV90aHJvd19lcnJvcg==	PHVucmVzb2x2ZWROYW1lc3BhY2U+Lm5hcGlfdGhyb3dfZXJyb3I6PHVucmVzb2x2ZWRTaWduYXR1cmU+KDMp	U1RBVElDX0RJU1BBVENI	QU5Z	bmFwaV90aHJvd19lcnJvcihlbnYsIE5VTEwsICJuYXBpX3NldF9uYW1lZF9wcm9wZXJ0eShlbnYsIGV4cG9ydHMsIFwiZGJfZGVsXCIsIGRiX2RlbF9mbikgZmFpbGVkISIp	YmluZGluZ3MuY3Bw	1750	107374182596	PHVucmVzb2x2ZWROYW1lc3BhY2U+Lm5hcGlfdGhyb3dfZXJyb3I6PHVucmVzb2x2ZWRTaWduYXR1cmU+KDMp
30064773072	107374182544	bmFwaV9jcmVhdGVfZnVuY3Rpb24=	PHVucmVzb2x2ZWROYW1lc3BhY2U+Lm5hcGlfY3JlYXRlX2Z1bmN0aW9uOjx1bnJlc29sdmVkU2lnbmF0dXJlPig2KQ==	U1RBVElDX0RJU1BBVENI	QU5Z	bmFwaV9jcmVhdGVfZnVuY3Rpb24oZW52LCBOVUxMLCAwLCBkYl9hcHByb3hpbWF0ZV9zaXplLCBOVUxMLCAmZGJfYXBwcm94aW1hdGVfc2l6ZV9mbik=	YmluZGluZ3MuY3Bw	1751	107374182670	PHVucmVzb2x2ZWROYW1lc3BhY2U+Lm5hcGlfY3JlYXRlX2Z1bmN0aW9uOjx1bnJlc29sdmVkU2lnbmF0dXJlPig2KQ==
30064773074	107374182544	bmFwaV90aHJvd19lcnJvcg==	PHVucmVzb2x2ZWROYW1lc3BhY2U+Lm5hcGlfdGhyb3dfZXJyb3I6PHVucmVzb2x2ZWRTaWduYXR1cmU+KDMp	U1RBVElDX0RJU1BBVENI	QU5Z	bmFwaV90aHJvd19lcnJvcihlbnYsIE5VTEwsICJuYXBpX2NyZWF0ZV9mdW5jdGlvbihlbnYsIE5VTEwsIDAsIGRiX2FwcHJveGltYXRlX3NpemUsIE5VTEwsICZkYl9hcHByb3hpbWF0ZV9zaXplX2ZuKSBmYWlsZWQhIik=	YmluZGluZ3MuY3Bw	1751	107374182596	PHVucmVzb2x2ZWROYW1lc3BhY2U+Lm5hcGlfdGhyb3dfZXJyb3I6PHVucmVzb2x2ZWRTaWduYXR1cmU+KDMp
30064773076	107374182544	bmFwaV9zZXRfbmFtZWRfcHJvcGVydHk=	bmFwaV9zZXRfbmFtZWRfcHJvcGVydHk=	U1RBVElDX0RJU1BBVENI	QU5Z	bmFwaV9zZXRfbmFtZWRfcHJvcGVydHkoZW52LCBleHBvcnRzLCAiZGJfYXBwcm94aW1hdGVfc2l6ZSIsIGRiX2FwcHJveGltYXRlX3NpemVfZm4p	YmluZGluZ3MuY3Bw	1751	107374182740	bmFwaV9zZXRfbmFtZWRfcHJvcGVydHk=
30064773077	107374182544	bmFwaV90aHJvd19lcnJvcg==	PHVucmVzb2x2ZWROYW1lc3BhY2U+Lm5hcGlfdGhyb3dfZXJyb3I6PHVucmVzb2x2ZWRTaWduYXR1cmU+KDMp	U1RBVElDX0RJU1BBVENI	QU5Z	bmFwaV90aHJvd19lcnJvcihlbnYsIE5VTEwsICJuYXBpX3NldF9uYW1lZF9wcm9wZXJ0eShlbnYsIGV4cG9ydHMsIFwiZGJfYXBwcm94aW1hdGVfc2l6ZVwiLCBkYl9hcHByb3hpbWF0ZV9zaXplX2ZuKSBmYWlsZWQhIik=	YmluZGluZ3MuY3Bw	1751	107374182596	PHVucmVzb2x2ZWROYW1lc3BhY2U+Lm5hcGlfdGhyb3dfZXJyb3I6PHVucmVzb2x2ZWRTaWduYXR1cmU+KDMp
30064773080	107374182544	bmFwaV9jcmVhdGVfZnVuY3Rpb24=	PHVucmVzb2x2ZWROYW1lc3BhY2U+Lm5hcGlfY3JlYXRlX2Z1bmN0aW9uOjx1bnJlc29sdmVkU2lnbmF0dXJlPig2KQ==	U1RBVElDX0RJU1BBVENI	QU5Z	bmFwaV9jcmVhdGVfZnVuY3Rpb24oZW52LCBOVUxMLCAwLCBkYl9jb21wYWN0X3JhbmdlLCBOVUxMLCAmZGJfY29tcGFjdF9yYW5nZV9mbik=	YmluZGluZ3MuY3Bw	1752	107374182670	PHVucmVzb2x2ZWROYW1lc3BhY2U+Lm5hcGlfY3JlYXRlX2Z1bmN0aW9uOjx1bnJlc29sdmVkU2lnbmF0dXJlPig2KQ==
30064773082	107374182544	bmFwaV90aHJvd19lcnJvcg==	PHVucmVzb2x2ZWROYW1lc3BhY2U+Lm5hcGlfdGhyb3dfZXJyb3I6PHVucmVzb2x2ZWRTaWduYXR1cmU+KDMp	U1RBVElDX0RJU1BBVENI	QU5Z	bmFwaV90aHJvd19lcnJvcihlbnYsIE5VTEwsICJuYXBpX2NyZWF0ZV9mdW5jdGlvbihlbnYsIE5VTEwsIDAsIGRiX2NvbXBhY3RfcmFuZ2UsIE5VTEwsICZkYl9jb21wYWN0X3JhbmdlX2ZuKSBmYWlsZWQhIik=	YmluZGluZ3MuY3Bw	1752	107374182596	PHVucmVzb2x2ZWROYW1lc3BhY2U+Lm5hcGlfdGhyb3dfZXJyb3I6PHVucmVzb2x2ZWRTaWduYXR1cmU+KDMp
30064773084	107374182544	bmFwaV9zZXRfbmFtZWRfcHJvcGVydHk=	bmFwaV9zZXRfbmFtZWRfcHJvcGVydHk=	U1RBVElDX0RJU1BBVENI	QU5Z	bmFwaV9zZXRfbmFtZWRfcHJvcGVydHkoZW52LCBleHBvcnRzLCAiZGJfY29tcGFjdF9yYW5nZSIsIGRiX2NvbXBhY3RfcmFuZ2VfZm4p	YmluZGluZ3MuY3Bw	1752	107374182740	bmFwaV9zZXRfbmFtZWRfcHJvcGVydHk=
30064773085	107374182544	bmFwaV90aHJvd19lcnJvcg==	PHVucmVzb2x2ZWROYW1lc3BhY2U+Lm5hcGlfdGhyb3dfZXJyb3I6PHVucmVzb2x2ZWRTaWduYXR1cmU+KDMp	U1RBVElDX0RJU1BBVENI	QU5Z	bmFwaV90aHJvd19lcnJvcihlbnYsIE5VTEwsICJuYXBpX3NldF9uYW1lZF9wcm9wZXJ0eShlbnYsIGV4cG9ydHMsIFwiZGJfY29tcGFjdF9yYW5nZVwiLCBkYl9jb21wYWN0X3JhbmdlX2ZuKSBmYWlsZWQhIik=	YmluZGluZ3MuY3Bw	1752	107374182596	PHVucmVzb2x2ZWROYW1lc3BhY2U+Lm5hcGlfdGhyb3dfZXJyb3I6PHVucmVzb2x2ZWRTaWduYXR1cmU+KDMp
30064773088	107374182544	bmFwaV9jcmVhdGVfZnVuY3Rpb24=	PHVucmVzb2x2ZWROYW1lc3BhY2U+Lm5hcGlfY3JlYXRlX2Z1bmN0aW9uOjx1bnJlc29sdmVkU2lnbmF0dXJlPig2KQ==	U1RBVElDX0RJU1BBVENI	QU5Z	bmFwaV9jcmVhdGVfZnVuY3Rpb24oZW52LCBOVUxMLCAwLCBkYl9nZXRfcHJvcGVydHksIE5VTEwsICZkYl9nZXRfcHJvcGVydHlfZm4p	YmluZGluZ3MuY3Bw	1753	107374182670	PHVucmVzb2x2ZWROYW1lc3BhY2U+Lm5hcGlfY3JlYXRlX2Z1bmN0aW9uOjx1bnJlc29sdmVkU2lnbmF0dXJlPig2KQ==
30064773090	107374182544	bmFwaV90aHJvd19lcnJvcg==	PHVucmVzb2x2ZWROYW1lc3BhY2U+Lm5hcGlfdGhyb3dfZXJyb3I6PHVucmVzb2x2ZWRTaWduYXR1cmU+KDMp	U1RBVElDX0RJU1BBVENI	QU5Z	bmFwaV90aHJvd19lcnJvcihlbnYsIE5VTEwsICJuYXBpX2NyZWF0ZV9mdW5jdGlvbihlbnYsIE5VTEwsIDAsIGRiX2dldF9wcm9wZXJ0eSwgTlVMTCwgJmRiX2dldF9wcm9wZXJ0eV9mbikgZmFpbGVkISIp	YmluZGluZ3MuY3Bw	1753	107374182596	PHVucmVzb2x2ZWROYW1lc3BhY2U+Lm5hcGlfdGhyb3dfZXJyb3I6PHVucmVzb2x2ZWRTaWduYXR1cmU+KDMp
30064773092	107374182544	bmFwaV9zZXRfbmFtZWRfcHJvcGVydHk=	bmFwaV9zZXRfbmFtZWRfcHJvcGVydHk=	U1RBVElDX0RJU1BBVENI	QU5Z	bmFwaV9zZXRfbmFtZWRfcHJvcGVydHkoZW52LCBleHBvcnRzLCAiZGJfZ2V0X3Byb3BlcnR5IiwgZGJfZ2V0X3Byb3BlcnR5X2ZuKQ==	YmluZGluZ3MuY3Bw	1753	107374182740	bmFwaV9zZXRfbmFtZWRfcHJvcGVydHk=
30064773093	107374182544	bmFwaV90aHJvd19lcnJvcg==	PHVucmVzb2x2ZWROYW1lc3BhY2U+Lm5hcGlfdGhyb3dfZXJyb3I6PHVucmVzb2x2ZWRTaWduYXR1cmU+KDMp	U1RBVElDX0RJU1BBVENI	QU5Z	bmFwaV90aHJvd19lcnJvcihlbnYsIE5VTEwsICJuYXBpX3NldF9uYW1lZF9wcm9wZXJ0eShlbnYsIGV4cG9ydHMsIFwiZGJfZ2V0X3Byb3BlcnR5XCIsIGRiX2dldF9wcm9wZXJ0eV9mbikgZmFpbGVkISIp	YmluZGluZ3MuY3Bw	1753	107374182596	PHVucmVzb2x2ZWROYW1lc3BhY2U+Lm5hcGlfdGhyb3dfZXJyb3I6PHVucmVzb2x2ZWRTaWduYXR1cmU+KDMp
30064773096	107374182544	bmFwaV9jcmVhdGVfZnVuY3Rpb24=	PHVucmVzb2x2ZWROYW1lc3BhY2U+Lm5hcGlfY3JlYXRlX2Z1bmN0aW9uOjx1bnJlc29sdmVkU2lnbmF0dXJlPig2KQ==	U1RBVElDX0RJU1BBVENI	QU5Z	bmFwaV9jcmVhdGVfZnVuY3Rpb24oZW52LCBOVUxMLCAwLCBkZXN0cm95X2RiLCBOVUxMLCAmZGVzdHJveV9kYl9mbik=	YmluZGluZ3MuY3Bw	1755	107374182670	PHVucmVzb2x2ZWROYW1lc3BhY2U+Lm5hcGlfY3JlYXRlX2Z1bmN0aW9uOjx1bnJlc29sdmVkU2lnbmF0dXJlPig2KQ==
30064773098	107374182544	bmFwaV90aHJvd19lcnJvcg==	PHVucmVzb2x2ZWROYW1lc3BhY2U+Lm5hcGlfdGhyb3dfZXJyb3I6PHVucmVzb2x2ZWRTaWduYXR1cmU+KDMp	U1RBVElDX0RJU1BBVENI	QU5Z	bmFwaV90aHJvd19lcnJvcihlbnYsIE5VTEwsICJuYXBpX2NyZWF0ZV9mdW5jdGlvbihlbnYsIE5VTEwsIDAsIGRlc3Ryb3lfZGIsIE5VTEwsICZkZXN0cm95X2RiX2ZuKSBmYWlsZWQhIik=	YmluZGluZ3MuY3Bw	1755	107374182596	PHVucmVzb2x2ZWROYW1lc3BhY2U+Lm5hcGlfdGhyb3dfZXJyb3I6PHVucmVzb2x2ZWRTaWduYXR1cmU+KDMp
30064773100	107374182544	bmFwaV9zZXRfbmFtZWRfcHJvcGVydHk=	bmFwaV9zZXRfbmFtZWRfcHJvcGVydHk=	U1RBVElDX0RJU1BBVENI	QU5Z	bmFwaV9zZXRfbmFtZWRfcHJvcGVydHkoZW52LCBleHBvcnRzLCAiZGVzdHJveV9kYiIsIGRlc3Ryb3lfZGJfZm4p	YmluZGluZ3MuY3Bw	1755	107374182740	bmFwaV9zZXRfbmFtZWRfcHJvcGVydHk=
30064773101	107374182544	bmFwaV90aHJvd19lcnJvcg==	PHVucmVzb2x2ZWROYW1lc3BhY2U+Lm5hcGlfdGhyb3dfZXJyb3I6PHVucmVzb2x2ZWRTaWduYXR1cmU+KDMp	U1RBVElDX0RJU1BBVENI	QU5Z	bmFwaV90aHJvd19lcnJvcihlbnYsIE5VTEwsICJuYXBpX3NldF9uYW1lZF9wcm9wZXJ0eShlbnYsIGV4cG9ydHMsIFwiZGVzdHJveV9kYlwiLCBkZXN0cm95X2RiX2ZuKSBmYWlsZWQhIik=	YmluZGluZ3MuY3Bw	1755	107374182596	PHVucmVzb2x2ZWROYW1lc3BhY2U+Lm5hcGlfdGhyb3dfZXJyb3I6PHVucmVzb2x2ZWRTaWduYXR1cmU+KDMp
30064773104	107374182544	bmFwaV9jcmVhdGVfZnVuY3Rpb24=	PHVucmVzb2x2ZWROYW1lc3BhY2U+Lm5hcGlfY3JlYXRlX2Z1bmN0aW9uOjx1bnJlc29sdmVkU2lnbmF0dXJlPig2KQ==	U1RBVElDX0RJU1BBVENI	QU5Z	bmFwaV9jcmVhdGVfZnVuY3Rpb24oZW52LCBOVUxMLCAwLCByZXBhaXJfZGIsIE5VTEwsICZyZXBhaXJfZGJfZm4p	YmluZGluZ3MuY3Bw	1756	107374182670	PHVucmVzb2x2ZWROYW1lc3BhY2U+Lm5hcGlfY3JlYXRlX2Z1bmN0aW9uOjx1bnJlc29sdmVkU2lnbmF0dXJlPig2KQ==
30064773106	107374182544	bmFwaV90aHJvd19lcnJvcg==	PHVucmVzb2x2ZWROYW1lc3BhY2U+Lm5hcGlfdGhyb3dfZXJyb3I6PHVucmVzb2x2ZWRTaWduYXR1cmU+KDMp	U1RBVElDX0RJU1BBVENI	QU5Z	bmFwaV90aHJvd19lcnJvcihlbnYsIE5VTEwsICJuYXBpX2NyZWF0ZV9mdW5jdGlvbihlbnYsIE5VTEwsIDAsIHJlcGFpcl9kYiwgTlVMTCwgJnJlcGFpcl9kYl9mbikgZmFpbGVkISIp	YmluZGluZ3MuY3Bw	1756	107374182596	PHVucmVzb2x2ZWROYW1lc3BhY2U+Lm5hcGlfdGhyb3dfZXJyb3I6PHVucmVzb2x2ZWRTaWduYXR1cmU+KDMp
30064773108	107374182544	bmFwaV9zZXRfbmFtZWRfcHJvcGVydHk=	bmFwaV9zZXRfbmFtZWRfcHJvcGVydHk=	U1RBVElDX0RJU1BBVENI	QU5Z	bmFwaV9zZXRfbmFtZWRfcHJvcGVydHkoZW52LCBleHBvcnRzLCAicmVwYWlyX2RiIiwgcmVwYWlyX2RiX2ZuKQ==	YmluZGluZ3MuY3Bw	1756	107374182740	bmFwaV9zZXRfbmFtZWRfcHJvcGVydHk=
30064773109	107374182544	bmFwaV90aHJvd19lcnJvcg==	PHVucmVzb2x2ZWROYW1lc3BhY2U+Lm5hcGlfdGhyb3dfZXJyb3I6PHVucmVzb2x2ZWRTaWduYXR1cmU+KDMp	U1RBVElDX0RJU1BBVENI	QU5Z	bmFwaV90aHJvd19lcnJvcihlbnYsIE5VTEwsICJuYXBpX3NldF9uYW1lZF9wcm9wZXJ0eShlbnYsIGV4cG9ydHMsIFwicmVwYWlyX2RiXCIsIHJlcGFpcl9kYl9mbikgZmFpbGVkISIp	YmluZGluZ3MuY3Bw	1756	107374182596	PHVucmVzb2x2ZWROYW1lc3BhY2U+Lm5hcGlfdGhyb3dfZXJyb3I6PHVucmVzb2x2ZWRTaWduYXR1cmU+KDMp
30064773112	107374182544	bmFwaV9jcmVhdGVfZnVuY3Rpb24=	PHVucmVzb2x2ZWROYW1lc3BhY2U+Lm5hcGlfY3JlYXRlX2Z1bmN0aW9uOjx1bnJlc29sdmVkU2lnbmF0dXJlPig2KQ==	U1RBVElDX0RJU1BBVENI	QU5Z	bmFwaV9jcmVhdGVfZnVuY3Rpb24oZW52LCBOVUxMLCAwLCBpdGVyYXRvcl9pbml0LCBOVUxMLCAmaXRlcmF0b3JfaW5pdF9mbik=	YmluZGluZ3MuY3Bw	1758	107374182670	PHVucmVzb2x2ZWROYW1lc3BhY2U+Lm5hcGlfY3JlYXRlX2Z1bmN0aW9uOjx1bnJlc29sdmVkU2lnbmF0dXJlPig2KQ==
30064773114	107374182544	bmFwaV90aHJvd19lcnJvcg==	PHVucmVzb2x2ZWROYW1lc3BhY2U+Lm5hcGlfdGhyb3dfZXJyb3I6PHVucmVzb2x2ZWRTaWduYXR1cmU+KDMp	U1RBVElDX0RJU1BBVENI	QU5Z	bmFwaV90aHJvd19lcnJvcihlbnYsIE5VTEwsICJuYXBpX2NyZWF0ZV9mdW5jdGlvbihlbnYsIE5VTEwsIDAsIGl0ZXJhdG9yX2luaXQsIE5VTEwsICZpdGVyYXRvcl9pbml0X2ZuKSBmYWlsZWQhIik=	YmluZGluZ3MuY3Bw	1758	107374182596	PHVucmVzb2x2ZWROYW1lc3BhY2U+Lm5hcGlfdGhyb3dfZXJyb3I6PHVucmVzb2x2ZWRTaWduYXR1cmU+KDMp
30064773116	107374182544	bmFwaV9zZXRfbmFtZWRfcHJvcGVydHk=	bmFwaV9zZXRfbmFtZWRfcHJvcGVydHk=	U1RBVElDX0RJU1BBVENI	QU5Z	bmFwaV9zZXRfbmFtZWRfcHJvcGVydHkoZW52LCBleHBvcnRzLCAiaXRlcmF0b3JfaW5pdCIsIGl0ZXJhdG9yX2luaXRfZm4p	YmluZGluZ3MuY3Bw	1758	107374182740	bmFwaV9zZXRfbmFtZWRfcHJvcGVydHk=
30064773117	107374182544	bmFwaV90aHJvd19lcnJvcg==	PHVucmVzb2x2ZWROYW1lc3BhY2U+Lm5hcGlfdGhyb3dfZXJyb3I6PHVucmVzb2x2ZWRTaWduYXR1cmU+KDMp	U1RBVElDX0RJU1BBVENI	QU5Z	bmFwaV90aHJvd19lcnJvcihlbnYsIE5VTEwsICJuYXBpX3NldF9uYW1lZF9wcm9wZXJ0eShlbnYsIGV4cG9ydHMsIFwiaXRlcmF0b3JfaW5pdFwiLCBpdGVyYXRvcl9pbml0X2ZuKSBmYWlsZWQhIik=	YmluZGluZ3MuY3Bw	1758	107374182596	PHVucmVzb2x2ZWROYW1lc3BhY2U+Lm5hcGlfdGhyb3dfZXJyb3I6PHVucmVzb2x2ZWRTaWduYXR1cmU+KDMp
30064773120	107374182544	bmFwaV9jcmVhdGVfZnVuY3Rpb24=	PHVucmVzb2x2ZWROYW1lc3BhY2U+Lm5hcGlfY3JlYXRlX2Z1bmN0aW9uOjx1bnJlc29sdmVkU2lnbmF0dXJlPig2KQ==	U1RBVElDX0RJU1BBVENI	QU5Z	bmFwaV9jcmVhdGVfZnVuY3Rpb24oZW52LCBOVUxMLCAwLCBpdGVyYXRvcl9zZWVrLCBOVUxMLCAmaXRlcmF0b3Jfc2Vla19mbik=	YmluZGluZ3MuY3Bw	1759	107374182670	PHVucmVzb2x2ZWROYW1lc3BhY2U+Lm5hcGlfY3JlYXRlX2Z1bmN0aW9uOjx1bnJlc29sdmVkU2lnbmF0dXJlPig2KQ==
30064773122	107374182544	bmFwaV90aHJvd19lcnJvcg==	PHVucmVzb2x2ZWROYW1lc3BhY2U+Lm5hcGlfdGhyb3dfZXJyb3I6PHVucmVzb2x2ZWRTaWduYXR1cmU+KDMp	U1RBVElDX0RJU1BBVENI	QU5Z	bmFwaV90aHJvd19lcnJvcihlbnYsIE5VTEwsICJuYXBpX2NyZWF0ZV9mdW5jdGlvbihlbnYsIE5VTEwsIDAsIGl0ZXJhdG9yX3NlZWssIE5VTEwsICZpdGVyYXRvcl9zZWVrX2ZuKSBmYWlsZWQhIik=	YmluZGluZ3MuY3Bw	1759	107374182596	PHVucmVzb2x2ZWROYW1lc3BhY2U+Lm5hcGlfdGhyb3dfZXJyb3I6PHVucmVzb2x2ZWRTaWduYXR1cmU+KDMp
30064773124	107374182544	bmFwaV9zZXRfbmFtZWRfcHJvcGVydHk=	bmFwaV9zZXRfbmFtZWRfcHJvcGVydHk=	U1RBVElDX0RJU1BBVENI	QU5Z	bmFwaV9zZXRfbmFtZWRfcHJvcGVydHkoZW52LCBleHBvcnRzLCAiaXRlcmF0b3Jfc2VlayIsIGl0ZXJhdG9yX3NlZWtfZm4p	YmluZGluZ3MuY3Bw	1759	107374182740	bmFwaV9zZXRfbmFtZWRfcHJvcGVydHk=
30064773125	107374182544	bmFwaV90aHJvd19lcnJvcg==	PHVucmVzb2x2ZWROYW1lc3BhY2U+Lm5hcGlfdGhyb3dfZXJyb3I6PHVucmVzb2x2ZWRTaWduYXR1cmU+KDMp	U1RBVElDX0RJU1BBVENI	QU5Z	bmFwaV90aHJvd19lcnJvcihlbnYsIE5VTEwsICJuYXBpX3NldF9uYW1lZF9wcm9wZXJ0eShlbnYsIGV4cG9ydHMsIFwiaXRlcmF0b3Jfc2Vla1wiLCBpdGVyYXRvcl9zZWVrX2ZuKSBmYWlsZWQhIik=	YmluZGluZ3MuY3Bw	1759	107374182596	PHVucmVzb2x2ZWROYW1lc3BhY2U+Lm5hcGlfdGhyb3dfZXJyb3I6PHVucmVzb2x2ZWRTaWduYXR1cmU+KDMp
30064773128	107374182544	bmFwaV9jcmVhdGVfZnVuY3Rpb24=	PHVucmVzb2x2ZWROYW1lc3BhY2U+Lm5hcGlfY3JlYXRlX2Z1bmN0aW9uOjx1bnJlc29sdmVkU2lnbmF0dXJlPig2KQ==	U1RBVElDX0RJU1BBVENI	QU5Z	bmFwaV9jcmVhdGVfZnVuY3Rpb24oZW52LCBOVUxMLCAwLCBpdGVyYXRvcl9lbmQsIE5VTEwsICZpdGVyYXRvcl9lbmRfZm4p	YmluZGluZ3MuY3Bw	1760	107374182670	PHVucmVzb2x2ZWROYW1lc3BhY2U+Lm5hcGlfY3JlYXRlX2Z1bmN0aW9uOjx1bnJlc29sdmVkU2lnbmF0dXJlPig2KQ==
30064773130	107374182544	bmFwaV90aHJvd19lcnJvcg==	PHVucmVzb2x2ZWROYW1lc3BhY2U+Lm5hcGlfdGhyb3dfZXJyb3I6PHVucmVzb2x2ZWRTaWduYXR1cmU+KDMp	U1RBVElDX0RJU1BBVENI	QU5Z	bmFwaV90aHJvd19lcnJvcihlbnYsIE5VTEwsICJuYXBpX2NyZWF0ZV9mdW5jdGlvbihlbnYsIE5VTEwsIDAsIGl0ZXJhdG9yX2VuZCwgTlVMTCwgJml0ZXJhdG9yX2VuZF9mbikgZmFpbGVkISIp	YmluZGluZ3MuY3Bw	1760	107374182596	PHVucmVzb2x2ZWROYW1lc3BhY2U+Lm5hcGlfdGhyb3dfZXJyb3I6PHVucmVzb2x2ZWRTaWduYXR1cmU+KDMp
30064773132	107374182544	bmFwaV9zZXRfbmFtZWRfcHJvcGVydHk=	bmFwaV9zZXRfbmFtZWRfcHJvcGVydHk=	U1RBVElDX0RJU1BBVENI	QU5Z	bmFwaV9zZXRfbmFtZWRfcHJvcGVydHkoZW52LCBleHBvcnRzLCAiaXRlcmF0b3JfZW5kIiwgaXRlcmF0b3JfZW5kX2ZuKQ==	YmluZGluZ3MuY3Bw	1760	107374182740	bmFwaV9zZXRfbmFtZWRfcHJvcGVydHk=
30064773133	107374182544	bmFwaV90aHJvd19lcnJvcg==	PHVucmVzb2x2ZWROYW1lc3BhY2U+Lm5hcGlfdGhyb3dfZXJyb3I6PHVucmVzb2x2ZWRTaWduYXR1cmU+KDMp	U1RBVElDX0RJU1BBVENI	QU5Z	bmFwaV90aHJvd19lcnJvcihlbnYsIE5VTEwsICJuYXBpX3NldF9uYW1lZF9wcm9wZXJ0eShlbnYsIGV4cG9ydHMsIFwiaXRlcmF0b3JfZW5kXCIsIGl0ZXJhdG9yX2VuZF9mbikgZmFpbGVkISIp	YmluZGluZ3MuY3Bw	1760	107374182596	PHVucmVzb2x2ZWROYW1lc3BhY2U+Lm5hcGlfdGhyb3dfZXJyb3I6PHVucmVzb2x2ZWRTaWduYXR1cmU+KDMp
30064773136	107374182544	bmFwaV9jcmVhdGVfZnVuY3Rpb24=	PHVucmVzb2x2ZWROYW1lc3BhY2U+Lm5hcGlfY3JlYXRlX2Z1bmN0aW9uOjx1bnJlc29sdmVkU2lnbmF0dXJlPig2KQ==	U1RBVElDX0RJU1BBVENI	QU5Z	bmFwaV9jcmVhdGVfZnVuY3Rpb24oZW52LCBOVUxMLCAwLCBpdGVyYXRvcl9uZXh0LCBOVUxMLCAmaXRlcmF0b3JfbmV4dF9mbik=	YmluZGluZ3MuY3Bw	1761	107374182670	PHVucmVzb2x2ZWROYW1lc3BhY2U+Lm5hcGlfY3JlYXRlX2Z1bmN0aW9uOjx1bnJlc29sdmVkU2lnbmF0dXJlPig2KQ==
30064773138	107374182544	bmFwaV90aHJvd19lcnJvcg==	PHVucmVzb2x2ZWROYW1lc3BhY2U+Lm5hcGlfdGhyb3dfZXJyb3I6PHVucmVzb2x2ZWRTaWduYXR1cmU+KDMp	U1RBVElDX0RJU1BBVENI	QU5Z	bmFwaV90aHJvd19lcnJvcihlbnYsIE5VTEwsICJuYXBpX2NyZWF0ZV9mdW5jdGlvbihlbnYsIE5VTEwsIDAsIGl0ZXJhdG9yX25leHQsIE5VTEwsICZpdGVyYXRvcl9uZXh0X2ZuKSBmYWlsZWQhIik=	YmluZGluZ3MuY3Bw	1761	107374182596	PHVucmVzb2x2ZWROYW1lc3BhY2U+Lm5hcGlfdGhyb3dfZXJyb3I6PHVucmVzb2x2ZWRTaWduYXR1cmU+KDMp
30064773140	107374182544	bmFwaV9zZXRfbmFtZWRfcHJvcGVydHk=	bmFwaV9zZXRfbmFtZWRfcHJvcGVydHk=	U1RBVElDX0RJU1BBVENI	QU5Z	bmFwaV9zZXRfbmFtZWRfcHJvcGVydHkoZW52LCBleHBvcnRzLCAiaXRlcmF0b3JfbmV4dCIsIGl0ZXJhdG9yX25leHRfZm4p	YmluZGluZ3MuY3Bw	1761	107374182740	bmFwaV9zZXRfbmFtZWRfcHJvcGVydHk=
30064773141	107374182544	bmFwaV90aHJvd19lcnJvcg==	PHVucmVzb2x2ZWROYW1lc3BhY2U+Lm5hcGlfdGhyb3dfZXJyb3I6PHVucmVzb2x2ZWRTaWduYXR1cmU+KDMp	U1RBVElDX0RJU1BBVENI	QU5Z	bmFwaV90aHJvd19lcnJvcihlbnYsIE5VTEwsICJuYXBpX3NldF9uYW1lZF9wcm9wZXJ0eShlbnYsIGV4cG9ydHMsIFwiaXRlcmF0b3JfbmV4dFwiLCBpdGVyYXRvcl9uZXh0X2ZuKSBmYWlsZWQhIik=	YmluZGluZ3MuY3Bw	1761	107374182596	PHVucmVzb2x2ZWROYW1lc3BhY2U+Lm5hcGlfdGhyb3dfZXJyb3I6PHVucmVzb2x2ZWRTaWduYXR1cmU+KDMp
30064773144	107374182544	bmFwaV9jcmVhdGVfZnVuY3Rpb24=	PHVucmVzb2x2ZWROYW1lc3BhY2U+Lm5hcGlfY3JlYXRlX2Z1bmN0aW9uOjx1bnJlc29sdmVkU2lnbmF0dXJlPig2KQ==	U1RBVElDX0RJU1BBVENI	QU5Z	bmFwaV9jcmVhdGVfZnVuY3Rpb24oZW52LCBOVUxMLCAwLCBiYXRjaF9kbywgTlVMTCwgJmJhdGNoX2RvX2ZuKQ==	YmluZGluZ3MuY3Bw	1763	107374182670	PHVucmVzb2x2ZWROYW1lc3BhY2U+Lm5hcGlfY3JlYXRlX2Z1bmN0aW9uOjx1bnJlc29sdmVkU2lnbmF0dXJlPig2KQ==
30064773146	107374182544	bmFwaV90aHJvd19lcnJvcg==	PHVucmVzb2x2ZWROYW1lc3BhY2U+Lm5hcGlfdGhyb3dfZXJyb3I6PHVucmVzb2x2ZWRTaWduYXR1cmU+KDMp	U1RBVElDX0RJU1BBVENI	QU5Z	bmFwaV90aHJvd19lcnJvcihlbnYsIE5VTEwsICJuYXBpX2NyZWF0ZV9mdW5jdGlvbihlbnYsIE5VTEwsIDAsIGJhdGNoX2RvLCBOVUxMLCAmYmF0Y2hfZG9fZm4pIGZhaWxlZCEiKQ==	YmluZGluZ3MuY3Bw	1763	107374182596	PHVucmVzb2x2ZWROYW1lc3BhY2U+Lm5hcGlfdGhyb3dfZXJyb3I6PHVucmVzb2x2ZWRTaWduYXR1cmU+KDMp
30064773148	107374182544	bmFwaV9zZXRfbmFtZWRfcHJvcGVydHk=	bmFwaV9zZXRfbmFtZWRfcHJvcGVydHk=	U1RBVElDX0RJU1BBVENI	QU5Z	bmFwaV9zZXRfbmFtZWRfcHJvcGVydHkoZW52LCBleHBvcnRzLCAiYmF0Y2hfZG8iLCBiYXRjaF9kb19mbik=	YmluZGluZ3MuY3Bw	1763	107374182740	bmFwaV9zZXRfbmFtZWRfcHJvcGVydHk=
30064773149	107374182544	bmFwaV90aHJvd19lcnJvcg==	PHVucmVzb2x2ZWROYW1lc3BhY2U+Lm5hcGlfdGhyb3dfZXJyb3I6PHVucmVzb2x2ZWRTaWduYXR1cmU+KDMp	U1RBVElDX0RJU1BBVENI	QU5Z	bmFwaV90aHJvd19lcnJvcihlbnYsIE5VTEwsICJuYXBpX3NldF9uYW1lZF9wcm9wZXJ0eShlbnYsIGV4cG9ydHMsIFwiYmF0Y2hfZG9cIiwgYmF0Y2hfZG9fZm4pIGZhaWxlZCEiKQ==	YmluZGluZ3MuY3Bw	1763	107374182596	PHVucmVzb2x2ZWROYW1lc3BhY2U+Lm5hcGlfdGhyb3dfZXJyb3I6PHVucmVzb2x2ZWRTaWduYXR1cmU+KDMp
30064773152	107374182544	bmFwaV9jcmVhdGVfZnVuY3Rpb24=	PHVucmVzb2x2ZWROYW1lc3BhY2U+Lm5hcGlfY3JlYXRlX2Z1bmN0aW9uOjx1bnJlc29sdmVkU2lnbmF0dXJlPig2KQ==	U1RBVElDX0RJU1BBVENI	QU5Z	bmFwaV9jcmVhdGVfZnVuY3Rpb24oZW52LCBOVUxMLCAwLCBiYXRjaF9pbml0LCBOVUxMLCAmYmF0Y2hfaW5pdF9mbik=	YmluZGluZ3MuY3Bw	1764	107374182670	PHVucmVzb2x2ZWROYW1lc3BhY2U+Lm5hcGlfY3JlYXRlX2Z1bmN0aW9uOjx1bnJlc29sdmVkU2lnbmF0dXJlPig2KQ==
30064773154	107374182544	bmFwaV90aHJvd19lcnJvcg==	PHVucmVzb2x2ZWROYW1lc3BhY2U+Lm5hcGlfdGhyb3dfZXJyb3I6PHVucmVzb2x2ZWRTaWduYXR1cmU+KDMp	U1RBVElDX0RJU1BBVENI	QU5Z	bmFwaV90aHJvd19lcnJvcihlbnYsIE5VTEwsICJuYXBpX2NyZWF0ZV9mdW5jdGlvbihlbnYsIE5VTEwsIDAsIGJhdGNoX2luaXQsIE5VTEwsICZiYXRjaF9pbml0X2ZuKSBmYWlsZWQhIik=	YmluZGluZ3MuY3Bw	1764	107374182596	PHVucmVzb2x2ZWROYW1lc3BhY2U+Lm5hcGlfdGhyb3dfZXJyb3I6PHVucmVzb2x2ZWRTaWduYXR1cmU+KDMp
30064773156	107374182544	bmFwaV9zZXRfbmFtZWRfcHJvcGVydHk=	bmFwaV9zZXRfbmFtZWRfcHJvcGVydHk=	U1RBVElDX0RJU1BBVENI	QU5Z	bmFwaV9zZXRfbmFtZWRfcHJvcGVydHkoZW52LCBleHBvcnRzLCAiYmF0Y2hfaW5pdCIsIGJhdGNoX2luaXRfZm4p	YmluZGluZ3MuY3Bw	1764	107374182740	bmFwaV9zZXRfbmFtZWRfcHJvcGVydHk=
30064773157	107374182544	bmFwaV90aHJvd19lcnJvcg==	PHVucmVzb2x2ZWROYW1lc3BhY2U+Lm5hcGlfdGhyb3dfZXJyb3I6PHVucmVzb2x2ZWRTaWduYXR1cmU+KDMp	U1RBVElDX0RJU1BBVENI	QU5Z	bmFwaV90aHJvd19lcnJvcihlbnYsIE5VTEwsICJuYXBpX3NldF9uYW1lZF9wcm9wZXJ0eShlbnYsIGV4cG9ydHMsIFwiYmF0Y2hfaW5pdFwiLCBiYXRjaF9pbml0X2ZuKSBmYWlsZWQhIik=	YmluZGluZ3MuY3Bw	1764	107374182596	PHVucmVzb2x2ZWROYW1lc3BhY2U+Lm5hcGlfdGhyb3dfZXJyb3I6PHVucmVzb2x2ZWRTaWduYXR1cmU+KDMp
30064773160	107374182544	bmFwaV9jcmVhdGVfZnVuY3Rpb24=	PHVucmVzb2x2ZWROYW1lc3BhY2U+Lm5hcGlfY3JlYXRlX2Z1bmN0aW9uOjx1bnJlc29sdmVkU2lnbmF0dXJlPig2KQ==	U1RBVElDX0RJU1BBVENI	QU5Z	bmFwaV9jcmVhdGVfZnVuY3Rpb24oZW52LCBOVUxMLCAwLCBiYXRjaF9wdXQsIE5VTEwsICZiYXRjaF9wdXRfZm4p	YmluZGluZ3MuY3Bw	1765	107374182670	PHVucmVzb2x2ZWROYW1lc3BhY2U+Lm5hcGlfY3JlYXRlX2Z1bmN0aW9uOjx1bnJlc29sdmVkU2lnbmF0dXJlPig2KQ==
30064773162	107374182544	bmFwaV90aHJvd19lcnJvcg==	PHVucmVzb2x2ZWROYW1lc3BhY2U+Lm5hcGlfdGhyb3dfZXJyb3I6PHVucmVzb2x2ZWRTaWduYXR1cmU+KDMp	U1RBVElDX0RJU1BBVENI	QU5Z	bmFwaV90aHJvd19lcnJvcihlbnYsIE5VTEwsICJuYXBpX2NyZWF0ZV9mdW5jdGlvbihlbnYsIE5VTEwsIDAsIGJhdGNoX3B1dCwgTlVMTCwgJmJhdGNoX3B1dF9mbikgZmFpbGVkISIp	YmluZGluZ3MuY3Bw	1765	107374182596	PHVucmVzb2x2ZWROYW1lc3BhY2U+Lm5hcGlfdGhyb3dfZXJyb3I6PHVucmVzb2x2ZWRTaWduYXR1cmU+KDMp
30064773164	107374182544	bmFwaV9zZXRfbmFtZWRfcHJvcGVydHk=	bmFwaV9zZXRfbmFtZWRfcHJvcGVydHk=	U1RBVElDX0RJU1BBVENI	QU5Z	bmFwaV9zZXRfbmFtZWRfcHJvcGVydHkoZW52LCBleHBvcnRzLCAiYmF0Y2hfcHV0IiwgYmF0Y2hfcHV0X2ZuKQ==	YmluZGluZ3MuY3Bw	1765	107374182740	bmFwaV9zZXRfbmFtZWRfcHJvcGVydHk=
30064773165	107374182544	bmFwaV90aHJvd19lcnJvcg==	PHVucmVzb2x2ZWROYW1lc3BhY2U+Lm5hcGlfdGhyb3dfZXJyb3I6PHVucmVzb2x2ZWRTaWduYXR1cmU+KDMp	U1RBVElDX0RJU1BBVENI	QU5Z	bmFwaV90aHJvd19lcnJvcihlbnYsIE5VTEwsICJuYXBpX3NldF9uYW1lZF9wcm9wZXJ0eShlbnYsIGV4cG9ydHMsIFwiYmF0Y2hfcHV0XCIsIGJhdGNoX3B1dF9mbikgZmFpbGVkISIp	YmluZGluZ3MuY3Bw	1765	107374182596	PHVucmVzb2x2ZWROYW1lc3BhY2U+Lm5hcGlfdGhyb3dfZXJyb3I6PHVucmVzb2x2ZWRTaWduYXR1cmU+KDMp
30064773168	107374182544	bmFwaV9jcmVhdGVfZnVuY3Rpb24=	PHVucmVzb2x2ZWROYW1lc3BhY2U+Lm5hcGlfY3JlYXRlX2Z1bmN0aW9uOjx1bnJlc29sdmVkU2lnbmF0dXJlPig2KQ==	U1RBVElDX0RJU1BBVENI	QU5Z	bmFwaV9jcmVhdGVfZnVuY3Rpb24oZW52LCBOVUxMLCAwLCBiYXRjaF9kZWwsIE5VTEwsICZiYXRjaF9kZWxfZm4p	YmluZGluZ3MuY3Bw	1766	107374182670	PHVucmVzb2x2ZWROYW1lc3BhY2U+Lm5hcGlfY3JlYXRlX2Z1bmN0aW9uOjx1bnJlc29sdmVkU2lnbmF0dXJlPig2KQ==
30064773170	107374182544	bmFwaV90aHJvd19lcnJvcg==	PHVucmVzb2x2ZWROYW1lc3BhY2U+Lm5hcGlfdGhyb3dfZXJyb3I6PHVucmVzb2x2ZWRTaWduYXR1cmU+KDMp	U1RBVElDX0RJU1BBVENI	QU5Z	bmFwaV90aHJvd19lcnJvcihlbnYsIE5VTEwsICJuYXBpX2NyZWF0ZV9mdW5jdGlvbihlbnYsIE5VTEwsIDAsIGJhdGNoX2RlbCwgTlVMTCwgJmJhdGNoX2RlbF9mbikgZmFpbGVkISIp	YmluZGluZ3MuY3Bw	1766	107374182596	PHVucmVzb2x2ZWROYW1lc3BhY2U+Lm5hcGlfdGhyb3dfZXJyb3I6PHVucmVzb2x2ZWRTaWduYXR1cmU+KDMp
30064773172	107374182544	bmFwaV9zZXRfbmFtZWRfcHJvcGVydHk=	bmFwaV9zZXRfbmFtZWRfcHJvcGVydHk=	U1RBVElDX0RJU1BBVENI	QU5Z	bmFwaV9zZXRfbmFtZWRfcHJvcGVydHkoZW52LCBleHBvcnRzLCAiYmF0Y2hfZGVsIiwgYmF0Y2hfZGVsX2ZuKQ==	YmluZGluZ3MuY3Bw	1766	107374182740	bmFwaV9zZXRfbmFtZWRfcHJvcGVydHk=
30064773173	107374182544	bmFwaV90aHJvd19lcnJvcg==	PHVucmVzb2x2ZWROYW1lc3BhY2U+Lm5hcGlfdGhyb3dfZXJyb3I6PHVucmVzb2x2ZWRTaWduYXR1cmU+KDMp	U1RBVElDX0RJU1BBVENI	QU5Z	bmFwaV90aHJvd19lcnJvcihlbnYsIE5VTEwsICJuYXBpX3NldF9uYW1lZF9wcm9wZXJ0eShlbnYsIGV4cG9ydHMsIFwiYmF0Y2hfZGVsXCIsIGJhdGNoX2RlbF9mbikgZmFpbGVkISIp	YmluZGluZ3MuY3Bw	1766	107374182596	PHVucmVzb2x2ZWROYW1lc3BhY2U+Lm5hcGlfdGhyb3dfZXJyb3I6PHVucmVzb2x2ZWRTaWduYXR1cmU+KDMp
30064773176	107374182544	bmFwaV9jcmVhdGVfZnVuY3Rpb24=	PHVucmVzb2x2ZWROYW1lc3BhY2U+Lm5hcGlfY3JlYXRlX2Z1bmN0aW9uOjx1bnJlc29sdmVkU2lnbmF0dXJlPig2KQ==	U1RBVElDX0RJU1BBVENI	QU5Z	bmFwaV9jcmVhdGVfZnVuY3Rpb24oZW52LCBOVUxMLCAwLCBiYXRjaF9jbGVhciwgTlVMTCwgJmJhdGNoX2NsZWFyX2ZuKQ==	YmluZGluZ3MuY3Bw	1767	107374182670	PHVucmVzb2x2ZWROYW1lc3BhY2U+Lm5hcGlfY3JlYXRlX2Z1bmN0aW9uOjx1bnJlc29sdmVkU2lnbmF0dXJlPig2KQ==
30064773178	107374182544	bmFwaV90aHJvd19lcnJvcg==	PHVucmVzb2x2ZWROYW1lc3BhY2U+Lm5hcGlfdGhyb3dfZXJyb3I6PHVucmVzb2x2ZWRTaWduYXR1cmU+KDMp	U1RBVElDX0RJU1BBVENI	QU5Z	bmFwaV90aHJvd19lcnJvcihlbnYsIE5VTEwsICJuYXBpX2NyZWF0ZV9mdW5jdGlvbihlbnYsIE5VTEwsIDAsIGJhdGNoX2NsZWFyLCBOVUxMLCAmYmF0Y2hfY2xlYXJfZm4pIGZhaWxlZCEiKQ==	YmluZGluZ3MuY3Bw	1767	107374182596	PHVucmVzb2x2ZWROYW1lc3BhY2U+Lm5hcGlfdGhyb3dfZXJyb3I6PHVucmVzb2x2ZWRTaWduYXR1cmU+KDMp
30064773180	107374182544	bmFwaV9zZXRfbmFtZWRfcHJvcGVydHk=	bmFwaV9zZXRfbmFtZWRfcHJvcGVydHk=	U1RBVElDX0RJU1BBVENI	QU5Z	bmFwaV9zZXRfbmFtZWRfcHJvcGVydHkoZW52LCBleHBvcnRzLCAiYmF0Y2hfY2xlYXIiLCBiYXRjaF9jbGVhcl9mbik=	YmluZGluZ3MuY3Bw	1767	107374182740	bmFwaV9zZXRfbmFtZWRfcHJvcGVydHk=
30064773181	107374182544	bmFwaV90aHJvd19lcnJvcg==	PHVucmVzb2x2ZWROYW1lc3BhY2U+Lm5hcGlfdGhyb3dfZXJyb3I6PHVucmVzb2x2ZWRTaWduYXR1cmU+KDMp	U1RBVElDX0RJU1BBVENI	QU5Z	bmFwaV90aHJvd19lcnJvcihlbnYsIE5VTEwsICJuYXBpX3NldF9uYW1lZF9wcm9wZXJ0eShlbnYsIGV4cG9ydHMsIFwiYmF0Y2hfY2xlYXJcIiwgYmF0Y2hfY2xlYXJfZm4pIGZhaWxlZCEiKQ==	YmluZGluZ3MuY3Bw	1767	107374182596	PHVucmVzb2x2ZWROYW1lc3BhY2U+Lm5hcGlfdGhyb3dfZXJyb3I6PHVucmVzb2x2ZWRTaWduYXR1cmU+KDMp
30064773184	107374182544	bmFwaV9jcmVhdGVfZnVuY3Rpb24=	PHVucmVzb2x2ZWROYW1lc3BhY2U+Lm5hcGlfY3JlYXRlX2Z1bmN0aW9uOjx1bnJlc29sdmVkU2lnbmF0dXJlPig2KQ==	U1RBVElDX0RJU1BBVENI	QU5Z	bmFwaV9jcmVhdGVfZnVuY3Rpb24oZW52LCBOVUxMLCAwLCBiYXRjaF93cml0ZSwgTlVMTCwgJmJhdGNoX3dyaXRlX2ZuKQ==	YmluZGluZ3MuY3Bw	1768	107374182670	PHVucmVzb2x2ZWROYW1lc3BhY2U+Lm5hcGlfY3JlYXRlX2Z1bmN0aW9uOjx1bnJlc29sdmVkU2lnbmF0dXJlPig2KQ==
30064773186	107374182544	bmFwaV90aHJvd19lcnJvcg==	PHVucmVzb2x2ZWROYW1lc3BhY2U+Lm5hcGlfdGhyb3dfZXJyb3I6PHVucmVzb2x2ZWRTaWduYXR1cmU+KDMp	U1RBVElDX0RJU1BBVENI	QU5Z	bmFwaV90aHJvd19lcnJvcihlbnYsIE5VTEwsICJuYXBpX2NyZWF0ZV9mdW5jdGlvbihlbnYsIE5VTEwsIDAsIGJhdGNoX3dyaXRlLCBOVUxMLCAmYmF0Y2hfd3JpdGVfZm4pIGZhaWxlZCEiKQ==	YmluZGluZ3MuY3Bw	1768	107374182596	PHVucmVzb2x2ZWROYW1lc3BhY2U+Lm5hcGlfdGhyb3dfZXJyb3I6PHVucmVzb2x2ZWRTaWduYXR1cmU+KDMp
30064773188	107374182544	bmFwaV9zZXRfbmFtZWRfcHJvcGVydHk=	bmFwaV9zZXRfbmFtZWRfcHJvcGVydHk=	U1RBVElDX0RJU1BBVENI	QU5Z	bmFwaV9zZXRfbmFtZWRfcHJvcGVydHkoZW52LCBleHBvcnRzLCAiYmF0Y2hfd3JpdGUiLCBiYXRjaF93cml0ZV9mbik=	YmluZGluZ3MuY3Bw	1768	107374182740	bmFwaV9zZXRfbmFtZWRfcHJvcGVydHk=
30064773189	107374182544	bmFwaV90aHJvd19lcnJvcg==	PHVucmVzb2x2ZWROYW1lc3BhY2U+Lm5hcGlfdGhyb3dfZXJyb3I6PHVucmVzb2x2ZWRTaWduYXR1cmU+KDMp	U1RBVElDX0RJU1BBVENI	QU5Z	bmFwaV90aHJvd19lcnJvcihlbnYsIE5VTEwsICJuYXBpX3NldF9uYW1lZF9wcm9wZXJ0eShlbnYsIGV4cG9ydHMsIFwiYmF0Y2hfd3JpdGVcIiwgYmF0Y2hfd3JpdGVfZm4pIGZhaWxlZCEiKQ==	YmluZGluZ3MuY3Bw	1768	107374182596	PHVucmVzb2x2ZWROYW1lc3BhY2U+Lm5hcGlfdGhyb3dfZXJyb3I6PHVucmVzb2x2ZWRTaWduYXR1cmU+KDMp
30064773025	107374182544	PG9wZXJhdG9yPi5hZGRyZXNzT2Y=	PG9wZXJhdG9yPi5hZGRyZXNzT2Y=	U1RBVElDX0RJU1BBVENI	QU5Z	JmRiX2luaXRfZm4=	YmluZGluZ3MuY3Bw	1745	107374182558	PG9wZXJhdG9yPi5hZGRyZXNzT2Y=
30064773033	107374182544	PG9wZXJhdG9yPi5hZGRyZXNzT2Y=	PG9wZXJhdG9yPi5hZGRyZXNzT2Y=	U1RBVElDX0RJU1BBVENI	QU5Z	JmRiX29wZW5fZm4=	YmluZGluZ3MuY3Bw	1746	107374182558	PG9wZXJhdG9yPi5hZGRyZXNzT2Y=
30064773041	107374182544	PG9wZXJhdG9yPi5hZGRyZXNzT2Y=	PG9wZXJhdG9yPi5hZGRyZXNzT2Y=	U1RBVElDX0RJU1BBVENI	QU5Z	JmRiX2Nsb3NlX2Zu	YmluZGluZ3MuY3Bw	1747	107374182558	PG9wZXJhdG9yPi5hZGRyZXNzT2Y=
30064773049	107374182544	PG9wZXJhdG9yPi5hZGRyZXNzT2Y=	PG9wZXJhdG9yPi5hZGRyZXNzT2Y=	U1RBVElDX0RJU1BBVENI	QU5Z	JmRiX3B1dF9mbg==	YmluZGluZ3MuY3Bw	1748	107374182558	PG9wZXJhdG9yPi5hZGRyZXNzT2Y=
30064773057	107374182544	PG9wZXJhdG9yPi5hZGRyZXNzT2Y=	PG9wZXJhdG9yPi5hZGRyZXNzT2Y=	U1RBVElDX0RJU1BBVENI	QU5Z	JmRiX2dldF9mbg==	YmluZGluZ3MuY3Bw	1749	107374182558	PG9wZXJhdG9yPi5hZGRyZXNzT2Y=
30064773065	107374182544	PG9wZXJhdG9yPi5hZGRyZXNzT2Y=	PG9wZXJhdG9yPi5hZGRyZXNzT2Y=	U1RBVElDX0RJU1BBVENI	QU5Z	JmRiX2RlbF9mbg==	YmluZGluZ3MuY3Bw	1750	107374182558	PG9wZXJhdG9yPi5hZGRyZXNzT2Y=
30064773073	107374182544	PG9wZXJhdG9yPi5hZGRyZXNzT2Y=	PG9wZXJhdG9yPi5hZGRyZXNzT2Y=	U1RBVElDX0RJU1BBVENI	QU5Z	JmRiX2FwcHJveGltYXRlX3NpemVfZm4=	YmluZGluZ3MuY3Bw	1751	107374182558	PG9wZXJhdG9yPi5hZGRyZXNzT2Y=
30064773081	107374182544	PG9wZXJhdG9yPi5hZGRyZXNzT2Y=	PG9wZXJhdG9yPi5hZGRyZXNzT2Y=	U1RBVElDX0RJU1BBVENI	QU5Z	JmRiX2NvbXBhY3RfcmFuZ2VfZm4=	YmluZGluZ3MuY3Bw	1752	107374182558	PG9wZXJhdG9yPi5hZGRyZXNzT2Y=
30064773089	107374182544	PG9wZXJhdG9yPi5hZGRyZXNzT2Y=	PG9wZXJhdG9yPi5hZGRyZXNzT2Y=	U1RBVElDX0RJU1BBVENI	QU5Z	JmRiX2dldF9wcm9wZXJ0eV9mbg==	YmluZGluZ3MuY3Bw	1753	107374182558	PG9wZXJhdG9yPi5hZGRyZXNzT2Y=
30064773097	107374182544	PG9wZXJhdG9yPi5hZGRyZXNzT2Y=	PG9wZXJhdG9yPi5hZGRyZXNzT2Y=	U1RBVElDX0RJU1BBVENI	QU5Z	JmRlc3Ryb3lfZGJfZm4=	YmluZGluZ3MuY3Bw	1755	107374182558	PG9wZXJhdG9yPi5hZGRyZXNzT2Y=
30064773105	107374182544	PG9wZXJhdG9yPi5hZGRyZXNzT2Y=	PG9wZXJhdG9yPi5hZGRyZXNzT2Y=	U1RBVElDX0RJU1BBVENI	QU5Z	JnJlcGFpcl9kYl9mbg==	YmluZGluZ3MuY3Bw	1756	107374182558	PG9wZXJhdG9yPi5hZGRyZXNzT2Y=
30064773113	107374182544	PG9wZXJhdG9yPi5hZGRyZXNzT2Y=	PG9wZXJhdG9yPi5hZGRyZXNzT2Y=	U1RBVElDX0RJU1BBVENI	QU5Z	Jml0ZXJhdG9yX2luaXRfZm4=	YmluZGluZ3MuY3Bw	1758	107374182558	PG9wZXJhdG9yPi5hZGRyZXNzT2Y=
30064773121	107374182544	PG9wZXJhdG9yPi5hZGRyZXNzT2Y=	PG9wZXJhdG9yPi5hZGRyZXNzT2Y=	U1RBVElDX0RJU1BBVENI	QU5Z	Jml0ZXJhdG9yX3NlZWtfZm4=	YmluZGluZ3MuY3Bw	1759	107374182558	PG9wZXJhdG9yPi5hZGRyZXNzT2Y=
30064773129	107374182544	PG9wZXJhdG9yPi5hZGRyZXNzT2Y=	PG9wZXJhdG9yPi5hZGRyZXNzT2Y=	U1RBVElDX0RJU1BBVENI	QU5Z	Jml0ZXJhdG9yX2VuZF9mbg==	YmluZGluZ3MuY3Bw	1760	107374182558	PG9wZXJhdG9yPi5hZGRyZXNzT2Y=
30064773137	107374182544	PG9wZXJhdG9yPi5hZGRyZXNzT2Y=	PG9wZXJhdG9yPi5hZGRyZXNzT2Y=	U1RBVElDX0RJU1BBVENI	QU5Z	Jml0ZXJhdG9yX25leHRfZm4=	YmluZGluZ3MuY3Bw	1761	107374182558	PG9wZXJhdG9yPi5hZGRyZXNzT2Y=
30064773145	107374182544	PG9wZXJhdG9yPi5hZGRyZXNzT2Y=	PG9wZXJhdG9yPi5hZGRyZXNzT2Y=	U1RBVElDX0RJU1BBVENI	QU5Z	JmJhdGNoX2RvX2Zu	YmluZGluZ3MuY3Bw	1763	107374182558	PG9wZXJhdG9yPi5hZGRyZXNzT2Y=
30064773153	107374182544	PG9wZXJhdG9yPi5hZGRyZXNzT2Y=	PG9wZXJhdG9yPi5hZGRyZXNzT2Y=	U1RBVElDX0RJU1BBVENI	QU5Z	JmJhdGNoX2luaXRfZm4=	YmluZGluZ3MuY3Bw	1764	107374182558	PG9wZXJhdG9yPi5hZGRyZXNzT2Y=
30064773161	107374182544	PG9wZXJhdG9yPi5hZGRyZXNzT2Y=	PG9wZXJhdG9yPi5hZGRyZXNzT2Y=	U1RBVElDX0RJU1BBVENI	QU5Z	JmJhdGNoX3B1dF9mbg==	YmluZGluZ3MuY3Bw	1765	107374182558	PG9wZXJhdG9yPi5hZGRyZXNzT2Y=
30064773169	107374182544	PG9wZXJhdG9yPi5hZGRyZXNzT2Y=	PG9wZXJhdG9yPi5hZGRyZXNzT2Y=	U1RBVElDX0RJU1BBVENI	QU5Z	JmJhdGNoX2RlbF9mbg==	YmluZGluZ3MuY3Bw	1766	107374182558	PG9wZXJhdG9yPi5hZGRyZXNzT2Y=
30064773177	107374182544	PG9wZXJhdG9yPi5hZGRyZXNzT2Y=	PG9wZXJhdG9yPi5hZGRyZXNzT2Y=	U1RBVElDX0RJU1BBVENI	QU5Z	JmJhdGNoX2NsZWFyX2Zu	YmluZGluZ3MuY3Bw	1767	107374182558	PG9wZXJhdG9yPi5hZGRyZXNzT2Y=
30064773185	107374182544	PG9wZXJhdG9yPi5hZGRyZXNzT2Y=	PG9wZXJhdG9yPi5hZGRyZXNzT2Y=	U1RBVElDX0RJU1BBVENI	QU5Z	JmJhdGNoX3dyaXRlX2Zu	YmluZGluZ3MuY3Bw	1768	107374182558	PG9wZXJhdG9yPi5hZGRyZXNzT2Y=
