68719476736	107374182400	ZW52	ZW52	bmFwaV9lbnY=	78	111669149696
68719476737	107374182400	dmFsdWU=	dmFsdWU=	bmFwaV92YWx1ZQ==	78	111669149697
68719476738	107374182400	dHlwZQ==	dHlwZQ==	bmFwaV92YWx1ZXR5cGU=	78	94489280512
68719476739	107374182400	dHlwZQ==	dHlwZQ==	bmFwaV92YWx1ZXR5cGU=	79	94489280512
68719476740	107374182400	bmFwaV9zdHJpbmc=	bmFwaV9zdHJpbmc=	QU5Z	79	94489280884
68719476736	107374182401	ZW52	ZW52	bmFwaV9lbnY=	78	111669149696
68719476737	107374182401	dmFsdWU=	dmFsdWU=	bmFwaV92YWx1ZQ==	78	111669149697
68719476738	107374182401	dHlwZQ==	dHlwZQ==	bmFwaV92YWx1ZXR5cGU=	78	94489280512
68719476739	107374182401	dHlwZQ==	dHlwZQ==	bmFwaV92YWx1ZXR5cGU=	79	94489280512
68719476740	107374182401	bmFwaV9zdHJpbmc=	bmFwaV9zdHJpbmc=	QU5Z	79	94489280884
68719476741	107374182401	ZW52	ZW52	bmFwaV9lbnY=	87	111669149698
68719476742	107374182401	dmFsdWU=	dmFsdWU=	bmFwaV92YWx1ZQ==	87	111669149699
68719476743	107374182401	aXNCdWZmZXI=	aXNCdWZmZXI=	Ym9vbA==	87	94489280513
68719476744	107374182401	aXNCdWZmZXI=	aXNCdWZmZXI=	Ym9vbA==	88	94489280513
68719476745	107374182401	ZW52	ZW52	bmFwaV9lbnY=	96	111669149700
68719476746	107374182401	dmFsdWU=	dmFsdWU=	bmFwaV92YWx1ZQ==	96	111669149701
68719476747	107374182401	dHlwZQ==	dHlwZQ==	bmFwaV92YWx1ZXR5cGU=	96	94489280514
68719476748	107374182401	dHlwZQ==	dHlwZQ==	bmFwaV92YWx1ZXR5cGU=	97	94489280514
68719476749	107374182401	bmFwaV9vYmplY3Q=	bmFwaV9vYmplY3Q=	QU5Z	97	94489280883
68719476750	107374182401	ZW52	ZW52	bmFwaV9lbnY=	105	111669149702
68719476751	107374182401	c3Ry	c3Ry	Y2hhcio=	105	111669149703
68719476752	107374182401	c3Ry	c3Ry	Y2hhcio=	105	111669149703
68719476753	107374182401	bXNn	bXNn	bmFwaV92YWx1ZQ==	105	94489280515
68719476754	107374182401	ZW52	ZW52	bmFwaV9lbnY=	107	111669149702
68719476755	107374182401	TlVMTA==	PHVua25vd24+IE5VTEw=	QU5Z	107	94489280882
68719476756	107374182401	bXNn	bXNn	bmFwaV92YWx1ZQ==	107	94489280515
68719476757	107374182401	ZXJyb3I=	ZXJyb3I=	bmFwaV92YWx1ZQ==	107	94489280516
68719476758	107374182401	ZXJyb3I=	ZXJyb3I=	bmFwaV92YWx1ZQ==	108	94489280516
68719476759	107374182401	aGFz	aGFz	Ym9vbA==	115	94489280517
68719476760	107374182401	ZW52	ZW52	bmFwaV9lbnY=	116	111669149704
68719476761	107374182401	b2Jq	b2Jq	bmFwaV92YWx1ZQ==	116	111669149705
68719476762	107374182401	a2V5	a2V5	Y2hhcio=	116	111669149706
68719476763	107374182401	aGFz	aGFz	Ym9vbA==	116	94489280517
68719476764	107374182401	aGFz	aGFz	Ym9vbA==	117	94489280517
68719476765	107374182401	ZW52	ZW52	bmFwaV9lbnY=	125	111669149707
68719476766	107374182401	b2Jq	b2Jq	bmFwaV92YWx1ZQ==	125	111669149708
68719476767	107374182401	a2V5	a2V5	Y2hhcio=	125	111669149709
68719476768	107374182401	dmFsdWU=	dmFsdWU=	bmFwaV92YWx1ZQ==	125	94489280518
68719476769	107374182401	dmFsdWU=	dmFsdWU=	bmFwaV92YWx1ZQ==	126	94489280518
68719476770	107374182401	ZW52	ZW52	bmFwaV9lbnY=	135	111669149710
68719476771	107374182401	b2Jq	b2Jq	bmFwaV92YWx1ZQ==	135	111669149711
68719476772	107374182401	a2V5	a2V5	Y2hhcio=	135	111669149712
68719476773	107374182401	dmFsdWU=	dmFsdWU=	bmFwaV92YWx1ZQ==	136	94489280519
68719476774	107374182401	ZW52	ZW52	bmFwaV9lbnY=	136	111669149710
68719476775	107374182401	b2Jq	b2Jq	bmFwaV92YWx1ZQ==	136	111669149711
68719476776	107374182401	a2V5	a2V5	Y2hhcio=	136	111669149712
68719476777	107374182401	ZW52	ZW52	bmFwaV9lbnY=	138	111669149710
68719476778	107374182401	dmFsdWU=	dmFsdWU=	bmFwaV92YWx1ZQ==	138	94489280519
68719476779	107374182401	cmVzdWx0	cmVzdWx0	Ym9vbA==	138	94489280520
68719476780	107374182401	cmVzdWx0	cmVzdWx0	Ym9vbA==	139	94489280520
68719476781	107374182401	REVGQVVMVA==	REVGQVVMVA==	Ym9vbA==	142	111669149713
68719476782	107374182401	ZW52	ZW52	bmFwaV9lbnY=	151	111669149714
68719476783	107374182401	b2Jq	b2Jq	bmFwaV92YWx1ZQ==	151	111669149715
68719476784	107374182401	a2V5	a2V5	Y2hhcio=	151	111669149716
68719476785	107374182401	dmFsdWU=	dmFsdWU=	bmFwaV92YWx1ZQ==	152	94489280521
68719476786	107374182401	ZW52	ZW52	bmFwaV9lbnY=	152	111669149714
68719476787	107374182401	b2Jq	b2Jq	bmFwaV92YWx1ZQ==	152	111669149715
68719476788	107374182401	a2V5	a2V5	Y2hhcio=	152	111669149716
68719476789	107374182401	ZW52	ZW52	bmFwaV9lbnY=	154	111669149714
68719476790	107374182401	dmFsdWU=	dmFsdWU=	bmFwaV92YWx1ZQ==	154	94489280521
68719476791	107374182401	cmVzdWx0	cmVzdWx0	dWludDMyX3Q=	154	94489280522
68719476792	107374182401	cmVzdWx0	cmVzdWx0	dWludDMyX3Q=	155	94489280522
68719476793	107374182401	REVGQVVMVA==	REVGQVVMVA==	dWludDMyX3Q=	158	111669149717
68719476794	107374182401	ZW52	ZW52	bmFwaV9lbnY=	167	111669149718
68719476795	107374182401	b2Jq	b2Jq	bmFwaV92YWx1ZQ==	167	111669149719
68719476796	107374182401	a2V5	a2V5	Y2hhcio=	167	111669149720
68719476797	107374182401	dmFsdWU=	dmFsdWU=	bmFwaV92YWx1ZQ==	168	94489280523
68719476798	107374182401	ZW52	ZW52	bmFwaV9lbnY=	168	111669149718
68719476799	107374182401	b2Jq	b2Jq	bmFwaV92YWx1ZQ==	168	111669149719
68719476800	107374182401	a2V5	a2V5	Y2hhcio=	168	111669149720
68719476801	107374182401	ZW52	ZW52	bmFwaV9lbnY=	170	111669149718
68719476802	107374182401	dmFsdWU=	dmFsdWU=	bmFwaV92YWx1ZQ==	170	94489280523
68719476803	107374182401	cmVzdWx0	cmVzdWx0	aW50	170	94489280524
68719476804	107374182401	cmVzdWx0	cmVzdWx0	aW50	171	94489280524
68719476805	107374182401	REVGQVVMVA==	REVGQVVMVA==	aW50	174	111669149721
68719476806	107374182401	ZW52	ZW52	bmFwaV9lbnY=	182	111669149722
68719476807	107374182401	b2Jq	b2Jq	bmFwaV92YWx1ZQ==	182	111669149723
68719476808	107374182401	a2V5	a2V5	Y2hhcio=	182	111669149724
68719476809	107374182401	dmFsdWU=	dmFsdWU=	bmFwaV92YWx1ZQ==	183	94489280525
68719476810	107374182401	ZW52	ZW52	bmFwaV9lbnY=	183	111669149722
68719476811	107374182401	b2Jq	b2Jq	bmFwaV92YWx1ZQ==	183	111669149723
68719476812	107374182401	a2V5	a2V5	Y2hhcio=	183	111669149724
68719476813	107374182401	ZW52	ZW52	bmFwaV9lbnY=	184	111669149722
68719476814	107374182401	dmFsdWU=	dmFsdWU=	bmFwaV92YWx1ZQ==	184	94489280525
68719476815	107374182401	c2l6ZQ==	c2l6ZQ==	c2l6ZV90	185	94489280526
68719476816	107374182401	ZW52	ZW52	bmFwaV9lbnY=	186	111669149722
68719476817	107374182401	dmFsdWU=	dmFsdWU=	bmFwaV92YWx1ZQ==	186	94489280525
68719476818	107374182401	TlVMTA==	PHVua25vd24+IE5VTEw=	QU5Z	186	94489280881
68719476819	107374182401	c2l6ZQ==	c2l6ZQ==	c2l6ZV90	186	94489280526
68719476820	107374182401	YnVm	YnVm	Y2hhcio=	188	94489280527
68719476821	107374182401	Y2hhcg==	Y2hhcg==	Y2hhcg==	188	94489280880
68719476822	107374182401	c2l6ZQ==	c2l6ZQ==	c2l6ZV90	188	94489280526
68719476823	107374182401	ZW52	ZW52	bmFwaV9lbnY=	189	111669149722
68719476824	107374182401	dmFsdWU=	dmFsdWU=	bmFwaV92YWx1ZQ==	189	94489280525
68719476825	107374182401	YnVm	YnVm	Y2hhcio=	189	94489280527
68719476826	107374182401	c2l6ZQ==	c2l6ZQ==	c2l6ZV90	189	94489280526
68719476827	107374182401	c2l6ZQ==	c2l6ZQ==	c2l6ZV90	189	94489280526
68719476828	107374182401	YnVm	YnVm	Y2hhcio=	190	94489280527
68719476829	107374182401	c2l6ZQ==	c2l6ZQ==	c2l6ZV90	190	94489280526
68719476830	107374182401	cmVzdWx0	cmVzdWx0	c3RkLnN0cmluZw==	192	94489280528
68719476831	107374182401	YnVm	YnVm	Y2hhcio=	192	94489280527
68719476832	107374182401	YnVm	YnVm	Y2hhcio=	193	94489280527
68719476833	107374182401	cmVzdWx0	cmVzdWx0	c3RkLnN0cmluZw==	194	94489280528
68719476834	107374182401	c2xpY2U=	c2xpY2U=	bGV2ZWxkYi5TbGljZQ==	202	111669149725
68719476835	107374182401	c2xpY2U=	c2xpY2U=	bGV2ZWxkYi5TbGljZQ==	202	111669149725
68719476836	107374182401	dG9DaF8=	TERfU1RSSU5HX09SX0JVRkZFUl9UT19DT1BZKGVudiwgZnJvbSwgdG8p	Y2hhcio=	209	94489280529
68719476837	107374182401	dG9Tel8=	TERfU1RSSU5HX09SX0JVRkZFUl9UT19DT1BZKGVudiwgZnJvbSwgdG8p	c2l6ZV90	209	94489280530
68719476838	107374182401	ZW52	ZW52	bmFwaV9lbnY=	209	111669149726
68719476839	107374182401	ZnJvbQ==	ZnJvbQ==	bmFwaV92YWx1ZQ==	209	111669149727
68719476840	107374182401	ZW52	ZW52	bmFwaV9lbnY=	209	111669149726
68719476841	107374182401	ZnJvbQ==	ZnJvbQ==	bmFwaV92YWx1ZQ==	209	111669149727
68719476842	107374182401	TlVMTA==	PHVua25vd24+IE5VTEw=	QU5Z	209	94489280879
68719476843	107374182401	dG9Tel8=	dG9Tel8=	c2l6ZV90	209	94489280530
68719476844	107374182401	dG9DaF8=	dG9DaF8=	Y2hhcio=	209	94489280529
68719476845	107374182401	Y2hhcg==	Y2hhcg==	Y2hhcg==	209	94489280878
68719476846	107374182401	dG9Tel8=	dG9Tel8=	c2l6ZV90	209	94489280530
68719476847	107374182401	ZW52	ZW52	bmFwaV9lbnY=	209	111669149726
68719476848	107374182401	ZnJvbQ==	ZnJvbQ==	bmFwaV92YWx1ZQ==	209	111669149727
68719476849	107374182401	dG9DaF8=	dG9DaF8=	Y2hhcio=	209	94489280529
68719476850	107374182401	dG9Tel8=	dG9Tel8=	c2l6ZV90	209	94489280530
68719476851	107374182401	dG9Tel8=	dG9Tel8=	c2l6ZV90	209	94489280530
68719476852	107374182401	dG9DaF8=	dG9DaF8=	Y2hhcio=	209	94489280529
68719476853	107374182401	dG9Tel8=	dG9Tel8=	c2l6ZV90	209	94489280530
68719476854	107374182401	ZW52	ZW52	bmFwaV9lbnY=	209	111669149726
68719476855	107374182401	ZnJvbQ==	ZnJvbQ==	bmFwaV92YWx1ZQ==	209	111669149727
68719476856	107374182401	YnVm	TERfU1RSSU5HX09SX0JVRkZFUl9UT19DT1BZKGVudiwgZnJvbSwgdG8p	Y2hhcio=	209	94489280531
68719476857	107374182401	ZW52	ZW52	bmFwaV9lbnY=	209	111669149726
68719476858	107374182401	ZnJvbQ==	ZnJvbQ==	bmFwaV92YWx1ZQ==	209	111669149727
68719476859	107374182401	YnVm	YnVm	Y2hhcio=	209	94489280531
68719476860	107374182401	dG9Tel8=	dG9Tel8=	c2l6ZV90	209	94489280530
68719476861	107374182401	dG9DaF8=	dG9DaF8=	Y2hhcio=	209	94489280529
68719476862	107374182401	Y2hhcg==	Y2hhcg==	Y2hhcg==	209	94489280878
68719476863	107374182401	dG9Tel8=	dG9Tel8=	c2l6ZV90	209	94489280530
68719476864	107374182401	dG9DaF8=	dG9DaF8=	Y2hhcio=	209	94489280529
68719476865	107374182401	YnVm	YnVm	Y2hhcio=	209	94489280531
68719476866	107374182401	dG9Tel8=	dG9Tel8=	c2l6ZV90	209	94489280530
68719476867	107374182401	dG9DaF8=	dG9DaF8=	Y2hhcio=	210	94489280529
68719476868	107374182401	dG9Tel8=	dG9Tel8=	c2l6ZV90	210	94489280530
68719476869	107374182401	c2l6ZQ==	c2l6ZQ==	c2l6ZV90	217	94489280532
68719476870	107374182401	ZW52	ZW52	bmFwaV9lbnY=	219	111669149728
68719476871	107374182401	dmFsdWU=	dmFsdWU=	bmFwaV92YWx1ZQ==	219	111669149729
68719476872	107374182401	ZW52	ZW52	bmFwaV9lbnY=	220	111669149728
68719476873	107374182401	dmFsdWU=	dmFsdWU=	bmFwaV92YWx1ZQ==	220	111669149729
68719476874	107374182401	TlVMTA==	PHVua25vd24+IE5VTEw=	QU5Z	220	94489280877
68719476875	107374182401	c2l6ZQ==	c2l6ZQ==	c2l6ZV90	220	94489280532
68719476876	107374182401	ZW52	ZW52	bmFwaV9lbnY=	221	111669149728
68719476877	107374182401	dmFsdWU=	dmFsdWU=	bmFwaV92YWx1ZQ==	221	111669149729
68719476878	107374182401	ZW52	ZW52	bmFwaV9lbnY=	223	111669149728
68719476879	107374182401	dmFsdWU=	dmFsdWU=	bmFwaV92YWx1ZQ==	223	111669149729
68719476880	107374182401	YnVm	YnVm	Y2hhcio=	223	94489280533
68719476881	107374182401	c2l6ZQ==	c2l6ZQ==	c2l6ZV90	223	94489280532
68719476882	107374182401	c2l6ZQ==	c2l6ZQ==	c2l6ZV90	226	94489280532
68719476883	107374182401	ZW52	ZW52	bmFwaV9lbnY=	234	111669149730
68719476884	107374182401	b3B0cw==	b3B0cw==	bmFwaV92YWx1ZQ==	234	111669149731
68719476885	107374182401	bmFtZQ==	bmFtZQ==	Y2hhcio=	234	111669149732
68719476886	107374182401	dmFsdWU=	dmFsdWU=	bmFwaV92YWx1ZQ==	235	94489280534
68719476887	107374182401	ZW52	ZW52	bmFwaV9lbnY=	235	111669149730
68719476888	107374182401	b3B0cw==	b3B0cw==	bmFwaV92YWx1ZQ==	235	111669149731
68719476889	107374182401	bmFtZQ==	bmFtZQ==	Y2hhcio=	235	111669149732
68719476890	107374182401	ZW52	ZW52	bmFwaV9lbnY=	237	111669149730
68719476891	107374182401	dmFsdWU=	dmFsdWU=	bmFwaV92YWx1ZQ==	237	94489280534
68719476892	107374182401	dG9DaF8=	TERfU1RSSU5HX09SX0JVRkZFUl9UT19DT1BZKGVudiwgdmFsdWUsIHRvKQ==	Y2hhcio=	238	94489280535
68719476893	107374182401	dG9Tel8=	TERfU1RSSU5HX09SX0JVRkZFUl9UT19DT1BZKGVudiwgdmFsdWUsIHRvKQ==	c2l6ZV90	238	94489280536
68719476894	107374182401	ZW52	ZW52	bmFwaV9lbnY=	238	111669149730
68719476895	107374182401	dmFsdWU=	dmFsdWU=	bmFwaV92YWx1ZQ==	238	94489280534
68719476896	107374182401	ZW52	ZW52	bmFwaV9lbnY=	238	111669149730
68719476897	107374182401	dmFsdWU=	dmFsdWU=	bmFwaV92YWx1ZQ==	238	94489280534
68719476898	107374182401	TlVMTA==	PHVua25vd24+IE5VTEw=	QU5Z	238	94489280874
68719476899	107374182401	dG9Tel8=	dG9Tel8=	c2l6ZV90	238	94489280536
68719476900	107374182401	dG9DaF8=	dG9DaF8=	Y2hhcio=	238	94489280535
68719476901	107374182401	Y2hhcg==	Y2hhcg==	Y2hhcg==	238	94489280876
68719476902	107374182401	dG9Tel8=	dG9Tel8=	c2l6ZV90	238	94489280536
68719476903	107374182401	ZW52	ZW52	bmFwaV9lbnY=	238	111669149730
68719476904	107374182401	dmFsdWU=	dmFsdWU=	bmFwaV92YWx1ZQ==	238	94489280534
68719476905	107374182401	dG9DaF8=	dG9DaF8=	Y2hhcio=	238	94489280535
68719476906	107374182401	dG9Tel8=	dG9Tel8=	c2l6ZV90	238	94489280536
68719476907	107374182401	dG9Tel8=	dG9Tel8=	c2l6ZV90	238	94489280536
68719476908	107374182401	dG9DaF8=	dG9DaF8=	Y2hhcio=	238	94489280535
68719476909	107374182401	dG9Tel8=	dG9Tel8=	c2l6ZV90	238	94489280536
68719476910	107374182401	ZW52	ZW52	bmFwaV9lbnY=	238	111669149730
68719476911	107374182401	dmFsdWU=	dmFsdWU=	bmFwaV92YWx1ZQ==	238	94489280534
68719476912	107374182401	YnVm	TERfU1RSSU5HX09SX0JVRkZFUl9UT19DT1BZKGVudiwgdmFsdWUsIHRvKQ==	Y2hhcio=	238	94489280537
68719476913	107374182401	ZW52	ZW52	bmFwaV9lbnY=	238	111669149730
68719476914	107374182401	dmFsdWU=	dmFsdWU=	bmFwaV92YWx1ZQ==	238	94489280534
68719476915	107374182401	YnVm	YnVm	Y2hhcio=	238	94489280537
68719476916	107374182401	dG9Tel8=	dG9Tel8=	c2l6ZV90	238	94489280536
68719476917	107374182401	dG9DaF8=	dG9DaF8=	Y2hhcio=	238	94489280535
68719476918	107374182401	Y2hhcg==	Y2hhcg==	Y2hhcg==	238	94489280876
68719476919	107374182401	dG9Tel8=	dG9Tel8=	c2l6ZV90	238	94489280536
68719476920	107374182401	dG9DaF8=	dG9DaF8=	Y2hhcio=	238	94489280535
68719476921	107374182401	YnVm	YnVm	Y2hhcio=	238	94489280537
68719476922	107374182401	dG9Tel8=	dG9Tel8=	c2l6ZV90	238	94489280536
68719476923	107374182401	cmVzdWx0	cmVzdWx0	c3RkLnN0cmluZyo=	239	94489280538
68719476924	107374182401	PHRtcD4w	PHRtcD4w	c3RkLnN0cmluZw==	239	94489280875
68719476925	107374182401	PHRtcD4w	PHRtcD4w	c3RkLnN0cmluZw==	239	94489280875
68719476926	107374182401	dG9DaF8=	dG9DaF8=	Y2hhcio=	239	94489280535
68719476927	107374182401	dG9Tel8=	dG9Tel8=	c2l6ZV90	239	94489280536
68719476928	107374182401	PHRtcD4w	PHRtcD4w	c3RkLnN0cmluZw==	239	94489280875
68719476929	107374182401	dG9DaF8=	dG9DaF8=	Y2hhcio=	240	94489280535
68719476930	107374182401	cmVzdWx0	cmVzdWx0	c3RkLnN0cmluZyo=	241	94489280538
68719476931	107374182401	TlVMTA==	PHVua25vd24+IE5VTEw=	QU5Z	245	94489280874
68719476932	107374182401	ZW52	ZW52	bmFwaV9lbnY=	256	111669149733
68719476933	107374182401	Z2xvYmFs	Z2xvYmFs	bmFwaV92YWx1ZQ==	256	94489280539
68719476934	107374182401	ZW52	ZW52	bmFwaV9lbnY=	257	111669149733
68719476935	107374182401	Z2xvYmFs	Z2xvYmFs	bmFwaV92YWx1ZQ==	257	94489280539
68719476936	107374182401	Y2FsbGJhY2s=	Y2FsbGJhY2s=	bmFwaV92YWx1ZQ==	257	111669149734
68719476937	107374182401	YXJnYw==	YXJnYw==	aW50	257	111669149735
68719476938	107374182401	YXJndg==	YXJndg==	bmFwaV92YWx1ZSo=	257	111669149736
68719476939	107374182401	TlVMTA==	PHVua25vd24+IE5VTEw=	QU5Z	257	94489280873
68719476940	107374182401	dGhpcw==	dGhpcw==	QmFzZVdvcmtlcio=	274	111669149737
68719476941	107374182401	Y2FsbGJhY2s=	Y2FsbGJhY2s=	bmFwaV92YWx1ZQ==	274	111669149740
68719476942	107374182401	dGhpcw==	dGhpcw==	QmFzZVdvcmtlcio=	274	111669149737
68719476943	107374182401	bmFwaV9vaw==	bmFwaV9vaw==	QU5Z	274	94489280871
68719476944	107374182401	ZW52	ZW52	bmFwaV9lbnY=	274	111669149738
68719476945	107374182401	TlVMTA==	PHVua25vd24+IE5VTEw=	QU5Z	274	94489280870
68719476946	107374182401	dGhpcw==	dGhpcw==	QmFzZVdvcmtlcio=	276	111669149737
68719476947	107374182401	cmVzb3VyY2VOYW1l	cmVzb3VyY2VOYW1l	Y2hhcio=	276	111669149741
68719476948	107374182401	U0laRV9NQVg=	PHVua25vd24+IFNJWkVfTUFY	QU5Z	276	94489280872
68719476949	107374182401	YXN5bmNSZXNvdXJjZU5hbWU=	YXN5bmNSZXNvdXJjZU5hbWU=	bmFwaV92YWx1ZQ==	276	94489280540
68719476950	107374182401	bmFwaV9vaw==	bmFwaV9vaw==	QU5Z	276	94489280871
68719476951	107374182401	ZW52	ZW52	bmFwaV9lbnY=	276	111669149738
68719476952	107374182401	TlVMTA==	PHVua25vd24+IE5VTEw=	QU5Z	276	94489280870
68719476953	107374182401	dGhpcw==	dGhpcw==	QmFzZVdvcmtlcio=	279	111669149737
68719476954	107374182401	Y2FsbGJhY2s=	Y2FsbGJhY2s=	bmFwaV92YWx1ZQ==	279	111669149740
68719476955	107374182401	YXN5bmNSZXNvdXJjZU5hbWU=	YXN5bmNSZXNvdXJjZU5hbWU=	bmFwaV92YWx1ZQ==	279	94489280540
68719476956	107374182401	dGhpcw==	dGhpcw==	QmFzZVdvcmtlcio=	279	111669149737
68719476957	107374182401	dGhpcw==	dGhpcw==	QmFzZVdvcmtlcio=	279	111669149737
68719476958	107374182401	bmFwaV9vaw==	bmFwaV9vaw==	QU5Z	279	94489280871
68719476959	107374182401	ZW52	ZW52	bmFwaV9lbnY=	279	111669149738
68719476960	107374182401	TlVMTA==	PHVua25vd24+IE5VTEw=	QU5Z	279	94489280870
68719476961	107374182401	dGhpcw==	dGhpcw==	QmFzZVdvcmtlcio=	273	111669149737
68719476962	107374182401	ZW52	ZW52	bmFwaV9lbnY=	273	111669149738
68719476963	107374182401	dGhpcw==	dGhpcw==	QmFzZVdvcmtlcio=	273	111669149737
68719476964	107374182401	ZGF0YWJhc2U=	ZGF0YWJhc2U=	RGF0YWJhc2Uq	273	111669149739
68719476965	107374182401	dGhpcw==	dGhpcw==	QmFzZVdvcmtlcio=	273	111669149737
68719476966	107374182401	TlVMTA==	PHVua25vd24+IE5VTEw=	QU5Z	273	94489280870
68719476967	107374182401	dGhpcw==	dGhpcw==	QmFzZVdvcmtlcio=	287	111669149742
68719476968	107374182401	dGhpcw==	dGhpcw==	QmFzZVdvcmtlcio=	288	111669149742
68719476969	107374182401	dGhpcw==	dGhpcw==	QmFzZVdvcmtlcio=	288	111669149742
68719476970	107374182401	dGhpcw==	dGhpcw==	QmFzZVdvcmtlcio=	289	111669149742
68719476971	107374182401	dGhpcw==	dGhpcw==	QmFzZVdvcmtlcio=	289	111669149742
68719476972	107374182401	c2VsZg==	c2VsZg==	QmFzZVdvcmtlcio=	293	94489280541
68719476973	107374182401	ZGF0YQ==	ZGF0YQ==	dm9pZCo=	293	111669149744
68719476974	107374182401	c2VsZg==	c2VsZg==	QmFzZVdvcmtlcio=	294	94489280541
68719476975	107374182401	dGhpcw==	dGhpcw==	QmFzZVdvcmtlcio=	298	111669149745
68719476976	107374182401	c3RhdHVz	c3RhdHVz	bGV2ZWxkYi5TdGF0dXM=	298	111669149746
68719476977	107374182401	c3RhdHVz	c3RhdHVz	bGV2ZWxkYi5TdGF0dXM=	299	111669149746
68719476978	107374182401	c3RhdHVz	c3RhdHVz	bGV2ZWxkYi5TdGF0dXM=	300	111669149746
68719476979	107374182401	dGhpcw==	dGhpcw==	QmFzZVdvcmtlcio=	305	111669149747
68719476980	107374182401	c2l6ZQ==	c2l6ZQ==	c2l6ZV90	306	94489280542
68719476981	107374182401	bXNn	bXNn	Y2hhcio=	306	111669149748
68719476982	107374182401	dGhpcw==	dGhpcw==	QmFzZVdvcmtlcio=	307	111669149747
68719476983	107374182401	Y2hhcg==	Y2hhcg==	Y2hhcg==	307	94489280869
68719476984	107374182401	c2l6ZQ==	c2l6ZQ==	c2l6ZV90	307	94489280542
68719476985	107374182401	dGhpcw==	dGhpcw==	QmFzZVdvcmtlcio=	308	111669149747
68719476986	107374182401	bXNn	bXNn	Y2hhcio=	308	111669149748
68719476987	107374182401	c2l6ZQ==	c2l6ZQ==	c2l6ZV90	308	94489280542
68719476988	107374182401	c2VsZg==	c2VsZg==	QmFzZVdvcmtlcio=	315	94489280543
68719476989	107374182401	ZGF0YQ==	ZGF0YQ==	dm9pZCo=	315	111669149752
68719476990	107374182401	c2VsZg==	c2VsZg==	QmFzZVdvcmtlcio=	316	94489280543
68719476991	107374182401	c2VsZg==	c2VsZg==	QmFzZVdvcmtlcio=	317	94489280543
68719476992	107374182401	c2VsZg==	c2VsZg==	QmFzZVdvcmtlcio=	318	94489280543
68719476993	107374182401	dGhpcw==	dGhpcw==	QmFzZVdvcmtlcio=	322	111669149753
68719476994	107374182401	YXJndg==	YXJndg==	bmFwaV92YWx1ZQ==	326	94489280544
68719476995	107374182401	dGhpcw==	dGhpcw==	QmFzZVdvcmtlcio=	326	111669149753
68719476996	107374182401	dGhpcw==	dGhpcw==	QmFzZVdvcmtlcio=	326	111669149753
68719476997	107374182401	dGhpcw==	dGhpcw==	QmFzZVdvcmtlcio=	328	111669149753
68719476998	107374182401	dGhpcw==	dGhpcw==	QmFzZVdvcmtlcio=	328	111669149753
68719476999	107374182401	Y2FsbGJhY2s=	Y2FsbGJhY2s=	bmFwaV92YWx1ZQ==	328	94489280545
68719477000	107374182401	dGhpcw==	dGhpcw==	QmFzZVdvcmtlcio=	329	111669149753
68719477001	107374182401	Y2FsbGJhY2s=	Y2FsbGJhY2s=	bmFwaV92YWx1ZQ==	329	94489280545
68719477002	107374182401	YXJndg==	YXJndg==	bmFwaV92YWx1ZQ==	329	94489280544
68719477003	107374182401	dGhpcw==	dGhpcw==	QmFzZVdvcmtlcio=	334	111669149754
68719477004	107374182401	YXJndg==	YXJndg==	bmFwaV92YWx1ZQ==	334	94489280546
68719477005	107374182401	dGhpcw==	dGhpcw==	QmFzZVdvcmtlcio=	336	111669149754
68719477006	107374182401	dGhpcw==	dGhpcw==	QmFzZVdvcmtlcio=	336	111669149754
68719477007	107374182401	Y2FsbGJhY2s=	Y2FsbGJhY2s=	bmFwaV92YWx1ZQ==	336	94489280547
68719477008	107374182401	dGhpcw==	dGhpcw==	QmFzZVdvcmtlcio=	337	111669149754
68719477009	107374182401	Y2FsbGJhY2s=	Y2FsbGJhY2s=	bmFwaV92YWx1ZQ==	337	94489280547
68719477010	107374182401	YXJndg==	YXJndg==	bmFwaV92YWx1ZQ==	337	94489280546
68719477011	107374182401	dGhpcw==	dGhpcw==	QmFzZVdvcmtlcio=	341	111669149755
68719477012	107374182401	dGhpcw==	dGhpcw==	QmFzZVdvcmtlcio=	341	111669149755
68719477013	107374182401	ZGF0YWJhc2Vf	ZGF0YWJhc2Vf	RGF0YWJhc2Uq	347	94489280868
68719477014	107374182401	PHRtcD4w	PHRtcD4w	QU5Z	347	94489280867
68719477015	107374182401	PHRtcD4w	PHRtcD4w	QU5Z	347	94489280867
68719477016	107374182401	PHRtcD4w	PHRtcD4w	QU5Z	347	94489280867
68719477017	107374182401	dGhpcw==	dGhpcw==	RGF0YWJhc2Uq	359	111669149756
68719477018	107374182401	ZW52	ZW52	bmFwaV9lbnY=	359	111669149757
68719477019	107374182401	dGhpcw==	dGhpcw==	RGF0YWJhc2Uq	360	111669149756
68719477020	107374182401	TlVMTA==	PHVua25vd24+IE5VTEw=	QU5Z	360	94489280866
68719477021	107374182401	dGhpcw==	dGhpcw==	RGF0YWJhc2Uq	361	111669149756
68719477022	107374182401	TlVMTA==	PHVua25vd24+IE5VTEw=	QU5Z	361	94489280866
68719477023	107374182401	dGhpcw==	dGhpcw==	RGF0YWJhc2Uq	362	111669149756
68719477024	107374182401	dGhpcw==	dGhpcw==	RGF0YWJhc2Uq	363	111669149756
68719477025	107374182401	dGhpcw==	dGhpcw==	RGF0YWJhc2Uq	364	111669149756
68719477026	107374182401	TlVMTA==	PHVua25vd24+IE5VTEw=	QU5Z	364	94489280866
68719477027	107374182401	dGhpcw==	dGhpcw==	RGF0YWJhc2Uq	365	111669149756
68719477028	107374182401	dGhpcw==	dGhpcw==	RGF0YWJhc2Uq	368	111669149758
68719477029	107374182401	TlVMTA==	PHVua25vd24+IE5VTEw=	QU5Z	368	94489280865
68719477030	107374182401	dGhpcw==	dGhpcw==	RGF0YWJhc2Uq	369	111669149758
68719477031	107374182401	dGhpcw==	dGhpcw==	RGF0YWJhc2Uq	370	111669149758
68719477032	107374182401	TlVMTA==	PHVua25vd24+IE5VTEw=	QU5Z	370	94489280865
68719477033	107374182401	b3B0aW9ucw==	b3B0aW9ucw==	bGV2ZWxkYi5PcHRpb25zJg==	376	111669149760
68719477034	107374182401	bG9jYXRpb24=	bG9jYXRpb24=	Y2hhcio=	376	111669149761
68719477035	107374182401	dGhpcw==	dGhpcw==	RGF0YWJhc2Uq	376	111669149759
68719477036	107374182401	dGhpcw==	dGhpcw==	RGF0YWJhc2Uq	380	111669149762
68719477037	107374182401	dGhpcw==	dGhpcw==	RGF0YWJhc2Uq	381	111669149762
68719477038	107374182401	TlVMTA==	PHVua25vd24+IE5VTEw=	QU5Z	381	94489280864
68719477039	107374182401	dGhpcw==	dGhpcw==	RGF0YWJhc2Uq	382	111669149762
68719477040	107374182401	dGhpcw==	dGhpcw==	RGF0YWJhc2Uq	383	111669149762
68719477041	107374182401	dGhpcw==	dGhpcw==	RGF0YWJhc2Uq	384	111669149762
68719477042	107374182401	TlVMTA==	PHVua25vd24+IE5VTEw=	QU5Z	384	94489280864
68719477043	107374182401	dGhpcw==	dGhpcw==	RGF0YWJhc2Uq	391	111669149763
68719477044	107374182401	b3B0aW9ucw==	b3B0aW9ucw==	bGV2ZWxkYi5Xcml0ZU9wdGlvbnMm	391	111669149764
68719477045	107374182401	a2V5	a2V5	bGV2ZWxkYi5TbGljZQ==	391	111669149765
68719477046	107374182401	dmFsdWU=	dmFsdWU=	bGV2ZWxkYi5TbGljZQ==	391	111669149766
68719477047	107374182401	dGhpcw==	dGhpcw==	RGF0YWJhc2Uq	397	111669149767
68719477048	107374182401	b3B0aW9ucw==	b3B0aW9ucw==	bGV2ZWxkYi5SZWFkT3B0aW9ucyY=	397	111669149768
68719477049	107374182401	a2V5	a2V5	bGV2ZWxkYi5TbGljZQ==	397	111669149769
68719477050	107374182401	dmFsdWU=	dmFsdWU=	c3RkLnN0cmluZyY=	397	111669149770
68719477051	107374182401	dGhpcw==	dGhpcw==	RGF0YWJhc2Uq	402	111669149771
68719477052	107374182401	b3B0aW9ucw==	b3B0aW9ucw==	bGV2ZWxkYi5Xcml0ZU9wdGlvbnMm	402	111669149772
68719477053	107374182401	a2V5	a2V5	bGV2ZWxkYi5TbGljZQ==	402	111669149773
68719477054	107374182401	dGhpcw==	dGhpcw==	RGF0YWJhc2Uq	407	111669149774
68719477055	107374182401	b3B0aW9ucw==	b3B0aW9ucw==	bGV2ZWxkYi5Xcml0ZU9wdGlvbnMm	407	111669149775
68719477056	107374182401	YmF0Y2g=	YmF0Y2g=	bGV2ZWxkYi5Xcml0ZUJhdGNoKg==	407	111669149776
68719477057	107374182401	c2l6ZQ==	c2l6ZQ==	dWludDY0X3Q=	411	94489280548
68719477058	107374182401	dGhpcw==	dGhpcw==	RGF0YWJhc2Uq	412	111669149777
68719477059	107374182401	cmFuZ2U=	cmFuZ2U=	bGV2ZWxkYi5SYW5nZSo=	412	111669149778
68719477060	107374182401	c2l6ZQ==	c2l6ZQ==	dWludDY0X3Q=	412	94489280548
68719477061	107374182401	c2l6ZQ==	c2l6ZQ==	dWludDY0X3Q=	413	94489280548
68719477062	107374182401	dGhpcw==	dGhpcw==	RGF0YWJhc2Uq	418	111669149779
68719477063	107374182401	c3RhcnQ=	c3RhcnQ=	bGV2ZWxkYi5TbGljZSo=	418	111669149780
68719477064	107374182401	ZW5k	ZW5k	bGV2ZWxkYi5TbGljZSo=	418	111669149781
68719477065	107374182401	dGhpcw==	dGhpcw==	RGF0YWJhc2Uq	422	111669149782
68719477066	107374182401	cHJvcGVydHk=	cHJvcGVydHk=	bGV2ZWxkYi5TbGljZSY=	422	111669149783
68719477067	107374182401	dmFsdWU=	dmFsdWU=	c3RkLnN0cmluZyo=	422	111669149784
68719477068	107374182401	dGhpcw==	dGhpcw==	RGF0YWJhc2Uq	426	111669149785
68719477069	107374182401	dGhpcw==	dGhpcw==	RGF0YWJhc2Uq	430	111669149786
68719477070	107374182401	b3B0aW9ucw==	b3B0aW9ucw==	bGV2ZWxkYi5SZWFkT3B0aW9ucyo=	430	111669149787
68719477071	107374182401	dGhpcw==	dGhpcw==	RGF0YWJhc2Uq	434	111669149788
68719477072	107374182401	c25hcHNob3Q=	c25hcHNob3Q=	bGV2ZWxkYi5TbmFwc2hvdCo=	434	111669149789
68719477073	107374182401	dGhpcw==	dGhpcw==	RGF0YWJhc2Uq	438	111669149790
68719477074	107374182401	aWQ=	aWQ=	dWludDMyX3Q=	438	111669149791
68719477075	107374182401	aXRlcmF0b3I=	aXRlcmF0b3I=	SXRlcmF0b3Iq	438	111669149792
68719477076	107374182401	dGhpcw==	dGhpcw==	RGF0YWJhc2Uq	443	111669149793
68719477077	107374182401	aWQ=	aWQ=	dWludDMyX3Q=	443	111669149794
68719477078	107374182401	dGhpcw==	dGhpcw==	RGF0YWJhc2Uq	448	111669149795
68719477079	107374182401	dGhpcw==	dGhpcw==	RGF0YWJhc2Uq	452	111669149796
68719477080	107374182401	dGhpcw==	dGhpcw==	RGF0YWJhc2Uq	452	111669149796
68719477081	107374182401	TlVMTA==	PHVua25vd24+IE5VTEw=	QU5Z	452	94489280863
68719477082	107374182401	dGhpcw==	dGhpcw==	RGF0YWJhc2Uq	453	111669149796
68719477083	107374182401	dGhpcw==	dGhpcw==	RGF0YWJhc2Uq	454	111669149796
68719477084	107374182401	TlVMTA==	PHVua25vd24+IE5VTEw=	QU5Z	454	94489280863
68719477085	107374182401	dGhpcw==	dGhpcw==	RGF0YWJhc2Uq	459	111669149797
68719477086	107374182401	cGVuZGluZ0Nsb3NlV29ya2VyXw==	cGVuZGluZ0Nsb3NlV29ya2VyXw==	QmFzZVdvcmtlcio=	467	94489280862
68719477087	107374182401	PHRtcD4w	PHRtcD4w	QU5Z	467	94489280861
68719477088	107374182401	PHRtcD4w	PHRtcD4w	QU5Z	467	94489280861
68719477089	107374182401	PHRtcD4w	PHRtcD4w	QU5Z	467	94489280861
68719477090	107374182401	aXRlcmF0b3JzXw==	aXRlcmF0b3JzXw==	QU5Z	468	94489280860
68719477091	107374182401	PHRtcD4x	PHRtcD4x	QU5Z	468	94489280859
68719477092	107374182401	PHRtcD4x	PHRtcD4x	QU5Z	468	94489280859
68719477093	107374182401	PHRtcD4x	PHRtcD4x	QU5Z	468	94489280859
68719477094	107374182401	ZGF0YQ==	ZGF0YQ==	dm9pZCo=	478	111669149799
68719477095	107374182401	ZGF0YQ==	ZGF0YQ==	dm9pZCo=	479	111669149799
68719477096	107374182401	dGhpcw==	dGhpcw==	UHJpb3JpdHlXb3JrZXIq	489	111669149801
68719477097	107374182401	dGhpcw==	dGhpcw==	UHJpb3JpdHlXb3JrZXIq	488	111669149801
68719477098	107374182401	ZW52	ZW52	bmFwaV9lbnY=	488	111669149802
68719477099	107374182401	dGhpcw==	dGhpcw==	UHJpb3JpdHlXb3JrZXIq	495	111669149807
68719477100	107374182401	dGhpcw==	dGhpcw==	SXRlcmF0b3Iq	542	111669149808
68719477101	107374182401	PHRtcD4w	PHRtcD4w	bGV2ZWxkYi5SZWFkT3B0aW9ucw==	542	94489280857
68719477102	107374182401	PHRtcD4w	PHRtcD4w	bGV2ZWxkYi5SZWFkT3B0aW9ucw==	542	94489280857
68719477103	107374182401	PHRtcD4w	PHRtcD4w	bGV2ZWxkYi5SZWFkT3B0aW9ucw==	542	94489280857
68719477104	107374182401	dGhpcw==	dGhpcw==	SXRlcmF0b3Iq	543	111669149808
68719477105	107374182401	ZmlsbENhY2hl	ZmlsbENhY2hl	Ym9vbA==	543	111669149821
68719477106	107374182401	dGhpcw==	dGhpcw==	SXRlcmF0b3Iq	544	111669149808
68719477107	107374182401	ZGF0YWJhc2U=	ZGF0YWJhc2U=	RGF0YWJhc2Uq	544	111669149809
68719477108	107374182401	dGhpcw==	dGhpcw==	SXRlcmF0b3Iq	519	111669149808
68719477109	107374182401	ZGF0YWJhc2U=	ZGF0YWJhc2U=	RGF0YWJhc2Uq	519	111669149809
68719477110	107374182401	dGhpcw==	dGhpcw==	SXRlcmF0b3Iq	520	111669149808
68719477111	107374182401	aWQ=	aWQ=	dWludDMyX3Q=	520	111669149810
68719477112	107374182401	dGhpcw==	dGhpcw==	SXRlcmF0b3Iq	521	111669149808
68719477113	107374182401	c3RhcnQ=	c3RhcnQ=	c3RkLnN0cmluZyo=	521	111669149811
68719477114	107374182401	dGhpcw==	dGhpcw==	SXRlcmF0b3Iq	522	111669149808
68719477115	107374182401	ZW5k	ZW5k	c3RkLnN0cmluZyo=	522	111669149812
68719477116	107374182401	dGhpcw==	dGhpcw==	SXRlcmF0b3Iq	523	111669149808
68719477117	107374182401	cmV2ZXJzZQ==	cmV2ZXJzZQ==	Ym9vbA==	523	111669149813
68719477118	107374182401	dGhpcw==	dGhpcw==	SXRlcmF0b3Iq	524	111669149808
68719477119	107374182401	a2V5cw==	a2V5cw==	Ym9vbA==	524	111669149814
68719477120	107374182401	dGhpcw==	dGhpcw==	SXRlcmF0b3Iq	525	111669149808
68719477121	107374182401	dmFsdWVz	dmFsdWVz	Ym9vbA==	525	111669149815
68719477122	107374182401	dGhpcw==	dGhpcw==	SXRlcmF0b3Iq	526	111669149808
68719477123	107374182401	bGltaXQ=	bGltaXQ=	aW50	526	111669149816
68719477124	107374182401	dGhpcw==	dGhpcw==	SXRlcmF0b3Iq	527	111669149808
68719477125	107374182401	bHQ=	bHQ=	c3RkLnN0cmluZyo=	527	111669149817
68719477126	107374182401	dGhpcw==	dGhpcw==	SXRlcmF0b3Iq	528	111669149808
68719477127	107374182401	bHRl	bHRl	c3RkLnN0cmluZyo=	528	111669149818
68719477128	107374182401	dGhpcw==	dGhpcw==	SXRlcmF0b3Iq	529	111669149808
68719477129	107374182401	Z3Q=	Z3Q=	c3RkLnN0cmluZyo=	529	111669149819
68719477130	107374182401	dGhpcw==	dGhpcw==	SXRlcmF0b3Iq	530	111669149808
68719477131	107374182401	Z3Rl	Z3Rl	c3RkLnN0cmluZyo=	530	111669149820
68719477132	107374182401	dGhpcw==	dGhpcw==	SXRlcmF0b3Iq	531	111669149808
68719477133	107374182401	a2V5QXNCdWZmZXI=	a2V5QXNCdWZmZXI=	Ym9vbA==	531	111669149822
68719477134	107374182401	dGhpcw==	dGhpcw==	SXRlcmF0b3Iq	532	111669149808
68719477135	107374182401	dmFsdWVBc0J1ZmZlcg==	dmFsdWVBc0J1ZmZlcg==	Ym9vbA==	532	111669149823
68719477136	107374182401	dGhpcw==	dGhpcw==	SXRlcmF0b3Iq	533	111669149808
68719477137	107374182401	aGlnaFdhdGVyTWFyaw==	aGlnaFdhdGVyTWFyaw==	dWludDMyX3Q=	533	111669149824
68719477138	107374182401	dGhpcw==	dGhpcw==	SXRlcmF0b3Iq	534	111669149808
68719477139	107374182401	TlVMTA==	PHVua25vd24+IE5VTEw=	QU5Z	534	94489280858
68719477140	107374182401	dGhpcw==	dGhpcw==	SXRlcmF0b3Iq	535	111669149808
68719477141	107374182401	dGhpcw==	dGhpcw==	SXRlcmF0b3Iq	536	111669149808
68719477142	107374182401	dGhpcw==	dGhpcw==	SXRlcmF0b3Iq	537	111669149808
68719477143	107374182401	dGhpcw==	dGhpcw==	SXRlcmF0b3Iq	538	111669149808
68719477144	107374182401	dGhpcw==	dGhpcw==	SXRlcmF0b3Iq	539	111669149808
68719477145	107374182401	dGhpcw==	dGhpcw==	SXRlcmF0b3Iq	540	111669149808
68719477146	107374182401	TlVMTA==	PHVua25vd24+IE5VTEw=	QU5Z	540	94489280858
68719477147	107374182401	dGhpcw==	dGhpcw==	SXRlcmF0b3Iq	541	111669149808
68719477148	107374182401	TlVMTA==	PHVua25vd24+IE5VTEw=	QU5Z	541	94489280858
68719477149	107374182401	dGhpcw==	dGhpcw==	SXRlcmF0b3Iq	548	111669149825
68719477150	107374182401	dGhpcw==	dGhpcw==	SXRlcmF0b3Iq	550	111669149825
68719477151	107374182401	TlVMTA==	PHVua25vd24+IE5VTEw=	QU5Z	550	94489280856
68719477152	107374182401	dGhpcw==	dGhpcw==	SXRlcmF0b3Iq	550	111669149825
68719477153	107374182401	dGhpcw==	dGhpcw==	SXRlcmF0b3Iq	551	111669149825
68719477154	107374182401	TlVMTA==	PHVua25vd24+IE5VTEw=	QU5Z	551	94489280856
68719477155	107374182401	dGhpcw==	dGhpcw==	SXRlcmF0b3Iq	551	111669149825
68719477156	107374182401	dGhpcw==	dGhpcw==	SXRlcmF0b3Iq	552	111669149825
68719477157	107374182401	TlVMTA==	PHVua25vd24+IE5VTEw=	QU5Z	552	94489280856
68719477158	107374182401	dGhpcw==	dGhpcw==	SXRlcmF0b3Iq	552	111669149825
68719477159	107374182401	dGhpcw==	dGhpcw==	SXRlcmF0b3Iq	553	111669149825
68719477160	107374182401	TlVMTA==	PHVua25vd24+IE5VTEw=	QU5Z	553	94489280856
68719477161	107374182401	dGhpcw==	dGhpcw==	SXRlcmF0b3Iq	553	111669149825
68719477162	107374182401	dGhpcw==	dGhpcw==	SXRlcmF0b3Iq	554	111669149825
68719477163	107374182401	TlVMTA==	PHVua25vd24+IE5VTEw=	QU5Z	554	94489280856
68719477164	107374182401	dGhpcw==	dGhpcw==	SXRlcmF0b3Iq	554	111669149825
68719477165	107374182401	dGhpcw==	dGhpcw==	SXRlcmF0b3Iq	555	111669149825
68719477166	107374182401	TlVMTA==	PHVua25vd24+IE5VTEw=	QU5Z	555	94489280856
68719477167	107374182401	dGhpcw==	dGhpcw==	SXRlcmF0b3Iq	555	111669149825
68719477168	107374182401	dGhpcw==	dGhpcw==	SXRlcmF0b3Iq	557	111669149825
68719477169	107374182401	dGhpcw==	dGhpcw==	SXRlcmF0b3Iq	561	111669149826
68719477170	107374182401	cmVm	cmVm	bmFwaV9yZWY=	561	111669149827
68719477171	107374182401	dGhpcw==	dGhpcw==	SXRlcmF0b3Iq	562	111669149826
68719477172	107374182401	dGhpcw==	dGhpcw==	SXRlcmF0b3Iq	562	111669149826
68719477173	107374182401	dGhpcw==	dGhpcw==	SXRlcmF0b3Iq	562	111669149826
68719477174	107374182401	dGhpcw==	dGhpcw==	SXRlcmF0b3Iq	566	111669149828
68719477175	107374182401	dGhpcw==	dGhpcw==	SXRlcmF0b3Iq	566	111669149828
68719477176	107374182401	dGhpcw==	dGhpcw==	SXRlcmF0b3Iq	567	111669149828
68719477177	107374182401	dGhpcw==	dGhpcw==	SXRlcmF0b3Iq	571	111669149829
68719477178	107374182401	dGhpcw==	dGhpcw==	SXRlcmF0b3Iq	575	111669149830
68719477179	107374182401	dGhpcw==	dGhpcw==	SXRlcmF0b3Iq	576	111669149830
68719477180	107374182401	TlVMTA==	PHVua25vd24+IE5VTEw=	QU5Z	576	94489280855
68719477181	107374182401	dGhpcw==	dGhpcw==	SXRlcmF0b3Iq	577	111669149830
68719477182	107374182401	dGhpcw==	dGhpcw==	SXRlcmF0b3Iq	577	111669149830
68719477183	107374182401	dGhpcw==	dGhpcw==	SXRlcmF0b3Iq	581	111669149831
68719477184	107374182401	TlVMTA==	PHVua25vd24+IE5VTEw=	QU5Z	581	94489280854
68719477185	107374182401	dGhpcw==	dGhpcw==	SXRlcmF0b3Iq	583	111669149831
68719477186	107374182401	dGhpcw==	dGhpcw==	SXRlcmF0b3Iq	583	111669149831
68719477187	107374182401	dGhpcw==	dGhpcw==	SXRlcmF0b3Iq	583	111669149831
68719477188	107374182401	dGhpcw==	dGhpcw==	SXRlcmF0b3Iq	585	111669149831
68719477189	107374182401	TlVMTA==	PHVua25vd24+IE5VTEw=	QU5Z	585	94489280854
68719477190	107374182401	dGhpcw==	dGhpcw==	SXRlcmF0b3Iq	586	111669149831
68719477191	107374182401	dGhpcw==	dGhpcw==	SXRlcmF0b3Iq	586	111669149831
68719477192	107374182401	dGhpcw==	dGhpcw==	SXRlcmF0b3Iq	588	111669149831
68719477193	107374182401	dGhpcw==	dGhpcw==	SXRlcmF0b3Iq	589	111669149831
68719477194	107374182401	dGhpcw==	dGhpcw==	SXRlcmF0b3Iq	590	111669149831
68719477195	107374182401	a2V5	a2V5	bGV2ZWxkYi5TbGljZQ==	592	94489280549
68719477196	107374182401	dGhpcw==	dGhpcw==	SXRlcmF0b3Iq	592	111669149831
68719477197	107374182401	dGhpcw==	dGhpcw==	SXRlcmF0b3Iq	594	111669149831
68719477198	107374182401	TlVMTA==	PHVua25vd24+IE5VTEw=	QU5Z	594	94489280854
68719477199	107374182401	a2V5	a2V5	bGV2ZWxkYi5TbGljZQ==	594	94489280549
68719477200	107374182401	dGhpcw==	dGhpcw==	SXRlcmF0b3Iq	594	111669149831
68719477201	107374182401	dGhpcw==	dGhpcw==	SXRlcmF0b3Iq	595	111669149831
68719477202	107374182401	TlVMTA==	PHVua25vd24+IE5VTEw=	QU5Z	595	94489280854
68719477203	107374182401	a2V5	a2V5	bGV2ZWxkYi5TbGljZQ==	595	94489280549
68719477204	107374182401	dGhpcw==	dGhpcw==	SXRlcmF0b3Iq	595	111669149831
68719477205	107374182401	dGhpcw==	dGhpcw==	SXRlcmF0b3Iq	596	111669149831
68719477206	107374182401	TlVMTA==	PHVua25vd24+IE5VTEw=	QU5Z	596	94489280854
68719477207	107374182401	a2V5	a2V5	bGV2ZWxkYi5TbGljZQ==	596	94489280549
68719477208	107374182401	dGhpcw==	dGhpcw==	SXRlcmF0b3Iq	596	111669149831
68719477209	107374182401	dGhpcw==	dGhpcw==	SXRlcmF0b3Iq	597	111669149831
68719477210	107374182401	dGhpcw==	dGhpcw==	SXRlcmF0b3Iq	603	111669149831
68719477211	107374182401	dGhpcw==	dGhpcw==	SXRlcmF0b3Iq	603	111669149831
68719477212	107374182401	TlVMTA==	PHVua25vd24+IE5VTEw=	QU5Z	603	94489280854
68719477213	107374182401	dGhpcw==	dGhpcw==	SXRlcmF0b3Iq	604	111669149831
68719477214	107374182401	dGhpcw==	dGhpcw==	SXRlcmF0b3Iq	604	111669149831
68719477215	107374182401	dGhpcw==	dGhpcw==	SXRlcmF0b3Iq	605	111669149831
68719477216	107374182401	dGhpcw==	dGhpcw==	SXRlcmF0b3Iq	608	111669149831
68719477217	107374182401	dGhpcw==	dGhpcw==	SXRlcmF0b3Iq	608	111669149831
68719477218	107374182401	TlVMTA==	PHVua25vd24+IE5VTEw=	QU5Z	608	94489280854
68719477219	107374182401	dGhpcw==	dGhpcw==	SXRlcmF0b3Iq	609	111669149831
68719477220	107374182401	dGhpcw==	dGhpcw==	SXRlcmF0b3Iq	609	111669149831
68719477221	107374182401	dGhpcw==	dGhpcw==	SXRlcmF0b3Iq	610	111669149831
68719477222	107374182401	dGhpcw==	dGhpcw==	SXRlcmF0b3Iq	612	111669149831
68719477223	107374182401	dGhpcw==	dGhpcw==	SXRlcmF0b3Iq	613	111669149831
68719477224	107374182401	dGhpcw==	dGhpcw==	SXRlcmF0b3Iq	615	111669149831
68719477225	107374182401	dGhpcw==	dGhpcw==	SXRlcmF0b3Iq	622	111669149832
68719477226	107374182401	dGhpcw==	dGhpcw==	SXRlcmF0b3Iq	623	111669149832
68719477227	107374182401	dGhpcw==	dGhpcw==	SXRlcmF0b3Iq	624	111669149832
68719477228	107374182401	dGhpcw==	dGhpcw==	SXRlcmF0b3Iq	627	111669149832
68719477229	107374182401	dGhpcw==	dGhpcw==	SXRlcmF0b3Iq	631	111669149832
68719477230	107374182401	dGhpcw==	dGhpcw==	SXRlcmF0b3Iq	633	111669149832
68719477231	107374182401	a2V5U3Ry	a2V5U3Ry	c3RkLnN0cmluZw==	634	94489280550
68719477232	107374182401	dGhpcw==	dGhpcw==	SXRlcmF0b3Iq	634	111669149832
68719477233	107374182401	aXNFbmQ=	aXNFbmQ=	aW50	635	94489280551
68719477234	107374182401	dGhpcw==	dGhpcw==	SXRlcmF0b3Iq	635	111669149832
68719477235	107374182401	TlVMTA==	PHVua25vd24+IE5VTEw=	QU5Z	635	94489280853
68719477236	107374182401	dGhpcw==	dGhpcw==	SXRlcmF0b3Iq	635	111669149832
68719477237	107374182401	a2V5U3Ry	a2V5U3Ry	c3RkLnN0cmluZw==	635	94489280550
68719477238	107374182401	dGhpcw==	dGhpcw==	SXRlcmF0b3Iq	637	111669149832
68719477239	107374182401	dGhpcw==	dGhpcw==	SXRlcmF0b3Iq	637	111669149832
68719477240	107374182401	dGhpcw==	dGhpcw==	SXRlcmF0b3Iq	637	111669149832
68719477241	107374182401	dGhpcw==	dGhpcw==	SXRlcmF0b3Iq	638	111669149832
68719477242	107374182401	TlVMTA==	PHVua25vd24+IE5VTEw=	QU5Z	638	94489280853
68719477243	107374182401	dGhpcw==	dGhpcw==	SXRlcmF0b3Iq	639	111669149832
68719477244	107374182401	aXNFbmQ=	aXNFbmQ=	aW50	639	94489280551
68719477245	107374182401	dGhpcw==	dGhpcw==	SXRlcmF0b3Iq	640	111669149832
68719477246	107374182401	aXNFbmQ=	aXNFbmQ=	aW50	640	94489280551
68719477247	107374182401	dGhpcw==	dGhpcw==	SXRlcmF0b3Iq	641	111669149832
68719477248	107374182401	TlVMTA==	PHVua25vd24+IE5VTEw=	QU5Z	641	94489280853
68719477249	107374182401	dGhpcw==	dGhpcw==	SXRlcmF0b3Iq	641	111669149832
68719477250	107374182401	a2V5U3Ry	a2V5U3Ry	c3RkLnN0cmluZw==	641	94489280550
68719477251	107374182401	dGhpcw==	dGhpcw==	SXRlcmF0b3Iq	642	111669149832
68719477252	107374182401	TlVMTA==	PHVua25vd24+IE5VTEw=	QU5Z	642	94489280853
68719477253	107374182401	dGhpcw==	dGhpcw==	SXRlcmF0b3Iq	642	111669149832
68719477254	107374182401	a2V5U3Ry	a2V5U3Ry	c3RkLnN0cmluZw==	642	94489280550
68719477255	107374182401	dGhpcw==	dGhpcw==	SXRlcmF0b3Iq	644	111669149832
68719477256	107374182401	TlVMTA==	PHVua25vd24+IE5VTEw=	QU5Z	644	94489280853
68719477257	107374182401	dGhpcw==	dGhpcw==	SXRlcmF0b3Iq	644	111669149832
68719477258	107374182401	a2V5U3Ry	a2V5U3Ry	c3RkLnN0cmluZw==	644	94489280550
68719477259	107374182401	dGhpcw==	dGhpcw==	SXRlcmF0b3Iq	645	111669149832
68719477260	107374182401	TlVMTA==	PHVua25vd24+IE5VTEw=	QU5Z	645	94489280853
68719477261	107374182401	dGhpcw==	dGhpcw==	SXRlcmF0b3Iq	645	111669149832
68719477262	107374182401	a2V5U3Ry	a2V5U3Ry	c3RkLnN0cmluZw==	645	94489280550
68719477263	107374182401	dGhpcw==	dGhpcw==	SXRlcmF0b3Iq	648	111669149832
68719477264	107374182401	a2V5	a2V5	c3RkLnN0cmluZyY=	649	111669149833
68719477265	107374182401	dGhpcw==	dGhpcw==	SXRlcmF0b3Iq	649	111669149832
68719477266	107374182401	dGhpcw==	dGhpcw==	SXRlcmF0b3Iq	649	111669149832
68719477267	107374182401	dGhpcw==	dGhpcw==	SXRlcmF0b3Iq	651	111669149832
68719477268	107374182401	dmFsdWU=	dmFsdWU=	c3RkLnN0cmluZyY=	652	111669149834
68719477269	107374182401	dGhpcw==	dGhpcw==	SXRlcmF0b3Iq	652	111669149832
68719477270	107374182401	dGhpcw==	dGhpcw==	SXRlcmF0b3Iq	652	111669149832
68719477271	107374182401	dGhpcw==	dGhpcw==	SXRlcmF0b3Iq	662	111669149835
68719477272	107374182401	TlVMTA==	PHVua25vd24+IE5VTEw=	QU5Z	662	94489280852
68719477273	107374182401	dGFyZ2V0	dGFyZ2V0	bGV2ZWxkYi5TbGljZSY=	662	111669149836
68719477274	107374182401	dGhpcw==	dGhpcw==	SXRlcmF0b3Iq	662	111669149835
68719477275	107374182401	dGhpcw==	dGhpcw==	SXRlcmF0b3Iq	663	111669149835
68719477276	107374182401	TlVMTA==	PHVua25vd24+IE5VTEw=	QU5Z	663	94489280852
68719477277	107374182401	dGFyZ2V0	dGFyZ2V0	bGV2ZWxkYi5TbGljZSY=	663	111669149836
68719477278	107374182401	dGhpcw==	dGhpcw==	SXRlcmF0b3Iq	663	111669149835
68719477279	107374182401	dGhpcw==	dGhpcw==	SXRlcmF0b3Iq	664	111669149835
68719477280	107374182401	TlVMTA==	PHVua25vd24+IE5VTEw=	QU5Z	664	94489280852
68719477281	107374182401	dGhpcw==	dGhpcw==	SXRlcmF0b3Iq	664	111669149835
68719477282	107374182401	dGFyZ2V0	dGFyZ2V0	bGV2ZWxkYi5TbGljZSY=	664	111669149836
68719477283	107374182401	dGhpcw==	dGhpcw==	SXRlcmF0b3Iq	664	111669149835
68719477284	107374182401	dGhpcw==	dGhpcw==	SXRlcmF0b3Iq	668	111669149835
68719477285	107374182401	TlVMTA==	PHVua25vd24+IE5VTEw=	QU5Z	668	94489280852
68719477286	107374182401	ZA==	ZA==	aW50	669	94489280552
68719477287	107374182401	dGFyZ2V0	dGFyZ2V0	bGV2ZWxkYi5TbGljZSY=	669	111669149836
68719477288	107374182401	dGhpcw==	dGhpcw==	SXRlcmF0b3Iq	669	111669149835
68719477289	107374182401	dGhpcw==	dGhpcw==	SXRlcmF0b3Iq	670	111669149835
68719477290	107374182401	ZA==	ZA==	aW50	670	94489280552
68719477291	107374182401	ZA==	ZA==	aW50	670	94489280552
68719477292	107374182401	dGhpcw==	dGhpcw==	SXRlcmF0b3Iq	673	111669149835
68719477293	107374182401	TlVMTA==	PHVua25vd24+IE5VTEw=	QU5Z	673	94489280852
68719477294	107374182401	dGFyZ2V0	dGFyZ2V0	bGV2ZWxkYi5TbGljZSY=	673	111669149836
68719477295	107374182401	dGhpcw==	dGhpcw==	SXRlcmF0b3Iq	673	111669149835
68719477296	107374182401	dGhpcw==	dGhpcw==	SXRlcmF0b3Iq	674	111669149835
68719477297	107374182401	TlVMTA==	PHVua25vd24+IE5VTEw=	QU5Z	674	94489280852
68719477298	107374182401	dGFyZ2V0	dGFyZ2V0	bGV2ZWxkYi5TbGljZSY=	674	111669149836
68719477299	107374182401	dGhpcw==	dGhpcw==	SXRlcmF0b3Iq	674	111669149835
68719477300	107374182401	dGhpcw==	dGhpcw==	SXRlcmF0b3Iq	675	111669149835
68719477301	107374182401	TlVMTA==	PHVua25vd24+IE5VTEw=	QU5Z	675	94489280852
68719477302	107374182401	dGhpcw==	dGhpcw==	SXRlcmF0b3Iq	675	111669149835
68719477303	107374182401	dGFyZ2V0	dGFyZ2V0	bGV2ZWxkYi5TbGljZSY=	675	111669149836
68719477304	107374182401	dGhpcw==	dGhpcw==	SXRlcmF0b3Iq	675	111669149835
68719477305	107374182401	c2l6ZQ==	c2l6ZQ==	c2l6ZV90	679	94489280553
68719477306	107374182401	Y2FjaGVTaXpl	Y2FjaGVTaXpl	dWludDMyX3Q=	680	94489280554
68719477307	107374182401	b2s=	b2s=	Ym9vbA==	684	94489280557
68719477308	107374182401	a2V5	a2V5	c3RkLnN0cmluZw==	684	94489280555
68719477309	107374182401	dmFsdWU=	dmFsdWU=	c3RkLnN0cmluZw==	684	94489280556
68719477310	107374182401	b2s=	b2s=	Ym9vbA==	686	94489280557
68719477311	107374182401	cmVzdWx0	cmVzdWx0	c3RkLnZlY3RvciY=	687	111669149838
68719477312	107374182401	a2V5	a2V5	c3RkLnN0cmluZw==	687	94489280555
68719477313	107374182401	dmFsdWU=	dmFsdWU=	c3RkLnN0cmluZw==	687	94489280556
68719477314	107374182401	dGhpcw==	dGhpcw==	SXRlcmF0b3Iq	689	111669149837
68719477315	107374182401	dGhpcw==	dGhpcw==	SXRlcmF0b3Iq	690	111669149837
68719477316	107374182401	c2l6ZQ==	c2l6ZQ==	c2l6ZV90	694	94489280553
68719477317	107374182401	c2l6ZQ==	c2l6ZQ==	c2l6ZV90	694	94489280553
68719477318	107374182401	a2V5	a2V5	c3RkLnN0cmluZw==	694	94489280555
68719477319	107374182401	dmFsdWU=	dmFsdWU=	c3RkLnN0cmluZw==	694	94489280556
68719477320	107374182401	c2l6ZQ==	c2l6ZQ==	c2l6ZV90	695	94489280553
68719477321	107374182401	dGhpcw==	dGhpcw==	SXRlcmF0b3Iq	695	111669149837
68719477322	107374182401	Y2FjaGVTaXpl	Y2FjaGVTaXpl	dWludDMyX3Q=	699	94489280554
68719477323	107374182401	ZGF0YWJhc2Vf	ZGF0YWJhc2Vf	RGF0YWJhc2Uq	706	94489280851
68719477324	107374182401	PHRtcD4w	PHRtcD4w	QU5Z	706	94489280850
68719477325	107374182401	PHRtcD4w	PHRtcD4w	QU5Z	706	94489280850
68719477326	107374182401	PHRtcD4w	PHRtcD4w	QU5Z	706	94489280850
68719477327	107374182401	ZW5kV29ya2VyXw==	ZW5kV29ya2VyXw==	RW5kV29ya2VyKg==	729	94489280849
68719477328	107374182401	PHRtcD4x	PHRtcD4x	QU5Z	729	94489280848
68719477329	107374182401	PHRtcD4x	PHRtcD4x	QU5Z	729	94489280848
68719477330	107374182401	PHRtcD4x	PHRtcD4x	QU5Z	729	94489280848
68719477331	107374182401	ZGF0YWJhc2U=	ZGF0YWJhc2U=	RGF0YWJhc2Uq	739	94489280558
68719477332	107374182401	PHRtcD4w	PHRtcD4w	RGF0YWJhc2U=	739	94489280847
68719477333	107374182401	PHRtcD4w	PHRtcD4w	RGF0YWJhc2U=	739	94489280847
68719477334	107374182401	ZW52	ZW52	bmFwaV9lbnY=	739	111669149839
68719477335	107374182401	PHRtcD4w	PHRtcD4w	RGF0YWJhc2U=	739	94489280847
68719477336	107374182401	ZW52	ZW52	bmFwaV9lbnY=	742	111669149839
68719477337	107374182401	ZGF0YWJhc2U=	ZGF0YWJhc2U=	RGF0YWJhc2Uq	742	94489280558
68719477338	107374182401	TlVMTA==	PHVua25vd24+IE5VTEw=	QU5Z	742	94489280845
68719477339	107374182401	cmVzdWx0	cmVzdWx0	bmFwaV92YWx1ZQ==	742	94489280559
68719477340	107374182401	bmFwaV9vaw==	bmFwaV9vaw==	QU5Z	742	94489280846
68719477341	107374182401	ZW52	ZW52	bmFwaV9lbnY=	742	111669149839
68719477342	107374182401	TlVMTA==	PHVua25vd24+IE5VTEw=	QU5Z	742	94489280845
68719477343	107374182401	TlVMTA==	PHVua25vd24+IE5VTEw=	QU5Z	742	94489280845
68719477344	107374182401	cmVzdWx0	cmVzdWx0	bmFwaV92YWx1ZQ==	745	94489280559
68719477345	107374182401	dGhpcw==	dGhpcw==	T3Blbldvcmtlcio=	766	111669149841
68719477346	107374182401	ZGF0YWJhc2U=	ZGF0YWJhc2U=	RGF0YWJhc2Uq	766	111669149843
68719477347	107374182401	dGhpcw==	dGhpcw==	T3Blbldvcmtlcio=	767	111669149841
68719477348	107374182401	ZGF0YWJhc2U=	ZGF0YWJhc2U=	RGF0YWJhc2Uq	767	111669149843
68719477349	107374182401	dGhpcw==	dGhpcw==	T3Blbldvcmtlcio=	768	111669149841
68719477350	107374182401	Y3JlYXRlSWZNaXNzaW5n	Y3JlYXRlSWZNaXNzaW5n	Ym9vbA==	768	111669149846
68719477351	107374182401	dGhpcw==	dGhpcw==	T3Blbldvcmtlcio=	769	111669149841
68719477352	107374182401	ZXJyb3JJZkV4aXN0cw==	ZXJyb3JJZkV4aXN0cw==	Ym9vbA==	769	111669149847
68719477353	107374182401	dGhpcw==	dGhpcw==	T3Blbldvcmtlcio=	770	111669149841
68719477354	107374182401	PHRtcD4w	PHRtcD4w	bGV2ZWxkYi5abGliQ29tcHJlc3NvclJhdw==	770	94489280844
68719477355	107374182401	PHRtcD4w	PHRtcD4w	bGV2ZWxkYi5abGliQ29tcHJlc3NvclJhdw==	770	94489280844
68719477356	107374182401	PHRtcD4w	PHRtcD4w	bGV2ZWxkYi5abGliQ29tcHJlc3NvclJhdw==	770	94489280844
68719477357	107374182401	dGhpcw==	dGhpcw==	T3Blbldvcmtlcio=	771	111669149841
68719477358	107374182401	PHRtcD4x	PHRtcD4x	bGV2ZWxkYi5abGliQ29tcHJlc3Nvcg==	771	94489280843
68719477359	107374182401	PHRtcD4x	PHRtcD4x	bGV2ZWxkYi5abGliQ29tcHJlc3Nvcg==	771	94489280843
68719477360	107374182401	PHRtcD4x	PHRtcD4x	bGV2ZWxkYi5abGliQ29tcHJlc3Nvcg==	771	94489280843
68719477361	107374182401	dGhpcw==	dGhpcw==	T3Blbldvcmtlcio=	772	111669149841
68719477362	107374182401	d3JpdGVCdWZmZXJTaXpl	d3JpdGVCdWZmZXJTaXpl	dWludDMyX3Q=	772	111669149849
68719477363	107374182401	dGhpcw==	dGhpcw==	T3Blbldvcmtlcio=	773	111669149841
68719477364	107374182401	YmxvY2tTaXpl	YmxvY2tTaXpl	dWludDMyX3Q=	773	111669149850
68719477365	107374182401	dGhpcw==	dGhpcw==	T3Blbldvcmtlcio=	774	111669149841
68719477366	107374182401	bWF4T3BlbkZpbGVz	bWF4T3BlbkZpbGVz	dWludDMyX3Q=	774	111669149851
68719477367	107374182401	dGhpcw==	dGhpcw==	T3Blbldvcmtlcio=	775	111669149841
68719477368	107374182401	YmxvY2tSZXN0YXJ0SW50ZXJ2YWw=	YmxvY2tSZXN0YXJ0SW50ZXJ2YWw=	dWludDMyX3Q=	775	111669149852
68719477369	107374182401	dGhpcw==	dGhpcw==	T3Blbldvcmtlcio=	776	111669149841
68719477370	107374182401	bWF4RmlsZVNpemU=	bWF4RmlsZVNpemU=	dWludDMyX3Q=	776	111669149853
68719477371	107374182401	dGhpcw==	dGhpcw==	T3Blbldvcmtlcio=	764	111669149841
68719477372	107374182401	ZW52	ZW52	bmFwaV9lbnY=	764	111669149842
68719477373	107374182401	dGhpcw==	dGhpcw==	T3Blbldvcmtlcio=	765	111669149841
68719477374	107374182401	bG9jYXRpb24=	bG9jYXRpb24=	c3RkLnN0cmluZyY=	765	111669149845
68719477375	107374182401	dGhpcw==	dGhpcw==	T3Blbldvcmtlcio=	782	111669149855
68719477376	107374182401	dGhpcw==	dGhpcw==	T3Blbldvcmtlcio=	782	111669149855
68719477377	107374182401	dGhpcw==	dGhpcw==	T3Blbldvcmtlcio=	782	111669149855
68719477378	107374182401	YXJndg==	TkFQSV9BUkdWKDQp	bmFwaV92YWx1ZVs0XQ==	793	94489280560
68719477379	107374182401	bmFwaV92YWx1ZVs0XQ==	bmFwaV92YWx1ZVs0XQ==	bmFwaV92YWx1ZVs0XQ==	793	
68719477380	107374182401	YXJnYw==	TkFQSV9BUkdWKDQp	c2l6ZV90	793	94489280561
68719477381	107374182401	ZW52	ZW52	bmFwaV9lbnY=	793	111669149856
68719477382	107374182401	aW5mbw==	aW5mbw==	bmFwaV9jYWxsYmFja19pbmZv	793	111669149857
68719477383	107374182401	YXJnYw==	YXJnYw==	c2l6ZV90	793	94489280561
68719477384	107374182401	YXJndg==	YXJndg==	bmFwaV92YWx1ZVs0XQ==	793	94489280560
68719477385	107374182401	TlVMTA==	PHVua25vd24+IE5VTEw=	QU5Z	793	94489280840
68719477386	107374182401	TlVMTA==	PHVua25vd24+IE5VTEw=	QU5Z	793	94489280840
68719477387	107374182401	bmFwaV9vaw==	bmFwaV9vaw==	QU5Z	793	94489280841
68719477388	107374182401	ZW52	ZW52	bmFwaV9lbnY=	793	111669149856
68719477389	107374182401	TlVMTA==	PHVua25vd24+IE5VTEw=	QU5Z	793	94489280840
68719477390	107374182401	TlVMTA==	PHVua25vd24+IE5VTEw=	QU5Z	793	94489280840
68719477391	107374182401	ZGF0YWJhc2U=	TkFQSV9EQl9DT05URVhUKCk=	RGF0YWJhc2Uq	794	94489280562
68719477392	107374182401	TlVMTA==	PHVua25vd24+IE5VTEw=	QU5Z	794	94489280840
68719477393	107374182401	ZW52	ZW52	bmFwaV9lbnY=	794	111669149856
68719477394	107374182401	YXJndg==	YXJndg==	bmFwaV92YWx1ZVs0XQ==	794	94489280560
68719477395	107374182401	ZGF0YWJhc2U=	ZGF0YWJhc2U=	RGF0YWJhc2Uq	794	94489280562
68719477396	107374182401	bmFwaV9vaw==	bmFwaV9vaw==	QU5Z	794	94489280841
68719477397	107374182401	ZW52	ZW52	bmFwaV9lbnY=	794	111669149856
68719477398	107374182401	TlVMTA==	PHVua25vd24+IE5VTEw=	QU5Z	794	94489280840
68719477399	107374182401	TlVMTA==	PHVua25vd24+IE5VTEw=	QU5Z	794	94489280840
68719477400	107374182401	bG9jYXRpb25fc2l6ZQ==	TkFQSV9BUkdWX1VURjhfTkVXKGxvY2F0aW9uLCAxKQ==	c2l6ZV90	795	94489280563
68719477401	107374182401	ZW52	ZW52	bmFwaV9lbnY=	795	111669149856
68719477402	107374182401	YXJndg==	YXJndg==	bmFwaV92YWx1ZVs0XQ==	795	94489280560
68719477403	107374182401	TlVMTA==	PHVua25vd24+IE5VTEw=	QU5Z	795	94489280840
68719477404	107374182401	bG9jYXRpb25fc2l6ZQ==	bG9jYXRpb25fc2l6ZQ==	c2l6ZV90	795	94489280563
68719477405	107374182401	bmFwaV9vaw==	bmFwaV9vaw==	QU5Z	795	94489280841
68719477406	107374182401	ZW52	ZW52	bmFwaV9lbnY=	795	111669149856
68719477407	107374182401	TlVMTA==	PHVua25vd24+IE5VTEw=	QU5Z	795	94489280840
68719477408	107374182401	TlVMTA==	PHVua25vd24+IE5VTEw=	QU5Z	795	94489280840
68719477409	107374182401	bG9jYXRpb24=	TkFQSV9BUkdWX1VURjhfTkVXKGxvY2F0aW9uLCAxKQ==	Y2hhcio=	795	94489280564
68719477410	107374182401	Y2hhcg==	Y2hhcg==	Y2hhcg==	795	94489280842
68719477411	107374182401	bG9jYXRpb25fc2l6ZQ==	bG9jYXRpb25fc2l6ZQ==	c2l6ZV90	795	94489280563
68719477412	107374182401	ZW52	ZW52	bmFwaV9lbnY=	795	111669149856
68719477413	107374182401	YXJndg==	YXJndg==	bmFwaV92YWx1ZVs0XQ==	795	94489280560
68719477414	107374182401	bG9jYXRpb24=	bG9jYXRpb24=	Y2hhcio=	795	94489280564
68719477415	107374182401	bG9jYXRpb25fc2l6ZQ==	bG9jYXRpb25fc2l6ZQ==	c2l6ZV90	795	94489280563
68719477416	107374182401	bG9jYXRpb25fc2l6ZQ==	bG9jYXRpb25fc2l6ZQ==	c2l6ZV90	795	94489280563
68719477417	107374182401	bmFwaV9vaw==	bmFwaV9vaw==	QU5Z	795	94489280841
68719477418	107374182401	ZW52	ZW52	bmFwaV9lbnY=	795	111669149856
68719477419	107374182401	TlVMTA==	PHVua25vd24+IE5VTEw=	QU5Z	795	94489280840
68719477420	107374182401	TlVMTA==	PHVua25vd24+IE5VTEw=	QU5Z	795	94489280840
68719477421	107374182401	bG9jYXRpb24=	bG9jYXRpb24=	Y2hhcio=	795	94489280564
68719477422	107374182401	bG9jYXRpb25fc2l6ZQ==	bG9jYXRpb25fc2l6ZQ==	c2l6ZV90	795	94489280563
68719477423	107374182401	b3B0aW9ucw==	b3B0aW9ucw==	bmFwaV92YWx1ZQ==	797	94489280565
68719477424	107374182401	YXJndg==	YXJndg==	bmFwaV92YWx1ZVs0XQ==	797	94489280560
68719477425	107374182401	Y3JlYXRlSWZNaXNzaW5n	Y3JlYXRlSWZNaXNzaW5n	Ym9vbA==	798	94489280566
68719477426	107374182401	ZW52	ZW52	bmFwaV9lbnY=	798	111669149856
68719477427	107374182401	b3B0aW9ucw==	b3B0aW9ucw==	bmFwaV92YWx1ZQ==	798	94489280565
68719477428	107374182401	ZXJyb3JJZkV4aXN0cw==	ZXJyb3JJZkV4aXN0cw==	Ym9vbA==	799	94489280567
68719477429	107374182401	ZW52	ZW52	bmFwaV9lbnY=	799	111669149856
68719477430	107374182401	b3B0aW9ucw==	b3B0aW9ucw==	bmFwaV92YWx1ZQ==	799	94489280565
68719477431	107374182401	Y29tcHJlc3Npb24=	Y29tcHJlc3Npb24=	Ym9vbA==	800	94489280568
68719477432	107374182401	ZW52	ZW52	bmFwaV9lbnY=	800	111669149856
68719477433	107374182401	b3B0aW9ucw==	b3B0aW9ucw==	bmFwaV92YWx1ZQ==	800	94489280565
68719477434	107374182401	Y2FjaGVTaXpl	Y2FjaGVTaXpl	dWludDMyX3Q=	802	94489280569
68719477435	107374182401	ZW52	ZW52	bmFwaV9lbnY=	802	111669149856
68719477436	107374182401	b3B0aW9ucw==	b3B0aW9ucw==	bmFwaV92YWx1ZQ==	802	94489280565
68719477437	107374182401	d3JpdGVCdWZmZXJTaXpl	d3JpdGVCdWZmZXJTaXpl	dWludDMyX3Q=	803	94489280570
68719477438	107374182401	ZW52	ZW52	bmFwaV9lbnY=	803	111669149856
68719477439	107374182401	b3B0aW9ucw==	b3B0aW9ucw==	bmFwaV92YWx1ZQ==	803	94489280565
68719477440	107374182401	YmxvY2tTaXpl	YmxvY2tTaXpl	dWludDMyX3Q=	804	94489280571
68719477441	107374182401	ZW52	ZW52	bmFwaV9lbnY=	804	111669149856
68719477442	107374182401	b3B0aW9ucw==	b3B0aW9ucw==	bmFwaV92YWx1ZQ==	804	94489280565
68719477443	107374182401	bWF4T3BlbkZpbGVz	bWF4T3BlbkZpbGVz	dWludDMyX3Q=	805	94489280572
68719477444	107374182401	ZW52	ZW52	bmFwaV9lbnY=	805	111669149856
68719477445	107374182401	b3B0aW9ucw==	b3B0aW9ucw==	bmFwaV92YWx1ZQ==	805	94489280565
68719477446	107374182401	YmxvY2tSZXN0YXJ0SW50ZXJ2YWw=	YmxvY2tSZXN0YXJ0SW50ZXJ2YWw=	dWludDMyX3Q=	806	94489280573
68719477447	107374182401	ZW52	ZW52	bmFwaV9lbnY=	806	111669149856
68719477448	107374182401	b3B0aW9ucw==	b3B0aW9ucw==	bmFwaV92YWx1ZQ==	806	94489280565
68719477449	107374182401	bWF4RmlsZVNpemU=	bWF4RmlsZVNpemU=	dWludDMyX3Q=	808	94489280574
68719477450	107374182401	ZW52	ZW52	bmFwaV9lbnY=	808	111669149856
68719477451	107374182401	b3B0aW9ucw==	b3B0aW9ucw==	bmFwaV92YWx1ZQ==	808	94489280565
68719477452	107374182401	ZGF0YWJhc2U=	ZGF0YWJhc2U=	RGF0YWJhc2Uq	810	94489280562
68719477453	107374182401	Y2FjaGVTaXpl	Y2FjaGVTaXpl	dWludDMyX3Q=	810	94489280569
68719477454	107374182401	Y2FsbGJhY2s=	Y2FsbGJhY2s=	bmFwaV92YWx1ZQ==	812	94489280575
68719477455	107374182401	YXJndg==	YXJndg==	bmFwaV92YWx1ZVs0XQ==	812	94489280560
68719477456	107374182401	d29ya2Vy	d29ya2Vy	T3Blbldvcmtlcio=	813	94489280576
68719477457	107374182401	PHRtcD4w	PHRtcD4w	T3Blbldvcmtlcg==	813	94489280839
68719477458	107374182401	PHRtcD4w	PHRtcD4w	T3Blbldvcmtlcg==	813	94489280839
68719477459	107374182401	ZW52	ZW52	bmFwaV9lbnY=	813	111669149856
68719477460	107374182401	ZGF0YWJhc2U=	ZGF0YWJhc2U=	RGF0YWJhc2Uq	813	94489280562
68719477461	107374182401	Y2FsbGJhY2s=	Y2FsbGJhY2s=	bmFwaV92YWx1ZQ==	813	94489280575
68719477462	107374182401	bG9jYXRpb24=	bG9jYXRpb24=	Y2hhcio=	813	94489280564
68719477463	107374182401	Y3JlYXRlSWZNaXNzaW5n	Y3JlYXRlSWZNaXNzaW5n	Ym9vbA==	814	94489280566
68719477464	107374182401	ZXJyb3JJZkV4aXN0cw==	ZXJyb3JJZkV4aXN0cw==	Ym9vbA==	814	94489280567
68719477465	107374182401	Y29tcHJlc3Npb24=	Y29tcHJlc3Npb24=	Ym9vbA==	815	94489280568
68719477466	107374182401	d3JpdGVCdWZmZXJTaXpl	d3JpdGVCdWZmZXJTaXpl	dWludDMyX3Q=	815	94489280570
68719477467	107374182401	YmxvY2tTaXpl	YmxvY2tTaXpl	dWludDMyX3Q=	815	94489280571
68719477468	107374182401	bWF4T3BlbkZpbGVz	bWF4T3BlbkZpbGVz	dWludDMyX3Q=	816	94489280572
68719477469	107374182401	YmxvY2tSZXN0YXJ0SW50ZXJ2YWw=	YmxvY2tSZXN0YXJ0SW50ZXJ2YWw=	dWludDMyX3Q=	816	94489280573
68719477470	107374182401	bWF4RmlsZVNpemU=	bWF4RmlsZVNpemU=	dWludDMyX3Q=	817	94489280574
68719477471	107374182401	PHRtcD4w	PHRtcD4w	T3Blbldvcmtlcg==	813	94489280839
68719477472	107374182401	d29ya2Vy	d29ya2Vy	T3Blbldvcmtlcio=	818	94489280576
68719477473	107374182401	bG9jYXRpb24=	bG9jYXRpb24=	Y2hhcio=	819	94489280564
68719477474	107374182401	dGhpcw==	dGhpcw==	Q2xvc2VXb3JrZXIq	831	111669149858
68719477475	107374182401	ZW52	ZW52	bmFwaV9lbnY=	831	111669149859
68719477476	107374182401	dGhpcw==	dGhpcw==	Q2xvc2VXb3JrZXIq	836	111669149863
68719477477	107374182401	YXJndg==	TkFQSV9BUkdWKDIp	bmFwaV92YWx1ZVsyXQ==	848	94489280577
68719477478	107374182401	bmFwaV92YWx1ZVsyXQ==	bmFwaV92YWx1ZVsyXQ==	bmFwaV92YWx1ZVsyXQ==	848	
68719477479	107374182401	YXJnYw==	TkFQSV9BUkdWKDIp	c2l6ZV90	848	94489280578
68719477480	107374182401	ZW52	ZW52	bmFwaV9lbnY=	848	111669149866
68719477481	107374182401	aW5mbw==	aW5mbw==	bmFwaV9jYWxsYmFja19pbmZv	848	111669149867
68719477482	107374182401	YXJnYw==	YXJnYw==	c2l6ZV90	848	94489280578
68719477483	107374182401	YXJndg==	YXJndg==	bmFwaV92YWx1ZVsyXQ==	848	94489280577
68719477484	107374182401	TlVMTA==	PHVua25vd24+IE5VTEw=	QU5Z	848	94489280836
68719477485	107374182401	TlVMTA==	PHVua25vd24+IE5VTEw=	QU5Z	848	94489280836
68719477486	107374182401	bmFwaV9vaw==	bmFwaV9vaw==	QU5Z	848	94489280838
68719477487	107374182401	ZW52	ZW52	bmFwaV9lbnY=	848	111669149866
68719477488	107374182401	TlVMTA==	PHVua25vd24+IE5VTEw=	QU5Z	848	94489280836
68719477489	107374182401	TlVMTA==	PHVua25vd24+IE5VTEw=	QU5Z	848	94489280836
68719477490	107374182401	ZGF0YWJhc2U=	TkFQSV9EQl9DT05URVhUKCk=	RGF0YWJhc2Uq	849	94489280579
68719477491	107374182401	TlVMTA==	PHVua25vd24+IE5VTEw=	QU5Z	849	94489280836
68719477492	107374182401	ZW52	ZW52	bmFwaV9lbnY=	849	111669149866
68719477493	107374182401	YXJndg==	YXJndg==	bmFwaV92YWx1ZVsyXQ==	849	94489280577
68719477494	107374182401	ZGF0YWJhc2U=	ZGF0YWJhc2U=	RGF0YWJhc2Uq	849	94489280579
68719477495	107374182401	bmFwaV9vaw==	bmFwaV9vaw==	QU5Z	849	94489280838
68719477496	107374182401	ZW52	ZW52	bmFwaV9lbnY=	849	111669149866
68719477497	107374182401	TlVMTA==	PHVua25vd24+IE5VTEw=	QU5Z	849	94489280836
68719477498	107374182401	TlVMTA==	PHVua25vd24+IE5VTEw=	QU5Z	849	94489280836
68719477499	107374182401	Y2FsbGJhY2s=	Y2FsbGJhY2s=	bmFwaV92YWx1ZQ==	851	94489280580
68719477500	107374182401	YXJndg==	YXJndg==	bmFwaV92YWx1ZVsyXQ==	851	94489280577
68719477501	107374182401	d29ya2Vy	d29ya2Vy	Q2xvc2VXb3JrZXIq	852	94489280581
68719477502	107374182401	PHRtcD4w	PHRtcD4w	Q2xvc2VXb3JrZXI=	852	94489280837
68719477503	107374182401	PHRtcD4w	PHRtcD4w	Q2xvc2VXb3JrZXI=	852	94489280837
68719477504	107374182401	ZW52	ZW52	bmFwaV9lbnY=	852	111669149866
68719477505	107374182401	ZGF0YWJhc2U=	ZGF0YWJhc2U=	RGF0YWJhc2Uq	852	94489280579
68719477506	107374182401	Y2FsbGJhY2s=	Y2FsbGJhY2s=	bmFwaV92YWx1ZQ==	852	94489280580
68719477507	107374182401	PHRtcD4w	PHRtcD4w	Q2xvc2VXb3JrZXI=	852	94489280837
68719477508	107374182401	ZGF0YWJhc2U=	ZGF0YWJhc2U=	RGF0YWJhc2Uq	854	94489280579
68719477509	107374182401	d29ya2Vy	d29ya2Vy	Q2xvc2VXb3JrZXIq	855	94489280581
68719477510	107374182401	ZGF0YWJhc2U=	ZGF0YWJhc2U=	RGF0YWJhc2Uq	859	94489280579
68719477511	107374182401	d29ya2Vy	d29ya2Vy	Q2xvc2VXb3JrZXIq	859	94489280581
68719477512	107374182401	ZW52	ZW52	bmFwaV9lbnY=	862	111669149866
68719477513	107374182401	TlVMTA==	PHVua25vd24+IE5VTEw=	QU5Z	862	94489280836
68719477514	107374182401	TlVMTA==	PHVua25vd24+IE5VTEw=	QU5Z	862	94489280836
68719477515	107374182401	bm9vcA==	bm9vcA==	bmFwaV92YWx1ZQ==	862	94489280582
68719477516	107374182401	aXRlcmF0b3Jz	aXRlcmF0b3Jz	c3RkLm1hcA==	864	94489280583
68719477517	107374182401	ZGF0YWJhc2U=	ZGF0YWJhc2U=	RGF0YWJhc2Uq	864	94489280579
68719477518	107374182401	aXQ=	aXQ=	c3RkLm1hcC5pdGVyYXRvcg==	867	94489280584
68719477519	107374182401	aXRlcmF0b3Jz	aXRlcmF0b3Jz	c3RkLm1hcA==	867	94489280583
68719477520	107374182401	aXQ=	aXQ=	c3RkLm1hcC5pdGVyYXRvcg==	867	94489280584
68719477521	107374182401	aXRlcmF0b3Jz	aXRlcmF0b3Jz	c3RkLm1hcA==	867	94489280583
68719477522	107374182401	aXQ=	aXQ=	c3RkLm1hcC5pdGVyYXRvcg==	867	94489280584
68719477523	107374182401	ZW52	ZW52	bmFwaV9lbnY=	868	111669149866
68719477524	107374182401	aXQ=	aXQ=	c3RkLm1hcC5pdGVyYXRvcg==	868	94489280584
68719477525	107374182401	bm9vcA==	bm9vcA==	bmFwaV92YWx1ZQ==	868	94489280582
68719477526	107374182401	dGhpcw==	dGhpcw==	UHV0V29ya2VyKg==	886	111669149868
68719477527	107374182401	c3luYw==	c3luYw==	Ym9vbA==	886	111669149874
68719477528	107374182401	dGhpcw==	dGhpcw==	UHV0V29ya2VyKg==	884	111669149868
68719477529	107374182401	ZW52	ZW52	bmFwaV9lbnY=	884	111669149869
68719477530	107374182401	dGhpcw==	dGhpcw==	UHV0V29ya2VyKg==	885	111669149868
68719477531	107374182401	a2V5	a2V5	bGV2ZWxkYi5TbGljZQ==	885	111669149872
68719477532	107374182401	dGhpcw==	dGhpcw==	UHV0V29ya2VyKg==	885	111669149868
68719477533	107374182401	dmFsdWU=	dmFsdWU=	bGV2ZWxkYi5TbGljZQ==	885	111669149873
68719477534	107374182401	dGhpcw==	dGhpcw==	UHV0V29ya2VyKg==	890	111669149875
68719477535	107374182401	dGhpcw==	dGhpcw==	UHV0V29ya2VyKg==	891	111669149875
68719477536	107374182401	dGhpcw==	dGhpcw==	UHV0V29ya2VyKg==	895	111669149876
68719477537	107374182401	dGhpcw==	dGhpcw==	UHV0V29ya2VyKg==	895	111669149876
68719477538	107374182401	dGhpcw==	dGhpcw==	UHV0V29ya2VyKg==	895	111669149876
68719477539	107374182401	dGhpcw==	dGhpcw==	UHV0V29ya2VyKg==	895	111669149876
68719477540	107374182401	YXJndg==	TkFQSV9BUkdWKDUp	bmFwaV92YWx1ZVs1XQ==	907	94489280585
68719477541	107374182401	bmFwaV92YWx1ZVs1XQ==	bmFwaV92YWx1ZVs1XQ==	bmFwaV92YWx1ZVs1XQ==	907	
68719477542	107374182401	YXJnYw==	TkFQSV9BUkdWKDUp	c2l6ZV90	907	94489280586
68719477543	107374182401	ZW52	ZW52	bmFwaV9lbnY=	907	111669149877
68719477544	107374182401	aW5mbw==	aW5mbw==	bmFwaV9jYWxsYmFja19pbmZv	907	111669149878
68719477545	107374182401	YXJnYw==	YXJnYw==	c2l6ZV90	907	94489280586
68719477546	107374182401	YXJndg==	YXJndg==	bmFwaV92YWx1ZVs1XQ==	907	94489280585
68719477547	107374182401	TlVMTA==	PHVua25vd24+IE5VTEw=	QU5Z	907	94489280834
68719477548	107374182401	TlVMTA==	PHVua25vd24+IE5VTEw=	QU5Z	907	94489280834
68719477549	107374182401	bmFwaV9vaw==	bmFwaV9vaw==	QU5Z	907	94489280835
68719477550	107374182401	ZW52	ZW52	bmFwaV9lbnY=	907	111669149877
68719477551	107374182401	TlVMTA==	PHVua25vd24+IE5VTEw=	QU5Z	907	94489280834
68719477552	107374182401	TlVMTA==	PHVua25vd24+IE5VTEw=	QU5Z	907	94489280834
68719477553	107374182401	ZGF0YWJhc2U=	TkFQSV9EQl9DT05URVhUKCk=	RGF0YWJhc2Uq	908	94489280587
68719477554	107374182401	TlVMTA==	PHVua25vd24+IE5VTEw=	QU5Z	908	94489280834
68719477555	107374182401	ZW52	ZW52	bmFwaV9lbnY=	908	111669149877
68719477556	107374182401	YXJndg==	YXJndg==	bmFwaV92YWx1ZVs1XQ==	908	94489280585
68719477557	107374182401	ZGF0YWJhc2U=	ZGF0YWJhc2U=	RGF0YWJhc2Uq	908	94489280587
68719477558	107374182401	bmFwaV9vaw==	bmFwaV9vaw==	QU5Z	908	94489280835
68719477559	107374182401	ZW52	ZW52	bmFwaV9lbnY=	908	111669149877
68719477560	107374182401	TlVMTA==	PHVua25vd24+IE5VTEw=	QU5Z	908	94489280834
68719477561	107374182401	TlVMTA==	PHVua25vd24+IE5VTEw=	QU5Z	908	94489280834
68719477562	107374182401	a2V5	a2V5	bGV2ZWxkYi5TbGljZQ==	910	94489280588
68719477563	107374182401	ZW52	ZW52	bmFwaV9lbnY=	910	111669149877
68719477564	107374182401	YXJndg==	YXJndg==	bmFwaV92YWx1ZVs1XQ==	910	94489280585
68719477565	107374182401	dmFsdWU=	dmFsdWU=	bGV2ZWxkYi5TbGljZQ==	911	94489280589
68719477566	107374182401	ZW52	ZW52	bmFwaV9lbnY=	911	111669149877
68719477567	107374182401	YXJndg==	YXJndg==	bmFwaV92YWx1ZVs1XQ==	911	94489280585
68719477568	107374182401	c3luYw==	c3luYw==	Ym9vbA==	912	94489280590
68719477569	107374182401	ZW52	ZW52	bmFwaV9lbnY=	912	111669149877
68719477570	107374182401	YXJndg==	YXJndg==	bmFwaV92YWx1ZVs1XQ==	912	94489280585
68719477571	107374182401	Y2FsbGJhY2s=	Y2FsbGJhY2s=	bmFwaV92YWx1ZQ==	913	94489280591
68719477572	107374182401	YXJndg==	YXJndg==	bmFwaV92YWx1ZVs1XQ==	913	94489280585
68719477573	107374182401	d29ya2Vy	d29ya2Vy	UHV0V29ya2VyKg==	915	94489280592
68719477574	107374182401	PHRtcD4w	PHRtcD4w	UHV0V29ya2Vy	915	94489280833
68719477575	107374182401	PHRtcD4w	PHRtcD4w	UHV0V29ya2Vy	915	94489280833
68719477576	107374182401	ZW52	ZW52	bmFwaV9lbnY=	915	111669149877
68719477577	107374182401	ZGF0YWJhc2U=	ZGF0YWJhc2U=	RGF0YWJhc2Uq	915	94489280587
68719477578	107374182401	Y2FsbGJhY2s=	Y2FsbGJhY2s=	bmFwaV92YWx1ZQ==	915	94489280591
68719477579	107374182401	a2V5	a2V5	bGV2ZWxkYi5TbGljZQ==	915	94489280588
68719477580	107374182401	dmFsdWU=	dmFsdWU=	bGV2ZWxkYi5TbGljZQ==	915	94489280589
68719477581	107374182401	c3luYw==	c3luYw==	Ym9vbA==	915	94489280590
68719477582	107374182401	PHRtcD4w	PHRtcD4w	UHV0V29ya2Vy	915	94489280833
68719477583	107374182401	d29ya2Vy	d29ya2Vy	UHV0V29ya2VyKg==	916	94489280592
68719477584	107374182401	dGhpcw==	dGhpcw==	R2V0V29ya2VyKg==	934	111669149879
68719477585	107374182401	ZmlsbENhY2hl	ZmlsbENhY2hl	Ym9vbA==	934	111669149885
68719477586	107374182401	dGhpcw==	dGhpcw==	R2V0V29ya2VyKg==	931	111669149879
68719477587	107374182401	ZW52	ZW52	bmFwaV9lbnY=	931	111669149880
68719477588	107374182401	dGhpcw==	dGhpcw==	R2V0V29ya2VyKg==	932	111669149879
68719477589	107374182401	a2V5	a2V5	bGV2ZWxkYi5TbGljZQ==	932	111669149883
68719477590	107374182401	dGhpcw==	dGhpcw==	R2V0V29ya2VyKg==	933	111669149879
68719477591	107374182401	YXNCdWZmZXI=	YXNCdWZmZXI=	Ym9vbA==	933	111669149884
68719477592	107374182401	dGhpcw==	dGhpcw==	R2V0V29ya2VyKg==	938	111669149886
68719477593	107374182401	dGhpcw==	dGhpcw==	R2V0V29ya2VyKg==	942	111669149887
68719477594	107374182401	dGhpcw==	dGhpcw==	R2V0V29ya2VyKg==	942	111669149887
68719477595	107374182401	dGhpcw==	dGhpcw==	R2V0V29ya2VyKg==	942	111669149887
68719477596	107374182401	dGhpcw==	dGhpcw==	R2V0V29ya2VyKg==	942	111669149887
68719477597	107374182401	YXJndg==	YXJndg==	bmFwaV92YWx1ZVsyXQ==	946	94489280593
68719477598	107374182401	bmFwaV92YWx1ZVsyXQ==	bmFwaV92YWx1ZVsyXQ==	bmFwaV92YWx1ZVsyXQ==	946	
68719477599	107374182401	dGhpcw==	dGhpcw==	R2V0V29ya2VyKg==	947	111669149888
68719477600	107374182401	YXJndg==	YXJndg==	bmFwaV92YWx1ZVsyXQ==	947	94489280593
68719477601	107374182401	dGhpcw==	dGhpcw==	R2V0V29ya2VyKg==	949	111669149888
68719477602	107374182401	dGhpcw==	dGhpcw==	R2V0V29ya2VyKg==	950	111669149888
68719477603	107374182401	dGhpcw==	dGhpcw==	R2V0V29ya2VyKg==	950	111669149888
68719477604	107374182401	dGhpcw==	dGhpcw==	R2V0V29ya2VyKg==	950	111669149888
68719477605	107374182401	TlVMTA==	PHVua25vd24+IE5VTEw=	QU5Z	950	94489280832
68719477606	107374182401	YXJndg==	YXJndg==	bmFwaV92YWx1ZVsyXQ==	950	94489280593
68719477607	107374182401	dGhpcw==	dGhpcw==	R2V0V29ya2VyKg==	952	111669149888
68719477608	107374182401	dGhpcw==	dGhpcw==	R2V0V29ya2VyKg==	952	111669149888
68719477609	107374182401	dGhpcw==	dGhpcw==	R2V0V29ya2VyKg==	952	111669149888
68719477610	107374182401	YXJndg==	YXJndg==	bmFwaV92YWx1ZVsyXQ==	952	94489280593
68719477611	107374182401	dGhpcw==	dGhpcw==	R2V0V29ya2VyKg==	956	111669149888
68719477612	107374182401	dGhpcw==	dGhpcw==	R2V0V29ya2VyKg==	956	111669149888
68719477613	107374182401	Y2FsbGJhY2s=	Y2FsbGJhY2s=	bmFwaV92YWx1ZQ==	956	94489280594
68719477614	107374182401	dGhpcw==	dGhpcw==	R2V0V29ya2VyKg==	957	111669149888
68719477615	107374182401	Y2FsbGJhY2s=	Y2FsbGJhY2s=	bmFwaV92YWx1ZQ==	957	94489280594
68719477616	107374182401	YXJndg==	YXJndg==	bmFwaV92YWx1ZVsyXQ==	957	94489280593
68719477617	107374182401	YXJndg==	TkFQSV9BUkdWKDQp	bmFwaV92YWx1ZVs0XQ==	970	94489280595
68719477618	107374182401	bmFwaV92YWx1ZVs0XQ==	bmFwaV92YWx1ZVs0XQ==	bmFwaV92YWx1ZVs0XQ==	970	
68719477619	107374182401	YXJnYw==	TkFQSV9BUkdWKDQp	c2l6ZV90	970	94489280596
68719477620	107374182401	ZW52	ZW52	bmFwaV9lbnY=	970	111669149889
68719477621	107374182401	aW5mbw==	aW5mbw==	bmFwaV9jYWxsYmFja19pbmZv	970	111669149890
68719477622	107374182401	YXJnYw==	YXJnYw==	c2l6ZV90	970	94489280596
68719477623	107374182401	YXJndg==	YXJndg==	bmFwaV92YWx1ZVs0XQ==	970	94489280595
68719477624	107374182401	TlVMTA==	PHVua25vd24+IE5VTEw=	QU5Z	970	94489280830
68719477625	107374182401	TlVMTA==	PHVua25vd24+IE5VTEw=	QU5Z	970	94489280830
68719477626	107374182401	bmFwaV9vaw==	bmFwaV9vaw==	QU5Z	970	94489280831
68719477627	107374182401	ZW52	ZW52	bmFwaV9lbnY=	970	111669149889
68719477628	107374182401	TlVMTA==	PHVua25vd24+IE5VTEw=	QU5Z	970	94489280830
68719477629	107374182401	TlVMTA==	PHVua25vd24+IE5VTEw=	QU5Z	970	94489280830
68719477630	107374182401	ZGF0YWJhc2U=	TkFQSV9EQl9DT05URVhUKCk=	RGF0YWJhc2Uq	971	94489280597
68719477631	107374182401	TlVMTA==	PHVua25vd24+IE5VTEw=	QU5Z	971	94489280830
68719477632	107374182401	ZW52	ZW52	bmFwaV9lbnY=	971	111669149889
68719477633	107374182401	YXJndg==	YXJndg==	bmFwaV92YWx1ZVs0XQ==	971	94489280595
68719477634	107374182401	ZGF0YWJhc2U=	ZGF0YWJhc2U=	RGF0YWJhc2Uq	971	94489280597
68719477635	107374182401	bmFwaV9vaw==	bmFwaV9vaw==	QU5Z	971	94489280831
68719477636	107374182401	ZW52	ZW52	bmFwaV9lbnY=	971	111669149889
68719477637	107374182401	TlVMTA==	PHVua25vd24+IE5VTEw=	QU5Z	971	94489280830
68719477638	107374182401	TlVMTA==	PHVua25vd24+IE5VTEw=	QU5Z	971	94489280830
68719477639	107374182401	a2V5	a2V5	bGV2ZWxkYi5TbGljZQ==	973	94489280598
68719477640	107374182401	ZW52	ZW52	bmFwaV9lbnY=	973	111669149889
68719477641	107374182401	YXJndg==	YXJndg==	bmFwaV92YWx1ZVs0XQ==	973	94489280595
68719477642	107374182401	b3B0aW9ucw==	b3B0aW9ucw==	bmFwaV92YWx1ZQ==	974	94489280599
68719477643	107374182401	YXJndg==	YXJndg==	bmFwaV92YWx1ZVs0XQ==	974	94489280595
68719477644	107374182401	YXNCdWZmZXI=	YXNCdWZmZXI=	Ym9vbA==	975	94489280600
68719477645	107374182401	ZW52	ZW52	bmFwaV9lbnY=	975	111669149889
68719477646	107374182401	b3B0aW9ucw==	b3B0aW9ucw==	bmFwaV92YWx1ZQ==	975	94489280599
68719477647	107374182401	ZmlsbENhY2hl	ZmlsbENhY2hl	Ym9vbA==	976	94489280601
68719477648	107374182401	ZW52	ZW52	bmFwaV9lbnY=	976	111669149889
68719477649	107374182401	b3B0aW9ucw==	b3B0aW9ucw==	bmFwaV92YWx1ZQ==	976	94489280599
68719477650	107374182401	Y2FsbGJhY2s=	Y2FsbGJhY2s=	bmFwaV92YWx1ZQ==	977	94489280602
68719477651	107374182401	YXJndg==	YXJndg==	bmFwaV92YWx1ZVs0XQ==	977	94489280595
68719477652	107374182401	d29ya2Vy	d29ya2Vy	R2V0V29ya2VyKg==	979	94489280603
68719477653	107374182401	PHRtcD4w	PHRtcD4w	R2V0V29ya2Vy	979	94489280829
68719477654	107374182401	PHRtcD4w	PHRtcD4w	R2V0V29ya2Vy	979	94489280829
68719477655	107374182401	ZW52	ZW52	bmFwaV9lbnY=	979	111669149889
68719477656	107374182401	ZGF0YWJhc2U=	ZGF0YWJhc2U=	RGF0YWJhc2Uq	979	94489280597
68719477657	107374182401	Y2FsbGJhY2s=	Y2FsbGJhY2s=	bmFwaV92YWx1ZQ==	979	94489280602
68719477658	107374182401	a2V5	a2V5	bGV2ZWxkYi5TbGljZQ==	979	94489280598
68719477659	107374182401	YXNCdWZmZXI=	YXNCdWZmZXI=	Ym9vbA==	979	94489280600
68719477660	107374182401	ZmlsbENhY2hl	ZmlsbENhY2hl	Ym9vbA==	980	94489280601
68719477661	107374182401	PHRtcD4w	PHRtcD4w	R2V0V29ya2Vy	979	94489280829
68719477662	107374182401	d29ya2Vy	d29ya2Vy	R2V0V29ya2VyKg==	981	94489280603
68719477663	107374182401	dGhpcw==	dGhpcw==	RGVsV29ya2VyKg==	997	111669149891
68719477664	107374182401	c3luYw==	c3luYw==	Ym9vbA==	997	111669149896
68719477665	107374182401	dGhpcw==	dGhpcw==	RGVsV29ya2VyKg==	995	111669149891
68719477666	107374182401	ZW52	ZW52	bmFwaV9lbnY=	995	111669149892
68719477667	107374182401	dGhpcw==	dGhpcw==	RGVsV29ya2VyKg==	996	111669149891
68719477668	107374182401	a2V5	a2V5	bGV2ZWxkYi5TbGljZQ==	996	111669149895
68719477669	107374182401	dGhpcw==	dGhpcw==	RGVsV29ya2VyKg==	1001	111669149897
68719477670	107374182401	dGhpcw==	dGhpcw==	RGVsV29ya2VyKg==	1005	111669149898
68719477671	107374182401	dGhpcw==	dGhpcw==	RGVsV29ya2VyKg==	1005	111669149898
68719477672	107374182401	dGhpcw==	dGhpcw==	RGVsV29ya2VyKg==	1005	111669149898
68719477673	107374182401	YXJndg==	TkFQSV9BUkdWKDQp	bmFwaV92YWx1ZVs0XQ==	1016	94489280604
68719477674	107374182401	bmFwaV92YWx1ZVs0XQ==	bmFwaV92YWx1ZVs0XQ==	bmFwaV92YWx1ZVs0XQ==	1016	
68719477675	107374182401	YXJnYw==	TkFQSV9BUkdWKDQp	c2l6ZV90	1016	94489280605
68719477676	107374182401	ZW52	ZW52	bmFwaV9lbnY=	1016	111669149899
68719477677	107374182401	aW5mbw==	aW5mbw==	bmFwaV9jYWxsYmFja19pbmZv	1016	111669149900
68719477678	107374182401	YXJnYw==	YXJnYw==	c2l6ZV90	1016	94489280605
68719477679	107374182401	YXJndg==	YXJndg==	bmFwaV92YWx1ZVs0XQ==	1016	94489280604
68719477680	107374182401	TlVMTA==	PHVua25vd24+IE5VTEw=	QU5Z	1016	94489280827
68719477681	107374182401	TlVMTA==	PHVua25vd24+IE5VTEw=	QU5Z	1016	94489280827
68719477682	107374182401	bmFwaV9vaw==	bmFwaV9vaw==	QU5Z	1016	94489280828
68719477683	107374182401	ZW52	ZW52	bmFwaV9lbnY=	1016	111669149899
68719477684	107374182401	TlVMTA==	PHVua25vd24+IE5VTEw=	QU5Z	1016	94489280827
68719477685	107374182401	TlVMTA==	PHVua25vd24+IE5VTEw=	QU5Z	1016	94489280827
68719477686	107374182401	ZGF0YWJhc2U=	TkFQSV9EQl9DT05URVhUKCk=	RGF0YWJhc2Uq	1017	94489280606
68719477687	107374182401	TlVMTA==	PHVua25vd24+IE5VTEw=	QU5Z	1017	94489280827
68719477688	107374182401	ZW52	ZW52	bmFwaV9lbnY=	1017	111669149899
68719477689	107374182401	YXJndg==	YXJndg==	bmFwaV92YWx1ZVs0XQ==	1017	94489280604
68719477690	107374182401	ZGF0YWJhc2U=	ZGF0YWJhc2U=	RGF0YWJhc2Uq	1017	94489280606
68719477691	107374182401	bmFwaV9vaw==	bmFwaV9vaw==	QU5Z	1017	94489280828
68719477692	107374182401	ZW52	ZW52	bmFwaV9lbnY=	1017	111669149899
68719477693	107374182401	TlVMTA==	PHVua25vd24+IE5VTEw=	QU5Z	1017	94489280827
68719477694	107374182401	TlVMTA==	PHVua25vd24+IE5VTEw=	QU5Z	1017	94489280827
68719477695	107374182401	a2V5	a2V5	bGV2ZWxkYi5TbGljZQ==	1019	94489280607
68719477696	107374182401	ZW52	ZW52	bmFwaV9lbnY=	1019	111669149899
68719477697	107374182401	YXJndg==	YXJndg==	bmFwaV92YWx1ZVs0XQ==	1019	94489280604
68719477698	107374182401	c3luYw==	c3luYw==	Ym9vbA==	1020	94489280608
68719477699	107374182401	ZW52	ZW52	bmFwaV9lbnY=	1020	111669149899
68719477700	107374182401	YXJndg==	YXJndg==	bmFwaV92YWx1ZVs0XQ==	1020	94489280604
68719477701	107374182401	Y2FsbGJhY2s=	Y2FsbGJhY2s=	bmFwaV92YWx1ZQ==	1021	94489280609
68719477702	107374182401	YXJndg==	YXJndg==	bmFwaV92YWx1ZVs0XQ==	1021	94489280604
68719477703	107374182401	d29ya2Vy	d29ya2Vy	RGVsV29ya2VyKg==	1023	94489280610
68719477704	107374182401	PHRtcD4w	PHRtcD4w	RGVsV29ya2Vy	1023	94489280826
68719477705	107374182401	PHRtcD4w	PHRtcD4w	RGVsV29ya2Vy	1023	94489280826
68719477706	107374182401	ZW52	ZW52	bmFwaV9lbnY=	1023	111669149899
68719477707	107374182401	ZGF0YWJhc2U=	ZGF0YWJhc2U=	RGF0YWJhc2Uq	1023	94489280606
68719477708	107374182401	Y2FsbGJhY2s=	Y2FsbGJhY2s=	bmFwaV92YWx1ZQ==	1023	94489280609
68719477709	107374182401	a2V5	a2V5	bGV2ZWxkYi5TbGljZQ==	1023	94489280607
68719477710	107374182401	c3luYw==	c3luYw==	Ym9vbA==	1023	94489280608
68719477711	107374182401	PHRtcD4w	PHRtcD4w	RGVsV29ya2Vy	1023	94489280826
68719477712	107374182401	d29ya2Vy	d29ya2Vy	RGVsV29ya2VyKg==	1024	94489280610
68719477713	107374182401	dGhpcw==	dGhpcw==	QXBwcm94aW1hdGVTaXplV29ya2VyKg==	1038	111669149901
68719477714	107374182401	ZW52	ZW52	bmFwaV9lbnY=	1038	111669149902
68719477715	107374182401	dGhpcw==	dGhpcw==	QXBwcm94aW1hdGVTaXplV29ya2VyKg==	1039	111669149901
68719477716	107374182401	c3RhcnQ=	c3RhcnQ=	bGV2ZWxkYi5TbGljZQ==	1039	111669149905
68719477717	107374182401	dGhpcw==	dGhpcw==	QXBwcm94aW1hdGVTaXplV29ya2VyKg==	1039	111669149901
68719477718	107374182401	ZW5k	ZW5k	bGV2ZWxkYi5TbGljZQ==	1039	111669149906
68719477719	107374182401	dGhpcw==	dGhpcw==	QXBwcm94aW1hdGVTaXplV29ya2VyKg==	1042	111669149907
68719477720	107374182401	dGhpcw==	dGhpcw==	QXBwcm94aW1hdGVTaXplV29ya2VyKg==	1043	111669149907
68719477721	107374182401	cmFuZ2U=	cmFuZ2U=	bGV2ZWxkYi5SYW5nZQ==	1047	94489280611
68719477722	107374182401	PHRtcD4w	PHRtcD4w	bGV2ZWxkYi5SYW5nZQ==	1047	94489280825
68719477723	107374182401	PHRtcD4w	PHRtcD4w	bGV2ZWxkYi5SYW5nZQ==	1047	94489280825
68719477724	107374182401	dGhpcw==	dGhpcw==	QXBwcm94aW1hdGVTaXplV29ya2VyKg==	1047	111669149908
68719477725	107374182401	dGhpcw==	dGhpcw==	QXBwcm94aW1hdGVTaXplV29ya2VyKg==	1047	111669149908
68719477726	107374182401	PHRtcD4w	PHRtcD4w	bGV2ZWxkYi5SYW5nZQ==	1047	94489280825
68719477727	107374182401	dGhpcw==	dGhpcw==	QXBwcm94aW1hdGVTaXplV29ya2VyKg==	1048	111669149908
68719477728	107374182401	dGhpcw==	dGhpcw==	QXBwcm94aW1hdGVTaXplV29ya2VyKg==	1048	111669149908
68719477729	107374182401	cmFuZ2U=	cmFuZ2U=	bGV2ZWxkYi5SYW5nZQ==	1048	94489280611
68719477730	107374182401	YXJndg==	YXJndg==	bmFwaV92YWx1ZVsyXQ==	1052	94489280612
68719477731	107374182401	bmFwaV92YWx1ZVsyXQ==	bmFwaV92YWx1ZVsyXQ==	bmFwaV92YWx1ZVsyXQ==	1052	
68719477732	107374182401	dGhpcw==	dGhpcw==	QXBwcm94aW1hdGVTaXplV29ya2VyKg==	1053	111669149909
68719477733	107374182401	YXJndg==	YXJndg==	bmFwaV92YWx1ZVsyXQ==	1053	94489280612
68719477734	107374182401	dGhpcw==	dGhpcw==	QXBwcm94aW1hdGVTaXplV29ya2VyKg==	1054	111669149909
68719477735	107374182401	dGhpcw==	dGhpcw==	QXBwcm94aW1hdGVTaXplV29ya2VyKg==	1054	111669149909
68719477736	107374182401	YXJndg==	YXJndg==	bmFwaV92YWx1ZVsyXQ==	1054	94489280612
68719477737	107374182401	dGhpcw==	dGhpcw==	QXBwcm94aW1hdGVTaXplV29ya2VyKg==	1056	111669149909
68719477738	107374182401	dGhpcw==	dGhpcw==	QXBwcm94aW1hdGVTaXplV29ya2VyKg==	1056	111669149909
68719477739	107374182401	Y2FsbGJhY2s=	Y2FsbGJhY2s=	bmFwaV92YWx1ZQ==	1056	94489280613
68719477740	107374182401	dGhpcw==	dGhpcw==	QXBwcm94aW1hdGVTaXplV29ya2VyKg==	1057	111669149909
68719477741	107374182401	Y2FsbGJhY2s=	Y2FsbGJhY2s=	bmFwaV92YWx1ZQ==	1057	94489280613
68719477742	107374182401	YXJndg==	YXJndg==	bmFwaV92YWx1ZVsyXQ==	1057	94489280612
68719477743	107374182401	YXJndg==	TkFQSV9BUkdWKDQp	bmFwaV92YWx1ZVs0XQ==	1069	94489280614
68719477744	107374182401	bmFwaV92YWx1ZVs0XQ==	bmFwaV92YWx1ZVs0XQ==	bmFwaV92YWx1ZVs0XQ==	1069	
68719477745	107374182401	YXJnYw==	TkFQSV9BUkdWKDQp	c2l6ZV90	1069	94489280615
68719477746	107374182401	ZW52	ZW52	bmFwaV9lbnY=	1069	111669149910
68719477747	107374182401	aW5mbw==	aW5mbw==	bmFwaV9jYWxsYmFja19pbmZv	1069	111669149911
68719477748	107374182401	YXJnYw==	YXJnYw==	c2l6ZV90	1069	94489280615
68719477749	107374182401	YXJndg==	YXJndg==	bmFwaV92YWx1ZVs0XQ==	1069	94489280614
68719477750	107374182401	TlVMTA==	PHVua25vd24+IE5VTEw=	QU5Z	1069	94489280823
68719477751	107374182401	TlVMTA==	PHVua25vd24+IE5VTEw=	QU5Z	1069	94489280823
68719477752	107374182401	bmFwaV9vaw==	bmFwaV9vaw==	QU5Z	1069	94489280824
68719477753	107374182401	ZW52	ZW52	bmFwaV9lbnY=	1069	111669149910
68719477754	107374182401	TlVMTA==	PHVua25vd24+IE5VTEw=	QU5Z	1069	94489280823
68719477755	107374182401	TlVMTA==	PHVua25vd24+IE5VTEw=	QU5Z	1069	94489280823
68719477756	107374182401	ZGF0YWJhc2U=	TkFQSV9EQl9DT05URVhUKCk=	RGF0YWJhc2Uq	1070	94489280616
68719477757	107374182401	TlVMTA==	PHVua25vd24+IE5VTEw=	QU5Z	1070	94489280823
68719477758	107374182401	ZW52	ZW52	bmFwaV9lbnY=	1070	111669149910
68719477759	107374182401	YXJndg==	YXJndg==	bmFwaV92YWx1ZVs0XQ==	1070	94489280614
68719477760	107374182401	ZGF0YWJhc2U=	ZGF0YWJhc2U=	RGF0YWJhc2Uq	1070	94489280616
68719477761	107374182401	bmFwaV9vaw==	bmFwaV9vaw==	QU5Z	1070	94489280824
68719477762	107374182401	ZW52	ZW52	bmFwaV9lbnY=	1070	111669149910
68719477763	107374182401	TlVMTA==	PHVua25vd24+IE5VTEw=	QU5Z	1070	94489280823
68719477764	107374182401	TlVMTA==	PHVua25vd24+IE5VTEw=	QU5Z	1070	94489280823
68719477765	107374182401	c3RhcnQ=	c3RhcnQ=	bGV2ZWxkYi5TbGljZQ==	1072	94489280617
68719477766	107374182401	ZW52	ZW52	bmFwaV9lbnY=	1072	111669149910
68719477767	107374182401	YXJndg==	YXJndg==	bmFwaV92YWx1ZVs0XQ==	1072	94489280614
68719477768	107374182401	ZW5k	ZW5k	bGV2ZWxkYi5TbGljZQ==	1073	94489280618
68719477769	107374182401	ZW52	ZW52	bmFwaV9lbnY=	1073	111669149910
68719477770	107374182401	YXJndg==	YXJndg==	bmFwaV92YWx1ZVs0XQ==	1073	94489280614
68719477771	107374182401	Y2FsbGJhY2s=	Y2FsbGJhY2s=	bmFwaV92YWx1ZQ==	1075	94489280619
68719477772	107374182401	YXJndg==	YXJndg==	bmFwaV92YWx1ZVs0XQ==	1075	94489280614
68719477773	107374182401	d29ya2Vy	d29ya2Vy	QXBwcm94aW1hdGVTaXplV29ya2VyKg==	1077	94489280620
68719477774	107374182401	PHRtcD4w	PHRtcD4w	QXBwcm94aW1hdGVTaXplV29ya2Vy	1077	94489280822
68719477775	107374182401	PHRtcD4w	PHRtcD4w	QXBwcm94aW1hdGVTaXplV29ya2Vy	1077	94489280822
68719477776	107374182401	ZW52	ZW52	bmFwaV9lbnY=	1077	111669149910
68719477777	107374182401	ZGF0YWJhc2U=	ZGF0YWJhc2U=	RGF0YWJhc2Uq	1077	94489280616
68719477778	107374182401	Y2FsbGJhY2s=	Y2FsbGJhY2s=	bmFwaV92YWx1ZQ==	1078	94489280619
68719477779	107374182401	c3RhcnQ=	c3RhcnQ=	bGV2ZWxkYi5TbGljZQ==	1078	94489280617
68719477780	107374182401	ZW5k	ZW5k	bGV2ZWxkYi5TbGljZQ==	1079	94489280618
68719477781	107374182401	PHRtcD4w	PHRtcD4w	QXBwcm94aW1hdGVTaXplV29ya2Vy	1077	94489280822
68719477782	107374182401	d29ya2Vy	d29ya2Vy	QXBwcm94aW1hdGVTaXplV29ya2VyKg==	1080	94489280620
68719477783	107374182401	dGhpcw==	dGhpcw==	Q29tcGFjdFJhbmdlV29ya2VyKg==	1094	111669149912
68719477784	107374182401	ZW52	ZW52	bmFwaV9lbnY=	1094	111669149913
68719477785	107374182401	dGhpcw==	dGhpcw==	Q29tcGFjdFJhbmdlV29ya2VyKg==	1095	111669149912
68719477786	107374182401	c3RhcnQ=	c3RhcnQ=	bGV2ZWxkYi5TbGljZQ==	1095	111669149916
68719477787	107374182401	dGhpcw==	dGhpcw==	Q29tcGFjdFJhbmdlV29ya2VyKg==	1095	111669149912
68719477788	107374182401	ZW5k	ZW5k	bGV2ZWxkYi5TbGljZQ==	1095	111669149917
68719477789	107374182401	dGhpcw==	dGhpcw==	Q29tcGFjdFJhbmdlV29ya2VyKg==	1098	111669149918
68719477790	107374182401	dGhpcw==	dGhpcw==	Q29tcGFjdFJhbmdlV29ya2VyKg==	1099	111669149918
68719477791	107374182401	dGhpcw==	dGhpcw==	Q29tcGFjdFJhbmdlV29ya2VyKg==	1103	111669149919
68719477792	107374182401	dGhpcw==	dGhpcw==	Q29tcGFjdFJhbmdlV29ya2VyKg==	1103	111669149919
68719477793	107374182401	dGhpcw==	dGhpcw==	Q29tcGFjdFJhbmdlV29ya2VyKg==	1103	111669149919
68719477794	107374182401	YXJndg==	TkFQSV9BUkdWKDQp	bmFwaV92YWx1ZVs0XQ==	1114	94489280621
68719477795	107374182401	bmFwaV92YWx1ZVs0XQ==	bmFwaV92YWx1ZVs0XQ==	bmFwaV92YWx1ZVs0XQ==	1114	
68719477796	107374182401	YXJnYw==	TkFQSV9BUkdWKDQp	c2l6ZV90	1114	94489280622
68719477797	107374182401	ZW52	ZW52	bmFwaV9lbnY=	1114	111669149920
68719477798	107374182401	aW5mbw==	aW5mbw==	bmFwaV9jYWxsYmFja19pbmZv	1114	111669149921
68719477799	107374182401	YXJnYw==	YXJnYw==	c2l6ZV90	1114	94489280622
68719477800	107374182401	YXJndg==	YXJndg==	bmFwaV92YWx1ZVs0XQ==	1114	94489280621
68719477801	107374182401	TlVMTA==	PHVua25vd24+IE5VTEw=	QU5Z	1114	94489280820
68719477802	107374182401	TlVMTA==	PHVua25vd24+IE5VTEw=	QU5Z	1114	94489280820
68719477803	107374182401	bmFwaV9vaw==	bmFwaV9vaw==	QU5Z	1114	94489280821
68719477804	107374182401	ZW52	ZW52	bmFwaV9lbnY=	1114	111669149920
68719477805	107374182401	TlVMTA==	PHVua25vd24+IE5VTEw=	QU5Z	1114	94489280820
68719477806	107374182401	TlVMTA==	PHVua25vd24+IE5VTEw=	QU5Z	1114	94489280820
68719477807	107374182401	ZGF0YWJhc2U=	TkFQSV9EQl9DT05URVhUKCk=	RGF0YWJhc2Uq	1115	94489280623
68719477808	107374182401	TlVMTA==	PHVua25vd24+IE5VTEw=	QU5Z	1115	94489280820
68719477809	107374182401	ZW52	ZW52	bmFwaV9lbnY=	1115	111669149920
68719477810	107374182401	YXJndg==	YXJndg==	bmFwaV92YWx1ZVs0XQ==	1115	94489280621
68719477811	107374182401	ZGF0YWJhc2U=	ZGF0YWJhc2U=	RGF0YWJhc2Uq	1115	94489280623
68719477812	107374182401	bmFwaV9vaw==	bmFwaV9vaw==	QU5Z	1115	94489280821
68719477813	107374182401	ZW52	ZW52	bmFwaV9lbnY=	1115	111669149920
68719477814	107374182401	TlVMTA==	PHVua25vd24+IE5VTEw=	QU5Z	1115	94489280820
68719477815	107374182401	TlVMTA==	PHVua25vd24+IE5VTEw=	QU5Z	1115	94489280820
68719477816	107374182401	c3RhcnQ=	c3RhcnQ=	bGV2ZWxkYi5TbGljZQ==	1117	94489280624
68719477817	107374182401	ZW52	ZW52	bmFwaV9lbnY=	1117	111669149920
68719477818	107374182401	YXJndg==	YXJndg==	bmFwaV92YWx1ZVs0XQ==	1117	94489280621
68719477819	107374182401	ZW5k	ZW5k	bGV2ZWxkYi5TbGljZQ==	1118	94489280625
68719477820	107374182401	ZW52	ZW52	bmFwaV9lbnY=	1118	111669149920
68719477821	107374182401	YXJndg==	YXJndg==	bmFwaV92YWx1ZVs0XQ==	1118	94489280621
68719477822	107374182401	Y2FsbGJhY2s=	Y2FsbGJhY2s=	bmFwaV92YWx1ZQ==	1119	94489280626
68719477823	107374182401	YXJndg==	YXJndg==	bmFwaV92YWx1ZVs0XQ==	1119	94489280621
68719477824	107374182401	d29ya2Vy	d29ya2Vy	Q29tcGFjdFJhbmdlV29ya2VyKg==	1121	94489280627
68719477825	107374182401	PHRtcD4w	PHRtcD4w	Q29tcGFjdFJhbmdlV29ya2Vy	1121	94489280819
68719477826	107374182401	PHRtcD4w	PHRtcD4w	Q29tcGFjdFJhbmdlV29ya2Vy	1121	94489280819
68719477827	107374182401	ZW52	ZW52	bmFwaV9lbnY=	1121	111669149920
68719477828	107374182401	ZGF0YWJhc2U=	ZGF0YWJhc2U=	RGF0YWJhc2Uq	1121	94489280623
68719477829	107374182401	Y2FsbGJhY2s=	Y2FsbGJhY2s=	bmFwaV92YWx1ZQ==	1121	94489280626
68719477830	107374182401	c3RhcnQ=	c3RhcnQ=	bGV2ZWxkYi5TbGljZQ==	1122	94489280624
68719477831	107374182401	ZW5k	ZW5k	bGV2ZWxkYi5TbGljZQ==	1122	94489280625
68719477832	107374182401	PHRtcD4w	PHRtcD4w	Q29tcGFjdFJhbmdlV29ya2Vy	1121	94489280819
68719477833	107374182401	d29ya2Vy	d29ya2Vy	Q29tcGFjdFJhbmdlV29ya2VyKg==	1123	94489280627
68719477834	107374182401	YXJndg==	TkFQSV9BUkdWKDIp	bmFwaV92YWx1ZVsyXQ==	1132	94489280628
68719477835	107374182401	bmFwaV92YWx1ZVsyXQ==	bmFwaV92YWx1ZVsyXQ==	bmFwaV92YWx1ZVsyXQ==	1132	
68719477836	107374182401	YXJnYw==	TkFQSV9BUkdWKDIp	c2l6ZV90	1132	94489280629
68719477837	107374182401	ZW52	ZW52	bmFwaV9lbnY=	1132	111669149922
68719477838	107374182401	aW5mbw==	aW5mbw==	bmFwaV9jYWxsYmFja19pbmZv	1132	111669149923
68719477839	107374182401	YXJnYw==	YXJnYw==	c2l6ZV90	1132	94489280629
68719477840	107374182401	YXJndg==	YXJndg==	bmFwaV92YWx1ZVsyXQ==	1132	94489280628
68719477841	107374182401	TlVMTA==	PHVua25vd24+IE5VTEw=	QU5Z	1132	94489280817
68719477842	107374182401	TlVMTA==	PHVua25vd24+IE5VTEw=	QU5Z	1132	94489280817
68719477843	107374182401	bmFwaV9vaw==	bmFwaV9vaw==	QU5Z	1132	94489280818
68719477844	107374182401	ZW52	ZW52	bmFwaV9lbnY=	1132	111669149922
68719477845	107374182401	TlVMTA==	PHVua25vd24+IE5VTEw=	QU5Z	1132	94489280817
68719477846	107374182401	TlVMTA==	PHVua25vd24+IE5VTEw=	QU5Z	1132	94489280817
68719477847	107374182401	ZGF0YWJhc2U=	TkFQSV9EQl9DT05URVhUKCk=	RGF0YWJhc2Uq	1133	94489280630
68719477848	107374182401	TlVMTA==	PHVua25vd24+IE5VTEw=	QU5Z	1133	94489280817
68719477849	107374182401	ZW52	ZW52	bmFwaV9lbnY=	1133	111669149922
68719477850	107374182401	YXJndg==	YXJndg==	bmFwaV92YWx1ZVsyXQ==	1133	94489280628
68719477851	107374182401	ZGF0YWJhc2U=	ZGF0YWJhc2U=	RGF0YWJhc2Uq	1133	94489280630
68719477852	107374182401	bmFwaV9vaw==	bmFwaV9vaw==	QU5Z	1133	94489280818
68719477853	107374182401	ZW52	ZW52	bmFwaV9lbnY=	1133	111669149922
68719477854	107374182401	TlVMTA==	PHVua25vd24+IE5VTEw=	QU5Z	1133	94489280817
68719477855	107374182401	TlVMTA==	PHVua25vd24+IE5VTEw=	QU5Z	1133	94489280817
68719477856	107374182401	cHJvcGVydHk=	cHJvcGVydHk=	bGV2ZWxkYi5TbGljZQ==	1135	94489280631
68719477857	107374182401	ZW52	ZW52	bmFwaV9lbnY=	1135	111669149922
68719477858	107374182401	YXJndg==	YXJndg==	bmFwaV92YWx1ZVsyXQ==	1135	94489280628
68719477859	107374182401	ZGF0YWJhc2U=	ZGF0YWJhc2U=	RGF0YWJhc2Uq	1138	94489280630
68719477860	107374182401	cHJvcGVydHk=	cHJvcGVydHk=	bGV2ZWxkYi5TbGljZQ==	1138	94489280631
68719477861	107374182401	dmFsdWU=	dmFsdWU=	c3RkLnN0cmluZw==	1138	94489280632
68719477862	107374182401	ZW52	ZW52	bmFwaV9lbnY=	1141	111669149922
68719477863	107374182401	dmFsdWU=	dmFsdWU=	c3RkLnN0cmluZw==	1141	94489280632
68719477864	107374182401	dmFsdWU=	dmFsdWU=	c3RkLnN0cmluZw==	1141	94489280632
68719477865	107374182401	cmVzdWx0	cmVzdWx0	bmFwaV92YWx1ZQ==	1141	94489280633
68719477866	107374182401	cHJvcGVydHk=	cHJvcGVydHk=	bGV2ZWxkYi5TbGljZQ==	1143	94489280631
68719477867	107374182401	cmVzdWx0	cmVzdWx0	bmFwaV92YWx1ZQ==	1145	94489280633
68719477868	107374182401	dGhpcw==	dGhpcw==	RGVzdHJveVdvcmtlcio=	1155	111669149924
68719477869	107374182401	ZW52	ZW52	bmFwaV9lbnY=	1155	111669149925
68719477870	107374182401	dGhpcw==	dGhpcw==	RGVzdHJveVdvcmtlcio=	1156	111669149924
68719477871	107374182401	bG9jYXRpb24=	bG9jYXRpb24=	c3RkLnN0cmluZyY=	1156	111669149926
68719477872	107374182401	dGhpcw==	dGhpcw==	RGVzdHJveVdvcmtlcio=	1162	111669149929
68719477873	107374182401	b3B0aW9ucw==	b3B0aW9ucw==	bGV2ZWxkYi5PcHRpb25z	1162	94489280634
68719477874	107374182401	YXJndg==	TkFQSV9BUkdWKDIp	bmFwaV92YWx1ZVsyXQ==	1172	94489280635
68719477875	107374182401	bmFwaV92YWx1ZVsyXQ==	bmFwaV92YWx1ZVsyXQ==	bmFwaV92YWx1ZVsyXQ==	1172	
68719477876	107374182401	YXJnYw==	TkFQSV9BUkdWKDIp	c2l6ZV90	1172	94489280636
68719477877	107374182401	ZW52	ZW52	bmFwaV9lbnY=	1172	111669149930
68719477878	107374182401	aW5mbw==	aW5mbw==	bmFwaV9jYWxsYmFja19pbmZv	1172	111669149931
68719477879	107374182401	YXJnYw==	YXJnYw==	c2l6ZV90	1172	94489280636
68719477880	107374182401	YXJndg==	YXJndg==	bmFwaV92YWx1ZVsyXQ==	1172	94489280635
68719477881	107374182401	TlVMTA==	PHVua25vd24+IE5VTEw=	QU5Z	1172	94489280814
68719477882	107374182401	TlVMTA==	PHVua25vd24+IE5VTEw=	QU5Z	1172	94489280814
68719477883	107374182401	bmFwaV9vaw==	bmFwaV9vaw==	QU5Z	1172	94489280815
68719477884	107374182401	ZW52	ZW52	bmFwaV9lbnY=	1172	111669149930
68719477885	107374182401	TlVMTA==	PHVua25vd24+IE5VTEw=	QU5Z	1172	94489280814
68719477886	107374182401	TlVMTA==	PHVua25vd24+IE5VTEw=	QU5Z	1172	94489280814
68719477887	107374182401	bG9jYXRpb25fc2l6ZQ==	TkFQSV9BUkdWX1VURjhfTkVXKGxvY2F0aW9uLCAwKQ==	c2l6ZV90	1173	94489280637
68719477888	107374182401	ZW52	ZW52	bmFwaV9lbnY=	1173	111669149930
68719477889	107374182401	YXJndg==	YXJndg==	bmFwaV92YWx1ZVsyXQ==	1173	94489280635
68719477890	107374182401	TlVMTA==	PHVua25vd24+IE5VTEw=	QU5Z	1173	94489280814
68719477891	107374182401	bG9jYXRpb25fc2l6ZQ==	bG9jYXRpb25fc2l6ZQ==	c2l6ZV90	1173	94489280637
68719477892	107374182401	bmFwaV9vaw==	bmFwaV9vaw==	QU5Z	1173	94489280815
68719477893	107374182401	ZW52	ZW52	bmFwaV9lbnY=	1173	111669149930
68719477894	107374182401	TlVMTA==	PHVua25vd24+IE5VTEw=	QU5Z	1173	94489280814
68719477895	107374182401	TlVMTA==	PHVua25vd24+IE5VTEw=	QU5Z	1173	94489280814
68719477896	107374182401	bG9jYXRpb24=	TkFQSV9BUkdWX1VURjhfTkVXKGxvY2F0aW9uLCAwKQ==	Y2hhcio=	1173	94489280638
68719477897	107374182401	Y2hhcg==	Y2hhcg==	Y2hhcg==	1173	94489280816
68719477898	107374182401	bG9jYXRpb25fc2l6ZQ==	bG9jYXRpb25fc2l6ZQ==	c2l6ZV90	1173	94489280637
68719477899	107374182401	ZW52	ZW52	bmFwaV9lbnY=	1173	111669149930
68719477900	107374182401	YXJndg==	YXJndg==	bmFwaV92YWx1ZVsyXQ==	1173	94489280635
68719477901	107374182401	bG9jYXRpb24=	bG9jYXRpb24=	Y2hhcio=	1173	94489280638
68719477902	107374182401	bG9jYXRpb25fc2l6ZQ==	bG9jYXRpb25fc2l6ZQ==	c2l6ZV90	1173	94489280637
68719477903	107374182401	bG9jYXRpb25fc2l6ZQ==	bG9jYXRpb25fc2l6ZQ==	c2l6ZV90	1173	94489280637
68719477904	107374182401	bmFwaV9vaw==	bmFwaV9vaw==	QU5Z	1173	94489280815
68719477905	107374182401	ZW52	ZW52	bmFwaV9lbnY=	1173	111669149930
68719477906	107374182401	TlVMTA==	PHVua25vd24+IE5VTEw=	QU5Z	1173	94489280814
68719477907	107374182401	TlVMTA==	PHVua25vd24+IE5VTEw=	QU5Z	1173	94489280814
68719477908	107374182401	bG9jYXRpb24=	bG9jYXRpb24=	Y2hhcio=	1173	94489280638
68719477909	107374182401	bG9jYXRpb25fc2l6ZQ==	bG9jYXRpb25fc2l6ZQ==	c2l6ZV90	1173	94489280637
68719477910	107374182401	Y2FsbGJhY2s=	Y2FsbGJhY2s=	bmFwaV92YWx1ZQ==	1174	94489280639
68719477911	107374182401	YXJndg==	YXJndg==	bmFwaV92YWx1ZVsyXQ==	1174	94489280635
68719477912	107374182401	d29ya2Vy	d29ya2Vy	RGVzdHJveVdvcmtlcio=	1176	94489280640
68719477913	107374182401	PHRtcD4w	PHRtcD4w	RGVzdHJveVdvcmtlcg==	1176	94489280813
68719477914	107374182401	PHRtcD4w	PHRtcD4w	RGVzdHJveVdvcmtlcg==	1176	94489280813
68719477915	107374182401	ZW52	ZW52	bmFwaV9lbnY=	1176	111669149930
68719477916	107374182401	bG9jYXRpb24=	bG9jYXRpb24=	Y2hhcio=	1176	94489280638
68719477917	107374182401	Y2FsbGJhY2s=	Y2FsbGJhY2s=	bmFwaV92YWx1ZQ==	1176	94489280639
68719477918	107374182401	PHRtcD4w	PHRtcD4w	RGVzdHJveVdvcmtlcg==	1176	94489280813
68719477919	107374182401	d29ya2Vy	d29ya2Vy	RGVzdHJveVdvcmtlcio=	1177	94489280640
68719477920	107374182401	bG9jYXRpb24=	bG9jYXRpb24=	Y2hhcio=	1179	94489280638
68719477921	107374182401	dGhpcw==	dGhpcw==	UmVwYWlyV29ya2VyKg==	1191	111669149932
68719477922	107374182401	ZW52	ZW52	bmFwaV9lbnY=	1191	111669149933
68719477923	107374182401	dGhpcw==	dGhpcw==	UmVwYWlyV29ya2VyKg==	1192	111669149932
68719477924	107374182401	bG9jYXRpb24=	bG9jYXRpb24=	c3RkLnN0cmluZyY=	1192	111669149934
68719477925	107374182401	dGhpcw==	dGhpcw==	UmVwYWlyV29ya2VyKg==	1198	111669149937
68719477926	107374182401	b3B0aW9ucw==	b3B0aW9ucw==	bGV2ZWxkYi5PcHRpb25z	1198	94489280641
68719477927	107374182401	YXJndg==	TkFQSV9BUkdWKDIp	bmFwaV92YWx1ZVsyXQ==	1208	94489280642
68719477928	107374182401	bmFwaV92YWx1ZVsyXQ==	bmFwaV92YWx1ZVsyXQ==	bmFwaV92YWx1ZVsyXQ==	1208	
68719477929	107374182401	YXJnYw==	TkFQSV9BUkdWKDIp	c2l6ZV90	1208	94489280643
68719477930	107374182401	ZW52	ZW52	bmFwaV9lbnY=	1208	111669149938
68719477931	107374182401	aW5mbw==	aW5mbw==	bmFwaV9jYWxsYmFja19pbmZv	1208	111669149939
68719477932	107374182401	YXJnYw==	YXJnYw==	c2l6ZV90	1208	94489280643
68719477933	107374182401	YXJndg==	YXJndg==	bmFwaV92YWx1ZVsyXQ==	1208	94489280642
68719477934	107374182401	TlVMTA==	PHVua25vd24+IE5VTEw=	QU5Z	1208	94489280810
68719477935	107374182401	TlVMTA==	PHVua25vd24+IE5VTEw=	QU5Z	1208	94489280810
68719477936	107374182401	bmFwaV9vaw==	bmFwaV9vaw==	QU5Z	1208	94489280811
68719477937	107374182401	ZW52	ZW52	bmFwaV9lbnY=	1208	111669149938
68719477938	107374182401	TlVMTA==	PHVua25vd24+IE5VTEw=	QU5Z	1208	94489280810
68719477939	107374182401	TlVMTA==	PHVua25vd24+IE5VTEw=	QU5Z	1208	94489280810
68719477940	107374182401	bG9jYXRpb25fc2l6ZQ==	TkFQSV9BUkdWX1VURjhfTkVXKGxvY2F0aW9uLCAwKQ==	c2l6ZV90	1209	94489280644
68719477941	107374182401	ZW52	ZW52	bmFwaV9lbnY=	1209	111669149938
68719477942	107374182401	YXJndg==	YXJndg==	bmFwaV92YWx1ZVsyXQ==	1209	94489280642
68719477943	107374182401	TlVMTA==	PHVua25vd24+IE5VTEw=	QU5Z	1209	94489280810
68719477944	107374182401	bG9jYXRpb25fc2l6ZQ==	bG9jYXRpb25fc2l6ZQ==	c2l6ZV90	1209	94489280644
68719477945	107374182401	bmFwaV9vaw==	bmFwaV9vaw==	QU5Z	1209	94489280811
68719477946	107374182401	ZW52	ZW52	bmFwaV9lbnY=	1209	111669149938
68719477947	107374182401	TlVMTA==	PHVua25vd24+IE5VTEw=	QU5Z	1209	94489280810
68719477948	107374182401	TlVMTA==	PHVua25vd24+IE5VTEw=	QU5Z	1209	94489280810
68719477949	107374182401	bG9jYXRpb24=	TkFQSV9BUkdWX1VURjhfTkVXKGxvY2F0aW9uLCAwKQ==	Y2hhcio=	1209	94489280645
68719477950	107374182401	Y2hhcg==	Y2hhcg==	Y2hhcg==	1209	94489280812
68719477951	107374182401	bG9jYXRpb25fc2l6ZQ==	bG9jYXRpb25fc2l6ZQ==	c2l6ZV90	1209	94489280644
68719477952	107374182401	ZW52	ZW52	bmFwaV9lbnY=	1209	111669149938
68719477953	107374182401	YXJndg==	YXJndg==	bmFwaV92YWx1ZVsyXQ==	1209	94489280642
68719477954	107374182401	bG9jYXRpb24=	bG9jYXRpb24=	Y2hhcio=	1209	94489280645
68719477955	107374182401	bG9jYXRpb25fc2l6ZQ==	bG9jYXRpb25fc2l6ZQ==	c2l6ZV90	1209	94489280644
68719477956	107374182401	bG9jYXRpb25fc2l6ZQ==	bG9jYXRpb25fc2l6ZQ==	c2l6ZV90	1209	94489280644
68719477957	107374182401	bmFwaV9vaw==	bmFwaV9vaw==	QU5Z	1209	94489280811
68719477958	107374182401	ZW52	ZW52	bmFwaV9lbnY=	1209	111669149938
68719477959	107374182401	TlVMTA==	PHVua25vd24+IE5VTEw=	QU5Z	1209	94489280810
68719477960	107374182401	TlVMTA==	PHVua25vd24+IE5VTEw=	QU5Z	1209	94489280810
68719477961	107374182401	bG9jYXRpb24=	bG9jYXRpb24=	Y2hhcio=	1209	94489280645
68719477962	107374182401	bG9jYXRpb25fc2l6ZQ==	bG9jYXRpb25fc2l6ZQ==	c2l6ZV90	1209	94489280644
68719477963	107374182401	Y2FsbGJhY2s=	Y2FsbGJhY2s=	bmFwaV92YWx1ZQ==	1210	94489280646
68719477964	107374182401	YXJndg==	YXJndg==	bmFwaV92YWx1ZVsyXQ==	1210	94489280642
68719477965	107374182401	d29ya2Vy	d29ya2Vy	UmVwYWlyV29ya2VyKg==	1212	94489280647
68719477966	107374182401	PHRtcD4w	PHRtcD4w	UmVwYWlyV29ya2Vy	1212	94489280809
68719477967	107374182401	PHRtcD4w	PHRtcD4w	UmVwYWlyV29ya2Vy	1212	94489280809
68719477968	107374182401	ZW52	ZW52	bmFwaV9lbnY=	1212	111669149938
68719477969	107374182401	bG9jYXRpb24=	bG9jYXRpb24=	Y2hhcio=	1212	94489280645
68719477970	107374182401	Y2FsbGJhY2s=	Y2FsbGJhY2s=	bmFwaV92YWx1ZQ==	1212	94489280646
68719477971	107374182401	PHRtcD4w	PHRtcD4w	UmVwYWlyV29ya2Vy	1212	94489280809
68719477972	107374182401	d29ya2Vy	d29ya2Vy	UmVwYWlyV29ya2VyKg==	1213	94489280647
68719477973	107374182401	bG9jYXRpb24=	bG9jYXRpb24=	Y2hhcio=	1215	94489280645
68719477974	107374182401	ZGF0YQ==	ZGF0YQ==	dm9pZCo=	1224	111669149941
68719477975	107374182401	ZGF0YQ==	ZGF0YQ==	dm9pZCo=	1225	111669149941
68719477976	107374182401	YXJndg==	TkFQSV9BUkdWKDIp	bmFwaV92YWx1ZVsyXQ==	1233	94489280648
68719477977	107374182401	bmFwaV92YWx1ZVsyXQ==	bmFwaV92YWx1ZVsyXQ==	bmFwaV92YWx1ZVsyXQ==	1233	
68719477978	107374182401	YXJnYw==	TkFQSV9BUkdWKDIp	c2l6ZV90	1233	94489280649
68719477979	107374182401	ZW52	ZW52	bmFwaV9lbnY=	1233	111669149943
68719477980	107374182401	aW5mbw==	aW5mbw==	bmFwaV9jYWxsYmFja19pbmZv	1233	111669149944
68719477981	107374182401	YXJnYw==	YXJnYw==	c2l6ZV90	1233	94489280649
68719477982	107374182401	YXJndg==	YXJndg==	bmFwaV92YWx1ZVsyXQ==	1233	94489280648
68719477983	107374182401	TlVMTA==	PHVua25vd24+IE5VTEw=	QU5Z	1233	94489280802
68719477984	107374182401	TlVMTA==	PHVua25vd24+IE5VTEw=	QU5Z	1233	94489280802
68719477985	107374182401	bmFwaV9vaw==	bmFwaV9vaw==	QU5Z	1233	94489280803
68719477986	107374182401	ZW52	ZW52	bmFwaV9lbnY=	1233	111669149943
68719477987	107374182401	TlVMTA==	PHVua25vd24+IE5VTEw=	QU5Z	1233	94489280802
68719477988	107374182401	TlVMTA==	PHVua25vd24+IE5VTEw=	QU5Z	1233	94489280802
68719477989	107374182401	ZGF0YWJhc2U=	TkFQSV9EQl9DT05URVhUKCk=	RGF0YWJhc2Uq	1234	94489280650
68719477990	107374182401	TlVMTA==	PHVua25vd24+IE5VTEw=	QU5Z	1234	94489280802
68719477991	107374182401	ZW52	ZW52	bmFwaV9lbnY=	1234	111669149943
68719477992	107374182401	YXJndg==	YXJndg==	bmFwaV92YWx1ZVsyXQ==	1234	94489280648
68719477993	107374182401	ZGF0YWJhc2U=	ZGF0YWJhc2U=	RGF0YWJhc2Uq	1234	94489280650
68719477994	107374182401	bmFwaV9vaw==	bmFwaV9vaw==	QU5Z	1234	94489280803
68719477995	107374182401	ZW52	ZW52	bmFwaV9lbnY=	1234	111669149943
68719477996	107374182401	TlVMTA==	PHVua25vd24+IE5VTEw=	QU5Z	1234	94489280802
68719477997	107374182401	TlVMTA==	PHVua25vd24+IE5VTEw=	QU5Z	1234	94489280802
68719477998	107374182401	b3B0aW9ucw==	b3B0aW9ucw==	bmFwaV92YWx1ZQ==	1236	94489280651
68719477999	107374182401	YXJndg==	YXJndg==	bmFwaV92YWx1ZVsyXQ==	1236	94489280648
68719478000	107374182401	cmV2ZXJzZQ==	cmV2ZXJzZQ==	Ym9vbA==	1237	94489280652
68719478001	107374182401	ZW52	ZW52	bmFwaV9lbnY=	1237	111669149943
68719478002	107374182401	b3B0aW9ucw==	b3B0aW9ucw==	bmFwaV92YWx1ZQ==	1237	94489280651
68719478003	107374182401	a2V5cw==	a2V5cw==	Ym9vbA==	1238	94489280653
68719478004	107374182401	ZW52	ZW52	bmFwaV9lbnY=	1238	111669149943
68719478005	107374182401	b3B0aW9ucw==	b3B0aW9ucw==	bmFwaV92YWx1ZQ==	1238	94489280651
68719478006	107374182401	dmFsdWVz	dmFsdWVz	Ym9vbA==	1239	94489280654
68719478007	107374182401	ZW52	ZW52	bmFwaV9lbnY=	1239	111669149943
68719478008	107374182401	b3B0aW9ucw==	b3B0aW9ucw==	bmFwaV92YWx1ZQ==	1239	94489280651
68719478009	107374182401	ZmlsbENhY2hl	ZmlsbENhY2hl	Ym9vbA==	1240	94489280655
68719478010	107374182401	ZW52	ZW52	bmFwaV9lbnY=	1240	111669149943
68719478011	107374182401	b3B0aW9ucw==	b3B0aW9ucw==	bmFwaV92YWx1ZQ==	1240	94489280651
68719478012	107374182401	a2V5QXNCdWZmZXI=	a2V5QXNCdWZmZXI=	Ym9vbA==	1241	94489280656
68719478013	107374182401	ZW52	ZW52	bmFwaV9lbnY=	1241	111669149943
68719478014	107374182401	b3B0aW9ucw==	b3B0aW9ucw==	bmFwaV92YWx1ZQ==	1241	94489280651
68719478015	107374182401	dmFsdWVBc0J1ZmZlcg==	dmFsdWVBc0J1ZmZlcg==	Ym9vbA==	1242	94489280657
68719478016	107374182401	ZW52	ZW52	bmFwaV9lbnY=	1242	111669149943
68719478017	107374182401	b3B0aW9ucw==	b3B0aW9ucw==	bmFwaV92YWx1ZQ==	1242	94489280651
68719478018	107374182401	bGltaXQ=	bGltaXQ=	aW50	1243	94489280658
68719478019	107374182401	ZW52	ZW52	bmFwaV9lbnY=	1243	111669149943
68719478020	107374182401	b3B0aW9ucw==	b3B0aW9ucw==	bmFwaV92YWx1ZQ==	1243	94489280651
68719478021	107374182401	aGlnaFdhdGVyTWFyaw==	aGlnaFdhdGVyTWFyaw==	dWludDMyX3Q=	1244	94489280659
68719478022	107374182401	ZW52	ZW52	bmFwaV9lbnY=	1244	111669149943
68719478023	107374182401	b3B0aW9ucw==	b3B0aW9ucw==	bmFwaV92YWx1ZQ==	1244	94489280651
68719478024	107374182401	c3RhcnQ=	c3RhcnQ=	c3RkLnN0cmluZyo=	1247	94489280660
68719478025	107374182401	TlVMTA==	PHVua25vd24+IE5VTEw=	QU5Z	1247	94489280802
68719478026	107374182401	ZW5k	ZW5k	c3RkLnN0cmluZyo=	1248	94489280661
68719478027	107374182401	ZW52	ZW52	bmFwaV9lbnY=	1248	111669149943
68719478028	107374182401	b3B0aW9ucw==	b3B0aW9ucw==	bmFwaV92YWx1ZQ==	1248	94489280651
68719478029	107374182401	bHQ=	bHQ=	c3RkLnN0cmluZyo=	1249	94489280662
68719478030	107374182401	ZW52	ZW52	bmFwaV9lbnY=	1249	111669149943
68719478031	107374182401	b3B0aW9ucw==	b3B0aW9ucw==	bmFwaV92YWx1ZQ==	1249	94489280651
68719478032	107374182401	bHRl	bHRl	c3RkLnN0cmluZyo=	1250	94489280663
68719478033	107374182401	ZW52	ZW52	bmFwaV9lbnY=	1250	111669149943
68719478034	107374182401	b3B0aW9ucw==	b3B0aW9ucw==	bmFwaV92YWx1ZQ==	1250	94489280651
68719478035	107374182401	Z3Q=	Z3Q=	c3RkLnN0cmluZyo=	1251	94489280664
68719478036	107374182401	ZW52	ZW52	bmFwaV9lbnY=	1251	111669149943
68719478037	107374182401	b3B0aW9ucw==	b3B0aW9ucw==	bmFwaV92YWx1ZQ==	1251	94489280651
68719478038	107374182401	Z3Rl	Z3Rl	c3RkLnN0cmluZyo=	1252	94489280665
68719478039	107374182401	ZW52	ZW52	bmFwaV9lbnY=	1252	111669149943
68719478040	107374182401	b3B0aW9ucw==	b3B0aW9ucw==	bmFwaV92YWx1ZQ==	1252	94489280651
68719478041	107374182401	cmV2ZXJzZQ==	cmV2ZXJzZQ==	Ym9vbA==	1254	94489280652
68719478042	107374182401	Z3Rl	Z3Rl	c3RkLnN0cmluZyo=	1254	94489280665
68719478043	107374182401	TlVMTA==	PHVua25vd24+IE5VTEw=	QU5Z	1254	94489280802
68719478044	107374182401	c3RhcnQ=	c3RhcnQ=	c3RkLnN0cmluZyo=	1254	94489280660
68719478045	107374182401	PHRtcD4w	PHRtcD4w	c3RkLnN0cmluZw==	1254	94489280808
68719478046	107374182401	PHRtcD4w	PHRtcD4w	c3RkLnN0cmluZw==	1254	94489280808
68719478047	107374182401	Z3Rl	Z3Rl	c3RkLnN0cmluZyo=	1254	94489280665
68719478048	107374182401	PHRtcD4w	PHRtcD4w	c3RkLnN0cmluZw==	1254	94489280808
68719478049	107374182401	cmV2ZXJzZQ==	cmV2ZXJzZQ==	Ym9vbA==	1255	94489280652
68719478050	107374182401	Z3Q=	Z3Q=	c3RkLnN0cmluZyo=	1255	94489280664
68719478051	107374182401	TlVMTA==	PHVua25vd24+IE5VTEw=	QU5Z	1255	94489280802
68719478052	107374182401	c3RhcnQ=	c3RhcnQ=	c3RkLnN0cmluZyo=	1255	94489280660
68719478053	107374182401	PHRtcD4x	PHRtcD4x	c3RkLnN0cmluZw==	1255	94489280807
68719478054	107374182401	PHRtcD4x	PHRtcD4x	c3RkLnN0cmluZw==	1255	94489280807
68719478055	107374182401	Z3Q=	Z3Q=	c3RkLnN0cmluZyo=	1255	94489280664
68719478056	107374182401	PHRtcD4x	PHRtcD4x	c3RkLnN0cmluZw==	1255	94489280807
68719478057	107374182401	cmV2ZXJzZQ==	cmV2ZXJzZQ==	Ym9vbA==	1256	94489280652
68719478058	107374182401	bHRl	bHRl	c3RkLnN0cmluZyo=	1256	94489280663
68719478059	107374182401	TlVMTA==	PHVua25vd24+IE5VTEw=	QU5Z	1256	94489280802
68719478060	107374182401	c3RhcnQ=	c3RhcnQ=	c3RkLnN0cmluZyo=	1256	94489280660
68719478061	107374182401	PHRtcD4y	PHRtcD4y	c3RkLnN0cmluZw==	1256	94489280806
68719478062	107374182401	PHRtcD4y	PHRtcD4y	c3RkLnN0cmluZw==	1256	94489280806
68719478063	107374182401	bHRl	bHRl	c3RkLnN0cmluZyo=	1256	94489280663
68719478064	107374182401	PHRtcD4y	PHRtcD4y	c3RkLnN0cmluZw==	1256	94489280806
68719478065	107374182401	cmV2ZXJzZQ==	cmV2ZXJzZQ==	Ym9vbA==	1257	94489280652
68719478066	107374182401	bHQ=	bHQ=	c3RkLnN0cmluZyo=	1257	94489280662
68719478067	107374182401	TlVMTA==	PHVua25vd24+IE5VTEw=	QU5Z	1257	94489280802
68719478068	107374182401	c3RhcnQ=	c3RhcnQ=	c3RkLnN0cmluZyo=	1257	94489280660
68719478069	107374182401	PHRtcD4z	PHRtcD4z	c3RkLnN0cmluZw==	1257	94489280805
68719478070	107374182401	PHRtcD4z	PHRtcD4z	c3RkLnN0cmluZw==	1257	94489280805
68719478071	107374182401	bHQ=	bHQ=	c3RkLnN0cmluZyo=	1257	94489280662
68719478072	107374182401	PHRtcD4z	PHRtcD4z	c3RkLnN0cmluZw==	1257	94489280805
68719478073	107374182401	c3RhcnQ=	c3RhcnQ=	c3RkLnN0cmluZyo=	1258	94489280660
68719478074	107374182401	ZW52	ZW52	bmFwaV9lbnY=	1258	111669149943
68719478075	107374182401	b3B0aW9ucw==	b3B0aW9ucw==	bmFwaV92YWx1ZQ==	1258	94489280651
68719478076	107374182401	aWQ=	aWQ=	dWludDMyX3Q=	1260	94489280666
68719478077	107374182401	ZGF0YWJhc2U=	ZGF0YWJhc2U=	RGF0YWJhc2Uq	1260	94489280650
68719478078	107374182401	aXRlcmF0b3I=	aXRlcmF0b3I=	SXRlcmF0b3Iq	1261	94489280667
68719478079	107374182401	PHRtcD40	PHRtcD40	SXRlcmF0b3I=	1261	94489280804
68719478080	107374182401	PHRtcD40	PHRtcD40	SXRlcmF0b3I=	1261	94489280804
68719478081	107374182401	ZGF0YWJhc2U=	ZGF0YWJhc2U=	RGF0YWJhc2Uq	1261	94489280650
68719478082	107374182401	aWQ=	aWQ=	dWludDMyX3Q=	1261	94489280666
68719478083	107374182401	c3RhcnQ=	c3RhcnQ=	c3RkLnN0cmluZyo=	1261	94489280660
68719478084	107374182401	ZW5k	ZW5k	c3RkLnN0cmluZyo=	1261	94489280661
68719478085	107374182401	cmV2ZXJzZQ==	cmV2ZXJzZQ==	Ym9vbA==	1261	94489280652
68719478086	107374182401	a2V5cw==	a2V5cw==	Ym9vbA==	1261	94489280653
68719478087	107374182401	dmFsdWVz	dmFsdWVz	Ym9vbA==	1262	94489280654
68719478088	107374182401	bGltaXQ=	bGltaXQ=	aW50	1262	94489280658
68719478089	107374182401	bHQ=	bHQ=	c3RkLnN0cmluZyo=	1262	94489280662
68719478090	107374182401	bHRl	bHRl	c3RkLnN0cmluZyo=	1262	94489280663
68719478091	107374182401	Z3Q=	Z3Q=	c3RkLnN0cmluZyo=	1262	94489280664
68719478092	107374182401	Z3Rl	Z3Rl	c3RkLnN0cmluZyo=	1262	94489280665
68719478093	107374182401	ZmlsbENhY2hl	ZmlsbENhY2hl	Ym9vbA==	1262	94489280655
68719478094	107374182401	a2V5QXNCdWZmZXI=	a2V5QXNCdWZmZXI=	Ym9vbA==	1263	94489280656
68719478095	107374182401	dmFsdWVBc0J1ZmZlcg==	dmFsdWVBc0J1ZmZlcg==	Ym9vbA==	1263	94489280657
68719478096	107374182401	aGlnaFdhdGVyTWFyaw==	aGlnaFdhdGVyTWFyaw==	dWludDMyX3Q=	1263	94489280659
68719478097	107374182401	PHRtcD40	PHRtcD40	SXRlcmF0b3I=	1261	94489280804
68719478098	107374182401	ZW52	ZW52	bmFwaV9lbnY=	1267	111669149943
68719478099	107374182401	aXRlcmF0b3I=	aXRlcmF0b3I=	SXRlcmF0b3Iq	1267	94489280667
68719478100	107374182401	TlVMTA==	PHVua25vd24+IE5VTEw=	QU5Z	1267	94489280802
68719478101	107374182401	cmVzdWx0	cmVzdWx0	bmFwaV92YWx1ZQ==	1267	94489280668
68719478102	107374182401	bmFwaV9vaw==	bmFwaV9vaw==	QU5Z	1267	94489280803
68719478103	107374182401	ZW52	ZW52	bmFwaV9lbnY=	1267	111669149943
68719478104	107374182401	TlVMTA==	PHVua25vd24+IE5VTEw=	QU5Z	1267	94489280802
68719478105	107374182401	TlVMTA==	PHVua25vd24+IE5VTEw=	QU5Z	1267	94489280802
68719478106	107374182401	ZW52	ZW52	bmFwaV9lbnY=	1273	111669149943
68719478107	107374182401	cmVzdWx0	cmVzdWx0	bmFwaV92YWx1ZQ==	1273	94489280668
68719478108	107374182401	cmVm	cmVm	bmFwaV9yZWY=	1273	94489280669
68719478109	107374182401	bmFwaV9vaw==	bmFwaV9vaw==	QU5Z	1273	94489280803
68719478110	107374182401	ZW52	ZW52	bmFwaV9lbnY=	1273	111669149943
68719478111	107374182401	TlVMTA==	PHVua25vd24+IE5VTEw=	QU5Z	1273	94489280802
68719478112	107374182401	TlVMTA==	PHVua25vd24+IE5VTEw=	QU5Z	1273	94489280802
68719478113	107374182401	aXRlcmF0b3I=	aXRlcmF0b3I=	SXRlcmF0b3Iq	1274	94489280667
68719478114	107374182401	cmVm	cmVm	bmFwaV9yZWY=	1274	94489280669
68719478115	107374182401	cmVzdWx0	cmVzdWx0	bmFwaV92YWx1ZQ==	1276	94489280668
68719478116	107374182401	YXJndg==	TkFQSV9BUkdWKDIp	bmFwaV92YWx1ZVsyXQ==	1283	94489280670
68719478117	107374182401	bmFwaV92YWx1ZVsyXQ==	bmFwaV92YWx1ZVsyXQ==	bmFwaV92YWx1ZVsyXQ==	1283	
68719478118	107374182401	YXJnYw==	TkFQSV9BUkdWKDIp	c2l6ZV90	1283	94489280671
68719478119	107374182401	ZW52	ZW52	bmFwaV9lbnY=	1283	111669149945
68719478120	107374182401	aW5mbw==	aW5mbw==	bmFwaV9jYWxsYmFja19pbmZv	1283	111669149946
68719478121	107374182401	YXJnYw==	YXJnYw==	c2l6ZV90	1283	94489280671
68719478122	107374182401	YXJndg==	YXJndg==	bmFwaV92YWx1ZVsyXQ==	1283	94489280670
68719478123	107374182401	TlVMTA==	PHVua25vd24+IE5VTEw=	QU5Z	1283	94489280800
68719478124	107374182401	TlVMTA==	PHVua25vd24+IE5VTEw=	QU5Z	1283	94489280800
68719478125	107374182401	bmFwaV9vaw==	bmFwaV9vaw==	QU5Z	1283	94489280801
68719478126	107374182401	ZW52	ZW52	bmFwaV9lbnY=	1283	111669149945
68719478127	107374182401	TlVMTA==	PHVua25vd24+IE5VTEw=	QU5Z	1283	94489280800
68719478128	107374182401	TlVMTA==	PHVua25vd24+IE5VTEw=	QU5Z	1283	94489280800
68719478129	107374182401	aXRlcmF0b3I=	TkFQSV9JVEVSQVRPUl9DT05URVhUKCk=	SXRlcmF0b3Iq	1284	94489280672
68719478130	107374182401	TlVMTA==	PHVua25vd24+IE5VTEw=	QU5Z	1284	94489280800
68719478131	107374182401	ZW52	ZW52	bmFwaV9lbnY=	1284	111669149945
68719478132	107374182401	YXJndg==	YXJndg==	bmFwaV92YWx1ZVsyXQ==	1284	94489280670
68719478133	107374182401	aXRlcmF0b3I=	aXRlcmF0b3I=	SXRlcmF0b3Iq	1284	94489280672
68719478134	107374182401	bmFwaV9vaw==	bmFwaV9vaw==	QU5Z	1284	94489280801
68719478135	107374182401	ZW52	ZW52	bmFwaV9lbnY=	1284	111669149945
68719478136	107374182401	TlVMTA==	PHVua25vd24+IE5VTEw=	QU5Z	1284	94489280800
68719478137	107374182401	TlVMTA==	PHVua25vd24+IE5VTEw=	QU5Z	1284	94489280800
68719478138	107374182401	aXRlcmF0b3I=	aXRlcmF0b3I=	SXRlcmF0b3Iq	1286	94489280672
68719478139	107374182401	ZW52	ZW52	bmFwaV9lbnY=	1287	111669149945
68719478140	107374182401	TlVMTA==	PHVua25vd24+IE5VTEw=	QU5Z	1287	94489280800
68719478141	107374182401	dGFyZ2V0	dGFyZ2V0	bGV2ZWxkYi5TbGljZQ==	1290	94489280673
68719478142	107374182401	ZW52	ZW52	bmFwaV9lbnY=	1290	111669149945
68719478143	107374182401	YXJndg==	YXJndg==	bmFwaV92YWx1ZVsyXQ==	1290	94489280670
68719478144	107374182401	aXRlcmF0b3I=	aXRlcmF0b3I=	SXRlcmF0b3Iq	1291	94489280672
68719478145	107374182401	ZGJJdGVyYXRvcg==	ZGJJdGVyYXRvcg==	bGV2ZWxkYi5JdGVyYXRvcio=	1293	94489280674
68719478146	107374182401	aXRlcmF0b3I=	aXRlcmF0b3I=	SXRlcmF0b3Iq	1293	94489280672
68719478147	107374182401	dGFyZ2V0	dGFyZ2V0	bGV2ZWxkYi5TbGljZQ==	1294	94489280673
68719478148	107374182401	aXRlcmF0b3I=	aXRlcmF0b3I=	SXRlcmF0b3Iq	1295	94489280672
68719478149	107374182401	ZGJJdGVyYXRvcg==	ZGJJdGVyYXRvcg==	bGV2ZWxkYi5JdGVyYXRvcio=	1295	94489280674
68719478150	107374182401	ZGJJdGVyYXRvcg==	ZGJJdGVyYXRvcg==	bGV2ZWxkYi5JdGVyYXRvcio=	1296	94489280674
68719478151	107374182401	ZGJJdGVyYXRvcg==	ZGJJdGVyYXRvcg==	bGV2ZWxkYi5JdGVyYXRvcio=	1298	94489280674
68719478152	107374182401	dGFyZ2V0	dGFyZ2V0	bGV2ZWxkYi5TbGljZQ==	1298	94489280673
68719478153	107374182401	aXRlcmF0b3I=	aXRlcmF0b3I=	SXRlcmF0b3Iq	1301	94489280672
68719478154	107374182401	aXRlcmF0b3I=	aXRlcmF0b3I=	SXRlcmF0b3Iq	1302	94489280672
68719478155	107374182401	aXRlcmF0b3I=	aXRlcmF0b3I=	SXRlcmF0b3Iq	1304	94489280672
68719478156	107374182401	dGFyZ2V0	dGFyZ2V0	bGV2ZWxkYi5TbGljZQ==	1304	94489280673
68719478157	107374182401	aXRlcmF0b3I=	aXRlcmF0b3I=	SXRlcmF0b3Iq	1305	94489280672
68719478158	107374182401	ZGJJdGVyYXRvcg==	ZGJJdGVyYXRvcg==	bGV2ZWxkYi5JdGVyYXRvcio=	1306	94489280674
68719478159	107374182401	ZGJJdGVyYXRvcg==	ZGJJdGVyYXRvcg==	bGV2ZWxkYi5JdGVyYXRvcio=	1307	94489280674
68719478160	107374182401	ZGJJdGVyYXRvcg==	ZGJJdGVyYXRvcg==	bGV2ZWxkYi5JdGVyYXRvcio=	1309	94489280674
68719478161	107374182401	ZGJJdGVyYXRvcg==	ZGJJdGVyYXRvcg==	bGV2ZWxkYi5JdGVyYXRvcio=	1310	94489280674
68719478162	107374182401	ZGJJdGVyYXRvcg==	ZGJJdGVyYXRvcg==	bGV2ZWxkYi5JdGVyYXRvcio=	1312	94489280674
68719478163	107374182401	Y21w	Y21w	aW50	1313	94489280675
68719478164	107374182401	ZGJJdGVyYXRvcg==	ZGJJdGVyYXRvcg==	bGV2ZWxkYi5JdGVyYXRvcio=	1313	94489280674
68719478165	107374182401	dGFyZ2V0	dGFyZ2V0	bGV2ZWxkYi5TbGljZQ==	1313	94489280673
68719478166	107374182401	Y21w	Y21w	aW50	1314	94489280675
68719478167	107374182401	aXRlcmF0b3I=	aXRlcmF0b3I=	SXRlcmF0b3Iq	1314	94489280672
68719478168	107374182401	ZGJJdGVyYXRvcg==	ZGJJdGVyYXRvcg==	bGV2ZWxkYi5JdGVyYXRvcio=	1315	94489280674
68719478169	107374182401	Y21w	Y21w	aW50	1316	94489280675
68719478170	107374182401	aXRlcmF0b3I=	aXRlcmF0b3I=	SXRlcmF0b3Iq	1316	94489280672
68719478171	107374182401	ZGJJdGVyYXRvcg==	ZGJJdGVyYXRvcg==	bGV2ZWxkYi5JdGVyYXRvcio=	1317	94489280674
68719478172	107374182401	aXRlcmF0b3I=	aXRlcmF0b3I=	SXRlcmF0b3Iq	1320	94489280672
68719478173	107374182401	ZGJJdGVyYXRvcg==	ZGJJdGVyYXRvcg==	bGV2ZWxkYi5JdGVyYXRvcio=	1321	94489280674
68719478174	107374182401	ZGJJdGVyYXRvcg==	ZGJJdGVyYXRvcg==	bGV2ZWxkYi5JdGVyYXRvcio=	1323	94489280674
68719478175	107374182401	ZGJJdGVyYXRvcg==	ZGJJdGVyYXRvcg==	bGV2ZWxkYi5JdGVyYXRvcio=	1325	94489280674
68719478176	107374182401	Y21w	Y21w	aW50	1326	94489280676
68719478177	107374182401	ZGJJdGVyYXRvcg==	ZGJJdGVyYXRvcg==	bGV2ZWxkYi5JdGVyYXRvcio=	1326	94489280674
68719478178	107374182401	dGFyZ2V0	dGFyZ2V0	bGV2ZWxkYi5TbGljZQ==	1326	94489280673
68719478179	107374182401	Y21w	Y21w	aW50	1327	94489280676
68719478180	107374182401	aXRlcmF0b3I=	aXRlcmF0b3I=	SXRlcmF0b3Iq	1327	94489280672
68719478181	107374182401	ZGJJdGVyYXRvcg==	ZGJJdGVyYXRvcg==	bGV2ZWxkYi5JdGVyYXRvcio=	1328	94489280674
68719478182	107374182401	ZGJJdGVyYXRvcg==	ZGJJdGVyYXRvcg==	bGV2ZWxkYi5JdGVyYXRvcio=	1329	94489280674
68719478183	107374182401	Y21w	Y21w	aW50	1330	94489280676
68719478184	107374182401	aXRlcmF0b3I=	aXRlcmF0b3I=	SXRlcmF0b3Iq	1330	94489280672
68719478185	107374182401	ZGJJdGVyYXRvcg==	ZGJJdGVyYXRvcg==	bGV2ZWxkYi5JdGVyYXRvcio=	1331	94489280674
68719478186	107374182401	ZGJJdGVyYXRvcg==	ZGJJdGVyYXRvcg==	bGV2ZWxkYi5JdGVyYXRvcio=	1332	94489280674
68719478187	107374182401	dGFyZ2V0	dGFyZ2V0	bGV2ZWxkYi5TbGljZQ==	1337	94489280673
68719478188	107374182401	dGhpcw==	dGhpcw==	RW5kV29ya2VyKg==	1348	111669149947
68719478189	107374182401	ZW52	ZW52	bmFwaV9lbnY=	1348	111669149948
68719478190	107374182401	dGhpcw==	dGhpcw==	RW5kV29ya2VyKg==	1349	111669149947
68719478191	107374182401	aXRlcmF0b3I=	aXRlcmF0b3I=	SXRlcmF0b3Iq	1349	111669149949
68719478192	107374182401	dGhpcw==	dGhpcw==	RW5kV29ya2VyKg==	1354	111669149952
68719478193	107374182401	dGhpcw==	dGhpcw==	RW5kV29ya2VyKg==	1358	111669149953
68719478194	107374182401	dGhpcw==	dGhpcw==	RW5kV29ya2VyKg==	1358	111669149953
68719478195	107374182401	aXRlcmF0b3Jf	aXRlcmF0b3Jf	SXRlcmF0b3Iq	1362	94489280799
68719478196	107374182401	PHRtcD4w	PHRtcD4w	QU5Z	1362	94489280798
68719478197	107374182401	PHRtcD4w	PHRtcD4w	QU5Z	1362	94489280798
68719478198	107374182401	PHRtcD4w	PHRtcD4w	QU5Z	1362	94489280798
68719478199	107374182401	aXRlcmF0b3I=	aXRlcmF0b3I=	SXRlcmF0b3Iq	1370	111669149955
68719478200	107374182401	d29ya2Vy	d29ya2Vy	RW5kV29ya2VyKg==	1371	94489280677
68719478201	107374182401	PHRtcD4w	PHRtcD4w	RW5kV29ya2Vy	1371	94489280797
68719478202	107374182401	PHRtcD4w	PHRtcD4w	RW5kV29ya2Vy	1371	94489280797
68719478203	107374182401	ZW52	ZW52	bmFwaV9lbnY=	1371	111669149954
68719478204	107374182401	aXRlcmF0b3I=	aXRlcmF0b3I=	SXRlcmF0b3Iq	1371	111669149955
68719478205	107374182401	Y2I=	Y2I=	bmFwaV92YWx1ZQ==	1371	111669149956
68719478206	107374182401	PHRtcD4w	PHRtcD4w	RW5kV29ya2Vy	1371	94489280797
68719478207	107374182401	aXRlcmF0b3I=	aXRlcmF0b3I=	SXRlcmF0b3Iq	1372	111669149955
68719478208	107374182401	aXRlcmF0b3I=	aXRlcmF0b3I=	SXRlcmF0b3Iq	1374	111669149955
68719478209	107374182401	aXRlcmF0b3I=	aXRlcmF0b3I=	SXRlcmF0b3Iq	1375	111669149955
68719478210	107374182401	d29ya2Vy	d29ya2Vy	RW5kV29ya2VyKg==	1375	94489280677
68719478211	107374182401	d29ya2Vy	d29ya2Vy	RW5kV29ya2VyKg==	1377	94489280677
68719478212	107374182401	YXJndg==	TkFQSV9BUkdWKDIp	bmFwaV92YWx1ZVsyXQ==	1386	94489280678
68719478213	107374182401	bmFwaV92YWx1ZVsyXQ==	bmFwaV92YWx1ZVsyXQ==	bmFwaV92YWx1ZVsyXQ==	1386	
68719478214	107374182401	YXJnYw==	TkFQSV9BUkdWKDIp	c2l6ZV90	1386	94489280679
68719478215	107374182401	ZW52	ZW52	bmFwaV9lbnY=	1386	111669149957
68719478216	107374182401	aW5mbw==	aW5mbw==	bmFwaV9jYWxsYmFja19pbmZv	1386	111669149958
68719478217	107374182401	YXJnYw==	YXJnYw==	c2l6ZV90	1386	94489280679
68719478218	107374182401	YXJndg==	YXJndg==	bmFwaV92YWx1ZVsyXQ==	1386	94489280678
68719478219	107374182401	TlVMTA==	PHVua25vd24+IE5VTEw=	QU5Z	1386	94489280795
68719478220	107374182401	TlVMTA==	PHVua25vd24+IE5VTEw=	QU5Z	1386	94489280795
68719478221	107374182401	bmFwaV9vaw==	bmFwaV9vaw==	QU5Z	1386	94489280796
68719478222	107374182401	ZW52	ZW52	bmFwaV9lbnY=	1386	111669149957
68719478223	107374182401	TlVMTA==	PHVua25vd24+IE5VTEw=	QU5Z	1386	94489280795
68719478224	107374182401	TlVMTA==	PHVua25vd24+IE5VTEw=	QU5Z	1386	94489280795
68719478225	107374182401	aXRlcmF0b3I=	TkFQSV9JVEVSQVRPUl9DT05URVhUKCk=	SXRlcmF0b3Iq	1387	94489280680
68719478226	107374182401	TlVMTA==	PHVua25vd24+IE5VTEw=	QU5Z	1387	94489280795
68719478227	107374182401	ZW52	ZW52	bmFwaV9lbnY=	1387	111669149957
68719478228	107374182401	YXJndg==	YXJndg==	bmFwaV92YWx1ZVsyXQ==	1387	94489280678
68719478229	107374182401	aXRlcmF0b3I=	aXRlcmF0b3I=	SXRlcmF0b3Iq	1387	94489280680
68719478230	107374182401	bmFwaV9vaw==	bmFwaV9vaw==	QU5Z	1387	94489280796
68719478231	107374182401	ZW52	ZW52	bmFwaV9lbnY=	1387	111669149957
68719478232	107374182401	TlVMTA==	PHVua25vd24+IE5VTEw=	QU5Z	1387	94489280795
68719478233	107374182401	TlVMTA==	PHVua25vd24+IE5VTEw=	QU5Z	1387	94489280795
68719478234	107374182401	ZW52	ZW52	bmFwaV9lbnY=	1389	111669149957
68719478235	107374182401	aXRlcmF0b3I=	aXRlcmF0b3I=	SXRlcmF0b3Iq	1389	94489280680
68719478236	107374182401	YXJndg==	YXJndg==	bmFwaV92YWx1ZVsyXQ==	1389	94489280678
68719478237	107374182401	aXRlcmF0b3I=	aXRlcmF0b3I=	SXRlcmF0b3Iq	1399	111669149959
68719478238	107374182401	aXRlcmF0b3I=	aXRlcmF0b3I=	SXRlcmF0b3Iq	1400	111669149959
68719478239	107374182401	TlVMTA==	PHVua25vd24+IE5VTEw=	QU5Z	1400	94489280794
68719478240	107374182401	aXRlcmF0b3I=	aXRlcmF0b3I=	SXRlcmF0b3Iq	1401	111669149959
68719478241	107374182401	aXRlcmF0b3I=	aXRlcmF0b3I=	SXRlcmF0b3Iq	1402	111669149959
68719478242	107374182401	TlVMTA==	PHVua25vd24+IE5VTEw=	QU5Z	1402	94489280794
68719478243	107374182401	dGhpcw==	dGhpcw==	TmV4dFdvcmtlcio=	1414	111669149960
68719478244	107374182401	ZW52	ZW52	bmFwaV9lbnY=	1414	111669149961
68719478245	107374182401	dGhpcw==	dGhpcw==	TmV4dFdvcmtlcio=	1416	111669149960
68719478246	107374182401	aXRlcmF0b3I=	aXRlcmF0b3I=	SXRlcmF0b3Iq	1416	111669149962
68719478247	107374182401	dGhpcw==	dGhpcw==	TmV4dFdvcmtlcio=	1417	111669149960
68719478248	107374182401	bG9jYWxDYWxsYmFjaw==	bG9jYWxDYWxsYmFjaw==	dm9pZA==	1417	111669149964
68719478249	107374182401	dGhpcw==	dGhpcw==	TmV4dFdvcmtlcio=	1422	111669149966
68719478250	107374182401	dGhpcw==	dGhpcw==	TmV4dFdvcmtlcio=	1422	111669149966
68719478251	107374182401	dGhpcw==	dGhpcw==	TmV4dFdvcmtlcio=	1422	111669149966
68719478252	107374182401	dGhpcw==	dGhpcw==	TmV4dFdvcmtlcio=	1423	111669149966
68719478253	107374182401	dGhpcw==	dGhpcw==	TmV4dFdvcmtlcio=	1424	111669149966
68719478254	107374182401	YXJyYXlTaXpl	YXJyYXlTaXpl	c2l6ZV90	1429	94489280681
68719478255	107374182401	dGhpcw==	dGhpcw==	TmV4dFdvcmtlcio=	1429	111669149967
68719478256	107374182401	dGhpcw==	dGhpcw==	TmV4dFdvcmtlcio=	1431	111669149967
68719478257	107374182401	YXJyYXlTaXpl	YXJyYXlTaXpl	c2l6ZV90	1431	94489280681
68719478258	107374182401	anNBcnJheQ==	anNBcnJheQ==	bmFwaV92YWx1ZQ==	1431	94489280682
68719478259	107374182401	aWR4	aWR4	c2l6ZV90	1433	94489280683
68719478260	107374182401	aWR4	aWR4	c2l6ZV90	1433	94489280683
68719478261	107374182401	dGhpcw==	dGhpcw==	TmV4dFdvcmtlcio=	1433	111669149967
68719478262	107374182401	aWR4	aWR4	c2l6ZV90	1433	94489280683
68719478263	107374182401	c3Rk	c3Rk	c3Rk	1434	94489280793
68719478264	107374182401	c3Rk	c3Rk	c3Rk	1434	94489280793
68719478265	107374182401	c3Rk	c3Rk	c3Rk	1434	94489280793
68719478266	107374182401	cm93	PHVua25vd24+IHJvdw==	QU5Z	1434	94489280792
68719478267	107374182401	dGhpcw==	dGhpcw==	TmV4dFdvcmtlcio=	1434	111669149967
68719478268	107374182401	aWR4	aWR4	c2l6ZV90	1434	94489280683
68719478269	107374182401	a2V5	a2V5	c3RkLnN0cmluZw==	1435	94489280684
68719478270	107374182401	cm93	PHVua25vd24+IHJvdw==	QU5Z	1435	94489280792
68719478271	107374182401	dmFsdWU=	dmFsdWU=	c3RkLnN0cmluZw==	1436	94489280685
68719478272	107374182401	cm93	PHVua25vd24+IHJvdw==	QU5Z	1436	94489280792
68719478273	107374182401	dGhpcw==	dGhpcw==	TmV4dFdvcmtlcio=	1439	111669149967
68719478274	107374182401	dGhpcw==	dGhpcw==	TmV4dFdvcmtlcio=	1440	111669149967
68719478275	107374182401	a2V5	a2V5	c3RkLnN0cmluZw==	1440	94489280684
68719478276	107374182401	a2V5	a2V5	c3RkLnN0cmluZw==	1440	94489280684
68719478277	107374182401	TlVMTA==	PHVua25vd24+IE5VTEw=	QU5Z	1440	94489280791
68719478278	107374182401	cmV0dXJuS2V5	cmV0dXJuS2V5	bmFwaV92YWx1ZQ==	1440	94489280686
68719478279	107374182401	dGhpcw==	dGhpcw==	TmV4dFdvcmtlcio=	1442	111669149967
68719478280	107374182401	a2V5	a2V5	c3RkLnN0cmluZw==	1442	94489280684
68719478281	107374182401	a2V5	a2V5	c3RkLnN0cmluZw==	1442	94489280684
68719478282	107374182401	cmV0dXJuS2V5	cmV0dXJuS2V5	bmFwaV92YWx1ZQ==	1442	94489280686
68719478283	107374182401	dGhpcw==	dGhpcw==	TmV4dFdvcmtlcio=	1446	111669149967
68719478284	107374182401	dGhpcw==	dGhpcw==	TmV4dFdvcmtlcio=	1447	111669149967
68719478285	107374182401	dmFsdWU=	dmFsdWU=	c3RkLnN0cmluZw==	1447	94489280685
68719478286	107374182401	dmFsdWU=	dmFsdWU=	c3RkLnN0cmluZw==	1447	94489280685
68719478287	107374182401	TlVMTA==	PHVua25vd24+IE5VTEw=	QU5Z	1447	94489280791
68719478288	107374182401	cmV0dXJuVmFsdWU=	cmV0dXJuVmFsdWU=	bmFwaV92YWx1ZQ==	1447	94489280687
68719478289	107374182401	dGhpcw==	dGhpcw==	TmV4dFdvcmtlcio=	1449	111669149967
68719478290	107374182401	dmFsdWU=	dmFsdWU=	c3RkLnN0cmluZw==	1449	94489280685
68719478291	107374182401	dmFsdWU=	dmFsdWU=	c3RkLnN0cmluZw==	1449	94489280685
68719478292	107374182401	cmV0dXJuVmFsdWU=	cmV0dXJuVmFsdWU=	bmFwaV92YWx1ZQ==	1449	94489280687
68719478293	107374182401	dGhpcw==	dGhpcw==	TmV4dFdvcmtlcio=	1453	111669149967
68719478294	107374182401	anNBcnJheQ==	anNBcnJheQ==	bmFwaV92YWx1ZQ==	1453	94489280682
68719478295	107374182401	YXJyYXlTaXpl	YXJyYXlTaXpl	c2l6ZV90	1453	94489280681
68719478296	107374182401	aWR4	aWR4	c2l6ZV90	1453	94489280683
68719478297	107374182401	cmV0dXJuS2V5	cmV0dXJuS2V5	bmFwaV92YWx1ZQ==	1453	94489280686
68719478298	107374182401	dGhpcw==	dGhpcw==	TmV4dFdvcmtlcio=	1454	111669149967
68719478299	107374182401	anNBcnJheQ==	anNBcnJheQ==	bmFwaV92YWx1ZQ==	1454	94489280682
68719478300	107374182401	YXJyYXlTaXpl	YXJyYXlTaXpl	c2l6ZV90	1454	94489280681
68719478301	107374182401	aWR4	aWR4	c2l6ZV90	1454	94489280683
68719478302	107374182401	cmV0dXJuVmFsdWU=	cmV0dXJuVmFsdWU=	bmFwaV92YWx1ZQ==	1454	94489280687
68719478303	107374182401	dGhpcw==	dGhpcw==	TmV4dFdvcmtlcio=	1459	111669149967
68719478304	107374182401	dGhpcw==	dGhpcw==	TmV4dFdvcmtlcio=	1459	111669149967
68719478305	107374182401	YXJndg==	YXJndg==	bmFwaV92YWx1ZVszXQ==	1461	94489280688
68719478306	107374182401	bmFwaV92YWx1ZVszXQ==	bmFwaV92YWx1ZVszXQ==	bmFwaV92YWx1ZVszXQ==	1461	
68719478307	107374182401	dGhpcw==	dGhpcw==	TmV4dFdvcmtlcio=	1462	111669149967
68719478308	107374182401	YXJndg==	YXJndg==	bmFwaV92YWx1ZVszXQ==	1462	94489280688
68719478309	107374182401	YXJndg==	YXJndg==	bmFwaV92YWx1ZVszXQ==	1463	94489280688
68719478310	107374182401	anNBcnJheQ==	anNBcnJheQ==	bmFwaV92YWx1ZQ==	1463	94489280682
68719478311	107374182401	dGhpcw==	dGhpcw==	TmV4dFdvcmtlcio=	1464	111669149967
68719478312	107374182401	dGhpcw==	dGhpcw==	TmV4dFdvcmtlcio=	1464	111669149967
68719478313	107374182401	YXJndg==	YXJndg==	bmFwaV92YWx1ZVszXQ==	1464	94489280688
68719478314	107374182401	dGhpcw==	dGhpcw==	TmV4dFdvcmtlcio=	1466	111669149967
68719478315	107374182401	dGhpcw==	dGhpcw==	TmV4dFdvcmtlcio=	1466	111669149967
68719478316	107374182401	Y2FsbGJhY2s=	Y2FsbGJhY2s=	bmFwaV92YWx1ZQ==	1466	94489280689
68719478317	107374182401	dGhpcw==	dGhpcw==	TmV4dFdvcmtlcio=	1467	111669149967
68719478318	107374182401	Y2FsbGJhY2s=	Y2FsbGJhY2s=	bmFwaV92YWx1ZQ==	1467	94489280689
68719478319	107374182401	YXJndg==	YXJndg==	bmFwaV92YWx1ZVszXQ==	1467	94489280688
68719478320	107374182401	aXRlcmF0b3Jf	aXRlcmF0b3Jf	SXRlcmF0b3Iq	1470	94489280790
68719478321	107374182401	PHRtcD4w	PHRtcD4w	QU5Z	1470	94489280789
68719478322	107374182401	PHRtcD4w	PHRtcD4w	QU5Z	1470	94489280789
68719478323	107374182401	PHRtcD4w	PHRtcD4w	QU5Z	1470	94489280789
68719478324	107374182401	cmVzdWx0Xw==	cmVzdWx0Xw==	QU5Z	1473	94489280788
68719478325	107374182401	PHRtcD4x	PHRtcD4x	QU5Z	1473	94489280787
68719478326	107374182401	PHRtcD4x	PHRtcD4x	QU5Z	1473	94489280787
68719478327	107374182401	PHRtcD4x	PHRtcD4x	QU5Z	1473	94489280787
68719478328	107374182401	YXJndg==	TkFQSV9BUkdWKDIp	bmFwaV92YWx1ZVsyXQ==	1481	94489280691
68719478329	107374182401	bmFwaV92YWx1ZVsyXQ==	bmFwaV92YWx1ZVsyXQ==	bmFwaV92YWx1ZVsyXQ==	1481	
68719478330	107374182401	YXJnYw==	TkFQSV9BUkdWKDIp	c2l6ZV90	1481	94489280692
68719478331	107374182401	ZW52	ZW52	bmFwaV9lbnY=	1481	111669149968
68719478332	107374182401	aW5mbw==	aW5mbw==	bmFwaV9jYWxsYmFja19pbmZv	1481	111669149969
68719478333	107374182401	YXJnYw==	YXJnYw==	c2l6ZV90	1481	94489280692
68719478334	107374182401	YXJndg==	YXJndg==	bmFwaV92YWx1ZVsyXQ==	1481	94489280691
68719478335	107374182401	TlVMTA==	PHVua25vd24+IE5VTEw=	QU5Z	1481	94489280785
68719478336	107374182401	TlVMTA==	PHVua25vd24+IE5VTEw=	QU5Z	1481	94489280785
68719478337	107374182401	bmFwaV9vaw==	bmFwaV9vaw==	QU5Z	1481	94489280786
68719478338	107374182401	ZW52	ZW52	bmFwaV9lbnY=	1481	111669149968
68719478339	107374182401	TlVMTA==	PHVua25vd24+IE5VTEw=	QU5Z	1481	94489280785
68719478340	107374182401	TlVMTA==	PHVua25vd24+IE5VTEw=	QU5Z	1481	94489280785
68719478341	107374182401	aXRlcmF0b3I=	TkFQSV9JVEVSQVRPUl9DT05URVhUKCk=	SXRlcmF0b3Iq	1482	94489280693
68719478342	107374182401	TlVMTA==	PHVua25vd24+IE5VTEw=	QU5Z	1482	94489280785
68719478343	107374182401	ZW52	ZW52	bmFwaV9lbnY=	1482	111669149968
68719478344	107374182401	YXJndg==	YXJndg==	bmFwaV92YWx1ZVsyXQ==	1482	94489280691
68719478345	107374182401	aXRlcmF0b3I=	aXRlcmF0b3I=	SXRlcmF0b3Iq	1482	94489280693
68719478346	107374182401	bmFwaV9vaw==	bmFwaV9vaw==	QU5Z	1482	94489280786
68719478347	107374182401	ZW52	ZW52	bmFwaV9lbnY=	1482	111669149968
68719478348	107374182401	TlVMTA==	PHVua25vd24+IE5VTEw=	QU5Z	1482	94489280785
68719478349	107374182401	TlVMTA==	PHVua25vd24+IE5VTEw=	QU5Z	1482	94489280785
68719478350	107374182401	Y2FsbGJhY2s=	Y2FsbGJhY2s=	bmFwaV92YWx1ZQ==	1484	94489280694
68719478351	107374182401	YXJndg==	YXJndg==	bmFwaV92YWx1ZVsyXQ==	1484	94489280691
68719478352	107374182401	aXRlcmF0b3I=	aXRlcmF0b3I=	SXRlcmF0b3Iq	1486	94489280693
68719478353	107374182401	YXJndg==	YXJndg==	bmFwaV92YWx1ZQ==	1487	94489280695
68719478354	107374182401	ZW52	ZW52	bmFwaV9lbnY=	1487	111669149968
68719478355	107374182401	ZW52	ZW52	bmFwaV9lbnY=	1488	111669149968
68719478356	107374182401	Y2FsbGJhY2s=	Y2FsbGJhY2s=	bmFwaV92YWx1ZQ==	1488	94489280694
68719478357	107374182401	YXJndg==	YXJndg==	bmFwaV92YWx1ZQ==	1488	94489280695
68719478358	107374182401	d29ya2Vy	d29ya2Vy	TmV4dFdvcmtlcio=	1493	94489280696
68719478359	107374182401	PHRtcD4w	PHRtcD4w	TmV4dFdvcmtlcg==	1493	94489280784
68719478360	107374182401	PHRtcD4w	PHRtcD4w	TmV4dFdvcmtlcg==	1493	94489280784
68719478361	107374182401	ZW52	ZW52	bmFwaV9lbnY=	1493	111669149968
68719478362	107374182401	aXRlcmF0b3I=	aXRlcmF0b3I=	SXRlcmF0b3Iq	1493	94489280693
68719478363	107374182401	Y2FsbGJhY2s=	Y2FsbGJhY2s=	bmFwaV92YWx1ZQ==	1493	94489280694
68719478364	107374182401	PHRtcD4w	PHRtcD4w	TmV4dFdvcmtlcg==	1493	94489280784
68719478365	107374182401	aXRlcmF0b3I=	aXRlcmF0b3I=	SXRlcmF0b3Iq	1495	94489280693
68719478366	107374182401	d29ya2Vy	d29ya2Vy	TmV4dFdvcmtlcio=	1496	94489280696
68719478367	107374182401	dGhpcw==	dGhpcw==	QmF0Y2hXb3JrZXIq	1513	111669149970
68719478368	107374182401	c3luYw==	c3luYw==	Ym9vbA==	1513	111669149975
68719478369	107374182401	dGhpcw==	dGhpcw==	QmF0Y2hXb3JrZXIq	1511	111669149970
68719478370	107374182401	ZW52	ZW52	bmFwaV9lbnY=	1511	111669149971
68719478371	107374182401	dGhpcw==	dGhpcw==	QmF0Y2hXb3JrZXIq	1512	111669149970
68719478372	107374182401	YmF0Y2g=	YmF0Y2g=	bGV2ZWxkYi5Xcml0ZUJhdGNoKg==	1512	111669149974
68719478373	107374182401	dGhpcw==	dGhpcw==	QmF0Y2hXb3JrZXIq	1512	111669149970
68719478374	107374182401	aGFzRGF0YQ==	aGFzRGF0YQ==	Ym9vbA==	1512	111669149976
68719478375	107374182401	dGhpcw==	dGhpcw==	QmF0Y2hXb3JrZXIq	1517	111669149977
68719478376	107374182401	dGhpcw==	dGhpcw==	QmF0Y2hXb3JrZXIq	1521	111669149978
68719478377	107374182401	dGhpcw==	dGhpcw==	QmF0Y2hXb3JrZXIq	1522	111669149978
68719478378	107374182401	dGhpcw==	dGhpcw==	QmF0Y2hXb3JrZXIq	1522	111669149978
68719478379	107374182401	dGhpcw==	dGhpcw==	QmF0Y2hXb3JrZXIq	1522	111669149978
68719478380	107374182401	YXJndg==	TkFQSV9BUkdWKDQp	bmFwaV92YWx1ZVs0XQ==	1535	94489280697
68719478381	107374182401	bmFwaV92YWx1ZVs0XQ==	bmFwaV92YWx1ZVs0XQ==	bmFwaV92YWx1ZVs0XQ==	1535	
68719478382	107374182401	YXJnYw==	TkFQSV9BUkdWKDQp	c2l6ZV90	1535	94489280698
68719478383	107374182401	ZW52	ZW52	bmFwaV9lbnY=	1535	111669149979
68719478384	107374182401	aW5mbw==	aW5mbw==	bmFwaV9jYWxsYmFja19pbmZv	1535	111669149980
68719478385	107374182401	YXJnYw==	YXJnYw==	c2l6ZV90	1535	94489280698
68719478386	107374182401	YXJndg==	YXJndg==	bmFwaV92YWx1ZVs0XQ==	1535	94489280697
68719478387	107374182401	TlVMTA==	PHVua25vd24+IE5VTEw=	QU5Z	1535	94489280782
68719478388	107374182401	TlVMTA==	PHVua25vd24+IE5VTEw=	QU5Z	1535	94489280782
68719478389	107374182401	bmFwaV9vaw==	bmFwaV9vaw==	QU5Z	1535	94489280783
68719478390	107374182401	ZW52	ZW52	bmFwaV9lbnY=	1535	111669149979
68719478391	107374182401	TlVMTA==	PHVua25vd24+IE5VTEw=	QU5Z	1535	94489280782
68719478392	107374182401	TlVMTA==	PHVua25vd24+IE5VTEw=	QU5Z	1535	94489280782
68719478393	107374182401	ZGF0YWJhc2U=	TkFQSV9EQl9DT05URVhUKCk=	RGF0YWJhc2Uq	1536	94489280699
68719478394	107374182401	TlVMTA==	PHVua25vd24+IE5VTEw=	QU5Z	1536	94489280782
68719478395	107374182401	ZW52	ZW52	bmFwaV9lbnY=	1536	111669149979
68719478396	107374182401	YXJndg==	YXJndg==	bmFwaV92YWx1ZVs0XQ==	1536	94489280697
68719478397	107374182401	ZGF0YWJhc2U=	ZGF0YWJhc2U=	RGF0YWJhc2Uq	1536	94489280699
68719478398	107374182401	bmFwaV9vaw==	bmFwaV9vaw==	QU5Z	1536	94489280783
68719478399	107374182401	ZW52	ZW52	bmFwaV9lbnY=	1536	111669149979
68719478400	107374182401	TlVMTA==	PHVua25vd24+IE5VTEw=	QU5Z	1536	94489280782
68719478401	107374182401	TlVMTA==	PHVua25vd24+IE5VTEw=	QU5Z	1536	94489280782
68719478402	107374182401	YXJyYXk=	YXJyYXk=	bmFwaV92YWx1ZQ==	1538	94489280700
68719478403	107374182401	YXJndg==	YXJndg==	bmFwaV92YWx1ZVs0XQ==	1538	94489280697
68719478404	107374182401	c3luYw==	c3luYw==	Ym9vbA==	1539	94489280701
68719478405	107374182401	ZW52	ZW52	bmFwaV9lbnY=	1539	111669149979
68719478406	107374182401	YXJndg==	YXJndg==	bmFwaV92YWx1ZVs0XQ==	1539	94489280697
68719478407	107374182401	Y2FsbGJhY2s=	Y2FsbGJhY2s=	bmFwaV92YWx1ZQ==	1540	94489280702
68719478408	107374182401	YXJndg==	YXJndg==	bmFwaV92YWx1ZVs0XQ==	1540	94489280697
68719478409	107374182401	ZW52	ZW52	bmFwaV9lbnY=	1543	111669149979
68719478410	107374182401	YXJyYXk=	YXJyYXk=	bmFwaV92YWx1ZQ==	1543	94489280700
68719478411	107374182401	bGVuZ3Ro	bGVuZ3Ro	dWludDMyX3Q=	1543	94489280703
68719478412	107374182401	YmF0Y2g=	YmF0Y2g=	bGV2ZWxkYi5Xcml0ZUJhdGNoKg==	1545	94489280704
68719478413	107374182401	PHRtcD4w	PHRtcD4w	bGV2ZWxkYi5Xcml0ZUJhdGNo	1545	94489280781
68719478414	107374182401	PHRtcD4w	PHRtcD4w	bGV2ZWxkYi5Xcml0ZUJhdGNo	1545	94489280781
68719478415	107374182401	PHRtcD4w	PHRtcD4w	bGV2ZWxkYi5Xcml0ZUJhdGNo	1545	94489280781
68719478416	107374182401	aGFzRGF0YQ==	aGFzRGF0YQ==	Ym9vbA==	1546	94489280705
68719478417	107374182401	aQ==	aQ==	dWludDMyX3Q=	1548	94489280706
68719478418	107374182401	aQ==	aQ==	dWludDMyX3Q=	1548	94489280706
68719478419	107374182401	bGVuZ3Ro	bGVuZ3Ro	dWludDMyX3Q=	1548	94489280703
68719478420	107374182401	aQ==	aQ==	dWludDMyX3Q=	1548	94489280706
68719478421	107374182401	ZW52	ZW52	bmFwaV9lbnY=	1550	111669149979
68719478422	107374182401	YXJyYXk=	YXJyYXk=	bmFwaV92YWx1ZQ==	1550	94489280700
68719478423	107374182401	aQ==	aQ==	dWludDMyX3Q=	1550	94489280706
68719478424	107374182401	ZWxlbWVudA==	ZWxlbWVudA==	bmFwaV92YWx1ZQ==	1550	94489280707
68719478425	107374182401	ZW52	ZW52	bmFwaV9lbnY=	1552	111669149979
68719478426	107374182401	ZWxlbWVudA==	ZWxlbWVudA==	bmFwaV92YWx1ZQ==	1552	94489280707
68719478427	107374182401	dHlwZQ==	dHlwZQ==	c3RkLnN0cmluZw==	1554	94489280708
68719478428	107374182401	ZW52	ZW52	bmFwaV9lbnY=	1554	111669149979
68719478429	107374182401	ZWxlbWVudA==	ZWxlbWVudA==	bmFwaV92YWx1ZQ==	1554	94489280707
68719478430	107374182401	dHlwZQ==	dHlwZQ==	c3RkLnN0cmluZw==	1556	94489280708
68719478431	107374182401	ZW52	ZW52	bmFwaV9lbnY=	1557	111669149979
68719478432	107374182401	ZWxlbWVudA==	ZWxlbWVudA==	bmFwaV92YWx1ZQ==	1557	94489280707
68719478433	107374182401	a2V5	a2V5	bGV2ZWxkYi5TbGljZQ==	1558	94489280709
68719478434	107374182401	ZW52	ZW52	bmFwaV9lbnY=	1558	111669149979
68719478435	107374182401	ZW52	ZW52	bmFwaV9lbnY=	1558	111669149979
68719478436	107374182401	ZWxlbWVudA==	ZWxlbWVudA==	bmFwaV92YWx1ZQ==	1558	94489280707
68719478437	107374182401	YmF0Y2g=	YmF0Y2g=	bGV2ZWxkYi5Xcml0ZUJhdGNoKg==	1560	94489280704
68719478438	107374182401	a2V5	a2V5	bGV2ZWxkYi5TbGljZQ==	1560	94489280709
68719478439	107374182401	aGFzRGF0YQ==	aGFzRGF0YQ==	Ym9vbA==	1561	94489280705
68719478440	107374182401	aGFzRGF0YQ==	aGFzRGF0YQ==	Ym9vbA==	1561	94489280705
68719478441	107374182401	a2V5	a2V5	bGV2ZWxkYi5TbGljZQ==	1563	94489280709
68719478442	107374182401	dHlwZQ==	dHlwZQ==	c3RkLnN0cmluZw==	1564	94489280708
68719478443	107374182401	ZW52	ZW52	bmFwaV9lbnY=	1565	111669149979
68719478444	107374182401	ZWxlbWVudA==	ZWxlbWVudA==	bmFwaV92YWx1ZQ==	1565	94489280707
68719478445	107374182401	ZW52	ZW52	bmFwaV9lbnY=	1566	111669149979
68719478446	107374182401	ZWxlbWVudA==	ZWxlbWVudA==	bmFwaV92YWx1ZQ==	1566	94489280707
68719478447	107374182401	a2V5	a2V5	bGV2ZWxkYi5TbGljZQ==	1568	94489280710
68719478448	107374182401	ZW52	ZW52	bmFwaV9lbnY=	1568	111669149979
68719478449	107374182401	ZW52	ZW52	bmFwaV9lbnY=	1568	111669149979
68719478450	107374182401	ZWxlbWVudA==	ZWxlbWVudA==	bmFwaV92YWx1ZQ==	1568	94489280707
68719478451	107374182401	dmFsdWU=	dmFsdWU=	bGV2ZWxkYi5TbGljZQ==	1569	94489280711
68719478452	107374182401	ZW52	ZW52	bmFwaV9lbnY=	1569	111669149979
68719478453	107374182401	ZW52	ZW52	bmFwaV9lbnY=	1569	111669149979
68719478454	107374182401	ZWxlbWVudA==	ZWxlbWVudA==	bmFwaV92YWx1ZQ==	1569	94489280707
68719478455	107374182401	YmF0Y2g=	YmF0Y2g=	bGV2ZWxkYi5Xcml0ZUJhdGNoKg==	1571	94489280704
68719478456	107374182401	a2V5	a2V5	bGV2ZWxkYi5TbGljZQ==	1571	94489280710
68719478457	107374182401	dmFsdWU=	dmFsdWU=	bGV2ZWxkYi5TbGljZQ==	1571	94489280711
68719478458	107374182401	aGFzRGF0YQ==	aGFzRGF0YQ==	Ym9vbA==	1572	94489280705
68719478459	107374182401	aGFzRGF0YQ==	aGFzRGF0YQ==	Ym9vbA==	1572	94489280705
68719478460	107374182401	a2V5	a2V5	bGV2ZWxkYi5TbGljZQ==	1574	94489280710
68719478461	107374182401	dmFsdWU=	dmFsdWU=	bGV2ZWxkYi5TbGljZQ==	1575	94489280711
68719478462	107374182401	d29ya2Vy	d29ya2Vy	QmF0Y2hXb3JrZXIq	1579	94489280712
68719478463	107374182401	PHRtcD4x	PHRtcD4x	QmF0Y2hXb3JrZXI=	1579	94489280780
68719478464	107374182401	PHRtcD4x	PHRtcD4x	QmF0Y2hXb3JrZXI=	1579	94489280780
68719478465	107374182401	ZW52	ZW52	bmFwaV9lbnY=	1579	111669149979
68719478466	107374182401	ZGF0YWJhc2U=	ZGF0YWJhc2U=	RGF0YWJhc2Uq	1579	94489280699
68719478467	107374182401	Y2FsbGJhY2s=	Y2FsbGJhY2s=	bmFwaV92YWx1ZQ==	1579	94489280702
68719478468	107374182401	YmF0Y2g=	YmF0Y2g=	bGV2ZWxkYi5Xcml0ZUJhdGNoKg==	1579	94489280704
68719478469	107374182401	c3luYw==	c3luYw==	Ym9vbA==	1579	94489280701
68719478470	107374182401	aGFzRGF0YQ==	aGFzRGF0YQ==	Ym9vbA==	1579	94489280705
68719478471	107374182401	PHRtcD4x	PHRtcD4x	QmF0Y2hXb3JrZXI=	1579	94489280780
68719478472	107374182401	d29ya2Vy	d29ya2Vy	QmF0Y2hXb3JrZXIq	1580	94489280712
68719478473	107374182401	dGhpcw==	dGhpcw==	QmF0Y2gq	1590	111669149981
68719478474	107374182401	ZGF0YWJhc2U=	ZGF0YWJhc2U=	RGF0YWJhc2Uq	1590	111669149982
68719478475	107374182401	dGhpcw==	dGhpcw==	QmF0Y2gq	1591	111669149981
68719478476	107374182401	PHRtcD4w	PHRtcD4w	bGV2ZWxkYi5Xcml0ZUJhdGNo	1591	94489280779
68719478477	107374182401	PHRtcD4w	PHRtcD4w	bGV2ZWxkYi5Xcml0ZUJhdGNo	1591	94489280779
68719478478	107374182401	PHRtcD4w	PHRtcD4w	bGV2ZWxkYi5Xcml0ZUJhdGNo	1591	94489280779
68719478479	107374182401	dGhpcw==	dGhpcw==	QmF0Y2gq	1592	111669149981
68719478480	107374182401	dGhpcw==	dGhpcw==	QmF0Y2gq	1595	111669149983
68719478481	107374182401	dGhpcw==	dGhpcw==	QmF0Y2gq	1599	111669149984
68719478482	107374182401	a2V5	a2V5	bGV2ZWxkYi5TbGljZQ==	1599	111669149985
68719478483	107374182401	dmFsdWU=	dmFsdWU=	bGV2ZWxkYi5TbGljZQ==	1599	111669149986
68719478484	107374182401	dGhpcw==	dGhpcw==	QmF0Y2gq	1600	111669149984
68719478485	107374182401	dGhpcw==	dGhpcw==	QmF0Y2gq	1604	111669149987
68719478486	107374182401	a2V5	a2V5	bGV2ZWxkYi5TbGljZQ==	1604	111669149988
68719478487	107374182401	dGhpcw==	dGhpcw==	QmF0Y2gq	1605	111669149987
68719478488	107374182401	dGhpcw==	dGhpcw==	QmF0Y2gq	1609	111669149989
68719478489	107374182401	dGhpcw==	dGhpcw==	QmF0Y2gq	1610	111669149989
68719478490	107374182401	b3B0aW9ucw==	b3B0aW9ucw==	bGV2ZWxkYi5Xcml0ZU9wdGlvbnM=	1615	94489280713
68719478491	107374182401	c3luYw==	c3luYw==	Ym9vbA==	1615	111669149991
68719478492	107374182401	dGhpcw==	dGhpcw==	QmF0Y2gq	1616	111669149990
68719478493	107374182401	b3B0aW9ucw==	b3B0aW9ucw==	bGV2ZWxkYi5Xcml0ZU9wdGlvbnM=	1616	94489280713
68719478494	107374182401	dGhpcw==	dGhpcw==	QmF0Y2gq	1616	111669149990
68719478495	107374182401	ZGF0YWJhc2Vf	ZGF0YWJhc2Vf	RGF0YWJhc2Uq	1619	94489280778
68719478496	107374182401	PHRtcD4w	PHRtcD4w	QU5Z	1619	94489280777
68719478497	107374182401	PHRtcD4w	PHRtcD4w	QU5Z	1619	94489280777
68719478498	107374182401	PHRtcD4w	PHRtcD4w	QU5Z	1619	94489280777
68719478499	107374182401	ZGF0YQ==	ZGF0YQ==	dm9pZCo=	1628	111669149993
68719478500	107374182401	ZGF0YQ==	ZGF0YQ==	dm9pZCo=	1629	111669149993
68719478501	107374182401	YXJndg==	TkFQSV9BUkdWKDEp	bmFwaV92YWx1ZVsxXQ==	1637	94489280714
68719478502	107374182401	bmFwaV92YWx1ZVsxXQ==	bmFwaV92YWx1ZVsxXQ==	bmFwaV92YWx1ZVsxXQ==	1637	
68719478503	107374182401	YXJnYw==	TkFQSV9BUkdWKDEp	c2l6ZV90	1637	94489280715
68719478504	107374182401	ZW52	ZW52	bmFwaV9lbnY=	1637	111669149995
68719478505	107374182401	aW5mbw==	aW5mbw==	bmFwaV9jYWxsYmFja19pbmZv	1637	111669149996
68719478506	107374182401	YXJnYw==	YXJnYw==	c2l6ZV90	1637	94489280715
68719478507	107374182401	YXJndg==	YXJndg==	bmFwaV92YWx1ZVsxXQ==	1637	94489280714
68719478508	107374182401	TlVMTA==	PHVua25vd24+IE5VTEw=	QU5Z	1637	94489280774
68719478509	107374182401	TlVMTA==	PHVua25vd24+IE5VTEw=	QU5Z	1637	94489280774
68719478510	107374182401	bmFwaV9vaw==	bmFwaV9vaw==	QU5Z	1637	94489280775
68719478511	107374182401	ZW52	ZW52	bmFwaV9lbnY=	1637	111669149995
68719478512	107374182401	TlVMTA==	PHVua25vd24+IE5VTEw=	QU5Z	1637	94489280774
68719478513	107374182401	TlVMTA==	PHVua25vd24+IE5VTEw=	QU5Z	1637	94489280774
68719478514	107374182401	ZGF0YWJhc2U=	TkFQSV9EQl9DT05URVhUKCk=	RGF0YWJhc2Uq	1638	94489280716
68719478515	107374182401	TlVMTA==	PHVua25vd24+IE5VTEw=	QU5Z	1638	94489280774
68719478516	107374182401	ZW52	ZW52	bmFwaV9lbnY=	1638	111669149995
68719478517	107374182401	YXJndg==	YXJndg==	bmFwaV92YWx1ZVsxXQ==	1638	94489280714
68719478518	107374182401	ZGF0YWJhc2U=	ZGF0YWJhc2U=	RGF0YWJhc2Uq	1638	94489280716
68719478519	107374182401	bmFwaV9vaw==	bmFwaV9vaw==	QU5Z	1638	94489280775
68719478520	107374182401	ZW52	ZW52	bmFwaV9lbnY=	1638	111669149995
68719478521	107374182401	TlVMTA==	PHVua25vd24+IE5VTEw=	QU5Z	1638	94489280774
68719478522	107374182401	TlVMTA==	PHVua25vd24+IE5VTEw=	QU5Z	1638	94489280774
68719478523	107374182401	YmF0Y2g=	YmF0Y2g=	QmF0Y2gq	1640	94489280717
68719478524	107374182401	PHRtcD4w	PHRtcD4w	QmF0Y2g=	1640	94489280776
68719478525	107374182401	PHRtcD4w	PHRtcD4w	QmF0Y2g=	1640	94489280776
68719478526	107374182401	ZGF0YWJhc2U=	ZGF0YWJhc2U=	RGF0YWJhc2Uq	1640	94489280716
68719478527	107374182401	PHRtcD4w	PHRtcD4w	QmF0Y2g=	1640	94489280776
68719478528	107374182401	ZW52	ZW52	bmFwaV9lbnY=	1643	111669149995
68719478529	107374182401	YmF0Y2g=	YmF0Y2g=	QmF0Y2gq	1643	94489280717
68719478530	107374182401	TlVMTA==	PHVua25vd24+IE5VTEw=	QU5Z	1643	94489280774
68719478531	107374182401	cmVzdWx0	cmVzdWx0	bmFwaV92YWx1ZQ==	1643	94489280718
68719478532	107374182401	bmFwaV9vaw==	bmFwaV9vaw==	QU5Z	1643	94489280775
68719478533	107374182401	ZW52	ZW52	bmFwaV9lbnY=	1643	111669149995
68719478534	107374182401	TlVMTA==	PHVua25vd24+IE5VTEw=	QU5Z	1643	94489280774
68719478535	107374182401	TlVMTA==	PHVua25vd24+IE5VTEw=	QU5Z	1643	94489280774
68719478536	107374182401	cmVzdWx0	cmVzdWx0	bmFwaV92YWx1ZQ==	1646	94489280718
68719478537	107374182401	YXJndg==	TkFQSV9BUkdWKDMp	bmFwaV92YWx1ZVszXQ==	1653	94489280719
68719478538	107374182401	bmFwaV92YWx1ZVszXQ==	bmFwaV92YWx1ZVszXQ==	bmFwaV92YWx1ZVszXQ==	1653	
68719478539	107374182401	YXJnYw==	TkFQSV9BUkdWKDMp	c2l6ZV90	1653	94489280720
68719478540	107374182401	ZW52	ZW52	bmFwaV9lbnY=	1653	111669149997
68719478541	107374182401	aW5mbw==	aW5mbw==	bmFwaV9jYWxsYmFja19pbmZv	1653	111669149998
68719478542	107374182401	YXJnYw==	YXJnYw==	c2l6ZV90	1653	94489280720
68719478543	107374182401	YXJndg==	YXJndg==	bmFwaV92YWx1ZVszXQ==	1653	94489280719
68719478544	107374182401	TlVMTA==	PHVua25vd24+IE5VTEw=	QU5Z	1653	94489280772
68719478545	107374182401	TlVMTA==	PHVua25vd24+IE5VTEw=	QU5Z	1653	94489280772
68719478546	107374182401	bmFwaV9vaw==	bmFwaV9vaw==	QU5Z	1653	94489280773
68719478547	107374182401	ZW52	ZW52	bmFwaV9lbnY=	1653	111669149997
68719478548	107374182401	TlVMTA==	PHVua25vd24+IE5VTEw=	QU5Z	1653	94489280772
68719478549	107374182401	TlVMTA==	PHVua25vd24+IE5VTEw=	QU5Z	1653	94489280772
68719478550	107374182401	YmF0Y2g=	TkFQSV9CQVRDSF9DT05URVhUKCk=	QmF0Y2gq	1654	94489280721
68719478551	107374182401	TlVMTA==	PHVua25vd24+IE5VTEw=	QU5Z	1654	94489280772
68719478552	107374182401	ZW52	ZW52	bmFwaV9lbnY=	1654	111669149997
68719478553	107374182401	YXJndg==	YXJndg==	bmFwaV92YWx1ZVszXQ==	1654	94489280719
68719478554	107374182401	YmF0Y2g=	YmF0Y2g=	QmF0Y2gq	1654	94489280721
68719478555	107374182401	bmFwaV9vaw==	bmFwaV9vaw==	QU5Z	1654	94489280773
68719478556	107374182401	ZW52	ZW52	bmFwaV9lbnY=	1654	111669149997
68719478557	107374182401	TlVMTA==	PHVua25vd24+IE5VTEw=	QU5Z	1654	94489280772
68719478558	107374182401	TlVMTA==	PHVua25vd24+IE5VTEw=	QU5Z	1654	94489280772
68719478559	107374182401	a2V5	a2V5	bGV2ZWxkYi5TbGljZQ==	1656	94489280722
68719478560	107374182401	ZW52	ZW52	bmFwaV9lbnY=	1656	111669149997
68719478561	107374182401	YXJndg==	YXJndg==	bmFwaV92YWx1ZVszXQ==	1656	94489280719
68719478562	107374182401	dmFsdWU=	dmFsdWU=	bGV2ZWxkYi5TbGljZQ==	1657	94489280723
68719478563	107374182401	ZW52	ZW52	bmFwaV9lbnY=	1657	111669149997
68719478564	107374182401	YXJndg==	YXJndg==	bmFwaV92YWx1ZVszXQ==	1657	94489280719
68719478565	107374182401	YmF0Y2g=	YmF0Y2g=	QmF0Y2gq	1658	94489280721
68719478566	107374182401	a2V5	a2V5	bGV2ZWxkYi5TbGljZQ==	1658	94489280722
68719478567	107374182401	dmFsdWU=	dmFsdWU=	bGV2ZWxkYi5TbGljZQ==	1658	94489280723
68719478568	107374182401	a2V5	a2V5	bGV2ZWxkYi5TbGljZQ==	1659	94489280722
68719478569	107374182401	dmFsdWU=	dmFsdWU=	bGV2ZWxkYi5TbGljZQ==	1660	94489280723
68719478570	107374182401	YXJndg==	TkFQSV9BUkdWKDIp	bmFwaV92YWx1ZVsyXQ==	1669	94489280724
68719478571	107374182401	bmFwaV92YWx1ZVsyXQ==	bmFwaV92YWx1ZVsyXQ==	bmFwaV92YWx1ZVsyXQ==	1669	
68719478572	107374182401	YXJnYw==	TkFQSV9BUkdWKDIp	c2l6ZV90	1669	94489280725
68719478573	107374182401	ZW52	ZW52	bmFwaV9lbnY=	1669	111669149999
68719478574	107374182401	aW5mbw==	aW5mbw==	bmFwaV9jYWxsYmFja19pbmZv	1669	111669150000
68719478575	107374182401	YXJnYw==	YXJnYw==	c2l6ZV90	1669	94489280725
68719478576	107374182401	YXJndg==	YXJndg==	bmFwaV92YWx1ZVsyXQ==	1669	94489280724
68719478577	107374182401	TlVMTA==	PHVua25vd24+IE5VTEw=	QU5Z	1669	94489280770
68719478578	107374182401	TlVMTA==	PHVua25vd24+IE5VTEw=	QU5Z	1669	94489280770
68719478579	107374182401	bmFwaV9vaw==	bmFwaV9vaw==	QU5Z	1669	94489280771
68719478580	107374182401	ZW52	ZW52	bmFwaV9lbnY=	1669	111669149999
68719478581	107374182401	TlVMTA==	PHVua25vd24+IE5VTEw=	QU5Z	1669	94489280770
68719478582	107374182401	TlVMTA==	PHVua25vd24+IE5VTEw=	QU5Z	1669	94489280770
68719478583	107374182401	YmF0Y2g=	TkFQSV9CQVRDSF9DT05URVhUKCk=	QmF0Y2gq	1670	94489280726
68719478584	107374182401	TlVMTA==	PHVua25vd24+IE5VTEw=	QU5Z	1670	94489280770
68719478585	107374182401	ZW52	ZW52	bmFwaV9lbnY=	1670	111669149999
68719478586	107374182401	YXJndg==	YXJndg==	bmFwaV92YWx1ZVsyXQ==	1670	94489280724
68719478587	107374182401	YmF0Y2g=	YmF0Y2g=	QmF0Y2gq	1670	94489280726
68719478588	107374182401	bmFwaV9vaw==	bmFwaV9vaw==	QU5Z	1670	94489280771
68719478589	107374182401	ZW52	ZW52	bmFwaV9lbnY=	1670	111669149999
68719478590	107374182401	TlVMTA==	PHVua25vd24+IE5VTEw=	QU5Z	1670	94489280770
68719478591	107374182401	TlVMTA==	PHVua25vd24+IE5VTEw=	QU5Z	1670	94489280770
68719478592	107374182401	a2V5	a2V5	bGV2ZWxkYi5TbGljZQ==	1672	94489280727
68719478593	107374182401	ZW52	ZW52	bmFwaV9lbnY=	1672	111669149999
68719478594	107374182401	YXJndg==	YXJndg==	bmFwaV92YWx1ZVsyXQ==	1672	94489280724
68719478595	107374182401	YmF0Y2g=	YmF0Y2g=	QmF0Y2gq	1673	94489280726
68719478596	107374182401	a2V5	a2V5	bGV2ZWxkYi5TbGljZQ==	1673	94489280727
68719478597	107374182401	a2V5	a2V5	bGV2ZWxkYi5TbGljZQ==	1674	94489280727
68719478598	107374182401	YXJndg==	TkFQSV9BUkdWKDEp	bmFwaV92YWx1ZVsxXQ==	1683	94489280728
68719478599	107374182401	bmFwaV92YWx1ZVsxXQ==	bmFwaV92YWx1ZVsxXQ==	bmFwaV92YWx1ZVsxXQ==	1683	
68719478600	107374182401	YXJnYw==	TkFQSV9BUkdWKDEp	c2l6ZV90	1683	94489280729
68719478601	107374182401	ZW52	ZW52	bmFwaV9lbnY=	1683	111669150001
68719478602	107374182401	aW5mbw==	aW5mbw==	bmFwaV9jYWxsYmFja19pbmZv	1683	111669150002
68719478603	107374182401	YXJnYw==	YXJnYw==	c2l6ZV90	1683	94489280729
68719478604	107374182401	YXJndg==	YXJndg==	bmFwaV92YWx1ZVsxXQ==	1683	94489280728
68719478605	107374182401	TlVMTA==	PHVua25vd24+IE5VTEw=	QU5Z	1683	94489280768
68719478606	107374182401	TlVMTA==	PHVua25vd24+IE5VTEw=	QU5Z	1683	94489280768
68719478607	107374182401	bmFwaV9vaw==	bmFwaV9vaw==	QU5Z	1683	94489280769
68719478608	107374182401	ZW52	ZW52	bmFwaV9lbnY=	1683	111669150001
68719478609	107374182401	TlVMTA==	PHVua25vd24+IE5VTEw=	QU5Z	1683	94489280768
68719478610	107374182401	TlVMTA==	PHVua25vd24+IE5VTEw=	QU5Z	1683	94489280768
68719478611	107374182401	YmF0Y2g=	TkFQSV9CQVRDSF9DT05URVhUKCk=	QmF0Y2gq	1684	94489280730
68719478612	107374182401	TlVMTA==	PHVua25vd24+IE5VTEw=	QU5Z	1684	94489280768
68719478613	107374182401	ZW52	ZW52	bmFwaV9lbnY=	1684	111669150001
68719478614	107374182401	YXJndg==	YXJndg==	bmFwaV92YWx1ZVsxXQ==	1684	94489280728
68719478615	107374182401	YmF0Y2g=	YmF0Y2g=	QmF0Y2gq	1684	94489280730
68719478616	107374182401	bmFwaV9vaw==	bmFwaV9vaw==	QU5Z	1684	94489280769
68719478617	107374182401	ZW52	ZW52	bmFwaV9lbnY=	1684	111669150001
68719478618	107374182401	TlVMTA==	PHVua25vd24+IE5VTEw=	QU5Z	1684	94489280768
68719478619	107374182401	TlVMTA==	PHVua25vd24+IE5VTEw=	QU5Z	1684	94489280768
68719478620	107374182401	YmF0Y2g=	YmF0Y2g=	QmF0Y2gq	1686	94489280730
68719478621	107374182401	dGhpcw==	dGhpcw==	QmF0Y2hXcml0ZVdvcmtlcio=	1704	111669150003
68719478622	107374182401	Y29udGV4dA==	Y29udGV4dA==	bmFwaV92YWx1ZQ==	1704	111669150005
68719478623	107374182401	dGhpcw==	dGhpcw==	QmF0Y2hXcml0ZVdvcmtlcio=	1704	111669150003
68719478624	107374182401	bmFwaV9vaw==	bmFwaV9vaw==	QU5Z	1704	94489280767
68719478625	107374182401	ZW52	ZW52	bmFwaV9lbnY=	1704	111669150004
68719478626	107374182401	TlVMTA==	PHVua25vd24+IE5VTEw=	QU5Z	1704	94489280766
68719478627	107374182401	dGhpcw==	dGhpcw==	QmF0Y2hXcml0ZVdvcmtlcio=	1700	111669150003
68719478628	107374182401	ZW52	ZW52	bmFwaV9lbnY=	1700	111669150004
68719478629	107374182401	dGhpcw==	dGhpcw==	QmF0Y2hXcml0ZVdvcmtlcio=	1701	111669150003
68719478630	107374182401	YmF0Y2g=	YmF0Y2g=	QmF0Y2gq	1701	111669150006
68719478631	107374182401	dGhpcw==	dGhpcw==	QmF0Y2hXcml0ZVdvcmtlcio=	1702	111669150003
68719478632	107374182401	c3luYw==	c3luYw==	Ym9vbA==	1702	111669150008
68719478633	107374182401	dGhpcw==	dGhpcw==	QmF0Y2hXcml0ZVdvcmtlcio=	1708	111669150009
68719478634	107374182401	dGhpcw==	dGhpcw==	QmF0Y2hXcml0ZVdvcmtlcio=	1708	111669150009
68719478635	107374182401	dGhpcw==	dGhpcw==	QmF0Y2hXcml0ZVdvcmtlcio=	1712	111669150010
68719478636	107374182401	dGhpcw==	dGhpcw==	QmF0Y2hXcml0ZVdvcmtlcio=	1713	111669150010
68719478637	107374182401	dGhpcw==	dGhpcw==	QmF0Y2hXcml0ZVdvcmtlcio=	1713	111669150010
68719478638	107374182401	YmF0Y2hf	YmF0Y2hf	QmF0Y2gq	1717	94489280765
68719478639	107374182401	PHRtcD4w	PHRtcD4w	QU5Z	1717	94489280764
68719478640	107374182401	PHRtcD4w	PHRtcD4w	QU5Z	1717	94489280764
68719478641	107374182401	PHRtcD4w	PHRtcD4w	QU5Z	1717	94489280764
68719478642	107374182401	YXJndg==	TkFQSV9BUkdWKDMp	bmFwaV92YWx1ZVszXQ==	1728	94489280731
68719478643	107374182401	bmFwaV92YWx1ZVszXQ==	bmFwaV92YWx1ZVszXQ==	bmFwaV92YWx1ZVszXQ==	1728	
68719478644	107374182401	YXJnYw==	TkFQSV9BUkdWKDMp	c2l6ZV90	1728	94489280732
68719478645	107374182401	ZW52	ZW52	bmFwaV9lbnY=	1728	111669150011
68719478646	107374182401	aW5mbw==	aW5mbw==	bmFwaV9jYWxsYmFja19pbmZv	1728	111669150012
68719478647	107374182401	YXJnYw==	YXJnYw==	c2l6ZV90	1728	94489280732
68719478648	107374182401	YXJndg==	YXJndg==	bmFwaV92YWx1ZVszXQ==	1728	94489280731
68719478649	107374182401	TlVMTA==	PHVua25vd24+IE5VTEw=	QU5Z	1728	94489280762
68719478650	107374182401	TlVMTA==	PHVua25vd24+IE5VTEw=	QU5Z	1728	94489280762
68719478651	107374182401	bmFwaV9vaw==	bmFwaV9vaw==	QU5Z	1728	94489280763
68719478652	107374182401	ZW52	ZW52	bmFwaV9lbnY=	1728	111669150011
68719478653	107374182401	TlVMTA==	PHVua25vd24+IE5VTEw=	QU5Z	1728	94489280762
68719478654	107374182401	TlVMTA==	PHVua25vd24+IE5VTEw=	QU5Z	1728	94489280762
68719478655	107374182401	YmF0Y2g=	TkFQSV9CQVRDSF9DT05URVhUKCk=	QmF0Y2gq	1729	94489280733
68719478656	107374182401	TlVMTA==	PHVua25vd24+IE5VTEw=	QU5Z	1729	94489280762
68719478657	107374182401	ZW52	ZW52	bmFwaV9lbnY=	1729	111669150011
68719478658	107374182401	YXJndg==	YXJndg==	bmFwaV92YWx1ZVszXQ==	1729	94489280731
68719478659	107374182401	YmF0Y2g=	YmF0Y2g=	QmF0Y2gq	1729	94489280733
68719478660	107374182401	bmFwaV9vaw==	bmFwaV9vaw==	QU5Z	1729	94489280763
68719478661	107374182401	ZW52	ZW52	bmFwaV9lbnY=	1729	111669150011
68719478662	107374182401	TlVMTA==	PHVua25vd24+IE5VTEw=	QU5Z	1729	94489280762
68719478663	107374182401	TlVMTA==	PHVua25vd24+IE5VTEw=	QU5Z	1729	94489280762
68719478664	107374182401	b3B0aW9ucw==	b3B0aW9ucw==	bmFwaV92YWx1ZQ==	1731	94489280734
68719478665	107374182401	YXJndg==	YXJndg==	bmFwaV92YWx1ZVszXQ==	1731	94489280731
68719478666	107374182401	c3luYw==	c3luYw==	Ym9vbA==	1732	94489280735
68719478667	107374182401	ZW52	ZW52	bmFwaV9lbnY=	1732	111669150011
68719478668	107374182401	b3B0aW9ucw==	b3B0aW9ucw==	bmFwaV92YWx1ZQ==	1732	94489280734
68719478669	107374182401	Y2FsbGJhY2s=	Y2FsbGJhY2s=	bmFwaV92YWx1ZQ==	1733	94489280736
68719478670	107374182401	YXJndg==	YXJndg==	bmFwaV92YWx1ZVszXQ==	1733	94489280731
68719478671	107374182401	d29ya2Vy	d29ya2Vy	QmF0Y2hXcml0ZVdvcmtlcio=	1735	94489280737
68719478672	107374182401	PHRtcD4w	PHRtcD4w	QmF0Y2hXcml0ZVdvcmtlcg==	1735	94489280761
68719478673	107374182401	PHRtcD4w	PHRtcD4w	QmF0Y2hXcml0ZVdvcmtlcg==	1735	94489280761
68719478674	107374182401	ZW52	ZW52	bmFwaV9lbnY=	1735	111669150011
68719478675	107374182401	YXJndg==	YXJndg==	bmFwaV92YWx1ZVszXQ==	1735	94489280731
68719478676	107374182401	YmF0Y2g=	YmF0Y2g=	QmF0Y2gq	1735	94489280733
68719478677	107374182401	Y2FsbGJhY2s=	Y2FsbGJhY2s=	bmFwaV92YWx1ZQ==	1735	94489280736
68719478678	107374182401	c3luYw==	c3luYw==	Ym9vbA==	1735	94489280735
68719478679	107374182401	PHRtcD4w	PHRtcD4w	QmF0Y2hXcml0ZVdvcmtlcg==	1735	94489280761
68719478680	107374182401	d29ya2Vy	d29ya2Vy	QmF0Y2hXcml0ZVdvcmtlcio=	1736	94489280737
68719478681	107374182401	ZW52	ZW52	bmFwaV9lbnY=	1744	111669150013
68719478682	107374182401	ZXhwb3J0cw==	ZXhwb3J0cw==	bmFwaV92YWx1ZQ==	1744	111669150014
68719478683	107374182401	ZXhwb3J0cw==	ZXhwb3J0cw==	bmFwaV92YWx1ZQ==	1744	111669150014
68719478684	107374182401	ZW52	ZW52	bmFwaV9lbnY=	1744	111669150016
68719478685	107374182401	ZXhwb3J0cw==	ZXhwb3J0cw==	bmFwaV92YWx1ZQ==	1744	111669150017
68719478686	107374182401	ZW52	ZW52	bmFwaV9lbnY=	1745	111669150018
68719478687	107374182401	TlVMTA==	PHVua25vd24+IE5VTEw=	QU5Z	1745	94489280759
68719478688	107374182401	TlVMTA==	PHVua25vd24+IE5VTEw=	QU5Z	1745	94489280759
68719478689	107374182401	ZGJfaW5pdF9mbg==	ZGJfaW5pdF9mbg==	bmFwaV92YWx1ZQ==	1745	94489280738
68719478690	107374182401	bmFwaV9vaw==	bmFwaV9vaw==	QU5Z	1745	94489280760
68719478691	107374182401	ZW52	ZW52	bmFwaV9lbnY=	1745	111669150018
68719478692	107374182401	TlVMTA==	PHVua25vd24+IE5VTEw=	QU5Z	1745	94489280759
68719478693	107374182401	ZW52	ZW52	bmFwaV9lbnY=	1745	111669150018
68719478694	107374182401	ZXhwb3J0cw==	ZXhwb3J0cw==	bmFwaV92YWx1ZQ==	1745	111669150019
68719478695	107374182401	ZGJfaW5pdF9mbg==	ZGJfaW5pdF9mbg==	bmFwaV92YWx1ZQ==	1745	94489280738
68719478696	107374182401	bmFwaV9vaw==	bmFwaV9vaw==	QU5Z	1745	94489280760
68719478697	107374182401	ZW52	ZW52	bmFwaV9lbnY=	1745	111669150018
68719478698	107374182401	TlVMTA==	PHVua25vd24+IE5VTEw=	QU5Z	1745	94489280759
68719478699	107374182401	ZW52	ZW52	bmFwaV9lbnY=	1746	111669150018
68719478700	107374182401	TlVMTA==	PHVua25vd24+IE5VTEw=	QU5Z	1746	94489280759
68719478701	107374182401	TlVMTA==	PHVua25vd24+IE5VTEw=	QU5Z	1746	94489280759
68719478702	107374182401	ZGJfb3Blbl9mbg==	ZGJfb3Blbl9mbg==	bmFwaV92YWx1ZQ==	1746	94489280739
68719478703	107374182401	bmFwaV9vaw==	bmFwaV9vaw==	QU5Z	1746	94489280760
68719478704	107374182401	ZW52	ZW52	bmFwaV9lbnY=	1746	111669150018
68719478705	107374182401	TlVMTA==	PHVua25vd24+IE5VTEw=	QU5Z	1746	94489280759
68719478706	107374182401	ZW52	ZW52	bmFwaV9lbnY=	1746	111669150018
68719478707	107374182401	ZXhwb3J0cw==	ZXhwb3J0cw==	bmFwaV92YWx1ZQ==	1746	111669150019
68719478708	107374182401	ZGJfb3Blbl9mbg==	ZGJfb3Blbl9mbg==	bmFwaV92YWx1ZQ==	1746	94489280739
68719478709	107374182401	bmFwaV9vaw==	bmFwaV9vaw==	QU5Z	1746	94489280760
68719478710	107374182401	ZW52	ZW52	bmFwaV9lbnY=	1746	111669150018
68719478711	107374182401	TlVMTA==	PHVua25vd24+IE5VTEw=	QU5Z	1746	94489280759
68719478712	107374182401	ZW52	ZW52	bmFwaV9lbnY=	1747	111669150018
68719478713	107374182401	TlVMTA==	PHVua25vd24+IE5VTEw=	QU5Z	1747	94489280759
68719478714	107374182401	TlVMTA==	PHVua25vd24+IE5VTEw=	QU5Z	1747	94489280759
68719478715	107374182401	ZGJfY2xvc2VfZm4=	ZGJfY2xvc2VfZm4=	bmFwaV92YWx1ZQ==	1747	94489280740
68719478716	107374182401	bmFwaV9vaw==	bmFwaV9vaw==	QU5Z	1747	94489280760
68719478717	107374182401	ZW52	ZW52	bmFwaV9lbnY=	1747	111669150018
68719478718	107374182401	TlVMTA==	PHVua25vd24+IE5VTEw=	QU5Z	1747	94489280759
68719478719	107374182401	ZW52	ZW52	bmFwaV9lbnY=	1747	111669150018
68719478720	107374182401	ZXhwb3J0cw==	ZXhwb3J0cw==	bmFwaV92YWx1ZQ==	1747	111669150019
68719478721	107374182401	ZGJfY2xvc2VfZm4=	ZGJfY2xvc2VfZm4=	bmFwaV92YWx1ZQ==	1747	94489280740
68719478722	107374182401	bmFwaV9vaw==	bmFwaV9vaw==	QU5Z	1747	94489280760
68719478723	107374182401	ZW52	ZW52	bmFwaV9lbnY=	1747	111669150018
68719478724	107374182401	TlVMTA==	PHVua25vd24+IE5VTEw=	QU5Z	1747	94489280759
68719478725	107374182401	ZW52	ZW52	bmFwaV9lbnY=	1748	111669150018
68719478726	107374182401	TlVMTA==	PHVua25vd24+IE5VTEw=	QU5Z	1748	94489280759
68719478727	107374182401	TlVMTA==	PHVua25vd24+IE5VTEw=	QU5Z	1748	94489280759
68719478728	107374182401	ZGJfcHV0X2Zu	ZGJfcHV0X2Zu	bmFwaV92YWx1ZQ==	1748	94489280741
68719478729	107374182401	bmFwaV9vaw==	bmFwaV9vaw==	QU5Z	1748	94489280760
68719478730	107374182401	ZW52	ZW52	bmFwaV9lbnY=	1748	111669150018
68719478731	107374182401	TlVMTA==	PHVua25vd24+IE5VTEw=	QU5Z	1748	94489280759
68719478732	107374182401	ZW52	ZW52	bmFwaV9lbnY=	1748	111669150018
68719478733	107374182401	ZXhwb3J0cw==	ZXhwb3J0cw==	bmFwaV92YWx1ZQ==	1748	111669150019
68719478734	107374182401	ZGJfcHV0X2Zu	ZGJfcHV0X2Zu	bmFwaV92YWx1ZQ==	1748	94489280741
68719478735	107374182401	bmFwaV9vaw==	bmFwaV9vaw==	QU5Z	1748	94489280760
68719478736	107374182401	ZW52	ZW52	bmFwaV9lbnY=	1748	111669150018
68719478737	107374182401	TlVMTA==	PHVua25vd24+IE5VTEw=	QU5Z	1748	94489280759
68719478738	107374182401	ZW52	ZW52	bmFwaV9lbnY=	1749	111669150018
68719478739	107374182401	TlVMTA==	PHVua25vd24+IE5VTEw=	QU5Z	1749	94489280759
68719478740	107374182401	TlVMTA==	PHVua25vd24+IE5VTEw=	QU5Z	1749	94489280759
68719478741	107374182401	ZGJfZ2V0X2Zu	ZGJfZ2V0X2Zu	bmFwaV92YWx1ZQ==	1749	94489280742
68719478742	107374182401	bmFwaV9vaw==	bmFwaV9vaw==	QU5Z	1749	94489280760
68719478743	107374182401	ZW52	ZW52	bmFwaV9lbnY=	1749	111669150018
68719478744	107374182401	TlVMTA==	PHVua25vd24+IE5VTEw=	QU5Z	1749	94489280759
68719478745	107374182401	ZW52	ZW52	bmFwaV9lbnY=	1749	111669150018
68719478746	107374182401	ZXhwb3J0cw==	ZXhwb3J0cw==	bmFwaV92YWx1ZQ==	1749	111669150019
68719478747	107374182401	ZGJfZ2V0X2Zu	ZGJfZ2V0X2Zu	bmFwaV92YWx1ZQ==	1749	94489280742
68719478748	107374182401	bmFwaV9vaw==	bmFwaV9vaw==	QU5Z	1749	94489280760
68719478749	107374182401	ZW52	ZW52	bmFwaV9lbnY=	1749	111669150018
68719478750	107374182401	TlVMTA==	PHVua25vd24+IE5VTEw=	QU5Z	1749	94489280759
68719478751	107374182401	ZW52	ZW52	bmFwaV9lbnY=	1750	111669150018
68719478752	107374182401	TlVMTA==	PHVua25vd24+IE5VTEw=	QU5Z	1750	94489280759
68719478753	107374182401	TlVMTA==	PHVua25vd24+IE5VTEw=	QU5Z	1750	94489280759
68719478754	107374182401	ZGJfZGVsX2Zu	ZGJfZGVsX2Zu	bmFwaV92YWx1ZQ==	1750	94489280743
68719478755	107374182401	bmFwaV9vaw==	bmFwaV9vaw==	QU5Z	1750	94489280760
68719478756	107374182401	ZW52	ZW52	bmFwaV9lbnY=	1750	111669150018
68719478757	107374182401	TlVMTA==	PHVua25vd24+IE5VTEw=	QU5Z	1750	94489280759
68719478758	107374182401	ZW52	ZW52	bmFwaV9lbnY=	1750	111669150018
68719478759	107374182401	ZXhwb3J0cw==	ZXhwb3J0cw==	bmFwaV92YWx1ZQ==	1750	111669150019
68719478760	107374182401	ZGJfZGVsX2Zu	ZGJfZGVsX2Zu	bmFwaV92YWx1ZQ==	1750	94489280743
68719478761	107374182401	bmFwaV9vaw==	bmFwaV9vaw==	QU5Z	1750	94489280760
68719478762	107374182401	ZW52	ZW52	bmFwaV9lbnY=	1750	111669150018
68719478763	107374182401	TlVMTA==	PHVua25vd24+IE5VTEw=	QU5Z	1750	94489280759
68719478764	107374182401	ZW52	ZW52	bmFwaV9lbnY=	1751	111669150018
68719478765	107374182401	TlVMTA==	PHVua25vd24+IE5VTEw=	QU5Z	1751	94489280759
68719478766	107374182401	TlVMTA==	PHVua25vd24+IE5VTEw=	QU5Z	1751	94489280759
68719478767	107374182401	ZGJfYXBwcm94aW1hdGVfc2l6ZV9mbg==	ZGJfYXBwcm94aW1hdGVfc2l6ZV9mbg==	bmFwaV92YWx1ZQ==	1751	94489280744
68719478768	107374182401	bmFwaV9vaw==	bmFwaV9vaw==	QU5Z	1751	94489280760
68719478769	107374182401	ZW52	ZW52	bmFwaV9lbnY=	1751	111669150018
68719478770	107374182401	TlVMTA==	PHVua25vd24+IE5VTEw=	QU5Z	1751	94489280759
68719478771	107374182401	ZW52	ZW52	bmFwaV9lbnY=	1751	111669150018
68719478772	107374182401	ZXhwb3J0cw==	ZXhwb3J0cw==	bmFwaV92YWx1ZQ==	1751	111669150019
68719478773	107374182401	ZGJfYXBwcm94aW1hdGVfc2l6ZV9mbg==	ZGJfYXBwcm94aW1hdGVfc2l6ZV9mbg==	bmFwaV92YWx1ZQ==	1751	94489280744
68719478774	107374182401	bmFwaV9vaw==	bmFwaV9vaw==	QU5Z	1751	94489280760
68719478775	107374182401	ZW52	ZW52	bmFwaV9lbnY=	1751	111669150018
68719478776	107374182401	TlVMTA==	PHVua25vd24+IE5VTEw=	QU5Z	1751	94489280759
68719478777	107374182401	ZW52	ZW52	bmFwaV9lbnY=	1752	111669150018
68719478778	107374182401	TlVMTA==	PHVua25vd24+IE5VTEw=	QU5Z	1752	94489280759
68719478779	107374182401	TlVMTA==	PHVua25vd24+IE5VTEw=	QU5Z	1752	94489280759
68719478780	107374182401	ZGJfY29tcGFjdF9yYW5nZV9mbg==	ZGJfY29tcGFjdF9yYW5nZV9mbg==	bmFwaV92YWx1ZQ==	1752	94489280745
68719478781	107374182401	bmFwaV9vaw==	bmFwaV9vaw==	QU5Z	1752	94489280760
68719478782	107374182401	ZW52	ZW52	bmFwaV9lbnY=	1752	111669150018
68719478783	107374182401	TlVMTA==	PHVua25vd24+IE5VTEw=	QU5Z	1752	94489280759
68719478784	107374182401	ZW52	ZW52	bmFwaV9lbnY=	1752	111669150018
68719478785	107374182401	ZXhwb3J0cw==	ZXhwb3J0cw==	bmFwaV92YWx1ZQ==	1752	111669150019
68719478786	107374182401	ZGJfY29tcGFjdF9yYW5nZV9mbg==	ZGJfY29tcGFjdF9yYW5nZV9mbg==	bmFwaV92YWx1ZQ==	1752	94489280745
68719478787	107374182401	bmFwaV9vaw==	bmFwaV9vaw==	QU5Z	1752	94489280760
68719478788	107374182401	ZW52	ZW52	bmFwaV9lbnY=	1752	111669150018
68719478789	107374182401	TlVMTA==	PHVua25vd24+IE5VTEw=	QU5Z	1752	94489280759
68719478790	107374182401	ZW52	ZW52	bmFwaV9lbnY=	1753	111669150018
68719478791	107374182401	TlVMTA==	PHVua25vd24+IE5VTEw=	QU5Z	1753	94489280759
68719478792	107374182401	TlVMTA==	PHVua25vd24+IE5VTEw=	QU5Z	1753	94489280759
68719478793	107374182401	ZGJfZ2V0X3Byb3BlcnR5X2Zu	ZGJfZ2V0X3Byb3BlcnR5X2Zu	bmFwaV92YWx1ZQ==	1753	94489280746
68719478794	107374182401	bmFwaV9vaw==	bmFwaV9vaw==	QU5Z	1753	94489280760
68719478795	107374182401	ZW52	ZW52	bmFwaV9lbnY=	1753	111669150018
68719478796	107374182401	TlVMTA==	PHVua25vd24+IE5VTEw=	QU5Z	1753	94489280759
68719478797	107374182401	ZW52	ZW52	bmFwaV9lbnY=	1753	111669150018
68719478798	107374182401	ZXhwb3J0cw==	ZXhwb3J0cw==	bmFwaV92YWx1ZQ==	1753	111669150019
68719478799	107374182401	ZGJfZ2V0X3Byb3BlcnR5X2Zu	ZGJfZ2V0X3Byb3BlcnR5X2Zu	bmFwaV92YWx1ZQ==	1753	94489280746
68719478800	107374182401	bmFwaV9vaw==	bmFwaV9vaw==	QU5Z	1753	94489280760
68719478801	107374182401	ZW52	ZW52	bmFwaV9lbnY=	1753	111669150018
68719478802	107374182401	TlVMTA==	PHVua25vd24+IE5VTEw=	QU5Z	1753	94489280759
68719478803	107374182401	ZW52	ZW52	bmFwaV9lbnY=	1755	111669150018
68719478804	107374182401	TlVMTA==	PHVua25vd24+IE5VTEw=	QU5Z	1755	94489280759
68719478805	107374182401	TlVMTA==	PHVua25vd24+IE5VTEw=	QU5Z	1755	94489280759
68719478806	107374182401	ZGVzdHJveV9kYl9mbg==	ZGVzdHJveV9kYl9mbg==	bmFwaV92YWx1ZQ==	1755	94489280747
68719478807	107374182401	bmFwaV9vaw==	bmFwaV9vaw==	QU5Z	1755	94489280760
68719478808	107374182401	ZW52	ZW52	bmFwaV9lbnY=	1755	111669150018
68719478809	107374182401	TlVMTA==	PHVua25vd24+IE5VTEw=	QU5Z	1755	94489280759
68719478810	107374182401	ZW52	ZW52	bmFwaV9lbnY=	1755	111669150018
68719478811	107374182401	ZXhwb3J0cw==	ZXhwb3J0cw==	bmFwaV92YWx1ZQ==	1755	111669150019
68719478812	107374182401	ZGVzdHJveV9kYl9mbg==	ZGVzdHJveV9kYl9mbg==	bmFwaV92YWx1ZQ==	1755	94489280747
68719478813	107374182401	bmFwaV9vaw==	bmFwaV9vaw==	QU5Z	1755	94489280760
68719478814	107374182401	ZW52	ZW52	bmFwaV9lbnY=	1755	111669150018
68719478815	107374182401	TlVMTA==	PHVua25vd24+IE5VTEw=	QU5Z	1755	94489280759
68719478816	107374182401	ZW52	ZW52	bmFwaV9lbnY=	1756	111669150018
68719478817	107374182401	TlVMTA==	PHVua25vd24+IE5VTEw=	QU5Z	1756	94489280759
68719478818	107374182401	TlVMTA==	PHVua25vd24+IE5VTEw=	QU5Z	1756	94489280759
68719478819	107374182401	cmVwYWlyX2RiX2Zu	cmVwYWlyX2RiX2Zu	bmFwaV92YWx1ZQ==	1756	94489280748
68719478820	107374182401	bmFwaV9vaw==	bmFwaV9vaw==	QU5Z	1756	94489280760
68719478821	107374182401	ZW52	ZW52	bmFwaV9lbnY=	1756	111669150018
68719478822	107374182401	TlVMTA==	PHVua25vd24+IE5VTEw=	QU5Z	1756	94489280759
68719478823	107374182401	ZW52	ZW52	bmFwaV9lbnY=	1756	111669150018
68719478824	107374182401	ZXhwb3J0cw==	ZXhwb3J0cw==	bmFwaV92YWx1ZQ==	1756	111669150019
68719478825	107374182401	cmVwYWlyX2RiX2Zu	cmVwYWlyX2RiX2Zu	bmFwaV92YWx1ZQ==	1756	94489280748
68719478826	107374182401	bmFwaV9vaw==	bmFwaV9vaw==	QU5Z	1756	94489280760
68719478827	107374182401	ZW52	ZW52	bmFwaV9lbnY=	1756	111669150018
68719478828	107374182401	TlVMTA==	PHVua25vd24+IE5VTEw=	QU5Z	1756	94489280759
68719478829	107374182401	ZW52	ZW52	bmFwaV9lbnY=	1758	111669150018
68719478830	107374182401	TlVMTA==	PHVua25vd24+IE5VTEw=	QU5Z	1758	94489280759
68719478831	107374182401	TlVMTA==	PHVua25vd24+IE5VTEw=	QU5Z	1758	94489280759
68719478832	107374182401	aXRlcmF0b3JfaW5pdF9mbg==	aXRlcmF0b3JfaW5pdF9mbg==	bmFwaV92YWx1ZQ==	1758	94489280749
68719478833	107374182401	bmFwaV9vaw==	bmFwaV9vaw==	QU5Z	1758	94489280760
68719478834	107374182401	ZW52	ZW52	bmFwaV9lbnY=	1758	111669150018
68719478835	107374182401	TlVMTA==	PHVua25vd24+IE5VTEw=	QU5Z	1758	94489280759
68719478836	107374182401	ZW52	ZW52	bmFwaV9lbnY=	1758	111669150018
68719478837	107374182401	ZXhwb3J0cw==	ZXhwb3J0cw==	bmFwaV92YWx1ZQ==	1758	111669150019
68719478838	107374182401	aXRlcmF0b3JfaW5pdF9mbg==	aXRlcmF0b3JfaW5pdF9mbg==	bmFwaV92YWx1ZQ==	1758	94489280749
68719478839	107374182401	bmFwaV9vaw==	bmFwaV9vaw==	QU5Z	1758	94489280760
68719478840	107374182401	ZW52	ZW52	bmFwaV9lbnY=	1758	111669150018
68719478841	107374182401	TlVMTA==	PHVua25vd24+IE5VTEw=	QU5Z	1758	94489280759
68719478842	107374182401	ZW52	ZW52	bmFwaV9lbnY=	1759	111669150018
68719478843	107374182401	TlVMTA==	PHVua25vd24+IE5VTEw=	QU5Z	1759	94489280759
68719478844	107374182401	TlVMTA==	PHVua25vd24+IE5VTEw=	QU5Z	1759	94489280759
68719478845	107374182401	aXRlcmF0b3Jfc2Vla19mbg==	aXRlcmF0b3Jfc2Vla19mbg==	bmFwaV92YWx1ZQ==	1759	94489280750
68719478846	107374182401	bmFwaV9vaw==	bmFwaV9vaw==	QU5Z	1759	94489280760
68719478847	107374182401	ZW52	ZW52	bmFwaV9lbnY=	1759	111669150018
68719478848	107374182401	TlVMTA==	PHVua25vd24+IE5VTEw=	QU5Z	1759	94489280759
68719478849	107374182401	ZW52	ZW52	bmFwaV9lbnY=	1759	111669150018
68719478850	107374182401	ZXhwb3J0cw==	ZXhwb3J0cw==	bmFwaV92YWx1ZQ==	1759	111669150019
68719478851	107374182401	aXRlcmF0b3Jfc2Vla19mbg==	aXRlcmF0b3Jfc2Vla19mbg==	bmFwaV92YWx1ZQ==	1759	94489280750
68719478852	107374182401	bmFwaV9vaw==	bmFwaV9vaw==	QU5Z	1759	94489280760
68719478853	107374182401	ZW52	ZW52	bmFwaV9lbnY=	1759	111669150018
68719478854	107374182401	TlVMTA==	PHVua25vd24+IE5VTEw=	QU5Z	1759	94489280759
68719478855	107374182401	ZW52	ZW52	bmFwaV9lbnY=	1760	111669150018
68719478856	107374182401	TlVMTA==	PHVua25vd24+IE5VTEw=	QU5Z	1760	94489280759
68719478857	107374182401	TlVMTA==	PHVua25vd24+IE5VTEw=	QU5Z	1760	94489280759
68719478858	107374182401	aXRlcmF0b3JfZW5kX2Zu	aXRlcmF0b3JfZW5kX2Zu	bmFwaV92YWx1ZQ==	1760	94489280751
68719478859	107374182401	bmFwaV9vaw==	bmFwaV9vaw==	QU5Z	1760	94489280760
68719478860	107374182401	ZW52	ZW52	bmFwaV9lbnY=	1760	111669150018
68719478861	107374182401	TlVMTA==	PHVua25vd24+IE5VTEw=	QU5Z	1760	94489280759
68719478862	107374182401	ZW52	ZW52	bmFwaV9lbnY=	1760	111669150018
68719478863	107374182401	ZXhwb3J0cw==	ZXhwb3J0cw==	bmFwaV92YWx1ZQ==	1760	111669150019
68719478864	107374182401	aXRlcmF0b3JfZW5kX2Zu	aXRlcmF0b3JfZW5kX2Zu	bmFwaV92YWx1ZQ==	1760	94489280751
68719478865	107374182401	bmFwaV9vaw==	bmFwaV9vaw==	QU5Z	1760	94489280760
68719478866	107374182401	ZW52	ZW52	bmFwaV9lbnY=	1760	111669150018
68719478867	107374182401	TlVMTA==	PHVua25vd24+IE5VTEw=	QU5Z	1760	94489280759
68719478868	107374182401	ZW52	ZW52	bmFwaV9lbnY=	1761	111669150018
68719478869	107374182401	TlVMTA==	PHVua25vd24+IE5VTEw=	QU5Z	1761	94489280759
68719478870	107374182401	TlVMTA==	PHVua25vd24+IE5VTEw=	QU5Z	1761	94489280759
68719478871	107374182401	aXRlcmF0b3JfbmV4dF9mbg==	aXRlcmF0b3JfbmV4dF9mbg==	bmFwaV92YWx1ZQ==	1761	94489280752
68719478872	107374182401	bmFwaV9vaw==	bmFwaV9vaw==	QU5Z	1761	94489280760
68719478873	107374182401	ZW52	ZW52	bmFwaV9lbnY=	1761	111669150018
68719478874	107374182401	TlVMTA==	PHVua25vd24+IE5VTEw=	QU5Z	1761	94489280759
68719478875	107374182401	ZW52	ZW52	bmFwaV9lbnY=	1761	111669150018
68719478876	107374182401	ZXhwb3J0cw==	ZXhwb3J0cw==	bmFwaV92YWx1ZQ==	1761	111669150019
68719478877	107374182401	aXRlcmF0b3JfbmV4dF9mbg==	aXRlcmF0b3JfbmV4dF9mbg==	bmFwaV92YWx1ZQ==	1761	94489280752
68719478878	107374182401	bmFwaV9vaw==	bmFwaV9vaw==	QU5Z	1761	94489280760
68719478879	107374182401	ZW52	ZW52	bmFwaV9lbnY=	1761	111669150018
68719478880	107374182401	TlVMTA==	PHVua25vd24+IE5VTEw=	QU5Z	1761	94489280759
68719478881	107374182401	ZW52	ZW52	bmFwaV9lbnY=	1763	111669150018
68719478882	107374182401	TlVMTA==	PHVua25vd24+IE5VTEw=	QU5Z	1763	94489280759
68719478883	107374182401	TlVMTA==	PHVua25vd24+IE5VTEw=	QU5Z	1763	94489280759
68719478884	107374182401	YmF0Y2hfZG9fZm4=	YmF0Y2hfZG9fZm4=	bmFwaV92YWx1ZQ==	1763	94489280753
68719478885	107374182401	bmFwaV9vaw==	bmFwaV9vaw==	QU5Z	1763	94489280760
68719478886	107374182401	ZW52	ZW52	bmFwaV9lbnY=	1763	111669150018
68719478887	107374182401	TlVMTA==	PHVua25vd24+IE5VTEw=	QU5Z	1763	94489280759
68719478888	107374182401	ZW52	ZW52	bmFwaV9lbnY=	1763	111669150018
68719478889	107374182401	ZXhwb3J0cw==	ZXhwb3J0cw==	bmFwaV92YWx1ZQ==	1763	111669150019
68719478890	107374182401	YmF0Y2hfZG9fZm4=	YmF0Y2hfZG9fZm4=	bmFwaV92YWx1ZQ==	1763	94489280753
68719478891	107374182401	bmFwaV9vaw==	bmFwaV9vaw==	QU5Z	1763	94489280760
68719478892	107374182401	ZW52	ZW52	bmFwaV9lbnY=	1763	111669150018
68719478893	107374182401	TlVMTA==	PHVua25vd24+IE5VTEw=	QU5Z	1763	94489280759
68719478894	107374182401	ZW52	ZW52	bmFwaV9lbnY=	1764	111669150018
68719478895	107374182401	TlVMTA==	PHVua25vd24+IE5VTEw=	QU5Z	1764	94489280759
68719478896	107374182401	TlVMTA==	PHVua25vd24+IE5VTEw=	QU5Z	1764	94489280759
68719478897	107374182401	YmF0Y2hfaW5pdF9mbg==	YmF0Y2hfaW5pdF9mbg==	bmFwaV92YWx1ZQ==	1764	94489280754
68719478898	107374182401	bmFwaV9vaw==	bmFwaV9vaw==	QU5Z	1764	94489280760
68719478899	107374182401	ZW52	ZW52	bmFwaV9lbnY=	1764	111669150018
68719478900	107374182401	TlVMTA==	PHVua25vd24+IE5VTEw=	QU5Z	1764	94489280759
68719478901	107374182401	ZW52	ZW52	bmFwaV9lbnY=	1764	111669150018
68719478902	107374182401	ZXhwb3J0cw==	ZXhwb3J0cw==	bmFwaV92YWx1ZQ==	1764	111669150019
68719478903	107374182401	YmF0Y2hfaW5pdF9mbg==	YmF0Y2hfaW5pdF9mbg==	bmFwaV92YWx1ZQ==	1764	94489280754
68719478904	107374182401	bmFwaV9vaw==	bmFwaV9vaw==	QU5Z	1764	94489280760
68719478905	107374182401	ZW52	ZW52	bmFwaV9lbnY=	1764	111669150018
68719478906	107374182401	TlVMTA==	PHVua25vd24+IE5VTEw=	QU5Z	1764	94489280759
68719478907	107374182401	ZW52	ZW52	bmFwaV9lbnY=	1765	111669150018
68719478908	107374182401	TlVMTA==	PHVua25vd24+IE5VTEw=	QU5Z	1765	94489280759
68719478909	107374182401	TlVMTA==	PHVua25vd24+IE5VTEw=	QU5Z	1765	94489280759
68719478910	107374182401	YmF0Y2hfcHV0X2Zu	YmF0Y2hfcHV0X2Zu	bmFwaV92YWx1ZQ==	1765	94489280755
68719478911	107374182401	bmFwaV9vaw==	bmFwaV9vaw==	QU5Z	1765	94489280760
68719478912	107374182401	ZW52	ZW52	bmFwaV9lbnY=	1765	111669150018
68719478913	107374182401	TlVMTA==	PHVua25vd24+IE5VTEw=	QU5Z	1765	94489280759
68719478914	107374182401	ZW52	ZW52	bmFwaV9lbnY=	1765	111669150018
68719478915	107374182401	ZXhwb3J0cw==	ZXhwb3J0cw==	bmFwaV92YWx1ZQ==	1765	111669150019
68719478916	107374182401	YmF0Y2hfcHV0X2Zu	YmF0Y2hfcHV0X2Zu	bmFwaV92YWx1ZQ==	1765	94489280755
68719478917	107374182401	bmFwaV9vaw==	bmFwaV9vaw==	QU5Z	1765	94489280760
68719478918	107374182401	ZW52	ZW52	bmFwaV9lbnY=	1765	111669150018
68719478919	107374182401	TlVMTA==	PHVua25vd24+IE5VTEw=	QU5Z	1765	94489280759
68719478920	107374182401	ZW52	ZW52	bmFwaV9lbnY=	1766	111669150018
68719478921	107374182401	TlVMTA==	PHVua25vd24+IE5VTEw=	QU5Z	1766	94489280759
68719478922	107374182401	TlVMTA==	PHVua25vd24+IE5VTEw=	QU5Z	1766	94489280759
68719478923	107374182401	YmF0Y2hfZGVsX2Zu	YmF0Y2hfZGVsX2Zu	bmFwaV92YWx1ZQ==	1766	94489280756
68719478924	107374182401	bmFwaV9vaw==	bmFwaV9vaw==	QU5Z	1766	94489280760
68719478925	107374182401	ZW52	ZW52	bmFwaV9lbnY=	1766	111669150018
68719478926	107374182401	TlVMTA==	PHVua25vd24+IE5VTEw=	QU5Z	1766	94489280759
68719478927	107374182401	ZW52	ZW52	bmFwaV9lbnY=	1766	111669150018
68719478928	107374182401	ZXhwb3J0cw==	ZXhwb3J0cw==	bmFwaV92YWx1ZQ==	1766	111669150019
68719478929	107374182401	YmF0Y2hfZGVsX2Zu	YmF0Y2hfZGVsX2Zu	bmFwaV92YWx1ZQ==	1766	94489280756
68719478930	107374182401	bmFwaV9vaw==	bmFwaV9vaw==	QU5Z	1766	94489280760
68719478931	107374182401	ZW52	ZW52	bmFwaV9lbnY=	1766	111669150018
68719478932	107374182401	TlVMTA==	PHVua25vd24+IE5VTEw=	QU5Z	1766	94489280759
68719478933	107374182401	ZW52	ZW52	bmFwaV9lbnY=	1767	111669150018
68719478934	107374182401	TlVMTA==	PHVua25vd24+IE5VTEw=	QU5Z	1767	94489280759
68719478935	107374182401	TlVMTA==	PHVua25vd24+IE5VTEw=	QU5Z	1767	94489280759
68719478936	107374182401	YmF0Y2hfY2xlYXJfZm4=	YmF0Y2hfY2xlYXJfZm4=	bmFwaV92YWx1ZQ==	1767	94489280757
68719478937	107374182401	bmFwaV9vaw==	bmFwaV9vaw==	QU5Z	1767	94489280760
68719478938	107374182401	ZW52	ZW52	bmFwaV9lbnY=	1767	111669150018
68719478939	107374182401	TlVMTA==	PHVua25vd24+IE5VTEw=	QU5Z	1767	94489280759
68719478940	107374182401	ZW52	ZW52	bmFwaV9lbnY=	1767	111669150018
68719478941	107374182401	ZXhwb3J0cw==	ZXhwb3J0cw==	bmFwaV92YWx1ZQ==	1767	111669150019
68719478942	107374182401	YmF0Y2hfY2xlYXJfZm4=	YmF0Y2hfY2xlYXJfZm4=	bmFwaV92YWx1ZQ==	1767	94489280757
68719478943	107374182401	bmFwaV9vaw==	bmFwaV9vaw==	QU5Z	1767	94489280760
68719478944	107374182401	ZW52	ZW52	bmFwaV9lbnY=	1767	111669150018
68719478945	107374182401	TlVMTA==	PHVua25vd24+IE5VTEw=	QU5Z	1767	94489280759
68719478946	107374182401	ZW52	ZW52	bmFwaV9lbnY=	1768	111669150018
68719478947	107374182401	TlVMTA==	PHVua25vd24+IE5VTEw=	QU5Z	1768	94489280759
68719478948	107374182401	TlVMTA==	PHVua25vd24+IE5VTEw=	QU5Z	1768	94489280759
68719478949	107374182401	YmF0Y2hfd3JpdGVfZm4=	YmF0Y2hfd3JpdGVfZm4=	bmFwaV92YWx1ZQ==	1768	94489280758
68719478950	107374182401	bmFwaV9vaw==	bmFwaV9vaw==	QU5Z	1768	94489280760
68719478951	107374182401	ZW52	ZW52	bmFwaV9lbnY=	1768	111669150018
68719478952	107374182401	TlVMTA==	PHVua25vd24+IE5VTEw=	QU5Z	1768	94489280759
68719478953	107374182401	ZW52	ZW52	bmFwaV9lbnY=	1768	111669150018
68719478954	107374182401	ZXhwb3J0cw==	ZXhwb3J0cw==	bmFwaV92YWx1ZQ==	1768	111669150019
68719478955	107374182401	YmF0Y2hfd3JpdGVfZm4=	YmF0Y2hfd3JpdGVfZm4=	bmFwaV92YWx1ZQ==	1768	94489280758
68719478956	107374182401	bmFwaV9vaw==	bmFwaV9vaw==	QU5Z	1768	94489280760
68719478957	107374182401	ZW52	ZW52	bmFwaV9lbnY=	1768	111669150018
68719478958	107374182401	TlVMTA==	PHVua25vd24+IE5VTEw=	QU5Z	1768	94489280759
68719476741	107374182402	ZW52	ZW52	bmFwaV9lbnY=	87	111669149698
68719476742	107374182402	dmFsdWU=	dmFsdWU=	bmFwaV92YWx1ZQ==	87	111669149699
68719476743	107374182402	aXNCdWZmZXI=	aXNCdWZmZXI=	Ym9vbA==	87	94489280513
68719476744	107374182402	aXNCdWZmZXI=	aXNCdWZmZXI=	Ym9vbA==	88	94489280513
68719476745	107374182403	ZW52	ZW52	bmFwaV9lbnY=	96	111669149700
68719476746	107374182403	dmFsdWU=	dmFsdWU=	bmFwaV92YWx1ZQ==	96	111669149701
68719476747	107374182403	dHlwZQ==	dHlwZQ==	bmFwaV92YWx1ZXR5cGU=	96	94489280514
68719476748	107374182403	dHlwZQ==	dHlwZQ==	bmFwaV92YWx1ZXR5cGU=	97	94489280514
68719476749	107374182403	bmFwaV9vYmplY3Q=	bmFwaV9vYmplY3Q=	QU5Z	97	94489280883
68719476750	107374182404	ZW52	ZW52	bmFwaV9lbnY=	105	111669149702
68719476751	107374182404	c3Ry	c3Ry	Y2hhcio=	105	111669149703
68719476752	107374182404	c3Ry	c3Ry	Y2hhcio=	105	111669149703
68719476753	107374182404	bXNn	bXNn	bmFwaV92YWx1ZQ==	105	94489280515
68719476754	107374182404	ZW52	ZW52	bmFwaV9lbnY=	107	111669149702
68719476755	107374182404	TlVMTA==	PHVua25vd24+IE5VTEw=	QU5Z	107	94489280882
68719476756	107374182404	bXNn	bXNn	bmFwaV92YWx1ZQ==	107	94489280515
68719476757	107374182404	ZXJyb3I=	ZXJyb3I=	bmFwaV92YWx1ZQ==	107	94489280516
68719476758	107374182404	ZXJyb3I=	ZXJyb3I=	bmFwaV92YWx1ZQ==	108	94489280516
68719476759	107374182405	aGFz	aGFz	Ym9vbA==	115	94489280517
68719476760	107374182405	ZW52	ZW52	bmFwaV9lbnY=	116	111669149704
68719476761	107374182405	b2Jq	b2Jq	bmFwaV92YWx1ZQ==	116	111669149705
68719476762	107374182405	a2V5	a2V5	Y2hhcio=	116	111669149706
68719476763	107374182405	aGFz	aGFz	Ym9vbA==	116	94489280517
68719476764	107374182405	aGFz	aGFz	Ym9vbA==	117	94489280517
68719476765	107374182406	ZW52	ZW52	bmFwaV9lbnY=	125	111669149707
68719476766	107374182406	b2Jq	b2Jq	bmFwaV92YWx1ZQ==	125	111669149708
68719476767	107374182406	a2V5	a2V5	Y2hhcio=	125	111669149709
68719476768	107374182406	dmFsdWU=	dmFsdWU=	bmFwaV92YWx1ZQ==	125	94489280518
68719476769	107374182406	dmFsdWU=	dmFsdWU=	bmFwaV92YWx1ZQ==	126	94489280518
68719476770	107374182407	ZW52	ZW52	bmFwaV9lbnY=	135	111669149710
68719476771	107374182407	b2Jq	b2Jq	bmFwaV92YWx1ZQ==	135	111669149711
68719476772	107374182407	a2V5	a2V5	Y2hhcio=	135	111669149712
68719476773	107374182407	dmFsdWU=	dmFsdWU=	bmFwaV92YWx1ZQ==	136	94489280519
68719476774	107374182407	ZW52	ZW52	bmFwaV9lbnY=	136	111669149710
68719476775	107374182407	b2Jq	b2Jq	bmFwaV92YWx1ZQ==	136	111669149711
68719476776	107374182407	a2V5	a2V5	Y2hhcio=	136	111669149712
68719476777	107374182407	ZW52	ZW52	bmFwaV9lbnY=	138	111669149710
68719476778	107374182407	dmFsdWU=	dmFsdWU=	bmFwaV92YWx1ZQ==	138	94489280519
68719476779	107374182407	cmVzdWx0	cmVzdWx0	Ym9vbA==	138	94489280520
68719476780	107374182407	cmVzdWx0	cmVzdWx0	Ym9vbA==	139	94489280520
68719476781	107374182407	REVGQVVMVA==	REVGQVVMVA==	Ym9vbA==	142	111669149713
68719476782	107374182408	ZW52	ZW52	bmFwaV9lbnY=	151	111669149714
68719476783	107374182408	b2Jq	b2Jq	bmFwaV92YWx1ZQ==	151	111669149715
68719476784	107374182408	a2V5	a2V5	Y2hhcio=	151	111669149716
68719476785	107374182408	dmFsdWU=	dmFsdWU=	bmFwaV92YWx1ZQ==	152	94489280521
68719476786	107374182408	ZW52	ZW52	bmFwaV9lbnY=	152	111669149714
68719476787	107374182408	b2Jq	b2Jq	bmFwaV92YWx1ZQ==	152	111669149715
68719476788	107374182408	a2V5	a2V5	Y2hhcio=	152	111669149716
68719476789	107374182408	ZW52	ZW52	bmFwaV9lbnY=	154	111669149714
68719476790	107374182408	dmFsdWU=	dmFsdWU=	bmFwaV92YWx1ZQ==	154	94489280521
68719476791	107374182408	cmVzdWx0	cmVzdWx0	dWludDMyX3Q=	154	94489280522
68719476792	107374182408	cmVzdWx0	cmVzdWx0	dWludDMyX3Q=	155	94489280522
68719476793	107374182408	REVGQVVMVA==	REVGQVVMVA==	dWludDMyX3Q=	158	111669149717
68719476794	107374182409	ZW52	ZW52	bmFwaV9lbnY=	167	111669149718
68719476795	107374182409	b2Jq	b2Jq	bmFwaV92YWx1ZQ==	167	111669149719
68719476796	107374182409	a2V5	a2V5	Y2hhcio=	167	111669149720
68719476797	107374182409	dmFsdWU=	dmFsdWU=	bmFwaV92YWx1ZQ==	168	94489280523
68719476798	107374182409	ZW52	ZW52	bmFwaV9lbnY=	168	111669149718
68719476799	107374182409	b2Jq	b2Jq	bmFwaV92YWx1ZQ==	168	111669149719
68719476800	107374182409	a2V5	a2V5	Y2hhcio=	168	111669149720
68719476801	107374182409	ZW52	ZW52	bmFwaV9lbnY=	170	111669149718
68719476802	107374182409	dmFsdWU=	dmFsdWU=	bmFwaV92YWx1ZQ==	170	94489280523
68719476803	107374182409	cmVzdWx0	cmVzdWx0	aW50	170	94489280524
68719476804	107374182409	cmVzdWx0	cmVzdWx0	aW50	171	94489280524
68719476805	107374182409	REVGQVVMVA==	REVGQVVMVA==	aW50	174	111669149721
68719476806	107374182410	ZW52	ZW52	bmFwaV9lbnY=	182	111669149722
68719476807	107374182410	b2Jq	b2Jq	bmFwaV92YWx1ZQ==	182	111669149723
68719476808	107374182410	a2V5	a2V5	Y2hhcio=	182	111669149724
68719476809	107374182410	dmFsdWU=	dmFsdWU=	bmFwaV92YWx1ZQ==	183	94489280525
68719476810	107374182410	ZW52	ZW52	bmFwaV9lbnY=	183	111669149722
68719476811	107374182410	b2Jq	b2Jq	bmFwaV92YWx1ZQ==	183	111669149723
68719476812	107374182410	a2V5	a2V5	Y2hhcio=	183	111669149724
68719476813	107374182410	ZW52	ZW52	bmFwaV9lbnY=	184	111669149722
68719476814	107374182410	dmFsdWU=	dmFsdWU=	bmFwaV92YWx1ZQ==	184	94489280525
68719476815	107374182410	c2l6ZQ==	c2l6ZQ==	c2l6ZV90	185	94489280526
68719476816	107374182410	ZW52	ZW52	bmFwaV9lbnY=	186	111669149722
68719476817	107374182410	dmFsdWU=	dmFsdWU=	bmFwaV92YWx1ZQ==	186	94489280525
68719476818	107374182410	TlVMTA==	PHVua25vd24+IE5VTEw=	QU5Z	186	94489280881
68719476819	107374182410	c2l6ZQ==	c2l6ZQ==	c2l6ZV90	186	94489280526
68719476820	107374182410	YnVm	YnVm	Y2hhcio=	188	94489280527
68719476821	107374182410	Y2hhcg==	Y2hhcg==	Y2hhcg==	188	94489280880
68719476822	107374182410	c2l6ZQ==	c2l6ZQ==	c2l6ZV90	188	94489280526
68719476823	107374182410	ZW52	ZW52	bmFwaV9lbnY=	189	111669149722
68719476824	107374182410	dmFsdWU=	dmFsdWU=	bmFwaV92YWx1ZQ==	189	94489280525
68719476825	107374182410	YnVm	YnVm	Y2hhcio=	189	94489280527
68719476826	107374182410	c2l6ZQ==	c2l6ZQ==	c2l6ZV90	189	94489280526
68719476827	107374182410	c2l6ZQ==	c2l6ZQ==	c2l6ZV90	189	94489280526
68719476828	107374182410	YnVm	YnVm	Y2hhcio=	190	94489280527
68719476829	107374182410	c2l6ZQ==	c2l6ZQ==	c2l6ZV90	190	94489280526
68719476830	107374182410	cmVzdWx0	cmVzdWx0	c3RkLnN0cmluZw==	192	94489280528
68719476831	107374182410	YnVm	YnVm	Y2hhcio=	192	94489280527
68719476832	107374182410	YnVm	YnVm	Y2hhcio=	193	94489280527
68719476833	107374182410	cmVzdWx0	cmVzdWx0	c3RkLnN0cmluZw==	194	94489280528
68719476834	107374182411	c2xpY2U=	c2xpY2U=	bGV2ZWxkYi5TbGljZQ==	202	111669149725
68719476835	107374182411	c2xpY2U=	c2xpY2U=	bGV2ZWxkYi5TbGljZQ==	202	111669149725
68719476836	107374182412	dG9DaF8=	TERfU1RSSU5HX09SX0JVRkZFUl9UT19DT1BZKGVudiwgZnJvbSwgdG8p	Y2hhcio=	209	94489280529
68719476837	107374182412	dG9Tel8=	TERfU1RSSU5HX09SX0JVRkZFUl9UT19DT1BZKGVudiwgZnJvbSwgdG8p	c2l6ZV90	209	94489280530
68719476838	107374182412	ZW52	ZW52	bmFwaV9lbnY=	209	111669149726
68719476839	107374182412	ZnJvbQ==	ZnJvbQ==	bmFwaV92YWx1ZQ==	209	111669149727
68719476840	107374182412	ZW52	ZW52	bmFwaV9lbnY=	209	111669149726
68719476841	107374182412	ZnJvbQ==	ZnJvbQ==	bmFwaV92YWx1ZQ==	209	111669149727
68719476842	107374182412	TlVMTA==	PHVua25vd24+IE5VTEw=	QU5Z	209	94489280879
68719476843	107374182412	dG9Tel8=	dG9Tel8=	c2l6ZV90	209	94489280530
68719476844	107374182412	dG9DaF8=	dG9DaF8=	Y2hhcio=	209	94489280529
68719476845	107374182412	Y2hhcg==	Y2hhcg==	Y2hhcg==	209	94489280878
68719476846	107374182412	dG9Tel8=	dG9Tel8=	c2l6ZV90	209	94489280530
68719476847	107374182412	ZW52	ZW52	bmFwaV9lbnY=	209	111669149726
68719476848	107374182412	ZnJvbQ==	ZnJvbQ==	bmFwaV92YWx1ZQ==	209	111669149727
68719476849	107374182412	dG9DaF8=	dG9DaF8=	Y2hhcio=	209	94489280529
68719476850	107374182412	dG9Tel8=	dG9Tel8=	c2l6ZV90	209	94489280530
68719476851	107374182412	dG9Tel8=	dG9Tel8=	c2l6ZV90	209	94489280530
68719476852	107374182412	dG9DaF8=	dG9DaF8=	Y2hhcio=	209	94489280529
68719476853	107374182412	dG9Tel8=	dG9Tel8=	c2l6ZV90	209	94489280530
68719476854	107374182412	ZW52	ZW52	bmFwaV9lbnY=	209	111669149726
68719476855	107374182412	ZnJvbQ==	ZnJvbQ==	bmFwaV92YWx1ZQ==	209	111669149727
68719476856	107374182412	YnVm	TERfU1RSSU5HX09SX0JVRkZFUl9UT19DT1BZKGVudiwgZnJvbSwgdG8p	Y2hhcio=	209	94489280531
68719476857	107374182412	ZW52	ZW52	bmFwaV9lbnY=	209	111669149726
68719476858	107374182412	ZnJvbQ==	ZnJvbQ==	bmFwaV92YWx1ZQ==	209	111669149727
68719476859	107374182412	YnVm	YnVm	Y2hhcio=	209	94489280531
68719476860	107374182412	dG9Tel8=	dG9Tel8=	c2l6ZV90	209	94489280530
68719476861	107374182412	dG9DaF8=	dG9DaF8=	Y2hhcio=	209	94489280529
68719476862	107374182412	Y2hhcg==	Y2hhcg==	Y2hhcg==	209	94489280878
68719476863	107374182412	dG9Tel8=	dG9Tel8=	c2l6ZV90	209	94489280530
68719476864	107374182412	dG9DaF8=	dG9DaF8=	Y2hhcio=	209	94489280529
68719476865	107374182412	YnVm	YnVm	Y2hhcio=	209	94489280531
68719476866	107374182412	dG9Tel8=	dG9Tel8=	c2l6ZV90	209	94489280530
68719476867	107374182412	dG9DaF8=	dG9DaF8=	Y2hhcio=	210	94489280529
68719476868	107374182412	dG9Tel8=	dG9Tel8=	c2l6ZV90	210	94489280530
68719476869	107374182413	c2l6ZQ==	c2l6ZQ==	c2l6ZV90	217	94489280532
68719476870	107374182413	ZW52	ZW52	bmFwaV9lbnY=	219	111669149728
68719476871	107374182413	dmFsdWU=	dmFsdWU=	bmFwaV92YWx1ZQ==	219	111669149729
68719476872	107374182413	ZW52	ZW52	bmFwaV9lbnY=	220	111669149728
68719476873	107374182413	dmFsdWU=	dmFsdWU=	bmFwaV92YWx1ZQ==	220	111669149729
68719476874	107374182413	TlVMTA==	PHVua25vd24+IE5VTEw=	QU5Z	220	94489280877
68719476875	107374182413	c2l6ZQ==	c2l6ZQ==	c2l6ZV90	220	94489280532
68719476876	107374182413	ZW52	ZW52	bmFwaV9lbnY=	221	111669149728
68719476877	107374182413	dmFsdWU=	dmFsdWU=	bmFwaV92YWx1ZQ==	221	111669149729
68719476878	107374182413	ZW52	ZW52	bmFwaV9lbnY=	223	111669149728
68719476879	107374182413	dmFsdWU=	dmFsdWU=	bmFwaV92YWx1ZQ==	223	111669149729
68719476880	107374182413	YnVm	YnVm	Y2hhcio=	223	94489280533
68719476881	107374182413	c2l6ZQ==	c2l6ZQ==	c2l6ZV90	223	94489280532
68719476882	107374182413	c2l6ZQ==	c2l6ZQ==	c2l6ZV90	226	94489280532
68719476883	107374182414	ZW52	ZW52	bmFwaV9lbnY=	234	111669149730
68719476884	107374182414	b3B0cw==	b3B0cw==	bmFwaV92YWx1ZQ==	234	111669149731
68719476885	107374182414	bmFtZQ==	bmFtZQ==	Y2hhcio=	234	111669149732
68719476886	107374182414	dmFsdWU=	dmFsdWU=	bmFwaV92YWx1ZQ==	235	94489280534
68719476887	107374182414	ZW52	ZW52	bmFwaV9lbnY=	235	111669149730
68719476888	107374182414	b3B0cw==	b3B0cw==	bmFwaV92YWx1ZQ==	235	111669149731
68719476889	107374182414	bmFtZQ==	bmFtZQ==	Y2hhcio=	235	111669149732
68719476890	107374182414	ZW52	ZW52	bmFwaV9lbnY=	237	111669149730
68719476891	107374182414	dmFsdWU=	dmFsdWU=	bmFwaV92YWx1ZQ==	237	94489280534
68719476892	107374182414	dG9DaF8=	TERfU1RSSU5HX09SX0JVRkZFUl9UT19DT1BZKGVudiwgdmFsdWUsIHRvKQ==	Y2hhcio=	238	94489280535
68719476893	107374182414	dG9Tel8=	TERfU1RSSU5HX09SX0JVRkZFUl9UT19DT1BZKGVudiwgdmFsdWUsIHRvKQ==	c2l6ZV90	238	94489280536
68719476894	107374182414	ZW52	ZW52	bmFwaV9lbnY=	238	111669149730
68719476895	107374182414	dmFsdWU=	dmFsdWU=	bmFwaV92YWx1ZQ==	238	94489280534
68719476896	107374182414	ZW52	ZW52	bmFwaV9lbnY=	238	111669149730
68719476897	107374182414	dmFsdWU=	dmFsdWU=	bmFwaV92YWx1ZQ==	238	94489280534
68719476898	107374182414	TlVMTA==	PHVua25vd24+IE5VTEw=	QU5Z	238	94489280874
68719476899	107374182414	dG9Tel8=	dG9Tel8=	c2l6ZV90	238	94489280536
68719476900	107374182414	dG9DaF8=	dG9DaF8=	Y2hhcio=	238	94489280535
68719476901	107374182414	Y2hhcg==	Y2hhcg==	Y2hhcg==	238	94489280876
68719476902	107374182414	dG9Tel8=	dG9Tel8=	c2l6ZV90	238	94489280536
68719476903	107374182414	ZW52	ZW52	bmFwaV9lbnY=	238	111669149730
68719476904	107374182414	dmFsdWU=	dmFsdWU=	bmFwaV92YWx1ZQ==	238	94489280534
68719476905	107374182414	dG9DaF8=	dG9DaF8=	Y2hhcio=	238	94489280535
68719476906	107374182414	dG9Tel8=	dG9Tel8=	c2l6ZV90	238	94489280536
68719476907	107374182414	dG9Tel8=	dG9Tel8=	c2l6ZV90	238	94489280536
68719476908	107374182414	dG9DaF8=	dG9DaF8=	Y2hhcio=	238	94489280535
68719476909	107374182414	dG9Tel8=	dG9Tel8=	c2l6ZV90	238	94489280536
68719476910	107374182414	ZW52	ZW52	bmFwaV9lbnY=	238	111669149730
68719476911	107374182414	dmFsdWU=	dmFsdWU=	bmFwaV92YWx1ZQ==	238	94489280534
68719476912	107374182414	YnVm	TERfU1RSSU5HX09SX0JVRkZFUl9UT19DT1BZKGVudiwgdmFsdWUsIHRvKQ==	Y2hhcio=	238	94489280537
68719476913	107374182414	ZW52	ZW52	bmFwaV9lbnY=	238	111669149730
68719476914	107374182414	dmFsdWU=	dmFsdWU=	bmFwaV92YWx1ZQ==	238	94489280534
68719476915	107374182414	YnVm	YnVm	Y2hhcio=	238	94489280537
68719476916	107374182414	dG9Tel8=	dG9Tel8=	c2l6ZV90	238	94489280536
68719476917	107374182414	dG9DaF8=	dG9DaF8=	Y2hhcio=	238	94489280535
68719476918	107374182414	Y2hhcg==	Y2hhcg==	Y2hhcg==	238	94489280876
68719476919	107374182414	dG9Tel8=	dG9Tel8=	c2l6ZV90	238	94489280536
68719476920	107374182414	dG9DaF8=	dG9DaF8=	Y2hhcio=	238	94489280535
68719476921	107374182414	YnVm	YnVm	Y2hhcio=	238	94489280537
68719476922	107374182414	dG9Tel8=	dG9Tel8=	c2l6ZV90	238	94489280536
68719476923	107374182414	cmVzdWx0	cmVzdWx0	c3RkLnN0cmluZyo=	239	94489280538
68719476924	107374182414	PHRtcD4w	PHRtcD4w	c3RkLnN0cmluZw==	239	94489280875
68719476925	107374182414	PHRtcD4w	PHRtcD4w	c3RkLnN0cmluZw==	239	94489280875
68719476926	107374182414	dG9DaF8=	dG9DaF8=	Y2hhcio=	239	94489280535
68719476927	107374182414	dG9Tel8=	dG9Tel8=	c2l6ZV90	239	94489280536
68719476928	107374182414	PHRtcD4w	PHRtcD4w	c3RkLnN0cmluZw==	239	94489280875
68719476929	107374182414	dG9DaF8=	dG9DaF8=	Y2hhcio=	240	94489280535
68719476930	107374182414	cmVzdWx0	cmVzdWx0	c3RkLnN0cmluZyo=	241	94489280538
68719476931	107374182414	TlVMTA==	PHVua25vd24+IE5VTEw=	QU5Z	245	94489280874
68719476932	107374182415	ZW52	ZW52	bmFwaV9lbnY=	256	111669149733
68719476933	107374182415	Z2xvYmFs	Z2xvYmFs	bmFwaV92YWx1ZQ==	256	94489280539
68719476934	107374182415	ZW52	ZW52	bmFwaV9lbnY=	257	111669149733
68719476935	107374182415	Z2xvYmFs	Z2xvYmFs	bmFwaV92YWx1ZQ==	257	94489280539
68719476936	107374182415	Y2FsbGJhY2s=	Y2FsbGJhY2s=	bmFwaV92YWx1ZQ==	257	111669149734
68719476937	107374182415	YXJnYw==	YXJnYw==	aW50	257	111669149735
68719476938	107374182415	YXJndg==	YXJndg==	bmFwaV92YWx1ZSo=	257	111669149736
68719476939	107374182415	TlVMTA==	PHVua25vd24+IE5VTEw=	QU5Z	257	94489280873
68719477013	107374182416	ZGF0YWJhc2Vf	ZGF0YWJhc2Vf	RGF0YWJhc2Uq	347	94489280868
68719477014	107374182416	PHRtcD4w	PHRtcD4w	QU5Z	347	94489280867
68719477015	107374182416	PHRtcD4w	PHRtcD4w	QU5Z	347	94489280867
68719477016	107374182416	PHRtcD4w	PHRtcD4w	QU5Z	347	94489280867
68719476940	107374182417	dGhpcw==	dGhpcw==	QmFzZVdvcmtlcio=	274	111669149737
68719476941	107374182417	Y2FsbGJhY2s=	Y2FsbGJhY2s=	bmFwaV92YWx1ZQ==	274	111669149740
68719476942	107374182417	dGhpcw==	dGhpcw==	QmFzZVdvcmtlcio=	274	111669149737
68719476943	107374182417	bmFwaV9vaw==	bmFwaV9vaw==	QU5Z	274	94489280871
68719476944	107374182417	ZW52	ZW52	bmFwaV9lbnY=	274	111669149738
68719476945	107374182417	TlVMTA==	PHVua25vd24+IE5VTEw=	QU5Z	274	94489280870
68719476946	107374182417	dGhpcw==	dGhpcw==	QmFzZVdvcmtlcio=	276	111669149737
68719476947	107374182417	cmVzb3VyY2VOYW1l	cmVzb3VyY2VOYW1l	Y2hhcio=	276	111669149741
68719476948	107374182417	U0laRV9NQVg=	PHVua25vd24+IFNJWkVfTUFY	QU5Z	276	94489280872
68719476949	107374182417	YXN5bmNSZXNvdXJjZU5hbWU=	YXN5bmNSZXNvdXJjZU5hbWU=	bmFwaV92YWx1ZQ==	276	94489280540
68719476950	107374182417	bmFwaV9vaw==	bmFwaV9vaw==	QU5Z	276	94489280871
68719476951	107374182417	ZW52	ZW52	bmFwaV9lbnY=	276	111669149738
68719476952	107374182417	TlVMTA==	PHVua25vd24+IE5VTEw=	QU5Z	276	94489280870
68719476953	107374182417	dGhpcw==	dGhpcw==	QmFzZVdvcmtlcio=	279	111669149737
68719476954	107374182417	Y2FsbGJhY2s=	Y2FsbGJhY2s=	bmFwaV92YWx1ZQ==	279	111669149740
68719476955	107374182417	YXN5bmNSZXNvdXJjZU5hbWU=	YXN5bmNSZXNvdXJjZU5hbWU=	bmFwaV92YWx1ZQ==	279	94489280540
68719476956	107374182417	dGhpcw==	dGhpcw==	QmFzZVdvcmtlcio=	279	111669149737
68719476957	107374182417	dGhpcw==	dGhpcw==	QmFzZVdvcmtlcio=	279	111669149737
68719476958	107374182417	bmFwaV9vaw==	bmFwaV9vaw==	QU5Z	279	94489280871
68719476959	107374182417	ZW52	ZW52	bmFwaV9lbnY=	279	111669149738
68719476960	107374182417	TlVMTA==	PHVua25vd24+IE5VTEw=	QU5Z	279	94489280870
68719476961	107374182417	dGhpcw==	dGhpcw==	QmFzZVdvcmtlcio=	273	111669149737
68719476962	107374182417	ZW52	ZW52	bmFwaV9lbnY=	273	111669149738
68719476963	107374182417	dGhpcw==	dGhpcw==	QmFzZVdvcmtlcio=	273	111669149737
68719476964	107374182417	ZGF0YWJhc2U=	ZGF0YWJhc2U=	RGF0YWJhc2Uq	273	111669149739
68719476965	107374182417	dGhpcw==	dGhpcw==	QmFzZVdvcmtlcio=	273	111669149737
68719476966	107374182417	TlVMTA==	PHVua25vd24+IE5VTEw=	QU5Z	273	94489280870
68719476967	107374182418	dGhpcw==	dGhpcw==	QmFzZVdvcmtlcio=	287	111669149742
68719476968	107374182418	dGhpcw==	dGhpcw==	QmFzZVdvcmtlcio=	288	111669149742
68719476969	107374182418	dGhpcw==	dGhpcw==	QmFzZVdvcmtlcio=	288	111669149742
68719476970	107374182418	dGhpcw==	dGhpcw==	QmFzZVdvcmtlcio=	289	111669149742
68719476971	107374182418	dGhpcw==	dGhpcw==	QmFzZVdvcmtlcio=	289	111669149742
68719476972	107374182419	c2VsZg==	c2VsZg==	QmFzZVdvcmtlcio=	293	94489280541
68719476973	107374182419	ZGF0YQ==	ZGF0YQ==	dm9pZCo=	293	111669149744
68719476974	107374182419	c2VsZg==	c2VsZg==	QmFzZVdvcmtlcio=	294	94489280541
68719476975	107374182420	dGhpcw==	dGhpcw==	QmFzZVdvcmtlcio=	298	111669149745
68719476976	107374182420	c3RhdHVz	c3RhdHVz	bGV2ZWxkYi5TdGF0dXM=	298	111669149746
68719476977	107374182420	c3RhdHVz	c3RhdHVz	bGV2ZWxkYi5TdGF0dXM=	299	111669149746
68719476978	107374182420	c3RhdHVz	c3RhdHVz	bGV2ZWxkYi5TdGF0dXM=	300	111669149746
68719476979	107374182421	dGhpcw==	dGhpcw==	QmFzZVdvcmtlcio=	305	111669149747
68719476980	107374182421	c2l6ZQ==	c2l6ZQ==	c2l6ZV90	306	94489280542
68719476981	107374182421	bXNn	bXNn	Y2hhcio=	306	111669149748
68719476982	107374182421	dGhpcw==	dGhpcw==	QmFzZVdvcmtlcio=	307	111669149747
68719476983	107374182421	Y2hhcg==	Y2hhcg==	Y2hhcg==	307	94489280869
68719476984	107374182421	c2l6ZQ==	c2l6ZQ==	c2l6ZV90	307	94489280542
68719476985	107374182421	dGhpcw==	dGhpcw==	QmFzZVdvcmtlcio=	308	111669149747
68719476986	107374182421	bXNn	bXNn	Y2hhcio=	308	111669149748
68719476987	107374182421	c2l6ZQ==	c2l6ZQ==	c2l6ZV90	308	94489280542
68719476988	107374182423	c2VsZg==	c2VsZg==	QmFzZVdvcmtlcio=	315	94489280543
68719476989	107374182423	ZGF0YQ==	ZGF0YQ==	dm9pZCo=	315	111669149752
68719476990	107374182423	c2VsZg==	c2VsZg==	QmFzZVdvcmtlcio=	316	94489280543
68719476991	107374182423	c2VsZg==	c2VsZg==	QmFzZVdvcmtlcio=	317	94489280543
68719476992	107374182423	c2VsZg==	c2VsZg==	QmFzZVdvcmtlcio=	318	94489280543
68719476993	107374182424	dGhpcw==	dGhpcw==	QmFzZVdvcmtlcio=	322	111669149753
68719476994	107374182424	YXJndg==	YXJndg==	bmFwaV92YWx1ZQ==	326	94489280544
68719476995	107374182424	dGhpcw==	dGhpcw==	QmFzZVdvcmtlcio=	326	111669149753
68719476996	107374182424	dGhpcw==	dGhpcw==	QmFzZVdvcmtlcio=	326	111669149753
68719476997	107374182424	dGhpcw==	dGhpcw==	QmFzZVdvcmtlcio=	328	111669149753
68719476998	107374182424	dGhpcw==	dGhpcw==	QmFzZVdvcmtlcio=	328	111669149753
68719476999	107374182424	Y2FsbGJhY2s=	Y2FsbGJhY2s=	bmFwaV92YWx1ZQ==	328	94489280545
68719477000	107374182424	dGhpcw==	dGhpcw==	QmFzZVdvcmtlcio=	329	111669149753
68719477001	107374182424	Y2FsbGJhY2s=	Y2FsbGJhY2s=	bmFwaV92YWx1ZQ==	329	94489280545
68719477002	107374182424	YXJndg==	YXJndg==	bmFwaV92YWx1ZQ==	329	94489280544
68719477003	107374182425	dGhpcw==	dGhpcw==	QmFzZVdvcmtlcio=	334	111669149754
68719477004	107374182425	YXJndg==	YXJndg==	bmFwaV92YWx1ZQ==	334	94489280546
68719477005	107374182425	dGhpcw==	dGhpcw==	QmFzZVdvcmtlcio=	336	111669149754
68719477006	107374182425	dGhpcw==	dGhpcw==	QmFzZVdvcmtlcio=	336	111669149754
68719477007	107374182425	Y2FsbGJhY2s=	Y2FsbGJhY2s=	bmFwaV92YWx1ZQ==	336	94489280547
68719477008	107374182425	dGhpcw==	dGhpcw==	QmFzZVdvcmtlcio=	337	111669149754
68719477009	107374182425	Y2FsbGJhY2s=	Y2FsbGJhY2s=	bmFwaV92YWx1ZQ==	337	94489280547
68719477010	107374182425	YXJndg==	YXJndg==	bmFwaV92YWx1ZQ==	337	94489280546
68719477011	107374182426	dGhpcw==	dGhpcw==	QmFzZVdvcmtlcio=	341	111669149755
68719477012	107374182426	dGhpcw==	dGhpcw==	QmFzZVdvcmtlcio=	341	111669149755
68719477086	107374182427	cGVuZGluZ0Nsb3NlV29ya2VyXw==	cGVuZGluZ0Nsb3NlV29ya2VyXw==	QmFzZVdvcmtlcio=	467	94489280862
68719477087	107374182427	PHRtcD4w	PHRtcD4w	QU5Z	467	94489280861
68719477088	107374182427	PHRtcD4w	PHRtcD4w	QU5Z	467	94489280861
68719477089	107374182427	PHRtcD4w	PHRtcD4w	QU5Z	467	94489280861
68719477090	107374182427	aXRlcmF0b3JzXw==	aXRlcmF0b3JzXw==	QU5Z	468	94489280860
68719477091	107374182427	PHRtcD4x	PHRtcD4x	QU5Z	468	94489280859
68719477092	107374182427	PHRtcD4x	PHRtcD4x	QU5Z	468	94489280859
68719477093	107374182427	PHRtcD4x	PHRtcD4x	QU5Z	468	94489280859
68719477017	107374182428	dGhpcw==	dGhpcw==	RGF0YWJhc2Uq	359	111669149756
68719477018	107374182428	ZW52	ZW52	bmFwaV9lbnY=	359	111669149757
68719477019	107374182428	dGhpcw==	dGhpcw==	RGF0YWJhc2Uq	360	111669149756
68719477020	107374182428	TlVMTA==	PHVua25vd24+IE5VTEw=	QU5Z	360	94489280866
68719477021	107374182428	dGhpcw==	dGhpcw==	RGF0YWJhc2Uq	361	111669149756
68719477022	107374182428	TlVMTA==	PHVua25vd24+IE5VTEw=	QU5Z	361	94489280866
68719477023	107374182428	dGhpcw==	dGhpcw==	RGF0YWJhc2Uq	362	111669149756
68719477024	107374182428	dGhpcw==	dGhpcw==	RGF0YWJhc2Uq	363	111669149756
68719477025	107374182428	dGhpcw==	dGhpcw==	RGF0YWJhc2Uq	364	111669149756
68719477026	107374182428	TlVMTA==	PHVua25vd24+IE5VTEw=	QU5Z	364	94489280866
68719477027	107374182428	dGhpcw==	dGhpcw==	RGF0YWJhc2Uq	365	111669149756
68719477028	107374182429	dGhpcw==	dGhpcw==	RGF0YWJhc2Uq	368	111669149758
68719477029	107374182429	TlVMTA==	PHVua25vd24+IE5VTEw=	QU5Z	368	94489280865
68719477030	107374182429	dGhpcw==	dGhpcw==	RGF0YWJhc2Uq	369	111669149758
68719477031	107374182429	dGhpcw==	dGhpcw==	RGF0YWJhc2Uq	370	111669149758
68719477032	107374182429	TlVMTA==	PHVua25vd24+IE5VTEw=	QU5Z	370	94489280865
68719477033	107374182430	b3B0aW9ucw==	b3B0aW9ucw==	bGV2ZWxkYi5PcHRpb25zJg==	376	111669149760
68719477034	107374182430	bG9jYXRpb24=	bG9jYXRpb24=	Y2hhcio=	376	111669149761
68719477035	107374182430	dGhpcw==	dGhpcw==	RGF0YWJhc2Uq	376	111669149759
68719477036	107374182431	dGhpcw==	dGhpcw==	RGF0YWJhc2Uq	380	111669149762
68719477037	107374182431	dGhpcw==	dGhpcw==	RGF0YWJhc2Uq	381	111669149762
68719477038	107374182431	TlVMTA==	PHVua25vd24+IE5VTEw=	QU5Z	381	94489280864
68719477039	107374182431	dGhpcw==	dGhpcw==	RGF0YWJhc2Uq	382	111669149762
68719477040	107374182431	dGhpcw==	dGhpcw==	RGF0YWJhc2Uq	383	111669149762
68719477041	107374182431	dGhpcw==	dGhpcw==	RGF0YWJhc2Uq	384	111669149762
68719477042	107374182431	TlVMTA==	PHVua25vd24+IE5VTEw=	QU5Z	384	94489280864
68719477043	107374182432	dGhpcw==	dGhpcw==	RGF0YWJhc2Uq	391	111669149763
68719477044	107374182432	b3B0aW9ucw==	b3B0aW9ucw==	bGV2ZWxkYi5Xcml0ZU9wdGlvbnMm	391	111669149764
68719477045	107374182432	a2V5	a2V5	bGV2ZWxkYi5TbGljZQ==	391	111669149765
68719477046	107374182432	dmFsdWU=	dmFsdWU=	bGV2ZWxkYi5TbGljZQ==	391	111669149766
68719477047	107374182433	dGhpcw==	dGhpcw==	RGF0YWJhc2Uq	397	111669149767
68719477048	107374182433	b3B0aW9ucw==	b3B0aW9ucw==	bGV2ZWxkYi5SZWFkT3B0aW9ucyY=	397	111669149768
68719477049	107374182433	a2V5	a2V5	bGV2ZWxkYi5TbGljZQ==	397	111669149769
68719477050	107374182433	dmFsdWU=	dmFsdWU=	c3RkLnN0cmluZyY=	397	111669149770
68719477051	107374182434	dGhpcw==	dGhpcw==	RGF0YWJhc2Uq	402	111669149771
68719477052	107374182434	b3B0aW9ucw==	b3B0aW9ucw==	bGV2ZWxkYi5Xcml0ZU9wdGlvbnMm	402	111669149772
68719477053	107374182434	a2V5	a2V5	bGV2ZWxkYi5TbGljZQ==	402	111669149773
68719477054	107374182435	dGhpcw==	dGhpcw==	RGF0YWJhc2Uq	407	111669149774
68719477055	107374182435	b3B0aW9ucw==	b3B0aW9ucw==	bGV2ZWxkYi5Xcml0ZU9wdGlvbnMm	407	111669149775
68719477056	107374182435	YmF0Y2g=	YmF0Y2g=	bGV2ZWxkYi5Xcml0ZUJhdGNoKg==	407	111669149776
68719477057	107374182436	c2l6ZQ==	c2l6ZQ==	dWludDY0X3Q=	411	94489280548
68719477058	107374182436	dGhpcw==	dGhpcw==	RGF0YWJhc2Uq	412	111669149777
68719477059	107374182436	cmFuZ2U=	cmFuZ2U=	bGV2ZWxkYi5SYW5nZSo=	412	111669149778
68719477060	107374182436	c2l6ZQ==	c2l6ZQ==	dWludDY0X3Q=	412	94489280548
68719477061	107374182436	c2l6ZQ==	c2l6ZQ==	dWludDY0X3Q=	413	94489280548
68719477062	107374182437	dGhpcw==	dGhpcw==	RGF0YWJhc2Uq	418	111669149779
68719477063	107374182437	c3RhcnQ=	c3RhcnQ=	bGV2ZWxkYi5TbGljZSo=	418	111669149780
68719477064	107374182437	ZW5k	ZW5k	bGV2ZWxkYi5TbGljZSo=	418	111669149781
68719477065	107374182438	dGhpcw==	dGhpcw==	RGF0YWJhc2Uq	422	111669149782
68719477066	107374182438	cHJvcGVydHk=	cHJvcGVydHk=	bGV2ZWxkYi5TbGljZSY=	422	111669149783
68719477067	107374182438	dmFsdWU=	dmFsdWU=	c3RkLnN0cmluZyo=	422	111669149784
68719477068	107374182439	dGhpcw==	dGhpcw==	RGF0YWJhc2Uq	426	111669149785
68719477069	107374182440	dGhpcw==	dGhpcw==	RGF0YWJhc2Uq	430	111669149786
68719477070	107374182440	b3B0aW9ucw==	b3B0aW9ucw==	bGV2ZWxkYi5SZWFkT3B0aW9ucyo=	430	111669149787
68719477071	107374182441	dGhpcw==	dGhpcw==	RGF0YWJhc2Uq	434	111669149788
68719477072	107374182441	c25hcHNob3Q=	c25hcHNob3Q=	bGV2ZWxkYi5TbmFwc2hvdCo=	434	111669149789
68719477073	107374182442	dGhpcw==	dGhpcw==	RGF0YWJhc2Uq	438	111669149790
68719477074	107374182442	aWQ=	aWQ=	dWludDMyX3Q=	438	111669149791
68719477075	107374182442	aXRlcmF0b3I=	aXRlcmF0b3I=	SXRlcmF0b3Iq	438	111669149792
68719477076	107374182443	dGhpcw==	dGhpcw==	RGF0YWJhc2Uq	443	111669149793
68719477077	107374182443	aWQ=	aWQ=	dWludDMyX3Q=	443	111669149794
68719477078	107374182444	dGhpcw==	dGhpcw==	RGF0YWJhc2Uq	448	111669149795
68719477079	107374182445	dGhpcw==	dGhpcw==	RGF0YWJhc2Uq	452	111669149796
68719477080	107374182445	dGhpcw==	dGhpcw==	RGF0YWJhc2Uq	452	111669149796
68719477081	107374182445	TlVMTA==	PHVua25vd24+IE5VTEw=	QU5Z	452	94489280863
68719477082	107374182445	dGhpcw==	dGhpcw==	RGF0YWJhc2Uq	453	111669149796
68719477083	107374182445	dGhpcw==	dGhpcw==	RGF0YWJhc2Uq	454	111669149796
68719477084	107374182445	TlVMTA==	PHVua25vd24+IE5VTEw=	QU5Z	454	94489280863
68719477085	107374182446	dGhpcw==	dGhpcw==	RGF0YWJhc2Uq	459	111669149797
68719477094	107374182447	ZGF0YQ==	ZGF0YQ==	dm9pZCo=	478	111669149799
68719477095	107374182447	ZGF0YQ==	ZGF0YQ==	dm9pZCo=	479	111669149799
68719477096	107374182448	dGhpcw==	dGhpcw==	UHJpb3JpdHlXb3JrZXIq	489	111669149801
68719477097	107374182448	dGhpcw==	dGhpcw==	UHJpb3JpdHlXb3JrZXIq	488	111669149801
68719477098	107374182448	ZW52	ZW52	bmFwaV9lbnY=	488	111669149802
68719477099	107374182450	dGhpcw==	dGhpcw==	UHJpb3JpdHlXb3JrZXIq	495	111669149807
68719477323	107374182451	ZGF0YWJhc2Vf	ZGF0YWJhc2Vf	RGF0YWJhc2Uq	706	94489280851
68719477324	107374182451	PHRtcD4w	PHRtcD4w	QU5Z	706	94489280850
68719477325	107374182451	PHRtcD4w	PHRtcD4w	QU5Z	706	94489280850
68719477326	107374182451	PHRtcD4w	PHRtcD4w	QU5Z	706	94489280850
68719477327	107374182451	ZW5kV29ya2VyXw==	ZW5kV29ya2VyXw==	RW5kV29ya2VyKg==	729	94489280849
68719477328	107374182451	PHRtcD4x	PHRtcD4x	QU5Z	729	94489280848
68719477329	107374182451	PHRtcD4x	PHRtcD4x	QU5Z	729	94489280848
68719477330	107374182451	PHRtcD4x	PHRtcD4x	QU5Z	729	94489280848
68719477100	107374182452	dGhpcw==	dGhpcw==	SXRlcmF0b3Iq	542	111669149808
68719477101	107374182452	PHRtcD4w	PHRtcD4w	bGV2ZWxkYi5SZWFkT3B0aW9ucw==	542	94489280857
68719477102	107374182452	PHRtcD4w	PHRtcD4w	bGV2ZWxkYi5SZWFkT3B0aW9ucw==	542	94489280857
68719477103	107374182452	PHRtcD4w	PHRtcD4w	bGV2ZWxkYi5SZWFkT3B0aW9ucw==	542	94489280857
68719477104	107374182452	dGhpcw==	dGhpcw==	SXRlcmF0b3Iq	543	111669149808
68719477105	107374182452	ZmlsbENhY2hl	ZmlsbENhY2hl	Ym9vbA==	543	111669149821
68719477106	107374182452	dGhpcw==	dGhpcw==	SXRlcmF0b3Iq	544	111669149808
68719477107	107374182452	ZGF0YWJhc2U=	ZGF0YWJhc2U=	RGF0YWJhc2Uq	544	111669149809
68719477108	107374182452	dGhpcw==	dGhpcw==	SXRlcmF0b3Iq	519	111669149808
68719477109	107374182452	ZGF0YWJhc2U=	ZGF0YWJhc2U=	RGF0YWJhc2Uq	519	111669149809
68719477110	107374182452	dGhpcw==	dGhpcw==	SXRlcmF0b3Iq	520	111669149808
68719477111	107374182452	aWQ=	aWQ=	dWludDMyX3Q=	520	111669149810
68719477112	107374182452	dGhpcw==	dGhpcw==	SXRlcmF0b3Iq	521	111669149808
68719477113	107374182452	c3RhcnQ=	c3RhcnQ=	c3RkLnN0cmluZyo=	521	111669149811
68719477114	107374182452	dGhpcw==	dGhpcw==	SXRlcmF0b3Iq	522	111669149808
68719477115	107374182452	ZW5k	ZW5k	c3RkLnN0cmluZyo=	522	111669149812
68719477116	107374182452	dGhpcw==	dGhpcw==	SXRlcmF0b3Iq	523	111669149808
68719477117	107374182452	cmV2ZXJzZQ==	cmV2ZXJzZQ==	Ym9vbA==	523	111669149813
68719477118	107374182452	dGhpcw==	dGhpcw==	SXRlcmF0b3Iq	524	111669149808
68719477119	107374182452	a2V5cw==	a2V5cw==	Ym9vbA==	524	111669149814
68719477120	107374182452	dGhpcw==	dGhpcw==	SXRlcmF0b3Iq	525	111669149808
68719477121	107374182452	dmFsdWVz	dmFsdWVz	Ym9vbA==	525	111669149815
68719477122	107374182452	dGhpcw==	dGhpcw==	SXRlcmF0b3Iq	526	111669149808
68719477123	107374182452	bGltaXQ=	bGltaXQ=	aW50	526	111669149816
68719477124	107374182452	dGhpcw==	dGhpcw==	SXRlcmF0b3Iq	527	111669149808
68719477125	107374182452	bHQ=	bHQ=	c3RkLnN0cmluZyo=	527	111669149817
68719477126	107374182452	dGhpcw==	dGhpcw==	SXRlcmF0b3Iq	528	111669149808
68719477127	107374182452	bHRl	bHRl	c3RkLnN0cmluZyo=	528	111669149818
68719477128	107374182452	dGhpcw==	dGhpcw==	SXRlcmF0b3Iq	529	111669149808
68719477129	107374182452	Z3Q=	Z3Q=	c3RkLnN0cmluZyo=	529	111669149819
68719477130	107374182452	dGhpcw==	dGhpcw==	SXRlcmF0b3Iq	530	111669149808
68719477131	107374182452	Z3Rl	Z3Rl	c3RkLnN0cmluZyo=	530	111669149820
68719477132	107374182452	dGhpcw==	dGhpcw==	SXRlcmF0b3Iq	531	111669149808
68719477133	107374182452	a2V5QXNCdWZmZXI=	a2V5QXNCdWZmZXI=	Ym9vbA==	531	111669149822
68719477134	107374182452	dGhpcw==	dGhpcw==	SXRlcmF0b3Iq	532	111669149808
68719477135	107374182452	dmFsdWVBc0J1ZmZlcg==	dmFsdWVBc0J1ZmZlcg==	Ym9vbA==	532	111669149823
68719477136	107374182452	dGhpcw==	dGhpcw==	SXRlcmF0b3Iq	533	111669149808
68719477137	107374182452	aGlnaFdhdGVyTWFyaw==	aGlnaFdhdGVyTWFyaw==	dWludDMyX3Q=	533	111669149824
68719477138	107374182452	dGhpcw==	dGhpcw==	SXRlcmF0b3Iq	534	111669149808
68719477139	107374182452	TlVMTA==	PHVua25vd24+IE5VTEw=	QU5Z	534	94489280858
68719477140	107374182452	dGhpcw==	dGhpcw==	SXRlcmF0b3Iq	535	111669149808
68719477141	107374182452	dGhpcw==	dGhpcw==	SXRlcmF0b3Iq	536	111669149808
68719477142	107374182452	dGhpcw==	dGhpcw==	SXRlcmF0b3Iq	537	111669149808
68719477143	107374182452	dGhpcw==	dGhpcw==	SXRlcmF0b3Iq	538	111669149808
68719477144	107374182452	dGhpcw==	dGhpcw==	SXRlcmF0b3Iq	539	111669149808
68719477145	107374182452	dGhpcw==	dGhpcw==	SXRlcmF0b3Iq	540	111669149808
68719477146	107374182452	TlVMTA==	PHVua25vd24+IE5VTEw=	QU5Z	540	94489280858
68719477147	107374182452	dGhpcw==	dGhpcw==	SXRlcmF0b3Iq	541	111669149808
68719477148	107374182452	TlVMTA==	PHVua25vd24+IE5VTEw=	QU5Z	541	94489280858
68719477149	107374182453	dGhpcw==	dGhpcw==	SXRlcmF0b3Iq	548	111669149825
68719477150	107374182453	dGhpcw==	dGhpcw==	SXRlcmF0b3Iq	550	111669149825
68719477151	107374182453	TlVMTA==	PHVua25vd24+IE5VTEw=	QU5Z	550	94489280856
68719477152	107374182453	dGhpcw==	dGhpcw==	SXRlcmF0b3Iq	550	111669149825
68719477153	107374182453	dGhpcw==	dGhpcw==	SXRlcmF0b3Iq	551	111669149825
68719477154	107374182453	TlVMTA==	PHVua25vd24+IE5VTEw=	QU5Z	551	94489280856
68719477155	107374182453	dGhpcw==	dGhpcw==	SXRlcmF0b3Iq	551	111669149825
68719477156	107374182453	dGhpcw==	dGhpcw==	SXRlcmF0b3Iq	552	111669149825
68719477157	107374182453	TlVMTA==	PHVua25vd24+IE5VTEw=	QU5Z	552	94489280856
68719477158	107374182453	dGhpcw==	dGhpcw==	SXRlcmF0b3Iq	552	111669149825
68719477159	107374182453	dGhpcw==	dGhpcw==	SXRlcmF0b3Iq	553	111669149825
68719477160	107374182453	TlVMTA==	PHVua25vd24+IE5VTEw=	QU5Z	553	94489280856
68719477161	107374182453	dGhpcw==	dGhpcw==	SXRlcmF0b3Iq	553	111669149825
68719477162	107374182453	dGhpcw==	dGhpcw==	SXRlcmF0b3Iq	554	111669149825
68719477163	107374182453	TlVMTA==	PHVua25vd24+IE5VTEw=	QU5Z	554	94489280856
68719477164	107374182453	dGhpcw==	dGhpcw==	SXRlcmF0b3Iq	554	111669149825
68719477165	107374182453	dGhpcw==	dGhpcw==	SXRlcmF0b3Iq	555	111669149825
68719477166	107374182453	TlVMTA==	PHVua25vd24+IE5VTEw=	QU5Z	555	94489280856
68719477167	107374182453	dGhpcw==	dGhpcw==	SXRlcmF0b3Iq	555	111669149825
68719477168	107374182453	dGhpcw==	dGhpcw==	SXRlcmF0b3Iq	557	111669149825
68719477169	107374182454	dGhpcw==	dGhpcw==	SXRlcmF0b3Iq	561	111669149826
68719477170	107374182454	cmVm	cmVm	bmFwaV9yZWY=	561	111669149827
68719477171	107374182454	dGhpcw==	dGhpcw==	SXRlcmF0b3Iq	562	111669149826
68719477172	107374182454	dGhpcw==	dGhpcw==	SXRlcmF0b3Iq	562	111669149826
68719477173	107374182454	dGhpcw==	dGhpcw==	SXRlcmF0b3Iq	562	111669149826
68719477174	107374182455	dGhpcw==	dGhpcw==	SXRlcmF0b3Iq	566	111669149828
68719477175	107374182455	dGhpcw==	dGhpcw==	SXRlcmF0b3Iq	566	111669149828
68719477176	107374182455	dGhpcw==	dGhpcw==	SXRlcmF0b3Iq	567	111669149828
68719477177	107374182456	dGhpcw==	dGhpcw==	SXRlcmF0b3Iq	571	111669149829
68719477178	107374182457	dGhpcw==	dGhpcw==	SXRlcmF0b3Iq	575	111669149830
68719477179	107374182457	dGhpcw==	dGhpcw==	SXRlcmF0b3Iq	576	111669149830
68719477180	107374182457	TlVMTA==	PHVua25vd24+IE5VTEw=	QU5Z	576	94489280855
68719477181	107374182457	dGhpcw==	dGhpcw==	SXRlcmF0b3Iq	577	111669149830
68719477182	107374182457	dGhpcw==	dGhpcw==	SXRlcmF0b3Iq	577	111669149830
68719477183	107374182458	dGhpcw==	dGhpcw==	SXRlcmF0b3Iq	581	111669149831
68719477184	107374182458	TlVMTA==	PHVua25vd24+IE5VTEw=	QU5Z	581	94489280854
68719477185	107374182458	dGhpcw==	dGhpcw==	SXRlcmF0b3Iq	583	111669149831
68719477186	107374182458	dGhpcw==	dGhpcw==	SXRlcmF0b3Iq	583	111669149831
68719477187	107374182458	dGhpcw==	dGhpcw==	SXRlcmF0b3Iq	583	111669149831
68719477188	107374182458	dGhpcw==	dGhpcw==	SXRlcmF0b3Iq	585	111669149831
68719477189	107374182458	TlVMTA==	PHVua25vd24+IE5VTEw=	QU5Z	585	94489280854
68719477190	107374182458	dGhpcw==	dGhpcw==	SXRlcmF0b3Iq	586	111669149831
68719477191	107374182458	dGhpcw==	dGhpcw==	SXRlcmF0b3Iq	586	111669149831
68719477192	107374182458	dGhpcw==	dGhpcw==	SXRlcmF0b3Iq	588	111669149831
68719477193	107374182458	dGhpcw==	dGhpcw==	SXRlcmF0b3Iq	589	111669149831
68719477194	107374182458	dGhpcw==	dGhpcw==	SXRlcmF0b3Iq	590	111669149831
68719477195	107374182458	a2V5	a2V5	bGV2ZWxkYi5TbGljZQ==	592	94489280549
68719477196	107374182458	dGhpcw==	dGhpcw==	SXRlcmF0b3Iq	592	111669149831
68719477197	107374182458	dGhpcw==	dGhpcw==	SXRlcmF0b3Iq	594	111669149831
68719477198	107374182458	TlVMTA==	PHVua25vd24+IE5VTEw=	QU5Z	594	94489280854
68719477199	107374182458	a2V5	a2V5	bGV2ZWxkYi5TbGljZQ==	594	94489280549
68719477200	107374182458	dGhpcw==	dGhpcw==	SXRlcmF0b3Iq	594	111669149831
68719477201	107374182458	dGhpcw==	dGhpcw==	SXRlcmF0b3Iq	595	111669149831
68719477202	107374182458	TlVMTA==	PHVua25vd24+IE5VTEw=	QU5Z	595	94489280854
68719477203	107374182458	a2V5	a2V5	bGV2ZWxkYi5TbGljZQ==	595	94489280549
68719477204	107374182458	dGhpcw==	dGhpcw==	SXRlcmF0b3Iq	595	111669149831
68719477205	107374182458	dGhpcw==	dGhpcw==	SXRlcmF0b3Iq	596	111669149831
68719477206	107374182458	TlVMTA==	PHVua25vd24+IE5VTEw=	QU5Z	596	94489280854
68719477207	107374182458	a2V5	a2V5	bGV2ZWxkYi5TbGljZQ==	596	94489280549
68719477208	107374182458	dGhpcw==	dGhpcw==	SXRlcmF0b3Iq	596	111669149831
68719477209	107374182458	dGhpcw==	dGhpcw==	SXRlcmF0b3Iq	597	111669149831
68719477210	107374182458	dGhpcw==	dGhpcw==	SXRlcmF0b3Iq	603	111669149831
68719477211	107374182458	dGhpcw==	dGhpcw==	SXRlcmF0b3Iq	603	111669149831
68719477212	107374182458	TlVMTA==	PHVua25vd24+IE5VTEw=	QU5Z	603	94489280854
68719477213	107374182458	dGhpcw==	dGhpcw==	SXRlcmF0b3Iq	604	111669149831
68719477214	107374182458	dGhpcw==	dGhpcw==	SXRlcmF0b3Iq	604	111669149831
68719477215	107374182458	dGhpcw==	dGhpcw==	SXRlcmF0b3Iq	605	111669149831
68719477216	107374182458	dGhpcw==	dGhpcw==	SXRlcmF0b3Iq	608	111669149831
68719477217	107374182458	dGhpcw==	dGhpcw==	SXRlcmF0b3Iq	608	111669149831
68719477218	107374182458	TlVMTA==	PHVua25vd24+IE5VTEw=	QU5Z	608	94489280854
68719477219	107374182458	dGhpcw==	dGhpcw==	SXRlcmF0b3Iq	609	111669149831
68719477220	107374182458	dGhpcw==	dGhpcw==	SXRlcmF0b3Iq	609	111669149831
68719477221	107374182458	dGhpcw==	dGhpcw==	SXRlcmF0b3Iq	610	111669149831
68719477222	107374182458	dGhpcw==	dGhpcw==	SXRlcmF0b3Iq	612	111669149831
68719477223	107374182458	dGhpcw==	dGhpcw==	SXRlcmF0b3Iq	613	111669149831
68719477224	107374182458	dGhpcw==	dGhpcw==	SXRlcmF0b3Iq	615	111669149831
68719477225	107374182459	dGhpcw==	dGhpcw==	SXRlcmF0b3Iq	622	111669149832
68719477226	107374182459	dGhpcw==	dGhpcw==	SXRlcmF0b3Iq	623	111669149832
68719477227	107374182459	dGhpcw==	dGhpcw==	SXRlcmF0b3Iq	624	111669149832
68719477228	107374182459	dGhpcw==	dGhpcw==	SXRlcmF0b3Iq	627	111669149832
68719477229	107374182459	dGhpcw==	dGhpcw==	SXRlcmF0b3Iq	631	111669149832
68719477230	107374182459	dGhpcw==	dGhpcw==	SXRlcmF0b3Iq	633	111669149832
68719477231	107374182459	a2V5U3Ry	a2V5U3Ry	c3RkLnN0cmluZw==	634	94489280550
68719477232	107374182459	dGhpcw==	dGhpcw==	SXRlcmF0b3Iq	634	111669149832
68719477233	107374182459	aXNFbmQ=	aXNFbmQ=	aW50	635	94489280551
68719477234	107374182459	dGhpcw==	dGhpcw==	SXRlcmF0b3Iq	635	111669149832
68719477235	107374182459	TlVMTA==	PHVua25vd24+IE5VTEw=	QU5Z	635	94489280853
68719477236	107374182459	dGhpcw==	dGhpcw==	SXRlcmF0b3Iq	635	111669149832
68719477237	107374182459	a2V5U3Ry	a2V5U3Ry	c3RkLnN0cmluZw==	635	94489280550
68719477238	107374182459	dGhpcw==	dGhpcw==	SXRlcmF0b3Iq	637	111669149832
68719477239	107374182459	dGhpcw==	dGhpcw==	SXRlcmF0b3Iq	637	111669149832
68719477240	107374182459	dGhpcw==	dGhpcw==	SXRlcmF0b3Iq	637	111669149832
68719477241	107374182459	dGhpcw==	dGhpcw==	SXRlcmF0b3Iq	638	111669149832
68719477242	107374182459	TlVMTA==	PHVua25vd24+IE5VTEw=	QU5Z	638	94489280853
68719477243	107374182459	dGhpcw==	dGhpcw==	SXRlcmF0b3Iq	639	111669149832
68719477244	107374182459	aXNFbmQ=	aXNFbmQ=	aW50	639	94489280551
68719477245	107374182459	dGhpcw==	dGhpcw==	SXRlcmF0b3Iq	640	111669149832
68719477246	107374182459	aXNFbmQ=	aXNFbmQ=	aW50	640	94489280551
68719477247	107374182459	dGhpcw==	dGhpcw==	SXRlcmF0b3Iq	641	111669149832
68719477248	107374182459	TlVMTA==	PHVua25vd24+IE5VTEw=	QU5Z	641	94489280853
68719477249	107374182459	dGhpcw==	dGhpcw==	SXRlcmF0b3Iq	641	111669149832
68719477250	107374182459	a2V5U3Ry	a2V5U3Ry	c3RkLnN0cmluZw==	641	94489280550
68719477251	107374182459	dGhpcw==	dGhpcw==	SXRlcmF0b3Iq	642	111669149832
68719477252	107374182459	TlVMTA==	PHVua25vd24+IE5VTEw=	QU5Z	642	94489280853
68719477253	107374182459	dGhpcw==	dGhpcw==	SXRlcmF0b3Iq	642	111669149832
68719477254	107374182459	a2V5U3Ry	a2V5U3Ry	c3RkLnN0cmluZw==	642	94489280550
68719477255	107374182459	dGhpcw==	dGhpcw==	SXRlcmF0b3Iq	644	111669149832
68719477256	107374182459	TlVMTA==	PHVua25vd24+IE5VTEw=	QU5Z	644	94489280853
68719477257	107374182459	dGhpcw==	dGhpcw==	SXRlcmF0b3Iq	644	111669149832
68719477258	107374182459	a2V5U3Ry	a2V5U3Ry	c3RkLnN0cmluZw==	644	94489280550
68719477259	107374182459	dGhpcw==	dGhpcw==	SXRlcmF0b3Iq	645	111669149832
68719477260	107374182459	TlVMTA==	PHVua25vd24+IE5VTEw=	QU5Z	645	94489280853
68719477261	107374182459	dGhpcw==	dGhpcw==	SXRlcmF0b3Iq	645	111669149832
68719477262	107374182459	a2V5U3Ry	a2V5U3Ry	c3RkLnN0cmluZw==	645	94489280550
68719477263	107374182459	dGhpcw==	dGhpcw==	SXRlcmF0b3Iq	648	111669149832
68719477264	107374182459	a2V5	a2V5	c3RkLnN0cmluZyY=	649	111669149833
68719477265	107374182459	dGhpcw==	dGhpcw==	SXRlcmF0b3Iq	649	111669149832
68719477266	107374182459	dGhpcw==	dGhpcw==	SXRlcmF0b3Iq	649	111669149832
68719477267	107374182459	dGhpcw==	dGhpcw==	SXRlcmF0b3Iq	651	111669149832
68719477268	107374182459	dmFsdWU=	dmFsdWU=	c3RkLnN0cmluZyY=	652	111669149834
68719477269	107374182459	dGhpcw==	dGhpcw==	SXRlcmF0b3Iq	652	111669149832
68719477270	107374182459	dGhpcw==	dGhpcw==	SXRlcmF0b3Iq	652	111669149832
68719477271	107374182460	dGhpcw==	dGhpcw==	SXRlcmF0b3Iq	662	111669149835
68719477272	107374182460	TlVMTA==	PHVua25vd24+IE5VTEw=	QU5Z	662	94489280852
68719477273	107374182460	dGFyZ2V0	dGFyZ2V0	bGV2ZWxkYi5TbGljZSY=	662	111669149836
68719477274	107374182460	dGhpcw==	dGhpcw==	SXRlcmF0b3Iq	662	111669149835
68719477275	107374182460	dGhpcw==	dGhpcw==	SXRlcmF0b3Iq	663	111669149835
68719477276	107374182460	TlVMTA==	PHVua25vd24+IE5VTEw=	QU5Z	663	94489280852
68719477277	107374182460	dGFyZ2V0	dGFyZ2V0	bGV2ZWxkYi5TbGljZSY=	663	111669149836
68719477278	107374182460	dGhpcw==	dGhpcw==	SXRlcmF0b3Iq	663	111669149835
68719477279	107374182460	dGhpcw==	dGhpcw==	SXRlcmF0b3Iq	664	111669149835
68719477280	107374182460	TlVMTA==	PHVua25vd24+IE5VTEw=	QU5Z	664	94489280852
68719477281	107374182460	dGhpcw==	dGhpcw==	SXRlcmF0b3Iq	664	111669149835
68719477282	107374182460	dGFyZ2V0	dGFyZ2V0	bGV2ZWxkYi5TbGljZSY=	664	111669149836
68719477283	107374182460	dGhpcw==	dGhpcw==	SXRlcmF0b3Iq	664	111669149835
68719477284	107374182460	dGhpcw==	dGhpcw==	SXRlcmF0b3Iq	668	111669149835
68719477285	107374182460	TlVMTA==	PHVua25vd24+IE5VTEw=	QU5Z	668	94489280852
68719477286	107374182460	ZA==	ZA==	aW50	669	94489280552
68719477287	107374182460	dGFyZ2V0	dGFyZ2V0	bGV2ZWxkYi5TbGljZSY=	669	111669149836
68719477288	107374182460	dGhpcw==	dGhpcw==	SXRlcmF0b3Iq	669	111669149835
68719477289	107374182460	dGhpcw==	dGhpcw==	SXRlcmF0b3Iq	670	111669149835
68719477290	107374182460	ZA==	ZA==	aW50	670	94489280552
68719477291	107374182460	ZA==	ZA==	aW50	670	94489280552
68719477292	107374182460	dGhpcw==	dGhpcw==	SXRlcmF0b3Iq	673	111669149835
68719477293	107374182460	TlVMTA==	PHVua25vd24+IE5VTEw=	QU5Z	673	94489280852
68719477294	107374182460	dGFyZ2V0	dGFyZ2V0	bGV2ZWxkYi5TbGljZSY=	673	111669149836
68719477295	107374182460	dGhpcw==	dGhpcw==	SXRlcmF0b3Iq	673	111669149835
68719477296	107374182460	dGhpcw==	dGhpcw==	SXRlcmF0b3Iq	674	111669149835
68719477297	107374182460	TlVMTA==	PHVua25vd24+IE5VTEw=	QU5Z	674	94489280852
68719477298	107374182460	dGFyZ2V0	dGFyZ2V0	bGV2ZWxkYi5TbGljZSY=	674	111669149836
68719477299	107374182460	dGhpcw==	dGhpcw==	SXRlcmF0b3Iq	674	111669149835
68719477300	107374182460	dGhpcw==	dGhpcw==	SXRlcmF0b3Iq	675	111669149835
68719477301	107374182460	TlVMTA==	PHVua25vd24+IE5VTEw=	QU5Z	675	94489280852
68719477302	107374182460	dGhpcw==	dGhpcw==	SXRlcmF0b3Iq	675	111669149835
68719477303	107374182460	dGFyZ2V0	dGFyZ2V0	bGV2ZWxkYi5TbGljZSY=	675	111669149836
68719477304	107374182460	dGhpcw==	dGhpcw==	SXRlcmF0b3Iq	675	111669149835
68719477305	107374182461	c2l6ZQ==	c2l6ZQ==	c2l6ZV90	679	94489280553
68719477306	107374182461	Y2FjaGVTaXpl	Y2FjaGVTaXpl	dWludDMyX3Q=	680	94489280554
68719477307	107374182461	b2s=	b2s=	Ym9vbA==	684	94489280557
68719477308	107374182461	a2V5	a2V5	c3RkLnN0cmluZw==	684	94489280555
68719477309	107374182461	dmFsdWU=	dmFsdWU=	c3RkLnN0cmluZw==	684	94489280556
68719477310	107374182461	b2s=	b2s=	Ym9vbA==	686	94489280557
68719477311	107374182461	cmVzdWx0	cmVzdWx0	c3RkLnZlY3RvciY=	687	111669149838
68719477312	107374182461	a2V5	a2V5	c3RkLnN0cmluZw==	687	94489280555
68719477313	107374182461	dmFsdWU=	dmFsdWU=	c3RkLnN0cmluZw==	687	94489280556
68719477314	107374182461	dGhpcw==	dGhpcw==	SXRlcmF0b3Iq	689	111669149837
68719477315	107374182461	dGhpcw==	dGhpcw==	SXRlcmF0b3Iq	690	111669149837
68719477316	107374182461	c2l6ZQ==	c2l6ZQ==	c2l6ZV90	694	94489280553
68719477317	107374182461	c2l6ZQ==	c2l6ZQ==	c2l6ZV90	694	94489280553
68719477318	107374182461	a2V5	a2V5	c3RkLnN0cmluZw==	694	94489280555
68719477319	107374182461	dmFsdWU=	dmFsdWU=	c3RkLnN0cmluZw==	694	94489280556
68719477320	107374182461	c2l6ZQ==	c2l6ZQ==	c2l6ZV90	695	94489280553
68719477321	107374182461	dGhpcw==	dGhpcw==	SXRlcmF0b3Iq	695	111669149837
68719477322	107374182461	Y2FjaGVTaXpl	Y2FjaGVTaXpl	dWludDMyX3Q=	699	94489280554
68719477331	107374182462	ZGF0YWJhc2U=	ZGF0YWJhc2U=	RGF0YWJhc2Uq	739	94489280558
68719477332	107374182462	PHRtcD4w	PHRtcD4w	RGF0YWJhc2U=	739	94489280847
68719477333	107374182462	PHRtcD4w	PHRtcD4w	RGF0YWJhc2U=	739	94489280847
68719477334	107374182462	ZW52	ZW52	bmFwaV9lbnY=	739	111669149839
68719477335	107374182462	PHRtcD4w	PHRtcD4w	RGF0YWJhc2U=	739	94489280847
68719477336	107374182462	ZW52	ZW52	bmFwaV9lbnY=	742	111669149839
68719477337	107374182462	ZGF0YWJhc2U=	ZGF0YWJhc2U=	RGF0YWJhc2Uq	742	94489280558
68719477338	107374182462	TlVMTA==	PHVua25vd24+IE5VTEw=	QU5Z	742	94489280845
68719477339	107374182462	cmVzdWx0	cmVzdWx0	bmFwaV92YWx1ZQ==	742	94489280559
68719477340	107374182462	bmFwaV9vaw==	bmFwaV9vaw==	QU5Z	742	94489280846
68719477341	107374182462	ZW52	ZW52	bmFwaV9lbnY=	742	111669149839
68719477342	107374182462	TlVMTA==	PHVua25vd24+IE5VTEw=	QU5Z	742	94489280845
68719477343	107374182462	TlVMTA==	PHVua25vd24+IE5VTEw=	QU5Z	742	94489280845
68719477344	107374182462	cmVzdWx0	cmVzdWx0	bmFwaV92YWx1ZQ==	745	94489280559
68719477345	107374182463	dGhpcw==	dGhpcw==	T3Blbldvcmtlcio=	766	111669149841
68719477346	107374182463	ZGF0YWJhc2U=	ZGF0YWJhc2U=	RGF0YWJhc2Uq	766	111669149843
68719477347	107374182463	dGhpcw==	dGhpcw==	T3Blbldvcmtlcio=	767	111669149841
68719477348	107374182463	ZGF0YWJhc2U=	ZGF0YWJhc2U=	RGF0YWJhc2Uq	767	111669149843
68719477349	107374182463	dGhpcw==	dGhpcw==	T3Blbldvcmtlcio=	768	111669149841
68719477350	107374182463	Y3JlYXRlSWZNaXNzaW5n	Y3JlYXRlSWZNaXNzaW5n	Ym9vbA==	768	111669149846
68719477351	107374182463	dGhpcw==	dGhpcw==	T3Blbldvcmtlcio=	769	111669149841
68719477352	107374182463	ZXJyb3JJZkV4aXN0cw==	ZXJyb3JJZkV4aXN0cw==	Ym9vbA==	769	111669149847
68719477353	107374182463	dGhpcw==	dGhpcw==	T3Blbldvcmtlcio=	770	111669149841
68719477354	107374182463	PHRtcD4w	PHRtcD4w	bGV2ZWxkYi5abGliQ29tcHJlc3NvclJhdw==	770	94489280844
68719477355	107374182463	PHRtcD4w	PHRtcD4w	bGV2ZWxkYi5abGliQ29tcHJlc3NvclJhdw==	770	94489280844
68719477356	107374182463	PHRtcD4w	PHRtcD4w	bGV2ZWxkYi5abGliQ29tcHJlc3NvclJhdw==	770	94489280844
68719477357	107374182463	dGhpcw==	dGhpcw==	T3Blbldvcmtlcio=	771	111669149841
68719477358	107374182463	PHRtcD4x	PHRtcD4x	bGV2ZWxkYi5abGliQ29tcHJlc3Nvcg==	771	94489280843
68719477359	107374182463	PHRtcD4x	PHRtcD4x	bGV2ZWxkYi5abGliQ29tcHJlc3Nvcg==	771	94489280843
68719477360	107374182463	PHRtcD4x	PHRtcD4x	bGV2ZWxkYi5abGliQ29tcHJlc3Nvcg==	771	94489280843
68719477361	107374182463	dGhpcw==	dGhpcw==	T3Blbldvcmtlcio=	772	111669149841
68719477362	107374182463	d3JpdGVCdWZmZXJTaXpl	d3JpdGVCdWZmZXJTaXpl	dWludDMyX3Q=	772	111669149849
68719477363	107374182463	dGhpcw==	dGhpcw==	T3Blbldvcmtlcio=	773	111669149841
68719477364	107374182463	YmxvY2tTaXpl	YmxvY2tTaXpl	dWludDMyX3Q=	773	111669149850
68719477365	107374182463	dGhpcw==	dGhpcw==	T3Blbldvcmtlcio=	774	111669149841
68719477366	107374182463	bWF4T3BlbkZpbGVz	bWF4T3BlbkZpbGVz	dWludDMyX3Q=	774	111669149851
68719477367	107374182463	dGhpcw==	dGhpcw==	T3Blbldvcmtlcio=	775	111669149841
68719477368	107374182463	YmxvY2tSZXN0YXJ0SW50ZXJ2YWw=	YmxvY2tSZXN0YXJ0SW50ZXJ2YWw=	dWludDMyX3Q=	775	111669149852
68719477369	107374182463	dGhpcw==	dGhpcw==	T3Blbldvcmtlcio=	776	111669149841
68719477370	107374182463	bWF4RmlsZVNpemU=	bWF4RmlsZVNpemU=	dWludDMyX3Q=	776	111669149853
68719477371	107374182463	dGhpcw==	dGhpcw==	T3Blbldvcmtlcio=	764	111669149841
68719477372	107374182463	ZW52	ZW52	bmFwaV9lbnY=	764	111669149842
68719477373	107374182463	dGhpcw==	dGhpcw==	T3Blbldvcmtlcio=	765	111669149841
68719477374	107374182463	bG9jYXRpb24=	bG9jYXRpb24=	c3RkLnN0cmluZyY=	765	111669149845
68719477375	107374182465	dGhpcw==	dGhpcw==	T3Blbldvcmtlcio=	782	111669149855
68719477376	107374182465	dGhpcw==	dGhpcw==	T3Blbldvcmtlcio=	782	111669149855
68719477377	107374182465	dGhpcw==	dGhpcw==	T3Blbldvcmtlcio=	782	111669149855
68719477378	107374182466	YXJndg==	TkFQSV9BUkdWKDQp	bmFwaV92YWx1ZVs0XQ==	793	94489280560
68719477379	107374182466	bmFwaV92YWx1ZVs0XQ==	bmFwaV92YWx1ZVs0XQ==	bmFwaV92YWx1ZVs0XQ==	793	
68719477380	107374182466	YXJnYw==	TkFQSV9BUkdWKDQp	c2l6ZV90	793	94489280561
68719477381	107374182466	ZW52	ZW52	bmFwaV9lbnY=	793	111669149856
68719477382	107374182466	aW5mbw==	aW5mbw==	bmFwaV9jYWxsYmFja19pbmZv	793	111669149857
68719477383	107374182466	YXJnYw==	YXJnYw==	c2l6ZV90	793	94489280561
68719477384	107374182466	YXJndg==	YXJndg==	bmFwaV92YWx1ZVs0XQ==	793	94489280560
68719477385	107374182466	TlVMTA==	PHVua25vd24+IE5VTEw=	QU5Z	793	94489280840
68719477386	107374182466	TlVMTA==	PHVua25vd24+IE5VTEw=	QU5Z	793	94489280840
68719477387	107374182466	bmFwaV9vaw==	bmFwaV9vaw==	QU5Z	793	94489280841
68719477388	107374182466	ZW52	ZW52	bmFwaV9lbnY=	793	111669149856
68719477389	107374182466	TlVMTA==	PHVua25vd24+IE5VTEw=	QU5Z	793	94489280840
68719477390	107374182466	TlVMTA==	PHVua25vd24+IE5VTEw=	QU5Z	793	94489280840
68719477391	107374182466	ZGF0YWJhc2U=	TkFQSV9EQl9DT05URVhUKCk=	RGF0YWJhc2Uq	794	94489280562
68719477392	107374182466	TlVMTA==	PHVua25vd24+IE5VTEw=	QU5Z	794	94489280840
68719477393	107374182466	ZW52	ZW52	bmFwaV9lbnY=	794	111669149856
68719477394	107374182466	YXJndg==	YXJndg==	bmFwaV92YWx1ZVs0XQ==	794	94489280560
68719477395	107374182466	ZGF0YWJhc2U=	ZGF0YWJhc2U=	RGF0YWJhc2Uq	794	94489280562
68719477396	107374182466	bmFwaV9vaw==	bmFwaV9vaw==	QU5Z	794	94489280841
68719477397	107374182466	ZW52	ZW52	bmFwaV9lbnY=	794	111669149856
68719477398	107374182466	TlVMTA==	PHVua25vd24+IE5VTEw=	QU5Z	794	94489280840
68719477399	107374182466	TlVMTA==	PHVua25vd24+IE5VTEw=	QU5Z	794	94489280840
68719477400	107374182466	bG9jYXRpb25fc2l6ZQ==	TkFQSV9BUkdWX1VURjhfTkVXKGxvY2F0aW9uLCAxKQ==	c2l6ZV90	795	94489280563
68719477401	107374182466	ZW52	ZW52	bmFwaV9lbnY=	795	111669149856
68719477402	107374182466	YXJndg==	YXJndg==	bmFwaV92YWx1ZVs0XQ==	795	94489280560
68719477403	107374182466	TlVMTA==	PHVua25vd24+IE5VTEw=	QU5Z	795	94489280840
68719477404	107374182466	bG9jYXRpb25fc2l6ZQ==	bG9jYXRpb25fc2l6ZQ==	c2l6ZV90	795	94489280563
68719477405	107374182466	bmFwaV9vaw==	bmFwaV9vaw==	QU5Z	795	94489280841
68719477406	107374182466	ZW52	ZW52	bmFwaV9lbnY=	795	111669149856
68719477407	107374182466	TlVMTA==	PHVua25vd24+IE5VTEw=	QU5Z	795	94489280840
68719477408	107374182466	TlVMTA==	PHVua25vd24+IE5VTEw=	QU5Z	795	94489280840
68719477409	107374182466	bG9jYXRpb24=	TkFQSV9BUkdWX1VURjhfTkVXKGxvY2F0aW9uLCAxKQ==	Y2hhcio=	795	94489280564
68719477410	107374182466	Y2hhcg==	Y2hhcg==	Y2hhcg==	795	94489280842
68719477411	107374182466	bG9jYXRpb25fc2l6ZQ==	bG9jYXRpb25fc2l6ZQ==	c2l6ZV90	795	94489280563
68719477412	107374182466	ZW52	ZW52	bmFwaV9lbnY=	795	111669149856
68719477413	107374182466	YXJndg==	YXJndg==	bmFwaV92YWx1ZVs0XQ==	795	94489280560
68719477414	107374182466	bG9jYXRpb24=	bG9jYXRpb24=	Y2hhcio=	795	94489280564
68719477415	107374182466	bG9jYXRpb25fc2l6ZQ==	bG9jYXRpb25fc2l6ZQ==	c2l6ZV90	795	94489280563
68719477416	107374182466	bG9jYXRpb25fc2l6ZQ==	bG9jYXRpb25fc2l6ZQ==	c2l6ZV90	795	94489280563
68719477417	107374182466	bmFwaV9vaw==	bmFwaV9vaw==	QU5Z	795	94489280841
68719477418	107374182466	ZW52	ZW52	bmFwaV9lbnY=	795	111669149856
68719477419	107374182466	TlVMTA==	PHVua25vd24+IE5VTEw=	QU5Z	795	94489280840
68719477420	107374182466	TlVMTA==	PHVua25vd24+IE5VTEw=	QU5Z	795	94489280840
68719477421	107374182466	bG9jYXRpb24=	bG9jYXRpb24=	Y2hhcio=	795	94489280564
68719477422	107374182466	bG9jYXRpb25fc2l6ZQ==	bG9jYXRpb25fc2l6ZQ==	c2l6ZV90	795	94489280563
68719477423	107374182466	b3B0aW9ucw==	b3B0aW9ucw==	bmFwaV92YWx1ZQ==	797	94489280565
68719477424	107374182466	YXJndg==	YXJndg==	bmFwaV92YWx1ZVs0XQ==	797	94489280560
68719477425	107374182466	Y3JlYXRlSWZNaXNzaW5n	Y3JlYXRlSWZNaXNzaW5n	Ym9vbA==	798	94489280566
68719477426	107374182466	ZW52	ZW52	bmFwaV9lbnY=	798	111669149856
68719477427	107374182466	b3B0aW9ucw==	b3B0aW9ucw==	bmFwaV92YWx1ZQ==	798	94489280565
68719477428	107374182466	ZXJyb3JJZkV4aXN0cw==	ZXJyb3JJZkV4aXN0cw==	Ym9vbA==	799	94489280567
68719477429	107374182466	ZW52	ZW52	bmFwaV9lbnY=	799	111669149856
68719477430	107374182466	b3B0aW9ucw==	b3B0aW9ucw==	bmFwaV92YWx1ZQ==	799	94489280565
68719477431	107374182466	Y29tcHJlc3Npb24=	Y29tcHJlc3Npb24=	Ym9vbA==	800	94489280568
68719477432	107374182466	ZW52	ZW52	bmFwaV9lbnY=	800	111669149856
68719477433	107374182466	b3B0aW9ucw==	b3B0aW9ucw==	bmFwaV92YWx1ZQ==	800	94489280565
68719477434	107374182466	Y2FjaGVTaXpl	Y2FjaGVTaXpl	dWludDMyX3Q=	802	94489280569
68719477435	107374182466	ZW52	ZW52	bmFwaV9lbnY=	802	111669149856
68719477436	107374182466	b3B0aW9ucw==	b3B0aW9ucw==	bmFwaV92YWx1ZQ==	802	94489280565
68719477437	107374182466	d3JpdGVCdWZmZXJTaXpl	d3JpdGVCdWZmZXJTaXpl	dWludDMyX3Q=	803	94489280570
68719477438	107374182466	ZW52	ZW52	bmFwaV9lbnY=	803	111669149856
68719477439	107374182466	b3B0aW9ucw==	b3B0aW9ucw==	bmFwaV92YWx1ZQ==	803	94489280565
68719477440	107374182466	YmxvY2tTaXpl	YmxvY2tTaXpl	dWludDMyX3Q=	804	94489280571
68719477441	107374182466	ZW52	ZW52	bmFwaV9lbnY=	804	111669149856
68719477442	107374182466	b3B0aW9ucw==	b3B0aW9ucw==	bmFwaV92YWx1ZQ==	804	94489280565
68719477443	107374182466	bWF4T3BlbkZpbGVz	bWF4T3BlbkZpbGVz	dWludDMyX3Q=	805	94489280572
68719477444	107374182466	ZW52	ZW52	bmFwaV9lbnY=	805	111669149856
68719477445	107374182466	b3B0aW9ucw==	b3B0aW9ucw==	bmFwaV92YWx1ZQ==	805	94489280565
68719477446	107374182466	YmxvY2tSZXN0YXJ0SW50ZXJ2YWw=	YmxvY2tSZXN0YXJ0SW50ZXJ2YWw=	dWludDMyX3Q=	806	94489280573
68719477447	107374182466	ZW52	ZW52	bmFwaV9lbnY=	806	111669149856
68719477448	107374182466	b3B0aW9ucw==	b3B0aW9ucw==	bmFwaV92YWx1ZQ==	806	94489280565
68719477449	107374182466	bWF4RmlsZVNpemU=	bWF4RmlsZVNpemU=	dWludDMyX3Q=	808	94489280574
68719477450	107374182466	ZW52	ZW52	bmFwaV9lbnY=	808	111669149856
68719477451	107374182466	b3B0aW9ucw==	b3B0aW9ucw==	bmFwaV92YWx1ZQ==	808	94489280565
68719477452	107374182466	ZGF0YWJhc2U=	ZGF0YWJhc2U=	RGF0YWJhc2Uq	810	94489280562
68719477453	107374182466	Y2FjaGVTaXpl	Y2FjaGVTaXpl	dWludDMyX3Q=	810	94489280569
68719477454	107374182466	Y2FsbGJhY2s=	Y2FsbGJhY2s=	bmFwaV92YWx1ZQ==	812	94489280575
68719477455	107374182466	YXJndg==	YXJndg==	bmFwaV92YWx1ZVs0XQ==	812	94489280560
68719477456	107374182466	d29ya2Vy	d29ya2Vy	T3Blbldvcmtlcio=	813	94489280576
68719477457	107374182466	PHRtcD4w	PHRtcD4w	T3Blbldvcmtlcg==	813	94489280839
68719477458	107374182466	PHRtcD4w	PHRtcD4w	T3Blbldvcmtlcg==	813	94489280839
68719477459	107374182466	ZW52	ZW52	bmFwaV9lbnY=	813	111669149856
68719477460	107374182466	ZGF0YWJhc2U=	ZGF0YWJhc2U=	RGF0YWJhc2Uq	813	94489280562
68719477461	107374182466	Y2FsbGJhY2s=	Y2FsbGJhY2s=	bmFwaV92YWx1ZQ==	813	94489280575
68719477462	107374182466	bG9jYXRpb24=	bG9jYXRpb24=	Y2hhcio=	813	94489280564
68719477463	107374182466	Y3JlYXRlSWZNaXNzaW5n	Y3JlYXRlSWZNaXNzaW5n	Ym9vbA==	814	94489280566
68719477464	107374182466	ZXJyb3JJZkV4aXN0cw==	ZXJyb3JJZkV4aXN0cw==	Ym9vbA==	814	94489280567
68719477465	107374182466	Y29tcHJlc3Npb24=	Y29tcHJlc3Npb24=	Ym9vbA==	815	94489280568
68719477466	107374182466	d3JpdGVCdWZmZXJTaXpl	d3JpdGVCdWZmZXJTaXpl	dWludDMyX3Q=	815	94489280570
68719477467	107374182466	YmxvY2tTaXpl	YmxvY2tTaXpl	dWludDMyX3Q=	815	94489280571
68719477468	107374182466	bWF4T3BlbkZpbGVz	bWF4T3BlbkZpbGVz	dWludDMyX3Q=	816	94489280572
68719477469	107374182466	YmxvY2tSZXN0YXJ0SW50ZXJ2YWw=	YmxvY2tSZXN0YXJ0SW50ZXJ2YWw=	dWludDMyX3Q=	816	94489280573
68719477470	107374182466	bWF4RmlsZVNpemU=	bWF4RmlsZVNpemU=	dWludDMyX3Q=	817	94489280574
68719477471	107374182466	PHRtcD4w	PHRtcD4w	T3Blbldvcmtlcg==	813	94489280839
68719477472	107374182466	d29ya2Vy	d29ya2Vy	T3Blbldvcmtlcio=	818	94489280576
68719477473	107374182466	bG9jYXRpb24=	bG9jYXRpb24=	Y2hhcio=	819	94489280564
68719477474	107374182467	dGhpcw==	dGhpcw==	Q2xvc2VXb3JrZXIq	831	111669149858
68719477475	107374182467	ZW52	ZW52	bmFwaV9lbnY=	831	111669149859
68719477476	107374182469	dGhpcw==	dGhpcw==	Q2xvc2VXb3JrZXIq	836	111669149863
68719477477	107374182471	YXJndg==	TkFQSV9BUkdWKDIp	bmFwaV92YWx1ZVsyXQ==	848	94489280577
68719477478	107374182471	bmFwaV92YWx1ZVsyXQ==	bmFwaV92YWx1ZVsyXQ==	bmFwaV92YWx1ZVsyXQ==	848	
68719477479	107374182471	YXJnYw==	TkFQSV9BUkdWKDIp	c2l6ZV90	848	94489280578
68719477480	107374182471	ZW52	ZW52	bmFwaV9lbnY=	848	111669149866
68719477481	107374182471	aW5mbw==	aW5mbw==	bmFwaV9jYWxsYmFja19pbmZv	848	111669149867
68719477482	107374182471	YXJnYw==	YXJnYw==	c2l6ZV90	848	94489280578
68719477483	107374182471	YXJndg==	YXJndg==	bmFwaV92YWx1ZVsyXQ==	848	94489280577
68719477484	107374182471	TlVMTA==	PHVua25vd24+IE5VTEw=	QU5Z	848	94489280836
68719477485	107374182471	TlVMTA==	PHVua25vd24+IE5VTEw=	QU5Z	848	94489280836
68719477486	107374182471	bmFwaV9vaw==	bmFwaV9vaw==	QU5Z	848	94489280838
68719477487	107374182471	ZW52	ZW52	bmFwaV9lbnY=	848	111669149866
68719477488	107374182471	TlVMTA==	PHVua25vd24+IE5VTEw=	QU5Z	848	94489280836
68719477489	107374182471	TlVMTA==	PHVua25vd24+IE5VTEw=	QU5Z	848	94489280836
68719477490	107374182471	ZGF0YWJhc2U=	TkFQSV9EQl9DT05URVhUKCk=	RGF0YWJhc2Uq	849	94489280579
68719477491	107374182471	TlVMTA==	PHVua25vd24+IE5VTEw=	QU5Z	849	94489280836
68719477492	107374182471	ZW52	ZW52	bmFwaV9lbnY=	849	111669149866
68719477493	107374182471	YXJndg==	YXJndg==	bmFwaV92YWx1ZVsyXQ==	849	94489280577
68719477494	107374182471	ZGF0YWJhc2U=	ZGF0YWJhc2U=	RGF0YWJhc2Uq	849	94489280579
68719477495	107374182471	bmFwaV9vaw==	bmFwaV9vaw==	QU5Z	849	94489280838
68719477496	107374182471	ZW52	ZW52	bmFwaV9lbnY=	849	111669149866
68719477497	107374182471	TlVMTA==	PHVua25vd24+IE5VTEw=	QU5Z	849	94489280836
68719477498	107374182471	TlVMTA==	PHVua25vd24+IE5VTEw=	QU5Z	849	94489280836
68719477499	107374182471	Y2FsbGJhY2s=	Y2FsbGJhY2s=	bmFwaV92YWx1ZQ==	851	94489280580
68719477500	107374182471	YXJndg==	YXJndg==	bmFwaV92YWx1ZVsyXQ==	851	94489280577
68719477501	107374182471	d29ya2Vy	d29ya2Vy	Q2xvc2VXb3JrZXIq	852	94489280581
68719477502	107374182471	PHRtcD4w	PHRtcD4w	Q2xvc2VXb3JrZXI=	852	94489280837
68719477503	107374182471	PHRtcD4w	PHRtcD4w	Q2xvc2VXb3JrZXI=	852	94489280837
68719477504	107374182471	ZW52	ZW52	bmFwaV9lbnY=	852	111669149866
68719477505	107374182471	ZGF0YWJhc2U=	ZGF0YWJhc2U=	RGF0YWJhc2Uq	852	94489280579
68719477506	107374182471	Y2FsbGJhY2s=	Y2FsbGJhY2s=	bmFwaV92YWx1ZQ==	852	94489280580
68719477507	107374182471	PHRtcD4w	PHRtcD4w	Q2xvc2VXb3JrZXI=	852	94489280837
68719477508	107374182471	ZGF0YWJhc2U=	ZGF0YWJhc2U=	RGF0YWJhc2Uq	854	94489280579
68719477509	107374182471	d29ya2Vy	d29ya2Vy	Q2xvc2VXb3JrZXIq	855	94489280581
68719477510	107374182471	ZGF0YWJhc2U=	ZGF0YWJhc2U=	RGF0YWJhc2Uq	859	94489280579
68719477511	107374182471	d29ya2Vy	d29ya2Vy	Q2xvc2VXb3JrZXIq	859	94489280581
68719477512	107374182471	ZW52	ZW52	bmFwaV9lbnY=	862	111669149866
68719477513	107374182471	TlVMTA==	PHVua25vd24+IE5VTEw=	QU5Z	862	94489280836
68719477514	107374182471	TlVMTA==	PHVua25vd24+IE5VTEw=	QU5Z	862	94489280836
68719477515	107374182471	bm9vcA==	bm9vcA==	bmFwaV92YWx1ZQ==	862	94489280582
68719477516	107374182471	aXRlcmF0b3Jz	aXRlcmF0b3Jz	c3RkLm1hcA==	864	94489280583
68719477517	107374182471	ZGF0YWJhc2U=	ZGF0YWJhc2U=	RGF0YWJhc2Uq	864	94489280579
68719477518	107374182471	aXQ=	aXQ=	c3RkLm1hcC5pdGVyYXRvcg==	867	94489280584
68719477519	107374182471	aXRlcmF0b3Jz	aXRlcmF0b3Jz	c3RkLm1hcA==	867	94489280583
68719477520	107374182471	aXQ=	aXQ=	c3RkLm1hcC5pdGVyYXRvcg==	867	94489280584
68719477521	107374182471	aXRlcmF0b3Jz	aXRlcmF0b3Jz	c3RkLm1hcA==	867	94489280583
68719477522	107374182471	aXQ=	aXQ=	c3RkLm1hcC5pdGVyYXRvcg==	867	94489280584
68719477523	107374182471	ZW52	ZW52	bmFwaV9lbnY=	868	111669149866
68719477524	107374182471	aXQ=	aXQ=	c3RkLm1hcC5pdGVyYXRvcg==	868	94489280584
68719477525	107374182471	bm9vcA==	bm9vcA==	bmFwaV92YWx1ZQ==	868	94489280582
68719477526	107374182472	dGhpcw==	dGhpcw==	UHV0V29ya2VyKg==	886	111669149868
68719477527	107374182472	c3luYw==	c3luYw==	Ym9vbA==	886	111669149874
68719477528	107374182472	dGhpcw==	dGhpcw==	UHV0V29ya2VyKg==	884	111669149868
68719477529	107374182472	ZW52	ZW52	bmFwaV9lbnY=	884	111669149869
68719477530	107374182472	dGhpcw==	dGhpcw==	UHV0V29ya2VyKg==	885	111669149868
68719477531	107374182472	a2V5	a2V5	bGV2ZWxkYi5TbGljZQ==	885	111669149872
68719477532	107374182472	dGhpcw==	dGhpcw==	UHV0V29ya2VyKg==	885	111669149868
68719477533	107374182472	dmFsdWU=	dmFsdWU=	bGV2ZWxkYi5TbGljZQ==	885	111669149873
68719477534	107374182473	dGhpcw==	dGhpcw==	UHV0V29ya2VyKg==	890	111669149875
68719477535	107374182473	dGhpcw==	dGhpcw==	UHV0V29ya2VyKg==	891	111669149875
68719477536	107374182474	dGhpcw==	dGhpcw==	UHV0V29ya2VyKg==	895	111669149876
68719477537	107374182474	dGhpcw==	dGhpcw==	UHV0V29ya2VyKg==	895	111669149876
68719477538	107374182474	dGhpcw==	dGhpcw==	UHV0V29ya2VyKg==	895	111669149876
68719477539	107374182474	dGhpcw==	dGhpcw==	UHV0V29ya2VyKg==	895	111669149876
68719477540	107374182475	YXJndg==	TkFQSV9BUkdWKDUp	bmFwaV92YWx1ZVs1XQ==	907	94489280585
68719477541	107374182475	bmFwaV92YWx1ZVs1XQ==	bmFwaV92YWx1ZVs1XQ==	bmFwaV92YWx1ZVs1XQ==	907	
68719477542	107374182475	YXJnYw==	TkFQSV9BUkdWKDUp	c2l6ZV90	907	94489280586
68719477543	107374182475	ZW52	ZW52	bmFwaV9lbnY=	907	111669149877
68719477544	107374182475	aW5mbw==	aW5mbw==	bmFwaV9jYWxsYmFja19pbmZv	907	111669149878
68719477545	107374182475	YXJnYw==	YXJnYw==	c2l6ZV90	907	94489280586
68719477546	107374182475	YXJndg==	YXJndg==	bmFwaV92YWx1ZVs1XQ==	907	94489280585
68719477547	107374182475	TlVMTA==	PHVua25vd24+IE5VTEw=	QU5Z	907	94489280834
68719477548	107374182475	TlVMTA==	PHVua25vd24+IE5VTEw=	QU5Z	907	94489280834
68719477549	107374182475	bmFwaV9vaw==	bmFwaV9vaw==	QU5Z	907	94489280835
68719477550	107374182475	ZW52	ZW52	bmFwaV9lbnY=	907	111669149877
68719477551	107374182475	TlVMTA==	PHVua25vd24+IE5VTEw=	QU5Z	907	94489280834
68719477552	107374182475	TlVMTA==	PHVua25vd24+IE5VTEw=	QU5Z	907	94489280834
68719477553	107374182475	ZGF0YWJhc2U=	TkFQSV9EQl9DT05URVhUKCk=	RGF0YWJhc2Uq	908	94489280587
68719477554	107374182475	TlVMTA==	PHVua25vd24+IE5VTEw=	QU5Z	908	94489280834
68719477555	107374182475	ZW52	ZW52	bmFwaV9lbnY=	908	111669149877
68719477556	107374182475	YXJndg==	YXJndg==	bmFwaV92YWx1ZVs1XQ==	908	94489280585
68719477557	107374182475	ZGF0YWJhc2U=	ZGF0YWJhc2U=	RGF0YWJhc2Uq	908	94489280587
68719477558	107374182475	bmFwaV9vaw==	bmFwaV9vaw==	QU5Z	908	94489280835
68719477559	107374182475	ZW52	ZW52	bmFwaV9lbnY=	908	111669149877
68719477560	107374182475	TlVMTA==	PHVua25vd24+IE5VTEw=	QU5Z	908	94489280834
68719477561	107374182475	TlVMTA==	PHVua25vd24+IE5VTEw=	QU5Z	908	94489280834
68719477562	107374182475	a2V5	a2V5	bGV2ZWxkYi5TbGljZQ==	910	94489280588
68719477563	107374182475	ZW52	ZW52	bmFwaV9lbnY=	910	111669149877
68719477564	107374182475	YXJndg==	YXJndg==	bmFwaV92YWx1ZVs1XQ==	910	94489280585
68719477565	107374182475	dmFsdWU=	dmFsdWU=	bGV2ZWxkYi5TbGljZQ==	911	94489280589
68719477566	107374182475	ZW52	ZW52	bmFwaV9lbnY=	911	111669149877
68719477567	107374182475	YXJndg==	YXJndg==	bmFwaV92YWx1ZVs1XQ==	911	94489280585
68719477568	107374182475	c3luYw==	c3luYw==	Ym9vbA==	912	94489280590
68719477569	107374182475	ZW52	ZW52	bmFwaV9lbnY=	912	111669149877
68719477570	107374182475	YXJndg==	YXJndg==	bmFwaV92YWx1ZVs1XQ==	912	94489280585
68719477571	107374182475	Y2FsbGJhY2s=	Y2FsbGJhY2s=	bmFwaV92YWx1ZQ==	913	94489280591
68719477572	107374182475	YXJndg==	YXJndg==	bmFwaV92YWx1ZVs1XQ==	913	94489280585
68719477573	107374182475	d29ya2Vy	d29ya2Vy	UHV0V29ya2VyKg==	915	94489280592
68719477574	107374182475	PHRtcD4w	PHRtcD4w	UHV0V29ya2Vy	915	94489280833
68719477575	107374182475	PHRtcD4w	PHRtcD4w	UHV0V29ya2Vy	915	94489280833
68719477576	107374182475	ZW52	ZW52	bmFwaV9lbnY=	915	111669149877
68719477577	107374182475	ZGF0YWJhc2U=	ZGF0YWJhc2U=	RGF0YWJhc2Uq	915	94489280587
68719477578	107374182475	Y2FsbGJhY2s=	Y2FsbGJhY2s=	bmFwaV92YWx1ZQ==	915	94489280591
68719477579	107374182475	a2V5	a2V5	bGV2ZWxkYi5TbGljZQ==	915	94489280588
68719477580	107374182475	dmFsdWU=	dmFsdWU=	bGV2ZWxkYi5TbGljZQ==	915	94489280589
68719477581	107374182475	c3luYw==	c3luYw==	Ym9vbA==	915	94489280590
68719477582	107374182475	PHRtcD4w	PHRtcD4w	UHV0V29ya2Vy	915	94489280833
68719477583	107374182475	d29ya2Vy	d29ya2Vy	UHV0V29ya2VyKg==	916	94489280592
68719477584	107374182476	dGhpcw==	dGhpcw==	R2V0V29ya2VyKg==	934	111669149879
68719477585	107374182476	ZmlsbENhY2hl	ZmlsbENhY2hl	Ym9vbA==	934	111669149885
68719477586	107374182476	dGhpcw==	dGhpcw==	R2V0V29ya2VyKg==	931	111669149879
68719477587	107374182476	ZW52	ZW52	bmFwaV9lbnY=	931	111669149880
68719477588	107374182476	dGhpcw==	dGhpcw==	R2V0V29ya2VyKg==	932	111669149879
68719477589	107374182476	a2V5	a2V5	bGV2ZWxkYi5TbGljZQ==	932	111669149883
68719477590	107374182476	dGhpcw==	dGhpcw==	R2V0V29ya2VyKg==	933	111669149879
68719477591	107374182476	YXNCdWZmZXI=	YXNCdWZmZXI=	Ym9vbA==	933	111669149884
68719477592	107374182477	dGhpcw==	dGhpcw==	R2V0V29ya2VyKg==	938	111669149886
68719477593	107374182478	dGhpcw==	dGhpcw==	R2V0V29ya2VyKg==	942	111669149887
68719477594	107374182478	dGhpcw==	dGhpcw==	R2V0V29ya2VyKg==	942	111669149887
68719477595	107374182478	dGhpcw==	dGhpcw==	R2V0V29ya2VyKg==	942	111669149887
68719477596	107374182478	dGhpcw==	dGhpcw==	R2V0V29ya2VyKg==	942	111669149887
68719477597	107374182479	YXJndg==	YXJndg==	bmFwaV92YWx1ZVsyXQ==	946	94489280593
68719477598	107374182479	bmFwaV92YWx1ZVsyXQ==	bmFwaV92YWx1ZVsyXQ==	bmFwaV92YWx1ZVsyXQ==	946	
68719477599	107374182479	dGhpcw==	dGhpcw==	R2V0V29ya2VyKg==	947	111669149888
68719477600	107374182479	YXJndg==	YXJndg==	bmFwaV92YWx1ZVsyXQ==	947	94489280593
68719477601	107374182479	dGhpcw==	dGhpcw==	R2V0V29ya2VyKg==	949	111669149888
68719477602	107374182479	dGhpcw==	dGhpcw==	R2V0V29ya2VyKg==	950	111669149888
68719477603	107374182479	dGhpcw==	dGhpcw==	R2V0V29ya2VyKg==	950	111669149888
68719477604	107374182479	dGhpcw==	dGhpcw==	R2V0V29ya2VyKg==	950	111669149888
68719477605	107374182479	TlVMTA==	PHVua25vd24+IE5VTEw=	QU5Z	950	94489280832
68719477606	107374182479	YXJndg==	YXJndg==	bmFwaV92YWx1ZVsyXQ==	950	94489280593
68719477607	107374182479	dGhpcw==	dGhpcw==	R2V0V29ya2VyKg==	952	111669149888
68719477608	107374182479	dGhpcw==	dGhpcw==	R2V0V29ya2VyKg==	952	111669149888
68719477609	107374182479	dGhpcw==	dGhpcw==	R2V0V29ya2VyKg==	952	111669149888
68719477610	107374182479	YXJndg==	YXJndg==	bmFwaV92YWx1ZVsyXQ==	952	94489280593
68719477611	107374182479	dGhpcw==	dGhpcw==	R2V0V29ya2VyKg==	956	111669149888
68719477612	107374182479	dGhpcw==	dGhpcw==	R2V0V29ya2VyKg==	956	111669149888
68719477613	107374182479	Y2FsbGJhY2s=	Y2FsbGJhY2s=	bmFwaV92YWx1ZQ==	956	94489280594
68719477614	107374182479	dGhpcw==	dGhpcw==	R2V0V29ya2VyKg==	957	111669149888
68719477615	107374182479	Y2FsbGJhY2s=	Y2FsbGJhY2s=	bmFwaV92YWx1ZQ==	957	94489280594
68719477616	107374182479	YXJndg==	YXJndg==	bmFwaV92YWx1ZVsyXQ==	957	94489280593
68719477617	107374182480	YXJndg==	TkFQSV9BUkdWKDQp	bmFwaV92YWx1ZVs0XQ==	970	94489280595
68719477618	107374182480	bmFwaV92YWx1ZVs0XQ==	bmFwaV92YWx1ZVs0XQ==	bmFwaV92YWx1ZVs0XQ==	970	
68719477619	107374182480	YXJnYw==	TkFQSV9BUkdWKDQp	c2l6ZV90	970	94489280596
68719477620	107374182480	ZW52	ZW52	bmFwaV9lbnY=	970	111669149889
68719477621	107374182480	aW5mbw==	aW5mbw==	bmFwaV9jYWxsYmFja19pbmZv	970	111669149890
68719477622	107374182480	YXJnYw==	YXJnYw==	c2l6ZV90	970	94489280596
68719477623	107374182480	YXJndg==	YXJndg==	bmFwaV92YWx1ZVs0XQ==	970	94489280595
68719477624	107374182480	TlVMTA==	PHVua25vd24+IE5VTEw=	QU5Z	970	94489280830
68719477625	107374182480	TlVMTA==	PHVua25vd24+IE5VTEw=	QU5Z	970	94489280830
68719477626	107374182480	bmFwaV9vaw==	bmFwaV9vaw==	QU5Z	970	94489280831
68719477627	107374182480	ZW52	ZW52	bmFwaV9lbnY=	970	111669149889
68719477628	107374182480	TlVMTA==	PHVua25vd24+IE5VTEw=	QU5Z	970	94489280830
68719477629	107374182480	TlVMTA==	PHVua25vd24+IE5VTEw=	QU5Z	970	94489280830
68719477630	107374182480	ZGF0YWJhc2U=	TkFQSV9EQl9DT05URVhUKCk=	RGF0YWJhc2Uq	971	94489280597
68719477631	107374182480	TlVMTA==	PHVua25vd24+IE5VTEw=	QU5Z	971	94489280830
68719477632	107374182480	ZW52	ZW52	bmFwaV9lbnY=	971	111669149889
68719477633	107374182480	YXJndg==	YXJndg==	bmFwaV92YWx1ZVs0XQ==	971	94489280595
68719477634	107374182480	ZGF0YWJhc2U=	ZGF0YWJhc2U=	RGF0YWJhc2Uq	971	94489280597
68719477635	107374182480	bmFwaV9vaw==	bmFwaV9vaw==	QU5Z	971	94489280831
68719477636	107374182480	ZW52	ZW52	bmFwaV9lbnY=	971	111669149889
68719477637	107374182480	TlVMTA==	PHVua25vd24+IE5VTEw=	QU5Z	971	94489280830
68719477638	107374182480	TlVMTA==	PHVua25vd24+IE5VTEw=	QU5Z	971	94489280830
68719477639	107374182480	a2V5	a2V5	bGV2ZWxkYi5TbGljZQ==	973	94489280598
68719477640	107374182480	ZW52	ZW52	bmFwaV9lbnY=	973	111669149889
68719477641	107374182480	YXJndg==	YXJndg==	bmFwaV92YWx1ZVs0XQ==	973	94489280595
68719477642	107374182480	b3B0aW9ucw==	b3B0aW9ucw==	bmFwaV92YWx1ZQ==	974	94489280599
68719477643	107374182480	YXJndg==	YXJndg==	bmFwaV92YWx1ZVs0XQ==	974	94489280595
68719477644	107374182480	YXNCdWZmZXI=	YXNCdWZmZXI=	Ym9vbA==	975	94489280600
68719477645	107374182480	ZW52	ZW52	bmFwaV9lbnY=	975	111669149889
68719477646	107374182480	b3B0aW9ucw==	b3B0aW9ucw==	bmFwaV92YWx1ZQ==	975	94489280599
68719477647	107374182480	ZmlsbENhY2hl	ZmlsbENhY2hl	Ym9vbA==	976	94489280601
68719477648	107374182480	ZW52	ZW52	bmFwaV9lbnY=	976	111669149889
68719477649	107374182480	b3B0aW9ucw==	b3B0aW9ucw==	bmFwaV92YWx1ZQ==	976	94489280599
68719477650	107374182480	Y2FsbGJhY2s=	Y2FsbGJhY2s=	bmFwaV92YWx1ZQ==	977	94489280602
68719477651	107374182480	YXJndg==	YXJndg==	bmFwaV92YWx1ZVs0XQ==	977	94489280595
68719477652	107374182480	d29ya2Vy	d29ya2Vy	R2V0V29ya2VyKg==	979	94489280603
68719477653	107374182480	PHRtcD4w	PHRtcD4w	R2V0V29ya2Vy	979	94489280829
68719477654	107374182480	PHRtcD4w	PHRtcD4w	R2V0V29ya2Vy	979	94489280829
68719477655	107374182480	ZW52	ZW52	bmFwaV9lbnY=	979	111669149889
68719477656	107374182480	ZGF0YWJhc2U=	ZGF0YWJhc2U=	RGF0YWJhc2Uq	979	94489280597
68719477657	107374182480	Y2FsbGJhY2s=	Y2FsbGJhY2s=	bmFwaV92YWx1ZQ==	979	94489280602
68719477658	107374182480	a2V5	a2V5	bGV2ZWxkYi5TbGljZQ==	979	94489280598
68719477659	107374182480	YXNCdWZmZXI=	YXNCdWZmZXI=	Ym9vbA==	979	94489280600
68719477660	107374182480	ZmlsbENhY2hl	ZmlsbENhY2hl	Ym9vbA==	980	94489280601
68719477661	107374182480	PHRtcD4w	PHRtcD4w	R2V0V29ya2Vy	979	94489280829
68719477662	107374182480	d29ya2Vy	d29ya2Vy	R2V0V29ya2VyKg==	981	94489280603
68719477663	107374182481	dGhpcw==	dGhpcw==	RGVsV29ya2VyKg==	997	111669149891
68719477664	107374182481	c3luYw==	c3luYw==	Ym9vbA==	997	111669149896
68719477665	107374182481	dGhpcw==	dGhpcw==	RGVsV29ya2VyKg==	995	111669149891
68719477666	107374182481	ZW52	ZW52	bmFwaV9lbnY=	995	111669149892
68719477667	107374182481	dGhpcw==	dGhpcw==	RGVsV29ya2VyKg==	996	111669149891
68719477668	107374182481	a2V5	a2V5	bGV2ZWxkYi5TbGljZQ==	996	111669149895
68719477669	107374182482	dGhpcw==	dGhpcw==	RGVsV29ya2VyKg==	1001	111669149897
68719477670	107374182483	dGhpcw==	dGhpcw==	RGVsV29ya2VyKg==	1005	111669149898
68719477671	107374182483	dGhpcw==	dGhpcw==	RGVsV29ya2VyKg==	1005	111669149898
68719477672	107374182483	dGhpcw==	dGhpcw==	RGVsV29ya2VyKg==	1005	111669149898
68719477673	107374182484	YXJndg==	TkFQSV9BUkdWKDQp	bmFwaV92YWx1ZVs0XQ==	1016	94489280604
68719477674	107374182484	bmFwaV92YWx1ZVs0XQ==	bmFwaV92YWx1ZVs0XQ==	bmFwaV92YWx1ZVs0XQ==	1016	
68719477675	107374182484	YXJnYw==	TkFQSV9BUkdWKDQp	c2l6ZV90	1016	94489280605
68719477676	107374182484	ZW52	ZW52	bmFwaV9lbnY=	1016	111669149899
68719477677	107374182484	aW5mbw==	aW5mbw==	bmFwaV9jYWxsYmFja19pbmZv	1016	111669149900
68719477678	107374182484	YXJnYw==	YXJnYw==	c2l6ZV90	1016	94489280605
68719477679	107374182484	YXJndg==	YXJndg==	bmFwaV92YWx1ZVs0XQ==	1016	94489280604
68719477680	107374182484	TlVMTA==	PHVua25vd24+IE5VTEw=	QU5Z	1016	94489280827
68719477681	107374182484	TlVMTA==	PHVua25vd24+IE5VTEw=	QU5Z	1016	94489280827
68719477682	107374182484	bmFwaV9vaw==	bmFwaV9vaw==	QU5Z	1016	94489280828
68719477683	107374182484	ZW52	ZW52	bmFwaV9lbnY=	1016	111669149899
68719477684	107374182484	TlVMTA==	PHVua25vd24+IE5VTEw=	QU5Z	1016	94489280827
68719477685	107374182484	TlVMTA==	PHVua25vd24+IE5VTEw=	QU5Z	1016	94489280827
68719477686	107374182484	ZGF0YWJhc2U=	TkFQSV9EQl9DT05URVhUKCk=	RGF0YWJhc2Uq	1017	94489280606
68719477687	107374182484	TlVMTA==	PHVua25vd24+IE5VTEw=	QU5Z	1017	94489280827
68719477688	107374182484	ZW52	ZW52	bmFwaV9lbnY=	1017	111669149899
68719477689	107374182484	YXJndg==	YXJndg==	bmFwaV92YWx1ZVs0XQ==	1017	94489280604
68719477690	107374182484	ZGF0YWJhc2U=	ZGF0YWJhc2U=	RGF0YWJhc2Uq	1017	94489280606
68719477691	107374182484	bmFwaV9vaw==	bmFwaV9vaw==	QU5Z	1017	94489280828
68719477692	107374182484	ZW52	ZW52	bmFwaV9lbnY=	1017	111669149899
68719477693	107374182484	TlVMTA==	PHVua25vd24+IE5VTEw=	QU5Z	1017	94489280827
68719477694	107374182484	TlVMTA==	PHVua25vd24+IE5VTEw=	QU5Z	1017	94489280827
68719477695	107374182484	a2V5	a2V5	bGV2ZWxkYi5TbGljZQ==	1019	94489280607
68719477696	107374182484	ZW52	ZW52	bmFwaV9lbnY=	1019	111669149899
68719477697	107374182484	YXJndg==	YXJndg==	bmFwaV92YWx1ZVs0XQ==	1019	94489280604
68719477698	107374182484	c3luYw==	c3luYw==	Ym9vbA==	1020	94489280608
68719477699	107374182484	ZW52	ZW52	bmFwaV9lbnY=	1020	111669149899
68719477700	107374182484	YXJndg==	YXJndg==	bmFwaV92YWx1ZVs0XQ==	1020	94489280604
68719477701	107374182484	Y2FsbGJhY2s=	Y2FsbGJhY2s=	bmFwaV92YWx1ZQ==	1021	94489280609
68719477702	107374182484	YXJndg==	YXJndg==	bmFwaV92YWx1ZVs0XQ==	1021	94489280604
68719477703	107374182484	d29ya2Vy	d29ya2Vy	RGVsV29ya2VyKg==	1023	94489280610
68719477704	107374182484	PHRtcD4w	PHRtcD4w	RGVsV29ya2Vy	1023	94489280826
68719477705	107374182484	PHRtcD4w	PHRtcD4w	RGVsV29ya2Vy	1023	94489280826
68719477706	107374182484	ZW52	ZW52	bmFwaV9lbnY=	1023	111669149899
68719477707	107374182484	ZGF0YWJhc2U=	ZGF0YWJhc2U=	RGF0YWJhc2Uq	1023	94489280606
68719477708	107374182484	Y2FsbGJhY2s=	Y2FsbGJhY2s=	bmFwaV92YWx1ZQ==	1023	94489280609
68719477709	107374182484	a2V5	a2V5	bGV2ZWxkYi5TbGljZQ==	1023	94489280607
68719477710	107374182484	c3luYw==	c3luYw==	Ym9vbA==	1023	94489280608
68719477711	107374182484	PHRtcD4w	PHRtcD4w	RGVsV29ya2Vy	1023	94489280826
68719477712	107374182484	d29ya2Vy	d29ya2Vy	RGVsV29ya2VyKg==	1024	94489280610
68719477713	107374182485	dGhpcw==	dGhpcw==	QXBwcm94aW1hdGVTaXplV29ya2VyKg==	1038	111669149901
68719477714	107374182485	ZW52	ZW52	bmFwaV9lbnY=	1038	111669149902
68719477715	107374182485	dGhpcw==	dGhpcw==	QXBwcm94aW1hdGVTaXplV29ya2VyKg==	1039	111669149901
68719477716	107374182485	c3RhcnQ=	c3RhcnQ=	bGV2ZWxkYi5TbGljZQ==	1039	111669149905
68719477717	107374182485	dGhpcw==	dGhpcw==	QXBwcm94aW1hdGVTaXplV29ya2VyKg==	1039	111669149901
68719477718	107374182485	ZW5k	ZW5k	bGV2ZWxkYi5TbGljZQ==	1039	111669149906
68719477719	107374182486	dGhpcw==	dGhpcw==	QXBwcm94aW1hdGVTaXplV29ya2VyKg==	1042	111669149907
68719477720	107374182486	dGhpcw==	dGhpcw==	QXBwcm94aW1hdGVTaXplV29ya2VyKg==	1043	111669149907
68719477721	107374182487	cmFuZ2U=	cmFuZ2U=	bGV2ZWxkYi5SYW5nZQ==	1047	94489280611
68719477722	107374182487	PHRtcD4w	PHRtcD4w	bGV2ZWxkYi5SYW5nZQ==	1047	94489280825
68719477723	107374182487	PHRtcD4w	PHRtcD4w	bGV2ZWxkYi5SYW5nZQ==	1047	94489280825
68719477724	107374182487	dGhpcw==	dGhpcw==	QXBwcm94aW1hdGVTaXplV29ya2VyKg==	1047	111669149908
68719477725	107374182487	dGhpcw==	dGhpcw==	QXBwcm94aW1hdGVTaXplV29ya2VyKg==	1047	111669149908
68719477726	107374182487	PHRtcD4w	PHRtcD4w	bGV2ZWxkYi5SYW5nZQ==	1047	94489280825
68719477727	107374182487	dGhpcw==	dGhpcw==	QXBwcm94aW1hdGVTaXplV29ya2VyKg==	1048	111669149908
68719477728	107374182487	dGhpcw==	dGhpcw==	QXBwcm94aW1hdGVTaXplV29ya2VyKg==	1048	111669149908
68719477729	107374182487	cmFuZ2U=	cmFuZ2U=	bGV2ZWxkYi5SYW5nZQ==	1048	94489280611
68719477730	107374182488	YXJndg==	YXJndg==	bmFwaV92YWx1ZVsyXQ==	1052	94489280612
68719477731	107374182488	bmFwaV92YWx1ZVsyXQ==	bmFwaV92YWx1ZVsyXQ==	bmFwaV92YWx1ZVsyXQ==	1052	
68719477732	107374182488	dGhpcw==	dGhpcw==	QXBwcm94aW1hdGVTaXplV29ya2VyKg==	1053	111669149909
68719477733	107374182488	YXJndg==	YXJndg==	bmFwaV92YWx1ZVsyXQ==	1053	94489280612
68719477734	107374182488	dGhpcw==	dGhpcw==	QXBwcm94aW1hdGVTaXplV29ya2VyKg==	1054	111669149909
68719477735	107374182488	dGhpcw==	dGhpcw==	QXBwcm94aW1hdGVTaXplV29ya2VyKg==	1054	111669149909
68719477736	107374182488	YXJndg==	YXJndg==	bmFwaV92YWx1ZVsyXQ==	1054	94489280612
68719477737	107374182488	dGhpcw==	dGhpcw==	QXBwcm94aW1hdGVTaXplV29ya2VyKg==	1056	111669149909
68719477738	107374182488	dGhpcw==	dGhpcw==	QXBwcm94aW1hdGVTaXplV29ya2VyKg==	1056	111669149909
68719477739	107374182488	Y2FsbGJhY2s=	Y2FsbGJhY2s=	bmFwaV92YWx1ZQ==	1056	94489280613
68719477740	107374182488	dGhpcw==	dGhpcw==	QXBwcm94aW1hdGVTaXplV29ya2VyKg==	1057	111669149909
68719477741	107374182488	Y2FsbGJhY2s=	Y2FsbGJhY2s=	bmFwaV92YWx1ZQ==	1057	94489280613
68719477742	107374182488	YXJndg==	YXJndg==	bmFwaV92YWx1ZVsyXQ==	1057	94489280612
68719477743	107374182489	YXJndg==	TkFQSV9BUkdWKDQp	bmFwaV92YWx1ZVs0XQ==	1069	94489280614
68719477744	107374182489	bmFwaV92YWx1ZVs0XQ==	bmFwaV92YWx1ZVs0XQ==	bmFwaV92YWx1ZVs0XQ==	1069	
68719477745	107374182489	YXJnYw==	TkFQSV9BUkdWKDQp	c2l6ZV90	1069	94489280615
68719477746	107374182489	ZW52	ZW52	bmFwaV9lbnY=	1069	111669149910
68719477747	107374182489	aW5mbw==	aW5mbw==	bmFwaV9jYWxsYmFja19pbmZv	1069	111669149911
68719477748	107374182489	YXJnYw==	YXJnYw==	c2l6ZV90	1069	94489280615
68719477749	107374182489	YXJndg==	YXJndg==	bmFwaV92YWx1ZVs0XQ==	1069	94489280614
68719477750	107374182489	TlVMTA==	PHVua25vd24+IE5VTEw=	QU5Z	1069	94489280823
68719477751	107374182489	TlVMTA==	PHVua25vd24+IE5VTEw=	QU5Z	1069	94489280823
68719477752	107374182489	bmFwaV9vaw==	bmFwaV9vaw==	QU5Z	1069	94489280824
68719477753	107374182489	ZW52	ZW52	bmFwaV9lbnY=	1069	111669149910
68719477754	107374182489	TlVMTA==	PHVua25vd24+IE5VTEw=	QU5Z	1069	94489280823
68719477755	107374182489	TlVMTA==	PHVua25vd24+IE5VTEw=	QU5Z	1069	94489280823
68719477756	107374182489	ZGF0YWJhc2U=	TkFQSV9EQl9DT05URVhUKCk=	RGF0YWJhc2Uq	1070	94489280616
68719477757	107374182489	TlVMTA==	PHVua25vd24+IE5VTEw=	QU5Z	1070	94489280823
68719477758	107374182489	ZW52	ZW52	bmFwaV9lbnY=	1070	111669149910
68719477759	107374182489	YXJndg==	YXJndg==	bmFwaV92YWx1ZVs0XQ==	1070	94489280614
68719477760	107374182489	ZGF0YWJhc2U=	ZGF0YWJhc2U=	RGF0YWJhc2Uq	1070	94489280616
68719477761	107374182489	bmFwaV9vaw==	bmFwaV9vaw==	QU5Z	1070	94489280824
68719477762	107374182489	ZW52	ZW52	bmFwaV9lbnY=	1070	111669149910
68719477763	107374182489	TlVMTA==	PHVua25vd24+IE5VTEw=	QU5Z	1070	94489280823
68719477764	107374182489	TlVMTA==	PHVua25vd24+IE5VTEw=	QU5Z	1070	94489280823
68719477765	107374182489	c3RhcnQ=	c3RhcnQ=	bGV2ZWxkYi5TbGljZQ==	1072	94489280617
68719477766	107374182489	ZW52	ZW52	bmFwaV9lbnY=	1072	111669149910
68719477767	107374182489	YXJndg==	YXJndg==	bmFwaV92YWx1ZVs0XQ==	1072	94489280614
68719477768	107374182489	ZW5k	ZW5k	bGV2ZWxkYi5TbGljZQ==	1073	94489280618
68719477769	107374182489	ZW52	ZW52	bmFwaV9lbnY=	1073	111669149910
68719477770	107374182489	YXJndg==	YXJndg==	bmFwaV92YWx1ZVs0XQ==	1073	94489280614
68719477771	107374182489	Y2FsbGJhY2s=	Y2FsbGJhY2s=	bmFwaV92YWx1ZQ==	1075	94489280619
68719477772	107374182489	YXJndg==	YXJndg==	bmFwaV92YWx1ZVs0XQ==	1075	94489280614
68719477773	107374182489	d29ya2Vy	d29ya2Vy	QXBwcm94aW1hdGVTaXplV29ya2VyKg==	1077	94489280620
68719477774	107374182489	PHRtcD4w	PHRtcD4w	QXBwcm94aW1hdGVTaXplV29ya2Vy	1077	94489280822
68719477775	107374182489	PHRtcD4w	PHRtcD4w	QXBwcm94aW1hdGVTaXplV29ya2Vy	1077	94489280822
68719477776	107374182489	ZW52	ZW52	bmFwaV9lbnY=	1077	111669149910
68719477777	107374182489	ZGF0YWJhc2U=	ZGF0YWJhc2U=	RGF0YWJhc2Uq	1077	94489280616
68719477778	107374182489	Y2FsbGJhY2s=	Y2FsbGJhY2s=	bmFwaV92YWx1ZQ==	1078	94489280619
68719477779	107374182489	c3RhcnQ=	c3RhcnQ=	bGV2ZWxkYi5TbGljZQ==	1078	94489280617
68719477780	107374182489	ZW5k	ZW5k	bGV2ZWxkYi5TbGljZQ==	1079	94489280618
68719477781	107374182489	PHRtcD4w	PHRtcD4w	QXBwcm94aW1hdGVTaXplV29ya2Vy	1077	94489280822
68719477782	107374182489	d29ya2Vy	d29ya2Vy	QXBwcm94aW1hdGVTaXplV29ya2VyKg==	1080	94489280620
68719477783	107374182490	dGhpcw==	dGhpcw==	Q29tcGFjdFJhbmdlV29ya2VyKg==	1094	111669149912
68719477784	107374182490	ZW52	ZW52	bmFwaV9lbnY=	1094	111669149913
68719477785	107374182490	dGhpcw==	dGhpcw==	Q29tcGFjdFJhbmdlV29ya2VyKg==	1095	111669149912
68719477786	107374182490	c3RhcnQ=	c3RhcnQ=	bGV2ZWxkYi5TbGljZQ==	1095	111669149916
68719477787	107374182490	dGhpcw==	dGhpcw==	Q29tcGFjdFJhbmdlV29ya2VyKg==	1095	111669149912
68719477788	107374182490	ZW5k	ZW5k	bGV2ZWxkYi5TbGljZQ==	1095	111669149917
68719477789	107374182491	dGhpcw==	dGhpcw==	Q29tcGFjdFJhbmdlV29ya2VyKg==	1098	111669149918
68719477790	107374182491	dGhpcw==	dGhpcw==	Q29tcGFjdFJhbmdlV29ya2VyKg==	1099	111669149918
68719477791	107374182492	dGhpcw==	dGhpcw==	Q29tcGFjdFJhbmdlV29ya2VyKg==	1103	111669149919
68719477792	107374182492	dGhpcw==	dGhpcw==	Q29tcGFjdFJhbmdlV29ya2VyKg==	1103	111669149919
68719477793	107374182492	dGhpcw==	dGhpcw==	Q29tcGFjdFJhbmdlV29ya2VyKg==	1103	111669149919
68719477794	107374182493	YXJndg==	TkFQSV9BUkdWKDQp	bmFwaV92YWx1ZVs0XQ==	1114	94489280621
68719477795	107374182493	bmFwaV92YWx1ZVs0XQ==	bmFwaV92YWx1ZVs0XQ==	bmFwaV92YWx1ZVs0XQ==	1114	
68719477796	107374182493	YXJnYw==	TkFQSV9BUkdWKDQp	c2l6ZV90	1114	94489280622
68719477797	107374182493	ZW52	ZW52	bmFwaV9lbnY=	1114	111669149920
68719477798	107374182493	aW5mbw==	aW5mbw==	bmFwaV9jYWxsYmFja19pbmZv	1114	111669149921
68719477799	107374182493	YXJnYw==	YXJnYw==	c2l6ZV90	1114	94489280622
68719477800	107374182493	YXJndg==	YXJndg==	bmFwaV92YWx1ZVs0XQ==	1114	94489280621
68719477801	107374182493	TlVMTA==	PHVua25vd24+IE5VTEw=	QU5Z	1114	94489280820
68719477802	107374182493	TlVMTA==	PHVua25vd24+IE5VTEw=	QU5Z	1114	94489280820
68719477803	107374182493	bmFwaV9vaw==	bmFwaV9vaw==	QU5Z	1114	94489280821
68719477804	107374182493	ZW52	ZW52	bmFwaV9lbnY=	1114	111669149920
68719477805	107374182493	TlVMTA==	PHVua25vd24+IE5VTEw=	QU5Z	1114	94489280820
68719477806	107374182493	TlVMTA==	PHVua25vd24+IE5VTEw=	QU5Z	1114	94489280820
68719477807	107374182493	ZGF0YWJhc2U=	TkFQSV9EQl9DT05URVhUKCk=	RGF0YWJhc2Uq	1115	94489280623
68719477808	107374182493	TlVMTA==	PHVua25vd24+IE5VTEw=	QU5Z	1115	94489280820
68719477809	107374182493	ZW52	ZW52	bmFwaV9lbnY=	1115	111669149920
68719477810	107374182493	YXJndg==	YXJndg==	bmFwaV92YWx1ZVs0XQ==	1115	94489280621
68719477811	107374182493	ZGF0YWJhc2U=	ZGF0YWJhc2U=	RGF0YWJhc2Uq	1115	94489280623
68719477812	107374182493	bmFwaV9vaw==	bmFwaV9vaw==	QU5Z	1115	94489280821
68719477813	107374182493	ZW52	ZW52	bmFwaV9lbnY=	1115	111669149920
68719477814	107374182493	TlVMTA==	PHVua25vd24+IE5VTEw=	QU5Z	1115	94489280820
68719477815	107374182493	TlVMTA==	PHVua25vd24+IE5VTEw=	QU5Z	1115	94489280820
68719477816	107374182493	c3RhcnQ=	c3RhcnQ=	bGV2ZWxkYi5TbGljZQ==	1117	94489280624
68719477817	107374182493	ZW52	ZW52	bmFwaV9lbnY=	1117	111669149920
68719477818	107374182493	YXJndg==	YXJndg==	bmFwaV92YWx1ZVs0XQ==	1117	94489280621
68719477819	107374182493	ZW5k	ZW5k	bGV2ZWxkYi5TbGljZQ==	1118	94489280625
68719477820	107374182493	ZW52	ZW52	bmFwaV9lbnY=	1118	111669149920
68719477821	107374182493	YXJndg==	YXJndg==	bmFwaV92YWx1ZVs0XQ==	1118	94489280621
68719477822	107374182493	Y2FsbGJhY2s=	Y2FsbGJhY2s=	bmFwaV92YWx1ZQ==	1119	94489280626
68719477823	107374182493	YXJndg==	YXJndg==	bmFwaV92YWx1ZVs0XQ==	1119	94489280621
68719477824	107374182493	d29ya2Vy	d29ya2Vy	Q29tcGFjdFJhbmdlV29ya2VyKg==	1121	94489280627
68719477825	107374182493	PHRtcD4w	PHRtcD4w	Q29tcGFjdFJhbmdlV29ya2Vy	1121	94489280819
68719477826	107374182493	PHRtcD4w	PHRtcD4w	Q29tcGFjdFJhbmdlV29ya2Vy	1121	94489280819
68719477827	107374182493	ZW52	ZW52	bmFwaV9lbnY=	1121	111669149920
68719477828	107374182493	ZGF0YWJhc2U=	ZGF0YWJhc2U=	RGF0YWJhc2Uq	1121	94489280623
68719477829	107374182493	Y2FsbGJhY2s=	Y2FsbGJhY2s=	bmFwaV92YWx1ZQ==	1121	94489280626
68719477830	107374182493	c3RhcnQ=	c3RhcnQ=	bGV2ZWxkYi5TbGljZQ==	1122	94489280624
68719477831	107374182493	ZW5k	ZW5k	bGV2ZWxkYi5TbGljZQ==	1122	94489280625
68719477832	107374182493	PHRtcD4w	PHRtcD4w	Q29tcGFjdFJhbmdlV29ya2Vy	1121	94489280819
68719477833	107374182493	d29ya2Vy	d29ya2Vy	Q29tcGFjdFJhbmdlV29ya2VyKg==	1123	94489280627
68719477834	107374182494	YXJndg==	TkFQSV9BUkdWKDIp	bmFwaV92YWx1ZVsyXQ==	1132	94489280628
68719477835	107374182494	bmFwaV92YWx1ZVsyXQ==	bmFwaV92YWx1ZVsyXQ==	bmFwaV92YWx1ZVsyXQ==	1132	
68719477836	107374182494	YXJnYw==	TkFQSV9BUkdWKDIp	c2l6ZV90	1132	94489280629
68719477837	107374182494	ZW52	ZW52	bmFwaV9lbnY=	1132	111669149922
68719477838	107374182494	aW5mbw==	aW5mbw==	bmFwaV9jYWxsYmFja19pbmZv	1132	111669149923
68719477839	107374182494	YXJnYw==	YXJnYw==	c2l6ZV90	1132	94489280629
68719477840	107374182494	YXJndg==	YXJndg==	bmFwaV92YWx1ZVsyXQ==	1132	94489280628
68719477841	107374182494	TlVMTA==	PHVua25vd24+IE5VTEw=	QU5Z	1132	94489280817
68719477842	107374182494	TlVMTA==	PHVua25vd24+IE5VTEw=	QU5Z	1132	94489280817
68719477843	107374182494	bmFwaV9vaw==	bmFwaV9vaw==	QU5Z	1132	94489280818
68719477844	107374182494	ZW52	ZW52	bmFwaV9lbnY=	1132	111669149922
68719477845	107374182494	TlVMTA==	PHVua25vd24+IE5VTEw=	QU5Z	1132	94489280817
68719477846	107374182494	TlVMTA==	PHVua25vd24+IE5VTEw=	QU5Z	1132	94489280817
68719477847	107374182494	ZGF0YWJhc2U=	TkFQSV9EQl9DT05URVhUKCk=	RGF0YWJhc2Uq	1133	94489280630
68719477848	107374182494	TlVMTA==	PHVua25vd24+IE5VTEw=	QU5Z	1133	94489280817
68719477849	107374182494	ZW52	ZW52	bmFwaV9lbnY=	1133	111669149922
68719477850	107374182494	YXJndg==	YXJndg==	bmFwaV92YWx1ZVsyXQ==	1133	94489280628
68719477851	107374182494	ZGF0YWJhc2U=	ZGF0YWJhc2U=	RGF0YWJhc2Uq	1133	94489280630
68719477852	107374182494	bmFwaV9vaw==	bmFwaV9vaw==	QU5Z	1133	94489280818
68719477853	107374182494	ZW52	ZW52	bmFwaV9lbnY=	1133	111669149922
68719477854	107374182494	TlVMTA==	PHVua25vd24+IE5VTEw=	QU5Z	1133	94489280817
68719477855	107374182494	TlVMTA==	PHVua25vd24+IE5VTEw=	QU5Z	1133	94489280817
68719477856	107374182494	cHJvcGVydHk=	cHJvcGVydHk=	bGV2ZWxkYi5TbGljZQ==	1135	94489280631
68719477857	107374182494	ZW52	ZW52	bmFwaV9lbnY=	1135	111669149922
68719477858	107374182494	YXJndg==	YXJndg==	bmFwaV92YWx1ZVsyXQ==	1135	94489280628
68719477859	107374182494	ZGF0YWJhc2U=	ZGF0YWJhc2U=	RGF0YWJhc2Uq	1138	94489280630
68719477860	107374182494	cHJvcGVydHk=	cHJvcGVydHk=	bGV2ZWxkYi5TbGljZQ==	1138	94489280631
68719477861	107374182494	dmFsdWU=	dmFsdWU=	c3RkLnN0cmluZw==	1138	94489280632
68719477862	107374182494	ZW52	ZW52	bmFwaV9lbnY=	1141	111669149922
68719477863	107374182494	dmFsdWU=	dmFsdWU=	c3RkLnN0cmluZw==	1141	94489280632
68719477864	107374182494	dmFsdWU=	dmFsdWU=	c3RkLnN0cmluZw==	1141	94489280632
68719477865	107374182494	cmVzdWx0	cmVzdWx0	bmFwaV92YWx1ZQ==	1141	94489280633
68719477866	107374182494	cHJvcGVydHk=	cHJvcGVydHk=	bGV2ZWxkYi5TbGljZQ==	1143	94489280631
68719477867	107374182494	cmVzdWx0	cmVzdWx0	bmFwaV92YWx1ZQ==	1145	94489280633
68719477868	107374182495	dGhpcw==	dGhpcw==	RGVzdHJveVdvcmtlcio=	1155	111669149924
68719477869	107374182495	ZW52	ZW52	bmFwaV9lbnY=	1155	111669149925
68719477870	107374182495	dGhpcw==	dGhpcw==	RGVzdHJveVdvcmtlcio=	1156	111669149924
68719477871	107374182495	bG9jYXRpb24=	bG9jYXRpb24=	c3RkLnN0cmluZyY=	1156	111669149926
68719477872	107374182497	dGhpcw==	dGhpcw==	RGVzdHJveVdvcmtlcio=	1162	111669149929
68719477873	107374182497	b3B0aW9ucw==	b3B0aW9ucw==	bGV2ZWxkYi5PcHRpb25z	1162	94489280634
68719477874	107374182498	YXJndg==	TkFQSV9BUkdWKDIp	bmFwaV92YWx1ZVsyXQ==	1172	94489280635
68719477875	107374182498	bmFwaV92YWx1ZVsyXQ==	bmFwaV92YWx1ZVsyXQ==	bmFwaV92YWx1ZVsyXQ==	1172	
68719477876	107374182498	YXJnYw==	TkFQSV9BUkdWKDIp	c2l6ZV90	1172	94489280636
68719477877	107374182498	ZW52	ZW52	bmFwaV9lbnY=	1172	111669149930
68719477878	107374182498	aW5mbw==	aW5mbw==	bmFwaV9jYWxsYmFja19pbmZv	1172	111669149931
68719477879	107374182498	YXJnYw==	YXJnYw==	c2l6ZV90	1172	94489280636
68719477880	107374182498	YXJndg==	YXJndg==	bmFwaV92YWx1ZVsyXQ==	1172	94489280635
68719477881	107374182498	TlVMTA==	PHVua25vd24+IE5VTEw=	QU5Z	1172	94489280814
68719477882	107374182498	TlVMTA==	PHVua25vd24+IE5VTEw=	QU5Z	1172	94489280814
68719477883	107374182498	bmFwaV9vaw==	bmFwaV9vaw==	QU5Z	1172	94489280815
68719477884	107374182498	ZW52	ZW52	bmFwaV9lbnY=	1172	111669149930
68719477885	107374182498	TlVMTA==	PHVua25vd24+IE5VTEw=	QU5Z	1172	94489280814
68719477886	107374182498	TlVMTA==	PHVua25vd24+IE5VTEw=	QU5Z	1172	94489280814
68719477887	107374182498	bG9jYXRpb25fc2l6ZQ==	TkFQSV9BUkdWX1VURjhfTkVXKGxvY2F0aW9uLCAwKQ==	c2l6ZV90	1173	94489280637
68719477888	107374182498	ZW52	ZW52	bmFwaV9lbnY=	1173	111669149930
68719477889	107374182498	YXJndg==	YXJndg==	bmFwaV92YWx1ZVsyXQ==	1173	94489280635
68719477890	107374182498	TlVMTA==	PHVua25vd24+IE5VTEw=	QU5Z	1173	94489280814
68719477891	107374182498	bG9jYXRpb25fc2l6ZQ==	bG9jYXRpb25fc2l6ZQ==	c2l6ZV90	1173	94489280637
68719477892	107374182498	bmFwaV9vaw==	bmFwaV9vaw==	QU5Z	1173	94489280815
68719477893	107374182498	ZW52	ZW52	bmFwaV9lbnY=	1173	111669149930
68719477894	107374182498	TlVMTA==	PHVua25vd24+IE5VTEw=	QU5Z	1173	94489280814
68719477895	107374182498	TlVMTA==	PHVua25vd24+IE5VTEw=	QU5Z	1173	94489280814
68719477896	107374182498	bG9jYXRpb24=	TkFQSV9BUkdWX1VURjhfTkVXKGxvY2F0aW9uLCAwKQ==	Y2hhcio=	1173	94489280638
68719477897	107374182498	Y2hhcg==	Y2hhcg==	Y2hhcg==	1173	94489280816
68719477898	107374182498	bG9jYXRpb25fc2l6ZQ==	bG9jYXRpb25fc2l6ZQ==	c2l6ZV90	1173	94489280637
68719477899	107374182498	ZW52	ZW52	bmFwaV9lbnY=	1173	111669149930
68719477900	107374182498	YXJndg==	YXJndg==	bmFwaV92YWx1ZVsyXQ==	1173	94489280635
68719477901	107374182498	bG9jYXRpb24=	bG9jYXRpb24=	Y2hhcio=	1173	94489280638
68719477902	107374182498	bG9jYXRpb25fc2l6ZQ==	bG9jYXRpb25fc2l6ZQ==	c2l6ZV90	1173	94489280637
68719477903	107374182498	bG9jYXRpb25fc2l6ZQ==	bG9jYXRpb25fc2l6ZQ==	c2l6ZV90	1173	94489280637
68719477904	107374182498	bmFwaV9vaw==	bmFwaV9vaw==	QU5Z	1173	94489280815
68719477905	107374182498	ZW52	ZW52	bmFwaV9lbnY=	1173	111669149930
68719477906	107374182498	TlVMTA==	PHVua25vd24+IE5VTEw=	QU5Z	1173	94489280814
68719477907	107374182498	TlVMTA==	PHVua25vd24+IE5VTEw=	QU5Z	1173	94489280814
68719477908	107374182498	bG9jYXRpb24=	bG9jYXRpb24=	Y2hhcio=	1173	94489280638
68719477909	107374182498	bG9jYXRpb25fc2l6ZQ==	bG9jYXRpb25fc2l6ZQ==	c2l6ZV90	1173	94489280637
68719477910	107374182498	Y2FsbGJhY2s=	Y2FsbGJhY2s=	bmFwaV92YWx1ZQ==	1174	94489280639
68719477911	107374182498	YXJndg==	YXJndg==	bmFwaV92YWx1ZVsyXQ==	1174	94489280635
68719477912	107374182498	d29ya2Vy	d29ya2Vy	RGVzdHJveVdvcmtlcio=	1176	94489280640
68719477913	107374182498	PHRtcD4w	PHRtcD4w	RGVzdHJveVdvcmtlcg==	1176	94489280813
68719477914	107374182498	PHRtcD4w	PHRtcD4w	RGVzdHJveVdvcmtlcg==	1176	94489280813
68719477915	107374182498	ZW52	ZW52	bmFwaV9lbnY=	1176	111669149930
68719477916	107374182498	bG9jYXRpb24=	bG9jYXRpb24=	Y2hhcio=	1176	94489280638
68719477917	107374182498	Y2FsbGJhY2s=	Y2FsbGJhY2s=	bmFwaV92YWx1ZQ==	1176	94489280639
68719477918	107374182498	PHRtcD4w	PHRtcD4w	RGVzdHJveVdvcmtlcg==	1176	94489280813
68719477919	107374182498	d29ya2Vy	d29ya2Vy	RGVzdHJveVdvcmtlcio=	1177	94489280640
68719477920	107374182498	bG9jYXRpb24=	bG9jYXRpb24=	Y2hhcio=	1179	94489280638
68719477921	107374182499	dGhpcw==	dGhpcw==	UmVwYWlyV29ya2VyKg==	1191	111669149932
68719477922	107374182499	ZW52	ZW52	bmFwaV9lbnY=	1191	111669149933
68719477923	107374182499	dGhpcw==	dGhpcw==	UmVwYWlyV29ya2VyKg==	1192	111669149932
68719477924	107374182499	bG9jYXRpb24=	bG9jYXRpb24=	c3RkLnN0cmluZyY=	1192	111669149934
68719477925	107374182501	dGhpcw==	dGhpcw==	UmVwYWlyV29ya2VyKg==	1198	111669149937
68719477926	107374182501	b3B0aW9ucw==	b3B0aW9ucw==	bGV2ZWxkYi5PcHRpb25z	1198	94489280641
68719477927	107374182502	YXJndg==	TkFQSV9BUkdWKDIp	bmFwaV92YWx1ZVsyXQ==	1208	94489280642
68719477928	107374182502	bmFwaV92YWx1ZVsyXQ==	bmFwaV92YWx1ZVsyXQ==	bmFwaV92YWx1ZVsyXQ==	1208	
68719477929	107374182502	YXJnYw==	TkFQSV9BUkdWKDIp	c2l6ZV90	1208	94489280643
68719477930	107374182502	ZW52	ZW52	bmFwaV9lbnY=	1208	111669149938
68719477931	107374182502	aW5mbw==	aW5mbw==	bmFwaV9jYWxsYmFja19pbmZv	1208	111669149939
68719477932	107374182502	YXJnYw==	YXJnYw==	c2l6ZV90	1208	94489280643
68719477933	107374182502	YXJndg==	YXJndg==	bmFwaV92YWx1ZVsyXQ==	1208	94489280642
68719477934	107374182502	TlVMTA==	PHVua25vd24+IE5VTEw=	QU5Z	1208	94489280810
68719477935	107374182502	TlVMTA==	PHVua25vd24+IE5VTEw=	QU5Z	1208	94489280810
68719477936	107374182502	bmFwaV9vaw==	bmFwaV9vaw==	QU5Z	1208	94489280811
68719477937	107374182502	ZW52	ZW52	bmFwaV9lbnY=	1208	111669149938
68719477938	107374182502	TlVMTA==	PHVua25vd24+IE5VTEw=	QU5Z	1208	94489280810
68719477939	107374182502	TlVMTA==	PHVua25vd24+IE5VTEw=	QU5Z	1208	94489280810
68719477940	107374182502	bG9jYXRpb25fc2l6ZQ==	TkFQSV9BUkdWX1VURjhfTkVXKGxvY2F0aW9uLCAwKQ==	c2l6ZV90	1209	94489280644
68719477941	107374182502	ZW52	ZW52	bmFwaV9lbnY=	1209	111669149938
68719477942	107374182502	YXJndg==	YXJndg==	bmFwaV92YWx1ZVsyXQ==	1209	94489280642
68719477943	107374182502	TlVMTA==	PHVua25vd24+IE5VTEw=	QU5Z	1209	94489280810
68719477944	107374182502	bG9jYXRpb25fc2l6ZQ==	bG9jYXRpb25fc2l6ZQ==	c2l6ZV90	1209	94489280644
68719477945	107374182502	bmFwaV9vaw==	bmFwaV9vaw==	QU5Z	1209	94489280811
68719477946	107374182502	ZW52	ZW52	bmFwaV9lbnY=	1209	111669149938
68719477947	107374182502	TlVMTA==	PHVua25vd24+IE5VTEw=	QU5Z	1209	94489280810
68719477948	107374182502	TlVMTA==	PHVua25vd24+IE5VTEw=	QU5Z	1209	94489280810
68719477949	107374182502	bG9jYXRpb24=	TkFQSV9BUkdWX1VURjhfTkVXKGxvY2F0aW9uLCAwKQ==	Y2hhcio=	1209	94489280645
68719477950	107374182502	Y2hhcg==	Y2hhcg==	Y2hhcg==	1209	94489280812
68719477951	107374182502	bG9jYXRpb25fc2l6ZQ==	bG9jYXRpb25fc2l6ZQ==	c2l6ZV90	1209	94489280644
68719477952	107374182502	ZW52	ZW52	bmFwaV9lbnY=	1209	111669149938
68719477953	107374182502	YXJndg==	YXJndg==	bmFwaV92YWx1ZVsyXQ==	1209	94489280642
68719477954	107374182502	bG9jYXRpb24=	bG9jYXRpb24=	Y2hhcio=	1209	94489280645
68719477955	107374182502	bG9jYXRpb25fc2l6ZQ==	bG9jYXRpb25fc2l6ZQ==	c2l6ZV90	1209	94489280644
68719477956	107374182502	bG9jYXRpb25fc2l6ZQ==	bG9jYXRpb25fc2l6ZQ==	c2l6ZV90	1209	94489280644
68719477957	107374182502	bmFwaV9vaw==	bmFwaV9vaw==	QU5Z	1209	94489280811
68719477958	107374182502	ZW52	ZW52	bmFwaV9lbnY=	1209	111669149938
68719477959	107374182502	TlVMTA==	PHVua25vd24+IE5VTEw=	QU5Z	1209	94489280810
68719477960	107374182502	TlVMTA==	PHVua25vd24+IE5VTEw=	QU5Z	1209	94489280810
68719477961	107374182502	bG9jYXRpb24=	bG9jYXRpb24=	Y2hhcio=	1209	94489280645
68719477962	107374182502	bG9jYXRpb25fc2l6ZQ==	bG9jYXRpb25fc2l6ZQ==	c2l6ZV90	1209	94489280644
68719477963	107374182502	Y2FsbGJhY2s=	Y2FsbGJhY2s=	bmFwaV92YWx1ZQ==	1210	94489280646
68719477964	107374182502	YXJndg==	YXJndg==	bmFwaV92YWx1ZVsyXQ==	1210	94489280642
68719477965	107374182502	d29ya2Vy	d29ya2Vy	UmVwYWlyV29ya2VyKg==	1212	94489280647
68719477966	107374182502	PHRtcD4w	PHRtcD4w	UmVwYWlyV29ya2Vy	1212	94489280809
68719477967	107374182502	PHRtcD4w	PHRtcD4w	UmVwYWlyV29ya2Vy	1212	94489280809
68719477968	107374182502	ZW52	ZW52	bmFwaV9lbnY=	1212	111669149938
68719477969	107374182502	bG9jYXRpb24=	bG9jYXRpb24=	Y2hhcio=	1212	94489280645
68719477970	107374182502	Y2FsbGJhY2s=	Y2FsbGJhY2s=	bmFwaV92YWx1ZQ==	1212	94489280646
68719477971	107374182502	PHRtcD4w	PHRtcD4w	UmVwYWlyV29ya2Vy	1212	94489280809
68719477972	107374182502	d29ya2Vy	d29ya2Vy	UmVwYWlyV29ya2VyKg==	1213	94489280647
68719477973	107374182502	bG9jYXRpb24=	bG9jYXRpb24=	Y2hhcio=	1215	94489280645
68719477974	107374182503	ZGF0YQ==	ZGF0YQ==	dm9pZCo=	1224	111669149941
68719477975	107374182503	ZGF0YQ==	ZGF0YQ==	dm9pZCo=	1225	111669149941
68719477976	107374182504	YXJndg==	TkFQSV9BUkdWKDIp	bmFwaV92YWx1ZVsyXQ==	1233	94489280648
68719477977	107374182504	bmFwaV92YWx1ZVsyXQ==	bmFwaV92YWx1ZVsyXQ==	bmFwaV92YWx1ZVsyXQ==	1233	
68719477978	107374182504	YXJnYw==	TkFQSV9BUkdWKDIp	c2l6ZV90	1233	94489280649
68719477979	107374182504	ZW52	ZW52	bmFwaV9lbnY=	1233	111669149943
68719477980	107374182504	aW5mbw==	aW5mbw==	bmFwaV9jYWxsYmFja19pbmZv	1233	111669149944
68719477981	107374182504	YXJnYw==	YXJnYw==	c2l6ZV90	1233	94489280649
68719477982	107374182504	YXJndg==	YXJndg==	bmFwaV92YWx1ZVsyXQ==	1233	94489280648
68719477983	107374182504	TlVMTA==	PHVua25vd24+IE5VTEw=	QU5Z	1233	94489280802
68719477984	107374182504	TlVMTA==	PHVua25vd24+IE5VTEw=	QU5Z	1233	94489280802
68719477985	107374182504	bmFwaV9vaw==	bmFwaV9vaw==	QU5Z	1233	94489280803
68719477986	107374182504	ZW52	ZW52	bmFwaV9lbnY=	1233	111669149943
68719477987	107374182504	TlVMTA==	PHVua25vd24+IE5VTEw=	QU5Z	1233	94489280802
68719477988	107374182504	TlVMTA==	PHVua25vd24+IE5VTEw=	QU5Z	1233	94489280802
68719477989	107374182504	ZGF0YWJhc2U=	TkFQSV9EQl9DT05URVhUKCk=	RGF0YWJhc2Uq	1234	94489280650
68719477990	107374182504	TlVMTA==	PHVua25vd24+IE5VTEw=	QU5Z	1234	94489280802
68719477991	107374182504	ZW52	ZW52	bmFwaV9lbnY=	1234	111669149943
68719477992	107374182504	YXJndg==	YXJndg==	bmFwaV92YWx1ZVsyXQ==	1234	94489280648
68719477993	107374182504	ZGF0YWJhc2U=	ZGF0YWJhc2U=	RGF0YWJhc2Uq	1234	94489280650
68719477994	107374182504	bmFwaV9vaw==	bmFwaV9vaw==	QU5Z	1234	94489280803
68719477995	107374182504	ZW52	ZW52	bmFwaV9lbnY=	1234	111669149943
68719477996	107374182504	TlVMTA==	PHVua25vd24+IE5VTEw=	QU5Z	1234	94489280802
68719477997	107374182504	TlVMTA==	PHVua25vd24+IE5VTEw=	QU5Z	1234	94489280802
68719477998	107374182504	b3B0aW9ucw==	b3B0aW9ucw==	bmFwaV92YWx1ZQ==	1236	94489280651
68719477999	107374182504	YXJndg==	YXJndg==	bmFwaV92YWx1ZVsyXQ==	1236	94489280648
68719478000	107374182504	cmV2ZXJzZQ==	cmV2ZXJzZQ==	Ym9vbA==	1237	94489280652
68719478001	107374182504	ZW52	ZW52	bmFwaV9lbnY=	1237	111669149943
68719478002	107374182504	b3B0aW9ucw==	b3B0aW9ucw==	bmFwaV92YWx1ZQ==	1237	94489280651
68719478003	107374182504	a2V5cw==	a2V5cw==	Ym9vbA==	1238	94489280653
68719478004	107374182504	ZW52	ZW52	bmFwaV9lbnY=	1238	111669149943
68719478005	107374182504	b3B0aW9ucw==	b3B0aW9ucw==	bmFwaV92YWx1ZQ==	1238	94489280651
68719478006	107374182504	dmFsdWVz	dmFsdWVz	Ym9vbA==	1239	94489280654
68719478007	107374182504	ZW52	ZW52	bmFwaV9lbnY=	1239	111669149943
68719478008	107374182504	b3B0aW9ucw==	b3B0aW9ucw==	bmFwaV92YWx1ZQ==	1239	94489280651
68719478009	107374182504	ZmlsbENhY2hl	ZmlsbENhY2hl	Ym9vbA==	1240	94489280655
68719478010	107374182504	ZW52	ZW52	bmFwaV9lbnY=	1240	111669149943
68719478011	107374182504	b3B0aW9ucw==	b3B0aW9ucw==	bmFwaV92YWx1ZQ==	1240	94489280651
68719478012	107374182504	a2V5QXNCdWZmZXI=	a2V5QXNCdWZmZXI=	Ym9vbA==	1241	94489280656
68719478013	107374182504	ZW52	ZW52	bmFwaV9lbnY=	1241	111669149943
68719478014	107374182504	b3B0aW9ucw==	b3B0aW9ucw==	bmFwaV92YWx1ZQ==	1241	94489280651
68719478015	107374182504	dmFsdWVBc0J1ZmZlcg==	dmFsdWVBc0J1ZmZlcg==	Ym9vbA==	1242	94489280657
68719478016	107374182504	ZW52	ZW52	bmFwaV9lbnY=	1242	111669149943
68719478017	107374182504	b3B0aW9ucw==	b3B0aW9ucw==	bmFwaV92YWx1ZQ==	1242	94489280651
68719478018	107374182504	bGltaXQ=	bGltaXQ=	aW50	1243	94489280658
68719478019	107374182504	ZW52	ZW52	bmFwaV9lbnY=	1243	111669149943
68719478020	107374182504	b3B0aW9ucw==	b3B0aW9ucw==	bmFwaV92YWx1ZQ==	1243	94489280651
68719478021	107374182504	aGlnaFdhdGVyTWFyaw==	aGlnaFdhdGVyTWFyaw==	dWludDMyX3Q=	1244	94489280659
68719478022	107374182504	ZW52	ZW52	bmFwaV9lbnY=	1244	111669149943
68719478023	107374182504	b3B0aW9ucw==	b3B0aW9ucw==	bmFwaV92YWx1ZQ==	1244	94489280651
68719478024	107374182504	c3RhcnQ=	c3RhcnQ=	c3RkLnN0cmluZyo=	1247	94489280660
68719478025	107374182504	TlVMTA==	PHVua25vd24+IE5VTEw=	QU5Z	1247	94489280802
68719478026	107374182504	ZW5k	ZW5k	c3RkLnN0cmluZyo=	1248	94489280661
68719478027	107374182504	ZW52	ZW52	bmFwaV9lbnY=	1248	111669149943
68719478028	107374182504	b3B0aW9ucw==	b3B0aW9ucw==	bmFwaV92YWx1ZQ==	1248	94489280651
68719478029	107374182504	bHQ=	bHQ=	c3RkLnN0cmluZyo=	1249	94489280662
68719478030	107374182504	ZW52	ZW52	bmFwaV9lbnY=	1249	111669149943
68719478031	107374182504	b3B0aW9ucw==	b3B0aW9ucw==	bmFwaV92YWx1ZQ==	1249	94489280651
68719478032	107374182504	bHRl	bHRl	c3RkLnN0cmluZyo=	1250	94489280663
68719478033	107374182504	ZW52	ZW52	bmFwaV9lbnY=	1250	111669149943
68719478034	107374182504	b3B0aW9ucw==	b3B0aW9ucw==	bmFwaV92YWx1ZQ==	1250	94489280651
68719478035	107374182504	Z3Q=	Z3Q=	c3RkLnN0cmluZyo=	1251	94489280664
68719478036	107374182504	ZW52	ZW52	bmFwaV9lbnY=	1251	111669149943
68719478037	107374182504	b3B0aW9ucw==	b3B0aW9ucw==	bmFwaV92YWx1ZQ==	1251	94489280651
68719478038	107374182504	Z3Rl	Z3Rl	c3RkLnN0cmluZyo=	1252	94489280665
68719478039	107374182504	ZW52	ZW52	bmFwaV9lbnY=	1252	111669149943
68719478040	107374182504	b3B0aW9ucw==	b3B0aW9ucw==	bmFwaV92YWx1ZQ==	1252	94489280651
68719478041	107374182504	cmV2ZXJzZQ==	cmV2ZXJzZQ==	Ym9vbA==	1254	94489280652
68719478042	107374182504	Z3Rl	Z3Rl	c3RkLnN0cmluZyo=	1254	94489280665
68719478043	107374182504	TlVMTA==	PHVua25vd24+IE5VTEw=	QU5Z	1254	94489280802
68719478044	107374182504	c3RhcnQ=	c3RhcnQ=	c3RkLnN0cmluZyo=	1254	94489280660
68719478045	107374182504	PHRtcD4w	PHRtcD4w	c3RkLnN0cmluZw==	1254	94489280808
68719478046	107374182504	PHRtcD4w	PHRtcD4w	c3RkLnN0cmluZw==	1254	94489280808
68719478047	107374182504	Z3Rl	Z3Rl	c3RkLnN0cmluZyo=	1254	94489280665
68719478048	107374182504	PHRtcD4w	PHRtcD4w	c3RkLnN0cmluZw==	1254	94489280808
68719478049	107374182504	cmV2ZXJzZQ==	cmV2ZXJzZQ==	Ym9vbA==	1255	94489280652
68719478050	107374182504	Z3Q=	Z3Q=	c3RkLnN0cmluZyo=	1255	94489280664
68719478051	107374182504	TlVMTA==	PHVua25vd24+IE5VTEw=	QU5Z	1255	94489280802
68719478052	107374182504	c3RhcnQ=	c3RhcnQ=	c3RkLnN0cmluZyo=	1255	94489280660
68719478053	107374182504	PHRtcD4x	PHRtcD4x	c3RkLnN0cmluZw==	1255	94489280807
68719478054	107374182504	PHRtcD4x	PHRtcD4x	c3RkLnN0cmluZw==	1255	94489280807
68719478055	107374182504	Z3Q=	Z3Q=	c3RkLnN0cmluZyo=	1255	94489280664
68719478056	107374182504	PHRtcD4x	PHRtcD4x	c3RkLnN0cmluZw==	1255	94489280807
68719478057	107374182504	cmV2ZXJzZQ==	cmV2ZXJzZQ==	Ym9vbA==	1256	94489280652
68719478058	107374182504	bHRl	bHRl	c3RkLnN0cmluZyo=	1256	94489280663
68719478059	107374182504	TlVMTA==	PHVua25vd24+IE5VTEw=	QU5Z	1256	94489280802
68719478060	107374182504	c3RhcnQ=	c3RhcnQ=	c3RkLnN0cmluZyo=	1256	94489280660
68719478061	107374182504	PHRtcD4y	PHRtcD4y	c3RkLnN0cmluZw==	1256	94489280806
68719478062	107374182504	PHRtcD4y	PHRtcD4y	c3RkLnN0cmluZw==	1256	94489280806
68719478063	107374182504	bHRl	bHRl	c3RkLnN0cmluZyo=	1256	94489280663
68719478064	107374182504	PHRtcD4y	PHRtcD4y	c3RkLnN0cmluZw==	1256	94489280806
68719478065	107374182504	cmV2ZXJzZQ==	cmV2ZXJzZQ==	Ym9vbA==	1257	94489280652
68719478066	107374182504	bHQ=	bHQ=	c3RkLnN0cmluZyo=	1257	94489280662
68719478067	107374182504	TlVMTA==	PHVua25vd24+IE5VTEw=	QU5Z	1257	94489280802
68719478068	107374182504	c3RhcnQ=	c3RhcnQ=	c3RkLnN0cmluZyo=	1257	94489280660
68719478069	107374182504	PHRtcD4z	PHRtcD4z	c3RkLnN0cmluZw==	1257	94489280805
68719478070	107374182504	PHRtcD4z	PHRtcD4z	c3RkLnN0cmluZw==	1257	94489280805
68719478071	107374182504	bHQ=	bHQ=	c3RkLnN0cmluZyo=	1257	94489280662
68719478072	107374182504	PHRtcD4z	PHRtcD4z	c3RkLnN0cmluZw==	1257	94489280805
68719478073	107374182504	c3RhcnQ=	c3RhcnQ=	c3RkLnN0cmluZyo=	1258	94489280660
68719478074	107374182504	ZW52	ZW52	bmFwaV9lbnY=	1258	111669149943
68719478075	107374182504	b3B0aW9ucw==	b3B0aW9ucw==	bmFwaV92YWx1ZQ==	1258	94489280651
68719478076	107374182504	aWQ=	aWQ=	dWludDMyX3Q=	1260	94489280666
68719478077	107374182504	ZGF0YWJhc2U=	ZGF0YWJhc2U=	RGF0YWJhc2Uq	1260	94489280650
68719478078	107374182504	aXRlcmF0b3I=	aXRlcmF0b3I=	SXRlcmF0b3Iq	1261	94489280667
68719478079	107374182504	PHRtcD40	PHRtcD40	SXRlcmF0b3I=	1261	94489280804
68719478080	107374182504	PHRtcD40	PHRtcD40	SXRlcmF0b3I=	1261	94489280804
68719478081	107374182504	ZGF0YWJhc2U=	ZGF0YWJhc2U=	RGF0YWJhc2Uq	1261	94489280650
68719478082	107374182504	aWQ=	aWQ=	dWludDMyX3Q=	1261	94489280666
68719478083	107374182504	c3RhcnQ=	c3RhcnQ=	c3RkLnN0cmluZyo=	1261	94489280660
68719478084	107374182504	ZW5k	ZW5k	c3RkLnN0cmluZyo=	1261	94489280661
68719478085	107374182504	cmV2ZXJzZQ==	cmV2ZXJzZQ==	Ym9vbA==	1261	94489280652
68719478086	107374182504	a2V5cw==	a2V5cw==	Ym9vbA==	1261	94489280653
68719478087	107374182504	dmFsdWVz	dmFsdWVz	Ym9vbA==	1262	94489280654
68719478088	107374182504	bGltaXQ=	bGltaXQ=	aW50	1262	94489280658
68719478089	107374182504	bHQ=	bHQ=	c3RkLnN0cmluZyo=	1262	94489280662
68719478090	107374182504	bHRl	bHRl	c3RkLnN0cmluZyo=	1262	94489280663
68719478091	107374182504	Z3Q=	Z3Q=	c3RkLnN0cmluZyo=	1262	94489280664
68719478092	107374182504	Z3Rl	Z3Rl	c3RkLnN0cmluZyo=	1262	94489280665
68719478093	107374182504	ZmlsbENhY2hl	ZmlsbENhY2hl	Ym9vbA==	1262	94489280655
68719478094	107374182504	a2V5QXNCdWZmZXI=	a2V5QXNCdWZmZXI=	Ym9vbA==	1263	94489280656
68719478095	107374182504	dmFsdWVBc0J1ZmZlcg==	dmFsdWVBc0J1ZmZlcg==	Ym9vbA==	1263	94489280657
68719478096	107374182504	aGlnaFdhdGVyTWFyaw==	aGlnaFdhdGVyTWFyaw==	dWludDMyX3Q=	1263	94489280659
68719478097	107374182504	PHRtcD40	PHRtcD40	SXRlcmF0b3I=	1261	94489280804
68719478098	107374182504	ZW52	ZW52	bmFwaV9lbnY=	1267	111669149943
68719478099	107374182504	aXRlcmF0b3I=	aXRlcmF0b3I=	SXRlcmF0b3Iq	1267	94489280667
68719478100	107374182504	TlVMTA==	PHVua25vd24+IE5VTEw=	QU5Z	1267	94489280802
68719478101	107374182504	cmVzdWx0	cmVzdWx0	bmFwaV92YWx1ZQ==	1267	94489280668
68719478102	107374182504	bmFwaV9vaw==	bmFwaV9vaw==	QU5Z	1267	94489280803
68719478103	107374182504	ZW52	ZW52	bmFwaV9lbnY=	1267	111669149943
68719478104	107374182504	TlVMTA==	PHVua25vd24+IE5VTEw=	QU5Z	1267	94489280802
68719478105	107374182504	TlVMTA==	PHVua25vd24+IE5VTEw=	QU5Z	1267	94489280802
68719478106	107374182504	ZW52	ZW52	bmFwaV9lbnY=	1273	111669149943
68719478107	107374182504	cmVzdWx0	cmVzdWx0	bmFwaV92YWx1ZQ==	1273	94489280668
68719478108	107374182504	cmVm	cmVm	bmFwaV9yZWY=	1273	94489280669
68719478109	107374182504	bmFwaV9vaw==	bmFwaV9vaw==	QU5Z	1273	94489280803
68719478110	107374182504	ZW52	ZW52	bmFwaV9lbnY=	1273	111669149943
68719478111	107374182504	TlVMTA==	PHVua25vd24+IE5VTEw=	QU5Z	1273	94489280802
68719478112	107374182504	TlVMTA==	PHVua25vd24+IE5VTEw=	QU5Z	1273	94489280802
68719478113	107374182504	aXRlcmF0b3I=	aXRlcmF0b3I=	SXRlcmF0b3Iq	1274	94489280667
68719478114	107374182504	cmVm	cmVm	bmFwaV9yZWY=	1274	94489280669
68719478115	107374182504	cmVzdWx0	cmVzdWx0	bmFwaV92YWx1ZQ==	1276	94489280668
68719478116	107374182505	YXJndg==	TkFQSV9BUkdWKDIp	bmFwaV92YWx1ZVsyXQ==	1283	94489280670
68719478117	107374182505	bmFwaV92YWx1ZVsyXQ==	bmFwaV92YWx1ZVsyXQ==	bmFwaV92YWx1ZVsyXQ==	1283	
68719478118	107374182505	YXJnYw==	TkFQSV9BUkdWKDIp	c2l6ZV90	1283	94489280671
68719478119	107374182505	ZW52	ZW52	bmFwaV9lbnY=	1283	111669149945
68719478120	107374182505	aW5mbw==	aW5mbw==	bmFwaV9jYWxsYmFja19pbmZv	1283	111669149946
68719478121	107374182505	YXJnYw==	YXJnYw==	c2l6ZV90	1283	94489280671
68719478122	107374182505	YXJndg==	YXJndg==	bmFwaV92YWx1ZVsyXQ==	1283	94489280670
68719478123	107374182505	TlVMTA==	PHVua25vd24+IE5VTEw=	QU5Z	1283	94489280800
68719478124	107374182505	TlVMTA==	PHVua25vd24+IE5VTEw=	QU5Z	1283	94489280800
68719478125	107374182505	bmFwaV9vaw==	bmFwaV9vaw==	QU5Z	1283	94489280801
68719478126	107374182505	ZW52	ZW52	bmFwaV9lbnY=	1283	111669149945
68719478127	107374182505	TlVMTA==	PHVua25vd24+IE5VTEw=	QU5Z	1283	94489280800
68719478128	107374182505	TlVMTA==	PHVua25vd24+IE5VTEw=	QU5Z	1283	94489280800
68719478129	107374182505	aXRlcmF0b3I=	TkFQSV9JVEVSQVRPUl9DT05URVhUKCk=	SXRlcmF0b3Iq	1284	94489280672
68719478130	107374182505	TlVMTA==	PHVua25vd24+IE5VTEw=	QU5Z	1284	94489280800
68719478131	107374182505	ZW52	ZW52	bmFwaV9lbnY=	1284	111669149945
68719478132	107374182505	YXJndg==	YXJndg==	bmFwaV92YWx1ZVsyXQ==	1284	94489280670
68719478133	107374182505	aXRlcmF0b3I=	aXRlcmF0b3I=	SXRlcmF0b3Iq	1284	94489280672
68719478134	107374182505	bmFwaV9vaw==	bmFwaV9vaw==	QU5Z	1284	94489280801
68719478135	107374182505	ZW52	ZW52	bmFwaV9lbnY=	1284	111669149945
68719478136	107374182505	TlVMTA==	PHVua25vd24+IE5VTEw=	QU5Z	1284	94489280800
68719478137	107374182505	TlVMTA==	PHVua25vd24+IE5VTEw=	QU5Z	1284	94489280800
68719478138	107374182505	aXRlcmF0b3I=	aXRlcmF0b3I=	SXRlcmF0b3Iq	1286	94489280672
68719478139	107374182505	ZW52	ZW52	bmFwaV9lbnY=	1287	111669149945
68719478140	107374182505	TlVMTA==	PHVua25vd24+IE5VTEw=	QU5Z	1287	94489280800
68719478141	107374182505	dGFyZ2V0	dGFyZ2V0	bGV2ZWxkYi5TbGljZQ==	1290	94489280673
68719478142	107374182505	ZW52	ZW52	bmFwaV9lbnY=	1290	111669149945
68719478143	107374182505	YXJndg==	YXJndg==	bmFwaV92YWx1ZVsyXQ==	1290	94489280670
68719478144	107374182505	aXRlcmF0b3I=	aXRlcmF0b3I=	SXRlcmF0b3Iq	1291	94489280672
68719478145	107374182505	ZGJJdGVyYXRvcg==	ZGJJdGVyYXRvcg==	bGV2ZWxkYi5JdGVyYXRvcio=	1293	94489280674
68719478146	107374182505	aXRlcmF0b3I=	aXRlcmF0b3I=	SXRlcmF0b3Iq	1293	94489280672
68719478147	107374182505	dGFyZ2V0	dGFyZ2V0	bGV2ZWxkYi5TbGljZQ==	1294	94489280673
68719478148	107374182505	aXRlcmF0b3I=	aXRlcmF0b3I=	SXRlcmF0b3Iq	1295	94489280672
68719478149	107374182505	ZGJJdGVyYXRvcg==	ZGJJdGVyYXRvcg==	bGV2ZWxkYi5JdGVyYXRvcio=	1295	94489280674
68719478150	107374182505	ZGJJdGVyYXRvcg==	ZGJJdGVyYXRvcg==	bGV2ZWxkYi5JdGVyYXRvcio=	1296	94489280674
68719478151	107374182505	ZGJJdGVyYXRvcg==	ZGJJdGVyYXRvcg==	bGV2ZWxkYi5JdGVyYXRvcio=	1298	94489280674
68719478152	107374182505	dGFyZ2V0	dGFyZ2V0	bGV2ZWxkYi5TbGljZQ==	1298	94489280673
68719478153	107374182505	aXRlcmF0b3I=	aXRlcmF0b3I=	SXRlcmF0b3Iq	1301	94489280672
68719478154	107374182505	aXRlcmF0b3I=	aXRlcmF0b3I=	SXRlcmF0b3Iq	1302	94489280672
68719478155	107374182505	aXRlcmF0b3I=	aXRlcmF0b3I=	SXRlcmF0b3Iq	1304	94489280672
68719478156	107374182505	dGFyZ2V0	dGFyZ2V0	bGV2ZWxkYi5TbGljZQ==	1304	94489280673
68719478157	107374182505	aXRlcmF0b3I=	aXRlcmF0b3I=	SXRlcmF0b3Iq	1305	94489280672
68719478158	107374182505	ZGJJdGVyYXRvcg==	ZGJJdGVyYXRvcg==	bGV2ZWxkYi5JdGVyYXRvcio=	1306	94489280674
68719478159	107374182505	ZGJJdGVyYXRvcg==	ZGJJdGVyYXRvcg==	bGV2ZWxkYi5JdGVyYXRvcio=	1307	94489280674
68719478160	107374182505	ZGJJdGVyYXRvcg==	ZGJJdGVyYXRvcg==	bGV2ZWxkYi5JdGVyYXRvcio=	1309	94489280674
68719478161	107374182505	ZGJJdGVyYXRvcg==	ZGJJdGVyYXRvcg==	bGV2ZWxkYi5JdGVyYXRvcio=	1310	94489280674
68719478162	107374182505	ZGJJdGVyYXRvcg==	ZGJJdGVyYXRvcg==	bGV2ZWxkYi5JdGVyYXRvcio=	1312	94489280674
68719478163	107374182505	Y21w	Y21w	aW50	1313	94489280675
68719478164	107374182505	ZGJJdGVyYXRvcg==	ZGJJdGVyYXRvcg==	bGV2ZWxkYi5JdGVyYXRvcio=	1313	94489280674
68719478165	107374182505	dGFyZ2V0	dGFyZ2V0	bGV2ZWxkYi5TbGljZQ==	1313	94489280673
68719478166	107374182505	Y21w	Y21w	aW50	1314	94489280675
68719478167	107374182505	aXRlcmF0b3I=	aXRlcmF0b3I=	SXRlcmF0b3Iq	1314	94489280672
68719478168	107374182505	ZGJJdGVyYXRvcg==	ZGJJdGVyYXRvcg==	bGV2ZWxkYi5JdGVyYXRvcio=	1315	94489280674
68719478169	107374182505	Y21w	Y21w	aW50	1316	94489280675
68719478170	107374182505	aXRlcmF0b3I=	aXRlcmF0b3I=	SXRlcmF0b3Iq	1316	94489280672
68719478171	107374182505	ZGJJdGVyYXRvcg==	ZGJJdGVyYXRvcg==	bGV2ZWxkYi5JdGVyYXRvcio=	1317	94489280674
68719478172	107374182505	aXRlcmF0b3I=	aXRlcmF0b3I=	SXRlcmF0b3Iq	1320	94489280672
68719478173	107374182505	ZGJJdGVyYXRvcg==	ZGJJdGVyYXRvcg==	bGV2ZWxkYi5JdGVyYXRvcio=	1321	94489280674
68719478174	107374182505	ZGJJdGVyYXRvcg==	ZGJJdGVyYXRvcg==	bGV2ZWxkYi5JdGVyYXRvcio=	1323	94489280674
68719478175	107374182505	ZGJJdGVyYXRvcg==	ZGJJdGVyYXRvcg==	bGV2ZWxkYi5JdGVyYXRvcio=	1325	94489280674
68719478176	107374182505	Y21w	Y21w	aW50	1326	94489280676
68719478177	107374182505	ZGJJdGVyYXRvcg==	ZGJJdGVyYXRvcg==	bGV2ZWxkYi5JdGVyYXRvcio=	1326	94489280674
68719478178	107374182505	dGFyZ2V0	dGFyZ2V0	bGV2ZWxkYi5TbGljZQ==	1326	94489280673
68719478179	107374182505	Y21w	Y21w	aW50	1327	94489280676
68719478180	107374182505	aXRlcmF0b3I=	aXRlcmF0b3I=	SXRlcmF0b3Iq	1327	94489280672
68719478181	107374182505	ZGJJdGVyYXRvcg==	ZGJJdGVyYXRvcg==	bGV2ZWxkYi5JdGVyYXRvcio=	1328	94489280674
68719478182	107374182505	ZGJJdGVyYXRvcg==	ZGJJdGVyYXRvcg==	bGV2ZWxkYi5JdGVyYXRvcio=	1329	94489280674
68719478183	107374182505	Y21w	Y21w	aW50	1330	94489280676
68719478184	107374182505	aXRlcmF0b3I=	aXRlcmF0b3I=	SXRlcmF0b3Iq	1330	94489280672
68719478185	107374182505	ZGJJdGVyYXRvcg==	ZGJJdGVyYXRvcg==	bGV2ZWxkYi5JdGVyYXRvcio=	1331	94489280674
68719478186	107374182505	ZGJJdGVyYXRvcg==	ZGJJdGVyYXRvcg==	bGV2ZWxkYi5JdGVyYXRvcio=	1332	94489280674
68719478187	107374182505	dGFyZ2V0	dGFyZ2V0	bGV2ZWxkYi5TbGljZQ==	1337	94489280673
68719478195	107374182506	aXRlcmF0b3Jf	aXRlcmF0b3Jf	SXRlcmF0b3Iq	1362	94489280799
68719478196	107374182506	PHRtcD4w	PHRtcD4w	QU5Z	1362	94489280798
68719478197	107374182506	PHRtcD4w	PHRtcD4w	QU5Z	1362	94489280798
68719478198	107374182506	PHRtcD4w	PHRtcD4w	QU5Z	1362	94489280798
68719478188	107374182507	dGhpcw==	dGhpcw==	RW5kV29ya2VyKg==	1348	111669149947
68719478189	107374182507	ZW52	ZW52	bmFwaV9lbnY=	1348	111669149948
68719478190	107374182507	dGhpcw==	dGhpcw==	RW5kV29ya2VyKg==	1349	111669149947
68719478191	107374182507	aXRlcmF0b3I=	aXRlcmF0b3I=	SXRlcmF0b3Iq	1349	111669149949
68719478192	107374182509	dGhpcw==	dGhpcw==	RW5kV29ya2VyKg==	1354	111669149952
68719478193	107374182510	dGhpcw==	dGhpcw==	RW5kV29ya2VyKg==	1358	111669149953
68719478194	107374182510	dGhpcw==	dGhpcw==	RW5kV29ya2VyKg==	1358	111669149953
68719478199	107374182511	aXRlcmF0b3I=	aXRlcmF0b3I=	SXRlcmF0b3Iq	1370	111669149955
68719478200	107374182511	d29ya2Vy	d29ya2Vy	RW5kV29ya2VyKg==	1371	94489280677
68719478201	107374182511	PHRtcD4w	PHRtcD4w	RW5kV29ya2Vy	1371	94489280797
68719478202	107374182511	PHRtcD4w	PHRtcD4w	RW5kV29ya2Vy	1371	94489280797
68719478203	107374182511	ZW52	ZW52	bmFwaV9lbnY=	1371	111669149954
68719478204	107374182511	aXRlcmF0b3I=	aXRlcmF0b3I=	SXRlcmF0b3Iq	1371	111669149955
68719478205	107374182511	Y2I=	Y2I=	bmFwaV92YWx1ZQ==	1371	111669149956
68719478206	107374182511	PHRtcD4w	PHRtcD4w	RW5kV29ya2Vy	1371	94489280797
68719478207	107374182511	aXRlcmF0b3I=	aXRlcmF0b3I=	SXRlcmF0b3Iq	1372	111669149955
68719478208	107374182511	aXRlcmF0b3I=	aXRlcmF0b3I=	SXRlcmF0b3Iq	1374	111669149955
68719478209	107374182511	aXRlcmF0b3I=	aXRlcmF0b3I=	SXRlcmF0b3Iq	1375	111669149955
68719478210	107374182511	d29ya2Vy	d29ya2Vy	RW5kV29ya2VyKg==	1375	94489280677
68719478211	107374182511	d29ya2Vy	d29ya2Vy	RW5kV29ya2VyKg==	1377	94489280677
68719478212	107374182512	YXJndg==	TkFQSV9BUkdWKDIp	bmFwaV92YWx1ZVsyXQ==	1386	94489280678
68719478213	107374182512	bmFwaV92YWx1ZVsyXQ==	bmFwaV92YWx1ZVsyXQ==	bmFwaV92YWx1ZVsyXQ==	1386	
68719478214	107374182512	YXJnYw==	TkFQSV9BUkdWKDIp	c2l6ZV90	1386	94489280679
68719478215	107374182512	ZW52	ZW52	bmFwaV9lbnY=	1386	111669149957
68719478216	107374182512	aW5mbw==	aW5mbw==	bmFwaV9jYWxsYmFja19pbmZv	1386	111669149958
68719478217	107374182512	YXJnYw==	YXJnYw==	c2l6ZV90	1386	94489280679
68719478218	107374182512	YXJndg==	YXJndg==	bmFwaV92YWx1ZVsyXQ==	1386	94489280678
68719478219	107374182512	TlVMTA==	PHVua25vd24+IE5VTEw=	QU5Z	1386	94489280795
68719478220	107374182512	TlVMTA==	PHVua25vd24+IE5VTEw=	QU5Z	1386	94489280795
68719478221	107374182512	bmFwaV9vaw==	bmFwaV9vaw==	QU5Z	1386	94489280796
68719478222	107374182512	ZW52	ZW52	bmFwaV9lbnY=	1386	111669149957
68719478223	107374182512	TlVMTA==	PHVua25vd24+IE5VTEw=	QU5Z	1386	94489280795
68719478224	107374182512	TlVMTA==	PHVua25vd24+IE5VTEw=	QU5Z	1386	94489280795
68719478225	107374182512	aXRlcmF0b3I=	TkFQSV9JVEVSQVRPUl9DT05URVhUKCk=	SXRlcmF0b3Iq	1387	94489280680
68719478226	107374182512	TlVMTA==	PHVua25vd24+IE5VTEw=	QU5Z	1387	94489280795
68719478227	107374182512	ZW52	ZW52	bmFwaV9lbnY=	1387	111669149957
68719478228	107374182512	YXJndg==	YXJndg==	bmFwaV92YWx1ZVsyXQ==	1387	94489280678
68719478229	107374182512	aXRlcmF0b3I=	aXRlcmF0b3I=	SXRlcmF0b3Iq	1387	94489280680
68719478230	107374182512	bmFwaV9vaw==	bmFwaV9vaw==	QU5Z	1387	94489280796
68719478231	107374182512	ZW52	ZW52	bmFwaV9lbnY=	1387	111669149957
68719478232	107374182512	TlVMTA==	PHVua25vd24+IE5VTEw=	QU5Z	1387	94489280795
68719478233	107374182512	TlVMTA==	PHVua25vd24+IE5VTEw=	QU5Z	1387	94489280795
68719478234	107374182512	ZW52	ZW52	bmFwaV9lbnY=	1389	111669149957
68719478235	107374182512	aXRlcmF0b3I=	aXRlcmF0b3I=	SXRlcmF0b3Iq	1389	94489280680
68719478236	107374182512	YXJndg==	YXJndg==	bmFwaV92YWx1ZVsyXQ==	1389	94489280678
68719478237	107374182513	aXRlcmF0b3I=	aXRlcmF0b3I=	SXRlcmF0b3Iq	1399	111669149959
68719478238	107374182513	aXRlcmF0b3I=	aXRlcmF0b3I=	SXRlcmF0b3Iq	1400	111669149959
68719478239	107374182513	TlVMTA==	PHVua25vd24+IE5VTEw=	QU5Z	1400	94489280794
68719478240	107374182513	aXRlcmF0b3I=	aXRlcmF0b3I=	SXRlcmF0b3Iq	1401	111669149959
68719478241	107374182513	aXRlcmF0b3I=	aXRlcmF0b3I=	SXRlcmF0b3Iq	1402	111669149959
68719478242	107374182513	TlVMTA==	PHVua25vd24+IE5VTEw=	QU5Z	1402	94489280794
68719478320	107374182514	aXRlcmF0b3Jf	aXRlcmF0b3Jf	SXRlcmF0b3Iq	1470	94489280790
68719478321	107374182514	PHRtcD4w	PHRtcD4w	QU5Z	1470	94489280789
68719478322	107374182514	PHRtcD4w	PHRtcD4w	QU5Z	1470	94489280789
68719478323	107374182514	PHRtcD4w	PHRtcD4w	QU5Z	1470	94489280789
68719478324	107374182514	cmVzdWx0Xw==	cmVzdWx0Xw==	QU5Z	1473	94489280788
68719478325	107374182514	PHRtcD4x	PHRtcD4x	QU5Z	1473	94489280787
68719478326	107374182514	PHRtcD4x	PHRtcD4x	QU5Z	1473	94489280787
68719478327	107374182514	PHRtcD4x	PHRtcD4x	QU5Z	1473	94489280787
68719478243	107374182515	dGhpcw==	dGhpcw==	TmV4dFdvcmtlcio=	1414	111669149960
68719478244	107374182515	ZW52	ZW52	bmFwaV9lbnY=	1414	111669149961
68719478245	107374182515	dGhpcw==	dGhpcw==	TmV4dFdvcmtlcio=	1416	111669149960
68719478246	107374182515	aXRlcmF0b3I=	aXRlcmF0b3I=	SXRlcmF0b3Iq	1416	111669149962
68719478247	107374182515	dGhpcw==	dGhpcw==	TmV4dFdvcmtlcio=	1417	111669149960
68719478248	107374182515	bG9jYWxDYWxsYmFjaw==	bG9jYWxDYWxsYmFjaw==	dm9pZA==	1417	111669149964
68719478249	107374182517	dGhpcw==	dGhpcw==	TmV4dFdvcmtlcio=	1422	111669149966
68719478250	107374182517	dGhpcw==	dGhpcw==	TmV4dFdvcmtlcio=	1422	111669149966
68719478251	107374182517	dGhpcw==	dGhpcw==	TmV4dFdvcmtlcio=	1422	111669149966
68719478252	107374182517	dGhpcw==	dGhpcw==	TmV4dFdvcmtlcio=	1423	111669149966
68719478253	107374182517	dGhpcw==	dGhpcw==	TmV4dFdvcmtlcio=	1424	111669149966
68719478254	107374182518	YXJyYXlTaXpl	YXJyYXlTaXpl	c2l6ZV90	1429	94489280681
68719478255	107374182518	dGhpcw==	dGhpcw==	TmV4dFdvcmtlcio=	1429	111669149967
68719478256	107374182518	dGhpcw==	dGhpcw==	TmV4dFdvcmtlcio=	1431	111669149967
68719478257	107374182518	YXJyYXlTaXpl	YXJyYXlTaXpl	c2l6ZV90	1431	94489280681
68719478258	107374182518	anNBcnJheQ==	anNBcnJheQ==	bmFwaV92YWx1ZQ==	1431	94489280682
68719478259	107374182518	aWR4	aWR4	c2l6ZV90	1433	94489280683
68719478260	107374182518	aWR4	aWR4	c2l6ZV90	1433	94489280683
68719478261	107374182518	dGhpcw==	dGhpcw==	TmV4dFdvcmtlcio=	1433	111669149967
68719478262	107374182518	aWR4	aWR4	c2l6ZV90	1433	94489280683
68719478263	107374182518	c3Rk	c3Rk	c3Rk	1434	94489280793
68719478264	107374182518	c3Rk	c3Rk	c3Rk	1434	94489280793
68719478265	107374182518	c3Rk	c3Rk	c3Rk	1434	94489280793
68719478266	107374182518	cm93	PHVua25vd24+IHJvdw==	QU5Z	1434	94489280792
68719478267	107374182518	dGhpcw==	dGhpcw==	TmV4dFdvcmtlcio=	1434	111669149967
68719478268	107374182518	aWR4	aWR4	c2l6ZV90	1434	94489280683
68719478269	107374182518	a2V5	a2V5	c3RkLnN0cmluZw==	1435	94489280684
68719478270	107374182518	cm93	PHVua25vd24+IHJvdw==	QU5Z	1435	94489280792
68719478271	107374182518	dmFsdWU=	dmFsdWU=	c3RkLnN0cmluZw==	1436	94489280685
68719478272	107374182518	cm93	PHVua25vd24+IHJvdw==	QU5Z	1436	94489280792
68719478273	107374182518	dGhpcw==	dGhpcw==	TmV4dFdvcmtlcio=	1439	111669149967
68719478274	107374182518	dGhpcw==	dGhpcw==	TmV4dFdvcmtlcio=	1440	111669149967
68719478275	107374182518	a2V5	a2V5	c3RkLnN0cmluZw==	1440	94489280684
68719478276	107374182518	a2V5	a2V5	c3RkLnN0cmluZw==	1440	94489280684
68719478277	107374182518	TlVMTA==	PHVua25vd24+IE5VTEw=	QU5Z	1440	94489280791
68719478278	107374182518	cmV0dXJuS2V5	cmV0dXJuS2V5	bmFwaV92YWx1ZQ==	1440	94489280686
68719478279	107374182518	dGhpcw==	dGhpcw==	TmV4dFdvcmtlcio=	1442	111669149967
68719478280	107374182518	a2V5	a2V5	c3RkLnN0cmluZw==	1442	94489280684
68719478281	107374182518	a2V5	a2V5	c3RkLnN0cmluZw==	1442	94489280684
68719478282	107374182518	cmV0dXJuS2V5	cmV0dXJuS2V5	bmFwaV92YWx1ZQ==	1442	94489280686
68719478283	107374182518	dGhpcw==	dGhpcw==	TmV4dFdvcmtlcio=	1446	111669149967
68719478284	107374182518	dGhpcw==	dGhpcw==	TmV4dFdvcmtlcio=	1447	111669149967
68719478285	107374182518	dmFsdWU=	dmFsdWU=	c3RkLnN0cmluZw==	1447	94489280685
68719478286	107374182518	dmFsdWU=	dmFsdWU=	c3RkLnN0cmluZw==	1447	94489280685
68719478287	107374182518	TlVMTA==	PHVua25vd24+IE5VTEw=	QU5Z	1447	94489280791
68719478288	107374182518	cmV0dXJuVmFsdWU=	cmV0dXJuVmFsdWU=	bmFwaV92YWx1ZQ==	1447	94489280687
68719478289	107374182518	dGhpcw==	dGhpcw==	TmV4dFdvcmtlcio=	1449	111669149967
68719478290	107374182518	dmFsdWU=	dmFsdWU=	c3RkLnN0cmluZw==	1449	94489280685
68719478291	107374182518	dmFsdWU=	dmFsdWU=	c3RkLnN0cmluZw==	1449	94489280685
68719478292	107374182518	cmV0dXJuVmFsdWU=	cmV0dXJuVmFsdWU=	bmFwaV92YWx1ZQ==	1449	94489280687
68719478293	107374182518	dGhpcw==	dGhpcw==	TmV4dFdvcmtlcio=	1453	111669149967
68719478294	107374182518	anNBcnJheQ==	anNBcnJheQ==	bmFwaV92YWx1ZQ==	1453	94489280682
68719478295	107374182518	YXJyYXlTaXpl	YXJyYXlTaXpl	c2l6ZV90	1453	94489280681
68719478296	107374182518	aWR4	aWR4	c2l6ZV90	1453	94489280683
68719478297	107374182518	cmV0dXJuS2V5	cmV0dXJuS2V5	bmFwaV92YWx1ZQ==	1453	94489280686
68719478298	107374182518	dGhpcw==	dGhpcw==	TmV4dFdvcmtlcio=	1454	111669149967
68719478299	107374182518	anNBcnJheQ==	anNBcnJheQ==	bmFwaV92YWx1ZQ==	1454	94489280682
68719478300	107374182518	YXJyYXlTaXpl	YXJyYXlTaXpl	c2l6ZV90	1454	94489280681
68719478301	107374182518	aWR4	aWR4	c2l6ZV90	1454	94489280683
68719478302	107374182518	cmV0dXJuVmFsdWU=	cmV0dXJuVmFsdWU=	bmFwaV92YWx1ZQ==	1454	94489280687
68719478303	107374182518	dGhpcw==	dGhpcw==	TmV4dFdvcmtlcio=	1459	111669149967
68719478304	107374182518	dGhpcw==	dGhpcw==	TmV4dFdvcmtlcio=	1459	111669149967
68719478305	107374182518	YXJndg==	YXJndg==	bmFwaV92YWx1ZVszXQ==	1461	94489280688
68719478306	107374182518	bmFwaV92YWx1ZVszXQ==	bmFwaV92YWx1ZVszXQ==	bmFwaV92YWx1ZVszXQ==	1461	
68719478307	107374182518	dGhpcw==	dGhpcw==	TmV4dFdvcmtlcio=	1462	111669149967
68719478308	107374182518	YXJndg==	YXJndg==	bmFwaV92YWx1ZVszXQ==	1462	94489280688
68719478309	107374182518	YXJndg==	YXJndg==	bmFwaV92YWx1ZVszXQ==	1463	94489280688
68719478310	107374182518	anNBcnJheQ==	anNBcnJheQ==	bmFwaV92YWx1ZQ==	1463	94489280682
68719478311	107374182518	dGhpcw==	dGhpcw==	TmV4dFdvcmtlcio=	1464	111669149967
68719478312	107374182518	dGhpcw==	dGhpcw==	TmV4dFdvcmtlcio=	1464	111669149967
68719478313	107374182518	YXJndg==	YXJndg==	bmFwaV92YWx1ZVszXQ==	1464	94489280688
68719478314	107374182518	dGhpcw==	dGhpcw==	TmV4dFdvcmtlcio=	1466	111669149967
68719478315	107374182518	dGhpcw==	dGhpcw==	TmV4dFdvcmtlcio=	1466	111669149967
68719478316	107374182518	Y2FsbGJhY2s=	Y2FsbGJhY2s=	bmFwaV92YWx1ZQ==	1466	94489280689
68719478317	107374182518	dGhpcw==	dGhpcw==	TmV4dFdvcmtlcio=	1467	111669149967
68719478318	107374182518	Y2FsbGJhY2s=	Y2FsbGJhY2s=	bmFwaV92YWx1ZQ==	1467	94489280689
68719478319	107374182518	YXJndg==	YXJndg==	bmFwaV92YWx1ZVszXQ==	1467	94489280688
68719478328	107374182519	YXJndg==	TkFQSV9BUkdWKDIp	bmFwaV92YWx1ZVsyXQ==	1481	94489280691
68719478329	107374182519	bmFwaV92YWx1ZVsyXQ==	bmFwaV92YWx1ZVsyXQ==	bmFwaV92YWx1ZVsyXQ==	1481	
68719478330	107374182519	YXJnYw==	TkFQSV9BUkdWKDIp	c2l6ZV90	1481	94489280692
68719478331	107374182519	ZW52	ZW52	bmFwaV9lbnY=	1481	111669149968
68719478332	107374182519	aW5mbw==	aW5mbw==	bmFwaV9jYWxsYmFja19pbmZv	1481	111669149969
68719478333	107374182519	YXJnYw==	YXJnYw==	c2l6ZV90	1481	94489280692
68719478334	107374182519	YXJndg==	YXJndg==	bmFwaV92YWx1ZVsyXQ==	1481	94489280691
68719478335	107374182519	TlVMTA==	PHVua25vd24+IE5VTEw=	QU5Z	1481	94489280785
68719478336	107374182519	TlVMTA==	PHVua25vd24+IE5VTEw=	QU5Z	1481	94489280785
68719478337	107374182519	bmFwaV9vaw==	bmFwaV9vaw==	QU5Z	1481	94489280786
68719478338	107374182519	ZW52	ZW52	bmFwaV9lbnY=	1481	111669149968
68719478339	107374182519	TlVMTA==	PHVua25vd24+IE5VTEw=	QU5Z	1481	94489280785
68719478340	107374182519	TlVMTA==	PHVua25vd24+IE5VTEw=	QU5Z	1481	94489280785
68719478341	107374182519	aXRlcmF0b3I=	TkFQSV9JVEVSQVRPUl9DT05URVhUKCk=	SXRlcmF0b3Iq	1482	94489280693
68719478342	107374182519	TlVMTA==	PHVua25vd24+IE5VTEw=	QU5Z	1482	94489280785
68719478343	107374182519	ZW52	ZW52	bmFwaV9lbnY=	1482	111669149968
68719478344	107374182519	YXJndg==	YXJndg==	bmFwaV92YWx1ZVsyXQ==	1482	94489280691
68719478345	107374182519	aXRlcmF0b3I=	aXRlcmF0b3I=	SXRlcmF0b3Iq	1482	94489280693
68719478346	107374182519	bmFwaV9vaw==	bmFwaV9vaw==	QU5Z	1482	94489280786
68719478347	107374182519	ZW52	ZW52	bmFwaV9lbnY=	1482	111669149968
68719478348	107374182519	TlVMTA==	PHVua25vd24+IE5VTEw=	QU5Z	1482	94489280785
68719478349	107374182519	TlVMTA==	PHVua25vd24+IE5VTEw=	QU5Z	1482	94489280785
68719478350	107374182519	Y2FsbGJhY2s=	Y2FsbGJhY2s=	bmFwaV92YWx1ZQ==	1484	94489280694
68719478351	107374182519	YXJndg==	YXJndg==	bmFwaV92YWx1ZVsyXQ==	1484	94489280691
68719478352	107374182519	aXRlcmF0b3I=	aXRlcmF0b3I=	SXRlcmF0b3Iq	1486	94489280693
68719478353	107374182519	YXJndg==	YXJndg==	bmFwaV92YWx1ZQ==	1487	94489280695
68719478354	107374182519	ZW52	ZW52	bmFwaV9lbnY=	1487	111669149968
68719478355	107374182519	ZW52	ZW52	bmFwaV9lbnY=	1488	111669149968
68719478356	107374182519	Y2FsbGJhY2s=	Y2FsbGJhY2s=	bmFwaV92YWx1ZQ==	1488	94489280694
68719478357	107374182519	YXJndg==	YXJndg==	bmFwaV92YWx1ZQ==	1488	94489280695
68719478358	107374182519	d29ya2Vy	d29ya2Vy	TmV4dFdvcmtlcio=	1493	94489280696
68719478359	107374182519	PHRtcD4w	PHRtcD4w	TmV4dFdvcmtlcg==	1493	94489280784
68719478360	107374182519	PHRtcD4w	PHRtcD4w	TmV4dFdvcmtlcg==	1493	94489280784
68719478361	107374182519	ZW52	ZW52	bmFwaV9lbnY=	1493	111669149968
68719478362	107374182519	aXRlcmF0b3I=	aXRlcmF0b3I=	SXRlcmF0b3Iq	1493	94489280693
68719478363	107374182519	Y2FsbGJhY2s=	Y2FsbGJhY2s=	bmFwaV92YWx1ZQ==	1493	94489280694
68719478364	107374182519	PHRtcD4w	PHRtcD4w	TmV4dFdvcmtlcg==	1493	94489280784
68719478365	107374182519	aXRlcmF0b3I=	aXRlcmF0b3I=	SXRlcmF0b3Iq	1495	94489280693
68719478366	107374182519	d29ya2Vy	d29ya2Vy	TmV4dFdvcmtlcio=	1496	94489280696
68719478367	107374182520	dGhpcw==	dGhpcw==	QmF0Y2hXb3JrZXIq	1513	111669149970
68719478368	107374182520	c3luYw==	c3luYw==	Ym9vbA==	1513	111669149975
68719478369	107374182520	dGhpcw==	dGhpcw==	QmF0Y2hXb3JrZXIq	1511	111669149970
68719478370	107374182520	ZW52	ZW52	bmFwaV9lbnY=	1511	111669149971
68719478371	107374182520	dGhpcw==	dGhpcw==	QmF0Y2hXb3JrZXIq	1512	111669149970
68719478372	107374182520	YmF0Y2g=	YmF0Y2g=	bGV2ZWxkYi5Xcml0ZUJhdGNoKg==	1512	111669149974
68719478373	107374182520	dGhpcw==	dGhpcw==	QmF0Y2hXb3JrZXIq	1512	111669149970
68719478374	107374182520	aGFzRGF0YQ==	aGFzRGF0YQ==	Ym9vbA==	1512	111669149976
68719478375	107374182521	dGhpcw==	dGhpcw==	QmF0Y2hXb3JrZXIq	1517	111669149977
68719478376	107374182522	dGhpcw==	dGhpcw==	QmF0Y2hXb3JrZXIq	1521	111669149978
68719478377	107374182522	dGhpcw==	dGhpcw==	QmF0Y2hXb3JrZXIq	1522	111669149978
68719478378	107374182522	dGhpcw==	dGhpcw==	QmF0Y2hXb3JrZXIq	1522	111669149978
68719478379	107374182522	dGhpcw==	dGhpcw==	QmF0Y2hXb3JrZXIq	1522	111669149978
68719478380	107374182523	YXJndg==	TkFQSV9BUkdWKDQp	bmFwaV92YWx1ZVs0XQ==	1535	94489280697
68719478381	107374182523	bmFwaV92YWx1ZVs0XQ==	bmFwaV92YWx1ZVs0XQ==	bmFwaV92YWx1ZVs0XQ==	1535	
68719478382	107374182523	YXJnYw==	TkFQSV9BUkdWKDQp	c2l6ZV90	1535	94489280698
68719478383	107374182523	ZW52	ZW52	bmFwaV9lbnY=	1535	111669149979
68719478384	107374182523	aW5mbw==	aW5mbw==	bmFwaV9jYWxsYmFja19pbmZv	1535	111669149980
68719478385	107374182523	YXJnYw==	YXJnYw==	c2l6ZV90	1535	94489280698
68719478386	107374182523	YXJndg==	YXJndg==	bmFwaV92YWx1ZVs0XQ==	1535	94489280697
68719478387	107374182523	TlVMTA==	PHVua25vd24+IE5VTEw=	QU5Z	1535	94489280782
68719478388	107374182523	TlVMTA==	PHVua25vd24+IE5VTEw=	QU5Z	1535	94489280782
68719478389	107374182523	bmFwaV9vaw==	bmFwaV9vaw==	QU5Z	1535	94489280783
68719478390	107374182523	ZW52	ZW52	bmFwaV9lbnY=	1535	111669149979
68719478391	107374182523	TlVMTA==	PHVua25vd24+IE5VTEw=	QU5Z	1535	94489280782
68719478392	107374182523	TlVMTA==	PHVua25vd24+IE5VTEw=	QU5Z	1535	94489280782
68719478393	107374182523	ZGF0YWJhc2U=	TkFQSV9EQl9DT05URVhUKCk=	RGF0YWJhc2Uq	1536	94489280699
68719478394	107374182523	TlVMTA==	PHVua25vd24+IE5VTEw=	QU5Z	1536	94489280782
68719478395	107374182523	ZW52	ZW52	bmFwaV9lbnY=	1536	111669149979
68719478396	107374182523	YXJndg==	YXJndg==	bmFwaV92YWx1ZVs0XQ==	1536	94489280697
68719478397	107374182523	ZGF0YWJhc2U=	ZGF0YWJhc2U=	RGF0YWJhc2Uq	1536	94489280699
68719478398	107374182523	bmFwaV9vaw==	bmFwaV9vaw==	QU5Z	1536	94489280783
68719478399	107374182523	ZW52	ZW52	bmFwaV9lbnY=	1536	111669149979
68719478400	107374182523	TlVMTA==	PHVua25vd24+IE5VTEw=	QU5Z	1536	94489280782
68719478401	107374182523	TlVMTA==	PHVua25vd24+IE5VTEw=	QU5Z	1536	94489280782
68719478402	107374182523	YXJyYXk=	YXJyYXk=	bmFwaV92YWx1ZQ==	1538	94489280700
68719478403	107374182523	YXJndg==	YXJndg==	bmFwaV92YWx1ZVs0XQ==	1538	94489280697
68719478404	107374182523	c3luYw==	c3luYw==	Ym9vbA==	1539	94489280701
68719478405	107374182523	ZW52	ZW52	bmFwaV9lbnY=	1539	111669149979
68719478406	107374182523	YXJndg==	YXJndg==	bmFwaV92YWx1ZVs0XQ==	1539	94489280697
68719478407	107374182523	Y2FsbGJhY2s=	Y2FsbGJhY2s=	bmFwaV92YWx1ZQ==	1540	94489280702
68719478408	107374182523	YXJndg==	YXJndg==	bmFwaV92YWx1ZVs0XQ==	1540	94489280697
68719478409	107374182523	ZW52	ZW52	bmFwaV9lbnY=	1543	111669149979
68719478410	107374182523	YXJyYXk=	YXJyYXk=	bmFwaV92YWx1ZQ==	1543	94489280700
68719478411	107374182523	bGVuZ3Ro	bGVuZ3Ro	dWludDMyX3Q=	1543	94489280703
68719478412	107374182523	YmF0Y2g=	YmF0Y2g=	bGV2ZWxkYi5Xcml0ZUJhdGNoKg==	1545	94489280704
68719478413	107374182523	PHRtcD4w	PHRtcD4w	bGV2ZWxkYi5Xcml0ZUJhdGNo	1545	94489280781
68719478414	107374182523	PHRtcD4w	PHRtcD4w	bGV2ZWxkYi5Xcml0ZUJhdGNo	1545	94489280781
68719478415	107374182523	PHRtcD4w	PHRtcD4w	bGV2ZWxkYi5Xcml0ZUJhdGNo	1545	94489280781
68719478416	107374182523	aGFzRGF0YQ==	aGFzRGF0YQ==	Ym9vbA==	1546	94489280705
68719478417	107374182523	aQ==	aQ==	dWludDMyX3Q=	1548	94489280706
68719478418	107374182523	aQ==	aQ==	dWludDMyX3Q=	1548	94489280706
68719478419	107374182523	bGVuZ3Ro	bGVuZ3Ro	dWludDMyX3Q=	1548	94489280703
68719478420	107374182523	aQ==	aQ==	dWludDMyX3Q=	1548	94489280706
68719478421	107374182523	ZW52	ZW52	bmFwaV9lbnY=	1550	111669149979
68719478422	107374182523	YXJyYXk=	YXJyYXk=	bmFwaV92YWx1ZQ==	1550	94489280700
68719478423	107374182523	aQ==	aQ==	dWludDMyX3Q=	1550	94489280706
68719478424	107374182523	ZWxlbWVudA==	ZWxlbWVudA==	bmFwaV92YWx1ZQ==	1550	94489280707
68719478425	107374182523	ZW52	ZW52	bmFwaV9lbnY=	1552	111669149979
68719478426	107374182523	ZWxlbWVudA==	ZWxlbWVudA==	bmFwaV92YWx1ZQ==	1552	94489280707
68719478427	107374182523	dHlwZQ==	dHlwZQ==	c3RkLnN0cmluZw==	1554	94489280708
68719478428	107374182523	ZW52	ZW52	bmFwaV9lbnY=	1554	111669149979
68719478429	107374182523	ZWxlbWVudA==	ZWxlbWVudA==	bmFwaV92YWx1ZQ==	1554	94489280707
68719478430	107374182523	dHlwZQ==	dHlwZQ==	c3RkLnN0cmluZw==	1556	94489280708
68719478431	107374182523	ZW52	ZW52	bmFwaV9lbnY=	1557	111669149979
68719478432	107374182523	ZWxlbWVudA==	ZWxlbWVudA==	bmFwaV92YWx1ZQ==	1557	94489280707
68719478433	107374182523	a2V5	a2V5	bGV2ZWxkYi5TbGljZQ==	1558	94489280709
68719478434	107374182523	ZW52	ZW52	bmFwaV9lbnY=	1558	111669149979
68719478435	107374182523	ZW52	ZW52	bmFwaV9lbnY=	1558	111669149979
68719478436	107374182523	ZWxlbWVudA==	ZWxlbWVudA==	bmFwaV92YWx1ZQ==	1558	94489280707
68719478437	107374182523	YmF0Y2g=	YmF0Y2g=	bGV2ZWxkYi5Xcml0ZUJhdGNoKg==	1560	94489280704
68719478438	107374182523	a2V5	a2V5	bGV2ZWxkYi5TbGljZQ==	1560	94489280709
68719478439	107374182523	aGFzRGF0YQ==	aGFzRGF0YQ==	Ym9vbA==	1561	94489280705
68719478440	107374182523	aGFzRGF0YQ==	aGFzRGF0YQ==	Ym9vbA==	1561	94489280705
68719478441	107374182523	a2V5	a2V5	bGV2ZWxkYi5TbGljZQ==	1563	94489280709
68719478442	107374182523	dHlwZQ==	dHlwZQ==	c3RkLnN0cmluZw==	1564	94489280708
68719478443	107374182523	ZW52	ZW52	bmFwaV9lbnY=	1565	111669149979
68719478444	107374182523	ZWxlbWVudA==	ZWxlbWVudA==	bmFwaV92YWx1ZQ==	1565	94489280707
68719478445	107374182523	ZW52	ZW52	bmFwaV9lbnY=	1566	111669149979
68719478446	107374182523	ZWxlbWVudA==	ZWxlbWVudA==	bmFwaV92YWx1ZQ==	1566	94489280707
68719478447	107374182523	a2V5	a2V5	bGV2ZWxkYi5TbGljZQ==	1568	94489280710
68719478448	107374182523	ZW52	ZW52	bmFwaV9lbnY=	1568	111669149979
68719478449	107374182523	ZW52	ZW52	bmFwaV9lbnY=	1568	111669149979
68719478450	107374182523	ZWxlbWVudA==	ZWxlbWVudA==	bmFwaV92YWx1ZQ==	1568	94489280707
68719478451	107374182523	dmFsdWU=	dmFsdWU=	bGV2ZWxkYi5TbGljZQ==	1569	94489280711
68719478452	107374182523	ZW52	ZW52	bmFwaV9lbnY=	1569	111669149979
68719478453	107374182523	ZW52	ZW52	bmFwaV9lbnY=	1569	111669149979
68719478454	107374182523	ZWxlbWVudA==	ZWxlbWVudA==	bmFwaV92YWx1ZQ==	1569	94489280707
68719478455	107374182523	YmF0Y2g=	YmF0Y2g=	bGV2ZWxkYi5Xcml0ZUJhdGNoKg==	1571	94489280704
68719478456	107374182523	a2V5	a2V5	bGV2ZWxkYi5TbGljZQ==	1571	94489280710
68719478457	107374182523	dmFsdWU=	dmFsdWU=	bGV2ZWxkYi5TbGljZQ==	1571	94489280711
68719478458	107374182523	aGFzRGF0YQ==	aGFzRGF0YQ==	Ym9vbA==	1572	94489280705
68719478459	107374182523	aGFzRGF0YQ==	aGFzRGF0YQ==	Ym9vbA==	1572	94489280705
68719478460	107374182523	a2V5	a2V5	bGV2ZWxkYi5TbGljZQ==	1574	94489280710
68719478461	107374182523	dmFsdWU=	dmFsdWU=	bGV2ZWxkYi5TbGljZQ==	1575	94489280711
68719478462	107374182523	d29ya2Vy	d29ya2Vy	QmF0Y2hXb3JrZXIq	1579	94489280712
68719478463	107374182523	PHRtcD4x	PHRtcD4x	QmF0Y2hXb3JrZXI=	1579	94489280780
68719478464	107374182523	PHRtcD4x	PHRtcD4x	QmF0Y2hXb3JrZXI=	1579	94489280780
68719478465	107374182523	ZW52	ZW52	bmFwaV9lbnY=	1579	111669149979
68719478466	107374182523	ZGF0YWJhc2U=	ZGF0YWJhc2U=	RGF0YWJhc2Uq	1579	94489280699
68719478467	107374182523	Y2FsbGJhY2s=	Y2FsbGJhY2s=	bmFwaV92YWx1ZQ==	1579	94489280702
68719478468	107374182523	YmF0Y2g=	YmF0Y2g=	bGV2ZWxkYi5Xcml0ZUJhdGNoKg==	1579	94489280704
68719478469	107374182523	c3luYw==	c3luYw==	Ym9vbA==	1579	94489280701
68719478470	107374182523	aGFzRGF0YQ==	aGFzRGF0YQ==	Ym9vbA==	1579	94489280705
68719478471	107374182523	PHRtcD4x	PHRtcD4x	QmF0Y2hXb3JrZXI=	1579	94489280780
68719478472	107374182523	d29ya2Vy	d29ya2Vy	QmF0Y2hXb3JrZXIq	1580	94489280712
68719478495	107374182524	ZGF0YWJhc2Vf	ZGF0YWJhc2Vf	RGF0YWJhc2Uq	1619	94489280778
68719478496	107374182524	PHRtcD4w	PHRtcD4w	QU5Z	1619	94489280777
68719478497	107374182524	PHRtcD4w	PHRtcD4w	QU5Z	1619	94489280777
68719478498	107374182524	PHRtcD4w	PHRtcD4w	QU5Z	1619	94489280777
68719478473	107374182525	dGhpcw==	dGhpcw==	QmF0Y2gq	1590	111669149981
68719478474	107374182525	ZGF0YWJhc2U=	ZGF0YWJhc2U=	RGF0YWJhc2Uq	1590	111669149982
68719478475	107374182525	dGhpcw==	dGhpcw==	QmF0Y2gq	1591	111669149981
68719478476	107374182525	PHRtcD4w	PHRtcD4w	bGV2ZWxkYi5Xcml0ZUJhdGNo	1591	94489280779
68719478477	107374182525	PHRtcD4w	PHRtcD4w	bGV2ZWxkYi5Xcml0ZUJhdGNo	1591	94489280779
68719478478	107374182525	PHRtcD4w	PHRtcD4w	bGV2ZWxkYi5Xcml0ZUJhdGNo	1591	94489280779
68719478479	107374182525	dGhpcw==	dGhpcw==	QmF0Y2gq	1592	111669149981
68719478480	107374182526	dGhpcw==	dGhpcw==	QmF0Y2gq	1595	111669149983
68719478481	107374182527	dGhpcw==	dGhpcw==	QmF0Y2gq	1599	111669149984
68719478482	107374182527	a2V5	a2V5	bGV2ZWxkYi5TbGljZQ==	1599	111669149985
68719478483	107374182527	dmFsdWU=	dmFsdWU=	bGV2ZWxkYi5TbGljZQ==	1599	111669149986
68719478484	107374182527	dGhpcw==	dGhpcw==	QmF0Y2gq	1600	111669149984
68719478485	107374182528	dGhpcw==	dGhpcw==	QmF0Y2gq	1604	111669149987
68719478486	107374182528	a2V5	a2V5	bGV2ZWxkYi5TbGljZQ==	1604	111669149988
68719478487	107374182528	dGhpcw==	dGhpcw==	QmF0Y2gq	1605	111669149987
68719478488	107374182529	dGhpcw==	dGhpcw==	QmF0Y2gq	1609	111669149989
68719478489	107374182529	dGhpcw==	dGhpcw==	QmF0Y2gq	1610	111669149989
68719478490	107374182530	b3B0aW9ucw==	b3B0aW9ucw==	bGV2ZWxkYi5Xcml0ZU9wdGlvbnM=	1615	94489280713
68719478491	107374182530	c3luYw==	c3luYw==	Ym9vbA==	1615	111669149991
68719478492	107374182530	dGhpcw==	dGhpcw==	QmF0Y2gq	1616	111669149990
68719478493	107374182530	b3B0aW9ucw==	b3B0aW9ucw==	bGV2ZWxkYi5Xcml0ZU9wdGlvbnM=	1616	94489280713
68719478494	107374182530	dGhpcw==	dGhpcw==	QmF0Y2gq	1616	111669149990
68719478499	107374182531	ZGF0YQ==	ZGF0YQ==	dm9pZCo=	1628	111669149993
68719478500	107374182531	ZGF0YQ==	ZGF0YQ==	dm9pZCo=	1629	111669149993
68719478501	107374182532	YXJndg==	TkFQSV9BUkdWKDEp	bmFwaV92YWx1ZVsxXQ==	1637	94489280714
68719478502	107374182532	bmFwaV92YWx1ZVsxXQ==	bmFwaV92YWx1ZVsxXQ==	bmFwaV92YWx1ZVsxXQ==	1637	
68719478503	107374182532	YXJnYw==	TkFQSV9BUkdWKDEp	c2l6ZV90	1637	94489280715
68719478504	107374182532	ZW52	ZW52	bmFwaV9lbnY=	1637	111669149995
68719478505	107374182532	aW5mbw==	aW5mbw==	bmFwaV9jYWxsYmFja19pbmZv	1637	111669149996
68719478506	107374182532	YXJnYw==	YXJnYw==	c2l6ZV90	1637	94489280715
68719478507	107374182532	YXJndg==	YXJndg==	bmFwaV92YWx1ZVsxXQ==	1637	94489280714
68719478508	107374182532	TlVMTA==	PHVua25vd24+IE5VTEw=	QU5Z	1637	94489280774
68719478509	107374182532	TlVMTA==	PHVua25vd24+IE5VTEw=	QU5Z	1637	94489280774
68719478510	107374182532	bmFwaV9vaw==	bmFwaV9vaw==	QU5Z	1637	94489280775
68719478511	107374182532	ZW52	ZW52	bmFwaV9lbnY=	1637	111669149995
68719478512	107374182532	TlVMTA==	PHVua25vd24+IE5VTEw=	QU5Z	1637	94489280774
68719478513	107374182532	TlVMTA==	PHVua25vd24+IE5VTEw=	QU5Z	1637	94489280774
68719478514	107374182532	ZGF0YWJhc2U=	TkFQSV9EQl9DT05URVhUKCk=	RGF0YWJhc2Uq	1638	94489280716
68719478515	107374182532	TlVMTA==	PHVua25vd24+IE5VTEw=	QU5Z	1638	94489280774
68719478516	107374182532	ZW52	ZW52	bmFwaV9lbnY=	1638	111669149995
68719478517	107374182532	YXJndg==	YXJndg==	bmFwaV92YWx1ZVsxXQ==	1638	94489280714
68719478518	107374182532	ZGF0YWJhc2U=	ZGF0YWJhc2U=	RGF0YWJhc2Uq	1638	94489280716
68719478519	107374182532	bmFwaV9vaw==	bmFwaV9vaw==	QU5Z	1638	94489280775
68719478520	107374182532	ZW52	ZW52	bmFwaV9lbnY=	1638	111669149995
68719478521	107374182532	TlVMTA==	PHVua25vd24+IE5VTEw=	QU5Z	1638	94489280774
68719478522	107374182532	TlVMTA==	PHVua25vd24+IE5VTEw=	QU5Z	1638	94489280774
68719478523	107374182532	YmF0Y2g=	YmF0Y2g=	QmF0Y2gq	1640	94489280717
68719478524	107374182532	PHRtcD4w	PHRtcD4w	QmF0Y2g=	1640	94489280776
68719478525	107374182532	PHRtcD4w	PHRtcD4w	QmF0Y2g=	1640	94489280776
68719478526	107374182532	ZGF0YWJhc2U=	ZGF0YWJhc2U=	RGF0YWJhc2Uq	1640	94489280716
68719478527	107374182532	PHRtcD4w	PHRtcD4w	QmF0Y2g=	1640	94489280776
68719478528	107374182532	ZW52	ZW52	bmFwaV9lbnY=	1643	111669149995
68719478529	107374182532	YmF0Y2g=	YmF0Y2g=	QmF0Y2gq	1643	94489280717
68719478530	107374182532	TlVMTA==	PHVua25vd24+IE5VTEw=	QU5Z	1643	94489280774
68719478531	107374182532	cmVzdWx0	cmVzdWx0	bmFwaV92YWx1ZQ==	1643	94489280718
68719478532	107374182532	bmFwaV9vaw==	bmFwaV9vaw==	QU5Z	1643	94489280775
68719478533	107374182532	ZW52	ZW52	bmFwaV9lbnY=	1643	111669149995
68719478534	107374182532	TlVMTA==	PHVua25vd24+IE5VTEw=	QU5Z	1643	94489280774
68719478535	107374182532	TlVMTA==	PHVua25vd24+IE5VTEw=	QU5Z	1643	94489280774
68719478536	107374182532	cmVzdWx0	cmVzdWx0	bmFwaV92YWx1ZQ==	1646	94489280718
68719478537	107374182533	YXJndg==	TkFQSV9BUkdWKDMp	bmFwaV92YWx1ZVszXQ==	1653	94489280719
68719478538	107374182533	bmFwaV92YWx1ZVszXQ==	bmFwaV92YWx1ZVszXQ==	bmFwaV92YWx1ZVszXQ==	1653	
68719478539	107374182533	YXJnYw==	TkFQSV9BUkdWKDMp	c2l6ZV90	1653	94489280720
68719478540	107374182533	ZW52	ZW52	bmFwaV9lbnY=	1653	111669149997
68719478541	107374182533	aW5mbw==	aW5mbw==	bmFwaV9jYWxsYmFja19pbmZv	1653	111669149998
68719478542	107374182533	YXJnYw==	YXJnYw==	c2l6ZV90	1653	94489280720
68719478543	107374182533	YXJndg==	YXJndg==	bmFwaV92YWx1ZVszXQ==	1653	94489280719
68719478544	107374182533	TlVMTA==	PHVua25vd24+IE5VTEw=	QU5Z	1653	94489280772
68719478545	107374182533	TlVMTA==	PHVua25vd24+IE5VTEw=	QU5Z	1653	94489280772
68719478546	107374182533	bmFwaV9vaw==	bmFwaV9vaw==	QU5Z	1653	94489280773
68719478547	107374182533	ZW52	ZW52	bmFwaV9lbnY=	1653	111669149997
68719478548	107374182533	TlVMTA==	PHVua25vd24+IE5VTEw=	QU5Z	1653	94489280772
68719478549	107374182533	TlVMTA==	PHVua25vd24+IE5VTEw=	QU5Z	1653	94489280772
68719478550	107374182533	YmF0Y2g=	TkFQSV9CQVRDSF9DT05URVhUKCk=	QmF0Y2gq	1654	94489280721
68719478551	107374182533	TlVMTA==	PHVua25vd24+IE5VTEw=	QU5Z	1654	94489280772
68719478552	107374182533	ZW52	ZW52	bmFwaV9lbnY=	1654	111669149997
68719478553	107374182533	YXJndg==	YXJndg==	bmFwaV92YWx1ZVszXQ==	1654	94489280719
68719478554	107374182533	YmF0Y2g=	YmF0Y2g=	QmF0Y2gq	1654	94489280721
68719478555	107374182533	bmFwaV9vaw==	bmFwaV9vaw==	QU5Z	1654	94489280773
68719478556	107374182533	ZW52	ZW52	bmFwaV9lbnY=	1654	111669149997
68719478557	107374182533	TlVMTA==	PHVua25vd24+IE5VTEw=	QU5Z	1654	94489280772
68719478558	107374182533	TlVMTA==	PHVua25vd24+IE5VTEw=	QU5Z	1654	94489280772
68719478559	107374182533	a2V5	a2V5	bGV2ZWxkYi5TbGljZQ==	1656	94489280722
68719478560	107374182533	ZW52	ZW52	bmFwaV9lbnY=	1656	111669149997
68719478561	107374182533	YXJndg==	YXJndg==	bmFwaV92YWx1ZVszXQ==	1656	94489280719
68719478562	107374182533	dmFsdWU=	dmFsdWU=	bGV2ZWxkYi5TbGljZQ==	1657	94489280723
68719478563	107374182533	ZW52	ZW52	bmFwaV9lbnY=	1657	111669149997
68719478564	107374182533	YXJndg==	YXJndg==	bmFwaV92YWx1ZVszXQ==	1657	94489280719
68719478565	107374182533	YmF0Y2g=	YmF0Y2g=	QmF0Y2gq	1658	94489280721
68719478566	107374182533	a2V5	a2V5	bGV2ZWxkYi5TbGljZQ==	1658	94489280722
68719478567	107374182533	dmFsdWU=	dmFsdWU=	bGV2ZWxkYi5TbGljZQ==	1658	94489280723
68719478568	107374182533	a2V5	a2V5	bGV2ZWxkYi5TbGljZQ==	1659	94489280722
68719478569	107374182533	dmFsdWU=	dmFsdWU=	bGV2ZWxkYi5TbGljZQ==	1660	94489280723
68719478570	107374182534	YXJndg==	TkFQSV9BUkdWKDIp	bmFwaV92YWx1ZVsyXQ==	1669	94489280724
68719478571	107374182534	bmFwaV92YWx1ZVsyXQ==	bmFwaV92YWx1ZVsyXQ==	bmFwaV92YWx1ZVsyXQ==	1669	
68719478572	107374182534	YXJnYw==	TkFQSV9BUkdWKDIp	c2l6ZV90	1669	94489280725
68719478573	107374182534	ZW52	ZW52	bmFwaV9lbnY=	1669	111669149999
68719478574	107374182534	aW5mbw==	aW5mbw==	bmFwaV9jYWxsYmFja19pbmZv	1669	111669150000
68719478575	107374182534	YXJnYw==	YXJnYw==	c2l6ZV90	1669	94489280725
68719478576	107374182534	YXJndg==	YXJndg==	bmFwaV92YWx1ZVsyXQ==	1669	94489280724
68719478577	107374182534	TlVMTA==	PHVua25vd24+IE5VTEw=	QU5Z	1669	94489280770
68719478578	107374182534	TlVMTA==	PHVua25vd24+IE5VTEw=	QU5Z	1669	94489280770
68719478579	107374182534	bmFwaV9vaw==	bmFwaV9vaw==	QU5Z	1669	94489280771
68719478580	107374182534	ZW52	ZW52	bmFwaV9lbnY=	1669	111669149999
68719478581	107374182534	TlVMTA==	PHVua25vd24+IE5VTEw=	QU5Z	1669	94489280770
68719478582	107374182534	TlVMTA==	PHVua25vd24+IE5VTEw=	QU5Z	1669	94489280770
68719478583	107374182534	YmF0Y2g=	TkFQSV9CQVRDSF9DT05URVhUKCk=	QmF0Y2gq	1670	94489280726
68719478584	107374182534	TlVMTA==	PHVua25vd24+IE5VTEw=	QU5Z	1670	94489280770
68719478585	107374182534	ZW52	ZW52	bmFwaV9lbnY=	1670	111669149999
68719478586	107374182534	YXJndg==	YXJndg==	bmFwaV92YWx1ZVsyXQ==	1670	94489280724
68719478587	107374182534	YmF0Y2g=	YmF0Y2g=	QmF0Y2gq	1670	94489280726
68719478588	107374182534	bmFwaV9vaw==	bmFwaV9vaw==	QU5Z	1670	94489280771
68719478589	107374182534	ZW52	ZW52	bmFwaV9lbnY=	1670	111669149999
68719478590	107374182534	TlVMTA==	PHVua25vd24+IE5VTEw=	QU5Z	1670	94489280770
68719478591	107374182534	TlVMTA==	PHVua25vd24+IE5VTEw=	QU5Z	1670	94489280770
68719478592	107374182534	a2V5	a2V5	bGV2ZWxkYi5TbGljZQ==	1672	94489280727
68719478593	107374182534	ZW52	ZW52	bmFwaV9lbnY=	1672	111669149999
68719478594	107374182534	YXJndg==	YXJndg==	bmFwaV92YWx1ZVsyXQ==	1672	94489280724
68719478595	107374182534	YmF0Y2g=	YmF0Y2g=	QmF0Y2gq	1673	94489280726
68719478596	107374182534	a2V5	a2V5	bGV2ZWxkYi5TbGljZQ==	1673	94489280727
68719478597	107374182534	a2V5	a2V5	bGV2ZWxkYi5TbGljZQ==	1674	94489280727
68719478598	107374182535	YXJndg==	TkFQSV9BUkdWKDEp	bmFwaV92YWx1ZVsxXQ==	1683	94489280728
68719478599	107374182535	bmFwaV92YWx1ZVsxXQ==	bmFwaV92YWx1ZVsxXQ==	bmFwaV92YWx1ZVsxXQ==	1683	
68719478600	107374182535	YXJnYw==	TkFQSV9BUkdWKDEp	c2l6ZV90	1683	94489280729
68719478601	107374182535	ZW52	ZW52	bmFwaV9lbnY=	1683	111669150001
68719478602	107374182535	aW5mbw==	aW5mbw==	bmFwaV9jYWxsYmFja19pbmZv	1683	111669150002
68719478603	107374182535	YXJnYw==	YXJnYw==	c2l6ZV90	1683	94489280729
68719478604	107374182535	YXJndg==	YXJndg==	bmFwaV92YWx1ZVsxXQ==	1683	94489280728
68719478605	107374182535	TlVMTA==	PHVua25vd24+IE5VTEw=	QU5Z	1683	94489280768
68719478606	107374182535	TlVMTA==	PHVua25vd24+IE5VTEw=	QU5Z	1683	94489280768
68719478607	107374182535	bmFwaV9vaw==	bmFwaV9vaw==	QU5Z	1683	94489280769
68719478608	107374182535	ZW52	ZW52	bmFwaV9lbnY=	1683	111669150001
68719478609	107374182535	TlVMTA==	PHVua25vd24+IE5VTEw=	QU5Z	1683	94489280768
68719478610	107374182535	TlVMTA==	PHVua25vd24+IE5VTEw=	QU5Z	1683	94489280768
68719478611	107374182535	YmF0Y2g=	TkFQSV9CQVRDSF9DT05URVhUKCk=	QmF0Y2gq	1684	94489280730
68719478612	107374182535	TlVMTA==	PHVua25vd24+IE5VTEw=	QU5Z	1684	94489280768
68719478613	107374182535	ZW52	ZW52	bmFwaV9lbnY=	1684	111669150001
68719478614	107374182535	YXJndg==	YXJndg==	bmFwaV92YWx1ZVsxXQ==	1684	94489280728
68719478615	107374182535	YmF0Y2g=	YmF0Y2g=	QmF0Y2gq	1684	94489280730
68719478616	107374182535	bmFwaV9vaw==	bmFwaV9vaw==	QU5Z	1684	94489280769
68719478617	107374182535	ZW52	ZW52	bmFwaV9lbnY=	1684	111669150001
68719478618	107374182535	TlVMTA==	PHVua25vd24+IE5VTEw=	QU5Z	1684	94489280768
68719478619	107374182535	TlVMTA==	PHVua25vd24+IE5VTEw=	QU5Z	1684	94489280768
68719478620	107374182535	YmF0Y2g=	YmF0Y2g=	QmF0Y2gq	1686	94489280730
68719478638	107374182536	YmF0Y2hf	YmF0Y2hf	QmF0Y2gq	1717	94489280765
68719478639	107374182536	PHRtcD4w	PHRtcD4w	QU5Z	1717	94489280764
68719478640	107374182536	PHRtcD4w	PHRtcD4w	QU5Z	1717	94489280764
68719478641	107374182536	PHRtcD4w	PHRtcD4w	QU5Z	1717	94489280764
68719478621	107374182537	dGhpcw==	dGhpcw==	QmF0Y2hXcml0ZVdvcmtlcio=	1704	111669150003
68719478622	107374182537	Y29udGV4dA==	Y29udGV4dA==	bmFwaV92YWx1ZQ==	1704	111669150005
68719478623	107374182537	dGhpcw==	dGhpcw==	QmF0Y2hXcml0ZVdvcmtlcio=	1704	111669150003
68719478624	107374182537	bmFwaV9vaw==	bmFwaV9vaw==	QU5Z	1704	94489280767
68719478625	107374182537	ZW52	ZW52	bmFwaV9lbnY=	1704	111669150004
68719478626	107374182537	TlVMTA==	PHVua25vd24+IE5VTEw=	QU5Z	1704	94489280766
68719478627	107374182537	dGhpcw==	dGhpcw==	QmF0Y2hXcml0ZVdvcmtlcio=	1700	111669150003
68719478628	107374182537	ZW52	ZW52	bmFwaV9lbnY=	1700	111669150004
68719478629	107374182537	dGhpcw==	dGhpcw==	QmF0Y2hXcml0ZVdvcmtlcio=	1701	111669150003
68719478630	107374182537	YmF0Y2g=	YmF0Y2g=	QmF0Y2gq	1701	111669150006
68719478631	107374182537	dGhpcw==	dGhpcw==	QmF0Y2hXcml0ZVdvcmtlcio=	1702	111669150003
68719478632	107374182537	c3luYw==	c3luYw==	Ym9vbA==	1702	111669150008
68719478633	107374182538	dGhpcw==	dGhpcw==	QmF0Y2hXcml0ZVdvcmtlcio=	1708	111669150009
68719478634	107374182538	dGhpcw==	dGhpcw==	QmF0Y2hXcml0ZVdvcmtlcio=	1708	111669150009
68719478635	107374182539	dGhpcw==	dGhpcw==	QmF0Y2hXcml0ZVdvcmtlcio=	1712	111669150010
68719478636	107374182539	dGhpcw==	dGhpcw==	QmF0Y2hXcml0ZVdvcmtlcio=	1713	111669150010
68719478637	107374182539	dGhpcw==	dGhpcw==	QmF0Y2hXcml0ZVdvcmtlcio=	1713	111669150010
68719478642	107374182540	YXJndg==	TkFQSV9BUkdWKDMp	bmFwaV92YWx1ZVszXQ==	1728	94489280731
68719478643	107374182540	bmFwaV92YWx1ZVszXQ==	bmFwaV92YWx1ZVszXQ==	bmFwaV92YWx1ZVszXQ==	1728	
68719478644	107374182540	YXJnYw==	TkFQSV9BUkdWKDMp	c2l6ZV90	1728	94489280732
68719478645	107374182540	ZW52	ZW52	bmFwaV9lbnY=	1728	111669150011
68719478646	107374182540	aW5mbw==	aW5mbw==	bmFwaV9jYWxsYmFja19pbmZv	1728	111669150012
68719478647	107374182540	YXJnYw==	YXJnYw==	c2l6ZV90	1728	94489280732
68719478648	107374182540	YXJndg==	YXJndg==	bmFwaV92YWx1ZVszXQ==	1728	94489280731
68719478649	107374182540	TlVMTA==	PHVua25vd24+IE5VTEw=	QU5Z	1728	94489280762
68719478650	107374182540	TlVMTA==	PHVua25vd24+IE5VTEw=	QU5Z	1728	94489280762
68719478651	107374182540	bmFwaV9vaw==	bmFwaV9vaw==	QU5Z	1728	94489280763
68719478652	107374182540	ZW52	ZW52	bmFwaV9lbnY=	1728	111669150011
68719478653	107374182540	TlVMTA==	PHVua25vd24+IE5VTEw=	QU5Z	1728	94489280762
68719478654	107374182540	TlVMTA==	PHVua25vd24+IE5VTEw=	QU5Z	1728	94489280762
68719478655	107374182540	YmF0Y2g=	TkFQSV9CQVRDSF9DT05URVhUKCk=	QmF0Y2gq	1729	94489280733
68719478656	107374182540	TlVMTA==	PHVua25vd24+IE5VTEw=	QU5Z	1729	94489280762
68719478657	107374182540	ZW52	ZW52	bmFwaV9lbnY=	1729	111669150011
68719478658	107374182540	YXJndg==	YXJndg==	bmFwaV92YWx1ZVszXQ==	1729	94489280731
68719478659	107374182540	YmF0Y2g=	YmF0Y2g=	QmF0Y2gq	1729	94489280733
68719478660	107374182540	bmFwaV9vaw==	bmFwaV9vaw==	QU5Z	1729	94489280763
68719478661	107374182540	ZW52	ZW52	bmFwaV9lbnY=	1729	111669150011
68719478662	107374182540	TlVMTA==	PHVua25vd24+IE5VTEw=	QU5Z	1729	94489280762
68719478663	107374182540	TlVMTA==	PHVua25vd24+IE5VTEw=	QU5Z	1729	94489280762
68719478664	107374182540	b3B0aW9ucw==	b3B0aW9ucw==	bmFwaV92YWx1ZQ==	1731	94489280734
68719478665	107374182540	YXJndg==	YXJndg==	bmFwaV92YWx1ZVszXQ==	1731	94489280731
68719478666	107374182540	c3luYw==	c3luYw==	Ym9vbA==	1732	94489280735
68719478667	107374182540	ZW52	ZW52	bmFwaV9lbnY=	1732	111669150011
68719478668	107374182540	b3B0aW9ucw==	b3B0aW9ucw==	bmFwaV92YWx1ZQ==	1732	94489280734
68719478669	107374182540	Y2FsbGJhY2s=	Y2FsbGJhY2s=	bmFwaV92YWx1ZQ==	1733	94489280736
68719478670	107374182540	YXJndg==	YXJndg==	bmFwaV92YWx1ZVszXQ==	1733	94489280731
68719478671	107374182540	d29ya2Vy	d29ya2Vy	QmF0Y2hXcml0ZVdvcmtlcio=	1735	94489280737
68719478672	107374182540	PHRtcD4w	PHRtcD4w	QmF0Y2hXcml0ZVdvcmtlcg==	1735	94489280761
68719478673	107374182540	PHRtcD4w	PHRtcD4w	QmF0Y2hXcml0ZVdvcmtlcg==	1735	94489280761
68719478674	107374182540	ZW52	ZW52	bmFwaV9lbnY=	1735	111669150011
68719478675	107374182540	YXJndg==	YXJndg==	bmFwaV92YWx1ZVszXQ==	1735	94489280731
68719478676	107374182540	YmF0Y2g=	YmF0Y2g=	QmF0Y2gq	1735	94489280733
68719478677	107374182540	Y2FsbGJhY2s=	Y2FsbGJhY2s=	bmFwaV92YWx1ZQ==	1735	94489280736
68719478678	107374182540	c3luYw==	c3luYw==	Ym9vbA==	1735	94489280735
68719478679	107374182540	PHRtcD4w	PHRtcD4w	QmF0Y2hXcml0ZVdvcmtlcg==	1735	94489280761
68719478680	107374182540	d29ya2Vy	d29ya2Vy	QmF0Y2hXcml0ZVdvcmtlcio=	1736	94489280737
68719478681	107374182541	ZW52	ZW52	bmFwaV9lbnY=	1744	111669150013
68719478682	107374182541	ZXhwb3J0cw==	ZXhwb3J0cw==	bmFwaV92YWx1ZQ==	1744	111669150014
68719478683	107374182541	ZXhwb3J0cw==	ZXhwb3J0cw==	bmFwaV92YWx1ZQ==	1744	111669150014
68719478684	107374182543	ZW52	ZW52	bmFwaV9lbnY=	1744	111669150016
68719478685	107374182543	ZXhwb3J0cw==	ZXhwb3J0cw==	bmFwaV92YWx1ZQ==	1744	111669150017
68719478686	107374182544	ZW52	ZW52	bmFwaV9lbnY=	1745	111669150018
68719478687	107374182544	TlVMTA==	PHVua25vd24+IE5VTEw=	QU5Z	1745	94489280759
68719478688	107374182544	TlVMTA==	PHVua25vd24+IE5VTEw=	QU5Z	1745	94489280759
68719478689	107374182544	ZGJfaW5pdF9mbg==	ZGJfaW5pdF9mbg==	bmFwaV92YWx1ZQ==	1745	94489280738
68719478690	107374182544	bmFwaV9vaw==	bmFwaV9vaw==	QU5Z	1745	94489280760
68719478691	107374182544	ZW52	ZW52	bmFwaV9lbnY=	1745	111669150018
68719478692	107374182544	TlVMTA==	PHVua25vd24+IE5VTEw=	QU5Z	1745	94489280759
68719478693	107374182544	ZW52	ZW52	bmFwaV9lbnY=	1745	111669150018
68719478694	107374182544	ZXhwb3J0cw==	ZXhwb3J0cw==	bmFwaV92YWx1ZQ==	1745	111669150019
68719478695	107374182544	ZGJfaW5pdF9mbg==	ZGJfaW5pdF9mbg==	bmFwaV92YWx1ZQ==	1745	94489280738
68719478696	107374182544	bmFwaV9vaw==	bmFwaV9vaw==	QU5Z	1745	94489280760
68719478697	107374182544	ZW52	ZW52	bmFwaV9lbnY=	1745	111669150018
68719478698	107374182544	TlVMTA==	PHVua25vd24+IE5VTEw=	QU5Z	1745	94489280759
68719478699	107374182544	ZW52	ZW52	bmFwaV9lbnY=	1746	111669150018
68719478700	107374182544	TlVMTA==	PHVua25vd24+IE5VTEw=	QU5Z	1746	94489280759
68719478701	107374182544	TlVMTA==	PHVua25vd24+IE5VTEw=	QU5Z	1746	94489280759
68719478702	107374182544	ZGJfb3Blbl9mbg==	ZGJfb3Blbl9mbg==	bmFwaV92YWx1ZQ==	1746	94489280739
68719478703	107374182544	bmFwaV9vaw==	bmFwaV9vaw==	QU5Z	1746	94489280760
68719478704	107374182544	ZW52	ZW52	bmFwaV9lbnY=	1746	111669150018
68719478705	107374182544	TlVMTA==	PHVua25vd24+IE5VTEw=	QU5Z	1746	94489280759
68719478706	107374182544	ZW52	ZW52	bmFwaV9lbnY=	1746	111669150018
68719478707	107374182544	ZXhwb3J0cw==	ZXhwb3J0cw==	bmFwaV92YWx1ZQ==	1746	111669150019
68719478708	107374182544	ZGJfb3Blbl9mbg==	ZGJfb3Blbl9mbg==	bmFwaV92YWx1ZQ==	1746	94489280739
68719478709	107374182544	bmFwaV9vaw==	bmFwaV9vaw==	QU5Z	1746	94489280760
68719478710	107374182544	ZW52	ZW52	bmFwaV9lbnY=	1746	111669150018
68719478711	107374182544	TlVMTA==	PHVua25vd24+IE5VTEw=	QU5Z	1746	94489280759
68719478712	107374182544	ZW52	ZW52	bmFwaV9lbnY=	1747	111669150018
68719478713	107374182544	TlVMTA==	PHVua25vd24+IE5VTEw=	QU5Z	1747	94489280759
68719478714	107374182544	TlVMTA==	PHVua25vd24+IE5VTEw=	QU5Z	1747	94489280759
68719478715	107374182544	ZGJfY2xvc2VfZm4=	ZGJfY2xvc2VfZm4=	bmFwaV92YWx1ZQ==	1747	94489280740
68719478716	107374182544	bmFwaV9vaw==	bmFwaV9vaw==	QU5Z	1747	94489280760
68719478717	107374182544	ZW52	ZW52	bmFwaV9lbnY=	1747	111669150018
68719478718	107374182544	TlVMTA==	PHVua25vd24+IE5VTEw=	QU5Z	1747	94489280759
68719478719	107374182544	ZW52	ZW52	bmFwaV9lbnY=	1747	111669150018
68719478720	107374182544	ZXhwb3J0cw==	ZXhwb3J0cw==	bmFwaV92YWx1ZQ==	1747	111669150019
68719478721	107374182544	ZGJfY2xvc2VfZm4=	ZGJfY2xvc2VfZm4=	bmFwaV92YWx1ZQ==	1747	94489280740
68719478722	107374182544	bmFwaV9vaw==	bmFwaV9vaw==	QU5Z	1747	94489280760
68719478723	107374182544	ZW52	ZW52	bmFwaV9lbnY=	1747	111669150018
68719478724	107374182544	TlVMTA==	PHVua25vd24+IE5VTEw=	QU5Z	1747	94489280759
68719478725	107374182544	ZW52	ZW52	bmFwaV9lbnY=	1748	111669150018
68719478726	107374182544	TlVMTA==	PHVua25vd24+IE5VTEw=	QU5Z	1748	94489280759
68719478727	107374182544	TlVMTA==	PHVua25vd24+IE5VTEw=	QU5Z	1748	94489280759
68719478728	107374182544	ZGJfcHV0X2Zu	ZGJfcHV0X2Zu	bmFwaV92YWx1ZQ==	1748	94489280741
68719478729	107374182544	bmFwaV9vaw==	bmFwaV9vaw==	QU5Z	1748	94489280760
68719478730	107374182544	ZW52	ZW52	bmFwaV9lbnY=	1748	111669150018
68719478731	107374182544	TlVMTA==	PHVua25vd24+IE5VTEw=	QU5Z	1748	94489280759
68719478732	107374182544	ZW52	ZW52	bmFwaV9lbnY=	1748	111669150018
68719478733	107374182544	ZXhwb3J0cw==	ZXhwb3J0cw==	bmFwaV92YWx1ZQ==	1748	111669150019
68719478734	107374182544	ZGJfcHV0X2Zu	ZGJfcHV0X2Zu	bmFwaV92YWx1ZQ==	1748	94489280741
68719478735	107374182544	bmFwaV9vaw==	bmFwaV9vaw==	QU5Z	1748	94489280760
68719478736	107374182544	ZW52	ZW52	bmFwaV9lbnY=	1748	111669150018
68719478737	107374182544	TlVMTA==	PHVua25vd24+IE5VTEw=	QU5Z	1748	94489280759
68719478738	107374182544	ZW52	ZW52	bmFwaV9lbnY=	1749	111669150018
68719478739	107374182544	TlVMTA==	PHVua25vd24+IE5VTEw=	QU5Z	1749	94489280759
68719478740	107374182544	TlVMTA==	PHVua25vd24+IE5VTEw=	QU5Z	1749	94489280759
68719478741	107374182544	ZGJfZ2V0X2Zu	ZGJfZ2V0X2Zu	bmFwaV92YWx1ZQ==	1749	94489280742
68719478742	107374182544	bmFwaV9vaw==	bmFwaV9vaw==	QU5Z	1749	94489280760
68719478743	107374182544	ZW52	ZW52	bmFwaV9lbnY=	1749	111669150018
68719478744	107374182544	TlVMTA==	PHVua25vd24+IE5VTEw=	QU5Z	1749	94489280759
68719478745	107374182544	ZW52	ZW52	bmFwaV9lbnY=	1749	111669150018
68719478746	107374182544	ZXhwb3J0cw==	ZXhwb3J0cw==	bmFwaV92YWx1ZQ==	1749	111669150019
68719478747	107374182544	ZGJfZ2V0X2Zu	ZGJfZ2V0X2Zu	bmFwaV92YWx1ZQ==	1749	94489280742
68719478748	107374182544	bmFwaV9vaw==	bmFwaV9vaw==	QU5Z	1749	94489280760
68719478749	107374182544	ZW52	ZW52	bmFwaV9lbnY=	1749	111669150018
68719478750	107374182544	TlVMTA==	PHVua25vd24+IE5VTEw=	QU5Z	1749	94489280759
68719478751	107374182544	ZW52	ZW52	bmFwaV9lbnY=	1750	111669150018
68719478752	107374182544	TlVMTA==	PHVua25vd24+IE5VTEw=	QU5Z	1750	94489280759
68719478753	107374182544	TlVMTA==	PHVua25vd24+IE5VTEw=	QU5Z	1750	94489280759
68719478754	107374182544	ZGJfZGVsX2Zu	ZGJfZGVsX2Zu	bmFwaV92YWx1ZQ==	1750	94489280743
68719478755	107374182544	bmFwaV9vaw==	bmFwaV9vaw==	QU5Z	1750	94489280760
68719478756	107374182544	ZW52	ZW52	bmFwaV9lbnY=	1750	111669150018
68719478757	107374182544	TlVMTA==	PHVua25vd24+IE5VTEw=	QU5Z	1750	94489280759
68719478758	107374182544	ZW52	ZW52	bmFwaV9lbnY=	1750	111669150018
68719478759	107374182544	ZXhwb3J0cw==	ZXhwb3J0cw==	bmFwaV92YWx1ZQ==	1750	111669150019
68719478760	107374182544	ZGJfZGVsX2Zu	ZGJfZGVsX2Zu	bmFwaV92YWx1ZQ==	1750	94489280743
68719478761	107374182544	bmFwaV9vaw==	bmFwaV9vaw==	QU5Z	1750	94489280760
68719478762	107374182544	ZW52	ZW52	bmFwaV9lbnY=	1750	111669150018
68719478763	107374182544	TlVMTA==	PHVua25vd24+IE5VTEw=	QU5Z	1750	94489280759
68719478764	107374182544	ZW52	ZW52	bmFwaV9lbnY=	1751	111669150018
68719478765	107374182544	TlVMTA==	PHVua25vd24+IE5VTEw=	QU5Z	1751	94489280759
68719478766	107374182544	TlVMTA==	PHVua25vd24+IE5VTEw=	QU5Z	1751	94489280759
68719478767	107374182544	ZGJfYXBwcm94aW1hdGVfc2l6ZV9mbg==	ZGJfYXBwcm94aW1hdGVfc2l6ZV9mbg==	bmFwaV92YWx1ZQ==	1751	94489280744
68719478768	107374182544	bmFwaV9vaw==	bmFwaV9vaw==	QU5Z	1751	94489280760
68719478769	107374182544	ZW52	ZW52	bmFwaV9lbnY=	1751	111669150018
68719478770	107374182544	TlVMTA==	PHVua25vd24+IE5VTEw=	QU5Z	1751	94489280759
68719478771	107374182544	ZW52	ZW52	bmFwaV9lbnY=	1751	111669150018
68719478772	107374182544	ZXhwb3J0cw==	ZXhwb3J0cw==	bmFwaV92YWx1ZQ==	1751	111669150019
68719478773	107374182544	ZGJfYXBwcm94aW1hdGVfc2l6ZV9mbg==	ZGJfYXBwcm94aW1hdGVfc2l6ZV9mbg==	bmFwaV92YWx1ZQ==	1751	94489280744
68719478774	107374182544	bmFwaV9vaw==	bmFwaV9vaw==	QU5Z	1751	94489280760
68719478775	107374182544	ZW52	ZW52	bmFwaV9lbnY=	1751	111669150018
68719478776	107374182544	TlVMTA==	PHVua25vd24+IE5VTEw=	QU5Z	1751	94489280759
68719478777	107374182544	ZW52	ZW52	bmFwaV9lbnY=	1752	111669150018
68719478778	107374182544	TlVMTA==	PHVua25vd24+IE5VTEw=	QU5Z	1752	94489280759
68719478779	107374182544	TlVMTA==	PHVua25vd24+IE5VTEw=	QU5Z	1752	94489280759
68719478780	107374182544	ZGJfY29tcGFjdF9yYW5nZV9mbg==	ZGJfY29tcGFjdF9yYW5nZV9mbg==	bmFwaV92YWx1ZQ==	1752	94489280745
68719478781	107374182544	bmFwaV9vaw==	bmFwaV9vaw==	QU5Z	1752	94489280760
68719478782	107374182544	ZW52	ZW52	bmFwaV9lbnY=	1752	111669150018
68719478783	107374182544	TlVMTA==	PHVua25vd24+IE5VTEw=	QU5Z	1752	94489280759
68719478784	107374182544	ZW52	ZW52	bmFwaV9lbnY=	1752	111669150018
68719478785	107374182544	ZXhwb3J0cw==	ZXhwb3J0cw==	bmFwaV92YWx1ZQ==	1752	111669150019
68719478786	107374182544	ZGJfY29tcGFjdF9yYW5nZV9mbg==	ZGJfY29tcGFjdF9yYW5nZV9mbg==	bmFwaV92YWx1ZQ==	1752	94489280745
68719478787	107374182544	bmFwaV9vaw==	bmFwaV9vaw==	QU5Z	1752	94489280760
68719478788	107374182544	ZW52	ZW52	bmFwaV9lbnY=	1752	111669150018
68719478789	107374182544	TlVMTA==	PHVua25vd24+IE5VTEw=	QU5Z	1752	94489280759
68719478790	107374182544	ZW52	ZW52	bmFwaV9lbnY=	1753	111669150018
68719478791	107374182544	TlVMTA==	PHVua25vd24+IE5VTEw=	QU5Z	1753	94489280759
68719478792	107374182544	TlVMTA==	PHVua25vd24+IE5VTEw=	QU5Z	1753	94489280759
68719478793	107374182544	ZGJfZ2V0X3Byb3BlcnR5X2Zu	ZGJfZ2V0X3Byb3BlcnR5X2Zu	bmFwaV92YWx1ZQ==	1753	94489280746
68719478794	107374182544	bmFwaV9vaw==	bmFwaV9vaw==	QU5Z	1753	94489280760
68719478795	107374182544	ZW52	ZW52	bmFwaV9lbnY=	1753	111669150018
68719478796	107374182544	TlVMTA==	PHVua25vd24+IE5VTEw=	QU5Z	1753	94489280759
68719478797	107374182544	ZW52	ZW52	bmFwaV9lbnY=	1753	111669150018
68719478798	107374182544	ZXhwb3J0cw==	ZXhwb3J0cw==	bmFwaV92YWx1ZQ==	1753	111669150019
68719478799	107374182544	ZGJfZ2V0X3Byb3BlcnR5X2Zu	ZGJfZ2V0X3Byb3BlcnR5X2Zu	bmFwaV92YWx1ZQ==	1753	94489280746
68719478800	107374182544	bmFwaV9vaw==	bmFwaV9vaw==	QU5Z	1753	94489280760
68719478801	107374182544	ZW52	ZW52	bmFwaV9lbnY=	1753	111669150018
68719478802	107374182544	TlVMTA==	PHVua25vd24+IE5VTEw=	QU5Z	1753	94489280759
68719478803	107374182544	ZW52	ZW52	bmFwaV9lbnY=	1755	111669150018
68719478804	107374182544	TlVMTA==	PHVua25vd24+IE5VTEw=	QU5Z	1755	94489280759
68719478805	107374182544	TlVMTA==	PHVua25vd24+IE5VTEw=	QU5Z	1755	94489280759
68719478806	107374182544	ZGVzdHJveV9kYl9mbg==	ZGVzdHJveV9kYl9mbg==	bmFwaV92YWx1ZQ==	1755	94489280747
68719478807	107374182544	bmFwaV9vaw==	bmFwaV9vaw==	QU5Z	1755	94489280760
68719478808	107374182544	ZW52	ZW52	bmFwaV9lbnY=	1755	111669150018
68719478809	107374182544	TlVMTA==	PHVua25vd24+IE5VTEw=	QU5Z	1755	94489280759
68719478810	107374182544	ZW52	ZW52	bmFwaV9lbnY=	1755	111669150018
68719478811	107374182544	ZXhwb3J0cw==	ZXhwb3J0cw==	bmFwaV92YWx1ZQ==	1755	111669150019
68719478812	107374182544	ZGVzdHJveV9kYl9mbg==	ZGVzdHJveV9kYl9mbg==	bmFwaV92YWx1ZQ==	1755	94489280747
68719478813	107374182544	bmFwaV9vaw==	bmFwaV9vaw==	QU5Z	1755	94489280760
68719478814	107374182544	ZW52	ZW52	bmFwaV9lbnY=	1755	111669150018
68719478815	107374182544	TlVMTA==	PHVua25vd24+IE5VTEw=	QU5Z	1755	94489280759
68719478816	107374182544	ZW52	ZW52	bmFwaV9lbnY=	1756	111669150018
68719478817	107374182544	TlVMTA==	PHVua25vd24+IE5VTEw=	QU5Z	1756	94489280759
68719478818	107374182544	TlVMTA==	PHVua25vd24+IE5VTEw=	QU5Z	1756	94489280759
68719478819	107374182544	cmVwYWlyX2RiX2Zu	cmVwYWlyX2RiX2Zu	bmFwaV92YWx1ZQ==	1756	94489280748
68719478820	107374182544	bmFwaV9vaw==	bmFwaV9vaw==	QU5Z	1756	94489280760
68719478821	107374182544	ZW52	ZW52	bmFwaV9lbnY=	1756	111669150018
68719478822	107374182544	TlVMTA==	PHVua25vd24+IE5VTEw=	QU5Z	1756	94489280759
68719478823	107374182544	ZW52	ZW52	bmFwaV9lbnY=	1756	111669150018
68719478824	107374182544	ZXhwb3J0cw==	ZXhwb3J0cw==	bmFwaV92YWx1ZQ==	1756	111669150019
68719478825	107374182544	cmVwYWlyX2RiX2Zu	cmVwYWlyX2RiX2Zu	bmFwaV92YWx1ZQ==	1756	94489280748
68719478826	107374182544	bmFwaV9vaw==	bmFwaV9vaw==	QU5Z	1756	94489280760
68719478827	107374182544	ZW52	ZW52	bmFwaV9lbnY=	1756	111669150018
68719478828	107374182544	TlVMTA==	PHVua25vd24+IE5VTEw=	QU5Z	1756	94489280759
68719478829	107374182544	ZW52	ZW52	bmFwaV9lbnY=	1758	111669150018
68719478830	107374182544	TlVMTA==	PHVua25vd24+IE5VTEw=	QU5Z	1758	94489280759
68719478831	107374182544	TlVMTA==	PHVua25vd24+IE5VTEw=	QU5Z	1758	94489280759
68719478832	107374182544	aXRlcmF0b3JfaW5pdF9mbg==	aXRlcmF0b3JfaW5pdF9mbg==	bmFwaV92YWx1ZQ==	1758	94489280749
68719478833	107374182544	bmFwaV9vaw==	bmFwaV9vaw==	QU5Z	1758	94489280760
68719478834	107374182544	ZW52	ZW52	bmFwaV9lbnY=	1758	111669150018
68719478835	107374182544	TlVMTA==	PHVua25vd24+IE5VTEw=	QU5Z	1758	94489280759
68719478836	107374182544	ZW52	ZW52	bmFwaV9lbnY=	1758	111669150018
68719478837	107374182544	ZXhwb3J0cw==	ZXhwb3J0cw==	bmFwaV92YWx1ZQ==	1758	111669150019
68719478838	107374182544	aXRlcmF0b3JfaW5pdF9mbg==	aXRlcmF0b3JfaW5pdF9mbg==	bmFwaV92YWx1ZQ==	1758	94489280749
68719478839	107374182544	bmFwaV9vaw==	bmFwaV9vaw==	QU5Z	1758	94489280760
68719478840	107374182544	ZW52	ZW52	bmFwaV9lbnY=	1758	111669150018
68719478841	107374182544	TlVMTA==	PHVua25vd24+IE5VTEw=	QU5Z	1758	94489280759
68719478842	107374182544	ZW52	ZW52	bmFwaV9lbnY=	1759	111669150018
68719478843	107374182544	TlVMTA==	PHVua25vd24+IE5VTEw=	QU5Z	1759	94489280759
68719478844	107374182544	TlVMTA==	PHVua25vd24+IE5VTEw=	QU5Z	1759	94489280759
68719478845	107374182544	aXRlcmF0b3Jfc2Vla19mbg==	aXRlcmF0b3Jfc2Vla19mbg==	bmFwaV92YWx1ZQ==	1759	94489280750
68719478846	107374182544	bmFwaV9vaw==	bmFwaV9vaw==	QU5Z	1759	94489280760
68719478847	107374182544	ZW52	ZW52	bmFwaV9lbnY=	1759	111669150018
68719478848	107374182544	TlVMTA==	PHVua25vd24+IE5VTEw=	QU5Z	1759	94489280759
68719478849	107374182544	ZW52	ZW52	bmFwaV9lbnY=	1759	111669150018
68719478850	107374182544	ZXhwb3J0cw==	ZXhwb3J0cw==	bmFwaV92YWx1ZQ==	1759	111669150019
68719478851	107374182544	aXRlcmF0b3Jfc2Vla19mbg==	aXRlcmF0b3Jfc2Vla19mbg==	bmFwaV92YWx1ZQ==	1759	94489280750
68719478852	107374182544	bmFwaV9vaw==	bmFwaV9vaw==	QU5Z	1759	94489280760
68719478853	107374182544	ZW52	ZW52	bmFwaV9lbnY=	1759	111669150018
68719478854	107374182544	TlVMTA==	PHVua25vd24+IE5VTEw=	QU5Z	1759	94489280759
68719478855	107374182544	ZW52	ZW52	bmFwaV9lbnY=	1760	111669150018
68719478856	107374182544	TlVMTA==	PHVua25vd24+IE5VTEw=	QU5Z	1760	94489280759
68719478857	107374182544	TlVMTA==	PHVua25vd24+IE5VTEw=	QU5Z	1760	94489280759
68719478858	107374182544	aXRlcmF0b3JfZW5kX2Zu	aXRlcmF0b3JfZW5kX2Zu	bmFwaV92YWx1ZQ==	1760	94489280751
68719478859	107374182544	bmFwaV9vaw==	bmFwaV9vaw==	QU5Z	1760	94489280760
68719478860	107374182544	ZW52	ZW52	bmFwaV9lbnY=	1760	111669150018
68719478861	107374182544	TlVMTA==	PHVua25vd24+IE5VTEw=	QU5Z	1760	94489280759
68719478862	107374182544	ZW52	ZW52	bmFwaV9lbnY=	1760	111669150018
68719478863	107374182544	ZXhwb3J0cw==	ZXhwb3J0cw==	bmFwaV92YWx1ZQ==	1760	111669150019
68719478864	107374182544	aXRlcmF0b3JfZW5kX2Zu	aXRlcmF0b3JfZW5kX2Zu	bmFwaV92YWx1ZQ==	1760	94489280751
68719478865	107374182544	bmFwaV9vaw==	bmFwaV9vaw==	QU5Z	1760	94489280760
68719478866	107374182544	ZW52	ZW52	bmFwaV9lbnY=	1760	111669150018
68719478867	107374182544	TlVMTA==	PHVua25vd24+IE5VTEw=	QU5Z	1760	94489280759
68719478868	107374182544	ZW52	ZW52	bmFwaV9lbnY=	1761	111669150018
68719478869	107374182544	TlVMTA==	PHVua25vd24+IE5VTEw=	QU5Z	1761	94489280759
68719478870	107374182544	TlVMTA==	PHVua25vd24+IE5VTEw=	QU5Z	1761	94489280759
68719478871	107374182544	aXRlcmF0b3JfbmV4dF9mbg==	aXRlcmF0b3JfbmV4dF9mbg==	bmFwaV92YWx1ZQ==	1761	94489280752
68719478872	107374182544	bmFwaV9vaw==	bmFwaV9vaw==	QU5Z	1761	94489280760
68719478873	107374182544	ZW52	ZW52	bmFwaV9lbnY=	1761	111669150018
68719478874	107374182544	TlVMTA==	PHVua25vd24+IE5VTEw=	QU5Z	1761	94489280759
68719478875	107374182544	ZW52	ZW52	bmFwaV9lbnY=	1761	111669150018
68719478876	107374182544	ZXhwb3J0cw==	ZXhwb3J0cw==	bmFwaV92YWx1ZQ==	1761	111669150019
68719478877	107374182544	aXRlcmF0b3JfbmV4dF9mbg==	aXRlcmF0b3JfbmV4dF9mbg==	bmFwaV92YWx1ZQ==	1761	94489280752
68719478878	107374182544	bmFwaV9vaw==	bmFwaV9vaw==	QU5Z	1761	94489280760
68719478879	107374182544	ZW52	ZW52	bmFwaV9lbnY=	1761	111669150018
68719478880	107374182544	TlVMTA==	PHVua25vd24+IE5VTEw=	QU5Z	1761	94489280759
68719478881	107374182544	ZW52	ZW52	bmFwaV9lbnY=	1763	111669150018
68719478882	107374182544	TlVMTA==	PHVua25vd24+IE5VTEw=	QU5Z	1763	94489280759
68719478883	107374182544	TlVMTA==	PHVua25vd24+IE5VTEw=	QU5Z	1763	94489280759
68719478884	107374182544	YmF0Y2hfZG9fZm4=	YmF0Y2hfZG9fZm4=	bmFwaV92YWx1ZQ==	1763	94489280753
68719478885	107374182544	bmFwaV9vaw==	bmFwaV9vaw==	QU5Z	1763	94489280760
68719478886	107374182544	ZW52	ZW52	bmFwaV9lbnY=	1763	111669150018
68719478887	107374182544	TlVMTA==	PHVua25vd24+IE5VTEw=	QU5Z	1763	94489280759
68719478888	107374182544	ZW52	ZW52	bmFwaV9lbnY=	1763	111669150018
68719478889	107374182544	ZXhwb3J0cw==	ZXhwb3J0cw==	bmFwaV92YWx1ZQ==	1763	111669150019
68719478890	107374182544	YmF0Y2hfZG9fZm4=	YmF0Y2hfZG9fZm4=	bmFwaV92YWx1ZQ==	1763	94489280753
68719478891	107374182544	bmFwaV9vaw==	bmFwaV9vaw==	QU5Z	1763	94489280760
68719478892	107374182544	ZW52	ZW52	bmFwaV9lbnY=	1763	111669150018
68719478893	107374182544	TlVMTA==	PHVua25vd24+IE5VTEw=	QU5Z	1763	94489280759
68719478894	107374182544	ZW52	ZW52	bmFwaV9lbnY=	1764	111669150018
68719478895	107374182544	TlVMTA==	PHVua25vd24+IE5VTEw=	QU5Z	1764	94489280759
68719478896	107374182544	TlVMTA==	PHVua25vd24+IE5VTEw=	QU5Z	1764	94489280759
68719478897	107374182544	YmF0Y2hfaW5pdF9mbg==	YmF0Y2hfaW5pdF9mbg==	bmFwaV92YWx1ZQ==	1764	94489280754
68719478898	107374182544	bmFwaV9vaw==	bmFwaV9vaw==	QU5Z	1764	94489280760
68719478899	107374182544	ZW52	ZW52	bmFwaV9lbnY=	1764	111669150018
68719478900	107374182544	TlVMTA==	PHVua25vd24+IE5VTEw=	QU5Z	1764	94489280759
68719478901	107374182544	ZW52	ZW52	bmFwaV9lbnY=	1764	111669150018
68719478902	107374182544	ZXhwb3J0cw==	ZXhwb3J0cw==	bmFwaV92YWx1ZQ==	1764	111669150019
68719478903	107374182544	YmF0Y2hfaW5pdF9mbg==	YmF0Y2hfaW5pdF9mbg==	bmFwaV92YWx1ZQ==	1764	94489280754
68719478904	107374182544	bmFwaV9vaw==	bmFwaV9vaw==	QU5Z	1764	94489280760
68719478905	107374182544	ZW52	ZW52	bmFwaV9lbnY=	1764	111669150018
68719478906	107374182544	TlVMTA==	PHVua25vd24+IE5VTEw=	QU5Z	1764	94489280759
68719478907	107374182544	ZW52	ZW52	bmFwaV9lbnY=	1765	111669150018
68719478908	107374182544	TlVMTA==	PHVua25vd24+IE5VTEw=	QU5Z	1765	94489280759
68719478909	107374182544	TlVMTA==	PHVua25vd24+IE5VTEw=	QU5Z	1765	94489280759
68719478910	107374182544	YmF0Y2hfcHV0X2Zu	YmF0Y2hfcHV0X2Zu	bmFwaV92YWx1ZQ==	1765	94489280755
68719478911	107374182544	bmFwaV9vaw==	bmFwaV9vaw==	QU5Z	1765	94489280760
68719478912	107374182544	ZW52	ZW52	bmFwaV9lbnY=	1765	111669150018
68719478913	107374182544	TlVMTA==	PHVua25vd24+IE5VTEw=	QU5Z	1765	94489280759
68719478914	107374182544	ZW52	ZW52	bmFwaV9lbnY=	1765	111669150018
68719478915	107374182544	ZXhwb3J0cw==	ZXhwb3J0cw==	bmFwaV92YWx1ZQ==	1765	111669150019
68719478916	107374182544	YmF0Y2hfcHV0X2Zu	YmF0Y2hfcHV0X2Zu	bmFwaV92YWx1ZQ==	1765	94489280755
68719478917	107374182544	bmFwaV9vaw==	bmFwaV9vaw==	QU5Z	1765	94489280760
68719478918	107374182544	ZW52	ZW52	bmFwaV9lbnY=	1765	111669150018
68719478919	107374182544	TlVMTA==	PHVua25vd24+IE5VTEw=	QU5Z	1765	94489280759
68719478920	107374182544	ZW52	ZW52	bmFwaV9lbnY=	1766	111669150018
68719478921	107374182544	TlVMTA==	PHVua25vd24+IE5VTEw=	QU5Z	1766	94489280759
68719478922	107374182544	TlVMTA==	PHVua25vd24+IE5VTEw=	QU5Z	1766	94489280759
68719478923	107374182544	YmF0Y2hfZGVsX2Zu	YmF0Y2hfZGVsX2Zu	bmFwaV92YWx1ZQ==	1766	94489280756
68719478924	107374182544	bmFwaV9vaw==	bmFwaV9vaw==	QU5Z	1766	94489280760
68719478925	107374182544	ZW52	ZW52	bmFwaV9lbnY=	1766	111669150018
68719478926	107374182544	TlVMTA==	PHVua25vd24+IE5VTEw=	QU5Z	1766	94489280759
68719478927	107374182544	ZW52	ZW52	bmFwaV9lbnY=	1766	111669150018
68719478928	107374182544	ZXhwb3J0cw==	ZXhwb3J0cw==	bmFwaV92YWx1ZQ==	1766	111669150019
68719478929	107374182544	YmF0Y2hfZGVsX2Zu	YmF0Y2hfZGVsX2Zu	bmFwaV92YWx1ZQ==	1766	94489280756
68719478930	107374182544	bmFwaV9vaw==	bmFwaV9vaw==	QU5Z	1766	94489280760
68719478931	107374182544	ZW52	ZW52	bmFwaV9lbnY=	1766	111669150018
68719478932	107374182544	TlVMTA==	PHVua25vd24+IE5VTEw=	QU5Z	1766	94489280759
68719478933	107374182544	ZW52	ZW52	bmFwaV9lbnY=	1767	111669150018
68719478934	107374182544	TlVMTA==	PHVua25vd24+IE5VTEw=	QU5Z	1767	94489280759
68719478935	107374182544	TlVMTA==	PHVua25vd24+IE5VTEw=	QU5Z	1767	94489280759
68719478936	107374182544	YmF0Y2hfY2xlYXJfZm4=	YmF0Y2hfY2xlYXJfZm4=	bmFwaV92YWx1ZQ==	1767	94489280757
68719478937	107374182544	bmFwaV9vaw==	bmFwaV9vaw==	QU5Z	1767	94489280760
68719478938	107374182544	ZW52	ZW52	bmFwaV9lbnY=	1767	111669150018
68719478939	107374182544	TlVMTA==	PHVua25vd24+IE5VTEw=	QU5Z	1767	94489280759
68719478940	107374182544	ZW52	ZW52	bmFwaV9lbnY=	1767	111669150018
68719478941	107374182544	ZXhwb3J0cw==	ZXhwb3J0cw==	bmFwaV92YWx1ZQ==	1767	111669150019
68719478942	107374182544	YmF0Y2hfY2xlYXJfZm4=	YmF0Y2hfY2xlYXJfZm4=	bmFwaV92YWx1ZQ==	1767	94489280757
68719478943	107374182544	bmFwaV9vaw==	bmFwaV9vaw==	QU5Z	1767	94489280760
68719478944	107374182544	ZW52	ZW52	bmFwaV9lbnY=	1767	111669150018
68719478945	107374182544	TlVMTA==	PHVua25vd24+IE5VTEw=	QU5Z	1767	94489280759
68719478946	107374182544	ZW52	ZW52	bmFwaV9lbnY=	1768	111669150018
68719478947	107374182544	TlVMTA==	PHVua25vd24+IE5VTEw=	QU5Z	1768	94489280759
68719478948	107374182544	TlVMTA==	PHVua25vd24+IE5VTEw=	QU5Z	1768	94489280759
68719478949	107374182544	YmF0Y2hfd3JpdGVfZm4=	YmF0Y2hfd3JpdGVfZm4=	bmFwaV92YWx1ZQ==	1768	94489280758
68719478950	107374182544	bmFwaV9vaw==	bmFwaV9vaw==	QU5Z	1768	94489280760
68719478951	107374182544	ZW52	ZW52	bmFwaV9lbnY=	1768	111669150018
68719478952	107374182544	TlVMTA==	PHVua25vd24+IE5VTEw=	QU5Z	1768	94489280759
68719478953	107374182544	ZW52	ZW52	bmFwaV9lbnY=	1768	111669150018
68719478954	107374182544	ZXhwb3J0cw==	ZXhwb3J0cw==	bmFwaV92YWx1ZQ==	1768	111669150019
68719478955	107374182544	YmF0Y2hfd3JpdGVfZm4=	YmF0Y2hfd3JpdGVfZm4=	bmFwaV92YWx1ZQ==	1768	94489280758
68719478956	107374182544	bmFwaV9vaw==	bmFwaV9vaw==	QU5Z	1768	94489280760
68719478957	107374182544	ZW52	ZW52	bmFwaV9lbnY=	1768	111669150018
68719478958	107374182544	TlVMTA==	PHVua25vd24+IE5VTEw=	QU5Z	1768	94489280759
